first_name,last_name,birth_place,birth_date,country_living_in,email,phone
Radcliffe,Jacquemet,Shuangqiao,02/10/1986,China,rjacquemet0@imgur.com,276-858-1118
Matthias,Rumbelow,Bydgoszcz,08/31/1982,Poland,mrumbelow1@sina.com.cn,397-291-6848
Rahal,Lars,La Cruz,02/27/1959,Mexico,rlars2@springer.com,392-384-5187
Emilie,Stenbridge,Yerevan,08/01/1958,Armenia,,763-710-1717
Clarabelle,Gloster,San Vicente,07/09/1964,Philippines,cgloster4@alexa.com,832-537-4730
Jeramey,Noirel,Luoting,08/27/1967,China,jnoirel5@yelp.com,667-483-1804
Jana,Druce,Yelenendorf,09/29/1967,Azerbaijan,jdruce6@ted.com,829-720-9915
Alfie,Dik,Tawau,10/11/1978,Malaysia,adik7@bloomberg.com,722-748-9216
Harcourt,Sprowle,Uniejów,10/04/1956,Poland,hsprowle8@gmpg.org,932-106-3293
Colleen,Berkowitz,Jalālpur,03/02/1959,Pakistan,cberkowitz9@a8.net,263-860-3147
Meridith,Werny,Przewóz,08/25/1993,Poland,mwernya@cbslocal.com,433-476-6863
Jessalyn,Collop,Lughaye,11/12/1969,Somalia,jcollopb@whitehouse.gov,202-176-2951
Cori,Dils,,,,,
Hally,Gasker,Las Mercedes,06/14/1972,Venezuela,hgaskerd@un.org,161-195-7923
Gratiana,Tallman,Lumbayan,09/25/1973,Philippines,gtallmane@addthis.com,808-395-4286
Flory,Rothert,Kazaure,11/11/1976,Nigeria,frothertf@cornell.edu,758-295-8083
Marcille,Josef,Gombang,04/06/1963,Indonesia,,490-628-1535
Timoteo,Pybus,Strömstad,12/31/1994,Sweden,tpybush@friendfeed.com,684-632-5425
Cairistiona,Edleston,Muranovo,02/02/1955,Russia,,893-510-7464
Lara,Garlee,Ladoang,02/24/1991,Indonesia,lgarleej@spotify.com,925-343-7318
Claretta,Thomasson,Prelog,12/22/1952,Croatia,cthomassonk@mashable.com,137-582-4960
Marcie,Meadmore,Imġarr,07/08/1994,Malta,mmeadmorel@boston.com,302-197-1649
Bruis,Beden,Saint-Étienne-du-Rouvray,04/29/1990,France,bbedenm@aboutads.info,878-820-3730
Ingaborg,Godby,Chotepe,02/23/1965,Honduras,igodbyn@wikipedia.org,786-815-9594
Kinsley,Bulfoot,Viradouro,01/30/1982,Brazil,kbulfooto@amazon.co.jp,902-484-5947
Alison,Townshend,Quanshang,01/18/1989,China,atownshendp@wisc.edu,185-828-3714
Vanna,Jaffra,Velké Karlovice,09/11/1969,Czech Republic,vjaffraq@meetup.com,926-137-0734
Ninette,Scardefield,Enköping,01/22/1978,Sweden,nscardefieldr@bloglovin.com,907-334-0661
Marcia,Lantaff,,,,mlantaffs@dell.com,
Colline,Mulrean,Jaboatão,10/11/1993,Brazil,cmulreant@smugmug.com,543-852-4131
Davide,Bedow,Bahāwalnagar,04/02/1979,Pakistan,,584-210-7828
Gilly,Zanre,Voronkov,12/10/1974,Ukraine,gzanrev@japanpost.jp,836-501-6390
Legra,Kowalik,Fengqiao,05/22/1972,China,lkowalikw@blogtalkradio.com,166-596-9885
Evangelin,Brunger,Lephalale,02/20/1951,South Africa,ebrungerx@hp.com,178-238-4275
Vi,Taile,Domašinec,06/23/1983,Croatia,,196-190-5739
Haslett,Starr,Alvaro Obregon,05/29/1984,Mexico,hstarrz@cloudflare.com,582-558-6891
Zulema,Ragot,Paris 20,04/20/1999,France,zragot10@thetimes.co.uk,346-822-1873
Alix,Sleeford,Qutun,11/07/1956,China,asleeford11@nifty.com,996-218-6209
Nessi,Mawtus,Mandangoa,03/02/1981,Philippines,,427-597-1758
Nicolle,Priden,São Domingos de Rana,03/09/1972,Portugal,,343-471-7610
Boyce,Keelan,Wodzisław Śląski,10/14/1982,Poland,bkeelan14@google.it,875-907-5845
Vladimir,Colliford,Los Mangos,07/17/1963,Mexico,vcolliford15@auda.org.au,905-691-3973
Alane,O'Fearguise,Baffa,04/19/1954,Pakistan,,500-968-0287
Nolly,Diffley,Qiaoxi,08/12/1958,China,ndiffley17@biblegateway.com,265-458-0198
Lilian,Camier,Nehe,07/05/1970,China,lcamier18@thetimes.co.uk,825-525-0740
Mary,Myrtle,,,,mmyrtle19@samsung.com,
Sergio,Siebert,Causip,03/28/1969,Philippines,ssiebert1a@tamu.edu,241-540-7709
Rahel,Cestard,Niamey,02/08/1974,Niger,rcestard1b@scribd.com,715-339-6335
Casper,Dansey,Manjing,11/15/1983,China,cdansey1c@meetup.com,869-433-7809
Vanessa,Brithman,Bueng Samakkhi,02/14/1997,Thailand,,784-408-0562
Mariska,Mepham,Cuauhtemoc,08/06/1970,Mexico,mmepham1e@mayoclinic.com,498-994-9940
Susanne,Pawellek,Changdai,02/16/1981,China,spawellek1f@yelp.com,353-265-9086
Bertram,Worner,Anaheim,02/22/1979,United States,,714-674-1148
Nial,Largen,Kyoto,10/02/1956,Japan,nlargen1h@google.ru,988-210-6348
Darnall,Alvy,Sangat,01/26/1984,Philippines,dalvy1i@usnews.com,716-663-6770
Lizbeth,Sparling,Stockholm,05/02/1978,Sweden,lsparling1j@hexun.com,225-510-6114
Lorraine,Ballantyne,Wojciechów,05/01/1998,Poland,lballantyne1k@mac.com,521-686-3086
Enrico,Vanetti,Baita,01/02/1992,China,evanetti1l@behance.net,402-395-2137
Roxy,Decayette,Kano,03/10/1976,Nigeria,rdecayette1m@nps.gov,431-112-2051
Ruthanne,Rozsa,Cabugao,05/15/1999,Philippines,rrozsa1n@bandcamp.com,266-827-2294
Yuri,Carter,,,,ycarter1o@multiply.com,
Ree,Feeley,Liuli,01/29/1997,Tanzania,rfeeley1p@edublogs.org,195-987-0195
Yuma,Brahmer,Bayramaly,05/20/1995,Turkmenistan,ybrahmer1q@parallels.com,651-460-3214
Eddy,Santacrole,,,,esantacrole1r@issuu.com,
Reggie,Breslauer,Santo Domingo,10/01/1988,Philippines,rbreslauer1s@goo.ne.jp,219-221-8094
Ilyssa,Diss,Ma'an,10/12/1999,Jordan,idiss1t@forbes.com,772-841-0730
Shanda,Maciejak,Thanh Ba,12/28/1967,Vietnam,smaciejak1u@chronoengine.com,424-843-8447
Lurleen,Balham,Novokhovrino,01/20/1966,Russia,lbalham1v@unc.edu,351-950-0458
Trey,Attoc,San Antonio,12/30/1978,Colombia,tattoc1w@ucsd.edu,491-794-1848
Pepe,Valeri,Energodar,03/02/1970,Ukraine,,699-631-6380
Taylor,Garrould,Hidalgo,12/23/1992,Mexico,tgarrould1y@state.tx.us,255-963-4236
Frank,Mallindine,,,,fmallindine1z@istockphoto.com,
Konstantin,Reskelly,Kokopo,05/01/1971,Papua New Guinea,,478-806-1686
Nicola,Thickin,Baomin,03/11/1977,China,nthickin21@adobe.com,219-628-7951
Silva,Minci,Elx/Elche,03/02/1985,Spain,sminci22@yolasite.com,304-360-6067
Yuri,Radband,Huagai,01/27/1993,China,yradband23@cyberchimps.com,923-692-3600
Mildrid,Kilgannon,Klimovsk,10/16/1999,Russia,mkilgannon24@stumbleupon.com,364-146-1828
Maryellen,Witchard,Doloon,11/20/1952,Mongolia,mwitchard25@joomla.org,918-681-2048
Olly,Delacour,,,,odelacour26@reddit.com,
Malinde,Egglestone,,,,megglestone27@naver.com,
Brier,Harcus,,,,bharcus28@bravesites.com,
Rock,Philipard,Al Qubbah,10/25/1953,Libya,,934-546-9097
Charline,Dugood,Malalag,12/08/1984,Philippines,cdugood2a@npr.org,316-516-3031
Karin,Banishevitz,,,,kbanishevitz2b@wikipedia.org,
Barret,Smurfit,Cetinje,12/31/1950,Montenegro,bsmurfit2c@topsy.com,174-733-5534
Claudell,Minall,Alor Setar,10/18/1984,Malaysia,cminall2d@businessweek.com,212-325-2983
Rubi,Bohills,Agadez,02/01/1973,Niger,,302-132-2036
Jojo,Tampin,Xinyan,01/18/1982,China,jtampin2f@about.com,287-950-8325
Iorgo,Spurdon,Matão,07/17/1987,Brazil,ispurdon2g@netvibes.com,553-157-5589
Suzanna,Legen,Anyang-si,03/02/1999,South Korea,slegen2h@smugmug.com,472-998-1863
Lydie,McCard,Hobonio,12/11/1967,Indonesia,lmccard2i@freewebs.com,135-149-2071
Amanda,Rupprecht,Torino,04/21/1958,Italy,arupprecht2j@tmall.com,658-729-5059
Lianne,Primett,Jacksonville,04/16/1992,United States,lprimett2k@loc.gov,904-540-9759
Jeff,Vivers,Dokshytsy,04/24/1981,Belarus,jvivers2l@csmonitor.com,243-850-9808
Rosalinde,Robet,Ambositra,09/04/1964,Madagascar,rrobet2m@virginia.edu,131-286-6218
Sella,Janca,Rättvik,12/19/1973,Sweden,sjanca2n@bloomberg.com,872-333-8236
Otes,Malyan,Rawa,03/13/1951,Indonesia,,379-563-2795
Jared,Darrow,Kuala Belait,08/06/1970,Brunei,,491-287-9779
Celestyn,Rugieri,Rajsko,07/28/1975,Poland,crugieri2q@blogtalkradio.com,133-925-6540
Ariela,MacNelly,Merdeka,08/27/1997,Indonesia,amacnelly2r@psu.edu,632-897-2302
Inglis,De Vuyst,Stari Lec,09/11/1961,Serbia,idevuyst2s@usa.gov,140-383-8765
Randie,Conen,Odiongan,01/09/1997,Philippines,rconen2t@aol.com,518-588-0275
Braden,Croal,Asan,03/09/1983,South Korea,bcroal2u@buzzfeed.com,894-226-9930
Theodosia,Dagleas,Höshööt,07/26/1961,Mongolia,,909-315-0131
Estel,Manchett,Maszewo Duże,01/23/1965,Poland,emanchett2w@odnoklassniki.ru,798-114-6913
Phylis,Greaser,Palmeira,06/09/1950,Brazil,pgreaser2x@epa.gov,462-762-9759
Fonz,Smythe,Nangka,02/08/1990,Philippines,fsmythe2y@discovery.com,436-558-9697
Mitzi,Bocock,Tha Wang Pha,01/27/1994,Thailand,mbocock2z@purevolume.com,273-942-2154
Burch,Kesten,Ujar,11/11/1983,Azerbaijan,bkesten30@house.gov,557-855-8441
Abby,Caulton,Guaratinguetá,08/23/1982,Brazil,,861-539-3703
Nara,Grimmert,La Luz,01/01/1953,Venezuela,,282-716-1339
Estele,Dytham,Ketangi,09/20/1972,Indonesia,edytham33@hhs.gov,788-346-9021
Pierre,Reiner,Lam Sonthi,02/16/1990,Thailand,preiner34@edublogs.org,951-667-9049
Craggie,MacKim,Alphen aan den Rijn,05/11/1958,Netherlands,,578-643-0061
Selby,Melley,Quipot,12/01/1987,Philippines,,121-689-1544
Johannah,Arlet,Bagrāmī,02/07/1973,Afghanistan,jarlet37@marketwatch.com,299-397-0186
Marti,Baythrop,Pervomays’ke,03/07/1987,Ukraine,mbaythrop38@cbc.ca,480-508-7387
Babs,Kubalek,San José de La Montaña,11/15/1994,Colombia,bkubalek39@photobucket.com,169-533-8162
Megen,Dorsett,Bhopālwāla,06/15/1990,Pakistan,,108-683-8883
Nicoline,Zotto,Nashville,04/07/1985,United States,nzotto3b@paginegialle.it,615-709-3459
Christine,McIlmorie,Binangun,06/16/1976,Indonesia,cmcilmorie3c@howstuffworks.com,151-289-5592
Elisabet,Poe,Ciomas,10/29/1970,Indonesia,epoe3d@xing.com,598-857-8810
Nelia,Amps,Gading,09/14/1965,Indonesia,namps3e@uol.com.br,186-613-5024
Shaylah,Nanni,Santa Cruz do Rio Pardo,12/23/1955,Brazil,snanni3f@home.pl,984-932-4210
Carmella,Matthews,Podsineye,07/27/1973,Russia,cmatthews3g@istockphoto.com,374-768-4145
Margaret,Aven,Mende,07/03/1961,France,maven3h@addthis.com,977-862-4464
Myrtie,Gasparro,Dongming,04/01/1951,China,mgasparro3i@dropbox.com,783-561-0796
Binnie,Trevon,Río Bueno,03/01/1989,Chile,btrevon3j@free.fr,211-237-5485
Mariska,Keaysell,Mačkovec,12/26/1956,Croatia,mkeaysell3k@cmu.edu,551-827-9388
Farlee,Ballard,Zhamao,02/23/1963,China,,770-806-4799
Jammal,Wafer,Fujia,11/19/1989,China,jwafer3m@issuu.com,900-578-7684
Gran,Hatfield,Magaria,04/18/1991,Niger,ghatfield3n@gov.uk,593-229-0945
Dick,Weightman,Segodim,09/20/1986,Portugal,dweightman3o@kickstarter.com,713-473-5868
Marcella,Verity,Subulussalam,06/27/1988,Indonesia,,582-606-2880
Hardy,Condy,Shatian,10/01/1989,China,hcondy3q@phoca.cz,405-898-1042
Carmelina,Cristoferi,Liaobu,04/22/1986,China,ccristoferi3r@liveinternet.ru,745-182-0527
Leonid,Velten,Imbang,10/30/1961,Philippines,lvelten3s@technorati.com,823-424-3962
Garrott,Chomicz,Popayán,11/24/1960,Colombia,gchomicz3t@pagesperso-orange.fr,927-578-1761
Whitaker,Crock,Mozelos,08/29/1979,Portugal,wcrock3u@vk.com,732-840-0559
Barde,Garcia,Butha-Buthe,12/31/1970,Lesotho,bgarcia3v@army.mil,345-836-5121
Dion,Normandale,Huixian Chengguanzhen,10/10/1977,China,dnormandale3w@chron.com,444-786-3743
Wendi,Gennings,Šid,04/29/1996,Serbia,wgennings3x@wix.com,914-426-9584
Thomasine,Leveridge,Ozorków,10/15/1951,Poland,tleveridge3y@com.com,417-479-9034
Farlie,Riguard,Néos Oropós,04/17/1962,Greece,friguard3z@hibu.com,940-132-1345
Enos,Pratty,Far‘ūn,03/08/1953,Palestinian Territory,epratty40@newyorker.com,413-795-2019
Tabatha,Blackney,Colca,05/17/1959,Peru,tblackney41@cornell.edu,740-501-9925
Vern,Quartermaine,La Habana Vieja,12/06/1964,Cuba,vquartermaine42@ameblo.jp,484-132-9148
Bonita,Rawood,San Fernando,10/29/1976,Philippines,brawood43@printfriendly.com,163-728-4319
Baillie,Rilston,Ugra,07/07/1959,Russia,brilston44@quantcast.com,804-991-9565
Corrie,Anstiss,Pedro Leopoldo,12/28/1984,Brazil,canstiss45@alibaba.com,547-453-2482
Lorenza,Cordel,,,,lcordel46@tinyurl.com,
Spike,Rhodef,Chaowai,06/08/1979,China,srhodef47@adobe.com,593-216-0855
Cherie,Yoselevitch,,,,,
Thibaud,Cotgrove,Haolaishan,07/18/1956,China,tcotgrove49@usda.gov,836-289-7533
Deni,McKiernan,Zhigong,10/22/1975,China,,356-814-1712
Leeann,Enos,Anzihao,11/11/1958,China,lenos4b@photobucket.com,748-561-2931
Zarla,Truesdale,Gardanne,04/13/1986,France,ztruesdale4c@cnet.com,781-114-8094
Stafford,Hawkwood,Santa Catalina,02/20/1964,Philippines,shawkwood4d@mediafire.com,494-489-2988
Anastassia,Shevill,Sumber,03/22/1968,Indonesia,ashevill4e@loc.gov,412-391-2501
Arlin,Keyme,Karagach,08/01/1985,Russia,akeyme4f@wikia.com,392-162-6478
Alli,Gouck,Las Vegas,10/20/1962,United States,agouck4g@senate.gov,702-781-1083
Francklin,Overstall,Nubma,07/22/1955,China,foverstall4h@uol.com.br,665-777-9238
Jarrett,Leach,Saidpur,04/06/1981,Bangladesh,,880-680-1007
Sterne,Telega,Cachadinha,02/19/1993,Portugal,,944-584-3700
Bianka,Corfield,Mora,03/30/1976,Sweden,bcorfield4k@shutterfly.com,852-899-7336
Shana,Suarez,Rumboci,05/31/1978,Bosnia and Herzegovina,ssuarez4l@yellowpages.com,453-953-7591
Netti,Baytrop,Zábřeh,04/16/1956,Czech Republic,nbaytrop4m@spotify.com,766-416-6568
Cacilia,Halgarth,Longjumeau,11/15/1964,France,chalgarth4n@dot.gov,139-497-3836
Conan,Pottery,Sandur,09/08/1953,Faroe Islands,cpottery4o@shop-pro.jp,910-956-2697
Delphine,Mainz,Wajak,05/07/1982,Indonesia,dmainz4p@dell.com,709-798-6941
Kara-lynn,Craney,Ekerö,05/26/1981,Sweden,kcraney4q@shutterfly.com,622-724-3081
Ingra,Scholtis,Přimda,09/30/1988,Czech Republic,ischoltis4r@hhs.gov,523-944-3625
Pansie,Boorman,Oxelösund,09/13/1983,Sweden,pboorman4s@go.com,608-348-5790
Gaspar,Klossmann,Yong’an,08/02/1987,China,gklossmann4t@washingtonpost.com,925-562-0272
Malva,Heinzler,Xiangrong,04/20/1970,China,mheinzler4u@newyorker.com,224-347-5156
Julienne,MacCaffrey,Lianhe,03/09/1983,China,jmaccaffrey4v@issuu.com,177-313-8717
Kevin,Kilsby,,,,,
Gordan,Troutbeck,Temaiku Village,04/19/1987,Kiribati,gtroutbeck4x@un.org,653-111-9419
Maryl,Garroway,Niort,11/07/1963,France,,532-551-5988
Stuart,Devereu,Karanganyar,02/03/1993,Indonesia,,823-516-6113
Bobbette,McNay,Passo,11/01/1968,Indonesia,bmcnay50@paypal.com,876-299-4487
Shawn,Kensley,Tercena,08/15/1968,Portugal,skensley51@topsy.com,215-640-9949
Marten,Beswick,Bandar ‘Abbās,01/31/1989,Iran,mbeswick52@cafepress.com,312-905-8208
Devland,Couvert,Shuangcheng,05/23/1993,China,dcouvert53@spiegel.de,313-271-1314
Elwood,Pillington,Belang,08/06/1953,Indonesia,epillington54@businessweek.com,635-396-4440
Betteanne,Wathall,,,,,
Halie,Walkley,Tanjungbatu,03/17/1986,Indonesia,hwalkley56@icio.us,677-772-6013
Rollin,Slimme,Onsala,08/25/1965,Sweden,rslimme57@privacy.gov.au,124-740-0425
Chrysa,Noirel,Nanxing,02/10/1989,China,cnoirel58@xing.com,916-556-4076
Siward,MacKay,Debre Tabor,12/20/1964,Ethiopia,smackay59@arstechnica.com,447-940-6933
Emiline,Pedrollo,Chişinău,04/14/1997,Moldova,epedrollo5a@vimeo.com,518-965-4758
Penny,Buttrum,Dzuunmod,09/28/1996,Mongolia,,194-455-3256
Josiah,Thebeau,Goubétto,05/17/1954,Djibouti,jthebeau5c@nhs.uk,269-912-8690
David,Kellen,Dolores,01/05/1970,Nicaragua,dkellen5d@cocolog-nifty.com,337-537-5361
Arch,Stimson,,,,,
Link,Van Dale,El Zulia,03/06/1969,Colombia,lvandale5f@blogger.com,171-124-7990
Niles,Raimbauld,Vyselki,03/04/1959,Russia,nraimbauld5g@merriam-webster.com,451-698-1947
Lilian,Winham,Jiangyan,03/19/1988,China,,871-677-1925
Claiborn,Spaice,Zharkent,08/08/1952,Kazakhstan,cspaice5i@jugem.jp,354-680-1880
Maisie,Chittim,Jam,09/24/1994,Iran,,354-803-3990
Rosemary,Wagon,,,,,
Onida,Serrurier,Chumikan,07/13/1998,Russia,oserrurier5l@reference.com,865-675-4952
Staci,Maliffe,Reutlingen,02/13/1987,Germany,smaliffe5m@amazonaws.com,911-699-6845
Ardys,Reason,Brongkalan,11/14/1954,Indonesia,areason5n@prnewswire.com,488-819-2309
Mirella,Berridge,Firmat,07/29/1986,Argentina,,104-213-8181
Herta,Kirke,Atbasar,06/06/1957,Kazakhstan,hkirke5p@slashdot.org,872-447-6483
Roseann,Lunck,,,,rlunck5q@xinhuanet.com,
Naoma,Getsham,Cortiços,06/18/1965,Portugal,ngetsham5r@privacy.gov.au,535-155-5388
Marylin,Tolliday,Kericho,10/01/1959,Kenya,mtolliday5s@soundcloud.com,519-525-4723
Talya,Lownes,Tarariras,07/19/1996,Uruguay,,879-869-7409
Francisca,Romeuf,Qingyang,08/24/1967,China,fromeuf5u@ox.ac.uk,663-482-2821
Hershel,Girton,Чучер - Сандево,08/30/1989,Macedonia,hgirton5v@yahoo.com,403-355-7233
Brittany,Abrey,Inayauan,05/15/1953,Philippines,babrey5w@howstuffworks.com,214-977-0250
Clovis,Clother,Karney Shomron,09/08/1961,Palestinian Territory,cclother5x@prlog.org,519-220-9477
Peri,Ruhben,Bria,05/04/1984,Central African Republic,pruhben5y@cafepress.com,647-691-2492
Jo ann,Harburtson,Nggesa,11/24/1994,Indonesia,jharburtson5z@chicagotribune.com,921-901-4905
Angelico,Coatsworth,Bonabéri,03/30/1995,Cameroon,,583-610-7126
Julee,Edinburough,Peña,03/06/1972,Philippines,jedinburough61@nba.com,950-966-4706
Melina,Gemlett,El Lolo,01/01/1982,Honduras,,611-659-6147
Luigi,Conachy,Novosel’ye,10/09/1988,Belarus,lconachy63@chronoengine.com,354-368-8935
Mellie,Samuels,San Bernardino,08/12/1966,Peru,msamuels64@abc.net.au,975-331-6316
Axe,Niles,Santo Estêvão,02/18/1967,Brazil,aniles65@issuu.com,742-637-1286
Arluene,Martt,Paoay,11/27/1974,Philippines,amartt66@biglobe.ne.jp,595-875-0617
Merell,Braznell,Libouchec,07/29/1972,Czech Republic,mbraznell67@soundcloud.com,574-929-7439
Kerry,Ficken,Onsala,10/14/1952,Sweden,,447-559-0800
Violante,Balint,Czerniejewo,06/04/1971,Poland,vbalint69@networkadvertising.org,561-817-8889
Clement,Hinken,Banjar Ambengan,12/03/1967,Indonesia,chinken6a@ucoz.com,534-867-3112
Archibald,Firidolfi,Zhangping,03/19/1960,China,afiridolfi6b@weebly.com,295-444-6831
Trenton,Winspear,Baga Borihe,12/30/1993,China,,829-333-6236
Dexter,Wills,Sambava,01/04/1988,Madagascar,dwills6d@smh.com.au,210-567-4797
Gabbie,Leon,Apucarana,02/27/1976,Brazil,gleon6e@51.la,615-581-9173
Ashlee,Rehm,Bitung,12/19/1984,Indonesia,,221-136-9745
Hedda,Crimpe,Béoumi,09/13/1960,Ivory Coast,hcrimpe6g@w3.org,441-261-6518
Brooke,Boughen,Pertunmaa,01/08/1962,Finland,bboughen6h@booking.com,195-254-6380
Tiphanie,Lodemann,Strasbourg,08/14/1997,France,tlodemann6i@stanford.edu,450-274-8041
Saxon,Housegoe,Dubki,11/06/1962,Russia,shousegoe6j@wikimedia.org,207-748-2036
Krishnah,Drummer,Daoxu,04/08/1950,China,,878-776-2212
Elyssa,Petrushkevich,,,,epetrushkevich6l@baidu.com,
Farley,De Carolis,Juncalito Abajo,02/14/1989,Dominican Republic,fdecarolis6m@japanpost.jp,465-872-0138
Darbee,Willows,Bacungan,12/25/1975,Philippines,,686-611-8627
Eartha,Baynard,Bo Kluea,10/14/1978,Thailand,ebaynard6o@com.com,570-448-7902
Marshal,Huckstepp,Bocowanti,09/27/1960,Indonesia,,188-300-5940
Boothe,Mapplebeck,Marbel,10/29/1966,Philippines,,269-358-5410
Vasili,Verrier,Hailin,02/01/1978,China,vverrier6r@exblog.jp,919-399-7961
Merell,Masser,Oekero,07/16/1954,Indonesia,mmasser6s@dedecms.com,491-876-3570
Geno,Nuzzi,Nanzhao Chengguanzhen,11/20/1953,China,gnuzzi6t@adobe.com,806-653-6771
Pacorro,Leigh,Tiecun,03/17/1989,China,pleigh6u@theglobeandmail.com,816-540-3865
Jonas,Godsmark,Poddębice,12/22/1993,Poland,jgodsmark6v@flavors.me,982-446-4108
Nalani,Gainsford,,,,ngainsford6w@joomla.org,
Vikky,Burgh,Farshūţ,06/18/1984,Egypt,vburgh6x@vistaprint.com,997-693-3927
Kevin,Herity,,,,kherity6y@harvard.edu,
Gris,Fayers,Gunungpeundeuy,10/10/1981,Indonesia,gfayers6z@cloudflare.com,351-587-4031
Grethel,Pady,Quevedo,09/19/1965,Ecuador,,961-978-9273
Imogen,Pringour,Knyaze-Volkonskoye,01/14/1995,Russia,ipringour71@admin.ch,121-838-1465
Cara,Pugsley,Qarāwat Banī Zayd,05/02/1969,Palestinian Territory,,228-299-7754
Melodee,McDell,Gävle,03/16/1959,Sweden,,212-866-0738
Rebecka,Presidey,Barbacena,11/13/1977,Brazil,rpresidey74@smugmug.com,976-197-6428
Germain,Vakhlov,Konakridee,09/07/1983,Sierra Leone,,504-438-6903
Lindsy,Pedrielli,,,,lpedrielli76@reference.com,
Noelyn,Chelam,Bagani,03/19/1957,Namibia,nchelam77@liveinternet.ru,376-250-4978
Sandor,Matveiko,Pictou,02/16/1968,Canada,smatveiko78@dagondesign.com,511-561-6588
Boot,Rawlinson,Stockholm,11/21/1951,Sweden,,457-514-3982
Adelbert,Varey,Memphis,12/06/1993,United States,avarey7a@sourceforge.net,901-316-8865
Ema,Kleine,Kępice,08/17/1969,Poland,ekleine7b@soup.io,656-122-2653
Kristien,Skeels,Fukura,03/21/1970,Japan,kskeels7c@domainmarket.com,616-152-1218
Tessi,Brandts,,,,tbrandts7d@nymag.com,
Celina,Staterfield,Yatunpu,10/27/1961,China,cstaterfield7e@hugedomains.com,560-757-7078
Anabel,Mahoney,Tupaciguara,03/11/1982,Brazil,amahoney7f@ucla.edu,777-130-8100
Rafaello,Joynt,Rajapeni,08/27/1956,Indonesia,rjoynt7g@abc.net.au,718-364-2368
Annecorinne,Poland,Talghar,05/25/1994,Kazakhstan,apoland7h@shinystat.com,151-949-4514
Rhonda,Katt,Gonghe,03/17/1978,China,rkatt7i@github.com,845-809-4623
Ursola,Stonary,Thị Trấn Nga Sơn,05/30/1994,Vietnam,ustonary7j@imageshack.us,446-349-9740
Erena,Sampey,Pyhäselkä,01/14/1959,Finland,,978-431-5436
Thomasa,Oakey,Huaquillas,01/16/1982,Ecuador,,633-781-6464
Enid,Rheaume,Ayteke Bi,07/12/1958,Kazakhstan,erheaume7m@devhub.com,930-628-9992
Karol,Dorling,Zhenping Chengguanzhen,07/27/1962,China,,925-419-3073
Vonni,Yakushkin,Carriedo,12/11/1980,Philippines,vyakushkin7o@columbia.edu,293-901-7465
Hanson,Lymbourne,Znomenka,11/28/1989,Ukraine,hlymbourne7p@icio.us,161-227-9054
Tuesday,Preece,Dunkerque,05/12/1971,France,tpreece7q@ca.gov,845-960-6558
Letty,Cumpton,Jingzhu,09/29/1998,China,lcumpton7r@odnoklassniki.ru,994-138-9219
Sella,Malin,Bobigny,06/21/1953,France,smalin7s@yellowbook.com,176-380-8272
Suzanna,Prestland,Xijiang,10/14/1972,China,sprestland7t@infoseek.co.jp,503-869-3318
Munmro,Jope,Liborina,09/21/1981,Colombia,mjope7u@cbsnews.com,635-121-0355
Goddart,MacAlester,San Jacinto,05/01/1998,Philippines,gmacalester7v@github.io,695-992-0818
Jeromy,Ebbrell,Järfälla,02/21/1989,Sweden,jebbrell7w@wix.com,395-723-5631
Riane,M'Quharg,Shigu,07/30/1953,China,rmquharg7x@aol.com,988-350-0287
Madelina,Menendez,Naikoten Dua,05/11/1958,Indonesia,,448-461-8203
Cordi,Booij,Tsivil’sk,11/16/1993,Russia,cbooij7z@pen.io,410-440-5249
Lorelei,Gelland,Chengji,02/05/1952,China,lgelland80@nih.gov,974-994-3882
Vinny,Goldsberry,Carmen,01/28/1951,Philippines,vgoldsberry81@list-manage.com,713-501-5689
Neala,Calverley,Uychi,08/23/1965,Uzbekistan,ncalverley82@bbb.org,227-950-0777
Cobby,Houtbie,Oroquieta,10/15/1966,Philippines,choutbie83@amazon.co.jp,630-493-5461
Marcelle,Domaschke,Innoshima,09/09/1981,Japan,mdomaschke84@ihg.com,725-505-5299
Amabelle,Dericut,Xingong,10/23/1993,China,adericut85@latimes.com,455-544-6705
Hendrick,Greig,Malakal,10/20/1977,South Sudan,hgreig86@cpanel.net,930-523-3317
Jdavie,Stirzaker,Nuamuzi,02/19/1978,Indonesia,jstirzaker87@goo.ne.jp,989-593-1456
Alix,Christofle,Anggana,10/20/1988,Indonesia,,868-833-1184
Christoper,McComiskey,Banjar Madangan Kaja,03/03/1995,Indonesia,cmccomiskey89@sfgate.com,150-984-8060
Kara,Trahmel,Uthai,04/13/1975,Thailand,ktrahmel8a@engadget.com,894-611-1694
Lindsey,Matfin,Néa Karyá,11/07/1992,Greece,lmatfin8b@china.com.cn,331-987-8795
Normy,Littledyke,Mtimbira,08/04/1990,Tanzania,nlittledyke8c@hatena.ne.jp,863-175-9219
Anna,Gouley,Sangojar,09/04/1988,Indonesia,agouley8d@ifeng.com,718-400-8825
Ronny,Meins,Seria,08/06/1999,Brunei,rmeins8e@xrea.com,718-426-7138
Glyn,Lapthorn,Letlhakane,06/30/1986,Botswana,glapthorn8f@samsung.com,656-771-8176
Noble,Mussard,Carvalho,09/26/1960,Portugal,nmussard8g@ameblo.jp,510-612-2954
Leesa,Swansbury,Veřovice,10/26/1964,Czech Republic,lswansbury8h@blogs.com,158-795-8695
Dew,Vanyatin,Batanovtsi,01/27/1970,Bulgaria,dvanyatin8i@sphinn.com,310-184-8397
Gerianne,Flatte,Orimattila,08/06/1992,Finland,gflatte8j@technorati.com,707-707-4400
Neal,Merriment,Wulongshan,06/10/1996,China,nmerriment8k@wunderground.com,133-523-3131
Cassaundra,Garbar,Tunoshna,01/29/1961,Russia,cgarbar8l@soup.io,388-562-2436
Suzette,MacSkeagan,La Paz,12/13/1973,Philippines,smacskeagan8m@jigsy.com,534-586-4940
Liva,Zarb,Salt Lake City,06/16/1957,United States,lzarb8n@indiegogo.com,435-997-6889
Annora,Belfield,San Agustín,12/22/1986,Honduras,abelfield8o@linkedin.com,171-865-7032
Sonny,Dzenisenka,Menzel Bourguiba,01/05/1951,Tunisia,sdzenisenka8p@cmu.edu,988-315-2367
Dorry,Hiom,Tacuatí,03/09/1954,Paraguay,,655-476-6752
Francklyn,Wanek,Kuala Lumpur,11/14/1992,Malaysia,fwanek8r@wp.com,351-303-6287
Cissiee,Lorent,Altavista,10/21/1954,Mexico,clorent8s@stanford.edu,982-229-7083
Brewster,Kaines,Beisijia,07/16/1964,China,bkaines8t@smugmug.com,456-661-0721
Sasha,Bahl,Fundão,05/23/1996,Portugal,sbahl8u@uiuc.edu,180-567-7923
Ajay,Cheetam,Sūq Sibāḩ,12/23/1979,Yemen,acheetam8v@hugedomains.com,936-732-5939
Emma,Brewins,Miskolc,03/04/1981,Hungary,ebrewins8w@blogs.com,309-631-9360
Oralie,Douris,Puerto Montt,05/08/1992,Chile,,822-509-2191
Ysabel,Lambot,Marly,11/19/1980,France,ylambot8y@yahoo.com,119-596-8113
Ricki,Tolson,Breda,11/06/1957,Netherlands,rtolson8z@wordpress.org,474-889-1818
Olivia,Ikringill,,,,oikringill90@studiopress.com,
Darline,Neeves,Changqiao,07/18/1958,China,dneeves91@lycos.com,143-879-0408
Jens,Han,Alegrete,12/01/1967,Brazil,jhan92@fastcompany.com,557-755-7301
Jocelin,Kleinzweig,Shreveport,07/30/1955,United States,,318-154-1011
Amandy,McIlmorie,Morrelgonj,02/17/1963,Bangladesh,amcilmorie94@eventbrite.com,591-740-6158
Ikey,Mattityahou,,,,imattityahou95@prlog.org,
Nevile,Issac,Panolan,04/15/1972,Indonesia,nissac96@google.pl,437-456-6304
Maren,Ghent,Envigado,05/15/1988,Colombia,mghent97@deliciousdays.com,355-104-4722
Vida,Kneller,Jiucaizhuang,01/31/1985,China,vkneller98@delicious.com,367-913-2896
Darsey,Grand,Al Jubayhah,04/12/1970,Jordan,dgrand99@bizjournals.com,335-758-4941
Orran,de Marco,San Antonio,12/02/1994,Venezuela,odemarco9a@shinystat.com,588-584-3133
Elna,Varvell,Kabale,11/14/1989,Uganda,evarvell9b@nyu.edu,574-845-4810
Meyer,Dixie,Namwala,12/03/1959,Zambia,mdixie9c@sina.com.cn,145-369-6316
Sheree,Hubery,Hengshan,02/12/1999,China,shubery9d@360.cn,875-165-7467
Kati,Gottelier,Karanglo,06/29/1950,Indonesia,kgottelier9e@e-recht24.de,907-593-3470
Marge,Silvester,Ciyu,05/01/1950,China,msilvester9f@squarespace.com,488-966-0069
Amie,Connop,Jovellar,11/17/1950,Philippines,aconnop9g@redcross.org,526-789-5421
Thorin,Gaule,,,,tgaule9h@npr.org,
Gerianna,Peniman,Kantharalak,09/25/1992,Thailand,gpeniman9i@networkadvertising.org,494-914-9762
Carleen,Killiner,Issa,03/13/1962,Russia,,698-811-5651
Alexis,Ucchino,Taibai,08/25/1987,China,aucchino9k@ed.gov,702-615-4219
Reese,Cosson,Quibdó,06/11/1994,Colombia,rcosson9l@psu.edu,453-326-4724
Gnni,Rozzier,Chubek,03/11/1977,Tajikistan,,614-424-8383
Archer,Giroldo,Babakan,10/23/1979,Indonesia,agiroldo9n@zdnet.com,616-795-4463
Francis,Divver,Huaxian,10/08/1974,China,fdivver9o@google.de,692-863-6165
Devinne,Mathwin,Rahama,02/01/1986,Nigeria,dmathwin9p@webnode.com,770-245-4309
Deeanne,Avrahamy,Uurainen,09/14/1985,Finland,davrahamy9q@nih.gov,110-406-7212
Heidie,Sydall,Vostochnoe Degunino,03/24/1953,Russia,hsydall9r@behance.net,107-795-3523
Corrinne,Vennart,Dykan’ka,09/25/1996,Ukraine,cvennart9s@about.com,737-326-5633
Judd,Fosh,Tambulig,10/16/1980,Philippines,jfosh9t@pbs.org,384-770-2930
Sloane,Bromfield,München,02/07/1962,Germany,sbromfield9u@samsung.com,302-706-9439
Karisa,Sturges,Mesa,12/29/1966,Indonesia,ksturges9v@cnbc.com,326-553-7314
Fidelio,Espinheira,Nuevo Amanecer,06/14/1956,Nicaragua,fespinheira9w@hostgator.com,424-748-3501
Raymond,Mannock,Plewiska,01/18/1955,Poland,rmannock9x@163.com,783-950-3634
Kimble,Troillet,Wonokerto,06/11/1988,Indonesia,ktroillet9y@yahoo.co.jp,884-401-2738
Lurleen,Hanlin,Bohicon,10/09/1966,Benin,lhanlin9z@webmd.com,270-952-7961
Wells,Jakucewicz,Luleå,05/29/1957,Sweden,wjakucewicza0@miibeian.gov.cn,349-559-5293
Michelina,Largan,Daniëlskuil,02/04/1962,South Africa,mlargana1@pen.io,364-161-5733
Raddy,Cavanaugh,,,,,
Shurlocke,Di Ruggiero,Manicaragua,12/10/1965,Cuba,,383-311-3707
Lilian,Meake,Lawesigalagala Timur,02/26/1961,Indonesia,lmeakea4@furl.net,871-553-6632
Florri,Capehorn,,,,fcapehorna5@php.net,
Rolando,O'Rudden,Czarnożyły,11/11/1989,Poland,roruddena6@fastcompany.com,422-108-6258
Kit,Wellington,Targuist,05/04/1987,Morocco,kwellingtona7@icq.com,198-214-5365
Allister,Perren,Latacunga,01/11/1974,Ecuador,aperrena8@wikimedia.org,319-272-8635
Bradley,Stopford,Armação,02/22/1957,Brazil,bstopforda9@imdb.com,706-162-0488
Della,Locksley,Abóboda,09/04/1966,Portugal,dlocksleyaa@soup.io,889-435-2374
Mervin,Maguire,Wujiaying,12/07/1998,China,,620-909-9582
Huey,Beahan,Litvínovice,10/19/1966,Czech Republic,hbeahanac@miibeian.gov.cn,800-486-8557
Dorris,Pelchat,Balun,10/15/1975,Indonesia,,701-839-2931
Fergus,Blazdell,Zbytków,07/11/1964,Poland,fblazdellae@ca.gov,493-859-7993
Zitella,Waything,Jebba,08/20/1983,Nigeria,zwaythingaf@about.me,858-953-7408
Keane,Blazek,Suicheng,08/10/1960,China,,474-818-8751
Elbert,Weatherhead,Neglasari,07/23/1983,Indonesia,eweatherheadah@un.org,776-299-0413
Engelbert,Liptrod,Menol,10/25/1982,Indonesia,eliptrodai@t.co,249-152-5520
Hill,Rolin,Krajan Dua Dawuan Wetan,07/08/1953,Indonesia,hrolinaj@desdev.cn,231-188-8330
Bennie,Galbraeth,Yakovlevskoye,05/10/1979,Russia,,105-388-1392
Hildegaard,Voysey,Plasy,06/30/1951,Czech Republic,hvoyseyal@hugedomains.com,809-117-5240
Kattie,Shakespeare,Vale Boeiro,06/22/1987,Portugal,kshakespeaream@sciencedirect.com,358-605-2965
Fiorenze,Paull,Perzów,10/07/1987,Poland,fpaullan@state.tx.us,519-291-1210
Kris,Kubek,Heidelberg,07/20/1965,South Africa,kkubekao@state.gov,985-590-9214
Ferdinanda,Wykes,Brooklyn,06/14/1953,New Zealand,fwykesap@wp.com,408-448-2418
Jocelyne,Belt,Västervik,01/24/1993,Sweden,jbeltaq@washington.edu,925-344-3327
Lyndsie,Hambrook,Tengger,11/08/1986,Indonesia,lhambrookar@163.com,175-902-6236
Meade,Glyssanne,Uppsala,08/29/1976,Sweden,mglyssanneas@icio.us,320-242-6867
Christal,Bener,Ḩājjīābād,03/10/1995,Iran,,922-249-3890
Jud,Schelle,Mbaké,03/02/1982,Senegal,jschelleau@nih.gov,654-554-0812
Cordie,Laville,Sattahip,08/20/1977,Thailand,clavilleav@hc360.com,602-321-5403
Bent,Van Der Weedenburg,Lyubeshiv,11/09/1984,Ukraine,bvanderweedenburgaw@bbb.org,867-459-8423
Harcourt,Queree,Wufeng,06/26/1990,China,hquereeax@canalblog.com,338-367-7794
Web,Deetlof,Rokytnice nad Jizerou,03/05/1962,Czech Republic,wdeetlofay@archive.org,478-737-7007
Guillermo,Kember,Podbrdo,09/06/1965,Bosnia and Herzegovina,gkemberaz@stanford.edu,142-463-5227
Daren,Barnish,Baton Rouge,12/17/1980,United States,dbarnishb0@fema.gov,225-587-7207
Padriac,Etherton,,,,,
Spike,McClure,Benito Juarez,07/21/1990,Mexico,smcclureb2@unicef.org,423-932-1529
Zollie,Utterson,Chitral,06/29/1981,Pakistan,zuttersonb3@slate.com,290-518-4036
Billi,Wrangle,Paciran,12/11/1964,Indonesia,bwrangleb4@comcast.net,312-202-7419
Angie,Malley,Haruai,03/13/1961,Indonesia,amalleyb5@vistaprint.com,778-618-9336
Barr,Revell,Debeljača,12/28/1990,Serbia,brevellb6@admin.ch,920-456-5072
Madella,Broomhall,Quintong,01/05/1951,Philippines,mbroomhallb7@bandcamp.com,495-471-5205
Francois,Olivas,Old City,06/19/1988,Palestinian Territory,,854-736-0841
Bartholemy,Bruyet,Lopar,09/02/1983,Croatia,bbruyetb9@elegantthemes.com,208-959-0350
Catha,Dagon,Vĩnh Thuận,08/01/1982,Vietnam,cdagonba@earthlink.net,149-780-5096
Jermaine,Dowsing,Bang Mun Nak,02/05/1956,Thailand,jdowsingbb@soup.io,230-876-9785
Joellyn,Luckey,Dazaifu,11/14/1972,Japan,,760-218-8862
Loreen,Grabb,Qiqin,09/10/1977,China,lgrabbbd@skype.com,924-807-9883
Tammie,Kempshall,Mashizhai,01/13/1994,China,tkempshallbe@prweb.com,111-261-0707
Charlean,Deboy,Gielniów,06/08/1987,Poland,cdeboybf@multiply.com,365-645-4650
Gypsy,Collacombe,Taghazout,06/11/1970,Morocco,gcollacombebg@list-manage.com,364-512-5315
Katerine,Odeson,Zhoushan,01/05/1971,China,kodesonbh@trellian.com,484-803-7237
Arthur,Abbyss,Soly,01/03/1985,Belarus,aabbyssbi@icq.com,534-448-4339
Florri,Behne,Tongjin,09/27/1968,South Korea,fbehnebj@fda.gov,645-111-4947
Gertrud,Livock,Hesi,01/16/1978,China,glivockbk@altervista.org,485-578-7555
Maurise,Carr,Villaguay,08/19/1994,Argentina,mcarrbl@cargocollective.com,589-384-4046
Alfie,Leonard,Hedong,11/17/1999,China,aleonardbm@pen.io,698-898-3054
Yvon,Plowes,Pomichna,06/05/1968,Ukraine,yplowesbn@pen.io,467-518-4898
Morgun,Sorensen,Qingshi,05/24/1962,China,msorensenbo@dot.gov,844-248-5314
Schuyler,Bastiman,Dubăsari,12/24/1952,Moldova,sbastimanbp@dedecms.com,788-798-4911
Philis,Wakely,Erdenet,01/24/1958,Mongolia,pwakelybq@gizmodo.com,693-486-9102
Robena,Hustings,Guadalupe,07/12/1983,Mexico,,475-436-8615
Lauretta,Densun,Cibeureum,11/06/1988,Indonesia,ldensunbs@theguardian.com,232-296-0325
Miran,Rulton,Gaojingzhuang,05/21/1983,China,mrultonbt@parallels.com,606-805-1715
Edie,Measey,Nova Varoš,07/02/1960,Serbia,emeaseybu@aboutads.info,537-185-6796
Dennie,Gibbieson,Pākpattan,04/19/1974,Pakistan,dgibbiesonbv@stumbleupon.com,900-577-7983
Adan,Melsom,Cibungur,11/30/1990,Indonesia,amelsombw@telegraph.co.uk,502-406-6755
Heddie,Edscer,Wuxiang,11/13/1986,China,hedscerbx@phpbb.com,783-526-6623
Gearalt,Wilflinger,Pechenga,05/27/1952,Russia,,346-675-9502
Jarret,Lowdyane,Rionegro,08/16/1953,Colombia,jlowdyanebz@surveymonkey.com,820-854-5571
Forrest,Atthowe,,,,fatthowec0@opensource.org,
Margarita,Sterke,Coayllo,09/01/1968,Peru,msterkec1@dot.gov,478-437-7934
Barbey,Merle,Nantes,06/14/1965,France,,188-939-3288
Lusa,Prozescky,Lidingö,05/19/1999,Sweden,lprozesckyc3@fotki.com,484-613-1113
James,Hamblen,Lingdi,11/02/1974,China,,354-912-3782
Mariellen,Hazlegrove,Santana do Paraíso,03/26/1957,Brazil,mhazlegrovec5@theguardian.com,382-969-3147
Gasparo,Drinkhill,Maroua,03/31/1978,Cameroon,gdrinkhillc6@aboutads.info,835-860-5756
Ambrosius,Petersen,Naguanagua,11/16/1991,Venezuela,apetersenc7@reverbnation.com,624-912-9893
Clemens,Arundel,Nakhchivan,07/17/1953,Azerbaijan,carundelc8@cafepress.com,152-618-4519
Gabriello,Matteini,Yantongtun,12/18/1979,China,gmatteinic9@apple.com,632-836-8028
Perkin,Heinish,Wangdian,02/21/1989,China,pheinishca@timesonline.co.uk,246-448-0723
Matthias,Dolton,Shangzhang,01/18/1983,China,mdoltoncb@foxnews.com,245-655-3393
Waring,Ducket,Huatanshan,05/23/1986,China,,295-589-6700
Kenny,McCosker,Zhitang,10/17/1989,China,kmccoskercd@qq.com,672-732-7496
Barn,Sutliff,Mārupe,11/20/1963,Latvia,bsutliffce@wordpress.org,722-479-8352
Frank,Jillions,Ledenice,07/05/1993,Czech Republic,fjillionscf@infoseek.co.jp,385-842-4167
Isaac,Ingray,Phúc Yên,09/22/1956,Vietnam,iingraycg@earthlink.net,512-603-1122
Klaus,Boncore,Biskamzha,03/21/1955,Russia,kboncorech@sun.com,116-683-7455
Maudie,Feilden,Dongguang,04/15/1963,China,,292-512-7705
Ofella,Graine,Blatná,05/09/1990,Czech Republic,ograinecj@dell.com,882-894-2918
Pammy,Bampfield,Karangagung Timur,11/06/1993,Indonesia,pbampfieldck@wunderground.com,986-601-2028
Mirabella,Clohissy,Paico,05/30/1962,Peru,mclohissycl@archive.org,378-429-2506
Lacie,Berth,Bīr Nabālā,01/13/1970,Palestinian Territory,lberthcm@un.org,810-921-0068
Alon,Thon,Whitchurch,11/26/1967,United Kingdom,athoncn@pen.io,774-318-7552
Kriste,Gilhespy,Huacapampa,02/11/1955,Peru,kgilhespyco@netlog.com,840-898-4499
Eryn,Forward,Pindi Bhattiān,03/05/1995,Pakistan,eforwardcp@nyu.edu,816-701-0686
Sheryl,Speaks,Parung,03/07/1987,Indonesia,sspeakscq@youtube.com,245-451-4179
Parke,Petracek,Caraballeda,06/17/1966,Venezuela,ppetracekcr@issuu.com,226-606-4772
Ofelia,Wimes,Sainte-Anne-des-Plaines,05/21/1979,Canada,owimescs@newyorker.com,110-668-1190
Chet,Harbron,Gradačac,07/09/1993,Bosnia and Herzegovina,charbronct@tripadvisor.com,672-696-2833
Gloriana,Mansion,Aqtaū,03/09/1962,Kazakhstan,gmansioncu@java.com,620-663-8107
Anni,Ashbe,Kijini,12/07/1962,Tanzania,aashbecv@techcrunch.com,187-373-0913
Marcelle,Ellens,Guyangan,02/09/1990,Indonesia,mellenscw@de.vu,262-926-4375
Dimitri,Quinn,Ozerki,04/12/1988,Russia,dquinncx@usgs.gov,934-363-3915
Devin,Bauldry,Zhuping,05/10/1977,China,dbauldrycy@slashdot.org,195-647-0652
Stanislaw,Smout,Il’inskiy,12/10/1967,Russia,ssmoutcz@ucoz.com,399-389-2672
Ellwood,Tremollet,Mitaka-shi,11/24/1993,Japan,etremolletd0@china.com.cn,712-254-6349
Granville,Wabey,Perre,10/10/1952,Portugal,gwabeyd1@example.com,528-650-3781
Leupold,Emmott,Akademgorodok,05/02/1963,Russia,lemmottd2@rakuten.co.jp,486-458-6133
Krispin,Sincock,Pandaan,02/09/1977,Indonesia,ksincockd3@stanford.edu,666-243-7620
Mitch,Husby,"Palmas De Gran Canaria, Las",04/05/1961,Spain,mhusbyd4@ameblo.jp,276-644-9494
Jessee,Haster,Condong,03/25/1950,Indonesia,jhasterd5@opera.com,839-229-8272
Ruggiero,Burgett,,,,rburgettd6@php.net,
Killian,Aberkirder,Real,07/28/1987,Portugal,kaberkirderd7@ehow.com,757-976-3619
Maureene,Najera,,,,mnajerad8@freewebs.com,
Margaux,McEntee,Salto de Pirapora,10/27/1983,Brazil,,221-791-4929
Charmain,Penwright,Jiangjiazui,03/08/1984,China,cpenwrightda@domainmarket.com,205-797-5235
Janelle,Nabbs,Barbosa,01/08/1954,Colombia,jnabbsdb@topsy.com,296-610-2755
Celestyn,Birchall,Lampang,06/20/1951,Thailand,cbirchalldc@phoca.cz,115-540-1913
Dion,Abells,Gračanica,03/29/1990,Bosnia and Herzegovina,dabellsdd@columbia.edu,700-481-4191
Calla,Leghorn,Ehu,10/14/1973,China,cleghornde@apple.com,525-714-1092
Addia,De Lacey,Maulawin,05/01/1965,Philippines,adelaceydf@google.com.hk,554-142-9767
Aaren,Theyer,Krasnaya Polyana,04/07/1955,Russia,atheyerdg@t.co,268-676-1717
Sonya,Dicks,Penglai,11/07/1978,China,sdicksdh@home.pl,169-214-2440
Ham,Warters,Mojomulyokrajan,07/11/1961,Indonesia,hwartersdi@blogtalkradio.com,498-897-9321
Sianna,Fargher,,,,,
Anastasie,Royan,Piteå,07/31/1984,Sweden,,271-365-4801
Lonna,Dwyr,Canguçu,08/19/1960,Brazil,ldwyrdl@homestead.com,166-344-7478
Mirelle,Duffill,Arapiraca,12/29/1961,Brazil,,989-786-8073
Bendick,Fryd,Xinji,06/20/1966,China,bfryddn@google.co.uk,676-732-0121
Annie,Chimenti,Leuwibuleud,10/21/1981,Indonesia,achimentido@wordpress.org,766-763-8140
Stillmann,Beddis,Eustaquio Lopez,08/24/1963,Philippines,sbeddisdp@addtoany.com,678-120-9786
Solly,Antognozzii,Cavan,12/31/1977,Ireland,santognozziidq@salon.com,245-156-8358
Malia,Feaviour,Ughelli,04/22/1954,Nigeria,mfeaviourdr@technorati.com,125-996-7654
Anastasie,Grinnikov,,,,agrinnikovds@github.io,
Henrieta,Gillibrand,Pelem,01/02/1960,Indonesia,hgillibranddt@skyrock.com,930-857-4605
Fran,Ellis,Barbacena,08/04/1989,Brazil,fellisdu@slideshare.net,891-360-5608
Philis,Edscer,Sparwood,06/12/1988,Canada,pedscerdv@ft.com,289-756-5680
Judas,Baggarley,Asamankese,02/06/1997,Ghana,jbaggarleydw@harvard.edu,971-670-8558
Margery,Bullingham,Cigaluh,07/06/1961,Indonesia,mbullinghamdx@storify.com,943-602-5872
Tye,Metzig,Dongqianhu,07/28/1982,China,tmetzigdy@artisteer.com,343-673-8253
Emmit,Dailey,Tha Tako,03/08/1973,Thailand,edaileydz@yelp.com,877-978-8862
Kerrin,Carpenter,Aelande,03/30/1983,Indonesia,kcarpentere0@alexa.com,722-384-2516
Bernie,Guilloud,Oja,12/27/1963,Indonesia,bguilloude1@geocities.com,845-659-1408
Derek,Fuke,Macapá,05/30/1954,Brazil,dfukee2@sun.com,346-833-4747
Christie,Pietruszewicz,,,,cpietruszewicze3@imdb.com,
Myrna,Massingham,Lons-le-Saunier,05/15/1992,France,mmassinghame4@free.fr,740-657-6439
Abba,Houseago,Khantaghy,12/16/1968,Kazakhstan,ahouseagoe5@so-net.ne.jp,190-112-2259
Nancie,Ogelbe,Eshan,06/20/1990,China,nogelbee6@hostgator.com,832-508-6623
Melonie,Waistell,Pacajus,11/06/1985,Brazil,,443-925-4413
Kakalina,Combes,Camiling,04/28/1973,Philippines,kcombese8@omniture.com,382-724-8522
Bianka,Cornall,Grenoble,10/04/1973,France,bcornalle9@opensource.org,508-230-7666
Dag,Tilliards,Sandia,08/05/1964,Peru,dtilliardsea@yandex.ru,778-854-9048
Wyatt,Cutforth,Luwan,09/23/1961,China,wcutfortheb@senate.gov,225-242-2311
Marrissa,Dearn,Whitegate,03/13/1995,Ireland,mdearnec@house.gov,499-775-8960
Myrtie,Tayspell,Enskede,12/29/1959,Sweden,mtayspelled@studiopress.com,803-777-8393
Brennen,Alastair,Pak Chong,01/04/1950,Thailand,balastairee@ucla.edu,731-882-8174
Hastie,Cartmail,Sovetskiy,01/26/1950,Russia,hcartmailef@engadget.com,584-127-4403
Nikki,Digginson,Zyukayka,06/15/1968,Russia,ndigginsoneg@economist.com,999-209-8733
Vally,Dikelin,Semenivka,11/20/1964,Ukraine,vdikelineh@multiply.com,733-101-5513
Tierney,Matthaus,Saint-Denis,11/04/1998,France,tmatthausei@reverbnation.com,544-286-6246
Candie,Yakebowitch,Namioka,11/29/1960,Japan,cyakebowitchej@cafepress.com,473-926-3263
Yoko,Niece,San Felipe,02/10/1956,Peru,ynieceek@jalbum.net,297-393-0461
Bianca,MacKinnon,Ferbane,12/06/1976,Ireland,bmackinnonel@cnbc.com,359-406-5323
Ermanno,Canadine,Alor Star,08/10/1968,Malaysia,,675-859-8056
Roddy,Kedward,Qaryūt,11/13/1976,Palestinian Territory,,706-981-8877
Grethel,Medlen,Amsterdam Noord west,10/27/1974,Netherlands,gmedleneo@symantec.com,986-111-1863
Martelle,Tallet,Halinów,11/22/1977,Poland,mtalletep@blinklist.com,925-951-6648
Lyssa,Rollinson,,,,,
Eldin,Bezarra,Gunungmalang Satu,11/09/1973,Indonesia,ebezarraer@nymag.com,833-914-5043
Braden,Harrowing,Moreno,05/31/1996,Brazil,bharrowinges@ox.ac.uk,327-945-4022
Cordell,Lacy,Xinjie,11/07/1998,China,clacyet@statcounter.com,251-394-1091
Cora,Skelbeck,Banyo,04/01/1995,Cameroon,,667-712-2909
Morgan,Wanstall,Topolná,09/19/1983,Czech Republic,mwanstallev@jugem.jp,950-675-6301
Vaughan,Baume,Yelwa,08/05/1999,Nigeria,vbaumeew@oracle.com,875-263-8672
Inez,Garrick,Idhnā,03/24/1965,Palestinian Territory,igarrickex@ovh.net,685-356-3440
Rufus,Nowakowski,Varadero,09/28/1987,Cuba,rnowakowskiey@gizmodo.com,491-528-7918
Archaimbaud,Wederell,Thị Trấn Cẩm Thủy,11/17/1997,Vietnam,awederellez@mapquest.com,537-589-7898
Deena,Giacobini,Malczyce,12/18/1981,Poland,dgiacobinif0@pagesperso-orange.fr,249-574-6990
Alethea,Clipsham,Mabiton,02/12/1979,Philippines,aclipshamf1@cisco.com,952-752-6091
Noelyn,Castelow,Laya,09/08/1995,Philippines,ncastelowf2@comsenz.com,444-291-6803
Dante,Leavens,Bay-ang,03/05/1971,Philippines,dleavensf3@angelfire.com,455-308-0465
Derwin,Larimer,Tierra y Libertad,12/28/1960,Mexico,dlarimerf4@google.ca,944-378-3168
Germain,De Cruz,Adar,07/14/1991,Morocco,gdecruzf5@amazon.de,343-161-9550
Ema,Braga,Shitan,09/30/1969,China,ebragaf6@nsw.gov.au,207-450-4977
Johnna,Granville,João Câmara,06/26/1990,Brazil,jgranvillef7@eventbrite.com,994-604-7793
Jeramie,Souch,Bulawayo,05/24/1983,Zimbabwe,jsouchf8@prnewswire.com,555-307-0334
Lindy,Gammack,Nouaseur,02/20/1979,Morocco,lgammackf9@google.ru,703-849-9306
Nat,Louis,Vadstena,04/30/1973,Sweden,nlouisfa@ebay.com,430-360-2567
Francesca,Riseam,Guantánamo,11/18/1988,Cuba,friseamfb@bing.com,215-387-6392
Thomasin,Haggett,Beibei,04/03/1960,China,thaggettfc@angelfire.com,567-892-9601
Sonny,Blomfield,Hujiaying,08/31/1966,China,sblomfieldfd@cafepress.com,945-489-4486
Cordelia,Parriss,Nisporeni,06/18/1994,Moldova,cparrissfe@cisco.com,400-851-7327
Kayne,Monckton,Funafuti,03/18/1989,Tuvalu,kmoncktonff@fc2.com,469-213-1807
Mollie,Arson,Tanjungrejo Lor,07/16/1997,Indonesia,,264-557-2906
Asa,Deniseau,Wushi,08/04/1983,China,adeniseaufh@nba.com,874-745-8652
Annamaria,Guiton,Donghoufang,12/27/1973,China,aguitonfi@tiny.cc,128-562-5483
Cal,Kirrage,Oktyabr’sk,03/31/1988,Kazakhstan,ckirragefj@123-reg.co.uk,963-122-7398
Danyette,Girdlestone,,,,dgirdlestonefk@pcworld.com,
Wain,Simons,Podosinovets,06/06/1962,Russia,,236-112-4613
Nat,Kender,Parys,05/11/1958,South Africa,nkenderfm@twitpic.com,686-279-1416
Kendre,Willingam,Parobé,01/03/1995,Brazil,,320-883-8848
Pryce,Pipkin,Huikou,08/20/1984,China,,104-633-8789
Ethelbert,Vaissiere,Bahay Pare,05/12/1987,Philippines,evaissierefp@free.fr,935-123-0334
Duky,Talboy,Huangfang,08/26/1976,China,,358-255-5938
Lidia,Butler,Gasi,10/04/1996,China,lbutlerfr@cnn.com,479-899-3627
Celestyn,Drohan,,,,,
Margo,Bartoszinski,Isak,05/11/1989,Indonesia,mbartoszinskift@hud.gov,812-808-2059
Nita,Shailer,La Eduvigis,11/02/1969,Argentina,nshailerfu@elpais.com,731-407-9021
Fidelia,Isham,,,,,
Sher,Raylton,Chemodanovka,10/03/1981,Russia,srayltonfw@blog.com,525-429-4311
Maddie,Hatterslay,,,,,
Tiphani,Goodhand,Maromme,10/03/1973,France,tgoodhandfy@odnoklassniki.ru,181-150-5888
Goldina,Greated,Miami,05/29/1985,United States,ggreatedfz@walmart.com,305-656-7054
Josie,Sheehy,Bayrachky,03/28/1961,Ukraine,jsheehyg0@nbcnews.com,147-404-2539
Rene,Brou,Bela-Bela,02/22/1956,South Africa,rbroug1@utexas.edu,632-674-1408
Tammi,Seniour,Yaosai,05/13/1988,China,tseniourg2@t-online.de,394-109-8283
Sauveur,Hartburn,Sukolilo,01/15/1955,Indonesia,shartburng3@facebook.com,214-971-8752
Hyacintha,Kell,San Marcos,08/07/1999,Guatemala,,355-932-0425
Delmore,Hurlestone,Merklín,05/08/1989,Czech Republic,,911-905-4105
Erskine,Toopin,,,,etooping6@lycos.com,
Constantina,Aukland,Shijie,02/23/1964,China,,987-230-0103
Hana,Arnault,Veliki Grđevac,01/25/1977,Croatia,harnaultg8@freewebs.com,265-680-7663
Velma,Doag,Mourelos,09/09/1974,Portugal,vdoagg9@sun.com,675-969-9437
Noni,Seiller,Canauay,09/15/1983,Philippines,nseillerga@foxnews.com,449-215-4595
Liliane,Tomasoni,Tapakrejo,05/14/1983,Indonesia,ltomasonigb@sfgate.com,191-977-1302
Marcus,Elrick,Miribel,06/01/1980,France,melrickgc@google.es,474-480-0870
Aidan,Karus,Kopstal,08/25/1969,Luxembourg,akarusgd@paginegialle.it,205-775-5693
Kimmi,Matthieson,Congas,03/06/1977,Peru,kmatthiesonge@mozilla.com,326-675-0678
Carmine,Whyborn,Karangsari,07/01/1993,Indonesia,cwhyborngf@sciencedaily.com,988-902-8356
Eleni,Southwick,Rondonópolis,09/26/1963,Brazil,,205-591-7257
Sheba,Arthur,Sinegor'ye,05/13/1985,Russia,sarthurgh@webs.com,744-744-5239
Ario,Jirak,Xinglong,11/09/1993,China,ajirakgi@howstuffworks.com,365-280-3090
Cahra,Piddlesden,Longshan,11/14/1994,China,cpiddlesdengj@statcounter.com,296-949-1512
Helaine,Fradgley,Fatufaun,11/17/1963,Indonesia,hfradgleygk@typepad.com,298-220-7125
Liv,Morritt,Pétange,08/21/1984,Luxembourg,lmorrittgl@auda.org.au,809-861-1278
Jermaine,Cauderlie,Coroico,03/08/1966,Bolivia,jcauderliegm@pagesperso-orange.fr,580-278-8044
Erin,Munton,Ettal,04/10/1964,Micronesia,emuntongn@issuu.com,554-156-0685
Valry,Gettins,Perho,10/16/1989,Finland,vgettinsgo@hc360.com,879-982-1034
Curt,Beard,Lücheng,05/20/1975,China,cbeardgp@sohu.com,542-428-4961
Orren,Iorns,Papelón,02/04/1991,Venezuela,oiornsgq@istockphoto.com,524-155-0461
Lacie,Bridges,,,,lbridgesgr@etsy.com,
Ursuline,Basketter,Licupis,12/01/1967,Peru,ubaskettergs@thetimes.co.uk,647-969-2571
Mickie,Surcombe,Jaru,10/04/1954,Brazil,,559-295-4602
Ric,Shedd,Canggang,05/30/1967,China,rsheddgu@cdc.gov,214-564-2318
Cointon,Klauber,Rtishchevo,09/15/1990,Russia,cklaubergv@instagram.com,801-845-2236
Ellyn,Hestrop,Edéa,07/30/1988,Cameroon,ehestropgw@washington.edu,324-443-9615
Sal,Loosley,Skien,10/21/1964,Norway,sloosleygx@samsung.com,841-542-6401
Korella,Folcarelli,Puteaux,08/13/1953,France,,780-582-6036
Cyb,Tims,Ruda Śląska,10/14/1979,Poland,ctimsgz@nba.com,628-132-5710
Hubey,Salvin,Vale de Vila,02/20/1977,Portugal,hsalvinh0@sitemeter.com,181-390-9200
Laurice,Fernao,Stalís,09/06/1954,Greece,lfernaoh1@addtoany.com,540-313-8473
Thaxter,Titcom,Zwolle,08/25/1988,Netherlands,,340-576-6468
Clemente,Doyland,Noginsk,08/09/1970,Russia,cdoylandh3@purevolume.com,911-226-8513
Patton,Leil,Lazo,11/23/1980,Russia,pleilh4@issuu.com,861-327-2623
Raymund,Sparrowe,Verkhniy Dashkesan,07/18/1985,Azerbaijan,rsparroweh5@usa.gov,283-464-9021
Helenelizabeth,Ellaman,Roissy Charles-de-Gaulle,07/07/1954,France,hellamanh6@ca.gov,337-779-4837
Thomasa,Otley,Chinoz,06/10/1985,Uzbekistan,totleyh7@g.co,410-793-9421
Ilyssa,Kivelhan,Puconci,08/21/1985,Slovenia,ikivelhanh8@businesswire.com,360-313-2354
Arvin,Burrow,Puerto Madryn,03/12/1995,Argentina,aburrowh9@eventbrite.com,611-222-2267
Hortense,Pinel,Serra Negra,10/10/1954,Brazil,hpinelha@usatoday.com,545-829-2041
Rosella,Mewe,Werang,05/01/1958,Indonesia,rmewehb@mashable.com,564-523-7805
Barbara-anne,Weavers,Dinjo,02/16/1980,Indonesia,bweavershc@about.me,698-158-6262
Norton,Seldon,Sandviken,08/05/1986,Sweden,nseldonhd@webmd.com,118-667-8520
Wilmette,Stutter,Bosanski Šamac,07/31/1970,Bosnia and Herzegovina,wstutterhe@nhs.uk,931-528-8186
Tommy,Eymor,Marugame,05/30/1987,Japan,teymorhf@trellian.com,686-755-5848
Allister,Haysom,San Cristóbal,11/26/1970,Dominican Republic,ahaysomhg@guardian.co.uk,241-782-2341
Everett,Prawle,Kryvyy Rih,01/01/1960,Ukraine,eprawlehh@imdb.com,486-386-1559
Paxon,McSorley,Yuzhno-Sukhokumsk,01/11/1959,Russia,pmcsorleyhi@imdb.com,595-131-0418
Hadrian,Duxbarry,Duyure,01/16/1958,Honduras,hduxbarryhj@google.fr,316-533-2516
Pauli,Wishkar,Göteborg,05/03/1950,Sweden,pwishkarhk@latimes.com,717-673-1721
Bing,Magog,Hegarmulya,12/18/1973,Indonesia,bmagoghl@imdb.com,175-699-0727
Anson,Kynforth,Zlatni Pyasatsi,10/23/1993,Bulgaria,,247-362-5859
Melamie,Fishbourn,Fundación,03/27/1999,Colombia,,430-367-8816
Lulu,Vedenisov,Laborie,04/20/1995,Saint Lucia,lvedenisovho@over-blog.com,489-647-8969
Fallon,Okenfold,Tsil’na,09/07/1963,Russia,fokenfoldhp@wp.com,938-936-3414
Beitris,Beatens,,,,bbeatenshq@privacy.gov.au,
Oates,Pelman,Pereyaslovskaya,09/13/1998,Russia,opelmanhr@zimbio.com,151-165-4963
Jabez,Furminger,Stockholm,03/12/1974,Sweden,jfurmingerhs@livejournal.com,312-336-3763
Jorgan,Corson,Aminga,12/21/1999,Argentina,jcorsonht@baidu.com,135-856-4912
Sharleen,Cowndley,Wailolung,05/07/1993,Indonesia,scowndleyhu@furl.net,865-691-3417
Sandy,Orman,Lizhuang,11/03/1961,China,,928-904-8909
Rafaello,Sondon,Almelo,12/08/1972,Netherlands,,584-491-0393
Emera,Humm,Qidu,08/30/1997,China,ehummhx@yale.edu,321-750-8467
Nan,MacGeaney,Jiuchenggong,12/08/1962,China,,334-580-3966
Annmarie,Tithecote,Zengguang,01/17/1963,China,atithecotehz@harvard.edu,469-765-9001
Laverne,Greenstreet,Cajabamba,01/03/1991,Peru,lgreenstreeti0@networkadvertising.org,141-438-4816
Raimundo,Fonte,Sukasenang,05/11/1971,Indonesia,rfontei1@chronoengine.com,515-979-4119
Ashly,Cassells,Beipai,01/22/1990,China,acassellsi2@mediafire.com,553-508-0695
Ezekiel,Juppe,Ngchesar Hamlet,04/09/1963,Palau,ejuppei3@redcross.org,849-941-1493
Liliane,Brazier,Ganja,11/29/1972,Azerbaijan,lbrazieri4@cyberchimps.com,780-611-7364
Reeta,Blainey,Sainte-Thérèse,05/09/1951,Canada,rblaineyi5@yandex.ru,627-155-2996
Emmit,Drinan,Chişinău,06/14/1997,Moldova,edrinani6@drupal.org,876-148-6478
Hyacinthe,Gallant,Nanqiao,07/29/1971,China,hgallanti7@123-reg.co.uk,433-773-7787
Lexi,Cookley,Nariño,03/29/1996,Colombia,lcookleyi8@goo.gl,982-448-3809
Niall,Kettlestringe,Pule,05/25/1962,Indonesia,,198-967-8069
Sunny,Macartney,,,,,
Eydie,Purcer,Anguil,01/19/1959,Argentina,epurcerib@123-reg.co.uk,761-288-4476
Barbara,Blackett,Nanyue,02/10/1972,China,bblackettic@tumblr.com,954-499-5385
Yanaton,McGuinness,Alvito,07/01/1966,Portugal,ymcguinnessid@uiuc.edu,396-223-7271
Bertrando,Rebert,Alajuela,02/04/1997,Costa Rica,brebertie@microsoft.com,200-417-4802
Andrey,Rambadt,Крива Паланка,04/24/1969,Macedonia,,756-690-7146
Ludovika,Zeplin,Yinkeng,05/12/1978,China,lzeplinig@ted.com,762-394-1211
Susy,Megainey,Chenglin,10/31/1988,China,smegaineyih@telegraph.co.uk,642-321-6057
Kaine,Haycox,Pyhäntä,06/06/1977,Finland,khaycoxii@twitter.com,572-423-8420
Palm,Voden,Baucau,04/14/1981,East Timor,pvodenij@1688.com,714-604-8962
Dodie,Mordaunt,Jembayan Hitam,11/17/1993,Indonesia,dmordauntik@accuweather.com,296-351-2212
Lucian,Houlridge,Stoney Ground,02/17/1976,Anguilla,,527-557-3166
Samara,Kaindl,Ejmiatsin,04/25/1994,Armenia,skaindlim@networksolutions.com,252-900-9773
Corrie,Rogeon,Bozhou,09/30/1979,China,crogeonin@hibu.com,819-482-5549
Nevile,Zamboniari,New Haven,10/08/1975,United States,,203-151-4238
Genna,Parman,Gupakan,11/14/1961,Indonesia,gparmanip@fda.gov,408-760-3610
Nonnah,Pinnell,Almalaguês,12/04/1966,Portugal,npinnelliq@163.com,806-913-7787
Rudyard,Goodburn,Ágios Týchon,05/08/1952,Cyprus,,622-127-6458
Patty,Pellant,Shuangxikou,10/09/1954,China,ppellantis@oaic.gov.au,851-200-0995
Gustaf,Petrelluzzi,Banjar Ambengan,12/25/1963,Indonesia,gpetrelluzziit@ask.com,705-589-9703
Philippe,Capeloff,Santa Marta de Penaguião,07/07/1971,Portugal,pcapeloffiu@blogs.com,472-300-0406
Hillier,Cork,Khondāb,05/31/1972,Iran,hcorkiv@alibaba.com,665-997-9747
Sonia,Baston,La Rochelle,12/16/1968,France,sbastoniw@google.co.jp,471-312-8262
Elwin,Cromett,Göteborg,04/05/1958,Sweden,ecromettix@nature.com,481-929-0707
Wallas,Nelligan,San Agustin,05/04/1966,Philippines,wnelliganiy@mac.com,643-653-0098
Maurizio,Tetsall,Podgorica,06/30/1974,Montenegro,mtetsalliz@google.com.hk,376-695-3949
Dewey,Woollam,Feondari,07/16/1971,Indonesia,dwoollamj0@unc.edu,223-178-1441
Osborne,Jahncke,Skarżysko-Kamienna,02/19/1974,Poland,ojahnckej1@boston.com,544-479-8913
Tanitansy,Trow,Évry,07/30/1994,France,ttrowj2@hao123.com,575-760-1131
Ada,Streeter,Jincheng,03/31/1987,China,astreeterj3@soup.io,374-787-1932
Kerry,Canto,Ghauspur,02/04/1953,Pakistan,kcantoj4@hubpages.com,161-403-3383
Abdel,Sawood,Shamkhor,01/09/1984,Azerbaijan,asawoodj5@hud.gov,745-922-4553
Luca,Sumner,Stockholm,03/20/1964,Sweden,lsumnerj6@irs.gov,624-591-5634
Flossie,Oller,Ugbokpo,05/30/1998,Nigeria,follerj7@homestead.com,249-815-1683
Fidole,Sharville,Ayagoz,08/24/1980,Kazakhstan,fsharvillej8@tinyurl.com,749-816-3326
Rance,Dodle,Kandang Timur,07/09/1973,Indonesia,,185-921-7801
Gerri,Hazeup,Lingyuan,01/06/1992,China,ghazeupja@gravatar.com,743-430-0541
Garner,Lumsdaine,Ganquan,02/12/1960,China,glumsdainejb@amazon.com,752-799-9020
Leroy,Gandley,San Juan,12/06/1950,Philippines,lgandleyjc@deviantart.com,276-134-9195
Ollie,Garrat,Falāvarjān,01/04/1970,Iran,ogarratjd@cdc.gov,720-249-4615
Reg,Blaschke,Bressuire,07/20/1993,France,,134-796-2238
Kane,Downing,Wiwilí,04/29/1951,Nicaragua,kdowningjf@feedburner.com,967-874-0890
Traci,Brauner,Żabno,11/04/1954,Poland,tbraunerjg@facebook.com,337-420-3872
Elsy,Rotham,Petaluma,08/31/1968,United States,,707-847-1219
Emiline,Pawson,Pingpo,06/23/1953,China,,995-413-7506
Corella,Matterface,Ystad,05/26/1990,Sweden,cmatterfacejj@patch.com,145-391-0907
Johnathan,Filipchikov,Guansheng,02/16/1953,China,jfilipchikovjk@toplist.cz,435-308-4909
Curr,Blondell,Orhei,12/23/1999,Moldova,cblondelljl@studiopress.com,131-176-4588
Kameko,Kielt,Smedjebacken,03/15/1971,Sweden,kkieltjm@umich.edu,473-259-7325
Chico,Thornton,Batulenger Barat,09/04/1986,Indonesia,,208-411-0861
Arly,Ingold,Moncada,01/28/1995,Philippines,aingoldjo@harvard.edu,629-928-9412
Chantal,Chadwell,Lady Grey,03/24/1988,South Africa,cchadwelljp@fda.gov,958-914-6382
Celina,O'Kinneally,,,,cokinneallyjq@pen.io,
Tyrone,O'Dunniom,Zudun,03/01/1955,China,todunniomjr@adobe.com,559-756-0352
Nester,Gallymore,,,,ngallymorejs@domainmarket.com,
Gisele,Winchcomb,Ikot-Ekpene,11/17/1975,Nigeria,gwinchcombjt@wired.com,950-822-4951
Sandye,Matschuk,El Peñón,03/01/1988,Dominican Republic,,812-646-1232
Theresina,Longden,Maji,12/27/1985,China,tlongdenjv@zdnet.com,197-903-3663
Darrin,Kimbrough,Angoulême,08/09/1990,France,dkimbroughjw@cbc.ca,184-404-8413
Rochell,Azam,Georgiyevka,01/11/1994,Russia,razamjx@mayoclinic.com,207-276-7629
Wendy,Aspital,Nampula,01/07/1997,Mozambique,waspitaljy@xinhuanet.com,949-957-0058
Valentijn,Milmoe,Tozkhurmato,05/06/1996,Iraq,,967-906-2717
Shayla,Morrad,Huế,09/25/1974,Vietnam,smorradk0@patch.com,420-957-2472
Juliane,McCheyne,Yudaikelike,08/12/1951,China,jmccheynek1@seattletimes.com,467-520-0861
Seamus,Went,,,,swentk2@google.es,
Mose,Wandrich,Aygek,02/20/1992,Armenia,mwandrichk3@icio.us,613-651-2679
Killian,McGairl,Kedungcangkring,04/08/1987,Indonesia,kmcgairlk4@about.me,275-720-5824
Penelope,Carnalan,Hugang,06/14/1971,China,pcarnalank5@kickstarter.com,827-948-0219
Christa,Paz,Kuantan,08/30/1964,Malaysia,cpazk6@dell.com,731-802-9640
Brynna,Rodgerson,Berezivka,10/09/1966,Ukraine,brodgersonk7@sitemeter.com,595-300-7040
Annis,Combes,Ágios Spyrídon,04/11/1979,Greece,,444-605-3725
Liz,Kisby,Novonikol’sk,05/15/1965,Russia,lkisbyk9@amazon.com,892-855-9109
Ashley,Glennie,Muarapinang,07/11/1996,Indonesia,aglennieka@hao123.com,449-728-4771
Karrah,McRory,San Miguel,05/06/1978,Philippines,,982-993-4151
Xena,Callery,Kobleve,04/12/1976,Ukraine,xcallerykc@mediafire.com,283-211-2543
Jareb,Dominetti,Jenesano,11/26/1981,Colombia,jdominettikd@huffingtonpost.com,492-531-2269
Alexandre,Shingles,Lymanske,11/14/1972,Ukraine,ashingleske@pen.io,534-179-3184
Merl,Wapple,Niujiang,02/25/1996,China,mwapplekf@flickr.com,313-363-6489
Hedvig,Miguet,Washington,02/01/1992,United States,,202-859-1585
Jessy,Duding,Shuiying,02/21/1977,China,jdudingkh@bloglines.com,366-159-4095
Beverly,Huntingdon,Mexico,09/27/1989,Philippines,bhuntingdonki@globo.com,644-940-5802
Mireielle,Hodgets,Phonphisai,08/18/1979,Thailand,mhodgetskj@imageshack.us,956-506-2550
Dione,Skipping,Arapongas,07/15/1988,Brazil,dskippingkk@yellowpages.com,739-596-3951
Nikolaos,Monksfield,Huangbu,03/08/1994,China,,347-187-4096
Worth,Ronchi,Xianghu,05/24/1962,China,wronchikm@mysql.com,484-925-0771
Laraine,Primett,,,,lprimettkn@ycombinator.com,
Jillene,Keunemann,Kuching,12/09/1966,Malaysia,jkeunemannko@cornell.edu,613-359-7056
Steffane,Roddick,Romblon,10/16/1996,Philippines,sroddickkp@blogtalkradio.com,321-244-0920
Roobbie,McCrudden,Bayt ‘Anān,04/21/1962,Palestinian Territory,rmccruddenkq@jugem.jp,277-771-9046
York,Regina,Ząbkowice Śląskie,02/09/1982,Poland,yreginakr@i2i.jp,155-370-5222
Mandie,MacKintosh,Strängnäs,02/01/1988,Sweden,,573-718-5094
Coretta,Scroxton,Marseille,06/28/1977,France,,901-959-2621
Leila,Cridlon,Desa Baregbeg,01/02/1974,Indonesia,lcridlonku@acquirethisname.com,138-137-4424
Archibald,Somerled,Drakino,08/12/1967,Russia,,651-967-1534
Ken,Wafer,Verkhnye Syn’ovydne,08/22/1954,Ukraine,kwaferkw@ted.com,273-365-4648
Margeaux,Ramsby,Chicoana,08/27/1993,Argentina,mramsbykx@discovery.com,970-574-0768
Willie,Nibley,Muro,03/05/1951,Portugal,wnibleyky@arizona.edu,829-550-1431
Link,Basson,Ţafas,09/06/1970,Syria,,141-111-0480
Ramon,Bulloch,Cedar Rapids,10/06/1985,United States,rbullochl0@hud.gov,319-495-4106
Abbey,Ciciura,Dębnica Kaszubska,08/02/1963,Poland,aciciural1@i2i.jp,546-449-0140
Eugenie,Bartelli,Bambous Virieux,08/29/1986,Mauritius,ebartellil2@acquirethisname.com,478-734-2638
Dyna,Headford,Shahrak,10/13/1978,Afghanistan,dheadfordl3@dedecms.com,976-313-9821
Carter,Proudley,Naran-mandokhu Somon,06/21/1981,Mongolia,cproudleyl4@earthlink.net,421-933-6580
Sarita,Cracknall,,,,scracknalll5@google.pl,
Lenora,Shearsby,Longmen,04/19/1972,China,lshearsbyl6@youku.com,979-714-9475
Zonnya,Wilderspoon,Labuhan,11/11/1991,Indonesia,,656-501-2731
Ferdinand,Tichner,Kanlagay,01/05/1986,Philippines,ftichnerl8@twitter.com,732-119-3442
Fawne,Stebles,Buenavista,12/17/1995,Colombia,fsteblesl9@google.ru,858-516-6888
Delphine,Menlow,Taloqan,11/01/1967,Afghanistan,dmenlowla@bloomberg.com,824-337-2629
Damiano,Thorneley,Dongyuan,07/11/1992,China,dthorneleylb@opera.com,934-958-6572
Lindi,Howie,Młynary,08/09/1987,Poland,lhowielc@furl.net,893-984-8420
Janice,Lammin,Tayu,12/02/1966,Indonesia,jlamminld@bluehost.com,140-818-6518
Grete,Beckett,Baugo,02/02/1990,Philippines,gbeckettle@msu.edu,154-436-8119
Etty,Guidelli,Koga,05/08/1998,Japan,eguidellilf@census.gov,998-910-2188
Petrina,MacQueen,,,,pmacqueenlg@ucoz.ru,
Estell,Caulier,Lebak,10/25/1981,Indonesia,ecaulierlh@stanford.edu,443-600-3837
Editha,Matisoff,Ülken,10/13/1967,Kazakhstan,ematisoffli@alexa.com,865-705-5251
Hamel,Worthy,Culeng,09/07/1979,Indonesia,hworthylj@google.it,371-881-9107
Happy,Fishlee,Damatou,05/19/1950,China,hfishleelk@ask.com,201-458-6602
Leda,O'Hartnett,Itaporanga,03/21/1998,Brazil,lohartnettll@nhs.uk,912-752-4344
Tommi,Scandroot,Tsyurupyns’k,10/08/1983,Ukraine,tscandrootlm@soup.io,708-518-5989
Trista,Dranfield,Santa Ana,11/18/1990,United States,tdranfieldln@ca.gov,714-224-9038
Lyndel,Griswaite,Yanahuaya,12/23/1967,Peru,lgriswaitelo@rediff.com,154-269-9332
Barbey,Carek,Roanne,03/22/1998,France,bcareklp@posterous.com,430-448-0037
Tremayne,Megarry,Abay,05/04/1987,Kazakhstan,tmegarrylq@furl.net,858-614-1291
Sherwynd,Ibarra,Gulonggang,06/13/1954,China,sibarralr@harvard.edu,970-656-3608
Lonnard,Swan,Kebunan,07/15/1961,Indonesia,lswanls@bloomberg.com,500-226-9986
Lucienne,Jiroutka,Tongda,06/28/1986,China,,214-956-9072
Vern,Olanda,San Roque,12/16/1959,Argentina,volandalu@ucsd.edu,279-540-8266
Eveleen,Tattoo,São Gotardo,03/01/1989,Brazil,etattoolv@google.pl,134-192-3072
Kincaid,Bolin,Maple Plain,12/19/1978,United States,kbolinlw@yellowbook.com,763-319-3659
Urbanus,Chidlow,Bagikkedok Lauk,02/26/1980,Indonesia,uchidlowlx@google.de,825-463-3674
Marja,Ceney,Ibarra,11/15/1979,Ecuador,mceneyly@squidoo.com,596-787-9652
Moss,Piser,Gyōda,01/29/1963,Japan,mpiserlz@loc.gov,264-779-0606
Marielle,Trenouth,Nogent-le-Rotrou,01/30/1992,France,mtrenouthm0@fda.gov,786-617-6334
Catlee,Greaterex,Paninggaran,06/10/1969,Indonesia,cgreaterexm1@over-blog.com,909-155-6725
Lela,Armell,Arboga,01/30/1988,Sweden,larmellm2@narod.ru,997-172-6587
Fabien,Dudney,Bologna,08/16/1957,Italy,,523-927-3652
Adan,Mapledoram,Reisdorf,11/10/1974,Luxembourg,amapledoramm4@comcast.net,758-882-1617
Dorey,Belverstone,Ipameri,06/05/1951,Brazil,dbelverstonem5@fda.gov,327-194-5545
Blondy,Diprose,Calde,02/25/1958,Portugal,bdiprosem6@state.tx.us,923-809-7822
Lester,Candlin,Demir Hisar,02/21/1995,Macedonia,lcandlinm7@google.cn,359-496-4850
Zaneta,Kettel,Viana do Castelo,09/12/1999,Portugal,,509-423-8190
Lettie,Elan,Santo Domingo Oeste,02/16/1952,Dominican Republic,lelanm9@tripod.com,452-852-2155
Barb,Iacopini,Hrušovany u Brna,12/03/1961,Czech Republic,,658-471-8692
Bartolemo,Broyd,Áyioi Apóstoloi,03/05/1971,Greece,bbroydmb@cmu.edu,497-760-9464
Dory,Brigg,Wielka Nieszawka,12/19/1967,Poland,dbriggmc@over-blog.com,246-674-8230
Maisey,Mallard,Dori,12/21/1971,Burkina Faso,,647-361-0084
Taryn,Childes,,,,tchildesme@exblog.jp,
Brook,Strugnell,,,,,
Monte,Amerighi,Peza e Madhe,11/02/1966,Albania,mamerighimg@skyrock.com,847-128-4902
Jemmy,Aveline,Kafr al Labad,08/09/1950,Palestinian Territory,javelinemh@lycos.com,333-581-3277
Fee,Sweetman,Puwa,03/22/1985,China,,659-307-9447
Eldridge,Bohje,Krasnaya Polyana,10/26/1988,Russia,ebohjemj@nifty.com,385-204-0487
Muriel,Eymor,Berbérati,03/05/1987,Central African Republic,meymormk@shutterfly.com,654-946-0331
Meggy,Allanby,Gaoqiao,06/25/1950,China,mallanbyml@is.gd,843-532-1722
Stirling,Babb,Taishan,11/20/1979,China,,362-280-3477
Zak,Hirsthouse,Barraute,12/24/1962,Canada,zhirsthousemn@woothemes.com,814-226-5504
Abagail,Mee,Reshui,02/20/1991,China,ameemo@ft.com,702-606-0674
Joshia,Boissier,Huangrangping,03/06/1985,China,jboissiermp@uol.com.br,599-373-6954
Lyman,Kauble,Columbus,05/25/1995,United States,,614-800-7216
Tonnie,Spincks,Upper Hell's Gate,08/21/1951,"Bonaire, Saint Eustatius and Saba ",tspincksmr@zdnet.com,102-499-5959
Valaree,Downton,,,,vdowntonms@nationalgeographic.com,
Shelton,Vigietti,Yantongtun,10/26/1953,China,svigiettimt@icq.com,917-171-2388
Jean,Davson,Gachalá,04/16/1966,Colombia,jdavsonmu@unicef.org,687-783-9410
Zulema,Hawkeswood,Burrel,05/17/1981,Albania,zhawkeswoodmv@wsj.com,325-452-4849
Artemas,ducarme,Boracéia,09/29/1955,Brazil,aducarmemw@vk.com,972-193-5792
Beaufort,Alleway,Yanyang,11/26/1967,China,,735-756-6154
Curt,Gheorghe,Leon Postigo,04/01/1993,Philippines,cgheorghemy@cnet.com,555-971-3826
Kristy,Pimblotte,San Antonio,01/07/1956,United States,kpimblottemz@cam.ac.uk,210-420-0714
Katrina,Ogborne,Watari,01/30/1977,Japan,kogbornen0@usgs.gov,353-978-2660
Val,Humby,Xiangyang,12/07/1956,China,vhumbyn1@boston.com,556-183-6311
Hillary,Moody,Costa Rica,12/18/1954,Brazil,hmoodyn2@chicagotribune.com,528-583-2713
Aldo,Whitebrook,Jaunpils,03/07/1984,Latvia,awhitebrookn3@ow.ly,444-118-5709
See,Barbe,Thiès Nones,09/12/1961,Senegal,sbarben4@cafepress.com,284-667-0311
Vinny,Tape,Namie,06/09/1965,Japan,vtapen5@theglobeandmail.com,413-986-4215
Curcio,Deetlof,Brinje,07/06/1987,Croatia,,657-888-7088
Svend,Balshen,Melun,12/05/1976,France,sbalshenn7@time.com,623-639-8896
Pammy,Pidwell,Mar del Plata,04/30/1960,Argentina,ppidwelln8@sciencedirect.com,186-386-8890
Staci,Willeman,Chaiyo,10/12/1989,Thailand,swillemann9@freewebs.com,192-240-5534
Valene,Sedgeman,Grand Junction,03/09/1981,United States,,970-897-4571
Cornelia,Van Der Walt,Krajan,10/17/1975,Indonesia,cvanderwaltnb@amazon.com,677-992-9115
Mic,Mumbray,Mosteiró,09/06/1986,Portugal,mmumbraync@sfgate.com,530-294-4469
Myriam,Corke,Phon Phisai,08/03/1979,Thailand,mcorkend@newyorker.com,966-483-8267
Magnum,Turvey,Rožďalovice,05/05/1951,Czech Republic,mturveyne@webeden.co.uk,845-440-0088
Adriana,Altamirano,Gungguh,03/08/1961,Indonesia,aaltamiranonf@sakura.ne.jp,665-723-4082
Aridatha,Beddow,Beitou,05/02/1993,China,abeddowng@vinaora.com,929-418-8956
Cal,Uccello,Malino,01/08/1965,Philippines,cuccellonh@state.tx.us,926-531-0264
Read,MacFadin,Leiden,02/18/1971,Netherlands,rmacfadinni@slashdot.org,882-426-1703
Samantha,Strafford,Wilcza,02/21/1974,Poland,sstraffordnj@usatoday.com,176-339-3049
Nikki,Houldcroft,Yuhe,06/29/1980,China,nhouldcroftnk@java.com,399-784-0657
Giraud,Heys,Carenang Lor,09/16/1972,Indonesia,gheysnl@webnode.com,219-983-6361
Celia,Favey,Kuybyshevo,07/29/1954,Russia,cfaveynm@ycombinator.com,549-878-1879
Gleda,Melville,Cikiray,04/30/1952,Indonesia,gmelvillenn@parallels.com,877-101-4696
Fanni,Cunniam,La Reforma,03/20/1950,Guatemala,fcunniamno@imageshack.us,887-689-4139
Brandon,Reynard,Settat,06/07/1952,Morocco,breynardnp@godaddy.com,694-882-9274
Mady,Ende,Ambanja,09/21/1979,Madagascar,mendenq@geocities.jp,627-777-7039
Irita,Petroulis,Jatipamor,08/31/1969,Indonesia,ipetroulisnr@vinaora.com,565-773-8087
Land,Klampk,Itaparica,10/26/1975,Brazil,lklampkns@bluehost.com,788-337-8452
Laney,Stayt,Boleszkowice,10/29/1998,Poland,lstaytnt@marketwatch.com,500-970-7428
Doll,Gregolotti,Kalahang,09/28/1961,Indonesia,dgregolottinu@ca.gov,458-957-0983
Stevana,Elsby,Guandu,10/28/1986,China,selsbynv@bing.com,177-438-5772
Colline,Blaik,Juhaynah,11/16/1979,Egypt,,341-936-2881
Wanids,Orchart,Jutrosin,10/21/1963,Poland,worchartnx@un.org,487-346-8870
Vale,MacGow,Gelgaudiškis,06/16/1959,Lithuania,vmacgowny@dailymotion.com,960-236-0326
Beverley,Bedson,Non Sila,09/08/1966,Thailand,bbedsonnz@google.nl,489-178-6114
Michal,Gollard,Kalāleh,10/05/1961,Iran,,693-321-3964
Perceval,Leile,Zhankhoteko,04/15/1995,Russia,pleileo1@slate.com,808-361-2943
Angelika,Baudinelli,Rolante,01/25/1968,Brazil,abaudinellio2@home.pl,597-663-8682
Alidia,Bodiam,Bolesławiec,07/03/1971,Poland,abodiamo3@engadget.com,576-346-8269
Nero,Espadero,Toledo,06/10/1982,United States,nespaderoo4@tumblr.com,419-461-3269
Antoine,Sparling,Drammen,04/26/1961,Norway,asparlingo5@imgur.com,370-512-6236
Melessa,Culverhouse,Puhechang,06/12/1965,China,mculverhouseo6@nba.com,402-404-6178
Burk,Tomovic,,,,btomovico7@microsoft.com,
Coop,Ingrem,Batan,05/05/1975,China,cingremo8@about.me,704-172-6555
Joane,Welbeck,Ziguinchor,10/12/1987,Senegal,jwelbecko9@phoca.cz,465-586-5008
Alyss,Trevino,Brest,07/21/1999,France,atrevinooa@wisc.edu,840-984-2621
Betteanne,Jozefowicz,Kardamás,02/04/1953,Greece,bjozefowiczob@google.ca,163-406-9953
Lib,Aluard,Korniyivka,01/18/1990,Ukraine,laluardoc@over-blog.com,214-263-7485
Grove,Coyett,Dunaivtsi,03/12/1998,Ukraine,,479-576-5646
Dionis,MacNeilage,Marmárion,11/13/1966,Greece,dmacneilageoe@shareasale.com,278-403-7521
Mollee,Annett,Dniprodzerzhyns’k,08/29/1993,Ukraine,mannettof@symantec.com,442-220-8149
Sharline,Erratt,Gachalá,12/31/1989,Colombia,serrattog@indiegogo.com,427-387-9682
Glynnis,Gornall,Osa,11/30/1958,Russia,ggornalloh@seesaa.net,624-669-2060
Petrina,Margerison,Cimişlia,01/24/1951,Moldova,,457-278-5013
Nate,Padginton,Osieczany,10/17/1977,Poland,npadgintonoj@un.org,213-320-4264
Glad,Eyres,Yuanba,10/20/1970,China,geyresok@studiopress.com,687-773-3195
Keelia,McGall,Maoping,07/03/1970,China,kmcgallol@oakley.com,779-670-3790
Corrie,Carlett,San Antonio Oeste,01/28/1975,Argentina,ccarlettom@ustream.tv,344-622-1677
Mollie,Gilstoun,Bulan,08/09/1986,Philippines,mgilstounon@yahoo.com,742-784-5421
Guthrey,Lagde,Sanhe,09/12/1970,China,glagdeoo@arstechnica.com,780-133-1148
Julio,Vakhlov,Tangzi,02/11/1962,China,,466-294-8298
Jobey,Blomefield,Teodoro Sampaio,08/31/1958,Brazil,jblomefieldoq@dyndns.org,206-801-7338
Bronnie,Dunleavy,Loures,04/28/1993,Portugal,,107-138-9707
Ulrike,Lawrenson,Jiucheng,02/12/1998,China,ulawrensonos@ihg.com,677-652-9235
Teddy,Espino,Juranalas,06/27/1967,Indonesia,tespinoot@google.co.uk,526-964-6827
Tedi,Eastbrook,Luar,04/19/1960,Indonesia,teastbrookou@senate.gov,157-102-9027
Allister,Lowre,Riangkroko,12/28/1954,Indonesia,alowreov@prweb.com,138-519-9260
Jacinta,Badcock,Yiyang,11/20/1956,China,jbadcockow@mozilla.com,355-725-8371
Jeanelle,Kirkham,Farah,12/12/1980,Afghanistan,jkirkhamox@geocities.jp,904-225-3578
Cyril,Simeone,Pirca,05/25/1957,Peru,csimeoneoy@hatena.ne.jp,950-361-9021
Carlee,Paulon,,,,cpaulonoz@plala.or.jp,
Obadiah,Wenderott,Lashkar Gāh,12/15/1993,Afghanistan,owenderottp0@answers.com,962-489-2992
Ursuline,Jezzard,Parada de Todeia,01/23/1961,Portugal,,140-161-2764
Helen-elizabeth,Farrin,Santo Domingo,11/09/1954,Philippines,hfarrinp2@vinaora.com,869-721-8780
Tobe,Purdy,San Carlos,07/07/1962,Bolivia,tpurdyp3@sciencedirect.com,544-988-4464
Catie,Jiricka,Heku,08/13/1978,China,cjirickap4@tmall.com,633-810-3646
Bartolemo,Million,Gojō,09/09/1999,Japan,,256-690-7034
Frederico,Swindall,Songjianghe,03/22/1987,China,fswindallp6@prlog.org,296-284-3956
Chase,Trebbett,Tommot,04/03/1986,Russia,ctrebbettp7@npr.org,445-960-4924
Granny,McJerrow,Bělá pod Bezdězem,06/02/1970,Czech Republic,gmcjerrowp8@shutterfly.com,125-177-4859
Onfre,Forkan,Folques,12/30/1951,Portugal,oforkanp9@mapy.cz,802-586-4067
Barr,Dearell,Rufino,01/21/1975,Argentina,bdearellpa@printfriendly.com,501-370-0974
Brew,Hillyatt,São Manuel,03/26/1954,Brazil,bhillyattpb@cornell.edu,964-502-7742
Mabel,Happer,Budapest,07/14/1968,Hungary,mhapperpc@wiley.com,775-939-0223
Dilly,Nequest,Levoberezhnaya,09/01/1986,Russia,dnequestpd@cocolog-nifty.com,122-865-0859
Dell,Bene,Nakama,12/09/1995,Japan,dbenepe@surveymonkey.com,991-150-2978
Marleah,Penelli,Fufang,11/11/1987,China,mpenellipf@time.com,106-592-9688
Jock,Lytton,Dagushan,12/05/1994,China,jlyttonpg@mayoclinic.com,510-753-8971
Colet,Hourigan,Pandanwangi,10/29/1960,Indonesia,chouriganph@networkadvertising.org,444-969-4064
Rodrigo,Pheazey,Kara Suu,10/06/1956,Kyrgyzstan,rpheazeypi@shinystat.com,290-866-1555
Vin,Grent,Espinal,12/21/1988,Colombia,vgrentpj@hp.com,430-832-4375
Teodoro,Deboick,Bayang,12/31/1955,China,tdeboickpk@yahoo.com,505-127-3744
Karia,Cess,Cegłów,05/04/1960,Poland,kcesspl@answers.com,439-141-7135
Cristabel,Zolini,Lewo,10/25/1972,Indonesia,czolinipm@state.tx.us,145-911-3739
Rita,Wegner,Cherskiy,03/24/1964,Russia,rwegnerpn@scribd.com,787-238-9333
Lazare,Shorter,,,,,
Elyse,Rowson,Somovo,03/31/1969,Russia,erowsonpp@360.cn,220-765-8250
Yorke,Crayton,Bang Rakam,11/10/1997,Thailand,,666-321-7247
Hester,Wones,Novokhopërsk,07/09/1986,Russia,hwonespr@skype.com,634-752-6744
Martie,Ferraron,Trogan Barat,01/30/1997,Indonesia,mferraronps@geocities.com,846-875-5198
Foss,Yorath,,,,fyorathpt@unc.edu,
Humbert,Baile,Qinggou,04/15/1991,China,hbailepu@unc.edu,871-613-3067
Berenice,Norheny,Taobei,12/23/1991,China,bnorhenypv@bluehost.com,755-607-4624
Sloane,Campana,Pedro Sánchez,04/18/1976,Dominican Republic,,933-622-5804
Francois,Johananoff,Biting,10/24/1987,Indonesia,fjohananoffpx@hatena.ne.jp,192-251-0336
Meghan,Wyldbore,,,,mwyldborepy@npr.org,
Willard,Vedyashkin,Blučina,10/02/1955,Czech Republic,,425-829-0792
Dewie,Fowlston,Bunobogu,11/11/1988,Indonesia,dfowlstonq0@bloomberg.com,762-184-3436
Zak,Jerrome,Metahāra,07/24/1996,Ethiopia,zjerromeq1@gizmodo.com,103-255-2193
Demetri,Zannetti,Bratislava,12/16/1960,Slovakia,,888-958-8893
Myrtice,McNeilly,Karanganyar,10/27/1981,Indonesia,mmcneillyq3@state.gov,359-685-0432
Shannah,Littleton,Port Barton,02/14/1974,Philippines,slittletonq4@census.gov,843-674-1263
Debra,Swales,Abuyog,12/30/1981,Philippines,,267-615-8813
Lanie,Spight,Riba de Ave,12/05/1973,Portugal,lspightq6@weibo.com,646-691-9118
Ricky,De Fraine,Donskoy,12/01/1986,Russia,rdefraineq7@nymag.com,235-293-1377
Franny,Andrivot,Jingtou,03/04/1967,China,fandrivotq8@pinterest.com,566-499-5608
Monroe,Sotworth,Tegalagung,11/17/1964,Indonesia,msotworthq9@twitpic.com,872-258-0596
Cordy,Franzonetti,Rudka,04/02/1951,Poland,,716-335-8845
Johnette,Corss,Na Chaluai,07/10/1987,Thailand,jcorssqb@wp.com,521-893-5543
Bertha,Galland,Simao,10/08/1996,China,bgallandqc@last.fm,997-397-9851
Gabbi,Hewkin,Xianrendu,04/10/1964,China,ghewkinqd@hugedomains.com,253-676-0473
Shelton,Readhead,Bangunharja,09/22/1996,Indonesia,sreadheadqe@yelp.com,599-670-4152
Emmi,Bolwell,Motala,11/28/1992,Sweden,ebolwellqf@wikimedia.org,538-235-9887
Cobb,Lagadu,Wudangshan,05/08/1991,China,clagaduqg@linkedin.com,615-526-8535
Stuart,Gilluley,Kutamandarakan,11/24/1985,Indonesia,sgilluleyqh@storify.com,223-668-6453
Fraser,Shercliff,Al Kittah,04/22/1980,Jordan,,318-748-9155
Ophelia,Dunbleton,Deqing,05/28/1972,China,odunbletonqj@histats.com,878-268-4462
Saul,Castilla,Odintsovo,08/25/1997,Russia,scastillaqk@surveymonkey.com,795-369-8055
Rhona,Schnitter,Governador Valadares,08/05/1973,Brazil,rschnitterql@spiegel.de,755-441-1825
Albina,Iacomettii,Cariamanga,12/23/1993,Ecuador,aiacomettiiqm@ox.ac.uk,633-605-1534
Seward,Mumby,Trollhättan,10/31/1957,Sweden,smumbyqn@google.es,362-314-0550
Justinn,Maiklem,,,,jmaiklemqo@xing.com,
Nita,Arniz,Ocoruro,02/05/1985,Peru,narnizqp@i2i.jp,944-742-4064
Trula,Maudett,Poá,09/13/1981,Brazil,tmaudettqq@github.com,274-748-5763
Grantham,Pontefract,Uba,11/25/1989,Nigeria,gpontefractqr@g.co,384-637-9414
Justinn,Crudge,Jablah,01/20/1951,Syria,jcrudgeqs@mapquest.com,598-733-8046
Alexio,Dumingos,Hulitu,09/02/1951,China,adumingosqt@dion.ne.jp,852-546-3982
Kinnie,Kemish,Jincheng,12/12/1991,China,kkemishqu@timesonline.co.uk,901-728-7014
Farlee,D'Oyly,Drammen,02/28/1986,Norway,fdoylyqv@comcast.net,685-460-0010
Tris,McLagain,Phong Điền,08/14/1965,Vietnam,tmclagainqw@nifty.com,978-539-1893
Polly,Perle,Croix,02/08/1997,France,pperleqx@fda.gov,746-349-1505
Edyth,Ferran,Ciego de Ávila,04/28/1953,Cuba,eferranqy@purevolume.com,839-679-6818
Walker,Rallinshaw,Bagan,07/24/1982,Russia,wrallinshawqz@hhs.gov,474-180-3313
Alvie,Moston,Kołaczyce,10/16/1983,Poland,amostonr0@google.it,997-373-2578
Boigie,Wonter,Hermanus,08/24/1990,South Africa,bwonterr1@marriott.com,102-346-3440
Stephenie,Crewdson,Thanh Nê,05/01/1986,Vietnam,screwdsonr2@yellowbook.com,299-291-6553
Northrop,Grief,Hikkaduwa,01/04/1993,Sri Lanka,ngriefr3@stanford.edu,369-955-3569
Conni,Offner,Soito,10/14/1986,Portugal,coffnerr4@t-online.de,592-835-3434
Costanza,Henricsson,Xietang,06/30/1990,China,,270-225-4796
Roland,Sang,Ketapang,06/02/1986,Indonesia,,664-824-7040
Rudy,Esley,Caldas da Rainha,06/10/1984,Portugal,resleyr7@marriott.com,959-742-7925
Evy,Floyd,Jeding,10/22/1993,Indonesia,efloydr8@google.com.br,255-208-5113
Haily,Leyshon,Alubijid,07/23/1995,Philippines,hleyshonr9@geocities.com,358-611-5428
Marni,Iannitti,Jaguimitan,05/30/1997,Philippines,miannittira@cdc.gov,371-879-7505
Conrado,Rainbow,Lanchkhuti,05/11/1960,Georgia,crainbowrb@fema.gov,255-269-3447
Rudy,Maryan,Liancheng,01/17/1968,China,rmaryanrc@a8.net,906-653-8442
Theodosia,Vasyutochkin,Mandalasari,11/25/1984,Indonesia,,617-152-3083
Dillon,Musk,Nyima,03/19/1985,China,,195-459-9864
Alonso,Bliven,Koysinceq,05/25/1982,Iraq,ablivenrf@wix.com,715-831-2030
Romona,Toderbrugge,Zongzhai,06/11/1957,China,rtoderbruggerg@infoseek.co.jp,662-144-6065
Tessi,Hann,Denyshi,06/30/1991,Ukraine,thannrh@behance.net,178-284-5246
Vite,Picken,Rizal,08/03/1992,Philippines,vpickenri@geocities.jp,612-589-9422
Lindi,MacFadyen,Longjie,05/15/1968,China,lmacfadyenrj@ebay.com,257-900-3714
Caleb,Hevey,Bistrica pri Tržiču,03/28/1952,Slovenia,cheveyrk@yahoo.com,968-891-1659
Barrett,Hassin,Xiaoguwei,11/15/1987,China,bhassinrl@spiegel.de,957-619-2062
Valentin,Gallier,Krajan,11/15/1989,Indonesia,,530-437-0134
Ernesto,Orridge,Wangkung,03/21/1987,Indonesia,eorridgern@spotify.com,730-848-8523
Llewellyn,Warham,Miskolc,08/04/1977,Hungary,lwarhamro@nytimes.com,237-651-7948
Devland,O'Curneen,Bar,12/23/1952,Montenegro,docurneenrp@redcross.org,484-880-5235
Trevar,Stanes,,,,tstanesrq@pen.io,
Bethina,Burnand,Hakui,11/13/1969,Japan,bburnandrr@mozilla.com,126-298-2006
