first_name,last_name,birth_place,birth_date,country_living_in,email,phone
Carmencita,Baynham,Fenghuo,11/17/1963,China,cbaynham0@constantcontact.com,750-929-9811
Benjie,Kittles,,,,bkittles1@ucoz.com,
Regina,Nicholl,Pio,09/23/1958,Philippines,rnicholl2@lycos.com,737-689-0659
Jobey,Haighton,Lota,12/23/1950,Chile,jhaighton3@bluehost.com,847-651-2364
Jozef,Chetwin,Tuqiao,03/09/1985,China,jchetwin4@liveinternet.ru,981-768-5460
Curcio,Carnihan,Ourtzagh,10/25/1995,Morocco,ccarnihan5@diigo.com,218-655-7163
Dorena,Eggle,Hengjiang,04/06/1988,China,deggle6@wiley.com,998-416-5476
Tilda,Staples,Ząbkowice Śląskie,09/11/1975,Poland,,285-490-1412
Cordey,Tresise,Växjö,06/29/1978,Sweden,ctresise8@house.gov,819-918-5666
Shalom,Pomfrey,Tân Hưng,03/18/1995,Vietnam,spomfrey9@thetimes.co.uk,714-925-6856
Leroy,Floyd,Seaton,08/07/1989,United Kingdom,,649-813-4472
Dodi,Chalke,,,,,
Fidelity,Colegrove,Ban Mai,05/16/1952,Thailand,fcolegrovec@house.gov,207-873-1353
Irina,Zambonini,,,,izamboninid@elegantthemes.com,
Chantal,Vass,Greensboro,07/30/1958,United States,cvasse@army.mil,336-722-7262
Prince,Maffia,Umm Ruwaba,10/08/1954,Sudan,pmaffiaf@vistaprint.com,415-986-9711
Cleavland,Rudeyeard,,,,crudeyeardg@aboutads.info,
Carlota,McAtamney,,,,cmcatamneyh@uiuc.edu,
Pauletta,Matthews,,,,pmatthewsi@cnbc.com,
Caspar,Pennaman,Kandhkot,06/20/1956,Pakistan,,325-623-5056
Glennie,Dupree,Merlo,05/27/1991,Argentina,gdupreek@uol.com.br,854-790-6240
Elspeth,Quickfall,Farmington,09/23/1974,United States,equickfalll@youku.com,248-359-1659
Kele,Rois,San Juan,09/06/1975,Peru,kroism@uiuc.edu,155-739-9733
Nollie,Beevors,Чегране,12/19/1957,Macedonia,,713-903-1740
Markus,Pinnigar,Fuli,10/09/1954,China,mpinnigaro@thetimes.co.uk,580-730-5353
Arlinda,Aharoni,Teculután,11/22/1965,Guatemala,aaharonip@twitpic.com,115-857-1192
Carlos,McCaughey,Jönköping,04/09/1987,Sweden,cmccaugheyq@usa.gov,547-672-0096
Shaylah,Thwaite,Jiaoqi,03/25/1951,China,sthwaiter@usda.gov,361-388-0540
Giraud,Beeble,Vanáton,06/04/1990,Greece,gbeebles@oakley.com,676-649-3424
Jerrold,Wastling,Charleston,10/21/1987,United States,,304-543-7928
Roda,Sawers,Solok Timur,07/29/1990,Indonesia,rsawersu@posterous.com,221-308-9543
Shaine,Lavington,Mont-Royal,11/18/1984,Canada,slavingtonv@prnewswire.com,660-192-2008
Lizette,Regglar,Shiwan,05/15/1988,China,lregglarw@odnoklassniki.ru,981-788-8725
Gherardo,Elphinston,San Luis Ixcán,04/15/1998,Guatemala,gelphinstonx@nydailynews.com,225-808-1550
York,O'Nowlan,Frösön,04/06/1976,Sweden,yonowlany@goo.ne.jp,480-536-2741
Titus,Father,El Galpón,06/13/1971,Argentina,tfatherz@lycos.com,860-521-4064
Kathryne,Cobson,Chugay,01/04/1950,Peru,kcobson10@amazon.co.uk,305-550-0011
Nikaniki,Cowin,Cimaragas,10/14/1967,Indonesia,ncowin11@topsy.com,529-780-7926
Mata,Carlos,Arboga,07/08/1993,Sweden,mcarlos12@xinhuanet.com,903-697-7251
Bobbee,Moorcraft,Chiquinquirá,02/26/1969,Colombia,bmoorcraft13@devhub.com,689-302-8185
Viviene,Euston,Trebisht-Muçinë,03/10/1953,Albania,veuston14@un.org,612-185-0693
Philomena,Habard,Bawshar,02/25/1981,Oman,,310-730-0611
Chaddie,Tamsett,Yangdi,06/05/1972,China,ctamsett16@scribd.com,156-654-1223
Georgiana,Troyes,Granja,12/29/1977,Portugal,gtroyes17@photobucket.com,781-275-7868
Guillema,Maypowder,Shuya,09/16/1970,Russia,gmaypowder18@theglobeandmail.com,179-506-8425
Hayward,Rounce,Kushikino,08/12/1965,Japan,hrounce19@nyu.edu,815-593-4437
Maje,Leijs,Rizal,06/18/1968,Philippines,mleijs1a@weebly.com,471-526-1625
Marie,Haukey,Lucija,06/04/1971,Slovenia,mhaukey1b@exblog.jp,986-480-1742
Neile,Blogg,Vynohradivka,08/31/1994,Ukraine,,789-738-9170
Stavros,Pudden,Yahotyn,05/29/1961,Ukraine,spudden1d@nationalgeographic.com,788-439-5045
Ezekiel,Sherringham,Dzvinogrud,11/29/1966,Ukraine,esherringham1e@prlog.org,770-802-8677
Ely,Gethins,Reims,07/08/1977,France,egethins1f@wordpress.org,646-615-1574
Brnaba,Blaszczyk,Simo,10/21/1951,Finland,bblaszczyk1g@devhub.com,363-354-0948
Claudetta,Carreck,Xuling,07/12/1964,China,ccarreck1h@psu.edu,604-651-4276
Aimee,Emig,Fuxing,10/28/1972,China,aemig1i@shareasale.com,676-304-0514
Logan,Silverthorne,Beloye,04/15/1972,Russia,lsilverthorne1j@example.com,767-695-2893
Marysa,Domanek,Nankun,02/01/1983,China,,376-490-9184
Orbadiah,Borchardt,Heshan,06/16/1983,China,oborchardt1l@goo.gl,816-594-3847
Conrade,Melesk,San Antonio,03/16/1951,Mexico,cmelesk1m@nytimes.com,763-947-8763
Ninon,Kneller,Malabago,09/11/1964,Philippines,nkneller1n@blogs.com,405-156-7591
Lionel,Blayd,Las Breñas,09/02/1999,Argentina,lblayd1o@wordpress.com,450-926-8834
Maddie,Stanbrooke,Cova Figueira,03/24/1987,Cape Verde,mstanbrooke1p@cbslocal.com,511-409-2631
Tanya,Di Iorio,Bulu,11/13/1982,Indonesia,tdiiorio1q@domainmarket.com,354-507-3439
Jessi,Milham,Huangling,02/27/1991,China,jmilham1r@ed.gov,754-940-8989
Grace,Robbert,Gulonggang,03/14/1983,China,,258-210-0595
Hanny,Pigford,Aizi,02/15/1976,China,hpigford1t@godaddy.com,889-334-9228
Lindsay,Eburah,Saint-Fargeau-Ponthierry,12/03/1971,France,leburah1u@weebly.com,316-286-4349
Warner,Kinchington,,,,wkinchington1v@admin.ch,
Georgine,Warner,,,,gwarner1w@ebay.com,
Ninnetta,Weeke,Troyes,09/05/1972,France,nweeke1x@state.gov,697-977-6458
Germana,Wanden,Lingmen,02/09/1967,China,gwanden1y@blogspot.com,170-757-8510
Gaspard,Balleine,Tahara,08/22/1990,Japan,gballeine1z@ycombinator.com,773-472-0033
Jerry,Sloane,Catungawan Sur,02/28/1969,Philippines,jsloane20@dailymail.co.uk,214-313-0581
Janaya,Giorgielli,Bus’k,12/19/1975,Ukraine,jgiorgielli21@dmoz.org,421-776-4485
Yoko,Hyndman,Kilifarevo,07/29/1958,Bulgaria,yhyndman22@digg.com,341-297-2534
Britte,Prendergast,Notre-Dame-des-Prairies,05/19/1989,Canada,bprendergast23@washingtonpost.com,744-406-5261
Corella,Hurlestone,Cartagena,12/08/1958,Colombia,churlestone24@google.com.au,461-569-4628
Zena,Rao,Abobo,08/15/1973,Ivory Coast,zrao25@engadget.com,231-626-8000
Nahum,Henzley,Aţ Ţīrah,01/09/1978,Palestinian Territory,nhenzley26@google.com.br,945-896-2845
Urbain,Bullock,Taiyu,12/05/1982,China,ubullock27@dell.com,196-621-2275
Elicia,Tocque,Néa Péramos,12/26/1962,Greece,etocque28@cbsnews.com,961-934-6914
Kassie,Fruchon,Nieuw Nickerie,02/18/1974,Suriname,kfruchon29@de.vu,516-597-2838
Sheppard,Partkya,Tyachiv,08/14/1979,Ukraine,spartkya2a@youtube.com,239-912-7077
Belvia,Tarbatt,Midoun,04/17/1995,Tunisia,btarbatt2b@home.pl,977-351-7546
Christiane,Chastney,Liuheng,07/22/1958,China,cchastney2c@eepurl.com,991-420-6449
Galvin,Sooley,Nova Iguaçu,01/14/1982,Brazil,gsooley2d@theatlantic.com,576-138-2190
Averell,O'Cullinane,,,,aocullinane2e@wunderground.com,
Les,Aitchison,,,,laitchison2f@globo.com,
Gonzales,Kingerby,Simpang,11/16/1997,Indonesia,gkingerby2g@ox.ac.uk,529-415-7671
Phylys,Flieger,Kota Kinabalu,06/30/1950,Malaysia,pflieger2h@globo.com,180-685-0613
Griffith,Porcher,Marseille,11/17/1960,France,,212-821-0614
Atlante,Palomba,Malakwal City,08/25/1990,Pakistan,apalomba2j@hostgator.com,296-539-8521
Sallee,Maker,Jarocin,02/24/1991,Poland,smaker2k@over-blog.com,308-987-6744
Janelle,Burgh,Rybczewice,03/04/1965,Poland,jburgh2l@paginegialle.it,149-211-7311
Caspar,Brecknock,Wanhu,05/24/1961,China,,791-237-0240
Kalie,Bolton,Guruyan,06/10/1970,Philippines,kbolton2n@trellian.com,362-485-9891
Vladimir,Pengilley,Lama,08/29/1994,Portugal,vpengilley2o@a8.net,184-888-6271
Jodee,Lilbourne,Iranduba,12/27/1992,Brazil,jlilbourne2p@joomla.org,233-610-1288
Laure,Dello,Dorotea,02/06/1950,Sweden,ldello2q@e-recht24.de,235-961-1796
Trixy,Cochran,Tomice,01/08/1955,Poland,tcochran2r@deliciousdays.com,560-670-9478
Hodge,Rois,København,12/09/1996,Denmark,hrois2s@nyu.edu,168-606-9572
Daryl,Wellings,Zorak,09/29/1997,Armenia,dwellings2t@mashable.com,201-197-7213
Fran,Messent,Ichuña,11/29/1997,Peru,fmessent2u@merriam-webster.com,607-929-4400
Alaine,Kilbey,Langtang,04/17/1981,Nigeria,akilbey2v@epa.gov,449-161-2302
Candra,Dufore,Breia,07/27/1965,Portugal,cdufore2w@trellian.com,614-597-9811
Pat,Conradie,Sarvābād,03/21/1971,Iran,pconradie2x@joomla.org,496-686-4429
Gwenny,Linfield,Syamzha,06/05/1956,Russia,glinfield2y@upenn.edu,874-983-5979
Yolanthe,Verdy,Jāsk,07/01/1964,Iran,yverdy2z@spiegel.de,457-181-4726
Siusan,Swayland,,,,sswayland30@google.ru,
Filmore,Issit,Bouzov,03/31/1954,Czech Republic,fissit31@whitehouse.gov,499-464-9777
Ingaborg,Wisniewski,Phayuha Khiri,12/01/1974,Thailand,,375-456-1682
Sheena,Capewell,Mucllo,07/23/1994,Peru,scapewell33@google.pl,940-951-5712
Margaretta,Darycott,Saipan,01/05/1976,Northern Mariana Islands,mdarycott34@admin.ch,508-618-5616
Eduard,Wickins,Nekhayevskiy,08/21/1966,Russia,ewickins35@yandex.ru,831-511-9737
Mikael,Stanyon,Niigata-shi,05/26/1999,Japan,mstanyon36@buzzfeed.com,628-243-9006
Cyndy,Leuren,Nārang,02/12/1954,Pakistan,cleuren37@list-manage.com,270-543-2808
Pepito,Aldwinckle,Yinjiang,01/20/1963,China,paldwinckle38@wisc.edu,962-360-7116
Myrilla,Coslitt,Hongsi,04/14/1993,China,mcoslitt39@alexa.com,708-621-7640
Dillon,Rizzetti,Trstenik,04/04/1955,Serbia,drizzetti3a@dailymotion.com,362-285-4373
Henry,Halsted,Tayasan,03/26/1995,Philippines,hhalsted3b@zdnet.com,383-844-2533
Tabitha,Filippo,Wolofeo,01/29/1981,Indonesia,tfilippo3c@diigo.com,898-967-9561
Willis,Chieze,Smolino,07/17/1972,Russia,wchieze3d@behance.net,198-497-7250
Marty,Manktelow,Nizhnyaya Salda,01/16/1998,Russia,mmanktelow3e@globo.com,189-486-4732
Patin,Ellison,Jepuro,04/11/1958,Indonesia,pellison3f@weather.com,279-128-6106
Nanny,Greeveson,München,07/31/1959,Germany,ngreeveson3g@hc360.com,936-907-5782
Suzi,Colloff,,,,scolloff3h@ucla.edu,
Kendrick,Simson,Deskáti,04/11/1987,Greece,ksimson3i@reverbnation.com,608-634-9002
Ericha,Clarae,Sabon Gari-Nangere,07/30/1998,Nigeria,eclarae3j@dmoz.org,354-928-4188
Rodrigo,Hefner,Fermelã,09/26/1970,Portugal,,233-529-9871
Rachele,Maine,Saint-Denis,05/17/1955,France,rmaine3l@cbsnews.com,853-860-4354
Carlita,Fenning,Cubará,07/12/1958,Colombia,cfenning3m@forbes.com,535-185-0253
Janey,Kestell,Tanalt,04/05/1998,Morocco,jkestell3n@technorati.com,313-248-4739
Lorrayne,Reoch,Padangbatung,11/16/1966,Indonesia,,671-796-4887
Peirce,De Roos,Biên Hòa,04/10/1989,Vietnam,,821-974-3673
Michelina,Dawtre,Dimitrovgrad,07/28/1961,Bulgaria,,263-331-0512
Sunshine,Waby,Youguzhuang,02/23/1955,China,swaby3r@1und1.de,238-905-0396
Ramsay,Keaves,Shīeli,06/13/1961,Kazakhstan,rkeaves3s@artisteer.com,536-568-5751
Alberik,Defew,Langjun,03/24/1980,China,adefew3t@uol.com.br,642-648-6675
Glen,Pottie,Sanpai,12/17/1988,China,gpottie3u@issuu.com,145-333-7993
Lilian,Wimbridge,Pomerode,07/04/1982,Brazil,lwimbridge3v@netvibes.com,469-675-3646
Myrah,Rockey,Jiangdong,07/20/1956,China,mrockey3w@phoca.cz,150-100-2407
Merv,Varcoe,Oklahoma City,12/20/1962,United States,mvarcoe3x@bbc.co.uk,405-139-9815
Yalonda,Puttergill,La Escondida,01/31/1999,Mexico,yputtergill3y@dailymail.co.uk,956-582-4303
Windy,Maunders,Lingdong,01/27/1963,China,wmaunders3z@omniture.com,729-446-9137
Rasla,Bains,San Ramon,03/16/1979,Philippines,rbains40@blogs.com,320-459-8219
Mattie,Balma,Aranos,11/03/1957,Namibia,mbalma41@google.co.uk,295-542-3587
Vin,Saull,Kubangkondang,02/08/1961,Indonesia,vsaull42@list-manage.com,766-202-6069
Saundra,Allsup,Hamburg,12/01/1960,Germany,sallsup43@constantcontact.com,183-922-8638
Cully,McHarry,Chŏngju,10/09/1975,North Korea,,793-695-9754
Franny,Bolt,,,,fbolt45@nih.gov,
Renell,Bruckmann,Boavista,01/12/1981,Portugal,rbruckmann46@europa.eu,326-885-0758
Veronica,Burdess,Kobylin,05/15/1970,Poland,vburdess47@sbwire.com,327-671-4725
Nollie,Carlozzi,Stockholm,02/08/1951,Sweden,ncarlozzi48@last.fm,151-345-2356
Wileen,Verrick,Riangwale,07/09/1969,Indonesia,wverrick49@csmonitor.com,462-187-3504
Finlay,Bloxholm,Bandung,11/14/1966,Indonesia,,131-116-6659
Dorthea,Malshinger,,,,,
Maryjane,Zienkiewicz,Bunda,09/27/1994,Tanzania,mzienkiewicz4c@ebay.co.uk,971-953-9025
Silvan,Lavery,Sovetskiy,10/31/1971,Russia,slavery4d@github.io,980-149-4509
Kennedy,Coules,Al Marsá,03/10/1963,Tunisia,kcoules4e@arstechnica.com,633-980-0302
Poul,Walewicz,Novoaltaysk,03/18/1963,Russia,pwalewicz4f@java.com,107-945-1614
Selig,Bealing,Fengsheng,03/21/1976,China,sbealing4g@hhs.gov,278-320-8076
Michelina,Hickin,Espargos,05/10/1979,Cape Verde,mhickin4h@angelfire.com,815-490-2800
Mahalia,Brockelsby,,,,mbrockelsby4i@skype.com,
Washington,Liddel,Mamanguape,12/16/1955,Brazil,wliddel4j@google.co.jp,380-572-5774
Ramonda,Dudden,Langtad,03/06/1980,Philippines,rdudden4k@umich.edu,683-278-5010
Nonnah,Curro,Ḩabīl al Jabr,10/29/1958,Yemen,ncurro4l@so-net.ne.jp,784-733-7579
Felike,Murty,Bulls,08/10/1967,New Zealand,fmurty4m@php.net,284-591-4261
Russell,Shoubridge,Dahe,05/29/1959,China,rshoubridge4n@wikipedia.org,858-679-8935
Janeva,Klejna,,,,jklejna4o@comsenz.com,
Eadith,Graddon,Bardiyā,09/30/1974,Nepal,egraddon4p@pen.io,544-363-2738
Constantina,Maginn,Laem Sing,10/06/1973,Thailand,cmaginn4q@psu.edu,484-728-7637
Toby,Johananoff,Puerto Francisco de Orellana,04/25/1990,Ecuador,tjohananoff4r@forbes.com,153-739-6951
Van,Carreyette,General Martín Miguel de Güemes,10/18/1974,Argentina,vcarreyette4s@springer.com,234-322-4211
Wendel,Cousen,Inicbulan,02/25/1954,Philippines,wcousen4t@comcast.net,253-503-7123
Lulita,Gratrex,Ballsh,12/12/1998,Albania,lgratrex4u@intel.com,681-319-4975
Alice,Giveen,Santuario,01/31/1968,Colombia,agiveen4v@jimdo.com,629-629-7609
Kristyn,Riteley,Bile,11/14/1976,Ukraine,kriteley4w@4shared.com,764-962-8802
Tremain,Vedyaev,Pahārpur,05/03/1960,Pakistan,tvedyaev4x@free.fr,435-810-5031
Chrysa,Brakespear,Nixi,04/15/1994,China,cbrakespear4y@ucoz.ru,876-748-4625
Theobald,Chishull,Rosmalen,09/04/1951,Netherlands,,256-186-7585
Gilberta,Attard,Guaíba,12/28/1989,Brazil,gattard50@hc360.com,374-996-3735
Rafe,Dickin,Dongping,10/15/1977,China,rdickin51@craigslist.org,744-279-7330
Emmalee,Bullent,Gostilitsy,02/18/1986,Russia,ebullent52@booking.com,826-167-4845
Gris,Wildash,Shangjing,02/06/1972,China,,492-530-0357
Alisun,Tressler,Dawuhan,08/25/1969,Indonesia,atressler54@drupal.org,461-604-0818
Bobinette,Stegel,Semenivka,11/02/1966,Ukraine,bstegel55@pagesperso-orange.fr,325-694-1933
Sylvan,McConnell,Hema,11/30/1965,China,,584-286-6966
Scarlet,Thumnel,Rubik,07/26/1991,Albania,sthumnel57@zdnet.com,309-767-3926
Rhody,Gulvin,Bengtsfors,01/04/1959,Sweden,rgulvin58@ihg.com,182-271-8431
Dawna,Bampkin,Seattle,04/16/1965,United States,dbampkin59@hugedomains.com,206-323-3811
Gino,McPhelimey,Veltruby,08/29/1986,Czech Republic,,848-977-2517
Alain,Oake,Mobaye,02/15/1956,Central African Republic,aoake5b@boston.com,171-622-7432
Claudie,Dawber,Dampol,05/29/1982,Indonesia,cdawber5c@bing.com,674-468-2926
Cheri,Trowel,Placencia,02/12/1979,Belize,ctrowel5d@blogger.com,416-703-0018
Luis,Gillinghams,Bích Động,03/09/1978,Vietnam,,130-711-3464
Riordan,Belson,Gushi,10/13/1962,China,,865-484-6833
Robinette,Collinette,Kirs,01/26/1994,Russia,rcollinette5g@chronoengine.com,392-136-5020
Cindelyn,Cordner,Kuhmalahti,12/16/1950,Finland,ccordner5h@alibaba.com,787-464-5805
Audry,Gideon,Zainsk,10/15/1990,Russia,agideon5i@google.com.hk,784-148-3610
Helenelizabeth,Griggs,Burgos,06/21/1978,Philippines,hgriggs5j@smugmug.com,628-823-5562
Koenraad,Haskett,Kambove,07/05/1958,Democratic Republic of the Congo,khaskett5k@ucsd.edu,328-498-9587
Shea,MacRonald,Liuli,12/13/1997,Tanzania,smacronald5l@foxnews.com,406-672-6049
Cyrille,Bamlett,Al ‘Awjah,09/28/1987,Iraq,,939-465-8190
Tedda,Chishull,Yinxi,08/01/1985,China,tchishull5n@wired.com,700-646-2123
Christen,Kremer,Tsaghkadzor,06/01/1958,Armenia,ckremer5o@paginegialle.it,721-423-3893
Terrijo,Cawthorn,,,,tcawthorn5p@who.int,
Nevin,Brabin,,,,,
Kimberlee,Rudloff,Atami,03/27/1976,Japan,krudloff5r@histats.com,827-883-3938
Denney,Ternott,Sukonolo Krajan,08/24/1950,Indonesia,dternott5s@taobao.com,951-465-0222
Dorthea,Tebbutt,Barreiras,08/14/1982,Portugal,dtebbutt5t@list-manage.com,583-549-8127
Arthur,Hollidge,,,,ahollidge5u@newsvine.com,
Indira,Ryding,Tegalgede Kulon,03/07/1992,Indonesia,iryding5v@skype.com,456-217-3224
Andros,Neachell,Dambarta,04/29/1997,Nigeria,aneachell5w@buzzfeed.com,366-842-8182
Hans,Rose,Málaga,04/05/1955,Colombia,hrose5x@myspace.com,809-871-3479
Yardley,Dangl,Jiesheng,05/01/1999,China,ydangl5y@uol.com.br,661-294-5109
Ebony,Bader,Vetluzhskiy,06/09/1968,Russia,ebader5z@discuz.net,184-412-4160
Paloma,Bastie,Mutatá,05/24/1963,Colombia,pbastie60@netlog.com,821-836-8950
Farrand,Sollitt,Kalmar,09/04/1975,Sweden,fsollitt61@mediafire.com,996-193-8857
Galven,Overbury,Chiang Yuen,11/24/1999,Thailand,goverbury62@archive.org,716-517-0862
Collie,Urridge,Klumbu,05/24/1989,Indonesia,curridge63@studiopress.com,343-205-0005
Virgina,Banbury,Jaunpils,04/25/1955,Latvia,vbanbury64@google.co.jp,325-713-6644
Kendre,Greensted,San Nicolás,03/29/1978,Honduras,kgreensted65@nydailynews.com,126-784-1717
Fania,Mallender,Nanhuang,10/26/1968,China,,356-279-7080
Lola,Yorkston,Shiqiao,12/03/1950,China,lyorkston67@psu.edu,797-780-1688
Hazel,Slucock,Nioro,07/10/1964,Mali,hslucock68@ed.gov,327-446-8323
Marena,Kaman,Chicago,11/30/1959,United States,mkaman69@tuttocitta.it,312-131-6801
Christiane,Doel,Kiernozia,06/16/1959,Poland,cdoel6a@sogou.com,641-967-4521
Averill,Melling,Ichnya,07/06/1964,Ukraine,,254-588-6841
Karie,Slocum,Skwierzyna,04/02/1999,Poland,kslocum6c@hhs.gov,299-398-6951
Rosetta,Kempston,Anningqu,02/11/1972,China,rkempston6d@webmd.com,976-772-7429
Derril,de Wilde,Tunggulsari,09/30/1993,Indonesia,ddewilde6e@ebay.com,512-210-7034
Jourdain,Bowen,Ceres,10/03/1997,Brazil,jbowen6f@digg.com,912-855-3258
Simona,Prozescky,Siluman,08/01/1951,Indonesia,sprozescky6g@tinyurl.com,210-472-9690
Angelico,Seakes,Tworków,02/04/1978,Poland,aseakes6h@blinklist.com,619-747-0796
Siffre,Goodall,Irosin,06/20/1977,Philippines,sgoodall6i@cornell.edu,746-602-8929
Weylin,Towne,Bilao,02/28/1978,Philippines,wtowne6j@cnbc.com,814-586-2269
Marchelle,Firpi,San Ricardo,05/10/1956,Philippines,,472-407-8253
Hyatt,Drinkhill,Serawai,09/19/1961,Indonesia,hdrinkhill6l@mayoclinic.com,128-394-5106
Carmine,Mullins,Yanghe,07/18/1960,China,cmullins6m@angelfire.com,228-624-5930
Florina,Overell,Orly aérogare,02/06/1994,France,foverell6n@nationalgeographic.com,141-721-8732
Janaya,Coite,Shuiyin,09/20/1964,China,jcoite6o@opensource.org,946-737-6651
Toddy,Raspison,Tuymazy,04/12/1997,Russia,traspison6p@live.com,879-391-5404
Ralina,Hovenden,San Rafael Oriente,08/29/1974,El Salvador,rhovenden6q@sohu.com,623-357-5378
Junette,Baskeyfied,Konstantynów,08/22/1979,Poland,jbaskeyfied6r@yahoo.com,506-294-7188
Arabella,Ricciardo,Guatimozín,09/02/1950,Argentina,aricciardo6s@nasa.gov,468-400-5192
Desiree,Mablestone,Göteborg,04/10/1954,Sweden,dmablestone6t@elegantthemes.com,147-297-8950
Bink,Turfin,Chong’ansi,04/18/1981,China,bturfin6u@admin.ch,770-678-4113
Aidan,Almon,,,,aalmon6v@microsoft.com,
Giustina,Menci,Leon Postigo,06/29/1998,Philippines,gmenci6w@weibo.com,909-313-1066
Bella,Danielsson,Oravais,11/20/1993,Finland,bdanielsson6x@wikispaces.com,182-471-5666
Jesus,Inchan,Sicheng,03/11/1976,China,jinchan6y@artisteer.com,227-162-3826
Nevil,Heintzsch,Broniszewice,07/12/1956,Poland,nheintzsch6z@parallels.com,457-544-5999
Deva,Storrar,Moxi,10/31/1963,China,dstorrar70@tumblr.com,109-970-0931
Kathleen,Abrahmovici,Melrose,09/15/1977,Mauritius,kabrahmovici71@opensource.org,133-741-8346
Berenice,Lasty,Zoumaping,03/23/1956,China,blasty72@cnn.com,409-362-3878
Dana,Jira,Krasnokuts’k,01/30/1995,Ukraine,djira73@va.gov,150-662-0363
Hernando,Pezey,Huxiaoqiao,05/31/1995,China,hpezey74@patch.com,312-873-4989
Annabell,McFfaden,Xinhua,03/12/1950,China,amcffaden75@columbia.edu,384-596-6034
Ardyce,Shildrake,Selaawi,08/29/1986,Indonesia,ashildrake76@tinyurl.com,493-740-0528
Zelma,Gerleit,Čajniče,01/29/1968,Bosnia and Herzegovina,zgerleit77@shutterfly.com,367-896-9828
Angel,Hunnam,Emiliano Zapata,11/22/1959,Mexico,ahunnam78@t.co,957-344-8402
Kristine,Denk,‘Izrā,05/15/1989,Jordan,kdenk79@gov.uk,776-151-2590
Jodie,Hunnicutt,,,,jhunnicutt7a@networksolutions.com,
Harwilll,Javes,Georgiyevka,05/06/1951,Russia,,562-240-0545
Rozanna,Freebury,Oekefan,01/09/1976,Indonesia,rfreebury7c@paginegialle.it,618-749-8305
Clare,Wethered,Paris 16,03/07/1967,France,,879-250-4800
Meryl,Gasparro,Áthyra,10/25/1993,Greece,mgasparro7e@1und1.de,919-778-7797
Ardella,Malinowski,Bontang Baru,02/25/1994,Indonesia,amalinowski7f@senate.gov,277-164-5862
Onofredo,Widd,Sukacai,07/28/1978,Indonesia,owidd7g@quantcast.com,185-589-6907
Teador,Huws,Guaymango,03/17/1998,El Salvador,thuws7h@dell.com,199-120-6191
Steve,Augustin,Creil,11/29/1984,France,saugustin7i@marketwatch.com,492-749-7373
Amargo,Codrington,Shanhe,01/05/1968,China,acodrington7j@dell.com,690-270-7302
Venus,Bett,Yessentukskaya,07/05/1970,Russia,,270-833-6573
Federico,Preddy,Vynohradiv,02/09/1973,Ukraine,fpreddy7l@nbcnews.com,308-479-9215
Chiquia,Snare,Budapest,03/10/1958,Hungary,csnare7m@state.tx.us,938-792-0471
Lillis,Norres,Mlanggeng,06/25/1973,Indonesia,lnorres7n@reddit.com,866-139-3927
Corina,Poulsum,Guali,04/20/1996,China,cpoulsum7o@photobucket.com,768-591-9836
Marris,Woodland,Lalukoen Dua,05/14/1996,Indonesia,mwoodland7p@pcworld.com,606-442-6447
Ceil,Lakeland,Pŭrvomaytsi,08/03/1997,Bulgaria,clakeland7q@mail.ru,521-135-2076
Carla,Thews,Longshi,06/05/1979,China,cthews7r@miitbeian.gov.cn,571-724-2413
Lowe,Dalliwatr,Ulyanovsk,02/03/1963,Russia,ldalliwatr7s@tinyurl.com,464-748-9374
Rennie,Fulbrook,Stapleford,12/23/1959,United Kingdom,rfulbrook7t@blogs.com,794-819-5889
Ayn,Bridgeland,Pinheiro,04/06/1995,Portugal,abridgeland7u@odnoklassniki.ru,310-863-7888
Karyn,Doumer,Hongtang,03/26/1996,China,kdoumer7v@list-manage.com,867-591-4117
Randall,Shobrook,Orange,02/14/1969,France,rshobrook7w@e-recht24.de,172-525-0292
Winnie,Pledger,Wates,03/31/1998,Indonesia,wpledger7x@hugedomains.com,734-610-1499
Alexia,Eastabrook,Ma'an,06/07/1985,Jordan,,613-881-1282
Way,Bleckly,,,,wbleckly7z@multiply.com,
Lonee,Gilhooley,Santol,05/16/1986,Philippines,lgilhooley80@parallels.com,715-101-0868
Teodoro,Davers,Daultāla,04/14/1967,Pakistan,tdavers81@twitter.com,979-228-0780
Dona,Aucock,Ranao,09/17/1952,Philippines,,107-533-1435
Harrie,Parsall,Sredniy,06/16/1992,Russia,hparsall83@twitpic.com,984-766-6499
Wylie,Tacker,San Jose,07/07/1959,United States,wtacker84@prnewswire.com,714-272-5526
Leola,Adamo,Berģi,10/14/1958,Latvia,ladamo85@latimes.com,469-593-7844
Gertruda,Huckel,Sallins,03/05/1982,Ireland,ghuckel86@sogou.com,784-879-4917
Byram,Emanuelli,Labnig,10/10/1998,Philippines,,160-436-8946
Liuka,Whellans,Vĩnh Tường,03/04/1965,Vietnam,lwhellans88@over-blog.com,184-661-8774
Shannen,Habergham,Golden,05/13/1987,Canada,,110-505-6411
Avigdor,Gulvin,Aston,02/12/1978,United Kingdom,agulvin8a@unblog.fr,836-415-2738
Clay,Sinnock,,,,,
Hilda,Agiolfinger,Solnechnyy,08/04/1989,Russia,hagiolfinger8c@patch.com,560-544-4039
Wilden,Levins,Purwa,07/26/1980,Indonesia,wlevins8d@nydailynews.com,393-205-5107
Damian,Milesop,Waipare,07/23/1956,Indonesia,dmilesop8e@webs.com,232-630-8869
Jan,O'Scollain,Lishu,12/18/1983,China,joscollain8f@mysql.com,859-840-8270
Yoshiko,Roddam,Nunguan,12/01/1950,Philippines,yroddam8g@unicef.org,694-709-4935
Marchelle,Luetkemeyer,Liujiagou,01/30/1952,China,mluetkemeyer8h@mozilla.org,921-504-9412
Saw,Whiffen,Lyubertsy,06/18/1960,Russia,swhiffen8i@ed.gov,609-817-2154
Kizzie,Croizier,Beipai,06/26/1968,China,kcroizier8j@woothemes.com,741-818-1189
Shannan,Todari,Novokhovrino,01/04/1965,Russia,,468-520-1998
Hildy,Flaxman,Dongla,12/06/1954,China,hflaxman8l@qq.com,459-810-1069
Leigh,Dannehl,Kasungu,05/20/1952,Malawi,ldannehl8m@diigo.com,416-575-1731
Gianna,Croley,Monchegorsk,05/24/1990,Russia,gcroley8n@hc360.com,756-196-1674
Ronnie,Foard,Sida,09/30/1953,Thailand,rfoard8o@geocities.com,767-545-2172
Amelia,Cankett,Shucheng Chengguanzhen,08/06/1998,China,,210-529-8607
Lucien,Crothers,Mito-shi,02/21/1982,Japan,,177-792-5000
Nolana,Screas,Enrile,09/24/1971,Philippines,nscreas8r@purevolume.com,477-848-1970
Francklyn,Baldetti,Bajo Pichanaqui,11/02/1992,Peru,fbaldetti8s@deliciousdays.com,347-659-1162
Waylan,Linwood,Kvänum,02/10/1996,Sweden,wlinwood8t@adobe.com,148-139-4884
Marya,Bailles,Jangheung,05/25/1966,South Korea,mbailles8u@typepad.com,891-173-6408
Beale,Purse,Liuzuo,09/15/1950,China,bpurse8v@slideshare.net,235-254-9488
Livy,Rosenberg,Cijangkar,02/23/1991,Indonesia,lrosenberg8w@gnu.org,455-336-8476
Wenonah,Boughen,Hernani,07/10/1989,Philippines,wboughen8x@skype.com,893-996-8283
Anatola,Shoebrook,Adani,07/01/1955,Nigeria,,293-810-6323
Herby,Fandrey,Leworook,11/03/1985,Indonesia,,273-597-4034
Filberte,Lindmark,Arruda dos Vinhos,12/16/1987,Portugal,flindmark90@bandcamp.com,438-763-9237
Erena,Maingot,Dan Makham Tia,10/16/1990,Thailand,,921-154-4582
Garvy,Tumbelty,Zerkten,06/26/1974,Morocco,gtumbelty92@oakley.com,153-109-8967
Kalil,Crebo,Fort Worth,02/27/1986,United States,kcrebo93@altervista.org,682-954-7330
Nadine,Ingamells,Sceaux,01/19/1963,France,,836-301-2964
Arney,Quantrell,Toyota,08/24/1963,Japan,aquantrell95@usgs.gov,284-200-2351
Abbi,Darmody,Abomsa,07/08/1953,Ethiopia,adarmody96@arizona.edu,451-116-5550
Maxi,Morratt,Gabi,08/29/1987,Philippines,mmorratt97@ucoz.ru,698-562-3394
Audi,Lohoar,Richmond,04/29/1998,Canada,alohoar98@squidoo.com,925-464-7262
De witt,Stuchberry,El Fasher,08/21/1988,Sudan,dstuchberry99@state.gov,398-617-6372
Velvet,Moughton,Bichura,12/16/1987,Russia,vmoughton9a@symantec.com,806-565-0790
Lorens,Mould,Nāḩiyat as Sab‘ Biyār,06/03/1955,Syria,lmould9b@soup.io,913-427-2751
Ameline,Cookley,Karinë,05/06/1982,Albania,acookley9c@moonfruit.com,808-384-2874
Gretna,Truluck,Pak Thong Chai,09/13/1986,Thailand,gtruluck9d@google.de,217-584-0323
Harv,Casillis,Youghal,12/27/1957,Ireland,hcasillis9e@godaddy.com,223-987-1028
Reta,Haddock,Baborów,05/11/1960,Poland,rhaddock9f@scribd.com,953-288-7808
Grove,Pavolillo,Jagistay,05/25/1962,China,gpavolillo9g@bandcamp.com,118-918-2901
Bartlet,Robe,Milwaukee,09/09/1959,United States,brobe9h@networksolutions.com,414-608-9938
Blanch,Allibon,Arraga,01/31/1981,Argentina,ballibon9i@vkontakte.ru,104-257-7241
Van,Wrixon,Vília,01/21/1952,Greece,vwrixon9j@ucoz.com,630-620-6228
Anderea,Reavey,Vila Fria,08/25/1999,Portugal,areavey9k@istockphoto.com,593-634-3316
Brion,Canlin,,,,bcanlin9l@ameblo.jp,
Palmer,Marston,Zhendong,10/14/1971,China,,601-223-2932
Donavon,Trusdale,Karanglincak,02/09/1986,Indonesia,dtrusdale9n@netvibes.com,810-223-1869
Angelia,Petrie,,,,apetrie9o@cbslocal.com,
Glen,Jewer,Nasīrābād,07/11/1982,Pakistan,gjewer9p@webnode.com,998-444-5533
Kerwinn,Ivashinnikov,New Orleans,04/05/1984,United States,kivashinnikov9q@ycombinator.com,504-372-3197
Carver,Mishow,Dukuhpicung,10/26/1982,Indonesia,cmishow9r@oaic.gov.au,893-102-3728
Ethelyn,Gothliff,Nancaicun,08/03/1984,China,egothliff9s@blogs.com,849-783-5306
Lorrie,Valente,Chiguirip,08/26/1997,Peru,lvalente9t@un.org,250-704-9579
Farah,Jirus,Staraya Russa,01/22/1952,Russia,fjirus9u@printfriendly.com,824-853-0315
Meghann,Dugall,Asopós,01/12/1989,Greece,mdugall9v@dmoz.org,312-606-7862
Kile,Roskell,Tayginka,12/16/1986,Russia,kroskell9w@sogou.com,863-345-3884
Monica,Joret,Évry,05/25/1990,France,mjoret9x@bloglines.com,998-477-9784
Chiarra,Youel,Buckland,09/25/1980,United Kingdom,cyouel9y@deviantart.com,306-294-8717
Jackqueline,Kohnert,Shiogama,02/04/1994,Japan,jkohnert9z@hugedomains.com,623-442-1686
Hendrika,Ingman,,,,hingmana0@msu.edu,
Jory,Polkinhorn,Lomboy,03/18/1986,Philippines,jpolkinhorna1@whitehouse.gov,677-932-9838
Maurise,Presslee,Hasaki,05/11/1950,Japan,mpressleea2@rakuten.co.jp,228-587-5989
Araldo,Rubrow,Wanjia,08/26/1985,China,arubrowa3@wikispaces.com,557-154-2686
Jeanna,Ecclesall,San Isidro,04/21/1953,Philippines,jecclesalla4@bbb.org,839-833-4967
Jackson,Blumsom,Inta,10/05/1958,Russia,jblumsoma5@360.cn,861-604-2362
Lyle,Dan,Santa María de Ipire,12/02/1970,Venezuela,,548-325-9283
Barbabra,Wartonby,Fuhai,11/18/1997,China,bwartonbya7@psu.edu,984-627-6410
Donica,Soane,Cachada,03/29/1963,Portugal,dsoanea8@over-blog.com,409-434-4300
Rosamund,Udy,Bous,06/08/1964,Luxembourg,rudya9@walmart.com,250-392-9084
Kilian,Kilvington,Крива Паланка,05/25/1983,Macedonia,kkilvingtonaa@nba.com,347-800-6447
Ricard,Raigatt,Cincinnati,07/06/1984,United States,rraigattab@sakura.ne.jp,513-925-1717
Eugenio,Boyes,Huntsville,09/16/1956,United States,eboyesac@about.com,256-185-0352
Delmor,Winspear,Shiniujiang,12/19/1985,China,dwinspearad@walmart.com,153-323-7327
Shelby,Hefford,Liangcunchang,09/21/1993,China,sheffordae@howstuffworks.com,470-934-0199
Hilton,Lande,Obihiro,03/25/1956,Japan,hlandeaf@facebook.com,694-374-8014
Pammi,Cuncarr,Antopal’,05/22/1966,Belarus,pcuncarrag@paginegialle.it,356-788-9373
Rea,Fraczkiewicz,Rodotópi,11/13/1999,Greece,rfraczkiewiczah@phpbb.com,392-503-4924
Phillipp,Dauby,La Rochelle,08/31/1997,France,pdaubyai@cdbaby.com,410-392-0869
Karon,Domotor,Sabanalarga,08/01/1999,Colombia,kdomotoraj@cpanel.net,153-842-7096
Bronny,MacGillacolm,,,,,
Lorilee,Lowre,Yanwang,12/06/1974,China,llowreal@bloglovin.com,932-455-3009
Mei,Dauncey,Sumberjati,03/04/1997,Indonesia,mdaunceyam@wikispaces.com,776-390-4907
Janie,Blockey,Hejia,10/02/1992,China,,360-568-2786
Schuyler,Claxton,Tambong,11/20/1951,Philippines,sclaxtonao@sourceforge.net,557-150-2251
Bernadene,Coleborn,Apartadó,07/21/1982,Colombia,bcolebornap@prweb.com,425-834-6180
Philipa,Sueter,Lomboy,08/11/1974,Philippines,psueteraq@skyrock.com,363-174-2339
Anatole,Hidderley,Wangcun,02/06/1953,China,ahidderleyar@goodreads.com,339-106-9778
Randie,Lefridge,Ylämaa,03/21/1952,Finland,rlefridgeas@macromedia.com,788-956-2876
Greggory,Landells,San Cristóbal,03/08/1968,Venezuela,glandellsat@bbc.co.uk,702-477-6028
Cart,Stodd,Numan,04/02/1956,Nigeria,,368-159-8133
Lenore,Curry,Guarabira,05/13/1991,Brazil,lcurryav@ning.com,509-954-6344
Henry,Lawrenceson,Quinta de Valadares,04/07/1966,Portugal,hlawrencesonaw@msn.com,494-921-4434
Ella,Banbridge,Padangguci,10/12/1962,Indonesia,ebanbridgeax@drupal.org,525-502-2780
Charlean,Glaserman,Bŭstonqal’a,06/25/1988,Tajikistan,cglasermanay@rambler.ru,104-865-3128
Ignace,Braemer,Bungalaleng,10/20/1983,Indonesia,ibraemeraz@bigcartel.com,914-611-4578
Florry,O'Mohun,Sigu,07/06/1999,China,fomohunb0@discuz.net,417-737-8086
Kath,Lissenden,,,,klissendenb1@marriott.com,
Waylon,Marsay,Bardalah,03/28/1954,Palestinian Territory,wmarsayb2@bbb.org,629-985-4857
Dyanna,Doone,,,,ddooneb3@vimeo.com,
Philbert,Charlo,Tocok,02/17/1986,Philippines,pcharlob4@google.fr,275-912-1096
Udell,Willerstone,Yihe,06/05/1965,China,uwillerstoneb5@examiner.com,364-222-0046
Gratiana,Burtwistle,Jiangna,05/25/1960,China,gburtwistleb6@mapquest.com,389-706-4668
Ginnifer,Haseley,Rautjärvi,09/20/1952,Finland,ghaseleyb7@deliciousdays.com,238-460-6901
Betty,Coolson,Doloplazy,09/10/1996,Czech Republic,bcoolsonb8@cdc.gov,811-436-7734
Morgen,Stearley,Svrljig,08/27/1960,Serbia,mstearleyb9@thetimes.co.uk,146-431-6098
Amie,Wallice,Xuhang,03/30/1995,China,awalliceba@nbcnews.com,933-683-8583
Oralee,Pepys,Gavea,10/18/1965,Brazil,,549-765-3324
Karlan,St Quenin,Quxia,02/26/1965,China,kstqueninbc@virginia.edu,440-893-7316
Vinita,McGown,Winter Haven,07/26/1987,United States,vmcgownbd@mapquest.com,863-463-2571
Maryanne,Keeney,General Pico,07/03/1954,Argentina,mkeeneybe@cnet.com,243-137-7039
Orran,Colombier,Krajan Joho,07/14/1956,Indonesia,ocolombierbf@jalbum.net,171-560-2160
Thornton,Braybrookes,Mayma,10/19/1964,Russia,tbraybrookesbg@yellowpages.com,818-460-5280
Cordell,Sorbey,Jinping,09/27/1968,China,csorbeybh@storify.com,723-754-4800
Lyle,Dallow,Jājarm,07/16/1959,Iran,ldallowbi@hhs.gov,868-885-4381
Cammi,Dreelan,Les Sables-d'Olonne,09/28/1983,France,cdreelanbj@prnewswire.com,183-365-6327
Niccolo,Shave,Dadapan,12/07/1976,Indonesia,nshavebk@w3.org,679-380-4747
Alissa,Fraczak,Chambéry,11/08/1960,France,afraczakbl@weebly.com,508-648-3050
Allx,Ivison,Francistown,09/04/1951,Botswana,aivisonbm@narod.ru,155-975-8656
Penni,Serchwell,Hexing,02/22/1997,China,pserchwellbn@tumblr.com,309-629-8953
Kare,Pharo,Mrkonjić Grad,03/21/1987,Bosnia and Herzegovina,kpharobo@skyrock.com,421-192-1744
Cazzie,Seath,Jimusa’er,03/23/1954,China,cseathbp@gmpg.org,662-574-9993
Elia,Boal,Vitali,07/23/1951,Philippines,eboalbq@e-recht24.de,777-373-9176
Ansel,Chason,New Plymouth,07/09/1998,New Zealand,achasonbr@free.fr,739-893-2362
Gwen,Baseke,Shangrao,07/07/1969,China,gbasekebs@mediafire.com,849-800-0303
Salvatore,Drane,Santa Teresita,10/11/1995,Philippines,,614-606-3962
Ritchie,Scemp,Kazo,04/17/1957,Japan,,678-224-2224
Aundrea,Densell,Grahamstown,05/03/1957,South Africa,adensellbv@nba.com,931-997-0835
Sawyere,Petrelli,Quetta,08/26/1966,Pakistan,spetrellibw@tumblr.com,206-779-0380
Elmo,Curton,Chahe,06/17/1961,China,ecurtonbx@google.ca,775-626-0751
Lissie,Mufford,Quintã,04/06/1994,Portugal,lmuffordby@yelp.com,130-521-2909
Arleen,Rozier,Matsumoto,01/30/1998,Japan,arozierbz@berkeley.edu,745-835-4295
Jocelyn,Ivetts,Gamut,01/01/1960,Philippines,jivettsc0@usgs.gov,750-532-7709
Husein,Nation,Chimtāl,07/01/1972,Afghanistan,hnationc1@icq.com,366-612-6297
Eimile,Sinderland,,,,esinderlandc2@msu.edu,
Shepherd,Halfacre,Matingain,02/01/1984,Philippines,,413-867-8041
Ambrose,Ivakhno,Pereiros,12/18/1971,Portugal,aivakhnoc4@mlb.com,933-970-3191
Lesley,Wickey,Tsul-Ulaan,02/11/1956,Mongolia,,422-810-0541
Norris,Aksell,Fredrikstad,08/15/1984,Norway,naksellc6@i2i.jp,296-878-0464
Clayborne,Coulthard,,,,ccoulthardc7@discuz.net,
Savina,Brayford,Fenyan,05/14/1981,China,,281-106-5184
Quinton,Schutt,Tanjiaqiao,08/14/1960,China,qschuttc9@telegraph.co.uk,902-684-1443
Cecilius,Hovy,Keleleng,05/30/1950,Indonesia,chovyca@hp.com,830-819-4398
Jedediah,Peotz,,,,jpeotzcb@addtoany.com,
Danice,Fullom,Laszki,10/17/1955,Poland,dfullomcc@clickbank.net,743-491-6396
Donia,Sieb,Manorom,11/23/1999,Thailand,dsiebcd@artisteer.com,979-590-1825
Malena,Law,Rokietnica,01/29/1972,Poland,mlawce@google.nl,395-735-3446
Tobiah,Glasheen,Bull Savanna,12/27/1969,Jamaica,tglasheencf@archive.org,203-763-9537
Ailis,Olifaunt,Dawang,07/05/1988,China,aolifauntcg@jalbum.net,508-615-4481
Jerrie,Deans,Huangshi,07/02/1960,China,,818-364-6781
Cassandra,Fullun,Anton,03/17/1986,Bulgaria,cfullunci@jigsy.com,920-848-6219
Peggie,Dicken,Gierałtowice,10/04/1956,Poland,pdickencj@virginia.edu,200-860-1925
Hinze,Dacks,Mazhonghe,03/01/1969,China,hdacksck@answers.com,530-807-5131
Holly,Bowdidge,Lipce Reymontowskie,01/28/1968,Poland,hbowdidgecl@123-reg.co.uk,257-533-5204
Blaire,Foggarty,Naranjal,10/01/1962,Ecuador,bfoggartycm@etsy.com,765-805-2795
Christiana,Ouldcott,Baume-les-Dames,07/30/1956,France,couldcottcn@smugmug.com,101-467-0926
Sidoney,Shortan,Hrvace,10/07/1988,Croatia,sshortanco@mozilla.com,944-511-2256
Auberon,Dowderswell,Barotac Nuevo,10/26/1990,Philippines,adowderswellcp@va.gov,501-452-9847
Elianore,Bernollet,Vale,05/06/1990,Portugal,ebernolletcq@telegraph.co.uk,298-651-9055
Vitoria,Moyle,Semiluki,01/20/1994,Russia,,560-580-5163
Nathalie,California,Caucagüito,11/22/1953,Venezuela,,207-919-5797
Henriette,Siggins,Noginsk,10/10/1991,Russia,hsigginsct@howstuffworks.com,195-504-8457
Ericka,Beauvais,Conqueiros,11/06/1988,Portugal,ebeauvaiscu@clickbank.net,552-975-8429
Pippy,Hollyman,Cilangkap,09/15/1988,Indonesia,,597-932-7940
Pamela,Hurles,Songfeng,12/31/1966,China,phurlescw@jimdo.com,886-704-5916
Karlik,Pietruszewicz,Chenxikou,11/13/1998,China,kpietruszewiczcx@xinhuanet.com,580-779-1206
Jilli,Baynon,,,,jbaynoncy@istockphoto.com,
Patsy,Bartleet,Lubasz,01/28/1988,Poland,pbartleetcz@google.co.jp,225-846-6872
Solly,Spinas,Malasiqui,02/20/1955,Philippines,sspinasd0@360.cn,379-690-2889
Zelig,Wellbeloved,Pyhäranta,07/28/1966,Finland,zwellbelovedd1@globo.com,440-747-7686
Emma,Bittany,Hod HaSharon,10/22/1956,Israel,,528-449-9228
Consolata,Concklin,Kool Tengah,08/24/1983,Indonesia,cconcklind3@imgur.com,527-501-4166
Stan,holmes,Ḩajjah,03/09/1993,Palestinian Territory,sholmesd4@loc.gov,598-312-0731
Tan,Krahl,Huangmei,07/03/1972,China,,395-335-1330
Bancroft,Paoletto,Saubara,01/23/1952,Brazil,bpaolettod6@reference.com,499-202-1417
Petronella,Raddenbury,Criciúma,05/23/1978,Brazil,praddenburyd7@nytimes.com,309-649-6070
Emerson,Begley,Bāglung,12/20/1955,Nepal,ebegleyd8@arizona.edu,347-762-3041
Pamelina,Handscomb,Calasgasan,06/10/1991,Philippines,,349-258-3780
Bucky,Tinwell,San Antonio,05/04/1967,Mexico,btinwellda@gnu.org,730-198-6211
Mufi,Jenk,Caojia,04/23/1993,China,mjenkdb@multiply.com,148-512-4388
Renado,Humphrey,Maria,03/24/1958,Indonesia,rhumphreydc@google.com,559-107-8277
Lela,Whiskin,Kinango,05/25/1962,Kenya,lwhiskindd@spotify.com,992-486-9994
Consuela,Limerick,Pliska,03/15/1959,Bulgaria,,830-590-0286
Amanda,Leece,Alíartos,01/21/1966,Greece,,940-630-1635
Izaak,Silber,Wudabao,02/16/1981,China,isilberdg@wired.com,623-567-2026
Corinne,Mussalli,Velké Opatovice,08/07/1989,Czech Republic,,242-631-7080
Ebba,Gritskov,Kongjiang,07/23/1995,China,egritskovdi@nyu.edu,877-223-8604
Eleonora,Stothard,Stráž,10/03/1952,Czech Republic,estotharddj@fema.gov,168-331-8916
Rafaelia,Waldera,Sungaibengkal,09/28/1980,Indonesia,,694-442-4584
Jenifer,Hargey,Penghu,07/20/1992,China,,356-644-0530
Garnet,Trenaman,Santana,12/22/1984,Brazil,gtrenamandm@elpais.com,902-870-4524
Shela,Feld,Huangmei,07/01/1996,China,sfelddn@reddit.com,392-569-6226
Rivy,Cosgrave,Kafr Mandā,01/17/1979,Israel,,963-152-5611
Cherida,Fursey,Atocha,05/26/1984,Bolivia,cfurseydp@privacy.gov.au,981-662-9402
Archy,Ascough,Changma,04/28/1966,China,aascoughdq@unc.edu,370-545-7849
Gayler,Livermore,Vällingby,12/13/1978,Sweden,glivermoredr@blogspot.com,924-433-0345
Dud,Clail,Łagów,10/24/1953,Poland,dclailds@mediafire.com,658-846-1449
Saxon,Artharg,Árgos,06/16/1999,Greece,sarthargdt@hostgator.com,441-997-6250
Bartolemo,Somersett,Los Angeles,03/24/1978,United States,bsomersettdu@joomla.org,323-982-7416
Datha,Rubinowitch,Lilio,12/20/1978,Philippines,drubinowitchdv@engadget.com,261-612-7074
Wilfred,Dand,Wucun,04/06/1996,China,wdanddw@e-recht24.de,469-490-3924
Nathanael,Drew-Clifton,Hatton,01/27/1960,Sri Lanka,ndrewcliftondx@spiegel.de,133-851-2933
Ashlin,Brimblecomb,Bumba,08/06/1995,Democratic Republic of the Congo,abrimblecombdy@opera.com,735-593-2850
Cate,Jursch,Xiaoshiqiao,03/04/1986,China,cjurschdz@imdb.com,168-156-0177
Catherine,Mithon,Bouna,06/19/1972,Ivory Coast,cmithone0@last.fm,295-447-6010
Hatti,Arrighi,Maradabangga,07/08/1957,Indonesia,harrighie1@friendfeed.com,609-418-8555
Brent,Skittles,Urus-Martan,04/07/1989,Russia,bskittlese2@nasa.gov,872-594-5980
Monroe,Cocci,Tielu,09/05/1951,China,mcoccie3@topsy.com,423-830-4768
Berton,Redmire,La Virginia,02/06/1963,Colombia,bredmiree4@independent.co.uk,512-477-4010
Sidnee,Gaynor,Khallat Şāliḩ,05/21/1999,Palestinian Territory,sgaynore5@jalbum.net,719-162-0828
Sandy,Gabb,Bedadung Kulon,10/18/1967,Indonesia,,183-641-0905
Carla,McGoogan,Kudang,09/18/1967,Indonesia,cmcgoogane7@discovery.com,890-789-7706
Alta,Francisco,Helsingborg,12/19/1992,Sweden,,211-373-7835
Maximilien,Boyington,Säffle,06/06/1988,Sweden,mboyingtone9@google.de,766-482-3481
Al,Beccera,Koua,02/20/1997,Comoros,,243-217-3398
Rustie,Seago,General Ramírez,08/07/1952,Argentina,rseagoeb@cmu.edu,176-291-6118
Ramon,Laidlaw,Balayong,03/03/1978,Philippines,rlaidlawec@nifty.com,589-407-6592
Gaby,Cuming,Tangxi,09/22/1962,China,gcuminged@japanpost.jp,996-953-4082
Nils,Southerell,Salzburg,03/01/1991,Austria,nsoutherellee@fema.gov,864-955-3292
Clarissa,Sottell,Kulary,03/07/1957,Russia,csottellef@vk.com,536-205-0312
Inesita,Yate,Nevesinje,03/06/1999,Bosnia and Herzegovina,iyateeg@parallels.com,996-226-1578
Kristos,Izakov,Jōetsu,10/07/1965,Japan,kizakoveh@jimdo.com,372-883-2655
Millisent,Raffon,Kaz,04/01/1972,Russia,mraffonei@state.tx.us,103-324-4260
Gladi,Brammer,,,,gbrammerej@aol.com,
Magnum,Eastman,Barra do Garças,09/09/1951,Brazil,meastmanek@pagesperso-orange.fr,744-548-4328
Angeli,Heathfield,Uyo,02/27/1997,Nigeria,aheathfieldel@elpais.com,671-277-3737
Gabriel,Woolen,Bugul’ma,06/02/1988,Russia,gwoolenem@mashable.com,248-323-0668
Bailey,Winborn,Stará Huť,03/31/1969,Czech Republic,bwinbornen@usa.gov,473-576-7879
Emmott,Lindner,São Lourenço,10/15/1965,Brazil,elindnereo@businesswire.com,702-877-6103
Tudor,Vasyunkin,Johor Bahru,10/12/1967,Malaysia,,982-313-1272
Halette,Colwell,Cabalaoangan,09/12/1998,Philippines,,521-424-0364
Brittan,Armand,Ulaan-Ereg,12/12/1993,Mongolia,barmander@opera.com,535-287-0379
Stephan,Simnel,Karakul’,11/02/1974,Uzbekistan,ssimneles@domainmarket.com,636-903-1688
Willy,Robertis,,,,,
Gwenette,Doidge,Daxi,11/24/1997,China,gdoidgeeu@guardian.co.uk,802-858-4005
Tamiko,Sydall,Kasturi,10/24/1983,Indonesia,tsydallev@i2i.jp,336-554-6873
Velma,Cowndley,Vahdat,03/27/1988,Tajikistan,,149-550-9694
Elayne,Conley,Montecristi,06/27/1966,Ecuador,econleyex@dedecms.com,790-823-1639
Melisent,Haime,Diapaga,08/14/1957,Burkina Faso,mhaimeey@elpais.com,473-985-7151
Roi,Danahar,Macheng,03/28/1993,China,rdanaharez@tumblr.com,972-249-6477
Clemente,O'Currigan,Banjar Budakeling,07/01/1999,Indonesia,,206-479-3884
Hilarius,Gerardot,,,,hgerardotf1@hhs.gov,
Bobbette,Skellorne,Erada,10/08/1963,Portugal,bskellornef2@slideshare.net,937-764-0200
Jeffy,Fake,Los Angeles,01/11/1968,United States,jfakef3@whitehouse.gov,323-237-0325
Leslie,Mugridge,Kramators’k,03/21/1967,Ukraine,lmugridgef4@economist.com,262-620-3681
Son,Aartsen,Letlhakane,10/15/1966,Botswana,,340-615-9536
Alyce,Huntley,Ebene,02/12/1967,Mauritius,ahuntleyf6@oakley.com,448-325-6550
Dom,Glover,Na Chueak,07/12/1966,Thailand,dgloverf7@webmd.com,931-963-4897
Izak,Rodders,Hājīganj,09/06/1967,Bangladesh,iroddersf8@sina.com.cn,159-635-7975
Erasmus,Davall,Parang,10/26/1983,Philippines,edavallf9@tuttocitta.it,522-914-5441
Ruthie,Hannibal,Złotniki,08/11/1959,Poland,rhannibalfa@ucsd.edu,285-792-3002
Thedrick,Heaker,Baitian,09/19/1968,China,theakerfb@sfgate.com,673-873-8338
Dane,Collier,Suozhen,08/22/1998,China,dcollierfc@indiatimes.com,627-522-9996
Slade,Templeton,São Miguel da Carreira,08/16/1994,Portugal,stempletonfd@uiuc.edu,492-903-2740
Austina,Bilofsky,Novoselë,12/30/1967,Albania,abilofskyfe@wordpress.org,810-274-7647
Mac,Vallintine,Huaxian,07/31/1987,China,mvallintineff@sogou.com,194-973-1167
Audre,Mockler,,,,,
Jolene,Durram,Heby,11/29/1972,Sweden,jdurramfh@amazon.co.uk,207-436-8800
Lara,Burtonshaw,Chengjiao,08/27/1953,China,lburtonshawfi@bloglines.com,304-539-8138
Kliment,MacKenney,Ponta Grossa,03/11/1982,Brazil,,330-876-3125
Evelyn,Copnar,Kukuna,08/29/1985,Sierra Leone,ecopnarfk@elegantthemes.com,783-477-4341
Clo,Copo,Jacareí,07/21/1985,Brazil,ccopofl@cam.ac.uk,211-487-5137
Christie,Messom,Simpangpasir,04/28/1997,Indonesia,cmessomfm@weebly.com,352-694-5047
Camala,Tinghill,Jamundí,07/08/1952,Colombia,ctinghillfn@nbcnews.com,914-347-1356
Anita,Nell,Jialu,03/23/1974,China,anellfo@answers.com,547-663-9790
Cathrine,Raymen,Trới,04/10/1972,Vietnam,craymenfp@wordpress.com,880-448-9626
Nerissa,Yarwood,Batangafo,03/12/1981,Central African Republic,nyarwoodfq@shutterfly.com,502-899-2447
Budd,Mould,Szczawnica,08/17/1951,Poland,bmouldfr@bloglovin.com,257-929-7020
Zaneta,Rudman,Shanglian,02/17/1970,China,zrudmanfs@issuu.com,692-705-7071
Chet,Scemp,Baghlān,07/01/1992,Afghanistan,cscempft@cmu.edu,830-651-6119
Lynelle,Althorpe,Tarsouat,02/06/1999,Morocco,,507-501-3843
Colene,Warret,Bajina Bašta,06/24/1974,Serbia,cwarretfv@51.la,666-832-5804
Shawna,Abramchik,Uchaly,06/25/1960,Russia,sabramchikfw@bizjournals.com,417-187-0517
Iorgo,Jertz,Vila Real de Santo António,09/11/1964,Portugal,ijertzfx@acquirethisname.com,471-470-6942
Remy,Whitrod,Halmstad,06/20/1958,Sweden,rwhitrodfy@springer.com,693-875-5176
Lynnea,Foster-Smith,Tinta,10/14/1968,Peru,lfostersmithfz@ft.com,748-934-4583
Ardys,McAreavey,,,,,
Jaimie,Maypole,San Juan Pueblo,12/10/1973,Honduras,jmaypoleg1@woothemes.com,577-184-5883
Garret,Schusterl,Morgados,08/12/1952,Portugal,gschusterlg2@usatoday.com,168-359-7618
Ellswerth,Conboy,Quxi,07/15/1979,China,econboyg3@imdb.com,404-304-7798
Tate,Jorio,Safi,08/12/1958,Jordan,tjoriog4@foxnews.com,940-607-5131
Mikey,Lars,Łużna,04/17/1996,Poland,,846-202-6591
Raoul,Heam,Xiachen,12/02/1986,China,rheamg6@sphinn.com,624-708-4728
Torrin,McCuish,Mîndreşti,06/21/1976,Moldova,tmccuishg7@admin.ch,572-604-8470
Tracy,Durtnel,Priyutovo,12/09/1950,Russia,tdurtnelg8@hexun.com,641-640-1422
Janine,Feldon,,,,jfeldong9@squidoo.com,
Worden,Gethen,Amos,01/06/1997,Canada,wgethenga@wikipedia.org,758-677-0364
Hyacinthe,Chorlton,Bangbayang Kaler,02/03/1994,Indonesia,hchorltongb@mlb.com,969-210-0692
Hildegaard,Beeby,Doljo,11/14/1998,Philippines,hbeebygc@economist.com,633-317-9849
Mitzi,Frankel,Pingdong,08/05/1955,China,mfrankelgd@bing.com,570-142-8877
Derick,Storror,Memphis,02/03/1953,United States,dstorrorge@webnode.com,901-213-4918
Tally,Greaves,Yako,09/10/1983,Burkina Faso,tgreavesgf@comsenz.com,600-990-8964
Norry,Bywater,Bayangol,10/13/1992,Russia,,545-739-7914
Shayla,Vousden,Sukaratu,04/19/1976,Indonesia,svousdengh@tiny.cc,633-841-5198
Dierdre,Rzehorz,Chocope,07/26/1993,Peru,drzehorzgi@pen.io,123-648-8561
Stevy,Edmondson,Mijiang,12/29/1962,China,sedmondsongj@geocities.com,972-867-0678
Maritsa,Kettles,,,,mkettlesgk@surveymonkey.com,
Jerri,Duchesne,Sergokala,04/08/1951,Russia,jduchesnegl@sciencedaily.com,416-188-4328
Ealasaid,Jerche,Mogi Guaçu,10/03/1978,Brazil,ejerchegm@netvibes.com,978-145-9804
Wendi,Goodwill,Sukhobuzimskoye,12/13/1961,Russia,wgoodwillgn@cdc.gov,219-130-6369
Domingo,Skinn,Sishilichengzi,05/07/1980,China,,499-627-7534
Karissa,Eusden,Mimbaan Timur,07/05/1999,Indonesia,keusdengp@opera.com,633-836-8317
Inglis,Galway,Alqueva,07/17/1991,Portugal,igalwaygq@eepurl.com,437-928-4925
Darryl,Rigge,Sepatan,02/25/1958,Indonesia,driggegr@1und1.de,618-629-4065
Leta,McLenaghan,Bandhagen,07/20/1994,Sweden,lmclenaghangs@prweb.com,548-202-0748
Matilde,Van Castele,Kallífytos,06/15/1980,Greece,mvancastelegt@hibu.com,310-597-8028
Abba,Hunday,Xinzhuang,02/28/1973,China,ahundaygu@shareasale.com,355-247-8365
Jephthah,Cleere,Sumberdadi,12/10/1986,Indonesia,jcleeregv@tripod.com,164-966-9516
Clyve,Olennikov,Muchkapskiy,10/03/1971,Russia,,811-713-8365
Iver,Splevings,Uddiawan,02/12/1953,Philippines,isplevingsgx@huffingtonpost.com,495-959-0438
Sheela,Sackler,Baqiao,12/20/1965,China,ssacklergy@ed.gov,502-202-5290
Beale,Agent,Parelhas,06/08/1953,Brazil,bagentgz@live.com,247-359-8646
Dawna,Luty,Mukacheve,07/21/1998,Ukraine,dlutyh0@mapy.cz,588-267-5549
Justine,Gildea,Zhuxi,01/23/1962,China,jgildeah1@webs.com,519-957-8382
Antone,Yedall,,,,,
Ulric,Skull,Maria Cristina,09/08/1987,Philippines,uskullh3@fda.gov,683-363-7260
Bernice,Hilling,Glogovac,12/02/1989,Kosovo,bhillingh4@scientificamerican.com,527-415-1511
Fin,Licciardi,Lichengdao,01/15/1952,China,,804-195-0136
Maureene,McCoy,Balaogan,11/19/1974,Philippines,mmccoyh6@google.cn,918-324-6421
Hilary,Kopje,Pirot,05/07/1960,Serbia,hkopjeh7@tripadvisor.com,899-722-1941
Nicolina,Gladding,Dongyangzhen,03/21/1981,China,,427-187-4974
Ellery,Baradel,Tadotsu,01/27/1991,Japan,ebaradelh9@google.de,460-764-5969
Petronella,Fforde,Tutayev,12/24/1998,Russia,pffordeha@sourceforge.net,801-709-8044
Bronny,Kennewell,Dístomo,02/14/1989,Greece,bkennewellhb@pbs.org,603-430-2934
Martie,Rudd,Pengandonan,12/29/1991,Indonesia,mruddhc@dagondesign.com,671-919-5135
Shelagh,Syplus,Miaotang,07/16/1975,China,ssyplushd@shinystat.com,428-663-3785
Britney,Wallicker,Rokytnice,05/24/1965,Czech Republic,bwallickerhe@a8.net,486-810-8093
Margot,McClaurie,Daojiang,12/12/1956,China,mmcclauriehf@comsenz.com,900-186-4356
Maddalena,Melmore,Hīt,06/20/1986,Iraq,mmelmorehg@altervista.org,377-785-8707
Mordecai,Biggerstaff,Imielin,10/31/1970,Poland,,724-212-0550
Claudian,Millbank,Semirara,08/17/1950,Philippines,cmillbankhi@google.co.jp,771-826-4152
Burch,Jahnel,Momignies,07/07/1979,Belgium,bjahnelhj@scientificamerican.com,132-910-1302
Noble,Hegdonne,Abbotsford,06/22/1995,Canada,nhegdonnehk@purevolume.com,509-233-4146
Emelda,Schnieder,Laowobao,05/29/1990,China,eschniederhl@jugem.jp,759-961-8202
Arda,Lubman,Laiya,03/18/1952,Philippines,alubmanhm@amazon.co.jp,260-646-7299
Imelda,Jonuzi,Laḩij,10/13/1960,Yemen,ijonuzihn@networkadvertising.org,178-920-6788
Joela,Ivens,Ferraz de Vasconcelos,04/23/1950,Brazil,jivensho@skype.com,527-724-8321
Harriot,Kuhnke,Cartagena,01/11/1950,Colombia,hkuhnkehp@plala.or.jp,825-772-5454
Evan,de Wilde,Ciudad Nueva,07/05/1952,Dominican Republic,edewildehq@slideshare.net,680-563-1892
Blondell,Morfell,Brušperk,08/19/1996,Czech Republic,bmorfellhr@aboutads.info,165-925-7457
Kirsten,Queyos,Karoya,01/27/1952,Indonesia,kqueyoshs@gravatar.com,840-873-6287
Neill,Mathan,,,,nmathanht@taobao.com,
Kean,Parrington,Paraguarí,10/04/1961,Paraguay,kparringtonhu@wordpress.org,935-745-0221
Lion,Moreno,Kavār,09/24/1980,Iran,lmorenohv@uiuc.edu,446-409-8757
Aksel,Keunemann,Demuk,07/10/1971,Indonesia,akeunemannhw@comsenz.com,557-117-8106
Simmonds,Penwright,Bocowanti,04/10/1981,Indonesia,,480-724-2271
Bob,Rablan,Pustá Polom,02/12/1981,Czech Republic,brablanhy@admin.ch,471-778-2562
Krystalle,Sherbrook,Yelizavetinskaya,01/09/1966,Russia,ksherbrookhz@infoseek.co.jp,432-367-9001
Katinka,Clunie,Quillabamba,04/04/1997,Peru,kcluniei0@tinyurl.com,705-109-7602
Sonnie,Holtum,Ikhtiman,11/17/1975,Bulgaria,sholtumi1@bbb.org,174-368-1123
Ted,Leidecker,Raub,05/14/1980,Malaysia,tleideckeri2@edublogs.org,617-122-3051
Trudie,Macknish,Kotayk’,02/14/1999,Armenia,tmacknishi3@elpais.com,583-376-7596
Mac,Bartomeu,Sutton,10/03/1967,United Kingdom,mbartomeui4@qq.com,249-873-1179
Prue,Perillio,Zakamensk,06/14/1981,Russia,pperillioi5@spiegel.de,108-992-9322
Moselle,Turley,Huancheng,06/06/1956,China,mturleyi6@time.com,380-564-9347
Gayleen,Kleiner,Chambéry,04/22/1976,France,gkleineri7@omniture.com,389-660-7818
Libbie,Huelin,,,,lhuelini8@csmonitor.com,
Noella,Sheirlaw,Hexi,11/14/1982,China,nsheirlawi9@webs.com,288-225-2593
Riannon,Morsom,Homagama,11/11/1973,Sri Lanka,rmorsomia@cnet.com,600-432-5575
Ellwood,Knivett,Belovo,03/09/1955,Russia,eknivettib@nsw.gov.au,119-838-3080
Danika,Brewer,,,,dbreweric@weibo.com,
Heriberto,Franscioni,Dagda,06/04/1957,Latvia,hfranscioniid@foxnews.com,506-147-5765
Kimberlyn,Remington,Montecristi,04/11/1983,Ecuador,kremingtonie@google.es,963-148-6418
Trisha,Aylmore,Pacaycasa,08/15/1984,Peru,taylmoreif@berkeley.edu,339-866-1874
Myrwyn,Wingfield,Igreja,11/10/1980,Portugal,mwingfieldig@mac.com,690-295-8216
Carmella,Reddan,Mount Frere,12/23/1954,South Africa,creddanih@wikimedia.org,547-450-5858
Kellen,Curran,Shediac,11/04/1991,Canada,kcurranii@netlog.com,109-420-1026
Gwen,Oldroyde,Limonade,07/22/1984,Haiti,,825-971-1003
Trevor,Napolione,Nanling,06/15/1972,China,tnapolioneik@reverbnation.com,941-429-4872
Fred,Hamshere,Norrköping,05/25/1962,Sweden,fhamshereil@nasa.gov,329-673-2792
Alex,Ewings,Loen,12/03/1988,Marshall Islands,aewingsim@google.es,198-960-7575
Krystle,Grindle,Yongjiang,02/14/1958,China,kgrindlein@etsy.com,104-562-0237
Eugen,Woloschin,Magoúla,05/07/1988,Greece,ewoloschinio@sourceforge.net,341-745-4772
Kimball,Newband,Baş Göynük,02/12/1952,Azerbaijan,knewbandip@mac.com,827-903-1142
Eachelle,Binks,Lianshi,09/20/1984,China,ebinksiq@ocn.ne.jp,851-298-7444
Averell,Denny,Dārchulā,11/30/1981,Nepal,adennyir@bbb.org,648-348-9439
Pancho,Layzell,Pasirlimus,01/17/1986,Indonesia,,489-465-3860
Noemi,Westwater,Barra Velha,08/08/1996,Brazil,nwestwaterit@slate.com,399-791-8545
Rogers,Barrows,,,,rbarrowsiu@furl.net,
Alvin,McFall,Al Fandaqūmīyah,03/12/1993,Palestinian Territory,amcfalliv@msu.edu,592-614-2130
Janina,Tomlinson,Bom Despacho,11/22/1978,Brazil,jtomlinsoniw@umn.edu,478-436-8719
Nancy,Giorgietto,Ameixoeira,08/26/1989,Portugal,ngiorgiettoix@toplist.cz,999-751-6264
Mel,Branigan,Kijini,03/29/1996,Tanzania,mbraniganiy@fc2.com,716-881-0513
Cymbre,Simoneschi,Librazhd,04/11/1990,Albania,csimoneschiiz@cnn.com,833-615-5472
Adria,Sander,Cuenca,09/17/1996,Ecuador,asanderj0@mapquest.com,404-982-5065
Ingeberg,Duggan,,,,idugganj1@hexun.com,
Worthington,Rosenfelt,Ambilobe,01/22/1959,Madagascar,,520-446-9947
Didi,Lucien,Nakasongola,12/04/1956,Uganda,,956-466-2269
Gradeigh,Geere,San Carlos,06/04/1981,Colombia,ggeerej4@eepurl.com,664-394-2525
Esra,Goggan,Linfen,12/07/1980,China,egogganj5@dion.ne.jp,477-177-5584
Mattie,Iamittii,Dallas,09/03/1976,United States,miamittiij6@hibu.com,214-882-0670
Neall,Tibbetts,El Asintal,05/04/1954,Guatemala,ntibbettsj7@woothemes.com,671-566-4737
Gale,Callway,Bualu,07/21/1996,Indonesia,gcallwayj8@gnu.org,991-147-2575
Howard,Southern,Goma,07/16/1980,Democratic Republic of the Congo,hsouthernj9@angelfire.com,573-139-1308
Debor,Savaage,Lyon,05/20/1983,France,dsavaageja@barnesandnoble.com,737-106-3997
Albina,Arbon,Nossa Senhora da Glória,06/23/1954,Brazil,aarbonjb@pagesperso-orange.fr,508-377-5634
Valaree,Pheasant,Enköping,03/13/1992,Sweden,vpheasantjc@weather.com,750-865-7056
Louella,Lerway,,,,llerwayjd@mayoclinic.com,
Georgine,Odeson,Åkersberga,12/08/1958,Sweden,godesonje@fda.gov,930-391-7964
Tillie,Bewsy,Subic,10/16/1960,Philippines,tbewsyjf@deviantart.com,342-121-2045
Atlante,Peabody,Sonlit,01/14/1999,Indonesia,apeabodyjg@edublogs.org,647-164-3399
Burnaby,Huband,Tianjiazhai,10/08/1971,China,,391-362-0104
Gilligan,D'Arrigo,Syzran’,07/27/1974,Russia,,351-196-0448
Roxie,Chasteau,Alakak,12/04/1965,China,rchasteaujj@linkedin.com,470-857-2873
Fanni,Passby,Dengmingsi,12/04/1978,China,fpassbyjk@usgs.gov,633-282-1005
Shelagh,Kennermann,San Isidro,06/17/1974,Mexico,,911-771-4330
Babette,Teesdale,,,,bteesdalejm@paginegialle.it,
Melody,Andrewartha,Ibitinga,05/04/1958,Brazil,mandrewarthajn@myspace.com,274-417-5333
Viole,Jeyness,Lagayan,07/21/1987,Philippines,vjeynessjo@mozilla.org,384-375-2144
Janos,Quinet,Hayama,08/25/1953,Japan,jquinetjp@prweb.com,161-464-5232
Peter,Valens-Smith,Changtan,09/06/1989,China,pvalenssmithjq@china.com.cn,404-665-8306
Tallia,Weigh,Sukmoilang,02/19/1999,Indonesia,tweighjr@aboutads.info,303-250-7251
Phyllis,Fussey,Libas,03/13/1974,Philippines,pfusseyjs@house.gov,214-437-5702
Irene,Falshaw,Kamenka,12/10/1975,Russia,,179-527-2713
Leoine,Kyteley,Wolometang,04/16/1970,Indonesia,lkyteleyju@vimeo.com,333-874-3780
Sky,Bickerton,Slatina,09/10/1989,Croatia,sbickertonjv@youku.com,688-813-7358
Aggie,Rawlins,Pasirdalem,01/05/1977,Indonesia,arawlinsjw@typepad.com,976-264-3333
Katrina,Keene,Alegria,12/03/1963,Philippines,,809-328-1661
Zarah,Chillingworth,Dong Charoen,04/16/1970,Thailand,zchillingworthjy@bloglines.com,989-804-7112
Gayle,Sonier,Buđanovci,01/12/1979,Serbia,,778-459-5151
Sheilakathryn,Ritchie,Konibodom,08/24/1997,Tajikistan,sritchiek0@pinterest.com,919-977-2392
Paolo,Coopland,Hengjing,12/31/1982,China,pcooplandk1@comsenz.com,573-787-0356
Joel,Timmons,Limbo,03/05/1990,Philippines,jtimmonsk2@wix.com,152-597-8200
Annabell,Dyshart,Babushkin,08/09/1996,Russia,adyshartk3@house.gov,609-750-8775
Eduino,Tomasello,Boracéia,12/24/1954,Brazil,etomasellok4@yandex.ru,922-696-4427
Annabela,Crop,Beauvais,03/24/1968,France,acropk5@blogspot.com,430-972-4323
Deeanne,Aspland,Hwado,04/03/1964,South Korea,dasplandk6@plala.or.jp,449-265-3266
Diana,Standish,Mlangali,08/26/1992,Tanzania,dstandishk7@oakley.com,666-705-3924
Tull,Romaynes,Owo,02/14/1988,Nigeria,tromaynesk8@flavors.me,934-923-0901
Nicolea,McGrouther,Bonriki Village,03/28/1967,Kiribati,nmcgroutherk9@sfgate.com,282-276-5418
Page,Mattedi,Umeå,05/06/1966,Sweden,pmattedika@altervista.org,116-435-8850
Marlane,Ruane,Caohezhang,09/26/1953,China,mruanekb@mashable.com,741-472-6677
Marline,Fishlee,Sakurai,03/15/1968,Japan,mfishleekc@nyu.edu,600-114-5813
Rayner,Haile,Norrköping,07/16/1968,Sweden,rhailekd@goo.gl,186-840-8675
Swen,Glover,Fengyang Fuchengzhen,10/27/1985,China,sgloverke@ebay.com,421-126-6282
Barbi,Georgiades,Tékane,09/08/1958,Mauritania,bgeorgiadeskf@godaddy.com,668-529-9459
Jdavie,Garritley,Xuezhen,04/22/1994,China,jgarritleykg@ted.com,758-772-1530
Erin,McInally,Martingança-Gare,09/17/1950,Portugal,emcinallykh@nydailynews.com,309-532-5760
Xavier,Dutchburn,Tuchkovo,05/11/1976,Russia,,447-841-8020
Pepe,Gilligan,São Brás de Alportel,08/23/1998,Portugal,,497-716-4746
Faustine,Whitely,Karnice,04/21/1988,Poland,fwhitelykk@hugedomains.com,853-939-0164
Walsh,Mileham,,,,wmilehamkl@skype.com,
Beryle,Kiellor,Janiuay,11/07/1974,Philippines,bkiellorkm@yahoo.co.jp,105-506-3667
Halsey,Cawte,Velký Újezd,11/16/1950,Czech Republic,,326-801-1786
Trude,Benedit,Puerto Ayacucho,05/30/1972,Venezuela,tbeneditko@cpanel.net,703-483-9470
Paulo,Harwell,Malakand,05/28/1958,Pakistan,pharwellkp@devhub.com,471-755-8614
Kimberly,Ockenden,Santa Rosa de Lima,03/05/1963,El Salvador,kockendenkq@google.pl,952-351-5557
Rhona,Syson,Mont-Laurier,05/17/1951,Canada,rsysonkr@washingtonpost.com,756-457-2314
Jarvis,Jorg,Lututów,02/04/1990,Poland,jjorgks@gravatar.com,863-301-2573
Lanny,Falvey,,,,lfalveykt@vinaora.com,
Jeniece,Garley,Baykonyr,05/12/1967,Kazakhstan,,287-107-2664
Marge,Challice,Kashirskoye,01/12/1971,Russia,mchallicekv@boston.com,417-576-3416
Tiffy,Kinnach,Vitória do Mearim,07/26/1989,Brazil,tkinnachkw@technorati.com,233-545-0072
Miranda,Breche,Kuwumkumambal,01/29/1976,Indonesia,mbrechekx@reddit.com,265-472-1079
Jackson,Pavitt,Maca,02/12/1967,Peru,jpavittky@house.gov,585-612-2472
Gerik,Branston,Jardin,01/28/1965,Mexico,gbranstonkz@acquirethisname.com,901-968-2625
Winnah,Magarrell,Bongao,04/09/1987,Philippines,,913-795-2168
Gage,Fitzharris,Cobh,10/20/1995,Ireland,gfitzharrisl1@artisteer.com,245-873-2040
Culver,Peach,Nevers,10/24/1997,France,,122-950-9669
Cathe,Load,Orizari,01/02/1995,Macedonia,,865-227-9808
Querida,Blowes,Krosno Odrzańskie,08/03/1952,Poland,qblowesl4@archive.org,788-134-2079
Veronique,Gormley,San José,12/07/1954,Guatemala,vgormleyl5@psu.edu,300-316-9773
Ody,Sargeaunt,Gamovo,10/10/1993,Russia,osargeauntl6@usda.gov,506-281-2943
Hillary,Grombridge,Masumbwe,01/22/1991,Tanzania,hgrombridgel7@prlog.org,753-566-9002
Pansie,Hackey,Swift Current,09/17/1979,Canada,phackeyl8@cisco.com,348-800-3448
Barnie,Dowtry,Stopnica,06/17/1982,Poland,bdowtryl9@soundcloud.com,967-320-0479
Annissa,Dower,Taoxi,03/09/1963,China,,754-977-8238
Gerianna,Syversen,Huanghuatan,08/06/1992,China,gsyversenlb@furl.net,118-456-3227
Alleyn,Fairholme,Mabiton,07/26/1997,Philippines,,817-682-0238
Joyce,Dawidman,Prakhon Chai,08/01/1974,Thailand,jdawidmanld@simplemachines.org,990-141-0053
Meridith,Byard,Aného,03/08/1963,Togo,mbyardle@guardian.co.uk,285-329-5182
Pattin,Vaskov,Maoya,04/09/1963,China,,142-704-5019
Daryle,Desporte,Yerofey Pavlovich,10/16/1981,Russia,ddesportelg@twitpic.com,518-528-6822
Kinna,Beaver,Oslo,09/07/1992,Norway,kbeaverlh@kickstarter.com,489-991-3270
Shannon,Squelch,Kachkanar,12/12/1967,Russia,ssquelchli@photobucket.com,223-944-4512
Coreen,Dagnan,Dūāb,01/16/1978,Afghanistan,cdagnanlj@zdnet.com,885-234-6059
Eachelle,Kingdom,Chaiwan,10/19/1984,China,ekingdomlk@yellowbook.com,367-222-0012
Amerigo,Patience,São Mateus,10/13/1982,Portugal,apatiencell@xrea.com,401-561-7573
Fayina,Levinge,Vershino-Shakhtaminskiy,10/31/1979,Russia,flevingelm@chron.com,740-807-0016
Cesare,Potts,la Massana,02/13/1977,Andorra,cpottsln@army.mil,257-201-6406
Sander,Packham,Lycksele,01/02/1997,Sweden,spackhamlo@un.org,537-199-9070
Marjy,Martinie,Khvorostyanka,06/11/1950,Russia,mmartinielp@businesswire.com,493-331-8324
Alvy,Schlag,Lepoglava,07/24/1977,Croatia,aschlaglq@google.com,188-887-9425
Scotti,Maton,Bronx,03/26/1964,United States,smatonlr@nationalgeographic.com,914-855-6820
Elmira,Le Provost,Prachatice,08/27/1975,Czech Republic,eleprovostls@google.com.hk,816-487-1068
Hatti,Vowdon,Pushkino,10/28/1999,Azerbaijan,hvowdonlt@hibu.com,256-289-8588
Guglielmo,Bayly,Shiqiaotou,02/04/1963,China,gbaylylu@omniture.com,533-769-2220
Teddi,Lingley,Kinsealy-Drinan,08/06/1975,Ireland,tlingleylv@wikispaces.com,971-638-5564
Klarika,McGeouch,Mondorf-les-Bains,03/26/1956,Luxembourg,,725-553-8074
Roderich,Thorrington,Söderhamn,10/04/1989,Sweden,rthorringtonlx@topsy.com,773-108-8764
Drucie,Kershow,Hauhena,03/08/1963,Indonesia,,943-766-5098
Kirstin,Rassell,Guizi,10/21/1990,China,krasselllz@buzzfeed.com,875-314-1210
Caesar,Bailiss,Río Blanquito,03/21/1986,Honduras,cbailissm0@myspace.com,329-589-7882
Rodrigo,Radish,Mvomero,07/16/1958,Tanzania,rradishm1@europa.eu,696-197-0716
Andromache,Rous,Lago da Pedra,05/31/1987,Brazil,arousm2@ycombinator.com,182-740-7371
Bertram,Sheehy,Budapest,11/13/1966,Hungary,bsheehym3@washingtonpost.com,979-917-7113
Gil,Cahalin,Lüyang,05/06/1971,China,,304-689-1750
Bambie,Rodriguez,Pondokwungu,02/13/1958,Indonesia,,445-770-9961
Cinderella,Chaff,Gostynin,08/13/1990,Poland,cchaffm6@last.fm,796-307-6131
Hyatt,Gullyes,Neuilly-sur-Marne,04/26/1951,France,,758-194-5300
Johnnie,Linner,Carmo do Paranaíba,05/27/1952,Brazil,jlinnerm8@ucoz.com,133-843-1301
Michaeline,Ginie,Sadkowice,01/16/1952,Poland,mginiem9@chicagotribune.com,749-384-1812
Odetta,Spottswood,Capacho Viejo,11/25/1960,Venezuela,ospottswoodma@berkeley.edu,215-351-3809
Kirstyn,Jakov,El Copé,05/31/1955,Panama,kjakovmb@github.io,765-894-4185
Buiron,Lago,Përmet,08/06/1981,Albania,,765-568-9241
Flor,Nucciotti,Shijing,10/19/1992,China,fnucciottimd@opera.com,729-623-2544
Siusan,Barbie,Jimaguayú,01/01/1993,Cuba,sbarbieme@wufoo.com,890-206-3620
Nadine,Pranger,Göteborg,03/18/1956,Sweden,nprangermf@barnesandnoble.com,130-683-9974
Chet,Simonel,Zavidovo,01/11/1989,Russia,,930-281-0174
Ricky,Guyer,Waiklibang,09/08/1978,Indonesia,rguyermh@hibu.com,293-925-2348
Rochelle,Jonk,Bunol,11/09/1976,Philippines,rjonkmi@prlog.org,835-765-4906
Titus,Sorey,La Breita,01/01/1979,Peru,tsoreymj@scientificamerican.com,357-951-6727
Laurent,Polgreen,Duqiao,10/18/1987,China,lpolgreenmk@earthlink.net,749-101-8415
Flor,Deverill,Gunung Sugih,01/18/1989,Indonesia,fdeverillml@uiuc.edu,851-443-2812
Clair,Welbelove,Hongtu,08/04/1963,China,cwelbelovemm@w3.org,844-693-6913
Pen,Frankcom,Dmytrivka,01/06/1955,Ukraine,pfrankcommn@themeforest.net,957-375-9651
Raeann,Node,Nanga Eboko,10/18/1968,Cameroon,rnodemo@mediafire.com,564-656-7345
Elaine,Alyonov,Bento Gonçalves,05/23/1979,Brazil,,980-653-4722
Darsey,Abrahmer,Sydney,07/10/1995,Australia,dabrahmermq@google.com,315-799-8224
Georges,Eggar,Gualmatán,12/30/1971,Colombia,geggarmr@livejournal.com,996-639-4736
Odelle,Blaik,Kanshan,07/24/1978,China,,221-943-0253
Freddi,Brasse,Kauhan,04/13/1965,Indonesia,fbrassemt@etsy.com,850-150-3527
Chris,Wenger,Vroutek,04/10/1951,Czech Republic,cwengermu@google.com.hk,427-631-9485
Raoul,Oliva,Pasirputih,06/02/1961,Indonesia,rolivamv@ycombinator.com,889-746-6623
Antonin,Simmon,Riyom,03/19/1965,Nigeria,asimmonmw@mail.ru,678-212-2125
Stacia,Kores,Tanghu,12/09/1979,China,skoresmx@nasa.gov,579-385-1214
Caryn,Sivewright,Puerto Guzmán,04/18/1977,Colombia,csivewrightmy@cnbc.com,539-109-5427
Belicia,Hartman,Santo Tomas,06/23/1959,Peru,bhartmanmz@ebay.co.uk,615-867-9784
Robin,Vella,Curití,07/03/1958,Colombia,rvellan0@census.gov,885-147-5094
Brion,Letchford,Santa Monica,09/01/1999,Philippines,bletchfordn1@posterous.com,682-406-0733
Jephthah,Hulbert,Mijiang,12/24/1950,China,jhulbertn2@bravesites.com,368-965-7911
Jerad,MacIlhargy,Bhāi Pheru,07/27/1971,Pakistan,jmacilhargyn3@hubpages.com,647-240-5587
Adore,Cleere,Vernon,09/21/1961,France,acleeren4@marriott.com,796-982-8826
Calli,Abbison,Kungsör,05/28/1950,Sweden,cabbisonn5@cnet.com,496-426-9300
Sheeree,Echalier,,,,sechaliern6@intel.com,
Harriet,Vidloc,El Alamo,11/17/1974,Mexico,hvidlocn7@ucoz.com,841-660-0136
Link,McWhannel,Jiedu,12/20/1977,China,,180-680-9888
Ulrike,Shillan,Jindou,08/28/1974,China,ushillann9@statcounter.com,578-429-9623
Murdock,Burrow,Tarnowskie Góry,12/03/1977,Poland,,658-854-8692
Merry,Lenormand,Juigalpa,02/02/1982,Nicaragua,mlenormandnb@people.com.cn,441-805-1445
Hillery,Pepperill,Imielin,06/23/1959,Poland,hpepperillnc@zimbio.com,107-105-8910
Anestassia,Hullot,Las Vegas,08/02/1972,United States,ahullotnd@nymag.com,702-432-4161
Heinrik,Jameson,Waitara,08/21/1954,New Zealand,hjamesonne@addthis.com,808-188-7477
Chrissy,Bertome,Ban Huai Thalaeng,07/23/1990,Thailand,cbertomenf@squidoo.com,411-819-8246
Marion,Bonas,El Progreso,06/24/1954,Honduras,mbonasng@weibo.com,734-320-2717
Fee,Geraldini,Nilanapo,06/13/1969,Indonesia,fgeraldininh@blog.com,694-809-2166
Carina,Podmore,San Vicente,03/11/1998,Philippines,cpodmoreni@dion.ne.jp,200-257-1682
Mair,Arendsen,Sulūk,11/03/1972,Syria,marendsennj@fc2.com,667-944-1743
Cassondra,Cumpsty,Ibagué,12/19/1993,Colombia,ccumpstynk@mysql.com,349-815-4706
Kiri,Hosburn,Kaélé,07/12/1970,Cameroon,khosburnnl@google.com.hk,649-826-2511
Odey,Fee,Al Bilād,06/18/1990,Yemen,ofeenm@cmu.edu,860-152-6389
Xylina,Grace,Lagoa do Itaenga,07/09/1953,Brazil,xgracenn@soup.io,770-756-8606
Trudi,Gauld,El Pino,09/09/1953,Honduras,tgauldno@dmoz.org,894-729-0364
Cleveland,Laroux,Debar,02/20/1995,Macedonia,clarouxnp@who.int,367-185-3132
Hester,Fosh,Ostankinskiy,06/16/1984,Russia,hfoshnq@eepurl.com,828-859-8432
Brina,McConachie,Roissy Charles-de-Gaulle,06/05/1973,France,bmcconachienr@census.gov,895-161-8186
Fredra,Abbatt,Zwolle,02/12/1989,Netherlands,fabbattns@topsy.com,985-851-7606
Alvis,Drynan,Unden,04/01/1986,Indonesia,,332-443-3235
Winfield,Benne,Bundibugyo,12/04/1985,Uganda,,896-429-2245
Lara,Sapena,Pulangbato,07/31/1998,Philippines,lsapenanv@163.com,782-441-8365
Adolpho,Duchenne,San Antonio,04/10/1985,Mexico,aduchennenw@yellowpages.com,474-798-0396
Tommie,Tidey,Sosnowiec,05/19/1999,Poland,ttideynx@edublogs.org,326-624-7481
Ring,Kasting,Kuala Lumpur,09/16/1990,Malaysia,rkastingny@icio.us,735-539-6918
Launce,Pennells,Chenchang,02/19/1977,China,lpennellsnz@gnu.org,535-648-8743
Julio,Truin,Galesong,01/05/1963,Indonesia,jtruino0@free.fr,819-189-1711
Nolan,Orehead,Rennes,12/13/1989,France,noreheado1@who.int,941-364-8481
Richy,Finicj,Buenos Aires,08/04/1965,Mexico,rfinicjo2@howstuffworks.com,490-151-1694
Dame,Truin,Pedregulho,12/09/1991,Brazil,dtruino3@chron.com,313-508-6410
Lorrin,Enever,Jequitinhonha,03/27/1995,Brazil,,424-267-5683
Ryun,Moye,Petiga,04/13/1979,Indonesia,,684-608-9345
Jocelyne,Pirri,Kostinbrod,08/30/1981,Bulgaria,jpirrio6@flickr.com,697-827-4562
Orly,Baume,Níkaia,11/19/1996,Greece,obaumeo7@sitemeter.com,820-363-0713
Stephen,Tallow,Gontar,11/27/1970,Indonesia,stallowo8@foxnews.com,144-308-2180
Henrieta,Bavage,Cincinnati,03/14/1980,United States,hbavageo9@sina.com.cn,513-513-9804
Ronna,Allcott,Vikbolandet,05/26/1957,Sweden,rallcottoa@java.com,811-603-1272
Bronnie,Murrhaupt,Suru,04/13/1993,Indonesia,bmurrhauptob@wp.com,951-797-8654
Elbert,McKimmey,Capitán Solari,02/06/1959,Argentina,emckimmeyoc@istockphoto.com,398-299-9528
Bobbi,Clear,Cifuentes,09/24/1957,Cuba,bclearod@fc2.com,797-991-2594
Friedrich,Wolver,Alukama,05/30/1990,Indonesia,,744-989-6999
Lezlie,Bompass,Odivelas,09/15/1991,Portugal,,739-763-8535
Marley,Durdy,Molsheim,04/16/1992,France,,791-391-1188
Sophia,Franchi,Ukata,10/12/1965,Nigeria,sfranchioh@home.pl,529-405-2324
Drucie,Raeburn,Wangzuo,05/18/1969,China,draeburnoi@prlog.org,394-423-0547
Ulrick,Fellis,Sogcho,02/06/1958,South Korea,ufellisoj@naver.com,480-876-6428
Josephina,Torricina,,,,,
Carter,Guiducci,Utrecht (stad),07/26/1975,Netherlands,cguiducciol@github.com,828-286-6228
Willamina,Muge,Winburg,06/17/1990,South Africa,wmugeom@surveymonkey.com,853-566-2773
Peyter,Honnan,Nyamanari,04/30/1959,Gambia,phonnanon@springer.com,909-165-2952
Matilda,Lindwasser,Musashino,11/30/1997,Japan,mlindwasseroo@cdbaby.com,113-458-2312
Jeff,Gilderoy,Shiyuan,02/26/1973,China,jgilderoyop@ox.ac.uk,966-195-4494
Maisey,Herreran,Minato,02/14/1993,Japan,mherreranoq@i2i.jp,203-198-1803
Genovera,Randleson,Séléa,08/28/1999,Comoros,grandlesonor@virginia.edu,419-643-8490
Fidela,Hawley,Bengras,07/04/1968,Indonesia,fhawleyos@time.com,290-850-0655
Suzanna,Hartin,Heilbronn,05/05/1995,Germany,shartinot@wunderground.com,137-964-7241
Brok,Wemes,Socorro,11/28/1950,Colombia,bwemesou@blogtalkradio.com,806-932-0471
Mehetabel,Matthaus,Takaishi,06/29/1976,Japan,mmatthausov@bing.com,695-227-8534
Willie,Latan,Pámfylla,11/30/1967,Greece,wlatanow@instagram.com,970-994-8347
Alleyn,Kalkofen,Ajung,02/14/1961,Indonesia,akalkofenox@cam.ac.uk,966-879-5009
Gayle,Purser,La Uvita,12/29/1969,Colombia,gpurseroy@youtu.be,151-916-0830
Lida,Sowerby,Geta,07/17/1958,Aland Islands,lsowerbyoz@infoseek.co.jp,451-647-5916
Dedie,Henriquet,Shāzand,02/16/1982,Iran,dhenriquetp0@pagesperso-orange.fr,473-142-6455
Corbet,Verni,Kazlų Rūda,12/17/1969,Lithuania,cvernip1@joomla.org,384-255-4758
Barny,Blint,Roslavl’,11/05/1985,Russia,bblintp2@nydailynews.com,109-565-8739
Vasily,Goodson,Orerokpe,02/19/1978,Nigeria,vgoodsonp3@networksolutions.com,289-357-7488
Lamond,Coite,Iporã,10/15/1968,Brazil,lcoitep4@squidoo.com,112-546-6353
Cynthia,Volk,Kirgili,11/01/1995,Uzbekistan,cvolkp5@tinypic.com,611-538-9595
Saw,Winkett,Lees Summit,08/22/1968,United States,swinkettp6@cdbaby.com,816-754-4262
Wendy,Manclark,Nong Muang,01/08/1968,Thailand,wmanclarkp7@over-blog.com,374-215-6706
Blakelee,Lejeune,Tabira,12/07/1993,Brazil,blejeunep8@last.fm,952-285-2389
Rutter,Pittaway,Jiangkou,02/22/1983,China,rpittawayp9@dion.ne.jp,664-124-6618
Simonne,Tolefree,Ntoke,12/05/1979,Indonesia,stolefreepa@sourceforge.net,629-586-9288
Midge,Anlay,Qiankeng,07/07/1979,China,manlaypb@telegraph.co.uk,231-910-1056
Candida,Bandiera,Skurup,01/25/1983,Sweden,cbandierapc@arizona.edu,367-941-5084
Joleen,Barnfield,Reno,11/19/1987,United States,jbarnfieldpd@springer.com,775-121-2453
Sheelagh,Gabbidon,Guisa,01/13/1966,Cuba,sgabbidonpe@weebly.com,951-652-9584
Saidee,Triggel,Bislig,09/22/1999,Philippines,striggelpf@desdev.cn,737-493-4909
Clarita,Kedge,Dallas,01/03/1961,United States,ckedgepg@odnoklassniki.ru,214-946-1384
Haslett,Lawdham,Loma Alta,06/22/1992,Mexico,hlawdhamph@tinypic.com,404-336-0516
Thurstan,Brolan,Laç,02/09/1974,Albania,,785-518-0321
Way,Boutwell,Bằng Lũng,02/09/1982,Vietnam,wboutwellpj@mayoclinic.com,201-550-3805
Millisent,Dumingos,Mauloo,01/23/1971,Indonesia,mdumingospk@mozilla.org,671-612-3287
Jeralee,Roz,,,,jrozpl@drupal.org,
Billy,Cockran,Sokolniki,06/18/1960,Poland,bcockranpm@odnoklassniki.ru,362-735-8008
Golda,Chumley,Kalkara,01/06/1981,Malta,gchumleypn@accuweather.com,957-630-3280
Binny,Normabell,Al Mijlad,02/22/1957,Sudan,bnormabellpo@comsenz.com,902-385-8063
Dyann,Matias,Pingpu,05/12/1974,China,dmatiaspp@joomla.org,488-511-5906
Hall,Mound,At Tall al Kabīr,06/04/1965,Egypt,,416-115-0323
Drusy,Roizin,Nariño,08/23/1990,Colombia,,551-182-0374
Leslie,Biaggetti,Santarém,01/02/1975,Brazil,lbiaggettips@naver.com,850-172-7511
Gina,Weall,,,,gweallpt@behance.net,
Emmie,Raff,,,,eraffpu@techcrunch.com,
Codie,Anespie,Beidong,01/08/1959,China,,775-597-2011
Mohandis,Sterte,San Diego,08/11/1959,Costa Rica,mstertepw@histats.com,271-263-7260
Morey,Benns,Krivodanovka,07/07/1996,Russia,mbennspx@cornell.edu,887-607-2577
Dione,Mobberley,,,,dmobberleypy@google.com,
Merrel,Umbers,Bente,05/15/1964,Indonesia,mumberspz@seattletimes.com,492-114-5601
Jsandye,Crevy,,,,jcrevyq0@g.co,
Briant,Thelwll,Casal das Figueiras,05/22/1999,Portugal,bthelwllq1@newsvine.com,131-528-3706
Cob,Roskam,Talondang,06/12/1981,Indonesia,croskamq2@epa.gov,853-240-7716
Gilberte,Caff,Tucuran,11/22/1986,Philippines,gcaffq3@chicagotribune.com,947-166-8579
Briny,Sayse,Mukdahan,04/15/1992,Thailand,bsayseq4@hostgator.com,886-779-1108
Jen,Hulmes,,,,jhulmesq5@mayoclinic.com,
Dimitri,Poppy,Huangge,08/17/1959,China,,727-662-0004
Onfre,McCaskell,Shalazhi,11/02/1999,Russia,omccaskellq7@cyberchimps.com,960-804-5088
Enrika,Backshaw,,,,ebackshawq8@sitemeter.com,
Diane-marie,Puckham,El Calafate,07/09/1992,Argentina,dpuckhamq9@bloomberg.com,278-814-7968
Gare,Borborough,Tonosí,01/19/1954,Panama,gborboroughqa@mac.com,433-359-4088
Lucais,Sear,Los Córdobas,07/26/1989,Colombia,,385-709-5109
Stoddard,Bertson,Stari Lec,04/30/1991,Serbia,sbertsonqc@nsw.gov.au,262-716-1738
Helen,Anear,Kil,02/18/1976,Sweden,,689-743-8300
Patrizia,Wardhaugh,Wuxiang,10/31/1981,China,pwardhaughqe@angelfire.com,182-304-7838
Teddy,Reinmar,Peoria,09/09/1957,United States,treinmarqf@imgur.com,623-568-6151
Kessia,Schoroder,Challas,12/05/1982,Peru,kschoroderqg@cafepress.com,505-268-7366
Alejandro,Tandey,Hou’an,10/13/1989,China,atandeyqh@fotki.com,179-939-8256
Torrence,Saffran,Kōriyama,03/19/1957,Japan,tsaffranqi@icio.us,436-295-2697
Janie,Dillintone,Tarrafal de São Nicolau,02/19/1974,Cape Verde,jdillintoneqj@nifty.com,269-925-4498
Doreen,Maliffe,Sélestat,06/06/1963,France,dmaliffeqk@google.it,692-381-2110
Carey,Hoyles,Jiangkou,01/25/1952,China,choylesql@miibeian.gov.cn,525-284-4323
Clevie,Absolem,Grahamstown,12/13/1976,South Africa,cabsolemqm@springer.com,620-166-0689
Luella,Flaws,,,,lflawsqn@ameblo.jp,
Mariel,Belfield,Rabāţ-e Sangī-ye Pā’īn,11/05/1951,Afghanistan,mbelfieldqo@webnode.com,972-383-9630
Dasya,Hinstridge,Guanghou,12/18/1970,China,,209-104-4998
Issie,Bediss,Salimbalan,02/12/1959,Philippines,ibedissqq@sina.com.cn,345-729-6645
Rycca,Tippings,Hotaka,11/01/1997,Japan,,217-680-1522
Gearard,Ambrogioni,Nancy,04/19/1954,France,gambrogioniqs@hud.gov,895-489-2568
Blithe,Cay,Kuanfatu,11/28/1977,Indonesia,bcayqt@wikipedia.org,986-990-1052
Fraze,Jentzsch,Jiḩānah,01/09/1963,Yemen,fjentzschqu@clickbank.net,588-721-5145
Danyelle,Dowle,Jianjun,05/26/1977,China,ddowleqv@a8.net,419-671-6560
Daniel,Sorrell,Ljusdal,09/05/1982,Sweden,dsorrellqw@dailymotion.com,851-309-9571
Meggie,Fellow,Tlogotunggal,12/29/1967,Indonesia,mfellowqx@mysql.com,578-582-8680
Cacilia,Burkinshaw,Guingamp,09/12/1960,France,cburkinshawqy@live.com,300-222-0188
Sibel,Loudiane,Suzaka,01/01/1951,Japan,sloudianeqz@psu.edu,463-848-6805
Lovell,Massenhove,,,,lmassenhover0@pinterest.com,
Leupold,Beggin,Ulyanovsk,08/10/1964,Russia,,315-225-7258
Maxi,Djokic,Guandukou,07/11/1994,China,mdjokicr2@devhub.com,975-739-1353
Erhard,Dimitrescu,Sangba,12/04/1976,China,edimitrescur3@foxnews.com,347-909-5512
Domeniga,Strevens,Pameče,11/30/1955,Slovenia,dstrevensr4@alexa.com,992-698-3108
Humfried,Ballingal,Mértola,12/16/1963,Portugal,hballingalr5@toplist.cz,945-119-3977
Cam,Charlesworth,Sebewe,03/06/1984,Indonesia,ccharlesworthr6@army.mil,660-641-8382
Nickie,Antonin,Pospelikha,02/27/1964,Russia,,193-753-9592
Blisse,Tett,Santa Helena,03/10/1971,Brazil,btettr8@addthis.com,782-964-3667
Guilbert,Riddock,Fengjiang,04/11/1951,China,,161-964-4023
Katharyn,Crouch,Na Klang,06/19/1993,Thailand,kcrouchra@wisc.edu,791-668-8417
Elmore,Farress,Bang Rak,10/19/1951,Thailand,efarressrb@stumbleupon.com,666-418-6586
Johnnie,McHaffy,Boshchorbogh,08/05/1979,Tajikistan,jmchaffyrc@parallels.com,520-482-7292
Celine,Tothe,Koynare,07/04/1973,Bulgaria,ctotherd@cargocollective.com,916-344-5833
Natalie,Goalley,Coruripe,04/27/1951,Brazil,ngoalleyre@feedburner.com,456-643-1026
Charyl,Schuh,Morshansk,11/20/1984,Russia,,487-788-8018
Lilith,Emtage,Tolkmicko,08/09/1973,Poland,lemtagerg@opera.com,236-534-9062
Danita,Barrack,Babao,07/02/1974,China,dbarrackrh@jugem.jp,236-920-9159
Naoma,Noakes,Klaeng,05/22/1985,Thailand,nnoakesri@whitehouse.gov,783-819-0593
Lindsy,Jedrzejczyk,Buta Ranquil,01/08/1958,Argentina,ljedrzejczykrj@usa.gov,803-851-7214
Catlaina,Stidever,Xiaozhi,05/24/1993,China,cstideverrk@weebly.com,112-243-4405
Harmonia,McGaughey,Bayt al ‘Awābī,09/26/1960,Oman,hmcgaugheyrl@yandex.ru,759-207-5935
Sebastien,Willman,Dalan,04/21/1982,China,swillmanrm@loc.gov,999-785-8732
Kai,Pellatt,,,,kpellattrn@wikia.com,
Ronna,Allday,Kraków,02/07/1989,Poland,ralldayro@jalbum.net,839-841-1944
Saundra,Worsley,Yuwan,08/27/1998,China,sworsleyrp@dailymotion.com,319-684-6149
Giordano,Wayon,El Tambo,11/22/1972,Colombia,gwayonrq@spiegel.de,173-703-3901
Brenn,Lavies,Al Midyah,04/13/1992,Palestinian Territory,blaviesrr@sciencedirect.com,371-940-1539
