first_name,last_name,birth_place,birth_date,country_living_in,email,phone
Artemus,Guy,Isehara,18.07.1988,Japan,,+81-144-142-4540
Rhodia,Demoge,Yubilyeyny,08.12.1962,Belarus,rdemoge1@etsy.com,+375-123-111-4937
Upton,Avramovich,,,,uavramovich2@tiny.cc,
Lewes,de Quesne,Toufang,30.09.1992,China,,+86-375-964-8980
Timmi,Pitcaithley,Sarandi,14.03.1991,Brazil,tpitcaithley4@studiopress.com,+55-261-516-9833
Aggie,Damiral,Warung Wetan,02.02.1979,Indonesia,adamiral5@chron.com,+62-550-695-8858
Wittie,Acutt,Nässjö,06.03.1994,Sweden,wacutt6@baidu.com,+46-231-863-9961
Teena,Charte,Irkliyevskaya,12.03.1987,Russia,tcharte7@imdb.com,+7-762-280-5575
Blithe,Goldsworthy,Sanjiang,29.01.1953,China,,+86-195-789-8233
Floris,Pettersen,Tsagaan-Olom,08.07.1951,Mongolia,fpettersen9@samsung.com,+976-489-277-7754
Stefanie,Coppeard,Sanya,10.05.1995,China,scoppearda@yandex.ru,+86-496-864-0512
Livvy,Ca,Topola,29.01.1969,Serbia,,+381-330-668-7322
Don,Minors,Thành Phố Ninh Bình,23.07.1997,Vietnam,dminorsc@blogs.com,+84-920-223-3070
Fonz,Hulett,San Miguel,04.11.1951,Philippines,,+63-675-779-3808
Leanora,Brazer,Rio,25.12.1960,Portugal,lbrazere@bandcamp.com,+351-204-663-0877
Lyndsey,Winmill,Orichi,06.01.1976,Russia,,+7-993-728-0480
Jackquelin,Island,,,,jislandg@tripod.com,
Nero,Pecha,Kuching,30.09.1995,Malaysia,npechah@stumbleupon.com,+60-477-672-9424
Gerladina,Scadden,Heydərabad,02.12.1951,Azerbaijan,,+994-755-531-7743
Yves,Dahlgren,Bertoua,13.07.1953,Cameroon,ydahlgrenj@seattletimes.com,+237-749-351-6945
Ivonne,Dochon,Enshi,28.09.1965,China,idochonk@globo.com,+86-594-238-1465
Elton,Shatford,Pung-Pang,24.04.1999,Philippines,eshatfordl@opera.com,+63-111-362-6420
Leandra,Thurlow,Grati Satu,10.08.1971,Indonesia,lthurlowm@unc.edu,+62-539-714-1364
Ricardo,Lapwood,Pajapita,02.01.1981,Guatemala,rlapwoodn@zdnet.com,+502-932-385-0317
Giulia,Scimone,Ochakiv,28.08.1952,Ukraine,gscimoneo@furl.net,+380-569-964-2705
Jemmy,Darrell,Itapema,20.07.1955,Brazil,,+55-842-626-9263
Malena,Delyth,Imġarr,15.05.1984,Malta,mdelythq@webmd.com,+356-272-774-8404
Denna,Creeghan,Yingcheng,29.10.1957,China,dcreeghanr@a8.net,+86-872-338-4339
Yehudi,Adkins,Ladário,07.12.1976,Portugal,yadkinss@phoca.cz,+351-993-443-5444
Mirelle,Fawkes,Xingdian,27.06.1979,China,mfawkest@networkadvertising.org,+86-968-880-1435
Thebault,Alessandone,Ūdalah,19.04.1954,Palestinian Territory,,+970-760-227-2153
Helen,Cavendish,Rattanaburi,30.03.1967,Thailand,hcavendishv@vkontakte.ru,+66-562-265-4419
Desdemona,Queyos,Cortiçóis,04.05.1954,Portugal,dqueyosw@mozilla.org,+351-770-713-8966
Rahal,Batting,Zhireken,01.10.1954,Russia,,+7-577-200-3284
Bobby,Stanyon,Yên Lập,13.12.1998,Vietnam,bstanyony@wiley.com,+84-753-680-1329
Clerkclaude,Stothart,Bęczarka,29.09.1979,Poland,cstothartz@amazon.co.uk,+48-727-230-5941
Simona,Mintrim,Pedro Miguel,14.12.1991,Portugal,,+351-456-523-7387
Tann,Wonfar,Wolofeo,14.08.1992,Indonesia,,+62-461-143-3865
Aubrie,Dorken,Chang Klang,08.06.1990,Thailand,adorken12@oracle.com,+66-702-131-9452
Marney,Bitchener,Smyshlyayevka,21.10.1954,Russia,mbitchener13@nature.com,+7-626-397-9921
Walther,Dohms,Denver,05.07.1965,United States,wdohms14@symantec.com,+1-303-696-9745
Courtenay,Cookson,Cañete,25.09.1956,Chile,ccookson15@goo.gl,+56-204-256-2261
Emmeline,Cowsby,Dapaong,08.09.1984,Togo,,+228-569-283-1998
Abby,Zylberdik,Kamaishi,15.08.1986,Japan,azylberdik17@businesswire.com,+81-982-858-4844
Leoine,Matteucci,,,,lmatteucci18@shutterfly.com,
Evita,Laverock,La Virgen,28.05.1989,Costa Rica,,+506-152-144-1688
Janot,Klais,Lingshan,11.10.1986,China,jklais1a@nba.com,+86-710-589-8155
Pattin,Barrat,Lac La Biche,02.06.1960,Canada,pbarrat1b@elegantthemes.com,+1-442-803-1139
Hermina,Pechard,San Jose,08.10.1995,Philippines,hpechard1c@printfriendly.com,+63-651-575-2297
Brittaney,Quaif,Sandefjord,20.04.1992,Norway,bquaif1d@cafepress.com,+47-996-614-7430
Glynnis,Mangan,Pagak,25.02.1970,Indonesia,,+62-989-293-9329
Aveline,Wife,Asopós,23.08.1970,Greece,awife1f@wikipedia.org,+30-989-597-1302
Lexy,Yaxley,Zarqa,10.01.1958,Jordan,lyaxley1g@a8.net,+962-463-752-8758
Valina,Slane,Villejuif,20.09.1999,France,vslane1h@vk.com,+33-941-245-3735
Jehanna,Durie,Älvsjö,30.06.1980,Sweden,jdurie1i@vkontakte.ru,+46-694-669-3854
Elmo,Liquorish,Kuantan,16.09.1951,Malaysia,eliquorish1j@xrea.com,+60-694-173-8847
Walsh,Jesteco,Bandar-e Torkaman,10.05.1981,Iran,wjesteco1k@dropbox.com,+98-701-780-4238
Nicholle,Fransewich,Pavlivka,12.03.1961,Ukraine,,+380-537-960-0239
Pat,Artis,Pilcaniyeu,12.04.1979,Argentina,partis1m@facebook.com,+54-306-832-5087
Rowland,Scholes,Jindui,21.10.1989,China,,+86-726-914-8745
Elvina,Beacom,Bacong,28.12.1962,Philippines,ebeacom1o@usnews.com,+63-238-873-0810
Meyer,Gulc,Langford,12.05.1971,Canada,mgulc1p@mayoclinic.com,+1-530-434-3116
Bryanty,Kira,Atlanta,21.07.1980,United States,bkira1q@360.cn,+1-404-347-0765
Colby,Sides,Erlangkou,22.03.1992,China,csides1r@mtv.com,+86-521-656-2616
Tait,Brombell,Qozonketkan,18.05.1962,Uzbekistan,tbrombell1s@behance.net,+998-327-827-3257
Trudey,Pepys,Dongpu,30.10.1986,China,tpepys1t@theglobeandmail.com,+86-194-298-6519
Merrily,Leere,Khondāb,06.01.1962,Iran,,+98-188-815-6852
Andrea,Rossant,La Concepcion,21.03.1984,Mexico,arossant1v@time.com,+52-305-951-5893
Mollie,Kerwood,Tākestān,25.09.1964,Iran,mkerwood1w@economist.com,+98-600-338-3109
Lauryn,Twigger,,,,,
Egor,Neaverson,Velikiy Novgorod,06.07.1994,Russia,eneaverson1y@accuweather.com,+7-102-692-7151
Goldie,Teenan,Parigi,29.03.1953,Indonesia,,+62-229-222-0508
Morgana,Glyne,Gubskaya,18.07.1960,Russia,mglyne20@desdev.cn,+7-381-524-8294
Si,Winsom,,,,swinsom21@sina.com.cn,
Gretchen,Sharrier,Tunoshna,25.06.1955,Russia,gsharrier22@multiply.com,+7-182-754-1991
Kenneth,Blainey,Turgenevo,30.12.1961,Russia,kblainey23@netvibes.com,+7-603-141-7407
Grannie,Coton,Zhanxu,03.08.1973,China,gcoton24@google.it,+86-533-189-3186
Eduard,Lehrer,Yonkers,18.07.1973,United States,elehrer25@bloomberg.com,+1-914-617-7303
Barrie,Figin,Benchu,26.06.1955,China,bfigin26@yolasite.com,+86-177-457-0762
Lowell,Joost,Viterbo,09.07.1969,Colombia,ljoost27@usatoday.com,+57-943-946-2064
Farand,Duell,,,,fduell28@blogs.com,
Lion,Renfrew,,,,lrenfrew29@mtv.com,
Donnie,Joannet,Taoling,19.04.1969,China,djoannet2a@nifty.com,+86-814-244-9333
Corey,Discombe,Nossa Senhora do Socorro,23.05.1973,Brazil,cdiscombe2b@symantec.com,+55-311-807-7463
Britt,Sholl,Hitura,03.03.1991,Nepal,bsholl2c@mediafire.com,+977-501-251-1525
Gerick,Domican,Armentières,05.09.1959,France,gdomican2d@hc360.com,+33-933-849-6587
Jacquelin,Djokic,Caracol,04.02.1983,Haiti,jdjokic2e@sitemeter.com,+509-222-766-7338
Mallory,Monnoyer,Cafe,18.09.1984,Philippines,mmonnoyer2f@sakura.ne.jp,+63-802-726-4329
Vale,Pedrozzi,San Pedro,06.11.1994,Bolivia,vpedrozzi2g@webmd.com,+591-845-179-6168
Kerrill,Wivell,Nacala,15.03.1962,Mozambique,kwivell2h@nature.com,+258-196-841-7195
Tully,Chaudhry,,,,tchaudhry2i@scribd.com,
Hedy,Symmers,Gulonggang,24.09.1984,China,hsymmers2j@shareasale.com,+86-132-903-3751
Philis,Goranov,Mazra‘at Bayt Jinn,22.11.1985,Syria,pgoranov2k@hc360.com,+963-483-342-6308
Peria,Tonn,Bayanhongor,15.07.1979,Mongolia,ptonn2l@joomla.org,+976-996-693-1579
Beauregard,Brickell,San Juan Ixcoy,16.10.1987,Guatemala,bbrickell2m@meetup.com,+502-883-372-9118
Cesaro,Clotworthy,Zhangyang,01.06.1968,China,cclotworthy2n@si.edu,+86-203-549-4397
Gerhard,Flecknell,Hînceşti,16.08.1988,Moldova,,+373-326-150-6715
Guss,Kezourec,Zhenlai,20.06.1998,China,gkezourec2p@youku.com,+86-286-766-6135
Sascha,Culham,Laranganglintong,11.06.1996,Indonesia,sculham2q@wufoo.com,+62-183-834-1813
Aurilia,Bolam,Zhongwei,14.07.1995,China,abolam2r@phoca.cz,+86-139-459-8482
Llewellyn,Weymouth,Oslo,19.08.1996,Norway,lweymouth2s@xinhuanet.com,+47-665-252-0138
Ariel,Capoun,Atipuluhan,08.11.1989,Philippines,acapoun2t@networksolutions.com,+63-189-875-9790
Van,Bishop,Slobodskoy,07.01.1966,Russia,,+7-301-689-4468
Seamus,Gummary,Sapeken,21.10.1967,Indonesia,,+62-919-339-3437
Cissiee,Belchamber,Toutai,12.01.1990,China,cbelchamber2w@about.me,+86-719-693-4601
Madelina,Branthwaite,Baculin,03.01.1997,Philippines,mbranthwaite2x@behance.net,+63-352-760-4819
Daisie,Carek,Napak,07.05.1980,Uganda,dcarek2y@usa.gov,+256-436-684-1498
Jania,O'Gorman,Ferreiras,08.07.1971,Portugal,,+351-451-356-2638
Rayner,Gorrie,Medeiros Neto,18.03.1963,Brazil,,+55-748-485-3145
Peyter,McInally,Sandu,05.05.1975,China,pmcinally31@biglobe.ne.jp,+86-730-276-6717
Wildon,Kovalski,Szemud,14.12.1953,Poland,wkovalski32@ucsd.edu,+48-908-273-9208
Federica,MacPaike,Dongjiang Matoukou,09.11.1980,China,fmacpaike33@google.de,+86-569-449-3110
Lavina,Morlon,Novokuz’minki,22.12.1978,Russia,lmorlon34@printfriendly.com,+7-862-672-2878
Levey,Yatman,Barakī Barak,22.01.1956,Afghanistan,lyatman35@google.com.br,+93-504-310-8472
Pandora,De Vaar,Cabiguan,08.03.1969,Philippines,pdevaar36@netscape.com,+63-744-129-4787
Gretna,Shilton,Yinchuan,03.02.1952,China,,+86-353-110-1351
Jada,Goodley,Noormarkku,22.12.1985,Finland,,+358-728-578-6360
Hayyim,Jeanneau,Sigli,27.02.1979,Indonesia,hjeanneau39@sogou.com,+62-130-554-1170
Tedd,De Pietri,Zhongchao,05.05.1992,China,tdepietri3a@nasa.gov,+86-878-525-1861
Avery,Bottoms,Nanyang,18.07.1971,China,,+86-727-480-7319
Ninetta,Gooderson,Llauta,18.10.1975,Peru,ngooderson3c@weibo.com,+51-390-438-9586
Arabella,Littleproud,Payxambabazar,30.05.1961,China,alittleproud3d@nymag.com,+86-501-292-6707
Fred,Tynan,,,,ftynan3e@google.cn,
Bentlee,Hallatt,,,,bhallatt3f@mysql.com,
Agosto,Gumb,,,,,
Allin,Lecount,Dualing,28.08.1957,Philippines,alecount3h@google.com.hk,+63-505-985-1702
Billy,Shanahan,Hvar,05.12.1962,Croatia,bshanahan3i@xinhuanet.com,+385-988-311-3577
Helen-elizabeth,Gerner,Capão da Canoa,11.08.1998,Brazil,hgerner3j@quantcast.com,+55-178-377-7294
Betsy,Follis,Musanze,15.07.1987,Rwanda,bfollis3k@auda.org.au,+250-214-428-0033
Nobe,BURWIN,Tsagaannuur,22.08.1974,Mongolia,nburwin3l@e-recht24.de,+976-492-860-6796
Hunfredo,Niblock,T’ongch’ŏn-ŭp,03.04.1982,North Korea,hniblock3m@buzzfeed.com,+850-401-158-5765
Lindsy,Cosser,Thị Trấn Lâm,09.03.1982,Vietnam,lcosser3n@pinterest.com,+84-277-734-7236
Willow,Harmson,Nîmes,26.07.1959,France,,+33-340-622-9903
Blaire,Paternoster,Chenggan,25.06.1969,China,bpaternoster3p@admin.ch,+86-230-866-3639
Davon,Chattey,Timahankrajan,03.07.1962,Indonesia,dchattey3q@etsy.com,+62-347-964-1815
Dorisa,Halfhead,Paris 08,24.01.1963,France,dhalfhead3r@hexun.com,+33-918-629-4651
Marti,Cattermull,Kiszkowo,01.02.1965,Poland,mcattermull3s@free.fr,+48-799-215-3766
Kliment,Buttrick,Đống Đa,18.10.1985,Vietnam,kbuttrick3t@deliciousdays.com,+84-793-863-8616
Elsie,Grzesiewicz,Waso,22.11.1976,Indonesia,egrzesiewicz3u@dailymail.co.uk,+62-439-951-2892
Cristy,Kayzer,Tanguiéta,03.08.1998,Benin,ckayzer3v@weebly.com,+229-580-680-5303
Silva,Verralls,Dos Quebradas,03.01.1993,Colombia,sverralls3w@sfgate.com,+57-907-346-6752
Roxanne,Kull,Ribeira,04.07.1952,Portugal,rkull3x@gmpg.org,+351-162-766-6456
Jada,Yair,Camgyai,15.03.1971,China,jyair3y@cafepress.com,+86-607-334-2568
Abigail,Winram,Novoaltaysk,21.08.1987,Russia,awinram3z@github.com,+7-173-472-3154
Dell,Rabbage,Krong Pi Nang,16.10.1993,Thailand,drabbage40@issuu.com,+66-110-475-3461
Loretta,Behan,Sunchales,25.01.1965,Argentina,lbehan41@skype.com,+54-828-527-6118
Dallas,Cornillot,Yoshkar-Ola,25.10.1962,Russia,dcornillot42@indiegogo.com,+7-511-182-3314
Oriana,Dye,Lena,16.01.1962,Indonesia,odye43@zdnet.com,+62-665-179-2998
Darlleen,Guihen,Azilal,16.10.1975,Morocco,dguihen44@who.int,+212-784-917-3172
Rodd,Mattioli,Pires do Rio,04.07.1989,Brazil,rmattioli45@histats.com,+55-774-457-4464
Veronica,Andino,Bang Krathum,05.04.1997,Thailand,vandino46@bluehost.com,+66-922-484-0941
Freida,Lacheze,Jepuro,20.09.1999,Indonesia,,+62-308-248-7148
Katharina,Lofty,Umm Ruwaba,12.08.1983,Sudan,klofty48@acquirethisname.com,+249-746-515-3255
Pauly,Mungham,Ar Riqāb,09.09.1994,Tunisia,pmungham49@icq.com,+216-925-164-8697
Lonni,Flather,Jianshe,14.09.1950,China,lflather4a@webnode.com,+86-763-798-2346
Iona,Brockman,Liqiao,04.03.1997,China,ibrockman4b@thetimes.co.uk,+86-258-144-4208
Myrtia,Bankes,Palaiseau,06.12.1998,France,mbankes4c@tripadvisor.com,+33-461-870-9903
Pierre,King,,,,pking4d@ed.gov,
Shermie,Breese,Burlatskoye,25.01.1962,Russia,sbreese4e@clickbank.net,+7-356-123-5983
Raddie,Wrightem,Kon Tum,22.07.1992,Vietnam,rwrightem4f@biblegateway.com,+84-426-550-4440
Myron,Kimbrough,Windsor,05.09.1974,Canada,mkimbrough4g@shareasale.com,+1-813-670-3564
Ginnie,Huegett,Guimba,04.06.1960,Philippines,ghuegett4h@cyberchimps.com,+63-788-447-2478
Umberto,O' Liddy,Ibeto,25.04.1957,Nigeria,uoliddy4i@eventbrite.com,+234-885-322-3091
Brande,Havers,Adolfo Ruiz Cortines,31.07.1975,Mexico,bhavers4j@meetup.com,+52-211-222-3105
Violante,Blinkhorn,Saint Croix,25.01.1973,U.S. Virgin Islands,vblinkhorn4k@google.com,+1-836-791-6138
Eldredge,Whitbread,Xiabao,27.09.1972,China,ewhitbread4l@hibu.com,+86-449-377-8302
Henriette,Makin,Černošice,25.02.1992,Czech Republic,hmakin4m@paginegialle.it,+420-944-936-5890
Aldon,Mary,Kaz,13.04.1993,Russia,amary4n@bbb.org,+7-391-423-4087
Rodolfo,Lebell,Chornyanka,14.11.1953,Ukraine,rlebell4o@army.mil,+380-328-444-4719
Dniren,Middlemass,Laval,02.02.1976,France,dmiddlemass4p@accuweather.com,+33-883-569-0900
Terrye,Canelas,Notre-Dame-de-l'Île-Perrot,14.10.1961,Canada,tcanelas4q@barnesandnoble.com,+1-493-762-3782
Clemente,Bearns,Thatèng,23.03.1967,Laos,cbearns4r@bandcamp.com,+856-356-912-6196
Tedmund,Beazer,Srbinovo,28.11.1967,Macedonia,tbeazer4s@japanpost.jp,+389-630-369-6508
Penny,Laffin,Catriló,28.12.1978,Argentina,plaffin4t@tinypic.com,+54-224-262-1649
Irwinn,McNickle,Stęszew,14.09.1968,Poland,imcnickle4u@cpanel.net,+48-518-679-5766
Ainslee,Klimuk,Paldiski,28.06.1997,Estonia,aklimuk4v@slashdot.org,+372-707-339-2204
Alexis,Engelmann,Daciyao,08.12.1967,China,aengelmann4w@weibo.com,+86-992-668-8409
Rica,Brydone,Ustynivka,18.05.1988,Ukraine,rbrydone4x@tuttocitta.it,+380-902-783-0160
Arne,Iglesiaz,Penha Longa,11.09.1979,Portugal,,+351-678-539-6860
Edik,Theodoris,Irshava,08.04.1966,Ukraine,etheodoris4z@cafepress.com,+380-306-926-1888
Stacia,Sauven,Kaliasin,24.10.1968,Indonesia,ssauven50@about.com,+62-300-430-6019
Leigha,Fri,Qianchuan,05.07.1954,China,,+86-129-446-7647
Philippe,Eisold,San Nicolas,04.02.1963,Philippines,peisold52@tripod.com,+63-382-503-1419
Violetta,Antoniat,Sonina,03.03.1979,Poland,vantoniat53@businessinsider.com,+48-628-682-3015
Cahra,Luchetti,HanHuang,08.07.1957,China,,+86-234-773-9471
Jordan,Bridywater,La Escondida,17.02.1957,Mexico,jbridywater55@wisc.edu,+52-141-396-5021
Hillery,Miskelly,Eskilstuna,16.03.1984,Sweden,hmiskelly56@ucoz.com,+46-797-915-5484
Purcell,Malloy,Steinfort,04.10.1972,Luxembourg,pmalloy57@rakuten.co.jp,+352-758-132-0067
Faulkner,Howitt,Banjar Kajanan,23.08.1973,Indonesia,fhowitt58@state.gov,+62-625-568-8061
Donelle,Stefi,Woloara,22.05.1986,Indonesia,dstefi59@sina.com.cn,+62-726-295-6760
Nolie,Dyball,Girona,31.07.1973,Spain,ndyball5a@reverbnation.com,+34-587-450-2476
Robinetta,Livezey,Czarna Woda,20.10.1960,Poland,rlivezey5b@guardian.co.uk,+48-771-500-2431
Bennett,Branthwaite,Capellanía,11.04.1970,Panama,bbranthwaite5c@a8.net,+507-860-244-0138
Pattie,Dennistoun,Laiyuan,10.01.1976,China,pdennistoun5d@msn.com,+86-860-538-2734
Neal,Slowgrove,Uyskoye,07.05.1993,Russia,,+7-177-833-2387
Adela,Druhan,Velké Losiny,13.06.1962,Czech Republic,adruhan5f@cbc.ca,+420-807-919-0233
Augustina,Blachford,Pilawa,04.09.1983,Poland,ablachford5g@biglobe.ne.jp,+48-228-942-3321
Georges,Elfleet,Slovenska Bistrica,20.08.1971,Slovenia,gelfleet5h@sourceforge.net,+386-476-124-0200
Friederike,Pickle,Jōetsu,09.11.1987,Japan,fpickle5i@woothemes.com,+81-400-260-0814
Joleen,Rycraft,Ust’-Donetskiy,27.02.1968,Russia,jrycraft5j@prlog.org,+7-702-145-2519
Lorena,Hagston,Pangkalanbuun,30.12.1992,Indonesia,,+62-637-127-7426
Teriann,Antram,San Miguel,07.04.1960,Philippines,tantram5l@yellowpages.com,+63-721-480-1294
Aveline,Penhalurick,Qingnianlu,27.01.1983,China,apenhalurick5m@harvard.edu,+86-730-338-6173
Angeline,Jiran,Rāwandūz,22.09.1998,Iraq,ajiran5n@mail.ru,+964-271-761-4795
Alina,Tucknutt,Vlachovo Březí,26.12.1978,Czech Republic,,+420-997-985-4413
Margo,Latehouse,Pasinan Barat,04.05.1982,Indonesia,mlatehouse5p@smh.com.au,+62-389-102-4780
Lou,Durrant,Cipicung Timur,15.11.1953,Indonesia,ldurrant5q@oracle.com,+62-745-811-4417
Ettore,Edgeler,Ciroyom,04.10.1988,Indonesia,eedgeler5r@dagondesign.com,+62-889-291-0457
Ronnica,Bradbury,Yeyik,13.08.1956,China,rbradbury5s@state.tx.us,+86-813-331-4759
Claire,Casiero,Zargarān,06.06.1975,Afghanistan,ccasiero5t@altervista.org,+93-577-761-3591
Hildy,Goering,Vinnytsya,28.06.1991,Ukraine,hgoering5u@wikimedia.org,+380-689-985-9336
Patric,Machans,Itapecerica da Serra,06.05.1979,Brazil,pmachans5v@amazon.co.uk,+55-877-354-4010
Iggie,Lumbers,Mlanggeng,01.12.1960,Indonesia,,+62-661-306-0131
Christopher,Ropp,Qianjin,28.03.1981,China,cropp5x@yale.edu,+86-396-200-3212
Massimiliano,Purbrick,Llazicë,06.09.1977,Kosovo,mpurbrick5y@liveinternet.ru,+383-694-918-4314
Taddeusz,Whatling,Bayanhoshuu,06.10.1989,Mongolia,twhatling5z@phpbb.com,+976-520-298-0526
Brandtr,Rozet,Wanfa,17.07.1965,China,brozet60@mtv.com,+86-621-984-8413
Sharyl,Mival,Aku,08.05.1986,Nigeria,smival61@ihg.com,+234-918-482-1384
Barbra,Powe,Birmingham,10.02.1974,United States,bpowe62@upenn.edu,+1-205-900-5912
Jarrod,Willmetts,Maralal,28.03.1989,Kenya,,+254-833-630-8490
Kaitlin,Bonass,Paris 09,24.05.1984,France,kbonass64@usa.gov,+33-831-369-4852
Chiarra,Kneebone,Lindavista,19.08.1980,Mexico,ckneebone65@uiuc.edu,+52-203-561-8317
Billy,Bircher,Huangsha,01.05.1969,China,bbircher66@goo.ne.jp,+86-104-516-4363
Orville,Corday,Tagoloan,13.05.1956,Philippines,ocorday67@auda.org.au,+63-458-773-1968
Irvine,Mosco,Miskolc,11.12.1960,Hungary,imosco68@squidoo.com,+36-210-122-4276
Lorette,Donati,Yuelai,14.09.1979,China,ldonati69@weibo.com,+86-555-771-4259
Anthia,Kintish,Fenyan,26.07.1981,China,akintish6a@merriam-webster.com,+86-523-345-6863
Valida,Syrad,Tongguan,01.04.1975,China,,+86-276-670-7609
Jolynn,Arnaudet,,,,jarnaudet6c@zimbio.com,
Estella,Weildish,Bonn,11.03.1963,Germany,eweildish6d@go.com,+49-691-806-6933
Griffie,Pharaoh,Lukrejo,10.09.1967,Indonesia,gpharaoh6e@nationalgeographic.com,+62-861-610-3018
Leoine,Adam,Doetinchem,01.10.1967,Netherlands,ladam6f@biblegateway.com,+31-547-893-0465
Brigida,Lippo,Skien,02.03.1977,Norway,blippo6g@usgs.gov,+47-867-431-4005
Orlan,Wasielewski,Morelos,09.11.1983,Mexico,,+52-231-711-3150
Camilla,Jandourek,Tercena,30.07.1981,Portugal,cjandourek6i@harvard.edu,+351-275-419-3181
Archibaldo,Pimblotte,El Paso,19.02.1982,United States,apimblotte6j@nationalgeographic.com,+1-915-481-9045
Natala,Cocking,San Andres,25.04.1953,Philippines,ncocking6k@bloglovin.com,+63-340-659-1507
Irvin,Wandtke,Teuva,26.04.1952,Finland,,+358-797-113-3324
Octavia,Jeffs,,,,ojeffs6m@opera.com,
Chery,Kitchenman,Krumvíř,15.05.1955,Czech Republic,ckitchenman6n@surveymonkey.com,+420-570-585-2662
Pernell,Blything,Wuyang,25.10.1957,China,pblything6o@facebook.com,+86-115-753-8060
Ozzie,Sallinger,Huskvarna,06.11.1997,Sweden,,+46-263-422-3474
Nico,Broodes,Thị Trấn Trùng Khánh,01.08.1974,Vietnam,nbroodes6q@photobucket.com,+84-454-735-1730
Amanda,Petters,Dmitrov,18.05.1995,Russia,apetters6r@oracle.com,+7-371-746-4528
Chrisse,Richin,Sámara,24.04.1957,Costa Rica,crichin6s@prweb.com,+506-522-894-2206
Emanuele,Walworche,Jugezhuang,01.09.1993,China,,+86-910-395-1973
Cathlene,Nannini,San Ramón,02.02.1989,Peru,cnannini6u@slate.com,+51-577-631-3757
Fanechka,Cockshut,Kumba,11.05.1972,Cameroon,fcockshut6v@hibu.com,+237-966-612-9612
Zitella,Jodlkowski,Montréal-Est,21.10.1986,Canada,zjodlkowski6w@omniture.com,+1-655-297-3760
Hadley,Wethey,Hepu,05.07.1973,China,hwethey6x@cornell.edu,+86-333-918-7511
Kellia,Baccus,Mosteiros,22.06.1969,Portugal,kbaccus6y@php.net,+351-635-453-2051
Uriah,Turton,,,,,
Annnora,Bodham,Pérama,07.12.1991,Greece,abodham70@bing.com,+30-215-915-5568
Roxana,Giamelli,Peñaflor,06.12.1964,Chile,rgiamelli71@gravatar.com,+56-802-542-7628
Marni,Elwin,Madang,10.12.1974,Papua New Guinea,,+675-229-175-0504
Onfroi,Masson,Logroño,18.02.1958,Spain,omasson73@adobe.com,+34-775-457-4483
Merrilee,Mannakee,Tsaghkadzor,29.10.1999,Armenia,mmannakee74@narod.ru,+374-217-177-1570
Jereme,Ickovic,Marmashen,01.03.1955,Armenia,jickovic75@nifty.com,+374-867-200-6086
Tasia,Pretti,Ishkhoy-Yurt,25.11.1990,Russia,,+7-739-162-1545
Yasmin,Wimbury,Bifeng,12.11.1961,China,ywimbury77@ftc.gov,+86-837-292-5401
Venita,Vittori,Cova da Iria,01.05.1957,Portugal,vvittori78@mozilla.org,+351-682-390-2661
Maude,Gullivent,Xinglongjie,29.09.1958,China,mgullivent79@unblog.fr,+86-225-427-7434
Fannie,Motton,Lapachito,07.06.1988,Argentina,,+54-527-547-5658
Rafi,Kindle,Karasgede,09.03.1998,Indonesia,,+62-928-902-9152
Peyton,Gwyer,Lyasny,08.12.1965,Belarus,pgwyer7c@twitter.com,+375-348-693-6777
Trefor,Ladbrooke,Dokshytsy,04.06.1954,Belarus,,+375-860-412-6315
Avrom,Avrahamof,Aloja,21.01.1951,Latvia,aavrahamof7e@ifeng.com,+371-652-151-0152
Enrica,Gillopp,Szprotawa,16.05.1962,Poland,egillopp7f@sphinn.com,+48-109-415-2499
Kelley,Martinot,Rudy,17.02.1963,Poland,kmartinot7g@paginegialle.it,+48-774-768-7627
Jen,McGowing,San Felipe,26.12.1957,Guatemala,jmcgowing7h@wikimedia.org,+502-738-249-3349
Jordana,Harryman,Cauayan,18.04.1963,Philippines,jharryman7i@tripadvisor.com,+63-712-922-8604
Pearce,Klimushev,Sokolovo,16.07.1996,Russia,pklimushev7j@yellowpages.com,+7-527-902-9964
Doretta,Osbidston,,,,,
Laurice,Robeson,Karnobat,03.06.1992,Bulgaria,lrobeson7l@arstechnica.com,+359-927-967-5590
Clemente,Ambroz,Dushang,19.06.1960,China,,+86-871-263-4725
Stafford,Yanin,San Jose,17.12.1993,Mexico,syanin7n@bing.com,+52-873-162-8175
Cass,Gorick,Woha,20.05.1968,Indonesia,cgorick7o@who.int,+62-998-807-1676
Yvonne,Gutans,Huacrachuco,18.01.1965,Peru,ygutans7p@macromedia.com,+51-909-278-4574
Brenn,Sussex,Pyhäselkä,26.05.1986,Finland,bsussex7q@slideshare.net,+358-515-181-8515
Barrett,Scripps,Foundiougne,05.08.1972,Senegal,bscripps7r@npr.org,+221-255-161-0207
Lindsay,Allabarton,Sindangkerta,08.11.1993,Indonesia,lallabarton7s@wunderground.com,+62-109-566-4214
Rory,Bratton,Kunting,20.09.1981,Gambia,rbratton7t@netlog.com,+220-221-327-5730
Aldin,Ilson,Chok Chai,19.06.1983,Thailand,ailson7u@techcrunch.com,+66-613-300-7078
Georgetta,Lytton,Tamberías,28.07.1991,Argentina,glytton7v@mapquest.com,+54-336-149-1345
Kirby,Doey,Deskle,29.04.1952,Slovenia,kdoey7w@wp.com,+386-853-215-3937
Jenifer,Carsey,St. Anton an der Jeßnitz,29.08.1987,Austria,jcarsey7x@unicef.org,+43-853-766-7737
Wilhelm,Dowsett,Ithari,26.07.1959,Nepal,wdowsett7y@toplist.cz,+977-624-447-6788
Fritz,Klulicek,Banjar Triwangsakeliki,13.12.1997,Indonesia,fklulicek7z@paginegialle.it,+62-935-957-0006
Lacy,Genner,Mao,17.07.1998,Chad,lgenner80@joomla.org,+235-610-277-0206
Nadeen,Druce,Babakanloa,11.11.1986,Indonesia,ndruce81@mlb.com,+62-648-168-9121
Kenyon,Birrane,Tianning,02.02.1957,China,kbirrane82@dion.ne.jp,+86-469-820-3782
Blinni,Gorce,Ebene,26.04.1987,Mauritius,bgorce83@businessinsider.com,+230-629-220-8572
Theodora,Habbijam,Lafayette,04.05.1982,United States,thabbijam84@google.ru,+1-337-363-6190
Anjanette,Viney,Kantemirovka,04.07.1950,Russia,aviney85@hubpages.com,+7-477-943-4534
Erik,Luten,Algarvia,11.02.1987,Portugal,eluten86@pcworld.com,+351-331-797-9871
Ashia,Lowdham,Vilhelmina,05.05.1983,Sweden,alowdham87@tamu.edu,+46-614-258-5403
Tally,Lattin,Datarnangka,13.02.1972,Indonesia,tlattin88@dailymail.co.uk,+62-849-965-9554
Noach,Vivers,Longxian,20.09.1983,China,nvivers89@xing.com,+86-604-438-3241
Seana,Chaffer,Dzhetygara,30.01.1987,Kazakhstan,,+7-906-846-9401
Allis,Bolwell,New York City,08.06.1995,United States,abolwell8b@bravesites.com,+1-212-609-5171
Hadria,Moff,,,,hmoff8c@usnews.com,
Karissa,Sparrowhawk,Ţahţā,12.06.1984,Egypt,,+20-921-177-0826
Ardith,Nisard,Kelapa,16.03.1983,Indonesia,anisard8e@chron.com,+62-212-548-0916
Deeyn,Orht,Rochester,27.09.1974,United States,dorht8f@vimeo.com,+1-585-752-4174
Wilone,Broomer,Mahalapye,18.10.1984,Botswana,wbroomer8g@youtu.be,+267-177-784-1425
Vitoria,Risborough,Da’an,06.09.1961,China,vrisborough8h@unc.edu,+86-990-524-5291
Robbin,Golling,Agara,27.09.1970,Georgia,,+995-785-219-1054
Mireielle,Rodder,Rzyki,03.11.1950,Poland,mrodder8j@mit.edu,+48-481-343-9517
Karleen,Nail,Czeremcha,26.06.1997,Poland,knail8k@harvard.edu,+48-563-502-0956
Dan,Gask,Piekoszów,02.06.1960,Poland,dgask8l@i2i.jp,+48-917-177-3198
Anastassia,Valeri,Santa Catalina - Dique Lujan,16.12.1985,Argentina,avaleri8m@elpais.com,+54-571-106-5173
Meara,O'Nolan,Bowang,18.06.1995,China,monolan8n@xinhuanet.com,+86-379-559-0859
Bar,Siman,Sobontoro,04.06.1969,Indonesia,bsiman8o@engadget.com,+62-861-892-5729
Englebert,Benoit,Tabia,06.07.1979,Morocco,ebenoit8p@noaa.gov,+212-923-460-1238
Laurent,Davidove,Repatriación,27.12.1982,Paraguay,ldavidove8q@uiuc.edu,+595-573-507-8873
Quintina,Please,Sukagawa,14.06.1977,Japan,qplease8r@who.int,+81-973-441-9120
Hermon,Collinette,Odawara,16.09.1959,Japan,hcollinette8s@1und1.de,+81-495-273-9377
Theresita,MacRinn,Bobo-Dioulasso,17.08.1972,Burkina Faso,tmacrinn8t@msu.edu,+226-559-571-0623
Margaretha,Catcheside,Huangben,06.08.1969,China,mcatcheside8u@umn.edu,+86-247-713-4814
Marleah,Ashenhurst,Qizhen,12.01.1951,China,mashenhurst8v@foxnews.com,+86-186-737-6212
Vite,Hamlin,Bianxiong,30.06.1987,China,,+86-581-708-1103
Reggy,Dinneen,,,,rdinneen8x@who.int,
Ely,Matches,Papër,12.08.1963,Albania,ematches8y@joomla.org,+355-171-970-8106
Angel,Peetermann,Roma,22.04.1966,Italy,apeetermann8z@example.com,+39-846-204-2955
Gretta,MacCrossan,Pasir,15.03.1983,Indonesia,gmaccrossan90@webmd.com,+62-276-383-0081
Hamlen,Gadie,San Antonio,04.08.1976,United States,hgadie91@nyu.edu,+1-210-907-0406
Dalenna,Goard,Girona,29.05.1960,Spain,dgoard92@aol.com,+34-813-934-8908
Elita,Zannotti,Haligue,23.01.1954,Philippines,ezannotti93@e-recht24.de,+63-322-260-0851
Gustaf,Harteley,Slavs’ke,26.10.1954,Ukraine,gharteley94@cornell.edu,+380-864-633-0005
Derron,Raffan,Chiguata,12.04.1967,Peru,draffan95@kickstarter.com,+51-760-486-9549
Carlyn,Snadden,Dubrovka,21.02.1964,Russia,csnadden96@sakura.ne.jp,+7-455-916-6507
Nellie,Weare,Souto do Meio,16.12.1961,Portugal,nweare97@prweb.com,+351-634-409-9154
Haley,Crosetti,Zürich,16.06.1987,Switzerland,hcrosetti98@washingtonpost.com,+41-463-716-5811
Sheelagh,Hadeke,Alaverdi,10.05.1968,Armenia,shadeke99@google.com.br,+374-576-639-4355
Merrili,Benzies,Singgit,14.09.1955,Indonesia,mbenzies9a@aol.com,+62-414-317-9346
Ichabod,Hatchman,San José de Feliciano,24.10.1983,Argentina,ihatchman9b@reddit.com,+54-670-410-6084
Derby,Lippatt,Água Preta,08.03.1986,Brazil,dlippatt9c@seesaa.net,+55-173-111-4141
Rachael,Simonich,Bonoua,03.03.1969,Ivory Coast,rsimonich9d@nature.com,+225-822-789-5482
Hyatt,Bullion,Şafāshahr,01.06.1955,Iran,hbullion9e@accuweather.com,+98-631-701-1306
Gregg,Blizard,Chattanooga,13.08.1995,United States,gblizard9f@geocities.com,+1-423-482-5574
Ferdinande,Withey,Żabia Wola,25.05.1973,Poland,fwithey9g@de.vu,+48-319-619-8308
Burk,Easthope,,,,beasthope9h@npr.org,
Phyllis,Louedey,Nepeña,01.02.1983,Peru,plouedey9i@t.co,+51-879-529-1841
Jake,Ormesher,Deder,29.03.1991,Ethiopia,jormesher9j@youtube.com,+251-924-949-5192
Tripp,Jakucewicz,Brits,19.05.1961,South Africa,tjakucewicz9k@arizona.edu,+27-158-685-7612
Emerson,Livett,Mella,07.02.1967,Dominican Republic,elivett9l@parallels.com,+1-521-632-2003
Ora,Kuhne,Ubiaja,06.03.1959,Nigeria,okuhne9m@symantec.com,+234-867-182-4377
Lorianne,Peet,Saharna,24.12.1985,Moldova,lpeet9n@buzzfeed.com,+373-229-461-7396
Hector,Kleinfeld,Mets Parni,12.08.1996,Armenia,hkleinfeld9o@barnesandnoble.com,+374-781-981-2812
Oralia,Gerbl,Riverton,02.03.1952,New Zealand,ogerbl9p@hatena.ne.jp,+64-778-301-2075
Darsie,Gronauer,Nanjing,12.06.1952,China,dgronauer9q@mozilla.com,+86-699-466-3567
Dannie,Leftridge,,,,dleftridge9r@e-recht24.de,
Shurlocke,Hauch,Ganchazi,30.08.1969,China,shauch9s@narod.ru,+86-971-594-6706
Lydie,Neal,Kandangan,06.04.1968,Indonesia,lneal9t@seattletimes.com,+62-650-448-1322
Joy,Showers,Balangkayan,17.05.1970,Philippines,jshowers9u@a8.net,+63-837-931-4242
Julianna,Ozanne,Cardal,05.10.1984,Uruguay,jozanne9v@typepad.com,+598-297-723-8882
Piper,Demange,Shiyan,16.07.1997,China,pdemange9w@chronoengine.com,+86-699-452-7237
Austen,Ballin,Rebrikha,18.08.1971,Russia,aballin9x@wiley.com,+7-216-167-8637
Hazlett,Shotter,Bharatpur,25.10.1980,Nepal,hshotter9y@foxnews.com,+977-590-446-0997
Livy,Watters,Balud,17.09.1961,Philippines,lwatters9z@posterous.com,+63-671-406-0547
Meridel,Maxstead,Domalanoan,05.06.1953,Philippines,mmaxsteada0@ft.com,+63-849-255-2600
Miranda,Bollans,Victoria,30.12.1997,Philippines,mbollansa1@vistaprint.com,+63-977-745-4426
Joela,Gleasane,Baiyangwan,14.02.1996,China,,+86-476-766-8691
Allys,McConville,Sölvesborg,03.12.1991,Sweden,amcconvillea3@php.net,+46-496-890-7651
Gabey,Fairlem,Sambogunung,25.02.1969,Indonesia,,+62-868-286-1505
Kippie,Andreasson,Jequitinhonha,17.12.1993,Brazil,,+55-551-274-7262
Terrel,Marvel,Tairan Camp,01.06.1981,Philippines,,+63-259-538-6715
Laryssa,Stedell,Quwaysinā,24.12.1979,Egypt,,+20-310-569-9279
Clementine,Alexandrescu,Fuyu,17.12.1985,China,,+86-557-911-0852
Tedman,Freezor,Kafue,28.06.1963,Zambia,tfreezora9@huffingtonpost.com,+260-814-563-2262
Daune,Ziemens,Roxas,02.11.1952,Philippines,dziemensaa@paginegialle.it,+63-503-645-5985
Yves,Fullalove,Potet,28.10.1961,Indonesia,,+62-973-997-6499
Melonie,O' Clovan,Jingyao,19.05.1960,China,moclovanac@columbia.edu,+86-897-501-2133
Donielle,Parmley,Águas de Lindóia,08.01.1984,Brazil,dparmleyad@feedburner.com,+55-249-725-4241
Sephira,Jamme,Valbonë,11.09.1954,Albania,sjammeae@netvibes.com,+355-224-203-5682
Camey,Haslin,Liješnica,09.11.1986,Bosnia and Herzegovina,chaslinaf@hostgator.com,+387-631-697-0286
Maryann,Elnaugh,Pleasant Point,18.12.1954,New Zealand,,+64-786-518-9435
Tandi,Martinolli,Lecheng,23.08.1954,China,tmartinolliah@infoseek.co.jp,+86-851-136-1053
Nata,Dugald,Nandayure,26.10.1971,Costa Rica,ndugaldai@washington.edu,+506-348-908-0863
Blakelee,Brou,,,,bbrouaj@opera.com,
Ber,Hammand,Chipyela,20.02.1973,Malawi,bhammandak@ning.com,+265-900-127-3494
Maribeth,Mapes,Pleiku,11.09.1985,Vietnam,,+84-786-699-9037
Hildagard,MacGillivray,Nazir Town,11.04.1996,Pakistan,hmacgillivrayam@weibo.com,+92-686-737-2843
Mariya,Pearsey,Carriedo,28.07.1985,Philippines,,+63-206-787-2482
Lyndsay,Horche,Thetford-Mines,12.03.1978,Canada,lhorcheao@noaa.gov,+1-587-560-2849
Alicia,Rought,,,,aroughtap@princeton.edu,
Una,Idill,Ampasimanolotra,15.12.1962,Madagascar,uidillaq@google.es,+261-577-344-5324
Sarina,Wasielewicz,Kungur,17.07.1968,Russia,swasielewiczar@hud.gov,+7-448-735-5043
Devin,Bogue,Sebewe,22.10.1981,Indonesia,dbogueas@wufoo.com,+62-539-834-2311
Monika,Widdows,Cergy-Pontoise,30.12.1994,France,,+33-959-674-6345
Windy,Sircomb,Apodi,10.12.1985,Brazil,wsircombau@furl.net,+55-291-346-6864
Karim,Hedley,Tsingoni,31.07.1985,Mayotte,khedleyav@slideshare.net,+269-637-971-7002
Spike,Kiley,Piquete,29.10.1969,Brazil,skileyaw@booking.com,+55-270-104-5278
Nico,Benneton,Gueltat Zemmour,17.05.1974,Morocco,nbennetonax@yahoo.com,+212-381-855-9068
Baron,Giraths,Siderejo,24.06.1950,Indonesia,,+62-589-394-7418
Carmelita,Bellhouse,Stockholm,31.12.1957,Sweden,cbellhouseaz@omniture.com,+46-177-697-4257
Gabriel,Gibbe,Blang Dalam,11.08.1990,Indonesia,ggibbeb0@buzzfeed.com,+62-978-988-4110
Kathlin,Tysall,Cikaludan,24.12.1975,Indonesia,ktysallb1@t-online.de,+62-801-483-0102
Jo-anne,Kegley,Mazhonghe,22.07.1993,China,jkegleyb2@go.com,+86-332-722-7578
Lynnet,Sketchley,Muara Sabak,05.05.1958,Indonesia,,+62-977-133-4032
Murial,Di Ruggero,Ostrowite,27.12.1997,Poland,mdiruggerob4@dagondesign.com,+48-394-529-9321
Amalie,Poon,Veldhoven,16.07.1961,Netherlands,,+31-272-813-7196
Kendricks,Flear,København,14.02.1993,Denmark,kflearb6@netlog.com,+45-370-616-6699
Keary,Wigglesworth,Strel'na,22.05.1986,Russia,,+7-869-617-1702
Ingemar,Senescall,Sulak,15.09.1999,Russia,,+7-677-118-8672
Alphard,Westman,Rogów,29.11.1955,Poland,awestmanb9@geocities.jp,+48-155-930-5625
Myrah,Leyland,Chinoz,22.05.1966,Uzbekistan,mleylandba@phpbb.com,+998-517-371-2056
Dan,Varns,Lijie,22.03.1982,China,dvarnsbb@statcounter.com,+86-730-170-0499
Shaun,Murrish,Brumado,11.03.1982,Brazil,smurrishbc@ebay.co.uk,+55-647-612-8981
Darrin,Quincee,Las Palmas,03.06.1967,Mexico,dquinceebd@huffingtonpost.com,+52-457-544-2337
Godiva,Deegin,Yekaterinovka,13.02.1978,Russia,gdeeginbe@foxnews.com,+7-944-345-0567
Rowan,Kniveton,,,,rknivetonbf@discuz.net,
Saree,Edger,Marseille,10.11.1954,France,sedgerbg@yandex.ru,+33-337-684-0453
Merilee,Lippiatt,Nay Pyi Taw,28.06.1980,Myanmar,mlippiattbh@state.tx.us,+95-895-730-2947
Gonzales,Tumpane,,,,gtumpanebi@umich.edu,
Goldia,Hawkswood,Aloleng,12.10.1977,Philippines,ghawkswoodbj@privacy.gov.au,+63-626-713-9419
Winston,Lowensohn,Binhe,30.03.1973,China,,+86-292-165-7448
Carter,Hapgood,,,,chapgoodbl@ibm.com,
Bradley,Pimlock,Iitti,11.05.1974,Finland,bpimlockbm@163.com,+358-352-878-1042
Tracy,Chamberlain,Kedatuan,27.11.1995,Indonesia,tchamberlainbn@google.nl,+62-175-709-2733
Hieronymus,Loutheane,Ducheng,09.09.1985,China,hloutheanebo@kickstarter.com,+86-774-685-1257
Clyde,Taggerty,Songjiang,07.12.1976,China,ctaggertybp@zimbio.com,+86-153-626-8387
Deloria,Polle,Cuogang,15.10.1975,China,dpollebq@timesonline.co.uk,+86-960-734-6100
Olav,Rouzet,Rujewa,28.08.1993,Tanzania,orouzetbr@rambler.ru,+255-359-545-5335
Emelina,Caulder,Dawan,14.10.1961,Indonesia,ecaulderbs@upenn.edu,+62-833-177-8495
Mayne,Lavington,Armopa,08.08.1979,Indonesia,mlavingtonbt@cdbaby.com,+62-365-274-5678
Katti,Beggi,Luqa,30.11.1950,Malta,kbeggibu@wikia.com,+356-502-824-6961
Michell,Barnett,Vila Franca do Campo,13.12.1981,Portugal,mbarnettbv@redcross.org,+351-824-355-7310
Colleen,Craig,Zolochiv,20.09.1986,Ukraine,ccraigbw@senate.gov,+380-114-866-8872
Florentia,Pidler,Sunzhuang,12.03.1990,China,,+86-684-300-7934
Anne-corinne,Persich,Miramichi,18.07.1958,Canada,apersichby@jugem.jp,+1-337-513-5679
Frederic,Fernanando,Kiel,06.09.1959,Germany,ffernanandobz@bigcartel.com,+49-488-236-0604
Madlen,Shearme,Lhoknga,26.01.1958,Indonesia,mshearmec0@wordpress.org,+62-519-699-2449
Laural,Swinburne,Houston,25.06.1953,United States,lswinburnec1@nsw.gov.au,+1-281-547-8080
Rudd,Haspineall,'s-Hertogenbosch,24.05.1995,Netherlands,,+31-857-257-3536
Abner,Ghione,Baní,29.03.1990,Dominican Republic,aghionec3@shutterfly.com,+1-537-612-9775
Charmine,Suter,Wilwerwiltz,30.04.1952,Luxembourg,csuterc4@google.it,+352-111-225-4865
Heather,Flanne,Sapol,20.10.1970,Philippines,hflannec5@dyndns.org,+63-847-986-3518
Costa,Jankowski,Twardogóra,02.04.1981,Poland,cjankowskic6@lycos.com,+48-834-657-6870
Slade,Rushmere,Lille,14.06.1964,France,srushmerec7@live.com,+33-559-174-3311
Xylia,Beardshall,,,,,
Lamond,McColm,Panitian,12.09.1999,Philippines,lmccolmc9@imageshack.us,+63-584-908-2884
Gilemette,Gerriets,La Virginia,24.04.1968,Colombia,ggerrietsca@usa.gov,+57-174-934-4134
Fiann,Sloyan,Amuru,06.02.1968,Uganda,fsloyancb@princeton.edu,+256-787-398-3374
Dalis,Kuhnhardt,Seren Barat,03.11.1990,Indonesia,,+62-371-736-9323
Allix,Leney,Basak,07.01.1976,Philippines,aleneycd@squidoo.com,+63-213-937-8977
Huntlee,Sclanders,,,,,
Granthem,Souley,Guji,28.06.1970,China,gsouleycf@google.ru,+86-197-500-3037
Casandra,Gyurkovics,Ålesund,06.08.1963,Norway,cgyurkovicscg@ifeng.com,+47-264-247-2266
Fairfax,Edison,Zomba,10.04.1994,Malawi,,+265-727-764-6861
Lavinia,Admans,Hecun,12.08.1995,China,ladmansci@vistaprint.com,+86-691-891-4968
Ellsworth,Mussen,Wang’er,05.03.1995,China,emussencj@nature.com,+86-787-636-1730
Erina,Fewtrell,Mariposa,10.04.1976,Peru,efewtrellck@cnet.com,+51-842-754-2193
Ario,Nulty,Miami,20.02.1954,United States,anultycl@eventbrite.com,+1-305-202-8921
Odo,Trumble,Lyon,28.09.1993,France,otrumblecm@apache.org,+33-540-849-8711
Marybeth,Bagby,Sancti Spíritus,09.12.1963,Cuba,mbagbycn@elpais.com,+53-715-614-4388
Lowe,McCumesky,Areado,10.04.1955,Brazil,lmccumeskyco@blogtalkradio.com,+55-483-762-1871
Marylou,Beckley,Mianduhe,14.05.1988,China,,+86-634-285-5724
Lisette,Robjohns,Lüfeng,01.02.1995,China,lrobjohnscq@edublogs.org,+86-828-611-5429
Becky,Gillimgham,Uuemõisa,01.08.1955,Estonia,bgillimghamcr@kickstarter.com,+372-420-647-2078
Garrek,McNelis,Sarykemer,24.12.1992,Kazakhstan,gmcneliscs@nature.com,+7-514-383-7015
Farlie,Linnard,,,,flinnardct@shop-pro.jp,
Ronnica,Cragoe,Brasília,13.01.1998,Brazil,rcragoecu@imageshack.us,+55-360-526-9891
Alyse,Tolussi,Cambé,02.01.1977,Brazil,atolussicv@vkontakte.ru,+55-468-180-6097
Niccolo,Faircliffe,Kotel,27.11.1988,Bulgaria,nfaircliffecw@admin.ch,+359-845-697-5363
Roselin,Emby,Astorga,27.04.1950,Brazil,,+55-161-198-9283
Leland,Steggals,Bayeux,09.06.1999,Brazil,,+55-647-735-4599
Adey,Ilymanov,Bandar-e ‘Asalūyeh,27.08.1984,Iran,ailymanovcz@zimbio.com,+98-339-786-3243
Jen,Eschalette,,,,,
Dalia,Geator,Ulety,27.06.1998,Russia,dgeatord1@yelp.com,+7-740-206-9676
Philip,Kellick,Huimin,25.05.1972,China,pkellickd2@woothemes.com,+86-919-381-7920
Ferris,Lucus,Huanglin,22.07.1985,China,flucusd3@bbb.org,+86-572-919-6722
Sumner,Garvie,Farkhor,19.01.1990,Tajikistan,sgarvied4@homestead.com,+992-538-734-7511
Greg,Water,Daminggong,26.08.1963,China,,+86-756-385-3463
Maggi,Whitehouse,Butere,04.02.1983,Kenya,,+254-958-562-7174
Helaina,Ranaghan,Kota Kinabalu,27.06.1953,Malaysia,hranaghand7@domainmarket.com,+60-924-671-7167
Jordana,Benedikt,,,,jbenediktd8@oakley.com,
Jenda,Vivien,Bergen,14.02.1967,Norway,jviviend9@usgs.gov,+47-325-370-9774
Gregg,Schurcke,Nizhniy Tagil,24.11.1985,Russia,gschurckeda@weather.com,+7-263-439-9080
Alex,Blomefield,Lobitos,11.06.1950,Peru,ablomefielddb@discuz.net,+51-872-867-8912
Germain,Szymczyk,Al Khamīs,30.03.1985,Yemen,gszymczykdc@chron.com,+967-155-758-0815
Glynnis,Radoux,Konsoy,31.03.1998,Tajikistan,gradouxdd@vistaprint.com,+992-882-412-4584
Cherise,Kennedy,,,,ckennedyde@bizjournals.com,
Dacey,Vasile,Gulonggang,19.06.1991,China,dvasiledf@meetup.com,+86-371-511-2927
Micheal,Martino,Ramon Magsaysay,24.11.1988,Philippines,mmartinodg@timesonline.co.uk,+63-848-474-7006
Shela,Peach,Chiri-Yurt,20.05.1991,Russia,speachdh@instagram.com,+7-620-726-4244
Randy,Dumini,Cotovia,18.07.1964,Portugal,rduminidi@hexun.com,+351-859-169-5112
Gaven,Gerg,Iwata,07.10.1969,Japan,ggergdj@home.pl,+81-961-161-3098
Michel,Capon,,,,mcapondk@bluehost.com,
Raviv,Denzey,Tsybulevka,17.09.1961,Ukraine,rdenzeydl@china.com.cn,+380-776-688-6680
Bram,Broe,Tomorlog,02.10.1966,China,bbroedm@etsy.com,+86-920-452-2176
Meredith,Dunphy,Topi,19.05.1984,Pakistan,mdunphydn@home.pl,+92-106-662-6361
Dorothy,McKew,Bansalan,19.10.1968,Philippines,dmckewdo@cnn.com,+63-790-941-4317
Caitrin,Heustace,Ryki,10.01.1961,Poland,cheustacedp@bloglovin.com,+48-804-193-2835
Thaddus,Parfitt,Kotaagung,28.05.1956,Indonesia,tparfittdq@multiply.com,+62-675-909-3752
Hobart,Segrott,Nanuque,08.09.1964,Brazil,,+55-266-252-3540
Sean,O'Halligan,Beicheng,23.06.1967,China,sohalligands@ted.com,+86-402-508-0351
Gusty,Gong,Shādegān,11.09.1973,Iran,ggongdt@uiuc.edu,+98-603-979-9577
Cherise,Pykett,Cagbang,21.03.1951,Philippines,cpykettdu@virginia.edu,+63-781-165-0271
Dore,Stenett,Cunha,21.01.1955,Brazil,dstenettdv@domainmarket.com,+55-878-888-4825
Michel,Hodinton,Xinjia,12.11.1987,China,mhodintondw@dion.ne.jp,+86-320-105-7937
Zulema,Rush,Manalongon,19.07.1991,Philippines,zrushdx@usda.gov,+63-161-807-8023
Dugald,Byers,Francisco Villa,27.06.1996,Mexico,dbyersdy@barnesandnoble.com,+52-657-906-7179
Elly,Barczynski,Zhuanqukou,05.06.1998,China,ebarczynskidz@digg.com,+86-671-438-8542
Danita,Bosworth,Khirbat Tīn Nūr,17.02.1955,Syria,dbosworthe0@hatena.ne.jp,+963-867-400-6154
Charmion,Maus,Lameira,25.12.1971,Portugal,cmause1@weibo.com,+351-341-736-3582
Dorey,Adamczyk,Silao,22.10.1982,China,,+86-292-995-1568
Kaine,Ambrosetti,Vurğun,18.06.1964,Azerbaijan,,+994-214-264-3723
Fanni,Oneile,,,,,
Erskine,McTurk,Castlerea,01.04.1979,Ireland,emcturke5@dmoz.org,+353-886-952-7139
Galina,Caban,,,,gcabane6@boston.com,
Sampson,Gurery,Caujul,24.07.1974,Peru,,+51-501-348-8848
Griffy,Lankford,Kulautuva,30.09.1957,Lithuania,,+370-669-893-8057
Tailor,De Freyne,Čačak,23.03.1965,Serbia,,+381-749-256-7682
Bonni,Godney,Volodymyrets’,24.07.1957,Ukraine,bgodneyea@miibeian.gov.cn,+380-789-844-0507
Eb,Blaine,Paris La Défense,13.02.1979,France,,+33-743-929-3082
Antoine,Zute,Aranguren,04.02.1999,Argentina,azuteec@woothemes.com,+54-801-829-1344
Friedrich,Rolstone,Metz,12.10.1984,France,frolstoneed@tumblr.com,+33-618-391-2424
Patrizio,Campes,Orenburg,06.02.1964,Russia,,+7-391-570-5620
Massimo,Waddilove,Morcellemont Saint André,30.05.1996,Mauritius,mwaddiloveef@archive.org,+230-876-439-4438
Eartha,Pimlott,Sanqu,23.01.1980,China,epimlotteg@cbc.ca,+86-856-141-3750
Kilian,Barbier,Al Mushannaf,13.10.1971,Syria,,+963-802-229-3951
Nedi,Woofenden,Lugo,16.02.1987,Philippines,,+63-313-585-4472
Andee,Colecrough,Watuagung,29.06.1988,Indonesia,acolecroughej@ovh.net,+62-539-615-3833
Jennie,Georgievski,Stakhanov,28.03.1985,Ukraine,jgeorgievskiek@freewebs.com,+380-171-981-6580
Kimberly,Beat,Tidaholm,27.08.1955,Sweden,kbeatel@cmu.edu,+46-269-642-4077
Rae,Shortland,Kloangrotat,02.07.1954,Indonesia,,+62-791-423-8556
Celestyn,Radband,Itatskiy,16.10.1977,Russia,cradbanden@army.mil,+7-633-801-2986
Deina,Cropper,Horred,13.07.1977,Sweden,dcroppereo@umich.edu,+46-499-578-1185
Aldridge,Itzik,Río Bueno,09.01.1959,Chile,aitzikep@amazon.co.uk,+56-860-770-3744
Hale,Batman,La Unión,21.10.1977,Colombia,hbatmaneq@goo.ne.jp,+57-609-144-7051
Ambrose,Dungate,Pombos,30.01.1970,Brazil,adungateer@opensource.org,+55-725-827-7153
Mike,Townsend,Baqiu,06.05.1996,China,mtownsendes@newsvine.com,+86-256-453-2849
Amerigo,Schelle,Santa Cruz de Yojoa,23.07.1957,Honduras,aschelleet@ning.com,+504-706-367-0188
Claresta,Kobiera,Tola,18.06.1966,Nicaragua,ckobieraeu@admin.ch,+505-302-603-7699
Theresita,Hegley,Susaki,24.07.1955,Japan,thegleyev@scribd.com,+81-517-475-4723
Laverne,Blaw,Yangshuo,03.10.1987,China,lblawew@un.org,+86-853-802-4176
Diane-marie,Schulz,,,,dschulzex@yahoo.co.jp,
Reyna,Phethean,Carpina,19.07.1977,Brazil,rphetheaney@hc360.com,+55-870-819-4418
Julianne,Habron,Sekampung,21.05.1987,Indonesia,jhabronez@samsung.com,+62-908-899-3137
Valdemar,Collerd,Baiyang,07.12.1966,China,,+86-433-528-7476
Vladamir,Braemer,Pohbango,29.08.1965,Indonesia,vbraemerf1@upenn.edu,+62-867-542-9705
Redford,Luxford,Qal‘eh-ye Khvājeh,23.12.1962,Iran,rluxfordf2@clickbank.net,+98-312-348-4224
Kristen,Gillman,Ciwaru,30.01.1995,Indonesia,kgillmanf3@privacy.gov.au,+62-309-526-2406
Celesta,MacIllrick,Besah,17.10.1978,Indonesia,cmacillrickf4@feedburner.com,+62-692-108-3169
Wallas,Yesenin,Paarl,04.06.1958,South Africa,wyeseninf5@google.ru,+27-600-883-3163
Karalee,Wrassell,Satte,21.07.1970,Japan,kwrassellf6@surveymonkey.com,+81-466-476-0139
Lanny,Leghorn,Wuhe Chengguanzhen,16.02.1950,China,lleghornf7@bloomberg.com,+86-305-630-0002
Alla,Peele,,,,,
Syd,Boschmann,Carepa,25.02.1963,Colombia,sboschmannf9@seesaa.net,+57-875-230-8739
Demott,Fetherston,Athlone,03.07.1985,Ireland,,+353-665-671-1279
Idalina,Romero,Velykyy Burluk,14.07.1976,Ukraine,iromerofb@wordpress.org,+380-481-768-8607
Georgeanna,Westraw,Coronel Suárez,21.09.1956,Argentina,gwestrawfc@instagram.com,+54-168-287-8210
Madonna,Paudin,La Purisima,13.06.1951,Mexico,mpaudinfd@plala.or.jp,+52-186-100-6904
Chevy,McKeggie,Bangunsari,25.11.1983,Indonesia,,+62-288-525-7382
Marieann,Hancox,Farnham,25.10.1990,Canada,mhancoxff@devhub.com,+1-239-678-1716
Connie,Whitebread,Alkmaar,27.12.1970,Netherlands,,+31-173-956-8321
Candide,Bamell,Ōdachō-ōda,19.11.1991,Japan,cbamellfh@smh.com.au,+81-611-595-0924
Norris,De Fries,Napak,03.08.1952,Uganda,ndefriesfi@csmonitor.com,+256-571-255-2478
Donetta,Tierny,Sukowiryo,25.09.1953,Indonesia,dtiernyfj@earthlink.net,+62-930-996-5271
Leda,Cella,,,,,
Allin,Normabell,Tembladera,10.04.1978,Peru,anormabellfl@bluehost.com,+51-635-128-5267
Salomone,Dealtry,Skalánion,06.03.1954,Greece,,+30-941-279-9885
Flory,De Francisci,Rozhniv,15.04.1962,Ukraine,fdefranciscifn@cam.ac.uk,+380-659-995-6952
Tybi,Macquire,San José Poaquil,17.02.1993,Guatemala,tmacquirefo@upenn.edu,+502-801-877-9096
Sela,Carslaw,Lucaya,08.05.1967,Bahamas,scarslawfp@abc.net.au,+1-256-478-0125
Abel,Ambridge,Iriga City,07.03.1981,Philippines,aambridgefq@yandex.ru,+63-610-448-1076
Jaquelyn,Collen,Haikou,21.02.1968,China,jcollenfr@amazon.com,+86-348-153-3589
Zachery,Mulberry,Ushuaia,10.10.1998,Argentina,zmulberryfs@discovery.com,+54-265-937-0418
Erny,Biever,Taizi,23.03.1966,China,ebieverft@soundcloud.com,+86-699-978-0350
Willdon,Faulkner,Gálvez,25.01.1959,Argentina,wfaulknerfu@sitemeter.com,+54-798-925-3120
Hewitt,Marsh,Vychegodskiy,06.11.1999,Russia,hmarshfv@unc.edu,+7-392-274-7173
Edik,Wackett,Taishihe,27.11.1987,China,ewackettfw@bing.com,+86-105-242-3476
Marsh,Kaspar,Songshu,23.11.1957,China,mkasparfx@npr.org,+86-734-546-2551
Horace,Troutbeck,Xiaozhai,02.08.1950,China,htroutbeckfy@discuz.net,+86-966-138-0241
Maurene,Leeves,Shuangfeng,09.01.1953,China,mleevesfz@ameblo.jp,+86-775-788-5944
Petrina,Tonbye,Bachowice,24.05.1961,Poland,ptonbyeg0@godaddy.com,+48-347-419-1059
Barrie,Brinsford,,,,bbrinsfordg1@marriott.com,
Briny,Yoakley,Skatepark,22.04.1972,Canada,byoakleyg2@cdbaby.com,+1-692-760-3197
Hugues,Nangle,Semarapura,28.01.1985,Indonesia,hnangleg3@microsoft.com,+62-628-913-9165
Stirling,Craigie,Baicheng,22.08.1980,China,scraigieg4@wikia.com,+86-871-378-2273
Jolee,Kuhnhardt,Cawayan Bugtong,02.05.1984,Philippines,jkuhnhardtg5@census.gov,+63-188-234-0038
Elle,Garment,Foxton,28.08.1968,New Zealand,egarmentg6@thetimes.co.uk,+64-531-657-8696
Lib,Excell,Vila Chã do Monte,05.02.1964,Portugal,lexcellg7@tmall.com,+351-157-223-6188
Georgina,Pepall,Gnosjö,03.07.1978,Sweden,,+46-905-585-9693
Annadiane,MacEntee,Dobříš,02.01.1966,Czech Republic,amacenteeg9@linkedin.com,+420-666-741-5563
Welby,Crease,Nha Trang,06.05.1964,Vietnam,wcreasega@dyndns.org,+84-177-344-1279
Roxanne,Sidebotham,Ōyama,04.05.1964,Japan,rsidebothamgb@t-online.de,+81-708-315-1641
Reube,Jefferson,Obikiik,15.10.1988,Tajikistan,rjeffersongc@edublogs.org,+992-338-470-6078
Audre,Boult,Sopla,20.01.1983,Indonesia,aboultgd@devhub.com,+62-694-669-8073
Ephrayim,Deluze,Sterlitamak,28.01.1973,Russia,edeluzege@desdev.cn,+7-964-970-7217
Valentijn,Corrie,Tempurejo,25.06.1974,Indonesia,vcorriegf@howstuffworks.com,+62-980-326-9636
Linnie,Stiven,Laba Goumen,16.08.1971,China,lstivengg@jimdo.com,+86-895-117-2956
Sela,Gawkes,Jerez,22.12.1990,Guatemala,,+502-810-892-6926
Brenna,Ewbanck,Leticia,13.02.1991,Colombia,bewbanckgi@cbc.ca,+57-603-118-5832
Opalina,Clapison,Little Baguio,11.06.1985,Philippines,oclapisongj@blogger.com,+63-728-173-4634
Nariko,Stickings,,,,nstickingsgk@amazonaws.com,
Harri,Deniset,Cigagade,09.06.1965,Indonesia,hdenisetgl@example.com,+62-829-558-9766
Ludovika,Williamson,Aurora,10.09.1980,United States,lwilliamsongm@people.com.cn,+1-303-420-1803
Nikkie,Van de Velde,Sitangkai,18.02.1954,Philippines,nvandeveldegn@comcast.net,+63-138-313-8131
Marybeth,Brownstein,Kostopil’,21.03.1951,Ukraine,mbrownsteingo@shop-pro.jp,+380-177-915-9235
Ginny,Sandey,Paris 09,20.01.1959,France,gsandeygp@google.com.br,+33-567-948-0272
Teodorico,Sandbach,Wasogolo,15.05.1997,Indonesia,tsandbachgq@boston.com,+62-695-107-3118
Robina,Hurkett,Mosty,19.04.1960,Poland,rhurkettgr@businessweek.com,+48-214-925-6643
Mick,Yantsev,,,,myantsevgs@jigsy.com,
Hillel,Strivens,Miribanteng,13.03.1957,Indonesia,hstrivensgt@cnn.com,+62-270-714-3087
Raimund,Weddup,Bukovec,03.02.1998,Czech Republic,rweddupgu@usnews.com,+420-797-876-6417
Briny,Stubbin,Tanarara,14.08.1991,Indonesia,bstubbingv@mlb.com,+62-130-764-9973
Glynnis,Peinke,Dukhovshchina,08.06.1973,Russia,gpeinkegw@alexa.com,+7-745-771-6622
Seymour,Tunstall,Svetlyy,04.08.1978,Russia,stunstallgx@csmonitor.com,+7-630-132-8959
Elroy,Croyser,Maipú,09.12.1962,Argentina,ecroysergy@nba.com,+54-997-934-1832
Linc,O'Griffin,Garoua,10.11.1951,Cameroon,logriffingz@prlog.org,+237-573-267-8927
Dieter,Quantrell,Marigot,10.10.1955,Saint Martin,dquantrellh0@ft.com,+590-477-443-6424
Lacie,MacKean,Şabāḩ as Sālim,26.05.1990,Kuwait,lmackeanh1@newyorker.com,+965-582-239-1406
Jacqui,Dingsdale,Sanzao,13.10.1975,China,jdingsdaleh2@simplemachines.org,+86-429-395-7954
Isac,Fleckno,Birmingham,07.11.1967,United States,iflecknoh3@tiny.cc,+1-205-408-8937
Ruddie,Bear,Donja Dubica,05.08.1996,Bosnia and Herzegovina,,+387-654-947-6666
Stefa,Schindler,New Pandanon,03.06.1988,Philippines,sschindlerh5@slideshare.net,+63-183-698-5419
Alayne,Duffitt,Paris 16,10.12.1987,France,,+33-875-854-0394
Fred,Cumesky,Bulumulyo,07.08.1951,Indonesia,,+62-495-794-8581
Alika,Metcalf,Nevyts’ke,11.10.1988,Ukraine,ametcalfh8@biblegateway.com,+380-469-252-1498
Lonnard,Charlwood,Bandungsari,05.02.1989,Indonesia,lcharlwoodh9@fastcompany.com,+62-266-435-3121
Ines,McQueen,Pôrto Barra do Ivinheima,29.03.1972,Brazil,imcqueenha@usa.gov,+55-295-247-1411
Alvan,Hubbold,,,,ahubboldhb@ucsd.edu,
Jojo,Garshore,Changjiang,16.06.1973,China,jgarshorehc@webnode.com,+86-673-756-9676
Melody,Soares,Shayuan,30.04.1979,China,msoareshd@shinystat.com,+86-876-727-6399
Sibyl,Playford,Umbultanjung,05.03.1983,Indonesia,splayfordhe@omniture.com,+62-294-624-2813
Amara,Willars,Luwingu,07.08.1969,Zambia,,+260-902-375-6693
Wainwright,Hollows,Bodzanów,13.07.1965,Poland,,+48-291-169-9098
Garnette,Gerdts,Lao Suea Kok,09.01.1972,Thailand,ggerdtshh@statcounter.com,+66-671-954-9276
Albina,Tocqueville,Xuebu,17.04.1989,China,atocquevillehi@webs.com,+86-239-518-0522
Ros,Henstone,Ribaldeira,08.09.1996,Portugal,rhenstonehj@4shared.com,+351-445-564-9176
Kevin,Amburgy,Crato,09.12.1964,Brazil,kamburgyhk@ft.com,+55-781-374-3348
Glynis,Inchan,Salaverry,07.04.1952,Peru,ginchanhl@is.gd,+51-505-838-0584
Creighton,Shimuk,San Antonio,29.07.1957,Peru,cshimukhm@histats.com,+51-787-830-0842
Camile,Astie,Caruaru,27.04.1978,Brazil,castiehn@eepurl.com,+55-231-139-6908
Velma,Caunt,Sapeken,30.10.1962,Indonesia,vcauntho@delicious.com,+62-790-810-9263
Dani,Pinnell,Tongjing,08.09.1989,China,,+86-180-445-7577
Richart,Lorne,Eadestown,24.08.1981,Ireland,rlornehq@dailymotion.com,+353-859-149-1338
Foss,Fosdike,Suraż,20.10.1955,Poland,ffosdikehr@mysql.com,+48-630-904-9626
Darleen,Klageman,Saryözek,10.01.1966,Kazakhstan,dklagemanhs@bizjournals.com,+7-980-776-6472
Umeko,Sipson,Zushi,16.12.1999,Japan,usipsonht@cbsnews.com,+81-172-665-4239
Harriett,Bowsher,Qila Saifullāh,23.12.1969,Pakistan,hbowsherhu@loc.gov,+92-602-134-9244
Jade,Geibel,Checca,04.04.1975,Peru,jgeibelhv@theglobeandmail.com,+51-331-477-3126
Obadias,Simmon,Rantauambacang,25.10.1977,Indonesia,osimmonhw@opera.com,+62-768-947-5017
Dix,Rosenthal,Ishige,05.12.1965,Japan,drosenthalhx@nih.gov,+81-715-130-7395
Jed,Wagg,Veldhoven,29.05.1952,Netherlands,jwagghy@fda.gov,+31-857-293-8032
Tally,Gymlett,Bangkle,14.04.1953,Indonesia,tgymletthz@lulu.com,+62-976-889-1535
Huberto,Lowseley,Paiisa,24.09.1954,Philippines,hlowseleyi0@disqus.com,+63-298-159-5822
Nicolai,Girkins,Al Kiswah,27.02.1987,Syria,ngirkinsi1@weibo.com,+963-304-552-2072
Brett,Sear,,,,bseari2@rediff.com,
Barry,Labden,Tupaciguara,06.10.1982,Brazil,blabdeni3@macromedia.com,+55-625-849-5836
Terry,Tellesson,Treinta y Tres,29.02.1972,Uruguay,ttellessoni4@fastcompany.com,+598-913-173-3305
Aile,Killoran,Qiashui,12.09.1956,China,akillorani5@meetup.com,+86-910-941-3651
Godard,Bugbee,Kadukandel,10.02.1979,Indonesia,,+62-950-225-7832
Cleo,Robke,Tall Rif‘at,13.10.1981,Syria,crobkei7@ftc.gov,+963-862-308-9614
Sasha,Tunmore,Qīr Moāv,03.08.1978,Jordan,stunmorei8@nasa.gov,+962-882-586-5312
Sebastiano,Giacomuzzo,Jagabaya Dua,25.12.1995,Indonesia,sgiacomuzzoi9@themeforest.net,+62-665-361-5528
Florry,Whaplington,Dokuchayevs’k,08.01.1967,Ukraine,,+380-746-443-3635
Aurea,Gritsaev,Broska,03.05.1981,Ukraine,,+380-792-876-4123
Erica,Pryke,Ankola,08.07.1962,Indonesia,eprykeic@imageshack.us,+62-411-799-4835
Ula,Wanka,Chatuchak,24.01.1983,Thailand,uwankaid@about.com,+66-305-257-9957
Ian,Heiss,Silute,17.07.1969,Lithuania,iheissie@sciencedaily.com,+370-392-948-5011
Em,Pedrick,Valvedditturai,20.07.1982,Sri Lanka,epedrickif@unblog.fr,+94-726-253-0717
Dylan,Haythorne,,,,dhaythorneig@lycos.com,
Isis,Capper,Győr,19.10.1993,Hungary,icapperih@flavors.me,+36-908-786-7361
Gaylord,Coal,Lille,28.02.1958,France,gcoalii@canalblog.com,+33-256-617-5547
Michele,Beamont,Pýli,15.05.1956,Greece,mbeamontij@gravatar.com,+30-841-429-5800
Darryl,Scrivinor,Bichura,25.05.1958,Russia,dscrivinorik@wikispaces.com,+7-987-865-6152
Sibbie,Warren,Santa Magdalena,23.07.1972,Philippines,swarrenil@google.cn,+63-464-717-6826
Kathie,Tappington,Cikole,07.05.1965,Indonesia,ktappingtonim@domainmarket.com,+62-431-287-1026
Lothaire,Overell,Denton,13.09.1972,United Kingdom,loverellin@walmart.com,+44-731-244-2870
Ahmed,Texton,Kai,19.01.1973,Afghanistan,atextonio@weather.com,+93-621-757-2840
Bartie,Kacheler,Cielmice,15.03.1985,Poland,bkachelerip@symantec.com,+48-108-967-3545
Guinevere,MacKimmie,Mislak,07.03.1963,Indonesia,gmackimmieiq@arizona.edu,+62-555-854-8992
Julita,Tommis,Palmares,04.07.1979,Brazil,jtommisir@nih.gov,+55-457-197-8829
Zachary,O'Caine,,,,zocaineis@webmd.com,
Burty,Haxby,Zhanjiang,08.05.1999,China,bhaxbyit@fc2.com,+86-413-557-3204
Mandy,Enderle,,,,,
Reine,Petters,Guajará Mirim,26.07.1996,Brazil,rpettersiv@craigslist.org,+55-233-304-6423
Anson,Hayward,Sant Cugat Del Valles,15.10.1998,Spain,ahaywardiw@comsenz.com,+34-439-173-6556
Clarance,Gleadhell,Hariang,15.01.1991,Indonesia,cgleadhellix@salon.com,+62-460-652-3026
Ines,Ber,,,,iberiy@miibeian.gov.cn,
Carina,Coster,Ozerki,01.11.1961,Russia,ccosteriz@oracle.com,+7-755-543-2962
Gloriane,Waylen,San Isidro,27.01.1996,Mexico,,+52-841-228-0744
Nolie,Checketts,Chełm,22.12.1987,Poland,,+48-169-694-1596
Jacenta,Eam,Criação Velha,20.11.1978,Portugal,jeamj2@eepurl.com,+351-488-787-6628
Letty,Vasiliu,Sengeti,24.12.1994,Indonesia,lvasiliuj3@elpais.com,+62-776-345-8614
Koralle,Gudeman,Jayyūs,27.02.1996,Palestinian Territory,kgudemanj4@princeton.edu,+970-393-822-6172
Margret,McGready,Santo Niño,23.01.1977,Philippines,mmcgreadyj5@msn.com,+63-845-364-5963
Minda,Rorke,Dobropillya,09.09.1993,Ukraine,mrorkej6@patch.com,+380-754-560-4294
Geri,Grumble,Alavus,10.06.1981,Finland,ggrumblej7@google.com.hk,+358-783-472-8781
Bethena,Georgiev,Tecpán Guatemala,02.08.1951,Guatemala,bgeorgievj8@wikimedia.org,+502-575-925-2227
Charin,Petriello,Serh,20.05.1981,China,cpetrielloj9@icio.us,+86-681-469-1773
Kizzie,Halegarth,Awjilah,14.09.1998,Libya,khalegarthja@pen.io,+218-253-313-8364
Edythe,Loyd,Dajabón,12.09.1959,Dominican Republic,,+1-365-717-0797
Penelopa,Shoemark,Hutang,22.02.1996,China,pshoemarkjc@google.com.br,+86-762-214-1632
Kaja,Cardwell,Gornorechenskiy,30.08.1959,Russia,kcardwelljd@mashable.com,+7-104-307-6810
Bonnibelle,McCorry,Daming,19.02.1991,China,,+86-656-305-5623
Romola,Hurley,Mpanda,14.10.1980,Tanzania,rhurleyjf@howstuffworks.com,+255-551-892-4262
Isaac,Sinclar,Hongchuan,19.05.1988,China,isinclarjg@xing.com,+86-728-209-6704
Fabiano,Treweek,Néa Sánta,21.01.1957,Greece,ftreweekjh@wp.com,+30-508-908-7813
Katina,McCart,,,,kmccartji@reuters.com,
Kippie,Merryfield,Miechów Charsznica,25.12.1987,Poland,kmerryfieldjj@intel.com,+48-924-416-8860
Andromache,De Ortega,Gouveia,18.03.1959,Portugal,adeortegajk@bloglovin.com,+351-611-742-9472
Thayne,Theze,Sîr ed Danniyé,06.03.1978,Lebanon,tthezejl@nymag.com,+961-108-910-5968
Lucine,Dietzler,Feteira Grande,10.12.1990,Portugal,ldietzlerjm@umn.edu,+351-252-985-1254
Taber,Robberecht,As Saddah,04.04.1952,Yemen,,+967-914-415-1246
Laney,Smeaton,Jubung,22.04.1993,Indonesia,lsmeatonjo@usa.gov,+62-316-185-9894
Findlay,Duffie,Xianxiang,11.01.1972,China,,+86-853-461-3311
Kathryne,Glass,,,,kglassjq@comsenz.com,
Fenelia,MacBarron,Noisy-le-Grand,08.11.1971,France,fmacbarronjr@163.com,+33-675-920-9658
Rodrique,Cornelleau,Longguang,08.02.1988,China,rcornelleaujs@dmoz.org,+86-598-807-8472
Townie,Kleyn,Karangduren Dua,02.05.1987,Indonesia,tkleynjt@skype.com,+62-396-203-8990
Lambert,McGilben,,,,lmcgilbenju@meetup.com,
Jaclyn,Andreuzzi,Kulary,01.10.1976,Russia,jandreuzzijv@skyrock.com,+7-516-572-5105
Helaina,Kinglake,Bi’r al Ḩufayy,19.11.1999,Tunisia,hkinglakejw@sun.com,+216-193-289-3529
Dirk,Hymor,,,,dhymorjx@g.co,
Florinda,Guerreau,Jinxiang,01.08.1985,China,fguerreaujy@ted.com,+86-640-992-5779
Barry,Peyto,Henglu,14.07.1950,China,bpeytojz@yolasite.com,+86-627-731-4599
Colas,Stollen,Ziroudani,08.01.1994,Comoros,cstollenk0@jigsy.com,+269-472-736-0774
Archibaldo,Roskelley,Zwolle,06.12.1994,Netherlands,aroskelleyk1@weebly.com,+31-454-814-2857
Inglebert,O'Deoran,Kogota,25.01.1995,Japan,,+81-642-102-5548
Misti,Flounders,Jinquan,24.06.1976,China,,+86-111-973-4958
Elvina,Gorringe,Paobulan,05.10.1970,Indonesia,egorringek4@va.gov,+62-102-638-4349
Marilee,Jaeggi,Chennevières-sur-Marne,08.09.1977,France,mjaeggik5@merriam-webster.com,+33-961-607-3480
Reginald,Sambell,Nogueira do Cravo,19.01.1980,Portugal,rsambellk6@macromedia.com,+351-798-595-1001
Cindra,Stormes,Cibugel,10.05.1983,Indonesia,cstormesk7@virginia.edu,+62-867-533-7308
Bryanty,Strathdee,T’ianet’i,08.02.1997,Georgia,bstrathdeek8@ibm.com,+995-509-633-1778
Gordan,Halegarth,Laboulaye,02.04.1975,Argentina,ghalegarthk9@columbia.edu,+54-487-447-6629
Carmon,Dumingos,Rakitovo,01.09.1988,Bulgaria,cdumingoska@irs.gov,+359-308-963-1987
Martyn,Lavarack,Paris 17,26.04.1952,France,mlavarackkb@youtube.com,+33-288-573-3349
Hatti,Hannant,Gemuruh,03.03.1953,Indonesia,,+62-209-643-6604
Tammy,Kinnin,Masjed Soleymān,27.12.1984,Iran,,+98-741-287-4045
Bert,Gallandre,Nungga,22.04.1967,Indonesia,bgallandreke@elegantthemes.com,+62-511-316-3401
Christine,Cowden,Rajal Norte,30.05.1992,Philippines,ccowdenkf@illinois.edu,+63-905-779-9449
Laurens,Beatty,Pilcuyo,21.10.1962,Peru,lbeattykg@umn.edu,+51-835-897-1867
Bartram,Congrave,Maoping,23.02.1979,China,bcongravekh@wix.com,+86-280-823-0797
Kessia,Banham,Sundbyberg,31.10.1980,Sweden,kbanhamki@hostgator.com,+46-928-861-3789
Sybyl,Statersfield,Boliden,25.06.1972,Sweden,,+46-775-247-0489
Maximilian,Adlard,,,,madlardkk@theatlantic.com,
Glenna,Greene,Narutō,19.07.1992,Japan,ggreenekl@amazon.co.uk,+81-210-573-6173
Alla,Sneller,Tqibuli,27.10.1994,Georgia,asnellerkm@t.co,+995-463-965-1119
Tucky,Eyles,Mococa,12.06.1952,Brazil,teyleskn@ox.ac.uk,+55-952-115-8418
Dew,Reddish,Phu Kam Yao,13.07.1992,Thailand,dreddishko@amazon.co.uk,+66-564-202-5880
Jennica,Turbat,Khadan Khāk,21.05.1960,Pakistan,jturbatkp@surveymonkey.com,+92-651-295-9127
Estele,Johantges,Ciwaru,08.02.1978,Indonesia,ejohantgeskq@bigcartel.com,+62-338-746-3471
Waneta,Doole,Imeni Tsyurupy,17.08.1956,Russia,wdoolekr@imgur.com,+7-773-161-9448
Hermy,Parish,Colón,19.06.1965,Cuba,hparishks@salon.com,+53-659-631-4685
Allyson,Whittles,Buseresere,08.09.1970,Tanzania,awhittleskt@mozilla.org,+255-433-768-3865
Tami,Mc Mechan,Anuling,07.02.1996,Philippines,tmcmechanku@barnesandnoble.com,+63-987-613-3356
Toinette,Ivery,Buenos Aires,22.12.1992,Peru,tiverykv@skyrock.com,+51-109-935-1738
Britney,Bryde,,,,bbrydekw@bbb.org,
Kaile,Ceresa,Banjar Tibubiyu Kaja,22.10.1979,Indonesia,kceresakx@bing.com,+62-649-340-3191
Leo,Baptist,Qunsheng,20.05.1951,China,lbaptistky@dmoz.org,+86-324-770-8278
Kirbee,Sepey,El Capulin,10.02.1965,Mexico,ksepeykz@mac.com,+52-630-707-9005
Kalina,Speedin,Pasar,10.03.1995,Indonesia,,+62-924-218-2647
Car,Quinevan,Aksu,02.04.1970,Kazakhstan,cquinevanl1@youtu.be,+7-968-939-4681
Verla,Panniers,,,,vpanniersl2@typepad.com,
Barbe,Waylen,Amfíkleia,21.10.1962,Greece,bwaylenl3@home.pl,+30-629-700-1836
Dedra,Sheerin,Águas Belas,20.03.1959,Brazil,,+55-758-814-3946
Gerick,Boullen,Huangzhuang,06.02.1979,China,gboullenl5@cmu.edu,+86-955-954-3229
Noemi,Pioch,Esperanza,15.08.1958,Philippines,npiochl6@sina.com.cn,+63-928-954-1288
Ibbie,Bonevant,Pittsburgh,18.05.1972,United States,ibonevantl7@arstechnica.com,+1-412-281-1537
Maynard,Wordesworth,Liulin,08.03.1974,China,mwordesworthl8@cloudflare.com,+86-798-675-3743
Filia,Acreman,Oxelösund,03.01.1956,Sweden,facremanl9@whitehouse.gov,+46-946-352-0397
Lucille,Odeson,Hongshanyao,10.06.1983,China,lodesonla@deliciousdays.com,+86-835-729-6467
Wynn,Livermore,Savonranta,06.05.1978,Finland,wlivermorelb@yandex.ru,+358-986-642-8692
Perla,Delle,Rudka,31.08.1994,Poland,pdellelc@naver.com,+48-268-670-6840
Ashton,Tybalt,,,,atybaltld@npr.org,
Guilbert,Tooker,N’dalatando,31.12.1988,Angola,gtookerle@addthis.com,+244-152-721-7403
Penelopa,Hallgarth,Balky,29.02.1972,Ukraine,phallgarthlf@washingtonpost.com,+380-426-691-5897
Roseline,Kupke,Banī Suwayf,20.09.1950,Egypt,rkupkelg@simplemachines.org,+20-312-112-1239
Karly,Oda,Nam Som,03.05.1968,Thailand,,+66-257-668-0985
Wolfy,Kegg,Shuanggang,13.12.1957,China,wkeggli@jimdo.com,+86-827-653-4434
Rene,Ajean,Górki,08.08.1954,Poland,rajeanlj@a8.net,+48-296-697-2617
Zacherie,Wimms,Celje,04.04.1985,Slovenia,zwimmslk@freewebs.com,+386-977-460-4590
Ives,Fawdrey,Ipojuca,06.12.1961,Brazil,ifawdreyll@ed.gov,+55-247-835-5628
Paulie,Sprigg,Wieczfnia Kościelna,02.09.1950,Poland,psprigglm@nasa.gov,+48-102-512-6571
Iorgos,Troillet,Järfälla,14.05.1970,Sweden,itroilletln@acquirethisname.com,+46-953-291-9629
Karrie,Issett,Muara Sabak,22.08.1991,Indonesia,kissettlo@wordpress.org,+62-739-917-3542
Gasparo,Woodyear,Sitabamba,22.07.1958,Peru,,+51-920-371-3565
Ruthann,Fairpo,Telnice,02.09.1967,Czech Republic,rfairpolq@intel.com,+420-667-891-6672
Valentine,Lineham,Ciklapa,16.07.1985,Indonesia,vlinehamlr@mit.edu,+62-603-435-6160
Bartolomeo,Korneev,Gubu,07.08.1998,China,bkorneevls@oaic.gov.au,+86-625-492-0122
Esma,Snassell,Seupakat,19.09.1997,Indonesia,esnasselllt@list-manage.com,+62-494-663-0794
Eli,Taylerson,Holma,17.11.1983,Nigeria,etaylersonlu@networkadvertising.org,+234-380-541-9774
Georgetta,Plumtree,Juan N Alvarez,07.07.1959,Mexico,,+52-887-604-8974
Dody,Berkelay,Yuzui,08.04.1987,China,dberkelaylw@networksolutions.com,+86-475-788-4309
Anna-diana,Bladesmith,Paris 03,19.05.1969,France,abladesmithlx@alexa.com,+33-544-710-6922
Webb,Sergant,Al Qurayn,28.01.1968,Egypt,wsergantly@wikimedia.org,+20-803-675-5806
Andrea,Crosier,Dabao,11.03.1971,China,,+86-423-194-9447
Lorelle,Fuente,Tiyuguan,21.08.1990,China,lfuentem0@google.co.jp,+86-164-659-2533
Patty,Lohan,Ullulluco,11.10.1984,Peru,plohanm1@blogger.com,+51-230-530-3721
Byrom,Hulatt,Vale da Pedra,01.02.1952,Portugal,bhulattm2@pinterest.com,+351-150-558-9816
Earlie,Oles,Dongluqiao,14.05.1975,China,eolesm3@hugedomains.com,+86-574-138-6936
Willi,Zanneli,Amagi,26.06.1999,Japan,wzannelim4@elpais.com,+81-676-955-2141
Elnore,Powles,Haliut,10.09.1968,China,epowlesm5@ask.com,+86-185-574-7155
Jonathan,Buney,Dongming,22.01.1953,China,jbuneym6@reuters.com,+86-142-552-0932
Doloritas,Darkin,Chiguata,15.07.1968,Peru,ddarkinm7@oakley.com,+51-786-890-5684
Emlynne,Mitro,Kelo,24.11.1999,Chad,emitrom8@cdc.gov,+235-376-988-0598
Ronald,Adne,El Banco,28.06.1987,Colombia,radnem9@furl.net,+57-269-493-6245
Cher,Weare,Migori,16.12.1993,Kenya,,+254-449-467-1138
Saree,Inkles,Golub-Dobrzyń,08.08.1970,Poland,sinklesmb@dyndns.org,+48-711-873-8808
Reid,Wincom,Le Kremlin-Bicêtre,20.01.1995,France,rwincommc@spiegel.de,+33-658-639-4561
Ianthe,Apedaile,Shemonaīkha,17.10.1976,Kazakhstan,,+7-198-245-8828
Galvin,Fraczak,Miaogou,30.08.1975,China,gfraczakme@ox.ac.uk,+86-734-407-0470
Binny,Gutridge,Bantry,25.08.1972,Ireland,bgutridgemf@tuttocitta.it,+353-932-561-5351
Aksel,Hinrich,Chechenglu,20.01.1983,China,,+86-237-624-4891
Raffarty,Dahill,Krasne,09.02.1979,Ukraine,rdahillmh@fastcompany.com,+380-867-819-5859
Sara-ann,Desport,Dipayal,24.09.1959,Nepal,sdesportmi@springer.com,+977-202-407-3819
Davie,Akast,Khvorostyanka,07.08.1991,Russia,dakastmj@aol.com,+7-540-817-1029
Norbert,Asgodby,Oslo,16.07.1972,Norway,nasgodbymk@google.fr,+47-980-614-0735
Tye,Lickess,Heemskerk,27.05.1972,Netherlands,tlickessml@ihg.com,+31-734-693-9619
Justinian,Kilbey,Busdi,27.08.1964,Philippines,jkilbeymm@forbes.com,+63-648-486-1218
Merill,Gerrie,Venda Nova,28.11.1962,Portugal,mgerriemn@wsj.com,+351-561-103-0852
Kellen,Rosenstock,Saidpur,27.06.1969,Bangladesh,krosenstockmo@smugmug.com,+880-743-251-0428
John,Winchcomb,Hoani,15.07.1974,Comoros,jwinchcombmp@discuz.net,+269-114-152-2279
Joanna,Sowte,Villeneuve-lès-Avignon,27.06.1965,France,jsowtemq@reverbnation.com,+33-799-944-9461
Chrysler,McConigal,Maythalūn,17.07.1974,Palestinian Territory,cmcconigalmr@mashable.com,+970-384-441-3163
Carling,McCardle,,,,cmccardlems@xrea.com,
Melonie,Pidcock,Tiberias,05.10.1963,Israel,mpidcockmt@dropbox.com,+972-101-282-4265
Jock,Visco,Kari,07.05.1950,Nigeria,,+234-206-591-9928
Ilsa,Juppe,,,,ijuppemv@ehow.com,
Lay,Jumonet,Antíparos,29.04.1986,Greece,ljumonetmw@github.com,+30-805-808-8347
Hyacinthe,Birchner,Santa Helena,25.01.1973,Brazil,hbirchnermx@mtv.com,+55-450-297-0977
Deena,Pelfer,Gigant,17.12.1957,Russia,dpelfermy@marketwatch.com,+7-287-550-2403
Jamil,Kiwitz,Hayang,20.05.1960,South Korea,jkiwitzmz@google.com,+82-292-767-2618
Guilbert,Hassard,Changxingbao,09.06.1983,China,ghassardn0@networksolutions.com,+86-870-901-5334
Joannes,Mallya,Bairan,02.01.1999,Philippines,jmallyan1@blog.com,+63-753-886-1470
Orton,Haney,Ruda Maleniecka,23.10.1962,Poland,ohaneyn2@vistaprint.com,+48-668-220-6100
Ardella,Grishin,Hitura,08.12.1980,Nepal,agrishinn3@scientificamerican.com,+977-356-853-8234
Ketty,Tavernor,Niigata-shi,27.12.1956,Japan,ktavernorn4@tuttocitta.it,+81-530-468-5916
Catriona,Heigl,Itambé,30.06.1994,Brazil,,+55-454-568-9973
Neila,Eggar,Požarevac,25.07.1966,Serbia,neggarn6@cisco.com,+381-908-282-4864
Fidelity,Oxlade,Maojiagang,25.03.1996,China,foxladen7@technorati.com,+86-941-818-4408
Aili,Lippiello,Zhaogezhuang,09.01.1964,China,alippiellon8@barnesandnoble.com,+86-535-894-2652
Sinclare,Rubberts,,,,srubbertsn9@bbb.org,
Nonah,Morison,Qorovulbozor Shahri,25.10.1992,Uzbekistan,nmorisonna@craigslist.org,+998-572-258-0328
Shelbi,Farrens,,,,sfarrensnb@acquirethisname.com,
Margarete,Manhare,Formiga,28.07.1960,Brazil,mmanharenc@unblog.fr,+55-808-547-5853
Humbert,Dallimore,Negotino,06.10.1960,Macedonia,hdallimorend@samsung.com,+389-633-178-8265
Clemens,Kahler,Sol’-Iletsk,29.12.1957,Russia,ckahlerne@answers.com,+7-465-751-7551
Jean,Thring,Sukorejo,21.08.1957,Indonesia,jthringnf@exblog.jp,+62-708-403-1750
Amity,Domelow,Zawiya,10.10.1993,Libya,adomelowng@blinklist.com,+218-990-837-5322
Juliette,Falkner,Zhoukou,06.05.1958,China,jfalknernh@uiuc.edu,+86-562-359-4214
Nate,Carratt,‘Afak,12.12.1956,Iraq,ncarrattni@wikia.com,+964-628-504-5592
Sallie,Mousley,Pittsburgh,23.08.1982,United States,smousleynj@marketwatch.com,+1-412-234-3009
Winnie,Schaumaker,,,,wschaumakernk@miitbeian.gov.cn,
Benjie,Leeb,Kwatarkwashi,12.04.1960,Nigeria,bleebnl@statcounter.com,+234-554-896-7100
Atlanta,Checchi,Lazaro Cardenas,04.05.1994,Mexico,achecchinm@seesaa.net,+52-189-190-5090
Melita,Vittet,Gnojnik,21.07.1955,Poland,,+48-633-240-0698
Hugues,Dwelley,Ciodeng,17.01.1998,Indonesia,,+62-400-910-0943
Janean,Elcoat,Madison,16.04.1982,United States,,+1-608-625-1744
Nicko,Hause,Villeurbanne,26.02.1969,France,nhausenq@histats.com,+33-118-369-1974
Carlee,Conkie,Fengsheng,07.09.1954,China,cconkienr@smh.com.au,+86-983-864-5770
Bibby,Kingzet,Longtian,24.01.1961,China,bkingzetns@flavors.me,+86-194-848-2864
Lauren,Euplate,Registro,11.07.1962,Brazil,leuplatent@cloudflare.com,+55-262-919-8189
Emera,Jestico,Surenavan,26.04.1975,Armenia,ejesticonu@google.co.uk,+374-898-549-3708
Jordana,Lanston,Changfu,26.03.1962,China,jlanstonnv@over-blog.com,+86-551-603-5018
Hilly,Cardoo,Tonekābon,19.06.1976,Iran,hcardoonw@opensource.org,+98-924-736-4943
Gill,Braams,,,,gbraamsnx@wordpress.org,
Tate,Dymott,Mudian,02.09.1997,China,tdymottny@wikipedia.org,+86-574-168-8751
Cynthie,Blasetti,San Cristóbal,08.01.1965,Venezuela,cblasettinz@army.mil,+58-978-885-5164
Regen,Errol,Ticllos,01.10.1966,Peru,rerrolo0@alibaba.com,+51-582-101-7692
Teador,Scully,Pasirmadang,04.05.1964,Indonesia,tscullyo1@vk.com,+62-333-447-0877
Aili,Bilbey,Xingren,21.11.1983,China,abilbeyo2@reference.com,+86-432-230-8551
Izzy,Roizin,,,,iroizino3@photobucket.com,
Artemus,Treher,Guruafin,04.09.1997,Indonesia,atrehero4@xrea.com,+62-193-442-4009
Mariana,Herion,Wałcz,07.03.1965,Poland,,+48-874-401-9228
Davide,Housen,Melaka,25.07.1973,Malaysia,dhouseno6@myspace.com,+60-767-997-9113
Sylas,Theze,Capela,24.02.1999,Brazil,sthezeo7@fc2.com,+55-414-212-2245
Susanne,Higgen,Göteborg,09.11.1974,Sweden,shiggeno8@thetimes.co.uk,+46-237-679-5760
Barbe,Bowley,Madur,24.02.1965,Indonesia,bbowleyo9@abc.net.au,+62-781-611-0594
Trish,Hordle,Pizarrete,20.04.1970,Dominican Republic,,+1-245-709-1307
Karel,Eldritt,Nepomuceno,19.05.1974,Brazil,keldrittob@smugmug.com,+55-752-629-7199
Kari,Aubray,Jembatandua,19.10.1992,Indonesia,kaubrayoc@wsj.com,+62-994-494-0273
Vail,Sautter,Okhtyrka,09.10.1998,Ukraine,vsautterod@privacy.gov.au,+380-716-527-3427
Willy,Manna,Quintela,31.07.1961,Portugal,wmannaoe@netscape.com,+351-587-202-2606
Dede,Eccleshare,Shar’ya,07.10.1995,Russia,deccleshareof@goo.gl,+7-191-826-2147
Christabel,Coston,Nora,03.11.1997,Sweden,ccostonog@newyorker.com,+46-566-532-5077
Welsh,Pirie,Liozon,01.01.1987,Philippines,wpirieoh@usgs.gov,+63-994-264-6383
Preston,Everard,Satipo,12.10.1950,Peru,peverardoi@ifeng.com,+51-699-359-6053
Kassi,Fowler,Quxi,28.04.1973,China,kfowleroj@twitpic.com,+86-227-591-9456
Noreen,McAuley,Mojorembun,16.12.1992,Indonesia,nmcauleyok@columbia.edu,+62-248-102-1218
Sallie,Raithby,,,,sraithbyol@ebay.co.uk,
Laney,Wain,Francisco Villa,07.10.1994,Mexico,lwainom@booking.com,+52-100-242-4125
Danila,Card,Jorowaru Daya,29.07.1978,Indonesia,dcardon@fotki.com,+62-910-784-9252
Ivy,Edel,Hongsipu,17.05.1964,China,iedeloo@istockphoto.com,+86-261-679-9855
Sauveur,Yerbury,Saint-Germain-en-Laye,16.01.1982,France,syerburyop@ucoz.ru,+33-648-420-0798
Cordey,Hourston,,,,,
Ellyn,De Francesco,Buenlag,06.12.1966,Philippines,edefrancescoor@census.gov,+63-979-687-0640
Marcelle,Thecham,Daliuhao,18.01.1987,China,mthechamos@mediafire.com,+86-964-240-0906
Urson,Bonelle,Primorka,23.03.1951,Russia,ubonelleot@gov.uk,+7-309-929-3491
Alica,Halfacre,Balangkayan,26.08.1977,Philippines,ahalfacreou@timesonline.co.uk,+63-607-400-5827
Jorrie,Parnaby,São Sebastião do Passé,08.07.1956,Brazil,jparnabyov@unc.edu,+55-186-519-4339
Elysee,Sharp,Ipubi,16.09.1998,Brazil,esharpow@amazonaws.com,+55-702-351-1679
Niccolo,Luckes,Guanshui,12.06.1973,China,nluckesox@symantec.com,+86-467-176-3840
Jodi,Menham,Kokubunji,27.06.1967,Japan,jmenhamoy@webmd.com,+81-351-594-6206
Jacynth,Boow,Longra,14.01.1989,Portugal,jboowoz@networkadvertising.org,+351-417-530-3675
Ashlee,Pennone,Šentrupert,07.01.1967,Slovenia,apennonep0@paypal.com,+386-126-687-0105
Ritchie,Blayney,Partang,08.12.1956,China,rblayneyp1@ovh.net,+86-463-680-4595
Delmor,Philippet,Petaling Jaya,17.11.1984,Malaysia,dphilippetp2@oakley.com,+60-974-103-6327
Gennie,Self,San Roque,21.04.1952,Argentina,gselfp3@intel.com,+54-474-333-3282
Mabel,Oldridge,Bairro,11.11.1994,Portugal,moldridgep4@nature.com,+351-593-480-7227
Cecilius,Lightowlers,Canghou,13.05.1960,China,clightowlersp5@hatena.ne.jp,+86-722-628-0607
Ailbert,Hounihan,Cajueiro,27.06.1960,Brazil,ahounihanp6@unc.edu,+55-740-563-6632
Jacintha,Parlott,Anáfi,09.09.1951,Greece,jparlottp7@yahoo.co.jp,+30-370-279-1198
Linnea,Short,Kalbugan,15.07.1989,Philippines,lshortp8@home.pl,+63-449-442-3674
Noell,Emmitt,Pante Raja,22.12.1978,Indonesia,nemmittp9@indiegogo.com,+62-423-159-8288
Claude,Lawrence,Daraitan,24.11.1970,Philippines,clawrencepa@paypal.com,+63-462-456-6853
Kevyn,Boorn,Boca Chica,25.09.1984,Dominican Republic,,+1-390-600-5637
Jaimie,Killiam,Campana,25.01.1990,Argentina,jkilliampc@twitpic.com,+54-331-981-8868
Friedrich,Phelp,Sumqayıt,08.12.1978,Azerbaijan,,+994-868-709-5591
Donovan,Dickens,Ciguha Tengah,17.06.1956,Indonesia,ddickenspe@nba.com,+62-983-513-2785
Rosaline,Carlos,Mporokoso,16.11.1957,Zambia,rcarlospf@omniture.com,+260-855-952-3775
Arleyne,Stoffers,Marystown,11.02.1978,Canada,astofferspg@freewebs.com,+1-238-623-2359
Nappie,Skule,Ninghai,08.02.1980,China,,+86-421-287-5088
Bradney,Harriskine,Tominian,07.10.1994,Mali,bharriskinepi@hostgator.com,+223-248-949-7338
Clarke,Blainey,,,,cblaineypj@qq.com,
Morganica,Whewell,Ovsyanka,05.01.1994,Russia,mwhewellpk@feedburner.com,+7-823-612-9026
Olympia,McTrustie,Baiqi,03.01.1954,China,omctrustiepl@kickstarter.com,+86-715-251-1568
Tarrah,Tidridge,Baih,26.04.1972,Indonesia,ttidridgepm@ustream.tv,+62-414-823-7675
Veronike,Southcott,Shuakhevi,17.01.1991,Georgia,vsouthcottpn@nasa.gov,+995-226-431-7769
Hasheem,Tamlett,Sombor,08.08.1983,Serbia,htamlettpo@technorati.com,+381-466-965-9414
Maxie,Ebben,Sanlanbahai,05.04.1963,China,mebbenpp@addtoany.com,+86-228-148-0482
Dyana,Dallewater,Daliyuan,11.12.1958,China,ddallewaterpq@merriam-webster.com,+86-960-523-2173
Christos,Romushkin,Los Cerrillos,04.06.1994,Uruguay,cromushkinpr@wiley.com,+598-228-459-7598
Heda,Dabinett,Balayong,23.06.1961,Philippines,hdabinettps@nifty.com,+63-519-829-7975
Howie,Bassom,Isabela,12.11.1967,Philippines,hbassompt@newyorker.com,+63-935-962-7227
Bess,Spindler,Yangyuan,21.10.1964,China,bspindlerpu@pcworld.com,+86-623-478-2872
Randal,Conochie,Žalec,31.08.1992,Slovenia,rconochiepv@barnesandnoble.com,+386-257-342-1039
Mabel,Rosier,Zakroczym,13.03.1990,Poland,mrosierpw@goo.gl,+48-720-784-4205
Germain,Gantzman,Al Qadarif,04.12.1967,Sudan,ggantzmanpx@example.com,+249-690-564-8636
Thatch,Walton,Al Mayādīn,09.07.1965,Syria,twaltonpy@blogs.com,+963-729-656-6346
Merrilee,Gater,Kuroishi,26.08.1993,Japan,mgaterpz@about.me,+81-587-432-0636
Harman,Rubes,Rio Covo ( Santa Eulália ),17.05.1990,Portugal,hrubesq0@businessweek.com,+351-948-667-4450
Adella,Penhearow,Arcos de Valdevez,02.12.1998,Portugal,apenhearowq1@prnewswire.com,+351-746-641-3225
Ashia,Pagnin,Kukuna,29.11.1972,Sierra Leone,apagninq2@arstechnica.com,+232-484-358-2555
Zechariah,Gosnay,Vrýses,24.04.1975,Greece,,+30-104-146-2873
Bunny,Gillcrist,Ojo de Agua,08.05.1963,Mexico,bgillcristq4@kickstarter.com,+52-772-385-1805
Adriaens,Ciciotti,Dumaguete,20.11.1965,Philippines,aciciottiq5@hexun.com,+63-182-167-2809
Kermie,Millan,Chikushino-shi,14.12.1985,Japan,,+81-981-602-4509
Evey,Leadstone,Tarczyn,14.06.1953,Poland,eleadstoneq7@bloglines.com,+48-809-648-7088
Jodi,Hotchkin,Västra Frölunda,20.10.1957,Sweden,jhotchkinq8@shop-pro.jp,+46-629-801-3728
Humfrid,Schrei,Algés,14.06.1952,Portugal,hschreiq9@usatoday.com,+351-879-465-8788
Harriet,Shivell,Castelo de Vide,24.08.1984,Portugal,hshivellqa@free.fr,+351-414-472-9887
Leopold,Stubbley,Cikabuyutan Barat,13.02.1977,Indonesia,lstubbleyqb@google.co.uk,+62-203-752-9316
Junie,Tewkesbury,Casal das Figueiras,16.12.1992,Portugal,jtewkesburyqc@scribd.com,+351-793-980-5909
Nickey,Oguz,Kobylanka,26.04.1996,Poland,noguzqd@meetup.com,+48-585-701-1909
Marie-ann,Gynn,Sofiyivka,17.08.1980,Ukraine,mgynnqe@slashdot.org,+380-392-914-4991
Darbie,Springtorpe,Sundbyberg,21.09.1996,Sweden,,+46-563-652-0287
Alexander,Godson,Karlskrona,13.02.1991,Sweden,,+46-815-309-4272
Barty,Tomkowicz,Tršić,09.06.1990,Serbia,btomkowiczqh@vkontakte.ru,+381-342-793-8668
Jethro,Dudding,,,,jduddingqi@skyrock.com,
Flory,Heffernan,Steinkjer,06.09.1999,Norway,fheffernanqj@ameblo.jp,+47-846-861-1481
Trista,Robert,,,,trobertqk@nsw.gov.au,
Anabal,Sandiford,,,,asandifordql@xinhuanet.com,
Jodi,Neilus,Balayan,15.06.1950,Philippines,jneilusqm@macromedia.com,+63-534-767-7166
Clywd,Yersin,Sam Khok,29.04.1955,Thailand,,+66-377-573-5092
Louisa,Puddin,Pesisir,21.04.1995,Indonesia,lpuddinqo@jugem.jp,+62-994-988-4118
Kristoforo,Pringle,Sinarbakti,29.01.1991,Indonesia,kpringleqp@delicious.com,+62-645-226-6970
Maridel,Acutt,,,,macuttqq@wikia.com,
Malia,Justice,Myanaung,02.02.1985,Myanmar,mjusticeqr@newyorker.com,+95-947-307-6065
Theodosia,Balme,Cacocum,25.08.1966,Cuba,tbalmeqs@list-manage.com,+53-597-679-2170
Beaufort,Valti,Usogorsk,16.12.1954,Russia,bvaltiqt@fastcompany.com,+7-799-163-8251
Estrellita,Beinke,Balyaga,06.03.1983,Russia,ebeinkequ@xinhuanet.com,+7-357-320-3226
Sheelah,Perotti,Luwan,30.07.1994,China,sperottiqv@wired.com,+86-319-989-8220
Vitia,Popplewell,Welkom,29.08.1986,South Africa,vpopplewellqw@google.ru,+27-852-525-2721
Dorian,Watkiss,Dmytrivka,14.03.1988,Ukraine,dwatkissqx@berkeley.edu,+380-842-329-6615
Tadio,Humpherston,Xiangyangpu,28.12.1966,China,thumpherstonqy@posterous.com,+86-807-381-1388
Thaddus,Buney,Delcevo,10.06.1991,Macedonia,tbuneyqz@diigo.com,+389-616-988-4433
Alasdair,Rutledge,Fusagasuga,09.08.1960,Colombia,arutledger0@sohu.com,+57-786-752-1262
Roseanna,Turnock,,,,,
Alastair,Buckby,Zhushan,06.04.1958,China,abuckbyr2@moonfruit.com,+86-952-432-0109
Dorey,Subhan,Skole,04.05.1951,Ukraine,dsubhanr3@samsung.com,+380-908-835-4275
Viviana,Carder,Chaupimarca,24.09.1992,Peru,vcarderr4@cpanel.net,+51-818-712-3055
Clim,Vynoll,Angus,05.03.1983,Canada,cvynollr5@theguardian.com,+1-219-201-7769
Rosene,Broker,Vargem Grande do Sul,25.09.1991,Brazil,rbrokerr6@1688.com,+55-943-235-7407
Ray,Greenlees,Voznesen’ye,29.10.1980,Russia,rgreenleesr7@youtu.be,+7-703-174-2239
Angus,Tradewell,Obo,15.06.1999,China,atradewellr8@marketwatch.com,+86-427-749-3000
Adriane,Fern,Al Mazra‘ah ash Sharqīyah,17.08.1956,Palestinian Territory,afernr9@springer.com,+970-849-834-4854
Roby,Fibbit,Jinan,08.08.1985,China,,+86-282-235-4315
Jean,Capnerhurst,Gotemba,17.08.1957,Japan,jcapnerhurstrb@nifty.com,+81-296-843-7940
Fabian,Bernot,Huillapima,24.09.1955,Argentina,fbernotrc@163.com,+54-459-753-2852
Noach,Owbrick,Kari,19.01.1985,Nigeria,nowbrickrd@ted.com,+234-842-224-8537
Iorgo,Streeting,Pingdong,10.06.1980,China,istreetingre@ucoz.com,+86-188-693-9008
Jazmin,Rabjohn,Nunchía,27.12.1985,Colombia,jrabjohnrf@ftc.gov,+57-615-495-0928
Shawnee,Parsell,Ziyuan,14.05.1975,China,sparsellrg@jalbum.net,+86-651-374-0169
Ara,Kighly,Spárti,31.01.1965,Greece,akighlyrh@ihg.com,+30-659-501-5058
Lusa,Beange,Ibusuki,08.09.1951,Japan,,+81-795-484-7460
Raquel,Ashton,Lin’an,22.06.1974,China,rashtonrj@amazonaws.com,+86-260-428-4936
Karee,Draper,Serang,16.01.1983,Indonesia,kdraperrk@aol.com,+62-419-686-1273
Quillan,Geal,Hamburg Sankt Pauli,05.08.1951,Germany,qgealrl@nyu.edu,+49-673-796-2426
Tim,Laverack,Paris 02,29.07.1988,France,tlaverackrm@gnu.org,+33-536-130-0701
Kirsti,Radenhurst,Coronda,31.05.1983,Argentina,kradenhurstrn@cbc.ca,+54-541-255-5532
Katya,Poyle,Vrsi,20.04.1972,Croatia,kpoylero@google.com,+385-175-165-8774
Ambrose,Laslett,Mpongwe,11.11.1957,Zambia,alaslettrp@cbc.ca,+260-874-415-5419
Kiersten,Bartolic,New-Richmond,11.07.1976,Canada,kbartolicrq@nationalgeographic.com,+1-885-276-6133
Dev,Wilkowski,Quelimane,24.12.1996,Mozambique,dwilkowskirr@senate.gov,+258-390-271-2111
