first_name,last_name,birth_place,birth_date,country_living_in,email,phone
Riannon,Janecki,Verrettes,07/02/1972,Haiti,rjanecki0@merriam-webster.com,297-787-8448
Steffie,Labet,Ra’s Bayrūt,01/01/1974,Lebanon,slabet1@arizona.edu,682-849-0012
Tabbatha,Mews,Tiaong,09/24/1950,Philippines,tmews2@youtu.be,788-662-2100
Adriana,Blunsden,Gunungbatu,05/03/1969,Indonesia,ablunsden3@angelfire.com,565-437-2969
Sela,Haycraft,Agidel’,04/26/1995,Russia,shaycraft4@pagesperso-orange.fr,771-658-1943
Matthew,McGeady,Dayu,04/14/1981,China,mmcgeady5@wordpress.com,870-941-5585
Lissy,Berns,Inozemtsevo,06/25/1979,Russia,lberns6@thetimes.co.uk,306-369-9844
Jereme,Holcroft,Néa Palátia,11/08/1991,Greece,jholcroft7@blinklist.com,800-974-3783
Zorine,Wickling,Wenfeng Zhen,01/11/1990,China,zwickling8@free.fr,332-538-3998
Emmanuel,Petheridge,Florencio Varela,02/05/1978,Argentina,epetheridge9@upenn.edu,523-737-6498
Gavrielle,Jaspar,Ampeleíes,11/27/1989,Greece,gjaspara@opensource.org,696-747-3240
Vidovic,Kiln,Xinfeng,07/05/1969,China,vkilnb@fema.gov,875-712-6104
Billy,Edmonson,,,,bedmonsonc@w3.org,
Allix,Goodboddy,Chernyakhovsk,07/30/1964,Russia,agoodboddyd@answers.com,302-274-8973
Dorris,Fantini,Dalar,08/15/1956,Armenia,,340-934-2789
Clemence,De Michetti,,,,cdemichettif@exblog.jp,
Jonis,Moughtin,Sanligang,06/19/1980,China,jmoughting@surveymonkey.com,280-125-4608
Doralyn,Cranny,Niechanowo,12/28/1951,Poland,dcrannyh@smugmug.com,244-824-0224
Camilla,Mottini,Tromsø,07/21/1959,Norway,cmottinii@bloomberg.com,281-592-5487
Udall,Mignot,,,,umignotj@mail.ru,
Tarrah,Welburn,,,,twelburnk@ning.com,
Deedee,Vigne,La Maná,11/30/1998,Ecuador,dvignel@google.pl,363-859-1667
Archibold,Chatelot,Blagoevgrad,02/22/1950,Bulgaria,achatelotm@youtube.com,803-349-5980
Denys,Branney,Longmen,02/08/1976,China,dbranneyn@uol.com.br,381-656-9099
Rainer,Helliar,Korhogo,04/29/1972,Ivory Coast,,107-832-4019
Ruddy,Williams,Sunan,05/13/1986,North Korea,rwilliamsp@shop-pro.jp,932-621-4340
Donella,Taphouse,Pakenjeng,09/03/1963,Indonesia,dtaphouseq@nasa.gov,619-831-3603
Fonsie,Enderson,Chang’an,10/27/1975,China,fendersonr@g.co,489-952-3051
Consalve,Orniz,Wonokromo,04/25/1955,Indonesia,cornizs@indiegogo.com,722-584-8047
Hamlen,Richold,San Roque,10/19/1982,Philippines,hricholdt@furl.net,798-236-2715
Vivyan,Haigh,Tiandian,02/09/1989,China,vhaighu@scribd.com,997-716-0721
Catha,Issacof,Pruszków,07/23/1987,Poland,cissacofv@spiegel.de,158-594-8202
Wallie,Posvner,Demyansk,06/19/1997,Russia,,388-417-7787
Daryle,Koubek,Naranjos,01/22/1996,Peru,dkoubekx@huffingtonpost.com,217-671-2820
Arleyne,Chanders,Delson,03/17/1982,Canada,achandersy@wiley.com,359-358-1352
Vaughn,Nixon,Sopla,05/21/1984,Indonesia,,876-833-6658
Adan,Sebright,Wanjiazhuang,12/26/1997,China,asebright10@sbwire.com,537-614-7071
Floria,McAsgill,Gujba,06/20/1988,Nigeria,fmcasgill11@surveymonkey.com,660-106-2674
Merrick,Yardy,Zhoujiaba,12/13/1957,China,,363-300-3687
Camila,Leger,Qihama,07/29/1963,China,,184-320-3239
Saunderson,Grinyov,Thị Trấn Yên Thịnh,07/30/1994,Vietnam,sgrinyov14@timesonline.co.uk,988-606-1724
Teddie,Thraves,Muheza,09/07/1958,Tanzania,tthraves15@epa.gov,660-602-4278
Penn,Biasio,Vyshneye Dolgoye,11/18/1973,Russia,pbiasio16@cpanel.net,805-912-1120
Carley,Bontein,Bungbulang,03/28/1968,Indonesia,cbontein17@mail.ru,324-370-6937
Chaddy,Jerger,San Pablo,08/26/1995,Venezuela,cjerger18@imageshack.us,914-290-0182
Paige,McInility,Bochum,12/27/1977,Germany,pmcinility19@a8.net,966-522-8019
Jorry,Piggen,Siocon,05/27/1994,Philippines,jpiggen1a@google.com.br,605-925-2320
Blakeley,Matthewson,Hongyang,12/17/1994,China,bmatthewson1b@baidu.com,404-327-4568
Maura,Apperley,Yevlakh,05/18/1984,Azerbaijan,mapperley1c@last.fm,490-795-7438
Charmion,Charlotte,Tena,10/23/1971,Ecuador,,914-754-0014
Orella,Carlett,Tafí Viejo,03/09/1986,Argentina,ocarlett1e@gnu.org,472-982-1631
Cahra,Hesbrook,Srpska Crnja,10/27/1987,Serbia,,636-514-9312
Travis,Rosentholer,Boguchar,02/05/1966,Russia,trosentholer1g@wordpress.org,571-358-3186
Jimmie,Attride,Ngama,12/24/1977,Chad,jattride1h@vk.com,238-305-3951
Horst,O'Criane,Šardice,05/31/1981,Czech Republic,hocriane1i@fda.gov,699-419-5051
Evie,Bointon,Plei Kần,07/24/1975,Vietnam,ebointon1j@nsw.gov.au,171-626-9800
Isabeau,Cadge,Beckerich,01/04/1971,Luxembourg,icadge1k@uol.com.br,946-225-9603
Ryann,Allwright,Randfontein,11/13/1969,South Africa,,376-414-2138
Brandyn,Soppeth,Tatarsk,12/31/1952,Russia,,623-948-3639
Selig,Terbrug,Paniówki,12/06/1988,Poland,sterbrug1n@acquirethisname.com,276-116-7232
Beau,Littrik,Barentu,09/13/1961,Eritrea,blittrik1o@xinhuanet.com,560-900-7702
Teddie,Hourigan,Casillas,03/11/1956,Guatemala,,148-337-8185
Adelice,Fuente,Iwakuni,05/31/1953,Japan,afuente1q@ucsd.edu,480-904-7204
Sioux,Garmston,Suizhou,07/04/1991,China,sgarmston1r@kickstarter.com,636-716-5489
Anthony,Bonny,Aizkraukle,04/23/1995,Latvia,abonny1s@taobao.com,907-836-9983
Lefty,Marginson,,,,lmarginson1t@time.com,
Gabie,Nicolson,Malin,12/23/1959,China,gnicolson1u@myspace.com,761-423-2790
Celene,Scurfield,San Luis,05/06/1983,Philippines,cscurfield1v@tamu.edu,651-626-5260
Hill,Vannar,Paris 20,10/30/1977,France,,517-726-9740
Codie,Sprules,Oslo,07/13/1962,Norway,,309-791-2154
Taffy,Jelf,Mizhhir’ya,08/17/1985,Ukraine,tjelf1y@usatoday.com,202-876-0864
Nikki,Laker,Hinunangan,06/14/1978,Philippines,nlaker1z@technorati.com,557-954-3134
Link,Raiker,Jiusi,04/13/1967,China,lraiker20@cocolog-nifty.com,582-630-9252
Sayre,Rumming,Pilaya,04/23/1985,Bolivia,,164-969-6161
Mack,Kleeman,Bayanhongor,01/29/1993,Mongolia,,912-281-3697
Chuck,Blondell,Phaya Thai,04/24/1976,Thailand,cblondell23@icq.com,448-905-6982
Perle,Kale,Stará Paka,04/05/1994,Czech Republic,pkale24@github.com,647-319-0088
Francklyn,Gratten,Kanazawa-shi,04/25/1957,Japan,fgratten25@discuz.net,864-109-7505
Maurice,Lamb,Dapdap,01/22/1985,Philippines,mlamb26@delicious.com,621-177-3405
Belva,Supple,La Floresta,02/06/1999,Uruguay,,949-101-1273
Francene,Kenington,Songhae,04/14/1973,South Korea,,268-274-2847
Melina,Kissack,Lubasz,03/20/1975,Poland,mkissack29@about.me,873-139-4519
Keefe,Lincoln,Zwolle,12/30/1986,Netherlands,klincoln2a@globo.com,131-564-7262
Goldy,Cowope,Tampa,05/28/1957,United States,gcowope2b@bigcartel.com,813-737-8677
Fedora,Ollett,Paris 01,11/23/1997,France,follett2c@jugem.jp,719-723-5664
Wilhelmina,Czapla,Lynchburg,07/13/1993,United States,wczapla2d@bandcamp.com,434-611-7021
Friedrich,Jablonski,Trucuk,10/29/1987,Indonesia,fjablonski2e@deliciousdays.com,408-588-8973
Dottie,Karpov,Saryshaghan,09/02/1972,Kazakhstan,dkarpov2f@macromedia.com,383-698-5225
Christoforo,Regglar,Ryazhsk,01/13/1958,Russia,cregglar2g@ocn.ne.jp,840-614-2675
Selig,Drakers,Khāngāh Dogrān,07/21/1972,Pakistan,sdrakers2h@arstechnica.com,122-769-7324
Berkeley,Morrad,Cibungur,02/05/1976,Indonesia,bmorrad2i@umich.edu,300-101-5747
Zora,Ruperti,Oliveira,08/18/1983,Portugal,zruperti2j@amazon.co.jp,352-273-7535
Porty,Faraker,Moyynkum,03/04/1999,Kazakhstan,pfaraker2k@who.int,709-243-3567
Gerik,Grzegorecki,Shuangmiaojie,12/25/1973,China,ggrzegorecki2l@yahoo.co.jp,411-495-7464
Jess,Brauns,Puyang,01/12/1991,China,jbrauns2m@xinhuanet.com,157-850-5709
Ame,Corteney,Qi’an,10/14/1993,China,acorteney2n@comcast.net,266-689-8871
Yvon,Eggleson,Libertad,02/26/1971,Argentina,yeggleson2o@weebly.com,265-528-8686
Augustus,Stodd,,,,astodd2p@mac.com,
Farrell,Plaxton,Pimian,10/25/1981,China,,981-190-2473
Nevin,Oret,Songhae,05/05/1982,South Korea,noret2r@blogs.com,399-352-8799
Tobe,Demange,Mengxi,04/17/1957,China,tdemange2s@reference.com,906-618-5106
Herbert,Rizziello,Mayong,11/25/1989,Indonesia,hrizziello2t@ca.gov,396-800-1034
Jacklin,Maggiori,Heishan,02/28/1989,China,,199-480-4326
Merrel,Marien,Castro,08/06/1962,Brazil,,320-469-7822
Nani,Allitt,Ketapang,02/17/1996,Indonesia,nallitt2w@reverbnation.com,759-256-0771
Kenon,Munson,Morteros,02/02/1968,Argentina,,390-610-6574
Chalmers,Remmer,Digne-les-Bains,06/12/1957,France,cremmer2y@mozilla.org,996-787-2341
Bordie,Blonfield,Évora,09/18/1970,Portugal,bblonfield2z@opensource.org,976-173-4853
Lefty,Shapter,,,,lshapter30@pcworld.com,
Demetri,Allward,København,10/03/1968,Denmark,dallward31@dyndns.org,677-765-8373
Lowe,Ionesco,Liangshan,01/04/1987,China,lionesco32@barnesandnoble.com,171-501-7768
Sonya,MacDermott,Naifalo,12/24/1985,Indonesia,,664-730-0474
Tait,Allery,Tanjung Palas,01/09/1982,Indonesia,tallery34@admin.ch,398-416-0745
Benedikt,Levet,Meicheng,01/30/1999,China,blevet35@mashable.com,763-893-4690
Karolina,Libreros,Abuochiche,12/30/1993,Nigeria,klibreros36@goo.ne.jp,581-347-7442
Bev,Keyho,Timeng,06/14/1982,China,bkeyho37@nsw.gov.au,125-869-3551
Ancell,Haysman,Panjiang,10/24/1964,China,,215-551-1937
Toma,Pitchford,Bailai,05/12/1979,China,tpitchford39@wix.com,143-495-8984
Annabella,Krollman,Kokstad,09/11/1996,South Africa,,594-490-8546
Lanna,Pollen,Al Quţayfah,07/31/1990,Syria,lpollen3b@loc.gov,497-314-7125
Marguerite,Goodier,Barreiro,10/05/1996,Portugal,mgoodier3c@goo.ne.jp,925-999-6906
Falito,Ovise,Gozdowo,03/15/1987,Poland,fovise3d@jalbum.net,934-819-9588
Vonni,Jacobssen,Bromont,07/30/1996,Canada,vjacobssen3e@newsvine.com,852-342-0713
Jacquelyn,Etienne,Shaykh al Ḩadīd,01/19/1983,Syria,jetienne3f@hostgator.com,268-354-7487
Gannie,Asser,Nong Ruea,03/16/1960,Thailand,gasser3g@latimes.com,932-243-7672
Coop,Thoresby,Deventer,02/23/1968,Netherlands,cthoresby3h@yahoo.co.jp,662-481-0271
Evita,Jansson,Bagamoyo,08/13/1960,Tanzania,ejansson3i@paginegialle.it,283-715-1832
Grace,Bisterfeld,Loakulu,06/30/1997,Indonesia,gbisterfeld3j@goo.ne.jp,857-834-8759
Novelia,Robinett,,,,nrobinett3k@chron.com,
Ty,Andrieux,Cimrutu,11/09/1964,Indonesia,,538-302-2969
Gavra,Brugman,Złocieniec,03/03/1954,Poland,gbrugman3m@amazon.co.uk,172-236-8380
Johnathan,Sproson,,,,jsproson3n@over-blog.com,
Philipa,Kreutzer,Słupno,01/21/1992,Poland,pkreutzer3o@miitbeian.gov.cn,813-871-2753
Kiley,Fines,Berlin,09/11/1967,Germany,kfines3p@disqus.com,838-382-8272
Babara,Rudge,Longtan,07/22/1953,China,brudge3q@sogou.com,373-128-5007
Kore,Debill,Täby,05/18/1976,Sweden,,376-960-5321
Karyn,Cupper,Jinsheng,12/24/1958,China,kcupper3s@nbcnews.com,861-743-9206
Costa,Sacker,Paghmān,08/15/1996,Afghanistan,,803-203-6862
Bent,Gentzsch,Shilipu,09/09/1958,China,bgentzsch3u@epa.gov,581-437-0729
Sallyann,Pigott,Kiuola,11/30/1979,Indonesia,spigott3v@intel.com,659-190-7354
Christiana,Lanchester,Sandgerði,06/30/1953,Iceland,,919-433-0671
Dael,Rance,Halteu,05/03/1961,Indonesia,drance3x@ucoz.ru,885-448-0132
Nataline,Oleszkiewicz,Brčko,03/26/1958,Bosnia and Herzegovina,noleszkiewicz3y@hp.com,431-387-3413
Forester,Diwell,Lemery,10/14/1966,Philippines,fdiwell3z@fc2.com,977-989-8711
Alvy,Tanfield,Strumica,04/06/1952,Macedonia,atanfield40@mysql.com,499-156-6727
Sargent,Haill,Mezinovskiy,11/22/1991,Russia,shaill41@cloudflare.com,710-900-7009
Daphna,Batrick,Katoúna,04/08/1995,Greece,,832-255-8627
Netty,Tate,,,,ntate43@slashdot.org,
Daven,McNelly,Phôngsali,11/21/1999,Laos,dmcnelly44@prweb.com,555-483-9113
Kaela,Tryhorn,Kut Bak,07/07/1962,Thailand,ktryhorn45@latimes.com,200-542-2170
Estella,Christol,Venado Tuerto,06/21/1956,Argentina,echristol46@networkadvertising.org,507-854-9719
Kingston,Naylor,Saga,05/28/1999,China,knaylor47@nymag.com,854-306-8738
Una,Housecraft,Calinaoan Malasin,06/23/1981,Philippines,uhousecraft48@1und1.de,685-786-1373
Hymie,Stambridge,Jiesheng,12/27/1987,China,,223-795-6030
Claudio,Townsend,Beijiang,11/06/1981,China,ctownsend4a@google.com.au,785-341-5551
Andria,Luckings,Gaojiazhuang,04/07/1966,China,,698-998-0232
Shurlock,Lammenga,Ojo de Agua,05/31/1956,Mexico,slammenga4c@arizona.edu,163-580-5183
Virginia,Agar,Chernyshkovskiy,01/17/1954,Russia,vagar4d@mashable.com,634-985-5430
Royal,Gilbard,,,,rgilbard4e@twitpic.com,
Lorne,Muncaster,As Saffānīyah,06/06/1953,Saudi Arabia,lmuncaster4f@loc.gov,467-296-2237
Ericha,Hastler,La Cruz,07/24/1993,Mexico,ehastler4g@bravesites.com,661-945-6905
Pierce,Gudgen,Ibusuki,12/23/1963,Japan,pgudgen4h@un.org,249-516-7793
Lesli,Chansonne,Santiago,02/02/1987,Mexico,lchansonne4i@netvibes.com,926-981-6682
Ileane,Anchor,Las Tejeras,11/03/1961,Honduras,ianchor4j@360.cn,779-634-2458
Gracia,Bollands,Drakhtik,07/11/1966,Armenia,gbollands4k@dell.com,638-967-6630
Claribel,Endon,Huangban,06/12/1970,China,cendon4l@ow.ly,327-590-3029
Darline,Berrane,Minneapolis,02/10/1963,United States,dberrane4m@state.gov,651-555-1266
Dell,Sink,Delft,04/01/1968,Netherlands,dsink4n@who.int,645-834-0850
Deane,Dawson,Hostouň,01/04/1967,Czech Republic,,660-604-2862
Charlene,Diddams,Dzoraghbyur,02/22/1960,Armenia,,134-810-8332
Paten,Dimmock,Nicasio,03/16/1962,Peru,,549-874-5146
Tristam,Dilley,Xinshi,12/22/1976,China,tdilley4r@mayoclinic.com,524-214-2969
Robenia,Carless,São Martinho do Campo,01/27/1991,Portugal,rcarless4s@squidoo.com,718-754-9364
Fax,Klimentyonok,Heku,05/27/1969,China,fklimentyonok4t@cdc.gov,430-896-8856
Richie,Barens,Sankera,04/05/1957,Nigeria,rbarens4u@discovery.com,929-927-1502
Lorine,Muldowney,,,,lmuldowney4v@blogspot.com,
Lia,Raubenheim,Katyr-Yurt,01/22/1955,Russia,lraubenheim4w@skype.com,226-210-5080
Roma,Roache,Xinji,08/17/1956,China,rroache4x@nationalgeographic.com,157-655-7044
Kathlin,Frodsham,Massy,06/16/1996,France,kfrodsham4y@go.com,518-172-7695
Ward,Lazell,Bokani,02/12/1986,Nigeria,wlazell4z@miitbeian.gov.cn,396-346-4177
Chevalier,Boshers,Būrewāla,06/06/1986,Pakistan,cboshers50@blogtalkradio.com,870-333-7098
Kris,Matthewman,Guacarí,06/25/1995,Colombia,kmatthewman51@vinaora.com,941-832-1764
Adah,Ungerer,Yanqian,12/02/1952,China,aungerer52@loc.gov,485-562-1798
Ches,O'Crotty,Banamba,05/04/1957,Mali,cocrotty53@addthis.com,325-852-6590
Lemmy,Dusting,,,,ldusting54@tripadvisor.com,
Zenia,Gensavage,Lengshuijing,12/18/1998,China,zgensavage55@google.fr,304-176-9539
Edin,Ellis,Tsybulevka,09/18/1966,Ukraine,,826-476-0242
Fanny,Langtree,Shangdian,09/02/1992,China,flangtree57@yandex.ru,114-511-1694
Korney,Edmett,Piaocao,03/24/1980,China,kedmett58@mozilla.org,702-157-0749
Laurene,Chastney,Horodok,07/18/1976,Ukraine,lchastney59@techcrunch.com,915-366-6961
Haywood,Tacker,Xibei,08/17/1950,China,htacker5a@google.ru,992-600-5142
Gibby,Sollars,Wiązownica,06/18/1956,Poland,gsollars5b@shop-pro.jp,140-310-8898
Siana,Shatliff,Dongxin,12/03/1981,China,sshatliff5c@springer.com,718-158-2523
Rosita,Crab,Zhaoxian,07/20/1950,China,rcrab5d@stanford.edu,512-435-7311
Shannah,Chiles,Suklayin,03/16/1963,Philippines,schiles5e@wikimedia.org,564-131-6603
Loren,Vannoni,Peruc,04/14/1951,Czech Republic,lvannoni5f@ask.com,193-311-3102
Ransell,Boow,Brovary,06/29/1959,Ukraine,rboow5g@ask.com,388-204-3390
Barby,Ormston,Strängnäs,01/01/1952,Sweden,,986-157-4951
Georgia,Bagster,Uppsala,06/22/1989,Sweden,gbagster5i@parallels.com,865-527-7035
Herminia,Davidou,Évosmos,10/02/1981,Greece,hdavidou5j@intel.com,695-876-2361
Thedric,Merredy,Delta del Tigre,08/05/1982,Uruguay,,727-327-6270
Barnett,Crafts,Pingzhuang,03/23/1971,China,bcrafts5l@freewebs.com,686-528-3052
Minerva,Fechnie,Kembangkerang Lauk Timur,06/12/1952,Indonesia,mfechnie5m@bloglovin.com,341-674-4826
Norbie,O'Donnell,Tingsryd,05/11/1955,Sweden,nodonnell5n@icio.us,485-660-9190
Kipp,Matejovsky,Pepayan,01/09/1952,Indonesia,kmatejovsky5o@spotify.com,181-743-2754
Gan,Marquet,Changlu,11/18/1995,China,gmarquet5p@elpais.com,805-594-5519
Amaleta,Amott,Badajoz,07/31/1983,Spain,,916-681-6240
Killy,Hessay,Jiangpu,11/26/1967,China,khessay5r@instagram.com,551-697-3460
Harmon,Clipson,Jinping,08/13/1963,China,hclipson5s@myspace.com,339-444-8916
Ophelia,Koch,Tocota,11/18/1979,Peru,,164-736-8475
Nikolos,Sizeland,Gelap,02/16/1963,Indonesia,,373-500-4046
Rosa,Huxtable,,,,,
Barny,Theodore,Yerevan,01/29/1977,Armenia,btheodore5w@qq.com,105-916-1530
Orville,Alliberton,Jieshou,09/17/1986,China,oalliberton5x@sogou.com,299-380-5655
Rozanna,Bondar,Yovon,02/04/1959,Tajikistan,rbondar5y@oakley.com,253-939-9426
Missy,Gary,Curridabat,11/05/1968,Costa Rica,,517-510-5371
Chalmers,Lammas,Sepanjang,01/15/1977,Indonesia,,358-378-2123
Bayard,Cruickshank,Paris 12,01/28/1968,France,,124-332-4330
Olvan,Papachristophorou,Xingzi,04/08/1978,China,opapachristophorou62@barnesandnoble.com,819-711-7847
Veriee,Godbehere,Rapas,11/06/1956,Indonesia,vgodbehere63@psu.edu,513-703-4150
Creighton,Itchingham,Dongcheng,05/01/1986,China,citchingham64@psu.edu,319-399-0735
Cathrin,Janu,Stalís,08/30/1988,Greece,cjanu65@kickstarter.com,893-696-0102
Kassia,Tinmouth,Ceuta,02/28/1988,Spain,ktinmouth66@nature.com,629-236-1044
Ezmeralda,Underwood,Chicago,05/07/1986,United States,eunderwood67@cam.ac.uk,773-921-6365
Temp,Goley,Gowurdak,10/02/1982,Turkmenistan,tgoley68@squarespace.com,518-548-5478
Cindi,Brea,Kumanis,02/25/1986,Indonesia,cbrea69@squarespace.com,582-414-7623
Homere,Marlor,Kamenka,11/01/1982,Russia,hmarlor6a@bigcartel.com,679-675-4706
Norbie,Perceval,Chochkan,11/23/1963,Armenia,nperceval6b@xing.com,283-615-9296
Trudey,Stansby,Anka,01/17/1974,Nigeria,,884-749-8353
Esma,Alvin,Ciketak,06/22/1963,Indonesia,ealvin6d@marketwatch.com,494-968-1692
Willy,Ongin,Athabasca,03/08/1952,Canada,wongin6e@sfgate.com,404-624-8207
Geri,Klosser,Sevilla,03/03/1974,Spain,gklosser6f@lulu.com,926-300-7886
Alair,Town,Uberaba,10/09/1955,Brazil,atown6g@msu.edu,329-764-5892
Petronia,Veneur,Omaha,11/30/1981,United States,pveneur6h@wikipedia.org,402-603-1690
Sinclare,Glencrash,,,,sglencrash6i@woothemes.com,
Luce,Wilcox,Odessa,02/14/1959,United States,lwilcox6j@rakuten.co.jp,432-464-7424
Berry,Torrese,Zselickislak,10/14/1989,Hungary,btorrese6k@cocolog-nifty.com,472-618-6138
Kelsey,Antony,Macun,04/10/1996,China,kantony6l@instagram.com,931-877-5930
Rikki,Bramhill,Empório,12/26/1953,Greece,rbramhill6m@myspace.com,144-249-9558
Moshe,Fawssett,Bayzhansay,03/24/1952,Kazakhstan,mfawssett6n@wikia.com,172-457-7748
Libbi,Brydone,Bergen,04/03/1966,Norway,lbrydone6o@wikipedia.org,408-950-8517
Claudelle,Lamberts,Gegu,08/04/1960,China,,471-285-4797
Franciskus,Haygreen,Entre Rios,11/28/1977,Brazil,fhaygreen6q@goo.ne.jp,566-352-8291
L;urette,Duddle,Živinice,03/04/1950,Bosnia and Herzegovina,,688-114-6559
Pincus,Aizikov,,,,paizikov6s@yale.edu,
Paige,Estabrook,Três Passos,12/22/1985,Brazil,pestabrook6t@ibm.com,638-949-0113
Richart,Seydlitz,Vidyayevo,10/06/1987,Russia,rseydlitz6u@yahoo.com,188-604-1428
Danni,Dacke,La Montañita,09/19/1960,Colombia,ddacke6v@photobucket.com,504-338-8018
Lonnie,Duprey,Zhaoqing,03/24/1997,China,,445-839-9015
Ezmeralda,Lindores,Lions Bay,08/15/1958,Canada,elindores6x@fda.gov,906-933-9408
Lexie,Stiven,Krajan Gajihan,11/14/1951,Indonesia,lstiven6y@booking.com,750-524-3571
Demetrius,Petford,Novouzensk,09/26/1967,Russia,dpetford6z@msu.edu,622-334-8198
Carleen,Galbreath,Ibicaraí,03/15/1986,Brazil,cgalbreath70@aol.com,804-641-4747
Geri,Jeger,San Pedro Pinula,10/02/1980,Guatemala,gjeger71@loc.gov,381-792-6982
Kelsey,Rabbet,Massakory,04/20/1953,Chad,krabbet72@reuters.com,978-326-9454
Cristian,McQueen,Borås,07/27/1991,Sweden,cmcqueen73@squidoo.com,723-828-7911
Davey,Skala,Mulyoagung,03/27/1969,Indonesia,,341-524-6512
Ike,Ricks,Leidschendam,07/03/1994,Netherlands,iricks75@phpbb.com,520-205-2376
Jeanne,Fellos,Pantanal,10/28/1977,Brazil,jfellos76@arstechnica.com,100-926-7674
Madlin,Barnewille,Nahuo,08/20/1988,China,mbarnewille77@weebly.com,569-715-5936
Clementius,Stubbe,Hongsihu,12/22/1957,China,cstubbe78@jimdo.com,148-306-6096
Cathrine,Dumini,Criciúma,01/13/1974,Brazil,cdumini79@cisco.com,757-612-1635
Perice,Haggett,White River,09/25/1959,South Africa,,664-116-0173
Riordan,Jackalin,Heshang,12/14/1999,China,rjackalin7b@blogtalkradio.com,745-418-9037
Feodora,Van Bruggen,Ciudad Guayana,08/28/1996,Venezuela,fvanbruggen7c@virginia.edu,647-650-5678
Kev,Bussons,Rumboci,10/14/1976,Bosnia and Herzegovina,kbussons7d@mapy.cz,912-308-6633
Nathaniel,Reckless,Xintaimen,07/28/1996,China,nreckless7e@exblog.jp,526-163-3875
Diarmid,Killigrew,Vindeln,01/10/1989,Sweden,dkilligrew7f@studiopress.com,801-145-7400
Kristian,Furmedge,Bukitkemuning,04/15/1979,Indonesia,kfurmedge7g@upenn.edu,156-864-7244
Maurine,Morsom,Jarošov nad Nežárkou,01/02/1952,Czech Republic,mmorsom7h@vk.com,120-171-8130
Garrek,Anwyl,Juancheng,04/02/1975,China,ganwyl7i@blogtalkradio.com,879-778-9375
Sascha,Dakhov,Talangnan,01/28/1978,Philippines,sdakhov7j@mlb.com,738-246-7208
Leyla,Eytel,Lycksele,07/12/1983,Sweden,leytel7k@house.gov,934-578-0317
Lynn,Berndt,Shangchewan,06/12/1955,China,,409-759-0844
Xenos,Pomery,Butare,02/27/1951,Rwanda,xpomery7m@addtoany.com,893-676-7305
Egor,Rodman,,,,erodman7n@wufoo.com,
Cosmo,Gillies,Smolyan,09/09/1950,Bulgaria,,198-181-4331
Waldo,Casino,Šentvid pri Stični,05/23/1960,Slovenia,wcasino7p@tinypic.com,648-482-9127
Rina,Tolle,,,,rtolle7q@dmoz.org,
Conny,Howford,Irkutsk,03/04/1979,Russia,chowford7r@mit.edu,326-457-8814
Ethe,Lukianov,Cabcaben,04/12/1961,Philippines,elukianov7s@goo.ne.jp,527-261-2704
Cynthie,Binns,Sanhe,06/05/1989,China,cbinns7t@cisco.com,138-250-6789
Nobie,Yearnsley,Papineauville,08/17/1953,Canada,nyearnsley7u@indiatimes.com,752-620-9134
Alberto,Gartsyde,Antas,07/29/1985,Portugal,,125-246-2539
Hillie,Pol,Chok Chai,01/22/1968,Thailand,hpol7w@homestead.com,814-954-1047
Karly,Simoncini,Qiaosi,05/28/1977,China,ksimoncini7x@archive.org,367-486-4366
Maudie,Amort,Cibinong,11/24/1999,Indonesia,mamort7y@wufoo.com,233-761-4960
Carol-jean,Piddlehinton,Nihaona,11/14/1977,Indonesia,,233-949-2149
Germayne,Harrap,Yingtou,08/08/1991,China,,293-396-2612
Pall,De Cleen,Vyatskiye Polyany,09/16/1991,Russia,pdecleen81@foxnews.com,231-249-9176
Kalila,Royal,Baomin,09/03/1960,China,kroyal82@ucoz.com,297-307-0596
Lem,Binks,Ibadan,07/02/1955,Nigeria,lbinks83@geocities.jp,912-387-6818
Maire,Trevenu,,,,,
Cammi,Earwicker,Czemierniki,01/10/1968,Poland,,374-176-5531
Noami,Landeaux,Ciechanów,07/11/1954,Poland,nlandeaux86@so-net.ne.jp,915-367-7237
Dede,Illsley,Quiling,01/25/1970,Philippines,dillsley87@unicef.org,762-465-5309
Hazel,Zannetti,Stockton,06/20/1996,United States,hzannetti88@studiopress.com,209-683-6702
Christabel,Greville,Belas,02/15/1969,Portugal,cgreville89@webnode.com,729-804-4842
Sherwood,Parkhouse,Vukovije Donje,02/06/1990,Bosnia and Herzegovina,sparkhouse8a@dyndns.org,466-202-7249
Tracey,McDermid,Waina,06/03/1989,China,,171-656-5573
Emmeline,Ricardou,Jonquière,03/19/1984,Canada,ericardou8c@vinaora.com,642-329-2273
Legra,Bunnell,Kesabpur,02/14/1968,Bangladesh,lbunnell8d@dot.gov,945-605-4680
Sharlene,Feldmark,Buynaksk,11/02/1984,Russia,sfeldmark8e@drupal.org,995-660-1229
Nelie,Shirer,Rodhítsa,02/21/1999,Greece,nshirer8f@sourceforge.net,187-749-4930
Spenser,Crampsey,Calabugao,07/09/1996,Philippines,scrampsey8g@feedburner.com,386-805-9736
Brittne,Gueste,Yuanda,05/15/1998,China,bgueste8h@so-net.ne.jp,956-801-9265
Starla,Vela,Shishan,12/10/1995,China,,478-876-1124
Vivienne,Cantor,Jiaogong,01/21/1997,China,vcantor8j@moonfruit.com,362-291-4910
Karrah,Pree,Dateng,04/08/1953,Indonesia,,429-242-0725
Gabie,Seward,Wonocoyo Utara,02/24/1996,Indonesia,gseward8l@digg.com,218-914-8301
Walker,Creffield,,,,wcreffield8m@clickbank.net,
Donnell,Cressy,Gravelbourg,03/16/1983,Canada,dcressy8n@altervista.org,600-812-6930
Mitch,Dunsford,El Bolsón,09/21/1998,Argentina,mdunsford8o@xinhuanet.com,560-240-1788
Shurwood,Gresty,Sancang,02/12/1963,China,sgresty8p@cargocollective.com,438-991-5895
Mirabella,Lattka,Aisai,01/10/1992,Japan,mlattka8q@ning.com,150-551-1911
Jackie,Perrett,Chengqu,06/10/1989,China,jperrett8r@sogou.com,399-421-0333
Tatiana,Crighton,Proletarsk,05/02/1955,Russia,tcrighton8s@com.com,392-151-2409
Kelcy,Braga,Quanling,03/22/1989,China,,200-588-1561
Erna,Adrianello,Zhonglong,02/26/1999,China,eadrianello8u@amazonaws.com,126-456-9412
Alberik,Sawford,Slutsk,05/06/1952,Belarus,asawford8v@toplist.cz,232-301-1949
Carlie,Fosten,,,,cfosten8w@sitemeter.com,
Gianni,Lehr,G’uzor,12/08/1995,Uzbekistan,glehr8x@mapy.cz,734-434-8271
Revkah,Gunner,Muyi,10/25/1961,China,rgunner8y@yellowbook.com,491-278-6384
Madison,Earnshaw,Yulong,12/06/1990,China,mearnshaw8z@intel.com,276-406-8568
Gerladina,Trenaman,Nagcarlan,07/15/1967,Philippines,gtrenaman90@t.co,965-584-8092
Selina,McAllaster,Čejkovice,03/12/1983,Czech Republic,smcallaster91@state.gov,364-190-3633
Reina,Chill,Kesheng,11/02/1970,China,,193-625-5655
Sherwood,Kochl,,,,skochl93@slashdot.org,
Cassey,Garriock,Vyškov,12/13/1996,Czech Republic,cgarriock94@yale.edu,797-264-2387
Hamil,Attenbarrow,Qitan,06/14/1999,China,hattenbarrow95@feedburner.com,771-566-8264
Sarita,Iacopini,Gujrāt,04/06/1953,Pakistan,siacopini96@ehow.com,667-665-8024
Cammie,Cardozo,Miao’ertan,03/16/1963,China,ccardozo97@va.gov,784-468-0740
Mariellen,Caldecot,Copa,06/30/1957,Peru,mcaldecot98@about.me,851-174-5543
Euell,Orgel,Pyhäntä,07/28/1971,Finland,eorgel99@so-net.ne.jp,216-524-6554
Koren,Husby,Kuala Lumpur,02/06/1966,Malaysia,khusby9a@cpanel.net,514-946-9614
Deeyn,Lamping,Hat Yai,11/24/1960,Thailand,dlamping9b@shareasale.com,575-652-8745
Marin,Ghiriardelli,,,,mghiriardelli9c@china.com.cn,
Hanson,Kildea,Khok Charoen,09/01/1982,Thailand,hkildea9d@livejournal.com,147-486-6004
Felic,Faudrie,Emiliano Zapata,09/30/1968,Mexico,ffaudrie9e@constantcontact.com,667-669-5993
Richard,Meatyard,Al Fashn,04/30/1977,Egypt,rmeatyard9f@moonfruit.com,296-348-8045
Carrol,Craighead,Podhum,08/15/1955,Croatia,ccraighead9g@amazonaws.com,169-783-0800
Issiah,Granger,Gaotai,12/19/1959,China,igranger9h@exblog.jp,176-879-5912
Neddie,Whiteside,Lyski,09/23/1983,Poland,nwhiteside9i@google.it,711-758-5766
Ninon,Langford,Talawakele,01/18/1982,Sri Lanka,nlangford9j@wsj.com,838-267-8986
Morgen,Mortimer,Jinhaihu,08/22/1951,China,mmortimer9k@ebay.com,276-674-7464
Conchita,Haggath,Gaojiabu,02/18/1991,China,,534-266-1629
Siegfried,Kauble,Bandera,07/15/1986,Argentina,skauble9m@gmpg.org,935-181-9882
Guthry,Satyford,Hayama,04/16/1957,Japan,gsatyford9n@amazon.co.jp,980-130-4004
Bili,Stearndale,Kristiansand S,01/19/1977,Norway,bstearndale9o@imageshack.us,511-138-5916
Gustavo,Bredbury,Achiaman,08/21/1988,Ghana,gbredbury9p@trellian.com,812-862-7246
Courtney,Realy,Nagrog,09/17/1988,Indonesia,,536-234-3933
Baxie,Lanfer,Zarqa,03/17/1987,Jordan,blanfer9r@dmoz.org,973-938-1180
Michelle,Curson,‘Ajlūn,05/26/1986,Jordan,mcurson9s@4shared.com,514-422-9167
Joseph,Wycliff,Bunia,09/22/1963,Democratic Republic of the Congo,jwycliff9t@reference.com,546-527-6663
Ruy,Gaitskell,Pavlovsk,01/04/1996,Russia,rgaitskell9u@youku.com,429-919-9222
Dinny,Wethey,Haquira,07/07/1961,Peru,dwethey9v@chicagotribune.com,496-673-9555
Marjory,Reardon,Buseresere,11/11/1980,Tanzania,mreardon9w@drupal.org,612-216-9777
Verile,Reah,Kolno,10/18/1957,Poland,vreah9x@mail.ru,155-877-0877
Thea,Buxcy,Matmata,01/01/1977,Morocco,tbuxcy9y@ft.com,724-509-2295
Deanne,Hellen,Bilopillya,07/30/1952,Ukraine,,514-283-2446
Hillary,Kingsford,Patrang,09/15/1998,Indonesia,hkingsforda0@gmpg.org,930-532-9620
Cart,Moth,Bang Mun Nak,03/13/1954,Thailand,cmotha1@admin.ch,339-525-1551
Zia,Pomphrett,Cianorte,04/30/1990,Brazil,zpomphretta2@godaddy.com,925-423-4402
Xylina,MacGow,Sterlibashevo,09/07/1959,Russia,xmacgowa3@webs.com,632-278-6056
Hyacinthe,Najara,Gromnik,05/03/1965,Poland,hnajaraa4@washingtonpost.com,405-234-9081
Shurwood,Reddie,Kawayan,03/01/1979,Philippines,sreddiea5@so-net.ne.jp,453-660-4374
Fancy,Arend,Fangcun,12/30/1984,China,,572-308-8566
Christoforo,Raffles,Sidayu,08/14/1991,Indonesia,crafflesa7@angelfire.com,919-906-8093
Calvin,Woodruff,Salamwates,08/10/1958,Indonesia,cwoodruffa8@businessinsider.com,809-924-2097
Heriberto,Peye,Puerto Obaldía,12/31/1979,Panama,,180-985-5982
Fey,Guidetti,Arcachon,04/30/1999,France,fguidettiaa@shutterfly.com,889-826-2884
Eberhard,Hazleton,Shikhazany,03/20/1991,Russia,ehazletonab@ihg.com,120-274-6606
Charleen,Layus,Mahīn,03/12/1966,Syria,clayusac@dailymail.co.uk,849-749-5968
Edy,Rudolfer,Pak Phanang,09/02/1950,Thailand,erudolferad@newsvine.com,316-297-2406
Antony,Comberbach,Macun,11/11/1962,China,acomberbachae@360.cn,326-940-4067
Torie,Oddey,Mosina,12/13/1954,Poland,toddeyaf@usda.gov,895-294-3691
Lusa,Housam,Nesterov,05/10/1972,Russia,lhousamag@nature.com,818-112-7297
Rosalinda,Fern,Néo Psychikó,06/01/1968,Greece,,145-557-2505
Randa,Charnock,Yantang,08/31/1983,China,,976-749-3899
Corabelle,Looks,Gebre Guracha,11/13/1988,Ethiopia,,979-931-0543
Livvyy,Dittson,Barishāl,11/01/1951,Pakistan,ldittsonak@nbcnews.com,258-512-6007
Frederik,Gunning,Laurel,02/26/1972,United States,fgunningal@reddit.com,410-665-9541
Sven,Edmeads,,,,sedmeadsam@ezinearticles.com,
Marylin,Slany,Växjö,10/29/1986,Sweden,,988-521-6610
Erminie,Heatherington,Sungairaya,02/09/1976,Indonesia,eheatheringtonao@trellian.com,986-985-9333
Rickey,Vile,Marondera,08/18/1991,Zimbabwe,,774-122-9998
Madelin,Palomba,Donggu,05/14/1989,China,mpalombaaq@tumblr.com,431-631-6240
Herta,Bark,Princeville,10/24/1984,Canada,,522-775-0237
Germain,Vigietti,Novopodrezkovo,04/29/1966,Russia,,192-616-4183
Pennie,Coupman,Strážnice,12/20/1994,Czech Republic,pcoupmanat@psu.edu,839-787-0294
Amabel,Lambkin,Padaimut,06/18/1958,Indonesia,alambkinau@posterous.com,722-151-9271
Joyann,Holtum,Prostřední Bečva,12/21/1973,Czech Republic,jholtumav@cbsnews.com,132-140-3420
Tallie,Losseljong,Igede-Ekiti,11/02/1974,Nigeria,tlosseljongaw@phpbb.com,926-378-9265
Johnathan,Alyukin,,,,,
Laverna,Beckey,Izyum,04/08/1964,Ukraine,,220-866-4550
Alf,Tremelling,Alcabideche,12/14/1998,Portugal,atremellingaz@livejournal.com,378-851-8441
Hewitt,O'Moylane,Pruszcz,06/09/1978,Poland,homoylaneb0@ocn.ne.jp,784-554-3915
Brendis,MacNelly,,,,bmacnellyb1@ovh.net,
Noble,Seilmann,Jinling,07/21/1987,China,nseilmannb2@scientificamerican.com,729-344-8049
Tedd,Rigeby,Na Tan,12/30/1957,Thailand,trigebyb3@statcounter.com,560-222-8260
Patty,Blachford,Barong,07/03/1975,Philippines,pblachfordb4@ovh.net,989-404-9443
Lonnie,Klimes,Chongru,08/31/1981,China,,692-229-3171
Theobald,Fee,Poitiers,10/01/1959,France,tfeeb6@newyorker.com,220-608-8060
Kalli,Woolcocks,Dugongan,01/21/1999,Philippines,kwoolcocksb7@google.de,633-339-7562
Kienan,O' Molan,,,,komolanb8@mtv.com,
Christoforo,Frisdick,Zavetnoye,10/25/1960,Russia,cfrisdickb9@goo.ne.jp,203-983-4461
Adlai,Mapledorum,Laâyoune / El Aaiún,08/02/1998,Western Sahara,amapledorumba@123-reg.co.uk,508-762-5970
Darell,Lapwood,Aku,01/29/1992,Nigeria,dlapwoodbb@paypal.com,364-822-9644
Karna,Waud,Masjid,06/27/1981,Indonesia,,856-677-0374
Kippy,Camilletti,Mapalad,10/22/1999,Philippines,kcamillettibd@mtv.com,890-606-5624
Francene,Le Provest,Changtan,03/09/1970,China,fleprovestbe@cyberchimps.com,992-471-5547
Kristi,Sparke,Bridgetown,03/12/1980,Barbados,ksparkebf@1688.com,193-159-0886
Thorsten,Clinning,Wapno,05/15/1981,Poland,,101-606-9502
Nelia,Paten,Áyios Vasílios,01/31/1981,Greece,npatenbh@istockphoto.com,614-600-7286
Manolo,Randales,Georgiyevsk,05/01/1986,Russia,mrandalesbi@vkontakte.ru,457-886-9413
Aleta,Santora,Biyang,03/13/1995,China,asantorabj@multiply.com,316-773-6181
Caye,Back,,,,cbackbk@hugedomains.com,
Wynn,Dayes,Xinfu,12/30/1997,China,,460-239-7091
Gunar,Wiley,At Samat,10/01/1956,Thailand,gwileybm@biblegateway.com,511-123-8634
Page,Bard,Dzhubga,07/13/1957,Russia,pbardbn@businessweek.com,388-390-6122
Elston,Massenhove,Vallentuna,05/25/1980,Sweden,emassenhovebo@dell.com,426-620-9009
Eadmund,Benaine,Chanthaburi,06/17/1952,Thailand,ebenainebp@altervista.org,179-261-7661
Natividad,Oakley,Paris 14,08/19/1972,France,noakleybq@furl.net,944-941-7438
Leilah,Abella,Strogino,07/12/1987,Russia,,210-206-0024
Bond,Somerbell,Oster,11/20/1995,Russia,bsomerbellbs@xinhuanet.com,892-157-7260
Rodrigo,Minto,Paritjunus,04/26/1982,Indonesia,,669-705-4103
Arman,Granleese,Shangju,11/17/1950,China,agranleesebu@nps.gov,810-520-6982
Bernetta,Paniman,Tworków,04/29/1969,Poland,bpanimanbv@sfgate.com,719-557-7203
Sanders,Grabb,Firovo,09/29/1972,Russia,sgrabbbw@dedecms.com,341-343-3952
Alfredo,Van Zon,Cennan,12/03/1950,China,avanzonbx@cbc.ca,673-620-3639
Edgar,Finlater,Āwash,11/13/1963,Ethiopia,efinlaterby@miitbeian.gov.cn,523-317-2423
Symon,Harms,Donggaocun,03/01/1995,China,sharmsbz@ezinearticles.com,357-149-4116
Vonni,Ditch,Pantubig,11/19/1973,Philippines,vditchc0@shareasale.com,807-392-1911
Eduino,Folds,Nybro,12/17/1974,Sweden,efoldsc1@rakuten.co.jp,427-646-7994
Andriette,Loffill,Lankaran,09/05/1977,Azerbaijan,,312-219-2297
Sena,Dorbon,Krasnohrad,07/09/1952,Ukraine,sdorbonc3@goo.ne.jp,853-342-0314
Constantia,Jardine,Jakubowice Murowane,03/04/1954,Poland,cjardinec4@issuu.com,964-716-9683
Geralda,Toohey,Huazhuang,07/06/1972,China,,639-566-4765
Becki,Broxton,Novi Itebej,08/06/1951,Serbia,bbroxtonc6@google.com.hk,123-710-9428
Denna,Youtead,Padang,03/30/1969,Philippines,dyouteadc7@purevolume.com,214-307-7140
Jess,Alvey,Vân Tùng,10/26/1963,Vietnam,jalveyc8@studiopress.com,814-728-1024
Marcellina,Pigford,Fernando de Noronha (Distrito Estadual),12/25/1988,Brazil,,318-188-5035
Cameron,Langford,,,,clangfordca@ovh.net,
Marylou,Brokenbrow,,,,mbrokenbrowcb@friendfeed.com,
Marthe,Crudginton,Skomlin,12/10/1969,Poland,,436-321-8250
Amye,Beviss,Ivanishchi,03/28/1988,Russia,abevisscd@devhub.com,948-848-6050
Darcey,Tindall,Nangong,09/16/1966,China,dtindallce@mashable.com,578-174-0764
Geordie,Jorger,La Caleta Culebras,03/18/1998,Peru,gjorgercf@sciencedaily.com,926-395-4815
Tabitha,Stiegers,Guamal,09/04/1978,Colombia,tstiegerscg@economist.com,165-408-0492
Caddric,Ortsmann,Condado,12/02/1997,Cuba,cortsmannch@bizjournals.com,465-919-0548
Nestor,Engelbrecht,Svetogorsk,04/21/1980,Russia,nengelbrechtci@elpais.com,504-685-1634
Weidar,Casterot,Rentian,01/09/1957,China,wcasterotcj@umich.edu,907-108-2799
Vinny,Hamlet,Bonga,10/12/1961,Philippines,vhamletck@flavors.me,233-254-9819
Tobi,Danbury,Taobei,03/27/1988,China,tdanburycl@npr.org,810-151-9333
Cynthea,Roma,Ţubarjal,01/14/1988,Saudi Arabia,,954-149-7947
Sissie,Thurlbourne,Noen Maprang,05/21/1956,Thailand,sthurlbournecn@freewebs.com,247-408-0269
Carce,Gateland,Biliran,05/22/1957,Philippines,cgatelandco@tamu.edu,324-289-5182
Marshall,Buddock,Zhaojia,10/01/1955,China,,726-531-1068
Camilla,Gurdon,Rivera,02/06/1997,Colombia,cgurdoncq@berkeley.edu,519-159-1869
Zedekiah,Turfus,Vodňany,11/22/1999,Czech Republic,zturfuscr@java.com,563-876-6023
Jillene,Thandi,Krajan Keboromo,02/20/1952,Indonesia,jthandics@aboutads.info,358-610-7994
Julietta,Punton,Chiriguaná,01/24/1963,Colombia,jpuntonct@ucsd.edu,758-155-8111
Fabe,Degg,Salyan,08/24/1989,Azerbaijan,,404-264-5516
Denise,Phlippi,Pomerode,07/18/1988,Brazil,dphlippicv@goodreads.com,321-603-9988
Amelie,Culwen,Évosmos,12/14/1993,Greece,aculwencw@github.io,556-228-6817
Caralie,McKeller,Essang,05/25/1970,Indonesia,cmckellercx@cdbaby.com,235-629-8867
Doroteya,Rablan,Motala,01/01/1955,Sweden,,176-850-8858
Babita,Kidde,Rancageneng Satu,08/15/1987,Indonesia,bkiddecz@gizmodo.com,660-122-1281
Marci,Kosel,Kyra,01/17/1981,Russia,mkoseld0@prweb.com,302-553-6309
Peyter,Crucetti,Tangtu,09/03/1982,China,pcrucettid1@dedecms.com,115-264-3145
Flint,Gaskall,Paris 01,02/05/1957,France,fgaskalld2@macromedia.com,535-436-2503
Renard,Crumb,Paghmān,01/23/1959,Afghanistan,rcrumbd3@opensource.org,454-311-7147
Gunther,Pilkinton,Jacura,08/18/1991,Venezuela,gpilkintond4@dailymail.co.uk,823-863-9004
Ly,Cheine,Xiaojiezi,09/21/1994,China,lcheined5@wufoo.com,557-591-1817
Lanny,Schleswig-Holstein,,,,lschleswigholsteind6@blinklist.com,
Any,Buckle,Pila,06/08/1991,Philippines,abuckled7@jimdo.com,510-547-8906
Sigmund,Scurrah,Tungi,09/01/1957,Bangladesh,sscurrahd8@nature.com,262-415-2965
Dayna,Hamerton,Aqqan,07/05/1954,China,,609-905-2899
Kati,MacCumeskey,Gorbunki,09/17/1989,Russia,,976-847-5307
Holly,Sympson,Xiaxindian,09/25/1993,China,hsympsondb@blogtalkradio.com,221-173-9998
Sallyanne,Edyson,Xinzhou,02/21/1982,China,sedysondc@slashdot.org,305-651-7743
Betteanne,Savary,Soi Dao,10/07/1994,Thailand,bsavarydd@ehow.com,754-347-8781
Maritsa,Campaigne,Kaolinovo,08/07/1961,Bulgaria,,294-517-2302
Renate,Barras,Gunjur Kuta,03/25/1991,Gambia,rbarrasdf@t-online.de,249-101-6322
Ezri,Bellee,,,,ebelleedg@sina.com.cn,
Terrence,Phittiplace,Oslo,08/29/1984,Norway,tphittiplacedh@hc360.com,933-487-1429
Karia,Poli,,,,kpolidi@google.es,
Jeffry,Panswick,Wangwu,11/17/1960,China,jpanswickdj@youku.com,180-900-9180
Garvey,Derrick,Dampol,11/07/1951,Philippines,gderrickdk@infoseek.co.jp,674-721-9055
Briana,Bantock,Kremidivka,08/07/1982,Ukraine,bbantockdl@sciencedaily.com,651-433-3018
Leigh,Rusling,Gigant,11/02/1991,Russia,lruslingdm@usnews.com,175-323-0330
Caprice,Bern,Iperu,07/07/1955,Nigeria,,804-500-2059
Joellyn,O'Fihillie,Yläne,10/31/1978,Finland,jofihilliedo@bandcamp.com,889-211-4750
Constantino,Corpes,Żarnów,04/26/1975,Poland,ccorpesdp@nbcnews.com,964-206-7540
Matias,Mastrantone,Pilcuyo,09/21/1978,Peru,mmastrantonedq@addthis.com,471-113-9480
Sacha,Treby,Annacotty,03/02/1956,Ireland,strebydr@diigo.com,506-585-6943
Althea,Attenbrough,Volgo-Kaspiyskiy,08/05/1966,Russia,aattenbroughds@phpbb.com,192-185-0551
Luise,Hutley,Gayam,01/14/1956,Indonesia,lhutleydt@live.com,522-992-8801
Annabella,Cavanagh,Gonghe,01/07/1992,China,acavanaghdu@simplemachines.org,103-711-0598
Cathe,Myrkus,Káto Asítai,02/02/1999,Greece,cmyrkusdv@typepad.com,108-853-7239
Buiron,Le Prevost,Tanxi,02/10/1995,China,bleprevostdw@wix.com,761-797-5590
Ursulina,Gniewosz,Yashiro,12/03/1968,Japan,ugniewoszdx@usda.gov,381-546-2798
Herby,Skirrow,Kivertsi,08/18/1971,Ukraine,hskirrowdy@jigsy.com,961-184-8621
Jed,Lembrick,Brckovljani,10/24/1978,Croatia,jlembrickdz@tamu.edu,499-257-0600
Glenine,Chugg,Kula,10/15/1976,Bulgaria,gchugge0@abc.net.au,167-436-0801
Brandy,Mucklestone,Irahuan,09/18/1987,Philippines,bmucklestonee1@msu.edu,605-380-3404
Di,Maplestone,Tailing,04/15/1983,China,dmaplestonee2@drupal.org,675-763-8843
Susan,Robillart,Santa Rosa,02/24/1998,United States,,707-545-8250
Ade,Cristoferi,Taoyuan,10/06/1967,China,acristoferie4@mediafire.com,505-424-8641
Quincey,Gabb,Hrušovany u Brna,02/16/1964,Czech Republic,,725-907-8646
Ryley,Vischi,Sendangkemulian,11/17/1960,Indonesia,rvischie6@yahoo.co.jp,304-378-7089
Leia,Riccard,Al Maţarīyah,09/11/1978,Egypt,lriccarde7@sourceforge.net,311-262-0670
Tiffany,Tennison,Arcueil,06/17/1965,France,ttennisone8@baidu.com,993-289-2235
Roderigo,Kemmons,Mazańcowice,08/29/1966,Poland,rkemmonse9@google.com.au,236-921-8073
Niki,Guerra,Nantes,01/27/1970,France,nguerraea@ebay.co.uk,348-127-4599
Drud,Hatchman,Puyuan,01/06/1957,China,dhatchmaneb@imageshack.us,528-273-9701
Torry,Pimlott,Água Levada,01/10/1997,Portugal,tpimlottec@mysql.com,569-223-2176
Fallon,McNeigh,Lanxi,11/11/1971,China,fmcneighed@blog.com,288-985-4262
Theobald,Keady,Inicbulan,01/01/1975,Philippines,tkeadyee@nbcnews.com,265-478-1919
Cordula,Loukes,Áno Merá,11/08/1995,Greece,cloukesef@prlog.org,608-256-9576
Dagny,Dumbrall,Itamaraju,11/15/1967,Brazil,ddumbralleg@sohu.com,257-565-5786
Almeda,Egle,Tāfuna,01/22/1997,American Samoa,,640-899-8825
Mario,Heskey,Jiazhuang,05/20/1969,China,,499-481-4109
Mariel,Demongeot,Kuroda,11/02/1970,Japan,mdemongeotej@360.cn,208-258-2536
Sherwin,Parr,Um Jar Al Gharbiyya,07/26/1981,Sudan,sparrek@uiuc.edu,153-322-0192
Keith,Poznanski,Tangkil,01/27/1988,Indonesia,kpoznanskiel@mtv.com,607-519-3874
Jasmine,Dobbson,Mikhaylov,12/12/1982,Russia,jdobbsonem@dion.ne.jp,473-469-7481
Ophelia,Masi,Gejiu,11/15/1999,China,,269-887-3988
Melonie,Tebbit,København,08/08/1995,Denmark,,876-639-8563
Sherilyn,Chamberlaine,Ignacio Zaragoza,05/14/1984,Mexico,schamberlaineep@edublogs.org,262-841-3035
Alisha,Iianon,Surazh,05/27/1994,Russia,aiianoneq@forbes.com,996-212-6859
Isidro,Thwaite,Korsze,04/23/1986,Poland,ithwaiteer@e-recht24.de,458-662-2078
Zacharie,Muckleston,Kota Kinabalu,05/24/1988,Malaysia,zmucklestones@jugem.jp,923-241-4440
Appolonia,Toderbrugge,Tuopu Luke,08/19/1979,China,atoderbruggeet@homestead.com,261-190-8244
Amelie,Connew,Goworowo,12/09/1988,Poland,aconneweu@craigslist.org,764-778-0957
Cammy,Stanbrooke,Dobra,03/24/1985,Poland,cstanbrookeev@1und1.de,965-785-8755
Lisle,Spurett,,,,lspurettew@newsvine.com,
Tobin,Jillett,Villa del Rosario,03/26/1955,Colombia,tjillettex@hhs.gov,832-937-7346
Phaidra,Hourihane,Jakusko,11/09/1955,Nigeria,phourihaneey@multiply.com,277-744-9274
Myrtia,Silley,Vannes,09/11/1983,France,msilleyez@histats.com,493-643-6099
Georgia,Stolz,Kořenov,05/25/1958,Czech Republic,gstolzf0@huffingtonpost.com,713-832-1703
Doralynn,Eva,Saint-Joseph-de-Coleraine,11/19/1951,Canada,devaf1@businessweek.com,218-540-3357
Natale,Colvine,Brejos,09/14/1951,Portugal,ncolvinef2@wikispaces.com,229-231-7822
Meredeth,Frampton,Asahi,10/15/1958,Japan,,748-105-5807
Benton,Gaylard,Aviles,03/18/1964,Spain,bgaylardf4@reference.com,674-876-0565
Christie,Kidby,Ar Ru’ays,08/01/1983,Qatar,ckidbyf5@google.cn,327-508-5868
Jamaal,Arp,,,,jarpf6@behance.net,
Halley,Hearthfield,Veisiejai,03/12/1953,Lithuania,hhearthfieldf7@oaic.gov.au,692-787-6845
Mirelle,Rahlof,Heshang,12/03/1980,China,,137-861-6301
Kaela,Itzik,Khirbat Tīn Nūr,06/21/1966,Syria,kitzikf9@wsj.com,221-723-4554
Marie-ann,Squier,Dahu,05/29/1962,Indonesia,msquierfa@dmoz.org,789-367-5200
Claybourne,Corns,Peimei,07/30/1987,China,ccornsfb@hibu.com,393-398-6588
Oswald,Algar,Passal,04/17/1991,Portugal,oalgarfc@seattletimes.com,113-258-4434
Bunni,Blagburn,Fujinomiya,07/25/1963,Japan,bblagburnfd@networksolutions.com,886-762-5133
Worthy,Clapton,Ferreira do Zêzere,06/26/1992,Portugal,wclaptonfe@163.com,518-682-5010
Erina,Petran,Konstantynów,03/13/1985,Poland,,760-480-6496
Adey,Flaune,Rudy,08/05/1968,Poland,aflaunefg@home.pl,238-181-4444
Val,Loreit,Žďár,05/26/1961,Czech Republic,,851-467-3191
Nadiya,McCarty,Aurora,08/05/1973,Philippines,nmccartyfi@yelp.com,152-175-5271
Isahella,Sandon,Macarse,09/25/1950,Philippines,,345-421-2800
Kingsley,Watkiss,Herby,06/04/1961,Poland,kwatkissfk@mail.ru,334-156-6847
Irita,Beningfield,,,,ibeningfieldfl@bloglines.com,
Brock,Francesch,Liudong,03/18/1996,China,bfranceschfm@smh.com.au,349-548-9585
Susy,Povlsen,,,,spovlsenfn@issuu.com,
Lonni,Pallasch,Lanot,09/16/1978,Philippines,lpallaschfo@opensource.org,146-193-1840
Jordan,Wonter,Pukou,09/11/1978,China,jwonterfp@ca.gov,972-698-5110
Margarethe,Gillbe,Fox Creek,03/23/1951,Canada,mgillbefq@1688.com,417-729-6876
Cristin,Bentame,Luo’ao,10/27/1954,China,cbentamefr@t-online.de,562-502-1212
Erin,LeEstut,Oeoh,07/03/1998,Indonesia,eleestutfs@sun.com,275-760-2278
Abbie,Sholem,El Calvario,08/18/1962,Mexico,asholemft@ftc.gov,446-767-9140
Alysia,Gillio,Jam,09/15/1991,Iran,agilliofu@google.cn,411-148-1105
Dyan,Raycroft,Yanping,08/28/1974,China,draycroftfv@paypal.com,441-951-0114
Brooke,Kelberman,Saint Catherine,10/20/1955,Egypt,bkelbermanfw@sfgate.com,696-562-3900
Chrysa,Mor,Igreja,12/14/1955,Portugal,,753-371-0941
Crosby,Jewell,Khartsyz’k,06/03/1960,Ukraine,cjewellfy@google.com.au,103-463-2497
Clarita,Saunton,Kharagauli,09/10/1979,Georgia,csauntonfz@epa.gov,253-899-9594
Philbert,Leneve,‘Ubāl,02/16/1951,Yemen,pleneveg0@51.la,213-394-1059
Annice,Roscoe,,,,aroscoeg1@blogtalkradio.com,
Brittaney,Migheli,Planovskoye,04/03/1963,Russia,bmighelig2@edublogs.org,491-565-3782
Pauline,MacGaffey,Jianchang,05/25/1953,China,,596-686-5931
Carmella,Carnegie,Dijon,01/12/1987,France,ccarnegieg4@oaic.gov.au,119-252-5229
Carine,Derges,Qingliu,07/30/1979,China,cdergesg5@php.net,353-410-5877
Shelli,Herion,Bissau,11/19/1973,Guinea-Bissau,sheriong6@trellian.com,469-417-3181
Salvidor,Holgan,Huangjindong,10/28/1966,China,sholgang7@google.co.uk,864-485-4187
Gavan,McElvogue,San Javier,07/04/1950,Argentina,gmcelvogueg8@hatena.ne.jp,122-620-4938
Gisele,Paskin,Shah Alam,06/03/1985,Malaysia,,990-585-4595
Casi,Stores,Welibo,12/09/1956,Indonesia,cstoresga@homestead.com,123-544-4147
Didi,Skull,Jinji,09/27/1981,China,,194-676-3125
Munmro,Foran,Ibicaraí,03/01/1966,Brazil,mforangc@ameblo.jp,234-933-2518
Byron,Porkiss,Barotac Nuevo,05/07/1997,Philippines,bporkissgd@gmpg.org,757-387-8014
Kaja,Mandrake,Souq Larb’a al Gharb,03/30/1964,Morocco,kmandrakege@nhs.uk,712-403-2831
Papagena,Murrock,Tak,06/02/1967,Thailand,pmurrockgf@t.co,454-822-9085
Birk,Jocic,Dayr al Ghuşūn,07/08/1950,Palestinian Territory,bjocicgg@constantcontact.com,649-102-3966
Vinson,Dietmar,Cikuning,12/29/1958,Indonesia,vdietmargh@linkedin.com,225-436-0624
Graeme,Noen,Kass Wollof,03/15/1956,Gambia,,237-692-2795
Nick,Haverson,Vyshneve,10/14/1972,Ukraine,nhaversongj@washingtonpost.com,536-894-5073
Amye,Hovee,Hongos,12/08/1956,Peru,,807-349-3643
Wright,Caghy,Kista,05/19/1985,Sweden,wcaghygl@cyberchimps.com,395-393-8563
Nertie,Robberts,Karmah an Nuzul,11/16/1995,Sudan,nrobbertsgm@pen.io,215-693-8761
Minta,Serrels,Gradishtë,05/09/1972,Albania,,980-477-2062
Jessika,Ulrik,Xinxing,04/02/1964,China,julrikgo@spotify.com,812-167-9119
Davon,Imore,Jinan,09/11/1980,China,dimoregp@51.la,453-890-4367
Charlotta,Bunkle,Shangfang,10/05/1965,China,,411-807-9274
Zedekiah,MacCombe,Cai Doi Vam,01/04/1968,Vietnam,zmaccombegr@vistaprint.com,185-917-4468
Rivy,Lukasen,Toulon,10/21/1958,France,rlukasengs@google.cn,295-676-6406
Emlynn,Iannini,Usulután,02/17/1986,El Salvador,eianninigt@house.gov,993-341-9009
Roddy,Horsell,Al Mazār,11/11/1990,Jordan,rhorsellgu@oaic.gov.au,362-446-7859
Cally,Corn,Färjestaden,12/19/1984,Sweden,,757-363-6492
Jacky,Boraston,,,,jborastongw@icio.us,
Darb,Clausson,Sembungan Kidul,10/02/1980,Indonesia,dclaussongx@acquirethisname.com,438-165-0274
Mattheus,Buffham,São Vicente,08/17/1961,Brazil,,672-646-9173
Aluin,Divers,Zhonglong,09/03/1989,China,adiversgz@shop-pro.jp,792-765-9652
Julia,Casino,Sidoger Lebak,06/01/1990,Indonesia,,822-447-9613
Barbey,Riha,Chang’an,12/30/1973,China,brihah1@comsenz.com,543-500-0200
Rhiamon,Heimes,Riyom,01/08/1990,Nigeria,rheimesh2@blogger.com,771-322-8242
Pedro,Edser,Chadi,02/23/1995,China,pedserh3@slideshare.net,389-335-3751
Shanna,Zannuto,Marseille,01/27/1991,France,,899-703-9369
Clayborn,Mallion,Villa Atamisqui,01/08/1988,Argentina,cmallionh5@squarespace.com,852-457-3857
Rachael,Sawley,Cedar Rapids,04/04/1959,United States,rsawleyh6@tiny.cc,319-715-4012
Jdavie,Kaplin,Glatik,08/17/1987,Indonesia,,168-341-1920
Riannon,Life,Plumbon,12/11/1958,Indonesia,rlifeh8@mayoclinic.com,501-251-5564
Shaine,Beirne,Looc,09/20/1966,Philippines,sbeirneh9@bigcartel.com,342-298-9335
Gerhardt,Checo,Alexandria,09/04/1967,Egypt,gchecoha@intel.com,234-471-4169
Karine,Djurkovic,Ḩukūmat-e Shīnkaī,02/20/1979,Afghanistan,kdjurkovichb@g.co,148-297-5232
Kristine,Dunkersley,Frankfurt am Main,10/29/1973,Germany,kdunkersleyhc@about.me,463-538-8865
Barbabra,Baurerich,Calachuchi,04/19/1983,Philippines,bbaurerichhd@foxnews.com,792-843-6540
Howie,Labrum,Mae Sot,03/13/1966,Thailand,hlabrumhe@miitbeian.gov.cn,749-750-2993
Morgan,Aitchison,,,,,
Merlina,Dolden,,,,mdoldenhg@pagesperso-orange.fr,
Germaine,Siaspinski,Sukadana,06/17/1956,Indonesia,,125-485-9774
Ermanno,Willerstone,Vegreville,03/15/1988,Canada,ewillerstonehi@barnesandnoble.com,321-836-0454
Hamnet,Tilzey,Bar-le-Duc,02/03/1994,France,,288-180-3516
Paulita,Armatys,Weda,11/21/1958,Indonesia,parmatyshk@statcounter.com,808-276-7257
Enoch,Eldrett,La Palma,02/04/1974,Mexico,eeldretthl@tmall.com,715-571-1775
Neala,Eisikowitz,Murom,12/19/1984,Russia,neisikowitzhm@salon.com,300-367-3450
Lyndsey,Wellstead,Melchor Ocampo,11/07/1965,Mexico,lwellsteadhn@simplemachines.org,269-388-3977
Bea,Vogelein,Codrington,05/01/1966,Antigua and Barbuda,,639-507-9353
Gare,Djokovic,Contagem,09/12/1954,Brazil,gdjokovichp@baidu.com,463-442-8006
Panchito,Mayling,Tanggung,06/26/1988,Indonesia,pmaylinghq@imgur.com,713-810-3278
Olag,Allner,Mechrá Belqsiri,12/06/1958,Morocco,,804-663-9914
Malachi,Borrell,Azteca,05/13/1976,Mexico,mborrellhs@about.com,836-314-3138
Berthe,Odby,Dallas,12/12/1971,United States,,214-409-8393
Cherish,Flello,Balekambang,08/23/1961,Indonesia,cflellohu@tinypic.com,389-562-0437
Claudine,Cavell,Kampungsusah,01/31/1989,Indonesia,ccavellhv@home.pl,648-374-9271
Edvard,Bogue,Ipil,05/13/1999,Philippines,eboguehw@networkadvertising.org,428-304-3584
Jordon,Winterbottom,Cilegi,01/22/1987,Indonesia,jwinterbottomhx@army.mil,379-846-7427
Zechariah,Orehead,Dangcalan,11/19/1992,Philippines,zoreheadhy@sciencedaily.com,503-440-1044
Wenda,White,Bentiu,10/10/1955,South Sudan,,206-184-3334
Merci,Mugford,Brusque,12/10/1975,Brazil,mmugfordi0@cdbaby.com,941-758-1974
Alli,Dalton,Kaltan,03/27/1991,Russia,adaltoni1@ihg.com,311-731-2241
Alessandra,Pettingall,Panique,02/08/1958,Philippines,apettingalli2@pagesperso-orange.fr,667-758-1854
Verney,Careswell,Irapa,11/27/1993,Venezuela,,294-893-3450
Coretta,Tibbotts,Bigoudine,12/04/1967,Morocco,ctibbottsi4@chicagotribune.com,804-484-3105
Sigrid,Gouch,Dzyarzhynsk,11/04/1950,Belarus,sgouchi5@abc.net.au,215-888-6443
Cloris,Scaplehorn,T’et’ri Tsqaro,01/13/1994,Georgia,cscaplehorni6@gnu.org,565-874-9922
Gallagher,Giacobelli,,,,,
Ami,Pamphilon,Quanzhou,04/05/1957,China,apamphiloni8@rambler.ru,175-402-7363
Brucie,Ryves,Shuangmiaojie,02/06/1969,China,bryvesi9@sbwire.com,659-372-2983
Ddene,Turmell,Bairan,03/27/1963,Philippines,dturmellia@istockphoto.com,284-598-5589
Venita,Dexter,Ferreira do Alentejo,11/21/1971,Portugal,vdexterib@fc2.com,360-896-8818
Star,Gasparro,Camilo Aldao,07/30/1991,Argentina,sgasparroic@plala.or.jp,316-662-9010
Una,Cesconi,Guimba,04/08/1994,Philippines,ucesconiid@gov.uk,643-750-3276
Ardyth,Lorie,Huangpo,07/09/1992,China,alorieie@nytimes.com,963-489-2755
Lavinie,Crafts,Trucuk,01/09/1966,Indonesia,lcraftsif@cloudflare.com,973-718-2232
Asher,Peerless,,,,apeerlessig@slashdot.org,
Marian,Grinin,Tinampo,05/23/1971,Philippines,mgrininih@alibaba.com,731-750-6665
Ashleigh,Tasch,Lanxi,06/15/1961,China,ataschii@netvibes.com,687-858-7464
Hansiain,Mulberry,Hargeysa,06/26/1982,Somalia,hmulberryij@cnet.com,587-244-8804
Claudina,Ratazzi,Bianxiong,01/17/1999,China,cratazziik@bbc.co.uk,446-630-5981
Zack,Denning,Daguyun,06/06/1967,China,zdenningil@nasa.gov,612-212-2797
Ebony,Chitty,Nikopol’,03/13/1970,Ukraine,echittyim@pinterest.com,378-353-1390
Annnora,O'Longain,Lelystad,12/28/1973,Netherlands,aolongainin@cloudflare.com,544-772-3894
Elden,Feragh,Ulichnoye,06/12/1955,Ukraine,eferaghio@ebay.com,813-993-7806
Sara,Spoor,General Luna,02/23/1987,Philippines,sspoorip@sun.com,261-572-9785
Charisse,Posner,Jīma,08/24/1968,Ethiopia,cposneriq@miitbeian.gov.cn,749-698-0818
Shay,Cyples,Fray Bentos,02/15/1995,Uruguay,scyplesir@canalblog.com,510-831-0505
Evered,Hamal,Kole,01/03/1982,Uganda,ehamalis@yellowpages.com,482-577-9031
Frans,Rugge,Lālmohan,09/07/1978,Bangladesh,,737-626-7137
Evaleen,Clayal,Khorugh,09/14/1980,Tajikistan,eclayaliu@noaa.gov,539-243-9286
Barret,Martyns,,,,bmartynsiv@blogs.com,
Bernardina,Uman,Tantamayo,03/14/1995,Peru,bumaniw@businessinsider.com,831-144-9979
Arlene,Copsey,Sagaing,03/13/1986,Myanmar,acopseyix@twitter.com,954-417-3305
Kin,Alexander,Wujiayao,05/24/1972,China,,800-765-3693
Avrit,Petchell,Balong Wetan,10/01/1970,Indonesia,,988-982-9173
Bernardo,Suthworth,Lingcheng,07/03/1975,China,bsuthworthj0@jimdo.com,538-384-2312
Carree,Ellerton,Buutuo,03/02/1975,Liberia,cellertonj1@360.cn,925-288-5050
Magdaia,Wigmore,Sukaharja,03/13/1988,Indonesia,mwigmorej2@eepurl.com,664-143-2391
Conney,Oldman,Patrída,06/04/1973,Greece,coldmanj3@miitbeian.gov.cn,166-843-0977
Giorgi,MacCleod,Baihe,01/30/1976,China,,748-219-5955
Niki,Critzen,Žebrák,10/22/1982,Czech Republic,ncritzenj5@netscape.com,429-798-9818
Yancey,Inglesfield,Prokhladnyy,05/22/1958,Russia,yinglesfieldj6@go.com,415-949-2781
Neall,Esherwood,Tuzhu,08/29/1955,China,nesherwoodj7@lycos.com,551-421-7768
Allx,Benger,Enshi,09/17/1980,China,abengerj8@dion.ne.jp,387-748-8625
Halley,Dyas,Semeljci,06/30/1988,Croatia,hdyasj9@chicagotribune.com,218-185-0338
Dulcia,Bortoloni,Saray,11/06/1989,Azerbaijan,dbortolonija@nasa.gov,349-375-7383
Kari,Ladell,Saint-Louis,03/15/1987,France,kladelljb@youtube.com,143-384-3277
Geri,Shillinglaw,Mingshan,01/07/1959,China,,562-791-2561
Winifield,Nethercott,Washington,06/22/1967,United States,wnethercottjd@marketwatch.com,202-822-8613
Sigrid,Yeandel,Palestina,10/09/1983,Colombia,syeandelje@squarespace.com,212-959-2443
Tonye,Venning,Gostovići,01/18/1985,Bosnia and Herzegovina,tvenningjf@ning.com,937-388-1532
Elwyn,Songist,Mevo horon,01/04/1957,Israel,esongistjg@1688.com,958-339-6579
Fernanda,Marcinkus,Frederiksberg,04/07/1985,Denmark,fmarcinkusjh@seattletimes.com,568-824-1526
Ola,Jirik,Остров Пасхи,01/19/1976,Chile,ojirikji@gov.uk,220-792-0095
Reggi,Weathers,Ruse,06/21/1963,Bulgaria,rweathersjj@issuu.com,427-621-1334
Emile,Kevlin,Gakovo,11/01/1972,Serbia,ekevlinjk@ehow.com,934-113-2317
Ynez,Keepe,Meishan,06/27/1984,China,ykeepejl@sfgate.com,590-764-1791
Margeaux,Bales,Nanyuki,05/04/1976,Kenya,,188-134-8372
Kailey,MacKeague,Gwangju,08/30/1950,South Korea,kmackeaguejn@ca.gov,420-666-6917
Lothaire,Allchorne,Frederico Westphalen,12/08/1985,Brazil,lallchornejo@clickbank.net,469-863-5843
Orbadiah,Tombleson,Oslo,07/18/1960,Norway,otomblesonjp@vistaprint.com,183-405-8139
Mickey,Hubback,Maagnas,11/14/1996,Philippines,mhubbackjq@berkeley.edu,280-526-5413
Xenos,Lambird,Atescatempa,03/05/1958,Guatemala,xlambirdjr@mozilla.org,722-465-3747
Barnard,Kliement,Bohou,02/20/1955,China,bkliementjs@sina.com.cn,963-703-5440
Maud,Measen,Valence,01/10/1952,France,,296-206-4673
Tish,Brimacombe,Huanshan,03/07/1965,China,tbrimacombeju@mayoclinic.com,280-652-6669
Edd,Wisniowski,Zaliznychne,12/08/1985,Ukraine,,411-677-6691
Elwin,Draisey,Xuanhua,06/20/1988,China,edraiseyjw@shinystat.com,399-422-0698
Selena,Sievewright,Kengkou,12/24/1974,China,ssievewrightjx@answers.com,722-687-8950
Ewell,Spata,Słotowa,01/10/1995,Poland,espatajy@auda.org.au,574-689-1319
Dewain,Dendle,Herong,05/09/1993,China,ddendlejz@businessweek.com,242-162-4482
Nolan,Minker,Neftegorsk,05/23/1978,Russia,nminkerk0@yandex.ru,150-719-7524
Justine,Gowthrop,Makīnsk,05/24/1976,Kazakhstan,jgowthropk1@wikia.com,661-996-6774
Ginger,Frohock,Huangbu,04/23/1998,China,gfrohockk2@issuu.com,772-277-4700
Coraline,Brentnall,Patabog,09/30/1953,Philippines,,731-612-2031
Olympia,Antonikov,Kuala Lumpur,10/14/1981,Malaysia,oantonikovk4@omniture.com,705-979-1438
Worden,Rathe,Getafe,09/14/1988,Spain,wrathek5@tuttocitta.it,551-896-1884
Neel,Sawney,Langkou,05/26/1967,China,nsawneyk6@a8.net,695-971-5358
Gloriane,Caspell,Surkhakhi,12/05/1954,Russia,gcaspellk7@typepad.com,486-600-1669
Darnall,Trapp,Undurkhaan,11/12/1987,Mongolia,,542-472-0421
Bronny,Seville,Burqah,04/17/1954,Palestinian Territory,bsevillek9@vkontakte.ru,892-752-6942
Ike,Shingler,Praia da Barra,04/27/1978,Portugal,ishinglerka@nature.com,497-801-4915
Vi,Dict,Hāfizābād,07/15/1986,Pakistan,vdictkb@about.com,249-781-9737
Beltran,Dainton,Žlutice,09/01/1988,Czech Republic,,688-136-5953
Zea,Matokhnin,Kanada,04/22/1980,Indonesia,,247-480-6365
Marget,Bahls,Atambua,05/06/1954,Indonesia,mbahlske@techcrunch.com,611-522-7895
George,Hackforth,Faratsiho,08/26/1957,Madagascar,,319-825-1841
Delores,Knatt,Bungkulan,10/20/1990,Indonesia,dknattkg@jugem.jp,498-317-7307
Amelia,Kock,Gierałtowice,04/10/1952,Poland,akockkh@ifeng.com,188-121-3055
Erny,Broe,Mutatá,08/12/1990,Colombia,ebroeki@csmonitor.com,323-646-1224
Amitie,Ivshin,Bromma,07/18/1996,Sweden,,752-718-6065
Dody,O'Suaird,Alexandria,12/22/1999,Egypt,dosuairdkk@123-reg.co.uk,587-301-4276
Joletta,Neilson,Medvezh’yegorsk,11/05/1991,Russia,jneilsonkl@tuttocitta.it,617-308-2442
Ingamar,Eddies,Kostel,01/31/1987,Slovenia,,791-487-0844
Janeta,Cromarty,Changqing,04/05/1965,China,jcromartykn@latimes.com,346-607-1642
Derrek,Stocken,Fangxiang,05/06/1969,China,dstockenko@elegantthemes.com,146-180-1955
Lenee,Cleator,La Quebrada,09/28/1957,Venezuela,,838-521-2920
Teresina,Upham,Las Sabanas,11/03/1987,Nicaragua,tuphamkq@trellian.com,717-316-5504
Deloria,Akrigg,Ōmura,06/26/1977,Japan,dakriggkr@loc.gov,755-226-0120
Monah,Topp,,,,mtoppks@cdc.gov,
Joannes,Tripon,Banī Walīd,05/03/1957,Libya,,937-466-8850
Pen,Van der Merwe,Bordeaux,06/05/1969,France,pvandermerweku@sakura.ne.jp,441-349-7765
Rea,Pavek,Morant Bay,06/21/1987,Jamaica,rpavekkv@ebay.com,884-425-1882
Ally,Durbridge,Säffle,05/04/1989,Sweden,adurbridgekw@linkedin.com,321-799-7687
Melodee,McClunaghan,Sifangxi,03/04/1987,China,mmcclunaghankx@wiley.com,184-369-7465
Stefania,O' Mulderrig,Hvozdná,02/27/1970,Czech Republic,somulderrigky@wufoo.com,614-505-1072
Loralie,Havelin,Tafeng,11/05/1994,China,,899-880-8300
Mella,Sleet,Kamenka,03/04/1975,Russia,msleetl0@liveinternet.ru,751-211-6735
Dave,Leddie,Siverskiy,09/27/1975,Russia,dleddiel1@cmu.edu,595-729-7117
Ashly,Heiss,Sośnie,01/31/1984,Poland,aheissl2@spiegel.de,152-954-9125
Bob,Ragge,Wukang,01/17/1983,China,braggel3@t-online.de,107-332-2040
Cristabel,Records,Hexi,10/02/1966,China,crecordsl4@ifeng.com,121-355-3871
Teriann,McAw,Cibaregbeg Dua,02/27/1984,Indonesia,tmcawl5@unc.edu,404-175-5338
Inessa,Dawidsohn,Kokhanava,02/16/1995,Belarus,idawidsohnl6@google.com,305-895-5465
Kinsley,Stallon,Carreira,10/31/1997,Portugal,kstallonl7@nasa.gov,617-184-9936
Melisse,Bogges,Tuen Mun,10/11/1984,Hong Kong,mboggesl8@berkeley.edu,631-935-9754
Ros,Jeffers,Mingoyo,11/20/1957,Tanzania,rjeffersl9@unblog.fr,563-854-3964
Rozanna,Bromidge,Novaya Usman’,03/30/1963,Russia,rbromidgela@mapy.cz,911-169-8565
Garrard,Padwick,Minjian,07/19/1983,China,gpadwicklb@ed.gov,709-285-1688
Gilbertine,Ros,Cienfuegos,03/21/1969,Cuba,groslc@blog.com,606-539-9212
Mureil,Skirving,Recreio,02/23/1974,Brazil,,308-737-8956
Culver,Wyett,Ternate,08/22/1995,Philippines,cwyettle@gnu.org,393-800-4895
Katuscha,Ryhorovich,Lidian,04/23/1991,China,kryhorovichlf@mac.com,192-197-2443
Benedikt,Abrahamian,Natakoli,07/14/1967,Indonesia,babrahamianlg@independent.co.uk,576-682-8270
Meade,Sarfas,Puget-sur-Argens,04/13/1988,France,msarfaslh@moonfruit.com,523-598-3427
Dominique,Kasman,Air Bangis,05/11/1982,Indonesia,,672-728-1773
Vanni,Denekamp,Khasavyurt,08/14/1961,Russia,vdenekamplj@un.org,960-412-3630
Vladamir,Doley,Huité,02/26/1995,Guatemala,vdoleylk@webeden.co.uk,475-254-7004
Marris,Buddington,Ţūlkarm,11/04/1952,Palestinian Territory,mbuddingtonll@list-manage.com,978-468-0139
Mollie,Gettone,Czarna,10/30/1998,Poland,mgettonelm@zimbio.com,562-520-7983
Wanids,Bunny,Zhavoronki,12/21/1972,Russia,wbunnyln@behance.net,224-545-5281
Malissia,Leyshon,Heshang,10/22/1981,China,,439-619-9928
Andy,Warrender,Bitobe,12/07/1963,Indonesia,,150-818-0190
Cobby,Rubbert,Bantal,06/23/1983,Indonesia,crubbertlq@netvibes.com,369-707-1098
Alejandrina,Beevis,Ciherang,12/31/1957,Indonesia,abeevislr@newsvine.com,991-159-3707
Cicily,Chimienti,Thorold,02/15/1995,Canada,cchimientils@cisco.com,598-907-4040
Stacy,Phipson,Chongxing,03/02/1999,China,,927-678-8455
Marsiella,Gebhardt,Bang Khon Thi,12/10/1966,Thailand,mgebhardtlu@usnews.com,560-895-4870
Sela,Browse,Cuiabá,01/22/1992,Brazil,sbrowselv@nifty.com,840-725-3562
Wilburt,Whyte,,,,wwhytelw@bloomberg.com,
Fedora,Casellas,Tokuyama,07/03/1986,Japan,fcasellaslx@nifty.com,518-114-2265
Teresita,Moyse,Yag La,09/07/1960,China,tmoysely@yandex.ru,796-897-4285
Merralee,Short,Canoas,11/09/1952,Brazil,mshortlz@abc.net.au,620-307-7148
Hadrian,Crossley,Lumatil,07/21/1952,Philippines,hcrossleym0@deliciousdays.com,411-361-9742
Simon,Doyland,Gominhães,01/19/1995,Portugal,sdoylandm1@ft.com,498-339-9019
Elsey,Locket,Louriceira,08/12/1977,Portugal,elocketm2@skype.com,486-550-2885
Doralynne,Aspinal,Cabañas,09/09/1973,Guatemala,daspinalm3@google.cn,934-451-5255
Caprice,Flanders,San Antonio,05/22/1966,Mexico,cflandersm4@symantec.com,269-194-6406
Appolonia,Bushby,Storvik,02/11/1951,Sweden,abushbym5@exblog.jp,614-132-3060
Felipa,Flawn,Chodów,05/18/1969,Poland,fflawnm6@desdev.cn,596-120-1509
Garland,Wapples,Santa Teresa,07/29/1951,Nicaragua,gwapplesm7@pcworld.com,158-507-2666
Jannelle,Greenstock,Cangshan,12/30/1965,China,jgreenstockm8@addthis.com,948-228-3153
Asa,Cockton,Sophia Antipolis,12/25/1994,France,acocktonm9@twitpic.com,849-962-6023
Pooh,Shailer,Wencheng,02/05/1989,China,pshailerma@smh.com.au,232-519-4126
Calla,Worsell,Baoxu,01/30/1993,China,cworsellmb@1und1.de,507-105-2602
Lyon,Terrell,Jargalant,02/13/1992,Mongolia,lterrellmc@comcast.net,326-505-1489
Lenna,Brisson,Laurel,08/13/1995,United States,lbrissonmd@google.ca,301-168-8562
Abner,Lumbley,Gevgelija,11/20/1993,Macedonia,alumbleyme@simplemachines.org,999-850-8252
Lexis,Flear,Dewetsdorp,02/17/1994,South Africa,lflearmf@cyberchimps.com,508-363-0509
Ilyse,Follett,Valence,01/29/1998,France,ifollettmg@google.nl,108-961-2322
Melina,Swaton,Sambonggede,02/28/1989,Indonesia,mswatonmh@netvibes.com,159-952-7518
Dell,Peiser,Mengdadazhuang,04/05/1992,China,dpeisermi@wp.com,615-844-2946
Monah,Ponte,Zhanping,10/29/1976,China,mpontemj@naver.com,204-769-8243
Darelle,Mullard,Uppsala,04/09/1970,Sweden,dmullardmk@theatlantic.com,813-630-5108
Karoly,Domeney,Saint-Maur-des-Fossés,11/07/1990,France,kdomeneyml@google.fr,228-420-0015
Juan,Foster,Linköping,07/17/1986,Sweden,jfostermm@angelfire.com,675-278-5474
Coreen,Hritzko,Yongxing,03/26/1983,China,chritzkomn@bbc.co.uk,767-624-0428
Andris,Jammet,Hongqi,06/17/1988,China,ajammetmo@apple.com,596-662-9896
Orsa,Eddowis,Esperanza,02/13/1976,Philippines,oeddowismp@miitbeian.gov.cn,188-800-9734
Hazlett,Howe,Pasirmalang,05/04/1997,Indonesia,hhowemq@dot.gov,906-763-9349
Miltie,Druett,Akouda,12/05/1996,Tunisia,mdruettmr@wikimedia.org,466-245-9706
Mabel,Gabbat,Liaodian,01/18/1978,China,,579-514-2397
Jenna,Alexis,Municipio de Copacabana,04/20/1953,Colombia,jalexismt@scientificamerican.com,212-954-6696
Vasili,Loy,Huangcun,04/29/1993,China,vloymu@rediff.com,305-458-7759
Cassi,Margerison,Qulaybīyah,04/01/1959,Tunisia,,451-889-0631
Kasey,Rubica,,,,krubicamw@spiegel.de,
Winston,Edy,Wenceslau Braz,09/06/1974,Brazil,wedymx@bigcartel.com,667-933-6333
Kira,Duke,Tours,09/29/1979,France,kdukemy@admin.ch,976-690-9670
Dian,Monument,,,,,
Marlee,Abrahams,Jeleuk,12/27/1986,Indonesia,mabrahamsn0@ca.gov,150-159-5973
Thomasine,Fishlock,,,,,
Napoleon,Kerr,Straldzha,12/09/1987,Bulgaria,nkerrn2@meetup.com,133-527-7000
Karia,Westwell,Sokolnice,11/08/1984,Czech Republic,kwestwelln3@noaa.gov,453-107-3977
Kelcie,Jurca,Caculé,07/03/1986,Brazil,kjurcan4@businessweek.com,973-966-0355
Dillie,Duling,,,,ddulingn5@smh.com.au,
Susannah,Muck,Moganshan,01/09/1986,China,smuckn6@timesonline.co.uk,549-250-6293
Any,Wyon,Cotabambas,10/08/1992,Peru,awyonn7@themeforest.net,813-335-1907
Windham,Shorey,Shizuishan,11/13/1993,China,wshoreyn8@t.co,239-210-2758
Jay,Barnett,Ventersdorp,04/05/1961,South Africa,jbarnettn9@wisc.edu,650-306-1102
Alasteir,Gatecliffe,Coutances,11/10/1970,France,agatecliffena@yellowpages.com,874-471-9146
Babbie,Kroch,Natakoli,09/23/1996,Indonesia,bkrochnb@nationalgeographic.com,494-586-9386
Anderson,Tuckett,Loughrea,07/11/1987,Ireland,atuckettnc@pen.io,158-911-5788
Farley,Widmoor,Sparks,10/06/1988,United States,fwidmoornd@springer.com,775-124-1375
Rodina,Savory,Strasbourg,07/20/1956,France,rsavoryne@weibo.com,106-646-7377
Juli,Dumingo,Xi’an,04/22/1972,China,jdumingonf@businesswire.com,659-155-5204
Mikkel,Dicte,Shanghu,10/10/1982,China,,745-301-3579
Tabina,Drewett,Nanshui,06/10/1986,China,tdrewettnh@seesaa.net,769-464-2675
Immanuel,Cesaric,Ngamba,11/21/1988,Indonesia,,702-425-2369
Leonard,Inglesent,Donnybrook,12/11/1998,Ireland,linglesentnj@zimbio.com,487-793-9804
Lucita,Wadesworth,Maindang,11/25/1952,Philippines,,872-104-7657
Meridel,Bonifas,Xunqiao,07/03/1952,China,mbonifasnl@vinaora.com,960-222-2326
Hermann,Batalle,Sapporo,01/04/1972,Japan,hbatallenm@google.it,399-598-4325
Franny,Patise,Imperatriz,08/16/1969,Brazil,fpatisenn@yale.edu,836-437-7754
Rollie,Withams,Balingasag,06/14/1976,Philippines,rwithamsno@china.com.cn,897-502-8669
Barde,Ivett,Boulogne-Billancourt,04/07/1953,France,bivettnp@economist.com,249-776-3968
Tiphanie,Dore,Almaguer North,03/20/1979,Philippines,tdorenq@newyorker.com,507-177-6539
Howey,McVittie,Bongandanga,03/19/1989,Democratic Republic of the Congo,hmcvittienr@about.com,464-704-5389
Barret,Barabisch,Siekierczyn,10/21/1984,Poland,bbarabischns@washington.edu,931-280-8009
Isidora,Mathely,Mantar,02/05/1968,Indonesia,imathelynt@spotify.com,614-454-2322
Mort,Dorrins,Huarong,03/28/1978,China,mdorrinsnu@paginegialle.it,802-318-1865
Eddy,Doey,,,,edoeynv@1und1.de,
Gabey,Carlett,Haoguantun,10/02/1957,China,,126-725-8804
Emmy,Cowtherd,Krasnodon,05/02/1986,Ukraine,ecowtherdnx@eventbrite.com,168-739-2528
Mirabella,Keat,Hongshanyao,08/31/1991,China,mkeatny@mediafire.com,701-351-1981
Lita,Fillimore,,,,lfillimorenz@pen.io,
Laure,Seaking,Los Cedrales,11/21/1970,Paraguay,,502-360-9203
Joan,Biesterfeld,Västerås,01/06/1988,Sweden,jbiesterfeldo1@storify.com,232-471-0937
Hilary,Macguire,,,,hmacguireo2@apache.org,
Genni,Izkovicz,Liuhao,09/13/1991,China,gizkoviczo3@mac.com,837-933-2948
Caresse,Duns,Martinlongo,05/23/1967,Portugal,cdunso4@tripadvisor.com,933-451-8836
Ward,Kemet,Dongshan,01/12/1975,China,wkemeto5@list-manage.com,605-289-3896
Eldredge,Surgenor,Ust’-Isha,10/25/1952,Russia,esurgenoro6@icio.us,223-762-3973
Salem,Erbain,Xufu,03/09/1999,China,,748-860-8260
Lyndsey,MacRannell,Xipi,12/09/1959,China,lmacrannello8@cdc.gov,471-262-4391
Lela,Stark,Ueki,01/16/1981,Japan,lstarko9@spiegel.de,582-946-0102
Bendick,Krol,Cerinza,02/23/1994,Colombia,bkroloa@shareasale.com,223-488-2160
Marga,Garden,Haveluloto,01/21/1991,Tonga,mgardenob@google.com,795-837-6858
Corly,Bolzmann,Marseille,02/19/1974,France,cbolzmannoc@so-net.ne.jp,484-450-6556
Dareen,Medland,Constance,05/24/1976,Portugal,dmedlandod@redcross.org,399-697-3615
Corey,Feehily,Picos,03/19/1968,Brazil,cfeehilyoe@latimes.com,232-120-4124
Hort,Migheli,Essang,05/02/1993,Indonesia,hmigheliof@pinterest.com,775-585-8369
Belva,Withams,Karabanovo,06/12/1960,Russia,bwithamsog@mit.edu,459-913-1730
Dahlia,Grace,,,,dgraceoh@rakuten.co.jp,
Alexander,Quittonden,Dzyarzhynsk,06/19/1956,Belarus,,712-933-9894
Bryan,Horder,,,,bhorderoj@ow.ly,
Elvis,Pridmore,Huanghe,09/19/1998,China,epridmoreok@diigo.com,522-655-9567
Giustina,Poznan,Leitões,12/07/1960,Portugal,gpoznanol@apple.com,651-676-2688
Morse,Murphy,Regueiro,03/21/1952,Portugal,,256-147-9712
Brian,Elvins,Zbąszyń,03/08/1988,Poland,belvinson@wufoo.com,189-361-7184
Lee,Limer,Almelo,07/27/1984,Netherlands,llimeroo@xinhuanet.com,425-965-2062
Chryste,Jalland,Dunlewy,03/15/1995,Ireland,cjallandop@whitehouse.gov,939-846-4501
Phyllys,Peye,New York City,03/30/1991,United States,,212-984-9064
Vanessa,Tookey,Cipolletti,07/18/1973,Argentina,vtookeyor@timesonline.co.uk,868-839-8205
Fifine,McAlinion,Aldeia,11/24/1988,Portugal,fmcalinionos@blinklist.com,633-710-3200
Leanora,Shadfourth,Leuwayang,05/08/1983,Indonesia,lshadfourthot@netvibes.com,464-707-0992
Felipa,Pesterfield,Alindao,03/15/1960,Central African Republic,fpesterfieldou@timesonline.co.uk,281-728-3075
Doria,Kibbee,Guaymango,07/15/1984,El Salvador,dkibbeeov@pen.io,849-561-1607
Francine,Fallens,Smyshlyayevka,11/16/1989,Russia,ffallensow@discovery.com,429-930-4456
Frans,Woolger,San Jose,04/29/1982,Mexico,fwoolgerox@timesonline.co.uk,105-100-6692
Ferdy,Haking,Sindangsari,11/23/1993,Indonesia,fhakingoy@bing.com,112-426-5256
Laurena,Burgyn,Arwād,02/28/1974,Syria,lburgynoz@discovery.com,366-538-9321
Duff,Petrillo,Medveditskiy,01/03/1981,Russia,dpetrillop0@hexun.com,669-201-4071
Charles,Gandy,Beiyang,03/03/1963,China,cgandyp1@hexun.com,136-426-9869
Cedric,Kimble,Oštarije,07/21/1983,Croatia,,410-125-5796
Rube,Clutram,Dasiping,05/24/1957,China,rclutramp3@sohu.com,690-369-6179
Tiffanie,Mulderrig,Kiffa,04/02/1969,Mauritania,tmulderrigp4@dailymotion.com,711-647-0999
Ynes,Hatrey,Xiaofayi,05/31/1971,China,yhatreyp5@squarespace.com,983-971-0455
Karena,Narrie,Holice,12/26/1965,Czech Republic,knarriep6@51.la,411-359-2944
Lynn,Curedale,Jovellar,09/04/1988,Philippines,lcuredalep7@surveymonkey.com,704-638-7633
Lonnie,McPolin,San Fernando del Valle de Catamarca,11/02/1976,Argentina,lmcpolinp8@meetup.com,229-975-0662
Brenda,Blagdon,,,,bblagdonp9@sun.com,
Erminia,Cutbirth,Cabanas,06/23/1950,Portugal,ecutbirthpa@alibaba.com,387-752-1853
Celene,Orring,Taraz,02/13/1969,Kazakhstan,,619-103-9646
Vin,Collings,Franca,01/27/1973,Brazil,vcollingspc@wordpress.org,244-456-1571
Ike,Bazley,Dakhla,05/06/1965,Western Sahara,ibazleypd@state.gov,229-754-6147
Maurita,Esbrook,Jorok Dalam,11/07/1987,Indonesia,mesbrookpe@statcounter.com,420-611-9095
Zonnya,Cookney,Guocun,08/03/1963,China,zcookneypf@hibu.com,283-375-0995
Radcliffe,Blowen,Huangbei,11/17/1978,China,rblowenpg@studiopress.com,138-525-1815
Angil,Simla,Ambat,07/05/1977,Indonesia,asimlaph@china.com.cn,632-416-2318
Marline,Jordi,Qesarya,06/27/1968,Israel,mjordipi@hc360.com,768-755-8631
Devinne,Doohey,Isawa,08/13/1977,Japan,,529-406-1393
Nert,O'Cannan,Stockholm,01/22/1954,Sweden,nocannanpk@theglobeandmail.com,356-630-7990
Denis,Lillow,,,,,
Kanya,Cranmore,Lianhe,09/30/1957,China,kcranmorepm@seattletimes.com,317-551-1113
Ursala,Lidyard,La Plaine-Saint-Denis,01/07/1956,France,ulidyardpn@pcworld.com,380-811-6343
Mycah,Liddall,Wińsko,07/25/1975,Poland,mliddallpo@ucla.edu,559-985-1441
Orville,Cawsey,Kubang,06/02/1959,Indonesia,ocawseypp@hatena.ne.jp,886-400-4565
Kanya,Durman,Zhengguo,02/25/1988,China,kdurmanpq@plala.or.jp,450-452-5236
Stefa,Johnke,,,,sjohnkepr@upenn.edu,
Elvis,Blackman,Tarīm,10/09/1995,Yemen,eblackmanps@noaa.gov,553-618-6938
Berta,Godsmark,Al Manşūrah,02/18/1955,Syria,,534-776-9995
Cathie,Dipple,Sovetskiy,10/21/1997,Russia,cdipplepu@indiegogo.com,633-131-9746
Avery,Ascraft,Nariño,11/14/1988,Colombia,,677-219-0217
Bridie,Guillon,La Clotilde,03/13/1955,Argentina,bguillonpw@netlog.com,106-560-9932
Arnaldo,Tredget,Porsgrunn,11/01/1965,Norway,atredgetpx@shop-pro.jp,288-468-7290
Othella,Frangello,Patzicía,07/25/1996,Guatemala,,732-974-6736
Haydon,Stoute,Tumaco,06/16/1967,Colombia,hstoutepz@fc2.com,427-890-3852
Jaymee,Dossantos,Liulin,12/20/1962,China,jdossantosq0@who.int,738-232-6415
Charissa,Wapples,Labuhansumbawa,09/12/1970,Indonesia,cwapplesq1@photobucket.com,339-821-1317
Abie,Izchaki,Bago City,10/10/1953,Philippines,aizchakiq2@engadget.com,317-189-3944
Albertine,Orr,Pekalongan,12/17/1961,Indonesia,,746-945-7872
Lorrie,Betterton,Bergen,06/18/1951,Norway,lbettertonq4@yellowpages.com,935-618-4832
Elias,Timson,Masvingo,08/12/1957,Zimbabwe,,222-729-7373
Krista,Kulvear,Cisompet,03/23/1975,Indonesia,,881-639-1427
Carlene,Spavon,Lamadong,12/21/1974,Indonesia,cspavonq7@foxnews.com,238-619-7588
Waring,Dornin,Luzern,06/22/1950,Switzerland,wdorninq8@cdbaby.com,685-513-7740
Radcliffe,Bedder,Kalenderovci Donji,11/02/1957,Bosnia and Herzegovina,rbedderq9@redcross.org,595-656-4038
Kathrine,Toffoletto,Zolotyy Potik,10/07/1977,Ukraine,,111-320-0259
Evangelin,Gregorin,Karonga,06/13/1978,Malawi,egregorinqb@ebay.com,947-390-0166
Minerva,McGibbon,Stratford,03/18/1996,Canada,mmcgibbonqc@networkadvertising.org,960-487-8210
Dickie,McAuliffe,Houston,12/20/1999,United States,dmcauliffeqd@macromedia.com,713-118-7559
Felice,Skipp,Lianokládhion,03/05/1980,Greece,fskippqe@fotki.com,751-900-2393
Gelya,Jursch,Huangtan,06/15/1977,China,gjurschqf@phoca.cz,569-985-3860
Alexis,Doni,,,,adoniqg@ask.com,
Rog,Woollam,Gachalá,04/23/1981,Colombia,rwoollamqh@epa.gov,246-317-8451
Lorianne,Pourveer,Furong,07/10/1964,China,lpourveerqi@walmart.com,551-889-9165
Carmencita,Stoffels,Gakovo,07/12/1958,Serbia,cstoffelsqj@cafepress.com,933-112-7991
Shawn,Hinnerk,Longxi,11/05/1954,China,shinnerkqk@apple.com,635-969-5044
Colas,Jakubovits,Tamaulipas,06/24/1970,Mexico,cjakubovitsql@facebook.com,484-940-4568
Lyell,Varnam,Bibiani,10/15/1988,Ghana,lvarnamqm@cyberchimps.com,380-713-0199
Mignonne,Ivanyukov,Tuanchengshan,08/10/1992,China,mivanyukovqn@clickbank.net,939-899-7730
Harwell,Hupe,Huangling,08/20/1961,China,,375-668-7204
Rosene,Basini-Gazzi,Tomé Açu,02/08/1969,Brazil,rbasinigazziqp@usa.gov,821-625-2192
Reinaldo,Ellsworthe,Corumbá,10/03/1998,Brazil,rellswortheqq@shareasale.com,472-478-3641
Buffy,Gamell,Lordelo,10/29/1993,Portugal,bgamellqr@kickstarter.com,809-373-4776
Emmey,Langshaw,Chợ Lầu,11/24/1998,Vietnam,elangshawqs@seattletimes.com,190-348-3590
Gary,Danbury,Winterthur,04/02/1972,Switzerland,gdanburyqt@google.com.br,704-939-0361
Eugenio,Ghione,Jinglongqiao,07/14/1983,China,,685-354-8573
Nanny,Ottiwill,Ḏânan,03/17/1958,Djibouti,nottiwillqv@indiegogo.com,413-425-4657
Aloin,Gendricke,Västerås,03/29/1975,Sweden,agendrickeqw@blinklist.com,256-868-6845
Hunter,Blackborn,Coari,08/10/1959,Brazil,hblackbornqx@ft.com,941-593-4936
Truda,Yitzowitz,Guaraciaba do Norte,08/12/1976,Brazil,tyitzowitzqy@hatena.ne.jp,248-181-7311
Drake,Garcia,Šenov,10/06/1972,Czech Republic,dgarciaqz@uiuc.edu,995-383-5306
Davon,Coombe,Independencia,03/03/1970,Mexico,dcoomber0@altervista.org,671-300-1321
Drusie,McAlister,Guadalupe,06/19/1974,Mexico,dmcalisterr1@about.me,531-769-0350
Carmelia,Ricardet,Guli,10/25/1986,China,cricardetr2@over-blog.com,845-954-8601
Wilmar,MacParland,Burgos,07/07/1986,Philippines,,112-354-5847
Kendre,Lonnon,Kaniv,03/17/1980,Ukraine,klonnonr4@wisc.edu,883-374-4234
Aundrea,Samwaye,Ōbu,11/13/1966,Japan,asamwayer5@51.la,274-817-2202
Theodosia,Balma,West Palm Beach,11/13/1989,United States,,561-871-0992
Gage,Caren,Charikar,02/24/1998,Afghanistan,gcarenr7@foxnews.com,276-819-3081
Stephani,Ogley,Huayuan,08/13/1996,China,sogleyr8@technorati.com,311-305-7123
Gerhardt,Jowle,Khantaghy,06/10/1977,Kazakhstan,gjowler9@nasa.gov,121-651-0874
Ambrosius,Minifie,Wenchi,10/10/1981,Ghana,aminifiera@google.com.au,998-255-8218
Evvy,Poynzer,Helsingborg,01/14/1965,Sweden,epoynzerrb@google.com.au,754-254-3008
Ulrikaumeko,Ruckman,Strum,01/02/1952,Albania,uruckmanrc@chron.com,529-180-0765
Winifield,Imeson,Karangparwa,06/11/1999,Indonesia,wimesonrd@arstechnica.com,529-417-8058
Giselle,Siddens,,,,gsiddensre@mediafire.com,
Gardy,Slowgrave,Guzhen,10/17/1976,China,gslowgraverf@woothemes.com,161-951-9112
Roobbie,Ridel,Neyagawa,12/30/1953,Japan,rridelrg@163.com,422-606-6382
Blythe,Reyna,Qingshan,11/08/1955,China,breynarh@tuttocitta.it,349-710-9256
Stefano,Woolgar,Zhaixi,11/08/1995,China,swoolgarri@ow.ly,336-198-8551
Gilda,Overell,Kukushtan,02/23/1971,Russia,goverellrj@hostgator.com,436-474-5334
Dory,Golding,Stryszów,04/11/1996,Poland,dgoldingrk@discuz.net,145-919-3689
Leighton,Beels,Goght’,08/12/1976,Armenia,lbeelsrl@marketwatch.com,982-319-4866
Evin,Nottingam,Kashima,04/15/1985,Japan,enottingamrm@instagram.com,489-747-0890
Christal,Nadin,Postřekov,06/17/1976,Czech Republic,cnadinrn@mozilla.com,957-968-5689
Vincenz,Rulten,Butiá,05/05/1953,Brazil,vrultenro@taobao.com,792-850-6531
Cacilia,Durbyn,Arcena,05/30/1992,Portugal,,865-732-9666
Cassey,Swannell,Ngangguk,03/24/1996,Indonesia,cswannellrq@booking.com,597-476-5082
Eveline,Schade,Almeria,03/31/1963,Philippines,eschaderr@webs.com,639-640-5183
