first_name,last_name,birth_place,birth_date,country_living_in,email,phone
Sabine,Bosenworth,San José,25.05.1995,Costa Rica,sbosenworth0@livejournal.com,+506-465-833-3375
Fredra,Dani,Barr,29.01.1957,France,fdani1@mac.com,+33-622-101-5700
Ernst,McKeggie,Glondong,17.03.1970,Indonesia,emckeggie2@ed.gov,+62-823-484-6402
Tammie,Goymer,Święciechowa,05.09.1990,Poland,tgoymer3@si.edu,+48-128-320-8398
Vikky,Stonelake,Sampagar,05.10.1968,Philippines,,+63-876-782-0771
Lou,Wyrill,Goúrnes,19.02.1952,Greece,lwyrill5@sohu.com,+30-195-752-2286
Angelique,Reitenbach,Aygavan,17.04.1985,Armenia,areitenbach6@wordpress.org,+374-368-560-9501
Dag,Ibbetson,Tuapse,04.09.1974,Russia,dibbetson7@paginegialle.it,+7-553-524-0569
Liza,Bly,Lachowice,14.05.1987,Poland,lbly8@senate.gov,+48-219-374-8851
Pierette,Gatley,Rivière-du-Loup,08.08.1976,Canada,,+1-580-678-7248
Ilysa,Bischop,Pasirputih,10.12.1976,Indonesia,ibischopa@goodreads.com,+62-802-756-0869
Myrah,McDavitt,Macau,21.04.1988,Brazil,mmcdavittb@gmpg.org,+55-123-290-4560
May,Sofe,Nuradilovo,09.03.1989,Russia,msofec@yahoo.co.jp,+7-679-435-2450
Ashil,Gooke,Usman’,27.10.1956,Russia,,+7-500-953-6022
Hammad,Nana,Rivière-du-Loup,31.03.1961,Canada,hnanae@sogou.com,+1-409-118-2199
Helyn,Goodere,Pingshui,12.04.1978,China,hgooderef@mozilla.com,+86-598-118-9387
Cornelle,Munslow,Kayunga,27.02.1955,Uganda,cmunslowg@toplist.cz,+256-352-828-5187
Arlen,Shand,Naguanagua,17.02.1972,Venezuela,ashandh@kickstarter.com,+58-171-853-1331
Camila,Frain,Pali,26.02.1960,Indonesia,cfraini@lycos.com,+62-133-584-7284
Cristin,Henrie,Jönköping,05.11.1953,Sweden,chenriej@chron.com,+46-276-391-4660
Jaquith,Hawksworth,Nowy Dwór Mazowiecki,05.10.1973,Poland,jhawksworthk@census.gov,+48-822-811-2533
Gusti,Rubinivitz,Longde Chengguanzhen,09.04.1966,China,grubinivitzl@salon.com,+86-671-840-9028
Rafe,Jaggs,Chengjiang,27.12.1965,China,rjaggsm@t-online.de,+86-775-819-9852
Nero,Dowzell,,,,ndowzelln@nymag.com,
Maje,Jelphs,Armamar,21.03.1969,Portugal,mjelphso@csmonitor.com,+351-166-947-6735
Helsa,Mereweather,Simimbaan,02.07.1974,Philippines,hmereweatherp@oracle.com,+63-969-734-7295
Gertrudis,Purviss,San Lucas Tolimán,22.02.1963,Guatemala,gpurvissq@opera.com,+502-457-903-3268
Lilia,Bray,Kotatengah,28.04.1970,Indonesia,,+62-948-837-7292
Arleyne,Wadge,,,,awadges@is.gd,
Corabelle,Hollyman,Lubu,20.08.1961,China,,+86-119-443-2239
Parry,Pranger,Jamaica,27.02.1969,United States,pprangeru@youtu.be,+1-212-545-6685
Armin,Nornasell,Beylagan,01.11.1999,Azerbaijan,,+994-536-233-7397
Dionis,Glandon,,,,,
Gavan,Skalls,Al Maţarīyah,18.10.1962,Egypt,gskallsx@digg.com,+20-945-446-5881
Willette,O'Cleary,Kalisari,02.02.1989,Indonesia,,+62-204-415-4284
Dasi,Tadd,San Miguel,31.05.1965,Costa Rica,dtaddz@fotki.com,+506-294-957-5853
Eadith,Deveral,Tongjin,17.08.1994,South Korea,edeveral10@arstechnica.com,+82-424-902-5501
Preston,Dymott,Albany,11.05.1993,United States,pdymott11@constantcontact.com,+1-518-833-7288
Anna,Bust,Pastores,14.06.1998,Guatemala,,+502-460-346-7635
Eulalie,Van Waadenburg,San Isidro,24.10.1977,Mexico,evanwaadenburg13@webeden.co.uk,+52-856-484-0854
Terrel,Attoe,Banes,25.05.1976,Cuba,tattoe14@netscape.com,+53-793-477-8542
Kendre,Pilgrim,Sumilao,24.04.1991,Philippines,kpilgrim15@nationalgeographic.com,+63-472-301-9640
Georgine,Pitkins,Dongxi,23.12.1967,China,gpitkins16@pcworld.com,+86-497-157-2705
Steve,Joyner,Karlskrona,31.01.1988,Sweden,sjoyner17@noaa.gov,+46-901-313-4849
Jim,Cleare,Haibara,05.06.1988,Japan,jcleare18@ustream.tv,+81-227-434-2643
Kain,Mutton,Pereiras,12.06.1996,Portugal,kmutton19@feedburner.com,+351-231-404-8897
Daria,Beeze,Dongshangen,31.07.1979,China,dbeeze1a@patch.com,+86-960-357-2657
Allayne,Emmott,Ban Mai,17.10.1979,Thailand,aemmott1b@google.co.uk,+66-297-116-9351
Cobbie,Shergold,Bokani,16.10.1978,Nigeria,cshergold1c@dmoz.org,+234-467-264-7364
Lyon,D'Aulby,Les Clayes-sous-Bois,10.05.1999,France,ldaulby1d@google.it,+33-166-260-8192
Trstram,Rides,Wińsko,23.11.1958,Poland,trides1e@spotify.com,+48-955-389-3051
Lissie,Gulc,Lage,29.04.1967,Portugal,lgulc1f@hibu.com,+351-965-991-9775
Chrissie,Fahy,,,,cfahy1g@engadget.com,
Gabriel,Chimienti,,,,gchimienti1h@joomla.org,
Seline,Bellows,Abū Tīj,13.12.1983,Egypt,,+20-119-140-8884
Robina,MacUchadair,Cisiih,30.12.1976,Indonesia,rmacuchadair1j@bbb.org,+62-408-497-7305
Ronald,Wetter,Marihatag,17.09.1997,Philippines,rwetter1k@intel.com,+63-397-661-1414
Reginald,Wheelton,Pereyaslav-Khmel’nyts’kyy,27.05.1957,Ukraine,rwheelton1l@prnewswire.com,+380-464-992-3055
Ossie,Lydiard,Paris 20,22.06.1951,France,olydiard1m@apple.com,+33-402-884-9370
Lanita,Bazoge,Matsumoto,26.02.1955,Japan,lbazoge1n@google.de,+81-520-951-2298
Kiri,Leddy,Shuangjiang,27.08.1991,China,kleddy1o@ucoz.com,+86-405-857-3209
Rora,Beilby,,,,rbeilby1p@sbwire.com,
Frannie,Alpe,Örebro,18.01.1991,Sweden,falpe1q@is.gd,+46-362-661-1763
Arabel,Wink,Jiaotang,09.09.1970,China,awink1r@zdnet.com,+86-292-151-8286
Brooke,Bever,Waishan,12.07.1977,China,,+86-173-196-1467
Kaiser,McIlwain,Kansas City,11.03.1958,United States,kmcilwain1t@bloomberg.com,+1-816-937-8756
Blanche,Waberer,Dongsheng,01.06.1961,China,bwaberer1u@instagram.com,+86-935-368-1118
Antin,Simonassi,Qaţanah,03.09.1988,Palestinian Territory,asimonassi1v@disqus.com,+970-116-349-0306
Rafael,Reeks,Huoqiu Chengguanzhen,22.01.1953,China,rreeks1w@yahoo.co.jp,+86-760-702-4273
Lena,Aindrais,Gaimán,01.08.1989,Argentina,laindrais1x@storify.com,+54-864-177-1485
Seline,Bockings,Laventure,09.09.1955,Mauritius,sbockings1y@mapy.cz,+230-738-358-7245
Eran,Rylatt,,,,erylatt1z@amazon.co.jp,
Cecilla,Colquit,Limoges,06.07.1964,France,ccolquit20@diigo.com,+33-489-301-4670
Marketa,Matushevich,Khust,05.10.1956,Ukraine,mmatushevich21@state.gov,+380-779-834-5638
Nixie,Duhig,Venado Tuerto,27.03.1972,Argentina,nduhig22@ox.ac.uk,+54-918-864-4903
Ilyse,Ovenden,Benito Juarez,22.09.1964,Mexico,iovenden23@slideshare.net,+52-474-674-7326
Gustave,Halley,Houston,17.08.1955,United States,ghalley24@sohu.com,+1-281-465-3478
Zacharia,Arends,Xijiang,13.04.1983,China,zarends25@umich.edu,+86-912-929-2867
Madella,Cinderey,Meaux,15.01.1991,France,,+33-665-693-4281
Bren,Glewe,San Carlos de Bolívar,20.04.1974,Argentina,bglewe27@squarespace.com,+54-101-870-9228
Cassondra,Blenkinsopp,Banjaranyar,01.06.1970,Indonesia,cblenkinsopp28@mlb.com,+62-457-491-3796
Dugald,Pidgeley,Damaying,06.10.1960,China,dpidgeley29@sina.com.cn,+86-388-544-8799
Devy,Yegorchenkov,Huangban,28.08.1981,China,,+86-952-708-2071
Brandon,Grey,Kotel’va,27.02.1996,Ukraine,,+380-690-684-6158
Tonye,Eltone,Tapayan,14.01.1988,Philippines,teltone2c@joomla.org,+63-683-637-2532
Gilberto,Djorevic,Kokopo,23.06.1996,Papua New Guinea,gdjorevic2d@ovh.net,+675-893-941-9147
Imogen,Stroban,,,,istroban2e@histats.com,
Skipp,Haggarth,Zhuxi,03.05.1992,China,,+86-149-749-2019
Lorena,Gerasch,Bugembe,01.01.1953,Uganda,,+256-851-809-1720
Erny,Gaskin,Novopokrovskaya,01.07.1957,Russia,egaskin2h@sphinn.com,+7-213-910-6226
Ely,Bore,Bilopillya,07.09.1994,Ukraine,ebore2i@topsy.com,+380-583-916-7960
Delmore,Luna,Uenohara,20.01.1990,Japan,dluna2j@geocities.jp,+81-690-207-0887
Bourke,Whitcomb,Boje,04.11.1997,Nigeria,bwhitcomb2k@yellowpages.com,+234-862-333-0667
Ingeberg,Piotr,Mocoa,28.09.1994,Colombia,,+57-949-847-4501
Skipp,Binge,Vila Franca de Xira,02.12.1956,Portugal,sbinge2m@shutterfly.com,+351-343-953-7755
Gabriele,Bulteel,Anhai,27.10.1994,China,gbulteel2n@squarespace.com,+86-125-102-8445
Thain,Dunbleton,Árgos,21.11.1966,Greece,tdunbleton2o@dyndns.org,+30-617-257-7511
Kassey,Basset,Bashtanka,04.12.1993,Ukraine,kbasset2p@howstuffworks.com,+380-200-653-2176
Hazel,Testo,San Buenaventura,01.01.1972,Honduras,htesto2q@github.com,+504-140-901-6084
Gaynor,Amaya,,,,gamaya2r@vk.com,
Yelena,Stockney,Had Kourt,14.08.1957,Morocco,ystockney2s@diigo.com,+212-408-262-0552
Rhoda,Mulberry,Mogilany,18.01.1998,Poland,rmulberry2t@salon.com,+48-319-466-7080
Trisha,Wimlett,Zeguo,04.04.1965,China,twimlett2u@goo.gl,+86-570-856-4534
Inga,Dorkens,Kristianstad,01.06.1982,Sweden,idorkens2v@vistaprint.com,+46-463-190-9044
Masha,Hedlestone,,,,mhedlestone2w@nih.gov,
Jonah,Tuff,Dabaozi,13.10.1990,China,jtuff2x@list-manage.com,+86-325-883-5303
Marillin,Pairpoint,Nzeto,18.01.1953,Angola,,+244-230-702-3354
Jodie,Vlies,Port Barton,17.09.1978,Philippines,jvlies2z@admin.ch,+63-584-149-5140
Waldon,Kellough,Bayt Wazan,05.10.1965,Palestinian Territory,wkellough30@unicef.org,+970-185-149-9532
Jacintha,Culwen,Hongqi,21.03.1993,China,jculwen31@ebay.co.uk,+86-601-859-6373
Samuele,Munford,Al Qardāḩah,04.01.1959,Syria,smunford32@wix.com,+963-477-368-6707
Anson,Strutley,T’ianet’i,16.03.1985,Georgia,astrutley33@mlb.com,+995-213-370-4186
Mame,Giraudo,Xixi,07.08.1968,China,mgiraudo34@infoseek.co.jp,+86-298-223-5547
Rhody,Stevens,Kara-Balta,14.09.1962,Kyrgyzstan,rstevens35@elegantthemes.com,+996-496-637-4274
Lindy,Pattrick,Stamboliyski,27.05.1959,Bulgaria,lpattrick36@hp.com,+359-754-494-2137
Lorry,Collman,Calaba,31.07.1972,Philippines,lcollman37@yahoo.co.jp,+63-442-530-4844
Galina,Morrish,Bandaran,19.10.1974,Indonesia,gmorrish38@is.gd,+62-938-250-3638
Odell,Koppeck,Berlin,22.04.1968,Germany,okoppeck39@unc.edu,+49-321-379-1452
Keir,Carrivick,Usarin,16.05.1955,Palestinian Territory,kcarrivick3a@amazonaws.com,+970-434-756-5354
Trescha,Horsley,Sanbaishan,05.02.1989,China,thorsley3b@miitbeian.gov.cn,+86-946-301-1159
Rosita,Moult,Mainque,22.05.1994,Argentina,rmoult3c@telegraph.co.uk,+54-497-594-1531
Cherice,Greatbanks,Mataigou,30.09.1968,China,cgreatbanks3d@vkontakte.ru,+86-445-649-2989
Kimmie,Lehmann,Waihi,24.10.1992,New Zealand,klehmann3e@unblog.fr,+64-355-761-4798
Kevan,Derisly,Mitú,31.01.1994,Colombia,kderisly3f@jiathis.com,+57-894-125-4995
Lebbie,Milbourne,Bestala,26.05.1998,Indonesia,lmilbourne3g@ameblo.jp,+62-956-550-5970
Basia,Gormley,Xianghua,19.01.1987,China,bgormley3h@netlog.com,+86-405-308-2007
Helsa,Cartmel,Waingapu,19.06.1980,Indonesia,hcartmel3i@twitpic.com,+62-254-862-0365
Gretchen,Melin,Smiřice,01.08.1987,Czech Republic,,+420-249-369-5180
Zachary,Saggs,Xankandi,29.09.1952,Azerbaijan,zsaggs3k@latimes.com,+994-848-665-6212
Mureil,Lancetter,Comitancillo,13.01.1966,Guatemala,mlancetter3l@unblog.fr,+502-207-413-5786
Chrysa,Truesdale,Al Manzilah,03.10.1993,Egypt,ctruesdale3m@canalblog.com,+20-158-197-5527
Olympie,Rispen,Novokayakent,27.01.1954,Russia,orispen3n@wikimedia.org,+7-216-883-5724
Ellie,Buckles,Cosne-Cours-sur-Loire,10.05.1974,France,ebuckles3o@wp.com,+33-646-725-5340
Megen,Pettegree,Kizema,02.10.1971,Russia,mpettegree3p@plala.or.jp,+7-589-735-6536
Tommy,Toft,Ani-e,23.02.1953,Philippines,ttoft3q@slate.com,+63-566-840-3340
Dodie,Chilvers,,,,dchilvers3r@rakuten.co.jp,
Demetri,Maharey,Pinhais,30.08.1956,Brazil,dmaharey3s@kickstarter.com,+55-800-142-3893
Ibby,Blonfield,Hongtian,26.03.1962,China,iblonfield3t@amazon.co.jp,+86-449-139-8235
Johanna,Galia,Maguyam,20.04.1981,Philippines,jgalia3u@xrea.com,+63-305-180-8269
Margaretta,Shilburne,Haruai,20.10.1974,Indonesia,mshilburne3v@alexa.com,+62-127-608-4162
Onofredo,Fazackerley,Echeng,29.12.1976,China,ofazackerley3w@naver.com,+86-373-528-8737
Bobbie,Klassman,Guixi,09.07.1972,China,bklassman3x@guardian.co.uk,+86-651-119-4759
Lucien,Baudassi,Runan,06.09.1959,China,lbaudassi3y@bigcartel.com,+86-167-462-2656
Camella,Cogdon,Kudus,16.02.1991,Indonesia,ccogdon3z@dailymail.co.uk,+62-918-942-5837
Hope,Niche,Albertville,06.01.1954,France,,+33-502-904-2607
Betteanne,Torpie,Nianpan,13.03.1980,China,,+86-916-577-8583
Anders,Galbreth,Singapore,13.08.1977,Singapore,,+65-824-161-2976
Miof mela,Hensmans,Al Madīd,03.08.1956,Yemen,mhensmans43@tumblr.com,+967-333-790-7043
Maddy,O'Mailey,Tubungan,04.02.1955,Philippines,momailey44@tuttocitta.it,+63-910-421-0566
Devlin,Lundberg,Novyy Oskol,10.02.1987,Russia,dlundberg45@princeton.edu,+7-444-811-2229
Gayleen,Macvain,Knurów,25.02.1963,Poland,gmacvain46@huffingtonpost.com,+48-805-519-9999
Darcy,Pettitt,Stetseva,16.05.1979,Ukraine,dpettitt47@businesswire.com,+380-704-742-2418
North,Surguine,London,09.02.1982,United Kingdom,nsurguine48@godaddy.com,+44-995-383-6920
Giustina,Gibbard,Simpang Ulim,26.06.1965,Indonesia,,+62-323-406-4962
Harrietta,Trewett,Xinqiaohe,08.07.1950,China,htrewett4a@bandcamp.com,+86-141-304-4830
Vern,Fardo,Porvoo,07.08.1976,Finland,,+358-613-893-5925
Alonso,Kondratenya,Kladruby,29.03.1995,Czech Republic,akondratenya4c@tinypic.com,+420-710-513-5673
Kariotta,Redsall,Gamboula,27.09.1994,Central African Republic,kredsall4d@tamu.edu,+236-116-900-0789
Merill,Yukhin,Memaliaj,18.10.1997,Albania,,+355-716-596-8940
Maighdiln,Brannon,Wahawaha,12.01.1950,Indonesia,mbrannon4f@wikipedia.org,+62-112-358-0467
Ladonna,Claeskens,New York City,18.12.1996,United States,lclaeskens4g@ucla.edu,+1-212-452-4509
Gasper,Guare,Gwangjeok,21.07.1990,South Korea,gguare4h@lulu.com,+82-985-317-2325
Martita,Vayne,Kstovo,17.06.1981,Russia,,+7-649-102-7841
Olympia,Dimeloe,Cardal,02.05.1998,Uruguay,odimeloe4j@istockphoto.com,+598-766-120-8864
Kipp,Bryan,Mehona,30.08.1971,Indonesia,kbryan4k@ihg.com,+62-168-170-4183
Teresina,Dollen,Bromma,16.05.1965,Sweden,tdollen4l@i2i.jp,+46-507-145-0315
Ilene,Cowup,Lluka e Eperme,23.08.1970,Kosovo,icowup4m@mediafire.com,+383-487-332-6407
Susie,Bere,Antrukan,04.04.1962,Indonesia,sbere4n@vinaora.com,+62-213-893-8058
Carolynn,Goodsall,Oof,24.09.1950,Indonesia,cgoodsall4o@so-net.ne.jp,+62-110-610-1977
Michele,Duester,Murun-kuren,08.09.1977,Mongolia,mduester4p@cnbc.com,+976-891-665-0481
Aleksandr,Drissell,Lenchwe Le Tau,27.05.1996,Botswana,adrissell4q@issuu.com,+267-281-862-8474
Hazel,Tims,Guadalupe,22.01.1988,Mexico,htims4r@comsenz.com,+52-394-251-6797
Cass,Galle,Salem,23.02.1969,Indonesia,,+62-886-441-8445
Antin,Broseman,Bualu,01.06.1970,Indonesia,abroseman4t@hexun.com,+62-352-936-6974
Chris,Worton,Shaami-Yurt,16.08.1996,Russia,cworton4u@bandcamp.com,+7-625-773-5060
Eleonore,Pecht,Santo Domingo,07.09.1991,Philippines,epecht4v@huffingtonpost.com,+63-306-959-8229
Sada,Royl,Nanga Eboko,10.02.1974,Cameroon,,+237-346-745-7008
Cristen,Smallbone,Lowotukan,03.11.1951,Indonesia,,+62-402-583-7479
Vernice,Grayling,Montpellier,29.06.1973,France,vgrayling4y@cnet.com,+33-306-415-3327
Colet,Emerson,Duwaktenggi,22.06.1955,Indonesia,cemerson4z@blogtalkradio.com,+62-764-773-6599
Dacey,Tinn,Stare Pole,06.04.1962,Poland,dtinn50@twitter.com,+48-319-984-5493
Ernest,Raleston,Sumberpitu,27.09.1967,Indonesia,,+62-208-791-4917
Filmore,Filshin,Normandin,22.05.1958,Canada,ffilshin52@taobao.com,+1-918-168-9883
Karoly,Monson,Singojuruh,25.08.1996,Indonesia,kmonson53@columbia.edu,+62-938-353-9538
Corbin,Delwater,Tuban,13.07.1964,Philippines,,+63-376-729-2782
Trey,Astlatt,Mangga Dua,05.01.1959,Indonesia,tastlatt55@howstuffworks.com,+62-719-759-6169
Marabel,Ainslie,Youludu Sibage,20.06.1976,China,mainslie56@canalblog.com,+86-898-974-2573
Leelah,Busain,Dame-Marie,22.10.1978,Haiti,lbusain57@altervista.org,+509-944-835-9375
Lynne,Crookes,Duas Igrejas,20.06.1973,Portugal,lcrookes58@comsenz.com,+351-458-330-5787
Donnie,Ianittello,Rudnichnyy,21.09.1957,Russia,dianittello59@list-manage.com,+7-163-878-1496
Ignaz,Hendrickx,Tha Tako,11.03.1967,Thailand,ihendrickx5a@addthis.com,+66-598-471-3281
Adah,Cluelow,Isak,07.06.1968,Indonesia,acluelow5b@privacy.gov.au,+62-223-442-9440
Aaren,Eck,Kanigorokrajan,12.05.1954,Indonesia,aeck5c@domainmarket.com,+62-919-450-6203
Alexandrina,Ogglebie,Kasama,30.11.1984,Zambia,aogglebie5d@issuu.com,+260-976-734-2588
Terri-jo,Greenier,Palkovice,21.05.1962,Czech Republic,,+420-176-529-5689
Fernande,Aronow,Lingbeizhou,02.12.1986,China,faronow5f@sourceforge.net,+86-604-742-3774
Mike,Bendle,Guanting,11.02.1972,China,,+86-822-716-5867
Gregorius,Moore,Novosel’ye,21.05.1979,Belarus,,+375-768-394-2728
Meredith,Simmon,Manhiça,27.07.1973,Mozambique,msimmon5i@bloglines.com,+258-158-750-6771
Nathalia,Dentith,Pljevlja,26.01.1999,Montenegro,ndentith5j@discuz.net,+382-630-182-5227
Merv,Danskine,Jinzhou,14.02.1956,China,mdanskine5k@patch.com,+86-714-544-6200
Kleon,Sands-Allan,Venta,07.11.1956,Lithuania,ksandsallan5l@nhs.uk,+370-820-725-0788
Porter,Roistone,Ladushkin,03.02.1985,Russia,proistone5m@ezinearticles.com,+7-214-268-7112
Sena,Louw,Santo Niño,08.06.1959,Philippines,slouw5n@goodreads.com,+63-223-280-5379
Giulio,Paolone,Józefów,25.07.1968,Poland,gpaolone5o@reverbnation.com,+48-986-365-4934
Hilda,Poynser,Pogórze,02.09.1997,Poland,,+48-356-600-5410
Felita,Stagg,Sumberpinang Satu,30.08.1965,Indonesia,,+62-420-544-2082
Glenda,Mahaddie,Faya-Largeau,30.11.1981,Chad,gmahaddie5r@weibo.com,+235-528-113-7798
Lenard,Boykett,Skhodnya,30.11.1950,Russia,lboykett5s@dailymail.co.uk,+7-679-459-3691
Gayle,Blune,Det Udom,03.02.1986,Thailand,gblune5t@bloglovin.com,+66-804-187-1005
Tammy,Forward,Goya,03.10.1978,Argentina,tforward5u@fotki.com,+54-434-317-7104
Lyndell,Pringley,Sanxi,10.09.1972,China,lpringley5v@creativecommons.org,+86-310-528-0425
Candace,Hatwell,Trudovoye,09.09.1962,Russia,chatwell5w@whitehouse.gov,+7-671-126-3787
Verney,Bunson,Saguenay,19.01.1983,Canada,vbunson5x@tiny.cc,+1-209-950-3438
Sydney,Witheford,Hashtpar,27.01.1960,Iran,switheford5y@un.org,+98-469-677-5407
Hubie,Blaydes,Qingu,04.01.1950,China,hblaydes5z@apache.org,+86-140-951-3219
Carver,Dennison,Nsanje,22.12.1958,Malawi,cdennison60@multiply.com,+265-396-755-1844
Etheline,Lefort,Belo Blato,17.05.1986,Serbia,,+381-281-125-7499
Vania,Altoft,Dalianhe,24.07.1977,China,valtoft62@mapy.cz,+86-195-557-4747
Anya,Cowles,Chendian,07.06.1993,China,,+86-653-535-6146
Jayson,Brindle,Kaduheuleut,17.01.1988,Indonesia,,+62-165-183-9943
Colet,Avraham,Venustiano Carranza,12.11.1973,Mexico,cavraham65@netvibes.com,+52-953-115-0673
Klarrisa,Trawin,San Luis,14.05.1982,Guatemala,,+502-153-100-7710
Rafael,Mattheis,Hlusk,06.10.1990,Belarus,rmattheis67@princeton.edu,+375-106-971-5645
Willey,Selkirk,Saint-Quentin-en-Yvelines,13.06.1993,France,wselkirk68@cmu.edu,+33-587-879-5866
Kathrine,Colley,Xianning,16.01.1975,China,kcolley69@elegantthemes.com,+86-256-547-5574
Mallory,Lauritsen,Maguwon,21.02.1989,Indonesia,mlauritsen6a@gmpg.org,+62-654-374-6825
Cindelyn,Sperring,Aracruz,03.12.1951,Brazil,csperring6b@answers.com,+55-183-166-6612
Angelica,Lenormand,Xiangjiazhai,27.08.1989,China,alenormand6c@webnode.com,+86-351-906-2567
Graehme,Leebeter,Peza e Madhe,02.03.1953,Albania,gleebeter6d@example.com,+355-629-981-5593
Janis,Hallard,pamas,22.04.1972,Iran,jhallard6e@ifeng.com,+98-292-679-4430
Roderick,Ickovicz,Nanling,04.05.1962,China,,+86-945-906-7730
Kristien,Woods,Calle Blancos,27.05.1982,Costa Rica,,+506-187-232-5891
Sven,Heinert,Baomin,21.06.1962,China,,+86-822-478-9579
Agosto,Hissett,,,,ahissett6i@ucla.edu,
Veronika,Bautiste,Pinhal Novo,17.05.1968,Portugal,vbautiste6j@cdc.gov,+351-630-479-1260
Marieann,Flukes,Xumai,26.06.1979,China,,+86-954-118-4394
Trudy,Bent,Torbeyevo,07.11.1952,Russia,tbent6l@dagondesign.com,+7-664-556-5212
Shelagh,Searle,Trollhättan,01.07.1966,Sweden,,+46-614-847-8761
Rachele,Novotna,Dungkek Laok,13.06.1963,Indonesia,rnovotna6n@slashdot.org,+62-258-903-4674
Julieta,Karel,Huangze,13.08.1991,China,jkarel6o@chronoengine.com,+86-442-802-4369
Thor,Stretton,Pavlovka,29.07.1968,Russia,tstretton6p@jimdo.com,+7-364-278-0432
Mariel,Gillio,Baoxu,14.05.1969,China,mgillio6q@scribd.com,+86-412-987-7048
Malorie,Liverseege,Krasnoznamensk,16.09.1985,Russia,mliverseege6r@gnu.org,+7-630-469-4168
Doti,Whiffin,Druzhny,29.03.1956,Belarus,dwhiffin6s@themeforest.net,+375-449-788-1771
Maible,McKeeman,Cibanten,26.03.1960,Indonesia,mmckeeman6t@yahoo.com,+62-125-178-2494
Selestina,Louden,Ténenkou,26.08.1969,Mali,slouden6u@auda.org.au,+223-685-311-7435
Marchelle,Spellacey,Padurung,04.01.1976,Indonesia,mspellacey6v@joomla.org,+62-477-533-0185
Nevin,Whipp,Amirdzhan,07.02.1986,Azerbaijan,nwhipp6w@rakuten.co.jp,+994-133-897-0676
Melisa,Delgua,Camino Real,24.02.1959,Mexico,mdelgua6x@youtube.com,+52-486-101-0683
Nobie,Scrymgeour,Pengembur Dua,10.10.1961,Indonesia,nscrymgeour6y@twitpic.com,+62-663-204-8128
Amber,Pedrick,Magway,26.10.1971,Myanmar,apedrick6z@samsung.com,+95-858-342-7780
Ezra,Trenouth,Chak Two Hundred Forty-Nine TDA,24.02.1990,Pakistan,etrenouth70@dedecms.com,+92-673-843-4547
Michale,Joyson,Datang,22.03.1968,China,mjoyson71@home.pl,+86-269-783-2201
Art,Chivrall,Gorzyce,21.11.1993,Poland,achivrall72@mac.com,+48-289-668-7335
Staci,De Blasiis,Shuyuan Zhen,27.08.1971,China,sdeblasiis73@opensource.org,+86-104-841-4254
Wait,Amiable,Taraš,04.01.1983,Serbia,wamiable74@squidoo.com,+381-959-582-7168
Fenelia,Zimmerman,Grimstad,29.06.1970,Norway,fzimmerman75@smugmug.com,+47-498-303-0744
Rudolf,Denham,Kirkton,23.07.1978,United Kingdom,rdenham76@github.io,+44-631-954-8368
Stillmann,Habbin,Cullinan,16.10.1988,South Africa,,+27-444-400-1105
Fredrika,Johncey,Notre Dame,11.06.1982,Mauritius,fjohncey78@timesonline.co.uk,+230-122-464-2191
Jasun,Tack,Douane,25.04.1982,Tunisia,jtack79@timesonline.co.uk,+216-865-111-3336
Reine,Wooffitt,Haunubenak,31.12.1995,Indonesia,rwooffitt7a@e-recht24.de,+62-145-353-0890
Koressa,Jesson,Karonga,30.07.1959,Malawi,kjesson7b@miitbeian.gov.cn,+265-127-497-0991
Denny,MacGuiness,San Remigio,15.05.1964,Philippines,dmacguiness7c@businessinsider.com,+63-126-799-9922
Adelind,Keitley,Hoolt,17.09.1974,Mongolia,akeitley7d@nbcnews.com,+976-709-105-4356
Jessie,Cross,Przemęt,25.02.1981,Poland,jcross7e@princeton.edu,+48-330-553-8869
Wyatan,Linnemann,Micheng,14.02.1993,China,wlinnemann7f@merriam-webster.com,+86-205-111-4704
Wally,Mollon,Keffin Hausa,01.07.1992,Nigeria,wmollon7g@ca.gov,+234-616-189-7151
Padriac,Dumphries,Kameoka,27.04.1972,Japan,pdumphries7h@bloglines.com,+81-197-409-7918
Kerrin,Aleavy,Panino,25.12.1978,Russia,kaleavy7i@va.gov,+7-426-966-4855
Baxy,Casali,Fangxiang,15.05.1959,China,,+86-555-179-7214
Claire,Fruin,Mizhhir’ya,06.12.1991,Ukraine,cfruin7k@oaic.gov.au,+380-178-432-7770
Pooh,Baumert,Taishang,18.08.1960,China,pbaumert7l@imgur.com,+86-457-502-4016
Almeria,McCook,Yantian,27.07.1989,China,amccook7m@redcross.org,+86-310-421-9629
Loreen,Gilliver,Skärholmen,09.01.1999,Sweden,lgilliver7n@nyu.edu,+46-476-992-3992
Ruth,Banaszczyk,Rawasan,20.05.1955,Indonesia,rbanaszczyk7o@weibo.com,+62-109-633-5858
Barn,Redsall,Néa Róda,20.09.1972,Greece,bredsall7p@illinois.edu,+30-366-475-9636
Tibold,Tutton,Luleå,16.07.1998,Sweden,ttutton7q@wikispaces.com,+46-583-687-5945
Cissiee,Howsin,Ust’-Ilimsk,12.07.1951,Russia,chowsin7r@homestead.com,+7-155-750-8729
Sherwin,Issatt,Hwange,29.01.1965,Zimbabwe,sissatt7s@intel.com,+263-244-327-9071
Jan,Schroeder,Menzel Abderhaman,13.09.1980,Tunisia,,+216-902-788-1446
Aundrea,Stoddard,Vladimir,02.12.1998,Russia,astoddard7u@utexas.edu,+7-372-151-0013
Bartholemy,Giacobo,El Paso,14.08.1954,United States,bgiacobo7v@nasa.gov,+1-915-700-6868
Madelina,Millar,Alegre,12.08.1978,Brazil,,+55-660-372-3267
Bond,Taillard,Anto,05.07.1973,Indonesia,btaillard7x@pagesperso-orange.fr,+62-241-532-4293
Hastings,Eatock,Žleby,05.02.1991,Czech Republic,heatock7y@ebay.co.uk,+420-505-328-2811
Nara,Moorcraft,Thanh Xuân,24.09.1976,Vietnam,nmoorcraft7z@addtoany.com,+84-389-273-9619
Lissa,Larvent,Gigant,21.07.1993,Russia,llarvent80@eepurl.com,+7-512-861-8570
Margeaux,McGorley,Krajanbonjor,16.11.1974,Indonesia,mmcgorley81@csmonitor.com,+62-237-283-7219
Edouard,Caslake,San Francisco,08.12.1997,Philippines,ecaslake82@ning.com,+63-186-216-6690
Freddie,Geraudy,Yongtai,18.11.1959,China,fgeraudy83@ihg.com,+86-581-498-9378
Cinnamon,Dalley,Jermenovci,10.08.1974,Serbia,cdalley84@e-recht24.de,+381-748-434-8335
Izak,Pearn,Guzhuyingzi,20.09.1986,China,ipearn85@apple.com,+86-147-196-4995
Obadias,Gunda,Kantyshevo,27.06.1984,Russia,ogunda86@usda.gov,+7-631-364-1999
Ewan,Pitrollo,Jabon,11.10.1955,Indonesia,,+62-605-672-8652
Nikolas,Doyland,Narva,03.06.1967,Estonia,ndoyland88@mtv.com,+372-399-434-2769
Tamiko,Beebis,Zhulin,06.02.1997,China,tbeebis89@imdb.com,+86-927-335-4017
Barnebas,Frotton,Brunflo,26.11.1992,Sweden,bfrotton8a@about.com,+46-741-176-1390
Tobi,Cassley,Palangan,29.11.1967,Indonesia,tcassley8b@nydailynews.com,+62-811-786-1746
Esma,Orpen,Carmo do Paranaíba,03.01.1995,Brazil,eorpen8c@weather.com,+55-319-226-2727
Salomone,Yukhov,Cergy-Pontoise,21.08.1979,France,syukhov8d@acquirethisname.com,+33-826-665-4079
Carmelle,MacHoste,Chyňava,06.02.1964,Czech Republic,,+420-903-779-4116
Lanny,Llewhellin,,,,lllewhellin8f@deliciousdays.com,
Cornelius,Herrema,Yulong,28.10.1975,China,,+86-760-534-7929
Hirsch,Wale,Madoi,19.07.1990,China,hwale8h@weebly.com,+86-596-223-7829
Abner,Scarasbrick,,,,ascarasbrick8i@jugem.jp,
Marja,Kleszinski,Kassel,23.02.1984,Germany,mkleszinski8j@ca.gov,+49-308-282-6556
Udall,Domniney,Thị Trấn Bắc Hà,22.11.1958,Vietnam,udomniney8k@wikimedia.org,+84-329-269-0057
Jaclin,Weldrake,Xiaolin,27.12.1953,China,jweldrake8l@hatena.ne.jp,+86-644-104-5023
Mamie,Anfusso,Machetá,17.09.1994,Colombia,manfusso8m@stanford.edu,+57-312-956-5044
Codi,Washington,Santa,02.01.1957,Peru,cwashington8n@chron.com,+51-668-980-1698
Philbert,Pidgeley,,,,ppidgeley8o@ebay.co.uk,
Deanne,Safell,Ndofane,05.05.1992,Senegal,dsafell8p@samsung.com,+221-107-142-5571
Libbie,Quiddihy,Suqu,17.02.1982,China,,+86-470-215-7193
Merissa,Juszczyk,Trondheim,12.05.1954,Norway,mjuszczyk8r@ft.com,+47-266-960-8554
Shelli,Carlesso,Montería,07.06.1980,Colombia,scarlesso8s@dropbox.com,+57-188-171-6866
Baryram,Piola,,,,,
Lexy,Allcroft,Rudnyy,26.07.1977,Kazakhstan,lallcroft8u@weather.com,+7-544-284-3104
Paxon,Gravett,Tanjung,03.12.1962,Indonesia,pgravett8v@newsvine.com,+62-796-707-4560
Ivor,Randlesome,Huaping,10.11.1971,China,irandlesome8w@google.ru,+86-313-217-2503
Carilyn,Borzoni,Donan,28.07.1992,Indonesia,cborzoni8x@w3.org,+62-108-959-7387
Antonin,Josefson,Pasacao,29.10.1992,Philippines,,+63-791-788-1799
Amber,Heatherington,,,,aheatherington8z@ucsd.edu,
Linette,Fagg,Sidi Qacem,08.05.1959,Morocco,lfagg90@apple.com,+212-338-758-9804
Jarib,Rispine,Khān Neshīn,03.04.1995,Afghanistan,jrispine91@upenn.edu,+93-515-434-4005
Gladys,McGuinley,Kotauneng,19.02.1968,Indonesia,gmcguinley92@bbb.org,+62-383-643-1661
Dolph,Wardingley,Hualong,08.12.1998,China,dwardingley93@marketwatch.com,+86-492-608-4951
Antonia,Goodredge,Ash Shuhadā’,07.02.1996,Palestinian Territory,agoodredge94@booking.com,+970-373-320-1212
Hadrian,Yendall,Lārkāna,04.12.1986,Pakistan,hyendall95@foxnews.com,+92-907-501-6926
Carce,Rabbage,Samoš,13.05.1959,Serbia,,+381-421-242-3780
Johan,Navarro,Bureya,15.10.1970,Russia,jnavarro97@google.it,+7-837-734-1999
Eziechiele,Follen,Royan,07.06.1964,France,,+33-940-979-2572
Elli,Gajewski,Tabunok,04.06.1986,Philippines,,+63-129-786-3934
Krishnah,Stanmore,Jinji,07.05.1973,China,kstanmore9a@utexas.edu,+86-932-942-9272
Ash,Duckinfield,Heka,18.10.1976,China,aduckinfield9b@tamu.edu,+86-854-171-9707
Laird,Temple,Santo Tomas,30.08.1957,Philippines,ltemple9c@ftc.gov,+63-128-575-9645
Terrell,Coltherd,Sitrah,28.10.1993,Bahrain,tcoltherd9d@g.co,+973-391-242-0433
Frannie,Skilbeck,Pining,10.11.1950,Indonesia,fskilbeck9e@e-recht24.de,+62-782-674-6264
Celestyn,Crosfeld,El Ángel,06.11.1955,Ecuador,ccrosfeld9f@sphinn.com,+593-443-213-2993
Elnar,Athridge,Toulon,29.09.1983,France,,+33-121-629-0698
Ellyn,Kimbury,Fatuulan,02.03.1965,Indonesia,,+62-958-605-0047
Remus,Croote,,,,rcroote9i@hexun.com,
Quinton,Goodrich,Krajan Alastengah,10.05.1957,Indonesia,qgoodrich9j@slashdot.org,+62-481-435-3628
Paolo,Kidner,Kasese,17.10.1987,Uganda,pkidner9k@upenn.edu,+256-119-545-3236
Margarete,Crippill,Larnaca,17.01.1983,Cyprus,mcrippill9l@abc.net.au,+357-257-677-1105
Nicolis,Macknish,Panenjoan,05.04.1973,Indonesia,nmacknish9m@scribd.com,+62-446-425-4442
Donaugh,Axford,San Vicente Centenario,26.09.1989,Honduras,daxford9n@booking.com,+504-462-969-9221
Raye,Klulik,Thị Trấn Quảng Uyên,16.08.1963,Vietnam,,+84-267-140-0566
Hall,Comusso,Saint-Denis,13.06.1998,Reunion,hcomusso9p@tamu.edu,+262-527-366-0420
Joseph,Lorenzetti,Chateaubelair,25.04.1983,Saint Vincent and the Grenadines,jlorenzetti9q@ezinearticles.com,+1-458-810-1323
Tiler,Stanfield,Guanyao,01.05.1995,China,tstanfield9r@nifty.com,+86-631-432-4263
Ibrahim,Ferrettino,Falun,22.07.1984,Sweden,iferrettino9s@weibo.com,+46-177-154-6895
Moss,Bryden,Kayukembang,16.11.1992,Indonesia,mbryden9t@weebly.com,+62-677-919-0761
Marla,Boxhill,Navariya,17.02.1984,Ukraine,mboxhill9u@patch.com,+380-322-178-6892
Scarlet,Sheber,Lumbardhi,07.03.1964,Kosovo,ssheber9v@tamu.edu,+383-567-232-3592
Tallou,Tomasi,Rassvet,06.09.1999,Russia,ttomasi9w@flickr.com,+7-244-573-0733
Ives,Hoogendorp,Sukowidodo Barat,09.02.1985,Indonesia,ihoogendorp9x@themeforest.net,+62-781-550-6275
Kerstin,Saffin,Hongping,18.06.1989,China,ksaffin9y@vinaora.com,+86-383-390-3726
Augustine,Bartzen,Tampa,04.01.1955,United States,abartzen9z@e-recht24.de,+1-813-234-8872
Desmund,Cerie,Namboongan,21.06.1962,Philippines,dceriea0@imdb.com,+63-951-796-9648
Shandra,Kowalski,Ad Darbāsīyah,06.01.1978,Syria,skowalskia1@nih.gov,+963-311-999-8024
Dionysus,Noel,Pasirpengarayan,25.05.1994,Indonesia,dnoela2@dmoz.org,+62-600-346-0149
Tasha,Bettington,Xingdian,14.03.1957,China,tbettingtona3@bigcartel.com,+86-926-246-3287
Carlen,Surmeyers,Yahotyn,30.08.1956,Ukraine,csurmeyersa4@nyu.edu,+380-639-867-0000
Benjamin,Brenton,Dongqu,12.07.1982,China,bbrentona5@google.fr,+86-957-331-7929
Stacey,Smouten,Mukun,09.03.1973,Indonesia,ssmoutena6@huffingtonpost.com,+62-686-975-1106
Gwendolin,Goff,Horgo,29.07.1971,Mongolia,,+976-847-900-2877
Aryn,Lowdes,Zubří,14.02.1974,Czech Republic,alowdesa8@google.it,+420-435-477-7899
Chickie,Ronald,El Cantón de San Pablo,17.05.1993,Colombia,cronalda9@scientificamerican.com,+57-701-846-3198
Tobi,Baltzar,Uyovu,08.10.1963,Tanzania,tbaltzaraa@friendfeed.com,+255-941-921-8421
Enrika,Biaggioni,,,,ebiaggioniab@mail.ru,
Leigh,Witnall,Accha,06.03.1951,Peru,lwitnallac@cnbc.com,+51-884-818-4483
Trenton,Cuncliffe,Anak,07.12.1957,North Korea,,+850-505-930-0971
Leyla,Houchin,Fuliang,26.11.1955,China,lhouchinae@blogger.com,+86-668-363-9508
Juditha,Kilford,Ajaccio,18.11.1970,France,jkilfordaf@chicagotribune.com,+33-992-934-9940
Roxanna,Fumagallo,Jāndiāla Sher Khān,20.03.1972,Pakistan,rfumagalloag@goo.ne.jp,+92-786-698-2390
Terri-jo,Riggoll,Cimenga,11.02.1959,Indonesia,triggollah@bbb.org,+62-820-955-7240
Jaquenetta,Hurll,Pyšely,21.05.1996,Czech Republic,jhurllai@1und1.de,+420-599-331-1666
Aubrey,Trainer,Samur,24.09.1971,Azerbaijan,atraineraj@naver.com,+994-461-255-7546
Rafaellle,Reims,Trảng Bàng,10.02.1995,Vietnam,rreimsak@oracle.com,+84-701-480-9062
Melody,Winsome,Burbank,18.04.1967,United States,mwinsomeal@miibeian.gov.cn,+1-626-479-6198
Cherise,Hastwell,Krupka,13.05.1978,Czech Republic,chastwellam@chronoengine.com,+420-350-697-4146
Helaine,Barnwill,Greenhills,02.07.1961,Ireland,hbarnwillan@nytimes.com,+353-523-365-6664
Aldis,Treeby,Khiliomódhi,03.07.1975,Greece,atreebyao@pbs.org,+30-796-960-4740
Mavis,Natwick,Gucun,12.08.1950,China,mnatwickap@nsw.gov.au,+86-616-181-4535
Gerard,Watterson,Elat,01.11.1987,Indonesia,gwattersonaq@indiegogo.com,+62-607-541-4379
Shellysheldon,Figgins,Long Hồ,29.12.1977,Vietnam,sfigginsar@creativecommons.org,+84-610-253-0380
Kandace,Joinson,Az Zawr,09.08.1970,Kuwait,,+965-775-918-5199
Georgette,Airlie,Fudian,14.12.1977,China,gairlieat@ibm.com,+86-451-316-1805
Pennie,Strattan,Czernikowo,01.10.1963,Poland,pstrattanau@fc2.com,+48-471-578-0954
Harlene,Zemler,Palanit,03.06.1953,Philippines,,+63-521-611-9066
Horacio,Iacovo,Changhua,27.07.1992,China,,+86-824-872-5504
Valentijn,Lomond,,,,vlomondax@narod.ru,
Ebenezer,Macy,Rodas,17.08.1982,Cuba,emacyay@elpais.com,+53-514-490-2385
Ogden,Shevelin,Janja,29.12.1984,Bosnia and Herzegovina,,+387-235-371-1163
Gaile,Granleese,Tebanah,22.12.1997,Indonesia,ggranleeseb0@illinois.edu,+62-329-476-4998
Marshal,Hannabuss,Boissy-Saint-Léger,13.11.1956,France,mhannabussb1@de.vu,+33-300-123-1717
Isiahi,Casaro,Ouadda,31.12.1976,Central African Republic,icasarob2@narod.ru,+236-479-143-2296
Theressa,Hillaby,Darkton,22.09.1980,Swaziland,thillabyb3@boston.com,+268-239-649-5459
Thea,Balazin,Timurlorong,17.10.1979,Indonesia,tbalazinb4@google.co.jp,+62-504-606-6586
Ruthann,Stoker,Abuyog,15.11.1995,Philippines,,+63-656-694-0945
Annice,Lambrook,Krajan Jabungcandi,21.08.1957,Indonesia,alambrookb6@i2i.jp,+62-465-938-7464
Mirabelle,Muge,Xilian,30.01.1988,China,mmugeb7@newsvine.com,+86-160-471-2995
Dale,Dangerfield,Timpas,29.09.1974,Philippines,ddangerfieldb8@hatena.ne.jp,+63-578-981-1773
Lacy,Elsegood,Kalinkavichy,13.02.1956,Belarus,lelsegoodb9@wikia.com,+375-243-936-4590
Vance,Hucknall,Pamyat’ Parizhskoy Kommuny,13.08.1998,Russia,vhucknallba@guardian.co.uk,+7-148-296-1258
Jayson,Godwyn,Roshnik,08.06.1988,Albania,jgodwynbb@symantec.com,+355-278-908-6220
Fran,Hebborne,Hīsh,09.02.1975,Syria,,+963-662-692-4870
Philbert,Fincham,Popasna,12.02.1977,Ukraine,pfinchambd@opera.com,+380-157-447-9572
Freemon,Hynard,Pendolo,28.03.1966,Indonesia,fhynardbe@businessinsider.com,+62-777-340-5307
Stanislaus,McMeanma,Thị Xã Lai Châu,29.07.1995,Vietnam,smcmeanmabf@arstechnica.com,+84-906-404-4233
Gustavus,Warrack,Vetlanda,16.05.1971,Sweden,,+46-412-405-2630
Nananne,Ladel,Neglasari,01.10.1956,Indonesia,nladelbh@bbc.co.uk,+62-518-940-4483
Garfield,Feake,Khlong Sam Wa,18.05.1960,Thailand,gfeakebi@techcrunch.com,+66-378-669-1855
Alecia,Loton,Nevers,30.10.1975,France,,+33-439-340-8149
Kasey,Cobon,Okulovka,02.01.1985,Russia,kcobonbk@ox.ac.uk,+7-820-894-7791
Holly,Bahia,Tétouan,18.06.1960,Morocco,hbahiabl@youku.com,+212-155-120-2565
Lanie,Butchers,Nangalimang,06.12.1951,Indonesia,lbutchersbm@wikimedia.org,+62-971-898-1274
Zia,Dickons,Liqizhuang,14.07.1984,China,zdickonsbn@opensource.org,+86-647-731-2718
Frankie,Geering,Santa Cruz,11.06.1961,Philippines,fgeeringbo@over-blog.com,+63-840-207-5350
Glenda,Harvett,Tawangsari,22.03.1963,Indonesia,gharvettbp@wired.com,+62-951-350-5307
Catlee,McClenan,Harderwijk,20.12.1972,Netherlands,cmcclenanbq@upenn.edu,+31-182-737-8979
Robinson,Leaning,Insrom,05.12.1958,Indonesia,rleaningbr@nhs.uk,+62-555-495-3925
Meredith,Cawley,San Antonio,27.10.1981,Mexico,,+52-439-941-9463
Bren,Sarginson,Obando,21.05.1992,Colombia,bsarginsonbt@dagondesign.com,+57-164-839-7818
Lowe,Monketon,Guankou,25.05.1955,China,lmonketonbu@boston.com,+86-103-907-9518
Iorgo,Weekly,Dongxiao,12.09.1996,China,iweeklybv@ebay.com,+86-844-460-3446
Katharina,Kellert,Xiying,19.08.1954,China,,+86-944-463-0301
Timoteo,Braizier,Mehendiganj,22.04.1962,Bangladesh,tbraizierbx@hc360.com,+880-922-796-7469
Hewett,Swalough,Nanling,08.03.1986,China,,+86-477-532-1489
Mahmud,Gillhespy,San Miguel,17.04.1972,Mexico,mgillhespybz@w3.org,+52-959-113-1216
Dorey,Farrell,Pernå,01.10.1987,Finland,dfarrellc0@ftc.gov,+358-121-371-3908
Jayme,Speake,,,,,
Remy,Denes,Guanfang,27.11.1993,China,rdenesc2@skype.com,+86-120-771-5813
Jordan,Daelman,Vanino,25.12.1975,Russia,jdaelmanc3@forbes.com,+7-850-169-0604
Elysha,Seman,Petrovsk,18.09.1953,Russia,esemanc4@army.mil,+7-294-150-1982
Filbert,Lissimore,Paso de los Libres,04.05.1952,Argentina,,+54-972-221-3486
Filmore,Benne,Wanglu Kulon,28.02.1986,Indonesia,fbennec6@hhs.gov,+62-988-910-7101
Carlin,Irce,Jambuir Timur,22.05.1994,Indonesia,circec7@weibo.com,+62-894-726-1916
Vivien,Walkey,,,,vwalkeyc8@engadget.com,
Letisha,Dawkins,Hengshanqiao,25.07.1962,China,ldawkinsc9@psu.edu,+86-620-106-5302
Eduino,Rame,Daytona Beach,07.10.1955,United States,erameca@squidoo.com,+1-386-699-2573
Kariotta,Seymark,Longwan,01.02.1966,China,kseymarkcb@studiopress.com,+86-344-160-1884
Aimil,Temblett,Ourtzagh,03.02.1967,Morocco,atemblettcc@jiathis.com,+212-138-312-3399
Justen,Merriman,Chishmy,05.12.1962,Russia,,+7-416-510-2885
Dolley,Roselli,Lutou,20.08.1976,China,drosellice@canalblog.com,+86-682-506-9635
Nanon,Dilgarno,Ahar,22.02.1994,Iran,ndilgarnocf@booking.com,+98-634-508-6026
Maggee,Mockler,Drnje,27.11.1961,Croatia,mmocklercg@economist.com,+385-515-301-0867
Ivett,Casero,Pulaukijang,17.10.1954,Indonesia,icaseroch@prlog.org,+62-108-797-0740
Timofei,Giovanni,,,,,
Morlee,Hayford,Czerwin,19.02.1967,Poland,mhayfordcj@exblog.jp,+48-660-160-1253
Vicki,Faux,‘Aşīrah al Qiblīyah,14.09.1958,Palestinian Territory,vfauxck@gnu.org,+970-460-737-0674
Sheilakathryn,Greenrodd,Koło,09.09.1989,Poland,sgreenroddcl@icq.com,+48-826-424-8056
Abbie,Falconbridge,Eira Nova,09.09.1956,Portugal,afalconbridgecm@fema.gov,+351-653-558-4990
Tabina,Weakley,Finote Selam,28.10.1969,Ethiopia,tweakleycn@nbcnews.com,+251-909-563-9980
Parsifal,Pavyer,Jiuchenggong,10.01.1975,China,ppavyerco@newsvine.com,+86-930-554-7025
Marie,Inkpen,Gaojingzhuang,30.06.1981,China,minkpencp@ihg.com,+86-985-153-9250
Jojo,Bonin,Břeclav,23.07.1966,Czech Republic,jbonincq@ifeng.com,+420-286-790-3582
Marney,Walster,Shuanglong,13.05.1972,China,mwalstercr@guardian.co.uk,+86-299-125-5667
Regine,Kerans,Lom Kao,21.01.1986,Thailand,rkeranscs@tinyurl.com,+66-481-845-4859
Spense,Bouldstridge,Luena,17.03.1973,Angola,sbouldstridgect@dyndns.org,+244-726-373-7115
Murvyn,Rudolf,San Carlos,13.03.1977,Philippines,mrudolfcu@pagesperso-orange.fr,+63-558-982-7239
Donna,Pateman,Houten,09.12.1955,Netherlands,dpatemancv@nps.gov,+31-934-544-3978
Mead,Ahrend,Sleman,06.10.1972,Indonesia,mahrendcw@ovh.net,+62-506-907-9777
Sioux,Pestricke,Rawa Satu,18.01.1954,Indonesia,spestrickecx@imageshack.us,+62-905-312-9456
Andros,Colby,Guadalupe,20.08.1989,Mexico,acolbycy@indiatimes.com,+52-456-136-8202
Eleni,Yapp,Borgarnes,02.12.1965,Iceland,eyappcz@businessweek.com,+354-743-836-3260
Wendell,Tregenza,Pisões,05.02.1967,Portugal,wtregenzad0@typepad.com,+351-582-601-8907
Verene,Dobbs,Gubengairlangga,21.12.1968,Indonesia,vdobbsd1@samsung.com,+62-212-138-0363
Merrill,Franca,Fátima,15.04.1985,Portugal,mfrancad2@clickbank.net,+351-795-858-5491
Sallie,Ramshaw,Pego Longo,26.10.1977,Portugal,sramshawd3@theglobeandmail.com,+351-384-676-6255
Pancho,Remmer,Eguia,05.11.1968,Philippines,premmerd4@oaic.gov.au,+63-303-203-1689
Allix,Pigney,Hongshan,15.09.1994,China,apigneyd5@yellowpages.com,+86-180-450-8059
Eleonora,Cayley,Curumaní,02.06.1956,Colombia,ecayleyd6@dailymotion.com,+57-346-756-8361
Kissiah,Rodolico,Fussa,28.08.1988,Japan,krodolicod7@goo.ne.jp,+81-228-105-4811
Verne,Twidell,Krajan,03.08.1979,Indonesia,vtwidelld8@163.com,+62-993-238-6416
Loise,Deelay,Tauca,30.07.1965,Peru,,+51-783-214-3267
Wittie,Kaines,Baborów,16.04.1979,Poland,wkainesda@illinois.edu,+48-785-630-1847
Morten,d'Arcy,Taurage,01.06.1958,Lithuania,mdarcydb@mozilla.com,+370-700-636-3623
Rebeca,Joyce,Sīlat al Ḩārithīyah,11.08.1972,Palestinian Territory,rjoycedc@mail.ru,+970-215-167-4210
Wilbur,Claibourn,Pingdingshan,26.08.1980,China,wclaibourndd@barnesandnoble.com,+86-455-324-1825
Valida,Lammas,Paradise,23.02.1983,Trinidad and Tobago,vlammasde@opensource.org,+1-480-838-3470
Diena,Tarplee,Stará Huť,07.06.1995,Czech Republic,dtarpleedf@hhs.gov,+420-748-511-8327
Radcliffe,Kildale,Coronel,30.01.1964,Chile,rkildaledg@telegraph.co.uk,+56-438-690-1931
Amye,Liebrecht,Gununglajang,21.02.1985,Indonesia,aliebrechtdh@google.ca,+62-780-468-0673
Ailis,Tills,Ketawang,02.09.1959,Indonesia,atillsdi@blog.com,+62-139-140-8016
Gibbie,Malling,Içara,31.10.1954,Brazil,gmallingdj@go.com,+55-770-180-3843
Calley,Severns,Kuangyuan,12.02.1971,China,csevernsdk@jiathis.com,+86-774-909-3760
Barbara,Petschelt,El Viejo,06.12.1964,Nicaragua,,+505-627-485-0513
Kelci,Pococke,Quirinópolis,12.08.1970,Brazil,kpocockedm@cisco.com,+55-729-853-1302
Lyon,Armer,Brisbane,23.01.1960,Australia,larmerdn@sfgate.com,+61-805-624-1870
Bessie,Insall,Kieta,05.02.1996,Papua New Guinea,binsalldo@noaa.gov,+675-937-808-6669
Ignazio,Haucke,Pingding,08.07.1991,China,,+86-906-992-7778
Caria,Harston,Smederevska Palanka,30.10.1996,Serbia,charstondq@devhub.com,+381-104-645-8744
Kaiser,Cregg,Fatou,08.08.1968,China,,+86-879-958-9354
Tammara,Cromwell,Karolinka,09.07.1988,Czech Republic,tcromwellds@google.de,+420-386-518-6728
Teodorico,Lardiner,Longos,26.05.1957,Philippines,tlardinerdt@homestead.com,+63-874-431-7974
Christin,Keggin,Yelets,01.04.1990,Russia,ckeggindu@sphinn.com,+7-137-905-3478
Philippe,Aitkin,Paciran,08.08.1969,Indonesia,,+62-788-407-7130
Eba,Oakshott,São João dos Patos,28.01.1982,Brazil,eoakshottdw@surveymonkey.com,+55-529-734-1102
Star,Zolini,Karanggedang,09.09.1981,Indonesia,szolinidx@wp.com,+62-192-923-0958
Stacy,Burfitt,Shaft,13.03.1977,Iran,sburfittdy@jigsy.com,+98-877-785-1718
Orly,Schoolcroft,Aldana,17.02.1953,Colombia,oschoolcroftdz@sogou.com,+57-692-306-5054
Hakim,Moden,Sharga,28.05.1985,Mongolia,hmodene0@engadget.com,+976-237-124-7779
Pooh,Smieton,Louisville,09.01.1990,United States,psmietone1@ovh.net,+1-502-308-1879
Cassandry,Cathersides,Karangkedawung,24.12.1983,Indonesia,ccathersidese2@ted.com,+62-466-152-5908
Aubine,Edlington,Świebodzice,11.03.1975,Poland,aedlingtone3@unc.edu,+48-846-788-5243
Aldis,Kurten,Yunguyo,09.11.1967,Peru,akurtene4@walmart.com,+51-740-116-6529
Anett,Smissen,Parakanhonje Wetan,20.03.1978,Indonesia,asmissene5@skype.com,+62-726-806-9177
Hewe,Mandrey,Pasir Mas,08.02.1952,Malaysia,hmandreye6@blogspot.com,+60-507-247-9154
Bendix,Fippe,Peso da Régua,05.05.1997,Portugal,bfippee7@wired.com,+351-584-311-9581
Alethea,Axelbey,Sanshan,17.08.1968,China,,+86-568-741-9146
Paola,Gealle,Libertad,04.10.1959,Philippines,pgeallee9@walmart.com,+63-932-274-2458
Christina,Southwood,Danja,01.11.1957,Nigeria,csouthwoodea@ucoz.ru,+234-892-800-4651
Zorana,Ziehms,Escada,12.03.1999,Brazil,zziehmseb@yandex.ru,+55-376-652-0026
Cleve,Mountjoy,Kadumelati,03.06.1952,Indonesia,cmountjoyec@sfgate.com,+62-904-766-6154
Osbourne,Crier,Banjiang,01.01.1992,China,ocriered@bandcamp.com,+86-125-785-6606
Kaitlynn,Folbigg,Solana,19.08.1962,Philippines,,+63-455-150-9708
Gwynne,Brentnall,Belo Jardim,26.05.1953,Brazil,,+55-310-845-6845
Launce,McGilroy,Tam Bình,22.03.1965,Vietnam,,+84-235-377-7236
Cullin,Jerson,Vendargues,03.04.1985,France,cjersoneh@vinaora.com,+33-370-161-4544
Jazmin,Durman,Berëzovyy,02.09.1958,Russia,jdurmanei@ehow.com,+7-106-764-4506
Roxane,Seeborne,Karangpocok,02.03.1955,Indonesia,rseeborneej@indiegogo.com,+62-129-261-7398
Kelcey,Bluett,Malakhovka,10.01.1963,Russia,kbluettek@drupal.org,+7-154-865-6453
Benjie,Terzza,Villamaría,20.01.1957,Colombia,bterzzael@deliciousdays.com,+57-101-349-6323
Trip,Ruprecht,Chimbote,19.10.1958,Peru,truprechtem@google.cn,+51-796-270-9804
Greer,Hayle,Anyuan,17.11.1954,China,ghayleen@ehow.com,+86-155-578-1826
Cassie,Benger,Kafachan,29.04.1951,Nigeria,cbengereo@addthis.com,+234-796-102-5945
Nickie,Blaber,Mae Sot,27.06.1950,Thailand,nblaberep@zdnet.com,+66-891-426-3423
Carson,McGeagh,Changping,17.10.1954,China,cmcgeagheq@ucsd.edu,+86-349-720-3938
Alfy,Kemmish,Vidin,29.01.1999,Bulgaria,akemmisher@unblog.fr,+359-173-900-3373
Nydia,McChruiter,Sibiti,10.03.1951,Republic of the Congo,nmcchruiteres@microsoft.com,+242-465-717-7875
Nolie,Bridewell,Tchamba,17.05.1990,Togo,nbridewellet@rediff.com,+228-104-346-1766
Devan,Diviney,Budapest,29.06.1952,Hungary,ddivineyeu@lycos.com,+36-665-799-8851
Lynn,Uglow,Oslo,07.01.1968,Norway,luglowev@ca.gov,+47-641-257-0688
Harlie,Ivamy,Roche-à-Bateau,19.06.1977,Haiti,hivamyew@pen.io,+509-231-118-4025
Philippe,Cridlon,Lyon,11.10.1965,France,pcridlonex@dailymotion.com,+33-480-160-9626
Stephani,Avis,Toyonaka,30.10.1954,Japan,savisey@wikia.com,+81-151-546-8901
Lotty,Nerney,Mernek,21.07.1957,Indonesia,lnerneyez@acquirethisname.com,+62-222-195-8287
Felix,Portwaine,Kampokpok,26.12.1965,Philippines,fportwainef0@omniture.com,+63-864-342-4610
Cacilia,Valsler,Medianeira,30.12.1975,Brazil,cvalslerf1@edublogs.org,+55-344-938-7033
Kathryne,Bril,Maraial,06.01.1957,Brazil,kbrilf2@youtu.be,+55-853-441-9106
Reta,Pardew,Leninskiy,08.06.1965,Russia,rpardewf3@chicagotribune.com,+7-108-798-0561
Bearnard,Woodus,Suwaru,25.10.1984,Indonesia,bwoodusf4@reuters.com,+62-733-781-9798
Sasha,Rubens,Xinshui,26.06.1953,China,srubensf5@auda.org.au,+86-217-593-9884
Marquita,Doll,Xiugu,04.10.1972,China,mdollf6@e-recht24.de,+86-805-973-8230
Ainsley,Girth,Krian,18.11.1973,Indonesia,,+62-511-841-7756
Chryste,Filon,Kabare,23.04.1953,Indonesia,cfilonf8@chicagotribune.com,+62-635-379-5342
Clarine,Winfindale,Martigues,22.07.1953,France,cwinfindalef9@360.cn,+33-199-850-9832
Ty,Aizikowitz,Bieto,02.09.1960,Indonesia,taizikowitzfa@cyberchimps.com,+62-682-794-6926
Wendy,Gockelen,,,,wgockelenfb@com.com,
Sherm,Scoterbosh,Neftekamsk,19.04.1999,Russia,sscoterboshfc@dion.ne.jp,+7-488-390-9399
Vidovic,Snead,Mayo Belwa,14.10.1984,Nigeria,,+234-642-130-8904
Trudy,Hanington,Lasi Dua,29.10.1954,Indonesia,,+62-575-265-2384
Syd,Pautot,Jinhui,06.03.1954,China,spautotff@go.com,+86-273-378-3080
Herculie,Harbin,Anshan,17.01.1989,China,hharbinfg@geocities.jp,+86-434-908-9469
Elsy,Marten,Capilla del Monte,13.05.1997,Argentina,emartenfh@howstuffworks.com,+54-205-264-1255
Merry,Grindley,Växjö,28.03.1964,Sweden,mgrindleyfi@moonfruit.com,+46-249-678-6529
Carver,Colleton,Xiangshui,27.08.1956,China,ccolletonfj@vimeo.com,+86-365-603-6125
Cyrus,Folca,Kyaiklat,28.06.1999,Myanmar,cfolcafk@berkeley.edu,+95-709-726-4547
Esma,Tilford,Hongyansi,20.09.1972,China,etilfordfl@telegraph.co.uk,+86-876-498-6372
Merrill,Soldi,Klyuchevsk,16.11.1970,Russia,msoldifm@slideshare.net,+7-344-478-8629
Amelita,Pote,Krasnofarfornyy,27.08.1982,Russia,apotefn@booking.com,+7-162-409-6122
Maggee,Umpleby,Invermere,30.10.1996,Canada,mumplebyfo@webnode.com,+1-192-856-9276
Greg,Clarkson,Trstenik,25.05.1999,Serbia,gclarksonfp@mit.edu,+381-665-913-9976
Aubrette,Swindells,Liangguang,17.02.1951,China,,+86-107-384-5448
Rafaelia,Finlater,Caicara,24.08.1983,Venezuela,rfinlaterfr@reddit.com,+58-129-296-4473
Elisha,Olner,Lisków,29.03.1998,Poland,,+48-626-610-4475
Prince,Buckberry,,,,pbuckberryft@businessinsider.com,
Mikol,Dominighi,Aksu,15.11.1952,Kazakhstan,,+7-994-902-4585
Beverie,Toseland,Porsgrunn,31.07.1959,Norway,btoselandfv@guardian.co.uk,+47-637-292-2842
Merla,Helix,Paris La Défense,05.08.1952,France,,+33-559-274-1777
Brody,Calway,Arţās,23.10.1998,Palestinian Territory,,+970-473-676-4865
Aile,Iceton,Dahongmen,18.05.1952,China,aicetonfy@nasa.gov,+86-149-162-5371
Shanna,Bolver,Xiaojia,08.10.1962,China,sbolverfz@posterous.com,+86-171-585-9910
Jillana,Darrigone,Zaraysk,30.04.1964,Russia,jdarrigoneg0@printfriendly.com,+7-334-899-3328
Clara,Odell,Pajapita,20.01.1990,Guatemala,codellg1@army.mil,+502-257-624-2989
Eada,Cluatt,La Paz de Oriente,31.05.1970,Nicaragua,ecluattg2@live.com,+505-944-753-3578
Michale,Culverhouse,Irving,08.08.1950,United States,,+1-214-646-1523
Kelsi,Caldes,Samayac,06.06.1954,Guatemala,kcaldesg4@weather.com,+502-238-690-1616
Freddie,Taffe,Arcueil,24.05.1955,France,ftaffeg5@squarespace.com,+33-163-873-8318
Raquela,Raggitt,Badajoz,10.09.1965,Spain,rraggittg6@mit.edu,+34-144-394-3603
Anastasie,Hawke,Tiflet,03.05.1972,Morocco,ahawkeg7@washingtonpost.com,+212-507-886-0492
Raychel,Lisciardelli,Nhơn Trạch,22.01.1979,Vietnam,,+84-189-207-1563
Si,Keel,San Miguel,19.04.1954,Philippines,,+63-371-221-0484
Oralee,McAughtry,Dongqinggou,27.02.1966,China,omcaughtryga@oracle.com,+86-959-792-3530
Florella,Chesterfield,Ko Chan,23.11.1984,Thailand,fchesterfieldgb@auda.org.au,+66-602-849-5636
Moyna,Scotchmore,Malayal,29.10.1984,Philippines,mscotchmoregc@aboutads.info,+63-111-838-8367
Charlot,Challoner,Saint-Priest,19.05.1966,France,cchallonergd@arizona.edu,+33-955-870-5431
Dulce,Cloughton,Caticugan,24.06.1969,Philippines,dcloughtonge@amazon.co.uk,+63-242-922-0567
Georg,Wantling,Peyima,12.06.1998,Sierra Leone,gwantlinggf@indiegogo.com,+232-814-339-4588
Pansy,Lanahan,Liangnong,02.06.1979,China,planahangg@cnet.com,+86-312-262-7822
Andie,Vautier,Hamburg,05.10.1970,Germany,avautiergh@g.co,+49-476-836-7770
Arlan,Sone,Vievis,16.10.1964,Lithuania,asonegi@webnode.com,+370-134-759-1360
Letitia,Walburn,Sepolong Timur,05.05.1967,Indonesia,lwalburngj@i2i.jp,+62-512-542-7896
Mollee,Eadon,Agía Triáda,12.09.1969,Greece,meadongk@ustream.tv,+30-717-643-1832
Lev,Kennon,Boudinar,08.03.1999,Morocco,lkennongl@163.com,+212-194-374-3346
Lauryn,Butterworth,Taphan Hin,08.04.1975,Thailand,lbutterworthgm@thetimes.co.uk,+66-355-757-2572
Teodor,Tedahl,Lyamino,29.11.1976,Russia,,+7-311-132-4647
Galvan,Nuzzti,Eslöv,31.08.1953,Sweden,gnuzztigo@aboutads.info,+46-197-297-8603
Alphonso,Gadie,Tanrake Village,08.02.1994,Tuvalu,agadiegp@macromedia.com,+688-251-730-0970
Noak,McGannon,Myrzakent,24.08.1987,Kazakhstan,nmcgannongq@unc.edu,+7-981-480-9138
Adrienne,Batterham,Siao,31.12.1977,Thailand,,+66-161-572-9201
Hazlett,Fawks,,,,,
Thatcher,Forrest,Las Matas de Farfán,08.11.1984,Dominican Republic,tforrestgt@github.com,+1-917-533-1045
Nollie,Di Giorgio,Zhaxirabdain,25.02.1989,China,ndigiorgiogu@arstechnica.com,+86-835-643-9016
Fiona,Brodley,Hongyanxi,17.03.1990,China,fbrodleygv@japanpost.jp,+86-385-535-1114
Oriana,Langforth,Calaoagan,07.02.1971,Philippines,olangforthgw@4shared.com,+63-990-888-5937
Hermon,Nares,,,,hnaresgx@disqus.com,
Elysee,Codner,Cabugao,02.02.1958,Philippines,ecodnergy@drupal.org,+63-296-721-9447
Lena,Bignal,Tumbi,30.05.1984,Tanzania,lbignalgz@nature.com,+255-865-392-1426
Ediva,Jozefczak,Luján,30.03.1958,Argentina,ejozefczakh0@omniture.com,+54-478-268-3611
Farrel,Kendal,Miguel Aleman,24.08.1994,Mexico,fkendalh1@hatena.ne.jp,+52-925-290-7679
Sella,Woodyear,Zhuji,25.08.1995,China,swoodyearh2@indiatimes.com,+86-737-705-9428
Graehme,Kordovani,San Luis,23.06.1995,Cuba,gkordovanih3@jigsy.com,+53-876-874-4426
Clayton,Davidovsky,Bukal Sur,18.06.1996,Philippines,cdavidovskyh4@apple.com,+63-240-971-2424
Willamina,Ramel,Jayanca,25.10.1989,Peru,wramelh5@biblegateway.com,+51-209-758-7022
Deena,Spilstead,Oslo,12.10.1964,Norway,dspilsteadh6@baidu.com,+47-227-546-3703
Halie,Durrans,Vadstena,10.09.1978,Sweden,hdurransh7@multiply.com,+46-501-711-6538
Kylie,Ranken,,,,krankenh8@yahoo.com,
Saul,Gotecliffe,Shiyun,30.08.1951,China,sgotecliffeh9@skyrock.com,+86-261-860-0660
Florentia,Plet,Coaldale,13.06.1995,Canada,fpletha@ovh.net,+1-739-749-1705
Sabina,Legrand,Guinsadan,26.11.1983,Philippines,slegrandhb@prweb.com,+63-182-338-9939
Derby,Cowtherd,Villa Elisa,08.03.1997,Paraguay,dcowtherdhc@alexa.com,+595-772-118-3190
Doug,Hammel,Skien,30.10.1967,Norway,dhammelhd@dell.com,+47-271-210-9945
Reeba,Hurry,Novi Vinodolski,31.12.1959,Croatia,rhurryhe@jigsy.com,+385-167-880-5374
Anastasie,Exell,Youdunjie,07.08.1986,China,aexellhf@vinaora.com,+86-613-297-0394
Milton,Ayrs,Nyrob,29.10.1955,Russia,,+7-359-698-6355
Glenn,Godlip,Gagah,28.03.1984,Indonesia,ggodliphh@washington.edu,+62-904-261-5894
Chane,De Bischof,Zwolle,31.05.1956,Netherlands,cdebischofhi@blogspot.com,+31-712-248-5113
Gail,Cheek,Västerås,02.05.1990,Sweden,gcheekhj@ucsd.edu,+46-905-170-5400
Minetta,Veregan,Soly,01.01.1975,Belarus,mvereganhk@diigo.com,+375-855-755-2004
Davis,Gabby,Zhyrovichy,17.04.1996,Belarus,dgabbyhl@mac.com,+375-106-402-9184
Ettie,Andor,Marseille,15.04.1984,France,eandorhm@google.it,+33-346-169-7730
Rene,Salerg,Dashi,18.09.1957,China,rsalerghn@google.ca,+86-357-428-5997
Berti,Ber,Valencia,10.11.1955,Venezuela,,+58-566-331-9673
Ezmeralda,Edelston,Singida,15.09.1977,Tanzania,eedelstonhp@ask.com,+255-614-899-7378
Augustine,Pfaff,Portland,28.03.1997,United States,apfaffhq@cloudflare.com,+1-208-325-3771
Alane,Bengochea,San Luis Ixcán,19.11.1986,Guatemala,abengocheahr@tamu.edu,+502-545-321-9695
Annie,Dawid,,,,adawidhs@ow.ly,
Ninon,Frodsam,Reda,22.06.1967,Poland,nfrodsamht@cpanel.net,+48-583-190-4243
Bartram,Browne,Jiaoxie,28.03.1985,China,,+86-709-773-1111
Trudi,Chellam,Mbale,03.12.1955,Kenya,,+254-611-825-9009
Jan,Hidderley,Sar Chakān,13.05.1996,Afghanistan,jhidderleyhw@mozilla.com,+93-770-831-7736
Zolly,Bremmer,Songmuping,27.07.1970,China,zbremmerhx@1688.com,+86-657-699-7530
Rowland,Haton,Waiwejak,12.08.1968,Indonesia,rhatonhy@stanford.edu,+62-317-187-9655
Kristin,Lathey,,,,,
Karleen,Iddenden,Preston,02.11.1994,United Kingdom,kiddendeni0@elegantthemes.com,+44-876-286-5571
Inglebert,McCleary,Tongmuluo,27.09.1957,China,imcclearyi1@yolasite.com,+86-561-424-2605
Richmond,Ferrers,Xiaba,03.02.1995,China,,+86-163-185-1293
Gabbi,Bugs,Berlin,27.02.1989,Germany,gbugsi3@so-net.ne.jp,+49-562-424-2340
Lindy,Severy,San Carlos,19.10.1992,Argentina,lseveryi4@wsj.com,+54-543-788-7692
Julietta,Coning,Youyun,31.05.1984,China,jconingi5@state.gov,+86-181-710-2334
Carilyn,Berston,Warung Wetan,01.08.1980,Indonesia,cberstoni6@vimeo.com,+62-847-904-4258
Gretel,Galgey,Kuala Lumpur,02.02.1977,Malaysia,ggalgeyi7@360.cn,+60-172-819-2836
Jilly,MacNair,Cennan,13.01.1971,China,jmacnairi8@sciencedaily.com,+86-132-713-5431
Daniella,Drayn,Ingenio La Esperanza,12.06.1960,Argentina,,+54-208-473-7996
Lynna,Brammer,Damasak,04.12.1976,Nigeria,,+234-911-661-1330
Noella,Martino,Pizarrete,19.03.1982,Dominican Republic,nmartinoib@altervista.org,+1-991-632-5064
Cory,Bottoner,Vanves,26.07.1954,France,cbottoneric@google.fr,+33-957-910-1256
Billy,Baiyle,Paso de los Libres,06.03.1999,Argentina,bbaiyleid@drupal.org,+54-596-549-0601
Lyman,Cahalan,Zátor,25.02.1976,Czech Republic,lcahalanie@i2i.jp,+420-655-295-5651
Merell,O' Culligan,Athabasca,11.12.1990,Canada,moculliganif@uiuc.edu,+1-152-224-5698
Brocky,Girardey,Panggungwinong,19.12.1956,Indonesia,bgirardeyig@printfriendly.com,+62-276-705-9946
Danila,Willmer,Baitao,05.12.1981,China,,+86-335-663-3735
Bart,Jaeggi,Xianlong,24.08.1975,China,bjaeggiii@parallels.com,+86-152-270-4756
Ian,Stempe,Amparita,27.10.1964,Indonesia,istempeij@usa.gov,+62-946-735-6352
Anallise,Mizen,Xiaochi,12.04.1958,China,,+86-274-395-0997
Zitella,Brandrick,Regulice,04.07.1963,Poland,zbrandrickil@bigcartel.com,+48-786-437-9142
Morty,Taffurelli,Calizo,06.12.1995,Philippines,mtaffurelliim@newsvine.com,+63-123-940-7453
Davie,Hrishchenko,Seredeyskiy,11.02.1955,Russia,,+7-219-224-7449
Alair,Jeannard,Ol’ginskaya,16.12.1957,Russia,ajeannardio@seesaa.net,+7-762-228-8557
Ulric,Hagergham,Hînceşti,27.10.1950,Moldova,uhagerghamip@soup.io,+373-938-687-5704
Lothaire,Leopard,Longuita,14.06.1993,Peru,lleopardiq@cbc.ca,+51-642-670-4858
Ermanno,Dod,Isugod,26.03.1961,Philippines,edodir@intel.com,+63-669-255-3575
Noni,Plom,Kipen’,31.12.1986,Russia,,+7-728-899-3767
Burgess,Sporner,Medaya,15.02.1962,Syria,bspornerit@oracle.com,+963-827-459-5654
Angela,Hofton,,,,ahoftoniu@msu.edu,
Harmony,Cawkwell,Ban Nong Wua So,30.08.1958,Thailand,hcawkwelliv@g.co,+66-113-426-3392
Vail,Waleran,Shanxia,07.01.1986,China,vwaleraniw@adobe.com,+86-741-651-1262
Gaye,Feyer,Pesisir,31.05.1981,Indonesia,,+62-746-124-7726
Adriaens,Dugmore,Wenwusha,24.07.1964,China,adugmoreiy@quantcast.com,+86-894-439-7427
Torre,Steanyng,,,,tsteanyngiz@vk.com,
Noreen,Hodgin,Conchopata,31.05.1969,Peru,nhodginj0@list-manage.com,+51-209-848-5183
Felicdad,Pritchard,,,,fpritchardj1@sitemeter.com,
Annadiana,Askew,Anqing,19.07.1973,China,aaskewj2@squarespace.com,+86-629-247-1858
Tom,McIlveen,Conde,18.11.1987,Brazil,tmcilveenj3@washingtonpost.com,+55-948-439-6564
Symon,Jukubczak,Tibigan,16.11.1994,Philippines,,+63-995-440-8929
Melisse,Warlawe,Klenovyy,12.02.1967,Ukraine,mwarlawej5@linkedin.com,+380-992-312-8653
Corby,Erricker,Shishan,11.02.1988,China,cerrickerj6@un.org,+86-137-490-7716
Timoteo,Hassekl,Fengtai Chengguanzhen,15.07.1980,China,thasseklj7@businessinsider.com,+86-852-254-5896
Gian,Rosoni,Bočar,16.02.1974,Serbia,grosonij8@odnoklassniki.ru,+381-316-872-5094
Melamie,Pigeon,,,,mpigeonj9@apache.org,
Tallie,Lynagh,São Leopoldo,04.09.1987,Brazil,tlynaghja@xing.com,+55-238-947-9387
Amye,Barfield,Vilca,11.07.1959,Peru,abarfieldjb@salon.com,+51-733-347-2420
Evita,Matteo,Wairinding,02.01.1951,Indonesia,ematteojc@cisco.com,+62-224-229-3578
Veronique,Dettmar,Caridade,16.07.1981,Portugal,vdettmarjd@theatlantic.com,+351-406-897-6775
Abbott,Peacocke,Caracol,18.03.1991,Haiti,apeacockeje@t.co,+509-958-374-9597
Rosemonde,Tremonte,Casal dos Bernardos,20.02.1968,Portugal,rtremontejf@army.mil,+351-855-122-4468
Odelle,Frame,Aengceleng,11.02.1995,Indonesia,oframejg@gnu.org,+62-731-852-9693
Hyacinthe,Sussams,Lamu,13.02.1969,Kenya,hsussamsjh@weebly.com,+254-727-946-5149
Myra,Scrivener,Neresnytsya,14.02.1957,Ukraine,mscrivenerji@merriam-webster.com,+380-915-425-8472
Roxanna,Pethybridge,Pradera,31.05.1982,Colombia,rpethybridgejj@creativecommons.org,+57-600-338-1884
Andrew,Minchi,Managua,12.07.1984,Nicaragua,,+505-226-924-2733
Roderic,Mouncher,Mikró Monastíri,24.05.1993,Greece,rmouncherjl@is.gd,+30-358-263-5541
Jade,MacColgan,Phra Pradaeng,04.09.1968,Thailand,jmaccolganjm@networksolutions.com,+66-966-435-3179
Kathleen,Melson,Wuyang,20.10.1964,China,kmelsonjn@privacy.gov.au,+86-377-397-5413
Stacy,Coneron,Vicente Guerrero,03.10.1986,Mexico,sconeronjo@friendfeed.com,+52-400-638-5916
Hephzibah,Chasmoor,Falāvarjān,11.05.1964,Iran,hchasmoorjp@cafepress.com,+98-941-703-1777
Kippie,Kirtley,Peña,11.02.1984,Philippines,kkirtleyjq@house.gov,+63-149-834-8421
Dora,Fury,Guadalupe,31.05.1968,Mexico,dfuryjr@examiner.com,+52-438-691-5947
Lola,Trassler,Górki,23.09.1950,Poland,ltrasslerjs@storify.com,+48-301-372-7563
Aeriel,Vasyuchov,Prokhladnyy,10.07.1991,Russia,avasyuchovjt@odnoklassniki.ru,+7-180-716-8328
Lindsay,Sinnat,Ḩajjah,24.04.1973,Palestinian Territory,lsinnatju@mit.edu,+970-267-247-6122
Marina,Girardi,Capinzal,13.01.1951,Brazil,mgirardijv@bizjournals.com,+55-635-188-4558
Celestia,Hubbuck,Bantaeng,04.02.1955,Indonesia,chubbuckjw@forbes.com,+62-532-937-1359
Hill,Rosenzveig,,,,hrosenzveigjx@dailymotion.com,
Delainey,MacCague,Gugark’,16.11.1995,Armenia,dmaccaguejy@mit.edu,+374-711-177-1256
Stephi,Kenshole,Buinsk,12.03.1970,Russia,skensholejz@go.com,+7-915-771-2361
Haskel,Shopcott,Blessington,20.06.1968,Ireland,hshopcottk0@msu.edu,+353-383-297-1817
Carolann,Sleet,Acopampa,28.05.1989,Peru,,+51-646-605-5653
Pierre,Mechic,Alegre,20.08.1974,Brazil,pmechick2@so-net.ne.jp,+55-543-702-9602
Novelia,Byway,Tangzhuang,10.05.1969,China,nbywayk3@ibm.com,+86-677-196-3909
Rabi,Cashen,Jiaoziya,13.10.1951,China,rcashenk4@devhub.com,+86-906-543-4256
Shawn,Thorley,Bengtsfors,19.12.1953,Sweden,sthorleyk5@etsy.com,+46-359-618-7435
Carla,Plain,Krasnyy Lyman,15.03.1979,Ukraine,cplaink6@com.com,+380-266-200-6260
Pegeen,Purkins,Envigado,18.05.1960,Colombia,ppurkinsk7@wikipedia.org,+57-182-539-2814
Serene,Reddihough,Kampong Chhnang,29.01.1966,Cambodia,,+855-834-530-5982
George,Adam,Masatepe,02.01.1970,Nicaragua,,+505-273-432-2148
Heall,Fahy,Zharkent,17.08.1972,Kazakhstan,hfahyka@europa.eu,+7-347-563-2942
Denyse,Madgewick,Lucban,15.01.1995,Philippines,dmadgewickkb@prnewswire.com,+63-632-947-5247
Sal,Tompkiss,Tuanalepe,10.05.1978,Indonesia,,+62-479-125-6044
Dian,Peeter,Golub-Dobrzyń,03.08.1979,Poland,dpeeterkd@deliciousdays.com,+48-105-657-7416
Terza,Jury,,,,tjuryke@home.pl,
Vallie,Cabrera,Kungsör,10.04.1995,Sweden,vcabrerakf@liveinternet.ru,+46-765-188-8292
Hedwig,MacLleese,Mocoa,28.11.1980,Colombia,hmaclleesekg@twitpic.com,+57-545-653-9322
Quintus,Rolfo,Kolonia Town,25.09.1958,Micronesia,qrolfokh@cnbc.com,+691-309-810-6579
Rosene,Gadd,Doljo,08.03.1980,Philippines,rgaddki@yale.edu,+63-890-601-1249
Dolley,McPhillips,‘Arab ar Rashāydah,13.09.1979,Palestinian Territory,dmcphillipskj@dyndns.org,+970-190-862-4311
Dennie,Garrud,Piippola,14.02.1995,Finland,dgarrudkk@washingtonpost.com,+358-747-883-1959
Elke,Painten,Orda,28.02.1954,Russia,epaintenkl@ucsd.edu,+7-591-965-0592
Garvin,Tatnell,Lavradio,11.11.1992,Portugal,gtatnellkm@time.com,+351-921-894-5630
Lenka,Hairesnape,Sal’sk,05.05.1990,Russia,lhairesnapekn@shareasale.com,+7-544-203-6272
Haily,Thiolier,,,,hthiolierko@skyrock.com,
Tynan,McIlwrath,Canton,05.08.1964,United States,tmcilwrathkp@pagesperso-orange.fr,+1-330-978-7348
Lina,Cawker,Burgos,04.04.1994,Philippines,lcawkerkq@csmonitor.com,+63-583-997-3534
Lizabeth,Chalcraft,Rimbo,06.07.1994,Sweden,lchalcraftkr@senate.gov,+46-783-691-9343
Ronnie,Blissitt,Hedian,26.04.1971,China,rblissittks@free.fr,+86-494-737-8946
Harrietta,Armytage,Valbonë,07.07.1998,Albania,harmytagekt@printfriendly.com,+355-942-170-6997
Dorrie,Heyburn,Caxambu,28.02.1965,Brazil,dheyburnku@reverbnation.com,+55-160-897-4868
Lesly,Cisland,Stockton,30.11.1978,United States,lcislandkv@ft.com,+1-209-449-7290
Isidora,Hethron,Qionghu,05.04.1966,China,ihethronkw@themeforest.net,+86-753-122-4140
Hunter,Dallow,Pulian,26.02.1957,China,hdallowkx@eventbrite.com,+86-757-317-7776
Gabbi,Tomaschke,Medellín,16.11.1960,Colombia,,+57-560-534-9089
Zulema,Hawyes,Vitória,02.07.1998,Brazil,zhawyeskz@nytimes.com,+55-479-226-6762
Hildagarde,Boate,,,,hboatel0@jigsy.com,
Lexis,Maffey,Depok,07.01.1963,Indonesia,lmaffeyl1@ucoz.com,+62-745-631-3661
Eugenius,Basini-Gazzi,Niort,22.03.1955,France,ebasinigazzil2@vk.com,+33-836-713-3895
Jaimie,Marchand,Alangilanan,30.07.1973,Philippines,jmarchandl3@nsw.gov.au,+63-478-947-5259
Jorge,Welldrake,Wadung,06.10.1999,Indonesia,,+62-263-370-4119
Wainwright,Steele,Acomayo,27.03.1960,Peru,wsteelel5@vkontakte.ru,+51-416-627-3086
Mallorie,Jacomb,Örebro,29.12.1954,Sweden,mjacombl6@opensource.org,+46-155-784-3328
Zandra,Lalevee,Huangling,16.03.1963,China,zlaleveel7@cnn.com,+86-674-610-6299
Kettie,Bartosek,Kokaj,26.11.1969,Albania,kbartosekl8@oakley.com,+355-211-466-2671
Esme,Drewe,Manalongon,25.03.1969,Philippines,,+63-480-922-9635
Cammy,Hazleton,Sergokala,04.08.1986,Russia,chazletonla@indiatimes.com,+7-762-819-6843
Ede,Pleasance,Tongshanxiang,16.06.1954,China,epleasancelb@nytimes.com,+86-217-321-2264
Mildrid,Works,Malonty,02.07.1991,Czech Republic,,+420-864-357-3119
Egor,Fairleigh,Banjar Batuaji Kaja,27.11.1989,Indonesia,efairleighld@xinhuanet.com,+62-950-205-7462
Ulysses,Sowter,As Sulayyil,27.12.1989,Saudi Arabia,usowterle@amazon.co.uk,+966-184-464-2261
Annaliese,Wapplington,Bichena,17.03.1985,Ethiopia,,+251-187-522-2654
Karlis,Nolda,Sanchahe,15.03.1971,China,knoldalg@desdev.cn,+86-821-310-0092
Stace,Scullin,Dunmanway,25.04.1959,Ireland,sscullinlh@cyberchimps.com,+353-399-335-9033
Zoe,Roblett,Unity,27.08.1956,Canada,zroblettli@theatlantic.com,+1-818-358-7534
Earle,MacDougall,Angoulême,30.06.1997,France,emacdougalllj@plala.or.jp,+33-784-804-5715
Haleigh,Frankema,Oster,11.04.1984,Ukraine,hfrankemalk@paypal.com,+380-212-571-3297
Tallie,Elton,Nowogard,09.10.1964,Poland,teltonll@yelp.com,+48-459-526-1040
Jillie,Brummitt,Río Cauto,08.03.1969,Cuba,jbrummittlm@cocolog-nifty.com,+53-303-123-0559
Irma,Woodsford,Yuncheng,16.12.1970,China,iwoodsfordln@wikispaces.com,+86-394-203-2071
Ryun,Burrill,Laixi,24.01.1974,China,rburrilllo@bravesites.com,+86-503-230-2772
Joyce,Tarzey,Novhorod-Sivers’kyy,07.06.1966,Ukraine,jtarzeylp@myspace.com,+380-844-379-7140
Laird,Poile,Melaka,31.12.1987,Malaysia,lpoilelq@paginegialle.it,+60-179-646-4208
Thorny,Henworth,Sremska Mitrovica,13.08.1967,Serbia,thenworthlr@ted.com,+381-563-826-3946
Rachel,Brown,Kaliska,26.06.1967,Poland,rbrownls@biglobe.ne.jp,+48-649-949-1677
Nessa,Hubball,San Isidro,14.07.1961,Philippines,nhubballlt@xing.com,+63-434-461-0572
Jaime,Lidden,Dualing,16.09.1952,Philippines,,+63-106-404-9434
Deeann,Evershed,Cruz Alta,07.04.1952,Brazil,devershedlv@uiuc.edu,+55-204-917-3344
Lindi,Roe,Youssoufia,06.10.1998,Morocco,,+212-990-228-1282
Wainwright,McGillivray,Kendaruan,03.06.1967,Indonesia,wmcgillivraylx@networksolutions.com,+62-488-148-8430
Gustav,Baus,Anahuac,29.05.1987,Mexico,gbausly@wikipedia.org,+52-593-354-0637
Kelsi,Croxall,Sambongmulyo,08.06.1978,Indonesia,kcroxalllz@uol.com.br,+62-104-471-1212
Clarinda,Ferriman,Cikole,03.09.1993,Indonesia,cferrimanm0@squidoo.com,+62-177-270-4055
Lin,Meriott,Abakan,05.04.1973,Russia,lmeriottm1@unicef.org,+7-950-356-7471
Dory,Bradtke,Longtan,15.12.1953,China,dbradtkem2@51.la,+86-965-685-5520
Peder,Stilgo,Umeå,12.02.1987,Sweden,pstilgom3@moonfruit.com,+46-400-861-6321
Denis,Weippert,Ambanja,30.11.1972,Madagascar,dweippertm4@behance.net,+261-606-342-1014
De witt,Hanford,Kuching,11.02.1985,Malaysia,,+60-760-187-4007
Nilson,Scholes,Hexi,07.06.1950,China,nscholesm6@stumbleupon.com,+86-780-329-5673
Allix,Oman,Shorapani,14.03.1952,Georgia,aomanm7@cyberchimps.com,+995-988-222-9699
Evan,Binstead,Orly aérogare,21.04.1950,France,ebinsteadm8@hc360.com,+33-836-845-4342
Marjie,Minthorpe,Halmstad,27.02.1996,Sweden,mminthorpem9@techcrunch.com,+46-176-331-3717
Lorinda,McJury,Bhimbar,17.02.1972,Pakistan,lmcjuryma@miitbeian.gov.cn,+92-707-628-2546
Rodney,Windows,Yanjiao,12.02.1961,China,rwindowsmb@a8.net,+86-320-274-1274
Desiree,Oleksiak,San Miguel,28.03.1950,Mexico,,+52-687-265-5406
Paulina,Bounds,Ubaté,22.09.1950,Colombia,pboundsmd@goo.gl,+57-282-422-1143
Olwen,Jerok,Novosin’kovo,18.01.1965,Russia,ojerokme@cmu.edu,+7-622-603-9893
Darcey,Perigeaux,Khao Wong,18.08.1975,Thailand,dperigeauxmf@senate.gov,+66-665-552-7587
Monica,Schlagtmans,Leping,08.08.1974,China,mschlagtmansmg@ow.ly,+86-791-751-2886
Gabie,Bridel,Ostrov,04.01.1998,Czech Republic,gbridelmh@sun.com,+420-300-710-3268
Marcel,Whiten,Guisguis,10.01.1975,Philippines,mwhitenmi@imageshack.us,+63-324-875-9102
Clim,Abels,Ystad,12.07.1997,Sweden,cabelsmj@prweb.com,+46-971-322-2103
Devan,Drewitt,Nossebro,24.12.1970,Sweden,ddrewittmk@163.com,+46-940-450-8918
Gregoor,Lillecrop,Nawal,02.03.1961,Nepal,,+977-488-431-4900
Stern,Borham,Busia,05.02.1979,Kenya,,+254-391-582-3463
Wilmer,Langford,Kijang,13.07.1973,South Korea,wlangfordmn@whitehouse.gov,+82-397-720-7699
Dedra,Reams,Mogi das Cruzes,13.10.1954,Brazil,dreamsmo@mit.edu,+55-938-785-9689
Melitta,Wellman,Mīzan Teferī,05.06.1987,Ethiopia,mwellmanmp@craigslist.org,+251-277-758-4315
Lynnea,Turrell,Ostrzeszów,10.01.1964,Poland,lturrellmq@webeden.co.uk,+48-716-419-1501
Rustie,Shellum,Kirkton,16.11.1977,United Kingdom,,+44-359-716-0242
Alasdair,Artois,Darpas,25.12.1997,Armenia,aartoisms@paginegialle.it,+374-744-917-1282
Traver,Kohnemann,,,,tkohnemannmt@hao123.com,
Lissi,Giovani,,,,lgiovanimu@cbsnews.com,
Aura,Bewlie,Sumberpucung,02.06.1996,Indonesia,,+62-484-367-1073
Clayson,Glanvill,Taokeng,26.12.1963,China,cglanvillmw@bizjournals.com,+86-792-806-6812
Liam,Gerred,Victoria,05.02.1950,Chile,,+56-528-772-0329
Jamima,Marquand,Sumberpucung,22.06.1970,Indonesia,,+62-297-563-6050
Pablo,Bromehead,Wang Noi,12.02.1955,Thailand,,+66-932-156-3736
Walt,Pykett,Jayapura,25.05.1950,Indonesia,,+62-686-741-3633
Dave,Browett,Serrinha,26.09.1970,Portugal,,+351-335-101-6973
Phaidra,Lordon,Jaleswar,14.08.1958,Nepal,plordonn2@tiny.cc,+977-121-898-9052
Moses,Selwyn,Vorzel’,29.12.1988,Ukraine,mselwynn3@storify.com,+380-698-679-0231
Mildred,Fishby,,,,mfishbyn4@w3.org,
Annetta,Buchett,Shalkar,14.01.1998,Kazakhstan,abuchettn5@tumblr.com,+7-441-223-6138
Cristionna,Mustchin,Nagrak,16.04.1974,Indonesia,cmustchinn6@disqus.com,+62-238-276-3084
Corine,Bispo,Lao Suea Kok,06.05.1968,Thailand,cbispon7@so-net.ne.jp,+66-196-328-0968
Randolph,Mallatratt,Kristinehamn,20.04.1999,Sweden,rmallatrattn8@studiopress.com,+46-308-949-8174
Candy,Frensche,Luoyang,26.10.1968,China,,+86-437-176-7293
Sydney,MacCartair,San Remigio,17.04.1963,Philippines,,+63-379-276-4993
Geneva,Armour,Kapinango,25.08.1950,Indonesia,garmournb@yale.edu,+62-638-614-9729
Phaedra,Muzzollo,Marondera,06.11.1984,Zimbabwe,pmuzzollonc@economist.com,+263-379-541-7425
Libbie,Pattie,Sangtian,06.06.1982,China,lpattiend@ca.gov,+86-180-590-5236
Christie,Whitty,,,,cwhittyne@spotify.com,
Bethanne,Normanvill,Rodniki,26.06.1977,Russia,bnormanvillnf@flickr.com,+7-556-983-2797
Harriot,Ewbank,Sionogan,25.12.1983,Philippines,,+63-734-637-3806
Jermaine,Koch,Pevek,10.09.1964,Russia,jkochnh@mayoclinic.com,+7-849-363-4177
Georgeanna,Rodolico,Fulu,23.10.1968,China,,+86-419-207-6113
Derril,MacAirt,São Paulo,09.05.1984,Brazil,dmacairtnj@amazonaws.com,+55-755-974-7137
Brok,Dillway,Zhongzuiling,01.04.1971,China,bdillwaynk@prweb.com,+86-532-350-5540
Hatty,Surgison,Presidente Médici,15.04.1990,Brazil,,+55-205-952-2932
Elianore,Heckney,Sukapura,13.06.1964,Indonesia,eheckneynm@yahoo.co.jp,+62-315-378-7883
Barbey,Martynka,Lấp Vò,18.03.1991,Vietnam,bmartynkann@usnews.com,+84-933-447-4950
Janel,Filimore,Sonsorol Village,10.02.1958,Palau,jfilimoreno@miitbeian.gov.cn,+680-387-100-0202
Mariam,Cayser,,,,mcaysernp@goo.gl,
Laughton,Lesly,Böhöt,19.06.1969,Mongolia,lleslynq@wikimedia.org,+976-492-863-9766
Tore,Reimer,Tambopata,09.01.1971,Peru,treimernr@shutterfly.com,+51-644-328-8036
Pryce,Lidgertwood,Wolomoni,09.03.1985,Indonesia,plidgertwoodns@mayoclinic.com,+62-406-691-4055
Ollie,Dowker,Guder Lao,04.05.1971,Indonesia,odowkernt@boston.com,+62-368-681-5943
Cletis,Marchington,Älmhult,07.11.1969,Sweden,,+46-499-505-2807
Alameda,Wyborn,Şafāshahr,12.06.1991,Iran,awybornnv@globo.com,+98-791-222-9026
Katlin,Barnsdall,Randfontein,27.09.1965,South Africa,,+27-835-670-6025
Rodge,Bartholin,Mikhaylovka,11.02.1974,Russia,rbartholinnx@newsvine.com,+7-234-783-7709
Avictor,Macak,Oekuu,08.09.1981,Indonesia,amacakny@ebay.com,+62-820-878-4472
Charo,Ohanessian,Girey,06.01.1973,Russia,cohanessiannz@dell.com,+7-641-859-5554
Mufinella,Boffey,Poste de Flacq,24.02.1965,Mauritius,mboffeyo0@wufoo.com,+230-541-347-6624
Kiel,Curling,,,,,
Sigismund,McCosh,Pingyin,24.07.1952,China,smccosho2@wordpress.org,+86-660-369-0565
Bevin,Abbatucci,Tadotsu,22.01.1990,Japan,babbatuccio3@surveymonkey.com,+81-276-332-1393
Zacharia,Pevie,Chaykovskaya,07.02.1979,Russia,,+7-332-154-2047
Katrine,Rockall,Bankeryd,13.05.1985,Sweden,krockallo5@soundcloud.com,+46-480-972-5390
Tamiko,Broxholme,Brusy,12.12.1951,Poland,tbroxholmeo6@digg.com,+48-623-993-2853
Erinna,Bennough,Fafe,20.04.1976,Portugal,ebennougho7@fc2.com,+351-201-288-4145
Gladi,Wadie,Cicurug,02.06.1983,Indonesia,gwadieo8@t.co,+62-974-449-0072
Edwin,Doberer,Nurabelen,26.02.1990,Indonesia,edoberero9@sogou.com,+62-292-197-8014
Iseabal,Symington,Rakvere,01.05.1971,Estonia,isymingtonoa@edublogs.org,+372-645-833-2973
Taite,Clemensen,Jambuir Timur,18.10.1995,Indonesia,,+62-919-320-7239
Valaria,Killock,Sovetskaya,21.04.1979,Russia,vkillockoc@foxnews.com,+7-838-880-5239
Beverly,Eustanch,Balakhninskiy,02.06.1998,Russia,beustanchod@salon.com,+7-959-323-5950
Tine,Capon,Daqian,29.10.1993,China,tcaponoe@timesonline.co.uk,+86-542-348-3243
Ronny,Gilpillan,Curahklapa,24.07.1970,Indonesia,rgilpillanof@yellowpages.com,+62-391-552-9394
Clementius,Dracey,Surenavan,31.03.1988,Armenia,cdraceyog@google.fr,+374-609-948-8637
Carey,Sweating,Log pri Brezovici,30.07.1990,Slovenia,csweatingoh@vkontakte.ru,+386-686-746-2587
Carroll,Toderini,Ramotswa,19.01.1992,Botswana,ctoderinioi@ebay.co.uk,+267-598-943-3675
Larina,Rangall,Payabon,23.07.1998,Philippines,,+63-134-874-8652
Shayla,Binnall,Dijon,01.05.1984,France,sbinnallok@cnet.com,+33-635-153-5642
Conney,Harrop,Mata,25.12.1989,Portugal,,+351-344-840-7505
Trude,Camosso,Ganghwa-gun,23.10.1967,South Korea,,+82-458-238-6622
Jackquelin,Simonini,Dongling,07.08.1957,China,jsimoninion@privacy.gov.au,+86-357-149-8910
Alvera,Fellgatt,Portel,12.09.1996,Brazil,afellgattoo@statcounter.com,+55-251-697-7480
Brand,Fetherston,Naval,16.12.1973,Philippines,bfetherstonop@marriott.com,+63-227-739-1448
Ingelbert,Forten,Yirshi,02.03.1965,China,ifortenoq@omniture.com,+86-701-216-8258
Korella,Lammiman,Wangba,30.06.1965,China,klammimanor@vinaora.com,+86-725-332-1417
Decca,Ascroft,Saynshand,27.09.1971,Mongolia,dascroftos@pcworld.com,+976-616-175-0222
Amargo,Skevington,Hufeng,20.11.1981,China,askevingtonot@dailymail.co.uk,+86-384-774-7950
Ardith,Noli,Melíti,28.11.1988,Greece,anoliou@dagondesign.com,+30-761-137-2171
Jo-anne,Hamlington,Leiria,17.06.1953,Portugal,,+351-977-373-9066
Janean,Foukx,Panitian,30.04.1986,Philippines,jfoukxow@ebay.co.uk,+63-246-711-9791
Jan,Jimmes,Shardara,13.10.1980,Kazakhstan,jjimmesox@pbs.org,+7-222-962-7040
Kanya,Gregine,Qiaotou,16.12.1978,China,kgregineoy@census.gov,+86-907-661-1403
Naoma,Moncey,Guadalupe,06.04.1967,Mexico,,+52-687-884-3171
Anastassia,Batterham,Phanom Phrai,14.02.1986,Thailand,abatterhamp0@bbb.org,+66-882-269-9073
Collen,D'Aeth,Labuhan,05.12.1989,Indonesia,cdaethp1@free.fr,+62-592-233-3033
Theadora,Dreng,Wanjia,15.01.1988,China,tdrengp2@imgur.com,+86-765-868-8565
Dawn,Dwane,Nyazepetrovsk,22.02.1997,Russia,ddwanep3@economist.com,+7-768-593-4680
Chantalle,Langhorne,Xujiaqiao,07.12.1977,China,clanghornep4@devhub.com,+86-215-116-5849
Cornie,Dennert,,,,cdennertp5@ebay.com,
Catharina,Jedrysik,Ash Shajarah,12.05.1952,Syria,,+963-618-711-8259
Minnaminnie,McFaell,Morteros,07.02.1977,Argentina,mmcfaellp7@wikipedia.org,+54-483-524-3960
Mikol,Giovanardi,Citeureup,09.12.1969,Indonesia,,+62-515-128-9240
Fairfax,Folini,Henghe,15.06.1953,China,ffolinip9@nps.gov,+86-269-554-8532
Renee,McAdam,Funga,22.04.1966,Indonesia,,+62-889-526-9159
Glenine,Newport,San Isidro,17.04.1998,Philippines,gnewportpb@biglobe.ne.jp,+63-341-369-8255
Bryana,Gidden,Banjar Budakeling,30.12.1970,Indonesia,bgiddenpc@va.gov,+62-217-266-0763
Kalle,Goudman,,,,kgoudmanpd@ucla.edu,
Fabien,Chaperlin,Lago,27.02.1955,Sierra Leone,fchaperlinpe@scientificamerican.com,+232-694-306-4433
Sibby,Momford,Limbangan,16.05.1983,Indonesia,smomfordpf@psu.edu,+62-419-558-9726
Vergil,Tomaszczyk,Taiyu,12.05.1950,China,vtomaszczykpg@prlog.org,+86-627-530-2537
Devondra,Dorber,San Antonio Aguas Calientes,16.08.1995,Guatemala,ddorberph@livejournal.com,+502-925-691-3300
Claudette,Bruin,Santo Niño,11.01.1957,Philippines,cbruinpi@gravatar.com,+63-260-550-8403
Brynne,Ridley,Trąbki,15.07.1974,Poland,bridleypj@google.com,+48-203-563-9413
Blithe,Cone,Cincinnati,03.11.1991,United States,bconepk@over-blog.com,+1-513-978-8961
Barbara-anne,Selbach,,,,bselbachpl@delicious.com,
Goldy,Godly,Rudka,05.01.1974,Poland,ggodlypm@abc.net.au,+48-184-931-9964
Colene,Allcott,Tiaodeng,16.07.1980,China,callcottpn@sogou.com,+86-808-993-1435
Jed,Pikett,Xiaping,24.05.1979,China,,+86-307-223-2059
Jordan,Milburne,,,,jmilburnepp@newyorker.com,
Carla,Poppy,Aubenas,20.04.1993,France,cpoppypq@reddit.com,+33-887-256-2733
Chaddy,Carrodus,Sennoy,27.01.1995,Russia,ccarroduspr@zimbio.com,+7-459-346-7273
Gale,Scaife,Jiulong,11.07.1952,China,gscaifeps@wisc.edu,+86-313-945-1943
Talyah,MacPhail,Vília,05.02.1996,Greece,tmacphailpt@blogspot.com,+30-646-717-5243
Aggi,Pyford,Bayt Maqdūm,25.12.1964,Palestinian Territory,apyfordpu@altervista.org,+970-623-848-1675
Gerianne,Paradis,Brańsk,09.11.1968,Poland,,+48-887-340-4943
Giulia,Walsh,Mainque,26.07.1958,Argentina,,+54-213-876-3127
Gary,Faustian,Setun’,29.09.1965,Russia,gfaustianpx@psu.edu,+7-589-205-2551
Melvin,Osler,Eci,03.01.1996,Indonesia,,+62-787-865-1471
Dyanne,Walliker,Wenci,02.05.1968,China,dwallikerpz@hatena.ne.jp,+86-138-597-6187
Godwin,Breawood,Bořitov,06.08.1984,Czech Republic,gbreawoodq0@ovh.net,+420-136-523-4162
Rosita,Dury,Rulenge,27.07.1989,Tanzania,rduryq1@geocities.com,+255-925-407-7590
Ky,Wickins,Faranah,30.12.1987,Guinea,kwickinsq2@cbslocal.com,+224-590-206-4950
Tomkin,Reddin,Al Khānkah,15.02.1990,Egypt,treddinq3@wiley.com,+20-165-477-1817
Clotilda,Tripney,Nangong,06.06.1998,China,ctripneyq4@shutterfly.com,+86-598-946-9501
Dacia,Gravey,El Quiteño,15.04.1981,Panama,dgraveyq5@yellowbook.com,+507-252-367-1405
Timmy,Malt,Lovran,25.08.1987,Croatia,tmaltq6@ucoz.ru,+385-282-270-3837
Travis,Simic,Blyznyuky,17.03.1987,Ukraine,,+380-270-656-3519
Philis,Halburton,Heqian,30.12.1962,China,phalburtonq8@fema.gov,+86-324-935-7037
Annabal,McKevitt,Fresnes,12.02.1987,France,amckevittq9@goo.ne.jp,+33-243-104-3153
Tootsie,Sugge,Liushun,12.01.1954,China,tsuggeqa@cpanel.net,+86-501-648-3519
Candice,Matten,Bonneville,03.06.1961,France,cmattenqb@usatoday.com,+33-460-629-8531
Andromache,Iorns,Ambar,21.08.1955,Peru,aiornsqc@uiuc.edu,+51-494-263-4421
Adi,Wackett,Tosno,28.10.1950,Russia,,+7-508-630-1550
Chevalier,Santus,Vera Cruz,13.03.1984,Brazil,csantusqe@indiegogo.com,+55-658-220-5831
Portia,Ditch,Chaykovskaya,03.01.1986,Russia,pditchqf@google.com.hk,+7-546-556-8012
Martica,Gery,Dongming Chengguanzhen,13.12.1990,China,mgeryqg@domainmarket.com,+86-396-550-1830
Joe,Piris,Temuco,22.06.1984,Chile,jpirisqh@yellowpages.com,+56-324-947-7180
Angel,Morrison,Tomelilla,19.08.1964,Sweden,amorrisonqi@shutterfly.com,+46-245-698-7666
Jaynell,Purdy,San Narciso,21.03.1979,Philippines,jpurdyqj@senate.gov,+63-263-623-6479
Ainslie,Gookey,Ngancar,20.12.1984,Indonesia,agookeyqk@g.co,+62-434-863-2538
Modestia,Jex,,,,mjexql@mlb.com,
Sheffy,Gommey,Buan,11.08.1956,Philippines,sgommeyqm@amazon.com,+63-246-457-8535
Lenore,Gurnee,Emmen,28.03.1978,Netherlands,lgurneeqn@canalblog.com,+31-485-729-2312
Keslie,Burbudge,Longnawang,20.07.1970,Indonesia,kburbudgeqo@unc.edu,+62-267-972-4179
Kacey,Paulich,Philadelphia,31.03.1976,United States,kpaulichqp@altervista.org,+1-267-186-9788
Connie,Orbine,Benito Juarez,14.12.1995,Mexico,,+52-488-936-4187
Scarface,Vallender,Jīt,30.04.1998,Palestinian Territory,svallenderqr@technorati.com,+970-403-469-9816
Sam,Avey,Cagliari,30.09.1996,Italy,saveyqs@fotki.com,+39-806-980-5360
Maryellen,Jelliman,Malunda,21.10.1986,Indonesia,mjellimanqt@smugmug.com,+62-607-870-9319
Kincaid,Jzhakov,Dzüyl,24.04.1966,Mongolia,,+976-787-883-8641
Madelene,Davsley,La Paz,16.08.1954,Argentina,mdavsleyqv@discovery.com,+54-480-788-5652
Chris,Woodison,Ramanavichy,25.05.1989,Belarus,cwoodisonqw@patch.com,+375-621-132-3629
Milli,Service,Kirovskaya,07.05.1979,Russia,mserviceqx@slashdot.org,+7-935-799-3347
Averill,Brill,Tromsø,09.12.1990,Norway,abrillqy@ed.gov,+47-519-550-7237
Marne,O'Docherty,Wadung,06.08.1957,Indonesia,modochertyqz@webnode.com,+62-646-953-6905
Pieter,D'eath,Ji’an,17.04.1970,China,pdeathr0@printfriendly.com,+86-126-324-2176
Corabelle,Batchelar,Reno,08.03.1993,United States,cbatchelarr1@google.co.uk,+1-702-168-8092
Glenda,Sommerling,Doushan,15.10.1951,China,gsommerlingr2@blogspot.com,+86-984-474-7309
Denys,Ledwith,Kusheriki,27.11.1993,Nigeria,dledwithr3@google.it,+234-255-418-2637
Annabell,Haycraft,Al Misrākh,06.03.1950,Yemen,ahaycraftr4@i2i.jp,+967-279-804-8438
Yulma,Caneo,San Silvestre,06.04.1964,Venezuela,,+58-145-505-3706
Fred,Yakubowicz,Las Junturas,19.07.1963,Argentina,fyakubowiczr6@ow.ly,+54-666-304-8552
Nero,Bourton,Ogawa,07.04.1971,Japan,nbourtonr7@loc.gov,+81-313-601-3588
Benni,Jedrzejewsky,Thị Trấn Thuận Châu,02.05.1950,Vietnam,bjedrzejewskyr8@japanpost.jp,+84-195-709-2414
Kerby,Bearcock,Fayaoué,07.11.1957,New Caledonia,kbearcockr9@who.int,+687-726-985-3083
Silvano,Wingar,Menzel Bourguiba,08.03.1955,Tunisia,swingarra@sbwire.com,+216-875-336-4945
Odie,Keeltagh,Jinshi,06.11.1999,China,okeeltaghrb@cnbc.com,+86-382-579-3159
Winnifred,Mulvihill,Wangcun,30.07.1987,China,wmulvihillrc@purevolume.com,+86-915-311-3147
Job,Cumberland,Sigayevo,29.06.1991,Russia,jcumberlandrd@gravatar.com,+7-926-320-0839
Malory,Hubatsch,Santa Catalina Norte,06.12.1984,Philippines,mhubatschre@example.com,+63-608-596-9830
Conn,Borrington,Luzern,22.10.1980,Switzerland,cborringtonrf@discuz.net,+41-583-269-7587
Roxanna,Elford,Zavidovo,23.11.1958,Russia,,+7-973-535-1595
Caddric,Treweela,Kuanchuan,14.01.1976,China,ctreweelarh@prlog.org,+86-519-798-1598
Caroljean,Heinish,Kadurahayu,21.08.1994,Indonesia,cheinishri@feedburner.com,+62-365-328-8609
Carlynne,Habbijam,Kazanlŭk,28.01.1956,Bulgaria,chabbijamrj@upenn.edu,+359-142-859-1184
Brucie,Valadez,Kongsvinger,27.03.1969,Norway,bvaladezrk@eepurl.com,+47-178-206-3523
Wallache,Lamkin,Shixi,23.12.1986,China,wlamkinrl@about.me,+86-890-531-3041
Berkley,Eaton,Okrika,28.04.1979,Nigeria,beatonrm@canalblog.com,+234-768-841-0725
Mariya,Klesel,Qiankeng,01.12.1991,China,mkleselrn@nydailynews.com,+86-465-694-4716
Marietta,Coggins,Bucu Kidul,01.12.1975,Indonesia,mcogginsro@nature.com,+62-372-965-5202
Jorrie,Caseri,Nyakhachava,21.04.1981,Belarus,jcaserirp@ning.com,+375-878-623-8404
Rosalia,Cromer,Surat Thani,06.10.1991,Thailand,,+66-188-979-6154
Rene,Rubra,,,,rrubrarr@nasa.gov,
