first_name,last_name,birth_place,birth_date,country_living_in,email,phone
Morgun,Neaves,Padre Las Casas,1978-09-24,Dominican Republic,mneaves0@reuters.com,(395) 9966314
Kenny,Barfford,Bunutan,1976-10-01,Indonesia,kbarfford1@4shared.com,(108) 2459027
Charis,Kiddey,Jiebu,1997-02-23,China,ckiddey2@zimbio.com,(550) 8857966
Reeba,Bogeys,Fulong,1960-01-30,China,rbogeys3@e-recht24.de,(279) 8057281
Tiffie,Cowitz,Odienné,1982-01-22,Ivory Coast,tcowitz4@bloglines.com,(436) 5822121
Papageno,Northcote,Morales,1986-02-08,Guatemala,pnorthcote5@barnesandnoble.com,(252) 4344881
Rudie,Deporte,Liren,1971-06-04,China,rdeporte6@xinhuanet.com,(406) 9776686
Barry,Salamon,Stockholm,1960-09-07,Sweden,bsalamon7@cmu.edu,(857) 7062844
Ally,Lomen,Succha,1951-10-16,Peru,alomen8@usatoday.com,(423) 4104428
Mommy,Letterick,Kailahun,1990-06-25,Sierra Leone,mletterick9@theglobeandmail.com,(625) 1058121
Lani,Bortol,,,,lbortola@ted.com,
Frederik,Auchinleck,Maredakalada,1986-06-14,Indonesia,fauchinleckb@godaddy.com,(458) 2891669
Clay,McQuorkel,Floda,1986-08-11,Sweden,cmcquorkelc@dion.ne.jp,(476) 6746410
Corissa,Abbatt,Daeosin Satu,1986-09-19,Indonesia,cabbattd@usda.gov,(538) 6246373
Ilsa,Sirmond,Enjitsu,1973-01-10,South Korea,isirmonde@amazon.com,(124) 7795737
Myca,Danat,Liudu,1973-03-25,China,mdanatf@ucoz.com,(780) 2931768
Engracia,Lagneaux,Antsiranana,1968-08-09,Madagascar,elagneauxg@wix.com,(391) 8367631
Yolande,Sargent,Kamru,1987-10-01,China,ysargenth@github.io,(943) 5302653
Raimundo,Burborough,Yuexi,1951-09-11,China,rburboroughi@mozilla.com,(168) 2881479
Dolorita,Bernardoni,Varnsdorf,1969-09-13,Czech Republic,dbernardonij@blogspot.com,(106) 7807986
Niki,Goacher,Az̧ Z̧a‘āyin,1995-05-24,Qatar,ngoacherk@macromedia.com,(232) 2090777
Zorah,Zywicki,Bratislava,1956-12-27,Slovakia,zzywickil@comcast.net,(439) 3991600
Amye,Spragge,Sugihan,1996-06-11,Indonesia,aspraggem@statcounter.com,(334) 6563138
Elsey,Cullin,Paine,1988-07-06,Chile,ecullinn@homestead.com,(983) 1952362
Marcelle,Tanzer,San Cristóbal Totonicapán,1967-01-10,Guatemala,mtanzero@reddit.com,(555) 1670163
Richmond,Fysh,Aban,1985-08-18,Russia,rfyshp@yellowpages.com,(420) 4389580
Gina,Bairnsfather,Senggapi,1963-06-06,Indonesia,gbairnsfatherq@4shared.com,(378) 6681319
Krysta,Pisculli,Humpolec,1951-05-01,Czech Republic,,(631) 2644602
Bernhard,Boniface,Maguling,1970-09-03,Philippines,bbonifaces@dropbox.com,(812) 3933237
Monique,Everiss,Birmingham,1972-04-09,United States,,(205) 7758968
Abran,Chitham,Osieczany,1972-05-09,Poland,achithamu@dagondesign.com,(191) 4761422
Kailey,Rickis,Mayahi,1969-09-12,Niger,krickisv@salon.com,(689) 8316962
Gianna,Osbiston,Lékoni,1991-04-09,Gabon,,(319) 8479058
Aubrette,Proswell,Montenegro,1980-05-31,Brazil,,(413) 3476811
Romain,Skone,Sindangsari,1956-11-27,Indonesia,rskoney@vkontakte.ru,(927) 3259821
Marj,O'Corr,Pŭrvomaytsi,1958-11-07,Bulgaria,mocorrz@microsoft.com,(560) 5119568
Matthew,Sleith,Kishorganj,1998-12-26,Bangladesh,msleith10@4shared.com,(983) 7219705
Annalee,Blampey,Corbeil-Essonnes,1995-06-25,France,ablampey11@youtube.com,(749) 5818810
Temple,Livick,Yangiobod,1998-04-18,Uzbekistan,,(606) 1553135
Esmaria,Brandenburg,Dārāb,1973-06-30,Iran,,(250) 1132360
Roselia,Johnikin,Klenica,1955-08-26,Poland,rjohnikin14@amazonaws.com,(958) 1177970
Vasili,Guirard,Stráž,1984-11-27,Czech Republic,vguirard15@4shared.com,(500) 1891940
Marge,Sutherley,Pires do Rio,1973-10-09,Brazil,msutherley16@fda.gov,(150) 1548901
Gwendolyn,Farrell,Glamang,1970-07-12,Philippines,gfarrell17@i2i.jp,(801) 6069125
Jordanna,Jendrys,Fria,1980-10-19,Guinea,,(585) 7647608
Ezequiel,Spenclay,Kamba,1952-02-20,Nigeria,espenclay19@ted.com,(343) 4988277
Hallie,Kimble,Jalal-Abad,1952-10-08,Kyrgyzstan,hkimble1a@unblog.fr,(931) 5323743
Welsh,Varian,Pak Kret,1988-03-16,Thailand,wvarian1b@creativecommons.org,(153) 7237295
Domenico,Danson,Raksajaya,1953-08-03,Indonesia,ddanson1c@ucla.edu,(846) 9609219
Laurent,Winger,Awat,1998-05-28,China,,(306) 3267838
Reinaldo,Tutill,Jacksonville,1986-05-23,United States,rtutill1e@yahoo.com,(904) 8839267
Madelene,Finnis,San Celestio,1955-09-11,Philippines,mfinnis1f@shinystat.com,(320) 9898568
Helsa,Deavall,Liuzuo,1971-04-04,China,hdeavall1g@ocn.ne.jp,(589) 7378715
Robbie,Marryatt,Kyzyldzhar,1983-03-20,Uzbekistan,rmarryatt1h@economist.com,(611) 3773308
Noellyn,Seager,Uren’,1990-09-12,Russia,nseager1i@topsy.com,(799) 9072843
Tressa,Kempstone,Kulonkali,1986-03-21,Indonesia,,(849) 8906636
Inger,Bundy,Maseru,1956-06-18,Lesotho,,(514) 1460397
Marthe,Driver,Fort Erie,1954-12-29,Canada,mdriver1l@godaddy.com,(419) 9120587
Brit,Noor,Itéa,1970-09-07,Greece,bnoor1m@acquirethisname.com,(213) 7493861
Raeann,Feaver,Caucaguita,1978-05-11,Venezuela,rfeaver1n@t.co,(181) 7223812
Borg,Littlefield,Rahayu,1994-01-21,Indonesia,blittlefield1o@usgs.gov,(115) 8173391
Deloris,Burnell,Teykovo,1954-10-22,Russia,dburnell1p@dailymotion.com,(634) 5130427
Allx,Ber,Henglin,1965-03-23,China,aber1q@pagesperso-orange.fr,(465) 1326998
Marris,Doles,Blois,1996-05-08,France,mdoles1r@msu.edu,(893) 3729785
Kelley,Keeves,Colonia Aurora,1957-05-18,Argentina,kkeeves1s@arstechnica.com,(913) 2653305
Mickie,O'Rowane,Taraan,1988-07-24,Indonesia,morowane1t@time.com,(789) 3409684
Anna,Sherwin,Sali,1973-07-18,Croatia,asherwin1u@netscape.com,(291) 5288737
Anissa,Ricardo,Bardiyā,1970-12-13,Nepal,aricardo1v@wufoo.com,(534) 6086057
Valeda,Reagan,Luchingu,1961-04-18,Tanzania,vreagan1w@biglobe.ne.jp,(613) 2927048
Reidar,Clynman,Boncis,1974-08-14,Indonesia,rclynman1x@wiley.com,(565) 2076492
Leonhard,Dunderdale,Cangchang,1958-11-24,China,ldunderdale1y@chron.com,(991) 8110716
Lauryn,Ivasechko,Curry,1961-04-25,Philippines,livasechko1z@seattletimes.com,(689) 5097404
Briny,Bohlmann,,,,bbohlmann20@acquirethisname.com,
Humberto,Buston,Fandriana,1964-12-15,Madagascar,hbuston21@weebly.com,(483) 6269845
Fernande,Inglesent,Xinye,1994-04-09,China,finglesent22@toplist.cz,(835) 7954963
Will,O'Neary,Banjar Tengah,1970-12-04,Indonesia,woneary23@linkedin.com,(991) 7217035
Margarete,Hodjetts,,,,mhodjetts24@liveinternet.ru,
Lavinia,Tyers,Berck,1955-11-15,France,,(583) 3959086
Johnnie,Vivien,Sidu,1964-11-19,China,jvivien26@princeton.edu,(908) 5115968
Sydelle,Rippingale,Viedma,1974-02-04,Argentina,,(207) 6192797
Heinrick,Biddles,Puerto Princesa,1976-12-28,Philippines,,(380) 7962722
Witty,Dmitrienko,Muang Pakxan,1952-03-09,Laos,wdmitrienko29@engadget.com,(349) 2483648
Chevalier,Hansman,Peteranec,1981-02-13,Croatia,chansman2a@irs.gov,(271) 4697930
Yolanthe,Caudray,Sukamulya,1995-01-21,Indonesia,ycaudray2b@godaddy.com,(442) 7714856
Marcia,Couzens,Tashanta,1959-09-21,Russia,mcouzens2c@msu.edu,(593) 5033383
Kalila,Renvoise,,,,krenvoise2d@wordpress.com,
Misty,Minifie,Plaisir,1999-03-13,France,mminifie2e@spiegel.de,(170) 3129469
Brian,Shiels,Pohonsirih,1961-02-09,Indonesia,bshiels2f@ucla.edu,(478) 1064462
Rodolfo,Schwander,Uppsala,1950-08-08,Sweden,rschwander2g@51.la,(248) 4452629
Devland,Urwin,Djibo,1986-09-09,Burkina Faso,,(517) 3722536
Andy,Fleote,Srubec,1986-02-28,Czech Republic,,(751) 6717003
Billye,Evemy,Castelo,1961-02-15,Portugal,bevemy2j@google.ru,(697) 6250953
Cleveland,Episcopi,Ergong,1986-03-22,China,cepiscopi2k@alexa.com,(502) 6221647
Sylas,Stickel,,,,,
Irving,Winchcum,Baião,1990-08-01,Portugal,iwinchcum2m@google.de,(411) 7218541
Heindrick,Ahrens,Nianqiao,1983-04-27,China,hahrens2n@cam.ac.uk,(972) 3500509
Cordie,Burgott,Solnice,1953-06-09,Czech Republic,,(221) 5517345
Evered,Stephen,Lefkímmi,1993-09-04,Greece,estephen2p@theguardian.com,(655) 4203369
Cristin,Bishopp,Casal do Relvas,1954-05-21,Portugal,cbishopp2q@google.pl,(815) 4092926
Suzie,McGlue,Tānsen,1955-02-11,Nepal,smcglue2r@cdbaby.com,(666) 3377314
Tine,Piesing,Xiashan,1988-01-19,China,tpiesing2s@edublogs.org,(557) 1133401
Valle,Huddles,Shreveport,1960-11-21,United States,vhuddles2t@flavors.me,(318) 8759504
Nariko,Feveryear,Vancouver,1980-12-05,United States,nfeveryear2u@posterous.com,(360) 2297777
Fifine,Boynton,Jawhar,1979-11-28,Somalia,fboynton2v@amazon.co.uk,(880) 1382572
Britteny,Le Fevre,Santa Teresa,1990-12-28,Nicaragua,blefevre2w@hexun.com,(525) 5975388
Brenden,McCritchie,Sukamulya,1972-10-18,Indonesia,,(177) 3211690
Sheryl,Snozzwell,Pumaqangtang,1983-09-18,China,ssnozzwell2y@gnu.org,(953) 1492867
Raoul,Cumine,Kuilehe,1957-01-17,China,rcumine2z@tripadvisor.com,(276) 2047367
Sile,Ortmann,Horka nad Moravou,1986-12-12,Czech Republic,,(711) 2715350
Cordie,Sjollema,Janowiec,1958-01-01,Poland,csjollema31@networkadvertising.org,(289) 3748567
Sidonia,Kener,Zlonice,1955-03-23,Czech Republic,skener32@purevolume.com,(110) 4914728
Flora,Pearsey,Söderhamn,1957-09-23,Sweden,fpearsey33@google.cn,(823) 6555770
Virgilio,Matthis,Cungking,1996-04-07,Indonesia,vmatthis34@dot.gov,(940) 7852790
Israel,Stefanovic,Mulhouse,1978-04-12,France,istefanovic35@archive.org,(452) 1623795
Sayre,Bravington,Ricardo Flores Magon,1993-02-05,Mexico,sbravington36@uol.com.br,(387) 1762100
Kate,Chapelle,Sumberingin Kulon,1961-08-14,Indonesia,kchapelle37@163.com,(870) 5937295
Lorin,Coghill,Krajan,1968-05-29,Indonesia,lcoghill38@goo.gl,(594) 7957133
Farlee,Arling,Guarenas,1980-10-29,Venezuela,farling39@seesaa.net,(853) 6181932
Mattie,O'Doherty,Curití,1992-12-24,Colombia,modoherty3a@com.com,(615) 2608793
Staffard,Vida,KwaMbonambi,1983-11-09,South Africa,svida3b@histats.com,(686) 6669370
Torrance,Sleight,Log pri Brezovici,1981-04-21,Slovenia,tsleight3c@etsy.com,(490) 1328979
Margie,Dagwell,Frösön,1978-08-24,Sweden,mdagwell3d@ocn.ne.jp,(121) 1248202
Amalle,Couvert,Ban Thai Tan,1997-04-27,Thailand,,(233) 6355876
Donalt,Claus,Alhos Vedros,1975-03-02,Portugal,,(454) 3213202
Amargo,Fedorski,Béja,1967-01-07,Tunisia,afedorski3g@spotify.com,(459) 8001791
Sal,McVitie,Kalenderovci Donji,1950-04-24,Bosnia and Herzegovina,smcvitie3h@cisco.com,(520) 7594341
Giulia,Ortmann,Praszka,1990-02-01,Poland,gortmann3i@senate.gov,(237) 2153939
Kit,Ciciari,Rungis,1962-10-27,France,kciciari3j@businesswire.com,(412) 8624493
Xymenes,Larraway,Conceição do Coité,1996-01-19,Brazil,xlarraway3k@gravatar.com,(777) 9191412
Loria,Scutcheon,Skanör,1958-10-08,Sweden,,(155) 6099393
Kimball,McKilroe,Aix-en-Provence,1992-10-25,France,kmckilroe3m@microsoft.com,(385) 5147806
Portie,Dericot,Sabana Grande de Palenque,1983-12-20,Dominican Republic,pdericot3n@tumblr.com,(347) 8144757
Breena,Coomer,Constantia,1956-05-23,South Africa,bcoomer3o@blogs.com,(414) 5069642
Grace,Darwen,Toliara,1994-10-15,Madagascar,gdarwen3p@adobe.com,(376) 1355411
Melisandra,Footer,Rušanj,1986-02-14,Serbia,mfooter3q@creativecommons.org,(356) 2477992
Ruben,Everingham,Abomey-Calavi,1954-11-10,Benin,reveringham3r@ted.com,(425) 3800658
Jessa,Michell,Olsztyn,1970-06-22,Poland,jmichell3s@hatena.ne.jp,(168) 1178262
Augusto,Zottoli,Rungkang,1988-07-09,Indonesia,azottoli3t@dagondesign.com,(616) 8957802
Osborne,Van der Hoven,Masaki-chō,1957-09-09,Japan,,(697) 9287475
Leigha,Presland,Barcarena,1980-03-24,Brazil,lpresland3v@prlog.org,(313) 7774047
Sigfried,Cowdry,Payao,1966-08-07,Philippines,scowdry3w@elegantthemes.com,(226) 8246260
Alyson,Lipscomb,Amqui,1996-09-02,Canada,alipscomb3x@house.gov,(250) 3113391
Florian,Jaine,Mashava,1973-01-17,Zimbabwe,fjaine3y@wordpress.com,(129) 9572721
Berny,Fernie,Augsburg,1954-01-05,Germany,bfernie3z@canalblog.com,(100) 9431705
Cathie,Wolfendell,Nakamura,1956-03-23,Japan,cwolfendell40@cyberchimps.com,(701) 3007203
Rowen,Sparrowhawk,Buenaventura,1957-04-23,Colombia,rsparrowhawk41@msn.com,(318) 3941149
Prisca,Ewdale,Itambacuri,1986-12-09,Brazil,pewdale42@cbc.ca,(164) 5235536
Zena,Kovacs,Chochkan,1997-06-11,Armenia,zkovacs43@buzzfeed.com,(714) 1424130
Lonna,Northeast,Gingsir,1971-01-22,Indonesia,lnortheast44@sourceforge.net,(827) 8120126
Holden,Nemchinov,Manturovo,1998-10-01,Russia,hnemchinov45@com.com,(144) 3063611
Zsa zsa,Hanson,Yishan,1997-10-23,China,zhanson46@godaddy.com,(739) 4710209
Gilbertina,Bygott,,,,gbygott47@creativecommons.org,
Kelby,Bradden,Saint-Étienne,1983-03-20,France,kbradden48@histats.com,(540) 8416276
Gregoor,Percy,Tiegai,1995-02-12,China,gpercy49@zimbio.com,(874) 7300286
Virgil,Jacobs,Porta,1970-04-12,Portugal,vjacobs4a@smugmug.com,(950) 1271200
Bonnie,Hutt,Měřín,1986-06-22,Czech Republic,bhutt4b@sohu.com,(496) 8182661
Vivian,Gallihaulk,,,,vgallihaulk4c@bbc.co.uk,
Sigfrid,Rogans,Bireun,1971-05-15,Indonesia,srogans4d@guardian.co.uk,(726) 6476968
Ivonne,Geeves,Sfax,1971-09-22,Tunisia,,(202) 8887409
Arnaldo,Decreuze,Pasirhaur,1958-02-22,Indonesia,adecreuze4f@telegraph.co.uk,(848) 8152927
Brigham,Sandy,Huasahuasi,1982-11-05,Peru,bsandy4g@tmall.com,(748) 4139968
Cinda,Orable,Caraguatatuba,1995-09-07,Brazil,corable4h@msn.com,(410) 6761383
Kaitlynn,Paul,Baoyou,1976-01-05,China,kpaul4i@bravesites.com,(156) 5691419
Granville,Glawsop,El Quiteño,1974-05-20,Panama,gglawsop4j@pcworld.com,(708) 6753472
Susana,Whillock,Lyubinskiy,1983-04-26,Russia,swhillock4k@shop-pro.jp,(915) 2669870
Joellyn,MacNeilly,Shanban,1950-06-18,China,jmacneilly4l@angelfire.com,(377) 9278168
Paco,Bloore,Shuixi,1980-09-09,China,,(809) 7645995
Quinlan,Denisard,Krrabë,1995-11-02,Albania,,(460) 1959054
Hildy,Havard,,,,hhavard4o@theatlantic.com,
Hodge,McFarlane,San Luis,1989-06-11,Argentina,hmcfarlane4p@joomla.org,(483) 2643377
Franny,Osan,Szeged,1987-06-03,Hungary,fosan4q@nymag.com,(358) 4228369
Queenie,Northleigh,Hongqi,1957-05-21,China,qnorthleigh4r@uiuc.edu,(400) 6777504
Stanton,Maun,Lyon,1987-09-30,France,smaun4s@nba.com,(188) 7166378
Ronda,Humbatch,Cruz del Eje,1969-04-04,Argentina,rhumbatch4t@flavors.me,(970) 7848937
Beverlee,Pilley,,,,bpilley4u@dedecms.com,
Frannie,Meric,Wilfrido Loor Moreira,1966-12-18,Ecuador,fmeric4v@wired.com,(860) 5855073
Kipper,Giurio,Puma,1963-03-09,Tanzania,kgiurio4w@squarespace.com,(621) 3674216
Klarika,Abramov,Kifrī,1990-05-16,Iraq,kabramov4x@clickbank.net,(546) 4085392
Gill,Seater,Pio,1997-05-06,Philippines,gseater4y@si.edu,(362) 5274399
Dulcy,Sherrock,Yatsushiro,1981-05-17,Japan,dsherrock4z@fc2.com,(818) 3048299
Evonne,Mongin,Frankfort,1967-12-04,South Africa,,(880) 5154709
Amos,Conneau,Koíla,1957-12-11,Greece,aconneau51@accuweather.com,(647) 8172275
Basilio,Greenhall,Staraya Kupavna,1954-12-09,Russia,bgreenhall52@redcross.org,(492) 6275886
Torry,Enns,Marttila,1959-06-24,Finland,tenns53@1und1.de,(211) 9416438
Merrie,Langford,Kapinango,1987-06-16,Indonesia,mlangford54@un.org,(775) 1538174
Yard,Tamblingson,Eiriz,1992-10-23,Portugal,ytamblingson55@livejournal.com,(729) 2938452
Kirsteni,Burnand,Simo,1973-02-02,Finland,kburnand56@paginegialle.it,(620) 4324779
Karena,Fritche,Grabovci,1989-05-01,Croatia,kfritche57@slate.com,(798) 2732139
Danika,Kilgrove,Doko,1983-01-07,Indonesia,dkilgrove58@blinklist.com,(107) 6627424
Duff,Fitzsimons,Llazicë,1975-04-24,Kosovo,dfitzsimons59@nature.com,(841) 6178797
Margarethe,Fairlaw,,,,mfairlaw5a@tinypic.com,
Axe,Hourstan,Wentang,1999-10-27,China,ahourstan5b@tamu.edu,(492) 8560762
Margie,Sherreard,Honkajoki,1972-04-10,Finland,,(752) 2938314
Salem,Elloway,Kertosari,1963-07-11,Indonesia,selloway5d@gravatar.com,(205) 9885640
Mahmud,Korneichuk,Decatur,1952-12-21,United States,mkorneichuk5e@pen.io,(404) 2288172
Carey,Dovidian,Itaperuçu,1978-04-05,Brazil,cdovidian5f@nba.com,(255) 2012767
Bryn,Speedin,Palaiópyrgos,1971-07-20,Greece,bspeedin5g@google.com.au,(870) 1869914
Ginnifer,Stiell,Cassanayan,1952-08-26,Philippines,gstiell5h@wunderground.com,(670) 3132602
Emelita,Rookledge,Qiaolin,1997-12-27,China,erookledge5i@ow.ly,(376) 4750393
Madelaine,Philcock,Francova Lhota,1991-09-07,Czech Republic,mphilcock5j@t-online.de,(330) 7661226
Curr,Bowerman,Mirsk,1951-12-17,Poland,cbowerman5k@cbslocal.com,(770) 7847018
Fredi,Lasselle,Radomin,1987-03-07,Poland,flasselle5l@patch.com,(643) 2967101
Randi,Enright,Zheleznovodsk,1998-10-26,Russia,renright5m@seattletimes.com,(695) 4475324
Orion,Kelledy,Liuge,1977-12-05,China,okelledy5n@ustream.tv,(228) 5321307
Edmon,Baumadier,Sammatti,1956-09-27,Finland,ebaumadier5o@stumbleupon.com,(498) 4216185
Trueman,Extance,Tanahwangko,1950-03-25,Indonesia,textance5p@blogs.com,(451) 7392149
Fancie,Benstead,Bagong Pagasa,1967-08-22,Philippines,fbenstead5q@linkedin.com,(663) 5595874
Silvie,Phillins,Tierra y Libertad,1990-11-13,Mexico,sphillins5r@tinypic.com,(888) 6922533
Jaquenette,Tolefree,Jiangjing,1966-05-27,China,jtolefree5s@imgur.com,(495) 1197712
Parke,Caldroni,Żelazków,1990-06-13,Poland,pcaldroni5t@huffingtonpost.com,(310) 6664954
Maighdiln,Geffe,Lhoknga,1979-02-26,Indonesia,mgeffe5u@smugmug.com,(912) 1899054
Devin,Dronsfield,El Doncello,1970-02-11,Colombia,ddronsfield5v@earthlink.net,(658) 5019178
Clemmie,Haughton,Beixinjie,1982-10-24,China,chaughton5w@intel.com,(896) 2551796
Brendis,Jerrolt,Hostivice,1991-01-24,Czech Republic,bjerrolt5x@theglobeandmail.com,(513) 2271391
Lavinia,Buxey,München,1958-07-20,Germany,,(782) 6497148
Yancey,Scouller,Beijós,1974-12-19,Portugal,yscouller5z@cargocollective.com,(280) 6419690
Bride,Thyer,Olleros,1976-05-21,Peru,,(190) 6004624
Myron,Dutnall,Tempeh Tengah,1967-11-04,Indonesia,mdutnall61@scientificamerican.com,(982) 6750824
Nerti,Boath,Anyang-si,1985-08-04,South Korea,nboath62@google.com.br,(553) 6299214
Sile,Howlett,Glatik,1961-01-23,Indonesia,showlett63@mozilla.org,(650) 3908422
Hatti,Dibbin,Klisura,1995-11-08,Bulgaria,hdibbin64@w3.org,(744) 9045523
Danila,Clemson,Lubbock,1965-06-30,United States,,(806) 3011338
Arel,Snell,Al Ḩammāmāt,1975-02-17,Tunisia,asnell66@boston.com,(901) 2261161
Gusti,Walklott,Forquilhinha,1975-12-06,Brazil,gwalklott67@homestead.com,(232) 9309448
Amandi,Ayce,Caluire-et-Cuire,1961-10-08,France,aayce68@boston.com,(630) 4277661
Brennen,Westall,Ciguna,1987-04-09,Indonesia,bwestall69@ox.ac.uk,(463) 1339931
Baryram,Thomazet,Patria,1987-10-25,Philippines,bthomazet6a@samsung.com,(739) 6041457
Gilburt,Petru,Kuripan,1991-04-18,Indonesia,gpetru6b@abc.net.au,(457) 2502909
Jemmy,Braithwaite,Dabao,1951-11-24,China,jbraithwaite6c@g.co,(912) 7431876
Gun,Ariss,Bāglung,1976-03-28,Nepal,gariss6d@japanpost.jp,(816) 6393729
Rodolfo,Colleford,Az Zabadānī,1967-02-17,Syria,rcolleford6e@foxnews.com,(780) 2694971
Travis,Bedward,,,,tbedward6f@home.pl,
Chloette,Wisniowski,Podgorenskiy,1954-07-19,Russia,cwisniowski6g@utexas.edu,(596) 8122677
Lavina,Dunwoody,Uberlândia,1996-09-11,Brazil,ldunwoody6h@tmall.com,(801) 5311956
Merwyn,Thorold,Claye-Souilly,1975-10-07,France,mthorold6i@themeforest.net,(764) 3682016
Lauren,Rizzardini,Margasari,1988-12-31,Indonesia,lrizzardini6j@so-net.ne.jp,(955) 1719593
Debera,Hansie,Apeldoorn,1950-08-16,Netherlands,dhansie6k@guardian.co.uk,(987) 1968975
Vaclav,Stentiford,Angered,1994-06-18,Sweden,vstentiford6l@disqus.com,(611) 9076097
Harper,Crallan,,,,hcrallan6m@wordpress.com,
Kahaleel,Chilles,Broumov,1987-11-27,Czech Republic,kchilles6n@a8.net,(453) 6876443
Marcellus,Streight,West Palm Beach,1969-12-16,United States,mstreight6o@mail.ru,(561) 9785280
Gerome,Cameli,Duqiao,1959-04-12,China,gcameli6p@japanpost.jp,(691) 8944738
Loni,O'Dunneen,Mocun,1957-02-07,China,lodunneen6q@symantec.com,(916) 8405443
Conn,McPhelimy,Chlumčany,1982-02-12,Czech Republic,cmcphelimy6r@sciencedaily.com,(915) 5957366
Daisie,Schulz,Qal‘at al Andalus,1980-10-05,Tunisia,dschulz6s@aboutads.info,(821) 1809989
Stevana,Putterill,,,,,
Waiter,Lakey,H̱olon,1991-12-31,Israel,wlakey6u@t.co,(789) 1518525
Welsh,McAree,,,,wmcaree6v@cloudflare.com,
Shae,Stracey,Kura,1962-05-27,Nigeria,sstracey6w@examiner.com,(165) 9814922
Colleen,Curnick,Praimarada,1978-11-30,Indonesia,ccurnick6x@alibaba.com,(402) 4983198
Berky,Matussov,Bileća,1992-07-01,Bosnia and Herzegovina,bmatussov6y@alexa.com,(209) 7807697
Aleksandr,Gouley,Sungaigerong,1979-01-31,Indonesia,agouley6z@apple.com,(948) 7318589
Aleksandr,Capaldi,Hudson Bay,1999-04-29,Canada,acapaldi70@cnn.com,(820) 8243757
Xenia,Measures,San Pedro Necta,1962-02-14,Guatemala,xmeasures71@addtoany.com,(292) 5300878
Olly,Barnewille,Rublëvo,1956-02-19,Russia,obarnewille72@webnode.com,(667) 9588787
Asa,Van Castele,Baisha,1965-02-26,China,avancastele73@zimbio.com,(389) 8789858
Bartie,Stable,Grenoble,1984-05-22,France,bstable74@cnet.com,(210) 6424050
Ambrosio,Hollerin,Dafundo,1979-09-26,Portugal,,(205) 6964901
Wolfgang,Dummett,Bambang,1989-03-15,Philippines,,(213) 8518691
Devlin,Pinching,Sundbyberg,1974-09-15,Sweden,,(908) 4204084
Junina,Lloyd,Cimenga,1981-06-29,Indonesia,jlloyd78@illinois.edu,(123) 6114271
Corissa,Wharin,Az Zawr,1995-10-07,Kuwait,cwharin79@cargocollective.com,(701) 2766195
Stevie,Serfati,Kameyama,1955-02-04,Japan,sserfati7a@businesswire.com,(531) 6977542
Ronnica,Thrasher,Ake-Eze,1965-09-15,Nigeria,rthrasher7b@accuweather.com,(821) 4959658
Aili,Waby,Banjaranyar,1981-05-25,Indonesia,,(445) 9688485
Berrie,McGeechan,Tangba,1980-08-29,China,bmcgeechan7d@tamu.edu,(584) 3737333
Lenee,Colquete,Kanaya,1958-07-01,Japan,lcolquete7e@eepurl.com,(810) 4644703
Wildon,Eisig,Puncaksempur,1998-10-28,Indonesia,weisig7f@sun.com,(110) 8906141
Querida,Wigfall,Saint-Denis,1996-08-13,Reunion,qwigfall7g@hao123.com,(520) 2962784
Arnoldo,Tripcony,Tyszowce,1984-08-11,Poland,atripcony7h@dagondesign.com,(822) 3280749
Everett,Dockery,Qiaole,1990-09-13,China,,(583) 6518408
Philippa,Dadswell,Portela,1994-09-26,Portugal,,(873) 6692143
Hayes,Labbett,Lifuta,1995-06-15,China,hlabbett7k@blog.com,(574) 6864089
Yank,Bushaway,Kax,1971-04-03,China,ybushaway7l@soup.io,(476) 1138986
Granthem,Criag,Maru,1975-04-24,Nigeria,gcriag7m@sbwire.com,(831) 6511769
Tawsha,Mandel,Takahagi,1983-07-24,Japan,tmandel7n@unblog.fr,(861) 9913774
Elwyn,Gawne,Bù Đốp,1996-09-01,Vietnam,egawne7o@networkadvertising.org,(723) 9930300
Rowena,Oby,Halamendu,1972-09-17,China,roby7p@redcross.org,(870) 5911559
Melony,Tardiff,Satrejan,1974-11-27,Indonesia,mtardiff7q@hud.gov,(286) 5676586
Lilah,Inchan,Margen,1969-04-14,Philippines,linchan7r@jugem.jp,(701) 4020352
Stacee,Dungee,Datagon,1979-12-16,Philippines,sdungee7s@livejournal.com,(493) 7136010
Jonas,Battin,Hovd,1974-11-02,Mongolia,jbattin7t@blogs.com,(495) 5277987
Ely,Somerled,Annecy,1959-09-22,France,esomerled7u@furl.net,(262) 4824283
Leland,Brussell,Kungsbacka,1953-11-03,Sweden,,(573) 8116895
Jerrie,Gabbotts,Suzdal’,1992-10-11,Russia,jgabbotts7w@merriam-webster.com,(155) 4712690
Willi,Levis,Az Zintān,1965-02-20,Libya,,(553) 7270175
Claribel,Annion,Sudimanik,1971-02-26,Indonesia,cannion7y@washingtonpost.com,(873) 2108569
Thornton,McComas,Jõhvi,1972-09-05,Estonia,tmccomas7z@sciencedaily.com,(971) 6552901
Kassi,Shortt,Cabcaben,1965-08-13,Philippines,,(107) 5740342
Emory,Sidon,Niaojin,1956-01-30,China,esidon81@imgur.com,(641) 5005645
Dore,Covolini,Kuivaniemi,1953-10-26,Finland,,(184) 9042040
Con,Miere,Bosilovo,1995-08-05,Macedonia,cmiere83@tmall.com,(904) 7553287
Olympe,Tilbury,Saḩāb,1979-05-06,Jordan,otilbury84@hubpages.com,(877) 9377051
Elianore,Mintram,Ḩuwwārah,1952-08-21,Palestinian Territory,emintram85@army.mil,(548) 4832439
Napoleon,Thiolier,La Gloria,1992-06-27,Mexico,nthiolier86@t-online.de,(821) 3092716
Caresse,Atwill,Revava,1965-06-08,Israel,catwill87@cbsnews.com,(728) 9759794
Nevins,Hacon,Wailebe,1986-02-05,Indonesia,nhacon88@answers.com,(738) 5871199
Maynard,Gerkens,Dandian,1990-04-16,China,mgerkens89@time.com,(400) 9128102
Halette,Teape,,,,hteape8a@wsj.com,
Toby,Brosi,Long Thành,1980-11-08,Vietnam,tbrosi8b@narod.ru,(286) 7923753
Caty,Spilstead,Piquete,1983-03-06,Brazil,cspilstead8c@techcrunch.com,(978) 1304629
Jilleen,Paternoster,,,,jpaternoster8d@hp.com,
Chadd,Hurll,Duli,1956-06-23,China,churll8e@dagondesign.com,(491) 4682334
Humfrid,Caldwall,Ḩalwān,1984-07-04,Egypt,hcaldwall8f@seesaa.net,(497) 2748526
Sib,Marusik,Shatoujiao,1968-08-10,China,,(321) 3368006
Filbert,Morkham,Santa Elena de Uairén,1972-02-13,Venezuela,fmorkham8h@craigslist.org,(925) 8512778
Iggy,Lescop,Elvas,1994-09-27,Portugal,ilescop8i@weather.com,(564) 7435489
Sindee,Gosnell,Bayeman,1997-06-15,Indonesia,sgosnell8j@quantcast.com,(873) 2135044
Alana,Jowsey,Oleksandrivka,1969-02-15,Ukraine,ajowsey8k@goodreads.com,(991) 5734578
Kristos,Harty,Besançon,1996-10-28,France,kharty8l@businessinsider.com,(711) 8845464
Lezlie,Lawful,Mörrum,1986-03-04,Sweden,llawful8m@360.cn,(169) 7300377
Ned,Rubi,Sabana Grande de Boyá,1970-03-10,Dominican Republic,nrubi8n@elpais.com,(844) 2663443
Yolane,Wimms,Ebute Ikorodu,1985-09-21,Nigeria,ywimms8o@opensource.org,(129) 2112973
Trent,Sanderson,Wupu,1968-10-30,China,tsanderson8p@cnn.com,(203) 8822524
Gabby,Dicey,Jembe Timur,1952-05-28,Indonesia,gdicey8q@bloomberg.com,(617) 4820288
Shawnee,Mounfield,Wawu,1952-08-08,China,smounfield8r@furl.net,(476) 6350025
Viva,Kitchinham,Las Ánimas,1979-06-15,Honduras,vkitchinham8s@storify.com,(413) 3714682
Vicky,Mudge,Rudnya,1984-04-23,Russia,vmudge8t@ed.gov,(936) 1018263
Brandy,Radnage,Los Fresnos,1965-02-20,Mexico,bradnage8u@ebay.co.uk,(228) 7246805
Dacia,Ritter,Jinchuan,1962-03-04,China,dritter8v@wikimedia.org,(344) 3346554
Eleonora,Ryce,Nurabelen,1950-07-20,Indonesia,eryce8w@goodreads.com,(421) 5490773
Ermanno,Thrustle,Yuyue,1994-03-05,China,ethrustle8x@phoca.cz,(666) 2731349
Clerc,Pawlett,Sassandra,1991-12-09,Ivory Coast,,(926) 7455907
Dulce,Beardall,Svetlograd,1999-10-22,Russia,dbeardall8z@shareasale.com,(807) 8629649
Madison,Dadley,Pīshvā,1954-06-03,Iran,,(314) 4147203
Darice,Cassimer,Chigorodó,1998-06-07,Colombia,dcassimer91@pbs.org,(871) 2692825
Evelyn,Puttergill,Kälviä,1981-12-10,Finland,,(440) 4072999
Leone,Rodenhurst,Novosel’ye,1994-08-20,Belarus,,(353) 4678679
Trever,Boatright,Aksu,1987-03-31,Kazakhstan,tboatright94@fda.gov,(120) 2616701
Esmeralda,Shurman,Troyes,1991-06-15,France,eshurman95@state.tx.us,(865) 6993569
Terry,Peirce,Dolice,1959-07-20,Poland,tpeirce96@shutterfly.com,(812) 3966778
Benedetta,Pinhorn,Yangambi,1998-02-11,Democratic Republic of the Congo,bpinhorn97@miitbeian.gov.cn,(469) 8043542
Rufus,Vaun,Białaczów,1966-03-23,Poland,rvaun98@imgur.com,(782) 7632642
Brad,Gowler,Kikerino,1996-06-28,Russia,bgowler99@homestead.com,(396) 1924104
Travus,Ship,Donskoy,1953-10-02,Russia,tship9a@kickstarter.com,(917) 4723490
Minne,Putten,Itéa,1979-12-08,Greece,mputten9b@rakuten.co.jp,(772) 7216070
Muriel,Sherston,Salamnunggal,1999-01-05,Indonesia,,(914) 2598277
Beryle,Rosita,Miramar,1981-10-27,Argentina,brosita9d@mediafire.com,(946) 4568236
Reg,Kitteman,Camino Real,1970-09-22,Mexico,,(893) 9896586
Ferd,Mapholm,Astanajapura,1992-05-12,Indonesia,fmapholm9f@squidoo.com,(769) 6674271
Bartie,Stratiff,Ndélé,1968-03-25,Central African Republic,bstratiff9g@symantec.com,(870) 7892782
Devora,O'Boyle,Maduao,1985-10-19,Philippines,doboyle9h@elpais.com,(967) 5628540
Luz,Rennenbach,Győr,1981-03-06,Hungary,lrennenbach9i@cloudflare.com,(223) 8645451
Yorgos,Bestiman,‘Arīshah,1972-04-05,Syria,,(116) 6788977
Mariya,Ebbotts,Tuohua,1953-11-28,China,mebbotts9k@barnesandnoble.com,(340) 9295949
Waylen,Eite,Bình Thủy,1994-06-09,Vietnam,weite9l@geocities.jp,(647) 6284342
Giulia,Ramble,Krasae Sin,1996-08-17,Thailand,gramble9m@ucoz.ru,(868) 6498604
Dinah,Soar,Jiru,1962-11-10,China,dsoar9n@boston.com,(653) 1654008
Fidelio,De Giovanni,Rostov-na-Donu,1974-07-22,Russia,fdegiovanni9o@youtu.be,(412) 3705385
Brendin,Allan,Elbasan,1991-02-24,Albania,ballan9p@123-reg.co.uk,(263) 3886070
Dell,Stonhouse,Rodnikovskaya,1950-04-14,Russia,dstonhouse9q@parallels.com,(174) 9999504
Saba,Waylen,Mekarsari,1996-12-11,Indonesia,swaylen9r@bandcamp.com,(334) 3190845
Dilly,Dunbobbin,Awsīm,1962-04-16,Egypt,ddunbobbin9s@who.int,(139) 8424609
Sammie,Klazenga,Mahébourg,1980-03-06,Mauritius,sklazenga9t@prlog.org,(168) 1391690
Marigold,Iohananof,Bagumbayan,1964-03-02,Philippines,miohananof9u@nbcnews.com,(869) 4776908
Conroy,Thoresby,Minūf,1951-09-13,Egypt,,(411) 3533322
Freddy,Crauford,Yongxing,1983-10-03,China,fcrauford9w@blogtalkradio.com,(366) 3730305
Tedra,Castanares,Lenger,1959-08-02,Kazakhstan,,(528) 7374652
Leroi,Jeacock,Buenavista,1995-08-09,Philippines,ljeacock9y@reference.com,(859) 8125512
Ugo,Michael,Lilio,1999-08-12,Philippines,umichael9z@unicef.org,(108) 7471252
Barrie,Hatch,El Zapote,1992-01-04,Mexico,bhatcha0@ucsd.edu,(867) 6583256
Joscelin,Harle,Alvesta,1991-04-05,Sweden,jharlea1@merriam-webster.com,(600) 9217548
Marlyn,Matura,Xinglong,1991-04-08,China,mmaturaa2@yolasite.com,(519) 5376249
Sascha,Degli Antoni,Dzüünkharaa,1991-02-19,Mongolia,sdegliantonia3@uiuc.edu,(825) 9165050
Greg,Gatherer,Silongin,1957-09-24,Philippines,ggatherera4@squidoo.com,(619) 3968208
Breanne,Padmore,Longxing,1984-06-09,China,bpadmorea5@cnet.com,(882) 4378516
Artemus,McVaugh,Uarini,1966-05-28,Brazil,amcvaugha6@ehow.com,(521) 1132567
Kalindi,Van Daalen,Haduohe,1973-12-25,China,,(488) 8058109
Dollie,O'Dennehy,Peraía,1961-03-10,Greece,dodennehya8@yale.edu,(974) 7611085
Emogene,Strother,,,,estrothera9@xrea.com,
Haleigh,Brevetor,Reda,1986-03-10,Poland,hbrevetoraa@comcast.net,(769) 3280986
Cesare,Purslow,Avignon,1976-09-12,France,cpurslowab@furl.net,(382) 2260674
Rolph,Gerner,Wuxihe,1993-02-23,China,,(276) 1682805
Baxter,McGlynn,Sabana Grande de Palenque,1971-09-01,Dominican Republic,bmcglynnad@amazon.co.uk,(564) 7599146
Chaddie,Willicott,Velká Polom,1985-09-03,Czech Republic,cwillicottae@github.com,(119) 4413976
Bella,Membry,Baima,1982-04-14,China,bmembryaf@time.com,(879) 6281117
Aline,Frantz,Ntoum,1965-01-03,Gabon,afrantzag@unblog.fr,(898) 1677337
Shelagh,Prestidge,Severoural’sk,1975-07-21,Russia,sprestidgeah@purevolume.com,(752) 5164368
Keene,Fenelon,Horní Libina,1980-11-13,Czech Republic,,(978) 1371038
Marie-jeanne,Phillpotts,Arsen’yev,1957-09-29,Russia,mphillpottsaj@posterous.com,(245) 3157803
Chrissie,Clowton,Paobulan,1960-02-27,Indonesia,cclowtonak@godaddy.com,(439) 9217107
Ethelin,Cadreman,,,,ecadremanal@engadget.com,
Agnola,Flatte,Lurut,1973-04-29,Indonesia,aflatteam@hatena.ne.jp,(701) 1914274
Ulrica,Clavering,,,,uclaveringan@virginia.edu,
My,Ludlem,Lantian,1970-07-01,China,mludlemao@myspace.com,(923) 4023623
Penny,MacKim,,,,pmackimap@eventbrite.com,
Town,Rubanenko,Tocumen,1961-12-29,Panama,trubanenkoaq@cnet.com,(931) 8730014
Marcos,Clawe,Ketampak,1995-04-13,Indonesia,mclawear@unicef.org,(562) 7007777
Bartholomeus,McGurn,As Sūsah,1951-07-26,Syria,bmcgurnas@canalblog.com,(762) 7392927
Puff,Jewks,Rumboci,1979-12-19,Bosnia and Herzegovina,pjewksat@bloomberg.com,(877) 6227709
Oby,Matteuzzi,Rongelap,1980-11-03,Marshall Islands,omatteuzziau@usa.gov,(318) 7316604
Rayner,Gabey,Debre Zeyit,1999-12-03,Ethiopia,rgabeyav@domainmarket.com,(155) 5879610
Lorettalorna,Maytum,Sincelejo,1963-09-30,Colombia,lmaytumaw@arstechnica.com,(779) 5902158
Viole,O'Lagene,Santo Antônio de Pádua,1993-12-28,Brazil,,(842) 3262255
Claiborn,Newlove,Al Hāshimīyah,1953-01-04,Palestinian Territory,cnewloveay@seattletimes.com,(936) 5321657
Laurena,Lutzmann,Banjar Medura,1989-06-21,Indonesia,llutzmannaz@zimbio.com,(631) 9323186
Tadeas,Whisson,Sungai Nyamuk,1956-11-27,Indonesia,twhissonb0@photobucket.com,(749) 9440788
Artemas,Helm,Bessonovka,1989-01-05,Russia,ahelmb1@blog.com,(738) 1362566
Zebadiah,Viner,Mary,1988-09-21,Turkmenistan,zvinerb2@odnoklassniki.ru,(501) 4977534
Claybourne,Nuss,Jeziorany,1965-03-04,Poland,cnussb3@ning.com,(401) 8260777
Orel,Spellessy,Novomoskovsk,1954-10-25,Russia,ospellessyb4@businesswire.com,(923) 5136206
Juline,Rowledge,Lazarevskoye,1982-04-23,Russia,jrowledgeb5@sourceforge.net,(682) 6647734
Germayne,Swindley,Sunnyvale,1982-07-07,United States,gswindleyb6@blogger.com,(650) 8301654
Renee,Hackford,Bayan Huxu,1980-10-25,China,rhackfordb7@utexas.edu,(399) 9550812
Rosabel,Itscovitz,Xin’an,1956-11-03,China,ritscovitzb8@va.gov,(515) 6696143
Gloria,Greenshiels,Tangping,1952-07-07,China,ggreenshielsb9@prlog.org,(437) 7736445
Elena,Bastian,Borås,1982-01-01,Sweden,ebastianba@free.fr,(588) 1364101
Rhiamon,Picken,Simpang,1974-02-02,Indonesia,rpickenbb@blogs.com,(350) 9483306
Demetrius,Luna,Chacabuco,1973-07-01,Argentina,dlunabc@about.com,(584) 2409288
Clarence,Hoble,Shen’ao,1976-09-02,China,choblebd@hibu.com,(721) 5785887
Hamlen,MacCrossan,Augustów,1993-02-01,Poland,hmaccrossanbe@ask.com,(468) 8684513
Maryl,Turbill,Menampukrajan,1985-08-04,Indonesia,mturbillbf@tinypic.com,(998) 9017143
Nikolia,Polkinghorne,Sing Buri,1980-09-04,Thailand,,(992) 6599137
Jaquelyn,Romayne,Srunikrajan,1993-08-09,Indonesia,jromaynebh@hexun.com,(344) 7965599
Agata,Ubsdale,Niedzica,1951-12-31,Poland,aubsdalebi@economist.com,(550) 1044605
Leonanie,Fiveash,,,,lfiveashbj@amazon.de,
Chaddie,Prewer,Barra do Piraí,1998-06-05,Brazil,,(546) 7772491
Neely,Boughey,Kawengan,1985-04-11,Indonesia,nbougheybl@photobucket.com,(272) 1799128
Fannie,Hedges,Gayamdesa,1963-05-02,Indonesia,fhedgesbm@un.org,(763) 1631141
Les,Stirtle,Saint-Brieuc,1970-04-13,France,lstirtlebn@ask.com,(362) 4966758
Nora,Jaquest,Mahanoro,1972-07-08,Madagascar,njaquestbo@twitpic.com,(122) 8921858
Efren,Rutland,Tourcoing,1999-12-09,France,erutlandbp@issuu.com,(761) 3135321
Jody,Revel,Niquelândia,1963-03-11,Brazil,jrevelbq@webs.com,(252) 3901336
Ursala,Corselles,Zaragoza,1950-06-28,Guatemala,,(203) 2638659
Cass,Jiles,Nipawin,1975-05-03,Canada,,(860) 4274817
Raye,Laurand,La Rochelle,1962-07-20,France,rlaurandbt@msu.edu,(673) 1287016
Charmian,Wenn,Wujiaying,1993-08-22,China,cwennbu@tripadvisor.com,(783) 1589379
Hedvige,MacAllister,Mananum,1964-10-21,Philippines,hmacallisterbv@adobe.com,(192) 8292770
Devonna,Cushe,Gandusari,1962-11-27,Indonesia,dcushebw@last.fm,(667) 7801068
Devinne,Emsden,Yangjiao,1972-03-13,China,,(359) 9643625
Cinderella,Duggan,Villaviciosa,1980-03-28,Philippines,cdugganby@columbia.edu,(756) 2417181
Alyda,Bullard,Varniai,1990-01-03,Lithuania,abullardbz@1688.com,(646) 3662950
Layton,Corston,Shebekino,1960-02-07,Russia,lcorstonc0@marriott.com,(745) 1734337
Benjamin,Taberer,Tantu,1964-05-09,China,,(743) 2750744
Avril,Keach,Issoudun,1991-01-12,France,akeachc2@shareasale.com,(114) 1580269
Ranna,Greason,Saparua,1980-09-20,Indonesia,rgreasonc3@goodreads.com,(157) 4702599
Gerta,Warde,Stare Miasto,1959-12-20,Poland,gwardec4@histats.com,(466) 4687351
Adriena,Haspineall,Ar Ramthā,1957-04-28,Jordan,ahaspineallc5@alibaba.com,(885) 7956783
Abby,Izatt,Baní,1978-12-18,Dominican Republic,aizattc6@sakura.ne.jp,(742) 3977870
Phil,Litchmore,Montepuez,1998-06-29,Mozambique,plitchmorec7@cnbc.com,(569) 4886865
Mose,Graeber,Lanlongkou,1950-10-03,China,mgraeberc8@youku.com,(924) 7224496
Artemus,Klossek,,,,aklossekc9@themeforest.net,
Wilhelmine,Gludor,Beishidian,1965-03-04,China,wgludorca@ed.gov,(174) 4440929
Rosanna,Atthowe,Mathambgwane,1971-12-06,Botswana,,(436) 8088100
Ludovika,Ballendine,,,,,
Joachim,Ashbe,Koktal,1978-06-23,Kazakhstan,jashbecd@telegraph.co.uk,(131) 9109803
Brandy,Trever,Nanjing,1976-06-05,China,btreverce@photobucket.com,(161) 9156767
Mohandas,Aberdeen,Xiangquan,1978-09-23,China,maberdeencf@goo.gl,(853) 3608812
Bettine,Bitterton,Mmathubudukwane,1985-04-27,Botswana,bbittertoncg@list-manage.com,(200) 3794485
Sherri,Volante,Genang,1985-08-19,Indonesia,svolantech@time.com,(559) 7138432
Sisile,McAlees,Bronnitsy,1993-12-05,Russia,smcaleesci@github.com,(705) 7411686
Lorianne,Champ,Hoima,1969-05-06,Uganda,lchampcj@springer.com,(781) 4524933
Gaylor,Jeste,Emiliano Zapata,1973-12-26,Mexico,gjesteck@reverbnation.com,(480) 6795559
Foster,Tyzack,Changling,1960-05-20,China,ftyzackcl@php.net,(123) 6437713
Marice,Burford,Dayang,1954-06-05,China,mburfordcm@woothemes.com,(809) 1509051
Allie,McCaffery,Saint-Laurent-du-Var,1988-06-27,France,,(365) 2038816
Matilde,Kubiak,Soutelo,1968-01-30,Portugal,mkubiakco@columbia.edu,(247) 5055539
Robers,Kinset,Sukhobezvodnoye,1993-05-29,Russia,rkinsetcp@sina.com.cn,(715) 6358895
Pearla,Rockcliff,Criação Velha,1985-07-01,Portugal,prockcliffcq@devhub.com,(918) 2904113
Christophe,Gammidge,Miribanteng,1975-02-20,Indonesia,cgammidgecr@spiegel.de,(239) 2498328
Earlie,Molohan,Xiache,1959-10-22,China,,(196) 2414096
Mareah,Mort,Kapsabet,1975-07-22,Kenya,mmortct@army.mil,(415) 9677056
Lorant,Helder,Dorotea,1976-01-24,Sweden,lheldercu@wsj.com,(889) 4555356
Ginelle,Cockayme,Taoyuan,1986-03-03,China,gcockaymecv@sbwire.com,(842) 8752029
Mildred,Fryman,Beiquan,1955-06-22,China,mfrymancw@rambler.ru,(545) 8383905
Dorie,Gillivrie,Sarandi,1958-09-12,Brazil,dgillivriecx@vimeo.com,(401) 5416391
Brion,Gonnely,Comodoro Rivadavia,1967-08-09,Argentina,bgonnelycy@themeforest.net,(313) 9101353
Danie,Lanning,La Concepcion,1997-01-29,Mexico,,(217) 2413143
Antonella,Attrill,,,,aattrilld0@oaic.gov.au,
Bevan,Menat,Meiqi,1992-02-26,China,bmenatd1@japanpost.jp,(843) 3485416
Lilah,Nawton,Damnica,1955-11-06,Poland,lnawtond2@altervista.org,(998) 5852527
Prentice,Meldon,Aravissós,1985-12-20,Greece,pmeldond3@jimdo.com,(319) 7605123
Gard,Innett,Klavdiyevo-Tarasove,1988-08-09,Ukraine,ginnettd4@prnewswire.com,(281) 1975135
Hayyim,Sheehy,Trinidad,1979-04-17,Uruguay,hsheehyd5@washingtonpost.com,(437) 9255328
Lutero,Tumasian,Codoi,1988-08-27,China,ltumasiand6@example.com,(800) 1496134
Harry,Birrel,Kebonagung,1989-09-12,Indonesia,hbirreld7@usgs.gov,(341) 9535586
Guy,Candish,Sabon Gari-Nangere,1957-09-08,Nigeria,gcandishd8@wired.com,(430) 9552851
Hatty,Leah,La Paz,1995-08-31,Philippines,hleahd9@unc.edu,(784) 8916457
Skelly,Sabates,Vërtop,1960-06-30,Albania,ssabatesda@diigo.com,(124) 8440785
Duffy,Bettison,Oslo,1989-01-06,Norway,dbettisondb@geocities.com,(443) 5239555
Cassius,Northgraves,Thị Trấn Mộc Châu,1990-01-05,Vietnam,cnorthgravesdc@live.com,(446) 3038404
Marcelline,Geaves,Tebanah,1987-02-04,Indonesia,mgeavesdd@photobucket.com,(193) 6757116
Warden,Tethcote,Karanganyar,1968-04-24,Indonesia,wtethcotede@instagram.com,(855) 6259897
Nero,McLugish,Bailu,1963-11-02,China,nmclugishdf@amazon.com,(865) 4440101
Libbey,Corney,Podgornoye,1968-07-28,Russia,,(874) 7906561
Claude,Pietrusiak,Kuala Terengganu,1992-01-29,Malaysia,cpietrusiakdh@harvard.edu,(558) 1437847
Sari,Mobius,Ila Orangun,1983-12-18,Nigeria,smobiusdi@tiny.cc,(518) 9970219
Kile,Lutwidge,Cikalong,1968-12-26,Indonesia,klutwidgedj@foxnews.com,(972) 7742500
Aurthur,Gronow,Pasiripis,1967-07-30,Indonesia,agronowdk@wufoo.com,(551) 4157443
Karly,Londsdale,Hampang,1955-11-21,Indonesia,,(669) 7234938
Kimberly,Korting,Puor,1980-12-30,Indonesia,kkortingdm@blogger.com,(394) 9653549
Ilise,Waldron,Qohord-e Bālā,1973-12-20,Iran,iwaldrondn@archive.org,(358) 5526918
Gallard,Gounod,Halong,1989-04-23,Indonesia,ggounoddo@marketwatch.com,(966) 1933361
Beverley,Botwood,Bei’an,1952-08-05,China,bbotwooddp@shop-pro.jp,(690) 2174794
Bay,Goodee,Bungabon,1969-01-18,Philippines,bgoodeedq@globo.com,(888) 7666246
Hermy,Winkle,Acao,1959-10-28,Philippines,,(708) 1304009
Simmonds,Sprionghall,Gaplek,1996-01-18,Indonesia,ssprionghallds@tripadvisor.com,(727) 7775928
Zebadiah,Bliss,Psygansu,1961-09-29,Russia,,(762) 8316473
Tann,Mapother,Wanjia,1986-06-20,China,tmapotherdu@indiegogo.com,(438) 2351971
Joella,Hedon,Afanas’yeva,1999-01-08,Russia,jhedondv@mozilla.org,(283) 8752356
Vernor,Dent,Veranópolis,1952-07-29,Brazil,vdentdw@patch.com,(487) 8655754
Anett,Dwyer,Taquile,1968-02-15,Peru,adwyerdx@harvard.edu,(765) 9508598
Pernell,Gerasch,Khawr Fakkān,1992-01-31,United Arab Emirates,,(480) 6475534
Allys,Townson,Ganquan,1991-03-12,China,atownsondz@tmall.com,(734) 8041773
Roselia,Armstead,Lucerna,1987-12-27,Honduras,rarmsteade0@google.fr,(643) 4673409
Wendell,Rief,Pengchang,1980-07-16,China,wriefe1@wikispaces.com,(569) 7071527
Kiri,Castellan,Korsakovo,1966-08-29,Russia,,(798) 5879092
Horton,Moraleda,Kamenskiy,1986-12-19,Russia,,(208) 5476356
Chrysler,Britcher,Velingrad,1969-09-02,Bulgaria,cbritchere4@edublogs.org,(828) 7479618
Artur,Clougher,Praszka,1979-01-18,Poland,acloughere5@etsy.com,(519) 4468126
Debi,Tams,Ronggui,1953-12-25,China,,(309) 5971563
Loren,Sumner,Marcabamba,1983-06-27,Peru,lsumnere7@about.me,(220) 8061175
Giralda,Pandie,Barrhead,1995-02-04,Canada,gpandiee8@hp.com,(152) 5489598
Andonis,Morrowe,Puyo,1987-08-25,Ecuador,amorrowee9@mlb.com,(777) 2208986
Aggi,Heugh,Xinglong,1965-01-28,China,,(915) 2999760
Millie,Muscroft,Hanjianglu,1966-02-09,China,mmuscrofteb@pbs.org,(596) 1771306
Osborn,Coatts,San Andres,1962-05-28,Philippines,ocoattsec@jalbum.net,(959) 5497225
Esme,Marshall,Castainço,1965-06-14,Portugal,emarshalled@themeforest.net,(549) 4638062
Ansley,Iorio,Besao,1977-07-19,Philippines,aiorioee@technorati.com,(431) 2601526
Juliette,Schwander,Yingde’er,1968-03-26,China,jschwanderef@drupal.org,(997) 1282975
Sherman,Tutin,Mandalt,1977-12-28,China,stutineg@seesaa.net,(252) 7759964
Franky,Kubicka,Týrnavos,1997-07-05,Greece,,(865) 7574714
Meridel,Noads,Zhongxiang,1969-11-21,China,mnoadsei@merriam-webster.com,(419) 6767602
Diana,Arbuckel,Gaoshi,1981-09-15,China,darbuckelej@washingtonpost.com,(899) 9828793
Maximo,Kuschek,Ardee,1960-02-26,Ireland,mkuschekek@japanpost.jp,(734) 2320755
Shea,Jeenes,Zaandam,1988-01-01,Netherlands,sjeenesel@theatlantic.com,(736) 6242813
Hannis,Divill,Shcherbinka,1973-09-19,Russia,hdivillem@wired.com,(201) 9860681
Fransisco,Ebsworth,,,,,
Gerta,Thorald,Shiban,1987-07-20,China,,(675) 3303412
Justine,Furmenger,Malie,1994-03-07,Samoa,,(354) 1769611
Jasen,Mercik,Paradyż,1997-11-25,Poland,jmercikeq@timesonline.co.uk,(306) 6700167
Juliet,Leal,Letuyi,1955-06-13,China,jlealer@macromedia.com,(888) 8295777
Barton,Du Hamel,Pangpang,1973-05-30,Philippines,bduhameles@ed.gov,(873) 8110630
Yolane,Bygrave,Osa,1967-02-25,Russia,,(938) 9533168
Edyth,Stebbins,Nereta,1973-10-17,Latvia,estebbinseu@freewebs.com,(530) 8906258
Buiron,Pinckard,Los Pinos,1989-09-09,Mexico,bpinckardev@godaddy.com,(680) 4607682
Kimberlyn,Leheude,,,,kleheudeew@un.org,
Barrie,Gribble,Monção,1966-02-16,Portugal,bgribbleex@yellowbook.com,(239) 3831543
Giffer,Posnett,Bagumbayan,1967-10-09,Philippines,gposnettey@ycombinator.com,(408) 7064852
Ira,Beade,,,,ibeadeez@businessinsider.com,
Nananne,Sangwine,Tamboril,1968-08-04,Dominican Republic,nsangwinef0@omniture.com,(527) 2983621
Letty,McKiernan,Naas,1980-02-14,Ireland,lmckiernanf1@cargocollective.com,(994) 6054664
Camella,Bane,São Francisco do Conde,1953-03-11,Brazil,cbanef2@studiopress.com,(560) 7495001
Natale,McGann,,,,,
Fanchette,Ormesher,Fukura,1965-01-23,Japan,formesherf4@smugmug.com,(264) 7464693
Adrian,Geharke,Huangtang,1986-07-26,China,,(132) 1491046
Queenie,Marjot,Solčava,1983-12-16,Slovenia,qmarjotf6@histats.com,(899) 9509685
Uriel,Espley,Jiuhua,1956-08-02,China,uespleyf7@ovh.net,(345) 7250537
Lethia,Mayberry,Meukek,1997-01-22,Indonesia,,(482) 8788152
Marlie,Siebart,Lagunillas,1985-07-06,Venezuela,msiebartf9@hexun.com,(464) 9032741
Harriette,Caudrelier,Ulset,1969-11-12,Norway,hcaudrelierfa@auda.org.au,(998) 5191810
Franz,Axell,Zhoujiang,1986-06-03,China,faxellfb@naver.com,(410) 9668531
Ned,Kinloch,Sukasirna,1961-07-19,Indonesia,nkinlochfc@trellian.com,(417) 2177432
Mersey,Danett,Berezivka,1964-12-09,Ukraine,mdanettfd@abc.net.au,(340) 4171441
Olivie,Lauridsen,Nanyang,1953-03-21,China,olauridsenfe@wikipedia.org,(101) 3200228
Edgard,Iacovides,Hrazdan,1959-11-19,Armenia,eiacovidesff@sciencedaily.com,(308) 6254310
Dill,Hexter,Parakanhonje Wetan,1968-04-12,Indonesia,,(580) 8054692
Loleta,Venediktov,Brangsi,1987-04-30,Indonesia,lvenediktovfh@accuweather.com,(508) 1671044
Denyse,Klaaasen,Xiaoyang,1996-08-21,China,dklaaasenfi@guardian.co.uk,(159) 9674233
Christopher,Mustoe,Livramento,1967-09-01,Portugal,cmustoefj@posterous.com,(918) 4449771
Bartlett,Snowling,Velille,1970-06-04,Peru,bsnowlingfk@google.ca,(619) 4436294
Merralee,Frawley,Cisaat,1955-02-08,Indonesia,mfrawleyfl@etsy.com,(829) 5004631
Uri,Jagielski,Misawa,1959-10-06,Japan,ujagielskifm@jigsy.com,(743) 4238167
Garreth,Myton,Kireyevsk,1982-04-09,Russia,gmytonfn@example.com,(366) 7012890
Sharla,Livsey,Wanghu,1982-11-29,China,slivseyfo@g.co,(894) 2569777
Ruthy,Blackaller,Sävsjö,1968-03-07,Sweden,rblackallerfp@posterous.com,(593) 4411154
Lana,Thomtson,Akoupé,1989-01-31,Ivory Coast,,(941) 8051451
Calida,Libbie,Naukšēni,1964-10-07,Latvia,clibbiefr@ihg.com,(313) 5683204
Heddie,Pascho,Níkaia,1960-05-26,Greece,hpaschofs@biglobe.ne.jp,(447) 2794508
Deane,Goldring,Panjāb,1994-08-12,Afghanistan,dgoldringft@abc.net.au,(193) 2656013
Quentin,Keuneke,Thung Khru,1994-06-02,Thailand,qkeunekefu@feedburner.com,(771) 6422785
Yard,Inmett,El Salitre,1971-05-15,Mexico,,(341) 6704571
Dukey,MacColl,Bagu,1998-11-12,Indonesia,dmaccollfw@independent.co.uk,(403) 1522253
Langsdon,Sandy,San Diego,1975-09-25,Colombia,lsandyfx@skyrock.com,(287) 7656912
Leoine,Mordue,Longueuil,1962-02-01,Canada,lmorduefy@4shared.com,(255) 8455856
Charmain,Biasioni,Dhaka,1975-05-01,Bangladesh,cbiasionifz@dot.gov,(703) 6337601
Krissy,Skewis,Si Thep,1986-04-22,Thailand,kskewisg0@google.co.jp,(321) 4066016
Olvan,Polfer,Nelson,1956-05-18,Canada,,(367) 8437157
Vanny,Aldham,Wasagu,1981-10-03,Nigeria,valdhamg2@about.me,(125) 9757150
Ailbert,Anthes,Vawkavysk,1972-04-17,Belarus,aanthesg3@thetimes.co.uk,(872) 4962382
Binky,Laxston,Katoúna,1959-08-25,Greece,blaxstong4@cnn.com,(557) 1362011
Darrick,Conechie,Akaki,1959-12-31,Cyprus,dconechieg5@ameblo.jp,(172) 4576342
Edyth,Tschersich,Setono,1993-05-24,Indonesia,etschersichg6@technorati.com,(818) 3746806
Trent,Stag,Içara,1980-03-22,Brazil,,(152) 9876274
Irma,Nevill,Bantardawa,1994-03-16,Indonesia,,(841) 1428714
Phoebe,Sully,Cerro,1972-09-19,Cuba,psullyg9@linkedin.com,(670) 2326403
Hoyt,Sowley,Dongji,1980-03-18,China,hsowleyga@tinypic.com,(563) 4271290
Erin,Kik,Sampagar,1986-08-21,Philippines,ekikgb@indiegogo.com,(434) 7431242
Colin,Pharrow,Camaligan,1954-04-22,Philippines,,(568) 9066982
Lorenzo,Offin,Eydhafushi,1976-09-30,Maldives,loffingd@sbwire.com,(800) 7921249
Kathlin,Le Batteur,Shamanka,1977-02-01,Russia,klebatteurge@seattletimes.com,(612) 2899492
Valentia,Ryley,Malasiqui,1962-06-03,Philippines,vryleygf@unblog.fr,(973) 4253880
Morgen,Petruska,Mogwase,1961-09-28,South Africa,mpetruskagg@google.co.uk,(204) 1707782
Lyle,Ritson,Paris 13,1983-03-23,France,lritsongh@tmall.com,(195) 9146434
Berte,Slamaker,Smolino,1953-12-16,Russia,bslamakergi@ebay.co.uk,(317) 4607257
Mina,Cornborough,Ghormach,1970-04-15,Afghanistan,mcornboroughgj@vimeo.com,(163) 4451954
Marchall,Dunning,Shijie,1996-10-28,China,mdunninggk@senate.gov,(312) 5843907
Antoinette,McGeneay,Reims,1951-03-29,France,amcgeneaygl@mediafire.com,(886) 1813862
Alic,Heathorn,Kimch’aek-si,1954-09-30,North Korea,aheathorngm@webnode.com,(471) 5012072
Georg,Billiard,,,,gbilliardgn@trellian.com,
Roxanne,Clist,Savyon,1998-10-21,Israel,rclistgo@latimes.com,(802) 5854338
Goddart,Whether,Bayeux,1987-07-20,Brazil,,(682) 6280788
Briano,Stienham,Blerim,1989-10-20,Albania,,(141) 8758999
Konstantine,Starkie,Cambuí,1985-05-09,Brazil,kstarkiegr@google.it,(683) 3281990
Wylie,Doget,Tuquan,1998-09-09,China,wdogetgs@illinois.edu,(628) 1070179
Roldan,Tettley,Pallasovka,1956-02-20,Russia,,(283) 9269774
Ashlee,Izzat,Sokol’skoye,1961-02-16,Russia,aizzatgu@nbcnews.com,(501) 5059201
Nehemiah,Brigham,Domsjö,1998-03-01,Sweden,nbrighamgv@netvibes.com,(332) 5047683
Shantee,Spurrett,Shofirkon,1986-08-29,Uzbekistan,sspurrettgw@mit.edu,(485) 7465772
Gray,Ashplant,Datian,1974-05-29,China,gashplantgx@economist.com,(712) 9601560
Guillemette,Glinde,Takahagi,1992-03-16,Japan,gglindegy@google.pl,(100) 6870288
Anthony,Goozee,,,,agoozeegz@google.com.br,
Ivor,Allgood,Porsgrunn,1993-08-07,Norway,iallgoodh0@dropbox.com,(622) 7770428
Derk,Gaul,Bilhó,1950-11-19,Portugal,,(250) 5442739
Quent,Tolomelli,Karangharjo,1978-02-13,Indonesia,qtolomellih2@tinyurl.com,(103) 4262323
Lindy,McCaig,Sosnówka,1968-12-06,Poland,lmccaigh3@goodreads.com,(203) 7082343
Ailis,Franzetti,Danané,1965-04-08,Ivory Coast,afranzettih4@addtoany.com,(801) 1176347
Clyve,Farrell,Ozorków,1989-03-31,Poland,cfarrellh5@networksolutions.com,(632) 8164542
Malory,Jerwood,Luoshan,1992-10-07,China,,(323) 1293149
Florian,Whitty,Samut Prakan,1975-02-17,Thailand,fwhittyh7@hubpages.com,(202) 4099992
Monika,Ethelstone,Eastern Suburbs Mc,1967-08-13,Australia,methelstoneh8@zdnet.com,(578) 4888355
Jim,Lerner,Honghualiangzi,1951-03-04,China,jlernerh9@privacy.gov.au,(328) 5692957
Cathrin,Farnish,Dulles,1963-04-04,United States,cfarnishha@qq.com,(571) 7042768
Jerrine,Liccardo,San Joaquin,1984-03-28,Philippines,jliccardohb@pen.io,(422) 3011588
Morganne,Gehricke,Mirošov,1991-03-19,Czech Republic,mgehrickehc@dyndns.org,(232) 1388720
Bessy,Henriquet,Khurriānwāla,1956-05-07,Pakistan,bhenriquethd@domainmarket.com,(497) 2438919
Gardie,Dykas,Bugembe,1975-05-01,Uganda,,(318) 7893641
Alec,Inger,Huomachong,1957-04-24,China,aingerhf@webs.com,(135) 9615218
Archer,O'Hagerty,Mugan,1995-08-19,China,aohagertyhg@reverbnation.com,(194) 9359871
Winnifred,Bosket,Santa Bárbara,1955-07-06,Guatemala,wboskethh@twitpic.com,(241) 2200140
Lira,Kumaar,,,,,
Clarinda,Chatelot,Bataiporã,1969-07-26,Brazil,cchatelothj@amazon.de,(780) 3997005
Oswald,Hanigan,Coromandel,1959-09-13,New Zealand,ohaniganhk@skyrock.com,(460) 9733614
Selina,Vischi,Daga,1957-08-21,Bhutan,svischihl@amazon.co.uk,(127) 5004182
Eduard,Chittey,Baki,1987-01-31,Indonesia,echitteyhm@cloudflare.com,(195) 8579571
Morna,Glisenan,Jiaoxie,1975-08-17,China,mglisenanhn@xrea.com,(733) 6982196
Farrel,Loudon,Gereneng,1955-08-12,Indonesia,floudonho@ihg.com,(679) 9118416
Haywood,Mellody,Tarasovskiy,1985-02-05,Russia,hmellodyhp@ucsd.edu,(678) 6788057
Brice,Drummond,Ngedhusuba,1978-09-14,Indonesia,bdrummondhq@webeden.co.uk,(936) 9375429
Dennison,McOwen,Sibinal,1988-01-25,Guatemala,dmcowenhr@xrea.com,(131) 2704839
Lottie,Marlen,Zhengcun,1965-04-17,China,lmarlenhs@flavors.me,(513) 5344110
Aurore,O'Hollegan,Auna,1995-10-03,Nigeria,aoholleganht@cloudflare.com,(946) 2874609
Guendolen,Rogeon,Södertälje,1982-12-18,Sweden,grogeonhu@twitpic.com,(239) 6290044
Mellisa,Smewings,Azurva,1957-10-21,Portugal,msmewingshv@quantcast.com,(583) 1999270
Syman,Wattins,Voznesenskaya,1988-08-17,Russia,swattinshw@histats.com,(400) 9721226
Wildon,Marton,Dassun,1978-05-17,Philippines,wmartonhx@ibm.com,(305) 5438261
Sheffield,Halegarth,Sawoi,1991-01-17,Indonesia,shalegarthhy@sakura.ne.jp,(953) 4251364
Gabriellia,Plowright,Mitsukaidō,1953-08-31,Japan,,(908) 4481049
Chevalier,Burchnall,Stocksund,1953-04-08,Sweden,,(143) 1085024
Yuri,Krol,Keli,1963-06-28,China,ykroli1@woothemes.com,(855) 1590831
Blisse,Huebner,Kaduy,1996-04-30,Russia,bhuebneri2@ox.ac.uk,(593) 1987221
Conrado,Bernlin,El Progreso,1991-05-24,Mexico,,(219) 3294883
Aime,McGeorge,Magadan,1974-03-17,Russia,,(968) 6159335
Salvatore,Slayton,Facatativá,1999-10-28,Colombia,sslaytoni5@blogtalkradio.com,(267) 8079989
Cordie,Cane,,,,ccanei6@sciencedaily.com,
Berty,Pickavant,Drohiczyn,1993-01-20,Poland,bpickavanti7@rakuten.co.jp,(482) 5403955
Denys,Thorbon,Lagoa Vermelha,1990-12-07,Brazil,dthorboni8@youtu.be,(954) 7349767
Rora,Feldbaum,Kharagauli,1963-10-31,Georgia,rfeldbaumi9@ftc.gov,(550) 9558238
Daffi,Hadlington,Kasungu,1969-07-09,Malawi,dhadlingtonia@bravesites.com,(941) 3878435
Ginnifer,Pedgrift,,,,,
Delmer,Olensby,San Eugenio,1970-02-08,Philippines,dolensbyic@yolasite.com,(459) 8694801
Christel,Mewes,Kičevo,1960-07-01,Macedonia,cmewesid@howstuffworks.com,(268) 6861312
Itch,Pinner,Rossosh’,1957-01-06,Russia,ipinnerie@instagram.com,(576) 9580562
Alard,Dechelle,Rumoi,1970-06-06,Japan,adechelleif@123-reg.co.uk,(375) 9941289
Cobbie,Peak,Fada N'gourma,1960-01-16,Burkina Faso,cpeakig@wsj.com,(680) 3592976
June,Ransom,Portet-sur-Garonne,1964-06-05,France,,(871) 5701959
Fiorenze,Guerri,Valado dos Frades,1988-09-13,Portugal,fguerriii@redcross.org,(932) 4594177
Donna,Dunkerly,Jinzhou,1981-12-12,China,ddunkerlyij@123-reg.co.uk,(167) 2474192
Gerta,Kell,Pokhara,1961-01-26,Nepal,gkellik@wikipedia.org,(858) 2298776
Rheta,Balassa,Yanino Vtoroye,1982-05-21,Russia,rbalassail@w3.org,(908) 4147331
Cathe,McCritchie,Fyllingsdalen,1981-06-24,Norway,cmccritchieim@theatlantic.com,(534) 5994346
Inge,Sinnocke,Gununglarang,1984-05-08,Indonesia,isinnockein@sbwire.com,(561) 7298620
Tedman,Rowlings,Peñarrubia,1965-06-12,Philippines,trowlingsio@europa.eu,(792) 7463129
Alexander,Hugueville,Yangzi,1957-05-26,China,ahuguevilleip@state.gov,(698) 1106085
Mathe,Knivett,Cassanayan,1991-08-24,Philippines,mknivettiq@joomla.org,(191) 8213080
Albrecht,Bradnam,Maguwon,1995-05-10,Indonesia,abradnamir@webeden.co.uk,(834) 1505181
Rosina,Oxtaby,Bela Vista do Paraíso,1979-11-13,Brazil,roxtabyis@tripod.com,(923) 2590150
Giselle,Ismirnioglou,Neochóri,1984-05-19,Greece,,(980) 4927430
Cris,Scrowton,Borucin,1996-12-22,Poland,cscrowtoniu@go.com,(182) 1033216
Maury,Sharpin,Quşrah,1969-04-18,Palestinian Territory,,(787) 1512877
Celie,Dash,Binglincha,1998-10-26,China,,(258) 4042627
Kari,Durnford,Starobin,1992-04-14,Belarus,kdurnfordix@google.com.hk,(146) 3490690
Sharline,Bilsland,Wupu,1977-05-29,China,sbilslandiy@webs.com,(463) 7875589
Nobie,Ping,Qizhen,1972-07-16,China,,(424) 1173869
Lillis,Ellson,Griboyedov,1993-11-02,Armenia,lellsonj0@simplemachines.org,(966) 7632034
Bren,Rappport,Olhos de Água,1964-12-07,Portugal,brappportj1@sourceforge.net,(550) 6818324
Boyce,Berecloth,Kaliro,1990-04-19,Uganda,bbereclothj2@berkeley.edu,(623) 1357517
Bryon,Earry,Kabac,1960-12-08,Philippines,bearryj3@elpais.com,(978) 1342615
Cally,Gouck,Labuhankananga,1954-07-20,Indonesia,cgouckj4@stumbleupon.com,(876) 8853011
Desmund,Alten,Mulyadadi,1981-07-15,Indonesia,daltenj5@netscape.com,(957) 2705242
Kirbee,Sturton,Berlin,1960-12-02,Germany,ksturtonj6@abc.net.au,(671) 9836619
Alla,Dutchburn,New Sibonga,1967-06-15,Philippines,adutchburnj7@linkedin.com,(730) 8056840
Latashia,Quartley,Lourido,1966-08-03,Portugal,lquartleyj8@weebly.com,(343) 2184842
Odell,Iddins,Potlot,1993-02-05,Indonesia,oiddinsj9@ihg.com,(199) 1046263
Bernardine,Arthars,Sang-e Māshah,1963-03-15,Afghanistan,,(648) 8564243
Lauraine,Jakobsson,Silgueiros,1960-02-09,Portugal,ljakobssonjb@redcross.org,(195) 5865739
Hashim,Sisneros,Monte do Outeiro,1988-07-14,Portugal,hsisnerosjc@scribd.com,(391) 9368592
Fifi,Jzak,Kabalen,1977-01-14,Philippines,fjzakjd@slashdot.org,(168) 2526819
Raynard,McCahey,Carbajales,1983-09-04,Honduras,rmccaheyje@deliciousdays.com,(436) 8816010
Clywd,Withur,Vom,1976-08-19,Nigeria,,(867) 7183888
Duff,Tratton,Kohāt,1960-08-27,Pakistan,dtrattonjg@slate.com,(241) 4280631
Nydia,McGown,Masjed Soleymān,1956-09-28,Iran,nmcgownjh@narod.ru,(975) 7051887
Kale,Glanester,Västervik,1983-10-15,Sweden,kglanesterji@kickstarter.com,(335) 8728965
Norry,Wyrall,Petrodvorets,1951-02-24,Russia,nwyralljj@flavors.me,(959) 4493567
Nikola,Sheal,Guanzhuang,1988-10-24,China,,(446) 8394833
Elvina,Jentle,Górzno,1950-06-19,Poland,ejentlejl@usatoday.com,(786) 6576257
Sheela,Springer,Langádhia,1995-05-12,Greece,sspringerjm@dailymotion.com,(799) 9988379
Renie,Maddrell,,,,rmaddrelljn@wsj.com,
Hedvige,Metham,Brvenica,1972-04-03,Macedonia,hmethamjo@adobe.com,(909) 1020867
Sofie,Simony,Nusajaya,1984-11-24,Indonesia,ssimonyjp@blogtalkradio.com,(203) 4345813
Avie,MacKeller,Asopós,1975-06-06,Greece,amackellerjq@flavors.me,(148) 9736233
Nelle,Yandle,Dzhankoy,1986-03-20,Ukraine,nyandlejr@infoseek.co.jp,(212) 8111003
Milly,Gatus,Elverum,1971-09-26,Norway,mgatusjs@usnews.com,(289) 1018327
Astra,Gascard,Ōmihachiman,1999-09-12,Japan,agascardjt@amazon.com,(384) 2370157
Piggy,Twinberrow,Rudka,1963-03-26,Poland,ptwinberrowju@digg.com,(184) 7433021
Wendye,Panton,Dengok,1960-12-04,Indonesia,wpantonjv@fotki.com,(682) 3705700
Sheri,Baselio,Picton,1976-04-14,Canada,,(926) 2095085
Ulla,Trillo,Ḩabābah,1983-06-02,Yemen,utrillojx@typepad.com,(714) 6637183
Alwyn,Dukelow,Dongqu,1963-11-29,China,,(984) 6623433
Rad,Gwioneth,Turenki,1974-07-18,Finland,,(106) 1969368
Eddi,Sharper,,,,,
Tedd,Gummow,Reggio Calabria,1974-02-24,Italy,,(252) 2820537
Amaleta,Kiehl,Canoas,1954-01-12,Brazil,akiehlk2@google.co.jp,(131) 1011245
Babb,Shurville,Leiden,1950-02-27,Netherlands,bshurvillek3@time.com,(270) 3646480
Barny,Dell 'Orto,Bujanovac,1979-05-01,Serbia,,(721) 4513800
Rosamond,Paxeford,Samayac,1950-10-14,Guatemala,rpaxefordk5@imgur.com,(143) 2975819
Renie,Tailby,Tanda,1968-03-21,Ivory Coast,rtailbyk6@apple.com,(990) 9299536
Rupert,MacGahey,Uppsala,1979-04-05,Sweden,rmacgaheyk7@samsung.com,(334) 9835799
Oralia,Earthfield,Qinghaihu,1971-04-30,China,oearthfieldk8@reference.com,(222) 5308542
Cyndy,Pol,Montecristi,1999-01-21,Ecuador,cpolk9@wikispaces.com,(950) 2405830
Lazar,Stockall,Huambo,1989-08-27,Peru,lstockallka@msn.com,(963) 8880804
Ainsley,Piele,Kovernino,1962-06-27,Russia,,(973) 4518699
Aaron,Southerns,San Vicente de Bique,1995-01-26,Panama,asouthernskc@timesonline.co.uk,(645) 2399124
Chancey,Gabriely,Xintang,1980-05-29,China,cgabrielykd@yolasite.com,(956) 7719422
Emmie,Pascho,Tojeira,1978-03-25,Portugal,epaschoke@reference.com,(427) 1085536
Janine,felip,Caacupé,1997-01-09,Paraguay,jfelipkf@altervista.org,(587) 1949754
Glen,Rotlauf,Janes,1988-07-08,Portugal,,(454) 1518576
Leigh,Faivre,Roissy Charles-de-Gaulle,1950-11-25,France,lfaivrekh@soup.io,(757) 5852528
Car,Kitteringham,Duque de Caxias,1957-05-20,Brazil,ckitteringhamki@nhs.uk,(753) 6590286
Eduard,Saenz,Arauco,1977-04-25,Argentina,esaenzkj@pagesperso-orange.fr,(357) 5048178
Anette,Burtwistle,Lapuz,1989-11-15,Philippines,aburtwistlekk@moonfruit.com,(984) 1650686
Alica,Camelia,Ala,1989-11-20,China,acameliakl@imgur.com,(398) 9681335
Birch,Gerauld,Perth,1976-09-19,Australia,bgerauldkm@psu.edu,(629) 7303293
Niall,Manzell,Pacaraos,1970-08-31,Peru,nmanzellkn@instagram.com,(986) 8304294
Timothee,Reast,Paso de los Libres,1979-11-22,Argentina,treastko@nytimes.com,(229) 5860303
Gloria,Joesbury,Vista Hermosa,1991-06-19,Panama,gjoesburykp@accuweather.com,(100) 7702394
Barbara-anne,Kobiera,Tiên Phước,1989-11-08,Vietnam,bkobierakq@samsung.com,(479) 5471971
Licha,O'Regan,Yanggan,1989-03-21,China,loregankr@vimeo.com,(598) 9524741
Kacy,Purviss,,,,kpurvissks@blogger.com,
Bekki,Forkan,Xinghua,1997-06-14,China,bforkankt@bloglovin.com,(806) 8233238
Mendie,Willstrop,,,,mwillstropku@adobe.com,
Gavra,Hefner,Buffalo,1987-12-08,United States,ghefnerkv@amazon.de,(716) 3109413
Calla,Slorance,Limeiras,1956-08-26,Portugal,cslorancekw@1und1.de,(207) 8463372
Carmelina,Bownd,Chachagüí,1968-02-02,Colombia,cbowndkx@cisco.com,(988) 7428563
Holly-anne,Taffs,Baolin,1969-07-17,China,htaffsky@java.com,(405) 4868104
Gwenore,Matevosian,,,,gmatevosiankz@mashable.com,
Gannie,Sullens,,,,gsullensl0@abc.net.au,
Dalis,Tuke,Néa Ionía,1950-05-06,Greece,dtukel1@fastcompany.com,(511) 2027602
Fraze,Tibb,Zwolle,1977-02-27,Netherlands,,(617) 8266508
Estelle,Martijn,Quintã,1969-03-03,Portugal,emartijnl3@unesco.org,(968) 2902586
Brandais,Stoppard,Empório,1998-02-25,Greece,bstoppardl4@biglobe.ne.jp,(723) 5004401
Cloe,Kleinberer,Heilangkou,1952-07-09,China,ckleinbererl5@shop-pro.jp,(340) 4015890
Klemens,Minnock,Conceição do Coité,1993-10-25,Brazil,kminnockl6@cdc.gov,(327) 6429331
Raymund,Fulker,,,,rfulkerl7@wufoo.com,
Damian,Manuel,Herīs,1997-03-08,Iran,dmanuell8@fastcompany.com,(258) 5259933
Dulcie,Hanster,Strängnäs,1955-11-14,Sweden,dhansterl9@yahoo.co.jp,(163) 8284164
Benjamin,Welling,Chujiang,1991-10-17,China,bwellingla@gmpg.org,(276) 7728041
Griff,Ryson,El Limon,1991-09-24,Mexico,grysonlb@homestead.com,(253) 8826623
Audy,Bonnor,Burirao,1951-01-14,Philippines,abonnorlc@hostgator.com,(247) 4373261
Bee,Winterborne,Shatrovo,1984-03-01,Russia,bwinterborneld@nationalgeographic.com,(712) 2433245
Dianemarie,Fones,Huanggong,1979-04-02,China,dfonesle@csmonitor.com,(172) 8393745
Helli,Jirsa,Wesoła,1997-11-17,Poland,hjirsalf@wsj.com,(455) 6856259
Kathryne,Gulk,Doushaguan,1981-12-11,China,kgulklg@china.com.cn,(456) 8872135
Harwilll,Juckes,Granja,1980-08-11,Portugal,,(815) 5354474
Gardiner,Brilon,Khueang Nai,1993-05-05,Thailand,gbrilonli@purevolume.com,(719) 6223637
Corenda,Brockhouse,Banes,1989-06-20,Cuba,cbrockhouselj@hibu.com,(856) 3783582
Hollis,Skillett,,,,hskillettlk@amazon.de,
Phaedra,Godsal,Kuala Lumpur,1980-10-24,Malaysia,pgodsalll@sourceforge.net,(821) 1417933
Helen-elizabeth,Sidden,Paris 17,1992-04-23,France,hsiddenlm@live.com,(512) 7876246
Kelcie,Arnason,Polo,1998-12-13,Indonesia,karnasonln@stumbleupon.com,(732) 7972455
Pearl,Perello,Vitoria-Gasteiz,1971-04-03,Spain,,(395) 3608661
Freeman,Heams,Dongzhaogezhuang,1968-03-19,China,,(827) 9584457
Heather,Yabsley,Srednebelaya,1983-11-05,Russia,hyabsleylq@dyndns.org,(367) 2991010
Kissiah,Oates,Ma‘dān,1988-05-26,Syria,koateslr@illinois.edu,(167) 7272223
Anna-diana,Mephan,Niwiska,1955-02-11,Poland,,(456) 4955657
Lianne,Cubley,Vary,1966-09-08,Ukraine,,(564) 5535788
Roxi,McCahey,Jelah,1973-12-07,Bosnia and Herzegovina,rmccaheylu@usgs.gov,(294) 5337186
Percy,Ferrieri,Sorang,1999-07-19,Kazakhstan,,(889) 5539248
Annaliese,Gregorin,Zavolzh’ye,1976-12-29,Russia,agregorinlw@ftc.gov,(375) 4315151
Leeanne,Yglesia,Sukamulya,1982-07-05,Indonesia,lyglesialx@mashable.com,(318) 9253219
Phip,Starmont,Raposos,1957-12-05,Brazil,,(488) 3075978
Larine,Eringey,Naranjito,1964-09-10,Ecuador,leringeylz@dell.com,(802) 1666795
Ranice,O'Flaherty,Kochani,1992-10-27,Macedonia,,(776) 9041466
Lorrin,Teaze,Tiberias,1977-10-19,Israel,lteazem1@opera.com,(507) 1326291
Berny,Heskins,Benger,1962-07-26,Indonesia,bheskinsm2@t-online.de,(234) 3050790
Cornela,Gecke,Mingcheng,1974-10-11,China,cgeckem3@lulu.com,(122) 9143130
Roddy,Ploughwright,Tubungan,1975-09-13,Philippines,rploughwrightm4@hatena.ne.jp,(804) 8762676
Leupold,Yoselevitch,Ingersoll,1971-08-28,Canada,lyoselevitchm5@independent.co.uk,(550) 6188437
Rafaello,Potell,Aswan,1955-08-01,Egypt,,(175) 8184239
Rosabel,O'Cahill,Karangtengah,1957-02-25,Indonesia,,(536) 4937286
Shaine,Ben-Aharon,Tangxian,1955-10-06,China,sbenaharonm8@google.nl,(795) 9723378
Shirley,Calton,Jazovo,1969-11-09,Serbia,scaltonm9@over-blog.com,(565) 2320755
Myrtle,Blanckley,,,,mblanckleyma@alexa.com,
Englebert,Theze,Zhongling,1951-03-26,China,ethezemb@elpais.com,(669) 2187993
Conn,Salery,Rušanj,1955-03-24,Serbia,,(912) 8149975
Sam,Leggs,Czerniewice,1969-07-23,Poland,sleggsmd@pen.io,(437) 8281293
Allys,Danniel,Ostružnica,1957-07-16,Serbia,adannielme@privacy.gov.au,(386) 8232040
Ailsun,O'Hickee,Reguengos de Monsaraz,1985-06-23,Portugal,aohickeemf@guardian.co.uk,(417) 2331139
Sandra,Wyard,Krajan C Wonorejo,1998-09-08,Indonesia,swyardmg@ameblo.jp,(666) 9167266
Morganne,Baitman,Kenyau,1986-02-01,Indonesia,mbaitmanmh@patch.com,(782) 4092725
Vance,Merkle,Liwonde,1979-04-20,Malawi,vmerklemi@canalblog.com,(658) 1379575
Vivianna,Hourstan,Zerkten,1976-04-20,Morocco,vhourstanmj@ow.ly,(241) 9376332
Isak,de Marco,Buffalo,1974-01-02,United States,idemarcomk@harvard.edu,(716) 6361795
Bunni,Dignon,Harstad,1984-11-07,Norway,bdignonml@cdbaby.com,(229) 9439653
Jill,Quin,Culianin,1952-11-20,Philippines,jquinmm@usa.gov,(727) 9764608
Veradis,Reimer,Tetovo,1988-04-01,Macedonia,vreimermn@netscape.com,(469) 1753746
Sharia,Parkyns,Buraen,1972-06-25,Indonesia,sparkynsmo@google.ru,(210) 8758651
Rosa,Marlin,Gunem,1994-05-07,Indonesia,,(527) 1402152
Delcine,Skryne,Dongpu,1963-05-16,China,dskrynemq@webs.com,(621) 6755257
Cornela,Adnett,Guaíra,1992-09-13,Brazil,cadnettmr@vistaprint.com,(685) 1383448
Woodie,Volleth,Mariquita,1994-01-19,Colombia,wvollethms@wiley.com,(887) 6656006
Jefferey,Stratford,Yu’erhong,1987-07-22,China,jstratfordmt@addthis.com,(382) 9531211
Kalie,Cooke,Säter,1993-03-12,Sweden,kcookemu@omniture.com,(677) 3225750
Corny,Honeyghan,Carmen,1957-01-21,Philippines,,(422) 7304518
Edithe,Coweuppe,Karema,1974-08-30,Tanzania,ecoweuppemw@fda.gov,(253) 7726719
Shepperd,Cuffin,Pajaten,1993-03-30,Indonesia,scuffinmx@indiatimes.com,(280) 3337270
Tabbi,Heliar,Espinosa,1959-05-18,Brazil,theliarmy@tinyurl.com,(916) 8938590
Salem,June,Ngoc Hon Doc,1969-12-07,Vietnam,,(704) 7631410
Cahra,Balderstone,Buyunshan,1957-01-13,China,cbalderstonen0@engadget.com,(296) 5386586
Adrianna,Tremollet,Yuyang,1974-08-26,China,atremolletn1@guardian.co.uk,(545) 3801614
Cordelie,Embleton,Chapecó,1955-09-27,Brazil,cembletonn2@elegantthemes.com,(594) 2133429
Phaidra,Gannicott,Swiętajno,1967-03-27,Poland,pgannicottn3@ocn.ne.jp,(849) 5576582
Sigismund,Antuoni,Tromsø,1965-01-26,Norway,santuonin4@ted.com,(239) 7143737
Monroe,Rodson,,,,mrodsonn5@dedecms.com,
Marget,Girodier,Baculin,1958-03-04,Philippines,,(592) 5429182
Merrick,Northall,Yutou,1950-01-18,China,,(922) 5452818
Raimundo,Barnwill,,,,rbarnwilln8@exblog.jp,
Gavin,Bolzen,Suphan Buri,1965-09-22,Thailand,,(880) 5917109
Kai,Chrystal,New York City,1971-10-14,United States,kchrystalna@edublogs.org,(646) 2965542
Hartwell,Calderwood,Hesheng,1953-03-10,China,hcalderwoodnb@digg.com,(692) 1046498
Caitrin,Averay,Awilega,1950-08-07,Indonesia,caveraync@dmoz.org,(247) 8940977
Kath,Lamperti,Emiliano Zapata,1989-03-03,Mexico,klampertind@dion.ne.jp,(528) 3935427
Chane,Lingley,Gostovići,1958-08-28,Bosnia and Herzegovina,,(667) 5940734
Dal,Coats,Balyaga,1996-01-16,Russia,dcoatsnf@springer.com,(493) 6058510
Simona,Dorbin,Chastyye,1986-02-20,Russia,sdorbinng@prlog.org,(477) 1153957
Ray,Harrill,Venâncio Aires,1970-01-24,Brazil,,(889) 7031705
Pinchas,Pymm,Ciudad Nueva,1996-02-09,Dominican Republic,ppymmni@dyndns.org,(725) 4705321
Nealson,Perel,Montenegro,1979-01-07,Brazil,,(589) 1818151
Tamera,Lockett,Al Qanāyāt,1962-04-06,Egypt,tlockettnk@wikispaces.com,(841) 9461005
Vincenz,Stubbes,Ambulong,1975-07-30,Philippines,vstubbesnl@patch.com,(719) 5625579
Pollyanna,Harriskine,Socos,1968-03-30,Peru,pharriskinenm@ezinearticles.com,(163) 8281070
Aggi,Creus,Baoxing,1981-10-05,China,acreusnn@printfriendly.com,(317) 1274490
Kyrstin,Jantot,Moita da Roda,1989-05-15,Portugal,kjantotno@tmall.com,(870) 5975454
Susannah,Tollemache,Kawasaki,1961-08-15,Japan,stollemachenp@blogger.com,(858) 9475323
Mara,Januszkiewicz,Dikhil,1968-02-18,Djibouti,mjanuszkiewicznq@zdnet.com,(633) 6216808
Jillie,Gunby,La Punta,1982-01-11,Argentina,jgunbynr@va.gov,(398) 8996242
Avrom,Kapiloff,Vacov,1971-12-04,Czech Republic,akapiloffns@va.gov,(885) 8502972
Kristi,Iacavone,Lodwar,1950-01-14,Kenya,kiacavonent@godaddy.com,(734) 3284960
Norene,Vannuccini,,,,nvannuccininu@xinhuanet.com,
Andie,Manners,,,,amannersnv@gizmodo.com,
Gilburt,Patesel,Shchëkino,1986-09-06,Russia,gpateselnw@gnu.org,(372) 3698992
Daune,Spreckley,Krajan Dua Padomasan,1989-03-17,Indonesia,dspreckleynx@reference.com,(655) 2566668
Elonore,Blondel,Morales,1966-04-19,Colombia,eblondelny@sogou.com,(191) 7207824
Aldwin,Ingerson,Ash Shuhadā’,1995-06-03,Palestinian Territory,aingersonnz@toplist.cz,(346) 1055601
Baudoin,Cowpertwait,Kamyshin,1979-02-19,Russia,bcowpertwaito0@skyrock.com,(692) 2059607
Sari,Glenn,Huicheng,1995-12-08,China,sglenno1@kickstarter.com,(391) 6133942
Carlo,Saffrin,Alburitel,1996-04-24,Portugal,csaffrino2@infoseek.co.jp,(175) 6000349
Lorne,Tommeo,Armenta,1969-01-14,Honduras,ltommeoo3@hao123.com,(190) 6467390
Danette,Dumbleton,Zhuyeping,1979-07-05,China,ddumbletono4@craigslist.org,(456) 5261347
Merl,Cardus,Seleuš,1965-12-12,Serbia,,(709) 3845510
Nevil,Zapatero,,,,nzapateroo6@toplist.cz,
Drew,Soughton,Mó,1969-10-01,Portugal,dsoughtono7@yellowbook.com,(870) 4286154
Gaspar,Slite,Bourail,1957-04-02,New Caledonia,gsliteo8@discuz.net,(401) 6530992
Dido,Broadhurst,Katav-Ivanovsk,1958-07-08,Russia,dbroadhursto9@fotki.com,(679) 6997798
Forrester,MacGillreich,Zarechnyy,1952-06-05,Russia,fmacgillreichoa@umich.edu,(618) 2798157
Alvira,Hubert,Licheng,1972-09-22,China,ahubertob@icq.com,(895) 9370909
Luisa,Apperley,Candoni,1970-09-03,Philippines,lapperleyoc@com.com,(599) 1110948
Marin,Cokayne,Isojoki,1981-04-01,Finland,mcokayneod@berkeley.edu,(526) 4804051
Barbabra,Naldrett,Baoxing,1952-07-24,China,,(276) 2419963
Birdie,Waltering,High River,1998-12-17,Canada,bwalteringof@addtoany.com,(635) 7624148
Mala,Ingleton,Luorong,1979-07-15,China,mingletonog@pcworld.com,(395) 7777064
Temp,Fruin,Chaoyang,1977-06-01,China,tfruinoh@bluehost.com,(859) 3522485
Germana,Sneddon,,,,gsneddonoi@t-online.de,
Kelwin,Kebbell,Batu,1981-03-18,Philippines,kkebbelloj@about.me,(492) 3477809
Kalie,Tournay,Carolina,1959-03-25,Colombia,ktournayok@cam.ac.uk,(442) 5956491
Emmott,Beldon,Conceição do Jacuípe,1967-05-27,Brazil,ebeldonol@yahoo.com,(884) 8380613
Pauletta,Tomenson,Kromasan,1958-01-07,Indonesia,ptomensonom@jalbum.net,(575) 7974942
Devonne,Baudic,Longtian,1967-09-16,China,dbaudicon@jiathis.com,(817) 2539063
Nico,Marchelli,Örgön,1958-01-20,Mongolia,nmarchellioo@spiegel.de,(760) 1787707
Danyelle,Gooddy,Mekarsari,1970-11-24,Indonesia,dgooddyop@npr.org,(729) 3202975
Pippa,Stinson,Francisco I Madero,1980-06-20,Mexico,pstinsonoq@google.com,(730) 9573931
Davita,O'Hannay,Reitoca,1953-04-29,Honduras,,(400) 7195363
Morly,Stoppard,Bắc Kạn,1958-07-18,Vietnam,mstoppardos@bigcartel.com,(678) 5275715
Marcelle,Weafer,Tsushima,1988-06-14,Japan,mweaferot@youtube.com,(490) 1483699
Gerti,Yeandel,Puno,1954-09-02,Peru,gyeandelou@shop-pro.jp,(973) 1279811
Averil,Carillo,Moulins,1991-12-22,France,acarilloov@ebay.com,(469) 5338697
Duffy,Nutkins,Quchomo,1988-01-04,China,dnutkinsow@opera.com,(644) 8188469
Paola,Hannan,Urozhaynoye,1981-08-23,Russia,phannanox@bizjournals.com,(339) 6239445
Lefty,Innerstone,Graksop,1987-10-11,South Africa,linnerstoneoy@elegantthemes.com,(413) 8153641
Kerwin,Denington,Sosnovka,1957-09-19,Russia,kdeningtonoz@people.com.cn,(860) 4255242
Randee,Provest,Megion,1976-05-01,Russia,rprovestp0@toplist.cz,(853) 2662435
Layla,Shackelton,Jinshan,1980-08-28,China,lshackeltonp1@sitemeter.com,(153) 7273341
Jinny,Dowse,Xiangrong,1955-07-03,China,jdowsep2@reverbnation.com,(329) 1288296
Noelyn,Gabbatt,,,,ngabbattp3@slashdot.org,
Lindy,Dalgleish,Södertälje,1997-05-23,Sweden,,(425) 6286693
Shea,Seleway,Charlottesville,1968-09-03,United States,sselewayp5@networksolutions.com,(434) 4778285
Ulysses,Hunnaball,Limon,1970-06-24,Philippines,uhunnaballp6@issuu.com,(563) 2333170
Brocky,McClenan,Pefkochóri,1975-07-25,Greece,bmcclenanp7@instagram.com,(865) 3469151
Bald,Baline,Nagrog,1993-01-04,Indonesia,bbalinep8@mozilla.org,(782) 6340630
Raynell,Colclough,Shiling,1955-08-28,China,,(520) 8229186
Ellis,MacDearmaid,Uitiuhtuan,1960-05-02,Indonesia,,(984) 3143570
Sheri,Narraway,Jankomir,1994-10-05,Croatia,snarrawaypb@dropbox.com,(462) 9049824
Osbert,Tomei,Jianshan,1952-11-12,China,otomeipc@nationalgeographic.com,(991) 1057344
Sophie,Rembrant,Santo Domingo,1965-04-10,Philippines,srembrantpd@theglobeandmail.com,(265) 9217831
Lothaire,Ginty,Bīr Zayt,1958-08-03,Palestinian Territory,lgintype@angelfire.com,(491) 7564518
Adi,Blumfield,Ibiúna,1973-10-11,Brazil,ablumfieldpf@tripadvisor.com,(744) 9530963
Devonne,Aldie,Esfarāyen,1985-08-04,Iran,daldiepg@japanpost.jp,(736) 8740972
Sigfried,Pudsey,Yaté-Barrage,1988-09-20,New Caledonia,spudseyph@scientificamerican.com,(954) 7383731
Sylvan,D'Onise,Taocun,1972-06-27,China,sdonisepi@un.org,(165) 1091834
Cristabel,Hassen,Ciseuseupan,1968-11-04,Indonesia,chassenpj@howstuffworks.com,(239) 6942693
Gilburt,Stoke,Poitiers,1989-04-19,France,gstokepk@cam.ac.uk,(396) 3725845
Micki,Pozzo,Aranitas,1959-09-16,Albania,mpozzopl@elegantthemes.com,(421) 3000080
Kaja,Yeats,Zdiby,1990-09-10,Czech Republic,kyeatspm@fda.gov,(466) 4871099
Prissie,Tremonte,Ramat Yishay,1967-02-21,Israel,ptremontepn@myspace.com,(710) 3431553
Laurene,Kindon,Sinarbakti,1961-03-29,Indonesia,lkindonpo@ocn.ne.jp,(432) 8418331
Gert,Attride,Lebak,1998-08-15,Indonesia,gattridepp@icq.com,(590) 3572557
Delcine,Caldicot,Älvsjö,1981-08-10,Sweden,,(430) 7761976
Maurise,Kloss,Jiedu,1989-05-22,China,mklosspr@psu.edu,(936) 7153876
Edlin,Farnorth,Ikar,1961-07-23,Indonesia,efarnorthps@apple.com,(615) 6310655
Blanch,Brobyn,Guajará Mirim,1963-10-14,Brazil,bbrobynpt@hp.com,(565) 2629782
Tammy,Andrich,Ganja,1968-01-24,Azerbaijan,tandrichpu@imgur.com,(652) 8352754
Robinson,Scoffins,,,,rscoffinspv@netlog.com,
Janos,Sherbrook,Quxi,1997-05-13,China,jsherbrookpw@lulu.com,(676) 1179882
Myrta,Appleton,Las Palmas,1993-04-15,Mexico,,(373) 3742780
Nevsa,Grinston,Aubervilliers,1998-12-30,France,ngrinstonpy@noaa.gov,(843) 3738750
Durand,de Keyser,Longtou,1955-06-10,China,,(146) 9837626
Winna,Varga,Troitsk,1992-06-14,Russia,wvargaq0@ebay.co.uk,(262) 2894476
Lilly,Littrik,,,,llittrikq1@edublogs.org,
Minor,Merali,Derventa,1955-10-23,Bosnia and Herzegovina,mmeraliq2@baidu.com,(978) 2715901
Erastus,Wenham,As Salţ,1993-10-22,Jordan,ewenhamq3@123-reg.co.uk,(211) 2228698
Georgetta,Ausiello,Verkhniy Yasenov,1977-04-04,Ukraine,gausielloq4@google.co.jp,(891) 1575257
Teirtza,Huggard,Muurla,1975-07-11,Finland,thuggardq5@wikipedia.org,(373) 1061089
Griffy,Oldridge,Dahao,1978-03-26,China,goldridgeq6@elegantthemes.com,(521) 7300581
Ferris,Gammade,Luofang,1990-02-12,China,fgammadeq7@list-manage.com,(325) 6926919
Lilly,Kitman,Essen,1980-03-02,Germany,lkitmanq8@gizmodo.com,(101) 4594380
Vivien,Dufer,Manggu,1969-04-17,Indonesia,vduferq9@addtoany.com,(217) 6256310
Timmy,Iddison,Xixiang,1970-09-25,China,tiddisonqa@google.co.uk,(373) 6773041
Deina,Huard,Piteå,1978-08-08,Sweden,dhuardqb@scribd.com,(627) 9159535
Kristine,Moralis,Springbok,1952-10-21,South Africa,kmoralisqc@sciencedaily.com,(801) 2657053
Reena,MacCambridge,La Esperanza,1991-12-17,Mexico,rmaccambridgeqd@army.mil,(755) 7980926
Kristine,Cloutt,,,,kclouttqe@shutterfly.com,
Sophey,Holmyard,Ostankinskiy,1980-06-20,Russia,sholmyardqf@wordpress.org,(766) 5137470
Moshe,Lacasa,Naro-Fominsk,1981-08-26,Russia,mlacasaqg@reuters.com,(960) 1092881
Thor,Burdfield,Lewin Kłodzki,1994-02-24,Poland,tburdfieldqh@boston.com,(607) 5967252
Reube,Bothwell,Langkaplancar,1992-06-30,Indonesia,rbothwellqi@loc.gov,(995) 5907244
Tanney,McAllan,Sápes,1966-04-25,Greece,tmcallanqj@oracle.com,(332) 6648902
Ammamaria,Schoffler,Cicurug,1976-04-30,Indonesia,aschofflerqk@e-recht24.de,(555) 1881280
Saloma,Scocroft,Yinglong,1960-02-03,China,sscocroftql@creativecommons.org,(199) 8623647
Scarlett,Milham,Arão,1956-01-04,Portugal,smilhamqm@instagram.com,(994) 9210497
Ambrosius,Wabb,Växjö,1986-06-30,Sweden,awabbqn@liveinternet.ru,(183) 6692841
Culver,Neighbour,Arjawinangun,1955-04-05,Indonesia,cneighbourqo@miitbeian.gov.cn,(837) 7950023
Sybil,Oxby,,,,soxbyqp@i2i.jp,
Margaretta,O' Connell,Piritiba,1968-08-30,Brazil,,(766) 5889549
Marcile,South,Kolbano,1987-08-16,Indonesia,msouthqr@narod.ru,(159) 1331948
Josey,Colin,Kokemäki,1985-12-24,Finland,jcolinqs@parallels.com,(644) 6165205
Izak,Pudan,Banjar Dauhmargi,1962-12-16,Indonesia,ipudanqt@uiuc.edu,(477) 5515105
Ferrell,Castiglio,Rostock,1955-07-18,Germany,,(199) 9895151
Hyacinthe,Bonsale,Tsévié,1980-04-20,Togo,hbonsaleqv@nyu.edu,(124) 9901587
Linnet,Sandercroft,Sadov,1955-05-17,Czech Republic,lsandercroftqw@bloglines.com,(726) 4563080
Evered,Bake,Yu’erhong,1975-02-10,China,ebakeqx@ftc.gov,(715) 5624500
Kippie,Hurch,Banjar Madangan Kaja,1953-01-20,Indonesia,khurchqy@w3.org,(776) 1578721
Winona,McDirmid,Le Lamentin,1997-11-21,Martinique,wmcdirmidqz@gravatar.com,(599) 3783496
Bryna,Babbe,Dún Laoghaire,1974-08-15,Ireland,bbabber0@dailymotion.com,(786) 2914407
Edmund,Nelthropp,Guadalupe,1961-11-30,Mexico,,(746) 4496945
Donnie,Stithe,Doksy,1997-11-24,Czech Republic,dstither2@mtv.com,(441) 8132470
Lainey,Spurrett,Uto,1990-01-20,Japan,lspurrettr3@accuweather.com,(506) 1279567
Morna,Juan,Taiping,1992-12-10,China,mjuanr4@bbb.org,(771) 6768810
Sean,Neville,Vogan,1990-08-28,Togo,,(171) 4970785
Leonidas,Ewert,Kuršėnai,1999-08-13,Lithuania,lewertr6@com.com,(988) 5678751
Elyssa,Prendergrass,Krajan Caluk,1975-06-14,Indonesia,eprendergrassr7@thetimes.co.uk,(550) 2135593
Myron,Shopcott,Bangonay,1953-01-21,Philippines,mshopcottr8@de.vu,(443) 1254124
Hulda,Cordelle,Qiaosi,1990-04-17,China,,(671) 2962440
Sephira,Reid,Osasco,1967-11-24,Brazil,sreidra@reuters.com,(874) 2671753
Curr,McGlone,Xiangshan,1986-03-15,China,cmcglonerb@zdnet.com,(493) 4238349
Elayne,Hassewell,Du’ermenqin,1992-10-20,China,ehassewellrc@microsoft.com,(770) 9940728
Koressa,Scurrell,Neepawa,1975-01-27,Canada,,(515) 4325684
Vannie,Rasor,Fairview,1977-12-16,Canada,vrasorre@histats.com,(409) 8142662
Kaitlyn,Zini,Sandweiler,1971-07-20,Luxembourg,,(467) 9304225
Noland,Larkings,Villa Nueva,1968-09-07,Argentina,nlarkingsrg@ca.gov,(436) 7447055
Nicola,Haston,Villamontes,1951-10-04,Bolivia,,(872) 2052896
Caitrin,Edger,Lusong,1988-08-13,Philippines,,(262) 5754794
Anica,Poel,Manaulanan,1959-08-13,Philippines,apoelrj@ycombinator.com,(829) 4247997
Sarge,Goldspink,Ouani,1976-11-15,Comoros,sgoldspinkrk@weather.com,(730) 9073319
Harrietta,Borrowman,Kovilj,1980-10-19,Serbia,hborrowmanrl@e-recht24.de,(600) 7281216
Ase,Schwandt,Noenoni,1986-06-17,Indonesia,aschwandtrm@nasa.gov,(991) 1158562
Godard,Ranson,Rublëvo,1973-08-28,Russia,,(302) 2587437
Lurline,Maddern,Tlučná,1969-09-25,Czech Republic,lmaddernro@yellowbook.com,(298) 8777269
Gerome,Prout,Smínthi,1968-08-04,Greece,,(909) 8292647
Corbie,Cluley,Monaghan,1979-02-15,Ireland,ccluleyrq@ehow.com,(139) 9068622
Alain,Witheford,Xiaowuzhan,1996-01-10,China,,(390) 8426026
