first_name,last_name,birth_place,birth_date,country_living_in,email,phone
Onida,Osbourn,Kasama,1950-01-15,Japan,oosbourn0@histats.com,(334) 2470887
Hermione,Minguet,Xiashan,1980-07-11,China,hminguet1@google.com.au,(597) 1987221
Timi,Drewet,Hanfeng,1964-11-19,China,tdrewet2@furl.net,(526) 5939814
Cele,Scowcroft,Qibu,1978-03-13,China,cscowcroft3@miitbeian.gov.cn,(411) 4558056
Giuseppe,Gundrey,Viçosa,1978-10-25,Brazil,ggundrey4@google.ca,(167) 8481317
Alf,Greenalf,Masaguisi,1997-12-15,Philippines,agreenalf5@msu.edu,(910) 6564446
Derek,Longo,Samut Songkhram,1973-02-27,Thailand,dlongo6@washingtonpost.com,(954) 9373239
Elenore,Senecaut,Gunungangka,1999-11-23,Indonesia,esenecaut7@yellowbook.com,(584) 6987824
Daphna,Cosgriff,Pedreira,1999-03-11,Brazil,dcosgriff8@mail.ru,(505) 8799008
Tabbatha,Wimpenny,Bayaguana,1989-10-15,Dominican Republic,twimpenny9@reference.com,(854) 9430547
Riane,Vedeniktov,Saryshaghan,1967-07-31,Kazakhstan,,(168) 7114217
Liva,Coats,Moutsamoudou,1980-02-13,Comoros,lcoatsb@washingtonpost.com,(222) 8205819
Ferd,Lowth,Landskrona,1975-01-20,Sweden,flowthc@nsw.gov.au,(691) 2334361
Caesar,Piechnik,Fuji,1967-06-27,Japan,cpiechnikd@privacy.gov.au,(480) 5737105
Thaddeus,Edds,Rengo,1985-05-26,Chile,teddse@si.edu,(880) 9235220
Rutter,De Lisle,Knoxville,1992-09-30,United States,rdelislef@wired.com,(865) 2310859
Mattias,Townley,Mampong,1993-12-28,Ghana,mtownleyg@pen.io,(415) 2810663
Yuma,Kovnot,General Alvear,1992-08-07,Argentina,ykovnoth@4shared.com,(285) 4479676
Stavro,Beange,General Santos,1976-02-22,Philippines,sbeangei@tamu.edu,(269) 5299174
Allyn,Diess,Las Tunas,1953-02-10,Cuba,adiessj@hostgator.com,(276) 8617157
Gallagher,Bendan,Miandrarivo,1986-02-10,Madagascar,gbendank@typepad.com,(393) 3480024
Merci,Decayette,Sypniewo,1999-06-19,Poland,mdecayettel@uol.com.br,(240) 8660428
Deck,Montford,Azurduy,1956-01-04,Bolivia,dmontfordm@unc.edu,(747) 4602794
Ingeborg,Beernaert,Cabitan,1970-11-18,Philippines,,(447) 4517376
Ruperto,Plampeyn,Lamalera,1971-03-23,Indonesia,rplampeyno@infoseek.co.jp,(625) 4953393
Liana,Lavallie,Vista Alegre,1974-10-29,Portugal,llavalliep@pbs.org,(833) 4801221
Pet,Bortoletti,Derzhavīnsk,1996-09-06,Kazakhstan,pbortolettiq@google.cn,(179) 8046586
Katleen,Kalinovich,Jāwā,1968-06-03,Jordan,,(452) 6573462
Jaclin,Yves,Zagoryanskiy,1985-04-09,Russia,jyvess@macromedia.com,(106) 6799498
Rosmunda,Hansberry,Riangkroko,1982-09-08,Indonesia,rhansberryt@jugem.jp,(947) 8690049
Warner,McCarly,Telsen,1982-12-05,Argentina,,(879) 1621527
Fidelio,Mackelworth,Karasuyama,1966-03-19,Japan,fmackelworthv@skyrock.com,(781) 6871792
Temple,Wandrach,Comilla,1984-08-03,Bangladesh,twandrachw@fda.gov,(770) 1095284
Neil,Beades,Pangligaran,1963-11-02,Indonesia,nbeadesx@nyu.edu,(501) 2866178
Honoria,Sammars,,,,hsammarsy@myspace.com,
Berta,Ivell,Jiujie,1998-02-27,China,bivellz@thetimes.co.uk,(361) 8436283
Emanuele,Klausen,Pambuhan,1999-10-23,Philippines,eklausen10@amazon.com,(681) 3222498
Kinnie,Keysel,Aranos,1967-09-11,Namibia,kkeysel11@furl.net,(722) 5094125
Franciska,Weyman,Bayeman,1987-10-22,Indonesia,,(656) 1004293
Windy,Convery,,,,wconvery13@hexun.com,
Melamie,Westmorland,La Curva,1988-11-01,Philippines,mwestmorland14@netvibes.com,(517) 7903856
Stephine,Southers,Río Cuarto,1977-11-18,Argentina,ssouthers15@wired.com,(507) 5876002
Danni,Bugbird,Siteía,1965-06-01,Greece,dbugbird16@hibu.com,(899) 7836893
Jeana,Cerith,Sarapul,1970-03-08,Russia,jcerith17@altervista.org,(918) 2083481
Alf,Debenham,Quixadá,1955-08-22,Brazil,adebenham18@nifty.com,(327) 3080217
Anne,Headan,Kuantan,1978-04-08,Malaysia,,(232) 1060144
Rosette,Savaage,Kochani,1958-03-14,Macedonia,,(535) 1437293
Anton,Ciubutaro,Chiriguaná,1995-03-20,Colombia,aciubutaro1b@devhub.com,(380) 9245005
Joni,Dommerque,Sandviken,1998-06-01,Sweden,,(842) 6884588
Dalt,Dunkley,Kosaya Gora,1993-10-05,Russia,ddunkley1d@spiegel.de,(695) 1409333
Bernie,Batchelour,Laranjeiras,1983-07-18,Brazil,bbatchelour1e@jugem.jp,(373) 9279605
Ber,Withinshaw,Diaowei,1995-09-01,China,,(509) 5299743
Berrie,Pautard,Chone,1956-03-17,Ecuador,,(852) 8859177
Worden,Rackham,Slatina,1983-01-07,Croatia,wrackham1h@engadget.com,(858) 7893938
Faustine,Shawel,Lulindi,1963-02-07,Tanzania,fshawel1i@twitter.com,(479) 7222703
Fiorenze,Beckitt,Ore,1985-07-04,Nigeria,fbeckitt1j@apple.com,(306) 5617665
Devin,Schulter,Jiuxian,1980-01-18,China,dschulter1k@vk.com,(140) 6127499
Isabel,Bedinn,Beigang,1970-07-09,China,ibedinn1l@baidu.com,(599) 2434058
Marje,Jiruch,Sanbao,1987-06-29,China,mjiruch1m@devhub.com,(845) 3902799
Thor,Scantleberry,Izumi,1961-01-14,Japan,tscantleberry1n@devhub.com,(761) 8639832
Therine,Hammond,Ganja,1967-07-17,Azerbaijan,thammond1o@auda.org.au,(309) 1021074
Toddie,Sedwick,Banjar Yehsatang,1973-04-18,Indonesia,tsedwick1p@prnewswire.com,(268) 5720565
Babb,Elderbrant,Catriel,1967-02-10,Argentina,belderbrant1q@unc.edu,(389) 7401895
Janean,Meffen,Sawang Daen Din,1986-06-02,Thailand,jmeffen1r@senate.gov,(882) 2927637
Hilary,Cullingford,Pinhão,1979-11-27,Brazil,hcullingford1s@dion.ne.jp,(697) 8730819
Peria,Lodemann,,,,plodemann1t@huffingtonpost.com,
Fraser,Bubeer,Jadranovo,1964-10-19,Croatia,fbubeer1u@tinypic.com,(189) 9998671
Hurleigh,Hukin,Duogongma,1980-07-03,China,hhukin1v@parallels.com,(877) 1626671
Caryl,Aggett,Xihu,1990-07-06,China,,(854) 9582099
Cherrita,Handke,San José de Feliciano,1986-12-12,Argentina,chandke1x@theguardian.com,(751) 5679462
Henderson,MacLeese,Szczawno-Zdrój,1966-06-27,Poland,hmacleese1y@yahoo.co.jp,(897) 8437078
Balduin,Drissell,Danglang Hudong,1967-04-21,China,bdrissell1z@unc.edu,(670) 2100890
Antonina,Petchey,Shagedu,1996-05-29,China,apetchey20@vimeo.com,(294) 8428942
Armando,Yeudall,Longju,1953-07-09,China,ayeudall21@desdev.cn,(693) 7561607
Haywood,Giovannazzi,Hefu,1968-06-11,China,hgiovannazzi22@github.io,(591) 1224350
Rubia,Pedroli,Dawu,1956-05-05,China,rpedroli23@eventbrite.com,(762) 7866295
Kristin,Alp,Bollène,1952-04-09,France,kalp24@123-reg.co.uk,(100) 2922057
Frants,Gaughan,Międzybrodzie Bialskie,1987-02-25,Poland,fgaughan25@people.com.cn,(371) 2442402
Alley,Jursch,Akhtopol,1954-10-19,Bulgaria,ajursch26@ftc.gov,(186) 4541073
Kirbie,Klammt,Nghĩa Hành,1983-04-04,Vietnam,kklammt27@163.com,(613) 2257691
Drud,Elton,Shanxiahu,1960-07-27,China,delton28@buzzfeed.com,(909) 8700025
Michael,Koppes,Gorang,1978-05-28,Indonesia,mkoppes29@nature.com,(208) 5623646
Clementius,Hackelton,Dungkek Laok,1977-09-12,Indonesia,chackelton2a@ask.com,(774) 9695602
Floyd,Hazeldene,Chagou,1977-11-27,China,,(757) 5947625
Eydie,Tolcher,Santa Rosa,1992-02-21,United States,etolcher2c@amazonaws.com,(707) 5897400
Evvy,Gateley,Ladan,1993-10-27,Indonesia,egateley2d@tripadvisor.com,(468) 6837525
Tally,Poytheras,Gongfang,1950-08-13,China,tpoytheras2e@feedburner.com,(122) 4861421
Hadleigh,Peacop,Songhae,1995-08-16,South Korea,hpeacop2f@economist.com,(724) 6754651
Corly,Sherborn,Thị Trấn Thất Khê,1966-10-28,Vietnam,csherborn2g@over-blog.com,(687) 3515670
Erhard,Copperwaite,Al Azraq ash Shamālī,1979-10-09,Jordan,ecopperwaite2h@house.gov,(471) 5783830
Haywood,Gore,Niuzhuang,1992-05-07,China,hgore2i@unesco.org,(807) 4401102
Jyoti,Fisby,Mojoagung,1971-03-17,Indonesia,jfisby2j@marketwatch.com,(781) 5645028
Thorndike,Fawbert,Krouna,1966-07-24,Czech Republic,tfawbert2k@va.gov,(837) 3414233
Erminie,Oxterby,Kimje,1984-03-22,South Korea,,(489) 1068502
Bernardo,Jerrold,La Paz,1992-11-25,Uruguay,bjerrold2m@slate.com,(405) 2574010
Marjorie,Lodder,,,,mlodder2n@cnbc.com,
Eben,Moquin,Jiangchuan,1977-03-26,China,,(959) 5908169
Bea,Nolder,Montreuil,1998-12-25,France,bnolder2p@accuweather.com,(948) 3473687
Panchito,Dillinger,Zhenzhushan,1981-06-27,China,pdillinger2q@drupal.org,(982) 3206930
Calida,Alldridge,Saint-Quentin-en-Yvelines,1985-08-03,France,calldridge2r@live.com,(451) 3434695
Paquito,Giovannelli,Cravinhos,1981-10-20,Brazil,pgiovannelli2s@timesonline.co.uk,(330) 7245693
Guillemette,Jouanet,,,,gjouanet2t@rakuten.co.jp,
Raleigh,Friedank,Rio Grande da Serra,1970-04-15,Brazil,rfriedank2u@purevolume.com,(806) 5442138
Emmey,Gigg,Si Bun Rueang,1980-07-02,Thailand,egigg2v@nationalgeographic.com,(227) 8439769
Hayyim,Lissenden,Illintsi,1965-08-30,Ukraine,hlissenden2w@list-manage.com,(688) 2073206
Jaymee,Hadwick,Qitao,1960-04-12,China,jhadwick2x@imdb.com,(841) 7868806
Jena,Heliar,,,,jheliar2y@omniture.com,
Clementina,Harpur,Taywanak Ilaya,1986-03-02,Philippines,charpur2z@com.com,(504) 4440891
Darbee,Hysom,Houston,1972-03-06,United States,dhysom30@blogs.com,(281) 7991317
Rey,Colisbe,Göteborg,1987-10-12,Sweden,rcolisbe31@t-online.de,(216) 2548882
Ellary,Carlone,Velikooktyabr’skiy,1979-04-24,Russia,,(902) 3513065
Lay,Brogioni,Macatuba,1977-02-15,Brazil,lbrogioni33@constantcontact.com,(255) 6250280
Cati,Jarrelt,Sano,1961-05-24,Japan,cjarrelt34@cocolog-nifty.com,(687) 7828972
Adriena,Sarney,La Esperanza,1964-12-23,Mexico,asarney35@umn.edu,(659) 5807421
Cecil,Whitcomb,Paraná,1985-11-06,Argentina,cwhitcomb36@ibm.com,(562) 1452372
Margaretta,Suggate,Parakanhonje Wetan,1961-04-29,Indonesia,,(666) 5661266
Ervin,Hatterslay,Totolan,1989-01-14,Philippines,ehatterslay38@hubpages.com,(642) 8591539
Martina,Gaffer,Kizil,1957-04-25,China,mgaffer39@cnet.com,(279) 3570191
Arley,Laister,Rejoagung,1987-08-27,Indonesia,,(925) 3700853
Otis,Hlavecek,Pedreira,1997-03-11,Portugal,,(797) 6880428
Brose,Warcup,Chkalov,1975-07-27,Tajikistan,,(862) 9115649
Doyle,Van der Beek,Konëvo,1998-05-21,Russia,dvanderbeek3d@trellian.com,(124) 9838249
Berti,Kampshell,Ternovka,1966-12-01,Russia,bkampshell3e@cam.ac.uk,(581) 4851448
Alayne,Coneybeare,Motala,1964-01-10,Sweden,aconeybeare3f@independent.co.uk,(627) 6097674
Ethelred,Fuidge,Cardona,1968-11-15,Philippines,efuidge3g@netvibes.com,(638) 7181335
Dyanne,Matthensen,Riosucio,1986-09-16,Colombia,dmatthensen3h@phpbb.com,(567) 7386767
Tony,Gillies,San Francisco de Yare,1951-01-23,Venezuela,tgillies3i@list-manage.com,(394) 4245570
Aleksandr,Saylor,Şurmān,1955-09-10,Libya,,(716) 4770386
Xavier,Wade,München,1983-03-11,Germany,xwade3k@xinhuanet.com,(689) 4351785
Lonee,Pascall,Matalam,1967-07-21,Philippines,lpascall3l@jimdo.com,(363) 9866012
Hadria,McAndie,Widuchowa,1993-12-17,Poland,hmcandie3m@slashdot.org,(781) 6120428
Wenonah,de Courcey,Horta,1965-06-18,Portugal,wdecourcey3n@yale.edu,(105) 6023197
Lorena,Meckiff,Ishurdi,1991-05-01,Bangladesh,lmeckiff3o@businessweek.com,(172) 8257726
Ophelia,Geraldini,Taoyao,1989-03-05,China,ogeraldini3p@nba.com,(756) 9369121
Ulric,Monnoyer,Codó,1990-06-12,Brazil,umonnoyer3q@mediafire.com,(605) 1104108
Eddie,De Miranda,Huangtugang,1962-12-26,China,edemiranda3r@list-manage.com,(699) 9103247
Pate,Tippings,,,,ptippings3s@dyndns.org,
Worthy,Belleny,Kefar Tavor,1975-03-12,Israel,wbelleny3t@mashable.com,(592) 7851159
Olva,Pechet,Catriel,1966-08-28,Argentina,opechet3u@uiuc.edu,(581) 4613438
Moritz,Scothorn,,,,mscothorn3v@smh.com.au,
Hardy,Breward,Stockholm,1963-10-02,Sweden,hbreward3w@dyndns.org,(911) 7234126
Sarita,Rojel,Dashu,1985-02-20,China,srojel3x@sun.com,(902) 8414767
Filip,Bassingden,Dukuhsawah,1958-02-27,Indonesia,fbassingden3y@360.cn,(816) 3906729
Brittan,Zettoi,Şanā’,1978-10-22,Yemen,bzettoi3z@topsy.com,(991) 6538696
Malcolm,Dady,Wadungasri,1970-01-25,Indonesia,mdady40@exblog.jp,(363) 7342714
Nate,Goodhew,Changfeng,1956-11-30,China,ngoodhew41@skyrock.com,(940) 8038397
Gabbey,Emmet,Kulonkali,1982-10-19,Indonesia,gemmet42@mtv.com,(194) 4009559
Ban,Hannigane,Kruševo,1965-02-19,Croatia,bhannigane43@disqus.com,(610) 2695353
Klaus,Jack,Hicksville,1962-09-02,United States,kjack44@nps.gov,(516) 9872304
Odella,Pittendreigh,,,,opittendreigh45@usatoday.com,
Marylin,Bever,Peimei,1995-07-19,China,mbever46@list-manage.com,(650) 5189440
Nikolas,Knoton,Hang Dong,1962-09-14,Thailand,nknoton47@businesswire.com,(833) 8958343
Abagael,Dog,Gorey,1989-10-02,Ireland,adog48@weebly.com,(252) 6755335
Sibilla,Meadowcroft,Nyandoma,1978-02-21,Russia,smeadowcroft49@nps.gov,(842) 5356713
Abba,Yurevich,La Virgen,1993-03-18,Mexico,ayurevich4a@engadget.com,(287) 6785762
Barde,Arnaudot,Andilamena,1981-06-02,Madagascar,barnaudot4b@merriam-webster.com,(784) 2088520
Joane,Parramore,La Virgen,1973-11-02,Mexico,jparramore4c@nsw.gov.au,(306) 7933960
Brenna,Covelle,Tongqing,1993-10-13,China,bcovelle4d@miibeian.gov.cn,(292) 8408074
Celestyn,McComb,San Pedro de Ycuamandiyú,1954-10-21,Paraguay,cmccomb4e@irs.gov,(379) 5564937
Pansy,Dearness,Lisewo Malborskie,1991-01-19,Poland,,(714) 3713633
Lenna,Gosling,Gromnik,1993-09-20,Poland,lgosling4g@paypal.com,(224) 4025623
Shena,Hucker,Rennebu,1957-03-25,Norway,,(433) 4982920
Heinrik,Scheffel,Lizi,1987-02-16,China,hscheffel4i@businessinsider.com,(872) 9648019
Benny,Brecknall,,,,bbrecknall4j@barnesandnoble.com,
Cordula,Radley,Mombaça,1994-06-21,Brazil,cradley4k@discuz.net,(557) 2755025
Waylin,Mathieu,Konsoy,1996-12-19,Tajikistan,wmathieu4l@google.ca,(735) 9962530
Verene,Reisin,Ballyhaunis,1961-07-08,Ireland,vreisin4m@uiuc.edu,(864) 7548914
Kerwin,Dakhov,Fatubia,1989-04-18,Indonesia,kdakhov4n@angelfire.com,(670) 9749185
Durand,Dicks,Oeiras,1964-07-21,Portugal,ddicks4o@hostgator.com,(720) 5144826
Madison,O'Gready,Kabin Buri,1997-06-22,Thailand,mogready4p@wordpress.com,(778) 5196224
Sheryl,Proback,Bilalang,1976-02-13,Indonesia,,(490) 8044608
Tilda,Hurrell,Jarinu,1979-03-15,Brazil,thurrell4r@accuweather.com,(686) 5328570
Rodney,Jeynes,Kasulu,1951-10-25,Tanzania,rjeynes4s@army.mil,(946) 9999946
Currey,Tackell,Postmasburg,1959-08-21,South Africa,ctackell4t@deliciousdays.com,(595) 4775712
Tony,Strain,Göteborg,1995-02-09,Sweden,tstrain4u@google.es,(475) 6904894
Susi,Merrisson,Fumin,1973-07-07,China,,(906) 8488640
Amara,O'Gaven,Itauguá,1984-05-11,Paraguay,,(168) 6405363
Radcliffe,Traice,Salaverry,1971-08-24,Peru,,(555) 2343551
Agnese,Vela,Labuan,1955-10-07,Philippines,avela4y@multiply.com,(604) 6045442
Hamilton,Blincowe,Sofiyivka,1984-03-05,Ukraine,hblincowe4z@who.int,(386) 2839318
Giorgio,Bentinck,Vysoké nad Jizerou,1960-05-16,Czech Republic,gbentinck50@cpanel.net,(623) 1844703
Bayard,Braune,Hepang,1992-11-17,Indonesia,bbraune51@twitpic.com,(669) 3404671
Dyann,MacUchadair,Hobart,1986-03-03,Australia,dmacuchadair52@fema.gov,(336) 5351423
Wakefield,McCowan,Ashley,1994-08-13,United Kingdom,wmccowan53@shareasale.com,(186) 6136480
Benito,Cromar,Caringin,1967-01-05,Indonesia,bcromar54@cnet.com,(644) 9918159
Gabriell,MacIlraith,Shuangxi,1960-07-23,China,,(875) 9905780
Shanon,Pink,Sūrak,1969-01-17,Iran,spink56@smugmug.com,(219) 6172597
Kimbra,Whithalgh,Kovrov,1952-05-31,Russia,kwhithalgh57@msn.com,(720) 1859767
Farris,Leverton,Divo,1988-12-25,Ivory Coast,fleverton58@whitehouse.gov,(258) 9932892
Joachim,Dobing,Dahuaishu,1988-10-04,China,,(412) 6050697
Shanta,Sheriff,Victoria,1968-11-12,El Salvador,ssheriff5a@imdb.com,(791) 8402948
Lynna,Fydoe,Nerópolis,1972-12-20,Brazil,lfydoe5b@berkeley.edu,(917) 1720279
Roana,Jevons,"Villa Presidente Frei, Ñuñoa, Santiago, Chile",1963-11-29,Chile,rjevons5c@nytimes.com,(457) 4286816
Bennie,Sarson,Umeå,1985-07-30,Sweden,bsarson5d@jiathis.com,(319) 5188148
Jakob,Leinweber,Vilhelmina,1973-09-13,Sweden,jleinweber5e@chron.com,(263) 2071764
Nerta,McNaughton,,,,nmcnaughton5f@globo.com,
Rosalind,Siveter,Jagong,1959-10-11,Indonesia,rsiveter5g@state.gov,(807) 6224563
Myrta,Dolby,Winong,1957-03-11,Indonesia,mdolby5h@alibaba.com,(875) 8803779
Carolina,Seagood,Energeticheskiy,1987-09-14,Kazakhstan,,(916) 8431513
Reg,Rawson,Ganquan,1991-10-24,China,rrawson5j@dot.gov,(869) 4686583
Doe,Bullar,A dos Cunhados,1966-12-20,Portugal,dbullar5k@reddit.com,(768) 7317435
Quentin,Espinay,Poljčane,1971-05-23,Slovenia,qespinay5l@privacy.gov.au,(636) 7206863
Daron,Kalkofer,Koundara,1966-05-27,Guinea,dkalkofer5m@youtube.com,(627) 9110591
Lammond,Meegan,Nunchía,1957-01-05,Colombia,lmeegan5n@vk.com,(659) 1066907
Lacy,Lis,Lyambir’,1957-05-01,Russia,,(820) 1644356
Phillip,Mackilpatrick,Beixiang,1988-10-14,China,pmackilpatrick5p@oracle.com,(550) 4004838
Codi,Earl,Khong,1988-12-21,Thailand,cearl5q@mozilla.org,(128) 4172850
Aurora,Lorkings,Sumanding,1953-04-28,Indonesia,alorkings5r@amazon.co.jp,(757) 4052692
Lester,Hedau,Ban Selaphum,1993-05-04,Thailand,lhedau5s@netlog.com,(150) 4258453
Jessie,Valasek,Lešná,1969-07-12,Czech Republic,jvalasek5t@goo.ne.jp,(342) 4213338
Eleanor,Vlasenko,Luodian,1976-04-11,China,evlasenko5u@meetup.com,(593) 9154179
Marlene,Minall,Chitose,1967-01-25,Japan,mminall5v@squidoo.com,(757) 7808223
Tamqrah,Greenley,Peresvet,1954-04-03,Russia,tgreenley5w@networkadvertising.org,(799) 6993432
Ketty,Szwarc,,,,,
Estrella,Footer,Dongdajie,1966-09-15,China,,(466) 8826074
Patrica,Screas,Zhenziliang,1988-04-25,China,pscreas5z@huffingtonpost.com,(995) 2111528
Cynthea,Chmiel,Bodzentyn,1955-02-06,Poland,cchmiel60@shop-pro.jp,(754) 1050953
Lanni,Rumsey,Nové Sedlo,1985-08-14,Czech Republic,lrumsey61@earthlink.net,(636) 5717185
Maude,Whitcher,,,,,
Danyette,Winter,Erími,1996-10-11,Cyprus,,(463) 2773010
Germaine,Byrde,Sancti Spíritus,1999-02-22,Cuba,gbyrde64@oracle.com,(999) 3503460
Jackson,Girt,Asahi,1951-09-25,Japan,jgirt65@goodreads.com,(633) 4209647
Demetris,Flement,Río Alejandro,1997-11-29,Panama,dflement66@dell.com,(669) 4174114
Mareah,Dumbare,Ichinomiya,1983-10-22,Japan,mdumbare67@printfriendly.com,(817) 5308324
Arri,Potter,Beidou,1975-03-30,China,,(680) 9297890
Ariela,Paffot,Ozimek,1986-05-29,Poland,apaffot69@hibu.com,(395) 6759878
Melody,Rounce,Topeka,1999-12-25,United States,mrounce6a@shinystat.com,(785) 9076673
Odele,Blancowe,Kiiminki,1991-06-25,Finland,oblancowe6b@archive.org,(336) 8908142
Kimmy,Nation,Suocheng,1987-11-25,China,,(412) 4927404
Sissy,Cuss,Guihuaquan,1967-06-24,China,scuss6d@phoca.cz,(940) 4515669
Jacqui,Renon,San Fernando,1990-05-19,Philippines,jrenon6e@jimdo.com,(303) 5148649
Obadiah,Cragell,Benito Juarez,1968-11-02,Mexico,ocragell6f@comcast.net,(868) 3744392
Brnaby,Rhys,Kafr Şūr,1953-03-03,Palestinian Territory,brhys6g@ftc.gov,(888) 6694882
Tamiko,Prover,,,,tprover6h@woothemes.com,
Herculie,Dymock,Itaberaba,1984-06-22,Brazil,hdymock6i@soundcloud.com,(691) 4816383
Fair,Cutridge,Qaryat al Qābil,1981-02-28,Yemen,,(215) 3322007
Saundra,Palliser,Bajiao,1987-08-04,China,spalliser6k@amazon.co.jp,(238) 1485443
Wash,Culmer,Drammen,1952-10-15,Norway,wculmer6l@youtu.be,(901) 5710362
Dolli,Dumbleton,Bánov,1997-08-25,Czech Republic,,(584) 2781007
Abigael,Bonifant,Cimahi,1997-12-07,Indonesia,abonifant6n@unc.edu,(791) 3453013
Tiffi,Vass,Ngrowo,1956-10-24,Indonesia,tvass6o@blog.com,(677) 1184120
Rodge,Flescher,Lampari,1979-07-27,Philippines,rflescher6p@oaic.gov.au,(154) 7614588
Wilhelm,Wheble,Narsaq,1971-01-19,Greenland,wwheble6q@jiathis.com,(871) 8568433
Rudolph,Rawstron,Changyuan,1961-11-14,China,,(955) 1359765
Juliana,Blaydes,Kongjiafang,1959-06-15,China,jblaydes6s@newyorker.com,(680) 2764970
Lin,O'Lehane,Tatebal,1963-03-06,Indonesia,lolehane6t@narod.ru,(337) 5736796
Gerhardt,Crowhurst,Vailoa,1964-04-15,Samoa,gcrowhurst6u@skyrock.com,(529) 6059580
Margaretta,Peart,Sogod,1955-02-16,Philippines,mpeart6v@archive.org,(326) 2327895
Mord,Eckhard,Calaoagan,1996-02-01,Philippines,meckhard6w@cmu.edu,(174) 6663116
Felice,Snaddon,San Manuel Chaparrón,1969-04-22,Guatemala,,(284) 4947636
Astra,Grabiec,Brongkah,1968-07-24,Indonesia,agrabiec6y@cnn.com,(857) 1970107
Dalia,Clac,Hegeng,1986-11-22,China,dclac6z@theguardian.com,(876) 8604865
Constantine,Wadman,Ponyri Vtoryye,1975-11-04,Russia,cwadman70@businessinsider.com,(129) 7462182
Beau,Pitkethly,Banjar Tengahbelayu,1980-06-09,Indonesia,bpitkethly71@japanpost.jp,(698) 7547968
Florrie,Tuohy,Soanindrariny,1968-04-30,Madagascar,ftuohy72@paypal.com,(323) 8832768
Claribel,Colbron,Wysoka,1987-06-19,Poland,,(957) 8635331
Zed,Calvert,Daming,1950-01-24,China,zcalvert74@geocities.jp,(392) 9816279
Anders,Megarry,Chyhyryn,1964-08-02,Ukraine,amegarry75@amazon.de,(432) 3982408
Christoph,Wederell,Jablanovec,1950-10-01,Croatia,cwederell76@unicef.org,(714) 6215049
Em,Seddon,Dalinhe,1969-03-13,China,eseddon77@xrea.com,(206) 7405997
Daisie,Drewett,Santa Valha,1972-02-20,Portugal,ddrewett78@163.com,(618) 8702946
Nikolos,Scottrell,Dogondoutchi,1986-01-10,Niger,nscottrell79@timesonline.co.uk,(399) 1478513
Vernen,Gusney,Na Kae,1961-11-16,Thailand,vgusney7a@businesswire.com,(646) 4572396
Maison,Kemp,Pueblo Nuevo,1998-03-03,Peru,mkemp7b@washington.edu,(623) 7153387
Marve,Brand-Hardy,København,1980-06-21,Denmark,mbrandhardy7c@dagondesign.com,(193) 4564313
Brittany,Geipel,Dasht-e Lati,1969-01-27,Iran,bgeipel7d@toplist.cz,(407) 8962526
Sibbie,Stearndale,Whistler,1989-11-27,Canada,sstearndale7e@digg.com,(352) 5936440
Gwenneth,Futter,Carmelo,1958-03-02,Philippines,gfutter7f@discovery.com,(361) 4397748
Eugenie,Showell,Limoges,1960-12-04,France,eshowell7g@google.co.jp,(787) 4521402
Gabie,Greenwell,Phong Điền,1988-03-28,Vietnam,ggreenwell7h@about.com,(301) 7658880
Chucho,Ollenbuttel,Na Muen,1991-09-04,Thailand,collenbuttel7i@google.de,(174) 4841188
Waldon,Cant,Pio Duran,1995-05-02,Philippines,wcant7j@tinyurl.com,(636) 4954664
Richmound,Doneld,Det Udom,1954-10-09,Thailand,,(975) 2197483
Claresta,Jurisch,Changling,1964-12-14,China,,(686) 8523171
Christoph,Van Ross,Xingyi,1980-10-10,China,cvanross7m@slate.com,(622) 7108375
Consolata,Sygroves,Jambeyan,1976-10-17,Indonesia,,(300) 2474491
Meg,Dumper,Pousada,1965-04-30,Portugal,,(473) 4660972
Padraic,Balderson,Pocito,1959-10-13,Argentina,pbalderson7p@dion.ne.jp,(601) 9287443
Waldemar,Powderham,Petaluma,1974-12-14,United States,wpowderham7q@yolasite.com,(707) 1407399
Desi,Budgen,,,,dbudgen7r@hp.com,
Vicky,Towe,Sugiharjo,1999-03-06,Indonesia,vtowe7s@ihg.com,(676) 8099907
Prinz,Biagi,Koszęcin,1977-12-09,Poland,pbiagi7t@stanford.edu,(378) 7402067
Charyl,Nerval,Medvedevo,1969-01-23,Russia,cnerval7u@wikispaces.com,(524) 3189770
Winthrop,Steptoe,Habana del Este,1977-01-01,Cuba,wsteptoe7v@hugedomains.com,(882) 3307679
Lorens,Cocking,Norrtälje,1996-04-15,Sweden,lcocking7w@diigo.com,(100) 3498515
Eamon,Guest,Napenay,1983-09-29,Argentina,eguest7x@tripod.com,(135) 7304638
Ardelia,Siemon,Kuntong,1963-01-02,China,asiemon7y@nhs.uk,(130) 7411207
Wrennie,Cockney,Barrancas,1991-09-23,Colombia,,(751) 5307310
Janella,Langmead,,,,jlangmead80@blinklist.com,
Leoine,Deval,Fonte Boa dos Nabos,1969-12-18,Portugal,,(955) 2210746
Morley,MacSween,Igoumenítsa,1961-05-10,Greece,,(648) 4067013
Major,Nend,Barice,1981-11-05,Bosnia and Herzegovina,,(950) 8856826
Thornton,Durrand,Menzel Jemil,1984-04-22,Tunisia,,(228) 8475657
Haywood,Biasi,Neẖalim,1968-08-06,Israel,hbiasi85@eepurl.com,(555) 6756769
Fania,Landeg,Anhua,1961-02-15,China,flandeg86@tripod.com,(683) 1155782
Forrester,Bate,Argir,1981-03-12,Faroe Islands,fbate87@state.gov,(706) 2847442
Lisa,Erington,Buena Vista,1975-11-21,Bolivia,lerington88@google.ca,(771) 9528220
Pier,Moulin,Studenec,1954-11-01,Czech Republic,pmoulin89@nbcnews.com,(786) 6430084
Dorris,Youd,Žalec,1963-07-05,Slovenia,dyoud8a@indiatimes.com,(540) 5244515
Tab,Dechelle,Lubień,1988-02-22,Poland,tdechelle8b@unblog.fr,(779) 3988709
Malia,Seeds,Dortmund,1956-07-15,Germany,,(923) 8508505
Violetta,McCritchie,Campraksanta,1955-11-06,Indonesia,vmccritchie8d@live.com,(460) 5328140
Davidson,Bottomer,Pingxiang,1975-09-03,China,dbottomer8e@examiner.com,(771) 7766515
Jeanette,Thoms,Charikar,1968-03-18,Afghanistan,jthoms8f@phoca.cz,(958) 3099406
Madelon,Dumbar,Lima Pampa,1981-06-25,Peru,mdumbar8g@imageshack.us,(747) 1111949
Felita,Crichten,San Pedro,1964-02-16,Costa Rica,fcrichten8h@noaa.gov,(150) 9795587
Gustavus,Tebbett,Norak,1980-02-06,Tajikistan,,(600) 2519907
Noella,Carabet,Kunyang,1957-01-17,China,ncarabet8j@qq.com,(110) 4504260
Netta,Boner,Kāshān,1981-12-22,Iran,nboner8k@wisc.edu,(315) 5795206
Judy,Skerme,Pieksämäki,1989-11-09,Finland,jskerme8l@google.com.hk,(491) 5687640
Catha,Farre,Shamkhor,1987-09-12,Azerbaijan,cfarre8m@omniture.com,(759) 7102093
Teri,Beggini,Solosolo,1953-06-13,Samoa,tbeggini8n@ifeng.com,(108) 8105949
Winfield,Kunath,Babakandesa,1977-11-30,Indonesia,wkunath8o@sourceforge.net,(943) 2428981
Hedwiga,Gurton,,,,hgurton8p@fda.gov,
Elwin,Odhams,Xijiao,1970-04-06,China,eodhams8q@independent.co.uk,(715) 9808422
Charlean,Littlejohn,Tân Kỳ,1976-07-06,Vietnam,clittlejohn8r@google.it,(887) 6247644
Kaleena,Anselmi,Dalu,1954-11-26,China,kanselmi8s@msu.edu,(791) 3850879
Gavrielle,Rash,Ducheng,1983-02-01,China,grash8t@nps.gov,(768) 1989745
Shawn,Bragge,Wageningen,1979-12-22,Netherlands,sbragge8u@netvibes.com,(980) 6032791
Trixy,Evelyn,,,,tevelyn8v@dmoz.org,
Octavius,Rosencwaig,Karangnunggal,1969-05-06,Indonesia,orosencwaig8w@wisc.edu,(542) 7136824
Marcel,Causer,Giebułtów,1955-06-17,Poland,mcauser8x@mtv.com,(384) 5907501
Lacie,Filipson,Makungu,1962-02-21,Tanzania,lfilipson8y@xrea.com,(268) 5263905
Jolynn,Beavan,Ban Khlong Bang Sao Thong,1980-04-27,Thailand,jbeavan8z@psu.edu,(421) 2822772
Carmen,Maloney,Évry,1957-04-19,France,cmaloney90@addthis.com,(461) 7014278
Ashby,Biford,Tuchlovice,1970-12-04,Czech Republic,abiford91@com.com,(990) 7168695
Barton,Lanston,Grajaú,1998-10-31,Brazil,blanston92@mayoclinic.com,(788) 1963240
Cecily,Cosely,Aurora,1958-09-08,Philippines,ccosely93@exblog.jp,(275) 9623556
Zedekiah,Stanesby,Syrskoye,1988-08-25,Russia,,(481) 8014138
Isahella,Ferencowicz,El Olivar,1981-07-26,Honduras,iferencowicz95@webeden.co.uk,(559) 1502591
Karolina,Stracey,,,,kstracey96@qq.com,
Drud,Crowson,Berkovitsa,1991-10-01,Bulgaria,dcrowson97@timesonline.co.uk,(168) 4417820
Arte,Treker,Notre-Dame-des-Prairies,1957-10-20,Canada,,(630) 2124448
Davidde,Nenci,Trebisht-Muçinë,1950-05-08,Albania,dnenci99@state.tx.us,(917) 5538568
Darren,Staniforth,Sa’erhusong,1951-12-20,China,dstaniforth9a@omniture.com,(843) 9270174
Brooke,Naseby,Caikouji,1981-03-07,China,bnaseby9b@shareasale.com,(468) 5993614
Jasmin,Karpinski,,,,jkarpinski9c@ustream.tv,
Danita,Gatteridge,Aqqan,1969-07-22,China,dgatteridge9d@patch.com,(361) 5857362
Jenelle,Roggero,,,,jroggero9e@rakuten.co.jp,
Armand,Calliss,Ejmiatsin,1952-10-19,Armenia,acalliss9f@house.gov,(704) 6624319
Mord,Waddington,Becerril,1982-07-04,Philippines,mwaddington9g@bloglovin.com,(751) 4382161
Alissa,McFetrich,Tsimkavichy,1985-06-06,Belarus,amcfetrich9h@boston.com,(606) 2795360
Alisander,Oxbrough,Medina,1961-06-05,Brazil,aoxbrough9i@w3.org,(141) 3937687
Enrica,Lawee,Macayug,1993-12-03,Philippines,elawee9j@psu.edu,(991) 3388330
Joey,Heiss,Wuxi,1990-04-24,China,,(641) 4292218
Cass,Gorvette,Skalbmierz,1962-05-21,Poland,cgorvette9l@nydailynews.com,(201) 2338423
Homere,Pickin,Lukhovka,1985-08-08,Russia,hpickin9m@reddit.com,(898) 1161188
Darlene,Thayre,Włocławek,1955-01-28,Poland,dthayre9n@shutterfly.com,(153) 8681702
Sonnie,Playle,Songhu,1989-04-29,China,,(909) 8837238
Keith,O'Leagham,,,,koleagham9p@biglobe.ne.jp,
Brittni,Featley,Foluo,1980-12-20,China,bfeatley9q@wikipedia.org,(965) 1668676
Jorge,Artingstall,Changjiang,1995-07-11,China,jartingstall9r@jiathis.com,(405) 7317000
Kelcie,Krout,Dal’neye Konstantinovo,1995-04-20,Russia,kkrout9s@hc360.com,(258) 4699368
Dulcinea,Canavan,Lamarosa,1994-01-26,Portugal,dcanavan9t@alibaba.com,(328) 7690849
Etienne,Kach,Promyshlennaya,1966-06-30,Russia,ekach9u@toplist.cz,(624) 7253595
Jere,Autrie,Rondonópolis,1996-06-05,Brazil,jautrie9v@g.co,(231) 6812879
Stace,Dibbs,Hamilton,1994-07-11,Bermuda,sdibbs9w@slashdot.org,(400) 1384686
Patric,Jersh,Enskede,1978-06-20,Sweden,pjersh9x@fda.gov,(520) 1467703
Sheila,Charge,,,,scharge9y@addthis.com,
Mikael,Cloke,La Coipa,1963-05-28,Peru,mcloke9z@mayoclinic.com,(352) 3956465
Huey,Clotworthy,Rancapare,1992-02-29,Indonesia,hclotworthya0@google.com,(837) 5958556
Penrod,Cruce,Dalianwan,1953-02-06,China,,(546) 1182395
Eleonore,Blacklidge,,,,eblacklidgea2@hud.gov,
Noland,Krochmann,Zarzis,1992-01-28,Tunisia,nkrochmanna3@reddit.com,(427) 2962168
Felix,Broadstock,Daejeon,1980-12-26,South Korea,,(689) 1310956
Gale,Marston,Tullich,1965-10-13,United Kingdom,gmarstona5@wp.com,(747) 6181410
Garreth,Byers,Guandiping,1984-05-30,China,,(177) 4431969
Thorstein,Daveran,Athlone,1971-05-07,Ireland,tdaverana7@bluehost.com,(442) 2064037
Oran,Shrimptone,Ängelholm,1967-12-12,Sweden,oshrimptonea8@vinaora.com,(544) 2206479
Peggi,Dever,Bardiyā,1996-06-02,Nepal,pdevera9@washington.edu,(298) 3965773
Marika,Withringten,Rennebu,1979-07-21,Norway,mwithringtenaa@technorati.com,(674) 6532968
Karilynn,Wehnerr,Baihe,1978-12-06,China,kwehnerrab@guardian.co.uk,(278) 7559778
Valery,Bradman,Regimin,1962-02-26,Poland,vbradmanac@blogger.com,(524) 6136669
Richardo,Crone,Poço Verde,1977-11-23,Brazil,rcronead@privacy.gov.au,(468) 7019448
Melita,Wooding,Ngangpo,1987-04-23,Indonesia,mwoodingae@hugedomains.com,(192) 3750070
Mayne,Sandifer,Motala,1966-05-06,Sweden,msandiferaf@google.co.jp,(594) 1240334
Berkly,Pietz,Ōtsu-shi,1952-09-09,Japan,bpietzag@wikia.com,(162) 6966171
Melisent,Charon,Palkovice,1978-05-17,Czech Republic,mcharonah@photobucket.com,(638) 5646750
Jarid,Erwin,Krynice,1953-05-20,Poland,jerwinai@etsy.com,(561) 6027899
Emilio,Huerta,Tupambaé,1977-05-06,Uruguay,ehuertaaj@skype.com,(621) 7210602
Antonetta,Croster,Candoso,1979-02-16,Portugal,acrosterak@newyorker.com,(411) 9848647
Letta,Lukock,Kebonsari,1976-01-28,Indonesia,llukockal@adobe.com,(287) 7658915
Merl,Gorke,Nguigmi,1996-02-28,Niger,mgorkeam@dailymotion.com,(656) 1226861
Christan,Brodway,Sollebrunn,1988-02-19,Sweden,cbrodwayan@chron.com,(775) 2940434
Ambrosio,Waeland,Da’an,1963-01-08,China,awaelandao@apache.org,(927) 9144573
Ange,Risen,Cabinda,1958-05-12,Angola,arisenap@behance.net,(824) 8192196
Noak,Meaker,Fruitvale,1969-02-16,Canada,nmeakeraq@slashdot.org,(734) 7775941
Svend,Hamilton,Zemun,1954-11-22,Serbia,,(521) 2466044
Danice,Straughan,,,,dstraughanas@merriam-webster.com,
Prudy,Hunte,Dasht-e Qal‘ah,1973-11-01,Afghanistan,,(315) 1637564
Menard,McKimm,Los Guayos,1953-08-24,Venezuela,mmckimmau@ucla.edu,(853) 3473517
Leora,Maddock,Danao,1994-10-17,Philippines,lmaddockav@usnews.com,(295) 2877449
Mollee,Medendorp,Chiguata,1973-06-13,Peru,mmedendorpaw@diigo.com,(728) 6147454
Joan,Pryke,Round Rock,1980-06-17,United States,,(512) 8660018
Levon,Crellim,Ha,1981-05-18,Bhutan,lcrellimay@craigslist.org,(501) 3055589
Edgar,Sexcey,Juexi,1973-02-16,China,esexceyaz@washingtonpost.com,(793) 3477367
Phaidra,Godsafe,Iwai,1968-11-03,Japan,pgodsafeb0@dion.ne.jp,(430) 4051139
Richmond,Corrington,Shangzhuang,1962-05-24,China,rcorringtonb1@eepurl.com,(265) 4079760
Thelma,Brymner,Vila Nova Sintra,1983-05-29,Cape Verde,tbrymnerb2@prnewswire.com,(651) 3754472
Sue,Edgeler,Lugulu,1985-02-07,Kenya,sedgelerb3@angelfire.com,(924) 5146802
Maddie,Fenck,Basel,1968-05-09,Switzerland,mfenckb4@stumbleupon.com,(552) 4980321
Alard,Sopp,Kuala Lumpur,1972-02-12,Malaysia,,(752) 6153367
Korry,Chorley,Motala,1993-03-23,Sweden,,(151) 1441663
Pooh,Rao,Shuangxi,1979-06-22,China,praob7@quantcast.com,(402) 8864850
Alejandra,Ettritch,Baška Voda,1979-01-27,Croatia,aettritchb8@netlog.com,(784) 2395499
Lindsay,Pattini,Tekes,1976-03-24,China,lpattinib9@mit.edu,(922) 5154045
Kelley,Nehlsen,Minjian,1989-12-03,China,knehlsenba@intel.com,(850) 6016412
Royall,Hubach,Kodyma,1991-01-30,Ukraine,rhubachbb@ucoz.ru,(113) 2376655
Inna,Boyall,Hitachi,1984-02-17,Japan,,(593) 6323843
Atlante,Ellyatt,Yanghong,1971-11-21,China,aellyattbd@sina.com.cn,(317) 7699842
Eberhard,Thomson,Shah Alam,1959-02-11,Malaysia,ethomsonbe@nifty.com,(193) 4549242
Agace,Kenneway,Stockholm,1962-08-06,Sweden,,(622) 4547743
Maureen,Dominguez,Dārāb,1956-09-28,Iran,mdominguezbg@diigo.com,(176) 4339813
Haley,Leggon,Toulouse,1970-03-21,France,hleggonbh@salon.com,(484) 6016063
Job,Welland,Coromandel,1967-03-24,Brazil,jwellandbi@oakley.com,(376) 3562043
Corny,Goudge,Abreu e Lima,1972-12-12,Brazil,cgoudgebj@nhs.uk,(298) 5270667
Reynolds,Lonnon,Lorut,1981-01-20,Armenia,,(649) 1658985
Ingram,Moores,Hanting,1962-06-27,China,imooresbl@state.tx.us,(607) 3776472
Latia,Southon,Pyatigorsk,1995-09-16,Russia,lsouthonbm@latimes.com,(479) 9594402
Kaitlyn,Marikhin,Santa Lucia,1970-07-20,Philippines,kmarikhinbn@slideshare.net,(913) 8707744
Karoly,Danniell,Miejska Górka,1963-02-16,Poland,kdanniellbo@forbes.com,(942) 4386177
Floris,Gravett,Halmstad,1960-01-29,Sweden,fgravettbp@sitemeter.com,(914) 7575823
Armand,Avesque,Balingueo,1950-06-10,Philippines,aavesquebq@theguardian.com,(502) 6303054
Merle,Gierke,Zaragoza,1977-01-13,Philippines,mgierkebr@harvard.edu,(383) 6222341
Gustaf,Purcell,,,,gpurcellbs@comcast.net,
Sayre,Kirckman,Sinamar,1977-02-06,Philippines,skirckmanbt@dmoz.org,(216) 7005362
Ruth,Sturrock,Banraeaba Village,1997-04-28,Kiribati,rsturrockbu@time.com,(198) 1457781
Cassandry,Stephen,Washington,1968-01-28,United States,cstephenbv@spotify.com,(202) 2267645
Eddie,Trowill,Yamaguchi-shi,1982-06-14,Japan,etrowillbw@imdb.com,(305) 8517862
Drew,Arnoult,Rongkou,1958-09-21,China,darnoultbx@yale.edu,(146) 9675152
Perl,Chaplain,Novosemeykino,1986-10-08,Russia,pchaplainby@ft.com,(809) 6113754
Wallis,Goracci,Karasuyama,1976-04-30,Japan,wgoraccibz@bloglines.com,(197) 4098841
Broderick,Patershall,Leppävirta,1968-01-24,Finland,bpatershallc0@illinois.edu,(565) 8128512
Karly,Postance,Dzaoudzi,1969-05-14,Mayotte,kpostancec1@weather.com,(355) 8395252
Cati,Dureden,Daba,1980-03-02,China,cduredenc2@weibo.com,(108) 2933346
Ealasaid,Martinec,Yeping,1991-03-30,China,emartinecc3@google.fr,(548) 2116694
Ellissa,Sadlier,Sadao,1994-08-16,Thailand,esadlierc4@businesswire.com,(263) 7665816
Alexine,Kenson,Pont Cassé,1986-08-12,Dominica,akensonc5@zimbio.com,(318) 5034547
Faythe,Vedyashkin,,,,fvedyashkinc6@storify.com,
Gene,Riches,Negotino,1984-06-12,Macedonia,grichesc7@cdbaby.com,(181) 6747454
Andonis,Deyes,Putrajaya,1956-08-08,Malaysia,adeyesc8@mozilla.org,(794) 9766724
Darryl,Millberg,Lyon,1951-06-10,France,dmillbergc9@noaa.gov,(855) 5067310
Marlie,Blance,Neochórion,1981-06-10,Greece,mblanceca@jalbum.net,(767) 9653459
Davey,Samber,Koryukivka,1987-10-24,Ukraine,,(111) 2325587
Darbee,Verman,Twante,1959-03-11,Myanmar,dvermancc@taobao.com,(169) 9857556
Mallorie,Ugoni,Butiama,1976-09-10,Tanzania,mugonicd@theglobeandmail.com,(111) 2542882
Chuck,Josselsohn,Bangkok,1951-09-08,Thailand,cjosselsohnce@prnewswire.com,(155) 2221245
Odelinda,Antonutti,,,,oantonutticf@nbcnews.com,
Shannan,Raye,Lilongwe,1964-09-16,Malawi,srayecg@amazon.de,(357) 2931768
Crosby,Bichard,La Laguna,1983-12-14,Mexico,cbichardch@yolasite.com,(787) 8744895
Jan,Illidge,Penghu,1955-04-06,China,jillidgeci@admin.ch,(553) 1933122
Layton,Cuttings,Langkap,1984-09-29,Indonesia,lcuttingscj@google.ru,(944) 9739092
Marybelle,Cruise,Narva,1964-05-14,Estonia,mcruiseck@java.com,(617) 7434063
Glyn,Meacher,La Coipa,1967-09-20,Peru,gmeachercl@goodreads.com,(975) 7976202
Zelda,Goldby,Almodôvar,1957-08-21,Portugal,,(163) 7552260
Samuel,Benoit,Bakıxanov,1984-09-11,Azerbaijan,sbenoitcn@scribd.com,(646) 6912091
Harold,Nehlsen,Brampton,1979-10-02,United Kingdom,hnehlsenco@webnode.com,(527) 7288450
Brina,Waumsley,,,,bwaumsleycp@forbes.com,
Bertha,Moxsom,Awilega,1970-04-03,Indonesia,bmoxsomcq@seattletimes.com,(886) 8218535
Arnie,Harlick,Sharïngol,1950-05-13,Mongolia,aharlickcr@apache.org,(523) 1806232
Layton,Stinchcombe,Patabog,1992-03-27,Philippines,lstinchcombecs@lulu.com,(933) 4154863
Clemmie,Sugden,Rosa Zarate,1961-08-31,Ecuador,csugdenct@microsoft.com,(129) 7120680
Kalindi,Stone,,,,kstonecu@smugmug.com,
Nerte,Dexter,Yaojiagou,1959-09-22,China,ndextercv@xing.com,(965) 4575759
Luella,Lockart,Laixi,1980-03-26,China,llockartcw@google.it,(157) 4494243
Chaddie,Kobiela,Grenoble,1976-12-22,France,ckobielacx@sogou.com,(625) 1201977
Marylee,Enever,Cassanayan,1971-03-26,Philippines,menevercy@bbb.org,(776) 8199750
Claude,Merritt,Armavir,1990-12-30,Armenia,cmerrittcz@people.com.cn,(777) 9163731
Renata,Edgerly,Pora,1956-03-25,Indonesia,,(160) 6286101
Fairfax,Stiddard,Banaba,1995-10-08,Philippines,fstiddardd1@disqus.com,(202) 5436566
Jeanelle,Ward,Brikama,1981-01-25,Gambia,jwardd2@blinklist.com,(797) 5406446
Allyn,Crighten,Tsévié,1973-04-17,Togo,acrightend3@booking.com,(295) 4267441
Joelle,Cartmale,,,,,
Costanza,Papa,Raymond,1997-03-15,Canada,cpapad5@who.int,(514) 6310223
Beilul,Londesborough,Panghadangan,1971-09-21,Indonesia,blondesboroughd6@apache.org,(492) 9897314
Christin,Kennady,Benoni,1958-03-19,South Africa,ckennadyd7@wikispaces.com,(278) 1416305
Ruben,Penhaleurack,Göteborg,1981-12-26,Sweden,rpenhaleurackd8@woothemes.com,(573) 3959870
Nolan,Burchall,,,,nburchalld9@sohu.com,
Mozes,Rameaux,Kigoma,1994-12-21,Tanzania,,(492) 6703118
Gene,Howsden,Upton,1951-04-25,United Kingdom,,(862) 5017943
Florinda,Scrimgeour,Bang Mun Nak,1951-01-16,Thailand,fscrimgeourdc@trellian.com,(225) 9043402
Nicoli,Luchelli,Retenggoma,1984-11-18,Indonesia,nluchellidd@mysql.com,(189) 1449979
Dulcinea,Unsworth,Kīsh,1999-11-17,Iran,,(688) 7803837
Dermot,Yurshev,Žulová,1977-12-16,Czech Republic,dyurshevdf@facebook.com,(100) 4431873
Janeczka,Van der Mark,Navegantes,1993-06-06,Brazil,jvandermarkdg@whitehouse.gov,(723) 2710308
Arlana,Sarch,Koronadal,1971-03-15,Philippines,asarchdh@google.fr,(816) 9090183
Carmelina,Martt,Néa Ionía,1953-12-03,Greece,cmarttdi@yolasite.com,(342) 3345601
Edithe,Whittam,Kawengan,1976-04-25,Indonesia,,(713) 3212546
Melody,Lafontaine,Belung Satu,1969-08-01,Indonesia,mlafontainedk@mit.edu,(553) 8089896
Erma,Willetts,Huaitu,1991-04-20,China,ewillettsdl@surveymonkey.com,(228) 4799873
Vanny,Bassett,Dublin,1981-05-01,Ireland,vbassettdm@printfriendly.com,(476) 3904619
Tildie,Rawstorn,,,,trawstorndn@thetimes.co.uk,
Laurena,Leahey,Sabhā,1959-02-11,Libya,lleaheydo@dailymail.co.uk,(206) 3438909
Shepherd,Presley,Delingha,1968-03-31,China,spresleydp@homestead.com,(233) 3736043
Gardie,Ottley,Ribeiro,1968-08-23,Portugal,gottleydq@instagram.com,(224) 6120303
Horst,Handslip,Dowsk,1985-10-12,Belarus,hhandslipdr@dmoz.org,(120) 5680048
Woodrow,Cotty,Pushkino,1957-10-14,Russia,,(672) 4663283
Erin,O'Hern,Rufino,1958-08-18,Argentina,,(104) 2357351
Gallard,Richfield,,,,,
Donielle,Beecroft,Luba,1981-11-13,Equatorial Guinea,dbeecroftdv@statcounter.com,(967) 2072556
Boy,Foat,Yushu,1954-01-04,China,bfoatdw@scribd.com,(963) 5473975
Blakelee,Feaveer,Santo Antônio de Jesus,1982-09-14,Brazil,bfeaveerdx@vk.com,(927) 3307673
Tabbatha,Meakes,Otyń,1956-11-07,Poland,tmeakesdy@redcross.org,(952) 6013225
Brianne,Hall-Gough,Skarbimierz Osiedle,1975-10-07,Poland,bhallgoughdz@blog.com,(234) 3577492
Bennie,Piercy,Soeng Sang,1954-10-24,Thailand,,(948) 4116933
Clifford,Doudney,Heilangkou,1971-06-01,China,cdoudneye1@youtube.com,(959) 7907717
Holden,Honacker,Drayton Valley,1974-08-10,Canada,hhonackere2@cnbc.com,(214) 1732670
Irma,Abernethy,Victoria,1964-11-16,El Salvador,iabernethye3@wix.com,(509) 8745739
Sawyere,Futcher,Pueblo Nuevo,1974-04-04,Peru,sfutchere4@bigcartel.com,(999) 1877997
Mariette,Vasilmanov,Long Hồ,1974-11-15,Vietnam,mvasilmanove5@yale.edu,(579) 8523326
Frasquito,Harme,Agiásos,1954-03-13,Greece,fharmee6@patch.com,(167) 6032792
Rebeka,MacTeggart,Mukařov,1966-09-25,Czech Republic,rmacteggarte7@indiatimes.com,(120) 8647411
Roseanna,Hetterich,Atlanta,1984-02-24,United States,rhetteriche8@altervista.org,(404) 6245665
Breena,Bilbery,Devitsa,1965-08-20,Russia,bbilberye9@nature.com,(246) 3442886
Trenna,Walsh,Chiba,1953-08-07,China,twalshea@blogger.com,(276) 8073620
Brewster,Rosi,Bilicenii Vechi,1988-07-25,Moldova,brosieb@cisco.com,(388) 1960739
Stearne,Ert,Moosomin,1950-11-25,Canada,sertec@smh.com.au,(709) 6497100
Virginia,Pepineaux,Simod,1965-09-10,Philippines,vpepineauxed@liveinternet.ru,(446) 7127965
Carmine,Tuson,Bolboc,1961-11-23,Philippines,ctusonee@who.int,(146) 5820396
Jeremiah,Lovewell,Sanshui,1953-12-12,China,jlovewellef@sphinn.com,(548) 7054097
Hestia,Seebert,Olonets,1988-02-24,Russia,hseeberteg@bandcamp.com,(872) 4331652
Felix,Clacey,Oviedo,1982-04-23,Dominican Republic,fclaceyeh@engadget.com,(231) 2013343
Curran,Malim,Iwanuma,1980-12-23,Japan,,(113) 7815136
Otho,Glanfield,La Tuque,1961-07-31,Canada,oglanfieldej@irs.gov,(952) 5960525
Rora,Fishburn,Неготино,1990-05-03,Macedonia,,(487) 6353277
Rodolph,Girardengo,Serebryanyye Prudy,1956-12-30,Russia,rgirardengoel@yolasite.com,(256) 1177778
Rossie,Gommery,,,,rgommeryem@unesco.org,
Micki,Roelofs,Atbasar,1970-02-17,Kazakhstan,mroelofsen@rambler.ru,(233) 5641800
Marrilee,Stoute,Quinchía,1957-11-20,Colombia,mstouteeo@last.fm,(541) 4819614
Boone,Nial,,,,bnialep@w3.org,
Budd,Ringham,Yasinya,1996-05-12,Ukraine,bringhameq@a8.net,(417) 1218454
Upton,Lindholm,Francisco Villa,1983-10-13,Mexico,ulindholmer@vinaora.com,(702) 9955382
Cyndi,O'Heffernan,Dijon,1955-11-19,France,coheffernanes@youtu.be,(792) 4273448
Hugh,Geare,Val-d'Or,1999-07-10,Canada,hgeareet@shareasale.com,(965) 1701630
Margit,Mendez,Apongo,1969-05-05,Peru,mmendezeu@icq.com,(153) 9019607
Kali,Wilstead,Praia de Mira,1974-10-30,Portugal,kwilsteadev@google.pl,(665) 3093222
Electra,Ronchi,Paris 07,1982-09-14,France,,(393) 2851632
Rafaelita,Patient,Acatenango,1954-04-21,Guatemala,,(733) 8117241
Chrisy,O'Shiels,San Pedro,1964-10-27,Mexico,coshielsey@wsj.com,(729) 1979699
Ignaz,Moyle,Vyshneve,1975-04-18,Ukraine,imoyleez@sogou.com,(734) 9107294
Avrom,Beaglehole,Český Těšín,1997-05-20,Czech Republic,abeagleholef0@reverbnation.com,(692) 7716485
Heidi,Bernardet,Đắk Hà,1978-12-01,Vietnam,hbernardetf1@blog.com,(415) 6846447
Konstance,Larraway,Santa Lucia,1999-02-16,Philippines,klarrawayf2@aol.com,(806) 1512416
Anderea,Blacket,,,,ablacketf3@seesaa.net,
Luise,Battson,Olyka,1954-08-03,Ukraine,lbattsonf4@who.int,(143) 8259425
Lancelot,Atling,Fengxi,1967-06-23,China,latlingf5@google.ca,(538) 5310735
Giacinta,Epelett,Wansheng,1963-09-19,China,gepelettf6@photobucket.com,(194) 6165133
Tory,Gildersleaves,Bayog,1995-04-11,Philippines,,(735) 7744217
Charla,Dorgan,Tauranga,1989-07-01,New Zealand,cdorganf8@npr.org,(508) 5421574
Bruis,Franciotti,Ecroignard,1974-08-04,Mauritius,bfranciottif9@fema.gov,(700) 7443499
Pembroke,Wickie,Ararat,1958-07-30,Armenia,pwickiefa@chronoengine.com,(807) 6851896
Marigold,Paternoster,Vareš,1951-12-30,Bosnia and Herzegovina,mpaternosterfb@1688.com,(888) 3255551
Kirsteni,Teare,Quanyang,1957-03-04,China,ktearefc@simplemachines.org,(614) 7132227
Estell,Lasselle,Ibeto,1956-10-06,Nigeria,elassellefd@networkadvertising.org,(932) 2622013
Muire,Chatenet,Zhongying,1973-06-02,China,mchatenetfe@washington.edu,(847) 6034828
Rafferty,Vial,,,,,
Sylvia,Shimony,Tišina,1968-11-18,Slovenia,sshimonyfg@parallels.com,(818) 3072894
Oran,Bollin,Baizhong,1957-07-13,China,obollinfh@godaddy.com,(597) 6358958
Bidget,Cake,San Quintin,1983-08-14,Philippines,bcakefi@seattletimes.com,(253) 5106820
Hugo,Dungey,Pan de Azúcar,1976-02-16,Uruguay,hdungeyfj@cbsnews.com,(413) 2376314
Madelon,Scanlan,Pardesiyya,1962-04-18,Israel,,(802) 9158261
Ban,Vermer,Binzhou,1959-04-27,China,bvermerfl@apple.com,(234) 6081112
Cosimo,Ferryman,Staraya Stanitsa,1964-01-13,Russia,cferrymanfm@etsy.com,(981) 8885729
Katti,Grayne,Grenoble,1986-08-30,France,kgraynefn@aboutads.info,(803) 3183072
Goddard,McKibben,,,,gmckibbenfo@jimdo.com,
Sargent,Keeble,Jicomé,1992-04-07,Dominican Republic,skeeblefp@amazonaws.com,(491) 1158176
Gibby,Neat,Paris 16,1955-01-12,France,gneatfq@ask.com,(466) 5924317
Clio,Gambles,,,,cgamblesfr@bizjournals.com,
Rozele,Paradin,Mungwi,1967-09-07,Zambia,rparadinfs@ask.com,(980) 4287212
Elliott,Duncanson,Koski Tl,1959-07-27,Finland,eduncansonft@wix.com,(251) 9254821
Cecilla,Papaccio,Santa Cruz do Capibaribe,1961-11-20,Brazil,cpapacciofu@ycombinator.com,(520) 4877465
Cinda,Rideout,Iwo,1963-11-13,Nigeria,crideoutfv@wisc.edu,(828) 7298166
Karlyn,Eite,Calumpang,1966-08-25,Philippines,keitefw@google.com.au,(615) 8124181
Granger,Mechic,Quípama,1984-04-14,Colombia,,(723) 9140531
Clementina,Avard,Cotton Ground,1959-11-28,Saint Kitts and Nevis,cavardfy@livejournal.com,(649) 7663885
Noah,Amar,Dobra,1991-01-02,Poland,,(120) 2205468
Leupold,Culver,Old Shinyanga,1967-03-29,Tanzania,lculverg0@archive.org,(773) 3640131
Nichol,Robbie,Plužine,1990-09-26,Montenegro,,(465) 5687057
Molli,Collerd,,,,mcollerdg2@merriam-webster.com,
Nisse,Leehane,Dębno,1967-03-09,Poland,nleehaneg3@omniture.com,(972) 6277931
Andeee,Silbersak,Bajomulyo,1997-03-11,Indonesia,asilbersakg4@hp.com,(146) 3982897
Wolfie,Ickovic,Ulichnoye,1951-01-21,Ukraine,wickovicg5@weibo.com,(980) 7791830
Smitty,Caistor,Villa Dolores,1983-09-18,Argentina,scaistorg6@godaddy.com,(924) 4080367
Violette,Aldrick,Rače,1967-03-23,Slovenia,valdrickg7@typepad.com,(721) 1775763
Melli,Willgrass,Erie,1964-07-16,United States,mwillgrassg8@dropbox.com,(814) 2876752
Roosevelt,Sloan,Talitsy,1981-08-24,Russia,rsloang9@sourceforge.net,(414) 9035489
Serena,Issitt,Lahad Datu,1960-07-20,Malaysia,sissittga@mashable.com,(551) 8738963
Codee,Douthwaite,Delft,1982-02-18,Netherlands,cdouthwaitegb@narod.ru,(648) 2235181
Jo,Ollarenshaw,Qingyang,1962-05-21,China,jollarenshawgc@apple.com,(924) 6678225
Angeli,Custy,Guri-si,1986-05-22,South Korea,acustygd@guardian.co.uk,(901) 5205274
Sampson,Sedgwick,Lakeland,1988-05-20,United States,ssedgwickge@ucoz.ru,(863) 5094808
Hetty,Witheford,Aktau,1972-10-30,Kazakhstan,hwithefordgf@tinyurl.com,(622) 4685921
Florri,Naptin,Chartres,1957-03-22,France,,(356) 9504997
Alikee,Castlake,Neochóri,1960-02-07,Greece,acastlakegh@comcast.net,(653) 7355210
Gerick,Pieterick,Serang,1967-05-03,Indonesia,,(876) 5431252
Gabriello,Coolson,,,,gcoolsongj@tinypic.com,
Felecia,Bernollet,,,,fbernolletgk@sbwire.com,
Adlai,Trevorrow,Svatava,1976-08-31,Czech Republic,atrevorrowgl@spotify.com,(976) 3306869
Robinet,Kleinstern,Évosmos,1952-07-12,Greece,rkleinsterngm@123-reg.co.uk,(467) 2218444
Desi,Tremaine,,,,dtremainegn@weibo.com,
Carilyn,Gorwood,Paris 13,1981-09-26,France,cgorwoodgo@seattletimes.com,(928) 8899871
Delbert,Venners,Aroroy,1987-10-19,Philippines,dvennersgp@bloglovin.com,(959) 1756128
Gordan,O' Mara,,,,gomaragq@i2i.jp,
Gabriell,Jina,Novhorod-Sivers’kyy,1950-03-16,Ukraine,gjinagr@wisc.edu,(458) 3492117
Aloin,Westcott,Youzha,1974-10-26,China,,(989) 8950604
Estel,Rait,Bangonay,1975-08-22,Philippines,eraitgt@latimes.com,(854) 8144830
Cristabel,Prudence,El Arañado,1979-06-20,Argentina,cprudencegu@vistaprint.com,(906) 6875846
Red,Hayman,Pyrgetós,1956-02-27,Greece,rhaymangv@de.vu,(720) 9527795
Matthiew,Cooper,Dallas,1976-01-20,United States,mcoopergw@china.com.cn,(469) 9880596
Kare,MacAskill,Czudec,1995-12-13,Poland,,(162) 6440307
Thia,Manby,Maranura,1980-09-28,Peru,tmanbygy@irs.gov,(809) 3232543
Hubert,Edginton,Bila,1989-11-20,Bosnia and Herzegovina,,(630) 6194179
Grace,Plackstone,Pau,1962-01-15,Philippines,,(356) 9354577
Abeu,Waryk,Cilegi,1968-01-28,Indonesia,awarykh1@nps.gov,(736) 6664477
Odey,Perham,Žulová,1958-01-19,Czech Republic,operhamh2@theguardian.com,(372) 5919308
Jennica,Duffree,Maralik,1981-03-25,Armenia,,(795) 2953909
Orazio,Steptoe,Pubu,1962-06-09,China,osteptoeh4@sun.com,(828) 3018238
Peterus,Prene,São Mateus,1964-04-08,Brazil,ppreneh5@lycos.com,(663) 4322791
Remy,Bouchier,Kazimierz Dolny,1953-12-31,Poland,rbouchierh6@wikispaces.com,(361) 2385743
Cobb,Leither,Qingguang,1996-08-27,China,,(505) 9190807
Haleigh,Cousins,Cisiec,1954-02-02,Poland,,(251) 8201224
Beryl,Sommersett,Shamboyacu,1967-10-01,Peru,bsommersetth9@reference.com,(794) 6669376
Dael,Jewkes,Cela,1963-12-28,Portugal,djewkesha@mtv.com,(702) 2231044
Herc,Renyard,Pericik,1973-04-19,Indonesia,hrenyardhb@mit.edu,(907) 9098134
Chelsae,Rayman,Port Maria,1980-10-23,Jamaica,craymanhc@goodreads.com,(510) 4634691
Saunderson,Brennon,Montenegro,1980-11-22,Colombia,sbrennonhd@symantec.com,(414) 6857776
Ines,Pitway,Gorzyczki,1999-06-19,Poland,ipitwayhe@exblog.jp,(471) 6612790
Lilla,Odger,Hägersten,1951-07-05,Sweden,lodgerhf@springer.com,(107) 7195967
Selina,Jachtym,Belogorsk,1967-10-09,Russia,,(914) 8270480
Karel,Spellecy,Sendangagung,1962-12-03,Indonesia,kspellecyhh@paypal.com,(312) 9811881
Rabi,Klus,Santa Cruz de la Sierra,1950-02-08,Bolivia,rklushi@google.com.hk,(236) 1726229
Linn,Mungin,Matang,1952-03-19,China,lmunginhj@bloglovin.com,(228) 9126878
Tabina,Danson,Penanggungan,1989-02-16,Indonesia,tdansonhk@cpanel.net,(342) 8025720
Isidro,Bergeau,Jinan,1986-10-07,China,ibergeauhl@scientificamerican.com,(809) 4713488
Donavon,Rojel,Kyparissía,1966-03-14,Greece,drojelhm@amazon.com,(232) 9728619
Karney,Martugin,Ban Rangsit,1987-02-17,Thailand,,(998) 1570627
Eleanora,McPhillimey,Ban Kruat,1974-07-10,Thailand,emcphillimeyho@geocities.com,(231) 8053817
Johnna,Yeudall,San Luis,1959-12-30,Guatemala,,(856) 9738580
Pammy,Bethel,Chenxiang,1976-12-14,China,pbethelhq@latimes.com,(235) 3638729
Leeann,Sherlock,Batabanó,1981-01-22,Cuba,,(743) 7940664
Ariel,Baumler,Luleå,1996-03-08,Sweden,abaumlerhs@ft.com,(286) 6308547
Frannie,Balden,Birinci Aşıqlı,1983-03-21,Azerbaijan,fbaldenht@chronoengine.com,(119) 9565442
Desirae,Paulson,Rio das Pedras,1985-08-12,Brazil,dpaulsonhu@plala.or.jp,(338) 6120106
Michaelina,Renad,Qarqania,1985-05-17,Syria,mrenadhv@cdbaby.com,(498) 6684900
Joete,Jedrychowski,Staten Island,1968-03-05,United States,jjedrychowskihw@usnews.com,(914) 1867976
Bobbee,Fernier,Fuliang,1991-10-03,China,bfernierhx@state.gov,(450) 4694376
Alejandro,Flarity,Jishui,1950-03-17,China,aflarityhy@furl.net,(952) 9561820
Banky,Castle,Karlstad,1970-06-26,Sweden,bcastlehz@unesco.org,(453) 4203027
Maye,Sawart,Ciulu,1999-03-05,Indonesia,msawarti0@ovh.net,(345) 6937056
Garrett,Brendel,Lyuban’,1961-08-20,Belarus,gbrendeli1@blogs.com,(242) 7420883
Anastassia,Doyle,Banbalah,1997-08-27,Tunisia,adoylei2@lycos.com,(739) 3887583
Tremayne,Stacey,Shilong,1988-03-03,China,tstaceyi3@wix.com,(482) 4908967
Corney,Jarrell,Infantas,1951-04-27,Portugal,cjarrelli4@techcrunch.com,(255) 3586941
Sollie,Harteley,Yangtan,1960-02-07,China,sharteleyi5@51.la,(120) 4890649
Hoebart,Dewerson,Angatel,1964-03-13,Philippines,hdewersoni6@photobucket.com,(597) 3642459
Nomi,Isaksen,Mogilany,1953-03-26,Poland,nisakseni7@nps.gov,(579) 1712903
Ardis,Gelardi,Frýdlant,1978-07-16,Czech Republic,agelardii8@geocities.jp,(205) 5813620
Denni,Clemon,Sakai,1971-04-14,Japan,dclemoni9@utexas.edu,(773) 2816861
Kelbee,Caven,Longcang,1950-06-19,China,,(717) 8720928
Francklyn,Skillitt,Ferreira,1971-11-10,Portugal,,(443) 2266515
Glen,Shallcroff,Kudang,1972-07-07,Indonesia,gshallcroffic@ifeng.com,(150) 7211608
Jada,Birden,Santiago Vázquez,1955-06-05,Uruguay,jbirdenid@weibo.com,(349) 2535029
Barrie,Shailer,Karangkancana,1969-06-06,Indonesia,bshailerie@mail.ru,(959) 9181886
Bethanne,Beresfore,Linköping,1954-02-13,Sweden,bberesforeif@ustream.tv,(247) 4089597
Regina,Yaldren,Watsa,1968-03-05,Democratic Republic of the Congo,ryaldrenig@mysql.com,(972) 3022570
Bernie,Lidierth,Göteborg,1971-08-20,Sweden,blidierthih@dyndns.org,(430) 8166822
Fred,Breit,,,,fbreitii@twitpic.com,
Eloise,Gatheridge,Nizhyn,1956-10-12,Ukraine,egatheridgeij@youtube.com,(448) 2146185
Dyanna,Armit,Aygestan,1978-10-12,Armenia,darmitik@google.ca,(104) 6696373
Godard,Shoebotham,Berezniki,1996-01-13,Russia,gshoebothamil@wsj.com,(587) 9864843
Craggie,Candelin,Bondo,1980-07-27,Democratic Republic of the Congo,ccandelinim@drupal.org,(538) 6762511
Ellerey,Gabbitis,Banjarejo,1963-12-07,Indonesia,egabbitisin@usa.gov,(565) 7586784
Woodman,Bachnic,Hangchuan,1963-07-23,China,,(605) 9276008
Denni,Hercock,Caxito,1991-05-15,Angola,dhercockip@google.ru,(196) 1789028
Hewett,Menloe,Nanhu,1977-09-30,China,hmenloeiq@list-manage.com,(238) 4794771
Daven,Goodison,Dadapan,1965-07-08,Indonesia,dgoodisonir@boston.com,(835) 7036938
Joleen,Demer,Kenzhe,1960-10-16,Russia,jdemeris@twitter.com,(215) 8562325
Luisa,Vila,Tokonou,1963-12-27,Guinea,lvilait@instagram.com,(557) 8153847
Kassia,Westman,Krajan Jabungcandi,1984-05-02,Indonesia,kwestmaniu@drupal.org,(939) 4768730
Beale,Bratty,Las Animas,1956-07-09,Mexico,bbrattyiv@europa.eu,(903) 2365851
Suzette,Foyster,Jiaokou,1999-02-07,China,sfoysteriw@bigcartel.com,(564) 8142795
Sidoney,Radki,Chernelytsya,1989-11-28,Ukraine,sradkiix@pbs.org,(841) 8315486
Elfreda,Eschalette,Tabalong,1986-07-29,Philippines,eeschaletteiy@ehow.com,(394) 2418964
Nils,Suddick,Bolotnoye,1970-01-12,Russia,nsuddickiz@woothemes.com,(330) 9395512
Caron,Confort,Lidong,1977-12-02,China,cconfortj0@meetup.com,(432) 9996175
Dorolisa,Jobbins,Tayāsīr,1969-04-18,Palestinian Territory,djobbinsj1@mayoclinic.com,(100) 6769523
Giusto,Vergo,Latacunga,1951-02-08,Ecuador,gvergoj2@webs.com,(163) 8951826
Cecilla,Peffer,Kungsbacka,1976-01-12,Sweden,cpefferj3@cam.ac.uk,(388) 6273773
Elwood,De'Vere - Hunt,Serra Negra,1966-08-19,Brazil,edeverehuntj4@icio.us,(740) 7954312
Lorianne,Tofful,Örebro,1981-08-31,Sweden,,(717) 2850835
Erin,Arent,Kalinovskaya,1968-01-08,Russia,earentj6@wsj.com,(280) 2580293
Inness,Aloshikin,Las Matas de Farfán,1974-01-31,Dominican Republic,ialoshikinj7@china.com.cn,(603) 9801100
Rosina,Jays,Szczerbice,1981-06-06,Poland,,(487) 2873815
Jyoti,Minigo,Tópaga,1955-05-30,Colombia,jminigoj9@ft.com,(225) 1984681
Drona,Murphey,Uyuni,1990-02-25,Bolivia,dmurpheyja@who.int,(507) 2411341
Dorise,Trevan,Londiani,1999-03-13,Kenya,dtrevanjb@howstuffworks.com,(453) 8563058
Corry,Pressland,Pongol,1954-10-08,Philippines,cpresslandjc@adobe.com,(401) 7892761
Dulcie,Arlt,Thames,1954-03-31,New Zealand,darltjd@slashdot.org,(250) 9318384
Roby,Hurdwell,Stockholm,1986-03-16,Sweden,,(673) 1410618
Del,Dorrian,Kaliterus,1973-06-10,Indonesia,ddorrianjf@ebay.co.uk,(146) 6541915
Vinny,Wallbrook,,,,vwallbrookjg@networksolutions.com,
Valina,Marrow,Sao Hai,1953-08-12,Thailand,vmarrowjh@whitehouse.gov,(588) 2640390
Yuri,Barthel,Dobroměřice,1990-06-01,Czech Republic,ybarthelji@businessweek.com,(619) 2115670
Vinson,Tolomio,Zhangduangu,1954-06-26,China,vtolomiojj@free.fr,(678) 1179713
Elly,Sowerbutts,Nueva Esperanza,1970-10-16,Mexico,esowerbuttsjk@thetimes.co.uk,(266) 8851362
Latrena,Hambatch,Aengceleng,1970-07-30,Indonesia,lhambatchjl@shareasale.com,(609) 1940103
Vanya,Blackhurst,Wenshao,1993-06-03,China,,(424) 9434714
Jasun,Qusklay,Yongtai,1970-12-08,China,jqusklayjn@google.es,(548) 2049334
Gert,Woodeson,Watoona,1972-04-23,Indonesia,,(684) 8036863
Cheryl,Blazewicz,São Manuel,1968-04-30,Brazil,,(213) 9978397
Beulah,Rickwood,Hellevoetsluis,1982-06-11,Netherlands,brickwoodjq@telegraph.co.uk,(104) 2750072
Rolf,Tavinor,Amiens,1993-09-07,France,rtavinorjr@stanford.edu,(969) 5028836
Mikaela,Beric,Lecherías,1963-07-10,Venezuela,mbericjs@ezinearticles.com,(603) 7316523
Jocelin,Aldin,Shuangmiao,1995-06-03,China,,(261) 2892023
Nikolos,Eadington,Pengjia Zhaizi,1954-09-25,China,neadingtonju@pen.io,(605) 1309425
Skipper,Somerled,Ulety,1981-09-17,Russia,ssomerledjv@uiuc.edu,(294) 2272119
Teresa,Digweed,Cimonyong,1980-02-03,Indonesia,tdigweedjw@acquirethisname.com,(257) 7510824
Sharleen,Sandeland,Intipucá,1951-04-20,El Salvador,ssandelandjx@zdnet.com,(752) 3714116
Cherida,Hacquard,Gongjiahe,1965-10-01,China,chacquardjy@merriam-webster.com,(119) 4887969
Harland,Bryant,Pirg,1959-04-02,Albania,hbryantjz@ameblo.jp,(950) 1140852
Garth,Skaife,Zhongzhai,1957-10-07,China,gskaifek0@stanford.edu,(217) 8661001
Chevalier,Franies,Harhorin,1983-11-29,Mongolia,cfraniesk1@google.ru,(910) 6900566
Frazer,Moret,Itagibá,1982-02-17,Brazil,fmoretk2@yahoo.co.jp,(564) 1152439
Jewelle,Rain,Zubin Potok,1980-09-25,Kosovo,,(370) 9548643
Milty,Corbert,Tilmi,1982-10-23,Morocco,mcorbertk4@dot.gov,(541) 5285709
Leland,Lidierth,Tidaholm,1960-06-18,Sweden,llidierthk5@who.int,(576) 8903745
Roddie,Reisen,Kawakawa,1950-12-26,New Zealand,rreisenk6@uiuc.edu,(523) 2382709
Carmencita,Goldney,Shichuan,1957-04-14,China,cgoldneyk7@unesco.org,(465) 1623486
Enrico,Langridge,Luzern,1959-03-18,Switzerland,elangridgek8@answers.com,(165) 7169242
Elladine,Shawel,Huangban,1964-09-01,China,eshawelk9@angelfire.com,(100) 6204125
Ingaborg,Studdard,Jardim,1950-08-31,Brazil,istuddardka@over-blog.com,(347) 2581063
Lem,Travers,Aqqan,1967-05-15,China,ltraverskb@vistaprint.com,(424) 7323272
Jorey,Anstiss,Aquiraz,1952-11-08,Brazil,janstisskc@mail.ru,(761) 3113260
Purcell,Krishtopaittis,Podsineye,1966-03-05,Russia,pkrishtopaittiskd@squarespace.com,(901) 4253357
Aeriel,Roman,Bengga,1990-04-26,Indonesia,aromanke@foxnews.com,(965) 7173642
Bartel,Hollyer,Alcanena,1959-06-26,Portugal,bhollyerkf@ucoz.ru,(874) 7717715
Eirena,Stefi,Pilzno,1993-03-19,Poland,estefikg@yandex.ru,(987) 6493856
Sigmund,Heams,,,,sheamskh@chronoengine.com,
Blakelee,Udden,,,,buddenki@unesco.org,
Claire,Rosenbusch,Linköping,1955-03-21,Sweden,crosenbuschkj@examiner.com,(495) 2254109
Lamar,Glancey,Ban Lŭng,1973-07-19,Cambodia,lglanceykk@paypal.com,(355) 9032360
Lorry,Gillett,Tessaoua,1970-06-14,Niger,,(930) 4311325
Jessika,Firbank,Buenavista,1976-03-13,Philippines,jfirbankkm@wikispaces.com,(949) 1331087
Stoddard,Antonsson,Kolodenka,1975-01-07,Ukraine,santonssonkn@wunderground.com,(219) 4622146
Gordy,Tollit,Kaka,1964-09-06,Turkmenistan,gtollitko@sphinn.com,(624) 6845205
Brietta,Maidlow,Medvezh’yegorsk,1958-07-05,Russia,bmaidlowkp@sina.com.cn,(302) 1162504
Cicily,Pawelski,Ji’an,1965-06-24,China,,(903) 7725928
Iormina,Pilley,Zhouxi,1981-03-03,China,ipilleykr@paypal.com,(895) 8929894
Pippy,Pipkin,Aktogay,1962-11-13,Kazakhstan,ppipkinks@blogtalkradio.com,(672) 3448601
Horatio,Benyon,Zelenogorsk,1963-04-26,Russia,hbenyonkt@ucla.edu,(133) 1484544
Corliss,Hawkslee,Nagbacalan,1952-05-04,Philippines,,(586) 9226978
Hew,Sich,Lagunillas,1989-12-02,Venezuela,hsichkv@about.com,(136) 9006651
Val,Dunn,Kantharalak,1965-06-27,Thailand,,(829) 4889433
Angeli,Pyvis,Karungdong,1995-12-20,Philippines,apyviskx@biglobe.ne.jp,(146) 8825331
Charmine,Penella,Baitian,1979-03-21,China,cpenellaky@dedecms.com,(152) 8252176
Cheri,Haynes,Ketanggi,1973-10-21,Indonesia,chayneskz@blinklist.com,(381) 1961606
Sal,Bruggeman,Dadong,1996-07-25,China,sbruggemanl0@seesaa.net,(365) 7607632
Lebbie,McVie,Goianésia,1966-09-30,Brazil,lmcviel1@printfriendly.com,(736) 3807385
Tim,Cattlow,Zselickislak,1966-09-29,Hungary,tcattlowl2@virginia.edu,(596) 4146698
Judy,Van Castele,,,,,
Sidonia,Scatchar,Ituiutaba,1989-06-18,Brazil,sscatcharl4@marketwatch.com,(884) 5115538
Jehanna,Shuttleworth,Santa Helena de Goiás,1990-05-17,Brazil,jshuttleworthl5@domainmarket.com,(233) 9970359
Anjanette,Wooderson,Yuzhou,1970-04-08,China,awoodersonl6@mayoclinic.com,(806) 7470742
Osbourn,Anger,Wum,1959-11-24,Cameroon,oangerl7@cnbc.com,(801) 1733618
Dieter,Cranstone,Almaznyy,1976-12-11,Russia,dcranstonel8@apple.com,(287) 8393507
Shaughn,Vannini,Iganga,1951-03-31,Uganda,svanninil9@tripadvisor.com,(354) 9823347
Heinrik,Pasek,Jackson,1982-08-18,United States,hpasekla@rambler.ru,(601) 6619590
Bernice,Scartifield,Cabeçudos,1990-11-15,Portugal,bscartifieldlb@tripadvisor.com,(391) 1172489
Caesar,Gaitskell,Shanghang,1993-05-24,China,cgaitskelllc@trellian.com,(361) 9735234
Veronike,Gorini,Ust’-Katav,1991-03-26,Russia,vgorinild@goo.gl,(164) 6561506
Bobbie,Priestman,Jinshandian,1993-01-10,China,bpriestmanle@forbes.com,(636) 4546159
Reyna,Espinola,Narong,1998-03-14,China,respinolalf@github.com,(228) 5145806
Patience,Allin,Tangkil,1976-12-03,Indonesia,pallinlg@netlog.com,(876) 6202535
Barnie,Foss,Bahui,1986-01-11,China,bfosslh@google.de,(288) 1567929
Shanan,Burchatt,Stavropol’,1993-03-13,Russia,sburchattli@washington.edu,(566) 6219744
Shawna,Mockett,Shanggu,1980-05-02,China,smockettlj@ning.com,(462) 3186951
Emelina,Vollam,,,,evollamlk@digg.com,
Aksel,MacNockater,Nový Malín,1958-06-22,Czech Republic,,(531) 5563534
Raimondo,Pitkin,Gio Linh,1960-12-08,Vietnam,rpitkinlm@soup.io,(351) 2902239
Lenard,Gaitone,Tangzha,1962-04-27,China,lgaitoneln@java.com,(402) 2959894
Deva,O'Donohue,,,,dodonohuelo@si.edu,
Jennette,Echalie,Rajūzah,1985-07-02,Yemen,jechalielp@nba.com,(141) 1851582
Agnes,O'Leahy,Karang Daye,1996-03-14,Indonesia,aoleahylq@google.com,(895) 9439496
Haroun,Kordova,Barreiro,1984-11-11,Portugal,hkordovalr@spotify.com,(933) 7814744
Florinda,Parkyn,Kwatarkwashi,1953-04-08,Nigeria,fparkynls@xrea.com,(820) 9137151
Ariadne,Kleinpeltz,Venilale,1991-02-22,East Timor,akleinpeltzlt@wordpress.com,(809) 2550908
Tabbitha,Simcox,Brejo Santo,1964-02-25,Brazil,tsimcoxlu@cdbaby.com,(334) 9244613
Pepito,Whiscard,Sacanta,1973-01-05,Argentina,pwhiscardlv@shop-pro.jp,(598) 7675909
Ruthi,Rosendall,Huapi,1962-10-27,China,rrosendalllw@cdc.gov,(577) 2756299
Blithe,Pedroli,Mariquita,1993-06-27,Colombia,bpedrolilx@wired.com,(680) 6608799
Caitrin,Garforth,Mixco,1995-09-03,Guatemala,cgarforthly@bloomberg.com,(473) 3073775
Fielding,Trounce,Hope,1952-10-11,Canada,ftrouncelz@bandcamp.com,(858) 9987291
Harp,McCaster,Matumadua,1986-04-13,Indonesia,,(443) 7206654
Danit,Clack,Maardu,1952-02-09,Estonia,dclackm1@unesco.org,(322) 8688909
Morly,Reams,Fantan,1998-02-15,Armenia,mreamsm2@newyorker.com,(641) 9475968
Tanney,Blanchard,Boca Raton,1986-06-26,United States,tblanchardm3@si.edu,(305) 6300819
Lavina,Freiburger,Vasilikón,1969-06-25,Greece,lfreiburgerm4@amazon.co.uk,(717) 3578606
Meggi,Beak,Berlin,1984-07-12,Germany,mbeakm5@fc2.com,(692) 7036066
Giacomo,Prendergrast,,,,,
Sheffy,Bright,Dayr Sāmit,1967-04-27,Palestinian Territory,sbrightm7@feedburner.com,(575) 7477315
Egon,Mifflin,Tupesy,1955-04-16,Czech Republic,,(349) 9652416
Sibelle,Friar,Yinchuan,1952-11-04,China,,(671) 8173042
Krispin,Popham,Urasqui,1975-12-20,Peru,kpophamma@si.edu,(974) 5708252
Hermie,Lewins,Den Chai,1978-07-21,Thailand,hlewinsmb@studiopress.com,(809) 3745005
Papageno,O'Noland,Jāmpur,1954-04-11,Pakistan,ponolandmc@engadget.com,(318) 7201254
Jodie,Norwich,Pico Truncado,1993-03-02,Argentina,,(427) 2324341
Brian,Kettleson,Naranjal,1979-05-30,Ecuador,bkettlesonme@telegraph.co.uk,(181) 9289589
Inger,Abella,Chalchuapa,1969-11-08,El Salvador,iabellamf@washington.edu,(227) 5800482
Deedee,McKinlay,Villa del Rosario,1978-04-16,Colombia,dmckinlaymg@newyorker.com,(911) 2778387
Isaiah,McMeekin,Al Jabīn,1985-06-10,Yemen,imcmeekinmh@go.com,(409) 1071555
Cris,Dreigher,Oslo,1954-02-17,Norway,cdreighermi@pcworld.com,(890) 1638157
Christalle,Latek,Shiyan,1970-09-29,China,clatekmj@zdnet.com,(227) 2748078
Ruby,Reddecliffe,Taimaman,1991-09-11,Indonesia,rreddecliffemk@gov.uk,(868) 3501876
Leodora,Vergo,Chełmiec,1955-04-09,Poland,lvergoml@ifeng.com,(353) 2161992
Alaine,Clarridge,Pereyaslovskaya,1950-05-26,Russia,aclarridgemm@sakura.ne.jp,(543) 9886172
Hayden,Hussell,Dolega District,1984-01-29,Panama,hhussellmn@nsw.gov.au,(662) 5214016
Ximenez,Revelle,Groningen,1987-02-22,Netherlands,xrevellemo@tuttocitta.it,(935) 9613884
Kaylil,Willoughey,Oele,1988-11-12,Indonesia,kwillougheymp@amazon.co.uk,(228) 7548804
Roselle,Ordidge,Ungheni,1983-08-16,Moldova,rordidgemq@apache.org,(342) 9895649
Aidan,Elwyn,Muriaé,1976-10-19,Brazil,aelwynmr@addthis.com,(346) 6277992
Rhodie,Malden,Yangfang,1951-05-18,China,,(493) 6432723
Davida,Golden of Ireland,Furong,1979-07-26,China,,(525) 9164359
Goldina,Stennes,Cimadang,1952-02-22,Indonesia,,(631) 8954224
Melina,Biddulph,Sannois,1957-05-28,France,mbiddulphmv@buzzfeed.com,(199) 8949655
Jessey,Brendish,Governor’s Harbour,1951-07-04,Bahamas,jbrendishmw@behance.net,(626) 6856948
Atalanta,Pinchbeck,Sebedo,1982-02-14,Indonesia,apinchbeckmx@utexas.edu,(323) 9835000
Sadye,Ormston,Ādaži,1988-02-04,Latvia,sormstonmy@ameblo.jp,(745) 6586609
Randee,Jouannin,Novo,1960-12-03,Portugal,rjouanninmz@oracle.com,(793) 8239970
Dag,Franzini,Neẖalim,1982-05-21,Israel,dfranzinin0@flavors.me,(369) 4850467
Helge,Strognell,Huilelot,1994-07-29,Indonesia,hstrognelln1@ihg.com,(140) 1120778
Hanson,Aleswell,Loboniki,1957-03-17,Indonesia,haleswelln2@sciencedaily.com,(925) 1155234
Craggie,Romeril,Nha Trang,1987-06-07,Vietnam,,(847) 9553437
Husain,Ferneley,Gampaha,1973-02-02,Sri Lanka,hferneleyn4@shutterfly.com,(786) 2531543
Atalanta,Attreed,Qianyou,1969-03-05,China,aattreedn5@tmall.com,(661) 5429288
Calvin,Farnan,Gryfów Śląski,1966-02-10,Poland,cfarnann6@yolasite.com,(720) 8841235
Clareta,Buret,Youghal,1956-02-26,Ireland,cburetn7@theguardian.com,(661) 5602160
Darius,Germann,Al Mughayyir,1990-09-18,Palestinian Territory,dgermannn8@i2i.jp,(531) 9703697
Rene,Austen,Toulon,1988-09-24,France,raustenn9@gizmodo.com,(462) 7540582
Fanni,Graver,Tambilil,1984-06-13,Philippines,fgraverna@accuweather.com,(972) 4192057
Gretal,Hillin,Non Sung,1968-02-10,Thailand,ghillinnb@bbb.org,(561) 2716089
Shelby,Bogie,,,,sbogienc@g.co,
Sabina,Loxdale,Pizarrete,1989-08-12,Dominican Republic,sloxdalend@yellowbook.com,(213) 2784730
Brietta,Maven,Tanout,1951-02-27,Niger,bmavenne@eventbrite.com,(137) 5444411
Kaela,Crim,Thị Trấn Mỹ Lộc,1981-06-08,Vietnam,kcrimnf@mediafire.com,(404) 7029599
Giffie,Lepere,Narva,1983-09-07,Estonia,glepereng@addtoany.com,(145) 4639555
Jed,Reader,Ban Mai,1989-08-21,Thailand,jreadernh@wufoo.com,(710) 8779087
Carce,Passman,Tanguá,1977-06-18,Brazil,cpassmanni@admin.ch,(285) 2603886
Carolan,Annice,Parychy,1991-02-25,Belarus,cannicenj@blogger.com,(511) 4568435
Rosita,Rosendall,Donnybrook,1975-02-12,Ireland,rrosendallnk@elegantthemes.com,(791) 9929483
Luciano,Elesander,Radenka,1965-12-22,Serbia,lelesandernl@ucsd.edu,(915) 5997716
Zaccaria,Shortan,Al Ḩarāk,1984-10-27,Syria,,(543) 3724180
Dick,Gwatkins,Nandu,1995-10-17,China,dgwatkinsnn@accuweather.com,(965) 5236925
Druci,Coghlin,Wufeng,1998-05-19,China,,(808) 8612064
Cristie,Clempton,Cabedelo,1972-02-27,Brazil,cclemptonnp@infoseek.co.jp,(938) 2323215
Marin,Cockley,Vynohradove,1969-08-04,Ukraine,mcockleynq@furl.net,(245) 5727849
Alyda,Greschke,Stockholm,1997-02-07,Sweden,agreschkenr@hhs.gov,(540) 7766496
Vally,Sisley,Nkove,1977-12-04,Tanzania,vsisleyns@simplemachines.org,(216) 9085769
Algernon,Furse,Feteira Grande,1998-12-20,Portugal,,(621) 6900625
Ches,Kellie,Ilo,1996-01-01,Peru,ckellienu@java.com,(594) 8085516
Tobiah,Firbank,Voloshka,1974-10-12,Russia,,(666) 7737200
Noni,Sharrem,Spitsevka,1955-07-21,Russia,nsharremnw@wsj.com,(378) 1367276
Holt,Arlow,Seiça,1977-03-25,Portugal,harlownx@statcounter.com,(996) 4363655
Brana,Hartzenberg,Portalegre,1970-02-20,Portugal,,(595) 2042011
Claudelle,Giffin,Shilovo,1961-08-30,Russia,cgiffinnz@qq.com,(812) 9419963
Anders,Haborn,Marhanets’,1986-09-03,Ukraine,ahaborno0@dell.com,(939) 9106754
Lira,Jedrzejczak,København,1962-09-28,Denmark,ljedrzejczako1@reuters.com,(305) 5050162
Chlo,Dachs,Beishan,1973-09-07,China,cdachso2@google.com.br,(505) 8404837
Luce,Ellsbury,Tokombere,1985-02-15,Nigeria,lellsburyo3@gov.uk,(726) 6709888
Kessiah,Douthwaite,Babura,1993-07-24,Nigeria,kdouthwaiteo4@senate.gov,(825) 2787308
Lonnard,Grigorio,Nikolayevka,1981-11-19,Russia,lgrigorioo5@japanpost.jp,(638) 9911418
Monique,Lannen,Khomutovo,1976-03-15,Russia,,(300) 8618916
Benjie,Budnk,Samara,1991-09-04,Russia,bbudnko7@dailymotion.com,(908) 8998148
Aylmer,Bastistini,Suruhan,1983-10-03,Indonesia,abastistinio8@topsy.com,(948) 1274669
Issie,Herrieven,Bayt Qād,1960-03-06,Palestinian Territory,,(708) 4234775
Merissa,Prosek,General Levalle,1975-10-31,Argentina,mprosekoa@globo.com,(435) 3284174
Waldo,Mosedill,Huachos,1985-06-15,Peru,wmosedillob@hugedomains.com,(154) 6448105
Hanni,Niesegen,Dayang,1961-09-05,China,,(264) 7510966
Flori,Stennings,Hitiaa,1960-02-11,French Polynesia,,(304) 4045586
Kimble,Pook,Baška Voda,1961-09-04,Croatia,kpookoe@e-recht24.de,(323) 2331298
Christabella,Wardall,,,,cwardallof@pcworld.com,
Willy,Pluthero,Aguazul,1972-11-10,Colombia,wplutheroog@hc360.com,(544) 1517174
Gal,Gleadle,Siay,1990-09-21,Philippines,ggleadleoh@reddit.com,(606) 1369743
Konrad,Gommery,Neya,1964-01-04,Russia,,(201) 6402773
Westley,Jovicic,Thành Phố Hà Giang,1955-06-19,Vietnam,wjovicicoj@google.com.au,(749) 8382926
Conrade,Cow,Nanxi,1960-11-28,China,ccowok@netlog.com,(821) 1079116
Vite,Chichgar,Caja,1982-07-07,Peru,,(677) 6848203
Hewet,Robens,Qingfa,1978-11-15,China,,(649) 9488989
Erek,Casazza,Świętajno,1950-03-20,Poland,ecasazzaon@dmoz.org,(870) 6955776
Ingrim,Heijne,Petukhovo,1999-06-13,Russia,iheijneoo@yellowpages.com,(645) 9709303
Inge,Skirven,Batudulang,1999-09-19,Indonesia,iskirvenop@creativecommons.org,(893) 2826895
Hubey,Stirton,Vesëlyy,1952-08-23,Russia,hstirtonoq@washington.edu,(810) 6573123
Veradis,Boecke,Cox’s Bāzār,1999-01-19,Bangladesh,vboeckeor@washington.edu,(710) 4885382
Ellis,Berthomieu,Guofu,1967-02-01,China,eberthomieuos@usda.gov,(581) 1434904
Cindee,McGaraghan,Manhumirim,1955-01-07,Brazil,,(467) 7450597
Abbey,Pucknell,Tampa,1964-06-06,United States,apucknellou@ovh.net,(813) 5757146
Chic,Holbarrow,Dongmaku,1956-06-30,China,cholbarrowov@so-net.ne.jp,(140) 5351983
Page,Fillingham,Dawan,1964-07-17,China,pfillinghamow@mail.ru,(914) 8076826
Ruddy,Manion,Sanbao,1979-06-12,China,rmanionox@godaddy.com,(312) 4627902
Jeno,Rittmeyer,Santa Gertrudes,1976-10-01,Brazil,jrittmeyeroy@ycombinator.com,(206) 4652888
Blondie,Coucha,Xincheng,1991-05-01,China,bcouchaoz@mapquest.com,(107) 8281168
Bentlee,Swiffin,Oklahoma City,1965-01-18,United States,,(405) 5584169
Huberto,Ravens,Beixiaoying,1968-04-06,China,hravensp1@dyndns.org,(932) 9030175
Valentin,Pettman,,,,,
Cathrin,Kibbee,Shenzhengqiao,1994-11-14,China,ckibbeep3@simplemachines.org,(765) 5024439
Bettina,Coaster,Anjiang,1957-06-05,China,bcoasterp4@w3.org,(538) 6479239
Janot,Brea,Banī Khallād,1985-11-30,Tunisia,,(150) 4184806
Noe,Athridge,Moyogalpa,1968-11-14,Nicaragua,nathridgep6@epa.gov,(300) 7695678
Drucy,Challoner,Jianling,1964-07-30,China,,(939) 4319696
Gilemette,Meany,Aş Şafaqayn,1972-06-09,Yemen,,(906) 3691629
Ulrikaumeko,Sanson,Jayawangi,1995-09-07,Indonesia,usansonp9@etsy.com,(401) 1323102
Tabbitha,Camillo,Dushi,1977-12-04,China,,(170) 1987442
Jo,Byron,Pasar Kulon,1979-01-23,Indonesia,,(286) 6555752
Reece,Florio,Pinhais,1986-07-12,Brazil,rfloriopc@sciencedaily.com,(445) 4377299
Sonnie,Brauninger,Fenoarivo Atsinanana,1956-03-26,Madagascar,sbrauningerpd@state.gov,(915) 3149355
Rolfe,Gowan,Sydney South,1983-09-29,Australia,rgowanpe@digg.com,(651) 2780721
Wit,Petris,Dobdoban,1958-04-27,Philippines,wpetrispf@imgur.com,(251) 2354899
Lara,Stevens,Raša,1980-04-02,Croatia,lstevenspg@sohu.com,(387) 4545578
Stirling,Preon,Airmolek,1988-04-11,Indonesia,spreonph@liveinternet.ru,(406) 7712938
Demetra,Tollady,Brest,1990-04-02,France,dtolladypi@hc360.com,(577) 6219673
Connie,Knoles,Krajan Ngrambingan,1951-04-28,Indonesia,cknolespj@addtoany.com,(709) 6170040
Elsbeth,Battie,Bělá pod Bezdězem,1969-01-04,Czech Republic,ebattiepk@patch.com,(251) 5448669
Alexandro,Covely,Reno,1969-03-21,United States,acovelypl@ftc.gov,(702) 5969864
Cassaundra,Readhead,Krajan,1954-01-21,Indonesia,creadheadpm@a8.net,(387) 3701823
George,Pawlicki,Chenqing,1952-09-26,China,gpawlickipn@photobucket.com,(198) 6292341
Shawnee,Farra,Kapunduk,1961-04-07,Indonesia,sfarrapo@narod.ru,(632) 3102141
Margit,Lane,Chachoengsao,1991-07-27,Thailand,mlanepp@booking.com,(198) 1306762
Barnabe,Cowthard,Velykyi Bereznyi,1956-12-20,Ukraine,bcowthardpq@merriam-webster.com,(593) 9311585
Jasen,Duignan,Pacucha,1989-08-23,Peru,jduignanpr@163.com,(497) 4814000
Frannie,Fonzone,Banawang,1966-04-15,Philippines,ffonzoneps@cafepress.com,(684) 4561751
Iver,Sissel,Lembongan Kawan,1978-06-17,Indonesia,isisselpt@skyrock.com,(151) 8854725
Corrinne,Anderer,Dobrica,1977-10-24,Serbia,candererpu@ask.com,(128) 4751360
Wake,Bouldstridge,Orlovskiy,1960-08-02,Russia,wbouldstridgepv@myspace.com,(162) 2904335
Chris,Slorach,Donggaocun,1990-12-25,China,cslorachpw@nps.gov,(490) 4920405
Roxanna,Ison,Magepanda,1983-04-30,Indonesia,risonpx@skype.com,(308) 1947907
Odessa,Edgington,Juxing,1976-02-02,China,oedgingtonpy@wordpress.com,(594) 5641471
Nolly,Critchell,Kotsyubyns’ke,1999-09-24,Ukraine,ncritchellpz@vkontakte.ru,(974) 3076502
Beverley,Meyer,Alexandria,1973-01-01,United States,bmeyerq0@ebay.com,(318) 9691612
Dolli,Feldberger,Bantarjati,1986-07-06,Indonesia,dfeldbergerq1@bloglovin.com,(862) 7940949
Denny,Jaspar,Beigao,1978-01-10,China,,(901) 2786238
Rhonda,Schultes,Matlang,1951-10-10,Philippines,rschultesq3@live.com,(197) 4648757
Northrup,Cadell,Volgorechensk,1966-01-27,Russia,ncadellq4@rakuten.co.jp,(229) 1554954
Dall,Callard,Longhua,1997-05-21,China,dcallardq5@google.com.hk,(796) 7134023
Roanne,Petheridge,Binalbagan,1993-09-26,Philippines,rpetheridgeq6@amazon.co.jp,(781) 5568092
Rodger,Bulfoot,Ciburial,1957-11-23,Indonesia,rbulfootq7@theatlantic.com,(110) 2140164
Imelda,Greenman,Valle de La Pascua,1950-01-18,Venezuela,igreenmanq8@cmu.edu,(368) 2577124
Garv,Pitchers,San Pedro Carchá,1981-12-03,Guatemala,,(774) 8979055
Kesley,Kreuzer,Varkaus,1954-07-25,Finland,kkreuzerqa@weebly.com,(833) 4293407
Rudy,Turvie,São Jerônimo,1966-07-02,Brazil,rturvieqb@rediff.com,(434) 9410260
Hillyer,Patley,Zhulebino,1998-03-07,Russia,hpatleyqc@cisco.com,(287) 2735494
Ermina,Zum Felde,Mutā Khān,1952-06-15,Afghanistan,ezumfeldeqd@blogtalkradio.com,(987) 1681881
Sheela,Pleven,Kukichūō,1987-03-22,Japan,splevenqe@bizjournals.com,(994) 7679704
Giselle,Hartzogs,Maji,1964-03-09,China,ghartzogsqf@macromedia.com,(763) 5026695
Reilly,Jeffcoat,Kastsyukowka,1976-11-03,Belarus,rjeffcoatqg@gizmodo.com,(231) 8928371
Madelene,Davidowich,Maragogipe,1958-07-22,Brazil,,(819) 3708447
Claudina,Kivelle,Ōkawa,1977-07-20,Japan,ckivelleqi@wikispaces.com,(644) 4277375
Pattie,Wilding,Picoto,1995-09-07,Portugal,pwildingqj@aboutads.info,(843) 2215586
Barbabra,Andreou,Zhouxi,1984-11-19,China,bandreouqk@hibu.com,(709) 3956551
Edyth,Polkinghorne,President Roxas,1963-07-05,Philippines,epolkinghorneql@wikipedia.org,(399) 9192935
Joye,Zeale,Gaoqiao,1963-06-13,China,jzealeqm@mediafire.com,(830) 4964808
Pattie,Fairfoul,Guaratuba,1958-02-24,Brazil,pfairfoulqn@chron.com,(287) 6966627
Lynnette,Bradnocke,Tungdor,1953-03-16,China,lbradnockeqo@friendfeed.com,(953) 8166272
Guglielmo,Lyddy,Horka nad Moravou,1999-11-25,Czech Republic,,(887) 7589876
Georges,Abell,Banjar Pangkungtibah Selatan,1962-04-07,Indonesia,gabellqq@phoca.cz,(274) 9724613
Noach,Duxbarry,Debeljača,1984-06-18,Serbia,nduxbarryqr@ibm.com,(592) 3849216
Brock,Abbot,Moscow,1953-11-17,Russia,babbotqs@irs.gov,(966) 3062305
Merrel,Hartzenberg,Rakitovo,1966-10-06,Bulgaria,mhartzenbergqt@squarespace.com,(792) 3043136
Demetri,Blore,Las Flores,1956-02-17,Mexico,dblorequ@themeforest.net,(381) 1151777
Clyve,O'Doherty,Santiago,1961-12-06,Philippines,codohertyqv@disqus.com,(991) 3484975
Gerhardine,Gateman,Kushtia,1998-10-27,Bangladesh,ggatemanqw@typepad.com,(339) 7542099
Giorgi,Ciccerale,San Pedro,1994-08-28,Argentina,,(856) 1476700
Jimmy,Druce,Xiamazhuang,1982-11-20,China,jdruceqy@sciencedirect.com,(272) 8255280
Valle,McMeeking,Pokrovka,1972-09-08,Kyrgyzstan,vmcmeekingqz@wikia.com,(298) 3653810
Edik,Doghartie,Jequitinhonha,1950-11-15,Brazil,edoghartier0@lycos.com,(708) 6674949
Courtney,Perrington,Lengkong,1969-03-02,Indonesia,cperringtonr1@cbsnews.com,(468) 1981731
Reiko,Tenant,,,,rtenantr2@businessinsider.com,
Antin,Hugonin,Minokamo,1976-04-23,Japan,ahugoninr3@ibm.com,(356) 5135818
Marjorie,O' Bee,Saransk,1996-12-23,Russia,mobeer4@omniture.com,(988) 8846762
Arvy,Rachuig,Marull,1998-11-19,Argentina,arachuigr5@joomla.org,(872) 1662931
Zachary,Best,,,,zbestr6@homestead.com,
Aimil,Bean,San Simon,1997-07-11,Philippines,abeanr7@typepad.com,(679) 6507398
Dyann,Garmanson,,,,dgarmansonr8@lycos.com,
Anselm,Tremaine,Tournai,1978-12-10,Belgium,atremainer9@altervista.org,(183) 1547883
Ameline,Keeble,Kalilangan,1998-07-01,Philippines,akeeblera@github.io,(525) 3044384
Basile,Westwater,Rancharia,1951-06-19,Brazil,bwestwaterrb@google.cn,(415) 3142456
Auberon,Sibbert,Itaguaçu,1975-07-01,Brazil,asibbertrc@hud.gov,(797) 1602613
Ola,Wynn,Mukō,1976-03-23,Japan,owynnrd@ameblo.jp,(469) 7426974
Lem,Ubanks,Kwekwe,1999-07-20,Zimbabwe,lubanksre@imdb.com,(559) 3812764
Jack,Gibbon,Tiguha,1971-04-06,Philippines,jgibbonrf@yandex.ru,(796) 6414963
Brunhilda,Showl,Wenbi,1953-09-20,China,bshowlrg@census.gov,(499) 4400553
Somerset,Geffe,Płock,1980-02-19,Poland,sgefferh@facebook.com,(425) 5014126
Brew,Hartwell,Khirdalan,1961-10-30,Azerbaijan,,(590) 7722800
Jerry,Zoanetti,Kotovsk,1953-09-20,Russia,,(969) 5532060
Lanie,Drinan,Citampian,1977-12-20,Indonesia,ldrinanrk@hibu.com,(113) 9639922
Jerry,Hellier,Ximei,1994-09-21,China,jhellierrl@deviantart.com,(477) 7931994
Dael,Dotson,Labuan,1995-08-27,Malaysia,ddotsonrm@nps.gov,(532) 8361964
Minny,Harbach,Bangus Kulon,1974-06-18,Indonesia,mharbachrn@unc.edu,(196) 2564288
Lyn,Lidgey,Tangnanzhen,1975-03-21,China,llidgeyro@paypal.com,(872) 2916850
Chelsie,Ivanyushkin,General Viamonte,1977-07-23,Argentina,civanyushkinrp@google.fr,(899) 3020041
Elwin,Slocom,Liugong,1984-10-01,China,eslocomrq@businessinsider.com,(323) 2772415
Clareta,Korda,Novhorod-Sivers’kyy,1986-12-25,Ukraine,ckordarr@nifty.com,(633) 4183611
