first_name,last_name,birth_place,birth_date,country_living_in,email,phone
Lorine,Skillings,,,,lskillings0@linkedin.com,
D'arcy,Lauritsen,Sułkowice,30-01-1979,Poland,,48(576)655-2032
Huberto,Francescuccio,Brumado,09-03-1999,Brazil,hfrancescuccio2@booking.com,55(565)888-0047
Aeriell,Baradel,Taiping,27-12-1951,Malaysia,,60(914)103-9131
Clayton,Rusk,Agdangan,04-02-1953,Philippines,crusk4@histats.com,63(506)532-7969
Belinda,Drewes,Lezhu,02-10-1962,China,bdrewes5@hao123.com,86(176)744-8254
Jenni,Bisset,Bunia,10-11-1954,Democratic Republic of the Congo,,242(616)268-5905
Karola,Baynom,Jieshipu,10-02-1990,China,kbaynom7@etsy.com,86(515)222-0407
Selia,Martel,Palermo,08-07-1994,Italy,smartel8@com.com,39(788)331-2362
Nicolis,Soppit,Luoxiong,03-01-1960,China,nsoppit9@washington.edu,86(592)856-5946
Ly,Cantillon,Melekyne,01-01-1968,Ukraine,,380(335)171-1945
Alastair,Hardaway,Chikan,06-02-1981,China,ahardawayb@ucoz.com,86(102)563-7500
Stephen,Gavrielly,Caçapava do Sul,24-11-1956,Brazil,sgavriellyc@unblog.fr,55(137)375-6976
Chloette,Sumshon,Arinos,14-02-1988,Brazil,csumshond@storify.com,55(318)643-3970
Joni,Whelpton,Bom Jesus do Itabapoana,08-12-1991,Brazil,jwhelptone@is.gd,55(140)894-7266
Bat,Fibbens,Banaran,24-05-1958,Indonesia,,62(606)993-6217
Moe,Brikner,Olivia,22-12-1950,Mauritius,mbriknerg@mayoclinic.com,230(399)193-1346
Anthia,Bromidge,Sosándra,13-10-1979,Greece,abromidgeh@toplist.cz,30(451)535-4620
Kinna,Sobieski,Boise,17-12-1997,United States,,1(208)451-9231
Ludvig,Coppeard,Menzel Bourguiba,21-07-1969,Tunisia,,216(172)343-9766
Orbadiah,Errigo,Simpang,23-09-1960,Indonesia,oerrigok@bloomberg.com,62(908)686-7705
Anatole,Linger,Poá,20-12-1961,Brazil,alingerl@bandcamp.com,55(381)827-1492
Glen,Blazevic,Bang Saphan,05-01-1984,Thailand,,66(659)684-9773
Nicky,Heaford,Banjar Banyualit,01-10-1950,Indonesia,nheafordn@phoca.cz,62(983)159-5888
Maurine,Veltman,Surulangun Rawas,02-11-1990,Indonesia,mveltmano@merriam-webster.com,62(635)149-3353
Gwennie,Vogele,Kasembon,12-05-1998,Indonesia,gvogelep@drupal.org,62(236)161-6924
Bernadette,Flintoffe,Lisków,20-09-1957,Poland,bflintoffeq@php.net,48(791)416-3404
Julieta,Philliphs,Kubang,22-10-1992,Indonesia,jphilliphsr@mail.ru,62(618)253-1302
Florry,Tackett,Buenos Aires,06-09-1954,Argentina,ftacketts@jimdo.com,54(708)301-9858
Theodora,Karpeev,Pasireurih,11-09-1957,Indonesia,tkarpeevt@google.co.uk,62(917)369-8369
Mortie,Marques,Osoyoos,09-08-1970,Canada,mmarquesu@illinois.edu,1(901)853-7516
Albertine,Brendish,Krousón,30-07-1952,Greece,abrendishv@cnet.com,30(897)275-0848
Nellie,Neller,Cawalo,08-04-1973,Indonesia,nnellerw@biblegateway.com,62(866)345-2630
Cassaundra,Kidder,Armenokhórion,12-04-1956,Greece,,30(710)451-0824
Mirna,Spurdens,Beiquan,13-11-1978,China,mspurdensy@bbb.org,86(387)397-5743
Tulley,Mumford,,,,tmumfordz@themeforest.net,
Sterling,Ransbury,Örebro,19-06-1982,Sweden,sransbury10@rediff.com,46(280)565-6115
Cassius,Stenhouse,Caofang,20-08-1976,China,cstenhouse11@dion.ne.jp,86(939)384-3989
Chiquita,Farfoot,Cibaregbeg Dua,27-02-1986,Indonesia,cfarfoot12@facebook.com,62(688)997-8488
Brittaney,Limer,Fort Smith,05-01-1998,United States,blimer13@amazon.de,1(479)251-2019
Shannen,Teliga,Fatualam,07-04-1970,Indonesia,,62(481)103-1067
Ede,Purches,Jiangwei,03-11-1953,China,epurches15@seesaa.net,86(504)450-3084
Eleen,Vaney,Lyuban’,27-03-1958,Russia,evaney16@fda.gov,7(667)731-3888
Vicki,Wade,,,,vwade17@spotify.com,
Dacey,De Bruijne,Russkaya Polyana,09-09-1987,Russia,ddebruijne18@shutterfly.com,7(818)894-9670
Mitchel,Tiebe,Xiangjiazhai,10-11-1957,China,mtiebe19@google.com.au,86(436)479-4822
Redd,Mauchline,Hetou,27-01-1965,China,rmauchline1a@miibeian.gov.cn,86(908)311-0700
Britney,Bigland,Bungereng,27-10-1950,Indonesia,bbigland1b@wisc.edu,62(903)375-2494
Kevon,Oertzen,Bagok,09-10-1977,Indonesia,koertzen1c@unblog.fr,62(129)985-2531
Anallese,Thumnel,Stenungsund,29-01-1950,Sweden,athumnel1d@noaa.gov,46(429)572-6355
Milicent,Readhead,Deje,17-06-1987,Sweden,mreadhead1e@fc2.com,46(140)718-5500
Godfree,Fripps,,,,gfripps1f@digg.com,
Kristian,Bouts,Tongkiling,13-03-1957,Indonesia,kbouts1g@soup.io,62(550)900-1451
Waylan,Weymouth,Ash Shafā,05-02-1992,Saudi Arabia,wweymouth1h@sakura.ne.jp,966(758)317-8801
Laurel,Kersey,Zuwārah,25-11-1992,Libya,lkersey1i@psu.edu,218(438)931-1689
Thomasine,Emtage,Caacupé,10-04-1970,Paraguay,,595(342)661-7420
Ollie,Whooley,Dongshan,24-02-1970,China,owhooley1k@google.cn,86(621)851-5734
Kennett,Jirousek,Wulijie,10-06-1960,China,,86(819)793-6492
Claresta,Tweedle,Itoman,16-06-1987,Japan,ctweedle1m@hhs.gov,81(591)522-5568
Tuck,Cripps,,,,tcripps1n@google.cn,
Dew,Giacoppo,Wuping,13-03-1992,China,dgiacoppo1o@wufoo.com,86(394)721-0630
Ann-marie,Cheverell,Przytyk,09-11-1994,Poland,acheverell1p@dagondesign.com,48(153)285-6050
Petunia,Simanenko,Bang Yai,22-04-1987,Thailand,psimanenko1q@google.ca,66(436)744-4229
Eddy,Ekins,Tonggu,18-11-1982,China,eekins1r@umn.edu,86(690)293-3595
Towny,Lampke,Nîmes,08-08-1972,France,tlampke1s@scribd.com,33(249)395-4902
Christean,Scade,Altamira,23-07-1969,Venezuela,cscade1t@vistaprint.com,58(413)465-5997
Donn,Rief,Maracás,18-09-1986,Brazil,drief1u@facebook.com,55(319)915-7309
Tucky,Osboldstone,Timezgana,18-03-1954,Morocco,,212(406)560-2931
Dosi,Rotlauf,Jijia,05-01-1996,China,drotlauf1w@mac.com,86(438)470-4634
Maitilde,Bouldon,Hägersten,30-07-1993,Sweden,mbouldon1x@mozilla.org,46(880)240-0742
Powell,Thornhill,Huaqiao,16-10-1965,China,pthornhill1y@reddit.com,86(674)277-8828
Marga,Coatsworth,Skovorodino,14-01-1959,Russia,mcoatsworth1z@npr.org,7(489)188-3542
Jaymie,Dowdeswell,Mosoc Llacta,18-04-1973,Peru,jdowdeswell20@hc360.com,51(211)589-8325
Neely,Lias,Forshaga,24-11-1952,Sweden,nlias21@weather.com,46(387)682-5962
Grethel,Barthropp,Peicheng,17-05-1974,China,gbarthropp22@nifty.com,86(782)499-9748
Allyn,Tomich,Sannikovo,09-09-1999,Russia,atomich23@phoca.cz,7(622)973-5094
Garry,Roj,Villa Constitución,26-06-1995,Argentina,groj24@quantcast.com,54(470)686-1372
Slade,Brahams,Ciulu,13-02-1965,Indonesia,sbrahams25@trellian.com,62(371)347-9569
Shayna,Croxley,Huangshi,04-10-1987,China,,86(998)300-0279
Albertine,Colliber,,,,acolliber27@yahoo.com,
Redd,Gremain,Sápes,06-02-1977,Greece,rgremain28@mozilla.com,30(169)657-5744
Ebeneser,Ovesen,,,,eovesen29@bloglovin.com,
Byrom,Roll,Izbicko,15-12-1981,Poland,broll2a@desdev.cn,48(432)229-0347
Brittni,Duckerin,Aquin,05-10-1971,Haiti,bduckerin2b@twitter.com,509(585)919-8539
Reuben,Playford,,,,,
Agna,Coughtrey,Xianchiyu,24-08-1981,China,acoughtrey2d@twitpic.com,86(632)162-0287
Hashim,Sickamore,Baucau,04-02-1972,East Timor,hsickamore2e@etsy.com,670(979)726-0975
Elie,Prodrick,Puolanka,29-03-1978,Finland,eprodrick2f@trellian.com,358(563)854-3703
Christiana,Ivey,Oslo,04-02-1968,Norway,civey2g@nbcnews.com,47(104)409-8571
Jandy,Slocomb,Baganha,05-07-1999,Portugal,jslocomb2h@whitehouse.gov,351(178)389-6761
Wilbur,Needs,Andramasina,19-09-1977,Madagascar,wneeds2i@spiegel.de,261(856)365-7011
Addy,Gilchrest,Comendador,27-04-1998,Dominican Republic,agilchrest2j@cbsnews.com,1(478)772-5255
Louise,Sweedy,Urus-Martan,13-11-1955,Russia,lsweedy2k@networkadvertising.org,7(663)321-0569
Myrna,Kinnen,Cartagena,29-08-1982,Philippines,,63(853)349-2170
Elfreda,O'Sullivan,Pemberton,07-11-1984,Canada,eosullivan2m@smugmug.com,1(695)765-9611
Vassily,Drummond,Kitsuki,22-04-1969,Japan,,81(285)309-1938
Byrom,Londors,Pajeksan,17-08-1985,Indonesia,blondors2o@wsj.com,62(681)497-0284
Betsey,Colbran,Boavista,07-01-1985,Portugal,bcolbran2p@fc2.com,351(542)127-4298
Antonin,Sarginson,Sampaloc,11-09-1985,Philippines,asarginson2q@google.de,63(473)849-2402
Christiane,Blaymires,Santa María Ixhuatán,11-03-1954,Guatemala,cblaymires2r@stumbleupon.com,502(295)858-1856
Larine,Farnell,Qiqing,31-07-1961,China,lfarnell2s@xinhuanet.com,86(690)320-8122
Niven,Oddey,Changzheng,06-08-1992,China,,86(492)234-0975
Ellie,Quarmby,Woken,03-10-1986,China,equarmby2u@miibeian.gov.cn,86(344)620-7774
Sasha,Giacomello,,,,sgiacomello2v@exblog.jp,
Myer,Goodchild,Malichang,29-10-1959,China,,86(846)313-7207
Teodora,Axel,Manokwari,20-04-1975,Indonesia,taxel2x@pen.io,62(248)930-3445
Zenia,Momford,Norrköping,12-05-1971,Sweden,zmomford2y@theglobeandmail.com,46(706)184-6991
Cory,Colbran,Thorpe,30-07-1983,United Kingdom,,44(331)401-0884
Luce,Fogden,San Luis,14-08-1954,Honduras,lfogden30@dmoz.org,504(279)423-8066
Sibylla,Reinbech,Colombo,16-10-1967,Sri Lanka,sreinbech31@technorati.com,94(494)265-1711
Victoir,Swalough,Perstorp,12-01-1994,Sweden,,46(322)650-0290
Rosemary,Cronk,Kupavna,05-10-1992,Russia,rcronk33@ucoz.ru,7(614)668-7663
Corrinne,Turle,Stockholm,07-04-1955,Sweden,cturle34@hp.com,46(669)209-1712
Davidde,Aiskovitch,Piduhe,13-08-1964,China,daiskovitch35@diigo.com,86(170)558-6279
Shelley,Buckenhill,Ocucaje,13-08-1985,Peru,sbuckenhill36@devhub.com,51(896)920-0987
Kearney,Corzor,Kirkland,14-04-1979,Canada,kcorzor37@scribd.com,1(883)714-8990
Isidore,Imlin,Gujiang,23-09-1958,China,iimlin38@ihg.com,86(562)920-1585
Gayla,Campbell-Dunlop,,,,,
Gordie,Tantrum,Tandzut,09-05-1977,Armenia,,374(302)860-2906
Deva,Dobrowolny,Altan Emel,27-07-1992,China,,86(122)924-4554
Phebe,Darrington,Bajia,08-03-1950,China,pdarrington3c@bravesites.com,86(201)408-4929
Angelika,Elderbrant,Tío Pujio,06-03-1990,Argentina,aelderbrant3d@geocities.com,54(807)769-1505
Arlette,Sudlow,Santa Monica,30-08-1956,Philippines,asudlow3e@home.pl,63(618)108-5127
Hank,Garrow,Mahdia,08-06-1988,Tunisia,,216(266)183-4671
West,Fassbender,Pa Sang,31-07-1983,Thailand,wfassbender3g@mozilla.org,66(674)893-3478
Una,Shrawley,Falköping,28-01-1964,Sweden,ushrawley3h@bing.com,46(366)265-7544
Devonna,Bruffell,Bebedouro,13-07-1988,Brazil,,55(664)286-2685
Babara,Hucknall,Anabar,30-10-1990,Nauru,bhucknall3j@liveinternet.ru,674(994)642-5952
Stevy,Hazelgrove,,,,shazelgrove3k@youku.com,
Wylma,Groucutt,Hisai,29-03-1961,Japan,wgroucutt3l@redcross.org,81(515)309-5456
Charline,Casin,Marondera,15-01-1986,Zimbabwe,ccasin3m@google.ru,263(366)478-7424
Koral,Maryan,Härnösand,18-06-1954,Sweden,kmaryan3n@is.gd,46(875)389-6578
Cristi,Hutchason,Segoro,03-09-1986,Indonesia,chutchason3o@cbslocal.com,62(680)172-7774
Christy,Lamburne,Toulouse,14-01-1984,France,clamburne3p@chicagotribune.com,33(936)695-6636
Arnoldo,Ballintime,Moss,15-05-1978,Norway,aballintime3q@shop-pro.jp,47(179)877-1371
Leonard,Cordeau,Torbeyevo,27-09-1963,Russia,lcordeau3r@domainmarket.com,7(268)664-1928
Eugine,Pridden,Kristianstad,31-05-1964,Sweden,epridden3s@apache.org,46(797)656-1624
Dominique,Quin,Munde,27-09-1952,Indonesia,dquin3t@imgur.com,62(554)195-8597
Amii,Tonepohl,Kaura Namoda,08-04-1959,Nigeria,atonepohl3u@purevolume.com,234(455)834-1916
Janeta,Salvatore,Batubantar,15-09-1981,Indonesia,jsalvatore3v@spiegel.de,62(452)310-8804
Tybalt,Willimont,Bendo,24-12-1975,Indonesia,twillimont3w@biglobe.ne.jp,62(742)948-3894
Thalia,Allkins,Daqiao,25-12-1952,China,tallkins3x@unblog.fr,86(502)933-1842
Jeffrey,Chrisp,Utrecht (stad),07-06-1974,Netherlands,jchrisp3y@twitter.com,31(431)560-6654
Sunshine,FitzGibbon,,,,sfitzgibbon3z@mtv.com,
Torey,Clampe,Benzilan,22-07-1972,China,,86(530)169-5784
Isidoro,Quesne,Port-de-Bouc,19-01-1974,France,iquesne41@kickstarter.com,33(219)736-6846
Lucian,Lorens,Shanmei,24-10-1966,China,llorens42@amazon.co.uk,86(416)410-9898
Kirstin,Farrance,Monte,26-01-1965,Portugal,kfarrance43@hexun.com,351(675)386-7215
Leola,Isaac,Lüxiang,14-05-1964,China,lisaac44@nymag.com,86(963)892-8361
Niccolo,Cowoppe,Nankou,04-10-1961,China,ncowoppe45@icq.com,86(234)620-8987
Kellia,O'Hegertie,Dayr Abū Ḑa‘īf,23-06-1995,Palestinian Territory,kohegertie46@narod.ru,970(831)306-6304
Angil,Cronk,Taekas,23-08-1997,Indonesia,acronk47@goodreads.com,62(265)146-8912
Weider,Earie,Łubnice,10-01-1950,Poland,wearie48@vkontakte.ru,48(698)803-0649
Rosamund,Stockey,Kutao,06-09-1992,China,,86(315)482-9464
Bobbi,Caroli,,,,bcaroli4a@chron.com,
Miranda,Sumption,Ebebiyin,05-10-1971,Equatorial Guinea,,240(548)253-5548
Marys,Janks,Dahongmen,13-09-1980,China,mjanks4c@dion.ne.jp,86(866)585-8379
Dun,Newdick,Aucallama,28-09-1988,Peru,dnewdick4d@opensource.org,51(795)463-3275
Dario,Chillcot,,,,dchillcot4e@craigslist.org,
Gawen,Fallen,Fuxing,01-07-1953,China,gfallen4f@xrea.com,86(198)575-0491
Atlante,Jeggo,Bagé,25-11-1973,Brazil,ajeggo4g@example.com,55(610)825-1369
Mirabella,Tschierasche,Čortanovci,06-01-1975,Serbia,mtschierasche4h@harvard.edu,381(699)530-5248
Helen-elizabeth,Starbeck,Sembungan Kidul,26-02-1973,Indonesia,hstarbeck4i@hubpages.com,62(244)741-7011
Tybie,Drinkhall,Bielsk Podlaski,10-05-1986,Poland,,48(131)183-1505
Asia,Dick,Dois Córregos,14-08-1975,Brazil,adick4k@pbs.org,55(294)192-6321
Elyse,Edgson,Esquipulas Palo Gordo,12-02-1971,Guatemala,eedgson4l@nsw.gov.au,502(157)857-4004
Lombard,Speak,Bayan,19-04-1991,Mongolia,lspeak4m@uiuc.edu,976(206)259-8796
Finn,Nellen,Saint-Germain-en-Laye,11-10-1961,France,fnellen4n@technorati.com,33(434)870-7607
Eloisa,Fairburn,Sindangbarang,30-04-1979,Indonesia,efairburn4o@booking.com,62(186)891-6092
Sherman,Brasse,Savran’,31-05-1959,Ukraine,sbrasse4p@etsy.com,380(543)330-4809
Sullivan,Faherty,El Congo,26-04-1980,El Salvador,,503(725)406-9456
Arni,Thirlwall,Oudtshoorn,21-07-1992,South Africa,,27(647)240-0105
Anthony,Gillebride,Putrajaya,17-04-1981,Malaysia,agillebride4s@amazon.co.uk,60(761)520-1560
Fayina,Tapp,Ribeirão,10-11-1967,Portugal,ftapp4t@clickbank.net,351(743)659-2948
Earlie,Civitillo,Nancun,22-11-1979,China,ecivitillo4u@bloomberg.com,86(308)599-8176
Shandie,Winslade,Gangbei,18-12-1951,China,swinslade4v@msu.edu,86(159)563-5525
Merrily,Pipes,Liuche,07-05-1998,China,mpipes4w@msn.com,86(710)547-8312
Wyatan,Winsborrow,Gulyantsi,11-02-1972,Bulgaria,wwinsborrow4x@altervista.org,359(790)242-8103
Verine,Stewart,Psygansu,18-01-1999,Russia,vstewart4y@yale.edu,7(985)319-1450
Denny,Biglin,Malangabang,29-01-1984,Philippines,dbiglin4z@ameblo.jp,63(433)174-3359
Barry,Lawrinson,Jeseník,16-04-1957,Czech Republic,blawrinson50@diigo.com,420(637)101-1260
Emiline,Calderhead,Vitarte,15-09-1979,Peru,ecalderhead51@jugem.jp,51(692)413-4464
Eugen,Gellier,Gokwe,18-02-1950,Zimbabwe,egellier52@fastcompany.com,263(746)394-9723
Neall,Wiz,Laingsburg,27-09-1972,South Africa,nwiz53@csmonitor.com,27(416)665-4614
Sonni,Seczyk,Cisownica,02-12-1970,Poland,,48(862)147-3446
Wang,McGuigan,Kotli Lohārān,30-03-1993,Pakistan,wmcguigan55@miibeian.gov.cn,92(399)279-2028
Pammie,Eltringham,Sātkhira,28-12-1952,Bangladesh,,880(228)124-8335
Marven,Antrobus,Calhetas,13-06-1955,Portugal,mantrobus57@nbcnews.com,351(205)947-1232
Aurea,Margetson,Tunja,25-10-1952,Colombia,amargetson58@examiner.com,57(198)886-4002
Ari,Kydde,Orsk,12-06-1968,Russia,akydde59@cargocollective.com,7(210)275-7368
Tessy,Seres,,,,tseres5a@phpbb.com,
Gasparo,Ogbourne,Pau,02-09-1989,France,gogbourne5b@moonfruit.com,33(357)386-9841
Aloise,Sturzaker,Sobreda,21-02-1985,Portugal,asturzaker5c@nba.com,351(724)707-6902
Pacorro,Roantree,,,,proantree5d@illinois.edu,
Mabel,Stannering,Kremenki,10-03-1967,Russia,mstannering5e@nature.com,7(443)374-1282
Myles,Hickisson,Boca de Parita,23-03-1962,Panama,mhickisson5f@forbes.com,507(679)393-5450
Orv,Featherstonhaugh,Majayjay,27-03-1958,Philippines,ofeatherstonhaugh5g@issuu.com,63(683)832-8988
Ninon,Dymocke,Pryazha,16-08-1975,Russia,ndymocke5h@about.com,7(561)716-1775
Imelda,Condie,As Saddah,17-08-1980,Yemen,,967(200)948-2772
Ware,Gartell,Caridade,28-02-1967,Portugal,wgartell5j@indiatimes.com,351(697)807-4533
Dill,Minci,Bayt ‘Awwā,12-06-1975,Palestinian Territory,dminci5k@addtoany.com,970(987)898-1189
Chickie,MacLaren,Yuetang,11-07-1983,China,cmaclaren5l@i2i.jp,86(612)957-0778
Lynea,Knath,Mulyosari,15-10-1993,Indonesia,lknath5m@timesonline.co.uk,62(490)711-7052
Hermy,Covendon,Xinzheng,04-03-1991,China,,86(742)706-0416
Kelsey,Lugton,Dao,22-03-1995,Philippines,klugton5o@fotki.com,63(968)515-5691
Cirilo,Wass,Orël,31-07-1979,Russia,cwass5p@de.vu,7(220)474-8249
Raleigh,Pestell,,,,rpestell5q@cam.ac.uk,
Rhys,Phettiplace,Nanxi,15-09-1965,China,rphettiplace5r@xing.com,86(765)422-2916
Lavinia,Uren,Rashaant,25-11-1999,Mongolia,luren5s@arstechnica.com,976(710)696-5075
Leola,Grellis,Sidi Bousber,25-01-1979,Morocco,lgrellis5t@blog.com,212(481)371-2402
Milo,Winstanley,Estevan,03-08-1968,Canada,mwinstanley5u@yandex.ru,1(992)254-3574
Abagail,Bauser,Rio Claro,08-03-1962,Brazil,abauser5v@uiuc.edu,55(768)192-2553
Etta,Devanney,Chinchero,27-02-1976,Peru,,51(794)114-6709
Gerard,De Meyer,Bistrica pri Tržiču,14-10-1973,Slovenia,gdemeyer5x@ycombinator.com,386(366)786-0473
Jobye,Hovy,Al Qurayn,31-10-1980,Egypt,jhovy5y@columbia.edu,20(635)368-5213
Horten,Stollhofer,Banjar Kampungbugis,25-02-1971,Indonesia,hstollhofer5z@webs.com,62(524)729-7484
Carlotta,Dagnall,Fálanna,26-06-1991,Greece,cdagnall60@yellowbook.com,30(706)215-0764
Silvain,Rishworth,Yambio,21-08-1994,South Sudan,srishworth61@wsj.com,249(245)107-8943
Barnie,Ferrarini,Oepula,26-01-1955,Indonesia,bferrarini62@macromedia.com,62(927)666-3650
Desirae,Sloyan,Agua Buena,24-04-1989,Panama,dsloyan63@amazon.com,507(720)232-9469
Kassey,Treadgall,,,,ktreadgall64@geocities.jp,
Annemarie,Otson,Xiangxi,10-08-1970,China,aotson65@hp.com,86(311)953-0297
Culver,Toghill,Anserma,03-05-1976,Colombia,ctoghill66@nydailynews.com,57(393)182-5930
Chadwick,Manvelle,Linköping,15-12-1951,Sweden,cmanvelle67@etsy.com,46(626)816-4757
Luz,Hains,West Palm Beach,26-05-1996,United States,lhains68@tiny.cc,1(561)150-4719
Mitzi,Wase,Pitogo,21-06-1962,Philippines,mwase69@craigslist.org,63(979)418-6788
Maybelle,Woodage,Jatisari,15-04-1982,Indonesia,mwoodage6a@cornell.edu,62(241)550-5561
Dalton,Corkan,Māwiyah,13-01-1998,Yemen,,967(989)692-9503
Jehu,Keerl,Zaraysk,05-09-1970,Russia,,7(811)521-9878
Abran,Salaman,,,,asalaman6d@accuweather.com,
Katinka,Shakelady,Mar’’ina Horka,21-11-1971,Belarus,kshakelady6e@amazon.de,375(950)612-4330
Florie,Cork,Springfield,27-07-1963,United States,fcork6f@infoseek.co.jp,1(617)460-6213
Dorthea,Mehew,Grugul,26-10-1981,Indonesia,dmehew6g@elegantthemes.com,62(282)975-8610
Sonni,Wannan,Huangshi,24-09-1972,China,swannan6h@nifty.com,86(148)446-1878
Valentia,Shaves,Krajan Dua Putukrejo,25-07-1958,Indonesia,vshaves6i@tinyurl.com,62(410)590-6268
Jerald,Critchell,Quintã,20-12-1961,Portugal,jcritchell6j@usda.gov,351(923)235-1904
Theodore,Treher,Geumpang,12-04-1955,Indonesia,ttreher6k@nymag.com,62(804)890-5337
Gerianna,Grinsted,Klakeh,26-02-1959,Indonesia,ggrinsted6l@de.vu,62(559)205-1213
Gasparo,Havelin,Ortega,21-10-1965,Colombia,ghavelin6m@census.gov,57(267)347-7098
Olenka,Reddoch,Magog,22-02-1977,Canada,oreddoch6n@merriam-webster.com,1(841)547-2270
Feliks,Aslin,Dobczyce,22-10-1967,Poland,faslin6o@squarespace.com,48(114)700-8897
Benedetta,McGruar,Dayong,03-02-1965,China,bmcgruar6p@vistaprint.com,86(955)327-4723
Mary,Stevani,Puerto Esperanza,18-11-1997,Argentina,,54(433)307-0705
Anthony,Slowly,Pepayan,21-02-1952,Indonesia,aslowly6r@blogs.com,62(214)449-1550
Garrot,D'Aubney,Manticao,15-09-1965,Philippines,gdaubney6s@dyndns.org,63(491)104-1188
Sara,Stranger,Pombal,04-01-1964,Portugal,sstranger6t@wp.com,351(775)427-2926
Alysa,Kleine,Murfreesboro,09-04-1993,United States,akleine6u@unesco.org,1(615)444-3944
Goldie,Dairton,Hirvensalmi,10-07-1961,Finland,,358(668)501-1999
Trenna,Margrem,Atakpamé,19-12-1981,Togo,,228(178)508-4045
Kalie,Kehir,Fengle,03-07-1959,China,kkehir6x@state.tx.us,86(476)970-7802
Theresa,Crock,Shiozawa,11-12-1952,Japan,tcrock6y@devhub.com,81(829)249-7241
Bebe,Dable,Wirral,12-02-1953,United Kingdom,bdable6z@github.com,44(384)730-2147
Stavros,Cockrill,Shantoudian,03-11-1979,China,,86(514)588-8276
Felice,Andrysiak,Kamionka Strumitowa,30-03-1977,Ukraine,fandrysiak71@blogs.com,380(756)127-5153
Selle,Beecroft,Dubu,30-08-1995,China,sbeecroft72@trellian.com,86(215)889-3914
Horace,Willshear,Manwakh,07-09-1955,Yemen,hwillshear73@oracle.com,967(234)892-3595
Fred,Haycock,Padre Burgos,08-02-1969,Philippines,fhaycock74@ask.com,63(294)179-0838
Dot,Cranage,Dasha,24-08-1985,China,dcranage75@unc.edu,86(794)867-8903
Hillyer,Pecey,Giồng Trôm,21-09-1955,Vietnam,hpecey76@comsenz.com,84(131)886-5422
Oberon,Filyashin,Corupá,31-12-1962,Brazil,ofilyashin77@github.com,55(814)121-5529
Larry,Daunter,Magugu,28-06-1959,Tanzania,ldaunter78@washingtonpost.com,255(146)485-8830
Carlita,Hinksen,La Plata,20-11-1990,Argentina,chinksen79@miibeian.gov.cn,54(594)347-2887
Troy,Lankford,Claremont,23-02-1984,South Africa,tlankford7a@ucsd.edu,27(781)527-8890
Emanuele,Richen,Bangkalan,31-12-1981,Indonesia,,62(144)547-9173
Rinaldo,Sailer,Zolotkovo,01-07-1981,Russia,rsailer7c@t.co,7(270)969-7582
Nike,Kittle,Baozi,23-07-1969,China,nkittle7d@1688.com,86(852)661-2294
Melisande,Steels,Aleksandrów,16-08-1977,Poland,msteels7e@latimes.com,48(772)425-9167
Ardys,Cancellor,Marinilla,12-12-1954,Colombia,acancellor7f@shop-pro.jp,57(680)690-7174
Deny,Klejna,Alue Glumpang,23-06-1959,Indonesia,,62(432)599-6865
Marrissa,Wallwood,Karasuyama,06-10-1973,Japan,,81(755)494-9042
Osmond,Mateja,Anau,23-03-1981,French Polynesia,omateja7i@microsoft.com,689(842)716-1193
Hugo,De Rye Barrett,Yijiang,06-07-1986,China,hderyebarrett7j@purevolume.com,86(462)971-7252
Suzy,McVey,Lasiana,18-03-1957,Indonesia,,62(324)677-3539
Rikki,Eggle,Rosais,13-11-1981,Portugal,reggle7l@simplemachines.org,351(223)334-4636
Rosamund,Nowlan,Kedunglo,06-08-1958,Indonesia,rnowlan7m@flickr.com,62(977)699-2928
Gretchen,Smedley,Ujar,06-10-1977,Azerbaijan,gsmedley7n@sfgate.com,994(386)482-3492
Agnella,Ingall,Toupopu,29-03-1980,Indonesia,,62(862)499-3726
Lissi,Crossgrove,San Marcos,24-03-1991,Peru,,51(521)581-4166
Wren,Cornelisse,Tarakan,26-05-1993,Indonesia,wcornelisse7q@yolasite.com,62(102)270-7810
Yorker,McGhie,Rukem,22-09-1954,Indonesia,ymcghie7r@indiatimes.com,62(762)255-1649
Debby,Maggorini,,,,dmaggorini7s@jalbum.net,
Hermy,Eccleshall,Poitiers,18-08-1972,France,heccleshall7t@blinklist.com,33(922)145-7139
Taylor,Empringham,Malawag,10-11-1988,Philippines,tempringham7u@symantec.com,63(206)832-6668
Tyler,Hatherley,,,,thatherley7v@hibu.com,
Caron,Attrey,Yonghe,18-09-1968,China,cattrey7w@omniture.com,86(493)183-0166
Desiree,Giblin,Purbalingga,19-10-1994,Indonesia,dgiblin7x@netvibes.com,62(647)163-3472
Hedvige,Roelofsen,Pećigrad,26-06-1992,Bosnia and Herzegovina,hroelofsen7y@artisteer.com,387(488)516-9761
Damiano,Stiller,Chigoré,27-02-1951,Panama,dstiller7z@instagram.com,507(700)749-5090
Timmie,Starmont,Kalininaul,15-11-1963,Russia,tstarmont80@zdnet.com,7(588)963-6406
Darleen,Loffhead,Sabana Grande de Boyá,14-11-1970,Dominican Republic,dloffhead81@gravatar.com,1(563)515-2023
Sigismondo,Altham,Wolofeo,25-10-1996,Indonesia,,62(155)624-8545
Gwenneth,Peverell,Jiahu,19-07-1957,China,gpeverell83@zdnet.com,86(637)941-7151
Ellie,Beevis,Agboville,09-10-1968,Ivory Coast,ebeevis84@auda.org.au,225(666)631-2634
Barb,Mackerel,Zhaojia,21-09-1990,China,,86(163)273-8520
Cosme,Jaslem,Natakoli,02-12-1951,Indonesia,,62(538)725-0074
Broderic,Jobin,Mucifal,12-07-1982,Portugal,bjobin87@fda.gov,351(500)447-7606
Douglas,Barnson,General Conesa,03-01-1950,Argentina,dbarnson88@themeforest.net,54(994)577-6748
Julio,Statersfield,Yuekou,20-12-1985,China,jstatersfield89@odnoklassniki.ru,86(805)546-7211
Gilly,Roome,Apostolove,23-04-1995,Ukraine,groome8a@wix.com,380(483)927-3862
Ethelbert,Stoppard,,,,estoppard8b@taobao.com,
Andonis,Kyllford,Heqiao,18-03-1965,China,akyllford8c@oakley.com,86(296)949-5281
Iggie,Abrahart,Dapuchaihe,01-03-1970,China,iabrahart8d@cnn.com,86(686)590-1933
Nata,Amberger,Xiushi,18-05-1977,China,namberger8e@msu.edu,86(829)184-5640
Ethelred,Cronshaw,Roshchino,16-01-1991,Russia,ecronshaw8f@fda.gov,7(700)906-4822
Loralee,O'Day,Banggel,12-08-1983,Indonesia,loday8g@wikimedia.org,62(689)801-4719
Laurena,Allett,Vienne,08-04-1968,France,lallett8h@pen.io,33(740)553-2575
Guillermo,Beningfield,Jequié,25-07-1989,Brazil,gbeningfield8i@facebook.com,55(367)388-1682
Sayers,Torald,Louis Trichardt,04-10-1999,South Africa,storald8j@instagram.com,27(153)902-8447
Conny,Lerer,Las Lajas,29-08-1981,Honduras,,504(689)388-2994
Bartie,Atwood,Salām Khēl,02-04-1973,Afghanistan,batwood8l@auda.org.au,93(933)707-5763
Yvon,Bewlie,Perpignan,07-02-1954,France,ybewlie8m@yolasite.com,33(451)449-3846
Wileen,Heffer,Bobadela,12-03-1981,Portugal,wheffer8n@washington.edu,351(926)603-5804
Ciro,Speenden,Lengor,28-05-1973,Indonesia,,62(921)439-5099
Ignace,Koenen,Ganshui,11-11-1971,China,ikoenen8p@aboutads.info,86(197)169-1762
Zelda,Safhill,,,,zsafhill8q@quantcast.com,
Griswold,Webling,Cerrito,26-05-1969,Colombia,gwebling8r@chicagotribune.com,57(793)445-6133
Brooks,Dudny,Birinci Aşıqlı,09-10-1998,Azerbaijan,bdudny8s@amazonaws.com,994(143)879-1907
Malcolm,Corran,Maquiapo,02-01-1981,Philippines,mcorran8t@cyberchimps.com,63(597)349-6035
Roddie,Pope,Ōme,09-04-1953,Japan,rpope8u@forbes.com,81(704)596-4525
Hoebart,Eby,Gengwan,12-07-1962,China,heby8v@naver.com,86(414)610-1780
Joycelin,Perutto,Volodarka,25-12-1996,Ukraine,jperutto8w@pinterest.com,380(934)827-2732
Germana,Dagwell,Kamieniec Wrocławski,24-02-1954,Poland,gdagwell8x@arstechnica.com,48(959)906-4687
Jessalin,Jachimiak,Yunlong,30-01-1973,China,jjachimiak8y@github.com,86(463)847-1387
Sarina,Bottlestone,Youxikou,14-09-1994,China,,86(490)678-4569
Guido,Bruhnke,Qitai,08-09-1979,China,gbruhnke90@hc360.com,86(707)801-3682
Elspeth,Seacombe,Savran’,30-03-1955,Ukraine,eseacombe91@fc2.com,380(287)759-9761
Dudley,Stivens,Gunungkencana,13-07-1952,Indonesia,dstivens92@canalblog.com,62(433)432-5065
Ad,Ivkovic,Pangkalan Kasai,26-02-1991,Indonesia,,62(799)191-5416
Taber,Stride,Chendong,05-06-1970,China,tstride94@t-online.de,86(786)289-0213
Edyth,Walford,Sindangsari,15-12-1976,Indonesia,,62(758)721-0828
Hyacinthie,Boydell,Bor Ondor,11-03-1960,China,hboydell96@google.es,86(672)815-1910
Jeremy,Pimerick,Umeå,31-08-1987,Sweden,jpimerick97@hhs.gov,46(712)744-7712
Melisa,Lorraine,Parion,03-10-1988,Philippines,mlorraine98@discuz.net,63(313)550-2879
Sergei,Moorcraft,Helvecia,15-08-1950,Argentina,smoorcraft99@issuu.com,54(687)107-1996
Hollie,Zamudio,El Quebrachal,23-07-1962,Argentina,hzamudio9a@fda.gov,54(401)343-1080
Christiane,Service,Koper,07-02-1960,Slovenia,cservice9b@sitemeter.com,386(153)469-2666
Forster,Gullyes,Xiaochuan,20-11-1969,China,fgullyes9c@ask.com,86(811)257-0869
Dun,Uttley,Huaitu,01-04-1953,China,duttley9d@forbes.com,86(499)909-8505
Laurette,Poulsum,,,,lpoulsum9e@parallels.com,
Barbra,Battle,Tenggong,02-08-1955,Indonesia,bbattle9f@tumblr.com,62(948)530-8954
Jeremy,Tonkes,Kristinehamn,21-05-1955,Sweden,jtonkes9g@edublogs.org,46(381)149-8247
Liva,Jeste,Orlando,14-04-1993,United States,ljeste9h@i2i.jp,1(321)641-6066
Arnold,Hapgood,Niños Heroes,08-06-1990,Mexico,ahapgood9i@irs.gov,52(944)864-2077
Morgan,McClurg,Eindhoven,14-10-1985,Netherlands,mmcclurg9j@dmoz.org,31(325)296-3279
Halie,Elegood,Pozuzo,25-08-1950,Peru,helegood9k@ehow.com,51(375)480-9672
Arch,Cosgriff,Santa Cruz,19-08-1977,Mexico,acosgriff9l@tmall.com,52(240)953-5179
Juditha,Anthoney,Laç,24-07-1990,Albania,janthoney9m@yellowbook.com,355(686)147-7936
Gray,Dobel,,,,gdobel9n@quantcast.com,
Ricky,Kyngdon,Huntsville,17-02-1970,United States,rkyngdon9o@netscape.com,1(256)600-3219
Truda,Bereford,Banjar Pangkungkarung Kangin,06-01-1992,Indonesia,tbereford9p@msn.com,62(666)240-9867
Aidan,Goffe,Lugu,29-12-1959,China,agoffe9q@ucoz.com,86(129)642-1055
Liana,Adds,,,,ladds9r@miitbeian.gov.cn,
Marwin,Corlett,Nanyaojie,20-05-1954,China,mcorlett9s@topsy.com,86(561)978-3266
Clarine,Elie,Mekarsari,09-02-1974,Indonesia,celie9t@altervista.org,62(711)762-6984
Heindrick,Dacca,Iballë,27-08-1957,Albania,hdacca9u@alexa.com,355(988)527-5087
Felicity,Yeskin,Malbug,09-09-1955,Philippines,fyeskin9v@msn.com,63(236)433-9421
Dinah,Whorall,Ol Kalou,01-02-1976,Kenya,dwhorall9w@reddit.com,254(110)238-1848
Mortimer,Slograve,Pergamino,08-02-1958,Argentina,mslograve9x@time.com,54(231)409-9854
Kizzee,Dreus,Suna,30-08-1989,Russia,kdreus9y@google.es,7(125)981-5348
Padraig,O'Currine,Liuli,01-03-1957,Tanzania,pocurrine9z@vkontakte.ru,255(943)717-8740
Caryn,Burn,Bandhagen,05-07-1950,Sweden,,46(867)901-5825
Tuckie,Cheater,Fanzhen,17-10-1952,China,tcheatera1@delicious.com,86(232)880-7541
Mariellen,Teather,Nueve de Julio,25-07-1953,Argentina,mteathera2@123-reg.co.uk,54(421)819-6158
Weylin,Sucre,Arroyito,25-05-1998,Argentina,wsucrea3@europa.eu,54(957)999-3913
Caleb,Hindmore,Palotina,10-09-1962,Brazil,chindmorea4@scribd.com,55(576)145-3663
Othelia,Batchellor,Jagabaya Dua,17-06-1986,Indonesia,obatchellora5@toplist.cz,62(235)100-1197
Alena,Pankethman,Dordrecht,30-10-1983,Netherlands,apankethmana6@weibo.com,31(774)533-6688
Luelle,Cardenoza,San Luis Ixcán,09-07-1961,Guatemala,lcardenozaa7@ebay.com,502(259)682-4014
Eden,Moxom,Kowala,26-08-1984,Poland,emoxoma8@123-reg.co.uk,48(420)408-8934
Artemis,Abrahamowitcz,Segbwema,23-02-1957,Sierra Leone,aabrahamowitcza9@twitpic.com,232(974)663-6607
Tan,Glancy,Koreiz,28-03-1993,Ukraine,tglancyaa@deliciousdays.com,380(651)817-3692
Mace,Jonah,Poyang,24-01-1977,China,mjonahab@dyndns.org,86(593)679-0470
Gertrudis,Courtin,,,,gcourtinac@tumblr.com,
Bryana,McGeechan,Mingora,21-07-1983,Pakistan,bmcgeechanad@umich.edu,92(657)487-6219
Pru,Duckitt,Unidos,30-03-1988,Philippines,pduckittae@slideshare.net,63(718)341-5780
Harmon,Campo,Chojnice,14-06-1986,Poland,hcampoaf@nyu.edu,48(129)369-4661
Peggi,Caberas,Bangad,19-08-1963,Philippines,,63(762)706-4130
George,Pococke,Nice,16-11-1982,France,gpocockeah@booking.com,33(942)228-8019
Kiele,Speariett,Rowokangkung,01-06-1995,Indonesia,kspeariettai@elegantthemes.com,62(692)216-7346
Delora,Trevna,Heling,03-12-1997,China,dtrevnaaj@unblog.fr,86(521)751-4482
Kristien,Readie,Guifeng,31-10-1977,China,kreadieak@xinhuanet.com,86(329)517-0267
Fernandina,Wanell,Villa Atamisqui,13-09-1981,Argentina,fwanellal@soup.io,54(955)243-3402
Peria,Hannaby,Campoalegre,19-01-1972,Colombia,phannabyam@usgs.gov,57(135)419-4427
Goldie,Dandy,Chenglin,17-07-1989,China,gdandyan@comsenz.com,86(501)782-5301
Enrica,Koche,,,,ekocheao@oaic.gov.au,
Odele,Gossage,Wadi Kidul,15-06-1953,Indonesia,ogossageap@google.com.hk,62(987)515-6034
Adaline,Whisson,Konëvo,07-01-1977,Russia,awhissonaq@blog.com,7(235)905-7468
Kore,Darth,Tobi Village,21-04-1999,Palau,kdarthar@odnoklassniki.ru,680(416)109-5894
Lorrie,Hamlin,Três Lagoas,04-05-1960,Brazil,lhamlinas@nsw.gov.au,55(520)955-0581
Ralina,Prynne,Valeirinha,31-12-1972,Portugal,rprynneat@vk.com,351(773)142-9317
Hortensia,Rankling,Ilha Solteira,15-02-1955,Brazil,,55(380)878-8440
Pauli,Posnette,Babao,25-02-1972,China,pposnetteav@mapy.cz,86(408)970-9311
Aluin,Vasiltsov,Arlington,23-01-1953,United States,avasiltsovaw@macromedia.com,1(817)156-7306
Brigid,Izon,Mkiriwadjumoi,23-02-1976,Comoros,bizonax@tuttocitta.it,269(444)156-6290
Marylou,Local,Kalávryta,17-09-1954,Greece,mlocalay@yahoo.co.jp,30(268)810-0516
Xavier,Russel,Calibishie,29-03-1975,Dominica,xrusselaz@amazonaws.com,1(786)796-8168
Galvin,Strettell,São Lourenço de Mamporcão,20-10-1994,Portugal,gstrettellb0@msu.edu,351(356)594-5514
Rouvin,Brettle,Dobratice,25-06-1969,Czech Republic,rbrettleb1@wunderground.com,420(642)154-1253
Nanine,Oosthout de Vree,Mekarsari,15-05-1991,Indonesia,noosthoutdevreeb2@uiuc.edu,62(928)927-9258
Kalvin,Phython,La Romana,05-02-1996,Dominican Republic,kphythonb3@vkontakte.ru,1(263)618-8577
Morgun,Fomichkin,Skellefteå,08-07-1959,Sweden,mfomichkinb4@barnesandnoble.com,46(807)671-2569
Anita,Ollin,Lublin,30-07-1970,Poland,aollinb5@marketwatch.com,48(640)972-2491
Issiah,Brian,Old Shinyanga,07-09-1987,Tanzania,ibrianb6@tumblr.com,255(447)694-6274
Nikolaus,Pache,Bošnjaci,04-01-1976,Croatia,npacheb7@psu.edu,385(511)394-0142
Myra,Anthonies,San Miguel,14-10-1999,Philippines,manthoniesb8@cdc.gov,63(855)275-7161
Heddi,Easterfield,Desnogorsk,24-01-1952,Russia,heasterfieldb9@hud.gov,7(932)698-6741
Lena,Swyer,Talata Mafara,20-02-1958,Nigeria,,234(616)572-3476
Leontine,Bruineman,Ituberá,26-08-1988,Brazil,lbruinemanbb@nba.com,55(390)460-3521
Teddie,Baxandall,Támara,10-05-1963,Honduras,tbaxandallbc@imdb.com,504(311)251-2576
Paige,Selcraig,Gaizhou,17-12-1966,China,pselcraigbd@ovh.net,86(272)195-4880
Ring,Sanbrooke,Tetebatu,28-04-1982,Indonesia,,62(598)455-6094
Allene,Lippiett,Rzhev,27-03-1989,Russia,alippiettbf@pinterest.com,7(126)525-3088
Bonnibelle,Earlam,Jhingergācha,04-10-1973,Bangladesh,bearlambg@oakley.com,880(285)525-1205
Luelle,Benion,Olo,01-05-1958,Indonesia,,62(910)452-5962
Hedy,Blizard,Dumaguil,24-02-1964,Philippines,,63(232)438-8545
Aimee,Edensor,,,,aedensorbj@squidoo.com,
Rhonda,Windrus,Monte Aprazível,06-12-1972,Brazil,rwindrusbk@jalbum.net,55(366)902-4135
Perkin,Prugel,Sélibabi,14-07-1986,Mauritania,,222(529)323-5237
Shantee,Leggatt,Puerto Bello,11-10-1958,Philippines,,63(532)885-6124
Milicent,Loyndon,"Palmas De Gran Canaria, Las",12-03-1993,Spain,mloyndonbn@europa.eu,34(977)563-0708
Brittni,Connop,Sabugal,27-05-1995,Portugal,bconnopbo@google.ca,351(988)787-2480
Errick,Feldhorn,Guimbal,04-03-1975,Philippines,efeldhornbp@si.edu,63(140)591-2681
Cammy,Digwood,Sacotes,07-06-1983,Portugal,cdigwoodbq@ucsd.edu,351(990)287-5574
Chaim,Argabrite,Palmas,03-07-1963,Brazil,cargabritebr@spotify.com,55(111)906-3444
Bernie,Mowatt,Wright,13-07-1964,Philippines,bmowattbs@mlb.com,63(582)945-4089
Jeff,Fensome,Ribeirópolis,25-07-1992,Brazil,jfensomebt@dagondesign.com,55(738)359-7968
Duffie,Braisby,Cleveland,15-11-1999,United States,dbraisbybu@soup.io,1(216)402-3409
Marion,Dossetter,Santa Monica,13-09-1996,Philippines,mdossetterbv@so-net.ne.jp,63(907)808-8245
Di,Caldwall,Norfolk County,19-09-1972,Canada,dcaldwallbw@ucoz.com,1(632)766-2504
Christie,Mandal,Gombe,08-10-1984,Uganda,cmandalbx@earthlink.net,256(893)423-7800
Delmor,Bodechon,Iza,09-08-1986,Ukraine,dbodechonby@ucsd.edu,380(255)730-7236
Cassondra,Gilstoun,Cihaladan,15-04-1983,Indonesia,cgilstounbz@typepad.com,62(834)171-2898
Boy,Thorrold,Pangradin Satu,22-02-1982,Indonesia,bthorroldc0@webmd.com,62(315)121-2946
Weidar,Splain,Pho Duc,01-07-1993,Vietnam,,84(490)464-8448
Shadow,Sorton,Vaasa,07-01-1970,Finland,ssortonc2@vk.com,358(670)560-7580
Joli,Clegg,Ishim,21-12-1989,Russia,jcleggc3@apple.com,7(237)182-6771
Solly,Dunstone,Cedynia,10-12-1958,Poland,sdunstonec4@friendfeed.com,48(671)197-2762
Mirabella,Childs,Ishëm,24-09-1962,Albania,mchildsc5@cbsnews.com,355(397)367-5953
Glad,Flounders,Krapyak Kidul,17-11-1970,Indonesia,gfloundersc6@mac.com,62(773)512-9897
Finley,Newark,Daireaux,26-06-1965,Argentina,fnewarkc7@imgur.com,54(670)618-6897
Vania,Leyzell,Det Udom,18-12-1966,Thailand,vleyzellc8@51.la,66(455)579-1637
Chickie,Cromar,,,,ccromarc9@goo.ne.jp,
Olivia,Connealy,San Sebastian,04-02-1950,Philippines,oconnealyca@dmoz.org,63(962)460-3522
Tandi,McGawn,Changbai,23-12-1958,China,tmcgawncb@google.ca,86(351)832-2486
Gratiana,Afonso,Mosjøen,08-04-1958,Norway,gafonsocc@imageshack.us,47(533)658-2022
Anjela,Shackle,Suzhou,14-12-1975,China,ashacklecd@wunderground.com,86(181)224-4945
Clarita,Ludford,Zhuzuo,29-08-1965,China,cludfordce@nasa.gov,86(825)641-8365
Bernie,Elphee,Altan Emel,23-01-1951,China,belpheecf@zimbio.com,86(284)892-5882
Agnola,Straniero,Wang Nam Yen,13-06-1998,Thailand,astranierocg@examiner.com,66(764)979-3322
Angel,Crosetto,Xikou,02-04-1977,China,acrosettoch@netscape.com,86(558)602-9090
Whitby,Fechnie,,,,wfechnieci@usda.gov,
Honoria,Flay,Jianfeng,04-01-1961,China,hflaycj@cornell.edu,86(232)933-8665
Justina,Gordge,General Guido,22-10-1952,Argentina,jgordgeck@harvard.edu,54(851)959-5944
Keely,Kirk,Olejet,26-01-1956,Indonesia,kkirkcl@nps.gov,62(144)478-3368
Barclay,Issacson,Monaghan,11-04-1993,Ireland,bissacsoncm@nbcnews.com,353(894)501-9845
Richart,Obell,Dusun Desa Bunter,29-02-1976,Indonesia,robellcn@discuz.net,62(493)286-5607
Charyl,Lortzing,København,28-08-1955,Denmark,clortzingco@gizmodo.com,45(949)670-7199
Cole,Giacomuzzo,Lloque,28-12-1987,Peru,cgiacomuzzocp@reuters.com,51(473)357-2320
Gwenny,Brunnen,Ar Rifā‘,12-05-1992,Bahrain,gbrunnencq@bravesites.com,973(436)924-9072
Vally,Kores,Lutian,13-10-1973,China,vkorescr@ca.gov,86(710)337-8645
Adolph,Moseby,Divnoye,14-01-1997,Russia,amosebycs@bloglovin.com,7(351)878-1814
Elvis,Dawley,Dorchester,12-02-1961,Canada,edawleyct@hatena.ne.jp,1(821)439-8129
Tanitansy,McCloid,Ivanovskoye,24-08-1954,Russia,tmccloidcu@google.co.uk,7(928)287-2735
Cassius,Wasiel,Mymensingh,05-05-1990,Bangladesh,cwasielcv@w3.org,880(673)104-6901
Mirella,Kunzel,Thị Trấn Ngọc Lặc,13-11-1995,Vietnam,,84(157)497-1711
Alyosha,Eyckelbeck,Yudai,03-04-1991,China,aeyckelbeckcx@yale.edu,86(441)616-8442
Merola,Rattery,Pavlovskaya,24-11-1992,Russia,mratterycy@geocities.jp,7(199)165-5946
Judy,Tern,Zbąszynek,03-07-1986,Poland,,48(369)574-4195
Renato,Mackinder,Dok Kham Tai,22-07-1969,Thailand,,66(250)151-7322
Keene,Huggard,,,,khuggardd1@wordpress.com,
Kilian,Showte,Kansas City,16-06-1954,United States,kshowted2@cisco.com,1(816)499-0218
Trace,Hubber,Kobiernice,01-10-1979,Poland,thubberd3@cdbaby.com,48(245)687-9594
Roma,Shedden,Brloh,19-05-1952,Czech Republic,rsheddend4@wiley.com,420(515)231-4549
Dennie,Baigent,Nkandla,17-03-1959,South Africa,dbaigentd5@theatlantic.com,27(529)753-7522
Ashely,Colebrook,Rączna,14-04-1995,Poland,acolebrookd6@plala.or.jp,48(445)316-9955
Doris,Berndtssen,Sakassou,22-11-1955,Ivory Coast,dberndtssend7@google.it,225(575)544-4154
Rozalin,Bromley,Líbano,27-06-1984,Colombia,rbromleyd8@kickstarter.com,57(200)543-0949
Irwinn,Veare,Braunschweig,20-08-1953,Germany,iveared9@cbc.ca,49(786)884-1537
Ferne,Bonner,Shataping,29-06-1989,China,fbonnerda@livejournal.com,86(796)260-9589
Wilmette,Ferronet,Tawau,08-08-1986,Malaysia,wferronetdb@bandcamp.com,60(588)720-0456
Elfrieda,Dring,Buenavista,15-06-1962,Mexico,,52(940)865-5563
Starlene,Lowndes,Wangmeng,18-04-1955,China,slowndesdd@networksolutions.com,86(621)508-6856
Alysa,Tantrum,Kuje,18-07-1984,Nigeria,,234(920)686-0955
Chelsey,Dowglass,Rawaapu,22-01-1993,Indonesia,cdowglassdf@nyu.edu,62(385)368-8563
Cass,Jennins,Enjitsu,02-07-1984,South Korea,cjenninsdg@bluehost.com,82(886)224-2454
Lorrie,O'Fallowne,Nankai,28-08-1963,China,,86(784)942-0682
Blair,Celand,,,,bcelanddi@dot.gov,
Hedy,Pettett,Bydgoszcz,01-03-1962,Poland,hpettettdj@hud.gov,48(560)542-4703
Chrissy,Hendriks,Andongrejo,20-09-1956,Indonesia,chendriksdk@vinaora.com,62(416)341-2672
Thornie,Roder,Zašová,29-03-1990,Czech Republic,troderdl@barnesandnoble.com,420(991)926-2020
Kania,Cavolini,Huangbizhuang,29-09-1970,China,kcavolinidm@amazon.co.jp,86(880)307-9800
Bernardina,Duddy,Bishkek,03-01-1993,Kyrgyzstan,bduddydn@dedecms.com,996(948)892-3734
Bay,Gillebert,Aleksinac,27-04-1974,Serbia,bgillebertdo@constantcontact.com,381(251)940-4577
Nancy,Sivorn,Adygeysk,05-08-1979,Russia,nsivorndp@cocolog-nifty.com,7(317)835-3653
Ruprecht,Atty,Girona,19-03-1997,Spain,rattydq@multiply.com,34(342)219-8953
Ester,Delgardo,Eenhana,30-03-1952,Namibia,edelgardodr@xrea.com,264(667)252-7137
Leonelle,Fuller,Granada,24-09-1985,Spain,lfullerds@aboutads.info,34(118)172-9823
Beale,Pabel,Chengxi,27-03-1997,China,bpabeldt@opensource.org,86(830)968-5695
Blondell,Oertzen,Pangantocan,27-12-1954,Philippines,boertzendu@goo.gl,63(533)552-8638
Rodina,Heardman,Czchów,27-11-1950,Poland,,48(322)361-0923
Karlis,Scamwell,Gračanica,09-08-1991,Bosnia and Herzegovina,kscamwelldw@amazon.co.jp,387(627)772-0612
Jillian,Weber,Xilin,07-09-1992,China,jweberdx@naver.com,86(337)116-9754
Cordy,Bellam,Xiaji,11-07-1954,China,,86(813)586-9823
Gilemette,Orbell,Open Stage,04-01-1980,Maldives,,960(707)917-1376
Gerda,Matas,Qiganjidie,29-06-1958,China,gmatase0@sohu.com,86(204)370-5718
Jaymie,Gino,Futian,08-02-1982,China,jginoe1@wikia.com,86(734)377-0162
Jeanie,Witch,Arroio Grande,23-11-1963,Brazil,jwitche2@stumbleupon.com,55(237)550-6199
Ashlan,Filipov,Tucaní,09-01-1975,Venezuela,afilipove3@fastcompany.com,58(515)344-4498
Sofia,Fibbitts,Sobreiro,04-03-1961,Portugal,sfibbittse4@geocities.com,351(519)700-2585
Robinett,Berkeley,Porto União,06-01-1963,Brazil,rberkeleye5@fotki.com,55(499)806-6447
Marthena,Goward,Manabo,19-06-1957,Philippines,,63(982)554-1939
Cleon,Bosma,Yuwan,01-07-1959,China,cbosmae7@cam.ac.uk,86(896)380-9484
Elissa,Dwelly,Kista,08-05-1961,Sweden,edwellye8@skyrock.com,46(596)909-2630
Orly,Bryce,Ponte Nova,17-06-1982,Brazil,obrycee9@ning.com,55(206)959-1151
Maury,Ivanchikov,Xiaoqi,16-10-1991,China,mivanchikovea@ovh.net,86(709)852-3163
Sancho,Broadbear,Benghazi,15-04-1960,Libya,sbroadbeareb@wp.com,218(580)625-5456
Orella,Cresar,Nizwá,23-02-1999,Oman,ocresarec@slideshare.net,968(119)628-6662
Ealasaid,Lumby,Arrentela,31-05-1952,Portugal,elumbyed@cdbaby.com,351(692)864-3763
Andria,Freund,Bemposta,23-03-1951,Portugal,afreundee@buzzfeed.com,351(553)207-2262
Andria,Baine,Katsuura,11-01-1999,Japan,abaineef@mlb.com,81(132)806-2209
Rosamond,Burry,Levallois-Perret,22-12-1977,France,rburryeg@narod.ru,33(468)736-3494
Hymie,Bartkiewicz,Tiên Phước,23-07-1957,Vietnam,hbartkiewiczeh@about.com,84(410)611-8498
Alissa,Hucquart,Täby,17-11-1992,Sweden,ahucquartei@devhub.com,46(604)239-0939
Cloris,Lownds,Chengtian,31-03-1966,China,clowndsej@usa.gov,86(176)772-5910
Joyous,Muzzullo,Rýmařov,24-02-1999,Czech Republic,jmuzzulloek@ameblo.jp,420(702)484-3759
Hildegarde,Fowler,Nentón,15-12-1982,Guatemala,hfowlerel@devhub.com,502(872)837-8208
Madeleine,Downie,Dahe,20-02-1991,China,mdownieem@blinklist.com,86(260)186-3899
Sawyer,Christene,Virbalis,14-02-1991,Lithuania,schristeneen@stanford.edu,370(788)114-7615
Darrin,Van den Oord,Trélissac,15-10-1962,France,,33(488)931-0302
Billie,Lalley,Catayauan,29-11-1994,Philippines,blalleyep@cam.ac.uk,63(888)286-7496
Jobye,Bixley,Guarujá,06-03-1954,Brazil,jbixleyeq@blogtalkradio.com,55(243)953-6294
Magdaia,Pucknell,Lubasz,13-01-1959,Poland,,48(529)756-7712
Lockwood,Sagar,Xintian,24-02-1989,China,lsagares@toplist.cz,86(616)861-9424
Yance,Proschek,Tisul’,12-09-1972,Russia,yproscheket@merriam-webster.com,7(189)235-6560
Reggy,Dryburgh,Calibutbut,22-01-1955,Philippines,rdryburgheu@ovh.net,63(411)940-2625
Perrine,MacQueen,Boco,25-11-1966,Portugal,pmacqueenev@list-manage.com,351(401)744-6831
Allene,Gillbanks,Derviçian,09-01-1979,Albania,agillbanksew@t-online.de,355(423)603-2651
Ranique,Gourdon,Kontagora,01-04-1954,Nigeria,rgourdonex@geocities.jp,234(744)222-1288
Germain,Brugmann,Lewisporte,04-08-1999,Canada,gbrugmanney@qq.com,1(270)892-0501
Orelia,Saxby,,,,osaxbyez@house.gov,
Waylen,Heis,Madjeouéni,14-02-1985,Comoros,wheisf0@sbwire.com,269(581)340-2350
Kimberley,Orman,les Escaldes,30-12-1991,Andorra,kormanf1@sina.com.cn,376(440)534-7040
Elbertina,MacCard,Pentéli,05-12-1950,Greece,emaccardf2@homestead.com,30(984)106-3956
Isidora,Hartzenberg,Cà Mau,13-08-1989,Vietnam,ihartzenbergf3@hubpages.com,84(105)383-6377
Priscilla,Maciejewski,Dolno Palčište,11-05-1971,Macedonia,pmaciejewskif4@so-net.ne.jp,389(908)107-1735
Wilmer,Frensche,Znojmo,03-11-1981,Czech Republic,wfrenschef5@buzzfeed.com,420(869)690-0364
Darb,Gregh,La Escondida,30-09-1996,Mexico,,52(444)164-6536
Cchaddie,Minghi,Chonchi,12-02-1997,Chile,cminghif7@nymag.com,56(918)621-7561
Petr,Sheed,Hua Sai,26-04-1953,Thailand,,66(967)845-2781
Tiphany,Sympson,Iwakura,10-10-1974,Japan,tsympsonf9@networkadvertising.org,81(330)239-7447
Kalina,Brusin,Tây Ninh,17-01-1999,Vietnam,kbrusinfa@usatoday.com,84(734)612-6091
Elnora,Petrelli,Jetis,19-07-1955,Indonesia,epetrellifb@prweb.com,62(622)969-9178
Alden,Bewick,Latung,16-04-1981,Philippines,abewickfc@sakura.ne.jp,63(680)721-1579
Mala,Jamison,Gīdolē,14-11-1983,Ethiopia,mjamisonfd@wikispaces.com,251(378)562-7947
Martica,Roggers,Itapeva,15-11-1975,Brazil,mroggersfe@icq.com,55(279)483-2147
Crin,Chapellow,María la Baja,17-08-1977,Colombia,cchapellowff@unblog.fr,57(369)413-2556
Patrizia,Hanhard,Vítkov,02-05-1992,Czech Republic,phanhardfg@pcworld.com,420(981)682-7577
Dorie,Magister,Dnipryany,31-01-1976,Ukraine,dmagisterfh@joomla.org,380(130)205-6023
Viki,McClure,Mingyihe,14-03-1983,China,vmcclurefi@delicious.com,86(660)965-8172
Keith,Nials,Huangqiao,04-10-1983,China,knialsfj@google.co.uk,86(462)459-0058
Jill,Dunbabin,Vetlanda,19-10-1977,Sweden,jdunbabinfk@eepurl.com,46(409)124-0412
Guillemette,Greep,Jianzhatan,12-02-1989,China,ggreepfl@google.de,86(363)382-3845
Reggis,Petley,Qiaochong,25-11-1967,China,rpetleyfm@elegantthemes.com,86(403)662-2672
Orion,Wilson,Shatki,13-12-1996,Russia,owilsonfn@about.com,7(706)147-4427
Tybi,Gallaccio,Longhu,24-02-1995,China,tgallacciofo@wikia.com,86(257)929-1451
Hebert,Earpe,Tingzhou,29-10-1971,China,hearpefp@chronoengine.com,86(542)181-4539
Patrick,Flanagan,Jianguo,15-10-1982,China,pflanaganfq@archive.org,86(740)575-7981
Rutter,Lammie,Herby,11-10-1953,Poland,rlammiefr@examiner.com,48(581)332-6559
Colline,Lehmann,Birowo,07-04-1966,Indonesia,clehmannfs@jiathis.com,62(925)637-9792
Nicholas,Kluger,Luis Donaldo Colosio,01-02-1991,Mexico,,52(401)167-1456
Shurlock,Mendez,Suso,11-06-1965,Philippines,smendezfu@newyorker.com,63(416)924-7815
Ardeen,Bloy,Bowen Island,15-11-1967,Canada,abloyfv@webs.com,1(836)695-1978
Eran,Leahey,,,,eleaheyfw@goo.ne.jp,
Jolyn,Blofeld,Babantar,12-07-1982,Indonesia,jblofeldfx@example.com,62(139)586-9802
Ber,Coger,Varaždin,13-11-1991,Croatia,bcogerfy@irs.gov,385(378)935-6047
Conni,Yankeev,Pinghu,10-04-1959,China,cyankeevfz@behance.net,86(413)544-1157
Blondy,Bim,Shuangshipu,22-05-1967,China,bbimg0@rambler.ru,86(107)793-0728
Gerianna,Schutte,Masohi,28-06-1974,Indonesia,gschutteg1@booking.com,62(444)831-8444
Obadiah,Gyurkovics,Biscucuy,22-10-1984,Venezuela,ogyurkovicsg2@wix.com,58(574)228-2481
Della,Scally,Kranuan,08-01-1964,Thailand,dscallyg3@hibu.com,66(645)775-9271
Deb,Champain,Andaray,01-10-1973,Peru,dchampaing4@reddit.com,51(574)640-0210
Danni,Bever,Bayt Ta‘mar,22-12-1973,Palestinian Territory,dbeverg5@usgs.gov,970(288)613-0821
Shaun,O'Hederscoll,Cabungan,04-07-1977,Philippines,sohederscollg6@webmd.com,63(106)799-7006
Esme,Rawlyns,Carvalhos,22-09-1981,Portugal,erawlynsg7@uiuc.edu,351(631)474-3368
Farr,Jopke,Bích Động,28-11-1989,Vietnam,fjopkeg8@behance.net,84(953)451-7563
Janene,Bottleson,Xuedian,10-08-1972,China,jbottlesong9@bing.com,86(259)998-7380
Marji,Barthelmes,Mulyo,22-06-1991,Indonesia,mbarthelmesga@netscape.com,62(667)802-6848
Brand,Uvedale,Newmarket,15-11-1982,Canada,buvedalegb@miitbeian.gov.cn,1(713)929-3395
Cariotta,Cosser,Petushki,05-08-1985,Russia,ccossergc@google.com,7(416)655-7015
Heinrick,De Benedictis,Skalat,05-10-1987,Ukraine,hdebenedictisgd@springer.com,380(669)684-4122
Donal,Krolle,Micheng,01-07-1993,China,,86(374)350-5868
Cassie,Coster,,,,ccostergf@google.nl,
Paulita,Starking,Az Ziyārah,06-12-1994,Syria,pstarkinggg@51.la,963(705)429-6910
Jay,Browncey,Al Ḩusayn,12-02-1991,Yemen,jbrownceygh@jalbum.net,967(124)353-5969
Britt,Worcs,Tacna,13-07-1975,Peru,bworcsgi@360.cn,51(294)953-2106
Roz,Swayte,Shuanghe,07-12-1967,China,rswaytegj@telegraph.co.uk,86(525)957-1919
Jackie,Coltman,Göteborg,04-06-1953,Sweden,jcoltmangk@flavors.me,46(423)819-6548
Gavin,Gething,Camachile,19-08-1988,Philippines,ggethinggl@vkontakte.ru,63(652)599-7210
Dalis,Merrell,Kīsh,19-12-1962,Iran,dmerrellgm@360.cn,98(555)343-9888
Graeme,Vowells,Los Dos Caminos,05-03-1993,Venezuela,gvowellsgn@cisco.com,58(653)288-1919
Hillary,Calender,Pledo,09-08-1971,Indonesia,hcalendergo@gnu.org,62(736)420-2186
Guy,Ales,Ramenki,16-09-1962,Russia,,7(881)412-6554
Erika,Beernt,Hekou,22-02-1956,China,ebeerntgq@baidu.com,86(394)329-9795
Willard,McCrone,Liangbing,18-06-1960,China,,86(678)557-7105
Carce,Grimmert,Butajīra,09-02-1977,Ethiopia,cgrimmertgs@devhub.com,251(559)408-7640
Teresina,Baptista,Yushan,25-08-1953,China,tbaptistagt@virginia.edu,86(171)936-9817
Katherine,Seyffert,Cognac,16-09-1999,France,kseyffertgu@theatlantic.com,33(120)999-5399
Bo,Knocker,Burla,03-08-1967,Russia,bknockergv@rediff.com,7(613)282-9973
Sherman,Korlat,Villeneuve-d'Ascq,23-10-1988,France,skorlatgw@odnoklassniki.ru,33(171)721-9505
Addi,Stener,Shaoha,07-06-1951,China,astenergx@tripadvisor.com,86(229)146-8268
Annabal,Pigne,Gali,19-09-1987,Georgia,apignegy@thetimes.co.uk,995(251)685-1279
Pincus,Craster,Kendung Timur,20-07-1978,Indonesia,pcrastergz@netlog.com,62(546)824-2862
Kyle,Letherbury,‘Awartā,17-10-1997,Palestinian Territory,kletherburyh0@qq.com,970(856)417-0997
Ross,D'Ambrogio,Shikhany,16-06-1985,Russia,rdambrogioh1@wufoo.com,7(921)676-6052
Carlene,Gow,Lypova Dolyna,19-03-1960,Ukraine,cgowh2@t.co,380(784)543-5669
Briana,Dalwood,Hyltebruk,07-05-1969,Sweden,bdalwoodh3@hatena.ne.jp,46(776)140-4219
Nixie,Lownds,Lengkong,22-02-1958,Indonesia,nlowndsh4@artisteer.com,62(457)503-4830
Gustavo,Kemson,Tangkilsari,02-03-1960,Indonesia,gkemsonh5@cisco.com,62(354)493-2068
Jeanne,Bick,Eckerö,18-01-1980,Aland Islands,jbickh6@prnewswire.com,358(141)991-7260
Ivar,Leborgne,Gonghe,01-05-1988,China,ileborgneh7@addtoany.com,86(236)182-8260
Drucill,Gush,Da’anshan,24-11-1963,China,dgushh8@zimbio.com,86(452)542-7630
Araldo,Antoszczyk,Pantaihambawang,29-06-1956,Indonesia,aantoszczykh9@biglobe.ne.jp,62(880)373-4830
Nikolai,McGrane,Tudela,26-10-1952,Philippines,nmcgraneha@hibu.com,63(668)952-7275
Ophelie,Galway,,,,ogalwayhb@yahoo.com,
Damiano,McLemon,São João das Lampas,27-04-1966,Portugal,dmclemonhc@irs.gov,351(848)405-9389
Rosemary,Gethouse,Pingkai,19-02-1951,China,rgethousehd@nature.com,86(444)964-4195
Rivalee,Itzig,Podbuzh,03-05-1996,Ukraine,ritzighe@vk.com,380(925)803-7249
Karola,McRobbie,Caracal,17-02-1976,Philippines,kmcrobbiehf@seattletimes.com,63(158)607-2642
Crin,Robecon,Tajimi,19-10-1961,Japan,crobeconhg@51.la,81(104)248-4496
Haleigh,McNutt,Takarazuka,04-01-1964,Japan,hmcnutthh@phpbb.com,81(476)724-6651
Merilyn,Gaddes,San Vicente,29-05-1985,Costa Rica,mgaddeshi@squidoo.com,506(756)120-9005
Sarene,Castro,Kilingi-Nõmme,12-04-1960,Estonia,scastrohj@wsj.com,372(437)925-0238
Rubetta,Grigoroni,Bromont,04-01-1996,Canada,rgrigoronihk@sina.com.cn,1(847)819-0113
Jessie,Mitkov,Tunal,31-10-1969,Peru,jmitkovhl@narod.ru,51(816)481-5098
Debee,McGinley,Salgar,27-10-1975,Colombia,dmcginleyhm@bbc.co.uk,57(734)445-5088
Brendis,Ridel,Yayao,25-03-1960,China,bridelhn@issuu.com,86(340)963-8652
De witt,Conti,Balta,21-01-1980,Ukraine,dcontiho@clickbank.net,380(315)813-7065
Amos,Ferrarini,Bayt Ūlā,28-06-1984,Palestinian Territory,aferrarinihp@aol.com,970(547)783-4890
Malynda,Scrane,Öldziyt,19-12-1970,Mongolia,mscranehq@samsung.com,976(955)538-2970
Marie-ann,Tomaselli,Skolkovo,16-10-1956,Russia,mtomasellihr@alexa.com,7(192)865-7349
Ely,Maus,Diepsloot,18-04-1987,South Africa,emaushs@creativecommons.org,27(582)263-8824
Flory,Quirke,San Jose,28-01-1975,Philippines,,63(843)899-6602
Tracy,Thireau,Urasqui,11-01-1996,Peru,tthireauhu@google.es,51(119)223-5039
Hulda,Nolder,Catarman,11-01-1971,Philippines,hnolderhv@topsy.com,63(712)535-4740
Gwenni,Wilshaw,Grabów nad Prosną,13-01-1983,Poland,gwilshawhw@shop-pro.jp,48(638)193-6569
Anjela,Clempton,Caçapava do Sul,01-09-1993,Brazil,aclemptonhx@businesswire.com,55(764)936-5813
Kris,Shorton,Palanit,04-05-1988,Philippines,kshortonhy@w3.org,63(727)480-0878
Shoshana,Cameron,Sakaidechō,03-09-1983,Japan,scameronhz@vimeo.com,81(215)880-2723
Alix,Wiszniewski,Saronída,03-10-1996,Greece,awiszniewskii0@devhub.com,30(337)971-1951
Kizzie,Buckston,Sibay,25-05-1989,Russia,kbuckstoni1@fc2.com,7(487)499-7757
Melloney,ducarme,Myślenice,25-10-1976,Poland,mducarmei2@europa.eu,48(702)709-1686
Elisha,Langthorne,Sanxi,16-08-1992,China,elangthornei3@myspace.com,86(842)217-4817
Angil,Veale,Jishan,12-02-1989,China,avealei4@netscape.com,86(786)667-1276
Luca,Eassom,Maibu,25-12-1990,Philippines,leassomi5@tinypic.com,63(763)978-4873
Ermin,Gomez,Beroroha,31-01-1973,Madagascar,egomezi6@wikia.com,261(669)604-3259
Sasha,Ivain,Asempapak,09-08-1981,Indonesia,sivaini7@mtv.com,62(436)371-3828
Jaynell,Zoren,Yubileyny,21-04-1969,Russia,jzoreni8@theglobeandmail.com,7(497)572-4900
Charmion,Elijahu,Matão,26-11-1959,Brazil,celijahui9@umich.edu,55(323)570-1621
Lenka,Jimmison,Mġarr,01-02-1982,Malta,ljimmisonia@hhs.gov,356(361)946-4797
Templeton,Allchorn,Tulungagung,20-07-1999,Indonesia,tallchornib@yellowbook.com,62(994)197-7632
Baxie,Stathor,Sanjing,10-02-1967,China,bstathoric@freewebs.com,86(552)810-2331
Vicki,Cheetam,Kokstad,11-05-1980,South Africa,vcheetamid@economist.com,27(514)938-6310
Alicia,Soffe,Isangel,04-07-1979,Vanuatu,asoffeie@homestead.com,678(655)778-7712
Ellie,Grieger,Jiaoxie,02-11-1970,China,,86(102)881-7976
Tab,Batha,Phoenix,07-09-1978,United States,,1(602)824-3838
Quinta,Clelle,Dahuang,11-11-1978,China,qclelleih@wisc.edu,86(453)328-3122
Nowell,Facey,Bijeli,14-08-1952,Indonesia,nfaceyii@hud.gov,62(233)980-6462
Brew,Rowthorne,Zarzis,29-06-1951,Tunisia,,216(825)320-5390
Tod,Korn,La Maná,13-10-1954,Ecuador,,593(839)429-0920
Karil,Redan,Berëzovka,04-08-1973,Russia,,7(282)565-6416
Ichabod,Boow,Munggang,08-06-1985,Indonesia,,62(800)474-8470
Louise,Judge,Al Bāţinah,27-01-1986,Yemen,ljudgein@dell.com,967(647)256-6555
Wilone,Varnes,Shiqian,18-12-1997,China,wvarnesio@nsw.gov.au,86(804)672-8199
Deeanne,Le Maitre,San Andres,27-02-1988,Philippines,dlemaitreip@wikipedia.org,63(159)409-7766
Irina,Rebanks,Galatás,26-11-1996,Greece,irebanksiq@virginia.edu,30(610)686-5797
Huberto,Proske,Dagupan,17-11-1968,Philippines,hproskeir@amazon.de,63(164)867-5551
Olimpia,Caldaro,Jinzao,30-12-1990,China,ocaldarois@simplemachines.org,86(996)531-0344
Marlo,Alldridge,Kyzyl,09-12-1978,Russia,malldridgeit@marriott.com,7(201)955-3896
Arabelle,Sivorn,Houten,16-01-1962,Netherlands,asivorniu@rakuten.co.jp,31(292)576-0597
Ronalda,Minchell,Strasbourg,12-07-1994,France,rminchelliv@chicagotribune.com,33(486)695-3583
Carie,Dowsey,Aguazul,20-11-1966,Colombia,cdowseyiw@a8.net,57(782)844-2422
Binnie,Stanlake,Viļāni,09-08-1967,Latvia,bstanlakeix@addtoany.com,371(531)440-2514
Xenia,Shovlar,Flandes,10-01-1982,Colombia,xshovlariy@businesswire.com,57(425)912-9158
Lurleen,Kearey,Wanagiri,15-02-1979,Indonesia,lkeareyiz@fema.gov,62(665)505-3190
Nero,Arsmith,Leśna Podlaska,09-04-1996,Poland,narsmithj0@sphinn.com,48(290)478-0993
Shurwood,Hillan,Laleng,23-07-1955,Indonesia,shillanj1@utexas.edu,62(592)545-8154
Mellisent,Peeke-Vout,Maradi,09-02-1989,Niger,,227(262)367-8855
Curcio,Hadingham,Boyle,14-05-1992,Ireland,chadinghamj3@wunderground.com,353(887)319-8090
Charla,Capstake,Igaraçu do Tietê,12-06-1978,Brazil,,55(624)185-2139
Forrest,Oglethorpe,Buyant,09-06-1958,Mongolia,foglethorpej5@t.co,976(902)822-3487
Des,Fasler,San Francisco de Macorís,27-08-1997,Dominican Republic,dfaslerj6@shinystat.com,1(973)951-9944
Haleigh,Naisey,Brzeg Dolny,23-07-1974,Poland,hnaiseyj7@arizona.edu,48(543)559-6381
Averill,Forestel,Patos Fshat,03-04-1989,Albania,aforestelj8@symantec.com,355(687)103-9908
Axe,Morcom,Kotuń,14-04-1957,Poland,amorcomj9@tiny.cc,48(310)954-0446
Maurene,Joe,El Progreso,14-09-1980,Honduras,mjoeja@geocities.jp,504(534)236-6765
Bertram,Francescozzi,Borucin,02-08-1974,Poland,,48(543)853-7591
Bernardo,Lanfare,Mabunga,15-04-1975,Philippines,blanfarejc@illinois.edu,63(732)800-2315
Gerardo,Winson,Umeå,14-02-1958,Sweden,,46(640)417-0664
Jehu,Liepins,Dahu,05-03-1979,China,jliepinsje@opensource.org,86(915)567-7908
Darcee,Mohamed,Gande,06-10-1968,China,dmohamedjf@miibeian.gov.cn,86(509)956-3278
Martin,Wickes,Prior Velho,25-04-1994,Portugal,mwickesjg@sun.com,351(498)472-2928
Piotr,Parslow,Tokār,29-07-1961,Sudan,pparslowjh@abc.net.au,249(780)213-2900
Amalea,Wigfield,Potelych,10-04-1950,Ukraine,awigfieldji@cargocollective.com,380(324)342-8258
Editha,Bygrave,Sunampe,02-02-1993,Peru,ebygravejj@prnewswire.com,51(767)937-2713
Kylie,Lindgren,,,,,
Rana,Speariett,Maardu,21-03-1992,Estonia,rspeariettjl@cbc.ca,372(956)127-7092
Sybille,Scapelhorn,Johnson City,05-02-1969,United States,sscapelhornjm@engadget.com,1(423)389-3150
Malchy,Sendall,,,,msendalljn@nytimes.com,
Cyril,Wiffill,Zheleznogorsk,14-09-1962,Russia,cwiffilljo@gmpg.org,7(810)921-3304
Nedda,Brolan,Esquipulas Palo Gordo,22-04-1960,Guatemala,nbrolanjp@comsenz.com,502(988)825-0076
Miquela,Ludee,,,,mludeejq@yahoo.co.jp,
Andy,Dutt,Bijie,23-09-1969,China,aduttjr@time.com,86(123)591-5690
Verna,Huertas,Krasnoshchekovo,14-12-1955,Russia,vhuertasjs@4shared.com,7(185)682-4288
Robinett,Ruggier,Budënnovsk,30-11-1956,Russia,rruggierjt@mapy.cz,7(523)358-7672
Zitella,McRitchie,Qandala,01-08-1963,Somalia,zmcritchieju@fema.gov,252(461)936-4948
Clementia,Hintze,Cabugao,16-06-1959,Philippines,,63(701)609-8288
Fania,Papaminas,Yanguan,13-11-1964,China,fpapaminasjw@friendfeed.com,86(574)268-8598
Raoul,Alans,Mafra,20-07-1998,Portugal,,351(129)195-7741
Manda,Korn,Wenceslau Braz,28-11-1961,Brazil,mkornjy@utexas.edu,55(494)636-4473
Georges,Antczak,San Pedro de Atacama,11-01-1955,Chile,gantczakjz@amazon.de,56(544)734-8417
Cross,Dootson,Inowrocław,20-04-1983,Poland,cdootsonk0@twitter.com,48(776)473-9895
Jervis,Dearnaley,,,,jdearnaleyk1@hud.gov,
Ag,Cullivan,Vaulx-en-Velin,29-05-1954,France,acullivank2@ucla.edu,33(277)475-9922
Derrick,Cane,Ganxi,15-04-1963,China,dcanek3@sciencedirect.com,86(766)241-7910
Dori,Passman,Igbor,08-03-1980,Nigeria,dpassmank4@studiopress.com,234(311)259-1532
Dido,Gunthorpe,Sanhe,18-09-1972,China,dgunthorpek5@ameblo.jp,86(991)458-2207
Faythe,Hull,Noeltoko,28-03-1955,Indonesia,,62(910)923-7291
Wendall,Venediktov,Ipiaú,08-04-1959,Brazil,wvenediktovk7@about.com,55(614)652-1026
Alfons,Blackburne,Kuntong,15-03-1970,China,ablackburnek8@goo.ne.jp,86(602)278-2004
Juliette,Hallett,,,,jhallettk9@fda.gov,
Nancy,Louth,Kainantu,21-09-1980,Papua New Guinea,nlouthka@archive.org,675(637)763-5735
Sibyl,Butchart,Bondokodi,03-05-1995,Indonesia,sbutchartkb@github.com,62(288)725-3431
Yank,Coat,Williston,29-01-1991,South Africa,ycoatkc@un.org,27(119)394-2591
Carmita,Ironmonger,La Laja,26-02-1997,Chile,,56(515)365-1410
Tybalt,Clarke-Williams,Turan,03-11-1976,Russia,tclarkewilliamske@hostgator.com,7(904)957-3667
Regan,Castellet,Goranboy,26-07-1995,Azerbaijan,rcastelletkf@exblog.jp,994(243)899-0445
Bearnard,Ricciardiello,Bastos,09-05-1974,Brazil,bricciardiellokg@live.com,55(509)879-9230
Gail,Candish,Lesichevo,13-08-1972,Bulgaria,gcandishkh@cbc.ca,359(919)973-6195
Thain,Durbann,Batou,30-04-1984,China,tdurbannki@hatena.ne.jp,86(421)984-5375
Nikolai,Pantridge,Macapá,23-07-1971,Brazil,npantridgekj@feedburner.com,55(625)882-2081
Harli,Seary,Baraçais,18-05-1994,Portugal,hsearykk@businessinsider.com,351(387)857-8586
Kessiah,Naylor,,,,,
Kacy,Gemmill,Carayaó,24-04-1969,Paraguay,kgemmillkm@sfgate.com,595(183)136-6192
Nilson,Bulgen,Jiaozuo,28-10-1974,China,nbulgenkn@feedburner.com,86(803)779-8283
Chloris,Eunson,Yermish’,22-01-1992,Russia,ceunsonko@latimes.com,7(107)914-7139
Reina,O'Tierney,Tancheng,16-06-1954,China,rotierneykp@about.com,86(555)926-9178
Parrnell,Colliford,Cemplang,09-08-1957,Indonesia,pcollifordkq@imdb.com,62(320)598-6687
Berti,Fellgett,Almere Stad,20-09-1972,Netherlands,bfellgettkr@apache.org,31(744)667-6502
Valera,Scarlan,Delft,24-11-1985,Netherlands,vscarlanks@odnoklassniki.ru,31(497)612-0244
Anjela,Philipps,Koszyce Wielkie,09-12-1956,Poland,aphilippskt@gravatar.com,48(897)215-2304
Miltie,McCosker,Klana,20-02-1998,Croatia,mmccoskerku@dedecms.com,385(828)251-4190
Nadiya,Bowskill,,,,,
Nathanial,Kestle,Zyuzino,18-04-1982,Russia,nkestlekw@barnesandnoble.com,7(859)867-0887
Analiese,Plampin,Pigí,23-05-1985,Greece,aplampinkx@nbcnews.com,30(493)960-0419
Cassandre,Antonomoli,Muroto-misakicho,12-07-1991,Japan,cantonomoliky@theglobeandmail.com,81(464)861-1703
Gerta,Fumagall,Frederiksberg,23-03-1995,Denmark,gfumagallkz@thetimes.co.uk,45(213)824-7238
Guinna,Truswell,Duli,12-04-1991,China,gtruswelll0@ed.gov,86(820)556-4362
Monika,Palfreman,Vila de Rei,31-05-1993,Portugal,mpalfremanl1@psu.edu,351(415)267-6797
Gil,Zarfati,Pansoy,17-12-1966,Philippines,gzarfatil2@washingtonpost.com,63(162)530-4888
Cleo,Davidou,Yuanda,13-02-1981,China,,86(827)726-9211
Jori,Snazle,Tietê,31-07-1956,Brazil,jsnazlel4@smh.com.au,55(893)721-1718
Goddard,Andrag,Ippy,30-07-1950,Central African Republic,,236(883)560-7901
Jenelle,Tams,Oropesa,01-01-1955,Peru,jtamsl6@mlb.com,51(753)892-4344
Jandy,Lanyon,Strachówka,10-10-1951,Poland,jlanyonl7@boston.com,48(233)510-0882
Rory,Muddle,Bamban,18-03-1953,Philippines,rmuddlel8@thetimes.co.uk,63(520)897-6290
Tedd,Gaydon,Vilca,15-06-1961,Peru,tgaydonl9@cdc.gov,51(987)891-4296
Bessy,Schneider,Potulando,12-02-1958,Indonesia,bschneiderla@friendfeed.com,62(513)800-0511
Anton,Matous,Biliri,22-09-1993,Nigeria,amatouslb@guardian.co.uk,234(819)521-9719
Ambrosi,O'Dea,Phan Thong,22-05-1977,Thailand,aodealc@bluehost.com,66(654)134-6730
Lexis,Annis,Joypur Hāt,23-09-1956,Bangladesh,lannisld@themeforest.net,880(248)761-5993
Debbie,Pleven,Dukuhturi,07-04-1980,Indonesia,dplevenle@slideshare.net,62(103)157-1102
Hendrika,Blaszczak,Taltal,04-07-1950,Chile,hblaszczaklf@nbcnews.com,56(299)911-4720
Abramo,Russon,Vetlanda,08-03-1974,Sweden,arussonlg@exblog.jp,46(699)696-5083
Dorisa,Godby,San Miguel,30-08-1986,Philippines,dgodbylh@hibu.com,63(413)289-4882
Inge,Thwaite,Amānzī,23-08-1972,Afghanistan,,93(733)416-5388
Katie,Tacker,Tønsberg,16-12-1960,Norway,,47(498)970-2158
Mathew,Whitebread,Belén,28-07-1985,Nicaragua,mwhitebreadlk@shutterfly.com,505(368)237-7119
Godfry,Dessant,Dimovo,28-02-1975,Bulgaria,gdessantll@latimes.com,359(943)361-7768
Dalis,Galgey,Igede-Ekiti,05-12-1970,Nigeria,dgalgeylm@opera.com,234(858)921-3903
Ginelle,Stutely,Chongru,19-10-1956,China,gstutelyln@sun.com,86(774)787-3526
Dominick,Phillpotts,Ban Thaen,07-12-1950,Thailand,dphillpottslo@ted.com,66(860)395-1396
Sarette,Remington,Karmai,02-01-1982,China,sremingtonlp@accuweather.com,86(921)700-1042
Susi,Sprague,Yedun,11-10-1983,China,sspraguelq@slideshare.net,86(372)256-9979
Darius,Blackster,Sabaneta,20-06-1966,Colombia,dblacksterlr@businessweek.com,57(656)136-2072
Kellia,Brimfield,Jinhua,21-09-1967,China,kbrimfieldls@a8.net,86(454)438-0875
Florida,Reeds,Metsemotlhaba,27-05-1991,Botswana,freedslt@is.gd,267(684)220-9036
Bonnibelle,Suche,Tumen,19-06-1953,China,,86(398)614-3096
Philippine,Larcher,Novhorodka,11-03-1955,Ukraine,plarcherlv@hubpages.com,380(299)313-7379
Amory,Santore,Waiklibang,04-05-1953,Indonesia,,62(582)427-0204
Lamont,Danev,Shuangzhu,19-06-1973,China,ldanevlx@huffingtonpost.com,86(412)473-3974
Lev,Cornew,Rokycany,11-04-1997,Czech Republic,lcornewly@elegantthemes.com,420(726)807-0517
Petunia,Muzzillo,,,,,
Garwood,Blayney,Liuzu,07-12-1953,China,gblayneym0@desdev.cn,86(560)269-1024
Iver,Mapston,Kayl,27-08-1990,Luxembourg,imapstonm1@arstechnica.com,352(878)828-4121
Ellie,Fomichyov,Niort,20-07-1977,France,efomichyovm2@domainmarket.com,33(596)831-8674
Emmye,Reuven,Jingxi,10-07-1968,China,ereuvenm3@qq.com,86(881)191-4434
Kennan,Neiland,Sukoreno,27-12-1952,Indonesia,kneilandm4@ask.com,62(885)249-8928
Agosto,Fulger,Maae,14-01-1996,Indonesia,afulgerm5@linkedin.com,62(907)529-3489
Christan,Rubroe,Zarechnyy,07-11-1987,Russia,crubroem6@abc.net.au,7(350)357-1361
Charo,Van der Daal,Vista Hermosa,04-06-1995,Panama,cvanderdaalm7@examiner.com,507(401)665-7226
Jordan,Hammett,Petrovskoye,24-12-1974,Russia,jhammettm8@answers.com,7(448)290-0827
Lavinia,Bourcq,Magutian,02-04-1970,China,lbourcqm9@vinaora.com,86(757)262-2505
Rora,Silson,Mocoa,09-06-1969,Colombia,rsilsonma@utexas.edu,57(495)836-2403
Alfreda,Worton,Zumiao,16-07-1952,China,awortonmb@oaic.gov.au,86(543)325-7843
Ab,O'Flynn,Yujiao,21-10-1975,China,,86(832)204-9618
Kiley,Sproat,Parakanhonje Wetan,17-01-1968,Indonesia,ksproatmd@deviantart.com,62(884)339-7776
Rutter,Symcoxe,Franca,14-07-1992,Brazil,rsymcoxeme@ycombinator.com,55(614)349-7611
Phoebe,Wasmer,Sindangkopo,16-08-1999,Indonesia,pwasmermf@umich.edu,62(252)976-0649
Tomasine,Muddicliffe,Xirikxiy,27-04-1989,China,tmuddicliffemg@last.fm,86(924)751-1580
Elbertine,Loxly,Sakerta Timur,20-06-1964,Indonesia,eloxlymh@printfriendly.com,62(587)840-4081
Lela,Hamstead,Johor Bahru,05-06-1967,Malaysia,lhamsteadmi@alibaba.com,60(477)382-9358
Kay,Flockhart,Novoanninskiy,23-11-1958,Russia,kflockhartmj@europa.eu,7(382)553-0772
Rollins,Bysaker,Cacheu,25-09-1957,Guinea-Bissau,rbysakermk@exblog.jp,245(572)610-1586
Orion,Dowdam,,,,odowdamml@house.gov,
Emmeline,Fremantle,Shangyang,15-12-1960,China,efremantlemm@hexun.com,86(176)371-7195
Rene,McAnulty,,,,rmcanultymn@wikipedia.org,
Grover,Gotch,,,,ggotchmo@scientificamerican.com,
Marcile,Jesper,Sidomulyo Kulon,09-05-1964,Indonesia,mjespermp@who.int,62(383)356-1690
Ardella,Harmon,Adelaide Mail Centre,07-12-1959,Australia,aharmonmq@sina.com.cn,61(576)553-1176
Giacinta,Danielsohn,El Almendro,31-07-1989,Nicaragua,gdanielsohnmr@privacy.gov.au,505(258)727-6315
Sheree,Cabral,Suya,25-02-1977,Nigeria,scabralms@who.int,234(751)419-3682
Alleyn,Stonhouse,Yintang,01-12-1970,China,astonhousemt@odnoklassniki.ru,86(872)924-0429
Merna,Emmott,Xishan,22-04-1956,China,memmottmu@vinaora.com,86(853)776-0694
Evelyn,Thurbon,Borovskiy,22-10-1981,Russia,ethurbonmv@lycos.com,7(311)106-1747
Deirdre,Alesi,Magdalena,14-01-1994,Philippines,dalesimw@senate.gov,63(741)626-5936
Thane,Element,Praia da Vagueira,17-09-1969,Portugal,,351(292)333-8193
Crista,Whiteway,Yanhe,05-02-1980,China,,86(884)114-4507
Audie,Murkin,Şafāshahr,06-01-1996,Iran,amurkinmz@amazon.co.jp,98(922)650-9904
Augustus,Gouch,Mirabel,19-12-1989,Canada,agouchn0@craigslist.org,1(775)435-0745
Pete,Stilly,Mancilang,24-04-1978,Philippines,pstillyn1@chronoengine.com,63(105)804-4834
Wylie,Ramirez,Dao,09-09-1995,Philippines,wramirezn2@engadget.com,63(751)688-1027
Mycah,Peet,Lombog,13-12-1990,Philippines,mpeetn3@slideshare.net,63(209)569-6051
Tansy,Petett,Uruguaiana,31-12-1990,Brazil,tpetettn4@upenn.edu,55(988)201-3596
Kingsley,Markwick,Jand,21-03-1973,Pakistan,kmarkwickn5@ucla.edu,92(940)489-0567
Quinn,Musico,Tilburg,23-02-1983,Netherlands,,31(985)493-6918
Lynelle,Stevens,Buchou,23-10-1968,China,,86(986)635-9626
Zuzana,Bosomworth,Qaţanah,02-03-1972,Palestinian Territory,zbosomworthn8@ted.com,970(291)384-8985
Doralia,Cromwell,Xieqiao,28-02-1999,China,dcromwelln9@toplist.cz,86(173)210-7355
Zuzana,Pinnick,Datian,24-04-1958,China,zpinnickna@earthlink.net,86(947)155-1276
Wallie,Laity,Dardhas,17-07-1960,Albania,wlaitynb@123-reg.co.uk,355(409)783-7255
Thomasa,Simco,Punta Gorda,03-03-1986,United States,tsimconc@who.int,1(941)255-8256
Florence,Hayto,Paris 07,01-02-1992,France,fhaytond@reddit.com,33(599)405-7444
Shelba,Beney,Florianópolis,24-03-1953,Brazil,sbeneyne@domainmarket.com,55(264)144-9639
Becca,Fernanando,Nanterre,15-01-1993,France,bfernanandonf@joomla.org,33(798)693-5210
Conan,Tournay,Bouaflé,01-06-1955,Ivory Coast,ctournayng@wired.com,225(648)421-0436
Albert,Ternott,Padre Burgos,16-11-1964,Philippines,aternottnh@independent.co.uk,63(120)940-8243
Morgen,Dahlen,Bogdanovich,19-01-1966,Russia,mdahlenni@gnu.org,7(969)385-2617
Shandeigh,Ferrey,Hrádek,06-08-1966,Czech Republic,sferreynj@psu.edu,420(394)377-3559
Elisa,Espinay,Barreirinhas,04-04-1973,Brazil,,55(999)659-5454
Cori,Albin,Bayt ‘Īnūn,29-01-1953,Palestinian Territory,,970(252)248-7467
Karrah,Seefeldt,Barreiras,28-05-1973,Portugal,kseefeldtnm@netvibes.com,351(452)749-7439
Yolande,Gherardi,Tongyang,06-06-1975,China,ygherardinn@cam.ac.uk,86(401)272-8132
Costa,Aldiss,Ngampon,23-05-1955,Indonesia,,62(776)175-3715
Alana,Poppleston,Pervomayskoye,24-11-1959,Russia,apopplestonnp@bloomberg.com,7(479)756-6071
Guglielma,Phillips,Raoyang,29-03-1964,China,gphillipsnq@creativecommons.org,86(103)942-9522
Denis,Napleton,,,,dnapletonnr@walmart.com,
Milena,Poundsford,El Parco District,27-12-1981,Peru,mpoundsfordns@indiatimes.com,51(642)727-6904
Rodrick,Kyteley,,,,rkyteleynt@google.ca,
Scarlet,Kleisle,Lagawe,18-01-1972,Philippines,skleislenu@nydailynews.com,63(972)757-3995
Ellwood,Phripp,Xieyang,07-06-1956,China,ephrippnv@telegraph.co.uk,86(816)885-9651
Babs,Merioth,Alès,06-03-1965,France,,33(208)239-4275
Kellen,Dreinan,Hornówek,14-05-1995,Poland,kdreinannx@google.com.au,48(191)482-8659
Nikki,Arch,Sierakowice,17-07-1953,Poland,narchny@tamu.edu,48(145)444-3402
Ailyn,Willbond,Simbal,14-03-1994,Peru,awillbondnz@linkedin.com,51(765)386-9287
Bridgette,Meakes,Masohi,05-07-1952,Indonesia,bmeakeso0@hexun.com,62(314)858-5487
Adela,Gallehawk,Norfolk,14-09-1974,United States,agallehawko1@seattletimes.com,1(757)159-6090
Domenic,Chaff,Rönninge,17-06-1965,Sweden,dchaffo2@walmart.com,46(413)643-6130
Erastus,Gallacher,Maundai,15-02-1983,Indonesia,,62(516)639-2187
Rufe,Eastby,Motomiya,02-11-1969,Japan,reastbyo4@moonfruit.com,81(873)857-6194
Melba,Tunaclift,Mamboma,29-03-1971,Sierra Leone,,232(465)947-7461
Sanson,Kuhnke,Žlutava,29-11-1973,Czech Republic,skuhnkeo6@lulu.com,420(657)411-4003
Babita,Algy,Tournan-en-Brie,28-01-1971,France,balgyo7@1688.com,33(110)533-3098
Tybie,Oakenfall,Al Ḩashwah,18-12-1981,Yemen,toakenfallo8@epa.gov,967(350)845-8947
Hermine,Tander,Pangawaren,07-12-1979,Indonesia,htandero9@free.fr,62(298)275-4307
Joyan,Petric,Nggambel,02-02-1983,Indonesia,,62(601)181-1253
Carita,Minihane,Chhātak,02-01-1962,Bangladesh,cminihaneob@wix.com,880(328)172-8243
Parrnell,Colpus,Campos,30-01-1980,Portugal,,351(244)502-4683
Victor,Pickthorn,Xinmin,26-07-1951,China,vpickthornod@tinyurl.com,86(527)356-4126
Ivar,Pettengell,Siguinon,07-04-1962,Philippines,ipettengelloe@github.com,63(335)242-7561
Rebe,Yanele,Quán Hàu,16-03-1977,Vietnam,ryaneleof@ted.com,84(122)231-5613
Corissa,Twentyman,Niepos,07-01-1976,Peru,ctwentymanog@seesaa.net,51(802)685-9493
Dulsea,Burling,Takehara,26-06-1950,Japan,dburlingoh@dailymail.co.uk,81(129)514-7819
Care,Pinder,Panganiban,21-10-1983,Philippines,cpinderoi@imgur.com,63(454)397-3664
Marge,Camerello,Osilnica,19-07-1985,Slovenia,mcamerellooj@vk.com,386(216)268-3737
Dot,Hamshaw,Taipinghu,17-05-1985,China,dhamshawok@wiley.com,86(979)901-6383
Kimble,Groneway,Midland,24-01-1995,Canada,,1(648)340-4577
Sarette,Stace,,,,sstaceom@reddit.com,
Drud,Hardison,Aija,17-09-1954,Peru,,51(997)244-2078
Alon,Bembrick,Mojokerto,31-01-1950,Indonesia,abembrickoo@wunderground.com,62(359)806-1652
Byrle,Chicco,Ishëm,19-09-1955,Albania,bchiccoop@facebook.com,355(428)151-8931
Norrie,Villaret,,,,nvillaretoq@utexas.edu,
Iggy,Babin,Malamig,24-04-1970,Philippines,ibabinor@nasa.gov,63(309)883-7454
Kristofer,Strapp,Baisha,13-05-1993,China,kstrappos@howstuffworks.com,86(191)328-5229
Shelton,Gerrit,Kozova,09-06-1977,Ukraine,sgerritot@github.com,380(447)693-6403
Christian,Guilloux,Aguilares,28-01-1963,Argentina,,54(250)612-4655
Esme,Wingrove,Konotop,24-09-1982,Ukraine,ewingroveov@statcounter.com,380(454)412-6869
Leanna,Websdale,Alpiarça,10-06-1968,Portugal,lwebsdaleow@engadget.com,351(296)569-2881
Pebrook,Meaking,Armenia,17-09-1987,Philippines,,63(831)562-2748
Laverne,Coppock.,Liurenba,27-03-1955,China,lcoppockoy@nytimes.com,86(685)813-2428
Dredi,Amsberger,Cicurug,28-05-1972,Indonesia,,62(496)998-2847
Maje,Flicker,Maputi,17-10-1977,Philippines,mflickerp0@tinypic.com,63(541)718-3202
Bernardina,Esser,Duas Igrejas,30-11-1958,Portugal,besserp1@sakura.ne.jp,351(782)632-8323
Carree,Knappen,Quimper,07-05-1953,France,cknappenp2@twitter.com,33(940)448-7312
Kristos,O'Crevan,Xinxing,22-08-1967,China,kocrevanp3@sourceforge.net,86(551)336-1957
Godiva,Matteacci,San Antonio Ilotenango,31-03-1968,Guatemala,gmatteaccip4@hc360.com,502(325)465-4023
Adina,Kesley,Guantánamo,18-11-1990,Cuba,akesleyp5@mozilla.org,53(523)581-3130
Octavia,Mogridge,Devitsa,21-09-1965,Russia,omogridgep6@vimeo.com,7(471)233-0598
Worden,Simonnet,Gemena,17-10-1962,Democratic Republic of the Congo,wsimonnetp7@naver.com,242(117)539-0416
Concordia,McWhorter,Seixo de Manhoses,09-12-1967,Portugal,cmcwhorterp8@gravatar.com,351(136)650-9558
Kassi,Jankowski,Lhoknga,05-05-1952,Indonesia,,62(115)148-8302
Gilemette,Lugg,Kuniran,30-06-1968,Indonesia,,62(299)173-5960
Nomi,Sills,Mizhirah,30-08-1970,Saudi Arabia,nsillspb@smugmug.com,966(323)717-2454
Danna,Ventum,Altona,19-11-1968,Canada,,1(357)245-9345
Flo,Reyne,Kamnica,30-08-1965,Slovenia,freynepd@xrea.com,386(344)598-1916
Ignacio,Gareisr,Kalidung,23-05-1992,Indonesia,igareisrpe@google.pl,62(878)714-0543
Norris,Isitt,Altan-Ovoo,10-04-1953,Mongolia,nisittpf@timesonline.co.uk,976(799)443-0763
Augie,Ingerith,Campok,22-07-1951,Indonesia,aingerithpg@oakley.com,62(738)737-5810
Deerdre,Kinnaird,Íos,16-09-1961,Greece,,30(249)313-9643
Cleo,Slainey,Petro-Slavyanka,14-03-1994,Russia,cslaineypi@istockphoto.com,7(932)517-6440
Erin,Stoltz,Tuusula,25-09-1953,Finland,estoltzpj@exblog.jp,358(469)944-1403
Randi,MacCaffery,Zapatero,05-07-1992,Peru,rmaccafferypk@printfriendly.com,51(353)943-6624
Haily,Stoodley,Tolú,07-03-1963,Colombia,hstoodleypl@instagram.com,57(564)103-0062
Finley,Churcher,Jingcheng,16-10-1999,China,fchurcherpm@irs.gov,86(625)422-1832
Puff,Truin,Hidalgo,12-04-1977,Mexico,ptruinpn@hibu.com,52(894)848-7273
Sheba,Claricoates,Dong’an,20-08-1972,China,sclaricoatespo@globo.com,86(337)741-2515
Britteny,Truder,Pingxiang,13-01-1982,China,btruderpp@oaic.gov.au,86(924)417-7958
Auguste,Desporte,Sumqayıt,27-09-1966,Azerbaijan,adesportepq@si.edu,994(971)845-8245
Augustin,Perris,Oncativo,26-01-1966,Argentina,aperrispr@uol.com.br,54(494)742-8380
Augustine,Dibley,,,,,
Sidonia,Dundendale,Lidingö,30-11-1951,Sweden,sdundendalept@macromedia.com,46(377)327-8756
Linoel,Toovey,Porteirinha,26-05-1950,Brazil,ltooveypu@digg.com,55(872)432-7310
Zelda,Tomney,Hà Tĩnh,18-05-1982,Vietnam,ztomneypv@edublogs.org,84(153)323-1814
Luca,Issard,Santo Anastácio,21-04-1951,Brazil,,55(181)778-6556
Brett,Brotherwood,Kalipucang,15-10-1954,Indonesia,,62(415)913-6439
Randall,Ferrillo,Carrasqueira,09-06-1974,Portugal,,351(656)723-1364
Jasmina,Rawson,Leifeng,05-11-1990,China,jrawsonpz@engadget.com,86(577)100-5475
Otho,Lorraway,Moluo,25-08-1994,China,olorrawayq0@usgs.gov,86(513)936-0276
Consuela,Heazel,Trhové Sviny,07-05-1995,Czech Republic,cheazelq1@diigo.com,420(342)903-9633
Kit,Broadhurst,Kyaka,15-01-1988,Tanzania,,255(394)607-6162
Stillmann,Hamsley,Trångsund,28-06-1997,Sweden,,46(513)547-0419
Barnaby,Priditt,Yuexi,19-08-1976,China,,86(718)613-6563
Christiana,Wigglesworth,Olleros,17-11-1997,Peru,,51(714)565-6712
Claribel,Whatling,Qarah Bāgh,07-01-1959,Afghanistan,cwhatlingq6@ibm.com,93(182)510-6283
Laurence,Apthorpe,Mosrentgen,16-07-1973,Russia,lapthorpeq7@goo.ne.jp,7(779)674-1564
Mora,Dewar,Świebodzice,26-01-1961,Poland,mdewarq8@eventbrite.com,48(734)488-6925
Andriana,Alps,Matagbak,30-06-1971,Philippines,aalpsq9@yahoo.co.jp,63(458)423-6399
Garrik,Kocher,Linköping,02-11-1971,Sweden,gkocherqa@flickr.com,46(662)730-7245
Joana,Bridgnell,Halden,23-01-1958,Norway,jbridgnellqb@360.cn,47(598)350-2835
Dorris,Foyston,Kebonsari Kidul,20-04-1979,Indonesia,,62(605)853-4680
Annis,Feldbrin,Ciganaria,17-10-1964,Indonesia,afeldbrinqd@census.gov,62(286)590-6783
Alexei,Rymer,Sijing,11-07-1990,China,,86(440)592-4349
Son,Gurden,Xin’andu,21-08-1978,China,sgurdenqf@surveymonkey.com,86(884)482-7121
Antonin,Farrer,Nowshahr,05-04-1986,Iran,afarrerqg@goo.ne.jp,98(180)732-3383
Sonny,Bagenal,Shinshiro,04-03-1955,Japan,sbagenalqh@amazon.de,81(428)899-7147
Camilla,McNamee,Chinoz,18-04-1990,Uzbekistan,cmcnameeqi@ow.ly,998(658)566-3288
Bree,Flukes,Hobaramachi,04-12-1955,Japan,bflukesqj@reddit.com,81(143)818-0237
Ingemar,Gockeler,,,,igockelerqk@instagram.com,
Kittie,Francescuccio,San Carlos,22-06-1997,Colombia,kfrancescuccioql@archive.org,57(904)957-1363
Kimball,Bellie,Xiaodukou,03-12-1971,China,,86(502)626-1654
Birk,Larwell,Wādī as Sīr,24-01-1986,Jordan,blarwellqn@friendfeed.com,962(907)219-3121
Wallas,McDonald,Paris 13,09-01-1971,France,wmcdonaldqo@behance.net,33(200)290-4422
Noemi,Hanley,Dahe,27-01-1968,China,nhanleyqp@myspace.com,86(816)691-2900
Charmane,Giberd,Porirua,08-09-1984,New Zealand,cgiberdqq@google.it,64(440)632-4589
Mano,Tidswell,Sidi Yahya Ou Saad,18-10-1985,Morocco,mtidswellqr@jalbum.net,212(278)229-0383
Rebekah,Titmus,Madīnat ash Shamāl,29-02-1968,Qatar,rtitmusqs@google.ru,974(176)587-8977
Trever,Leblanc,Liliana,08-07-1955,Indonesia,,62(459)624-5466
Hildagarde,Romans,,,,hromansqu@wunderground.com,
Jameson,Ladlow,Karatau,25-06-1983,Kazakhstan,jladlowqv@people.com.cn,7(235)227-1118
Claudine,Hewins,Tangyu,22-10-1989,China,chewinsqw@de.vu,86(103)567-4696
Deeann,Secrett,Daping,26-02-1979,China,dsecrettqx@pcworld.com,86(315)727-3384
Neille,Weldrick,Staré Hradiště,20-09-1958,Czech Republic,nweldrickqy@yandex.ru,420(997)563-2183
Inglis,Girk,Fontvieille,23-12-1981,Monaco,igirkqz@php.net,377(814)300-3159
Walden,Tillerton,Domampot,09-09-1970,Philippines,wtillertonr0@a8.net,63(912)464-0977
Adeline,Penvarne,Baluk,27-09-1991,Indonesia,apenvarner1@ameblo.jp,62(331)665-7128
Koenraad,Simka,Tuplice,02-07-1992,Poland,ksimkar2@yahoo.co.jp,48(770)597-3478
Carmella,Leggott,Loboniki,13-11-1955,Indonesia,cleggottr3@usatoday.com,62(387)671-8840
Maris,Lidgey,Victoria,05-01-1994,Malta,mlidgeyr4@wordpress.com,356(334)623-6938
Anitra,Loveland,Abéché,11-02-1991,Chad,alovelandr5@upenn.edu,235(577)384-2120
Harrison,Crusham,Chwaszczyno,21-08-1966,Poland,hcrushamr6@intel.com,48(661)384-2254
Sigfried,Lavrinov,Ferraz de Vasconcelos,26-11-1976,Brazil,,55(489)458-8309
Kincaid,Catteroll,Postmasburg,21-09-1957,South Africa,kcatterollr8@accuweather.com,27(208)449-6721
Christina,Peggrem,Irtyshskiy,31-01-1983,Russia,cpeggremr9@auda.org.au,7(725)436-9438
Roseanne,Fierman,Qingu,07-07-1978,China,rfiermanra@bing.com,86(144)479-3778
Rosanne,Cridlon,Shangqing,02-12-1979,China,rcridlonrb@elegantthemes.com,86(390)968-7985
Umberto,Simonutti,Kiupo,06-12-1972,Philippines,usimonuttirc@ucoz.ru,63(139)820-8207
Ofilia,Pritchard,Ekenäs,14-06-1960,Finland,opritchardrd@statcounter.com,358(882)129-5447
Bordie,Slimmon,San Felipe,07-05-1956,Guatemala,bslimmonre@nbcnews.com,502(347)882-3253
Kinsley,Daffey,Tagawa,22-04-1986,Japan,kdaffeyrf@auda.org.au,81(955)580-6519
Giuditta,Bolzmann,Blagoevgrad,29-09-1976,Bulgaria,gbolzmannrg@who.int,359(999)245-7041
Andre,Causbey,Klimovsk,08-06-1993,Russia,acausbeyrh@mayoclinic.com,7(632)892-4667
Trixie,Befroy,Dunleer,10-12-1967,Ireland,tbefroyri@photobucket.com,353(199)211-4567
Valentine,Hammer,Huanghuatan,19-10-1950,China,vhammerrj@shinystat.com,86(546)553-7223
Isaiah,Strangman,Huagu,04-08-1986,China,istrangmanrk@boston.com,86(924)206-2028
Ancell,Pedlow,Arosbaya,08-10-1980,Indonesia,apedlowrl@examiner.com,62(170)366-5878
Bank,Poyser,Independencia,15-09-1989,Mexico,bpoyserrm@seesaa.net,52(151)876-2508
Rene,Sharram,Phultala,26-12-1997,Bangladesh,rsharramrn@wired.com,880(783)163-9495
Pinchas,Staynes,Marly-le-Roi,10-11-1995,France,pstaynesro@cpanel.net,33(912)285-2636
Eduino,Longea,Sitiarjo,10-10-1952,Indonesia,elongearp@google.com.au,62(249)438-8193
Ewen,Corradeschi,,,,ecorradeschirq@com.com,
Kippy,Eleshenar,Shangbahe,29-07-1989,China,keleshenarrr@mac.com,86(396)748-0613
