first_name,last_name,birth_place,birth_date,country_living_in,email,phone
Belinda,Scimonelli,Nowa Sól,1964-10-19T17:04:15Z,Poland,bscimonelli0@aol.com,+48 (860) 575-9975
Danette,Deverson,,,,ddeverson1@cargocollective.com,
Keir,Celes,Fratar,1952-06-29T06:52:32Z,Albania,kceles2@tumblr.com,+355 (499) 762-5737
Hashim,Crut,Buyunshan,1950-06-04T00:05:08Z,China,hcrut3@amazon.co.uk,+86 (379) 411-6526
Allison,Duckinfield,Tivat,1981-09-26T00:05:39Z,Montenegro,,+382 (785) 917-2776
Clement,Leynton,Votorantim,1997-12-10T05:42:26Z,Brazil,,+55 (307) 157-8548
Roger,Durie,Rivas,1969-09-07T01:21:49Z,Nicaragua,rdurie6@ox.ac.uk,+505 (211) 311-6462
Sharon,Aldwich,Sabana de Parra,1997-06-19T09:26:29Z,Venezuela,saldwich7@cbc.ca,+58 (973) 597-7039
Foss,Tuxell,Newark,1958-09-10T20:14:32Z,United States,ftuxell8@hc360.com,+1 (302) 349-1033
Barrett,Hender,Hāgere Hiywet,1982-11-16T11:10:11Z,Ethiopia,bhender9@tumblr.com,+251 (417) 532-2541
Marchelle,Madsen,Ciherang,1971-08-18T02:38:17Z,Indonesia,mmadsena@apple.com,+62 (434) 684-3051
Dud,Pullan,Northern Suburbs Mc,1988-07-28T04:36:06Z,Australia,dpullanb@amazon.co.jp,+61 (476) 436-0314
Gayelord,Brookbank,Corona,1975-12-19T16:15:37Z,United States,,+1 (951) 685-8798
Deb,Woolmington,‘Anātā,1993-09-22T19:08:05Z,Palestinian Territory,dwoolmingtond@imdb.com,+970 (450) 976-2875
Mignonne,Orviss,Łużna,1988-05-01T14:33:42Z,Poland,morvisse@oracle.com,+48 (631) 770-6510
Garek,Shera,Rzepiennik Strzyżewski,1977-08-12T21:15:52Z,Poland,gsheraf@flavors.me,+48 (502) 621-4577
Marybeth,Blasoni,Solnechnyy,1979-06-19T22:21:49Z,Russia,mblasonig@tinyurl.com,+7 (547) 966-0928
Maurits,Blyde,Dunaújváros,1963-02-18T02:47:31Z,Hungary,,+36 (560) 386-1013
Fiona,Winson,Il’inskiy Pogost,1990-07-23T04:24:08Z,Russia,fwinsoni@scribd.com,+7 (219) 463-7864
Nilson,Showers,Broby,1985-11-11T16:08:36Z,Finland,nshowersj@mapy.cz,+358 (356) 649-1164
Padraic,Birkmyre,Dayan,1952-04-28T02:09:06Z,China,pbirkmyrek@oakley.com,+86 (690) 988-7561
Jordan,Tomasian,,,,jtomasianl@reference.com,
Salomi,Bodycombe,Morden,1974-01-25T07:17:25Z,Canada,,+1 (965) 673-3456
Park,Manwell,Casal do Sapo,1997-06-30T21:13:47Z,Portugal,,+351 (516) 466-5318
Marris,Cleverly,Saraza,1989-12-26T06:29:50Z,Philippines,mcleverlyo@t.co,+63 (161) 396-6502
Ema,Safhill,Ciparay,1983-03-11T00:51:32Z,Indonesia,esafhillp@rambler.ru,+62 (521) 440-9282
Dosi,Glyne,Dongling,1974-09-17T17:52:53Z,China,dglyneq@tuttocitta.it,+86 (179) 273-5802
Gerard,Hotchkin,Papër,1965-11-22T16:31:38Z,Albania,ghotchkinr@plala.or.jp,+355 (778) 669-5839
Laurice,Bunch,Qizhen,1976-04-11T19:17:12Z,China,lbunchs@auda.org.au,+86 (918) 986-0932
Korney,Romans,Quebradas,1955-11-29T18:37:53Z,Portugal,,+351 (494) 844-5577
Andras,Cleeve,Évreux,1965-10-28T10:53:22Z,France,acleeveu@blog.com,+33 (354) 889-1932
Cecilla,Dragoe,Laocheng,1977-11-01T23:02:52Z,China,cdragoev@webmd.com,+86 (635) 689-4802
Jamison,Morriss,Sijing,1997-11-18T22:42:29Z,China,jmorrissw@guardian.co.uk,+86 (285) 420-8115
Rufe,Murname,Hou’an,1963-04-14T12:51:58Z,China,rmurnamex@about.com,+86 (791) 123-4321
Susanetta,Lubeck,Kitakyūshū,1967-11-19T16:04:05Z,Japan,slubecky@usnews.com,+81 (443) 310-3813
Cecilla,McFarlan,Pohang,1953-01-09T19:16:12Z,South Korea,cmcfarlanz@disqus.com,+82 (808) 829-4173
Kermy,Rickardsson,Tarrafal,1973-05-20T20:45:00Z,Cape Verde,krickardsson10@ifeng.com,+238 (510) 526-9733
Dennison,Daniell,Sintra,1967-12-08T11:37:38Z,Portugal,ddaniell11@homestead.com,+351 (399) 659-8636
Selby,Halsall,La Paz Centro,1987-03-10T21:08:23Z,Nicaragua,shalsall12@dagondesign.com,+505 (547) 786-8515
Fabe,Muzzi,San Francisco,1952-10-01T09:02:33Z,Panama,fmuzzi13@surveymonkey.com,+507 (606) 764-3855
Emalia,Mennell,Lyon,1976-10-25T23:25:37Z,France,,+33 (173) 205-5298
Caritta,Littleover,Fermont,1995-10-17T16:30:45Z,Canada,clittleover15@ucoz.ru,+1 (668) 941-8447
Nikolia,Mogey,Emmen,1973-01-24T05:35:35Z,Netherlands,,+31 (143) 939-7218
Brandtr,Copas,Lillooet,1999-03-11T09:51:07Z,Canada,,+1 (833) 218-8666
Sofie,Whitlock,Kota Kinabalu,1969-11-29T19:25:42Z,Malaysia,swhitlock18@free.fr,+60 (236) 856-5682
Mercie,Gudahy,Matatiele,1958-10-12T19:58:57Z,South Africa,mgudahy19@people.com.cn,+27 (718) 885-9351
Amargo,McLaine,Muḩradah,1967-11-27T12:33:14Z,Syria,amclaine1a@fc2.com,+963 (604) 619-5841
Jeno,Beadham,Yuyang,1986-11-14T04:22:29Z,China,jbeadham1b@gizmodo.com,+86 (986) 321-3545
Diego,Gawkroge,Rettikhovka,1959-07-01T11:07:31Z,Russia,dgawkroge1c@webeden.co.uk,+7 (394) 486-6318
Malissa,Bernocchi,Gayabaru,1992-07-04T12:25:05Z,Indonesia,mbernocchi1d@mozilla.org,+62 (291) 969-7146
Cissy,Ruger,Guhua,1987-01-11T05:56:50Z,China,cruger1e@dedecms.com,+86 (258) 124-5439
Andonis,Mallall,Katyr-Yurt,1983-10-28T23:54:19Z,Russia,amallall1f@newsvine.com,+7 (206) 504-4701
Andrea,Killik,Nankengzi,1970-02-17T16:55:40Z,China,,+86 (838) 406-0207
Robinette,O'Crowley,Ñuñoa,1976-01-19T06:50:19Z,Peru,rocrowley1h@plala.or.jp,+51 (377) 879-1139
Inglebert,Bester,Yanmenkou,1954-12-01T23:42:49Z,China,ibester1i@histats.com,+86 (812) 568-9090
Allene,Celand,Jemielno,1968-03-27T07:24:01Z,Poland,aceland1j@eepurl.com,+48 (825) 731-3573
Isaiah,Asquez,Fundão,1979-02-22T04:32:25Z,Portugal,iasquez1k@elpais.com,+351 (230) 491-7472
Marge,Cuvley,Tanggung,1997-09-22T06:35:55Z,Indonesia,,+62 (748) 367-8094
Minny,Soaper,São Mateus do Sul,1986-02-13T20:01:38Z,Brazil,msoaper1m@jiathis.com,+55 (298) 788-8678
Bartlett,Huniwall,Guhua,1952-09-28T17:47:57Z,China,bhuniwall1n@ebay.com,+86 (411) 287-1193
Brnaba,Cathro,Bacun,1963-06-23T19:17:19Z,China,bcathro1o@g.co,+86 (425) 379-8514
Olly,Blannin,Yuen Long Kau Hui,1977-09-27T12:36:39Z,Hong Kong,oblannin1p@yahoo.com,+852 (756) 908-8252
Chrissy,Auston,Ban Phaeo,1961-04-20T12:57:02Z,Thailand,,+66 (521) 400-1039
Terra,Pember,Qiansuo,1995-04-18T21:09:14Z,China,tpember1r@boston.com,+86 (867) 763-1162
Niven,Ianno,,,,nianno1s@shinystat.com,
Duffy,Lytton,Jiangchuan,1954-07-29T16:21:56Z,China,dlytton1t@noaa.gov,+86 (842) 798-4761
Steve,Chetwin,Banag,1979-07-02T10:16:30Z,Philippines,schetwin1u@msn.com,+63 (635) 876-4863
Torin,Valek,Krasnodon,1987-10-31T21:55:55Z,Ukraine,tvalek1v@instagram.com,+380 (913) 322-8285
Stella,Choules,Huaping,1968-06-09T06:01:30Z,China,schoules1w@cisco.com,+86 (439) 761-0646
Anna,Heatley,Bangjun,1964-02-25T04:22:57Z,China,aheatley1x@un.org,+86 (112) 178-4694
Cozmo,Robel,Kalininskiy,1979-10-04T08:46:31Z,Russia,crobel1y@purevolume.com,+7 (303) 337-9581
Bartholemy,Yarmouth,Oliveira do Conde,1998-09-17T07:26:19Z,Portugal,byarmouth1z@imgur.com,+351 (884) 752-6860
Ibbie,Garth,Joubb Jannîne,1954-09-12T07:47:48Z,Lebanon,igarth20@irs.gov,+961 (734) 938-7791
Dorey,Piercey,,,,dpiercey21@oaic.gov.au,
Ilysa,Westmarland,Paciran,1970-07-23T22:08:15Z,Indonesia,iwestmarland22@kickstarter.com,+62 (975) 511-0177
Leicester,Liles,Sudimoro,1986-05-18T22:59:42Z,Indonesia,lliles23@springer.com,+62 (379) 287-3271
Monte,Panichelli,Caucagüito,1963-05-14T12:09:38Z,Venezuela,mpanichelli24@usatoday.com,+58 (840) 703-7974
Libbi,Stockoe,Beigao,1961-09-06T13:10:49Z,China,lstockoe25@dmoz.org,+86 (425) 884-0996
Claretta,Dumbare,,,,,
Abeu,Ricciardi,Kyzyl-Oktyabr’skiy,1967-05-02T10:21:45Z,Russia,aricciardi27@latimes.com,+7 (567) 301-6973
Hedwig,Schachter,Nova Friburgo,1972-12-19T19:26:14Z,Brazil,hschachter28@answers.com,+55 (338) 428-7496
Lyn,Voff,Totness,1972-11-24T10:02:55Z,Suriname,lvoff29@aol.com,+597 (707) 842-3283
Germana,Hallett,Sananduva,1985-11-23T22:47:52Z,Brazil,,+55 (439) 420-2943
Obidiah,Hodgen,Cikadongdong,1984-10-01T03:56:50Z,Indonesia,ohodgen2b@arstechnica.com,+62 (594) 353-9829
Joete,Bimson,Lengkongsari,1968-05-16T04:58:36Z,Indonesia,jbimson2c@census.gov,+62 (424) 856-0144
Packston,Tatershall,Gumdag,1978-01-09T02:59:01Z,Turkmenistan,ptatershall2d@fema.gov,+993 (906) 512-5261
Wendi,Odger,,,,wodger2e@stumbleupon.com,
Nicolais,Grimley,Pirassununga,1972-09-08T21:09:42Z,Brazil,ngrimley2f@baidu.com,+55 (251) 403-7471
Rikki,Bezley,Chelu,1968-09-06T15:32:00Z,China,rbezley2g@si.edu,+86 (842) 150-1763
Lavinie,Korneichuk,Chennevières-sur-Marne,1963-09-25T00:00:11Z,France,lkorneichuk2h@mayoclinic.com,+33 (320) 252-8406
Tanhya,Spilling,Pakis,1963-03-28T22:44:22Z,Indonesia,tspilling2i@businessweek.com,+62 (990) 659-4663
Tamarra,De Angelis,Tanjung Raja,1994-12-13T13:36:00Z,Indonesia,tdeangelis2j@techcrunch.com,+62 (582) 662-1851
Mirabel,Skidmore,Florida,1969-06-08T00:31:10Z,Uruguay,,+598 (469) 151-3943
Idalia,Jeyness,,,,ijeyness2l@seesaa.net,
Rycca,Jurasek,Vännäs,1980-12-26T10:19:26Z,Sweden,,+46 (921) 697-8324
Cinnamon,Dancey,Hongjiaguan,1962-03-16T20:13:13Z,China,cdancey2n@economist.com,+86 (524) 928-7318
Clark,McIlhagga,Luchegorsk,1982-11-17T09:17:27Z,Russia,cmcilhagga2o@desdev.cn,+7 (561) 853-9893
Clarice,Rudsdale,Niimi,1952-06-25T04:56:35Z,Japan,crudsdale2p@japanpost.jp,+81 (778) 406-5175
Burt,Dessent,Iwanai,1968-09-05T06:14:33Z,Japan,bdessent2q@dagondesign.com,+81 (641) 639-6274
Linus,Hullock,Sepulu,1998-12-09T16:16:00Z,Indonesia,lhullock2r@odnoklassniki.ru,+62 (102) 144-4983
Valene,Djurevic,Épinal,1989-04-19T08:47:21Z,France,vdjurevic2s@google.it,+33 (267) 336-2550
Shelba,Forshaw,Hanggan,1978-05-19T18:45:02Z,Philippines,sforshaw2t@seattletimes.com,+63 (139) 557-0331
Reeba,Eddoes,Perez,1984-05-23T08:22:13Z,Philippines,reddoes2u@cisco.com,+63 (721) 594-0777
Cyndi,Montgomery,Houston,1962-11-16T11:09:19Z,United States,cmontgomery2v@census.gov,+1 (832) 353-6360
Christy,Alyokhin,Yangkang,1974-07-12T18:55:29Z,China,calyokhin2w@weebly.com,+86 (116) 803-4730
Robbie,Adacot,,,,radacot2x@who.int,
Dixie,Bainbridge,Dzyarzhynsk,1970-12-24T15:16:30Z,Belarus,,+375 (474) 461-2904
Randell,Redfield,Drammen,1994-01-29T03:09:13Z,Norway,rredfield2z@vinaora.com,+47 (918) 100-8221
Charmion,McColgan,Yongchang,1950-06-08T23:02:00Z,China,cmccolgan30@usatoday.com,+86 (674) 421-1167
Grantley,Gissing,Albuquerque,1978-09-16T02:16:31Z,United States,,+1 (505) 390-3826
Leeland,Grayson,Kirkton,1998-01-15T16:12:28Z,United Kingdom,lgrayson32@pcworld.com,+44 (714) 687-3674
Meade,Dowsey,Beringovskiy,1961-11-04T15:29:44Z,Russia,,+7 (405) 517-6128
Lon,Roggers,Shuangjie,1970-01-19T11:39:07Z,China,lroggers34@livejournal.com,+86 (954) 870-9741
Risa,le Keux,Ratnapura,1983-03-14T22:21:23Z,Sri Lanka,rlekeux35@unc.edu,+94 (359) 510-4643
Ludwig,Beverstock,Mushie,1966-06-26T10:40:25Z,Democratic Republic of the Congo,lbeverstock36@people.com.cn,+242 (895) 424-0685
Chalmers,Worsham,Makin Village,1973-12-07T08:31:17Z,Kiribati,cworsham37@boston.com,+686 (440) 762-6534
Isac,Daverin,Saint Louis,1966-04-01T17:00:09Z,United States,idaverin38@fastcompany.com,+1 (314) 553-6666
Kamila,Judron,Yangdu,1953-05-08T00:03:44Z,China,kjudron39@digg.com,+86 (553) 683-6613
Joey,Lisciardelli,Refojos,1959-02-24T05:09:28Z,Portugal,,+351 (945) 945-0034
Sara-ann,Gentric,Huating,1982-12-29T02:06:31Z,China,sgentric3b@stumbleupon.com,+86 (466) 890-4166
Madalyn,Beaushaw,,,,mbeaushaw3c@purevolume.com,
Barney,Dedmam,Xinkai,1972-12-17T10:34:26Z,China,bdedmam3d@sciencedirect.com,+86 (198) 111-0525
Jethro,Howling,Jiashan,1967-05-27T02:56:57Z,China,jhowling3e@goo.ne.jp,+86 (302) 317-8802
Maisey,Hofler,Xinba,1989-02-20T09:52:57Z,China,mhofler3f@bigcartel.com,+86 (530) 385-9434
Berkie,Ismay,Morelos,1984-11-17T18:40:25Z,Mexico,bismay3g@friendfeed.com,+52 (416) 459-3797
Traci,Innwood,Enjitsu,1976-04-20T20:07:28Z,South Korea,tinnwood3h@patch.com,+82 (132) 514-3185
Thomasina,Cattrell,Kampong Cham,1984-11-09T05:36:00Z,Cambodia,tcattrell3i@wp.com,+855 (703) 340-1096
Elvera,McChruiter,Levallois-Perret,1955-11-22T09:06:47Z,France,emcchruiter3j@un.org,+33 (592) 653-2232
Mord,Ellsbury,San Diego,1988-10-17T19:31:34Z,Costa Rica,,+506 (320) 206-1399
Lilli,Core,Richmond,1954-12-06T19:46:03Z,United States,lcore3l@archive.org,+1 (804) 449-0132
Jena,Burbury,Carrasqueira,1978-12-31T20:15:59Z,Portugal,jburbury3m@eventbrite.com,+351 (712) 334-3661
Tomlin,Colthard,Sariwŏn,1952-12-11T21:17:48Z,North Korea,tcolthard3n@examiner.com,+850 (727) 626-7172
Magda,Archer,Kishkenekol’,1999-12-13T06:58:43Z,Kazakhstan,marcher3o@wufoo.com,+7 (804) 174-1965
Corinne,Brogan,Tigaherang,1985-05-12T16:28:46Z,Indonesia,cbrogan3p@bloglovin.com,+62 (125) 140-5389
Tammy,Gartell,Lewopao,1951-07-01T03:19:56Z,Indonesia,tgartell3q@pbs.org,+62 (769) 581-2075
Lesly,Hoofe,Kwidzyn,1969-08-29T14:33:44Z,Poland,lhoofe3r@google.ca,+48 (252) 501-2474
Eydie,Vidineev,Maseru,1984-12-22T20:55:48Z,Lesotho,evidineev3s@slashdot.org,+266 (701) 896-2526
Yvor,Prestedge,Mölnlycke,1991-04-22T10:23:15Z,Sweden,yprestedge3t@psu.edu,+46 (975) 807-2324
Filberto,Spikins,Nekla,1959-11-08T04:33:21Z,Poland,fspikins3u@archive.org,+48 (714) 343-3221
Debby,Howat,Logon,1973-01-28T08:58:28Z,Philippines,dhowat3v@artisteer.com,+63 (118) 276-2526
Michelina,Rabier,Tallahassee,1983-05-06T23:02:59Z,United States,mrabier3w@sohu.com,+1 (850) 356-3107
Elvis,Lowy,Vërtop,1960-06-12T00:55:45Z,Albania,elowy3x@clickbank.net,+355 (512) 943-0045
Aubree,Angrock,Houston,1997-09-12T06:55:28Z,United States,aangrock3y@a8.net,+1 (713) 461-6966
Pepi,O'Gaven,Guojiaba,1972-04-27T05:28:24Z,China,pogaven3z@so-net.ne.jp,+86 (450) 523-9987
Lowe,Trobridge,Jangdam,1955-02-01T18:23:08Z,China,ltrobridge40@cbslocal.com,+86 (791) 545-9874
Delmer,Carbin,Ayapel,1991-03-06T21:02:24Z,Colombia,dcarbin41@nymag.com,+57 (721) 951-7064
Gabey,Davitashvili,Huangji,1991-12-26T16:39:14Z,China,gdavitashvili42@mozilla.org,+86 (117) 728-5765
Kerwin,Rivers,Galátsi,1997-05-11T02:20:18Z,Greece,krivers43@bluehost.com,+30 (102) 156-6462
Herve,Piggens,Torres,1952-06-24T12:03:46Z,Brazil,hpiggens44@so-net.ne.jp,+55 (534) 315-1601
Hermina,Valdes,Meringkik,1969-04-30T15:47:17Z,Indonesia,hvaldes45@unesco.org,+62 (851) 758-4466
Mallorie,Milley,Drakhtik,1985-02-01T10:49:58Z,Armenia,,+374 (513) 675-4748
Johnathon,Twiname,Stamford,1952-01-28T18:10:30Z,United States,jtwiname47@dropbox.com,+1 (203) 771-9183
Artus,Keenlyside,Belomorsk,1967-06-26T13:37:16Z,Russia,akeenlyside48@princeton.edu,+7 (962) 982-3841
Engracia,Pesak,Primorsko-Akhtarsk,1956-05-01T00:56:47Z,Russia,epesak49@sohu.com,+7 (835) 563-1652
Stefano,Honig,Xinqiao,1975-09-03T08:09:45Z,China,,+86 (769) 872-8783
Woodie,Spence,Bagé,1962-08-26T07:24:45Z,Brazil,wspence4b@123-reg.co.uk,+55 (714) 855-9865
Guenna,Fetherstonhaugh,Arauca,1980-07-06T08:03:50Z,Colombia,gfetherstonhaugh4c@unicef.org,+57 (982) 916-0907
Shepherd,Linggard,Solčava,1955-11-29T07:47:57Z,Slovenia,slinggard4d@soundcloud.com,+386 (575) 945-2757
Nonie,Lambole,Fenggang,1986-01-19T18:27:29Z,China,,+86 (887) 808-5945
Bartlet,Wessel,,,,bwessel4f@com.com,
Martguerita,Saylor,Shūkat aş Şūfī,1952-05-13T00:37:58Z,Palestinian Territory,msaylor4g@ft.com,+970 (955) 108-4479
Jobi,Russen,Grande Cache,1982-03-06T23:11:33Z,Canada,jrussen4h@tmall.com,+1 (612) 257-1784
Brooks,Whisby,Ciudad del Este,1969-01-31T22:28:45Z,Paraguay,bwhisby4i@hhs.gov,+595 (976) 400-8924
Jed,Cowerd,Krajan,1995-05-29T18:24:24Z,Indonesia,,+62 (940) 469-3167
Lucinda,Antoons,San Juan Nepomuceno,1984-07-16T05:23:38Z,Colombia,lantoons4k@shop-pro.jp,+57 (402) 886-8964
Tiphany,Guarnier,Zarszyn,1985-07-20T03:19:31Z,Poland,tguarnier4l@miibeian.gov.cn,+48 (629) 506-2211
Leroi,Flott,Al Fujayrah,1973-01-19T00:29:31Z,United Arab Emirates,lflott4m@census.gov,+971 (271) 208-3201
Demetria,Sorley,Benito Juarez,1957-12-29T09:41:49Z,Mexico,dsorley4n@hhs.gov,+52 (830) 162-9164
Lyssa,McTaggart,Tuqiao,1968-04-16T00:32:29Z,China,lmctaggart4o@slate.com,+86 (818) 369-5593
Rafael,Petrussi,Dahedian,1963-11-16T04:40:11Z,China,rpetrussi4p@infoseek.co.jp,+86 (539) 743-1046
Berne,Doy,Linxihe,1986-09-05T11:31:20Z,China,bdoy4q@ovh.net,+86 (198) 893-1995
Torrey,Blakey,Taiqing,1984-03-07T03:40:49Z,China,tblakey4r@networksolutions.com,+86 (305) 102-1420
Saxon,Skirvin,Banjar Wates Tengah,1962-11-03T05:33:05Z,Indonesia,,+62 (906) 465-9887
Aurelea,Boaler,Babasakhib,1971-07-05T04:42:46Z,Afghanistan,aboaler4t@goodreads.com,+93 (914) 595-4502
Reamonn,Mazella,Matriz de Camaragibe,1971-05-23T09:56:58Z,Brazil,rmazella4u@columbia.edu,+55 (142) 135-7201
Latisha,Ashenhurst,Fargo,1973-09-15T10:25:10Z,United States,lashenhurst4v@canalblog.com,+1 (701) 163-3721
Nari,Avraham,Nam Sách,1957-04-28T05:05:50Z,Vietnam,navraham4w@hp.com,+84 (885) 714-1535
Neely,Emblem,Buffalo,1974-02-13T01:56:38Z,United States,nemblem4x@github.io,+1 (716) 448-1438
Von,Muskett,Várzeas,1970-02-27T08:35:36Z,Portugal,vmuskett4y@mayoclinic.com,+351 (300) 990-9127
Ginevra,Lushey,Eslöv,1968-03-29T15:40:37Z,Sweden,glushey4z@discovery.com,+46 (713) 974-6246
Tim,Sprakes,Braço do Norte,1986-09-12T13:50:58Z,Brazil,tsprakes50@mac.com,+55 (253) 193-8980
Wilfred,Ronca,Maoshan,1977-12-07T13:01:05Z,China,wronca51@google.de,+86 (906) 773-6522
Meggy,MacAirt,,,,mmacairt52@stanford.edu,
Marrilee,Tame,Maanĭt,1994-03-02T11:49:29Z,Mongolia,mtame53@nih.gov,+976 (138) 253-5821
Whitaker,Letten,Borgo Maggiore,1998-03-27T15:19:23Z,San Marino,wletten54@mtv.com,+378 (347) 777-4046
Josie,Blackden,Sarykemer,1954-07-17T12:30:51Z,Kazakhstan,jblackden55@addtoany.com,+7 (227) 515-4458
Dav,Petrus,Tampa,1982-05-04T23:20:40Z,United States,dpetrus56@craigslist.org,+1 (813) 474-4234
Deane,Crombleholme,Sendangkemulian,1984-01-17T16:38:36Z,Indonesia,dcrombleholme57@amazon.com,+62 (866) 576-1203
Christel,Reolfo,Xinlong,1953-07-26T11:11:35Z,China,,+86 (209) 341-2808
Georges,Cud,Del Pilar,1978-02-18T09:49:36Z,Philippines,gcud59@moonfruit.com,+63 (271) 549-8470
Pearl,Fevers,Darungan,1993-12-22T06:07:49Z,Indonesia,pfevers5a@51.la,+62 (330) 241-5420
Sadella,Yakebovich,Santa Fe de la Vera Cruz,1991-04-23T07:57:02Z,Argentina,syakebovich5b@tripod.com,+54 (857) 419-4064
Didi,Burgwyn,Nggambel,1994-06-04T19:39:12Z,Indonesia,dburgwyn5c@usnews.com,+62 (762) 750-6094
Aleece,Spowage,Freiburg im Breisgau,1962-07-21T02:33:06Z,Germany,aspowage5d@globo.com,+49 (908) 990-0676
Dave,Romand,Qal‘ah-ye Shahr,1987-02-21T12:35:51Z,Afghanistan,dromand5e@reference.com,+93 (288) 998-4953
Hettie,Wenman,Hongtang,1969-09-04T04:32:53Z,China,hwenman5f@parallels.com,+86 (877) 299-4543
Auberon,Barabisch,Maturín,1967-01-17T00:53:01Z,Venezuela,abarabisch5g@apple.com,+58 (530) 115-7698
Deerdre,Hatcher,Āqchah,1962-10-30T18:23:52Z,Afghanistan,dhatcher5h@berkeley.edu,+93 (865) 255-3553
Corena,Thaxter,Celeirós,1971-07-06T16:39:52Z,Portugal,cthaxter5i@illinois.edu,+351 (376) 785-1796
Ewen,Miguet,Reforma,1987-04-06T03:28:34Z,Mexico,emiguet5j@canalblog.com,+52 (857) 513-9971
Lotte,Scandrick,Suzaka,1987-01-21T01:36:50Z,Japan,lscandrick5k@hhs.gov,+81 (472) 418-2021
Shaylyn,Evanson,Praia das Maçãs,1975-06-05T22:58:03Z,Portugal,sevanson5l@samsung.com,+351 (754) 649-1908
Lu,Ezzell,Borås,1971-05-06T10:02:19Z,Sweden,lezzell5m@weather.com,+46 (705) 829-5765
Ludovika,Vreede,Charlotte Amalie,1968-01-18T15:01:55Z,U.S. Virgin Islands,lvreede5n@goo.ne.jp,+1 (412) 375-6946
Madlen,Cavet,Hengyang,1965-05-02T14:20:38Z,China,mcavet5o@mashable.com,+86 (806) 411-1492
Zandra,Postan,Chengxiang,1961-10-14T13:42:34Z,China,zpostan5p@pinterest.com,+86 (227) 362-4167
Giff,Creaven,Fundong,1959-04-14T00:57:27Z,Cameroon,gcreaven5q@joomla.org,+237 (515) 497-8697
Abrahan,Cleveland,Casa Nova,1959-01-08T11:37:03Z,Portugal,acleveland5r@blogspot.com,+351 (451) 687-6152
Elspeth,Sutehall,Ngedhusuba,1972-11-30T00:23:22Z,Indonesia,esutehall5s@dropbox.com,+62 (103) 455-3875
Devan,Warnes,Magdalena,1958-05-04T08:07:30Z,Peru,dwarnes5t@chronoengine.com,+51 (452) 148-6070
Bambi,Towey,Saint-Denis,1959-01-19T18:03:22Z,France,btowey5u@dailymail.co.uk,+33 (976) 709-2985
Agace,Lowne,Mulchén,1960-02-09T01:52:49Z,Chile,alowne5v@meetup.com,+56 (834) 622-3805
Sibylle,Southerell,Takub,1963-07-17T15:19:15Z,Philippines,,+63 (124) 800-5212
Roxy,Tourner,Kambove,1967-05-27T02:36:28Z,Democratic Republic of the Congo,rtourner5x@msu.edu,+242 (844) 878-2584
Patin,Camsey,Uppsala,1953-11-14T15:48:44Z,Sweden,pcamsey5y@ask.com,+46 (565) 126-7408
Coleman,D' Angelo,Ostankinskiy,1970-04-07T05:32:30Z,Russia,cdangelo5z@who.int,+7 (543) 780-3486
Pietro,Vassbender,Cihurip Satu,1969-09-05T23:46:53Z,Indonesia,pvassbender60@si.edu,+62 (528) 675-6591
Trumann,Ashbrook,Lyubar,1968-06-07T22:10:43Z,Ukraine,tashbrook61@europa.eu,+380 (598) 388-6324
Vinnie,Pumphrey,Vargön,1995-01-25T02:45:21Z,Sweden,,+46 (114) 569-0642
Catie,Allinson,Knoxville,1964-12-17T15:56:58Z,United States,callinson63@booking.com,+1 (865) 989-4117
Filide,Byrom,Sijihong,1953-01-16T05:52:44Z,China,fbyrom64@taobao.com,+86 (580) 809-1126
Jannelle,Kolczynski,Golcowa,1989-07-12T21:08:12Z,Poland,jkolczynski65@whitehouse.gov,+48 (802) 655-8965
Rainer,Hasell,Haoxue,1968-11-28T01:09:56Z,China,rhasell66@sphinn.com,+86 (806) 362-4933
Bonnibelle,Clurow,Kryvichy,1987-05-28T02:09:28Z,Belarus,bclurow67@biblegateway.com,+375 (742) 443-3581
Lancelot,Berks,Balma,1996-05-02T03:26:22Z,France,lberks68@cdc.gov,+33 (433) 744-4839
Izzy,Ord,Erátyra,1991-03-07T06:18:29Z,Greece,iord69@xinhuanet.com,+30 (553) 842-6090
Sada,Rosita,Laborde,1958-08-13T17:00:18Z,Argentina,srosita6a@psu.edu,+54 (359) 349-6598
Serge,Gerger,,,,sgerger6b@deviantart.com,
Lulita,Wensley,Masachapa,1985-03-03T19:37:20Z,Nicaragua,lwensley6c@flavors.me,+505 (304) 511-0365
Roma,Jenks,El Paso,1974-01-25T10:38:29Z,United States,rjenks6d@craigslist.org,+1 (915) 951-4884
Lottie,Hanselmann,Tasovčići,1966-01-31T13:45:28Z,Bosnia and Herzegovina,lhanselmann6e@themeforest.net,+387 (280) 260-3372
Hilliary,Sibbit,Zgornje Pirniče,1957-06-22T04:07:57Z,Slovenia,hsibbit6f@issuu.com,+386 (896) 790-0359
Gabe,Perez,Kolyubakino,1986-04-21T06:07:30Z,Russia,gperez6g@phpbb.com,+7 (852) 260-3251
Reggie,Riglesford,Mullsjö,1988-12-05T23:26:09Z,Sweden,rriglesford6h@hud.gov,+46 (788) 110-4361
Sharyl,Penhearow,Amancio,1993-12-23T05:04:30Z,Cuba,spenhearow6i@businessinsider.com,+53 (921) 759-5198
Carolan,Warrick,Bako,1964-02-01T06:53:36Z,Ethiopia,cwarrick6j@cpanel.net,+251 (241) 385-8439
Patience,Clew,Nice,1995-04-11T14:48:20Z,France,pclew6k@hao123.com,+33 (909) 845-6773
Hewe,Carryer,Dongxiaokou,1980-07-23T21:36:27Z,China,hcarryer6l@exblog.jp,+86 (228) 690-6777
Torrin,Deppen,Fundación,1966-01-31T16:45:34Z,Colombia,tdeppen6m@fema.gov,+57 (579) 666-2453
Ellswerth,Marlin,Bandungan Timur,1950-02-28T23:27:42Z,Indonesia,emarlin6n@cbslocal.com,+62 (941) 130-9434
Germana,Mattei,Oro Verde,1969-08-31T03:47:46Z,Argentina,gmattei6o@odnoklassniki.ru,+54 (245) 322-4123
Granthem,Alen,,,,galen6p@t-online.de,
Franky,Paiton,Krzeszów,1972-03-01T03:04:23Z,Poland,fpaiton6q@auda.org.au,+48 (381) 801-8160
Saree,Packham,Kukur,1982-03-07T19:48:55Z,Albania,spackham6r@fema.gov,+355 (994) 715-8827
Fanchette,Udey,Míthymna,1994-12-07T16:34:12Z,Greece,fudey6s@bandcamp.com,+30 (235) 370-9986
Kirbee,Swaysland,Floriano,1965-09-15T06:40:16Z,Brazil,kswaysland6t@independent.co.uk,+55 (539) 932-4827
Blake,Cumbes,Prostki,1990-06-28T06:43:39Z,Poland,bcumbes6u@youtu.be,+48 (824) 333-3830
Torrin,Domenc,Silveiros,1990-07-05T09:34:57Z,Portugal,tdomenc6v@yelp.com,+351 (393) 335-5321
Bone,Benzing,East End,1991-07-03T23:47:57Z,United Kingdom,bbenzing6w@t.co,+44 (617) 656-3682
Izaak,Pikett,Krajan,1992-04-07T14:45:16Z,Indonesia,ipikett6x@freewebs.com,+62 (425) 564-6695
Sherwynd,Tillard,Anjepy,1989-05-22T22:25:28Z,Madagascar,stillard6y@youtu.be,+261 (776) 626-6515
Norean,Buttrum,Boca Suno,1990-01-30T13:43:07Z,Ecuador,nbuttrum6z@gizmodo.com,+593 (492) 502-5501
Lanny,Darben,Dawe,1954-01-25T22:08:16Z,Indonesia,ldarben70@gravatar.com,+62 (733) 773-7449
Kacie,Gallamore,Ånge,1962-05-15T10:23:07Z,Sweden,kgallamore71@cmu.edu,+46 (278) 127-4240
Melisa,Corey,San Jerónimo,1997-12-01T09:13:50Z,Honduras,mcorey72@google.com.au,+504 (897) 278-2394
Baudoin,Valente,Choushui,1969-01-08T01:46:52Z,China,bvalente73@list-manage.com,+86 (123) 541-3654
Taddeo,Roxbee,Huangqiao,1991-08-24T20:01:13Z,China,troxbee74@google.it,+86 (209) 824-9126
Bryanty,Counsell,Insrom,1981-01-20T06:05:15Z,Indonesia,bcounsell75@angelfire.com,+62 (507) 435-8468
Benni,Thompson,Leon Postigo,1985-11-24T10:37:41Z,Philippines,bthompson76@princeton.edu,+63 (719) 511-7116
Wash,Neilus,Geita,1981-08-08T16:45:48Z,Tanzania,wneilus77@printfriendly.com,+255 (845) 239-7286
Marlane,Curwood,Schaan,1954-07-08T06:55:12Z,Liechtenstein,mcurwood78@e-recht24.de,+423 (667) 971-0636
Barbee,Gault,Nnewi,1991-09-14T10:28:20Z,Nigeria,bgault79@theguardian.com,+234 (673) 364-3634
Minetta,Losel,Goma,1962-06-07T17:11:57Z,Democratic Republic of the Congo,mlosel7a@intel.com,+242 (531) 996-5176
Salomi,Newby,,,,snewby7b@disqus.com,
Honoria,Dielhenn,Kobayashi,1960-05-08T20:47:02Z,Japan,hdielhenn7c@scientificamerican.com,+81 (912) 655-0116
Gerek,Heckle,Gaokan,1977-11-07T13:44:28Z,China,gheckle7d@gravatar.com,+86 (621) 669-4605
Yvette,Harome,Pamarayan,1962-04-17T18:49:01Z,Indonesia,yharome7e@marketwatch.com,+62 (340) 607-8820
Janice,Ludlem,Ondores,1981-04-02T01:24:52Z,Peru,jludlem7f@phpbb.com,+51 (821) 761-4276
Nichols,Hallows,Arys,1992-10-18T21:02:27Z,Kazakhstan,nhallows7g@arstechnica.com,+7 (737) 867-8753
Emmeline,Chelnam,Jing’an,1954-11-07T11:34:03Z,China,echelnam7h@deviantart.com,+86 (293) 685-9448
Jeth,Drei,Cungapmimbo,1960-07-05T15:03:29Z,Indonesia,jdrei7i@woothemes.com,+62 (356) 374-7051
Elston,Dugmore,Huilelot,1967-04-15T17:51:58Z,Indonesia,,+62 (453) 432-6601
Allissa,Rimour,Maubasa,1974-10-16T12:12:51Z,Indonesia,arimour7k@wikimedia.org,+62 (872) 256-5076
Griffie,McGennis,Drezdenko,1969-01-28T05:34:30Z,Poland,gmcgennis7l@ehow.com,+48 (952) 616-8965
Shermy,Casbon,New Bedford,1963-02-17T08:36:41Z,United States,scasbon7m@weather.com,+1 (508) 973-4125
Walden,Readett,Luntas,1951-11-03T06:16:11Z,Indonesia,,+62 (619) 617-3671
Lynea,Whitwell,Tonjongsari,1990-11-12T08:53:41Z,Indonesia,,+62 (881) 841-1303
Tressa,Bathurst,Caoping,1988-08-13T18:33:58Z,China,tbathurst7p@printfriendly.com,+86 (418) 590-8574
Edvard,Chinnick,Yang Chum Noi,1974-10-14T00:06:20Z,Thailand,echinnick7q@reuters.com,+66 (989) 994-4789
Jedediah,Diehn,Nanae,1968-09-03T10:06:40Z,Japan,jdiehn7r@tinyurl.com,+81 (649) 325-1183
Mitchel,Hearn,Kramarzówka,1995-08-05T11:59:07Z,Poland,mhearn7s@cbsnews.com,+48 (438) 496-2240
Sophey,Allen,Higashimurayama-shi,1980-12-05T12:15:57Z,Japan,sallen7t@fotki.com,+81 (102) 464-5871
Donny,Bariball,Paris 05,1954-04-08T01:52:36Z,France,,+33 (420) 336-2088
Lianne,Forrest,Sayyān,1992-05-29T07:16:48Z,Yemen,lforrest7v@redcross.org,+967 (409) 516-3339
Guglielma,Dearle-Palser,Baguinge,1971-08-11T08:02:58Z,Philippines,gdearlepalser7w@cyberchimps.com,+63 (798) 517-4539
Christian,Ivankov,Qagan Obo,1998-03-19T10:46:19Z,China,civankov7x@seattletimes.com,+86 (972) 941-8194
Jareb,Izkovicz,Volgo-Kaspiyskiy,1967-10-21T20:53:17Z,Russia,jizkovicz7y@cnn.com,+7 (789) 676-3002
Quinn,Cobbe,,,,qcobbe7z@free.fr,
Tabina,Rebichon,,,,trebichon80@addthis.com,
Ricard,Furnival,Botlhapatlou,1984-05-25T00:09:20Z,Botswana,rfurnival81@sciencedirect.com,+267 (723) 397-9793
Towney,Dace,Tankhoy,1963-02-21T17:12:39Z,Russia,tdace82@sbwire.com,+7 (930) 728-2795
Cherey,Prydie,Honiara,1953-07-21T17:17:36Z,Solomon Islands,cprydie83@soup.io,+677 (442) 702-6370
Jacquenette,Molohan,Tauranga,1992-11-20T22:35:18Z,New Zealand,jmolohan84@pcworld.com,+64 (928) 996-9492
Amos,Wansbury,Zhangye,1966-11-23T06:00:21Z,China,,+86 (987) 551-2593
Phillip,Guard,Los Pinos,1989-01-07T21:53:18Z,Mexico,pguard86@sciencedirect.com,+52 (619) 132-7591
Trumann,Anderson,Béboto,1964-01-22T03:19:00Z,Chad,tanderson87@networksolutions.com,+235 (639) 745-3781
Reena,Biermatowicz,Chōfugaoka,1989-10-05T14:43:10Z,Japan,,+81 (831) 284-9349
Lee,Haskey,Chardonnière,1973-12-05T23:18:30Z,Haiti,lhaskey89@xinhuanet.com,+509 (683) 821-4634
Gennifer,Shorbrook,Huaxijie,1960-12-11T04:49:23Z,China,,+86 (135) 455-1379
Jase,Brinded,Luoping,1980-12-19T07:30:36Z,China,jbrinded8b@vimeo.com,+86 (613) 326-2797
Rachel,Folkerts,Bystra,1961-10-06T03:23:34Z,Poland,,+48 (547) 420-0601
Gottfried,Smittoune,Świeradów-Zdrój,1986-02-01T23:38:29Z,Poland,gsmittoune8d@dyndns.org,+48 (478) 133-1775
Kamillah,Tyler,Wangfu,1962-02-06T17:14:34Z,China,ktyler8e@ca.gov,+86 (588) 945-5729
Johna,Oseland,Detroit,1956-07-24T22:54:28Z,United States,joseland8f@pbs.org,+1 (313) 855-6847
Howard,Spoor,Novokuz’minki,1987-01-24T00:29:14Z,Russia,hspoor8g@nature.com,+7 (263) 666-9653
Adler,Dufour,Ligang,1979-03-10T16:00:22Z,China,,+86 (561) 586-9768
Simonne,Mixture,Lobamba,1956-06-13T02:13:16Z,Swaziland,,+268 (518) 805-6931
Willow,Mc Meekin,Bunda,1970-07-23T20:48:45Z,Tanzania,wmcmeekin8j@whitehouse.gov,+255 (502) 562-0309
Myrna,Baddeley,Salta,1967-02-18T15:58:59Z,Argentina,mbaddeley8k@gmpg.org,+54 (206) 905-5380
Doy,Bessom,Ketapang,1968-03-22T04:17:56Z,Indonesia,,+62 (952) 938-6285
Stacey,Tydeman,Grabów,1975-05-30T16:18:45Z,Poland,stydeman8m@symantec.com,+48 (767) 573-0059
Charles,MacBain,Golopau,1963-08-19T02:18:36Z,Indonesia,cmacbain8n@skyrock.com,+62 (224) 849-6431
Abner,Hencke,,,,,
Michal,Glencrosche,Pudong,1994-05-22T12:24:57Z,China,mglencrosche8p@weibo.com,+86 (345) 777-2271
Zabrina,Aronin,Xuelu,1953-05-18T03:10:24Z,China,zaronin8q@sohu.com,+86 (326) 519-4975
Melania,Hearson,Guantánamo,1957-03-01T09:12:43Z,Cuba,mhearson8r@timesonline.co.uk,+53 (186) 374-4378
Selma,Prandini,Chame,1981-05-01T09:21:38Z,Panama,,+507 (912) 363-0434
Leif,Olive,Timbó,1959-11-26T03:40:37Z,Brazil,,+55 (190) 659-0278
Allissa,Tinman,Pirok,1969-08-04T09:52:05Z,Macedonia,,+389 (834) 404-3279
Francine,Beahan,Skene,1965-04-01T10:30:18Z,Sweden,fbeahan8v@whitehouse.gov,+46 (307) 291-1230
Skippie,Riditch,Angono,1980-04-06T05:48:23Z,Philippines,sriditch8w@t-online.de,+63 (712) 741-8833
Seana,Maron,Kawayan,1954-09-08T18:18:18Z,Philippines,smaron8x@t.co,+63 (866) 294-2345
Adan,Morrant,Pokrovskoye,1998-03-18T19:01:58Z,Russia,amorrant8y@unc.edu,+7 (350) 661-3958
Martie,Jirak,Dami,1995-10-23T00:10:53Z,Indonesia,mjirak8z@goo.gl,+62 (358) 891-2161
Lura,Reyburn,Talitsy,1961-12-15T22:30:38Z,Russia,lreyburn90@cnn.com,+7 (274) 497-3126
Elyssa,Accum,Mujiangping,1955-09-09T00:13:45Z,China,eaccum91@over-blog.com,+86 (699) 509-9724
Teresa,Eglise,Villavicencio,1957-11-07T08:15:24Z,Colombia,teglise92@unesco.org,+57 (719) 957-7532
Codie,Lewcock,Motupe,1963-09-04T00:41:13Z,Peru,clewcock93@army.mil,+51 (839) 582-4364
Cletis,Grinter,,,,cgrinter94@wordpress.org,
Berne,Paulig,Creil,1979-09-19T03:57:32Z,France,bpaulig95@gmpg.org,+33 (475) 705-0053
Marys,Sumsion,Paris 16,1968-02-07T09:03:51Z,France,msumsion96@biblegateway.com,+33 (461) 329-4976
Desiree,Osgordby,Tršić,1959-08-19T19:43:36Z,Serbia,dosgordby97@si.edu,+381 (315) 268-7102
Bev,Crews,Río Grande,1972-04-29T10:51:56Z,Argentina,bcrews98@thetimes.co.uk,+54 (370) 769-1917
Benedick,Dudney,Butajīra,1963-11-20T04:07:32Z,Ethiopia,bdudney99@cyberchimps.com,+251 (985) 877-5612
Ode,Kachel,Lecherías,1996-10-01T16:16:09Z,Venezuela,okachel9a@mail.ru,+58 (717) 992-5415
Chane,Stallybrass,Sagua la Grande,1972-01-17T19:44:05Z,Cuba,cstallybrass9b@goo.gl,+53 (822) 111-9400
Sylas,Hissie,Cineumbeuy,1967-11-18T01:52:37Z,Indonesia,,+62 (572) 873-0143
Nerita,Geraudel,Klevan’,1979-07-02T13:39:07Z,Ukraine,,+380 (121) 552-8616
Jolee,Trays,Caparrapí,1953-12-16T23:36:37Z,Colombia,jtrays9e@wufoo.com,+57 (564) 149-9587
Britte,McClaren,Ciwidara,1972-07-10T02:59:49Z,Indonesia,bmcclaren9f@google.de,+62 (356) 536-5780
Elfreda,Sommersett,,,,esommersett9g@google.ru,
Gilly,Gawthrope,Maicao,1951-05-30T17:12:30Z,Colombia,ggawthrope9h@t-online.de,+57 (605) 521-4408
Idalina,Mucklestone,Cañas,1961-10-15T07:22:06Z,Costa Rica,imucklestone9i@godaddy.com,+506 (258) 260-4796
Jennine,Mulmuray,Sagasa,1999-01-11T02:59:28Z,Philippines,,+63 (884) 988-0068
Romeo,Lumsden,Ḩablah,1950-01-31T07:09:06Z,Palestinian Territory,rlumsden9k@senate.gov,+970 (769) 431-6782
Hermina,Hanbridge,Figueiró dos Vinhos,1959-10-19T00:22:14Z,Portugal,,+351 (544) 665-9919
Lilias,Hanselmann,Cumanacoa,1953-07-28T07:11:55Z,Venezuela,,+58 (338) 226-6348
Langston,Gallymore,Quận Sáu,1962-01-14T09:49:14Z,Vietnam,lgallymore9n@reuters.com,+84 (235) 101-1482
Doro,Butland,Kabala,1996-08-21T04:38:09Z,Sierra Leone,dbutland9o@free.fr,+232 (837) 110-4150
Nessy,Reef,Luopu,1984-06-05T09:06:52Z,China,nreef9p@upenn.edu,+86 (411) 661-5919
Penny,Roistone,Xinhua,1971-11-22T00:58:03Z,China,proistone9q@booking.com,+86 (484) 284-1526
Thacher,Bellfield,Reutov,1970-08-26T02:23:24Z,Russia,tbellfield9r@comsenz.com,+7 (961) 460-8134
Hesther,Eadie,Goiana,1967-05-06T02:15:48Z,Brazil,headie9s@mashable.com,+55 (782) 113-2586
Derril,MacInnes,Zavitinsk,1973-12-29T02:42:19Z,Russia,dmacinnes9t@buzzfeed.com,+7 (618) 915-9344
Bennie,Isac,Avanca,1974-03-31T10:25:28Z,Portugal,bisac9u@newsvine.com,+351 (927) 161-3311
Sabrina,Reuble,Luohe,1994-07-05T21:03:21Z,China,sreuble9v@ucsd.edu,+86 (914) 143-4985
Dave,Leafe,Santa Ana,1973-03-20T08:24:26Z,United States,dleafe9w@independent.co.uk,+1 (714) 272-0523
Fedora,McCullough,Cafarnaum,1982-11-08T12:33:30Z,Brazil,fmccullough9x@vkontakte.ru,+55 (112) 628-2424
Lewes,Finey,Ergates,1986-01-26T13:22:16Z,Cyprus,,+357 (739) 826-0668
Cthrine,Wigg,Hamburg Harvestehude,1988-09-09T07:56:58Z,Germany,,+49 (783) 701-4023
Ingrim,Grebert,Tysmenychany,1968-08-24T14:39:30Z,Ukraine,igreberta0@noaa.gov,+380 (317) 358-3381
Fernanda,Houseman,San Nicolas,1961-07-13T17:59:25Z,Philippines,fhousemana1@accuweather.com,+63 (577) 947-6908
Bianka,Temprell,Tagdanua,1992-12-22T15:54:33Z,Philippines,btemprella2@free.fr,+63 (415) 586-8604
Lyman,Ahrend,El Llano,1997-10-29T13:04:08Z,Honduras,lahrenda3@deviantart.com,+504 (911) 394-9937
Selig,Sisey,Eling,1978-10-27T08:22:18Z,China,ssiseya4@thetimes.co.uk,+86 (620) 876-7901
Kayle,Dollard,Jiantianjie,1999-08-22T18:23:36Z,China,kdollarda5@bandcamp.com,+86 (227) 202-1379
Alaster,McCorkell,Gobernador Ingeniero Valentín Virasoro,1962-06-10T05:17:46Z,Argentina,,+54 (103) 632-7771
Aube,Olligan,Xingdian,1965-02-21T19:10:42Z,China,aolligana7@narod.ru,+86 (931) 435-7874
Emmalynne,Wanek,Mets Parni,1963-02-10T07:54:53Z,Armenia,ewaneka8@diigo.com,+374 (278) 922-1672
Brendon,Whiteford,Tim,1986-01-02T18:58:52Z,Russia,bwhiteforda9@nbcnews.com,+7 (370) 277-7096
Jorey,Drinkwater,Baiima,1961-01-29T10:47:23Z,Sierra Leone,jdrinkwateraa@bing.com,+232 (677) 657-4749
Nadia,Jullian,Lailunggi,1999-02-04T10:26:10Z,Indonesia,njullianab@woothemes.com,+62 (387) 640-1802
Kevin,Durrance,Mrozy,1988-04-21T11:45:44Z,Poland,kdurranceac@umich.edu,+48 (231) 190-2781
Conrade,Dow,Paraíso das Águas,1961-11-08T06:36:09Z,Brazil,,+55 (996) 685-0852
Dara,Lucian,,,,dlucianae@issuu.com,
Prudy,Chadwin,Dukuh,1992-08-03T14:00:06Z,Indonesia,pchadwinaf@ucsd.edu,+62 (103) 311-5464
Norris,Garner,Saint Andrews,1989-07-09T21:41:10Z,Canada,ngarnerag@wisc.edu,+1 (110) 594-9841
Betty,Kleinber,Barra de São Francisco,1990-01-28T13:29:12Z,Brazil,bkleinberah@nba.com,+55 (635) 750-5085
Moselle,Haye,Majiang,1959-06-27T07:16:01Z,China,mhayeai@howstuffworks.com,+86 (185) 270-0905
Halimeda,Treace,Zhongxian,1983-12-20T16:47:39Z,China,htreaceaj@typepad.com,+86 (852) 219-3895
Rufus,Brinsden,Longshan,1970-06-24T20:25:55Z,China,rbrinsdenak@google.fr,+86 (687) 113-6118
Fidelia,Nellis,Shaydon,1981-10-30T13:06:14Z,Tajikistan,fnellisal@about.com,+992 (408) 519-5897
Meir,Cregeen,Banjar Geriana Kangin,1979-03-23T02:24:07Z,Indonesia,mcregeenam@thetimes.co.uk,+62 (408) 214-1302
Evangelia,Forker,Selemadeg Kelod,1999-06-13T17:26:01Z,Indonesia,eforkeran@meetup.com,+62 (838) 350-1307
Annamaria,Goodlake,Usol’ye,1983-09-10T19:14:00Z,Russia,,+7 (531) 330-4085
Theresita,Eyer,Nīkshahr,1998-08-02T02:33:56Z,Iran,teyerap@nba.com,+98 (443) 203-3616
Lind,Laybourne,Khvastovichi,1997-12-22T10:07:32Z,Russia,llaybourneaq@nhs.uk,+7 (165) 654-3291
Allen,Town,Ávato,1984-11-14T20:56:26Z,Greece,atownar@angelfire.com,+30 (301) 832-4783
Jarad,Skirvane,Alexandria,1962-04-29T14:24:18Z,Jamaica,jskirvaneas@utexas.edu,+1 (251) 682-3372
Rand,M'Quhan,Ban Mo,1952-01-10T16:03:50Z,Thailand,rmquhanat@thetimes.co.uk,+66 (884) 545-7904
Buddie,Carnalan,Dumandesa,1997-11-25T00:01:23Z,Indonesia,,+62 (775) 755-8846
Brocky,Pepineaux,San Francisco,1955-12-21T23:34:49Z,Philippines,bpepineauxav@europa.eu,+63 (990) 351-4902
Sawyere,Garvill,Postojna,1981-10-09T22:37:07Z,Slovenia,sgarvillaw@eepurl.com,+386 (281) 843-0482
Klarrisa,Holdworth,Wojciechów,1955-09-26T14:26:06Z,Poland,,+48 (419) 837-0030
Yettie,Gillions,Lākshām,1989-05-02T06:44:52Z,Bangladesh,ygillionsay@hatena.ne.jp,+880 (442) 216-0833
Daryn,Klagges,Sanjie,1962-05-09T12:56:33Z,China,,+86 (153) 551-9758
Leland,Hornbuckle,Miętne,1981-09-01T14:25:48Z,Poland,lhornbuckleb0@wisc.edu,+48 (713) 384-2604
Rhiamon,Striker,Mapiri,1992-12-31T14:29:21Z,Bolivia,rstrikerb1@people.com.cn,+591 (638) 145-6242
Brant,Summerill,Sobral da Abelheira,1989-03-04T23:15:42Z,Portugal,,+351 (335) 244-7862
Galina,Mitcheson,Taverny,1964-03-26T05:16:38Z,France,gmitchesonb3@comcast.net,+33 (188) 849-9426
Silvain,Neubigin,Verblyany,1968-12-02T14:05:22Z,Ukraine,,+380 (571) 904-6711
Raff,Willers,Siedlce,1980-06-05T17:33:50Z,Poland,rwillersb5@cocolog-nifty.com,+48 (534) 994-1023
Ilse,Haborn,Putatbasiun,1960-01-23T18:36:04Z,Indonesia,ihabornb6@narod.ru,+62 (586) 844-3898
Regina,McMorran,Vélizy-Villacoublay,1992-06-06T11:32:36Z,France,rmcmorranb7@discuz.net,+33 (820) 848-9337
Beverie,Castana,Agía Varvára,1965-03-08T17:01:34Z,Greece,bcastanab8@wiley.com,+30 (533) 833-3614
Deni,Durie,Jingyang,1954-01-19T17:13:36Z,China,,+86 (929) 400-4528
Arny,Pordal,Wakkanai,1981-12-26T08:06:01Z,Japan,apordalba@unblog.fr,+81 (338) 934-7688
Normy,Tieraney,Caringin,1965-11-12T00:11:09Z,Indonesia,ntieraneybb@mysql.com,+62 (308) 312-0592
Mort,De Antoni,Xinjiezi,1991-08-06T19:30:42Z,China,mdeantonibc@baidu.com,+86 (765) 278-3602
Jasper,Baseggio,Pagnag,1965-03-24T11:37:08Z,China,,+86 (566) 916-0203
Derby,Tilliards,Socorro,1976-10-15T12:11:18Z,Brazil,,+55 (744) 572-1570
Terry,Gimbrett,Halmstad,1963-01-04T16:00:17Z,Sweden,tgimbrettbf@gmpg.org,+46 (853) 227-9276
Mack,Sings,Fort Wayne,1974-02-27T23:50:29Z,United States,,+1 (260) 519-9465
Emelita,Jurasz,San Vicente,1991-01-28T07:57:30Z,Costa Rica,ejuraszbh@hud.gov,+506 (223) 727-7417
Rosette,Milner,Kalmunai,1957-08-03T07:49:11Z,Sri Lanka,rmilnerbi@github.com,+94 (941) 334-0583
Marlo,Doggett,Settat,1988-04-03T04:14:27Z,Morocco,mdoggettbj@weather.com,+212 (809) 870-5173
Angie,Parkey,Flagstaff,1983-09-23T12:39:02Z,South Africa,aparkeybk@bbc.co.uk,+27 (576) 526-6915
Reynold,Haggarth,Puhja,1955-02-07T07:51:32Z,Estonia,rhaggarthbl@ftc.gov,+372 (957) 384-8667
Adelice,Rowlinson,Popayán,1955-01-28T05:47:46Z,Colombia,arowlinsonbm@cocolog-nifty.com,+57 (916) 616-8327
Gillan,Sedgwick,El Bálsamo,1955-11-03T08:45:14Z,Honduras,,+504 (458) 693-2567
Rita,Beaven,Morgados,1982-12-13T15:18:31Z,Portugal,,+351 (532) 299-7018
Minette,Casaro,Granja do Tedo,1965-11-06T04:37:18Z,Portugal,mcasarobp@sciencedaily.com,+351 (543) 971-5778
Cash,Pooly,Nioro,1982-12-21T03:02:09Z,Mali,cpoolybq@uiuc.edu,+223 (441) 553-8722
Desiree,Morfell,Saitama,1987-01-18T08:51:40Z,Japan,,+81 (708) 847-2539
Launce,Munford,Butwāl,1996-07-30T21:31:49Z,Nepal,lmunfordbs@earthlink.net,+977 (456) 202-1708
Tracie,Helin,Hachiōji,1974-09-25T04:55:50Z,Japan,thelinbt@tinypic.com,+81 (629) 527-6849
Demetrius,Malt,Wugong,1990-10-19T12:44:12Z,China,dmaltbu@printfriendly.com,+86 (683) 425-2250
Mathilda,Dallas,Nancy,1956-08-17T05:24:07Z,France,mdallasbv@umn.edu,+33 (642) 836-6579
Emilee,Cotte,Tamnag,1977-12-25T10:54:36Z,Philippines,ecottebw@cbsnews.com,+63 (938) 821-4757
Parker,Smitherman,Tiechang,1993-04-07T01:10:03Z,China,psmithermanbx@soundcloud.com,+86 (752) 158-3832
Saleem,Benjamin,Hougong,1959-11-21T17:12:03Z,China,sbenjaminby@ow.ly,+86 (925) 777-3023
Kean,Christene,Thị Trấn Thuận Châu,1995-06-23T03:26:27Z,Vietnam,kchristenebz@stumbleupon.com,+84 (935) 798-2951
Obadiah,Pinar,Piskavica,1970-03-10T18:51:10Z,Bosnia and Herzegovina,opinarc0@ning.com,+387 (957) 715-4087
Giffy,Willars,Golomunta,1969-08-15T08:24:27Z,Indonesia,gwillarsc1@bloglines.com,+62 (916) 539-1715
Dolores,Kornyakov,La Guata,1984-02-05T00:10:12Z,Honduras,dkornyakovc2@sina.com.cn,+504 (786) 358-9924
Christel,Duck,Rožaje,1999-01-21T15:25:45Z,Montenegro,cduckc3@dailymotion.com,+382 (502) 175-3591
Carena,Ryton,Naples,1998-04-17T09:35:36Z,United States,,+1 (239) 330-6864
Dorene,Echallier,Dagang,1982-10-25T23:41:51Z,China,dechallierc5@alexa.com,+86 (399) 564-8069
Tedra,O'Brogane,Locminé,1953-07-11T08:24:03Z,France,tobroganec6@mit.edu,+33 (447) 189-4182
Angel,Magnar,Şaqānis,1970-06-27T18:02:39Z,Tunisia,amagnarc7@digg.com,+216 (699) 206-7916
Rowney,Pullar,Sondo,1963-03-26T18:31:51Z,Indonesia,rpullarc8@house.gov,+62 (596) 320-9189
Albert,Threlfall,Boyang,1963-09-29T10:38:03Z,China,athrelfallc9@sina.com.cn,+86 (567) 224-1210
Vachel,Stienton,Serednye,1982-08-01T00:26:35Z,Ukraine,vstientonca@xinhuanet.com,+380 (525) 863-3099
Lynette,Varnam,Berezovo,1976-04-21T05:24:11Z,Ukraine,lvarnamcb@engadget.com,+380 (315) 962-6161
Hilarius,Tace,Dolní Kounice,1954-03-04T19:25:33Z,Czech Republic,htacecc@cnbc.com,+420 (713) 744-5944
Orly,Hannen,Yungay,1966-02-15T10:06:09Z,Peru,ohannencd@i2i.jp,+51 (211) 699-8000
Kimball,Fossick,Carrizal,1977-07-06T13:53:06Z,Venezuela,kfossickce@geocities.jp,+58 (644) 360-3291
Arron,Esposito,Amahusu,1955-05-04T12:48:47Z,Indonesia,,+62 (630) 209-4295
Torrin,Ransom,Mahaba,1967-04-24T04:41:12Z,Philippines,transomcg@godaddy.com,+63 (423) 897-5593
Garner,Leathwood,Hovorany,1973-06-07T13:52:48Z,Czech Republic,,+420 (733) 704-7422
Shelden,Bailiss,Dianqian,1975-11-27T00:01:15Z,China,sbailissci@storify.com,+86 (481) 168-2818
Rahel,Vasilyevski,Quintães,1955-10-22T16:18:54Z,Portugal,rvasilyevskicj@imageshack.us,+351 (375) 326-9383
Jermaine,Bernardo,Båstad,1999-01-18T15:06:18Z,Sweden,,+46 (984) 781-4070
Rivkah,Broadhead,Miaoyu,1978-08-01T18:17:31Z,China,rbroadheadcl@intel.com,+86 (334) 494-1613
Jessika,Chittim,Huanglin,1996-08-15T20:38:37Z,China,jchittimcm@addthis.com,+86 (608) 551-4220
Lawry,Stamps,Shazi,1980-02-14T15:19:13Z,China,lstampscn@moonfruit.com,+86 (958) 282-0015
Veronique,Carnalan,Naranjal,1992-07-23T00:45:06Z,Paraguay,vcarnalanco@ucoz.com,+595 (842) 801-7082
Irving,Astman,Toroy,1981-05-07T16:05:47Z,Indonesia,iastmancp@nifty.com,+62 (100) 451-3833
Alyss,Whitticks,,,,awhittickscq@opensource.org,
Oralie,Edgley,Alivéri,1989-10-14T22:25:53Z,Greece,,+30 (839) 903-5347
Maddie,Feldberger,Sampués,1975-01-28T14:15:42Z,Colombia,mfeldbergercs@youtube.com,+57 (884) 466-0078
Marcia,Burnapp,Laascaanood,1984-05-31T11:22:33Z,Somalia,mburnappct@eepurl.com,+252 (989) 933-7826
Leeanne,Polk,Esperanza,1986-06-16T11:46:07Z,Dominican Republic,lpolkcu@cocolog-nifty.com,+1 (509) 920-4670
Helaine,Sanchiz,Murça,1997-01-17T19:28:56Z,Portugal,hsanchizcv@instagram.com,+351 (108) 285-0852
Chrissy,Rance,Santa Lucia,1954-05-01T16:29:15Z,Philippines,crancecw@globo.com,+63 (229) 893-4814
Dorie,Chansonnau,Brive-la-Gaillarde,1958-04-26T12:19:05Z,France,dchansonnaucx@mashable.com,+33 (941) 398-1294
Klement,Kimbley,Qimeng,1991-12-16T02:44:48Z,China,kkimbleycy@who.int,+86 (155) 260-4519
Nathaniel,Stollen,Aksarka,1989-03-15T08:23:59Z,Russia,nstollencz@gmpg.org,+7 (401) 783-7143
Florencia,Beels,Najrān,1966-05-02T01:07:21Z,Saudi Arabia,fbeelsd0@tuttocitta.it,+966 (317) 824-9729
Reuven,Brito,San Francisco,1982-11-20T14:58:56Z,United States,rbritod1@prlog.org,+1 (415) 205-0075
Tamarra,Wiggin,Espírito Santo do Pinhal,1977-08-05T19:16:09Z,Brazil,twiggind2@blogspot.com,+55 (840) 790-2578
Stuart,MacAndreis,Tauca,1989-03-19T14:13:26Z,Peru,smacandreisd3@nature.com,+51 (826) 560-3223
Nan,Worboy,Hevlín,1964-07-12T08:59:45Z,Czech Republic,nworboyd4@ted.com,+420 (467) 339-0845
Lurlene,Ledgley,Nigel,1961-02-01T05:20:36Z,South Africa,lledgleyd5@businesswire.com,+27 (485) 516-8814
Corrine,Bellfield,Eiriz,1971-07-11T10:09:25Z,Portugal,cbellfieldd6@arstechnica.com,+351 (343) 172-2189
Imogene,Priestman,Huangmei,1989-03-17T16:47:51Z,China,ipriestmand7@symantec.com,+86 (793) 535-9925
Phyllida,Petticrow,Saint-Étienne,1999-03-08T02:14:24Z,France,,+33 (816) 356-9474
Penelopa,Bargery,Yanaul,1961-11-01T16:52:31Z,Russia,,+7 (510) 614-3967
Ethe,Varker,Nangewer,1962-09-18T10:19:28Z,Indonesia,,+62 (727) 258-6611
Milka,Breese,Jingxi,1994-04-03T00:37:02Z,China,,+86 (468) 406-0440
Biddie,Orniz,Ishkhoy-Yurt,1959-07-26T02:03:46Z,Russia,bornizdc@jimdo.com,+7 (978) 694-9984
Ginger,Arbuckel,San Rafael,1983-08-18T12:47:46Z,Costa Rica,,+506 (869) 106-2607
Connor,Kenion,Rustenburg,1982-09-11T04:37:09Z,South Africa,ckenionde@imgur.com,+27 (277) 609-3598
Bill,Skerritt,Shimokizukuri,1989-12-16T15:28:04Z,Japan,bskerrittdf@fema.gov,+81 (257) 285-5958
Dulcine,Wonfor,Jinfeng,1986-03-04T12:57:43Z,China,,+86 (812) 933-3110
Alessandra,Tomblin,Baytā al Fawqā,1956-10-14T16:07:14Z,Palestinian Territory,atomblindh@ox.ac.uk,+970 (556) 205-5272
Maxie,Brannon,Zblewo,1979-03-23T22:19:57Z,Poland,,+48 (728) 327-9972
Obediah,Maryman,Cruz,1980-03-18T03:28:48Z,Portugal,,+351 (420) 787-2930
Nadine,MacAvaddy,Changshan,1984-12-23T15:12:49Z,China,,+86 (319) 194-4057
Archer,Stollenbeck,Takeo,1974-10-14T07:25:20Z,Japan,,+81 (976) 322-1845
Ermin,Styche,Tegalgede,1953-01-29T10:27:35Z,Indonesia,,+62 (962) 476-8977
May,Prescott,Purworejo,1981-07-02T13:23:36Z,Indonesia,mprescottdn@loc.gov,+62 (114) 307-1963
Bridget,Kisbey,Bang Kaeo,1971-06-08T09:33:18Z,Thailand,bkisbeydo@hp.com,+66 (950) 709-5142
Burl,D'eye,Säter,1992-06-01T13:31:12Z,Sweden,bdeyedp@booking.com,+46 (825) 452-7586
Oran,Blade,Trới,1984-05-18T06:23:02Z,Vietnam,obladedq@statcounter.com,+84 (661) 615-8109
Roi,Hames,Monchegorsk,1954-08-26T11:41:06Z,Russia,,+7 (201) 742-7630
Kimbell,Silcox,Waterloo,1980-05-04T13:50:39Z,Canada,ksilcoxds@facebook.com,+1 (845) 505-7570
Iolanthe,Stubbeley,Guyancourt,1972-11-28T01:27:47Z,France,istubbeleydt@theguardian.com,+33 (415) 987-9848
Rick,Pellew,Wobulenzi,1962-06-11T19:03:42Z,Uganda,,+256 (314) 761-8638
Elizabet,Camilletti,Köln,1959-08-25T04:54:17Z,Germany,ecamillettidv@nba.com,+49 (893) 707-2051
Redford,Chartre,Cane,1972-08-01T00:49:36Z,Honduras,,+504 (575) 176-6128
Madelle,Kelk,Al Qiţena,1996-12-05T01:35:33Z,Sudan,mkelkdx@alibaba.com,+249 (998) 322-7717
Doll,Nesterov,Shalkar,1975-11-12T23:57:04Z,Kazakhstan,dnesterovdy@telegraph.co.uk,+7 (619) 174-9372
Cordy,Twiddy,Guanxi,1979-08-24T11:20:28Z,China,ctwiddydz@pen.io,+86 (699) 956-5427
Egor,Wrightham,Huashu,1974-04-03T05:02:28Z,China,ewrighthame0@youku.com,+86 (292) 417-8043
Vickie,Harnett,Dalam,1951-09-18T14:29:12Z,Indonesia,vharnette1@spotify.com,+62 (747) 966-4162
Robina,Cluatt,Banjar Bali,1965-08-07T07:55:38Z,Indonesia,rcluatte2@bloglovin.com,+62 (506) 562-4595
Granville,Lutz,,,,glutze3@amazon.co.uk,
Zoe,Trenchard,Phetchaburi,1991-01-14T23:39:55Z,Thailand,,+66 (734) 179-1492
Hollis,Vasse,Aţ Ţurrah,1987-03-26T22:35:38Z,Jordan,,+962 (710) 937-9753
Lazar,Wonter,Batutua,1974-03-20T10:32:14Z,Indonesia,,+62 (246) 307-6838
Aron,Llewellin,Neikeng,1976-05-24T09:07:33Z,China,allewelline7@independent.co.uk,+86 (512) 499-2556
Darline,Ginnane,Monteros,1963-04-19T09:17:53Z,Argentina,dginnanee8@netlog.com,+54 (931) 252-6861
Jaime,Shortan,Skellefteå,1980-09-05T06:46:43Z,Sweden,jshortane9@phpbb.com,+46 (530) 839-5543
Kippie,Cawthry,Kaka,1992-05-23T05:19:17Z,Turkmenistan,kcawthryea@google.de,+993 (159) 257-8216
Rodger,Flohard,Manggekompo,1967-05-11T14:30:22Z,Indonesia,rflohardeb@netvibes.com,+62 (824) 116-0666
Golda,Dinwoodie,Valenciennes,1971-02-14T22:46:52Z,France,gdinwoodieec@wordpress.com,+33 (356) 413-3928
Marylee,Duncan,Kotli Lohārān,1999-04-21T11:56:34Z,Pakistan,mduncaned@sciencedirect.com,+92 (684) 822-1010
Danila,Sturton,Hexing,1997-04-28T23:45:07Z,China,dsturtonee@squidoo.com,+86 (390) 599-7233
Sherwin,Zotto,Cabeço,1959-04-13T08:28:16Z,Portugal,szottoef@netlog.com,+351 (743) 801-8284
Hesther,Rudinger,Tanenofunan,1976-02-04T13:49:41Z,Indonesia,hrudingereg@reference.com,+62 (402) 662-1110
Catha,Dowles,Telaga,1983-05-27T18:09:23Z,Indonesia,cdowleseh@webnode.com,+62 (861) 424-5120
Cirstoforo,Lydiate,Dusit,1968-12-23T21:45:10Z,Thailand,clydiateei@ox.ac.uk,+66 (499) 782-5887
Rebekkah,Lagadu,,,,,
Bentlee,Pengelly,Ourovéni,1965-09-16T07:58:39Z,Comoros,bpengellyek@yellowbook.com,+269 (572) 842-3745
Sasha,Flarity,Mananum,1986-02-27T16:05:38Z,Philippines,sflarityel@irs.gov,+63 (165) 511-0499
Cornelia,McGilmartin,Al Hilāliyya,1998-06-12T18:18:40Z,Sudan,cmcgilmartinem@dyndns.org,+249 (947) 657-5690
Ben,Boich,Oranmore,1998-02-13T04:49:31Z,Ireland,bboichen@blogtalkradio.com,+353 (114) 372-3666
Paulie,Mudd,Hejiabao,1964-05-21T08:36:13Z,China,pmuddeo@mediafire.com,+86 (724) 752-6257
Tamma,Munby,Xin’e,1952-04-30T03:57:51Z,China,tmunbyep@spiegel.de,+86 (385) 950-2169
Ado,Rawlyns,Bonanza,1966-02-22T06:13:27Z,Nicaragua,arawlynseq@photobucket.com,+505 (804) 627-0844
Pembroke,Cridlin,Beiwa,1992-05-24T16:17:32Z,China,pcridliner@imgur.com,+86 (502) 928-0836
Tanny,Mayling,Metlika,1956-08-15T05:35:32Z,Slovenia,tmaylinges@mediafire.com,+386 (457) 504-5572
Sara,Royse,Kadyy,1991-10-17T02:50:56Z,Russia,sroyseet@is.gd,+7 (325) 286-2050
August,Cheke,Chixi,1995-12-07T22:57:09Z,China,achekeeu@zimbio.com,+86 (994) 546-2572
Celle,Barthot,,,,cbarthotev@over-blog.com,
Alyosha,Leare,Linjiang,1968-08-08T20:00:22Z,China,aleareew@arizona.edu,+86 (520) 293-3249
Euphemia,Featherby,Patos de Minas,1972-07-07T09:30:27Z,Brazil,efeatherbyex@salon.com,+55 (318) 458-3136
Antonietta,Degenhardt,Hongwei,1964-10-29T00:16:17Z,China,adegenhardtey@ft.com,+86 (285) 934-1440
Ardra,Sorro,Shaguotun,1975-09-29T09:59:08Z,China,asorroez@thetimes.co.uk,+86 (602) 392-3400
Montgomery,Panyer,Rancanyenang,1998-12-30T10:35:24Z,Indonesia,mpanyerf0@thetimes.co.uk,+62 (581) 454-7059
Galen,Dies,Pila,1990-04-18T06:35:57Z,Philippines,gdiesf1@nasa.gov,+63 (654) 494-8864
Thatch,Marrow,Machala,1987-08-26T12:56:31Z,Ecuador,tmarrowf2@nifty.com,+593 (242) 972-7837
Mandy,Gratton,São José,1996-07-31T18:40:40Z,Brazil,mgrattonf3@ucoz.com,+55 (615) 634-0229
Kaycee,Crowdson,Balin,1975-12-06T11:37:42Z,China,kcrowdsonf4@i2i.jp,+86 (230) 696-6984
Mathilda,Orridge,Leiyang,1979-08-16T23:50:47Z,China,morridgef5@umich.edu,+86 (753) 843-7267
Raquela,Ren,Hecun,1955-01-25T05:38:33Z,China,rrenf6@nps.gov,+86 (368) 937-4034
Betty,Flanner,Songbai,1993-08-06T22:55:13Z,China,bflannerf7@ihg.com,+86 (215) 314-7347
Elna,Costelloe,Kliteh,1962-02-10T14:09:44Z,Indonesia,ecostelloef8@vimeo.com,+62 (855) 222-5697
Courtnay,Potten,Nueva Ocotepeque,1960-12-29T14:32:35Z,Honduras,,+504 (556) 681-3436
Barri,Hun,Likhoy,1960-03-09T23:01:21Z,Russia,bhunfa@odnoklassniki.ru,+7 (855) 605-4338
Corrianne,Sparwell,Amsterdam Nieuw West,1979-11-25T03:42:52Z,Netherlands,csparwellfb@businessinsider.com,+31 (613) 747-0917
Sherie,Shilvock,Tairan Camp,1983-06-24T07:14:50Z,Philippines,sshilvockfc@diigo.com,+63 (147) 603-4348
Pat,Fantonetti,,,,pfantonettifd@booking.com,
Josi,Orwell,Lazaro Cardenas,1956-03-13T12:00:12Z,Mexico,jorwellfe@berkeley.edu,+52 (428) 202-9712
Tiffy,Tampen,Citasuk,1977-01-02T09:09:54Z,Indonesia,ttampenff@blogger.com,+62 (187) 981-5121
Annmaria,McGaugey,Dante Delgado,1988-05-25T07:56:19Z,Mexico,amcgaugeyfg@amazon.co.uk,+52 (478) 550-1482
Merla,Beceril,Dno,1962-05-21T09:53:36Z,Russia,mbecerilfh@yale.edu,+7 (106) 220-4428
Meyer,Shwalbe,Xingang,1994-10-10T11:52:34Z,China,,+86 (779) 653-5221
Dedra,Rude,Bailu,1987-04-20T03:36:42Z,China,drudefj@ustream.tv,+86 (688) 390-1075
Devland,McNamara,Nowe Warpno,1986-11-30T09:23:43Z,Poland,dmcnamarafk@gravatar.com,+48 (521) 702-7931
Leilah,Kenzie,Singapore,1994-04-24T16:06:52Z,Singapore,lkenziefl@biblegateway.com,+65 (541) 600-6321
Merla,Petracci,Bilhorod-Dnistrovs’kyy,1965-04-20T04:00:46Z,Ukraine,mpetraccifm@diigo.com,+380 (633) 312-8269
Madelaine,Allenson,,,,mallensonfn@sfgate.com,
Uriel,Crowley,Fujisawa,1979-03-16T20:07:26Z,Japan,ucrowleyfo@yellowpages.com,+81 (958) 906-3590
Galven,Liepina,Wanquan,1974-07-22T02:04:31Z,China,gliepinafp@msn.com,+86 (194) 146-4675
Lizzie,O'Shirine,Likupang,1998-01-26T20:56:27Z,Indonesia,loshirinefq@omniture.com,+62 (551) 585-6699
Janelle,Ferron,Mweka,1964-09-17T15:23:26Z,Democratic Republic of the Congo,jferronfr@meetup.com,+242 (512) 664-6793
Irena,Rielly,São Sebastião,1974-12-04T15:27:17Z,Portugal,iriellyfs@dedecms.com,+351 (541) 146-8809
Bobbie,Weekly,Denver,1965-03-28T23:05:09Z,United States,bweeklyft@plala.or.jp,+1 (303) 855-0199
Geneva,Garrish,Mosfilotí,1953-10-10T07:14:49Z,Cyprus,ggarrishfu@indiegogo.com,+357 (821) 226-3680
Deerdre,Marshland,Carcar,1964-10-20T14:05:54Z,Philippines,dmarshlandfv@ft.com,+63 (739) 169-9238
Tanhya,Penrith,Soutelo,1956-11-28T05:53:27Z,Portugal,,+351 (256) 590-8041
Germayne,Gamlen,Licheng,1975-08-18T02:30:09Z,China,,+86 (972) 715-6121
Georgette,Garbutt,,,,,
Freedman,Feldberg,Santo Domingo,1961-08-11T14:56:45Z,Nicaragua,ffeldbergfz@themeforest.net,+505 (892) 626-9880
Helen,Furmonger,Honglin,1967-06-19T01:52:12Z,China,hfurmongerg0@kickstarter.com,+86 (307) 498-6007
Gaye,Sarjant,Shahezi,1967-06-26T03:55:51Z,China,gsarjantg1@feedburner.com,+86 (869) 618-0050
Nelle,Nani,Strasbourg,1985-01-25T12:24:40Z,France,nnanig2@yolasite.com,+33 (391) 488-8529
Victoir,Tearney,Sukadana Selatan,1966-06-24T05:05:25Z,Indonesia,vtearneyg3@usda.gov,+62 (783) 635-9318
Darrell,Daft,Vahdat,1974-12-18T08:57:28Z,Tajikistan,ddaftg4@github.io,+992 (696) 153-3915
Loutitia,Jaqueme,Krasnaya Polyana,1978-03-31T13:59:39Z,Russia,ljaquemeg5@buzzfeed.com,+7 (750) 259-6627
Axe,Brotherhood,Sanhu,1986-06-17T08:36:10Z,China,abrotherhoodg6@over-blog.com,+86 (421) 285-1516
Ree,Cockrill,Shnogh,1970-04-13T13:30:35Z,Armenia,rcockrillg7@mashable.com,+374 (659) 460-0034
Nat,Slarke,El Triunfo de la Cruz,1958-06-03T10:48:46Z,Honduras,nslarkeg8@ezinearticles.com,+504 (600) 461-9889
Shaun,Kern,São Bartolomeu,1985-05-03T06:05:08Z,Portugal,,+351 (259) 599-0661
Jacklyn,Vondracek,Chadong,1973-03-29T11:46:02Z,China,,+86 (138) 685-1514
Isabel,Imort,Amiens,1994-06-11T19:44:22Z,France,iimortgb@intel.com,+33 (773) 593-5468
Tobias,Piggrem,Örnsköldsvik,1986-12-04T04:17:28Z,Sweden,tpiggremgc@prlog.org,+46 (611) 911-3129
Clarissa,Powland,Taroudant,1953-01-05T03:50:05Z,Morocco,cpowlandgd@twitpic.com,+212 (526) 490-2788
Glynis,Banghe,Villamaría,1992-07-15T11:38:42Z,Colombia,,+57 (531) 315-0058
Bunni,Arden,Eldoret,1972-05-15T10:56:00Z,Kenya,bardengf@cargocollective.com,+254 (314) 109-1121
Charisse,Witherbed,Yong’an,1990-12-06T07:14:03Z,China,,+86 (425) 426-2820
Jonathan,Sant,Qiaodong,1992-07-14T10:30:07Z,China,jsantgh@xing.com,+86 (143) 408-9763
Salvatore,Tidbald,,,,stidbaldgi@tinypic.com,
Berti,Cominotti,Haolibao,1982-02-10T13:31:40Z,China,bcominottigj@woothemes.com,+86 (704) 422-4565
Wilek,Tetla,Santa María de Caparo,1966-10-05T02:12:23Z,Venezuela,wtetlagk@spotify.com,+58 (606) 234-7284
Roch,Hardinge,Wolmaransstad,1996-06-24T16:40:12Z,South Africa,,+27 (172) 980-7634
Darb,De Minico,Hrazdan,1953-05-28T23:52:12Z,Armenia,ddeminicogm@slashdot.org,+374 (191) 669-7471
Paxton,Skuse,Patía,1956-11-24T20:43:57Z,Colombia,pskusegn@geocities.jp,+57 (847) 703-1233
Cammy,Sutherel,Sharga,1975-10-01T00:13:11Z,Mongolia,csutherelgo@gnu.org,+976 (942) 340-0986
Annis,Franceschelli,Gaspar,1987-04-05T16:37:02Z,Brazil,afranceschelligp@cbc.ca,+55 (361) 378-7719
Letizia,Skeat,San Fernando,1984-09-22T16:27:38Z,Honduras,lskeatgq@oracle.com,+504 (900) 311-4284
Hakim,Richie,Mae Charim,1967-03-15T03:29:34Z,Thailand,hrichiegr@vk.com,+66 (719) 137-9659
Euphemia,Bloor,Kaniów,1988-09-26T03:04:17Z,Poland,ebloorgs@nationalgeographic.com,+48 (486) 461-3491
Nate,O'Nions,Shangkuli,1960-06-25T07:03:02Z,China,nonionsgt@statcounter.com,+86 (547) 562-6854
Bartholomew,Matthias,Xiajiashan,1990-03-30T08:13:12Z,China,bmatthiasgu@yellowpages.com,+86 (342) 752-4312
Sena,Sowman,Santa Ana,1968-08-30T03:09:59Z,Philippines,,+63 (683) 848-8105
Hilliary,Minchenton,Bei,1975-05-21T18:36:50Z,Indonesia,hminchentongw@slideshare.net,+62 (792) 725-7596
Genevieve,DelaField,Pīr jo Goth,1988-04-13T15:37:02Z,Pakistan,gdelafieldgx@jimdo.com,+92 (871) 284-7437
Hamnet,Marciskewski,Micheng,1953-09-10T11:44:03Z,China,hmarciskewskigy@macromedia.com,+86 (151) 639-0159
Bjorn,Shillington,Ash Sharyah,1965-02-13T16:04:11Z,Yemen,bshillingtongz@utexas.edu,+967 (361) 905-1770
Almira,Cantillion,Ciudian,1952-11-27T18:09:42Z,Indonesia,acantillionh0@noaa.gov,+62 (751) 510-4159
Hallie,Tomet,Jixin,1982-11-25T13:32:10Z,China,htometh1@msu.edu,+86 (312) 543-1095
Minnnie,Rounding,Basista,1988-11-11T01:59:56Z,Philippines,mroundingh2@hexun.com,+63 (985) 258-0642
Inger,Slight,Piasek,1962-04-21T21:18:36Z,Poland,islighth3@twitter.com,+48 (741) 783-1613
Rodd,Ebbins,Macheng,1979-11-25T16:41:11Z,China,rebbinsh4@cornell.edu,+86 (494) 739-1809
Valenka,Bartoszewski,Bom Jesus da Lapa,1996-03-25T08:06:49Z,Brazil,,+55 (158) 359-0554
Courtney,Bagworth,,,,cbagworthh6@jimdo.com,
Annora,Godfery,Borogontsy,1977-12-20T20:02:45Z,Russia,agodferyh7@mlb.com,+7 (555) 182-2312
Babb,Gorner,Thepharak,1956-03-30T05:41:06Z,Thailand,,+66 (586) 354-2834
Sheree,Dalziel,Sitularang Landeuh,1992-04-08T01:00:55Z,Indonesia,,+62 (998) 449-5898
Lester,Ferreras,,,,,
Arlina,Buggs,Bayt Wazan,1998-10-31T14:16:07Z,Palestinian Territory,abuggshb@digg.com,+970 (145) 689-8760
Ninette,Milton,Rustenburg,1963-12-24T15:54:55Z,South Africa,nmiltonhc@google.ru,+27 (640) 270-5344
Sampson,Chartres,Quintãs,1965-09-05T00:42:39Z,Portugal,,+351 (803) 112-8446
Maddy,Beaument,Joubb Jannîne,1965-08-02T22:50:19Z,Lebanon,mbeaumenthe@netscape.com,+961 (111) 176-5288
Becki,Aistrop,Miskolc,1968-07-11T05:45:49Z,Hungary,baistrophf@chicagotribune.com,+36 (572) 227-9854
Melanie,Destouche,Levski,1994-10-24T14:14:04Z,Bulgaria,mdestouchehg@java.com,+359 (476) 401-9376
Germana,Skeldinge,Carvoeira,1954-05-01T05:33:39Z,Portugal,gskeldingehh@independent.co.uk,+351 (788) 589-3281
Loise,Ailmer,Chashan,1988-02-05T02:46:30Z,China,lailmerhi@webnode.com,+86 (590) 933-6898
Yorgos,Dubbin,Wentugaole,1971-10-16T17:12:03Z,China,,+86 (412) 153-9197
Almira,Di Nisco,Calibutbut,1955-05-02T14:21:13Z,Philippines,,+63 (284) 106-2551
Ede,Ferrai,Šenkovec,1970-03-29T03:29:41Z,Croatia,,+385 (579) 844-4061
Jeni,Foffano,Wādī Raḩḩāl,1961-03-21T23:06:43Z,Palestinian Territory,jfoffanohm@cloudflare.com,+970 (607) 570-7977
Paquito,Davidson,Abidjan,1977-04-01T17:29:03Z,Ivory Coast,pdavidsonhn@google.nl,+225 (286) 577-6986
Henrietta,Marsh,Cowansville,1981-04-06T06:59:42Z,Canada,hmarshho@fc2.com,+1 (561) 478-7050
Josepha,Turpin,Gjirokastër,1957-06-30T17:59:12Z,Albania,jturpinhp@stumbleupon.com,+355 (949) 445-1909
Traci,Doveston,Kolo,1974-10-25T23:52:10Z,Indonesia,tdovestonhq@wikipedia.org,+62 (807) 198-0418
Thorstein,Milbank,Cacequi,1978-08-14T10:40:07Z,Brazil,tmilbankhr@mac.com,+55 (895) 846-3433
Tremain,Sheppey,Xiasi,1968-06-04T21:26:27Z,China,tsheppeyhs@prlog.org,+86 (688) 366-8945
Elaine,Tame,Verkhniy Yasenov,1957-06-29T06:25:23Z,Ukraine,etameht@eepurl.com,+380 (448) 492-0227
Ruben,Cruttenden,Intendente Alvear,1976-09-13T16:59:24Z,Argentina,rcruttendenhu@php.net,+54 (907) 812-6939
Berkly,Boc,Chişinău,1998-12-01T18:30:58Z,Moldova,bbochv@yahoo.co.jp,+373 (610) 210-1762
See,Courage,La Esperanza,1981-03-14T21:58:47Z,Mexico,,+52 (472) 688-5676
Brockie,La Vigne,Sacotes,1966-11-08T18:19:29Z,Portugal,blavignehx@imageshack.us,+351 (194) 170-2550
Elvis,Bondar,Zernograd,1985-05-17T03:02:35Z,Russia,,+7 (127) 934-2711
Alena,Sands,Linggou,1967-12-12T01:00:02Z,China,,+86 (939) 976-0746
Stanley,McAline,Skidal’,1989-01-22T22:36:21Z,Belarus,smcalinei0@rediff.com,+375 (561) 463-8917
Connie,Banbrigge,Yulin,1963-12-25T08:42:20Z,China,,+86 (568) 900-6449
Catherin,Iggalden,Velikovechnoye,1964-02-14T04:43:46Z,Russia,ciggaldeni2@kickstarter.com,+7 (148) 498-4214
Yuri,Pordall,Višnjićevo,1959-10-19T18:03:28Z,Serbia,ypordalli3@google.com.br,+381 (408) 236-4115
Dunn,Bibby,Kota Bharu,1999-11-27T18:32:59Z,Malaysia,dbibbyi4@blogspot.com,+60 (625) 280-4016
Vivyan,Dinjes,Capinzal,1970-07-18T08:12:37Z,Brazil,,+55 (783) 357-4647
Madelon,Whight,Wenshao,1982-03-04T23:50:04Z,China,mwhighti6@ed.gov,+86 (791) 381-0853
Gerhard,Swainsbury,Gunungsari,1990-10-29T11:57:43Z,Indonesia,,+62 (806) 216-5290
Valaree,Mulvany,Malya,1980-08-14T10:37:36Z,Tanzania,vmulvanyi8@soup.io,+255 (657) 509-9132
Arleyne,Rawkesby,Fuchūchō,1958-10-09T15:45:19Z,Japan,,+81 (502) 711-8819
Archie,Lazenbury,Ares Tengah,1971-03-19T01:32:40Z,Indonesia,,+62 (965) 407-9116
Ardenia,Morrad,Esik,1995-03-11T17:23:18Z,Kazakhstan,amorradib@salon.com,+7 (240) 708-9201
Thorin,Tatlow,Kresek,1985-06-18T19:01:42Z,Indonesia,ttatlowic@ted.com,+62 (310) 406-0025
Stephani,Pates,Sanhe,1976-01-19T04:50:16Z,China,spatesid@csmonitor.com,+86 (476) 459-3104
Don,Dakers,Marcq-en-Barœul,1990-10-03T11:18:04Z,France,ddakersie@engadget.com,+33 (300) 729-3162
Allys,Cody,El Soberbio,1987-07-08T20:17:55Z,Argentina,acodyif@shutterfly.com,+54 (913) 528-8327
Raimund,Scrivinor,Baixo Guandu,1985-02-02T18:55:28Z,Brazil,,+55 (367) 456-4588
Eachelle,Please,Zhonghuopu,1991-05-14T02:29:07Z,China,epleaseih@goo.ne.jp,+86 (119) 823-1237
Junie,Arthey,Qijiang,1965-06-04T08:14:23Z,China,,+86 (231) 714-5018
Cory,Burkett,Gonça,1980-09-26T17:07:26Z,Portugal,cburkettij@furl.net,+351 (389) 112-2290
Celestyn,Laboune,Rabak,1968-07-02T02:00:28Z,Sudan,clabouneik@dyndns.org,+249 (678) 763-7342
Jacqui,Mahon,,,,,
Fanny,Lukesch,Jablonec nad Nisou,1984-07-01T04:46:47Z,Czech Republic,flukeschim@java.com,+420 (742) 654-8363
Tiffi,Mouatt,Pesucen,1983-11-04T10:42:37Z,Indonesia,,+62 (566) 510-9326
Lucien,Aysik,Partizansk,1959-12-29T07:28:21Z,Russia,laysikio@stumbleupon.com,+7 (750) 284-1915
Stanleigh,Hissett,Sampit,1995-05-02T17:03:05Z,Indonesia,shissettip@time.com,+62 (176) 168-3365
Elliott,Giggs,Kema,1997-03-27T22:11:45Z,Indonesia,egiggsiq@umich.edu,+62 (797) 715-3137
Rodrick,Abramovicz,Shambu,1998-11-09T22:25:51Z,Ethiopia,rabramoviczir@51.la,+251 (278) 623-9704
Keane,Zorzin,Jijiang,1957-12-13T07:03:44Z,China,kzorzinis@aol.com,+86 (927) 455-6476
Etty,Minerdo,Triolet,1992-01-19T01:15:50Z,Mauritius,eminerdoit@amazon.co.jp,+230 (978) 361-4656
Herschel,Turney,Dingzhai,1952-08-14T13:16:51Z,China,hturneyiu@de.vu,+86 (764) 811-1556
Stanford,Bradd,Ituzaingó,1969-05-03T19:19:58Z,Argentina,,+54 (802) 281-5390
Vannie,Gilburt,Stepnogorsk,1981-03-01T19:30:57Z,Kazakhstan,vgilburtiw@posterous.com,+7 (779) 169-7955
Mischa,Burrow,Cayenne,1950-03-13T11:33:38Z,French Guiana,mburrowix@google.de,+594 (602) 410-0432
Finlay,Semens,Karangasem Laok,1972-06-12T06:18:53Z,Indonesia,fsemensiy@army.mil,+62 (430) 418-0073
Carmela,Semonin,Yasinya,1957-01-21T11:45:55Z,Ukraine,csemoniniz@mayoclinic.com,+380 (260) 479-4229
Nadya,Ruppert,Sasnovy Bor,1983-12-21T20:52:23Z,Belarus,nruppertj0@xing.com,+375 (206) 556-0069
Gery,Shorrock,Nagai,1965-08-02T16:13:32Z,Japan,gshorrockj1@mtv.com,+81 (538) 447-5742
Colby,McKendo,Sanyantang,1961-03-25T19:12:35Z,China,cmckendoj2@noaa.gov,+86 (213) 482-0663
Fawne,De Andreis,Agpangi,1985-11-15T15:10:52Z,Philippines,fdeandreisj3@csmonitor.com,+63 (776) 510-1131
Ephrem,Priddis,Veltruby,1968-06-08T09:57:08Z,Czech Republic,epriddisj4@histats.com,+420 (370) 830-5306
Garner,Nottram,Antalaha,1995-05-06T20:36:32Z,Madagascar,gnottramj5@tripod.com,+261 (622) 351-4530
Deeanne,Agglio,,,,dagglioj6@oracle.com,
Adan,Wattam,Xinquansi,1984-11-02T05:09:01Z,China,awattamj7@theguardian.com,+86 (723) 863-6001
Ainslie,Mayman,Los Mangos,1997-08-11T18:21:37Z,Mexico,amaymanj8@123-reg.co.uk,+52 (124) 164-7452
Hayden,Demageard,Lianyun,1987-01-13T15:25:47Z,China,hdemageardj9@sogou.com,+86 (105) 670-3767
Prent,Gouda,Shizukuishi,1955-12-30T16:17:24Z,Japan,pgoudaja@nature.com,+81 (848) 513-5720
Earvin,Addison,Mulchén,1951-07-14T17:32:26Z,Chile,eaddisonjb@phpbb.com,+56 (783) 897-0310
Edythe,Dransfield,,,,edransfieldjc@theatlantic.com,
Frank,D'Arrigo,Punta Alta,1955-09-24T21:52:53Z,Argentina,fdarrigojd@wikispaces.com,+54 (248) 648-7889
Sissy,Portwain,Kufayrit,1975-08-05T08:09:16Z,Palestinian Territory,sportwainje@marketwatch.com,+970 (787) 816-3736
Merill,Wimlett,Horodnytsya,1962-05-22T09:23:25Z,Ukraine,mwimlettjf@timesonline.co.uk,+380 (895) 531-8093
Lorraine,Akast,Limoges,1985-11-30T10:16:52Z,France,,+33 (484) 980-4477
Ilse,Dulanty,,,,idulantyjh@feedburner.com,
Alasdair,Duggen,Jamalteca,1971-05-20T21:15:59Z,Honduras,aduggenji@businessweek.com,+504 (886) 980-0495
Tome,Wickett,Izbicko,1976-01-20T08:04:16Z,Poland,twickettjj@ifeng.com,+48 (752) 680-8361
Bink,Earlam,Guanba,1982-06-20T07:21:06Z,China,,+86 (528) 187-9464
Brad,Hewins,Madrid,1958-08-20T21:54:19Z,Spain,bhewinsjl@cam.ac.uk,+34 (994) 509-2238
Tasha,Tabourin,Stetseva,1990-04-23T10:44:00Z,Ukraine,ttabourinjm@hubpages.com,+380 (633) 738-1919
Ingeberg,Whifen,Lens,1976-03-23T07:49:10Z,France,iwhifenjn@flavors.me,+33 (588) 482-7976
Walther,Gounard,Daqiao,1961-07-10T11:01:44Z,China,wgounardjo@businesswire.com,+86 (200) 931-7412
Demetre,Craw,Barbacena,1990-02-15T11:04:05Z,Brazil,dcrawjp@amazon.de,+55 (549) 360-6804
Arley,Mangeot,Sallanches,1985-02-01T19:06:15Z,France,,+33 (526) 135-0425
Dahlia,Robilart,Laramate,1972-07-02T12:37:40Z,Peru,drobilartjr@flickr.com,+51 (358) 433-4588
Celina,Rogerot,Quba,1982-11-01T03:36:17Z,Azerbaijan,crogerotjs@toplist.cz,+994 (227) 525-2914
Zorina,Packer,Benito Juarez,1993-01-29T20:41:25Z,Mexico,zpackerjt@simplemachines.org,+52 (776) 253-1161
Jesus,Stable,Keboncau,1976-01-20T10:21:19Z,Indonesia,jstableju@economist.com,+62 (760) 991-1080
Fionna,Ghost,Burnside,1968-08-12T03:17:12Z,United Kingdom,fghostjv@smh.com.au,+44 (327) 510-9784
Jessica,Passy,Pengilon,1953-05-27T13:41:31Z,Indonesia,jpassyjw@vk.com,+62 (724) 969-9066
Rayna,Lubbock,Glogovac,1954-02-10T13:23:21Z,Kosovo,,+383 (560) 522-3752
Penn,Welfair,Al Khānkah,1973-02-07T17:25:58Z,Egypt,pwelfairjy@nature.com,+20 (824) 345-5268
Dill,Esposi,Iława,1987-07-15T10:34:22Z,Poland,desposijz@networkadvertising.org,+48 (724) 786-6861
Joane,Lince,White Rock,1986-11-15T03:27:28Z,Canada,jlincek0@php.net,+1 (827) 108-4802
Meredith,Tixier,Xindian,1975-05-12T23:08:28Z,China,mtixierk1@marketwatch.com,+86 (463) 455-8437
Merwyn,Drew,Weiqi,1998-12-29T20:56:27Z,China,mdrewk2@npr.org,+86 (260) 135-5250
Rickert,Sowden,Honolulu,1971-06-02T00:26:00Z,United States,rsowdenk3@gizmodo.com,+1 (808) 818-3109
Georgine,Rorke,Tortosa,1980-11-01T05:52:40Z,Philippines,,+63 (912) 585-6571
Charil,Helliker,Beauharnois,1975-11-05T11:31:48Z,Canada,chellikerk5@squarespace.com,+1 (702) 936-4886
Mathias,Robatham,Töreboda,1996-05-11T12:47:57Z,Sweden,mrobathamk6@noaa.gov,+46 (675) 742-4382
Cissiee,Vellender,Qingquan,1967-07-13T22:33:31Z,China,cvellenderk7@free.fr,+86 (275) 410-0931
Lisa,Borgesio,Gambarjati,1996-06-11T10:39:38Z,Indonesia,lborgesiok8@whitehouse.gov,+62 (567) 786-0266
Nomi,McCotter,San Carlos,1976-06-27T07:10:25Z,Colombia,nmccotterk9@newyorker.com,+57 (102) 103-9009
Lindon,Horder,San Miguel,1967-10-15T16:49:51Z,Philippines,lhorderka@discuz.net,+63 (663) 802-9866
Alix,Brownscombe,Aradac,1956-01-05T14:42:05Z,Serbia,abrownscombekb@independent.co.uk,+381 (603) 452-9400
Moshe,Mendonca,Serednye,1977-12-11T12:27:05Z,Ukraine,mmendoncakc@mapquest.com,+380 (872) 762-7573
Cobb,Jessard,Nantes,1972-07-08T10:01:35Z,France,cjessardkd@blogtalkradio.com,+33 (825) 637-1860
Lorinda,Hessay,Wuci,1965-04-15T19:18:33Z,China,lhessayke@usda.gov,+86 (589) 577-9661
Doralynn,Walcher,Engel’-Yurt,1976-08-05T06:00:53Z,Russia,dwalcherkf@tuttocitta.it,+7 (161) 781-2219
Fitz,Doncom,Pinhal da Marquesa,1985-05-02T08:43:36Z,Portugal,fdoncomkg@wikispaces.com,+351 (442) 805-6520
Orlan,Maunders,Fargo,1968-04-03T12:12:17Z,United States,omaunderskh@flickr.com,+1 (701) 751-5764
Madlen,Luckett,Nakhon Pathom,1957-12-27T18:03:34Z,Thailand,,+66 (452) 826-0753
Kienan,Alders,Stockholm,1995-12-08T22:55:49Z,Sweden,kalderskj@wufoo.com,+46 (658) 293-9878
Lyndell,Wiffield,Caracol,1994-07-08T12:05:34Z,Haiti,lwiffieldkk@prlog.org,+509 (627) 265-7864
Kessia,Merrikin,Hengshan,1986-11-18T16:15:57Z,China,,+86 (301) 121-5971
Talyah,Heartfield,Bojonglarang,1958-07-24T11:29:14Z,Indonesia,theartfieldkm@163.com,+62 (879) 284-5272
Matthaeus,McBayne,Mozi,1968-11-28T08:29:48Z,China,,+86 (856) 751-6241
Crawford,Tressler,Corroios,1953-06-26T15:30:51Z,Portugal,ctresslerko@slashdot.org,+351 (421) 158-4139
Jacquelin,Jickells,El Obeid,1970-10-18T04:20:43Z,Sudan,jjickellskp@zimbio.com,+249 (593) 398-2183
Georgena,Whilde,Victoria,1982-07-16T21:36:52Z,El Salvador,gwhildekq@squarespace.com,+503 (587) 994-2602
Carolina,Windham,Novomichurinsk,1990-12-05T04:07:56Z,Russia,cwindhamkr@oakley.com,+7 (906) 382-4739
Elna,O'Caine,Villavicencio,1971-03-05T18:17:41Z,Colombia,eocaineks@i2i.jp,+57 (391) 646-8940
Pacorro,Keese,Liebu,1969-01-17T01:28:50Z,China,,+86 (699) 890-6154
Fleming,Slowan,Ilām,1953-02-28T19:48:34Z,Nepal,fslowanku@histats.com,+977 (194) 136-0199
Tressa,Fourmy,Levoberezhnaya,1981-08-27T08:54:30Z,Russia,tfourmykv@oracle.com,+7 (558) 288-4032
Dee,Nassie,Arzakan,1967-01-20T03:33:54Z,Armenia,,+374 (160) 517-0049
Nisse,Wharmby,Óbidos,1978-08-20T12:59:22Z,Portugal,nwharmbykx@jiathis.com,+351 (845) 813-7931
Hunter,Lindegard,Progreso,1970-02-15T21:32:38Z,Peru,hlindegardky@weibo.com,+51 (110) 475-0396
Allister,Inglese,Ramon’,1963-09-12T01:26:46Z,Russia,ainglesekz@columbia.edu,+7 (430) 415-2155
Maribelle,Leverich,Wanquan,1975-08-12T20:30:06Z,China,mleverichl0@ocn.ne.jp,+86 (947) 429-0456
Lin,Mardell,Lidköping,1985-03-13T13:32:48Z,Sweden,lmardelll1@china.com.cn,+46 (276) 871-1749
Chick,Jeffree,Mallow,1972-08-20T12:19:17Z,Ireland,cjeffreel2@dot.gov,+353 (636) 182-3672
Ahmed,Percival,Nagasari,1956-11-13T10:26:06Z,Indonesia,apercivall3@archive.org,+62 (537) 660-3892
Leonanie,Skillman,Kafr al Labad,1972-12-15T04:07:18Z,Palestinian Territory,lskillmanl4@elegantthemes.com,+970 (139) 494-8417
Alvis,Gobeau,,,,agobeaul5@seesaa.net,
Pauly,Dorkin,Jesús María,1959-10-21T13:53:01Z,Argentina,pdorkinl6@google.co.jp,+54 (920) 833-8019
Craig,Steel,Jiaoxie,1955-07-22T21:40:14Z,China,csteell7@wp.com,+86 (338) 435-9022
Geraldine,Icke,Bagakay,1980-02-24T00:09:53Z,Philippines,gickel8@yellowbook.com,+63 (900) 434-2926
Murdoch,Grigsby,Libmanan,1962-04-05T19:30:18Z,Philippines,mgrigsbyl9@vistaprint.com,+63 (615) 894-7859
Odele,Westcot,Tosu,1952-11-07T08:21:51Z,Japan,owestcotla@who.int,+81 (138) 712-5112
Kassi,Smallcomb,Jalingo,1991-11-27T23:38:10Z,Nigeria,,+234 (928) 608-8251
Matilde,Muffin,Río Campo,1950-04-22T21:33:32Z,Equatorial Guinea,mmuffinlc@bloglines.com,+240 (367) 506-6301
Katrine,Biddles,Bungoma,1956-12-10T12:11:15Z,Kenya,kbiddlesld@nature.com,+254 (467) 843-3146
Maribeth,Busk,Arlöv,1974-12-15T19:49:24Z,Sweden,mbuskle@cmu.edu,+46 (966) 226-8512
Christa,Savell,Al Qūşīyah,1970-05-18T15:08:52Z,Egypt,,+20 (619) 189-5033
Danyelle,Dymocke,Medovene,1994-08-23T18:42:36Z,Bulgaria,ddymockelg@g.co,+359 (361) 347-0559
Druci,Mattheis,Nykarleby,1979-10-21T05:30:37Z,Finland,dmattheislh@theglobeandmail.com,+358 (464) 413-7854
Sloan,Beadles,Sanxi,1958-11-24T19:38:31Z,China,sbeadlesli@bing.com,+86 (999) 275-6102
Milissent,Roseborough,Cubará,1996-07-02T15:26:47Z,Colombia,mroseboroughlj@vimeo.com,+57 (651) 797-5100
Wandis,Laker,Huaibei,1986-04-16T08:02:53Z,China,wlakerlk@rambler.ru,+86 (180) 637-5234
Pandora,Buffy,Buur Gaabo,1994-08-14T20:48:38Z,Somalia,pbuffyll@wufoo.com,+252 (153) 166-6378
Paolo,MacArd,Nakhchivan,1993-11-22T20:44:10Z,Azerbaijan,,+994 (183) 620-6324
Anett,Rissom,Perdões,1963-04-25T04:51:19Z,Brazil,arissomln@elegantthemes.com,+55 (984) 510-5872
Birch,Spensly,Chino,1989-12-04T17:31:19Z,Japan,bspenslylo@ask.com,+81 (383) 819-7067
Hesther,Springate,Catende,1955-07-27T23:32:21Z,Brazil,,+55 (733) 114-7782
Rudiger,Taillard,Mucllo,1981-05-10T02:03:30Z,Peru,rtaillardlq@w3.org,+51 (637) 289-6431
Nil,Barizeret,Olsztyn,1996-02-18T21:30:31Z,Poland,,+48 (833) 824-3989
Laney,Petegrew,,,,lpetegrewls@economist.com,
Belvia,Gannan,Chikan,1976-01-13T02:59:30Z,China,bgannanlt@fda.gov,+86 (274) 996-6038
Alisander,Machans,Dovhe,1989-05-30T10:48:53Z,Ukraine,amachanslu@ning.com,+380 (950) 403-9955
Ezekiel,Baiden,Lefkímmi,1960-08-13T01:52:17Z,Greece,,+30 (277) 986-7979
Lutero,Durie,Fagersta,1961-07-26T12:36:46Z,Sweden,ldurielw@woothemes.com,+46 (542) 418-9374
Adda,Burleton,Kazanskaya,1950-12-26T20:52:50Z,Russia,aburletonlx@nbcnews.com,+7 (260) 180-8741
Cointon,Abys,Krasne,1995-05-26T20:50:58Z,Poland,,+48 (296) 664-5571
Gawain,Birkhead,Cucutilla,1958-10-21T05:02:48Z,Colombia,,+57 (648) 966-9738
Atlante,Graveston,Azacualpa,1966-09-16T15:07:16Z,Honduras,agravestonm0@dell.com,+504 (284) 334-6901
Kerrin,Dunkinson,Belköl,1956-03-04T15:41:25Z,Kazakhstan,kdunkinsonm1@intel.com,+7 (340) 159-4382
Coraline,Broschke,Primošten,1950-07-16T19:22:55Z,Croatia,cbroschkem2@oracle.com,+385 (350) 140-5994
Norman,Howgego,,,,nhowgegom3@google.cn,
Clevie,Batiste,Buruanga,1969-01-16T06:47:34Z,Philippines,,+63 (341) 348-5002
Karmen,Shelf,,,,kshelfm5@fastcompany.com,
Porter,Fieldhouse,Göteborg,1980-09-18T01:32:17Z,Sweden,pfieldhousem6@lycos.com,+46 (469) 113-2564
Noby,Cheesman,San Juan de Planes,1983-10-21T19:52:59Z,Honduras,ncheesmanm7@t.co,+504 (509) 298-5467
Ali,Hefford,Tiassalé,1984-05-12T22:58:12Z,Ivory Coast,aheffordm8@nih.gov,+225 (717) 327-2060
Marilee,Osselton,Siheyuan,1950-11-11T12:47:23Z,China,mosseltonm9@baidu.com,+86 (992) 489-7687
Obie,Addlestone,Llaillay,1989-12-10T10:24:59Z,Chile,oaddlestonema@yelp.com,+56 (856) 704-5490
Finley,Humbles,Kamiichi,1971-08-21T18:24:08Z,Japan,fhumblesmb@bizjournals.com,+81 (276) 382-8665
Dolf,Charon,Portalegre,1993-06-22T15:53:58Z,Portugal,dcharonmc@mashable.com,+351 (677) 354-4149
Allin,Paireman,Gancheng,1997-05-21T12:07:38Z,China,apairemanmd@hexun.com,+86 (693) 494-9128
Halsy,McGaugie,Thị Trấn Nghèn,1987-11-02T19:14:23Z,Vietnam,,+84 (299) 603-9794
Carolin,Vigors,Sergiyev Posad,1961-05-23T23:47:12Z,Russia,cvigorsmf@ebay.co.uk,+7 (660) 967-4017
Shell,Swinerd,Wuqiao,1993-07-18T19:24:40Z,China,sswinerdmg@simplemachines.org,+86 (865) 699-1342
Alwyn,L'Hommeau,Ponyri Vtoryye,1959-08-13T13:41:04Z,Russia,alhommeaumh@taobao.com,+7 (522) 578-1532
Darda,Creed,Berlin,1993-08-31T13:20:47Z,Germany,dcreedmi@exblog.jp,+49 (468) 743-4305
Callean,Minithorpe,Hénin-Beaumont,1956-09-25T10:28:52Z,France,cminithorpemj@printfriendly.com,+33 (308) 832-9749
Almire,Ing,Yarang,1984-02-07T09:00:48Z,Thailand,aingmk@list-manage.com,+66 (567) 219-2467
Juliet,Zanotti,Banjarejo,1994-08-02T11:17:08Z,Indonesia,jzanottiml@europa.eu,+62 (706) 505-6466
Eugenie,Owain,Podporozh’ye,1971-12-22T20:39:43Z,Russia,eowainmm@latimes.com,+7 (716) 243-9852
Therese,Camacke,Kute,1987-07-15T21:55:08Z,Indonesia,tcamackemn@ebay.com,+62 (307) 844-6251
Babb,Remon,Daohe,1980-05-12T23:18:01Z,China,bremonmo@hostgator.com,+86 (828) 172-0791
Annabel,Beeching,Żarki,1960-02-22T21:47:13Z,Poland,abeechingmp@tripod.com,+48 (701) 616-8493
Page,Bertelsen,Ivanovskoye,1950-10-01T22:37:20Z,Russia,pbertelsenmq@clickbank.net,+7 (115) 498-9289
Jemimah,Higgoe,Czarnowąsy,1964-02-11T14:51:47Z,Poland,jhiggoemr@soundcloud.com,+48 (958) 183-1971
Clarie,Hubbart,Cipancur,1971-11-13T07:03:39Z,Indonesia,chubbartms@twitpic.com,+62 (674) 203-7055
Dewie,Gallandre,Pili,1967-09-05T03:59:25Z,Indonesia,dgallandremt@ehow.com,+62 (771) 117-0423
Rachelle,Doman,Semikarakorsk,1962-02-23T20:24:07Z,Russia,rdomanmu@java.com,+7 (671) 137-0831
Temp,Dewitt,El Gouna,1978-07-11T10:38:34Z,Egypt,tdewittmv@businessweek.com,+20 (583) 290-5633
Beryl,Jollye,Sidi Yahia el Gharb,1961-03-14T05:05:14Z,Morocco,bjollyemw@biblegateway.com,+212 (649) 186-5189
Jo-ann,Dawtre,Lorut,1973-01-22T00:44:27Z,Armenia,jdawtremx@npr.org,+374 (849) 796-7659
Melly,Ellington,Kalashnikovo,1998-07-10T00:28:35Z,Russia,mellingtonmy@eepurl.com,+7 (146) 937-1763
Maddy,Albarez,Sozopol,1951-01-28T22:37:58Z,Bulgaria,malbarezmz@acquirethisname.com,+359 (916) 409-1996
Gus,McManamon,Panyambungan,1999-02-21T12:37:33Z,Indonesia,gmcmanamonn0@zimbio.com,+62 (777) 748-0852
Allis,Robard,Nouâdhibou,1953-03-19T10:21:30Z,Mauritania,arobardn1@statcounter.com,+222 (634) 258-2415
Brice,Matias,Zhangdian,1963-05-31T03:55:21Z,China,bmatiasn2@topsy.com,+86 (353) 839-7302
Kym,Kiendl,Símantra,1965-06-26T05:08:47Z,Greece,,+30 (773) 571-4042
Karola,Lippiett,Urho,1963-09-09T14:01:27Z,China,klippiettn4@japanpost.jp,+86 (424) 774-0907
Evan,Petican,Xinxi,1995-01-11T02:16:59Z,China,epeticann5@washingtonpost.com,+86 (799) 397-9152
Lavena,Ales0,Kafir Yasif,1980-01-11T11:43:30Z,Israel,,+972 (719) 553-7269
Ariana,Clemensen,Saint-Étienne,1953-12-16T13:19:34Z,France,aclemensenn7@intel.com,+33 (314) 347-3398
Leola,Edgehill,Stará Ves nad Ondřejnicí,1953-05-03T10:23:31Z,Czech Republic,ledgehilln8@ucla.edu,+420 (575) 833-5601
Darda,Jeffcoat,Atlanta,1973-02-20T05:54:09Z,United States,djeffcoatn9@friendfeed.com,+1 (770) 337-4147
Tallou,Kunkel,Banga,1955-08-29T18:06:56Z,Philippines,tkunkelna@fc2.com,+63 (876) 236-9350
Sibeal,Twelftree,Banjar Triwangsakeliki,1968-08-14T02:31:05Z,Indonesia,stwelftreenb@usatoday.com,+62 (526) 373-3543
Ward,Valenti,Futaleufú,1958-03-22T04:21:31Z,Chile,wvalentinc@xrea.com,+56 (508) 785-3746
Molli,Harring,Rancabolang,1951-05-10T19:00:43Z,Indonesia,mharringnd@amazon.de,+62 (674) 695-3917
Blane,Rush,Saipan,1967-02-16T02:56:33Z,Northern Mariana Islands,brushne@epa.gov,+1 (460) 871-4365
Wendy,Whipple,Ringinrejo,1962-07-22T22:04:31Z,Indonesia,wwhipplenf@t.co,+62 (645) 680-5455
Dorise,Marle,Teminabuan,1979-03-09T03:07:59Z,Indonesia,,+62 (333) 155-5738
Ulrick,D'Aeth,Usukhchay,1961-01-18T00:49:09Z,Russia,,+7 (747) 475-5341
Malchy,Reily,Muricay,1963-06-28T22:09:02Z,Philippines,mreilyni@huffingtonpost.com,+63 (639) 928-0003
Kahaleel,Boat,Ulyanovsk,1960-09-25T04:39:05Z,Russia,kboatnj@ocn.ne.jp,+7 (704) 395-8871
Talia,Kiddell,Hanyin Chengguanzhen,1961-08-19T18:08:38Z,China,tkiddellnk@un.org,+86 (823) 392-9390
Berti,Delahunty,Savelugu,1975-02-06T23:56:05Z,Ghana,bdelahuntynl@slideshare.net,+233 (347) 601-8608
Gabbey,McSparran,Uryupinsk,1985-11-29T22:25:27Z,Russia,gmcsparrannm@geocities.com,+7 (682) 200-2737
Oriana,Feeley,Sukasada,1985-09-28T10:18:20Z,Indonesia,ofeeleynn@twitter.com,+62 (830) 653-3830
Orelia,Chesson,Stockholm,1968-11-19T08:20:37Z,Sweden,ochessonno@tuttocitta.it,+46 (381) 984-8865
Emily,Belderfield,Nowe Skalmierzyce,1957-01-26T13:24:25Z,Poland,ebelderfieldnp@weather.com,+48 (297) 835-8575
Isabella,Pedlingham,Ruda-Huta,1997-12-10T19:55:04Z,Poland,,+48 (123) 175-0387
Thea,Jakes,Rushankou,1992-09-19T10:02:33Z,China,tjakesnr@w3.org,+86 (147) 340-2754
Emory,Larmuth,Mafa,1971-06-25T09:12:30Z,Nigeria,elarmuthns@blogspot.com,+234 (324) 732-7203
Cornelle,Albinson,Kangshan,1964-02-08T08:58:44Z,China,calbinsonnt@gov.uk,+86 (387) 389-5887
Izzy,Grinnikov,Magtaking,1959-09-09T05:19:40Z,Philippines,igrinnikovnu@amazon.com,+63 (872) 822-2958
Nan,Sabbatier,Myeik,1989-03-08T01:29:17Z,Myanmar,nsabbatiernv@vk.com,+95 (277) 515-0372
Maegan,Kinchlea,Sarakhs,1962-02-10T13:36:33Z,Iran,,+98 (909) 476-2797
Karie,Romeril,Pocora,1980-05-29T16:26:52Z,Costa Rica,kromerilnx@cam.ac.uk,+506 (966) 237-0388
Leonora,Abbey,Rájec-Jestřebí,1991-02-25T18:13:57Z,Czech Republic,labbeyny@godaddy.com,+420 (913) 141-9815
Tull,Stickles,Kamnica,1983-01-31T14:17:43Z,Slovenia,tsticklesnz@joomla.org,+386 (395) 507-2501
Rana,Boulde,,,,rbouldeo0@home.pl,
Cullin,Clarricoates,Telpaneca,1985-05-28T01:12:27Z,Nicaragua,cclarricoateso1@redcross.org,+505 (673) 938-2166
Evey,Pirouet,Dawu,1979-06-19T04:59:21Z,China,,+86 (553) 334-9071
Charmaine,Artus,Pentecoste,1963-10-26T02:45:04Z,Brazil,,+55 (792) 451-4587
Sada,Warrier,Linares,1961-02-10T07:33:25Z,Chile,,+56 (367) 531-0621
Romain,Gavin,Bremen,1960-08-13T16:31:06Z,Germany,rgavino5@unc.edu,+49 (436) 521-7762
Vite,Marshalleck,Sulengwaseng,1953-01-16T02:35:08Z,Indonesia,vmarshallecko6@washingtonpost.com,+62 (202) 679-0227
Crichton,Rymill,Wanli,1957-11-02T16:43:15Z,China,,+86 (514) 476-5356
Bernardo,Gutierrez,Makato,1982-08-26T22:05:40Z,Philippines,bgutierrezo8@who.int,+63 (498) 562-8392
Jacquelynn,Afield,Gostimë,1958-09-01T22:14:34Z,Albania,jafieldo9@cbsnews.com,+355 (713) 691-8551
Rory,Fildery,Orleans,1996-01-01T20:14:43Z,Brazil,rfilderyoa@youku.com,+55 (152) 704-8575
Townsend,Nears,Gangnan,1992-01-19T22:10:55Z,China,tnearsob@e-recht24.de,+86 (737) 474-0276
Etan,Wehden,Yongjiahe,1985-05-17T21:52:30Z,China,ewehdenoc@wisc.edu,+86 (939) 276-0517
Riva,Temperton,Drásov,1952-05-27T03:37:34Z,Czech Republic,rtempertonod@jigsy.com,+420 (153) 498-8472
Stephi,Krysztowczyk,Huangge,1955-08-20T00:44:56Z,China,skrysztowczykoe@cbsnews.com,+86 (346) 813-3452
Dianemarie,Rouch,Haifa,1984-08-09T21:57:02Z,Israel,,+972 (127) 668-8197
Eddie,Mallatratt,Zagórów,1979-11-25T16:43:59Z,Poland,emallatrattog@loc.gov,+48 (191) 458-5497
Kippy,Vaan,San Rafael Oriente,1982-06-19T19:11:22Z,El Salvador,kvaanoh@vimeo.com,+503 (438) 338-0066
Trstram,Purry,Hamilton,1988-03-10T20:30:51Z,Bermuda,,+1 (391) 734-1174
Griffin,Estcot,Gushikawa,1996-06-12T00:57:43Z,Japan,gestcotoj@whitehouse.gov,+81 (516) 238-8063
Quentin,Skates,San Rafael,1982-07-16T16:18:21Z,Philippines,qskatesok@oaic.gov.au,+63 (569) 640-5074
Glennis,Dakers,Daxi,1965-04-29T11:36:47Z,China,gdakersol@jiathis.com,+86 (652) 771-4784
Nathan,Long,Ostrov,1950-07-14T14:40:23Z,Russia,nlongom@wix.com,+7 (480) 806-9811
Arlena,Rubens,Ipiaú,1956-05-24T00:43:16Z,Brazil,arubenson@baidu.com,+55 (611) 623-8570
Willie,Derr,Pirané,1957-04-16T14:41:43Z,Argentina,wderroo@flavors.me,+54 (308) 359-1620
Audi,Sayburn,Portel,1958-05-31T12:05:13Z,Brazil,asayburnop@imdb.com,+55 (449) 860-9573
Emelina,McKeurton,Hasuda,1950-02-17T03:32:55Z,Japan,emckeurtonoq@mail.ru,+81 (206) 473-9424
Marys,Tomaszewicz,,,,mtomaszewiczor@netscape.com,
Natale,Labuschagne,St. Thomas,1965-07-27T09:12:48Z,Canada,nlabuschagneos@guardian.co.uk,+1 (314) 761-4303
Mack,Punton,Josefův Důl,1954-07-12T00:31:20Z,Czech Republic,mpuntonot@nsw.gov.au,+420 (849) 379-6396
Gayler,Piser,,,,gpiserou@imageshack.us,
Jada,Bedle,Limoges,1974-09-16T22:43:44Z,France,jbedleov@mozilla.com,+33 (906) 219-9144
Adolphe,Drayton,Notranje Gorice,1987-03-13T03:09:09Z,Slovenia,,+386 (340) 119-5452
Dee,Pheazey,Jiakexi,1982-07-17T01:27:34Z,China,dpheazeyox@oaic.gov.au,+86 (451) 562-9067
Kean,McCall,Dan Makham Tia,1972-04-28T09:17:35Z,Thailand,kmccalloy@blinklist.com,+66 (217) 507-5179
Brig,Broadis,Samacá,1958-10-15T23:21:35Z,Colombia,bbroadisoz@ustream.tv,+57 (367) 824-2828
Parry,Tonepohl,Kaltungo,1991-02-04T10:04:18Z,Nigeria,ptonepohlp0@jigsy.com,+234 (498) 139-4805
Vinnie,Kettlewell,Dijon,1958-10-16T15:51:56Z,France,vkettlewellp1@csmonitor.com,+33 (161) 644-2114
Glynn,Ivanuschka,Fanzhuang,1956-04-03T15:47:05Z,China,givanuschkap2@bravesites.com,+86 (544) 602-4105
Hakeem,Ashbridge,Yingchuan,1975-12-29T09:57:41Z,China,hashbridgep3@soundcloud.com,+86 (650) 173-2818
Montague,Cunio,Anzi,1956-08-07T11:04:23Z,China,mcuniop4@opera.com,+86 (434) 830-2523
Bernard,Allnutt,,,,ballnuttp5@intel.com,
Gabi,Vineall,Kulonkali,1972-12-05T18:17:21Z,Indonesia,gvineallp6@mozilla.org,+62 (696) 473-8756
Jessie,Glacken,Darnah,1972-03-29T04:47:57Z,Libya,,+218 (190) 638-2335
Harbert,Studdert,Nungga,1964-04-12T05:46:23Z,Indonesia,hstuddertp8@blinklist.com,+62 (389) 692-2463
Ariella,Feifer,Sokal’,1965-04-27T08:53:37Z,Ukraine,afeiferp9@chron.com,+380 (868) 950-3264
Jessamyn,Cuel,Lizi,1987-01-27T05:52:59Z,China,jcuelpa@parallels.com,+86 (465) 881-6753
Kylie,Gail,Fort Worth,1954-08-18T08:08:52Z,United States,kgailpb@posterous.com,+1 (817) 725-3568
Simone,Indge,Georgiyevskaya,1961-05-23T14:35:27Z,Russia,sindgepc@ox.ac.uk,+7 (848) 991-0550
Kakalina,Tootell,Lorient,1994-05-01T19:56:08Z,France,ktootellpd@weather.com,+33 (702) 152-5918
Aviva,Sumpter,Saint-Denis,1979-05-20T17:18:45Z,Reunion,asumpterpe@clickbank.net,+262 (915) 720-1908
Elmo,MacAscaidh,Az Zaytūnīyah,1980-06-15T17:34:48Z,Palestinian Territory,emacascaidhpf@csmonitor.com,+970 (826) 968-9858
Rhonda,Skittreal,Skovorodino,1957-10-03T08:00:33Z,Russia,rskittrealpg@fema.gov,+7 (430) 383-7219
Grover,Klossek,Yaguaraparo,1951-07-10T06:36:06Z,Venezuela,gklossekph@myspace.com,+58 (841) 289-7717
Thurston,Vasyagin,Hamburg,1961-09-18T17:04:31Z,Germany,tvasyaginpi@senate.gov,+49 (727) 881-2698
Sal,Wilcock,Tunzhai,1955-03-30T22:53:35Z,China,swilcockpj@home.pl,+86 (585) 565-1200
Harrison,Robroe,Hanyin Chengguanzhen,1974-07-29T21:20:22Z,China,hrobroepk@blogs.com,+86 (521) 874-3265
Thomasina,Redier,Petroúpolis,1964-08-06T13:03:01Z,Greece,tredierpl@about.me,+30 (986) 714-9654
Shane,Caesmans,Venustiano Carranza,1964-10-24T13:00:15Z,Mexico,,+52 (493) 441-0839
Garfield,Morffew,,,,,
Feliza,Tithecote,San Agustin,1969-08-02T06:37:45Z,Peru,ftithecotepo@washingtonpost.com,+51 (800) 926-8272
Jackie,Wortley,Chaoyang,1996-07-31T16:30:59Z,China,jwortleypp@unicef.org,+86 (363) 544-2022
Godwin,Tyght,Jiaotang,1960-08-24T10:58:49Z,China,gtyghtpq@nature.com,+86 (588) 586-4378
Lita,Keys,Pananaw,1978-06-03T07:31:28Z,Philippines,lkeyspr@scientificamerican.com,+63 (973) 939-8306
Marcellus,Halston,Varadero,1969-10-18T01:45:00Z,Cuba,mhalstonps@privacy.gov.au,+53 (783) 444-9302
Carroll,Lacrouts,Itajubá,1992-01-16T06:15:17Z,Brazil,clacroutspt@sciencedaily.com,+55 (122) 738-6289
Josy,Linden,Tanjungpati,1991-02-22T11:13:38Z,Indonesia,jlindenpu@reference.com,+62 (743) 231-3469
Maryann,Rubinov,Sann,1992-08-04T14:11:18Z,Pakistan,mrubinovpv@sogou.com,+92 (716) 724-9145
Kimberly,Vango,Kanye,1974-04-20T03:09:30Z,Botswana,kvangopw@buzzfeed.com,+267 (260) 783-7118
Bebe,Paradin,,,,,
Dudley,Beckham,Djambala,1968-10-17T21:08:06Z,Republic of the Congo,dbeckhampy@blogspot.com,+242 (679) 666-3338
Ramona,Ellsbury,George Town,1999-03-23T13:56:57Z,Bahamas,rellsburypz@mashable.com,+1 (953) 985-7192
Hadlee,Patridge,Secang Barat,1979-03-21T08:29:02Z,Indonesia,hpatridgeq0@jalbum.net,+62 (272) 843-6852
Merrie,Ghidoli,Chapecó,1965-03-21T12:15:34Z,Brazil,mghidoliq1@cnbc.com,+55 (178) 421-1666
Garvey,Milbourne,Līgatne,1968-02-22T09:59:27Z,Latvia,,+371 (426) 814-2062
Sherrie,Malkinson,Didian,1997-11-17T08:21:06Z,China,smalkinsonq3@prlog.org,+86 (587) 284-0105
Karola,Biffen,Kyzyl-Kyya,1986-04-22T20:23:06Z,Kyrgyzstan,kbiffenq4@intel.com,+996 (681) 992-6699
Reagan,Bercevelo,Barusuda,1976-03-24T04:18:20Z,Indonesia,rberceveloq5@go.com,+62 (850) 475-4092
Garth,Pulbrook,Mizi,1960-10-01T02:48:58Z,China,gpulbrookq6@hexun.com,+86 (519) 128-6339
Rodge,Cersey,Jiuchenggong,1962-04-06T01:30:12Z,China,rcerseyq7@wix.com,+86 (423) 465-6607
Hamish,Ruvel,Sindangkopo,1980-06-01T15:53:14Z,Indonesia,hruvelq8@bravesites.com,+62 (570) 462-1185
Jackie,Fantonetti,Olímpia,1964-09-14T04:27:12Z,Brazil,,+55 (487) 456-1865
Amery,Cady,Haoba,1969-06-15T08:11:35Z,China,acadyqa@mashable.com,+86 (213) 647-6101
Cristionna,Pincott,Escola,1952-03-17T14:58:35Z,Portugal,cpincottqb@digg.com,+351 (486) 839-4305
Jo-anne,Goncalo,Torres,1957-12-14T21:20:06Z,Brazil,jgoncaloqc@drupal.org,+55 (711) 208-1460
Damien,Jakoubec,,,,djakoubecqd@photobucket.com,
Debbie,Janczak,Alepoú,1999-09-07T12:54:00Z,Greece,djanczakqe@delicious.com,+30 (976) 408-4371
Aksel,Pettigree,Lazaro Cardenas,1980-12-13T04:01:05Z,Mexico,apettigreeqf@moonfruit.com,+52 (515) 428-9360
Mattheus,Heaven,Mabay,1999-01-19T13:09:00Z,Philippines,mheavenqg@baidu.com,+63 (577) 463-4472
Paolina,Gidney,Bīrganj,1958-12-06T17:31:46Z,Nepal,pgidneyqh@quantcast.com,+977 (482) 233-8867
Kaja,Haglinton,Pondoktelo,1973-10-22T04:34:40Z,Indonesia,khaglintonqi@squidoo.com,+62 (407) 741-1246
Bastian,Sheere,Obiaruku Quarters,1964-05-14T11:09:02Z,Nigeria,bsheereqj@chron.com,+234 (400) 397-9660
Trevar,Treadger,Stockholm,1963-01-27T12:19:45Z,Sweden,,+46 (989) 171-5392
Gustave,Greenhow,Bay Roberts,1981-09-03T12:27:54Z,Canada,ggreenhowql@si.edu,+1 (165) 185-5841
Essa,Reinert,Jose Maria Morelos,1950-08-16T10:20:09Z,Mexico,ereinertqm@bluehost.com,+52 (995) 779-8772
Justinian,Martinovsky,Doāba,1977-01-23T06:43:53Z,Pakistan,jmartinovskyqn@mac.com,+92 (283) 358-0926
Humfrey,Onslow,Zgłobień,1966-04-27T21:44:59Z,Poland,honslowqo@yolasite.com,+48 (811) 641-7871
Aylmar,Lindeberg,Zea,1977-11-20T22:22:19Z,Venezuela,,+58 (389) 212-4964
Gretna,Runacres,Changzhi,1985-05-31T23:47:35Z,China,grunacresqq@tinyurl.com,+86 (841) 277-2116
Wilbur,Philler,Nakhon Sawan,1965-10-20T12:22:44Z,Thailand,wphillerqr@nsw.gov.au,+66 (902) 222-1986
Skip,Kick,Hässelby,1980-04-01T05:44:07Z,Sweden,skickqs@comsenz.com,+46 (145) 363-7157
Matilda,Inch,Pudoc,1959-05-19T09:53:48Z,Philippines,minchqt@earthlink.net,+63 (798) 251-9041
Juliette,Blaxlande,Baloc,1981-11-14T05:27:19Z,Philippines,jblaxlandequ@indiegogo.com,+63 (314) 126-9822
Maximilien,Tomaello,Bršadin,1967-02-27T06:46:31Z,Croatia,mtomaelloqv@biglobe.ne.jp,+385 (396) 478-1759
Murdoch,Lowsely,Matur,1977-05-21T04:39:31Z,Indonesia,,+62 (873) 585-5830
Rhea,Wylder,Sapouy,1991-08-26T02:14:11Z,Burkina Faso,rwylderqx@bigcartel.com,+226 (957) 697-7014
Eldredge,Oehm,Xiangba,1976-03-13T06:21:13Z,China,eoehmqy@bloomberg.com,+86 (649) 969-9983
Ashlen,Hollows,Baohe,1974-10-21T20:26:13Z,China,ahollowsqz@wufoo.com,+86 (291) 414-0779
Cloe,Bridgnell,Frederico Westphalen,1960-06-30T03:09:14Z,Brazil,cbridgnellr0@ebay.co.uk,+55 (913) 775-3406
Livy,Le Maitre,Trudobelikovskiy,1966-09-16T09:54:28Z,Russia,llemaitrer1@twitpic.com,+7 (127) 700-4497
Archibald,Rydzynski,Yongding,1993-09-06T09:56:29Z,China,arydzynskir2@cam.ac.uk,+86 (432) 934-5615
Trstram,Kite,Yahotyn,1973-08-02T01:54:33Z,Ukraine,tkiter3@loc.gov,+380 (103) 991-0639
Griff,Glossup,Beaune,1997-12-18T08:18:50Z,France,gglossupr4@twitter.com,+33 (195) 546-1320
Margareta,Bampkin,Daqiao,1991-04-17T18:01:31Z,China,mbampkinr5@addthis.com,+86 (192) 807-3568
Mildred,Ivankov,Hüremt,1998-09-16T23:38:04Z,Mongolia,,+976 (484) 648-7562
Tracie,Munns,Strum,1966-10-23T16:39:22Z,Albania,tmunnsr7@skype.com,+355 (140) 168-6773
Finn,Echallier,El Cantón de San Pablo,1978-08-13T23:20:04Z,Colombia,fechallierr8@delicious.com,+57 (998) 687-8993
Claybourne,Holsall,Tall Ḩamīs,1974-03-06T04:30:43Z,Syria,cholsallr9@hatena.ne.jp,+963 (827) 366-5678
Travis,Howsego,Zagoryanskiy,1985-01-05T23:21:50Z,Russia,thowsegora@rakuten.co.jp,+7 (599) 503-9812
Alfie,Bausor,Haiphong,1953-02-03T10:26:49Z,Vietnam,abausorrb@ucsd.edu,+84 (846) 642-4796
Elwood,Lambertson,Stockton,1991-04-02T00:19:18Z,United States,elambertsonrc@techcrunch.com,+1 (209) 363-1289
Chiquia,Klyner,Citeguh,1961-07-25T19:36:42Z,Indonesia,cklynerrd@opera.com,+62 (560) 115-8052
Herculie,Olley,Aix-en-Provence,1950-04-11T13:32:13Z,France,holleyre@netscape.com,+33 (407) 187-7478
Darya,Lumbly,Chengdong,1962-07-07T10:54:03Z,China,dlumblyrf@istockphoto.com,+86 (110) 962-9992
Jorry,Lockery,Chengji,1998-08-27T21:38:08Z,China,jlockeryrg@youtu.be,+86 (237) 288-8750
Stormy,Bedward,Camajuaní,1977-07-11T20:49:46Z,Cuba,sbedwardrh@dedecms.com,+53 (287) 770-8995
Ashien,Highway,Sanxing,1980-02-28T03:44:32Z,China,ahighwayri@hatena.ne.jp,+86 (706) 636-0713
Ervin,Allicock,Pereira,1961-03-27T23:00:43Z,Portugal,eallicockrj@sakura.ne.jp,+351 (382) 311-9898
Bernadina,McGooch,,,,bmcgoochrk@squarespace.com,
Ives,Imos,Kobeřice,1953-03-14T01:57:13Z,Czech Republic,iimosrl@themeforest.net,+420 (695) 919-5660
Bridget,Yearron,Quţūr,1984-05-23T04:56:58Z,Egypt,byearronrm@slate.com,+20 (479) 955-7782
Welch,Tuckerman,Vogar,1986-02-27T05:08:20Z,Iceland,wtuckermanrn@nationalgeographic.com,+354 (176) 551-4171
Thekla,Miskelly,Hohhot,1983-02-10T18:15:22Z,China,tmiskellyro@dedecms.com,+86 (801) 506-1926
Roz,Fromant,Matangshan,1984-06-07T06:34:26Z,China,rfromantrp@tiny.cc,+86 (717) 302-5111
Diarmid,Pollastrino,Teixoso,1980-08-31T16:50:23Z,Portugal,dpollastrinorq@skyrock.com,+351 (156) 125-3548
Rakel,Headley,Tabonok,1979-08-22T08:07:25Z,Philippines,rheadleyrr@npr.org,+63 (220) 104-1555
