first_name,last_name,birth_place,birth_date,country_living_in,email,phone
Nikolaus,Greeves,,,,ngreeves0@nature.com,
Dukey,Kender,Asaita,30-01-1992,Ethiopia,dkender1@usnews.com,251(854)476-0254
Molli,Kubin,Arzila,29-09-1959,Portugal,mkubin2@about.com,351(811)308-7145
Gabie,Rosenhaupt,Viljakkala,21-02-1952,Finland,grosenhaupt3@illinois.edu,358(283)874-5001
Elsy,Polycote,Fucha,12-07-1985,China,epolycote4@fc2.com,86(589)292-9195
Jennee,Gaucher,Gemo,26-06-1971,China,jgaucher5@flavors.me,86(561)947-2907
Salome,Hopkynson,Outeirô,26-04-1953,Portugal,shopkynson6@phpbb.com,351(611)254-8450
Simon,Guiet,Cañete,01-03-1997,Chile,sguiet7@comsenz.com,56(333)903-9632
Chris,Yeld,Azteca,02-08-1956,Mexico,cyeld8@gmpg.org,52(958)277-0461
Edgardo,Le Marchant,Sanhe,04-03-1977,China,,86(704)110-6745
Fabiano,De Pietri,Mapulo,19-05-1986,Philippines,fdepietria@ibm.com,63(107)861-4309
Katharyn,Bradburn,Yushu,20-10-1976,China,,86(695)287-7068
Sergio,Vicker,Boa Vista,30-06-1965,Brazil,svickerc@opensource.org,55(967)261-6626
Ebeneser,Warratt,Inglewood,06-02-1977,United States,ewarrattd@soup.io,1(310)389-4312
Lonnie,Perillo,Kawangkoan,06-10-1964,Indonesia,lperilloe@over-blog.com,62(735)719-0512
Reginauld,Jacobowits,St. Catharines,29-09-1983,Canada,rjacobowitsf@arizona.edu,1(609)576-0887
Emmy,Flavelle,Tacarigua,12-08-1988,Venezuela,eflavelleg@biblegateway.com,58(753)719-8971
Tom,Allsep,Gibsons,26-10-1976,Canada,tallseph@discuz.net,1(587)388-7472
Karlens,Everit,New Washington,31-05-1989,Philippines,keveriti@cnbc.com,63(949)713-1454
Frederigo,Secret,Tân Trụ,24-12-1952,Vietnam,fsecretj@shutterfly.com,84(942)941-0189
Cecily,Grishenkov,Ţayyibat al Imām,21-03-1977,Syria,,963(838)367-4164
Lindi,Brown,Bria,12-06-1993,Central African Republic,,236(298)675-5712
Legra,Alyonov,Ivatsevichy,11-11-1958,Belarus,lalyonovm@si.edu,375(323)769-7315
Erika,MacHostie,Solna,18-10-1985,Sweden,,46(360)933-1819
Mab,Howsley,Jacareí,16-08-1964,Brazil,mhowsleyo@mapquest.com,55(322)234-2348
Ree,Goch,Antíparos,28-04-1967,Greece,rgochp@indiatimes.com,30(448)806-8114
Olympia,Zorzin,Galubakul,14-01-1952,Indonesia,ozorzinq@umich.edu,62(438)620-6950
Leonie,Hugonin,Renchaoxi,21-05-1992,China,lhugoninr@unblog.fr,86(388)912-2511
Barbette,Meehan,Huasahuasi,23-12-1976,Peru,bmeehans@google.com.hk,51(970)274-2090
Effie,Burgot,Bangan-Oda,30-11-1980,Philippines,eburgott@slideshare.net,63(575)762-8451
Kathleen,Penner,Mababanaba,25-11-1992,Philippines,kpenneru@salon.com,63(152)806-2620
Ailsun,Wastall,Machachi,28-02-1969,Ecuador,awastallv@flickr.com,593(268)822-9137
Wade,Creeghan,Misungwi,24-03-1999,Tanzania,wcreeghanw@hud.gov,255(660)766-9806
Paten,Ruskin,Bodø,10-02-1952,Norway,,47(985)123-8863
Carlita,Shieber,Cambridge,25-03-1975,Jamaica,cshiebery@state.tx.us,1(449)336-9813
Christopher,Nani,Darya Boyi,26-11-1965,China,cnaniz@360.cn,86(472)407-7548
Peyter,Webling,Zhuozishan,12-04-1994,China,pwebling10@salon.com,86(282)864-2140
Cull,Paradyce,Gävle,28-07-1959,Sweden,cparadyce11@dot.gov,46(476)178-9159
Oren,Bernardt,Lysychovo,03-02-1999,Ukraine,obernardt12@hugedomains.com,380(283)801-8212
Katey,Anfusso,Paris La Défense,07-10-1962,France,kanfusso13@bbb.org,33(870)759-7897
Helenka,Hucknall,Dubu,01-05-1990,China,hhucknall14@mapy.cz,86(770)520-8549
Cecil,Capener,Plaza de Caisán,13-09-1974,Panama,ccapener15@narod.ru,507(545)261-6369
Anna,Flucker,Kabongan Kidul,26-07-1999,Indonesia,aflucker16@gnu.org,62(191)456-3772
Fiorenze,Walker,Putrajaya,14-06-1950,Malaysia,fwalker17@google.fr,60(559)248-5750
Skye,Farr,Horten,24-09-1973,Norway,sfarr18@trellian.com,47(900)113-0561
Irina,Franzelini,Dalazi,16-12-1970,China,ifranzelini19@alibaba.com,86(854)620-4914
Myrwyn,Double,Antalaha,31-07-1973,Madagascar,,261(896)306-5474
Raina,Davidi,Guolemude,31-01-1955,China,rdavidi1b@telegraph.co.uk,86(974)140-3543
Yetta,Pendrey,Mlawe,27-08-1985,Indonesia,ypendrey1c@bloomberg.com,62(662)144-3852
Sigismond,Leach,Melfi,11-08-1972,Chad,sleach1d@sourceforge.net,235(118)141-4544
Brandy,Mattersey,Horní Cerekev,18-11-1958,Czech Republic,bmattersey1e@latimes.com,420(151)596-5526
Anthiathia,Sickling,Qinglong,08-12-1998,China,asickling1f@rakuten.co.jp,86(736)434-8134
Laverne,Ackhurst,Marco,20-12-1962,Peru,,51(280)446-4275
Maridel,Rodolphe,Murindó,09-02-1954,Colombia,mrodolphe1h@sfgate.com,57(206)856-9295
Jacquelin,Cherrett,Åkersberga,28-01-1952,Sweden,,46(797)658-1153
Phyllida,Emmot,Portëz,16-11-1984,Albania,pemmot1j@wired.com,355(937)979-4322
Germain,Mouat,Dahe,13-04-1996,China,gmouat1k@wikipedia.org,86(176)543-5454
Wilhelmine,Quirke,Jiapeng,01-05-1970,China,wquirke1l@opera.com,86(865)653-5730
Hubie,Roubottom,Magdalena,20-06-1997,Peru,hroubottom1m@blinklist.com,51(105)295-8800
Germain,Dorgon,,,,gdorgon1n@comsenz.com,
Lainey,Strothers,Psebay,13-02-1964,Russia,lstrothers1o@businesswire.com,7(389)987-9308
Stacie,Brumbie,Saint Louis,06-09-1972,United States,,1(314)374-6010
Aylmer,Epgrave,Kuršumlija,16-10-1973,Serbia,aepgrave1q@nydailynews.com,381(167)772-8095
Jacquette,Cainey,Holice,15-12-1993,Czech Republic,jcainey1r@ask.com,420(105)452-9692
Sacha,Kinghorne,Batuna Satu,25-02-1963,Indonesia,skinghorne1s@1688.com,62(135)124-7187
Abigale,Klehyn,Austin,26-04-1969,United States,aklehyn1t@themeforest.net,1(512)198-6097
Lacey,Davidove,Jaleswar,27-01-1988,Nepal,ldavidove1u@opera.com,977(265)439-6645
Beltran,Hradsky,Miřetice,20-10-1986,Czech Republic,,420(631)196-5808
Forester,Vergine,Iwo,26-02-1973,Nigeria,fvergine1w@slate.com,234(541)853-0572
Claudetta,Sandwith,Åhus,07-07-1980,Sweden,csandwith1x@smugmug.com,46(643)995-9930
Blinnie,Scouller,Poncokusumo,22-09-1992,Indonesia,bscouller1y@sciencedaily.com,62(340)144-7510
Dael,Cobello,Laocheng,13-04-1976,China,dcobello1z@myspace.com,86(810)744-2698
Nomi,Scowcroft,Pappádos,11-05-1977,Greece,nscowcroft20@icq.com,30(687)798-4913
Aeriela,McKmurrie,Bochum,03-10-1960,Germany,amckmurrie21@yale.edu,49(575)162-4302
Paulo,Gianetti,Santa Maria,19-03-1956,Mexico,pgianetti22@wired.com,52(666)419-6713
Madalyn,Godar,Tetandara,10-10-1994,Indonesia,mgodar23@dion.ne.jp,62(519)334-4849
Nikki,Kerrey,Ḩuwwārah,01-10-1963,Palestinian Territory,nkerrey24@canalblog.com,970(150)638-5683
Benedetta,Dodamead,Bol’shoye Selo,08-12-1954,Russia,bdodamead25@so-net.ne.jp,7(895)417-0840
Nancey,Sollas,Little Rock,31-10-1968,United States,nsollas26@nbcnews.com,1(501)117-1209
Bernadine,Dawltrey,Lingbei,01-03-1954,China,bdawltrey27@google.ca,86(462)601-6120
Philbert,Wilstead,Vyshneve,08-01-1977,Ukraine,pwilstead28@goo.ne.jp,380(981)448-7573
Vivien,Borman,Olympia,25-02-1987,United States,vborman29@opensource.org,1(253)111-7340
Christabel,Fasson,Pulautemiang,24-09-1990,Indonesia,cfasson2a@google.de,62(793)628-9332
Kamila,O'Giany,Biqiao,09-01-1961,China,,86(181)151-1885
Giffard,Yurov,Hengelo,09-06-1992,Netherlands,gyurov2c@pinterest.com,31(642)712-8936
Normy,Grigoryev,Zhencheng,08-07-1978,China,ngrigoryev2d@tmall.com,86(996)387-4449
Joice,Kinge,Līkak,18-08-1999,Iran,jkinge2e@addtoany.com,98(377)642-7133
Jacques,Quantrell,Sintung Timur,10-02-1959,Indonesia,,62(976)956-1960
Hephzibah,Faulkner,Kameoka,09-01-1996,Japan,hfaulkner2g@yelp.com,81(575)839-1310
Seka,Godehard.sf,Bailan,22-02-1966,Philippines,sgodehardsf2h@godaddy.com,63(842)507-4226
Daryl,Wrangle,Chełmiec,06-06-1987,Poland,dwrangle2i@1und1.de,48(584)864-6866
Aviva,Camm,Usarin,16-03-1989,Palestinian Territory,acamm2j@google.com.au,970(367)232-2302
Nickolas,Connerry,Yefimovskiy,03-01-1970,Russia,,7(860)825-7946
Roderigo,Sebborn,Złotniki Kujawskie,31-08-1959,Poland,rsebborn2l@goodreads.com,48(900)250-2122
Aylmar,Squibe,Bīrganj,27-09-1964,Nepal,asquibe2m@xrea.com,977(477)413-3709
Ralf,Lively,Getahovit,04-09-1978,Armenia,,374(205)619-2440
Pearline,Karys,Aki,04-11-1950,Japan,pkarys2o@biblegateway.com,81(664)980-9231
Kalli,Bliss,Newark,07-08-1950,United States,kbliss2p@tmall.com,1(862)964-1400
Leonid,Plumbe,Yinjiacheng,21-11-1976,China,lplumbe2q@theatlantic.com,86(310)318-2107
Corbin,Crotty,Penelas,18-10-1951,Portugal,ccrotty2r@yellowbook.com,351(550)834-3609
Birgit,Lackner,Vilya,19-02-1981,Russia,blackner2s@wunderground.com,7(460)333-7723
Regan,Fedorski,Sanshengyuan,26-11-1991,China,rfedorski2t@bloomberg.com,86(185)411-4003
Sauveur,Lawland,Lākshām,26-03-1976,Bangladesh,slawland2u@huffingtonpost.com,880(503)483-1510
Ally,Hazart,,,,ahazart2v@bloglines.com,
Carmon,Konneke,Sobral da Abelheira,17-09-1985,Portugal,ckonneke2w@howstuffworks.com,351(191)816-8113
Olivero,Bicknell,Hexing,31-12-1971,China,,86(631)518-5313
Hanni,Elmhurst,Üydzen,22-06-1986,Mongolia,helmhurst2y@gmpg.org,976(401)180-3001
Kimberley,Heggman,Großklein,09-01-1990,Austria,kheggman2z@xing.com,43(702)523-7737
Rachelle,Harse,Waipukang,26-09-1992,Indonesia,rharse30@webs.com,62(919)772-3951
Verna,Baynom,Selebi-Phikwe,03-02-1986,Botswana,vbaynom31@prlog.org,267(539)680-2358
Lonny,Parkhouse,Veles,11-09-1982,Macedonia,,389(123)725-7288
Gerri,Wadsworth,Huiwen,21-07-1952,China,gwadsworth33@bbb.org,86(789)873-8567
Jarrid,Brotherhood,Curug,13-03-1985,Indonesia,jbrotherhood34@t.co,62(441)861-8321
Ludwig,Arnout,Saint-Augustin,07-05-1961,Canada,larnout35@addtoany.com,1(680)233-6525
Rutledge,Grishaev,Bình Thủy,01-10-1996,Vietnam,rgrishaev36@arstechnica.com,84(368)840-4731
Lyon,Goutcher,Kuala Lumpur,27-05-1978,Malaysia,lgoutcher37@diigo.com,60(446)980-0434
Carolyne,McGhie,Xingfu,15-12-1985,China,cmcghie38@narod.ru,86(756)244-3225
Clemmy,Shrieve,Zhaolingpu,05-05-1961,China,cshrieve39@ucoz.ru,86(373)333-0425
Avie,Shufflebotham,Thị Trấn Tam Sơn,25-03-1978,Vietnam,ashufflebotham3a@amazonaws.com,84(179)912-5821
Hetti,Daymond,Sa Bot,10-03-1968,Thailand,hdaymond3b@xrea.com,66(940)378-0483
Ashien,Addie,Kolchikón,21-07-1951,Greece,aaddie3c@1688.com,30(288)418-7097
Ursa,Dornin,Fredrikstad,31-05-1994,Norway,udornin3d@vkontakte.ru,47(215)514-0733
Chancey,Dixsee,Umbulan,21-08-1987,Indonesia,,62(243)392-4699
Alicia,Nickolls,Barcelona,10-12-1993,Philippines,anickolls3f@ameblo.jp,63(614)889-4819
Miranda,Kerrich,Yutou,31-03-1984,China,mkerrich3g@mac.com,86(234)379-0390
Ashbey,Hughes,San José de Ocoa,23-09-1976,Dominican Republic,ahughes3h@mac.com,1(361)387-0614
Wilow,Brenton,Mustvee,14-05-1996,Estonia,,372(154)497-2421
Brittany,Penright,Arras,01-02-1989,France,bpenright3j@surveymonkey.com,33(868)938-5168
Yuma,Eloy,Gaojimiao,02-05-1996,China,yeloy3k@goo.ne.jp,86(963)355-4958
Eugen,Mathissen,Matsuyama,14-09-1961,Japan,emathissen3l@com.com,81(146)879-2207
Matthaeus,Guitt,Biecz,18-01-1989,Poland,mguitt3m@mapquest.com,48(367)272-1954
Eirena,Mulkerrins,Cayungnan,08-12-1998,Philippines,,63(499)128-1795
Trumaine,Yesson,Czerwin,23-08-1973,Poland,tyesson3o@rambler.ru,48(170)469-4350
Ezri,Betton,Zhendong,12-02-1966,China,ebetton3p@nifty.com,86(331)622-2774
Sissie,Laughrey,Kingston,30-05-1956,United Kingdom,slaughrey3q@guardian.co.uk,44(346)613-3830
Timoteo,Bloxam,Schroeder,16-02-1954,Brazil,,55(514)278-8642
Hailey,Sleany,Airmadidi,31-03-1952,Indonesia,hsleany3s@epa.gov,62(800)266-9748
Grier,Trevino,Traiguén,01-08-1998,Chile,gtrevino3t@patch.com,56(428)544-0679
Marven,Tutchener,Mingjiu,15-03-1984,China,mtutchener3u@meetup.com,86(774)367-8262
Adelina,Cheeld,Qo‘qon,11-02-1986,Uzbekistan,,998(963)582-3078
Adler,Gaine,Wangda,05-11-1989,China,againe3w@alibaba.com,86(342)128-4970
Fin,Scirman,Koźmin Wielkopolski,07-07-1980,Poland,fscirman3x@wired.com,48(488)911-9198
Vale,Labone,Hebu,26-08-1993,China,vlabone3y@blogger.com,86(905)598-3078
Janel,Ferrino,Wolofeo,25-06-1964,Indonesia,jferrino3z@baidu.com,62(381)673-1867
Holli,Wynett,Morales,16-10-1962,Colombia,hwynett40@google.com.au,57(353)346-9459
Margot,Van Driel,Argalastí,16-02-1964,Greece,mvandriel41@pbs.org,30(231)837-0633
Mureil,Woodier,Nu’erbage,08-01-1963,China,mwoodier42@wordpress.org,86(964)380-5922
Pavia,Vermer,Changjiang,07-06-1998,China,,86(171)787-8187
Cassondra,Jerrand,Costa Rica,21-11-1986,Brazil,cjerrand44@chronoengine.com,55(368)984-6952
Ivor,Usherwood,Gununglarang,03-12-1965,Indonesia,iusherwood45@earthlink.net,62(105)257-1682
Malorie,Bracegirdle,Uychi,08-07-1950,Uzbekistan,mbracegirdle46@washingtonpost.com,998(390)266-2732
Ermin,Brack,,,,ebrack47@cam.ac.uk,
Alana,McEntegart,Monte Branco,16-12-1998,Portugal,amcentegart48@go.com,351(579)414-0091
Mommy,Earngy,Krajan,11-07-1952,Indonesia,,62(365)510-3117
Fairlie,Hawarden,Boleiros,12-10-1968,Portugal,fhawarden4a@pbs.org,351(288)433-5587
Brant,McKomb,Manogay,19-08-1978,Afghanistan,bmckomb4b@moonfruit.com,93(459)783-3580
Livia,Neesam,Wootton,14-09-1988,United Kingdom,lneesam4c@xing.com,44(865)100-1130
Maxwell,MacColm,Chuanxi,31-10-1994,China,mmaccolm4d@drupal.org,86(837)759-5329
Madelene,Belderson,Sathon,30-04-1990,Thailand,mbelderson4e@oracle.com,66(906)743-6460
Forster,Heasley,Tanjung,31-07-1991,Indonesia,fheasley4f@java.com,62(546)624-0598
Teresa,O'Calleran,Moissy-Cramayel,01-02-1957,France,tocalleran4g@twitpic.com,33(856)592-3577
Loella,Hawkridge,Shuangchahe,15-03-1954,China,lhawkridge4h@surveymonkey.com,86(903)890-0630
Madeline,Patton,Lišov,31-01-1962,Czech Republic,mpatton4i@mozilla.org,420(133)984-6611
Matilda,Luckham,Santo Antônio do Içá,22-01-1988,Brazil,mluckham4j@vkontakte.ru,55(672)963-5209
Fianna,Brea,Shimen,27-07-1981,China,fbrea4k@google.es,86(332)675-7540
Ode,Cassie,Romorantin-Lanthenay,08-11-1964,France,,33(589)416-9487
Abe,Dana,Zhuangbian,09-10-1993,China,adana4m@smugmug.com,86(786)232-9605
Natasha,Marle,Mahaba,16-01-1962,Philippines,nmarle4n@furl.net,63(526)351-1850
Chaddie,Lockner,Dasha,08-12-1963,China,clockner4o@imgur.com,86(762)254-4558
Randall,Gaishson,,,,rgaishson4p@google.de,
Izaak,Asaaf,Yoichi,06-05-1980,Japan,,81(761)491-6367
Neila,Brosi,Cordon,22-07-1983,Philippines,nbrosi4r@businesswire.com,63(839)279-8487
Jenny,Kenningham,Umm Kaddadah,17-12-1955,Sudan,jkenningham4s@theguardian.com,249(912)378-5652
Roscoe,Rein,Bao’an,31-01-1957,China,rrein4t@friendfeed.com,86(344)748-0193
Rupert,Rochester,Kubang,19-10-1986,Indonesia,rrochester4u@imdb.com,62(696)328-4224
Maddie,Gayden,Suzaka,17-01-1973,Japan,mgayden4v@imdb.com,81(812)234-6491
Erwin,Goulborn,Hekou,05-09-1991,China,egoulborn4w@pbs.org,86(758)607-1429
Ginger,Woolam,Hacı Zeynalabdin,06-02-1998,Azerbaijan,gwoolam4x@bloglines.com,994(670)627-4102
Reidar,Learmonth,Yangirabot,12-07-1990,Uzbekistan,rlearmonth4y@ning.com,998(853)928-5449
Nikaniki,Coppledike,Xiushi,24-09-1992,China,ncoppledike4z@reuters.com,86(472)819-8022
Dougy,Byass,Rakszawa,05-09-1984,Poland,dbyass50@soundcloud.com,48(745)992-0740
Hillyer,Torra,Cijangkar,14-02-1976,Indonesia,,62(437)414-1630
Ceciley,Abrahamsen,Malya,11-01-1973,Tanzania,cabrahamsen52@weather.com,255(369)246-9710
Lynnea,Albery,Lugui,25-11-1981,Philippines,lalbery53@skyrock.com,63(324)984-4816
Edythe,Lamp,Ise,04-07-1978,Japan,elamp54@dedecms.com,81(574)201-7195
Sena,Lawless,Fukadale,13-10-1951,Indonesia,slawless55@wp.com,62(695)943-1032
Estel,Tredinnick,Washington,31-05-1955,United States,etredinnick56@bigcartel.com,1(202)734-9468
Boony,Phetteplace,Meringkik,09-06-1962,Indonesia,bphetteplace57@elegantthemes.com,62(425)920-9895
Oswald,Capponer,Sukagawa,01-09-1980,Japan,,81(504)508-4306
Corey,Lumber,Baima,29-07-1996,China,clumber59@theglobeandmail.com,86(429)515-6593
Amitie,Rathe,Xinba,18-05-1981,China,arathe5a@dion.ne.jp,86(940)716-9861
Carolee,Slimings,Marseille,08-11-1955,France,cslimings5b@about.com,33(135)763-8791
Annnora,Ravenshear,Shijiazhuang,29-10-1982,China,,86(559)933-5880
Cornela,Sighard,Ijuw,20-08-1955,Nauru,,674(968)208-0042
Walsh,Leaver,Soledad,15-01-1964,Venezuela,wleaver5e@hugedomains.com,58(552)680-9811
Tallie,Langdon,Burnham,04-04-1958,New Zealand,,64(232)644-8895
Maegan,Manston,Siemiatycze,24-03-1989,Poland,mmanston5g@163.com,48(283)889-0347
Joy,Glide,Staromyshastovskaya,02-03-1989,Russia,jglide5h@dyndns.org,7(382)116-4242
Sarah,Avard,Limoges,23-01-1993,France,savard5i@a8.net,33(630)237-5204
Shadow,Boss,Zhichu,23-06-1971,China,sboss5j@dell.com,86(731)462-5746
Meryl,Potkins,Camatagua,05-04-1997,Venezuela,mpotkins5k@dedecms.com,58(517)978-1661
Eirena,Proschke,Postupice,12-04-1986,Czech Republic,,420(843)659-5540
Alfie,Raise,Saratov,08-11-1958,Russia,,7(524)233-7529
Shirlee,Tremayle,Yuexi,01-10-1951,China,stremayle5n@cmu.edu,86(156)785-5155
Rodie,Atlee,Sobreda,24-08-1969,Portugal,ratlee5o@google.com.hk,351(864)698-0496
Nicolas,Toon,Kota Kinabalu,09-01-1967,Malaysia,ntoon5p@youtu.be,60(801)169-2384
Laina,Shynn,,,,lshynn5q@columbia.edu,
Neill,Hub,Xihongmen,19-05-1998,China,nhub5r@globo.com,86(454)598-2098
Chrisy,Elcock,Tsurusaki,21-05-1962,Japan,celcock5s@github.com,81(583)626-5456
Rachelle,Rudge,Solčava,17-04-1983,Slovenia,rrudge5t@instagram.com,386(917)995-6846
Renaldo,Airth,Alagoa Grande,18-07-1950,Brazil,rairth5u@php.net,55(536)561-9993
Clevey,Pottiphar,Sanshan,23-04-1959,China,cpottiphar5v@tinypic.com,86(470)940-3497
Arthur,Robathon,Buarcos,06-02-1993,Portugal,arobathon5w@cnn.com,351(485)239-7392
Webb,Clutterbuck,Nizhnyaya Maktama,10-06-1971,Russia,wclutterbuck5x@phoca.cz,7(779)974-2515
Fidole,Murphey,Huakoulongtan,13-10-1955,China,fmurphey5y@cbc.ca,86(700)582-8693
Uri,Wilfling,Boudinar,18-10-1977,Morocco,uwilfling5z@wordpress.org,212(897)727-5712
Edith,Park,Achada,11-07-1999,Portugal,epark60@t.co,351(777)545-5312
Britta,Blinder,Xuebu,21-08-1963,China,bblinder61@disqus.com,86(205)683-6091
Fanya,Mont,Maluko,05-10-1977,Philippines,,63(274)882-1102
Jany,Caldwell,Memphis,23-07-1994,United States,,1(901)132-4193
Nigel,Kunat,Glamoč,12-11-1969,Bosnia and Herzegovina,,387(547)516-9892
Mala,Gethen,Purwodadi,11-12-1970,Indonesia,mgethen65@prlog.org,62(501)569-0887
Arabella,Bibby,Lachute,23-09-1970,Canada,abibby66@people.com.cn,1(733)336-4719
Rufus,Yeomans,Tikhvin,19-10-1960,Russia,,7(822)705-0960
Pollyanna,Beadon,Karatsu,12-01-1977,Japan,pbeadon68@flickr.com,81(619)325-7336
Tana,Bortolazzi,Tangtou,25-10-1986,China,tbortolazzi69@ask.com,86(799)771-7688
Izzy,Neeve,Beni Khiar,30-06-1964,Tunisia,,216(929)583-0219
Lanny,Tonbridge,Fílla,19-01-1993,Greece,ltonbridge6b@apache.org,30(431)922-7702
Zechariah,Janovsky,Barberton,02-09-1979,South Africa,zjanovsky6c@mysql.com,27(246)901-1188
Torrie,Berr,Ouricuri,06-02-1995,Brazil,tberr6d@addthis.com,55(567)889-8036
Lisetta,Bellocht,Mertert,22-08-1991,Luxembourg,lbellocht6e@jugem.jp,352(451)239-2857
Wallache,Aldritt,Guadalupe,30-11-1981,Peru,waldritt6f@ameblo.jp,51(698)339-4872
Lucian,Rowter,Chandra,14-11-1959,Comoros,lrowter6g@home.pl,269(255)278-0999
Allister,Kordt,Hongping,12-12-1992,China,,86(337)625-5660
Gerik,Riddich,Staryy Oskol,16-05-1998,Russia,griddich6i@biblegateway.com,7(401)172-3812
Rose,Baselio,Vila Chã,29-05-1971,Portugal,rbaselio6j@nps.gov,351(874)872-3814
Natassia,Reade,Zhizhong,16-06-1980,China,nreade6k@networkadvertising.org,86(324)572-7276
Cirstoforo,Ogley,Campraksanta,13-04-1953,Indonesia,cogley6l@nydailynews.com,62(690)259-0491
Larina,Bricket,Chyhyryn,08-01-1967,Ukraine,lbricket6m@seesaa.net,380(517)891-3064
Emili,Osgarby,Huangdi,09-07-1994,China,eosgarby6n@adobe.com,86(314)837-4302
Pepita,Losemann,Krasnogorsk,05-02-1971,Russia,plosemann6o@chron.com,7(163)839-6412
Cornela,Imrie,Krajan Winong,28-12-1990,Indonesia,cimrie6p@epa.gov,62(372)511-8059
Alexine,Sunnucks,Mosrentgen,21-01-1953,Russia,asunnucks6q@flavors.me,7(874)150-6881
Pamela,Maxfield,Trudobelikovskiy,20-04-1973,Russia,pmaxfield6r@lycos.com,7(731)816-2628
Gaspar,Clemonts,Lurugan,27-04-1991,Philippines,gclemonts6s@prweb.com,63(929)922-7866
Lelah,Pill,Eira Nova,08-10-1968,Portugal,,351(420)365-9292
Raoul,Hanselmann,Tungol,20-04-1950,Philippines,rhanselmann6u@geocities.com,63(565)783-6462
Glynnis,Winchurst,Sysert’,31-10-1965,Russia,gwinchurst6v@discuz.net,7(223)830-3288
Nelly,Kersley,Hongyansi,14-10-1955,China,nkersley6w@de.vu,86(932)851-9982
Ricky,Uppett,Tucson,07-12-1998,United States,ruppett6x@myspace.com,1(520)984-9048
Vitoria,Corp,,,,vcorp6y@mashable.com,
Meta,Bahde,Chumphon Buri,05-05-1956,Thailand,mbahde6z@state.tx.us,66(336)332-3230
Babita,Blowfelde,Guadalupe,15-08-1989,Mexico,bblowfelde70@macromedia.com,52(209)350-9916
Milka,Jest,Một Ngàn,02-05-1987,Vietnam,mjest71@earthlink.net,84(454)471-7173
Arabel,Tireman,Mlaka pri Kranju,25-08-1993,Slovenia,atireman72@bbb.org,386(279)257-9373
Daffie,Hutchings,Markaz Bilād aţ Ţa‘ām,03-05-1952,Yemen,dhutchings73@hao123.com,967(498)737-2966
Rita,Yoselevitch,Jimenez,24-10-1973,Philippines,,63(784)188-2022
Fergus,Fulford,Malhou,05-02-1992,Portugal,ffulford75@europa.eu,351(439)269-6486
Ashleigh,Mulholland,Julayjilah,08-06-1989,Saudi Arabia,amulholland76@diigo.com,966(440)334-9453
Thibaud,Pinder,Namysłów,07-06-1971,Poland,tpinder77@lulu.com,48(964)768-0048
Leslie,Mathiot,,,,lmathiot78@weibo.com,
Micky,Mundell,Pangpang,29-01-1968,Philippines,mmundell79@weibo.com,63(444)785-1767
Ashely,Tissiman,Balzar,22-08-1962,Ecuador,atissiman7a@deliciousdays.com,593(613)284-2035
Melosa,Geram,Ħamrun,01-12-1987,Malta,mgeram7b@51.la,356(621)517-8497
Marabel,Eyton,Hengqu,07-05-1994,China,meyton7c@printfriendly.com,86(512)903-3055
Jaime,Arpin,Štitar,11-05-1956,Croatia,jarpin7d@wikipedia.org,385(186)359-5123
Leontine,Marrett,Jingzhou,02-08-1979,China,lmarrett7e@topsy.com,86(924)850-3595
Gaby,Pietroni,Huangdu,08-12-1972,China,gpietroni7f@yandex.ru,86(189)810-0831
Putnem,Friman,Sulang Tengah,10-11-1957,Indonesia,pfriman7g@symantec.com,62(282)897-4211
Patton,Vanini,Chengbei,27-06-1991,China,,86(940)641-6574
Alidia,Kleinstern,Meiyuan,14-10-1966,China,akleinstern7i@wunderground.com,86(520)389-8571
Farleigh,Okker,Sumberejo,24-07-1991,Indonesia,fokker7j@google.pl,62(454)904-3636
Rickard,Height,Tutayev,03-12-1994,Russia,rheight7k@ifeng.com,7(561)148-3638
Heinrik,Lowbridge,Sangallaya,24-03-1955,Peru,hlowbridge7l@vistaprint.com,51(799)717-9188
Lishe,Beart,Effium,25-08-1986,Nigeria,lbeart7m@bloomberg.com,234(797)669-6889
Anabal,Dyche,Kiten,19-12-1978,Bulgaria,adyche7n@arizona.edu,359(104)868-2462
Kaspar,Baptista,Smolensk,21-12-1995,Russia,kbaptista7o@creativecommons.org,7(739)701-1162
Jess,Anthonies,Ḥurfeish,28-09-1985,Israel,janthonies7p@accuweather.com,972(448)444-5100
Antonino,Antonich,Suponevo,16-10-1999,Russia,aantonich7q@businessweek.com,7(447)532-1675
Scotti,Laurant,,,,,
Izabel,De Francisci,Jūrat ash Sham‘ah,29-01-1986,Palestinian Territory,idefrancisci7s@uol.com.br,970(553)728-0248
Ignacius,Tims,Yutsa,24-12-1967,Russia,itims7t@yale.edu,7(943)553-9208
Dani,Corrison,Presidente Prudente,09-07-1983,Brazil,dcorrison7u@mozilla.com,55(265)204-4874
Tremain,Brabant,Forssa,17-08-1994,Finland,tbrabant7v@wikimedia.org,358(944)474-6336
Ashley,Botfield,Pokrovskoye,31-07-1966,Russia,,7(857)136-1357
Brigg,Stranio,Los Angeles,14-07-1990,Mexico,bstranio7x@nydailynews.com,52(150)766-8180
Witty,Thurlby,San Jose,02-10-1950,United States,wthurlby7y@scribd.com,1(408)872-2553
Devland,Arnli,Wasogolo,28-12-1964,Indonesia,darnli7z@twitter.com,62(783)972-8183
Constancy,Lamonby,Sarimukti Kaler,07-11-1979,Indonesia,clamonby80@wikipedia.org,62(863)667-9596
Kathe,Rapi,Paris 02,19-03-1973,France,krapi81@usda.gov,33(499)623-8398
Esme,Ing,Beloyarskiy,11-02-1985,Russia,eing82@nifty.com,7(320)636-1232
Russell,Shimon,Baraçais,18-05-1985,Portugal,rshimon83@psu.edu,351(274)421-8159
Brena,Rolingson,Hudson,15-08-1992,Canada,brolingson84@com.com,1(548)273-1428
Janeen,Howie,Dushang,01-07-1994,China,jhowie85@myspace.com,86(647)734-2055
Annamaria,Gossart,José Bonifácio,25-05-1957,Brazil,agossart86@constantcontact.com,55(628)857-5733
Sollie,Shapland,,,,sshapland87@statcounter.com,
Dita,Temple,Prínos,12-05-1953,Greece,dtemple88@tiny.cc,30(335)261-9864
Celeste,Cloke,Yashao,31-08-1992,China,ccloke89@geocities.jp,86(239)349-7058
Leontine,Chaloner,Phúc Yên,02-03-1990,Vietnam,lchaloner8a@youtube.com,84(423)141-5905
Constancia,Schutte,Sokolo,28-11-1963,Mali,cschutte8b@google.fr,223(829)835-3467
Papageno,Priest,,,,ppriest8c@networkadvertising.org,
Mateo,Grealish,Slobodskoy,30-09-1975,Russia,mgrealish8d@alexa.com,7(528)986-7517
Marylinda,Reavey,Tunoshna,13-10-1987,Russia,,7(907)754-5448
Pamela,Hackley,Dobryanka,09-04-1988,Ukraine,,380(181)768-8194
Torrance,Tesyro,Xincheng,30-08-1952,China,ttesyro8g@opensource.org,86(754)656-9375
Bria,Florence,Sedati,05-07-1977,Indonesia,bflorence8h@1und1.de,62(156)515-0232
Poul,Hairs,Tanniu,28-04-1998,China,phairs8i@altervista.org,86(158)235-8773
Titos,Antushev,,,,,
Hersh,Jaine,Nanga Eboko,21-08-1996,Cameroon,hjaine8k@businesswire.com,237(603)709-6570
Karylin,Matyas,Alebtong,24-07-1997,Uganda,kmatyas8l@upenn.edu,256(227)404-2073
Angela,McRobb,Panjir,08-01-1998,Indonesia,amcrobb8m@dell.com,62(689)588-5603
Fanni,Windsor,Gyangkar,10-08-1993,China,fwindsor8n@bloglovin.com,86(200)395-3605
Dixie,Robe,Tuanchengshan,14-02-1982,China,drobe8o@mit.edu,86(215)192-2233
Leland,Roser,T’ongch’ŏn-ŭp,29-08-1969,North Korea,lroser8p@webeden.co.uk,850(923)523-3629
Boycie,Rands,Izumi,22-01-1962,Japan,brands8q@auda.org.au,81(254)902-9037
Laryssa,Caveill,Oslo,07-07-1958,Norway,lcaveill8r@google.co.jp,47(753)955-5178
Rodd,Currall,Daojiang,11-05-1982,China,rcurrall8s@disqus.com,86(853)515-9609
Abbey,Bosdet,Jōetsu,28-04-1956,Japan,abosdet8t@dion.ne.jp,81(903)114-8150
Loren,Sollime,Paris 18,19-05-1991,France,lsollime8u@amazon.co.jp,33(954)796-0556
Cybil,Nilges,Karlskoga,25-04-1973,Sweden,,46(447)844-6472
Rafferty,de Copeman,,,,rdecopeman8w@utexas.edu,
Abbie,Ayers,Minuwangoda,22-03-1958,Sri Lanka,aayers8x@zimbio.com,94(252)163-3332
Alecia,Bohlens,Toila,19-04-1994,Estonia,,372(802)700-4861
Gweneth,Kirkland,Zheleznogorsk,07-02-1986,Russia,gkirkland8z@narod.ru,7(838)316-2516
Noami,Leech,Shetan,01-07-1972,China,nleech90@livejournal.com,86(204)265-1698
Chrisse,Fearne,Manhuaçu,31-01-1999,Brazil,cfearne91@cpanel.net,55(988)456-1897
Ellen,Bodemeaid,Guaymango,16-03-1983,El Salvador,ebodemeaid92@salon.com,503(763)125-3620
Drucie,Chapleo,Rembes,12-10-1977,Indonesia,dchapleo93@uiuc.edu,62(316)495-4546
Rik,Aslum,Pengfang,12-02-1982,China,raslum94@list-manage.com,86(318)549-2577
Krishnah,Matyushkin,,,,kmatyushkin95@blogtalkradio.com,
Emalia,Ashe,,,,eashe96@squarespace.com,
Emerson,Davidy,Arboga,22-07-1952,Sweden,,46(847)981-9452
Kara-lynn,Klewi,Sūrāb,10-10-1984,Pakistan,kklewi98@slideshare.net,92(853)965-1283
Karissa,Dinesen,La Paz,28-09-1988,Philippines,,63(994)702-6950
Hamish,Slade,Lanús,22-06-1986,Argentina,hslade9a@bloomberg.com,54(764)618-5315
Neysa,Trewin,,,,ntrewin9b@independent.co.uk,
Donnie,Glasbey,Longqiao,26-06-1967,China,dglasbey9c@bloglines.com,86(744)212-4603
Karylin,Sutherley,Nong Ki,01-08-1992,Thailand,ksutherley9d@ebay.com,66(663)594-2089
Bianca,Berrygun,Dongtang,21-11-1987,China,bberrygun9e@4shared.com,86(694)396-8400
Ambros,Grushin,Konosha,29-09-1962,Russia,agrushin9f@engadget.com,7(440)398-4881
Jeromy,Ovid,Yangmaogong,13-06-1963,China,jovid9g@ucoz.com,86(990)874-2345
Bron,Dorn,Embarcación,27-11-1965,Argentina,bdorn9h@github.com,54(362)800-3275
Les,Bosanko,Shādegān,17-07-1976,Iran,lbosanko9i@statcounter.com,98(101)208-0107
Hedwiga,Rabjohns,Río Viejo,30-05-1994,Colombia,hrabjohns9j@slideshare.net,57(948)234-4344
Saunderson,Storry,Ostashkov,15-12-1997,Russia,sstorry9k@nydailynews.com,7(271)502-0234
Star,Jillard,Gerelayang,16-04-1965,Indonesia,sjillard9l@tmall.com,62(676)397-6851
Welch,Killshaw,Nueva Helvecia,14-04-1998,Uruguay,wkillshaw9m@technorati.com,598(306)444-9704
Reta,Radleigh,Nyzhni Petrivtsi,09-10-1953,Ukraine,rradleigh9n@jimdo.com,380(800)613-5019
Sandy,Wissby,Songjiang,29-04-1953,China,swissby9o@edublogs.org,86(475)700-7316
Artair,Battye,Kuznetsovs’k,22-11-1996,Ukraine,abattye9p@uiuc.edu,380(624)238-6656
Erin,Rollason,Severoural’sk,29-09-1977,Russia,,7(971)739-3845
Ellyn,Battman,San Isidro,18-04-1988,Mexico,ebattman9r@google.com.hk,52(764)324-2354
Sofia,Tregonna,Mao’ershan,06-02-1981,China,stregonna9s@barnesandnoble.com,86(880)821-0026
Bartolomeo,Manwell,Karaidel’,25-08-1972,Russia,bmanwell9t@home.pl,7(243)186-5491
Nariko,Kewzick,Stoney Ground,17-12-1985,Anguilla,,1(340)843-2561
Julietta,Maytum,Yorosso,18-09-1968,Mali,jmaytum9v@geocities.com,223(615)709-7723
Yovonnda,Surmeir,Isiolo,09-07-1962,Kenya,ysurmeir9w@webmd.com,254(675)108-2427
Pauly,Liebermann,Bŭka,03-12-1971,Uzbekistan,pliebermann9x@g.co,998(615)411-9895
Nell,Ive,Linan,24-11-1988,Philippines,nive9y@scientificamerican.com,63(597)524-9065
Alonso,Grumble,Heshengbao,02-06-1981,China,agrumble9z@wired.com,86(422)872-6241
Darline,Cudihy,Tlumach,11-04-1977,Ukraine,dcudihya0@digg.com,380(942)299-6462
Hunfredo,Woodage,Radenka,10-12-1962,Serbia,hwoodagea1@creativecommons.org,381(118)761-9069
Corey,Scraggs,Gambalidio,14-11-1991,Philippines,cscraggsa2@theatlantic.com,63(574)651-6988
Staffard,Malkin,Chang’an,03-09-1965,China,smalkina3@mapquest.com,86(488)614-0288
Wyn,Farnes,Milwaukee,25-08-1972,United States,,1(262)892-8830
Amelie,Sansum,Trebisht-Muçinë,06-11-1950,Albania,asansuma5@yale.edu,355(515)293-7621
Torie,Jossum,Ilembula,27-05-1955,Tanzania,tjossuma6@cbsnews.com,255(534)461-9155
Annmaria,Prescott,Ribeira Grande,11-12-1972,Cape Verde,aprescotta7@barnesandnoble.com,238(788)355-8003
Piotr,Fandrey,Palestina,21-12-1999,Philippines,pfandreya8@technorati.com,63(733)154-5058
Obadias,Cometson,Nacka,10-04-1992,Sweden,ocometsona9@accuweather.com,46(483)653-8409
Gamaliel,Hargate,Tovačov,18-01-1964,Czech Republic,ghargateaa@ca.gov,420(420)845-4435
Stevena,Maseyk,Kurów,07-03-1956,Poland,smaseykab@hp.com,48(212)391-8391
Jared,Jahnig,Santa Rosa,26-08-1973,Brazil,jjahnigac@dagondesign.com,55(550)549-3302
Adora,Corbie,Mojoagung,18-09-1973,Indonesia,acorbiead@soup.io,62(316)374-3130
Chanda,Cockayme,,,,ccockaymeae@wunderground.com,
Rayshell,Hudghton,,,,rhudghtonaf@simplemachines.org,
Fancie,Cutts,Strání,11-02-1983,Czech Republic,,420(824)243-2246
Bellina,Tudge,,,,btudgeah@google.ca,
Gale,Ingham,Chaiyaphum,03-04-1982,Thailand,ginghamai@storify.com,66(903)839-9564
Waldemar,Haskett,Damascus,22-05-1977,Syria,whaskettaj@ezinearticles.com,963(480)982-1816
Moritz,Bowes,Meishan,02-06-1955,China,,86(491)157-4629
Trixi,Mines,Matias Olímpio,09-05-1951,Brazil,tminesal@constantcontact.com,55(186)241-1687
Blinnie,Rodenhurst,,,,brodenhurstam@naver.com,
Cyrus,Osan,Imeni Tsyurupy,18-03-1993,Russia,cosanan@earthlink.net,7(591)813-3838
Minna,Paulin,Moriya,26-02-1968,Japan,,81(770)535-3484
Val,Welband,San Antonio,25-12-1955,Argentina,vwelbandap@opensource.org,54(804)899-4148
Ruddy,Ardling,Bella Unión,10-07-1980,Uruguay,rardlingaq@scientificamerican.com,598(993)960-9359
Bunny,Teacy,Quichuay,27-03-1957,Peru,bteacyar@washingtonpost.com,51(817)947-8057
Livia,McWhorter,Chenfang,14-11-1954,China,lmcwhorteras@cornell.edu,86(388)499-1647
Lianna,Hayfield,Vawkavysk,24-01-1977,Belarus,lhayfieldat@ibm.com,375(723)998-2597
Jori,Bloan,Yutsa,26-10-1975,Russia,jbloanau@facebook.com,7(584)863-4296
Mason,Moodie,Ten’gushevo,25-07-1973,Russia,mmoodieav@businessinsider.com,7(922)984-4116
Hannis,Marquis,Clarin,21-02-1975,Philippines,hmarquisaw@networksolutions.com,63(126)890-2469
Fernanda,MacLoughlin,Jiangnan,03-12-1967,China,fmacloughlinax@merriam-webster.com,86(629)167-6557
Deerdre,Basterfield,Yōkaichiba,12-11-1996,Japan,dbasterfielday@usa.gov,81(738)407-8752
Ashien,Martugin,Vsetín,15-11-1992,Czech Republic,amartuginaz@nih.gov,420(189)591-5341
Blaine,Percifer,Samajie Ewenkeminzu,16-08-1951,China,bperciferb0@netscape.com,86(898)788-8591
Abagail,McCarver,Ulricehamn,04-01-1990,Sweden,amccarverb1@ning.com,46(570)865-2093
Desiri,Verma,Nueve de Julio,06-04-1985,Argentina,dvermab2@hugedomains.com,54(451)324-3052
Kristin,Cornwall,Afaahiti,17-06-1980,French Polynesia,kcornwallb3@hubpages.com,689(232)953-8129
Flinn,Humblestone,Tyret’ Pervaya,10-08-1955,Russia,,7(337)647-8471
Arlana,Mattisson,Maying,30-09-1972,China,amattissonb5@google.ca,86(318)292-7800
Martelle,Bygott,Litvínovice,24-04-1987,Czech Republic,mbygottb6@slashdot.org,420(264)947-7338
Blayne,Possell,Miejska Górka,27-11-1998,Poland,bpossellb7@state.tx.us,48(602)108-5036
Rockey,Barbara,Solo,19-09-1979,Philippines,rbarbarab8@reuters.com,63(370)476-4588
Sula,Van der Kruys,Quintães,10-07-1983,Portugal,svanderkruysb9@va.gov,351(648)867-5773
Nickolaus,Chadbourne,Nacala,27-12-1957,Mozambique,nchadbourneba@yahoo.co.jp,258(147)158-0403
Seward,Showers,Jing’an,19-01-1968,China,sshowersbb@discovery.com,86(973)191-9718
Ileana,Wenger,San Fernando,24-12-1980,Philippines,iwengerbc@alexa.com,63(689)443-4146
Abramo,Sole,Sierakowice,28-11-1991,Poland,asolebd@reddit.com,48(655)297-0010
Nahum,Durrant,Nioro,12-11-1975,Mali,ndurrantbe@facebook.com,223(637)264-4476
Reg,Petasch,Ojos de Agua,01-02-1953,Honduras,rpetaschbf@yellowbook.com,504(832)129-4559
Dorella,Cristol,Kimanuit,25-03-1976,Philippines,dcristolbg@un.org,63(142)515-3206
Bernhard,Leare,Gajiram,26-07-1971,Nigeria,blearebh@moonfruit.com,234(123)726-5842
Tam,Rault,La Chapelle-sur-Erdre,06-09-1990,France,,33(128)466-2399
Britt,Novacek,Brčko,22-05-1996,Bosnia and Herzegovina,bnovacekbj@about.me,387(642)637-2308
Aretha,Knewstub,Liwan,25-04-1959,Philippines,aknewstubbk@friendfeed.com,63(189)688-6950
Naomi,Linkin,Lanzhong,03-06-1974,China,nlinkinbl@webmd.com,86(413)285-2123
Dory,Yalden,Puerto Aisén,28-10-1964,Chile,dyaldenbm@wix.com,56(350)730-6650
Anthiathia,Clive,Al Abyār,01-07-1956,Libya,aclivebn@gravatar.com,218(238)227-6450
Tarra,Semiras,San Felipe,25-10-1952,Chile,tsemirasbo@smh.com.au,56(656)148-8725
Jerrylee,Strand,Zavrč,10-04-1986,Slovenia,jstrandbp@dagondesign.com,386(156)732-0827
Christalle,Seaward,Kinh Môn,06-03-1979,Vietnam,cseawardbq@tripod.com,84(475)859-3437
Konstantine,Gauche,,,,kgauchebr@goo.ne.jp,
Davide,Balthasar,Pasireurih,19-03-1964,Indonesia,dbalthasarbs@multiply.com,62(665)587-1360
Faber,Baroc,Dama,31-10-1954,China,fbarocbt@sourceforge.net,86(473)330-8336
Happy,Rozenbaum,Dengjia,22-06-1950,China,hrozenbaumbu@imdb.com,86(657)352-1607
Matthias,Dallin,,,,,
Brendan,Skirlin,Dimitrov,24-03-1956,Armenia,bskirlinbw@livejournal.com,374(365)930-8767
Bethanne,Babinski,Drachten,15-09-1985,Netherlands,bbabinskibx@hubpages.com,31(223)668-7707
Arie,MacClenan,Botucatu,20-03-1957,Brazil,amacclenanby@typepad.com,55(560)168-2877
Barrett,Healings,Syriam,12-12-1977,Myanmar,bhealingsbz@techcrunch.com,95(579)166-6189
Gene,Aicken,Jahāniān Shāh,09-09-1988,Pakistan,,92(545)644-4626
Imelda,Garaghan,Wewit,17-11-1985,Indonesia,igaraghanc1@shop-pro.jp,62(762)238-8681
Bryon,Sherewood,Suzhou,04-06-1972,China,bsherewoodc2@salon.com,86(225)581-2568
Theodore,Gurnay,Iwata,23-01-1971,Japan,,81(447)236-0642
Mandel,Lilie,,,,mliliec4@twitter.com,
Philomena,Uren,Bang Lamung,07-12-1964,Thailand,purenc5@free.fr,66(542)921-1862
Harlie,Goodridge,Stockholm,09-12-1999,Sweden,,46(212)354-5190
Meier,Poulson,Zhuqi,24-12-1977,China,mpoulsonc7@nifty.com,86(262)211-2784
Fey,Meddings,Rushankou,03-12-1982,China,fmeddingsc8@illinois.edu,86(917)817-2145
Corinna,Yvon,Meilin,24-02-1950,China,cyvonc9@wikispaces.com,86(662)564-6190
Stanislaw,Banks,San Basilio,30-01-1969,Philippines,sbanksca@hibu.com,63(593)623-2268
Dyana,Ruffy,Langgapayung,22-12-1957,Indonesia,druffycb@amazon.de,62(892)938-5945
Genevieve,Jordi,Songjiang,17-10-1952,China,gjordicc@oakley.com,86(476)271-1370
Sibelle,Wannes,Jiumen,04-10-1997,China,swannescd@cornell.edu,86(171)843-3804
Engracia,Knoble,Alanga,26-09-1970,Indonesia,eknoblece@ycombinator.com,62(748)136-8784
Dmitri,Brownfield,Cruz del Eje,15-05-1962,Argentina,dbrownfieldcf@webs.com,54(332)661-1314
Trudey,Mozzi,Nikhom Phattana,24-10-1971,Thailand,tmozzicg@shinystat.com,66(446)687-9983
Gerladina,Flett,Pingshanhu,21-10-1994,China,gflettch@oakley.com,86(787)302-6288
Maxwell,Angerstein,Brikcha,15-12-1994,Morocco,mangersteinci@bigcartel.com,212(664)896-3269
Rhodie,Arnow,Kaiaf,10-03-1995,Gambia,rarnowcj@psu.edu,220(857)994-8700
Celestyna,Thing,Siqian,27-11-1954,China,cthingck@weather.com,86(673)313-0689
Lawton,Finnemore,Siborong-borong,25-04-1955,Indonesia,lfinnemorecl@blinklist.com,62(993)954-9166
Alister,Piola,Charagua,02-11-1980,Bolivia,apiolacm@ox.ac.uk,591(282)988-6985
Bethina,Hibbart,Baugo,27-01-1984,Philippines,bhibbartcn@feedburner.com,63(260)277-1160
Giorgi,Gorler,Chojna,16-06-1963,Poland,ggorlerco@mail.ru,48(953)806-5704
Donetta,Dowty,Bianba,12-11-1996,China,ddowtycp@flickr.com,86(683)291-5079
Zuzana,Broggini,Yelizavetinskoye,03-05-1983,Russia,zbrogginicq@purevolume.com,7(817)391-5517
Willie,Piff,Gandorhun,28-10-1967,Sierra Leone,wpiffcr@nih.gov,232(390)462-0663
Rea,Kinsell,Vila Velha de Ródão,17-05-1974,Portugal,,351(573)333-9365
Tracie,Cauthra,Qijiawan,29-01-1964,China,tcauthract@adobe.com,86(239)965-1656
Dion,D'Adamo,Bennäs,23-08-1962,Finland,ddadamocu@bbc.co.uk,358(774)335-3321
Amandi,Bolduc,Tawali,05-06-1973,Indonesia,abolduccv@home.pl,62(952)297-9979
Dagny,Pendlenton,Rubik,30-05-1958,Albania,,355(555)225-0642
Michaela,Sabathe,Ar Ramthā,19-05-1970,Jordan,msabathecx@jalbum.net,962(761)843-2827
Ceciley,Anersen,Vichuga,21-11-1999,Russia,,7(794)783-1496
Monika,Pierson,Trairi,16-11-1956,Brazil,mpiersoncz@lycos.com,55(409)493-1496
Elvin,Mawditt,Yingtou,19-08-1960,China,emawdittd0@earthlink.net,86(335)121-8715
Gwendolin,Tregidgo,Awat,22-06-1996,China,gtregidgod1@sciencedaily.com,86(515)168-0240
Sibyl,Smorthit,Manzë,23-02-1976,Albania,ssmorthitd2@instagram.com,355(496)495-5436
Elianore,Gwinnell,Suzuka,09-07-1974,Japan,egwinnelld3@wufoo.com,81(921)659-7844
Nicol,Lucas,Pasolapida,17-11-1976,Indonesia,nlucasd4@netscape.com,62(245)761-5941
Corly,Maggiori,Boca Raton,09-08-1954,United States,,1(305)212-9940
Charlotta,Ikin,El Bagre,30-05-1955,Colombia,cikind6@archive.org,57(427)415-0208
Sergeant,McAirt,Ivouani,24-05-1950,Comoros,smcairtd7@hao123.com,269(682)292-9324
Donielle,Balassi,Calizo,18-02-1974,Philippines,dbalassid8@sfgate.com,63(158)748-1535
Tarrah,Kinnock,Breda,07-06-1956,Netherlands,tkinnockd9@1und1.de,31(546)113-4424
Bryon,Murney,Sumberjeruk,20-02-1955,Indonesia,bmurneyda@howstuffworks.com,62(783)490-4385
Celestina,Frenzel;,Kultayevo,17-02-1968,Russia,cfrenzeldb@hao123.com,7(685)268-3971
Sergei,Ferbrache,Huatajata,23-04-1971,Bolivia,sferbrachedc@opera.com,591(689)205-8746
Rozele,Wrinch,,,,rwrinchdd@twitter.com,
Crin,Pellew,Ollantaytambo,11-07-1970,Peru,cpellewde@house.gov,51(667)868-3572
Aguie,Symcoxe,Pekuwon,25-11-1960,Indonesia,asymcoxedf@spiegel.de,62(638)156-6814
Wynn,Bentjens,Kahuripan,21-08-1980,Indonesia,wbentjensdg@usda.gov,62(177)164-2072
Bobinette,Sanson,Shibata,22-08-1954,Japan,bsansondh@theatlantic.com,81(431)801-0450
Shirline,Loy,Yeghvard,11-05-1985,Armenia,,374(722)665-4674
Peter,Rolston,Colomi,31-07-1981,Bolivia,prolstondj@surveymonkey.com,591(170)125-3632
Cosette,Neenan,Bei,01-06-1983,Indonesia,cneenandk@yahoo.co.jp,62(256)542-0299
Thorsten,McDonagh,Jose Maria Morelos,24-11-1983,Mexico,tmcdonaghdl@ehow.com,52(324)186-8809
Myrwyn,Yoslowitz,Gur’yevsk,10-11-1988,Russia,myoslowitzdm@blogs.com,7(895)118-7889
Brad,Benedyktowicz,Bangkalan,16-11-1995,Indonesia,bbenedyktowiczdn@amazon.co.jp,62(571)269-0077
Benn,Greenall,Gradizhsk,01-04-1952,Ukraine,,380(285)888-0893
Elyssa,McOrkil,Aubervilliers,25-05-1960,France,emcorkildp@scientificamerican.com,33(836)829-9939
Hewe,Rawlins,Douala,05-12-1950,Cameroon,,237(481)122-1127
Taddeusz,Lavington,Dos Quebradas,24-04-1998,Colombia,tlavingtondr@phpbb.com,57(347)931-6798
Abigail,Alvey,Da-an Sur,08-11-1998,Philippines,aalveyds@accuweather.com,63(784)368-7128
Horacio,Andryushin,Qeshm,03-11-1970,Iran,,98(679)277-3302
Breena,Ekell,,,,bekelldu@usa.gov,
Leslie,Furmonger,Pępowo,25-12-1964,Poland,lfurmongerdv@yale.edu,48(247)386-1544
Drucill,Cadle,La Unión,10-05-1967,Colombia,,57(113)140-9246
Hedi,Branigan,Linares,12-12-1970,Chile,hbranigandx@4shared.com,56(499)394-7862
Zed,Spottiswoode,Piraí,25-04-1950,Brazil,zspottiswoodedy@cbsnews.com,55(557)534-6806
Nessa,Nelsen,Punta de Piedra,10-05-1960,Venezuela,nnelsendz@simplemachines.org,58(226)270-1974
Patrica,Folini,Troyan,09-07-1998,Bulgaria,,359(977)924-7964
Emanuel,Ellingford,Ponta Delgada,12-08-1981,Portugal,eellingforde1@netvibes.com,351(328)875-5428
Johanna,Concannon,Chojata,20-07-1992,Peru,jconcannone2@infoseek.co.jp,51(757)496-6008
Toinette,Falconer,Airmadidi,03-08-1991,Indonesia,tfalconere3@geocities.com,62(739)570-6977
Livvy,Kindley,Krajan Suco,11-05-1984,Indonesia,lkindleye4@goo.gl,62(113)573-4140
Angelico,Jans,Valbo,22-04-1994,Sweden,ajanse5@examiner.com,46(780)862-2373
Ofilia,Surgen,Nanzhihui,02-11-1977,China,osurgene6@oaic.gov.au,86(813)998-6607
Zaria,Bumphries,Souq Larb’a al Gharb,09-01-1991,Morocco,zbumphriese7@ed.gov,212(831)690-9498
Daile,Huetson,Victoria West,08-05-1989,South Africa,dhuetsone8@pagesperso-orange.fr,27(361)139-8630
Chariot,Estcourt,Kramsk,18-09-1978,Poland,cestcourte9@archive.org,48(692)668-9646
Teriann,Lumsdale,Tumu’ertai,15-06-1996,China,,86(314)200-7394
Chickie,Behrens,Balazar,22-10-1972,Portugal,cbehrenseb@theguardian.com,351(703)510-4966
Rodrigo,Feak,Ganhe,27-02-1954,China,rfeakec@mediafire.com,86(169)504-3522
Catherin,Sautter,Tras Cerros,24-02-1968,Honduras,,504(192)611-1908
Fletcher,Blazeby,Shatrovo,15-03-1960,Russia,fblazebyee@delicious.com,7(662)362-4332
Kim,Hrinchenko,Denpasar,28-05-1967,Indonesia,khrinchenkoef@mashable.com,62(666)953-3441
Timothy,Senechell,Corgo,26-07-1982,Portugal,tsenechelleg@infoseek.co.jp,351(227)559-7496
Yves,Pinkard,Gandzak,27-07-1952,Armenia,ypinkardeh@phoca.cz,374(597)709-1582
Milli,Thorndale,Shiliting,22-03-1951,China,,86(988)216-9628
Luce,Deport,Phong Điền,19-04-1959,Vietnam,ldeportej@sciencedaily.com,84(110)525-1942
Davide,Spoole,Xin’an,20-01-1979,China,dspooleek@bloglovin.com,86(312)745-3102
Genni,Reimers,Faranah,04-12-1981,Guinea,greimersel@nsw.gov.au,224(258)389-7891
Delmar,Ranklin,Shchelkovo,20-06-1991,Russia,dranklinem@berkeley.edu,7(707)383-3605
Oswell,Flewitt,Medenychi,11-08-1970,Ukraine,oflewitten@issuu.com,380(247)952-8902
Mela,Richings,Jiangchuan,16-02-1962,China,mrichingseo@cbc.ca,86(767)485-5270
Em,Blackboro,Thị Trấn Bắc Hà,22-07-1971,Vietnam,eblackboroep@wikia.com,84(432)119-7518
Creigh,Ewen,Sukamaju Kidul,31-05-1951,Indonesia,ceweneq@omniture.com,62(612)436-0748
Brook,Jozwik,Sundsvall,15-11-1996,Sweden,bjozwiker@quantcast.com,46(133)775-4990
Pietra,Woolmer,Huayllo,26-06-1956,Peru,pwoolmeres@storify.com,51(670)584-6122
Stephanus,Axe,Plumtree,22-06-1985,Zimbabwe,saxeet@cyberchimps.com,263(804)413-0946
Kendall,Hews,Dayapan,03-11-1985,Philippines,,63(858)992-0751
Bil,Catonnet,Bratsigovo,09-02-1983,Bulgaria,bcatonnetev@virginia.edu,359(516)137-7876
Skippy,Cully,Kantyshevo,06-05-1955,Russia,scullyew@scribd.com,7(482)524-1477
Ingmar,Wessel,Huayuan,14-09-1979,China,iwesselex@addthis.com,86(337)959-6800
Norean,Verey,Sirdaryo,08-09-1999,Uzbekistan,nvereyey@reddit.com,998(670)730-7815
Abigael,Longland,Kavadarci,18-06-1953,Macedonia,alonglandez@irs.gov,389(668)649-8939
Temple,Bowle,El Rosario,20-06-1957,Mexico,tbowlef0@flavors.me,52(124)478-6493
Alley,Pettiford,Siverskiy,15-02-1993,Russia,apettifordf1@china.com.cn,7(953)548-9263
Celle,Spurden,Heping,25-11-1979,China,cspurdenf2@yahoo.com,86(384)836-6995
Thibaut,Lawling,Fartura,16-02-1987,Brazil,tlawlingf3@answers.com,55(271)756-4856
Rianon,Blacksell,Cipinang,14-01-1993,Indonesia,,62(311)128-6296
Aurore,Hundal,Wintzenheim,22-03-1973,France,ahundalf5@salon.com,33(321)730-4281
Tonya,Rennard,Zamora,03-08-1965,Spain,trennardf6@techcrunch.com,34(380)455-3349
Laney,Penn,Registro,29-11-1976,Brazil,,55(457)859-7129
Oswell,Mersey,Bulakbanjar,18-02-1951,Indonesia,omerseyf8@over-blog.com,62(831)558-2836
Alice,Brothwood,Mullsjö,13-06-1951,Sweden,abrothwoodf9@pagesperso-orange.fr,46(168)956-7048
Henryetta,Pinch,El Agua Dulcita,20-12-1989,Honduras,hpinchfa@nih.gov,504(755)225-2542
Elora,Shevlin,Versailles,25-09-1996,France,eshevlinfb@loc.gov,33(350)431-4062
Packston,Pudan,Kičevo,01-07-1979,Macedonia,ppudanfc@unblog.fr,389(766)215-7772
Annora,Wyld,Huangshanguan,25-11-1978,China,awyldfd@addthis.com,86(931)778-9540
Deirdre,Ockleshaw,Zarqa,15-07-1962,Jordan,,962(160)939-6857
Adham,Brayn,Inírida,30-06-1964,Colombia,abraynff@state.gov,57(727)417-5592
Maison,Walkinshaw,Villa Elisa,15-02-1988,Paraguay,,595(393)257-1600
Godfry,Fallis,Qindu,03-02-1969,China,gfallisfh@cdc.gov,86(960)357-7160
Collette,Bartaloni,Heilbronn,22-08-1967,Germany,cbartalonifi@wikia.com,49(583)692-8014
Merridie,Figurski,Beihe,23-03-1962,China,mfigurskifj@fastcompany.com,86(873)288-9554
Maure,Clifft,Atlanta,06-07-1975,United States,mclifftfk@state.gov,1(404)651-5218
Nadya,MacAdam,Chiquinquirá,18-02-1988,Colombia,nmacadamfl@creativecommons.org,57(121)367-1742
Jo-anne,Trencher,Kisesa,07-06-1965,Tanzania,jtrencherfm@multiply.com,255(693)896-8049
Katrina,Gronous,Oss,18-03-1984,Netherlands,kgronousfn@nymag.com,31(580)522-2099
Christean,Morant,Tigaherang,23-07-1951,Indonesia,cmorantfo@usgs.gov,62(181)776-8689
Grange,Duigan,,,,gduiganfp@vkontakte.ru,
Fin,Spaunton,Ilo,05-11-1972,Peru,fspauntonfq@networksolutions.com,51(746)771-1821
Kettie,Pocock,Cotuí,14-04-1997,Dominican Republic,kpocockfr@washington.edu,1(209)177-1911
Cacilie,Norcock,Cuenca,08-05-1978,Ecuador,cnorcockfs@cisco.com,593(808)693-4624
Aprilette,Vennings,Wanganui,09-03-1956,New Zealand,avenningsft@cbslocal.com,64(214)916-1358
Siobhan,Matteoni,Shilipu,26-11-1968,China,smatteonifu@utexas.edu,86(893)174-9016
Kean,Hellier,Adzopé,29-09-1978,Ivory Coast,khellierfv@cbsnews.com,225(499)463-4989
Tam,Wetter,Muravlenko,23-06-1989,Russia,twetterfw@cnbc.com,7(936)557-9684
Philip,Clapson,Rajadesa,19-12-1971,Indonesia,pclapsonfx@telegraph.co.uk,62(909)177-0563
Wright,Bredbury,Ciwidara,21-09-1972,Indonesia,wbredburyfy@surveymonkey.com,62(858)962-8669
Kamila,Tchir,,,,ktchirfz@businesswire.com,
Eachelle,Leasor,Zhangduangu,30-03-1968,China,eleasorg0@sourceforge.net,86(299)153-3854
Innis,Sherrock,Waldbredimus,17-04-1957,Luxembourg,isherrockg1@dailymail.co.uk,352(525)711-8694
Addie,Akast,,,,aakastg2@msn.com,
Douglass,Thebeaud,,,,dthebeaudg3@homestead.com,
Osgood,Tye,Meiqi,17-05-1981,China,otyeg4@home.pl,86(359)984-1039
Hurley,Cultcheth,Deba Habe,26-12-1972,Nigeria,hcultchethg5@ow.ly,234(145)416-4209
Kelly,Aitken,,,,kaitkeng6@webnode.com,
Sophi,Treven,Bellavista,29-03-1977,Peru,,51(160)938-9890
Janaya,Alam,Jatirogo,06-12-1991,Indonesia,,62(219)745-0766
Julietta,Fallon,Tipo-Tipo,02-10-1981,Philippines,jfallong9@hatena.ne.jp,63(449)979-6287
Emeline,Brisker,Bình Minh,21-12-1962,Vietnam,ebriskerga@blinklist.com,84(685)989-8961
Lacy,Wozencroft,Saint-Bruno-de-Guigues,20-11-1974,Canada,,1(353)193-8818
Kaye,Udden,Jorong Lauk,09-05-1963,Indonesia,,62(461)757-3104
Dita,Paynton,Ḩalḩūl,06-06-1974,Palestinian Territory,dpayntongd@miibeian.gov.cn,970(249)831-4135
Byran,Michieli,Tbilisskaya,02-05-1963,Russia,bmichielige@ucla.edu,7(759)711-1412
Edithe,Pedel,Pingli,24-01-1981,China,,86(374)345-2201
Marieann,Damp,,,,mdampgg@hugedomains.com,
Daniel,Hansman,Hämeenkoski,04-12-1986,Finland,dhansmangh@amazon.com,358(588)706-3057
Bondie,Folomin,,,,bfolomingi@shareasale.com,
Alejandra,Khristoforov,Kalisangkrah Lor,11-02-1965,Indonesia,akhristoforovgj@amazon.co.jp,62(898)800-9452
Peadar,Dumpleton,Ngajum,30-06-1953,Indonesia,pdumpletongk@time.com,62(713)172-3598
Eadmund,Boggish,Ifanadiana,12-09-1960,Madagascar,eboggishgl@skyrock.com,261(350)859-5921
Glenn,Camerello,Pastores,18-09-1973,Guatemala,gcamerellogm@oaic.gov.au,502(444)374-9831
Boonie,Routley,Beni,23-10-1972,Democratic Republic of the Congo,,242(986)924-9846
Lianna,Boor,Lezhu,29-11-1962,China,lboorgo@icq.com,86(725)794-9763
Lane,Casini,Gondang,19-11-1950,Indonesia,lcasinigp@instagram.com,62(115)837-0969
Marjorie,Sybe,Hostomice,24-09-1995,Czech Republic,msybegq@nydailynews.com,420(680)275-2488
Base,Rosenfeld,,,,brosenfeldgr@kickstarter.com,
Winnah,Moran,Bafoussam,24-03-1999,Cameroon,wmorangs@youku.com,237(663)285-1714
Amelita,Joselevitch,San Ramón,28-09-1962,Uruguay,ajoselevitchgt@bigcartel.com,598(733)733-7275
Bethina,Squibe,Dieppe,30-04-1997,Canada,bsquibegu@amazon.co.uk,1(170)447-9816
Ashia,Harnes,Latung,28-10-1952,Philippines,,63(683)295-5154
Tildi,Dinnington,Longsha,09-02-1986,China,tdinningtongw@mysql.com,86(753)816-2043
Thaddus,O'Mullally,Aimin,26-04-1960,China,tomullallygx@e-recht24.de,86(322)957-0777
Danie,Weatherell,Baltimore,11-04-1964,United States,dweatherellgy@theglobeandmail.com,1(410)388-4977
Giacinta,Howselee,Victoria West,14-09-1981,South Africa,ghowseleegz@hostgator.com,27(299)495-7401
Loy,Zamudio,Anjia,13-08-1999,China,lzamudioh0@google.co.uk,86(994)838-3926
Romonda,Beverley,Mozdok,27-04-1956,Russia,rbeverleyh1@technorati.com,7(809)930-8511
Karolina,Olenchenko,Dubki,21-05-1956,Russia,kolenchenkoh2@ameblo.jp,7(911)812-6153
Terza,Howcroft,Amio,03-02-1950,Philippines,thowcrofth3@yale.edu,63(177)701-3778
Udale,Deakan,Łagów,25-09-1984,Poland,udeakanh4@umn.edu,48(953)380-7817
Wilhelm,Hucke,Caucasia,07-09-1995,Colombia,whuckeh5@nba.com,57(777)892-6591
Humfrid,Glazzard,Yuhuangding,10-11-1984,China,hglazzardh6@youtu.be,86(754)871-9631
Nonie,Hallt,Krajan,07-03-1979,Indonesia,nhallth7@linkedin.com,62(553)221-6724
Starla,Jowling,,,,sjowlingh8@qq.com,
Elyse,Charlot,Chuqui Chuqui,09-11-1992,Bolivia,echarloth9@nymag.com,591(351)376-9796
Esta,Grzelczak,Phunphin,09-11-1979,Thailand,egrzelczakha@narod.ru,66(954)347-8526
Rolland,Cordall,Kuaro,07-05-1953,Indonesia,rcordallhb@state.gov,62(254)773-2184
Oby,Abrahamsen,Ban Talat Bueng,19-07-1969,Thailand,oabrahamsenhc@ovh.net,66(707)586-8437
Grantley,Manueau,Cigemlong,30-11-1958,Indonesia,gmanueauhd@miitbeian.gov.cn,62(189)833-5859
Deedee,Brame,Primero de Mayo,08-11-1962,Mexico,dbramehe@quantcast.com,52(438)322-0998
Deeyn,Foord,Limoeiro,23-08-1961,Brazil,dfoordhf@themeforest.net,55(901)487-7033
Trumaine,Oswick,Uddiawan,06-09-1965,Philippines,toswickhg@globo.com,63(783)214-3229
Hagen,Bowhay,Kulautuva,08-03-1982,Lithuania,hbowhayhh@disqus.com,370(950)162-0783
Trisha,Yashnov,Salsipuedes,10-09-1984,Dominican Republic,tyashnovhi@hp.com,1(735)973-9777
Zerk,Duncklee,Rancho Viejo,25-03-1974,Mexico,zdunckleehj@freewebs.com,52(918)823-1571
Tim,MacHostie,Bendan,29-04-1965,Indonesia,,62(924)367-6238
Palmer,Fenne,Vincennes,17-12-1964,France,pfennehl@amazon.com,33(539)908-1064
Auria,Stallworth,,,,astallworthhm@sbwire.com,
Dallon,Scafe,Paraíso,12-11-1976,Costa Rica,dscafehn@xing.com,506(379)186-0227
Pate,Broke,København,09-06-1951,Denmark,pbrokeho@sourceforge.net,45(329)788-7544
Merralee,Brodway,Muara Siberut,01-01-1998,Indonesia,mbrodwayhp@cbsnews.com,62(567)934-6633
Goldia,Lempenny,Siqu,09-10-1983,China,glempennyhq@angelfire.com,86(724)296-3035
Nester,Vicar,Bembèrèkè,05-11-1998,Benin,nvicarhr@umich.edu,229(411)735-6596
Toddie,McAllester,Hongmiao,21-09-1972,China,tmcallesterhs@discuz.net,86(266)825-8377
Reade,Widdicombe,Kuala Tuha,05-03-1978,Indonesia,rwiddicombeht@latimes.com,62(119)402-9998
Salomone,O'Leagham,Pathum Rat,17-12-1966,Thailand,soleaghamhu@discuz.net,66(417)730-9105
Debera,Devinn,Padangbai,10-01-1980,Indonesia,ddevinnhv@guardian.co.uk,62(658)766-5160
Isac,Sanper,El Plan,02-02-1990,Honduras,isanperhw@goo.ne.jp,504(620)955-4743
Bear,Madigan,Kombapari,06-01-1971,Indonesia,,62(461)858-5728
Natalina,Patrick,Awilega,15-04-1984,Indonesia,npatrickhy@mac.com,62(578)558-8736
Violet,Buss,Gununglarang,22-01-1964,Indonesia,vbusshz@mysql.com,62(255)209-9200
Corliss,McFadin,Chojata,28-06-1970,Peru,cmcfadini0@illinois.edu,51(112)819-9262
Prissie,Yanukhin,San Jose,12-09-1975,United States,pyanukhini1@soundcloud.com,1(408)187-5681
Nefen,Rising,Badaogu,03-08-1956,China,nrisingi2@stanford.edu,86(951)956-7702
Breanne,Cullerne,Sherbrooke,28-08-1974,Canada,bcullernei3@exblog.jp,1(130)677-9638
Rosmunda,Goter,Tianzhuang,20-01-1978,China,rgoteri4@sciencedaily.com,86(531)222-4937
Timofei,Cheyney,Caxias do Sul,01-09-1967,Brazil,tcheyneyi5@dot.gov,55(427)469-3140
Jonie,Cammell,Portet-sur-Garonne,21-04-1970,France,,33(233)406-9660
Wynnie,Bellfield,Extremoz,01-05-1961,Brazil,wbellfieldi7@usgs.gov,55(120)924-1261
Neron,Marshallsay,Nanga Eboko,09-04-1997,Cameroon,nmarshallsayi8@flickr.com,237(647)783-2789
Gael,Deane,Sacramento,30-05-1972,United States,gdeanei9@hostgator.com,1(916)118-0970
Filippo,McKane,Quyangqiao,15-03-1982,China,fmckaneia@mashable.com,86(113)970-0975
Garth,Mompesson,Batubantar,20-05-1986,Indonesia,gmompessonib@spiegel.de,62(491)799-9668
Flory,Yerrall,Duru,16-10-1961,China,fyerrallic@prweb.com,86(807)252-1283
Vassili,Dankersley,Nanfeng,09-01-1974,China,vdankersleyid@google.co.uk,86(116)972-5074
Claudell,Blasio,Yidu,18-09-1960,China,cblasioie@vimeo.com,86(648)216-6860
Abbie,Burkett,Umuarama,10-07-1959,Brazil,aburkettif@friendfeed.com,55(639)858-7752
Alleyn,Strange,Ivano-Frankove,05-12-1987,Ukraine,,380(980)912-4740
Hendrick,Bartolic,Mozhong,18-01-1984,China,hbartolicih@slideshare.net,86(465)528-3480
Irene,Matuska,Cabinda,12-02-1996,Angola,,244(849)141-4233
Arney,Oppie,,,,aoppieij@apple.com,
Sada,Tremonte,Dongshentou,25-01-1964,China,stremonteik@go.com,86(577)494-6584
Conant,Winsiowiecki,Zaindainxoi,25-10-1983,China,cwinsiowieckiil@qq.com,86(831)548-6707
Drud,Ivimey,Tengah,15-12-1988,Indonesia,divimeyim@dot.gov,62(937)181-3386
Alanson,Jessop,Naru,05-07-1983,Indonesia,ajessopin@oaic.gov.au,62(433)276-9662
Georgie,Trownson,Tashtagol,20-02-1962,Russia,gtrownsonio@domainmarket.com,7(870)398-7877
Jackquelin,Christophers,Pýrgos,25-08-1963,Greece,jchristophersip@networkadvertising.org,30(669)363-3325
Marianna,Cromett,Bicas,16-10-1979,Portugal,,351(626)228-9185
Kean,Lintot,Remedios,23-08-1983,Cuba,klintotir@craigslist.org,53(779)727-0597
Aylmar,Meece,,,,ameeceis@rakuten.co.jp,
Nevins,Hamblington,Krajan Suko Kidul,03-07-1952,Indonesia,nhamblingtonit@geocities.com,62(461)112-8924
Kippie,Rowth,Laiyang,30-09-1959,China,krowthiu@spotify.com,86(447)421-7089
Coop,Ralling,Gordon Town,08-02-1987,Jamaica,crallingiv@wikimedia.org,1(172)540-9058
Kurt,Tonks,Ufa,27-11-1960,Russia,,7(748)469-7614
Sharia,McGown,Los Algarrobos,23-10-1985,Panama,smcgownix@yandex.ru,507(443)106-4851
Gipsy,Elbourn,Kiboga,29-03-1987,Uganda,gelbourniy@vkontakte.ru,256(739)443-0471
Stanfield,Sogg,Zlynka,12-09-1967,Ukraine,,380(151)695-7049
Dore,Rahill,Lüderitz,05-05-1999,Namibia,drahillj0@pinterest.com,264(595)737-5755
Averil,Riddett,Mosteiro,23-05-1992,Portugal,,351(884)928-6044
Alix,Casement,Kagawasan,24-01-1986,Philippines,acasementj2@foxnews.com,63(707)172-6494
Kristina,Hollerin,Atbasar,15-02-1990,Kazakhstan,khollerinj3@xinhuanet.com,7(204)361-6625
Idalia,Cozins,Frösön,17-10-1998,Sweden,,46(697)933-1008
Orin,Piscopo,Karangsumber,17-08-1981,Indonesia,opiscopoj5@studiopress.com,62(656)138-8340
Addy,Monketon,Fier-Çifçi,10-06-1997,Albania,amonketonj6@multiply.com,355(210)486-4506
Shannon,Wife,Kribi,13-10-1999,Cameroon,,237(812)453-0393
Bordie,Obern,Ouagadougou,07-06-1982,Burkina Faso,,226(777)318-9442
Myrna,Thornhill,Vuhlehirs’k,02-08-1957,Ukraine,mthornhillj9@imdb.com,380(456)202-1580
Syd,Sagg,Cikotok,16-09-1957,Indonesia,,62(506)319-2110
Warden,Lacelett,Fusagasuga,16-09-1964,Colombia,wlacelettjb@bizjournals.com,57(141)498-7263
Gwendolyn,Spincke,,,,,
Kathlin,Farrier,Hedong,10-03-1979,China,kfarrierjd@nature.com,86(404)160-1904
Christoph,O'Hartagan,Banjar Kawan,30-12-1957,Indonesia,cohartaganje@networksolutions.com,62(174)741-9942
Alix,Kemetz,Voskresensk,18-09-1981,Russia,akemetzjf@ucsd.edu,7(219)818-2493
Bronny,Heningham,Léo,23-06-1977,Burkina Faso,bheninghamjg@cmu.edu,226(513)701-7395
Misty,Jaggard,Woha,18-08-1970,Indonesia,mjaggardjh@cocolog-nifty.com,62(385)162-3552
Mario,Ramm,Fontanka,30-03-1989,Ukraine,mrammji@indiegogo.com,380(781)528-1781
Lucretia,Woloschinski,Velingrad,24-11-1989,Bulgaria,lwoloschinskijj@ed.gov,359(655)366-2269
Joey,Sherer,San Agustin,09-09-1992,Mexico,jshererjk@live.com,52(629)430-4958
Ceciley,Headley,Huancapallac,20-02-1997,Peru,cheadleyjl@pagesperso-orange.fr,51(396)538-5879
Reidar,Peerman,Noenoni,23-12-1951,Indonesia,rpeermanjm@yelp.com,62(582)751-9312
Georgeanne,Risley,Fresno,13-12-1976,United States,grisleyjn@oaic.gov.au,1(209)458-6885
Jameson,Morbey,Castanhal,02-01-1961,Brazil,,55(440)733-0513
Phil,Thibodeaux,Johogunung,07-01-1957,Indonesia,pthibodeauxjp@marketwatch.com,62(200)167-6259
Marice,Crackett,La Argentina,26-08-1985,Colombia,mcrackettjq@odnoklassniki.ru,57(462)150-6279
Trev,Boydle,Bambari,21-08-1976,Central African Republic,tboydlejr@sina.com.cn,236(376)986-9491
Kissie,Krysiak,Tierralta,16-02-1987,Colombia,,57(943)485-7992
Mariya,Rowthorn,Ar Ruţbah,28-05-1964,Iraq,mrowthornjt@princeton.edu,964(105)493-6195
Clea,Goodluck,Atães,01-11-1978,Portugal,cgoodluckju@java.com,351(510)644-6874
Tilda,Melwall,Fakaifou Village,27-09-1990,Tuvalu,tmelwalljv@dropbox.com,688(865)749-7508
Flor,Bamsey,Pozuzo,14-02-1995,Peru,fbamseyjw@princeton.edu,51(672)581-0836
Maxine,Balshen,San Luis,24-05-1969,Philippines,mbalshenjx@de.vu,63(316)400-2616
Rosco,Whitelock,Gubengairlangga,28-07-1984,Indonesia,rwhitelockjy@imdb.com,62(215)450-9300
Nyssa,Adolthine,Khlong Luang,18-07-1958,Thailand,nadolthinejz@ebay.co.uk,66(973)758-6926
Clevey,Langthorne,Krajan Caluk,15-11-1976,Indonesia,clangthornek0@imgur.com,62(895)141-2802
Madeline,Aronovitz,Piltown,19-07-1957,Ireland,maronovitzk1@hc360.com,353(693)715-0435
Julieta,Ferrarini,Shuanglu,23-04-1990,China,jferrarinik2@xing.com,86(318)740-5667
Morgan,Loody,Muff,28-10-1964,Ireland,mloodyk3@zimbio.com,353(778)447-2420
Candida,Pennacci,Lianhe,24-08-1979,China,cpennaccik4@ovh.net,86(746)673-2830
Emera,Farn,Guli,14-07-1954,China,efarnk5@usa.gov,86(348)620-9894
Maye,Mourbey,Boracéia,06-12-1981,Brazil,,55(972)387-9139
Donall,Melly,Bududa,13-08-1976,Uganda,dmellyk7@ovh.net,256(922)618-5796
Carlen,Sitwell,,,,csitwellk8@mlb.com,
Lou,Alker,Xuling,01-07-1980,China,lalkerk9@yahoo.com,86(375)143-5645
Werner,Grinsted,Bojano,16-09-1957,Poland,wgrinstedka@adobe.com,48(109)208-4975
Julietta,Elland,Newport Beach,19-11-1984,United States,jellandkb@cbc.ca,1(714)174-8961
Roxi,Karlik,Poggio di Chiesanuova,04-01-1986,San Marino,rkarlikkc@google.cn,378(499)272-5175
Jenica,Chezier,Shanling,18-11-1992,China,jchezierkd@zimbio.com,86(836)464-6872
Tybalt,Josland,Sobang,25-05-1990,Indonesia,tjoslandke@discuz.net,62(823)637-6482
Ellie,Pauer,Palaiomonástiron,18-11-1974,Greece,epauerkf@posterous.com,30(480)452-1282
Linnie,Legh,Shuangqiaoping,11-06-1992,China,,86(731)270-5053
Enriqueta,Bruyns,Taozixi,21-04-1984,China,ebruynskh@vimeo.com,86(945)525-6001
Bob,Alekseev,Beaufort West,28-03-1952,South Africa,,27(983)651-4455
Kev,Jurewicz,Dahua,03-01-1986,China,kjurewiczkj@wiley.com,86(885)528-6171
Cynthy,Pendry,Cimalati,05-03-1995,Indonesia,cpendrykk@berkeley.edu,62(509)210-6641
Loutitia,Scown,Sulang Tengah,29-05-1952,Indonesia,lscownkl@tripadvisor.com,62(859)550-7773
Leland,Chennells,Daegu,29-03-1993,South Korea,,82(504)147-6321
Darb,Bedo,North Cowichan,22-07-1995,Canada,dbedokn@shop-pro.jp,1(365)477-1122
Erika,Troucher,Kishk-e Nakhūd,28-11-1953,Afghanistan,etroucherko@nbcnews.com,93(344)524-2872
Estrella,Kairns,Mahaddayweyne,08-12-1968,Somalia,ekairnskp@addtoany.com,252(720)250-3578
Tania,Guy,Orerokpe,10-10-1957,Nigeria,tguykq@reuters.com,234(809)133-7384
Perri,Ritchie,Kombësi,07-08-1983,Albania,pritchiekr@miitbeian.gov.cn,355(176)702-8489
Isidora,Riddell,Pedro II,08-07-1998,Brazil,iriddellks@csmonitor.com,55(991)960-3644
Micki,Wawer,Norman Wells,11-06-1953,Canada,,1(186)931-8835
Saxon,Scartifield,Martingança,25-03-1994,Portugal,sscartifieldku@java.com,351(140)717-4861
Chrysler,O'Tierney,Sokolnice,12-07-1975,Czech Republic,,420(276)407-5636
Bondon,Sturge,Gainesville,12-09-1980,United States,bsturgekw@shinystat.com,1(352)343-0080
Wynny,Tuftin,Bretaña,14-01-1976,Peru,wtuftinkx@lulu.com,51(729)225-1128
Ashton,Francino,Santa Bárbara,16-09-1963,Venezuela,,58(973)850-3847
Daphne,Gotts,Subottsi,11-05-1967,Ukraine,dgottskz@wsj.com,380(361)386-8208
Yasmin,Millington,Paobulan,17-05-1950,Indonesia,ymillingtonl0@eventbrite.com,62(250)828-7654
Sallyanne,Eskriet,Sanjia,20-08-1981,China,seskrietl1@discuz.net,86(568)358-9088
Atlante,Fonquernie,Kerikeri,16-04-1962,New Zealand,afonquerniel2@xinhuanet.com,64(506)190-6977
Hillard,Lightbody,Grand Forks,30-06-1975,United States,,1(701)406-7442
Jorgan,Brunetti,Condado,08-03-1960,Cuba,jbrunettil4@fc2.com,53(856)221-6371
Heather,Siemianowicz,Yahil’nytsya,30-10-1977,Ukraine,hsiemianowiczl5@qq.com,380(996)235-9548
Jard,Rutledge,Nizhniye Achaluki,26-07-1961,Russia,jrutledgel6@studiopress.com,7(265)364-5294
Kesley,Fedynski,El Cortezo,23-01-1987,Panama,kfedynskil7@unesco.org,507(619)830-5393
Kayla,Timewell,Ouzini,23-09-1950,Comoros,ktimewelll8@ucsd.edu,269(189)236-6515
Elset,Godfery,Golub-Dobrzyń,07-04-1967,Poland,egodferyl9@chronoengine.com,48(199)109-1185
Roderic,Clutten,Xieshui,15-02-1988,China,rcluttenla@ustream.tv,86(260)149-8465
Zorine,Bovey,Abuxarda,13-03-1973,Portugal,zboveylb@census.gov,351(677)648-0313
Waverley,McLafferty,Sumbergedong,31-07-1996,Indonesia,,62(443)484-8532
Maura,Mordanti,Nassarawa,24-11-1992,Nigeria,mmordantild@japanpost.jp,234(371)691-0156
Rudd,Ech,Sierpc,10-11-1969,Poland,rechle@alibaba.com,48(165)222-0958
Minette,Blonden,Ḩabīl al Jabr,27-05-1980,Yemen,mblondenlf@globo.com,967(326)313-6760
Kary,Bagley,Panguna,04-11-1999,Papua New Guinea,kbagleylg@npr.org,675(294)930-6284
Allister,Scandred,Pembuanghulu,15-12-1995,Indonesia,ascandredlh@thetimes.co.uk,62(112)872-6918
Burt,Matschuk,Quezon City,30-11-1960,Philippines,bmatschukli@wordpress.com,63(415)785-0511
Garwood,Fairhall,,,,gfairhalllj@bluehost.com,
Josias,Grassi,Monastir,13-12-1965,Tunisia,jgrassilk@cocolog-nifty.com,216(171)140-3096
Merwyn,Ruggier,Viñac,26-08-1954,Peru,mruggierll@creativecommons.org,51(955)492-0047
Hubey,MacAree,Awilega,20-06-1952,Indonesia,hmacareelm@va.gov,62(882)926-4457
Gratiana,Haggart,São Silvestre,09-12-1962,Portugal,ghaggartln@hao123.com,351(446)494-8543
Heinrik,Haking,Aboisso,30-06-1973,Ivory Coast,hhakinglo@japanpost.jp,225(728)609-8213
Corie,Rasper,,,,crasperlp@360.cn,
Kearney,Labes,Ōmura,09-10-1981,Japan,klabeslq@t.co,81(825)751-0077
Kendall,Collabine,Głuchów,21-03-1955,Poland,,48(538)184-2170
Thedrick,Bebb,Mora,28-02-1960,Sweden,tbebbls@washingtonpost.com,46(246)561-2880
Beverly,Stoppe,San Carlos,14-09-1999,Argentina,bstoppelt@paypal.com,54(926)630-2110
Ianthe,Ventura,Gudang,30-10-1973,Indonesia,iventuralu@reference.com,62(755)803-3518
Brittney,Prium,Oemanu,23-10-1984,Indonesia,bpriumlv@soundcloud.com,62(155)657-0117
Timoteo,Scandred,Gabú,09-01-1953,Guinea-Bissau,tscandredlw@ed.gov,245(767)324-7654
Randee,Ida,Colca,16-11-1970,Peru,ridalx@nba.com,51(104)505-1139
Hew,Meates,Nizhniy Ufaley,01-03-1958,Russia,hmeatesly@patch.com,7(252)936-2310
Benedikta,Muttitt,Tashtagol,30-05-1986,Russia,bmuttittlz@jimdo.com,7(615)177-8651
Bucky,Bartles,Sungaigerong,26-05-1953,Indonesia,bbartlesm0@technorati.com,62(318)536-0275
Tracie,Gutierrez,Mitú,21-05-1976,Colombia,tgutierrezm1@gov.uk,57(166)848-4202
Ripley,Casiero,Dalian,22-04-1991,China,rcasierom2@netscape.com,86(665)805-2553
Bette-ann,Trowle,Cabo,16-09-1978,Brazil,btrowlem3@sitemeter.com,55(948)559-0812
Saunderson,Westraw,Chengxi,21-12-1964,China,swestrawm4@behance.net,86(505)301-7931
Onfre,Jiri,,,,ojirim5@4shared.com,
Christian,Paraman,Malummaduri,23-06-1987,Nigeria,cparamanm6@purevolume.com,234(522)344-7270
Dulcie,Fields,Trebisht-Muçinë,31-03-1973,Albania,dfieldsm7@wordpress.org,355(201)795-6466
Izabel,Maycey,Donglai,16-03-1959,China,imayceym8@redcross.org,86(784)977-6573
Kathryne,Dewsbury,Maliang,09-11-1999,China,kdewsburym9@google.fr,86(309)122-3871
Constantine,Hold,Longyuanba,02-06-1994,China,choldma@un.org,86(220)200-2352
Lucky,Botwright,Opuzen,27-08-1957,Croatia,lbotwrightmb@macromedia.com,385(235)185-4714
Courtnay,Marrington,,,,cmarringtonmc@com.com,
Jana,Goodenough,Ágios Andréas,15-03-1986,Greece,jgoodenoughmd@wp.com,30(270)696-3112
Debee,Wofenden,Plavsk,11-11-1987,Russia,,7(396)529-6556
Serge,Cavozzi,Kańczuga,11-11-1957,Poland,scavozzimf@google.fr,48(496)379-5991
Ardisj,O' Mullane,San Diego,12-06-1975,United States,aomullanemg@toplist.cz,1(858)309-5461
Goraud,Maymond,Ressano Garcia,16-12-1972,Mozambique,gmaymondmh@vimeo.com,258(165)264-2101
Gallagher,Cordie,Campo de la Cruz,24-07-1957,Colombia,gcordiemi@google.co.uk,57(851)921-4168
Gianina,Lloyd,Killumney,15-01-1981,Ireland,glloydmj@dion.ne.jp,353(921)705-9520
Lucilia,Rosenzveig,Nhà Bàng,14-08-1991,Vietnam,lrosenzveigmk@last.fm,84(883)884-8041
Kristoffer,Braidman,Gudang,26-11-1965,Indonesia,kbraidmanml@51.la,62(510)742-2014
Blakelee,Martinetto,Karangpawitan,09-09-1973,Indonesia,bmartinettomm@istockphoto.com,62(480)701-4721
Cherlyn,Hunstone,Xiaheqing,20-10-1994,China,chunstonemn@go.com,86(413)862-6172
Marwin,McIlvenny,Rende,15-09-1964,China,mmcilvennymo@sourceforge.net,86(417)929-5616
Arte,Luetkemeyer,Kintinku,09-07-1962,Tanzania,aluetkemeyermp@census.gov,255(345)666-3132
Henka,Watkiss,Tieremu,17-11-1950,China,hwatkissmq@stumbleupon.com,86(666)173-7094
Tabitha,Spurdens,,,,tspurdensmr@miitbeian.gov.cn,
Rasla,Rosenfelt,Tartagal,01-03-1967,Argentina,rrosenfeltms@ow.ly,54(577)551-4192
Hersh,Camidge,Ampahana,28-07-1993,Madagascar,hcamidgemt@odnoklassniki.ru,261(709)996-4544
Colette,Capes,San Isidro,17-05-1994,Mexico,ccapesmu@mayoclinic.com,52(396)505-4598
Maybelle,Jerrim,Kedrovyy,26-02-1968,Russia,mjerrimmv@geocities.jp,7(236)865-0681
Gwenette,Mocquer,Manticao,23-01-1984,Philippines,gmocquermw@mashable.com,63(881)141-1194
Maribel,Kinnar,Cereté,24-07-1959,Colombia,,57(101)479-6531
Drud,Posselt,Dahu,16-02-1988,China,dposseltmy@loc.gov,86(632)352-0540
Alameda,Lucy,Minas de Matahambre,21-05-1977,Cuba,alucymz@smh.com.au,53(151)832-7839
Siward,Bestwall,Puwa,07-12-1987,China,sbestwalln0@patch.com,86(858)139-4126
Sutherlan,Matyushonok,Tampere,29-04-1970,Finland,smatyushonokn1@gov.uk,358(664)116-4100
Omar,Macvey,Solna,10-05-1990,Sweden,,46(758)495-5096
Reilly,Symcock,Wólka Pełkińska,24-03-1984,Poland,,48(309)521-5909
Vita,Hammett,Karukh,07-05-1980,Afghanistan,vhammettn4@dailymotion.com,93(176)576-3804
Jacquelyn,Casarili,Velyka Bilozerka,26-06-1957,Ukraine,jcasarilin5@nydailynews.com,380(497)922-2981
Vivianna,Glacken,Meiyuan,29-05-1981,China,vglackenn6@shop-pro.jp,86(306)400-8044
Lianne,Vondruska,Klyetsk,08-11-1982,Belarus,lvondruskan7@storify.com,375(301)637-0541
Hetty,Vedeneev,Zhangjia,15-11-1969,China,,86(136)378-8444
Aurea,Astley,Baishan,03-12-1958,China,aastleyn9@berkeley.edu,86(955)397-5823
Rudolfo,Doohan,Tallahassee,09-01-1961,United States,rdoohanna@weibo.com,1(850)859-5229
Nonah,Druitt,Arapiraca,05-08-1973,Brazil,ndruittnb@networkadvertising.org,55(654)284-5446
Pammi,Frake,Phitsanulok,25-05-1983,Thailand,pfrakenc@weebly.com,66(824)498-4923
Dewey,Sparrowhawk,Kamirenjaku,08-10-1993,Japan,,81(103)886-5216
Wainwright,Waleworke,Az Zulfi,15-09-1966,Saudi Arabia,wwaleworkene@usda.gov,966(145)640-9233
Mellie,Brandsma,Zhoutou,05-02-1965,China,,86(835)193-8304
Wallie,Brabban,Vidnoye,29-10-1987,Russia,wbrabbanng@si.edu,7(462)206-2955
Clevey,Laydel,Bohus,26-09-1959,Sweden,claydelnh@tamu.edu,46(585)903-0820
Randee,Keave,Nuoxizhi,17-10-1993,China,rkeaveni@aol.com,86(804)377-0323
Moria,Zanre,Santa Cruz das Palmeiras,26-04-1951,Brazil,mzanrenj@lulu.com,55(384)297-8151
Mela,Lugton,Kalabo,31-01-1973,Zambia,,260(778)610-9979
Margot,Biggen,Limoges,13-08-1994,France,mbiggennl@uol.com.br,33(331)709-9022
Purcell,Tripon,Shimabara,10-01-1952,Japan,ptriponnm@stanford.edu,81(537)229-1261
Annelise,Franz-Schoninger,Prang Ku,31-08-1953,Thailand,afranzschoningernn@ihg.com,66(679)999-4627
Alex,Posse,Granada,29-03-1986,Colombia,,57(618)873-1181
Bee,Hewertson,Vawkavysk,03-11-1966,Belarus,bhewertsonnp@tripod.com,375(102)418-4447
Vidovik,Emm,Marína,25-09-1981,Greece,,30(897)227-2422
Ennis,O' Loughran,Bāzārak,30-12-1968,Afghanistan,eoloughrannr@bizjournals.com,93(526)238-5758
Egon,Nicely,Nagahama,21-10-1970,Japan,enicelyns@comcast.net,81(581)167-5981
Eleanore,Bloyes,Baluk,24-11-1998,Indonesia,ebloyesnt@blogs.com,62(553)930-6478
Midge,Jeste,Karlskrona,03-01-1977,Sweden,mjestenu@ca.gov,46(834)709-2196
Waverly,Tetther,Finspång,12-08-1978,Sweden,wtetthernv@ihg.com,46(852)739-8275
Nanni,Zarb,Huangtang,04-11-1972,China,nzarbnw@cbc.ca,86(133)346-2150
Daveen,Greiswood,Paulpietersburg,06-05-1990,South Africa,dgreiswoodnx@dmoz.org,27(146)642-5803
Nathalie,Grandison,Tacoma,07-04-1972,United States,ngrandisonny@behance.net,1(253)665-0438
Quentin,Bounde,Birobidzhan,15-07-1954,Russia,qboundenz@issuu.com,7(825)678-5303
Tami,Comusso,Karangampel,20-01-1982,Indonesia,tcomussoo0@theguardian.com,62(797)256-8353
Westleigh,Bogart,Solčava,04-08-1958,Slovenia,wbogarto1@mozilla.org,386(196)320-2707
Quintus,Beardwell,Rybie,03-02-1952,Poland,qbeardwello2@google.com.hk,48(359)822-0601
Pierce,Bigglestone,Metallostroy,16-03-1973,Russia,pbigglestoneo3@ibm.com,7(478)802-8328
Filberte,Raffeorty,Arrah,25-04-1988,Ivory Coast,fraffeortyo4@discuz.net,225(396)651-2726
Garvey,O'Brogane,Arsen’yev,06-02-1975,Russia,gobroganeo5@nytimes.com,7(754)546-2614
Janeta,Davys,Salt Lake City,16-01-1955,United States,jdavyso6@constantcontact.com,1(801)346-0452
Archibald,Lineen,Czudec,25-04-1950,Poland,alineeno7@blog.com,48(546)860-3882
Ulysses,Ethington,Xihongmen,02-06-1967,China,uethingtono8@weather.com,86(243)938-4024
Rebe,Eadie,Dallas,29-12-1960,United States,readieo9@forbes.com,1(469)655-0994
Woodie,Truitt,Pappadátes,23-10-1951,Greece,wtruittoa@va.gov,30(144)628-6102
Savina,Keyzor,Columbeira,03-10-1958,Portugal,skeyzorob@people.com.cn,351(890)426-6389
Garrott,Marrill,,,,,
Ermengarde,Pietrzak,Jīma,05-05-1957,Ethiopia,epietrzakod@studiopress.com,251(117)489-7717
Ashlin,Parmenter,,,,aparmenteroe@zdnet.com,
Paulina,Cowland,Kaduseeng,27-10-1977,Indonesia,pcowlandof@drupal.org,62(359)179-7264
Kermit,Morden,Mandala,15-11-1999,Indonesia,kmordenog@is.gd,62(462)607-5051
Kellina,O'Glassane,Toyama-shi,28-04-1982,Japan,,81(513)462-4975
Bradan,Murdoch,Karantaba,17-04-1964,Gambia,bmurdochoi@senate.gov,220(675)523-0927
Ludovika,Niven,Borovskoy,22-09-1992,Kazakhstan,lnivenoj@discuz.net,7(846)206-8966
Cissiee,O'Shiels,,,,coshielsok@gmpg.org,
Guilbert,Gilvary,Luorong,05-08-1961,China,ggilvaryol@marketwatch.com,86(258)582-1749
Nathanael,Yitzowitz,Torslanda,10-12-1955,Sweden,nyitzowitzom@google.pl,46(132)107-5955
Natal,Gouthier,Nangka,09-05-1984,Philippines,ngouthieron@godaddy.com,63(750)241-7035
Elvis,Charteris,Kolondiéba,12-12-1998,Mali,echarterisoo@npr.org,223(456)242-0777
Guthrie,Bhatia,Wangping,15-12-1962,China,gbhatiaop@statcounter.com,86(250)850-7304
Cherry,Strother,Macapá,30-08-1984,Brazil,cstrotheroq@xing.com,55(182)731-3008
Ilene,Crauford,Kanbe,12-08-1951,Myanmar,icraufordor@nymag.com,95(580)268-2494
Margalo,Roskruge,Wanga,20-08-1987,Indonesia,mroskrugeos@ycombinator.com,62(891)973-2329
Alfie,Le Page,Laojieji,09-05-1999,China,alepageot@mail.ru,86(482)344-4066
Stirling,Bremen,Andekantor,10-04-1976,Indonesia,,62(376)782-2017
Aloisia,Donet,Željezno Polje,08-10-1984,Bosnia and Herzegovina,adonetov@virginia.edu,387(108)579-7831
Gloria,Guillain,Zomba,01-06-1965,Malawi,gguillainow@apple.com,265(108)682-8557
Rossy,Gell,Matingain,13-08-1954,Philippines,rgellox@craigslist.org,63(486)603-3014
Dee,Syder,Rothesay Bay,07-10-1972,New Zealand,dsyderoy@wufoo.com,64(951)163-4496
Pyotr,Yewdell,Athlone,30-08-1994,Ireland,pyewdelloz@artisteer.com,353(638)478-6151
Iormina,Eagan,Baliton,24-08-1971,Philippines,ieaganp0@senate.gov,63(649)195-3102
Anthea,Verdun,Pittsburgh,06-04-1997,United States,averdunp1@weather.com,1(412)630-7212
Merilyn,Rehorek,Toyokawa,27-07-1995,Japan,mrehorekp2@accuweather.com,81(450)432-1356
Samara,Scudders,Nanterre,12-08-1999,France,sscuddersp3@flickr.com,33(632)584-9524
Hillie,Flarity,Enköping,24-11-1975,Sweden,hflarityp4@tumblr.com,46(882)757-9622
Oralla,Victory,Nassau,25-05-1950,Bahamas,,1(346)902-4477
Ethan,Yeatman,Piribebuy,13-12-1989,Paraguay,eyeatmanp6@google.nl,595(366)168-7818
Basilius,Marson,Bitanjuan,08-01-1987,Philippines,,63(178)237-1147
Lilian,Guiraud,Morelos,13-12-1976,Mexico,lguiraudp8@dailymail.co.uk,52(225)124-0994
Darnall,Willgrass,Thị Trấn Than Uyên,26-02-1970,Vietnam,dwillgrassp9@seesaa.net,84(578)917-5041
Gus,Dyzart,Tuqiao,23-06-1960,China,gdyzartpa@cmu.edu,86(209)606-3833
Rea,McCready,Aripuanã,27-07-1980,Brazil,rmccreadypb@istockphoto.com,55(144)591-6985
Jerrilyn,Poynter,Matingain,30-07-1963,Philippines,jpoynterpc@google.nl,63(638)714-1480
Mollee,Klassmann,Karmai,05-12-1966,China,mklassmannpd@harvard.edu,86(156)430-8986
Marlene,Cowdrey,Saltpond,22-06-1964,Ghana,mcowdreype@discovery.com,233(593)592-5567
Keely,Longo,Xincheng Chengguanzhen,28-03-1992,China,klongopf@cornell.edu,86(718)103-5521
Bobbie,Carine,Kyustendil,28-08-1979,Bulgaria,bcarinepg@elpais.com,359(383)128-5863
Taite,Bantick,Dobrica,08-05-1954,Serbia,tbantickph@chicagotribune.com,381(596)167-6635
Kelcie,Rawdall,Fenglu,27-08-1958,China,krawdallpi@chicagotribune.com,86(587)876-2794
Jose,Broinlich,Zebrzydowice,24-02-1957,Poland,jbroinlichpj@wikimedia.org,48(866)284-0910
Phillis,Colegrove,Bemposta,31-08-1991,Portugal,pcolegrovepk@netvibes.com,351(220)261-7481
Iggy,Tomet,Dromiskin,06-11-1954,Ireland,itometpl@usatoday.com,353(954)474-9574
Hamish,Golby,Sighnaghi,14-09-1953,Georgia,hgolbypm@topsy.com,995(504)182-0758
Bernice,Daulby,Belize City,25-01-1987,Belize,,501(788)889-2226
Joanna,Dymocke,Seymchan,09-11-1972,Russia,jdymockepo@cnn.com,7(601)862-2157
Randal,Self,Ciriri,17-01-1992,Indonesia,rselfpp@bbc.co.uk,62(828)352-2754
Staci,Courvert,,,,scourvertpq@amazon.de,
Arabella,Varnals,Crnilište,22-05-1993,Macedonia,,389(647)830-2714
Hughie,Yeats,Karanlukh,25-02-1991,Armenia,hyeatsps@printfriendly.com,374(492)248-3568
Carlyn,Stripp,Qiulu,08-07-1967,China,,86(760)322-6406
Jefferey,Grim,Ponte,17-04-1979,Portugal,,351(772)840-7839
Dickie,de Castelain,Villeneuve-sur-Lot,04-07-1966,France,ddecastelainpv@fda.gov,33(730)690-1997
Tripp,Althorpe,Liulimiao,23-07-1997,China,talthorpepw@usda.gov,86(698)630-4913
Windham,Wellstood,Puyang,24-01-1991,China,wwellstoodpx@weebly.com,86(794)642-2512
Darrick,Rosewall,Sindangsuka,08-10-1993,Indonesia,drosewallpy@tumblr.com,62(787)526-5028
Adlai,Phillip,Ciguna,27-07-1961,Indonesia,aphillippz@umn.edu,62(763)680-2441
Hunter,Hannaby,Pataias,09-10-1959,Portugal,hhannabyq0@sciencedaily.com,351(966)450-6124
Kile,Lahive,Malysheva,24-11-1987,Russia,klahiveq1@yellowbook.com,7(230)200-4576
Winnie,Vahey,Cimo de Vila,26-10-1995,Portugal,wvaheyq2@youku.com,351(454)899-3803
Kyle,Songust,Kui Buri,12-04-1954,Thailand,,66(243)334-6308
Broddy,Hamshaw,Studenec,28-09-1993,Czech Republic,bhamshawq4@behance.net,420(189)397-9524
Jorie,Kingswell,Frederiksberg,17-04-1977,Denmark,jkingswellq5@aboutads.info,45(723)865-8880
Isac,Coady,Wuxihe,14-02-1954,China,,86(313)511-8810
Amii,Caccavale,Mazkeret Batya,20-10-1963,Israel,acaccavaleq7@walmart.com,972(677)511-2129
Friedrich,Sackur,Krasnogorodskoye,29-09-1999,Russia,fsackurq8@example.com,7(565)829-8833
Cairistiona,Smetoun,Lorica,09-09-1992,Colombia,csmetounq9@nature.com,57(529)325-2928
Anatol,Somerled,Armash,04-02-1956,Armenia,asomerledqa@sciencedaily.com,374(181)260-2886
Silvie,Lebbern,Novoye Devyatkino,22-02-1979,Russia,slebbernqb@godaddy.com,7(322)758-5453
Valle,Lefeaver,Pego Longo,23-05-1974,Portugal,vlefeaverqc@fotki.com,351(587)719-3608
Lian,Roston,Itabuna,23-06-1972,Brazil,lrostonqd@earthlink.net,55(675)896-2575
Stella,Ellis,Wan’an,02-12-1981,China,sellisqe@bigcartel.com,86(712)200-8053
Greg,Thoma,Pasadena,05-10-1980,United States,gthomaqf@cdc.gov,1(626)784-9781
Berry,Kille,Paraíso,03-08-1950,Costa Rica,bkilleqg@geocities.com,506(760)686-1970
Alonzo,Pennicard,Shiqiao,11-10-1991,China,apennicardqh@twitter.com,86(956)793-5929
Murdoch,Scannell,Yihe,02-04-1981,China,mscannellqi@tmall.com,86(641)191-8259
Ashby,Sherreard,Longhua,31-03-1955,China,,86(782)207-1945
Jon,Kiessel,Jincheng,24-01-1974,China,jkiesselqk@networksolutions.com,86(358)176-8305
Micheline,Dulake,Vitali,05-11-1981,Philippines,mdulakeql@miibeian.gov.cn,63(248)449-5041
Bessy,Forshaw,Rennes,09-12-1951,France,bforshawqm@technorati.com,33(927)670-3093
Estell,Licari,Malešići,14-09-1959,Bosnia and Herzegovina,,387(480)162-5818
Kettie,Suche,El Limon,15-08-1985,Mexico,ksucheqo@dyndns.org,52(697)494-3606
Cori,Surgood,La Rochelle,17-05-1978,France,csurgoodqp@netvibes.com,33(367)652-8231
Parnell,Thunnerclef,Yessentuki,02-09-1964,Russia,pthunnerclefqq@spiegel.de,7(106)156-0190
Cele,Eller,Lycksele,24-12-1979,Sweden,cellerqr@jugem.jp,46(497)558-1386
Gustaf,Rodger,Dongxi,01-01-1984,China,grodgerqs@nydailynews.com,86(483)279-0563
Ursola,Muselli,Gary,13-09-1972,United States,umuselliqt@networkadvertising.org,1(219)661-4901
Sherill,Remirez,Fengxian,25-12-1993,China,,86(967)858-8935
Amanda,Vallow,Pokhvistnevo,24-11-1981,Russia,,7(650)197-1822
Gabi,Olenikov,Veternik,10-07-1965,Serbia,golenikovqw@columbia.edu,381(992)929-5619
Erda,Lacelett,Koz’modem’yansk,24-10-1964,Russia,elacelettqx@nbcnews.com,7(729)255-3948
Robb,Delves,Ruixi,17-11-1962,China,rdelvesqy@skyrock.com,86(170)803-0795
Emlyn,Corbert,Houbai,23-08-1973,China,ecorbertqz@aol.com,86(199)806-7527
Kattie,Beranek,Bacungan,02-07-1995,Philippines,kberanekr0@tmall.com,63(709)475-2404
Grange,Stiles,Gornje Živinice,30-12-1990,Bosnia and Herzegovina,,387(670)476-3865
Arne,Heild,Shangtuhai,21-07-1952,China,aheildr2@rakuten.co.jp,86(656)340-1880
Elsie,Michin,,,,emichinr3@multiply.com,
Carolynn,Brockie,New Panamao,13-02-1977,Philippines,cbrockier4@uiuc.edu,63(839)657-3033
Christye,Josselsohn,Nangerang,02-08-1968,Indonesia,cjosselsohnr5@dmoz.org,62(268)342-7313
Ailsun,Ballinghall,,,,aballinghallr6@desdev.cn,
Lisa,Humphery,Petrivka,02-04-1982,Ukraine,lhumpheryr7@scientificamerican.com,380(402)443-0273
Weber,MacClinton,Kolbudy,10-02-1998,Poland,wmacclintonr8@devhub.com,48(990)731-3887
Dennet,Yewman,Jianyangping,18-03-1994,China,dyewmanr9@last.fm,86(597)674-8436
Lisa,Luetkemeyer,Lady Grey,06-04-1981,South Africa,,27(574)714-9485
Fabe,Arniz,Stavanger,10-10-1972,Norway,farnizrb@timesonline.co.uk,47(294)844-4597
Kenyon,Knapper,Perpignan,03-07-1999,France,kknapperrc@theguardian.com,33(888)392-6339
Barton,Maddams,Red Hill,03-02-1993,New Zealand,bmaddamsrd@yale.edu,64(638)586-1252
Blanca,Denisot,Alfeizerão,14-01-1973,Portugal,bdenisotre@furl.net,351(911)588-0024
Jasmina,Thunders,Dnipryany,24-12-1959,Ukraine,,380(361)522-9876
Burnaby,Deely,Saint-Laurent-Blangy,03-05-1971,France,bdeelyrg@mit.edu,33(984)727-0608
Arleta,Ledson,Setun’,30-01-1983,Russia,aledsonrh@army.mil,7(990)952-4117
Arnie,O'Dennehy,Sunjia Buzi,18-06-1992,China,,86(528)693-9044
Jyoti,Strode,Kuncen,22-11-1952,Indonesia,jstroderj@etsy.com,62(415)864-0929
Tersina,Buttriss,Horta,14-12-1967,Portugal,tbuttrissrk@opensource.org,351(204)541-6239
Jessy,Whiff,Stizhkivs’ke,11-06-1994,Ukraine,jwhiffrl@bloglovin.com,380(605)599-7738
Hildagarde,Rosina,Taubaté,12-06-1978,Brazil,hrosinarm@sun.com,55(166)551-2943
Walt,Wickerson,Santa Teresa First,12-01-1950,Philippines,wwickersonrn@nature.com,63(871)279-0155
Mabel,Janowski,Bachaquero,28-02-1998,Venezuela,mjanowskiro@nsw.gov.au,58(291)505-0086
Rorke,Leemans,,,,rleemansrp@weather.com,
Tadio,Cockshoot,Beberibe,23-10-1962,Brazil,tcockshootrq@skype.com,55(209)557-4330
Elicia,Eglinton,Condong,18-10-1992,Indonesia,eeglintonrr@tumblr.com,62(328)961-9023
