first_name,last_name,birth_place,birth_date,country_living_in,email,phone
Ania,Finnie,Nobres,04/04/1971,Brazil,afinnie0@soundcloud.com,232-582-2855
Marji,Betancourt,La Paz,10/12/1981,Argentina,mbetancourt1@utexas.edu,208-929-8602
Angelle,Whatling,Motala,01/12/1955,Sweden,awhatling2@rediff.com,158-407-2755
Emilio,Deathridge,Curahkalak Tengah,06/29/1962,Indonesia,edeathridge3@canalblog.com,638-161-7937
Uta,Oxlee,Hägersten,07/27/1964,Sweden,uoxlee4@amazon.com,900-959-4936
Cassandry,Toping,Vinež,11/08/1962,Croatia,,686-331-8343
Ernie,Scole,Caseros,02/02/1954,Argentina,,291-477-7638
Fara,Chappel,Długosiodło,10/09/1963,Poland,fchappel7@answers.com,346-236-3891
Libbey,Rubanenko,Merrifield,01/25/1970,United States,lrubanenko8@dropbox.com,571-171-6958
Eduardo,Hustler,Manquiring,01/31/1962,Philippines,ehustler9@aol.com,973-116-8781
Tan,Rayment,Spétses,09/07/1962,Greece,,672-468-8741
Andrei,Scarlan,Magadan,06/09/1971,Russia,ascarlanb@nih.gov,201-790-7694
Elvina,Jearum,Verdizela,08/08/1963,Portugal,ejearumc@moonfruit.com,865-507-0448
Saunders,Creebo,Panambi,10/09/1971,Brazil,screebod@rakuten.co.jp,841-371-4254
Sella,Sworne,Sabang,10/22/1978,Philippines,sswornee@xrea.com,434-227-8618
Red,Lunt,Zhoukoudian,12/04/1952,China,rluntf@bing.com,417-157-1172
Valli,Frankom,Yangxi,07/08/1978,China,vfrankomg@e-recht24.de,805-882-6580
Sadie,Serjent,Vinhas,07/04/1972,Portugal,sserjenth@cbc.ca,825-137-8192
Adrian,Shickle,Cedar Rapids,01/01/1956,United States,ashicklei@merriam-webster.com,319-482-2600
Vivienne,Lindman,Bāfq,05/13/1962,Iran,vlindmanj@usnews.com,471-385-0019
Bendix,Jager,Calvário,06/14/1980,Portugal,bjagerk@e-recht24.de,510-943-5826
Taffy,Matfin,Doropeti,09/18/1963,Indonesia,tmatfinl@eepurl.com,538-612-2878
Gilly,Tretwell,Skanör,05/16/1986,Sweden,gtretwellm@ucoz.ru,332-991-3115
Cristiano,Bresman,Mendes,06/28/1970,Brazil,cbresmann@t.co,999-590-7857
Conroy,Lawrance,Taihe,05/21/1975,China,clawranceo@amazon.de,740-978-0275
Siward,McFadden,Markham,08/13/1954,Canada,smcfaddenp@dedecms.com,246-287-1144
Fifi,Tolson,Charlotte,12/13/1980,United States,ftolsonq@archive.org,704-700-5136
Greg,Ricketts,Boa Vista,02/26/1965,Brazil,grickettsr@xinhuanet.com,511-921-1094
Cati,Fasey,Az̧ Z̧a‘āyin,07/22/1985,Qatar,cfaseys@ebay.com,871-335-7185
Gloriana,Quinnelly,Louisville,05/06/1988,United States,,502-935-1173
Lemmie,Care,Mariquita,03/12/1957,Colombia,lcareu@apache.org,847-607-4755
Antonius,Elcum,Sevilla,02/19/1963,Spain,aelcumv@economist.com,905-998-6290
Augy,Spaule,Cayara,04/07/1966,Peru,aspaulew@google.es,205-389-4383
Hallsy,Corn,Apartadó,10/07/1987,Colombia,hcornx@bloomberg.com,466-137-5473
Konstance,Derell,Catbalogan,04/12/1970,Philippines,kderelly@mlb.com,873-378-7656
Bard,Colliss,Itarana,04/02/1993,Brazil,bcollissz@opensource.org,442-542-0435
Addison,Boar,Xinjiezi,07/21/1967,China,aboar10@ftc.gov,537-549-8665
Mariann,Ambroix,Sibay,02/27/1959,Russia,mambroix11@g.co,884-918-1190
Darius,Ferries,Berezna,07/29/1960,Ukraine,dferries12@umn.edu,203-390-7049
Gladi,Hakewell,Şānūr,04/21/1969,Palestinian Territory,ghakewell13@archive.org,518-793-0214
Sarita,Gamage,Aţ Ţīrah,08/28/1986,Palestinian Territory,sgamage14@google.pl,978-269-4468
Lexis,Brownhill,Suhopolje,08/16/1996,Croatia,lbrownhill15@google.de,339-458-4318
Katusha,Matura,Kurbnesh,06/05/1972,Albania,kmatura16@irs.gov,759-168-7374
Lemmie,Gouldstone,Kōchi-shi,07/03/1992,Japan,lgouldstone17@google.nl,446-403-9423
Lind,Lucus,Thị Trấn Văn Quan,05/24/1954,Vietnam,llucus18@plala.or.jp,809-400-3557
Selby,Wordington,Santa Isabel,02/01/1962,Brazil,swordington19@nba.com,453-591-7412
Enrichetta,Janoch,Chengkan,08/12/1969,China,ejanoch1a@cloudflare.com,544-463-7893
Marlo,Gatiss,Sam Roi Yot,12/07/1953,Thailand,,116-740-6486
Wallis,Oldknowe,Fufang,11/17/1995,China,woldknowe1c@bloomberg.com,569-825-0933
Faulkner,Dewing,Géfyra,01/04/1988,Greece,fdewing1d@dyndns.org,255-691-6274
Brade,Spollen,Canturay,08/06/1962,Philippines,bspollen1e@reddit.com,360-350-6865
Chadwick,Shufflebotham,Cikalang,05/26/1994,Indonesia,cshufflebotham1f@princeton.edu,142-461-1668
Alfonse,Turvie,Samuhú,03/05/1970,Argentina,aturvie1g@sbwire.com,840-795-9955
Joyce,Pulford,Mekkaw,03/09/1997,Nigeria,jpulford1h@angelfire.com,885-758-6353
Shana,Meeus,Villa Ojo de Agua,04/17/1954,Argentina,smeeus1i@vinaora.com,372-841-2377
Antonina,Gobel,,,,agobel1j@multiply.com,
Rolf,Biggen,Qili,01/25/1979,China,rbiggen1k@techcrunch.com,569-775-7234
Jervis,Suermeier,San Carlos,07/30/1982,Colombia,jsuermeier1l@xing.com,987-413-1305
Caryl,Phillipson,Hidalgo,04/26/1953,Mexico,cphillipson1m@friendfeed.com,884-412-0167
Matias,Fidgeon,Vergara,08/18/1992,Uruguay,mfidgeon1n@cpanel.net,771-441-4967
Maryanna,Cane,Babantar,05/20/1995,Indonesia,mcane1o@wikipedia.org,111-704-9996
Teodoor,Bozward,Niort,10/18/1982,France,tbozward1p@google.co.jp,965-414-4848
Rochell,Ruberti,Qibu,05/13/1984,China,rruberti1q@github.com,134-166-2812
Clementina,Figurski,Zaysan,08/01/1957,Kazakhstan,cfigurski1r@arstechnica.com,412-633-7998
Gracie,Judd,Świętajno,09/11/1954,Poland,gjudd1s@google.ru,720-147-9267
Zaria,Kelsow,Palma De Mallorca,10/11/1983,Spain,,827-719-3423
Chickie,Court,Młynary,06/05/1961,Poland,,356-911-1995
Kelbee,Jockle,Арачиново,05/15/1957,Macedonia,kjockle1v@youku.com,536-613-8613
Verina,Barrim,,,,vbarrim1w@mit.edu,
Marice,Legging,,,,mlegging1x@cyberchimps.com,
Annabal,Inkin,Dawuhanmangli,11/29/1968,Indonesia,ainkin1y@nsw.gov.au,880-980-0589
Cosmo,Cometto,Karangpapak,11/01/1971,Indonesia,,372-983-0933
Arlinda,Browncey,Pogórze,06/18/1972,Poland,abrowncey20@ibm.com,300-756-3204
Torin,Danilevich,Palapye,07/05/1968,Botswana,tdanilevich21@statcounter.com,554-902-5084
Rasla,Lunam,Zhengcun,09/07/1978,China,,496-233-9326
Caddric,Iwanowicz,Ban Talat Bueng,05/10/1977,Thailand,ciwanowicz23@kickstarter.com,530-732-8312
Silas,Colombier,Dongxin,04/17/1956,China,scolombier24@merriam-webster.com,742-462-4824
Englebert,Zaniolo,San Antonio,05/03/1959,United States,,210-646-9539
Madelene,Howel,Al Ḩarajah,03/16/1985,Yemen,mhowel26@google.ca,680-320-7604
Ardyth,Ambrogioli,Mauraro,12/05/1960,Philippines,aambrogioli27@google.ca,432-692-2742
Jillayne,Falkous,Jinfeng,02/22/1969,China,jfalkous28@jiathis.com,183-533-2053
Mischa,Fyrth,Suchedniów,10/26/1961,Poland,mfyrth29@quantcast.com,230-134-1473
Ingemar,Essel,San Carlos,12/27/1952,Colombia,iessel2a@yandex.ru,707-499-7693
Polly,Kubiak,Cuiabá,11/17/1983,Brazil,pkubiak2b@dagondesign.com,202-180-9762
Craggy,Sanpher,Las Junturas,06/08/1989,Argentina,csanpher2c@etsy.com,145-431-2334
Constantina,Caistor,Fagersta,11/24/1975,Sweden,ccaistor2d@virginia.edu,623-445-9119
Rafaello,Leeves,Zhoutou,04/02/1962,China,rleeves2e@loc.gov,951-529-1080
Boniface,Bampforth,Charlottesville,01/11/1958,United States,bbampforth2f@w3.org,434-640-0500
Myrle,Bowcher,Plavsk,02/10/1996,Russia,mbowcher2g@jimdo.com,908-156-9090
Padgett,Ausher,Dong’ao,11/27/1960,China,pausher2h@usda.gov,431-365-1680
Vite,Tirte,Kiarajangkung,12/03/1996,Indonesia,vtirte2i@wordpress.com,666-695-3613
Emmye,Mulloch,Bykhaw,07/01/1954,Belarus,emulloch2j@hatena.ne.jp,821-210-9883
Hieronymus,Sowerby,Souillac,10/31/1970,Mauritius,hsowerby2k@bigcartel.com,138-563-5889
Sharla,Graveney,Shiraz,04/29/1984,Iran,sgraveney2l@flickr.com,529-560-1184
Auberta,Clarey,Businga,06/28/1991,Democratic Republic of the Congo,aclarey2m@vistaprint.com,128-679-6852
Chrystel,Schooling,Bulupayung,10/04/1968,Indonesia,,377-120-0715
Alis,Curm,Armenia,05/24/1955,Colombia,acurm2o@freewebs.com,871-993-1029
Brennen,Umney,Urkarakh,10/12/1959,Russia,bumney2p@umich.edu,374-872-2779
Dona,Garwill,Shuanghe,08/25/1995,China,dgarwill2q@bbb.org,838-162-3960
Vin,Huccaby,Galatás,09/21/1980,Greece,vhuccaby2r@smugmug.com,849-464-6800
Wells,Bowkett,Garça,12/18/1989,Brazil,wbowkett2s@jugem.jp,563-184-2760
Shel,Samwyse,Patía,12/29/1981,Colombia,ssamwyse2t@odnoklassniki.ru,916-954-8843
Noel,Engley,Mompós,03/31/1980,Colombia,nengley2u@house.gov,366-129-0605
Beck,Bugg,Bằng Lũng,08/25/1979,Vietnam,bbugg2v@techcrunch.com,163-642-1961
Geri,Jouanot,Sumurgayam,10/18/1988,Indonesia,gjouanot2w@ted.com,866-845-5674
Evelina,Kayzer,Rudnya,01/06/1986,Russia,ekayzer2x@economist.com,898-982-7311
Mordy,Cohn,,,,mcohn2y@unc.edu,
Angeli,Cornelis,Huayuan,09/18/1990,China,acornelis2z@ow.ly,238-669-4554
Viviene,Ranscomb,,,,vranscomb30@wufoo.com,
Deidre,Bengoechea,Moundou,09/25/1976,Chad,dbengoechea31@seesaa.net,757-709-9143
Rene,Forestall,Kibingo,05/19/1967,Uganda,,539-358-1720
Lorena,Songust,Färjestaden,08/09/1955,Sweden,lsongust33@theguardian.com,734-342-5212
Filide,Cocklin,Dzhebariki-Khaya,05/04/1983,Russia,fcocklin34@economist.com,131-691-5699
Jenica,Dearth,Karobokan,08/09/1969,Indonesia,jdearth35@businesswire.com,577-456-4277
La verne,Dutt,Novyy,05/03/1997,Russia,ldutt36@tmall.com,263-789-4701
Lethia,Helleker,Fencheng,03/14/1974,China,lhelleker37@timesonline.co.uk,778-922-9226
Vivyanne,St Ange,Tall Tamr,01/10/1959,Syria,vstange38@yahoo.com,115-754-4099
Chanda,Pallaske,Oof,07/20/1992,Indonesia,,807-338-4753
Raphaela,Shyre,Oslo,05/21/1970,Norway,rshyre3a@theguardian.com,583-841-3192
Gaspar,Klus,Oguta,08/28/1968,Nigeria,gklus3b@answers.com,939-506-7102
Walker,Agass,Ferreñafe,03/22/1992,Peru,wagass3c@taobao.com,893-912-0594
Calv,Hannibal,Lüjiabao,10/25/1981,China,channibal3d@w3.org,720-457-6369
Drud,Tills,Pingdu,03/18/1984,China,,477-991-5515
Hilton,Compfort,,,,hcompfort3f@wsj.com,
Jerad,Featley,Anjirserapat,07/25/1972,Indonesia,,657-268-7718
Evey,Ely,Saint-Denis,09/15/1950,Reunion,eely3h@indiegogo.com,765-167-3221
Claudette,Domenici,Komatsu,10/31/1984,Japan,cdomenici3i@paginegialle.it,486-117-3907
Leilah,McIntee,Rimpakgede,01/29/1960,Indonesia,lmcintee3j@miibeian.gov.cn,151-863-3491
Jerome,Feaveryear,Maofan,03/10/1954,China,jfeaveryear3k@liveinternet.ru,460-682-8830
Barrett,Kippin,Stradbally,11/09/1959,Ireland,bkippin3l@aboutads.info,857-653-7413
Bartram,Deeprose,Guangchen,07/05/1976,China,bdeeprose3m@smh.com.au,312-990-0278
Romeo,Veryard,Rogachëvo,09/08/1990,Russia,,538-666-3002
Gigi,Helliwell,,,,ghelliwell3o@illinois.edu,
Kaja,Powley,Capalonga,10/20/1980,Philippines,kpowley3p@csmonitor.com,612-983-8517
Nesta,Flemyng,Foz Giraldo,08/03/1960,Portugal,nflemyng3q@sakura.ne.jp,858-277-9189
Willem,Greim,Rzhev,09/14/1954,Russia,wgreim3r@hubpages.com,216-593-2415
Peder,Atkins,Wilmington,09/21/1978,United States,patkins3s@youtube.com,302-130-8440
Silva,Kentish,Xucheng,05/31/1973,China,skentish3t@cmu.edu,419-247-8142
Skipton,Khrishtafovich,Gumel,05/22/1984,Nigeria,skhrishtafovich3u@ebay.co.uk,266-946-5341
Ericha,Gossage,Rū-ye Sang,09/25/1973,Afghanistan,egossage3v@blog.com,469-674-3732
Grethel,Regler,Madrid,05/15/1955,Spain,,335-236-2647
Fern,Purse,Oranjestad,06/22/1976,"Bonaire, Saint Eustatius and Saba ",fpurse3x@comcast.net,641-102-7277
Prent,Petruskevich,Xincheng,02/26/1989,China,ppetruskevich3y@behance.net,131-231-5768
Elfrieda,Gaber,Sukaratu,03/07/1955,Indonesia,egaber3z@hugedomains.com,477-215-1266
Rhodie,Tours,Serikbuya,07/10/1985,China,rtours40@livejournal.com,466-398-8673
Nora,Hazel,Alençon,06/16/1959,France,nhazel41@wunderground.com,383-606-7189
Ives,Franklyn,Despotovac,01/11/1950,Serbia,ifranklyn42@mysql.com,238-935-9426
Cynthie,Leeuwerink,Yuhuazhai,07/23/1989,China,cleeuwerink43@tamu.edu,497-670-9940
Reagen,Honeywood,Boshchorbogh,10/05/1987,Tajikistan,rhoneywood44@canalblog.com,437-331-7974
Valera,Heggison,Az Ziyārah,04/17/1988,Syria,,677-237-3754
Danika,Newsome,Xinmatou,05/12/1965,China,,930-137-5505
Cora,Vallentin,Abuja,06/28/1966,Nigeria,cvallentin47@domainmarket.com,472-432-5350
Claudius,Belverstone,Kembang,08/02/1969,Indonesia,cbelverstone48@sourceforge.net,914-115-8470
Wylie,Rosenschein,Västra Frölunda,12/25/1988,Sweden,wrosenschein49@pbs.org,514-531-1904
Lorri,Levine,Qingfa,01/03/1988,China,llevine4a@blogger.com,250-663-8666
Ada,Abelovitz,Invercargill,11/13/1972,New Zealand,aabelovitz4b@g.co,749-347-2106
Sophey,Ferriby,Cambarus,12/19/1983,Philippines,sferriby4c@taobao.com,514-501-0444
Tootsie,Eatock,Kasukabe,06/14/1987,Japan,teatock4d@slideshare.net,411-520-3410
Northrop,Calvey,Gaojiazhuang,12/03/1959,China,,403-502-2478
Hobard,Witton,Circasia,10/13/1995,Colombia,hwitton4f@state.tx.us,843-271-2800
Krysta,Jordon,Lokoja,12/10/1989,Nigeria,,951-324-8179
Beverly,Mustard,Qutqashen,10/12/1978,Azerbaijan,bmustard4h@opera.com,341-790-3384
Lind,Christopherson,Baojiadian,10/27/1978,China,lchristopherson4i@blinklist.com,498-772-6632
Maddi,Meers,Luopu,04/20/1966,China,mmeers4j@virginia.edu,555-401-0244
Cullen,Cremer,Plataran,01/16/1993,Indonesia,ccremer4k@google.com,568-728-9649
Desdemona,Plover,Amaigbo,10/05/1986,Nigeria,dplover4l@issuu.com,337-831-2662
Daryl,Cheel,Arāk,01/28/1990,Iran,dcheel4m@simplemachines.org,972-714-2432
Xylia,Falk,Uppsala,08/21/1970,Sweden,,594-482-2737
Luis,Arnull,Batad,08/19/1971,Philippines,larnull4o@tinyurl.com,733-985-2540
Elfrida,Parfett,Vikhorevka,08/31/1998,Russia,eparfett4p@ocn.ne.jp,882-977-9974
Bonnibelle,Bickerdyke,Glagahan,11/12/1999,Indonesia,bbickerdyke4q@whitehouse.gov,945-973-9623
Carmelle,Phillcox,Gapyeong,04/15/1973,South Korea,cphillcox4r@drupal.org,314-487-8452
Cobb,Mewe,Lugouqiao,07/16/1995,China,cmewe4s@google.ru,317-688-4137
Sylvester,Hickisson,Malhou,10/24/1997,Portugal,shickisson4t@jiathis.com,507-465-7955
Zonnya,Putman,Zaječov,05/13/1979,Czech Republic,zputman4u@ow.ly,407-852-0134
Warden,Agostini,Pundong,11/22/1963,Indonesia,,968-210-2321
Melania,Hanson,Radziszów,05/15/1975,Poland,mhanson4w@berkeley.edu,357-636-5593
Correy,Raper,Arísvi,06/14/1961,Greece,craper4x@hao123.com,483-721-8493
Cinderella,Moyse,Krasnoarmiys’k,03/18/1975,Ukraine,cmoyse4y@ifeng.com,671-422-4073
Torr,Jannings,Kramfors,06/19/1950,Sweden,,243-341-5988
Davide,Humberstone,Kangin,05/10/1999,Indonesia,dhumberstone50@guardian.co.uk,231-118-7979
Cesare,Dik,Xiaozhoushan,03/15/1959,China,,939-874-7862
Agata,Muehle,Novi Sad,04/26/1973,Serbia,amuehle52@altervista.org,452-941-7913
Tallia,Wrathall,Lalupon,11/22/1959,Nigeria,twrathall53@prlog.org,451-559-8961
Jaime,Deesly,Concepción,07/01/1997,Chile,jdeesly54@rakuten.co.jp,358-732-3646
Bethany,Dallimore,Niaohe,05/30/1988,China,bdallimore55@usa.gov,560-842-8322
Lutero,Bresland,Căuşeni,01/25/1952,Moldova,lbresland56@gravatar.com,595-163-0125
Tammi,Raylton,Guatire,05/27/1981,Venezuela,traylton57@sun.com,201-133-4709
Bryna,Duddan,Māsāl,05/03/1983,Iran,bduddan58@businessinsider.com,121-568-4817
Clayborn,Lanyon,Gózd,10/31/1977,Poland,clanyon59@time.com,858-930-6692
Charo,Borrie,,,,cborrie5a@tinypic.com,
Conny,Trattles,São Borja,09/11/1962,Brazil,ctrattles5b@ezinearticles.com,990-890-7852
Christye,Emeline,Miami,09/04/1974,United States,cemeline5c@goodreads.com,786-872-8170
Rosalynd,Charlson,Shuanglongchang,12/17/1960,China,rcharlson5d@xing.com,396-910-2148
Lillis,Goldine,Sápes,04/19/1986,Greece,lgoldine5e@toplist.cz,256-326-4323
Nahum,Kemmons,Sinarbakti,10/02/1963,Indonesia,nkemmons5f@ed.gov,658-305-9873
Ricky,Mc Faul,Sámi,05/16/1983,Greece,rmcfaul5g@nbcnews.com,961-552-3790
Catherina,Cowlin,Zhongluotan,04/21/1990,China,,131-254-0757
Edouard,Berkelay,Mikuni,07/23/1952,Japan,eberkelay5i@clickbank.net,492-743-0645
D'arcy,Ferraro,Brody,09/13/1963,Ukraine,dferraro5j@networkadvertising.org,156-732-9508
Allard,Holme,Heřmanova Huť,04/01/1958,Czech Republic,,442-444-8622
Hoebart,Moles,Malitubog,02/02/1990,Philippines,,146-803-3587
Mauricio,Le Blond,Buturlinovka,09/14/1999,Russia,mleblond5m@tripod.com,472-364-6692
Miller,Collop,Guzhu,02/09/1989,China,mcollop5n@flavors.me,387-792-4195
Fredia,Matkovic,Meruge,05/10/1966,Portugal,fmatkovic5o@guardian.co.uk,583-976-3728
Josie,Willerton,Dabancheng,05/18/1986,China,jwillerton5p@amazon.co.jp,550-798-1090
Danya,Borsay,Gandi,01/15/1989,Nigeria,dborsay5q@toplist.cz,546-485-9424
Maxie,Staggs,Iba,01/06/1971,Philippines,mstaggs5r@prlog.org,213-452-7980
Bjorn,Yitzhakov,Neochóri,09/26/1975,Greece,byitzhakov5s@indiegogo.com,217-889-5661
Christophe,Slipper,Miyako,07/31/1962,Japan,cslipper5t@altervista.org,235-552-5763
Sumner,Gardener,Málaga,07/17/1976,Colombia,sgardener5u@umn.edu,245-310-7574
Babbette,Sjostrom,Pobral,12/13/1982,Portugal,bsjostrom5v@soup.io,230-363-5230
Carley,Ogilby,Panikian,09/14/1984,Philippines,cogilby5w@flickr.com,749-173-2005
Paxon,Vase,Baja Mar,03/20/1997,Honduras,pvase5x@psu.edu,296-765-2142
Eartha,Davidowich,Keren,11/03/1990,Eritrea,,222-514-8602
Gwynne,Margaritelli,Gaoming,08/14/1972,China,gmargaritelli5z@hostgator.com,806-631-4396
Burnard,Segoe,Dungkek Laok,03/14/1989,Indonesia,bsegoe60@prlog.org,464-414-4320
Dorotea,Seaborne,Balayan,07/10/1990,Philippines,dseaborne61@so-net.ne.jp,135-912-1830
Bebe,Yokel,Nevinnomyssk,09/04/1958,Russia,byokel62@opensource.org,360-645-3396
Kayne,Yoell,Tyler,01/14/1993,United States,kyoell63@amazon.com,903-181-5767
Ardella,Paddefield,Kiihtelysvaara,02/18/1993,Finland,apaddefield64@businessweek.com,133-101-8364
Budd,Addionisio,Wakefield,05/29/1997,New Zealand,,860-391-3877
Jorgan,MacElane,Mokolo,06/13/1999,Cameroon,jmacelane66@intel.com,702-637-6666
Bertine,Kingzet,Caetité,03/28/1983,Brazil,,644-130-3450
Aldous,Olfert,Val-d'Or,11/01/1951,Canada,aolfert68@photobucket.com,577-940-3461
Muffin,Brydon,,,,,
Charissa,Velde,Остров Пасхи,04/09/1959,Chile,,988-961-4345
Constancy,Lammers,Konza,04/25/1987,Kenya,clammers6b@github.io,623-752-4268
Julienne,Gillyatt,Ariquemes,06/18/1996,Brazil,jgillyatt6c@slideshare.net,174-882-7470
Haleigh,Vasenkov,Staryy Sambor,02/10/1960,Ukraine,hvasenkov6d@soup.io,599-149-8957
Tadeas,Thunderman,Bürenhayrhan,09/29/1962,Mongolia,tthunderman6e@phpbb.com,739-743-6820
Gerrie,Hoopper,København,02/04/1965,Denmark,ghoopper6f@army.mil,255-750-0358
Aurelea,Anespie,Huancheng,06/04/1963,China,aanespie6g@blogtalkradio.com,485-345-5738
Farleigh,Barnsdale,Arkalyk,09/05/1990,Kazakhstan,fbarnsdale6h@lycos.com,637-647-5032
Rivalee,Vaggs,Baugo,09/23/1984,Philippines,,854-817-8653
Wendy,Quested,Ciénaga,06/20/1953,Colombia,wquested6j@surveymonkey.com,648-638-6272
Donella,Readitt,Skrzydlna,01/24/1961,Poland,dreaditt6k@cdc.gov,932-786-2506
Leonidas,Prandy,Wirodayan,12/07/1974,Indonesia,,843-115-4893
Aubry,Mc Comb,Tarasovskiy,11/14/1989,Russia,,378-618-5037
Crosby,McCarly,Yazman,04/11/1969,Pakistan,cmccarly6n@is.gd,331-406-5084
Vernice,Giacobazzi,Echarate,12/15/1980,Peru,vgiacobazzi6o@amazon.de,909-706-9743
Reggy,Pfeffel,Tanabe,12/06/1965,Japan,rpfeffel6p@mlb.com,510-863-0338
Jay,Joscelyne,Karangbalong,03/15/1963,Indonesia,jjoscelyne6q@e-recht24.de,542-739-3299
Rhody,Chaffen,,,,rchaffen6r@jiathis.com,
Frank,Maffucci,Oula Xiuma,12/17/1991,China,fmaffucci6s@nifty.com,305-629-9835
Alyssa,Espinel,Oeleon,10/01/1999,Indonesia,aespinel6t@bloglines.com,710-568-1319
Matteo,Raylton,Sawahan,01/28/1965,Indonesia,mraylton6u@cyberchimps.com,432-337-4935
Jeni,Langman,Pyetrykaw,05/12/1954,Belarus,jlangman6v@ca.gov,326-395-0006
Charlene,Giffen,Okiot,10/01/1982,Philippines,,251-552-8629
Minnnie,Jeffcock,Piedra del Águila,02/18/1984,Argentina,,164-154-9577
Clive,Reinbach,Caldas,10/24/1953,Colombia,creinbach6y@mediafire.com,862-896-9711
Grenville,Hallihane,Torsås,09/21/1984,Sweden,ghallihane6z@amazon.co.jp,779-338-6865
Honoria,Gowanlock,Liulin,09/22/1953,China,hgowanlock70@huffingtonpost.com,530-350-8444
Tamar,Paulisch,Kodra,02/01/1974,Ukraine,tpaulisch71@newsvine.com,902-785-8472
Michael,Bartomieu,Maquiapo,02/20/1973,Philippines,mbartomieu72@businessweek.com,825-500-0155
Rozele,Skully,Piedrancha,01/05/1975,Colombia,rskully73@whitehouse.gov,426-353-2853
Aldin,Cowsby,Mauá,07/31/1996,Brazil,acowsby74@usda.gov,123-502-6364
Ferrel,Heinz,Stopnica,03/08/1983,Poland,fheinz75@spiegel.de,613-706-3792
Alyse,MacCafferky,Cabog,08/13/1964,Philippines,,885-329-0683
Nestor,Learoyde,Tabivere,12/14/1963,Estonia,,815-389-8332
Almeria,Stothert,Juntas,05/20/1983,Costa Rica,astothert78@prlog.org,326-275-7078
Ulrikaumeko,Jancik,Pavlovsk,03/02/1994,Russia,ujancik79@theglobeandmail.com,485-328-1472
Alan,Ketchell,Manalad,04/07/1999,Philippines,,972-667-7587
Nicki,Towne,Hudai,10/11/1982,China,ntowne7b@symantec.com,909-665-3622
Colleen,Lenaghen,Hirvensalmi,12/17/1996,Finland,clenaghen7c@prnewswire.com,830-949-3438
Hashim,Heinl,Khust,07/02/1983,Ukraine,hheinl7d@constantcontact.com,175-821-5148
Far,Polkinhorn,Laxiong,05/16/1993,China,fpolkinhorn7e@blinklist.com,239-397-6900
Cyndie,Artois,Ron Phibun,01/01/1963,Thailand,cartois7f@drupal.org,984-158-9353
Lindsy,Harmston,Alemanguan,04/07/1986,Philippines,lharmston7g@msn.com,995-340-7980
Melantha,Shewan,Rodnikovskaya,04/02/1961,Russia,mshewan7h@surveymonkey.com,356-373-5794
Daphne,Farr,Lokea,06/29/1984,Indonesia,,619-773-7525
Katharina,Shavel,Várzeas,01/04/1953,Portugal,kshavel7j@blogtalkradio.com,304-184-5525
Chane,Jumont,Dingqing,05/06/1992,China,cjumont7k@goo.ne.jp,511-739-9373
Rafa,Langstone,Gaofeng,06/14/1970,China,rlangstone7l@merriam-webster.com,548-755-7046
Jerrie,Gainsborough,Hugang,09/23/1998,China,jgainsborough7m@columbia.edu,753-662-2795
Thibaut,Ende,Anicuns,05/21/1994,Brazil,tende7n@forbes.com,958-258-1679
Kissie,Pountain,Mulan,04/13/1985,China,kpountain7o@youku.com,192-345-3816
Albertine,Ioan,Dve Mogili,11/16/1955,Bulgaria,aioan7p@istockphoto.com,875-636-4128
Ave,Byatt,Ovidiopol’,01/17/1985,Ukraine,abyatt7q@naver.com,686-508-2091
Clemmy,Colton,Uttar Char Fasson,04/14/1959,Bangladesh,ccolton7r@mit.edu,804-903-9007
Raynard,Crudge,Marbel,02/04/1991,Philippines,rcrudge7s@zdnet.com,871-922-7680
Teddy,Fearnley,Koror Town,09/20/1969,Palau,tfearnley7t@studiopress.com,170-258-3963
Yevette,Finn,Sūrāb,10/07/1959,Pakistan,yfinn7u@tinyurl.com,254-931-8051
Dana,Sieghart,Skovorodino,05/01/1977,Russia,,227-598-4499
Zorina,Dearnley,Kortkeros,10/12/1980,Russia,zdearnley7w@yale.edu,143-202-0120
Baron,Dulton,Serere,11/27/1977,Uganda,bdulton7x@drupal.org,444-743-1839
Shayna,Maeer,Columbus,02/21/1961,United States,smaeer7y@reddit.com,614-972-8962
Gerrie,MacTeague,Quilmaná,12/22/1989,Peru,,386-381-2052
Rozele,Castri,San Jerónimo,07/19/1989,Honduras,rcastri80@tuttocitta.it,407-442-2897
Glendon,Carpenter,Ikot-Ekpene,04/03/1964,Nigeria,gcarpenter81@dyndns.org,426-132-1636
Obadias,Slograve,Minas,01/31/1987,Cuba,oslograve82@nifty.com,838-226-8884
Corny,Momford,Wysoka,08/17/1977,Poland,cmomford83@oaic.gov.au,218-789-9440
Hart,Glasper,Licupis,10/03/1997,Peru,hglasper84@independent.co.uk,936-145-0757
Gabrila,Teale,Yuto,05/28/1985,Argentina,gteale85@va.gov,578-668-0819
Alaster,Olden,Suponevo,09/03/1971,Russia,aolden86@google.co.jp,237-806-4642
Culver,Hattiff,Margen,05/17/1989,Philippines,chattiff87@yellowbook.com,803-156-3291
Chan,Pallant,,,,cpallant88@moonfruit.com,
Wyatan,Chesterton,Bintang,08/18/1976,Indonesia,wchesterton89@howstuffworks.com,721-560-2620
Franny,Delafoy,Suocheng,08/03/1988,China,fdelafoy8a@ezinearticles.com,534-750-9764
Berkeley,Castell,Novorozhdestvenskaya,12/26/1959,Russia,bcastell8b@google.com.br,730-393-4410
Jacky,De Freyne,Pesisir,06/06/1959,Indonesia,jdefreyne8c@ezinearticles.com,884-324-8847
Wilbur,Dogg,Quiruvilca,08/02/1968,Peru,wdogg8d@whitehouse.gov,280-347-0020
Sibella,Jaquet,Morelos,01/06/1958,Mexico,sjaquet8e@addthis.com,413-487-2155
Auguste,Fechnie,Oujda,02/04/1958,Morocco,,705-719-1556
Jandy,Dewsnap,Cergy-Pontoise,05/29/1976,France,jdewsnap8g@wikipedia.org,858-930-1110
Kleon,Gerram,Shahrisabz Shahri,06/11/1969,Uzbekistan,kgerram8h@ihg.com,450-526-1385
Felicia,Chomiszewski,Edéa,08/28/1952,Cameroon,fchomiszewski8i@tinyurl.com,478-132-5735
Griffie,Tewkesberrie,Kristianstad,08/22/1974,Sweden,gtewkesberrie8j@lycos.com,273-100-1219
Diane-marie,Bysh,Shiqiao,11/14/1977,China,dbysh8k@sitemeter.com,137-208-8457
Alika,Hartless,Pamanukan,10/20/1982,Indonesia,,524-464-3057
Curt,Gidman,Tungdor,09/13/1982,China,cgidman8m@salon.com,661-168-1078
Staford,Rainford,Kakamega,11/15/1974,Kenya,,581-749-6166
Madalyn,Rentoll,Digos,02/03/1988,Philippines,,659-321-5738
Euell,Screach,Tigaon,12/16/1953,Philippines,escreach8p@de.vu,993-463-1154
Erminia,Meneer,Hadapu Zhen,01/25/1977,China,emeneer8q@hud.gov,208-111-0858
Zsazsa,Neylon,Mahdalynivka,01/17/1972,Ukraine,zneylon8r@google.co.uk,977-253-0262
Valentino,Judron,Novorozhdestvenskaya,03/30/1951,Russia,vjudron8s@hexun.com,673-274-8005
Corrine,Yushachkov,Stonewall,06/14/1954,Canada,cyushachkov8t@artisteer.com,363-726-1971
Brittne,Jeffreys,Quiches,03/10/1959,Peru,bjeffreys8u@vistaprint.com,394-401-5951
Kimble,Tatford,Bukama,05/16/1982,Democratic Republic of the Congo,ktatford8v@networkadvertising.org,763-804-8041
Viv,Kinson,Cartago,04/18/1970,Costa Rica,vkinson8w@sina.com.cn,912-279-2488
Norri,O'Griffin,Weepangali,01/14/1991,Indonesia,nogriffin8x@ebay.com,439-798-0848
Siegfried,Mellhuish,,,,,
Caroline,Lantry,Pokrovo-Prigorodnoye,02/09/1962,Russia,clantry8z@163.com,402-677-9264
Erhart,Gander,,,,egander90@loc.gov,
Brenna,Kirtland,Khanāşir,05/22/1961,Syria,bkirtland91@japanpost.jp,351-472-9116
Asa,Fieldstone,Kastav,05/19/1957,Croatia,afieldstone92@cnn.com,196-835-8876
Ulrike,Mockler,Pop,06/22/1988,Uzbekistan,umockler93@forbes.com,618-328-2136
Armando,Denny,Nunutba,06/23/1965,Indonesia,adenny94@yellowbook.com,677-220-7052
Wilfred,Garbar,,,,,
Marius,Lie,Ylöjärvi,03/24/1952,Finland,,873-385-1983
Elisabeth,Harrismith,Ōtake,12/24/1990,Japan,,170-606-7327
Devland,Mcsarry,Vale Flores,07/23/1954,Portugal,dmcsarry98@go.com,765-950-7188
Corbin,Idel,Lidköping,08/30/1992,Sweden,cidel99@tuttocitta.it,726-993-0207
Lee,Sketcher,Uberaba,10/06/1981,Brazil,lsketcher9a@umn.edu,515-490-3574
Juan,Fraczkiewicz,Dalupaon,04/25/1962,Philippines,jfraczkiewicz9b@smugmug.com,725-410-5267
Amity,Karlicek,Villa Dolores,06/15/1974,Argentina,akarlicek9c@army.mil,612-527-5779
Gilberto,Buggs,København,10/27/1990,Denmark,gbuggs9d@youku.com,554-862-5394
Morley,Surgey,Belém,07/05/1953,Brazil,,131-114-3807
Marilin,Slogrove,Embarcación,08/12/1974,Argentina,mslogrove9f@tinypic.com,173-247-7763
Doroteya,Sonnenschein,Proptisht,06/11/1993,Albania,dsonnenschein9g@i2i.jp,948-276-3688
Nanon,Puckey,Nairobi,10/20/1985,Kenya,npuckey9h@mapy.cz,777-166-9921
Tobe,Rockhall,Vancouver,06/03/1990,United States,trockhall9i@kickstarter.com,360-893-3914
Rois,Greenshields,Bilopillya,06/04/1997,Ukraine,rgreenshields9j@instagram.com,854-179-6940
Paddy,Geraldini,Sindangjawa,04/13/1999,Indonesia,,700-941-6562
Olivia,Hay,Pinhal General,03/17/1978,Portugal,ohay9l@rambler.ru,560-422-9278
Fina,Du Plantier,,,,fduplantier9m@disqus.com,
Jolee,Riply,Youfang,07/21/1989,China,jriply9n@etsy.com,756-122-1596
Jeffy,Brend,Sernovodsk,02/13/1956,Russia,jbrend9o@bloglovin.com,888-406-8705
Alasdair,Chadwick,Nanyi,12/01/1977,China,achadwick9p@seesaa.net,853-116-4380
Hewett,Ewbanks,Bamut,07/31/1960,Russia,hewbanks9q@webs.com,632-727-3725
Had,Daoust,Rangpur,12/24/1973,Bangladesh,hdaoust9r@mysql.com,997-595-3054
Annissa,Cordingley,Ainaži,05/30/1993,Latvia,acordingley9s@theatlantic.com,134-252-2748
Rici,Rushbury,,,,rrushbury9t@unesco.org,
Herbie,Schankel,Dū Qal‘ah,11/16/1959,Afghanistan,hschankel9u@ycombinator.com,570-353-9527
Elroy,Dzenisenka,Linjiang,06/26/1993,China,edzenisenka9v@so-net.ne.jp,515-981-5415
Yettie,O'Neary,Belyy Gorodok,09/23/1996,Russia,yoneary9w@macromedia.com,489-125-7928
Sidnee,Basindale,Woodstock,10/04/1954,Canada,,540-347-2832
Augustina,Dowsett,Punta Gorda,04/21/1963,Belize,adowsett9y@opensource.org,150-233-4141
Patsy,Attrill,Okakarara,10/26/1959,Namibia,pattrill9z@last.fm,817-850-2687
Devin,Giscken,Indianapolis,10/14/1963,United States,dgisckena0@netscape.com,317-748-4430
Gil,D'Ugo,Xindu,02/25/1953,China,gdugoa1@4shared.com,759-673-3807
Wilhelm,Follis,Čair,08/10/1956,Macedonia,wfollisa2@phpbb.com,463-849-5010
Rhonda,Simacek,Penengahan,07/14/1999,Indonesia,rsimaceka3@pinterest.com,640-205-9681
Cece,Busch,Otaru,03/09/1999,Japan,cbuscha4@wufoo.com,217-819-0345
Chrissie,Savege,La Concepción,08/03/1981,Nicaragua,csavegea5@house.gov,297-946-2433
Rockey,Teasey,Trångsund,08/11/1963,Sweden,,943-569-4631
Tedra,Watkinson,Enniskerry,04/24/1982,Ireland,twatkinsona7@abc.net.au,496-326-2638
Holmes,Tucknutt,Serra da Boa Viagem,06/28/1993,Portugal,htucknutta8@mtv.com,603-930-3219
Heidie,Lindley,Almere Haven,09/18/1971,Netherlands,hlindleya9@xing.com,319-492-4475
Silvan,Olenchenko,Menlou,07/01/1965,China,solenchenkoaa@buzzfeed.com,693-600-3191
Christie,Dowyer,Embu,02/02/1978,Kenya,cdowyerab@ycombinator.com,400-607-5971
Pamella,Wem,Courtaboeuf,02/15/1982,France,pwemac@people.com.cn,959-278-2005
Shell,Cawker,Goris,03/14/1981,Armenia,scawkerad@sina.com.cn,849-180-6966
Fiann,Kaindl,Sabbah,02/04/1986,Syria,fkaindlae@state.gov,964-477-9434
Ophelia,Dimelow,,,,odimelowaf@bing.com,
Abram,Finkle,Xingou,11/12/1993,China,afinkleag@webeden.co.uk,980-248-0362
Cynthia,Kestian,Ciketak,09/23/1965,Indonesia,ckestianah@bloomberg.com,394-517-0194
Selinda,McNaughton,Linjiang,05/16/1957,China,,696-284-9806
Ellis,Sherrell,Tiniguiban,01/07/1988,Philippines,esherrellaj@sbwire.com,337-442-5780
Ferdinande,Defrain,Gejiu,01/20/1986,China,fdefrainak@digg.com,580-765-8355
Hart,Franzelini,Palmital,06/01/1959,Brazil,,921-544-2902
Ralf,English,Tangchi,04/21/1972,China,renglisham@spotify.com,879-602-5140
Diane-marie,Ottee,Kepel,11/10/1989,Indonesia,dotteean@soundcloud.com,658-678-9782
Gerek,Forrest,Pucacaca,08/27/1974,Peru,gforrestao@wikia.com,419-120-5103
Ethan,Beardon,Oborniki Śląskie,08/12/1977,Poland,ebeardonap@homestead.com,471-589-1629
Augustin,Paulon,Mari,12/12/1986,Brazil,apaulonaq@bing.com,546-896-4618
Kathi,Kleine,Forshaga,09/22/1990,Sweden,,961-729-9752
Cecilia,Tricker,Montpellier,09/25/1950,France,,597-410-2556
Serene,Keaton,Lerrnanist,04/04/1967,Armenia,skeatonat@google.com.au,672-283-4425
Cathrin,Constantine,Curuggoong,09/03/1981,Indonesia,cconstantineau@naver.com,491-910-8259
Skippy,Varnam,Pilluana,06/11/1952,Peru,svarnamav@com.com,814-532-9477
Svend,Jentzsch,Capinzal,07/21/1997,Brazil,sjentzschaw@telegraph.co.uk,805-107-2471
Gar,Brotherhood,Puncan,08/22/1968,Philippines,,837-699-4977
Faustine,Heustace,Pulosari,07/24/1980,Indonesia,,251-228-8263
Jo,Torre,Voskhod,10/12/1962,Ukraine,jtorreaz@dropbox.com,975-829-8690
Martie,Bluck,Vidnoye,12/17/1993,Russia,mbluckb0@businesswire.com,792-431-3119
Garreth,Hedling,Sungayang,04/07/1974,Indonesia,ghedlingb1@sitemeter.com,231-966-6138
Celina,Itschakov,Zhanjiang,03/21/1981,China,citschakovb2@bigcartel.com,251-941-5188
Obadias,Headings,,,,oheadingsb3@wordpress.org,
Jarrid,Sheach,Troitskiy,11/05/1962,Russia,jsheachb4@stumbleupon.com,705-196-3917
Xerxes,Searjeant,Makurdi,02/11/1990,Nigeria,xsearjeantb5@vkontakte.ru,500-982-0606
Neill,Housegoe,Mae Lan,12/10/1994,Thailand,nhousegoeb6@bizjournals.com,452-953-2887
Jermaine,Anderl,,,,janderlb7@wiley.com,
Carmine,Dowsett,Colorado Springs,11/24/1981,United States,cdowsettb8@jugem.jp,719-547-4971
Orlando,Denver,Mingjiu,05/18/1975,China,odenverb9@themeforest.net,922-844-6781
Rolph,Demcik,Plettenberg Bay,01/15/1956,South Africa,rdemcikba@ucsd.edu,713-578-2236
Elyse,Hugill,Oltintopkan,08/16/1981,Tajikistan,ehugillbb@slate.com,684-464-9593
Dalli,Scarrott,Mulchén,04/28/1962,Chile,dscarrottbc@dell.com,527-790-3261
Garrett,Coulman,Mawu,12/27/1973,China,gcoulmanbd@census.gov,901-649-4361
Constantina,Amsberger,Tiantai,03/12/1991,China,camsbergerbe@about.me,419-111-2995
Merrielle,Chavrin,Lapid,09/27/1983,Israel,mchavrinbf@nationalgeographic.com,843-957-9176
Mora,Cranston,Bierawa,01/19/1959,Poland,mcranstonbg@netvibes.com,408-388-4402
Carlen,Brantl,Manalad,04/13/1964,Philippines,cbrantlbh@nasa.gov,900-570-1117
Audra,Arlott,Krzyżowice,12/09/1963,Poland,aarlottbi@gnu.org,503-866-8912
Dyane,Gansbuhler,Lindavista,05/02/1983,Mexico,dgansbuhlerbj@nyu.edu,985-883-5714
Meghan,Lilburn,Marseille,11/12/1997,France,mlilburnbk@businesswire.com,374-143-2908
Christabel,Bridgewater,Ribeiro,05/28/1963,Portugal,,671-985-0925
Georgiana,Treppas,Kolambugan,04/12/1982,Philippines,gtreppasbm@webeden.co.uk,739-418-1256
Afton,Rex,Sukajadi,11/26/1959,Indonesia,arexbn@boston.com,773-898-0999
Jackquelin,Hawtry,Daji,01/17/1983,China,jhawtrybo@4shared.com,608-706-6848
Isabelle,Copland,Yehud,09/27/1998,Israel,icoplandbp@toplist.cz,217-443-7970
Sallyann,Blundell,Qila Saifullāh,09/10/1966,Pakistan,sblundellbq@geocities.com,327-336-7353
Sheffield,Carnoghan,Tanjungluar,03/29/1980,Indonesia,scarnoghanbr@imageshack.us,245-823-0332
Jessy,Conneau,Le Perreux-sur-Marne,02/06/1981,France,jconneaubs@apache.org,613-920-0855
Brandais,Palfrie,Kingsey Falls,02/11/1978,Canada,bpalfriebt@dell.com,793-920-9382
Verina,Winslett,Boisbriand,09/08/1990,Canada,vwinslettbu@networkadvertising.org,328-255-8703
Aidan,Cafe,Kondangrege,05/11/1999,Indonesia,acafebv@com.com,848-992-3558
Redd,Smythin,Fundación,06/23/1974,Dominican Republic,,877-551-7270
Mario,Sexton,Roriz,04/29/1967,Portugal,,435-719-6762
Eirena,Delwater,,,,,
Anne-marie,Verrills,Yuanmen,05/08/1964,China,averrillsbz@cocolog-nifty.com,113-743-1899
Mozelle,Valente,Phu Luang,09/28/1963,Thailand,mvalentec0@smugmug.com,948-760-5623
Zea,Hazel,Pescadería,11/18/1959,Dominican Republic,zhazelc1@hao123.com,499-218-0123
Livvyy,Kuhlen,Ystad,04/11/1994,Sweden,lkuhlenc2@ehow.com,888-217-7874
Galven,Totterdell,Kipini,05/03/1968,Kenya,,363-154-1360
Frederica,Bowling,Hengxi,02/19/1987,China,fbowlingc4@theatlantic.com,220-122-5799
Tate,Dominichetti,Tukums,02/28/1956,Latvia,tdominichettic5@npr.org,711-133-3052
Danika,Gout,Kirkland Lake,07/28/1988,Canada,dgoutc6@hibu.com,896-184-0871
Sibella,Apdell,Oleksandriya,07/14/1960,Ukraine,sapdellc7@over-blog.com,277-732-5465
Maridel,Marton,Diang,10/11/1966,Cameroon,mmartonc8@lycos.com,349-154-3778
Brandi,Snowsill,Dzüünharaa,05/01/1996,Mongolia,bsnowsillc9@creativecommons.org,371-546-8219
Egor,Kearley,Skaudvilė,08/28/1978,Lithuania,ekearleyca@issuu.com,935-497-5050
Minor,Richardt,Mando,03/23/1976,Nigeria,mrichardtcb@nature.com,302-562-9005
Drusilla,Bathersby,Dębowa Łąka,06/02/1958,Poland,dbathersbycc@disqus.com,106-898-0378
Floria,Chattoe,Iracemápolis,11/09/1992,Brazil,,214-275-2723
Madelaine,Gaskamp,Longshan,07/23/1958,China,mgaskampce@a8.net,553-493-4941
Dene,Weedall,Kon Dơng,11/26/1986,Vietnam,dweedallcf@unicef.org,872-712-8741
Dolli,Darrigone,Formosa do Rio Preto,03/30/1977,Brazil,ddarrigonecg@icio.us,635-394-5102
Dru,Bussen,,,,dbussench@discovery.com,
Marney,Dudding,Bengtsfors,09/04/1987,Sweden,mduddingci@nba.com,387-777-3856
Dori,Lynas,Eger,06/08/1987,Hungary,dlynascj@netvibes.com,417-228-5416
Hamid,Gwynn,Tsagaan-Owoo,08/15/1988,Mongolia,hgwynnck@uiuc.edu,997-399-7372
Miguelita,Bretherton,Bunda,07/26/1981,Tanzania,,779-583-5581
Benita,Grigolli,Burgau,12/24/1963,Portugal,,627-293-1825
Misha,Barby,Heling,12/18/1950,China,mbarbycn@independent.co.uk,281-919-2373
Melitta,Seiter,Tanxi,03/24/1993,China,,443-886-0310
Alvina,Crilley,Gérakas,02/18/1955,Greece,acrilleycp@samsung.com,121-506-1968
Val,Accum,Yingmaili,08/07/1971,China,,432-144-0039
Christine,Bennett,Guisa,11/05/1993,Cuba,,126-102-0470
Issiah,Isbell,Tafí del Valle,12/30/1986,Argentina,iisbellcs@indiatimes.com,414-349-0208
Matilda,Heckle,Pung-Pang,09/24/1971,Philippines,mhecklect@acquirethisname.com,203-830-1166
Vittorio,O'Hannen,Moba,05/02/1970,China,,684-113-2728
Thaine,Vanini,Napuro,06/22/1978,Philippines,tvaninicv@jimdo.com,307-203-7631
Debora,Gregorace,Mulhouse,05/16/1990,France,dgregoracecw@theguardian.com,687-427-9328
Eloise,Skures,Kuusjoki,11/23/1964,Finland,eskurescx@google.com.hk,134-731-2417
Arly,Minelli,Cañete,06/25/1992,Chile,aminellicy@google.it,357-411-4290
Reynolds,Fillary,Sundsvall,02/01/1981,Sweden,rfillarycz@dagondesign.com,511-719-6688
Peter,Budge,Camiri,12/21/1977,Bolivia,pbudged0@huffingtonpost.com,906-178-2333
Joyous,Harrad,Nal’chik,10/31/1960,Russia,jharradd1@mayoclinic.com,550-931-3648
Meris,Glendinning,Linköping,01/22/1958,Sweden,mglendinningd2@usatoday.com,670-625-1022
Kaiser,Schulken,Sambava,11/11/1987,Madagascar,kschulkend3@utexas.edu,383-597-0156
Grant,Thurner,Huancheng,04/03/1984,China,gthurnerd4@fastcompany.com,664-213-4998
Tricia,Reddin,Sandayong Sur,07/28/1990,Philippines,treddind5@dell.com,346-269-7605
Sherie,Agastina,Livadiya,11/08/1963,Russia,sagastinad6@sphinn.com,605-217-0989
Saul,Nerheny,,,,snerhenyd7@sun.com,
Tawnya,Farleigh,Mesa,10/17/1992,Indonesia,tfarleighd8@eventbrite.com,213-450-8698
Michal,Borer,Orléans,02/14/1951,France,mborerd9@miitbeian.gov.cn,492-286-5757
Saxe,Latek,Krasnyy Oktyabr’,10/07/1971,Russia,slatekda@upenn.edu,895-533-3718
Kaiser,Galiford,Xiniu,01/03/1988,China,kgaliforddb@census.gov,355-812-9224
Pippo,Jewell,Tha Tako,01/02/1989,Thailand,pjewelldc@ftc.gov,343-647-3185
Brinna,Nairns,Makueni,03/09/1964,Kenya,bnairnsdd@so-net.ne.jp,220-289-7363
Stesha,Letherbury,Baton Rouge,04/21/1985,United States,,225-359-9422
Ingar,Corsar,Göteborg,10/23/1980,Sweden,icorsardf@t.co,375-278-8580
Petey,Roarty,Chiguayante,10/05/1954,Chile,proartydg@etsy.com,849-661-6290
Lani,Taynton,Quibdó,08/25/1997,Colombia,ltayntondh@nationalgeographic.com,245-239-1788
Deina,Mainson,Offa,06/02/1989,Nigeria,dmainsondi@omniture.com,383-665-7215
Jase,Bullers,Liuzhuang,01/19/1984,China,,817-925-1933
Siegfried,Honnicott,Xinjia,12/12/1982,China,shonnicottdk@usnews.com,223-660-6950
Padraig,Pechacek,Hoàn Kiếm,01/17/1970,Vietnam,,369-291-8459
Jacinda,Grellis,Taoyang,05/28/1975,China,,957-557-7671
Waly,MacKeague,Tabwakea Village,05/14/1954,Kiribati,wmackeaguedn@xing.com,410-192-9941
Ileane,Perago,Toliara,10/26/1962,Madagascar,,751-773-5174
Vi,Marrow,Banī Mazār,06/16/1950,Egypt,,889-392-3724
Janette,Badgers,Sandviken,05/11/1988,Sweden,jbadgersdq@independent.co.uk,307-498-7335
Jody,Lyfield,,,,jlyfielddr@irs.gov,
Gayle,Pesticcio,Becerril,07/08/1977,Philippines,gpesticciods@linkedin.com,879-423-3679
Dottie,Shill,Åhus,04/06/1984,Sweden,dshilldt@pagesperso-orange.fr,498-191-1457
Loralyn,Redshaw,Kuala Lumpur,01/06/1986,Malaysia,lredshawdu@deviantart.com,735-769-6956
Percy,Hum,Bianxiong,07/02/1952,China,phumdv@skyrock.com,774-981-7054
Xylia,Hamblington,Ban Huai Thalaeng,08/03/1996,Thailand,xhamblingtondw@bbb.org,368-252-9716
Letty,Baumer,Néa Sánta,09/13/1974,Greece,lbaumerdx@cbsnews.com,794-749-9456
Iolande,Muzzlewhite,La Falda,01/28/1956,Argentina,imuzzlewhitedy@discovery.com,781-833-6226
Sunshine,Kidd,Caigongzhuang,09/28/1960,China,skidddz@sphinn.com,262-335-9396
Cristy,Shermore,Piñas,12/22/1979,Ecuador,cshermoree0@reverbnation.com,748-398-4671
Palm,Lonnon,Boisbriand,11/15/1974,Canada,,768-676-5563
Bert,Dolley,Banjar Bongangede,10/06/1953,Indonesia,bdolleye2@lulu.com,428-653-1908
Vonni,Vedyashkin,San Isidro,05/23/1987,Philippines,vvedyashkine3@hexun.com,637-976-3070
Mace,Basketfield,Zhaotong,04/12/1960,China,mbasketfielde4@zdnet.com,450-319-8205
Early,Rowbotham,Xinxu,07/22/1966,China,erowbothame5@japanpost.jp,542-327-6497
Charyl,Milmore,Pergan,03/19/1969,Indonesia,cmilmoree6@tiny.cc,211-264-5606
Isaiah,Bryce,Binlod,11/17/1950,Philippines,ibrycee7@mozilla.org,744-515-8059
Annemarie,Joscelyn,Shuangnian,12/12/1972,China,ajoscelyne8@mit.edu,248-815-1030
Gerhardt,Rawlins,Busan,02/08/1993,South Korea,grawlinse9@businessinsider.com,807-975-6831
Flossi,McCaughen,Quisao,08/09/1977,Philippines,fmccaughenea@goo.gl,753-309-6809
Kaia,St. Quentin,,,,kstquentineb@zdnet.com,
Alikee,McCullagh,Labytnangi,02/18/1965,Russia,amccullaghec@uol.com.br,539-942-1781
Elaine,De Bischop,Hongshi,09/21/1997,China,edebischoped@shareasale.com,493-952-3830
Hatti,Kleszinski,Kamojimachō-jōgejima,02/09/1993,Japan,hkleszinskiee@twitter.com,854-914-0707
Dawna,Brightman,Međa,07/17/1970,Serbia,dbrightmanef@tmall.com,710-432-7930
Dickie,Poyner,La Cruz,02/16/1960,Argentina,dpoynereg@goodreads.com,629-284-5415
Isa,Haddacks,Dalian,02/08/1991,China,ihaddackseh@newyorker.com,379-241-1299
Janna,Lergan,San Diego,02/12/1966,Mexico,,635-607-6296
Krissy,Stenson,Opaka,10/20/1998,Bulgaria,kstensonej@bravesites.com,904-553-2257
Vincent,Fassmann,Benhong,04/12/1996,China,vfassmannek@soup.io,164-569-9096
Constantina,Torald,Yangyuan,12/17/1977,China,ctoraldel@mac.com,699-593-4892
Carmelita,Solley,Marabahan,01/29/1961,Indonesia,,626-890-9545
Hildegaard,Aysik,Daying,04/19/1953,China,,195-366-5232
Adella,Beagin,Porto Formoso,04/22/1962,Portugal,abeagineo@usnews.com,880-778-7246
Berti,Gleaves,Baimajing,04/19/1961,China,bgleavesep@bandcamp.com,882-451-9490
Ninette,Priddie,Nikol’sk,04/16/1961,Russia,npriddieeq@zimbio.com,151-106-4347
Cora,Tice,Chunhua,05/06/1994,China,cticeer@sfgate.com,891-450-3312
Roma,Clute,Alpatovo,10/13/1952,Russia,rclutees@example.com,358-633-8909
Isadora,Dockerty,Taounza,04/18/1951,Morocco,idockertyet@npr.org,898-247-0217
Krishnah,Neave,Whistler,10/27/1965,Canada,kneaveeu@dailymotion.com,635-346-6602
Nels,Milmith,Kathmandu,09/29/1962,Nepal,nmilmithev@cbsnews.com,313-232-4295
Calley,Garner,Santa Monica,02/21/1965,Philippines,cgarnerew@timesonline.co.uk,742-593-9834
Noah,Mossman,Jaboatão,04/01/1950,Brazil,nmossmanex@comsenz.com,155-153-4071
Stephie,Mosdill,Shuishaping,07/05/1980,China,smosdilley@unesco.org,851-895-4755
Janeen,Conley,Tomelilla,03/27/1955,Sweden,jconleyez@digg.com,237-217-4922
Ceil,Antosch,Dahedian,04/16/1983,China,cantoschf0@istockphoto.com,256-320-6903
Kayne,Yes,Independencia,04/09/1997,Mexico,kyesf1@alexa.com,713-827-8275
Carmine,Bartholomieu,Las Lomas,05/11/1992,Panama,cbartholomieuf2@skyrock.com,925-780-4789
Aubry,Craigg,Cacoal,09/06/1992,Brazil,,218-831-8828
Mac,Hambridge,Albina,04/29/1990,Suriname,mhambridgef4@newyorker.com,963-107-6776
Marcel,Drynan,El Charco,08/15/1969,Colombia,mdrynanf5@hubpages.com,332-593-4869
Lester,Erwin,Mawlamyinegyunn,03/30/1988,Myanmar,lerwinf6@ebay.com,655-964-1904
Royce,Ullrich,Vailoatai,07/18/1967,American Samoa,rullrichf7@google.co.jp,458-591-5450
Margi,Jayne,Diavatá,08/05/1986,Greece,mjaynef8@51.la,726-328-8000
Lorrie,Boich,Gotse Delchev,06/11/1964,Bulgaria,lboichf9@sciencedirect.com,908-151-6593
Claribel,Nucator,Polańczyk,03/05/1984,Poland,cnucatorfa@amazon.co.uk,208-929-7194
Theadora,Myrick,Piraí,11/13/1999,Brazil,tmyrickfb@nba.com,208-420-7633
Winn,De Domenici,Tulle,12/09/1975,France,wdedomenicifc@ox.ac.uk,613-196-3658
Gretchen,Millin,Bāgh-e Malek,09/15/1973,Iran,gmillinfd@moonfruit.com,448-637-3225
Alphonso,Streak,Nguluhan,03/23/1975,Indonesia,astreakfe@paypal.com,397-821-1141
Sandy,Hinnerk,Telukpakedai,03/02/1970,Indonesia,shinnerkff@mashable.com,146-296-1552
Jenilee,Cretney,Poroshkovo,07/05/1991,Ukraine,jcretneyfg@miibeian.gov.cn,566-944-6761
Wilfred,Hannah,Dongtai,04/26/1989,China,,869-131-8503
Guthry,Sudlow,Colón,08/31/1981,Argentina,gsudlowfi@google.com.br,258-607-2148
Leta,Isaacs,Kitale,09/13/1975,Kenya,lisaacsfj@so-net.ne.jp,563-643-5634
Frazier,Cocks,Piggotts,10/16/1983,Antigua and Barbuda,fcocksfk@mashable.com,907-793-7671
Claudette,Eggleston,Baicheng,03/29/1996,China,cegglestonfl@google.co.uk,331-590-2978
Tracy,Beri,Laborie,08/31/1997,Saint Lucia,tberifm@squarespace.com,649-403-3499
Trever,Lynam,Hornówek,02/21/1962,Poland,tlynamfn@4shared.com,594-338-9007
Nathalia,Tiner,Rengasdengklok,06/15/1964,Indonesia,ntinerfo@hp.com,934-269-3914
Kerby,Dignon,,,,kdignonfp@blogs.com,
Diane-marie,Seebert,,,,dseebertfq@bizjournals.com,
Avigdor,Alkins,Rogowo,08/29/1967,Poland,aalkinsfr@salon.com,321-563-8020
Ivor,Jeandet,Velykoploske,08/08/1952,Ukraine,ijeandetfs@hc360.com,731-661-6733
Lucius,Glasson,Labney,05/25/1965,Philippines,lglassonft@discuz.net,371-880-1980
Merrick,Toffanini,Anchorage,07/30/1968,United States,mtoffaninifu@nbcnews.com,907-852-0467
Pablo,Eastcourt,Longxi,02/12/1962,China,peastcourtfv@cdbaby.com,183-924-5977
Maurizio,Lefeuvre,Kuala Lumpur,01/19/1985,Malaysia,mlefeuvrefw@qq.com,260-787-2177
Marisa,Derby,,,,,
Alethea,Brandino,General La Madrid,02/17/1996,Argentina,abrandinofy@dropbox.com,505-849-4071
Dallon,Balston,Atlanta,06/19/1996,United States,dbalstonfz@goodreads.com,678-831-4730
Ario,Worsalls,Jiamaying,02/24/1979,China,aworsallsg0@epa.gov,658-575-9553
Malanie,Durnford,Lorraine,02/28/1950,Canada,mdurnfordg1@infoseek.co.jp,595-350-7938
Fleur,Steuhlmeyer,Danjiangkou,08/28/1957,China,fsteuhlmeyerg2@freewebs.com,721-265-5297
Mylo,Cristoferi,Pil’na,06/11/1972,Russia,mcristoferig3@dedecms.com,857-528-0469
Frazer,Spurden,Quebradas,08/06/1962,Honduras,fspurdeng4@godaddy.com,630-605-7480
Dolli,Cowx,Yorosso,05/31/1984,Mali,dcowxg5@accuweather.com,342-938-4979
Hanni,Rentalll,Bol,02/06/1961,Chad,hrentalllg6@samsung.com,779-703-0227
Myrah,Razzell,Balqash,03/31/1963,Kazakhstan,,806-428-4066
Anet,Hrihorovich,Shaxi,05/26/1983,China,ahrihorovichg8@bizjournals.com,498-255-0451
Evered,Scathard,Bonn,04/02/1953,Germany,escathardg9@chron.com,398-389-4571
Joseito,Manneville,Covas da Raposa,08/24/1977,Portugal,jmannevillega@sciencedirect.com,220-964-9624
Ryley,Maultby,Aix-en-Provence,10/21/1955,France,rmaultbygb@economist.com,881-383-6743
Torie,Kettoe,Hucun,02/17/1952,China,tkettoegc@elegantthemes.com,997-826-4504
Fin,Cansdall,Starychi,04/20/1974,Ukraine,fcansdallgd@opensource.org,119-817-9264
Levi,Chattell,Alvalade,07/16/1967,Portugal,,377-671-2407
Nanice,Mordaunt,Delong,07/04/1984,China,nmordauntgf@blinklist.com,198-380-6121
Agosto,Yitzhok,Romilly-sur-Seine,03/18/1951,France,ayitzhokgg@utexas.edu,251-244-9630
Vite,Bagenal,Baluk,09/10/1974,Indonesia,vbagenalgh@opensource.org,875-644-4734
Malorie,Ibbetson,Baorixile,02/20/1978,China,mibbetsongi@chicagotribune.com,189-771-6023
Tessa,Thunderman,,,,tthundermangj@booking.com,
Adria,Golborn,San Marcos,08/24/1998,Peru,agolborngk@globo.com,336-714-8157
Chico,Eccleston,Przemków,05/05/1990,Poland,,918-730-9504
Concordia,Gircke,Roa,04/12/1952,Indonesia,cgirckegm@taobao.com,905-383-4822
Kriste,Crowcroft,Vin’kivtsi,01/31/1995,Ukraine,kcrowcroftgn@biglobe.ne.jp,377-222-4114
Aubrey,Follitt,Shawan,08/27/1968,China,afollittgo@constantcontact.com,325-662-5876
Hilario,Goodred,Batatais,04/08/1965,Brazil,hgoodredgp@yale.edu,782-172-8612
Marin,Davy,Pop Shahri,04/30/1977,Uzbekistan,mdavygq@blinklist.com,921-741-0810
Debor,Howorth,,,,dhoworthgr@loc.gov,
Danit,Sherlaw,Nova Iguaçu,11/23/1995,Brazil,dsherlawgs@gmpg.org,357-491-6173
Jody,Renfree,Sanjiao,08/09/1974,China,jrenfreegt@meetup.com,789-188-6273
Spenser,Gutierrez,Nangerang,06/16/1973,Indonesia,,976-236-1250
Elbertina,Alphege,Krajan Bakalan,02/17/1980,Indonesia,ealphegegv@psu.edu,962-981-8746
Ruth,Scheu,Jajaway,07/15/1972,Indonesia,rscheugw@ask.com,748-396-6469
Prudence,Durdan,Ilha Solteira,01/22/1982,Brazil,pdurdangx@instagram.com,426-915-6884
Jania,O' Sullivan,Omuthiya,08/17/1956,Namibia,josullivangy@blogspot.com,482-440-9898
Anders,Ashdown,Hanchang,10/11/1961,China,aashdowngz@usatoday.com,173-755-5804
Rosalie,Syvret,Leninsk,01/09/1973,Russia,rsyvreth0@tinyurl.com,192-603-4145
Tana,Lithcow,Lady Frere,02/19/1999,South Africa,,516-929-2336
Shannon,Spickett,Jiangshan,03/08/1979,China,,200-391-4306
Sheela,Dally,Gołkowice,08/17/1991,Poland,sdallyh3@reverbnation.com,797-578-4835
Nannette,Fathers,Lyubar,08/19/1958,Ukraine,,520-594-0987
Salomone,Ettels,Khantaghy,09/26/1983,Kazakhstan,settelsh5@springer.com,814-684-7732
Ezmeralda,McVeighty,Zaojiacheng,02/24/1964,China,emcveightyh6@deliciousdays.com,497-766-0079
Madison,Sonschein,Olleros,09/24/1996,Peru,msonscheinh7@jiathis.com,756-350-9865
Pearline,Gonthard,Sapiranga,11/24/1999,Brazil,pgonthardh8@ox.ac.uk,969-527-9900
Andie,Olyonov,Krajan Kinanti,04/08/1998,Indonesia,,397-853-2471
Cinderella,Redman,Big Bend,03/04/1987,Swaziland,credmanha@pinterest.com,753-436-2247
Doralia,Chaffen,Bafang,06/23/1969,Cameroon,dchaffenhb@alexa.com,406-238-5306
Kai,Arkin,Dongcun,05/08/1981,China,karkinhc@devhub.com,253-333-5946
Chariot,Buttner,Oesain,03/07/1968,Indonesia,cbuttnerhd@wunderground.com,660-380-5339
Cash,O'Dare,Cedar Rapids,06/20/1984,United States,codarehe@fastcompany.com,319-292-7872
Fina,Eborall,Eguia,09/08/1980,Philippines,feborallhf@newsvine.com,918-474-4486
Rollin,Lemanu,Grojec,02/16/1996,Poland,rlemanuhg@earthlink.net,760-611-7798
Eadie,Balls,Dorogobuzh,06/17/1971,Russia,eballshh@weather.com,884-152-2291
Dillie,Smithson,Limanowa,08/10/1982,Poland,,571-787-9890
Codi,Peterken,Limoges,08/31/1950,France,cpeterkenhj@unblog.fr,819-934-1953
Amelia,Brent,Mingguang,07/01/1962,China,,799-695-1874
Ritchie,Maliffe,Yuezhao,05/26/1961,China,rmaliffehl@cbc.ca,523-717-5783
Elana,Huxham,Kájov,07/04/1963,Czech Republic,ehuxhamhm@washington.edu,440-640-6930
Darcie,Sinfield,Longping,06/04/1966,China,dsinfieldhn@redcross.org,477-116-9231
Dexter,Echallie,Shagedu,08/27/1957,China,,906-422-9300
Haleigh,Reid,Khujirt,05/10/1971,Mongolia,hreidhp@squarespace.com,429-109-6575
Findlay,McCadden,Ayang-ni,08/19/1960,North Korea,fmccaddenhq@angelfire.com,210-942-1318
Whitney,Blabey,Burunday,04/26/1986,Kazakhstan,wblabeyhr@cocolog-nifty.com,139-893-0100
Rudiger,Henzer,Khairiahmandah,02/10/1981,Indonesia,rhenzerhs@uiuc.edu,202-727-1321
Leslie,Geater,Kanigorokrajan,01/10/1981,Indonesia,lgeaterht@tripod.com,808-272-6526
Jinny,Dominico,,,,,
Brnaba,Melmar,Macau,10/04/1978,Brazil,bmelmarhv@oakley.com,478-645-0508
Mirabel,Abeles,San Bernardo,03/30/1973,Philippines,mabeleshw@gnu.org,350-709-1145
James,Baskerfield,Bordeaux,09/25/1974,France,jbaskerfieldhx@blogs.com,955-201-0006
Shirlee,Jahndel,Usab,05/14/1996,Philippines,sjahndelhy@boston.com,467-320-2523
Nickolaus,Baber,Chulakivka,07/21/1980,Ukraine,nbaberhz@bing.com,111-123-5430
Gregoire,Hatchard,Anadia,06/27/1976,Portugal,ghatchardi0@archive.org,761-142-3661
Janeczka,Swett,Vnorovy,01/25/1957,Czech Republic,jswetti1@ebay.co.uk,433-305-5670
Tillie,Sleney,Meylan,09/13/1957,France,tsleneyi2@multiply.com,178-729-0877
Merell,Folk,Laiyuan,11/29/1952,China,mfolki3@skyrock.com,701-360-3530
Leyla,Warlock,Serang,06/08/1989,Indonesia,,845-423-0955
Katalin,Saylor,Moinhos,10/24/1952,Portugal,ksaylori5@instagram.com,138-530-8387
Cherrita,Falco,,,,cfalcoi6@eepurl.com,
Harman,Dawidowsky,Qiuchuan,10/24/1968,China,,216-458-9915
Carlyn,Rainsdon,Sorinomo,10/13/1970,Indonesia,crainsdoni8@youtube.com,694-405-0726
Carol-jean,Hartnell,Buzen,03/07/1984,Japan,chartnelli9@pinterest.com,556-409-1743
Alic,Grancher,Dalumangcob,10/03/1966,Philippines,agrancheria@list-manage.com,703-596-5232
Boycey,Alten,Amuru,08/04/1990,Uganda,baltenib@nsw.gov.au,845-323-0674
Felisha,Hills,Maintang,08/15/1956,China,,790-422-1748
Blisse,Lease,Delingha,08/14/1984,China,bleaseid@opera.com,684-875-2811
Marji,Earle,Mtimbira,05/10/1993,Tanzania,mearleie@1688.com,312-861-9469
Melessa,Bagnall,,,,mbagnallif@va.gov,
Mathian,Di Roberto,Fort Worth,11/02/1983,United States,mdirobertoig@nationalgeographic.com,682-164-4824
Jessa,Cudd,Zombo,12/12/1951,Uganda,jcuddih@tuttocitta.it,409-146-5467
Lisbeth,Balwin,,,,lbalwinii@furl.net,
Othella,Belz,Puerto Berrío,09/20/1954,Colombia,obelzij@statcounter.com,898-963-0184
Ellswerth,Veregan,,,,,
Barnabas,Scarsbrooke,Bobowa,11/04/1998,Poland,bscarsbrookeil@artisteer.com,927-539-1579
Analise,Blunn,Qinglian,08/30/1955,China,ablunnim@about.me,310-433-9741
Pyotr,Morbey,Fussa,09/24/1967,Japan,pmorbeyin@china.com.cn,185-864-5425
Leanora,Tejero,Chaoyang,03/21/1953,China,ltejeroio@alexa.com,338-950-4811
Karena,Varns,Marinha,01/31/1991,Portugal,kvarnsip@odnoklassniki.ru,788-751-0166
Timmi,Keelinge,Liulimiao,06/20/1985,China,tkeelingeiq@ebay.co.uk,687-755-3997
Idalina,Glashby,Alor Setar,08/19/1955,Malaysia,iglashbyir@parallels.com,407-465-6112
Wilfred,Dyet,Montenegro,10/08/1975,Colombia,wdyetis@g.co,814-483-7725
Kacey,Bravington,Kombandaru,03/17/1998,Indonesia,kbravingtonit@twitpic.com,988-539-0697
Randolf,Brydell,Lianshi,09/02/1959,China,rbrydelliu@webnode.com,413-605-0959
Giuditta,Battle,Rio Negrinho,06/24/1999,Brazil,,619-117-7093
Marlane,Extence,Panalo-on,01/03/1988,Philippines,mextenceiw@desdev.cn,502-126-5872
Molli,Loosley,Bestöbe,10/29/1966,Kazakhstan,mloosleyix@utexas.edu,213-206-7170
Traver,Romans,Ciekek,12/13/1970,Indonesia,tromansiy@ed.gov,350-676-1796
Parry,Treadaway,Tornio,08/30/1979,Finland,ptreadawayiz@cnn.com,847-130-6773
Orly,Minthorpe,Dewetsdorp,08/19/1966,South Africa,ominthorpej0@furl.net,136-647-3332
Nessie,Rillstone,Bacalan,01/24/1956,Philippines,nrillstonej1@alexa.com,668-822-8171
Tilly,Beddow,Ouricuri,10/14/1984,Brazil,tbeddowj2@over-blog.com,877-683-4899
Mitchell,Terbrugge,Maştağa,12/21/1969,Azerbaijan,mterbruggej3@google.ca,796-891-1093
Dewitt,Haveline,Bang Pa-in,04/04/1985,Thailand,dhavelinej4@google.co.jp,923-122-6610
Ode,Beig,Sergio Osmeña Sr,01/23/1975,Philippines,obeigj5@phpbb.com,599-862-7986
Margo,Lohrensen,,,,mlohrensenj6@fastcompany.com,
Issiah,Sydenham,Songbo,05/21/1954,China,isydenhamj7@bbc.co.uk,576-198-6974
Merwyn,Durdle,Bebedahan,12/25/1997,Indonesia,mdurdlej8@youtu.be,477-814-7440
Meridel,Viger,Lututów,12/02/1954,Poland,mvigerj9@spiegel.de,152-221-5342
Elysha,Blaxton,El Cairo,01/13/1991,Colombia,eblaxtonja@salon.com,519-757-5848
Bertine,Pykerman,Rybnik,10/25/1950,Poland,bpykermanjb@wikipedia.org,684-415-1642
Tamas,Dellatorre,Cabrela,06/29/1975,Portugal,tdellatorrejc@cnet.com,851-194-0229
Shermie,Dudding,Neftegorsk,12/02/1996,Russia,sduddingjd@4shared.com,639-251-2186
Beulah,Mars,Chita,02/07/1961,Colombia,bmarsje@tripod.com,770-318-5057
Sargent,Celez,Duko,12/01/1993,Indonesia,scelezjf@comsenz.com,440-275-3980
Paton,Rizzotto,Maniwaki,09/07/1991,Canada,prizzottojg@comcast.net,980-800-1034
Nari,Pauley,Polanka Wielka,08/25/1989,Poland,,677-712-5665
Allys,Poupard,Tyoply Stan,09/03/1951,Russia,,340-246-3283
Ginevra,Freebury,Touho,05/18/1989,New Caledonia,gfreeburyjj@typepad.com,980-255-0709
Gipsy,Metschke,Heilangkou,06/11/1978,China,gmetschkejk@discuz.net,394-911-8204
Kathrine,Ivshin,Pasir,04/08/1979,Indonesia,,107-308-6801
Celinka,Skipping,Nantes,09/28/1983,France,cskippingjm@goo.ne.jp,130-773-6424
Carver,Falks,Henghe,08/12/1965,China,cfalksjn@reverbnation.com,972-259-0478
Clevie,Hrihorovich,Madoi,09/07/1982,China,chrihorovichjo@unicef.org,573-841-7052
Tabina,Colbertson,Dmanisi,08/05/1979,Georgia,tcolbertsonjp@prlog.org,389-979-6171
Nils,Tejero,Banyubang,07/08/1971,Indonesia,ntejerojq@squidoo.com,176-551-5083
Leisha,Glen,Munse,01/11/1993,Indonesia,lglenjr@ning.com,109-753-2114
Malcolm,Neeve,‘Alīābād-e Katūl,06/03/1970,Iran,,630-538-9108
Dill,Rudeyeard,Hässleholm,11/24/1998,Sweden,drudeyeardjt@goo.gl,943-649-8025
Johnathan,Spurrior,Verkhoshizhem’ye,07/06/1996,Russia,,786-395-2924
Thibaut,Twining,Liulang,03/30/1967,China,ttwiningjv@edublogs.org,865-307-4429
Ettie,MacKartan,Jiangnan,11/12/1983,China,emackartanjw@prweb.com,913-680-7208
Maris,Spadelli,Yangiyŭl,04/30/1968,Uzbekistan,mspadellijx@histats.com,448-405-5434
Alden,Vasilyev,San Pedro,04/17/1953,Costa Rica,avasilyevjy@geocities.com,451-827-7907
Aileen,Emes,Arys,01/10/1971,Kazakhstan,aemesjz@1688.com,436-277-6778
Krishna,O'Hearn,Des Moines,07/29/1989,United States,kohearnk0@ning.com,515-524-4445
Robbie,Poller,Penalva de Alva,02/24/1957,Portugal,,672-304-0735
Collie,Tomanek,Ujazd,11/17/1984,Poland,ctomanekk2@vistaprint.com,737-928-7057
Morganne,Patterfield,Pu’an,05/22/1954,China,mpatterfieldk3@twitpic.com,764-725-3296
Joelle,Brittoner,Bela Vista do Paraíso,08/20/1984,Brazil,,761-930-5003
Jacqui,Neenan,Smiltene,01/28/1952,Latvia,jneenank5@icio.us,505-170-3711
Myrtle,Sandom,Bobigny,07/05/1993,France,msandomk6@admin.ch,156-123-9794
Lisette,Beames,Malhão,01/26/1954,Portugal,lbeamesk7@state.gov,507-534-6686
Faustine,Houlton,Lewokluok,11/24/1980,Indonesia,fhoultonk8@dell.com,611-460-3131
Gaby,Abrami,Chambéry,01/04/1956,France,gabramik9@smugmug.com,696-549-5364
Benjie,Benadette,Xichang,11/25/1987,China,,907-142-7396
Florrie,Ivery,Syrostan,06/29/1966,Russia,fiverykb@google.co.jp,225-811-6606
Rozele,Vassbender,Želetava,03/04/1968,Czech Republic,rvassbenderkc@princeton.edu,284-974-9088
Brandyn,Kears,Kermānshāh,11/16/1986,Iran,bkearskd@ebay.com,803-649-1717
Sebastien,Dursley,,,,sdursleyke@posterous.com,
Ethyl,Zuker,Cogreg Wetan,05/22/1996,Indonesia,ezukerkf@e-recht24.de,834-544-0887
Griz,Gregorace,Miass,01/29/1978,Russia,ggregoracekg@twitpic.com,665-144-2629
Brendin,McQuorkell,Hausjärvi,11/11/1997,Finland,bmcquorkellkh@nifty.com,555-238-8810
Jacynth,Ferminger,Purwodadi,07/10/1977,Indonesia,jfermingerki@google.es,218-994-0050
Mildrid,Gibbetts,Zhangduangu,12/09/1951,China,mgibbettskj@free.fr,418-324-4056
Gaultiero,Manneville,Isfara,12/12/1998,Tajikistan,gmannevillekk@homestead.com,624-410-1870
Markus,Smolan,Anzi,08/22/1999,China,msmolankl@freewebs.com,474-547-9957
Cthrine,Sprigg,,,,cspriggkm@apache.org,
Jed,Maloney,Pazin,09/20/1975,Croatia,jmaloneykn@opera.com,285-171-6886
Lil,MacConnell,,,,lmacconnellko@usatoday.com,
Rancell,Channon,Sobeok,12/25/1996,Indonesia,rchannonkp@berkeley.edu,494-709-1820
Jaynell,Erni,Huchang,05/21/1976,China,,973-801-9251
Cullin,Menhci,Sukamulia,12/03/1954,Indonesia,cmenhcikr@myspace.com,241-329-3785
Cinda,Caulket,Voskopojë,03/26/1965,Albania,ccaulketks@independent.co.uk,926-931-3991
Reynard,Atchly,Dabou,01/30/1953,Ivory Coast,ratchlykt@homestead.com,373-201-8707
Charis,Goodred,Nīshābūr,12/15/1985,Iran,,123-294-0281
Pietro,Speerman,Tuoshi,07/16/1970,China,pspeermankv@deviantart.com,494-630-2173
Calv,Neumann,Fushan,07/26/1985,China,cneumannkw@bloglines.com,235-776-5945
Joeann,Saltwell,Beipai,03/26/1975,China,jsaltwellkx@unblog.fr,452-188-8844
Rosmunda,Errett,Suna,09/29/1982,Russia,rerrettky@blogger.com,471-739-3800
Shelba,Garlic,Feteira Pequena,07/17/1977,Portugal,sgarlickz@cisco.com,627-326-2438
Hiram,Calles,Stockholm,09/24/1971,Sweden,,944-528-3101
Samara,Walden,Oubei,07/27/1989,China,swaldenl1@soup.io,545-445-4706
Jack,Tudhope,Phonphisai,02/14/1954,Thailand,jtudhopel2@hexun.com,584-906-4143
Juana,Azemar,Independencia,02/07/1972,Mexico,jazemarl3@w3.org,136-474-8891
Orran,Gisbye,Kabīrwāla,09/15/1956,Pakistan,ogisbyel4@newyorker.com,926-910-8056
Nappie,Jacobsen,Baga Borihe,10/16/1960,China,,261-813-4880
Emlynn,Escot,Żychlin,11/15/1985,Poland,,460-950-4201
Ninnette,Cholton,Elói Mendes,12/27/1984,Brazil,ncholtonl7@yelp.com,933-271-6360
Odilia,Janjic,Đồi Ngô,11/07/1988,Vietnam,,831-594-3987
Minnie,Brandon,Santa Teresa,12/25/1984,Philippines,mbrandonl9@hugedomains.com,272-260-4756
Kacey,Halligan,Chang’an,11/07/1955,China,khalliganla@simplemachines.org,175-647-8508
Sigrid,Glasspool,Gushi,03/07/1996,China,sglasspoollb@free.fr,563-415-5660
Nil,Tothacot,Nikhom Kham Soi,10/06/1955,Thailand,ntothacotlc@ycombinator.com,595-656-2854
Isaak,Putt,Presidente Dutra,12/01/1965,Brazil,,842-177-8076
Kennith,Drinkale,Miłakowo,12/10/1957,Poland,kdrinkalele@mashable.com,784-579-0787
Hermina,Fargher,Geshan,10/31/1983,China,hfargherlf@baidu.com,101-956-3435
Babette,Bassom,,,,,
Marieann,Kinningley,Panacan,05/23/1960,Philippines,mkinningleylh@earthlink.net,315-654-8403
Nigel,Frosdick,Dera Murād Jamāli,01/21/1964,Pakistan,nfrosdickli@deliciousdays.com,944-699-5606
Kerstin,Tremathick,Şabbūrah,08/01/1959,Syria,ktremathicklj@yellowpages.com,933-656-8682
Flossie,Blincow,Mapinrea,09/04/1954,Indonesia,fblincowlk@mail.ru,770-580-0409
Faythe,Shervil,Zgornje Jezersko,06/28/1991,Slovenia,fshervilll@microsoft.com,804-512-8574
Quillan,Kendall,Neob,05/06/1985,Indonesia,qkendalllm@plala.or.jp,954-119-3915
Ringo,Trappe,Santo Niño,12/07/1999,Philippines,,319-378-3625
Cammy,McEvon,Novoselë,12/01/1977,Albania,cmcevonlo@wordpress.org,673-481-4732
Daven,Rouge,Houmt Souk,05/03/1994,Tunisia,,285-376-0604
Evyn,Baxster,Lijiang,06/20/1974,China,ebaxsterlq@google.ca,966-528-9341
Cordy,Mellodey,Afonsoeiro,08/04/1962,Portugal,cmellodeylr@xrea.com,207-618-1320
Odetta,Benedidick,Yahil’nytsya,10/03/1986,Ukraine,obenedidickls@sciencedirect.com,446-667-7473
Alverta,Elcocks,Kankan,08/14/1979,Guinea,aelcockslt@mapquest.com,691-757-7232
Simon,Rouby,Santa Gertrudes,10/30/1987,Brazil,sroubylu@github.io,589-911-2430
Cash,Franca,Pushkino,08/19/1988,Russia,cfrancalv@goodreads.com,107-141-6104
Amerigo,Mathewson,Ngou,07/16/1961,Cameroon,,518-608-5466
Mona,Hug,Chiscas,09/22/1989,Colombia,mhuglx@google.cn,919-968-6404
Dew,Awde,Whitegate,10/14/1972,Ireland,dawdely@printfriendly.com,991-444-6701
Doro,Mewis,Gowarczów,11/26/1971,Poland,,648-362-7167
Serge,Hunnam,Levallois-Perret,09/22/1989,France,shunnamm0@wikimedia.org,243-800-8570
Herc,Broschek,Graneros,06/25/1963,Chile,,161-511-0133
Desiri,Colquit,Mhlambanyatsi,01/03/1952,Swaziland,dcolquitm2@google.cn,421-148-5085
Tricia,Diperaus,Votkinsk,02/13/1977,Russia,tdiperausm3@upenn.edu,283-884-2593
Agosto,Vannoort,Veisiejai,10/30/1996,Lithuania,,661-954-7892
Latashia,Gotecliffe,Lopatyn,01/20/1989,Ukraine,lgotecliffem5@diigo.com,316-839-4529
Ddene,Piggin,Praia da Tocha,01/31/1968,Portugal,dpigginm6@weebly.com,228-168-3486
Theobald,Mein,Vakhrushi,09/03/1976,Russia,tmeinm7@google.es,514-518-3115
Maury,Garton,Tamberías,02/19/1963,Argentina,,339-909-7370
Matty,Cochet,Fontanka,04/09/1995,Ukraine,mcochetm9@xing.com,686-499-6228
Zsazsa,Feary,Nggambel,09/04/1950,Indonesia,zfearyma@ezinearticles.com,449-191-7250
Meir,Pinkstone,Celestynów,11/18/1989,Poland,mpinkstonemb@devhub.com,100-904-4292
Lawry,Aslet,Cerava,12/23/1984,Albania,lasletmc@pagesperso-orange.fr,918-838-5613
Steven,Wendover,Yanwukou,04/02/1974,China,,677-368-1609
Flory,Hawkshaw,Banjar Asahduren,03/11/1965,Indonesia,,636-743-1302
Carey,Janouch,Ishqoshim,10/13/1952,Tajikistan,cjanouchmf@yelp.com,755-592-9232
Stanislaus,Sloat,,,,ssloatmg@storify.com,
Vivien,Mustoe,Kaliuda,07/19/1957,Indonesia,vmustoemh@google.ca,292-976-4572
Bing,Baccus,,,,bbaccusmi@moonfruit.com,
Darsie,Randals,Pingsha,12/06/1980,China,,314-874-5405
Timofei,Harriday,Hamilton,03/18/1961,Bermuda,tharridaymk@moonfruit.com,991-789-9742
Ulrika,Barlass,Gyōda,04/23/1953,Japan,ubarlassml@tripadvisor.com,195-671-6822
Roxy,Brand-Hardy,Farīmān,07/31/1993,Iran,rbrandhardymm@oakley.com,724-975-2324
Scotty,Sexstone,Tamnag,04/22/1973,Philippines,ssexstonemn@squarespace.com,562-587-3493
Alisun,Wandtke,Dakhla,04/29/1989,Western Sahara,,196-469-0306
Marvin,Scough,Tianya,01/30/1953,China,,667-222-3391
Corby,Murcott,Calinaoan Malasin,07/16/1995,Philippines,cmurcottmq@mediafire.com,635-576-7968
Yard,Chippendale,Vojnić,08/27/1977,Croatia,ychippendalemr@printfriendly.com,671-582-7964
Hilary,Massimo,Otwock,12/16/1969,Poland,hmassimoms@goo.ne.jp,504-782-3165
Dall,Gaul,Crépy-en-Valois,08/05/1978,France,dgaulmt@ezinearticles.com,901-360-6517
Quillan,Brett,Jeruk,04/08/1983,Indonesia,qbrettmu@wisc.edu,715-726-9770
Wyndham,Rowdell,Tuntum,09/27/1993,Brazil,wrowdellmv@wiley.com,748-640-0223
Elbertina,Plume,Machala,07/20/1965,Ecuador,eplumemw@163.com,673-738-1275
Thekla,Eddins,Xiaohekou,03/09/1952,China,teddinsmx@hubpages.com,199-400-4661
Row,Iacovides,Lipie,06/29/1978,Poland,,649-547-9659
Marylin,Gowrich,Patalan,08/10/1977,Indonesia,mgowrichmz@godaddy.com,748-950-8272
April,Basilotta,Shangyanzhuang,03/16/1991,China,abasilottan0@latimes.com,985-673-4840
Almira,Clapp,Pilang,09/26/1994,Indonesia,aclappn1@illinois.edu,680-493-7110
Trevar,Knill,Toyokawa,10/28/1985,Japan,,767-674-4736
Chrystal,Bawcock,Naawan,02/22/1990,Philippines,cbawcockn3@hubpages.com,950-313-6454
Hendrika,Worshall,Adrasmon,06/29/1983,Tajikistan,hworshalln4@flickr.com,932-717-8539
Niko,Parlett,Cijayana,07/25/1983,Indonesia,nparlettn5@examiner.com,801-213-0039
Morganne,McIllroy,Youwei,01/28/1965,China,mmcillroyn6@wordpress.org,577-431-9277
Abigale,Cicchelli,Hakui,08/03/1990,Japan,acicchellin7@pcworld.com,272-575-8808
Myles,Fenner,Nytva,04/07/1953,Russia,mfennern8@slate.com,596-127-6679
Gal,Kynastone,Kuala Terengganu,07/27/1979,Malaysia,gkynastonen9@squarespace.com,189-167-0379
Annelise,Nan Carrow,,,,anancarrowna@macromedia.com,
Ozzie,Standering,Wysoka,08/22/1993,Poland,ostanderingnb@blogtalkradio.com,740-782-0375
Nana,Waddington,Tukbur,11/21/1959,Indonesia,nwaddingtonnc@wix.com,152-560-3945
Sella,Almey,San Juan Sacatepéquez,07/22/1984,Guatemala,salmeynd@cbc.ca,472-669-1678
Gerda,Bowton,Luorong,01/01/1991,China,gbowtonne@odnoklassniki.ru,941-139-6889
Arlen,Bordis,Pilpichaca,04/08/1963,Peru,,338-771-3324
Kikelia,Ronci,,,,kroncing@taobao.com,
Lottie,Morican,La Unión,07/08/1982,Venezuela,lmoricannh@skype.com,569-161-7429
Andre,Beckenham,Balazar,11/17/1956,Portugal,abeckenhamni@ihg.com,435-653-4792
Kiel,Hovington,Tangtuzhui,09/14/1951,China,,335-974-8942
Beverly,Housby,Castlebellingham,09/08/1971,Ireland,bhousbynk@patch.com,584-952-7760
Basilio,Peckham,Libmanan,04/26/1956,Philippines,bpeckhamnl@sina.com.cn,725-866-0763
Noelle,Garbett,Liushutun,12/06/1961,China,ngarbettnm@amazonaws.com,661-106-7399
Sharona,Eckels,Bafilo,12/25/1958,Togo,seckelsnn@hud.gov,394-888-6884
Ree,Yesinov,Piraí,02/14/1965,Brazil,ryesinovno@cyberchimps.com,928-522-9803
Tarrah,Hearst,Dongmaku,09/15/1958,China,thearstnp@wiley.com,401-486-9699
Philomena,Swinglehurst,Uyugan,08/02/1974,Philippines,pswinglehurstnq@berkeley.edu,911-184-2286
Simona,Coggill,Ngulakan,07/26/1961,Indonesia,scoggillnr@oakley.com,779-326-3868
Chelsae,Saphin,Eshan,01/29/1973,China,csaphinns@ibm.com,129-121-1176
Shoshana,Malcher,União,06/28/1978,Brazil,smalchernt@google.com.au,255-321-1943
Merrilee,Kubczak,Bucu Kidul,01/25/1961,Indonesia,,184-573-4635
Raynard,Chalcot,Floresta,01/07/1990,Brazil,rchalcotnv@uiuc.edu,216-714-7633
Debbi,Tolworthy,Kwatarkwashi,06/15/1999,Nigeria,dtolworthynw@taobao.com,478-436-3135
Ewen,Kivlehan,Uralo-Kavkaz,12/10/1989,Ukraine,ekivlehannx@sourceforge.net,370-205-4581
Vida,Thies,Beizhakou,09/05/1964,China,vthiesny@elegantthemes.com,360-447-6820
Yetta,Clissold,Périgueux,08/02/1959,France,yclissoldnz@instagram.com,235-509-2491
Arel,Humbie,Caeté,07/18/1996,Brazil,ahumbieo0@independent.co.uk,643-808-0926
Trace,Beresfore,Beloostrov,12/11/1950,Russia,tberesforeo1@psu.edu,696-800-5613
Ddene,Clew,Alangilanan,05/05/1992,Philippines,dclewo2@sogou.com,825-621-9200
Jasen,Long,Argelia,10/24/1991,Colombia,jlongo3@accuweather.com,753-636-6879
Bil,Stive,Krajan Dua Patempuran,02/24/1995,Indonesia,bstiveo4@whitehouse.gov,887-927-6569
Claudie,Jakoubec,Garbów,02/29/1984,Poland,cjakoubeco5@oakley.com,802-420-1154
Abbe,Peperell,Shuanglu,12/10/1950,China,apeperello6@amazon.co.jp,355-778-1069
Thalia,Brounsell,,,,tbrounsello7@twitpic.com,
Tommie,Kiehne,Uchimaru,08/20/1959,Japan,tkiehneo8@123-reg.co.uk,283-734-7379
Wald,Lothean,Huaraz,08/11/1974,Peru,wlotheano9@cafepress.com,997-109-7262
Valry,Bockler,Houston,03/20/1951,United States,vbockleroa@vinaora.com,281-175-7905
Valenka,Leeman,Saint-Lambert-de-Lauzon,09/08/1987,Canada,vleemanob@umn.edu,231-294-5854
Ferdy,Durward,Bayt ‘Awwā,06/27/1956,Palestinian Territory,fdurwardoc@dailymail.co.uk,365-325-5163
Konrad,Hebbard,Srbica,08/11/1967,Macedonia,,810-842-8291
Mickie,Blais,Santa Cruz,06/09/1978,Philippines,mblaisoe@simplemachines.org,985-167-7330
Theresina,Pember,Tiantang,05/06/1988,China,tpemberof@google.de,387-847-2635
Valaria,Anton,Santiago de Baney,02/24/1976,Equatorial Guinea,vantonog@rakuten.co.jp,185-317-4184
Jenifer,Secret,Rumoi,05/21/1975,Japan,jsecretoh@merriam-webster.com,665-844-3438
August,Wildsmith,Taremskoye,07/15/1979,Russia,,809-688-4544
Franny,Nelson,Fulu,03/11/1957,China,fnelsonoj@cnn.com,609-570-9732
Derril,Deakes,Cinagrog Girang,02/22/1991,Indonesia,ddeakesok@indiatimes.com,166-196-4919
Verne,Preston,Rungis,07/17/1967,France,vprestonol@baidu.com,617-440-7423
Artie,Kisbey,Urasqui,07/16/1994,Peru,akisbeyom@dion.ne.jp,699-131-8722
Prissie,Doubrava,Gaide,10/06/1984,China,pdoubravaon@taobao.com,904-212-3880
Alicia,Oleksinski,Fatou,12/01/1952,China,aoleksinskioo@ca.gov,466-697-0420
Basile,Boobier,Taiyangling,02/25/1956,China,bboobierop@umich.edu,681-863-8379
Barr,Smeeton,Taliouine,01/25/1961,Morocco,bsmeetonoq@amazonaws.com,284-569-0956
Tania,McGahy,Nong Chik,12/11/1988,Thailand,tmcgahyor@unesco.org,837-722-1087
Meir,Laurance,Kelungkung,01/31/1974,Indonesia,,870-447-6148
Grete,Rodson,Las Flores,03/24/1968,Mexico,grodsonot@illinois.edu,566-112-5568
Deedee,Prisk,Polowat,04/22/1974,Micronesia,dpriskou@360.cn,313-657-8885
Sherry,Partridge,La Mesa,11/10/1969,Mexico,spartridgeov@statcounter.com,636-521-5910
Gav,Dingwall,Kibuku,10/21/1973,Uganda,gdingwallow@elpais.com,295-293-4752
Berthe,Tann,Angao,11/28/1988,China,btannox@salon.com,289-515-6996
Tiffani,Clute,Jambubol,04/13/1957,Indonesia,tcluteoy@php.net,830-445-5164
Rollin,Maslin,Xianyi,06/10/1955,China,rmaslinoz@google.it,152-641-6017
Thomasin,Rosbrough,Huangqiao,04/13/1961,China,trosbroughp0@barnesandnoble.com,589-881-3450
Carmelina,Maneylaws,,,,cmaneylawsp1@europa.eu,
Dulcea,Hegg,Kegeyli Shahar,06/28/1980,Uzbekistan,dheggp2@github.io,602-851-4321
Mead,Hawkings,Huimin,08/20/1953,China,mhawkingsp3@jigsy.com,460-507-9823
Elwin,Wessing,Si Racha,01/30/1964,Thailand,ewessingp4@time.com,757-666-3623
Albrecht,Beakes,Ramaram,01/20/1974,Indonesia,abeakesp5@patch.com,916-431-1868
Kristy,Chasemoore,Soweto,04/27/1955,South Africa,kchasemoorep6@delicious.com,582-441-6821
Engelbert,Cowtherd,Toba Tek Singh,06/07/1951,Pakistan,ecowtherdp7@hugedomains.com,876-731-6733
Jordan,Fashion,Conima,03/23/1950,Peru,jfashionp8@reference.com,697-122-7274
Baryram,Hutten,Moxi,12/31/1965,China,bhuttenp9@ibm.com,868-409-7154
Goldia,Eltun,,,,geltunpa@constantcontact.com,
Jennie,Penhale,Tambak,09/10/1979,Philippines,jpenhalepb@blogtalkradio.com,916-668-1689
Brana,Ellett,Birātnagar,07/26/1969,Nepal,,194-880-6884
Johnnie,Valeri,Church End,01/25/1989,United Kingdom,jvaleripd@eepurl.com,257-601-4540
Florian,Chomicz,Urho,12/20/1961,China,fchomiczpe@ucoz.com,810-446-7375
Liz,Noah,Palaiochóri,02/05/1966,Greece,lnoahpf@upenn.edu,381-626-6126
Roby,Sexten,Tongyangdao,08/05/1971,China,,652-732-9574
Piotr,Emmanueli,Charneca,02/23/1988,Portugal,pemmanueliph@paypal.com,350-188-6560
Stace,Petric,Liangdang Chengguanzhen,10/24/1971,China,spetricpi@sciencedirect.com,732-478-4714
Ginnie,Arnao,Kosamphi Nakhon,03/19/1979,Thailand,garnaopj@usatoday.com,443-770-0653
Arlinda,Hitcham,Yuty,07/13/1954,Paraguay,ahitchampk@bing.com,458-661-9284
Franz,Horning,Cheonan,01/10/1960,South Korea,,800-667-0174
Sol,Lisciardelli,Sarrazola,09/25/1966,Portugal,slisciardellipm@gmpg.org,395-174-4479
Fabio,Scottini,Centralniy,10/23/1962,Russia,fscottinipn@blogger.com,663-708-7019
Brodie,Langhorn,Shorapani,06/11/1986,Georgia,blanghornpo@blog.com,806-318-0825
Candis,Yankov,Obrenovac,11/05/1966,Serbia,,876-444-8859
Win,Instrell,Shemonaīkha,01/27/1990,Kazakhstan,winstrellpq@archive.org,599-304-4753
Corabella,Bortolozzi,Marantao,10/02/1977,Philippines,cbortolozzipr@gmpg.org,855-884-8940
Wilden,Muccino,Bourail,06/07/1964,New Caledonia,wmuccinops@woothemes.com,295-451-5387
Myra,Ffoulkes,Medvedovskaya,06/23/1986,Russia,mffoulkespt@ebay.com,536-257-4068
Lemar,Lambard,Loureiro,03/12/1963,Portugal,,742-692-1661
Laural,Sargerson,Serang,04/14/1974,Indonesia,lsargersonpv@tinyurl.com,197-491-6246
Lyn,Medcraft,Coutada,07/11/1953,Portugal,lmedcraftpw@comsenz.com,797-789-5556
Major,Attwoull,Kainan,04/24/1974,Japan,mattwoullpx@jalbum.net,545-876-1241
Simonette,Bulluck,Śliwice,04/22/1984,Poland,sbulluckpy@netscape.com,888-161-0137
Nadeen,Tremelling,Port Harcourt,06/17/1954,Nigeria,ntremellingpz@prlog.org,740-713-9078
Giraldo,Critchard,Simabur,10/21/1995,Indonesia,gcritchardq0@storify.com,524-124-1383
Tobiah,Mallinson,Ete,12/16/1974,Nigeria,tmallinsonq1@chron.com,117-256-4118
Gerty,Vandrill,Serra da Boa Viagem,12/18/1960,Portugal,gvandrillq2@discovery.com,717-953-0843
Meghann,Morrell,Ikar,02/20/1971,Indonesia,mmorrellq3@oracle.com,381-536-8771
Jill,Lawtie,Penghua,02/26/1988,China,jlawtieq4@wikipedia.org,629-388-9191
Hattie,Perrottet,Dalsjöfors,09/01/1955,Sweden,hperrottetq5@walmart.com,845-432-2263
Anthia,Triggs,,,,atriggsq6@weebly.com,
Kameko,Debell,San Nicolas,02/10/1963,Philippines,kdebellq7@hc360.com,900-256-0155
Dalenna,Cutsforth,Ocaña,07/02/1964,Colombia,,784-679-2053
Koenraad,Fruen,Uruaçu,05/07/1963,Brazil,,794-805-9332
Bradan,Stigers,Chepes,10/06/1977,Argentina,bstigersqa@issuu.com,855-669-4426
Nada,Wemes,Port Washington,04/04/1952,United States,nwemesqb@yellowbook.com,516-529-3195
Glori,Possel,Astromil,04/22/1986,Portugal,gposselqc@webeden.co.uk,401-419-9440
Ingaborg,Deegan,Kotayk’,10/10/1995,Armenia,ideeganqd@ow.ly,532-365-2166
Leyla,Parkes,,,,,
Coriss,Guilbert,Granja,10/23/1959,Portugal,,558-754-9704
Bourke,Annion,Shuanglong,09/02/1998,China,bannionqg@deviantart.com,187-486-3826
Lance,Checcuzzi,Bintang,05/14/1969,Indonesia,lcheccuzziqh@e-recht24.de,234-229-2204
Wynne,Joslin,Aţ Ţaybah,03/09/1952,Palestinian Territory,wjoslinqi@unblog.fr,789-918-4869
Malvina,Topling,,,,mtoplingqj@stumbleupon.com,
Kean,Butts,Lenīnskīy,02/11/1989,Kazakhstan,kbuttsqk@theguardian.com,854-230-7595
Andra,McNaught,Ceerigaabo,12/12/1971,Somalia,amcnaughtql@devhub.com,641-234-4383
Rosanna,Flori,,,,rfloriqm@clickbank.net,
Berkley,Wankel,Golema Rečica,07/11/1975,Macedonia,bwankelqn@wunderground.com,625-713-4177
Darren,Lill,Paris 15,08/29/1995,France,dlillqo@wikispaces.com,727-309-9868
Rob,Aysik,Cannes,02/21/1980,France,,559-612-4733
Rayner,Corden,Bagumbayan,12/11/1991,Philippines,rcordenqq@usa.gov,293-749-4821
Ber,Clissell,Villa La Angostura,03/08/1982,Argentina,bclissellqr@irs.gov,466-740-0994
Clayson,Dunwoody,Nong Bun Nak,12/29/1969,Thailand,cdunwoodyqs@mayoclinic.com,559-348-4513
Korie,Symmers,Kruhlaye,04/30/1991,Belarus,ksymmersqt@mashable.com,889-797-5559
Thibaut,Gallymore,Kamphaeng Phet,10/27/1991,Thailand,tgallymorequ@ibm.com,376-852-0516
Antonio,Prescott,Inderka,12/17/1992,Russia,aprescottqv@aboutads.info,529-555-6594
Guthrie,Hagger,Älvsjö,03/25/1966,Sweden,ghaggerqw@drupal.org,168-193-9358
Alexa,Haggish,Tabogon,06/24/1976,Philippines,,574-234-1566
Rodney,Sydes,Keli,08/08/1984,China,rsydesqy@xing.com,730-451-8965
Tonnie,McKeady,Cube,05/02/1965,Ecuador,,762-243-4531
Gradeigh,Bredes,Mniszków,10/13/1977,Poland,gbredesr0@mlb.com,794-914-7425
Perrine,Fante,Krychaw,09/13/1976,Belarus,,143-732-0701
Jennine,Philippon,Moyogalpa,06/26/1976,Nicaragua,jphilipponr2@dagondesign.com,379-156-7804
Francesco,Faragher,Lingkou,12/14/1989,China,ffaragherr3@chicagotribune.com,272-320-4381
Iolande,Peter,Tuchów,11/15/1985,Poland,,975-694-5443
Ealasaid,Minthorpe,Kortesjärvi,08/06/1972,Finland,eminthorper5@friendfeed.com,135-554-1171
Eleonore,Quinton,Kofelē,02/06/1951,Ethiopia,equintonr6@bbb.org,814-889-2518
Sabine,Marklow,Kaem,09/04/1953,Indonesia,,596-450-8653
Nanny,de Clerk,Birnin Kebbi,12/01/1973,Nigeria,ndeclerkr8@mapquest.com,235-661-5741
Matelda,Myford,Touama,06/15/1970,Morocco,mmyfordr9@nydailynews.com,793-128-9675
Alano,Bofield,Oslo,07/20/1953,Norway,abofieldra@sohu.com,955-406-1079
Torrance,Domaschke,,,,tdomaschkerb@nbcnews.com,
Arlen,Wythill,Buga,05/05/1970,Philippines,awythillrc@mapy.cz,888-442-6263
Terrence,Stoffersen,Yangon,03/15/1958,Myanmar,tstoffersenrd@ucsd.edu,428-534-4559
Robinson,Adran,Nangka,05/02/1993,Philippines,radranre@salon.com,820-474-0873
Marlo,Brookes,Sepolong Timur,07/18/1976,Indonesia,mbrookesrf@amazon.co.jp,509-229-6524
Gerry,Woffinden,Paris 12,10/26/1963,France,gwoffindenrg@npr.org,691-239-0266
Damian,Kilmister,Garahaji,12/26/1970,Indonesia,,179-400-5667
Othello,Dickin,Zhenlai,10/05/1971,China,odickinri@bbb.org,789-892-8978
Lacee,Grevel,Kalodzishchy,06/06/1993,Belarus,lgrevelrj@dagondesign.com,762-132-4104
Carlos,Hans,Xinwo,08/20/1950,China,chansrk@arstechnica.com,892-303-6665
Remy,Burtwistle,Himeville,10/09/1964,South Africa,rburtwistlerl@fc2.com,492-958-6504
Nat,Abbatucci,Xipu,05/09/1966,China,nabbatuccirm@theatlantic.com,147-543-5422
Nadeen,Finneran,Wŏnsan,02/08/1979,North Korea,,544-612-3595
Milicent,Headford,Maromitsa,04/08/1955,Russia,mheadfordro@marriott.com,187-773-0404
Bancroft,Gosneye,Primošten,07/05/1970,Croatia,,759-850-4755
Darcy,Schirach,Philadelphia,10/26/1974,United States,dschirachrq@ask.com,267-926-6678
Karlen,Cuesta,Belogorsk,12/15/1979,Russia,kcuestarr@discuz.net,969-816-1516
