first_name,last_name,birth_place,birth_date,country_living_in,email,phone
Lenard,Boolsen,Manamrag,1996/09/15,Philippines,lboolsen0@biblegateway.com,+63 (973) 718-3606
Linnea,Baggaley,Pointe Michel,1985/07/03,Dominica,,+1 (359) 691-6132
Gail,Marriott,Lewotukan,1950/12/16,Indonesia,gmarriott2@about.com,+62 (996) 889-1847
Cyrill,Fahrenbacher,Ciro Redondo,1993/08/23,Cuba,,+53 (189) 420-3763
Emilio,Spikeings,Kamieniec Wrocławski,1996/05/12,Poland,,+48 (363) 479-3716
Lisle,Sachno,Alivéri,1989/02/02,Greece,lsachno5@tmall.com,+30 (383) 808-1136
Wittie,Guidini,Sv. Ana v Slov. Goricah,1984/02/05,Slovenia,wguidini6@baidu.com,+386 (652) 242-5791
Claretta,Poge,Thompson,1982/05/12,Canada,,+1 (972) 182-2759
Janith,Hamlington,Labelle,1963/12/25,Canada,jhamlington8@msn.com,+1 (974) 232-9974
Alec,Innocent,Krasiczyn,1991/09/21,Poland,ainnocent9@instagram.com,+48 (359) 490-7096
Hildy,Deener,Heshui,1982/10/27,China,hdeenera@uol.com.br,+86 (210) 330-5405
Elena,Beddoe,Yuzhai,1978/01/26,China,ebeddoeb@simplemachines.org,+86 (562) 471-7663
Friederike,Ivanchenkov,Novi Bečej,1975/08/24,Serbia,fivanchenkovc@smh.com.au,+381 (546) 783-2165
Emmalynn,Szymoni,Moch,1994/05/12,Micronesia,eszymonid@vistaprint.com,+691 (365) 661-2048
Nicolais,Page,Caringin,1990/01/12,Indonesia,npagee@dyndns.org,+62 (717) 571-8681
Dane,Streetfield,Pindorama,1999/06/01,Brazil,dstreetfieldf@qq.com,+55 (397) 979-6456
West,Handke,Bailiang,1992/03/22,China,whandkeg@joomla.org,+86 (549) 892-4123
Reamonn,Menaul,Przemków,1998/07/24,Poland,rmenaulh@tinyurl.com,+48 (923) 642-7548
Caron,Mougenel,Planaltina,1955/07/20,Brazil,cmougeneli@usatoday.com,+55 (341) 941-0981
Dasha,Halbord,Altanbulag,1967/09/12,Mongolia,dhalbordj@bandcamp.com,+976 (192) 115-0480
Binny,Pidduck,Maastricht,1990/05/05,Netherlands,bpidduckk@wp.com,+31 (410) 845-2014
Diane-marie,Adair,Mazańcowice,1980/07/19,Poland,dadairl@blinklist.com,+48 (594) 386-4836
Norah,Swindles,Biryulëvo Zapadnoye,1962/04/23,Russia,,+7 (654) 551-5854
Dorry,Deex,Bulihan,1993/09/15,Philippines,ddeexn@bravesites.com,+63 (436) 195-9747
Juliane,Mawdsley,Minyue,1968/07/17,China,jmawdsleyo@xing.com,+86 (521) 723-0579
Minta,Fray,Matina,1984/07/06,Costa Rica,mfrayp@php.net,+506 (463) 430-4820
Cristen,Baniard,Asahi,1980/12/15,Japan,cbaniardq@alexa.com,+81 (533) 582-3240
Worthy,Fear,Bayt ‘Ūr at Taḩtā,1960/03/04,Palestinian Territory,,+970 (444) 361-6651
Isidoro,Matantsev,Hongsi,1971/10/19,China,imatantsevs@globo.com,+86 (689) 752-1624
Goddart,Dumbelton,Rusnė,1997/09/01,Lithuania,gdumbeltont@123-reg.co.uk,+370 (233) 752-9137
Konstantine,Lorryman,København,1968/11/19,Denmark,klorrymanu@un.org,+45 (253) 206-0039
Odie,Muscroft,Roma,1957/12/26,Italy,omuscroftv@squarespace.com,+39 (837) 270-3260
Brittni,Jochanany,Xieshui,1973/11/17,China,bjochananyw@ihg.com,+86 (371) 550-6246
Carline,Brownhall,Potelych,1974/01/01,Ukraine,cbrownhallx@myspace.com,+380 (825) 494-7014
Oriana,Eldered,Sonzacate,1989/08/13,El Salvador,,+503 (874) 917-4280
Irving,Seldner,Panxi,1970/01/14,China,iseldnerz@eventbrite.com,+86 (681) 528-5267
Cherianne,Mynett,Montreuil,1954/03/10,France,cmynett10@1und1.de,+33 (215) 751-7495
Olia,Seath,,,,oseath11@is.gd,
Meade,Porteous,Suzëmka,1978/12/23,Russia,mporteous12@lulu.com,+7 (829) 944-9731
Ranna,Mixon,Palumbungan,1976/04/19,Indonesia,rmixon13@phoca.cz,+62 (478) 341-3800
Astra,Plumley,Leigao,1987/07/01,China,,+86 (721) 192-5672
Vincents,Kerfoot,Kortkeros,1978/09/06,Russia,vkerfoot15@java.com,+7 (457) 103-6081
Maryjo,Cowcha,Surup,1952/08/06,Philippines,mcowcha16@psu.edu,+63 (169) 878-2894
Muriel,Skegg,,,,mskegg17@jigsy.com,
Solly,Grimsley,La Paz,1974/01/17,Argentina,sgrimsley18@time.com,+54 (930) 641-9539
Chris,Exall,Pangalangan,1957/12/14,Indonesia,cexall19@state.tx.us,+62 (597) 263-4639
Tanner,Delmonti,Los Nogales,1979/04/11,Mexico,tdelmonti1a@statcounter.com,+52 (668) 496-0807
Bay,Rosingdall,Tulihe,1996/05/14,China,,+86 (760) 114-7771
Belle,Daglish,Tolú,1960/01/04,Colombia,bdaglish1c@rambler.ru,+57 (990) 360-0829
Bradly,Rathmell,San Miguel,1977/11/04,Mexico,brathmell1d@sina.com.cn,+52 (919) 243-7627
Monti,Sprague,Viçosa,1990/05/13,Brazil,msprague1e@ning.com,+55 (325) 266-6469
Nikos,Gowdy,Amiens,1997/09/14,France,ngowdy1f@harvard.edu,+33 (523) 142-7508
Carrissa,Pepperell,Waiholo,1965/08/12,Indonesia,cpepperell1g@clickbank.net,+62 (503) 938-3698
Simone,Cleminshaw,Veřovice,1983/07/11,Czech Republic,scleminshaw1h@is.gd,+420 (817) 598-1962
Ophelie,Bradnick,Amfíkleia,1997/02/27,Greece,obradnick1i@fotki.com,+30 (566) 937-8013
Erskine,Clorley,Chernomorets,1988/02/13,Bulgaria,eclorley1j@statcounter.com,+359 (838) 237-4768
Huntington,Muat,Itapicuru,1976/10/10,Brazil,hmuat1k@skyrock.com,+55 (517) 730-8435
Juliane,Leys,Damietta,1988/08/15,Egypt,jleys1l@gov.uk,+20 (471) 197-4867
Essie,Hopkins,Phatthaya,1959/05/04,Thailand,ehopkins1m@opensource.org,+66 (853) 112-9477
Earl,Babonau,Banī Walīd,1990/08/06,Libya,,+218 (190) 891-4284
Kasey,Cotterell,Samir,1974/01/05,Indonesia,,+62 (761) 387-0411
Joannes,Goldsberry,,,,jgoldsberry1p@wufoo.com,
Ingemar,Benedicto,Canguçu,1957/06/14,Brazil,,+55 (508) 135-6065
Appolonia,Atrill,Wanrongjiang,1958/06/27,China,,+86 (207) 396-8197
Slade,Andrioni,Hanyuan,1982/02/07,China,sandrioni1s@mit.edu,+86 (253) 759-4993
Dody,Frankcombe,Koani Ndogo,1980/06/09,Tanzania,,+255 (649) 289-9611
Florida,Molder,Paris La Défense,1963/02/03,France,fmolder1u@aol.com,+33 (603) 826-0592
Rice,Camplen,Gutalac,1968/09/14,Philippines,rcamplen1v@canalblog.com,+63 (563) 654-0374
Hector,Timlin,San Jose,1970/07/01,Philippines,htimlin1w@barnesandnoble.com,+63 (225) 468-5042
Misti,Joppich,Nong Muang,1997/07/11,Thailand,mjoppich1x@wiley.com,+66 (561) 256-1630
Woody,Allanby,Nekhayevskiy,1988/01/05,Russia,wallanby1y@comcast.net,+7 (160) 972-1913
Bee,Ambrose,Colonia Elisa,1972/02/20,Argentina,bambrose1z@quantcast.com,+54 (787) 288-7749
Frazer,Winterton,Watulabara,1968/04/23,Indonesia,fwinterton20@spiegel.de,+62 (172) 281-3391
Agustin,McIlwrick,Cluses,1970/09/07,France,amcilwrick21@netscape.com,+33 (589) 175-4614
Nanice,Jenckes,Kadujajar,1982/04/19,Indonesia,njenckes22@kickstarter.com,+62 (525) 199-6408
Ilyse,Joscelin,Charleston,1979/03/31,United States,ijoscelin23@constantcontact.com,+1 (304) 435-5296
Laney,Muro,Kefar Tavor,1993/07/08,Israel,lmuro24@lycos.com,+972 (353) 884-5260
Linnell,Fellos,Galutu,1987/05/12,China,lfellos25@icio.us,+86 (401) 501-7024
Sella,Daintry,Heitan,1967/01/31,China,sdaintry26@google.ca,+86 (642) 767-0625
Nollie,Gostridge,Kyaka,1989/02/13,Tanzania,,+255 (391) 750-1766
Charmain,Elderton,Spuž,1989/10/01,Montenegro,celderton28@instagram.com,+382 (915) 121-5562
Clemmy,Lecointe,Falun,1958/11/01,Sweden,clecointe29@umn.edu,+46 (113) 561-1271
Gottfried,Renoden,,,,grenoden2a@nbcnews.com,
Tye,Dukesbury,Villeurbanne,1961/04/16,France,tdukesbury2b@mayoclinic.com,+33 (436) 725-0566
Obediah,Force,Santa Rita do Sapucaí,1996/06/05,Brazil,oforce2c@yolasite.com,+55 (580) 671-8446
Annemarie,Abyss,Thap Khlo,1997/09/03,Thailand,,+66 (555) 489-9720
Angelo,Starmer,Banjaranyar,1953/12/20,Indonesia,astarmer2e@japanpost.jp,+62 (373) 426-8935
Ruthi,Clouston,Kraljevica,1985/12/19,Croatia,rclouston2f@mediafire.com,+385 (232) 777-0026
Bradney,Kelcey,Turija,1980/12/28,Serbia,,+381 (323) 451-5210
Cindra,Staig,,,,cstaig2h@imageshack.us,
Valentina,Dytham,Ramos,1956/04/24,Philippines,,+63 (494) 636-8805
Tabbie,Charlon,,,,,
Maritsa,Ducham,Tilmi,1984/02/28,Morocco,mducham2k@blinklist.com,+212 (318) 381-7310
Jacky,Figgures,Kuantan,1965/10/04,Malaysia,,+60 (248) 146-2673
Theresina,Thunnerclef,Uddevalla,1976/07/14,Sweden,tthunnerclef2m@princeton.edu,+46 (699) 181-0185
Blinny,Choke,Nixi,1978/10/02,China,bchoke2n@cdbaby.com,+86 (944) 100-8380
Eadie,Bilt,Roshchino,1996/07/06,Russia,ebilt2o@shareasale.com,+7 (889) 337-0008
Valaree,Plaschke,Broby,1950/05/31,Finland,vplaschke2p@nasa.gov,+358 (505) 955-2039
Melva,Colthard,Changshan,1960/07/20,China,mcolthard2q@smugmug.com,+86 (276) 857-2688
Kirstin,Warlock,Esperalvillo,1996/12/09,Dominican Republic,kwarlock2r@umich.edu,+1 (209) 379-7824
Livia,Tythacott,Skövde,1961/12/12,Sweden,ltythacott2s@ezinearticles.com,+46 (554) 924-9166
Fay,Kaines,Muli,1973/01/13,China,fkaines2t@rambler.ru,+86 (471) 186-6855
Monika,Blowes,Kallar Kahār,1978/11/01,Pakistan,mblowes2u@51.la,+92 (566) 568-8160
Netta,Hulls,Nyima,1975/10/05,China,nhulls2v@ft.com,+86 (292) 675-0345
Maxim,Kendrew,Kaabong,1966/06/01,Uganda,mkendrew2w@cisco.com,+256 (348) 616-8342
Leigh,Roman,Sevaster,1976/09/02,Albania,lroman2x@dell.com,+355 (719) 827-6494
Aleksandr,Bruinemann,Putou,1970/01/06,China,abruinemann2y@ebay.co.uk,+86 (972) 882-0721
Silvia,Moizer,Jiangbei,1983/09/08,China,smoizer2z@usa.gov,+86 (839) 714-3739
Ely,Thomlinson,Butere,1983/09/10,Kenya,ethomlinson30@xing.com,+254 (327) 609-8701
Tulley,Jakaway,Gwaram,1977/10/19,Nigeria,tjakaway31@etsy.com,+234 (267) 335-2340
Corabella,Fasham,Shanjiao,1954/02/20,China,cfasham32@godaddy.com,+86 (294) 960-1106
John,Purkiss,São Lourenço,1990/09/02,Brazil,jpurkiss33@nsw.gov.au,+55 (636) 937-7525
Cassie,Brecon,Makar’yev,1963/11/26,Russia,cbrecon34@msu.edu,+7 (278) 428-0603
Kassia,Kernes,18 de Marzo,1955/03/13,Mexico,,+52 (150) 816-7056
Jessie,Caselli,Adelaide,1950/10/14,Australia,,+61 (653) 234-3614
Pat,Fortman,Marco,1992/01/02,Brazil,pfortman37@ucoz.com,+55 (677) 769-2811
Mozelle,Gomby,Abha,1950/03/15,Saudi Arabia,,+966 (246) 750-1873
Beatrix,De Clairmont,Guanfang,1979/12/30,China,bdeclairmont39@multiply.com,+86 (649) 972-7751
Jilleen,Bodocs,Xuelu,1965/05/08,China,jbodocs3a@economist.com,+86 (249) 264-0972
Tammie,Figgen,Kabarnet,1994/11/23,Kenya,tfiggen3b@noaa.gov,+254 (825) 141-5994
Hewitt,Gatman,Manghit,1951/02/24,Uzbekistan,hgatman3c@booking.com,+998 (848) 982-8436
Barbie,McMichell,Krajan Joho,1982/10/30,Indonesia,bmcmichell3d@ft.com,+62 (145) 989-4523
Lenci,Aughton,Yingkeng,1993/04/20,China,laughton3e@netscape.com,+86 (927) 561-2943
Becki,Peskett,Jandira,1980/04/22,Brazil,bpeskett3f@tumblr.com,+55 (302) 165-5002
Deni,Gullick,Costa Rica,1981/05/10,Brazil,dgullick3g@wikia.com,+55 (412) 824-2979
Vida,Keningley,Guachucal,1976/04/22,Colombia,vkeningley3h@yahoo.com,+57 (175) 536-6785
Del,Frowing,Gweedore,1985/08/27,Ireland,dfrowing3i@studiopress.com,+353 (821) 339-1033
Alvina,Mickan,Belize City,1958/01/17,Belize,amickan3j@twitpic.com,+501 (207) 169-7291
Alick,Bidgood,Boisbriand,1957/02/17,Canada,,+1 (230) 581-4595
Elisabet,Mathewes,Nine,1982/07/24,Portugal,emathewes3l@slate.com,+351 (880) 267-2191
Lonnie,McWhin,Jaworze,1995/08/03,Poland,lmcwhin3m@usda.gov,+48 (559) 362-5461
Kittie,Griss,Serednye Vodyane,1958/07/14,Ukraine,kgriss3n@mlb.com,+380 (101) 648-7810
Almeda,Lodemann,Zhoutou,1950/09/02,China,alodemann3o@slate.com,+86 (789) 380-2759
Skipp,McCullouch,Sadkowice,1996/07/15,Poland,,+48 (803) 968-8951
Howard,Kleisel,San Luis,1951/11/26,Philippines,hkleisel3q@state.gov,+63 (991) 548-6993
Gerda,Catterell,Marne-la-Vallée,1975/05/23,France,gcatterell3r@unesco.org,+33 (800) 607-0395
Noellyn,Fery,Non Sung,1953/07/18,Thailand,nfery3s@time.com,+66 (887) 894-4756
Madelaine,Gourley,,,,mgourley3t@diigo.com,
Billy,Benger,Kaduela,1972/10/17,Indonesia,bbenger3u@apple.com,+62 (189) 728-5816
Annecorinne,Knotton,Arnhem,1966/11/16,Netherlands,aknotton3v@seattletimes.com,+31 (909) 394-5469
Tallia,Weatherup,Qanliko’l,1972/07/14,Uzbekistan,tweatherup3w@google.it,+998 (831) 197-1784
Julieta,Maccrea,Ewarton,1967/09/22,Jamaica,,+1 (426) 451-2853
Nora,Gypson,Urayasu,1974/04/25,Japan,,+81 (559) 649-8975
Katti,Schwander,Ar Riqāmā,1982/08/21,Syria,kschwander3z@godaddy.com,+963 (115) 554-1604
Merrielle,Studd,Bundoran,1991/01/06,Ireland,mstudd40@shutterfly.com,+353 (230) 507-8080
Leeann,Fowler,Huyuan,1955/08/29,China,lfowler41@google.ru,+86 (328) 554-9679
Amandy,Sharrard,Romny,1979/04/29,Russia,asharrard42@europa.eu,+7 (751) 586-8556
Merilyn,Howsin,Shangfang,1961/11/13,China,mhowsin43@ted.com,+86 (559) 684-3043
Gwendolen,Wolstencroft,Picoto,1986/07/30,Portugal,gwolstencroft44@arizona.edu,+351 (313) 364-7927
Arnoldo,Hindenburg,Biskamzha,1982/07/30,Russia,ahindenburg45@typepad.com,+7 (332) 144-4518
Rhodia,Shapera,Baozhu,1979/03/11,China,rshapera46@domainmarket.com,+86 (388) 313-1088
Kristi,Anwell,Khorixas,1963/03/18,Namibia,kanwell47@berkeley.edu,+264 (456) 447-1080
Cal,Shelbourne,Yên Thành,1952/04/03,Vietnam,cshelbourne48@example.com,+84 (107) 242-2717
Jackquelin,Fakes,Mashi,1987/06/01,China,jfakes49@whitehouse.gov,+86 (470) 348-7234
Pegeen,Annear,Huasahuasi,1955/03/24,Peru,pannear4a@tamu.edu,+51 (155) 645-7711
Nadean,Banat,Jatinagara,1966/06/20,Indonesia,nbanat4b@bloglines.com,+62 (240) 350-1377
Blaine,Readmire,Staryy Oskol,1957/02/24,Russia,breadmire4c@so-net.ne.jp,+7 (393) 476-5772
Korney,Alcide,Huantuo,1983/07/14,China,kalcide4d@illinois.edu,+86 (470) 509-4420
Charles,McNish,Sawahbaru,1998/06/25,Indonesia,cmcnish4e@cpanel.net,+62 (988) 198-9796
Shirlene,Lowell,Magisterial,1954/05/23,Mexico,slowell4f@usgs.gov,+52 (492) 900-8106
Cynthia,Attenborrow,Budapest,1952/02/06,Hungary,cattenborrow4g@house.gov,+36 (662) 493-4032
Don,Borrett,Victoria,1959/06/24,Philippines,dborrett4h@geocities.jp,+63 (761) 462-1114
Reider,Dollin,Podporozh’ye,1966/11/24,Russia,rdollin4i@ft.com,+7 (232) 346-8605
Goran,Poulston,Maydolong,1972/04/18,Philippines,gpoulston4j@booking.com,+63 (648) 816-4365
Courtney,McHenry,San Miguel,1991/05/29,Mexico,cmchenry4k@whitehouse.gov,+52 (306) 703-2349
Renaldo,Alchin,Balete,1972/07/22,Philippines,ralchin4l@delicious.com,+63 (491) 310-0790
Kurt,Reddlesden,Sofádes,1952/09/12,Greece,kreddlesden4m@xrea.com,+30 (892) 224-3210
Briny,Denison,Balibagan Oeste,1993/09/23,Philippines,bdenison4n@skype.com,+63 (334) 213-0887
Lucia,Keesman,Ban Lŭng,1975/05/13,Cambodia,lkeesman4o@addtoany.com,+855 (563) 529-0209
Lauraine,Caillou,Maicao,1976/11/17,Colombia,lcaillou4p@networkadvertising.org,+57 (389) 956-4851
Eamon,Smieton,Novouzensk,1974/04/16,Russia,esmieton4q@hp.com,+7 (209) 890-9725
Louise,Claire,Mohoro,1986/09/11,Comoros,lclaire4r@quantcast.com,+269 (441) 358-1343
Raymund,Ankrett,Cabimas,1990/08/10,Venezuela,rankrett4s@over-blog.com,+58 (439) 110-1841
Basilio,O' Finan,Cogon,1968/01/22,Philippines,bofinan4t@hatena.ne.jp,+63 (909) 381-7266
Alice,Jobes,Barajalan,1984/06/11,Indonesia,ajobes4u@uiuc.edu,+62 (718) 432-3392
Jock,Pavia,Almeria,1979/10/29,Spain,jpavia4v@squidoo.com,+34 (103) 116-9979
Tandi,Gribbins,Laoxialu,1963/05/06,China,tgribbins4w@java.com,+86 (996) 969-8136
Alyss,Landell,Borås,1959/11/14,Sweden,,+46 (933) 803-2318
Erhard,Pratchett,Kisarazu,1985/02/09,Japan,epratchett4y@google.es,+81 (935) 607-8980
Gerrilee,Pavinese,Gorki Vtoryye,1989/01/14,Russia,gpavinese4z@chron.com,+7 (745) 571-0881
Avivah,Stookes,Finspång,1976/08/05,Sweden,astookes50@clickbank.net,+46 (511) 379-3077
Hasty,Redrup,Fushë-Bulqizë,1967/06/18,Albania,hredrup51@php.net,+355 (835) 567-6818
Mireille,Denisyev,Sanjiazi,1999/07/06,China,mdenisyev52@joomla.org,+86 (388) 700-2217
Eddy,Stenner,Tuxi,1969/06/12,China,estenner53@home.pl,+86 (434) 195-1930
Emory,Creeboe,Temayang,1954/08/23,Indonesia,,+62 (477) 615-5930
Karoly,Farfoot,Santa Teresita,1992/11/23,Philippines,kfarfoot55@google.co.jp,+63 (324) 639-7507
Maggy,Konertz,Tallahassee,1974/03/23,United States,mkonertz56@barnesandnoble.com,+1 (850) 595-2126
Geoffry,Ladewig,Yangmingbu,1976/02/26,China,gladewig57@opensource.org,+86 (905) 453-6558
Gerri,Lambird,Sabhā,1990/01/27,Libya,glambird58@addtoany.com,+218 (411) 702-0207
Martita,Nail,Sokolnice,1980/12/28,Czech Republic,,+420 (490) 190-1815
Isador,Kenworthy,Imrīsh,1975/02/15,Palestinian Territory,ikenworthy5a@biblegateway.com,+970 (816) 759-8077
Verene,Denington,Petrovice u Karviné,1994/05/08,Czech Republic,,+420 (437) 624-7419
Wayne,Inmett,Zhonghe,1985/03/07,China,winmett5c@issuu.com,+86 (731) 691-4821
Valentijn,Hulse,Petrolia,1971/09/07,Canada,vhulse5d@aboutads.info,+1 (626) 266-0199
Stacy,Ruggen,Rongelap,1977/03/11,Marshall Islands,,+692 (218) 214-4798
Demetri,Stigger,Loay,1952/09/30,Philippines,,+63 (660) 958-6074
Egon,Somerled,Białogard,1986/06/01,Poland,esomerled5g@biglobe.ne.jp,+48 (869) 753-8538
Michele,Martland,Kalinkavichy,1995/08/14,Belarus,mmartland5h@icio.us,+375 (209) 662-4150
Waylen,Barfoot,Sumberkrajan,1961/08/15,Indonesia,wbarfoot5i@chron.com,+62 (634) 378-7961
Delbert,Decourcy,Kemang,1990/04/16,Indonesia,ddecourcy5j@goodreads.com,+62 (748) 591-2054
Harland,Poor,Chugay,1967/03/11,Peru,hpoor5k@about.com,+51 (411) 550-3790
Pansy,Newson,Pira,1984/08/02,Peru,pnewson5l@mit.edu,+51 (240) 203-5485
Karita,Hammerberger,,,,,
Cacilie,Gruszecki,Klyuchevskiy,1982/04/28,Russia,,+7 (480) 673-2789
Jimmy,Rowbrey,Sokolniki,1992/08/04,Poland,jrowbrey5o@biglobe.ne.jp,+48 (571) 382-4915
Kennie,Birkhead,Lianhe,1971/09/16,China,kbirkhead5p@yahoo.co.jp,+86 (798) 122-9598
Ashby,Morando,Oroquieta,1978/04/26,Philippines,amorando5q@rediff.com,+63 (481) 934-8013
Friedrick,Trundler,Gombang,1977/05/08,Indonesia,ftrundler5r@oracle.com,+62 (259) 621-7061
Tonya,Blanning,Shuhe,1974/06/11,China,tblanning5s@vk.com,+86 (482) 239-1551
Norman,Trundler,Krosno,1983/08/28,Poland,ntrundler5t@va.gov,+48 (604) 897-2735
Murray,Aguirre,Qixian,1956/10/17,China,maguirre5u@nsw.gov.au,+86 (128) 416-9471
Dorolice,Hassell,Unión,1967/12/25,Argentina,dhassell5v@dagondesign.com,+54 (418) 134-5143
Elicia,Brehaut,Mādabā,1997/06/28,Jordan,ebrehaut5w@hatena.ne.jp,+962 (863) 389-5469
Price,Ballsdon,Kaeng Khro,1964/09/05,Thailand,pballsdon5x@ifeng.com,+66 (233) 131-5842
Liuka,Morot,Maru,1963/01/02,Nigeria,lmorot5y@adobe.com,+234 (714) 331-2291
Grove,Brandenburg,Hongwei,1962/10/10,China,gbrandenburg5z@harvard.edu,+86 (112) 874-9511
Bernadina,Kettleson,San José de Río Tinto,1962/05/19,Honduras,bkettleson60@geocities.com,+504 (188) 675-7900
Caryl,Linford,Xiangrong,1963/09/27,China,clinford61@mit.edu,+86 (506) 236-2085
Patsy,Saiens,Shangcai Zhongxing,1991/06/19,China,psaiens62@rakuten.co.jp,+86 (615) 231-4367
Valli,Prall,Cama Juan,1979/12/15,Philippines,vprall63@ca.gov,+63 (369) 825-7676
Inna,Duckinfield,Cuihuangkou,1968/02/27,China,iduckinfield64@howstuffworks.com,+86 (661) 331-6798
Goldina,Horbart,Carvalhais,1997/01/01,Portugal,,+351 (688) 729-8382
Annadiane,Kundert,,,,akundert66@ocn.ne.jp,
Carling,Strain,Malita,1996/07/22,Philippines,cstrain67@about.me,+63 (221) 839-3903
Kenn,Brosi,Nong Ruea,1973/09/26,Thailand,kbrosi68@4shared.com,+66 (176) 754-4223
Agnes,Pantlin,Pomahuaca,1994/03/22,Peru,apantlin69@dropbox.com,+51 (323) 891-9132
Bastien,Holcroft,Xiaochi,1976/01/11,China,bholcroft6a@twitpic.com,+86 (345) 345-8451
Edmon,Goskar,,,,egoskar6b@tripadvisor.com,
Edyth,Hearns,Muyudian,1981/04/26,China,ehearns6c@google.ru,+86 (274) 522-2056
Kathlin,Ghelardoni,Privolzhskiy,1968/08/20,Russia,,+7 (722) 658-8818
Erasmus,Giron,Bajiao,1964/11/21,China,,+86 (930) 908-6914
Cornelle,McGregor,Zuolan,1989/08/11,China,cmcgregor6f@google.co.jp,+86 (172) 534-0658
Hamil,Worham,Shalang,1960/04/29,China,hworham6g@merriam-webster.com,+86 (309) 399-3550
Brock,Leishman,Vila Boa do Bispo,1974/10/04,Portugal,bleishman6h@mashable.com,+351 (548) 178-6359
Tomasine,Coll,Burūm,1955/02/08,Yemen,tcoll6i@etsy.com,+967 (635) 414-7830
Isac,Stratten,Shixi,1975/01/15,China,istratten6j@google.pl,+86 (809) 653-0703
Clementina,Matas,Hamilton,1963/05/13,New Zealand,cmatas6k@goo.gl,+64 (935) 916-3573
Bambie,Beausang,Thiès Nones,1974/12/12,Senegal,bbeausang6l@123-reg.co.uk,+221 (680) 283-7546
Bret,Mines,Olupona,1997/07/25,Nigeria,bmines6m@imdb.com,+234 (785) 733-0731
Bethena,Loseby,Bzou,1975/06/21,Morocco,bloseby6n@seattletimes.com,+212 (325) 613-6959
Irwinn,Gabbatt,Jiapeng,1966/08/24,China,igabbatt6o@tripadvisor.com,+86 (300) 182-8496
Michale,Goldin,Patea,1957/07/30,New Zealand,mgoldin6p@ehow.com,+64 (307) 377-7881
Krissy,Tremayle,Jiandou,1997/12/11,China,,+86 (115) 667-3977
Kennedy,Byforth,Ranchuelo,1999/09/16,Cuba,kbyforth6r@usnews.com,+53 (389) 886-5958
Gusti,Britto,,,,gbritto6s@symantec.com,
Dyann,Geistmann,Kisarazu,1954/03/15,Japan,dgeistmann6t@army.mil,+81 (285) 818-8121
Riki,Tremontana,,,,rtremontana6u@cdc.gov,
Johnath,Woolner,Ust-Maya,1954/06/26,Russia,jwoolner6v@phoca.cz,+7 (748) 951-6882
Tatum,Barukh,Steinkjer,1951/02/01,Norway,tbarukh6w@google.com.hk,+47 (242) 601-0866
Goober,Clamo,Segovia,1958/05/23,Colombia,gclamo6x@wordpress.org,+57 (988) 987-5479
Leo,Bunny,Cipatujah,1953/06/07,Indonesia,lbunny6y@census.gov,+62 (640) 206-2747
Jesse,Beneix,Penggakrajeng,1970/03/23,Indonesia,jbeneix6z@usa.gov,+62 (508) 604-1583
Katinka,Edgeson,Madaoua,1970/07/29,Niger,kedgeson70@sohu.com,+227 (932) 983-7613
Gordie,Masarrat,Ambovombe,1953/06/16,Madagascar,gmasarrat71@exblog.jp,+261 (883) 432-6803
Tymon,Giacoboni,Klinan,1952/03/18,Philippines,tgiacoboni72@utexas.edu,+63 (150) 869-2599
Paulie,Wardlaw,Dokuchayevs’k,1997/02/11,Ukraine,,+380 (499) 414-9047
Sylvan,Pencost,Sanbao,1963/02/05,China,,+86 (952) 104-1988
Gannie,Rollo,Ganquan,1965/12/10,China,,+86 (856) 769-7786
Delmer,Eacle,Ujung Gading,1997/03/12,Indonesia,deacle76@abc.net.au,+62 (227) 389-8950
Grenville,Biggen,Niaohe,1994/03/15,China,gbiggen77@oracle.com,+86 (784) 159-4356
Beaufort,Clubley,Fundación,1951/05/27,Colombia,bclubley78@reuters.com,+57 (839) 962-8546
Bernard,Allsobrook,Heshi,1979/05/11,China,ballsobrook79@sitemeter.com,+86 (365) 550-1960
Aland,Tocknell,Kamalasai,1990/01/29,Thailand,atocknell7a@ibm.com,+66 (941) 766-3577
Noelle,Taberer,Digkilaan,1966/03/18,Philippines,ntaberer7b@imgur.com,+63 (583) 332-4586
Margaret,Capron,San Antonio Oeste,1957/09/10,Argentina,mcapron7c@ning.com,+54 (609) 687-9124
Aida,Brideoke,Almeria,1999/11/11,Spain,,+34 (152) 893-7399
Nelson,Dunster,Pórto Chéli,1977/02/03,Greece,ndunster7e@mashable.com,+30 (530) 113-9322
Herold,Cahalan,Brades,1969/12/08,Montserrat,hcahalan7f@livejournal.com,+1 (121) 334-1221
Coralie,Crang,,,,ccrang7g@51.la,
Chastity,Leel,,,,cleel7h@usnews.com,
Ingeberg,Eisold,La Soledad,1993/05/12,Mexico,ieisold7i@w3.org,+52 (865) 223-4376
Lola,Verrills,San Lucas,1988/07/08,Philippines,lverrills7j@loc.gov,+63 (295) 176-4579
Fidel,Kopps,Shoushan,1976/01/24,China,fkopps7k@examiner.com,+86 (822) 926-0388
Con,Greatland,Ikhtiman,1985/12/04,Bulgaria,cgreatland7l@tripadvisor.com,+359 (999) 760-9866
Mortie,Stocken,Porto Real,1954/11/07,Brazil,,+55 (512) 655-2235
Libbi,Harkus,Fontinha,1950/12/09,Portugal,lharkus7n@senate.gov,+351 (379) 901-3245
Eunice,Diamond,Lebyazh’ye,1981/09/06,Russia,ediamond7o@businessinsider.com,+7 (621) 875-6451
Blythe,Goldman,Shënmëri,1958/02/20,Albania,bgoldman7p@squarespace.com,+355 (289) 846-4813
Gery,Allcroft,Dobre Miasto,1997/05/11,Poland,gallcroft7q@ebay.com,+48 (797) 275-0289
Tadio,Andell,San Jose,1974/04/13,Mexico,tandell7r@icq.com,+52 (353) 938-5550
Janis,McCrossan,Xianshuigu,1988/12/02,China,jmccrossan7s@utexas.edu,+86 (743) 276-3344
Lorain,Shoppee,Futian,1989/08/14,China,lshoppee7t@constantcontact.com,+86 (976) 465-3340
Marylynne,Dunn,Llaillay,1969/11/26,Chile,mdunn7u@altervista.org,+56 (595) 363-8526
Myranda,McCole,Ōtsu-shi,1983/06/30,Japan,mmccole7v@harvard.edu,+81 (478) 760-9865
Ferris,Speares,Bhairab Bāzār,1981/04/21,Bangladesh,fspeares7w@pinterest.com,+880 (876) 930-0520
Haily,Franciotti,Angkahgede,1982/11/05,Indonesia,hfranciotti7x@vimeo.com,+62 (950) 911-8603
Edd,Penburton,San Pedro,1978/11/28,Bolivia,epenburton7y@deliciousdays.com,+591 (363) 675-7936
Rutter,Conti,Xuwei,1951/04/03,China,rconti7z@ovh.net,+86 (858) 395-2878
Tomlin,Shemming,Tuwa,1992/08/05,Indonesia,tshemming80@blogger.com,+62 (162) 632-3345
Marris,Gettings,San Juan,1996/01/31,Argentina,mgettings81@youtu.be,+54 (277) 210-6723
Christal,Bainton,Loanda,1960/03/25,Brazil,cbainton82@cmu.edu,+55 (751) 783-0989
Babs,Kolakowski,Hengjie,1959/06/29,China,bkolakowski83@1und1.de,+86 (177) 834-4683
Juliann,Furniss,Baiyang,1980/12/03,China,,+86 (424) 378-3125
Rickey,Kloster,Pateh Sam,1955/02/04,Gambia,,+220 (435) 542-3625
Paolina,Van den Velde,Yinjiang,1970/06/25,China,,+86 (915) 685-0324
Paulita,Caswill,Sumber Tengah,1995/02/01,Indonesia,pcaswill87@opensource.org,+62 (519) 492-7636
Fayina,Okker,San Pedro del Paraná,1958/08/23,Paraguay,,+595 (141) 877-4986
Myron,MacGettigen,Guta,1960/06/12,China,mmacgettigen89@phoca.cz,+86 (289) 232-7370
Kinna,Bobasch,Venda Nova,1966/04/04,Portugal,,+351 (711) 920-4243
Mariele,Noen,,,,,
Shantee,Borrington,Vân Canh,1976/03/19,Vietnam,sborrington8c@posterous.com,+84 (978) 517-2533
Archer,Wingate,Independencia,1975/04/22,Mexico,,+52 (962) 864-5364
Gussy,Beamont,Ciherang,1959/07/04,Indonesia,,+62 (982) 682-7111
Syd,Trighton,Shibīn al Qanāţir,1952/01/17,Egypt,strighton8f@boston.com,+20 (624) 522-0527
Cyndia,Free,Hefu,1990/11/15,China,cfree8g@newsvine.com,+86 (925) 990-7757
Ario,Senechell,San Fernando,1986/04/09,Philippines,asenechell8h@slashdot.org,+63 (194) 756-0692
Krissie,Matieu,Bašaid,1993/01/20,Serbia,kmatieu8i@wunderground.com,+381 (721) 886-2078
Derwin,Dermot,Kórnik,1996/04/13,Poland,ddermot8j@oracle.com,+48 (275) 610-2168
Cecilia,Kisby,Chaoyangdong,1959/02/28,China,ckisby8k@spiegel.de,+86 (230) 215-6766
Ashleigh,Saby,Qitai,1960/01/02,China,asaby8l@smh.com.au,+86 (579) 696-7015
Layla,Nana,Xinning,1959/02/03,China,lnana8m@japanpost.jp,+86 (605) 987-2360
Deeann,Chawner,Borowno,1954/12/06,Poland,dchawner8n@123-reg.co.uk,+48 (213) 536-0236
Eldridge,Carverhill,Kibingo,1960/01/08,Uganda,,+256 (173) 655-8657
Jamima,Hallyburton,Tantu,1959/12/10,China,jhallyburton8p@salon.com,+86 (166) 270-7803
Ronnie,Goldes,Krasnyy Yar,1964/07/12,Russia,rgoldes8q@prnewswire.com,+7 (889) 688-7192
Meir,Cutten,Mondoteko,1960/09/01,Indonesia,mcutten8r@unicef.org,+62 (843) 622-6525
Sheppard,Goracci,Lutomiersk,1974/01/09,Poland,sgoracci8s@mlb.com,+48 (742) 928-0323
Giorgia,Deeny,Otaru,1958/04/08,Japan,gdeeny8t@china.com.cn,+81 (328) 891-0594
Ava,Mc Mechan,Courtaboeuf,1951/10/04,France,,+33 (452) 366-9886
Elihu,Moohan,Pasatan,1985/11/08,Indonesia,emoohan8v@prweb.com,+62 (452) 773-9969
Calv,Blues,Los Arcos,1995/08/10,Philippines,cblues8w@geocities.jp,+63 (392) 691-4496
Dode,Grimsditch,Matsudo,1968/10/17,Japan,dgrimsditch8x@google.it,+81 (437) 731-6229
Pernell,Diehn,Billère,1962/10/17,France,pdiehn8y@vimeo.com,+33 (346) 374-2013
Crissy,Dafter,Ngora,1976/02/25,Uganda,cdafter8z@sitemeter.com,+256 (148) 174-8221
Killie,Mudie,Opatov,1980/04/09,Czech Republic,kmudie90@geocities.jp,+420 (882) 535-6184
Blinnie,Waddie,Pangkalanbuun,1954/08/14,Indonesia,bwaddie91@pen.io,+62 (715) 114-6846
Mario,Clowton,Sekartaji,1966/12/17,Indonesia,,+62 (907) 748-9678
Towny,Waud,Santa Lucia,1975/04/06,Philippines,twaud93@umn.edu,+63 (332) 722-8285
Cale,Brockbank,General Ramírez,1978/06/28,Argentina,cbrockbank94@hexun.com,+54 (253) 200-5497
Hillary,Delue,Novotroitskaya,1963/12/31,Russia,,+7 (916) 712-0162
Saunders,Menguy,Huidong,1961/06/28,China,smenguy96@wisc.edu,+86 (616) 921-6517
Nicolai,Oertzen,Lujiao,1951/07/27,China,noertzen97@kickstarter.com,+86 (133) 551-5258
Storm,Liveley,Chalamarca,1984/12/18,Peru,,+51 (816) 384-7698
Laurence,Humbert,Ostrowite,1968/05/18,Poland,lhumbert99@delicious.com,+48 (175) 157-7985
Loutitia,Derbyshire,Bagacay,1953/02/05,Philippines,,+63 (664) 878-4520
Fonzie,Warkup,,,,fwarkup9b@shutterfly.com,
Ahmed,Brixham,Maninihon,1955/05/11,Philippines,abrixham9c@techcrunch.com,+63 (561) 314-9349
Nollie,Costen,Poshekhon’ye,1994/01/27,Russia,ncosten9d@live.com,+7 (928) 376-6477
Edgar,Ambridge,Kongjiafang,1985/08/25,China,eambridge9e@jimdo.com,+86 (213) 772-1619
Grover,Matthieson,Jinanten,1977/12/16,Indonesia,,+62 (865) 555-3566
Allen,McRobb,Andros Town,1980/07/23,Bahamas,amcrobb9g@infoseek.co.jp,+1 (865) 248-7325
Shandy,Whiskin,Lisewo,1956/02/17,Poland,swhiskin9h@eepurl.com,+48 (865) 273-4824
Kimmy,Boecke,Stryków,1996/07/09,Poland,kboecke9i@sourceforge.net,+48 (161) 259-2782
Stephana,Michelmore,Caála,1964/02/17,Angola,smichelmore9j@surveymonkey.com,+244 (139) 822-9131
Stacey,Dymond,Chalcos,1961/08/03,Peru,sdymond9k@wordpress.com,+51 (571) 174-6763
Geoff,Comley,Patía,1958/03/18,Colombia,gcomley9l@cmu.edu,+57 (841) 749-8686
Fiona,Rogger,Prochnookopskaya,1982/02/06,Russia,frogger9m@nationalgeographic.com,+7 (851) 858-9721
Thedrick,Corradini,Aguas Corrientes,1996/12/18,Uruguay,tcorradini9n@is.gd,+598 (695) 227-1395
Ronald,Pusill,Jiantang,1977/07/14,China,rpusill9o@4shared.com,+86 (856) 852-6721
Wain,Normanell,Sonsón,1963/12/11,Colombia,wnormanell9p@angelfire.com,+57 (646) 598-4643
Desdemona,Rouchy,,,,drouchy9q@goodreads.com,
Winne,Offord,Ma’an,1988/09/22,China,wofford9r@alexa.com,+86 (790) 901-9515
Lillian,Rego,Krajan Ngrambingan,1987/05/01,Indonesia,lrego9s@nymag.com,+62 (890) 539-5832
Loretta,McGrail,Marcara,1980/07/04,Peru,,+51 (494) 132-0111
Court,Stert,Vlorë,1977/03/23,Albania,cstert9u@imageshack.us,+355 (241) 715-0150
Bidget,Beinisch,Philadelphia,1953/07/15,United States,bbeinisch9v@nytimes.com,+1 (267) 549-3178
Garek,Couper,Chaoyang,1987/01/18,China,,+86 (575) 475-9438
Judy,Damant,Nūr,1963/03/13,Iran,,+98 (582) 771-1401
Rance,Tackle,Benghazi,1997/03/15,Libya,rtackle9y@goodreads.com,+218 (548) 165-0648
Eal,Haggerstone,Vänersborg,1998/11/03,Sweden,ehaggerstone9z@answers.com,+46 (357) 609-3872
Lenette,Dumingos,Cedynia,1971/04/28,Poland,ldumingosa0@redcross.org,+48 (649) 269-4171
Lynea,Govinlock,Strabychovo,1951/01/24,Ukraine,lgovinlocka1@dion.ne.jp,+380 (688) 244-3031
Rachel,Janovsky,Descalvado,1954/02/16,Brazil,rjanovskya2@paypal.com,+55 (379) 880-0502
Ally,MacGiolla,Dongfu,1979/04/29,China,amacgiollaa3@addthis.com,+86 (465) 400-5914
Gusti,Paul,Roshal’,1983/10/24,Russia,,+7 (959) 631-5084
Claudius,Rosencrantz,Solana,1961/10/18,Philippines,,+63 (895) 768-7768
Vyky,Jerzycowski,Grästorp,1979/10/16,Sweden,vjerzycowskia6@themeforest.net,+46 (520) 189-9563
Alyda,Weaving,Chimichagua,1992/10/10,Colombia,aweavinga7@networksolutions.com,+57 (198) 552-5713
Richard,Bramont,Berlin,1960/08/30,Germany,rbramonta8@ca.gov,+49 (616) 438-8196
Tirrell,Behrendsen,Kimhae,1996/03/24,South Korea,tbehrendsena9@hatena.ne.jp,+82 (586) 243-7022
Kate,Everist,Monkey Hill,1956/04/24,Saint Kitts and Nevis,keveristaa@narod.ru,+1 (696) 175-2106
Bonnibelle,Wisbey,Karanglo,1962/11/30,Indonesia,bwisbeyab@ucoz.ru,+62 (892) 580-6177
Lorant,Relfe,Nishinoomote,1962/05/03,Japan,lrelfeac@examiner.com,+81 (786) 210-9280
Rad,O'Hannay,Kolbudy,1967/07/20,Poland,rohannayad@wix.com,+48 (527) 453-2435
Ardelis,Carlisle,Shantou,1963/06/01,China,acarlisleae@e-recht24.de,+86 (139) 338-3757
Maiga,Grigoliis,Guiuan,1958/10/07,Philippines,mgrigoliisaf@sakura.ne.jp,+63 (353) 934-2124
Sergeant,Bastin,Mbomba,1955/11/13,Indonesia,sbastinag@qq.com,+62 (547) 221-4473
Winnifred,Dolden,Chřibská,1955/03/12,Czech Republic,wdoldenah@discovery.com,+420 (940) 666-6327
Chickie,Allner,Xingyi,1984/02/03,China,callnerai@wisc.edu,+86 (567) 946-5642
Ivie,Friedlos,Lodoyo,1998/05/05,Indonesia,ifriedlosaj@ucla.edu,+62 (165) 844-9920
Marcelo,Swin,Veshnyaki,1989/07/28,Russia,mswinak@intel.com,+7 (156) 709-8326
Harald,Tutill,Shilong,1959/03/07,China,htutillal@huffingtonpost.com,+86 (539) 738-6550
Farrell,Count,Kiikala,1960/11/27,Finland,fcountam@springer.com,+358 (641) 775-4209
Manfred,Roset,Hexing,1959/06/19,China,mrosetan@simplemachines.org,+86 (741) 931-4209
Corabella,Boom,Miao’ertan,1996/03/25,China,cboomao@ocn.ne.jp,+86 (975) 678-9955
Kristien,Sarver,Yeping,1970/11/03,China,ksarverap@paginegialle.it,+86 (577) 942-2212
Melissa,MacPeake,Serebryanyye Prudy,1983/07/07,Russia,mmacpeakeaq@domainmarket.com,+7 (802) 648-0091
Malynda,Maudsley,Vyritsa,1978/04/03,Russia,mmaudsleyar@vinaora.com,+7 (531) 933-2721
Sharline,Uccello,Nesterovskaya,1957/08/27,Russia,succelloas@bluehost.com,+7 (829) 619-9752
Bo,Kingdom,Lavrica,1964/12/26,Slovenia,bkingdomat@go.com,+386 (560) 812-7704
Rianon,Pitblado,Gaojia,1956/02/13,China,rpitbladoau@fema.gov,+86 (236) 834-9906
Ezequiel,Rowler,Rio Bonito,1962/04/24,Brazil,erowlerav@amazon.co.uk,+55 (440) 289-4266
Tristan,Philimore,Youhua,1990/02/26,China,tphilimoreaw@princeton.edu,+86 (420) 861-3334
Ber,Byass,Łąka Prudnicka,1999/02/18,Poland,bbyassax@qq.com,+48 (775) 120-8035
Randa,Canto,Trbovlje,1957/11/07,Slovenia,rcantoay@hubpages.com,+386 (414) 498-4975
Gerick,Springle,Afonsoeiro,1963/04/16,Portugal,gspringleaz@reverbnation.com,+351 (756) 499-2006
Shirley,Tutt,Hato Mayor del Rey,1958/04/16,Dominican Republic,stuttb0@wisc.edu,+1 (219) 124-0642
Wyatan,Gallienne,Jasienica Rosielna,1970/05/10,Poland,wgallienneb1@google.fr,+48 (275) 212-5167
Annadiana,Stubbs,Chengnan,1980/04/10,China,astubbsb2@smh.com.au,+86 (610) 631-9236
Kip,Ghione,Lipnica Wielka,1987/09/01,Poland,kghioneb3@boston.com,+48 (824) 942-5585
Kelcie,Snelling,Taokeng,1975/12/20,China,ksnellingb4@usgs.gov,+86 (110) 915-2035
Remus,Brugh,Tashla,1957/03/02,Russia,rbrughb5@ameblo.jp,+7 (554) 967-8632
Thorin,Delort,Luodong,1967/09/22,China,tdelortb6@miibeian.gov.cn,+86 (824) 926-3734
Cammy,Tuckerman,Shayuan,1992/03/16,China,ctuckermanb7@go.com,+86 (151) 279-8988
Jennilee,Butchart,Cikabuyutan Barat,1963/07/31,Indonesia,jbutchartb8@dmoz.org,+62 (332) 931-1258
Clywd,Sheddan,Eleftheroúpolis,1999/12/31,Greece,csheddanb9@mlb.com,+30 (523) 169-5975
Jaquelyn,Maurice,Pochuta,1995/10/02,Guatemala,jmauriceba@indiegogo.com,+502 (939) 475-5722
Philis,Semple,Isla Pucú,1995/07/21,Paraguay,,+595 (325) 923-4639
Marieann,Dayly,Boavista,1982/12/23,Portugal,mdaylybc@comcast.net,+351 (762) 249-8527
Cazzie,Pound,Lófos,1981/09/05,Greece,,+30 (363) 726-3521
Allene,Benedtti,Šluknov,1987/10/23,Czech Republic,abenedttibe@newyorker.com,+420 (979) 329-2058
Jessika,Stranaghan,Pedreira,1982/04/14,Portugal,jstranaghanbf@artisteer.com,+351 (441) 382-9085
Brucie,Gobolos,Santa Maria,1957/09/21,Philippines,bgobolosbg@europa.eu,+63 (107) 365-2838
Celka,Morrill,Veinticinco de Mayo,1955/03/27,Argentina,cmorrillbh@jugem.jp,+54 (816) 238-2257
Cathleen,Larchiere,Trà Ôn,1995/10/02,Vietnam,clarchierebi@businesswire.com,+84 (538) 625-5758
Nataline,McKimm,Jinan,1987/09/17,China,nmckimmbj@gov.uk,+86 (519) 438-6796
Lonnie,Bee,Huizhou,1955/05/02,China,lbeebk@digg.com,+86 (832) 974-3462
Ashla,Ringwood,Yagoua,1980/06/30,Cameroon,aringwoodbl@dell.com,+237 (655) 225-8614
Clim,Addison,Miharu,1989/08/04,Japan,caddisonbm@toplist.cz,+81 (812) 995-4949
Tess,Talby,Kagal’nitskaya,1981/02/23,Russia,ttalbybn@dyndns.org,+7 (821) 920-7043
Carney,Conre,Pinheiro,1985/02/22,Portugal,cconrebo@w3.org,+351 (598) 876-8701
Ilse,Brunel,Angoulême,1967/08/04,France,,+33 (350) 680-8922
Geoffrey,Vowels,Cavaillon,1969/12/09,France,gvowelsbq@google.de,+33 (529) 471-6560
Isabella,Fann,Naqadeh,1961/06/22,Iran,ifannbr@fotki.com,+98 (223) 361-5675
Millard,Dolle,Chenguang,1982/05/08,China,mdollebs@springer.com,+86 (306) 778-7600
Bridie,Matelyunas,Gaigeturi,1976/04/28,South Korea,bmatelyunasbt@moonfruit.com,+82 (729) 841-9080
Lovell,Triggol,Zeewolde,1972/03/11,Netherlands,ltriggolbu@earthlink.net,+31 (697) 246-5326
Budd,Cammacke,Fuxing,1952/12/19,China,bcammackebv@psu.edu,+86 (486) 369-5831
Randie,Domoney,Siemiechów,1978/08/07,Poland,rdomoneybw@quantcast.com,+48 (433) 735-9977
John,Skittles,Stará Huť,1976/03/13,Czech Republic,jskittlesbx@sakura.ne.jp,+420 (440) 514-4775
Eddie,Kohrt,,,,,
Adriano,Danson,Kakaek,1955/11/26,Indonesia,,+62 (898) 639-4492
Hilton,Leonida,Jorok Dalam,1990/09/20,Indonesia,hleonidac0@vistaprint.com,+62 (296) 189-8770
Godfrey,Adrienne,Byera Village,1964/01/13,Saint Vincent and the Grenadines,gadriennec1@linkedin.com,+1 (176) 238-1280
Christopher,Mingaud,Zhalinghu,1985/03/31,China,cmingaudc2@prnewswire.com,+86 (665) 807-5981
Ab,Dentith,Guaratuba,1984/02/16,Brazil,adentithc3@fastcompany.com,+55 (314) 872-7529
Cly,Chimes,Santa Cruz del Quiché,1983/11/19,Guatemala,cchimesc4@washingtonpost.com,+502 (307) 403-8978
Shep,Broek,Caacupé,1993/10/24,Paraguay,sbroekc5@nytimes.com,+595 (625) 776-1132
Lana,Minihane,Santa Rita,1953/09/08,Mexico,lminihanec6@tamu.edu,+52 (470) 409-3723
Avie,Damiral,Dallas,1974/11/11,United States,,+1 (214) 772-8509
Hayden,Cuss,Datar,1954/08/04,Indonesia,hcussc8@ovh.net,+62 (881) 334-8920
Leontyne,Foulsham,Putrajaya,1973/12/07,Malaysia,,+60 (986) 232-2155
Chrissie,Carlan,,,,ccarlanca@hao123.com,
Natka,Bavage,Quebracho,1976/09/05,Uruguay,nbavagecb@tumblr.com,+598 (605) 748-9810
Sydel,Elderfield,Itapema,1954/02/18,Brazil,selderfieldcc@bbc.co.uk,+55 (355) 849-5998
Horace,Hintzer,,,,hhintzercd@lulu.com,
Berrie,Hurkett,San Jose,1957/04/05,Mexico,,+52 (762) 173-1717
Paten,Simkins,Wola Sernicka,1978/04/30,Poland,psimkinscf@is.gd,+48 (201) 805-5302
Zelig,Benkin,Hovorany,1994/11/27,Czech Republic,zbenkincg@yahoo.com,+420 (374) 760-8334
Nollie,Figure,Anjirserapat,1975/10/18,Indonesia,nfigurech@cdc.gov,+62 (909) 592-6339
Kyla,Clopton,Heshan,1965/02/20,China,kcloptonci@imdb.com,+86 (268) 686-6570
Geneva,Aldersley,Greensboro,1973/10/01,United States,galdersleycj@marketwatch.com,+1 (336) 399-7374
Yoshi,O'Scandall,Evijärvi,1978/11/30,Finland,yoscandallck@nyu.edu,+358 (627) 448-5422
Nari,Lightbown,Papakura,1996/11/20,New Zealand,nlightbowncl@wisc.edu,+64 (732) 597-6978
Dyanne,Grover,Banjar Triwangsakeliki,1962/06/22,Indonesia,dgrovercm@spotify.com,+62 (737) 795-4873
Guenevere,Keemar,Paris 13,1993/12/27,France,gkeemarcn@bandcamp.com,+33 (698) 801-2248
Huberto,Adamek,Kyzyldzhar,1964/01/11,Uzbekistan,hadamekco@wordpress.org,+998 (217) 212-2522
Benedicta,Niblock,Ōmuta,1999/07/27,Japan,,+81 (718) 237-3187
Carena,Fountain,Guangyi,1961/01/02,China,cfountaincq@uol.com.br,+86 (374) 154-5256
Madelon,Huyhton,Ajoyani,1956/02/10,Peru,mhuyhtoncr@discuz.net,+51 (476) 567-4463
Edgard,Clemensen,Privolzhskiy,1956/04/26,Russia,eclemensencs@taobao.com,+7 (141) 847-0805
Jacquenetta,Eckh,Hässleholm,1988/04/27,Sweden,jeckhct@skype.com,+46 (857) 337-3325
Peyter,Buckthought,Tsukuba,1977/02/15,Japan,pbuckthoughtcu@ucla.edu,+81 (502) 472-0263
Loleta,O'Leahy,Rusnė,1987/01/01,Lithuania,loleahycv@stanford.edu,+370 (677) 406-3281
Aretha,Aris,Az Zintān,1998/10/11,Libya,aariscw@fda.gov,+218 (538) 197-5276
Georgette,Bour,Sitampiky,1955/07/02,Madagascar,,+261 (534) 882-7534
Vivie,Langdridge,Lanchyn,1963/12/06,Ukraine,vlangdridgecy@elegantthemes.com,+380 (384) 361-8984
Welbie,Sallery,Balucuc,1956/11/22,Philippines,wsallerycz@sourceforge.net,+63 (262) 509-7382
Enoch,Asch,Toungo,1976/07/10,Nigeria,easchd0@goodreads.com,+234 (124) 873-1342
Rosaleen,Hardman,Laoqiao,1985/08/05,China,rhardmand1@alexa.com,+86 (327) 531-1689
Deloria,Lineham,Ambatondrazaka,1991/03/25,Madagascar,dlinehamd2@nymag.com,+261 (231) 282-4284
Gunilla,Rousel,Sīnah,1970/11/16,Iraq,,+964 (378) 184-4452
Gasper,Hapke,Onomichi,1974/12/31,Japan,,+81 (658) 870-8599
Vitoria,Baseke,Bašaid,1962/02/04,Serbia,vbaseked5@sbwire.com,+381 (653) 399-8132
Roddie,Rides,Río Tercero,1965/10/08,Argentina,rridesd6@plala.or.jp,+54 (310) 517-1739
Savina,Sherel,Staromyshastovskaya,1974/01/26,Russia,sshereld7@un.org,+7 (865) 720-3841
Kristina,Dory,Gromnik,1998/02/21,Poland,kdoryd8@bbc.co.uk,+48 (583) 928-3733
Laughton,Alten,Patrang,1967/01/26,Indonesia,laltend9@digg.com,+62 (570) 611-5633
Truman,Iddons,Qiulu,1962/04/29,China,tiddonsda@java.com,+86 (877) 407-7187
Dolph,Kulis,,,,,
Julissa,Yoell,Qidu,1992/07/12,China,,+86 (968) 137-9548
Dal,Sainte Paul,Paphos,1957/08/25,Cyprus,dsaintepauldd@artisteer.com,+357 (607) 229-6799
Porter,Deeves,Jagupit,1964/05/24,Philippines,pdeevesde@ow.ly,+63 (603) 137-9314
Virgil,Chatel,Torzhok,1967/08/03,Russia,vchateldf@sohu.com,+7 (835) 348-1748
Shelagh,Gove,Banturkrajan,1988/12/28,Indonesia,sgovedg@free.fr,+62 (807) 752-0779
Heriberto,Potteridge,Gununglarang,1991/10/18,Indonesia,hpotteridgedh@t-online.de,+62 (719) 772-0489
Frederick,Trowsdall,Bender,1966/07/14,Moldova,ftrowsdalldi@t.co,+373 (804) 848-4308
Linda,Crowcum,Londrina,1999/07/05,Brazil,lcrowcumdj@hp.com,+55 (199) 937-2634
Daron,Slograve,Tongtuan,1983/02/12,China,dslogravedk@who.int,+86 (789) 391-6685
Willetta,Robertis,,,,wrobertisdl@posterous.com,
Fallon,Orwin,Ganshui,1973/08/27,China,forwindm@yolasite.com,+86 (721) 311-3428
Michell,Ference,Cahuanuyo,1993/05/19,Peru,,+51 (984) 895-8363
Tadio,Verryan,Beauvais,1992/09/12,France,tverryando@mozilla.org,+33 (862) 201-4620
Janos,Siaspinski,Coutances,1985/04/30,France,jsiaspinskidp@vinaora.com,+33 (995) 958-1020
Nollie,Osgodby,Kvasy,1976/06/23,Ukraine,nosgodbydq@jimdo.com,+380 (263) 701-8650
Clair,Ricci,Sangiyn Dalay,1955/07/07,Mongolia,criccidr@woothemes.com,+976 (206) 279-4339
Sonja,Makeswell,Roissy Charles-de-Gaulle,1960/10/02,France,smakeswellds@auda.org.au,+33 (341) 126-9734
Ingra,Martignon,Watulumbung,1950/03/22,Indonesia,,+62 (149) 349-2025
Kendricks,Suff,Ljungskile,1966/07/20,Sweden,ksuffdu@php.net,+46 (660) 956-8052
Prissie,Rzehor,Pucallpa,1975/01/09,Peru,przehordv@lycos.com,+51 (872) 515-5551
Ainslie,Van der Hoven,Pessac,1955/09/30,France,avanderhovendw@ihg.com,+33 (652) 720-7159
Lyle,Dracksford,Xinxiang,1996/09/05,China,ldracksforddx@foxnews.com,+86 (606) 330-2507
Lorita,Menelaws,Węgierska Górka,1999/11/24,Poland,,+48 (407) 672-7778
Shauna,Newham,Al Ḩarf,1998/11/03,Yemen,snewhamdz@reuters.com,+967 (390) 326-9419
Wilhelmine,Seint,Duraykīsh,1956/06/05,Syria,wseinte0@wisc.edu,+963 (303) 807-7132
Corey,Wewell,Bukid,1979/05/10,Philippines,cwewelle1@joomla.org,+63 (124) 980-0347
Tersina,Harrowell,Phu Phiang,1983/08/18,Thailand,tharrowelle2@weather.com,+66 (911) 443-2357
Arabela,Sansun,Casal Galego,1992/02/28,Portugal,asansune3@google.nl,+351 (542) 917-7253
Carl,Gristwood,Wushan,1960/07/02,China,cgristwoode4@cloudflare.com,+86 (571) 801-5748
Huntlee,Pfeuffer,Meybod,1978/08/03,Iran,hpfeuffere5@answers.com,+98 (697) 917-4119
Melli,Horsewood,Uinskoye,1955/02/06,Russia,mhorsewoode6@pinterest.com,+7 (255) 842-6617
Ronalda,Cathee,Shuitian,1990/12/29,China,rcatheee7@nba.com,+86 (763) 969-9259
Moyna,Flexman,San Carlos,1950/02/27,Peru,mflexmane8@nbcnews.com,+51 (551) 712-7112
Greer,Ferencowicz,Kaoma,1980/07/20,Zambia,gferencowicze9@canalblog.com,+260 (636) 165-0348
Skyler,Willoughley,Tongbang,1989/10/22,Indonesia,swilloughleyea@about.com,+62 (677) 985-0738
Nikolaos,Knottley,Chicago,1980/06/05,United States,nknottleyeb@flavors.me,+1 (312) 147-5402
Elmer,Ritch,Krajan Joho,1996/09/04,Indonesia,,+62 (101) 728-2949
Sibelle,Beedle,Ravne,1994/03/24,Slovenia,sbeedleed@apple.com,+386 (264) 642-6950
Ambrosio,Sysland,Monteros,1976/11/12,Argentina,asyslandee@cisco.com,+54 (344) 430-3737
Karon,Lagen,Diavatá,1998/12/05,Greece,klagenef@fema.gov,+30 (867) 804-1414
Hollyanne,Le Lievre,Chyżne,1998/01/12,Poland,,+48 (426) 211-3706
Derril,Dufer,Al Jamīmah,1972/07/23,Yemen,ddufereh@exblog.jp,+967 (279) 645-1618
Sol,Birk,Tabuaço,1980/11/19,Portugal,sbirkei@amazon.com,+351 (476) 822-1716
Arlyne,Cottisford,Dřiteň,1971/06/17,Czech Republic,acottisfordej@ted.com,+420 (996) 402-3796
Austen,Clemot,Tola,1951/09/09,Nicaragua,,+505 (682) 271-8485
Gery,Ginner,Rogongon,1964/07/12,Philippines,gginnerel@bluehost.com,+63 (342) 654-0473
Pasquale,Brotherton,Dongfeng,1957/07/06,China,pbrothertonem@businesswire.com,+86 (932) 472-8854
Roseann,Bumphrey,Saverne,1950/11/26,France,,+33 (548) 526-3728
Waverley,Paydon,Kutapanjang,1952/09/06,Indonesia,wpaydoneo@paginegialle.it,+62 (500) 650-4054
Ban,Doumic,Albania,1973/07/29,Colombia,,+57 (233) 366-3299
Carlynn,Scryne,Khorramdarreh,1951/09/07,Iran,,+98 (351) 868-4136
Simonne,Bunclark,Zherdevka,1987/12/03,Russia,sbunclarker@ft.com,+7 (282) 742-7417
Isidore,Leethem,Cilegi,1975/03/07,Indonesia,,+62 (885) 537-7439
Shelden,Demead,Madjeouéni,1970/05/21,Comoros,,+269 (531) 149-6962
Kaile,Collymore,Heishui,1989/11/20,China,kcollymoreeu@topsy.com,+86 (181) 881-5794
Natty,Rodmell,Besisahar,1987/02/08,Nepal,nrodmellev@telegraph.co.uk,+977 (185) 636-4372
Dorice,Bowne,Indianapolis,1998/07/24,United States,dbowneew@amazon.co.jp,+1 (317) 935-8498
Angeline,Powelee,Courbevoie,1968/04/08,France,apoweleeex@ucoz.ru,+33 (103) 611-4324
Terence,Beeden,Tidaholm,1992/03/26,Sweden,tbeedeney@shutterfly.com,+46 (602) 716-6240
Rubie,Dullard,Banjar Baleagung,1952/11/13,Indonesia,rdullardez@shinystat.com,+62 (363) 934-6422
Britte,Inge,,,,bingef0@google.com,
Charmaine,Mourant,Shangcun,1995/03/24,China,cmourantf1@yolasite.com,+86 (605) 401-6409
Brinn,Bruce,Gandzak,1956/11/29,Armenia,bbrucef2@symantec.com,+374 (310) 847-8832
Jaclyn,Phelipeaux,Rushanzhai,1958/02/06,China,,+86 (258) 987-6083
Norri,Davidesco,Tessaoua,1978/02/02,Niger,ndavidescof4@ifeng.com,+227 (788) 841-6491
Lisetta,Coraini,Liuyuan,1994/04/14,China,lcorainif5@un.org,+86 (674) 534-3336
Dyan,Farragher,Vrilissia,1996/12/17,Greece,dfarragherf6@purevolume.com,+30 (881) 686-7868
Onfroi,Massot,Tangjiawan,1979/10/19,China,,+86 (266) 420-1207
Dinnie,Palke,Lucija,1963/05/01,Slovenia,dpalkef8@artisteer.com,+386 (901) 435-1259
Michelle,Greger,Dongmazar,1963/02/10,China,mgregerf9@utexas.edu,+86 (861) 123-5220
Innis,Shildrake,Jefferson City,1954/12/30,United States,ishildrakefa@networksolutions.com,+1 (573) 898-8789
Catlin,Robeson,Kotsyubyns’ke,1978/02/15,Ukraine,crobesonfb@unicef.org,+380 (620) 220-4009
Timothea,Piotrkowski,Pubal,1977/07/21,South Korea,tpiotrkowskifc@networksolutions.com,+82 (418) 790-6631
Jessy,Basler,Sirdaryo,1966/11/01,Uzbekistan,jbaslerfd@amazon.co.uk,+998 (324) 194-9659
Nathanial,Drury,Teryayevo,1981/03/05,Russia,ndruryfe@purevolume.com,+7 (284) 222-7264
Justinn,Aleksandrikin,Olofström,1993/11/20,Sweden,jaleksandrikinff@taobao.com,+46 (515) 797-1389
Moria,Prudence,Niedźwiedź,1995/02/19,Poland,mprudencefg@who.int,+48 (394) 680-8324
Frankie,June,Jiangkou,1964/03/17,China,fjunefh@histats.com,+86 (905) 444-1721
Elberta,Berwick,Hofors,1955/12/01,Sweden,eberwickfi@bbb.org,+46 (205) 389-2646
Gavan,Mewe,Vohipaho,1982/03/02,Madagascar,gmewefj@patch.com,+261 (995) 466-9186
Emma,Heavy,Huangtugang,1994/09/11,China,eheavyfk@sun.com,+86 (165) 763-8253
Muriel,Sydes,Sidaharja,1985/11/25,Indonesia,msydesfl@amazon.co.uk,+62 (856) 784-5201
Darcy,MacKettrick,Xarrë,1952/09/20,Albania,dmackettrickfm@newsvine.com,+355 (901) 444-8484
Bentlee,Arnaudot,Siteki,1993/07/18,Swaziland,barnaudotfn@nps.gov,+268 (561) 664-3676
Kaleena,De la Harpe,Salon-de-Provence,1981/07/10,France,kdelaharpefo@cbc.ca,+33 (775) 635-4785
Joe,Parlor,Terney,1994/11/11,Russia,jparlorfp@alexa.com,+7 (804) 179-7545
Humfrey,Lohering,,,,hloheringfq@yandex.ru,
Eden,Saye,Mlangali,1970/06/22,Tanzania,esayefr@patch.com,+255 (240) 815-6579
Lizette,Sedgefield,Äänekoski,1961/03/13,Finland,,+358 (617) 540-3768
Kelsi,Kerrod,Benger,1957/03/31,Indonesia,kkerrodft@soup.io,+62 (343) 978-7014
Malory,Prazer,Portalegre,1963/10/21,Portugal,mprazerfu@tamu.edu,+351 (650) 746-8379
Kelila,O'Docherty,Skövde,1987/11/29,Sweden,kodochertyfv@boston.com,+46 (716) 493-3786
Babbie,Loy,Huertas,1974/07/23,Peru,bloyfw@theguardian.com,+51 (480) 518-5165
Steffie,Crutchley,Silao,1950/10/24,China,scrutchleyfx@dailymail.co.uk,+86 (733) 361-1907
Modesty,McAndie,Cibangban Girang,1981/05/11,Indonesia,mmcandiefy@cdc.gov,+62 (412) 153-7892
Niki,Frogley,Fonte Boa dos Nabos,1952/03/17,Portugal,nfrogleyfz@bigcartel.com,+351 (997) 395-6161
Giovanni,Bertholin,Pyhäntä,1981/10/01,Finland,gbertholing0@imdb.com,+358 (702) 191-7505
Louisette,Georgeau,Teixoso,1977/12/12,Portugal,lgeorgeaug1@jiathis.com,+351 (545) 544-1108
Christie,McVicar,Mbaïki,1991/07/24,Central African Republic,,+236 (327) 223-4765
Jerrylee,McIlvenny,Jardim da Serra,1958/09/22,Portugal,jmcilvennyg3@sogou.com,+351 (372) 839-0320
Correna,Kneale,Pataha,1950/03/20,Indonesia,cknealeg4@howstuffworks.com,+62 (960) 337-3543
Tamar,Arnet,San Juan,1955/06/17,Puerto Rico,tarnetg5@netvibes.com,+1 (318) 335-8001
Noelle,Fernando,Mytishchi,1953/08/24,Russia,nfernandog6@harvard.edu,+7 (532) 676-1717
Alexine,Hartlebury,Akita,1967/06/02,Japan,ahartleburyg7@marketwatch.com,+81 (876) 655-9167
Emmey,Barajaz,Montgomery,1961/03/21,United States,ebarajazg8@dmoz.org,+1 (334) 703-3400
Welbie,Setchfield,Haruai,1978/08/29,Indonesia,wsetchfieldg9@reddit.com,+62 (931) 256-1869
Tan,Pudden,Chichibu,1953/07/02,Japan,tpuddenga@51.la,+81 (631) 232-2215
Sheela,McKellen,Slavs’ke,1991/10/24,Ukraine,smckellengb@miibeian.gov.cn,+380 (575) 995-0156
Maje,Morl,Phu Loc,1999/01/16,Vietnam,,+84 (210) 497-3015
Kassia,Philippon,Öndörhoshuu,1979/11/15,Mongolia,kphilippongd@whitehouse.gov,+976 (624) 237-9848
Vasilis,Harcourt,Segodim,1988/06/14,Portugal,vharcourtge@ocn.ne.jp,+351 (361) 702-8225
Bernice,McFetrich,Taiping,1969/01/27,China,bmcfetrichgf@hugedomains.com,+86 (439) 876-7984
Marney,Speke,Trzciana,1963/02/01,Poland,mspekegg@biblegateway.com,+48 (794) 457-5356
Siouxie,Laybourn,Novoshakhtinsk,1966/05/26,Russia,slaybourngh@chicagotribune.com,+7 (432) 668-3941
Hermy,Lamb,Paseh,1981/12/18,Indonesia,hlambgi@cornell.edu,+62 (626) 788-7094
Petronille,Lockley,Kotli Lohārān,1957/09/04,Pakistan,,+92 (624) 337-4098
Averil,MacAree,Voskresenskoye,1985/03/19,Russia,amacareegk@zdnet.com,+7 (646) 585-3095
Jeniece,Emlyn,Swan Hills,1965/12/20,Canada,jemlyngl@linkedin.com,+1 (503) 671-9189
Dorene,Deegan,Kurgan,1989/11/03,Russia,ddeegangm@ifeng.com,+7 (126) 811-9511
Rudd,Bezley,Garanhuns,1957/12/12,Brazil,rbezleygn@vistaprint.com,+55 (411) 230-4344
Almire,Freire,Krajan Sidodadi,1999/09/02,Indonesia,afreirego@dion.ne.jp,+62 (302) 705-1362
Odele,Castleton,Ängelholm,1982/02/09,Sweden,ocastletongp@slideshare.net,+46 (172) 652-8936
Vinny,Lagne,Parung,1962/07/13,Indonesia,vlagnegq@domainmarket.com,+62 (848) 968-8831
Ginger,Pratte,Waina,1997/03/21,China,gprattegr@nps.gov,+86 (101) 858-3985
Pearline,Duran,Marmashen,1981/06/24,Armenia,,+374 (992) 856-5772
Malissia,McCroft,Natarleba,1959/09/23,Indonesia,,+62 (285) 991-5263
Jacques,Kernley,Kulunda,1985/06/06,Russia,jkernleygu@cafepress.com,+7 (941) 265-1977
Creight,Mawtus,Samuhú,1980/04/30,Argentina,,+54 (653) 161-3803
Erl,Ianelli,Caherconlish,1993/06/15,Ireland,eianelligw@mayoclinic.com,+353 (598) 730-9575
Gaspar,Falks,Fika,1982/07/25,Nigeria,gfalksgx@wired.com,+234 (394) 458-6505
Pedro,Burwood,Malāyer,1971/02/22,Iran,pburwoodgy@sourceforge.net,+98 (357) 204-7369
Katerina,Pierucci,Nanyaojie,1976/02/02,China,kpieruccigz@twitpic.com,+86 (537) 952-8172
Theodoric,Lomansey,,,,tlomanseyh0@mayoclinic.com,
Nickey,Costan,Martingança,1961/08/08,Portugal,ncostanh1@nature.com,+351 (536) 651-3639
Sanders,Stonall,Zhangjiafan,1961/08/31,China,sstonallh2@nydailynews.com,+86 (598) 192-8954
Hewett,Retallack,Troitskoye,1985/06/07,Russia,,+7 (362) 736-9025
Brittan,Fullbrook,Mbomba,1965/10/24,Indonesia,bfullbrookh4@auda.org.au,+62 (255) 879-1813
Sigismundo,Hollingdale,Weyburn,1994/06/03,Canada,shollingdaleh5@sitemeter.com,+1 (116) 385-8303
Dedie,Muck,Irving,1960/01/19,United States,dmuckh6@gnu.org,+1 (817) 328-1796
Marty,Dot,Biscucuy,1994/02/10,Venezuela,mdoth7@t.co,+58 (549) 908-2166
Niko,Kahler,Tietê,1968/02/06,Brazil,nkahlerh8@weebly.com,+55 (527) 137-3710
Corrine,Alner,Tudela,1964/05/13,Philippines,calnerh9@prweb.com,+63 (346) 768-2690
Heath,Leathem,Dudchany,1973/10/09,Ukraine,hleathemha@gravatar.com,+380 (632) 102-6809
Ardelia,Sussans,,,,asussanshb@skyrock.com,
Anallese,Jeaycock,Huangben,1950/07/10,China,ajeaycockhc@blogtalkradio.com,+86 (673) 526-3781
Simone,Boncoeur,Saint-Pierre,1977/04/17,Reunion,sboncoeurhd@miitbeian.gov.cn,+262 (110) 590-1312
Mar,Entissle,Longtan,1995/09/13,China,mentisslehe@prweb.com,+86 (866) 515-7733
Barbette,Schulken,Kulpin,1957/01/05,Serbia,,+381 (795) 356-3431
Janaye,Tabourin,Banyupoh,1967/07/23,Indonesia,jtabourinhg@wikia.com,+62 (620) 476-9829
Carmelita,Mendel,Ronggo,1969/10/03,Indonesia,cmendelhh@list-manage.com,+62 (901) 779-2849
Ursula,Sandyfirth,Köln,1955/12/24,Germany,usandyfirthhi@wikipedia.org,+49 (913) 712-4463
Clemmie,Dhennin,Hermanus,1959/07/24,South Africa,cdhenninhj@amazon.com,+27 (632) 656-9479
Barb,Need,Mpongwe,1982/04/06,Zambia,bneedhk@naver.com,+260 (980) 319-4281
Ricky,Renwick,Nyurba,1988/12/15,Russia,rrenwickhl@google.pl,+7 (478) 813-5990
Artie,Pym,Sinabang,1982/05/26,Indonesia,apymhm@deviantart.com,+62 (245) 133-2889
Marlena,Dannell,,,,mdannellhn@google.it,
Kass,Relph,Mogilany,1955/04/07,Poland,krelphho@ted.com,+48 (716) 942-7277
Michele,Andras,Sipocot,1986/03/11,Philippines,mandrashp@example.com,+63 (312) 941-8697
Isaiah,Farenden,Bánica,1999/08/16,Dominican Republic,ifarendenhq@pbs.org,+1 (348) 177-2253
Hardy,Calken,Ochakiv,1992/04/27,Ukraine,hcalkenhr@bigcartel.com,+380 (227) 985-6715
Camilla,St. Louis,Liljendal,1970/10/03,Finland,cstlouishs@angelfire.com,+358 (588) 218-4704
Rozanna,Dahl,Belyy Gorodok,1993/09/10,Russia,rdahlht@baidu.com,+7 (775) 306-2372
Zach,Rany,Waimangura,1963/07/06,Indonesia,zranyhu@sphinn.com,+62 (783) 136-8183
Desiree,Cairns,Itapissuma,1956/04/07,Brazil,dcairnshv@indiegogo.com,+55 (697) 494-9924
Jess,Portsmouth,,,,jportsmouthhw@parallels.com,
Ashly,Burnapp,Castanheira de Pêra,1988/02/16,Portugal,aburnapphx@about.com,+351 (724) 182-0693
Lindsey,Martinek,Nurabelen,1956/08/05,Indonesia,lmartinekhy@ibm.com,+62 (113) 376-6539
Free,Youster,Lindavista,1973/10/28,Mexico,fyousterhz@1688.com,+52 (730) 759-7388
Neila,Pate,Santo António,1994/07/20,Portugal,,+351 (543) 365-5058
Barnebas,Jacquemot,Lampa,1987/07/20,Indonesia,bjacquemoti1@dyndns.org,+62 (843) 518-7154
Arlyn,Pioch,Magisterial,1961/03/02,Mexico,apiochi2@home.pl,+52 (951) 822-7435
Lara,Nock,Baiquan,1976/05/27,China,,+86 (564) 256-7999
Mandie,Casazza,Zhongxi,1992/04/29,China,mcasazzai4@weibo.com,+86 (573) 856-3612
Hagan,Howard - Gater,Dresden,1983/05/18,Germany,hhowardgateri5@nifty.com,+49 (170) 780-7658
Valaree,Giraudel,Marapanim,1984/06/16,Brazil,vgiraudeli6@who.int,+55 (770) 705-3186
Rickie,Blondin,Zhourui,1966/04/18,China,rblondini7@shop-pro.jp,+86 (913) 283-1248
Billi,Hawkins,Samothráki,1986/01/16,Greece,bhawkinsi8@altervista.org,+30 (520) 142-9854
Diahann,Gravatt,Fort McMurray,1978/11/18,Canada,dgravatti9@chronoengine.com,+1 (515) 320-4426
Opalina,Kenvin,Mende,1967/12/11,France,,+33 (739) 314-8593
Lu,Philpott,,,,,
Prentice,Osboldstone,Kuafeu,1973/12/29,Indonesia,posboldstoneic@ucla.edu,+62 (276) 681-9409
Ruggiero,Scandrett,Buje,1979/02/07,Croatia,rscandrettid@goo.gl,+385 (426) 990-3293
Noak,Fabb,Dianzi,1961/12/23,China,nfabbie@mysql.com,+86 (293) 250-6057
Nollie,Bee,Mingcheng,1976/07/05,China,nbeeif@cnbc.com,+86 (707) 379-3614
Vilma,Revell,Semuda,1950/04/26,Indonesia,vrevellig@rambler.ru,+62 (535) 212-1956
Ailee,Semonin,Habry,1963/11/30,Czech Republic,asemoninih@washington.edu,+420 (707) 399-7890
Eliot,Bes,Birmingham,1964/07/07,United States,ebesii@vistaprint.com,+1 (205) 260-4202
Cthrine,Huggill,Komatsushimachō,1966/02/10,Japan,chuggillij@imgur.com,+81 (866) 976-7238
Sidonnie,Bezants,Banyuresmi,1959/04/10,Indonesia,sbezantsik@amazon.com,+62 (648) 740-4776
Kennedy,Spohr,Crauthem,1975/03/11,Luxembourg,kspohril@gravatar.com,+352 (709) 797-1120
Irwinn,Dawdary,Taluncemara,1981/08/06,Indonesia,idawdaryim@redcross.org,+62 (158) 196-1730
Beryle,Ferriday,Vodnjan,1978/07/05,Croatia,bferridayin@ifeng.com,+385 (445) 995-8127
Alaric,Cato,Gavrilov-Yam,1979/11/06,Russia,acatoio@angelfire.com,+7 (343) 806-3625
Charlotta,Robertot,Raposos,1965/05/25,Brazil,crobertotip@xing.com,+55 (294) 422-2404
Lorenzo,Hulle,Si Prachan,1967/02/16,Thailand,,+66 (145) 296-0744
Brandon,McMackin,Waru Selatan,1950/02/22,Indonesia,,+62 (255) 897-3227
Marianne,Clist,,,,mclistis@sphinn.com,
Phoebe,McVee,Mendeleyevsk,1985/09/26,Russia,pmcveeit@vk.com,+7 (594) 386-5596
Electra,Govan,Pittsburgh,1988/09/21,United States,egovaniu@sphinn.com,+1 (412) 764-6253
Whit,Neal,Al Qūşīyah,1988/05/06,Egypt,,+20 (618) 353-9547
Joyann,Brafield,Hulutao,1953/09/28,China,jbrafieldiw@tinypic.com,+86 (443) 549-5172
Stanleigh,Tullett,Dobryatino,1975/06/04,Russia,stullettix@php.net,+7 (563) 341-6071
Kirby,Biernat,Erong,1967/08/13,China,kbiernatiy@chicagotribune.com,+86 (244) 753-0576
Melvin,Vales,Bungbulang,1975/07/17,Indonesia,mvalesiz@comcast.net,+62 (351) 368-8568
Kalinda,Peppard,Ribeirão,1985/09/29,Portugal,kpeppardj0@upenn.edu,+351 (567) 294-9728
Eveleen,Domenici,Tonoshō,1991/12/01,Japan,edomenicij1@cafepress.com,+81 (263) 651-8163
Christalle,Choppen,Šestajovice,1969/01/02,Czech Republic,,+420 (471) 442-6682
Ann-marie,Morrish,Nevel’,1990/06/10,Russia,amorrishj3@mtv.com,+7 (327) 875-8165
Ron,Brett,Kostyantynivka,1991/08/18,Ukraine,rbrettj4@economist.com,+380 (528) 388-2689
Ashlin,Davenhill,Darkton,1983/07/23,Swaziland,adavenhillj5@hubpages.com,+268 (199) 452-2847
Tabbie,Weatherup,Bungereng,1965/02/28,Indonesia,tweatherupj6@gmpg.org,+62 (801) 399-5322
Kellby,Patel,Loyew,1963/05/02,Belarus,kpatelj7@live.com,+375 (754) 893-6272
Lucais,Fritchley,Chongxian,1991/01/21,China,lfritchleyj8@gov.uk,+86 (890) 715-1123
Roger,Girauld,Pacaycasa,1959/03/23,Peru,rgirauldj9@de.vu,+51 (305) 703-4674
Pace,Eldrett,Bluefields,1956/01/19,Jamaica,peldrettja@shinystat.com,+1 (332) 203-3276
Hugues,Biagi,Sikonge,1973/01/04,Tanzania,hbiagijb@amazon.co.uk,+255 (125) 835-3606
Jonie,Dufoure,Buenos Aires,1950/10/05,Mexico,jdufourejc@1688.com,+52 (460) 291-4328
Letti,Theyer,Gagah,1953/03/11,Indonesia,ltheyerjd@shinystat.com,+62 (367) 625-9489
Minetta,Woodes,Seren,1968/12/12,Indonesia,,+62 (642) 645-4983
Quinn,Verduin,Strathmore,1986/06/16,Canada,qverduinjf@netscape.com,+1 (522) 680-9003
Iona,Rosenblatt,Jingzhou,1978/05/16,China,,+86 (745) 246-3867
Luke,Rishman,Bang Kruai,1970/08/04,Thailand,lrishmanjh@epa.gov,+66 (966) 425-8214
Virgie,Giacomelli,Sherpur,1969/04/12,Bangladesh,vgiacomelliji@google.de,+880 (288) 891-7871
Lola,Labitt,Kiltamagh,1975/06/08,Ireland,llabittjj@fema.gov,+353 (654) 633-3676
Wes,Biernat,Shirokovskiy,1981/06/02,Russia,wbiernatjk@t.co,+7 (805) 151-0899
Claudian,Morcomb,Lelystad,1983/04/08,Netherlands,cmorcombjl@intel.com,+31 (972) 637-3708
Ophelia,Riglesford,Sewon,1978/01/21,Indonesia,origlesfordjm@friendfeed.com,+62 (315) 754-2724
Faina,Westhead,Rivera,1964/06/30,Uruguay,fwestheadjn@acquirethisname.com,+598 (736) 478-9033
Marlena,Mathon,Dongtucheng,1999/04/16,China,mmathonjo@goo.ne.jp,+86 (817) 873-2791
Artie,Laminman,Valkeakoski,1975/03/04,Finland,,+358 (376) 971-8120
Verne,Splevin,Hyrynsalmi,1995/05/24,Finland,vsplevinjq@redcross.org,+358 (379) 170-2570
Currie,Derks,Tsotsin-Yurt,1963/09/05,Russia,cderksjr@purevolume.com,+7 (785) 453-9721
Tomkin,Drivers,Capalonga,1964/06/12,Philippines,tdriversjs@de.vu,+63 (358) 990-1910
Georgiana,Kerridge,Kiełczów,1999/05/03,Poland,,+48 (599) 924-6158
Alvin,Albery,Kandangan,1981/11/13,Indonesia,aalberyju@w3.org,+62 (819) 132-3902
Rutter,Denyakin,Slobodnica,1966/04/21,Croatia,rdenyakinjv@woothemes.com,+385 (127) 297-1692
Marco,Caplen,Cidadap,1974/06/18,Indonesia,mcaplenjw@statcounter.com,+62 (465) 930-5738
Emyle,Le Leu,Wilkes Barre,1950/04/13,United States,eleleujx@php.net,+1 (570) 506-4130
Giralda,Bertomier,Jugezhuang,1955/03/28,China,gbertomierjy@live.com,+86 (184) 396-5818
Maurits,Scane,Mafraq,1951/02/17,Jordan,,+962 (701) 727-6942
Ferrell,Harrad,Okinawa,1994/08/08,Japan,,+81 (562) 729-4365
Sal,McWhin,Elektrėnai,1990/09/03,Lithuania,smcwhink1@dailymotion.com,+370 (137) 701-9072
Cherye,Hannaby,Kitakata,1956/12/08,Japan,channabyk2@admin.ch,+81 (469) 560-5135
Conn,MacConnal,Zongga,1970/01/17,China,cmacconnalk3@mashable.com,+86 (698) 406-0179
Levy,Sebert,Feyẕābād,1968/10/12,Iran,lsebertk4@eventbrite.com,+98 (759) 361-7495
Reinhard,Cawtheray,Pacarkeling,1970/07/18,Indonesia,rcawtherayk5@facebook.com,+62 (764) 938-0286
Devland,Bavister,Saint Pierre,1954/01/25,Mauritius,dbavisterk6@marketwatch.com,+230 (333) 546-2792
Brit,Crain,Akzhal,1981/10/07,Kazakhstan,bcraink7@nymag.com,+7 (521) 961-4227
Roda,Deboick,,,,rdeboickk8@hostgator.com,
Guthry,Ewen,Végueta,1959/03/15,Peru,gewenk9@census.gov,+51 (586) 266-2973
Lindsey,Mawne,Barapas,1977/01/03,Indonesia,lmawneka@exblog.jp,+62 (841) 815-3923
Domeniga,Hills,São Torcato,1960/10/15,Portugal,dhillskb@domainmarket.com,+351 (789) 601-6089
Lottie,Darkin,Stockholm,1983/04/11,Sweden,ldarkinkc@ft.com,+46 (333) 861-3590
Aurore,Kleynen,Victoria,1961/12/09,Canada,akleynenkd@go.com,+1 (387) 576-8832
Genny,Elfleet,Ábidos,1954/12/10,Brazil,gelfleetke@pbs.org,+55 (752) 806-1100
Corry,Arboine,,,,carboinekf@un.org,
Mabelle,Gonsalvez,Krzanowice,1976/10/06,Poland,mgonsalvezkg@cdbaby.com,+48 (646) 499-1939
Jeromy,Bramley,Kladovo,1998/02/28,Serbia,jbramleykh@nps.gov,+381 (970) 713-8532
Templeton,Eagan,Polkowice,1991/04/13,Poland,teaganki@purevolume.com,+48 (111) 937-7096
Preston,Ledger,Anyu,1966/08/23,China,pledgerkj@gmpg.org,+86 (372) 533-7027
Benedetta,Drysdall,Lawepakam,1964/11/08,Indonesia,bdrysdallkk@free.fr,+62 (382) 200-5579
Bastian,Zuanelli,Nichinan,1992/12/24,Japan,bzuanellikl@artisteer.com,+81 (739) 989-7940
Jud,Charke,Vila Franca das Naves,1980/10/12,Portugal,jcharkekm@cpanel.net,+351 (640) 163-2473
Elbert,Pippard,Yangsa,1955/07/30,South Korea,epippardkn@pagesperso-orange.fr,+82 (251) 596-8242
Boyd,oldey,San Miguel Chicaj,1997/12/13,Guatemala,boldeyko@tiny.cc,+502 (111) 777-5629
Ramsay,Beddis,Pellegrini,1954/09/28,Argentina,rbeddiskp@purevolume.com,+54 (292) 974-3421
Lilias,Jore,Toulouse,1973/05/31,France,ljorekq@japanpost.jp,+33 (531) 433-1078
Kayley,Grishenkov,Xiangfu,1995/04/17,China,kgrishenkovkr@hud.gov,+86 (714) 959-9454
Helenka,Tyndall,Tong’an,1991/04/05,China,htyndallks@yellowbook.com,+86 (208) 614-4542
Lilith,Studdeard,Bomadi,1976/08/03,Nigeria,lstuddeardkt@gizmodo.com,+234 (497) 291-4436
Jillie,Po,Zhongdong,1952/03/02,China,jpoku@paginegialle.it,+86 (826) 756-9276
Cathee,Vance,Stockholm,1996/12/09,Sweden,,+46 (376) 726-1373
Aluino,O'Nions,Asenovgrad,1964/07/09,Bulgaria,aonionskw@newsvine.com,+359 (107) 663-7485
Carlo,Dorot,Nine,1954/05/29,Portugal,cdorotkx@mediafire.com,+351 (178) 356-7629
Remus,Alessandrini,Mayang,1954/04/30,Indonesia,ralessandriniky@state.tx.us,+62 (712) 763-9877
Coreen,Carlino,Santa Magdalena,1957/04/27,Philippines,ccarlinokz@who.int,+63 (236) 197-5239
Juline,Jost,Serra da Boa Viagem,1960/09/27,Portugal,jjostl0@miibeian.gov.cn,+351 (459) 573-6414
Marc,Vearncomb,Viking,1966/02/11,Canada,mvearncombl1@accuweather.com,+1 (563) 844-3230
Modesta,Neylon,Sigou,1996/04/17,China,mneylonl2@domainmarket.com,+86 (836) 710-9360
Barney,Gazey,Nangakeo,1970/09/21,Indonesia,bgazeyl3@seesaa.net,+62 (416) 476-0325
Issie,Dealey,Kōnosu,1982/12/06,Japan,idealeyl4@arizona.edu,+81 (946) 401-0594
Don,Gagan,Passal,1998/03/24,Portugal,dgaganl5@ftc.gov,+351 (387) 105-7896
Caesar,Jillins,Baiyang,1985/06/25,China,cjillinsl6@mozilla.com,+86 (421) 496-9541
Irwin,Reglar,Espinal,1997/12/18,Colombia,,+57 (242) 407-9861
Tawnya,Bittany,Mosquera,1952/08/08,Colombia,tbittanyl8@japanpost.jp,+57 (993) 825-8005
Wilona,Ellwell,Ciloa,1994/06/02,Indonesia,wellwelll9@moonfruit.com,+62 (754) 968-3597
Shep,Kinnar,Masinloc,1956/11/23,Philippines,,+63 (102) 591-4176
Adelice,Neenan,La Laja,1997/07/22,Chile,aneenanlb@ebay.com,+56 (178) 205-4451
Edgar,Burlay,Yong’an,1953/01/22,China,eburlaylc@zimbio.com,+86 (893) 495-4008
Tedmund,Shevels,Valparaíso,1955/06/07,Brazil,tshevelsld@businessinsider.com,+55 (186) 284-1309
Arley,Blaxter,Jindaoxia,1997/08/14,China,ablaxterle@trellian.com,+86 (193) 926-6626
Rockey,Chatwood,Cigadog Hilir,1967/03/17,Indonesia,rchatwoodlf@tamu.edu,+62 (129) 310-9176
Danica,Fearns,Novovoronezh,1986/10/09,Russia,dfearnslg@phoca.cz,+7 (586) 934-8059
Jewel,Medler,Kruševo,1983/05/16,Croatia,jmedlerlh@go.com,+385 (708) 264-6815
Kathye,Nuzzti,Luxor,1996/07/09,Egypt,knuzztili@gnu.org,+20 (292) 785-3519
Maisey,Reck,Waterloo,1997/09/04,Canada,mrecklj@smh.com.au,+1 (198) 305-3350
Kahlil,Moughtin,Xunzhong,1960/05/04,China,kmoughtinlk@gizmodo.com,+86 (186) 199-5176
Stacee,Eilhart,Pul-e Khumrī,1993/03/02,Afghanistan,seilhartll@mlb.com,+93 (743) 538-3902
Hank,Middas,Dukhovshchina,1961/02/23,Russia,,+7 (990) 844-5178
Danny,Colvill,Krasnovishersk,1985/12/11,Russia,dcolvillln@tripadvisor.com,+7 (267) 650-6189
Elka,Skyner,Kristiansand S,1981/12/06,Norway,eskynerlo@seesaa.net,+47 (197) 565-9731
Isabelle,Monument,Saint-Jérôme,1969/03/28,Canada,,+1 (705) 563-7869
Susy,Edbrooke,,,,sedbrookelq@boston.com,
Sonnie,Edgecombe,Ambelón,1993/06/27,Greece,sedgecombelr@addtoany.com,+30 (868) 423-0943
Hildegarde,Hawksworth,Capellanía,1970/03/10,Panama,,+507 (513) 754-9763
Carlyn,Strapp,Ambon,1956/08/28,Indonesia,cstrapplt@dropbox.com,+62 (388) 345-8422
Raul,Garment,Faruka,1958/01/19,Pakistan,rgarmentlu@fc2.com,+92 (173) 531-1171
Antin,Corbin,São Bento,1968/04/03,Brazil,acorbinlv@adobe.com,+55 (883) 292-2957
Cathee,St. Ledger,Zhangjiabao,1998/02/10,China,,+86 (243) 988-4151
Bartlett,de Amaya,Petite Anse,1972/12/01,Haiti,,+509 (193) 272-8669
Else,Hulson,Babasakhib,1951/01/24,Afghanistan,ehulsonly@sakura.ne.jp,+93 (358) 230-1183
Waneta,Squire,Călăraşi,1953/07/09,Moldova,wsquirelz@indiegogo.com,+373 (675) 756-5796
Esta,Hearn,Pražmo,1973/01/21,Czech Republic,ehearnm0@netlog.com,+420 (657) 433-1401
Gregorius,McGorley,Trindade,1986/04/19,Brazil,gmcgorleym1@blog.com,+55 (491) 430-2518
Velvet,Ivory,Narail,1954/03/17,Bangladesh,vivorym2@netvibes.com,+880 (742) 886-7728
Flossi,Pitrollo,Sawoi,1953/04/01,Indonesia,fpitrollom3@biblegateway.com,+62 (489) 288-7734
Dalia,Meredyth,Tánh Linh,1967/06/21,Vietnam,dmeredythm4@springer.com,+84 (812) 954-5867
Zebulen,Ogborne,L'Île-Perrot,1990/05/10,Canada,zogbornem5@alibaba.com,+1 (824) 253-6507
Fred,Seggie,Tinalmud,1982/02/21,Philippines,fseggiem6@wikia.com,+63 (758) 459-8942
Freda,Snewin,Paris La Défense,1952/06/08,France,fsnewinm7@loc.gov,+33 (502) 851-8053
Brittany,Hullock,Kupchino,1951/05/28,Russia,,+7 (284) 884-9506
Ase,Frudd,Tidaholm,1976/09/25,Sweden,afruddm9@census.gov,+46 (586) 470-1412
Keith,Chark,Igcocolo,1964/08/19,Philippines,kcharkma@hatena.ne.jp,+63 (667) 701-2478
Correy,Cordner,Kerċem,1953/05/17,Malta,,+356 (146) 701-1431
Sherilyn,Dalgardno,,,,sdalgardnomc@histats.com,
Kahlil,Pratty,Fengshan,1953/02/12,Taiwan,kprattymd@canalblog.com,+886 (414) 487-8715
Auguste,Leathers,Zaliznychne,1966/05/30,Ukraine,,+380 (778) 996-5662
Rocky,Hanes,Palenggihan,1965/03/16,Indonesia,rhanesmf@ustream.tv,+62 (916) 409-6947
Klemens,Skilling,Tauranga,1975/04/11,New Zealand,kskillingmg@i2i.jp,+64 (706) 422-2310
Bradney,Thon,Kajatian,1997/04/22,Philippines,bthonmh@devhub.com,+63 (683) 534-6062
Rozalin,Robertson,,,,rrobertsonmi@free.fr,
Teriann,Gath,El Fureidīs,1985/10/27,Israel,,+972 (716) 499-0449
Onofredo,Pennone,Nagua,1998/10/24,Dominican Republic,opennonemk@goo.ne.jp,+1 (565) 333-7204
Galina,Kupec,Bacalan,1974/10/23,Philippines,,+63 (915) 101-6589
Kim,Searchfield,Remolino,1968/04/29,Colombia,ksearchfieldmm@bbc.co.uk,+57 (763) 183-0135
Nanci,Grizard,Nanggorak,1961/08/26,Indonesia,,+62 (186) 934-9886
Rem,Poole,Amado Nervo,1997/01/05,Mexico,rpoolemo@yale.edu,+52 (835) 388-6999
Abrahan,Oldis,,,,,
Culley,Geeve,,,,cgeevemq@clickbank.net,
Natalie,Seely,Toliara,1968/11/17,Madagascar,nseelymr@umich.edu,+261 (944) 264-0206
Anselma,Wolfindale,San Francisco,1954/03/31,Mexico,,+52 (387) 398-8970
Jameson,Maudsley,Sukorejo,1969/12/14,Indonesia,jmaudsleymt@wikipedia.org,+62 (522) 657-8764
Piggy,Reeks,Imbituva,1993/01/20,Brazil,preeksmu@kickstarter.com,+55 (919) 158-7092
Damita,Amori,Perico,1998/04/02,Cuba,damorimv@lycos.com,+53 (201) 231-2684
Alyosha,Haseley,Lwówek Śląski,1983/11/26,Poland,ahaseleymw@blog.com,+48 (548) 849-8080
Howey,Fairy,Staryye Atagi,1981/03/18,Russia,hfairymx@nhs.uk,+7 (813) 242-5488
Hatty,Camell,Villa María,1950/08/12,Argentina,hcamellmy@elpais.com,+54 (260) 114-6292
Coretta,Yapp,Banja Luka,1954/10/12,Bosnia and Herzegovina,cyappmz@qq.com,+387 (709) 519-1959
Margery,Tittletross,Sātkania,1960/06/07,Bangladesh,mtittletrossn0@moonfruit.com,+880 (725) 757-9317
Lutero,Aloigi,Baucau,1981/05/08,East Timor,laloigin1@home.pl,+670 (815) 826-6788
Georgine,Lindback,Ngrayun,1980/12/27,Indonesia,glindbackn2@canalblog.com,+62 (660) 154-1883
Samuel,Quantrill,Libertad,1958/11/27,Mexico,squantrilln3@sogou.com,+52 (419) 763-9866
Roma,Jonson,Artemisa,1988/04/25,Cuba,rjonsonn4@nbcnews.com,+53 (497) 675-3068
Urban,Bonnavant,Guiuan,1974/03/15,Philippines,ubonnavantn5@t.co,+63 (520) 204-4720
Maurizia,Matchell,Hernández,1961/08/15,Argentina,mmatchelln6@si.edu,+54 (375) 348-8023
Renato,Davoren,Rockford,1967/05/09,United States,rdavorenn7@moonfruit.com,+1 (815) 454-9845
Vi,Churchman,Koshki,1956/01/04,Russia,,+7 (751) 109-8157
Puff,Rubinovici,Penco,1980/02/08,Chile,prubinovicin9@twitter.com,+56 (313) 926-3981
Merwyn,Grivori,Ḑubāh,1970/12/08,Yemen,mgrivorina@desdev.cn,+967 (873) 871-5747
Leyla,Hankinson,Anoek,1993/02/23,Indonesia,lhankinsonnb@issuu.com,+62 (376) 688-0821
Margareta,Postans,Bolikhan,1989/11/02,Laos,mpostansnc@uiuc.edu,+856 (397) 926-8631
Betteanne,Paramor,Amieira do Tejo,1996/02/29,Portugal,bparamornd@jimdo.com,+351 (222) 482-0664
Lyn,Benton,Manquiring,1976/04/08,Philippines,lbentonne@timesonline.co.uk,+63 (574) 377-7847
Fredrika,Oldman,,,,foldmannf@pagesperso-orange.fr,
Barclay,Finci,Oslo,1968/08/19,Norway,bfincing@nyu.edu,+47 (204) 367-1578
Boony,Connochie,Lyon,1979/03/31,France,bconnochienh@tripadvisor.com,+33 (836) 203-5327
Traver,Gorcke,Ochakovo-Matveyevskoye,1984/03/03,Russia,,+7 (435) 306-6158
Felice,Shanley,Chapimarca,1971/06/01,Peru,fshanleynj@usda.gov,+51 (411) 193-8541
Addi,Pawellek,Bu‘eina,1975/10/07,Israel,apawelleknk@vkontakte.ru,+972 (471) 288-2587
Johanna,Duthie,Rakitovo,1994/12/28,Bulgaria,,+359 (172) 834-8512
Barn,Tugwell,Ayabaca,1955/12/31,Peru,btugwellnm@biblegateway.com,+51 (166) 870-5380
Jenelle,Baildon,Qinggis Han,1972/10/14,China,jbaildonnn@netvibes.com,+86 (211) 625-4496
Emelen,MacAllen,Västerås,1994/10/29,Sweden,,+46 (442) 473-7602
Hartley,Pearson,Khamyāb,1996/12/20,Afghanistan,hpearsonnp@flickr.com,+93 (147) 225-6893
Louella,Caughey,Nagiba,1978/03/10,Philippines,lcaugheynq@cafepress.com,+63 (488) 444-6849
Frasco,Jouhandeau,Tongkiling,1982/05/01,Indonesia,fjouhandeaunr@chicagotribune.com,+62 (824) 799-3692
Theressa,Krzyzaniak,Quận Mười,1968/09/05,Vietnam,tkrzyzaniakns@omniture.com,+84 (713) 441-4711
Babbette,Scherme,Tampere,1997/10/18,Finland,bscherment@ask.com,+358 (269) 464-3791
Emmy,Steptowe,Mentaras,1962/10/01,Indonesia,esteptowenu@imdb.com,+62 (360) 753-7857
Elberta,Hove,Polańczyk,1995/12/25,Poland,ehovenv@issuu.com,+48 (252) 769-5804
Yancey,Sulman,Kirovs’k,1989/02/17,Ukraine,,+380 (597) 495-9344
Murielle,Tacon,Jatiwangi,1962/05/02,Indonesia,mtaconnx@washington.edu,+62 (523) 681-0315
Myca,Borkin,Kallithéa,1970/02/19,Greece,mborkinny@examiner.com,+30 (491) 337-6407
Sabrina,Polino,Palmital,1966/05/17,Brazil,spolinonz@fema.gov,+55 (750) 760-7133
Devin,Poad,Hartola,1959/01/27,Finland,dpoado0@unblog.fr,+358 (726) 947-2833
Vita,Dabrowski,Leksand,1980/10/21,Sweden,,+46 (688) 524-3636
Dierdre,Mordy,Ryazan’,1996/01/22,Russia,dmordyo2@plala.or.jp,+7 (321) 966-5313
Engracia,McGinnell,Caramuca,1950/05/16,Venezuela,emcginnello3@yandex.ru,+58 (879) 397-5458
Ingeberg,Bogey,Mwembe,1980/09/06,Tanzania,ibogeyo4@engadget.com,+255 (929) 481-9061
Kelvin,Rae,Merefa,1999/12/15,Ukraine,kraeo5@unesco.org,+380 (730) 731-9841
Burk,Lampert,Orange Farm,1991/06/24,South Africa,blamperto6@booking.com,+27 (188) 528-1103
Leeann,Early,Mongar,1961/12/07,Bhutan,learlyo7@jiathis.com,+975 (588) 948-0700
Bethany,Vowles,Aurora,1991/04/08,United States,bvowleso8@cloudflare.com,+1 (303) 418-2601
Sandor,Furmenger,Oakland,1962/01/10,United States,sfurmengero9@miitbeian.gov.cn,+1 (510) 241-8060
Arlin,Pauley,Burla,1991/11/15,Russia,apauleyoa@ted.com,+7 (376) 909-8246
Vicki,Cogzell,Lolodorf,1955/10/19,Cameroon,vcogzellob@themeforest.net,+237 (265) 505-8663
Carolus,Butte,Tiout,1981/11/15,Morocco,cbutteoc@fc2.com,+212 (677) 167-5139
Nahum,O'Hone,Keleleng,1981/07/18,Indonesia,nohoneod@uol.com.br,+62 (221) 422-1142
Urbano,Rothwell,,,,urothwelloe@blogspot.com,
Nolana,Gonthier,Kayl,1988/06/21,Luxembourg,ngonthierof@unblog.fr,+352 (863) 502-7357
Lindsey,Tilling,Satsumasendai,1954/10/16,Japan,ltillingog@themeforest.net,+81 (748) 342-1216
Aeriela,Cridlin,Zhoukou,1973/10/10,China,acridlinoh@jalbum.net,+86 (421) 487-8906
Sydel,Wilkennson,,,,swilkennsonoi@homestead.com,
Ingram,Chittock,Taixi,1950/10/10,China,ichittockoj@delicious.com,+86 (609) 932-7233
Diannne,Trittam,Yeniugou,1960/02/04,China,dtrittamok@imgur.com,+86 (873) 958-5675
Keith,Bayless,Satun,1950/03/30,Thailand,,+66 (987) 131-9835
Yasmeen,Ivers,Gulu,1977/02/21,Uganda,,+256 (798) 759-5120
Ally,Jaksic,Cabricán,1960/08/30,Guatemala,ajaksicon@ask.com,+502 (276) 953-3052
Diandra,Sidebotham,Milwaukee,1975/05/24,United States,dsidebothamoo@mashable.com,+1 (206) 893-6725
Brear,Hoppner,Qiligang,1961/10/22,China,bhoppnerop@privacy.gov.au,+86 (519) 138-2067
Mordecai,Grinsted,Hamburg,1962/11/12,Germany,mgrinstedoq@cdbaby.com,+49 (100) 495-3478
Elnore,Dunrige,Rennes,1976/10/10,France,,+33 (537) 873-5274
Aharon,Phateplace,,,,aphateplaceos@wikimedia.org,
Merry,Borgnet,Laiguangying,1995/09/02,China,mborgnetot@liveinternet.ru,+86 (999) 769-3711
Shara,Benditt,Yylanly,1971/01/25,Turkmenistan,sbendittou@constantcontact.com,+993 (978) 737-0012
Vanni,Longfut,Ariquemes,1988/07/08,Brazil,vlongfutov@adobe.com,+55 (317) 842-5552
Selle,Rassmann,Rumburk,1987/01/03,Czech Republic,srassmannow@about.me,+420 (669) 666-6673
Gerrard,Barkaway,Flin Flon,1986/04/05,Canada,,+1 (331) 966-4022
Gerianne,Beadel,Oslo,1996/06/13,Norway,gbeadeloy@ning.com,+47 (158) 397-2969
Rutledge,Verlinde,Cergy-Pontoise,1989/07/10,France,rverlindeoz@topsy.com,+33 (703) 382-2233
Mildrid,Rentoll,Tulay,1972/06/12,Philippines,mrentollp0@hao123.com,+63 (656) 570-8810
Libbi,Cumesky,Yubilyeyny,1963/10/17,Belarus,lcumeskyp1@cloudflare.com,+375 (520) 113-6464
Chiarra,Veillard,Lanipao,1998/03/02,Philippines,,+63 (625) 805-1068
Rene,Danielis,Torbay,1959/10/19,Canada,rdanielisp3@house.gov,+1 (215) 491-2492
Drusi,Taggerty,Radenković,1975/12/17,Serbia,dtaggertyp4@forbes.com,+381 (844) 238-2198
Hunt,Dillingston,Dampit Satu,1977/08/19,Indonesia,hdillingstonp5@noaa.gov,+62 (614) 149-8024
Homerus,Nickels,Arwād,1958/11/15,Syria,,+963 (879) 473-2160
Rey,Balaisot,Kuta,1959/06/21,Indonesia,rbalaisotp7@plala.or.jp,+62 (701) 586-6696
Dell,Stannis,Dagui,1960/12/22,China,,+86 (349) 518-7515
Uriah,Mallord,Ehu,1970/10/09,China,umallordp9@lycos.com,+86 (720) 475-4627
Panchito,Lermouth,Zanjān,1956/01/15,Iran,plermouthpa@sitemeter.com,+98 (574) 415-2683
Douglass,Charlick,Spitak,1953/06/23,Armenia,dcharlickpb@virginia.edu,+374 (242) 873-8472
Frederique,Jamrowicz,Ukhta,1995/04/17,Russia,fjamrowiczpc@about.com,+7 (263) 608-0382
Goober,Jinks,Paris La Défense,1975/07/19,France,gjinkspd@ycombinator.com,+33 (967) 565-9500
Salomi,Mottershead,Xifengshan,1955/04/18,China,smottersheadpe@123-reg.co.uk,+86 (629) 551-5544
Faye,Roalfe,Kalipare,1964/03/11,Indonesia,froalfepf@webmd.com,+62 (151) 189-6199
Alvis,Woodrooffe,Xinmatou,1977/08/10,China,awoodrooffepg@weibo.com,+86 (393) 302-6552
Kennie,Gainsburgh,Krynki,1997/02/04,Poland,kgainsburghph@photobucket.com,+48 (613) 357-5310
Florry,Hancorn,Eksjö,1962/08/26,Sweden,,+46 (786) 188-1161
Shellysheldon,Ferrino,,,,sferrinopj@seesaa.net,
Wilow,Smylie,Chengguan,1963/05/17,China,wsmyliepk@symantec.com,+86 (212) 537-6778
Parke,Coare,Puncakmanis,1992/07/23,Indonesia,pcoarepl@tiny.cc,+62 (413) 325-3200
Arden,Rowlson,Lanchkhuti,1979/10/04,Georgia,arowlsonpm@biglobe.ne.jp,+995 (245) 389-5432
Sheff,Stidston,Inhumas,1958/10/05,Brazil,,+55 (219) 612-7467
Perkin,Tonkin,Rubirizi,1967/11/26,Uganda,ptonkinpo@infoseek.co.jp,+256 (468) 628-8450
Elicia,Escoffier,Wang Noi,1964/07/18,Thailand,,+66 (395) 426-8799
Tara,Russell,Tarikolot,1994/05/15,Indonesia,trussellpq@shinystat.com,+62 (739) 829-4825
Aggi,Anstee,Kraljevica,1958/12/18,Croatia,aansteepr@ezinearticles.com,+385 (886) 496-1123
Hendrik,Pawlicki,Manila,1986/11/08,Philippines,hpawlickips@gmpg.org,+63 (277) 177-4276
Christoforo,Hamblen,Ciseuseupan,1986/08/07,Indonesia,chamblenpt@yahoo.com,+62 (570) 137-2895
Arleta,Southard,Hisor,1952/04/09,Tajikistan,asouthardpu@slashdot.org,+992 (760) 816-0591
Theo,Northedge,Jingyang,1964/10/26,China,tnorthedgepv@geocities.com,+86 (930) 154-5107
Gian,Kennelly,,,,gkennellypw@japanpost.jp,
Banky,De Giovanni,Połomia,1954/12/28,Poland,bdegiovannipx@dailymotion.com,+48 (835) 388-7334
Mac,Cownden,Kushiro,1970/08/20,Japan,,+81 (198) 366-4069
Vick,Ekless,Hengdong Chengguanzhen,1960/03/31,China,veklesspz@i2i.jp,+86 (198) 360-4756
Randolf,Crepin,Manggekompo,1960/05/19,Indonesia,rcrepinq0@sourceforge.net,+62 (759) 863-6676
Daven,Taye,Židlochovice,1950/05/26,Czech Republic,dtayeq1@springer.com,+420 (379) 846-0382
Alana,Blackwood,Orlândia,1975/12/14,Brazil,ablackwoodq2@chronoengine.com,+55 (351) 580-1312
Lilla,Saw,Lianhe,1970/06/02,China,lsawq3@cnn.com,+86 (547) 814-2737
Aeriell,Tidbold,Sivaki,1987/07/02,Russia,,+7 (907) 383-1850
Sandra,Gonzalez,Serov,1982/12/13,Russia,sgonzalezq5@stumbleupon.com,+7 (130) 940-6535
Lambert,Bakhrushin,Strelka,1954/03/20,Russia,lbakhrushinq6@bizjournals.com,+7 (679) 739-6361
Bertha,Mayou,Yasothon,1984/09/03,Thailand,bmayouq7@telegraph.co.uk,+66 (721) 568-5967
Augy,Deveral,Oslo,1967/07/17,Norway,adeveralq8@github.io,+47 (332) 593-5115
Millisent,Lympany,Mengmeng,1960/08/19,China,mlympanyq9@adobe.com,+86 (189) 638-6081
Jeannine,Janson,Velyki Kopany,1959/06/28,Ukraine,jjansonqa@goo.gl,+380 (410) 714-7975
Mickey,Hoyles,Qilong,1988/02/04,China,mhoylesqb@apache.org,+86 (604) 200-1518
Sarette,Giannassi,Pamupukan,1988/09/20,Indonesia,sgiannassiqc@springer.com,+62 (760) 569-3320
Arabela,Dimsdale,Tafí del Valle,1963/02/01,Argentina,adimsdaleqd@homestead.com,+54 (900) 777-5941
Kaspar,Goulborne,Yvetot,1962/08/26,France,,+33 (576) 666-6723
Neil,Tilney,Matumadua,1993/11/24,Indonesia,ntilneyqf@csmonitor.com,+62 (116) 997-4608
Ree,Traise,,,,rtraiseqg@hibu.com,
Odelinda,Bernardino,Simpang Ulim,1994/05/25,Indonesia,obernardinoqh@vinaora.com,+62 (843) 338-8078
Shayla,Schechter,Callanca,1951/09/12,Peru,sschechterqi@soup.io,+51 (677) 378-7008
Babette,Malimoe,Mitsuke,1968/08/08,Japan,,+81 (372) 872-5035
Lamond,Bugby,Ban Phue,1993/06/16,Thailand,lbugbyqk@microsoft.com,+66 (804) 786-0031
Teodora,Freake,Addiet Canna,1995/09/08,Ethiopia,tfreakeql@fda.gov,+251 (867) 547-8099
Ashleigh,Pocklington,Lianhua,1988/05/01,China,apocklingtonqm@unicef.org,+86 (623) 801-8216
La verne,Elcoux,Vostok,1950/12/31,Russia,,+7 (674) 966-0242
Mattie,Hartshorne,Zhirnovsk,1961/11/05,Russia,mhartshorneqo@ft.com,+7 (748) 597-2123
Bunnie,Stuther,Haligue,1984/08/16,Philippines,bstutherqp@netscape.com,+63 (963) 983-1797
Hilde,Gwin,Prapen,1973/12/08,Indonesia,hgwinqq@nih.gov,+62 (798) 412-5361
Dixie,Springthorpe,At Samat,1961/06/15,Thailand,dspringthorpeqr@nifty.com,+66 (689) 637-5056
Edwina,Rudgerd,Huangjin,1985/02/13,China,erudgerdqs@bing.com,+86 (751) 424-8596
Marieann,Humbert,Barbacena,1980/05/22,Brazil,mhumbertqt@bbb.org,+55 (355) 248-6143
Jonas,Hebner,Usatove,1966/02/15,Ukraine,jhebnerqu@feedburner.com,+380 (716) 984-1756
Kimball,Presslee,Kiihtelysvaara,1967/08/02,Finland,kpressleeqv@indiatimes.com,+358 (913) 529-7209
Genevieve,St Ledger,,,,gstledgerqw@dot.gov,
Debra,McPeeters,Hradec nad Moravici,1956/12/08,Czech Republic,dmcpeetersqx@berkeley.edu,+420 (934) 735-5459
Joana,Risom,Tonghae,1986/02/28,South Korea,jrisomqy@deliciousdays.com,+82 (509) 998-2799
Roseline,Hargraves,Lluidas Vale,1962/06/23,Jamaica,rhargravesqz@nhs.uk,+1 (728) 345-9274
Hillary,MacDirmid,Libode,1972/09/25,South Africa,hmacdirmidr0@sun.com,+27 (201) 783-6733
Reeva,Colquit,Baturaden,1971/03/14,Indonesia,rcolquitr1@ibm.com,+62 (954) 860-9377
Blinnie,Gerraty,Nunchía,1987/01/21,Colombia,bgerratyr2@bigcartel.com,+57 (230) 985-0764
Giselbert,Robrose,Campo de la Cruz,1974/03/07,Colombia,,+57 (884) 571-5691
Lulu,Saffen,Bang Bo,1975/06/12,Thailand,lsaffenr4@ning.com,+66 (316) 389-0545
Phil,Ludford,Cawayan,1956/07/09,Philippines,pludfordr5@smugmug.com,+63 (327) 531-3884
Suzie,Perrott,Castlebridge,1983/07/03,Ireland,sperrottr6@netlog.com,+353 (615) 868-7405
Ludvig,Ianetti,Hoani,1955/08/27,Comoros,lianettir7@yahoo.co.jp,+269 (424) 747-5039
Abramo,Crammy,Dongjiao,1999/10/21,China,acrammyr8@is.gd,+86 (456) 427-3117
Chrysa,Beckinsall,Campoalegre,1985/07/22,Colombia,cbeckinsallr9@g.co,+57 (673) 148-0859
Malchy,Roast,Penang,1982/05/28,Indonesia,,+62 (269) 266-3480
Haroun,Tompkins,Dingyan,1994/05/16,China,,+86 (163) 553-6437
Rosalynd,Pitkins,Jepara,1956/01/21,Indonesia,rpitkinsrc@webnode.com,+62 (940) 676-6306
Aldis,Cornilleau,Vällingby,1959/04/14,Sweden,acornilleaurd@csmonitor.com,+46 (354) 545-0925
Marijn,Dukelow,Skrzyszów,1984/06/26,Poland,mdukelowre@creativecommons.org,+48 (857) 407-9053
Rad,Cluelow,Leskovac,1978/05/18,Serbia,rcluelowrf@t-online.de,+381 (334) 379-1479
Alicia,O'Carran,,,,aocarranrg@nytimes.com,
Mureil,Penfold,Mont-de-Marsan,1974/08/25,France,mpenfoldrh@diigo.com,+33 (779) 772-0165
Concettina,Deshorts,Lombog,1957/04/30,Philippines,cdeshortsri@wp.com,+63 (703) 435-4668
Hannis,Billinge,Druzhny,1988/06/07,Belarus,hbillingerj@harvard.edu,+375 (857) 444-7773
Cyndy,Buterton,Pederneiras,1990/11/14,Brazil,cbutertonrk@netvibes.com,+55 (704) 811-3631
Cinderella,Edel,Benito Juarez,1983/06/26,Mexico,cedelrl@diigo.com,+52 (292) 307-9210
Ogden,Purver,Suslonger,1990/12/27,Russia,,+7 (351) 692-6618
Carree,Dixcee,La Maná,1966/03/10,Ecuador,cdixceern@drupal.org,+593 (828) 158-1383
Lon,Serchwell,Funga,1954/09/16,Indonesia,lserchwellro@csmonitor.com,+62 (689) 164-8102
Tanny,Arnholdt,Australia Square,1967/03/27,Australia,tarnholdtrp@vk.com,+61 (508) 407-1574
Johan,Grint,Rafaḩ,1974/04/26,Egypt,jgrintrq@sitemeter.com,+20 (275) 928-9014
Lewiss,Pester,Krikil,1999/06/25,Indonesia,,+62 (210) 221-0687
