first_name,last_name,birth_place,birth_date,country_living_in,email,phone
Andie,Zuan,Sremska Mitrovica,03.04.1960,Serbia,azuan0@slashdot.org,+381-341-967-9058
Vidovic,Kondratowicz,Wentai,06.07.1981,China,vkondratowicz1@amazon.co.jp,+86-792-339-9009
Chandal,Dinsey,Fullerton,22.01.1961,United States,,+1-714-360-5232
Kandy,Blasl,Dongfu,27.05.1971,China,kblasl3@bandcamp.com,+86-326-293-4345
Donnell,Leighfield,Eydhafushi,25.12.1992,Maldives,,+960-759-487-0047
Fred,Chessun,Chakari,13.03.1984,Zimbabwe,,+263-419-824-2021
Florence,Di Biaggi,Uinskoye,12.03.1953,Russia,fdibiaggi6@icio.us,+7-189-237-7951
Rustie,Weinberg,Kampungmasjid,14.03.1954,Indonesia,rweinberg7@e-recht24.de,+62-527-567-0766
Gasparo,Thursfield,Kantemirovka,07.03.1968,Russia,gthursfield8@mysql.com,+7-759-677-1818
Emerson,Hinrich,Wujiashan,12.01.1978,China,ehinrich9@macromedia.com,+86-558-343-8010
Darlleen,Gleaves,Nezvěstice,03.02.1990,Czech Republic,dgleavesa@state.gov,+420-463-939-1304
Kippy,Eltone,Xiaohe,11.07.1974,China,keltoneb@dmoz.org,+86-909-365-2169
Scottie,Ickowicz,Luoxiong,18.12.1966,China,,+86-528-740-7445
Lorin,Farady,Asahi,19.05.1986,Japan,lfaradyd@list-manage.com,+81-164-382-4200
Joye,Curryer,Chillán,26.03.1951,Chile,,+56-483-482-1643
Lyon,Glowacz,Neftobod,11.04.1992,Tajikistan,lglowaczf@amazon.de,+992-894-631-5491
Jerrilyn,Fetterplace,Sa Pá,14.01.1977,Vietnam,jfetterplaceg@mashable.com,+84-132-490-2373
Fraze,Cuddehay,Shigutang,29.07.1984,China,fcuddehayh@cpanel.net,+86-210-372-9302
Chelsie,Tocher,Besançon,01.10.1977,France,ctocheri@imdb.com,+33-299-994-1590
Rick,Wallbank,Osielsko,15.07.1972,Poland,rwallbankj@youtu.be,+48-912-444-9448
Quinton,Auchterlony,Cuchumbaya,26.04.1968,Peru,qauchterlonyk@webmd.com,+51-108-285-4031
Fred,Paddemore,Berlin,05.12.1985,Germany,,+49-407-544-3986
Leontyne,Sandham,Potštát,28.06.1966,Czech Republic,lsandhamm@rambler.ru,+420-181-252-4023
Zonnya,Maybury,Alavus,16.05.1967,Finland,zmayburyn@ebay.co.uk,+358-339-386-6253
Sabine,Demschke,Plakhtiyivka,04.04.1987,Ukraine,sdemschkeo@ed.gov,+380-677-733-2079
Karlen,Collyear,Líně,25.03.1961,Czech Republic,kcollyearp@behance.net,+420-329-737-5806
Kinny,Birtwhistle,Sukogunungkrajan,04.04.1998,Indonesia,,+62-587-269-7471
Lura,Sutliff,Julita,08.03.1958,Philippines,,+63-618-977-6518
Flo,Richly,Gaoliang,02.12.1993,China,,+86-322-117-5514
Bell,Flobert,Maradi,25.05.1988,Niger,bflobertt@com.com,+227-897-586-7090
Jimmie,Parvin,Janiuay,13.06.1992,Philippines,jparvinu@nba.com,+63-130-522-2904
Alfy,Maestrini,Pathein,24.02.1972,Myanmar,amaestriniv@clickbank.net,+95-163-446-5894
Dickie,Claeskens,Nova Viçosa,19.10.1996,Brazil,dclaeskensw@zimbio.com,+55-288-103-5641
Julina,Code,Jati,17.02.1976,Indonesia,jcodex@businessweek.com,+62-607-924-3929
Merwyn,Coulbeck,Debar,06.02.1977,Macedonia,mcoulbecky@addtoany.com,+389-527-884-8349
Renaud,Dudbridge,,,,rdudbridgez@bluehost.com,
Estelle,Godspede,Jember,21.05.1976,Indonesia,,+62-849-166-6999
Antonie,Dilger,Uppsala,25.05.1991,Sweden,adilger11@businesswire.com,+46-409-721-8667
Aguistin,Scully,Laocheng,13.12.1995,China,ascully12@who.int,+86-461-988-7800
Rufus,Olpin,Artur Nogueira,29.09.1995,Brazil,rolpin13@timesonline.co.uk,+55-931-987-7543
Briney,McMurtyr,Guozhuang,04.01.1977,China,bmcmurtyr14@a8.net,+86-358-517-6448
Cordey,Roly,Caobi,27.02.1974,China,croly15@bbc.co.uk,+86-541-217-0488
Freeland,Lamboll,Moganshan,12.12.1991,China,flamboll16@unblog.fr,+86-901-407-5756
Cullan,Cassella,Petrovskoye,23.09.1978,Russia,ccassella17@toplist.cz,+7-204-775-7104
Gearalt,Morit,Kurkino,23.11.1981,Russia,gmorit18@ycombinator.com,+7-238-559-6521
Godard,Dreghorn,Mizhou,14.03.1974,China,gdreghorn19@people.com.cn,+86-766-777-5323
Chrystel,Szreter,Concepción de Ataco,15.10.1963,El Salvador,cszreter1a@sitemeter.com,+503-998-486-9017
Elita,Kedslie,Albarraque,07.07.1999,Portugal,ekedslie1b@microsoft.com,+351-597-547-1698
Tessa,Matityahu,Chengzhong,25.10.1952,China,tmatityahu1c@biglobe.ne.jp,+86-214-514-0699
Audry,Tingley,Thị Trấn Hà Trung,09.09.1972,Vietnam,atingley1d@ucoz.ru,+84-214-150-2007
Romeo,Sherland,Zhengyangshan,23.02.1967,China,rsherland1e@mozilla.com,+86-219-648-8709
Falkner,Wicken,Pirg,07.04.1991,Albania,fwicken1f@networkadvertising.org,+355-822-539-4036
Adelind,Stuckow,Providencia,30.11.1961,Mexico,astuckow1g@netlog.com,+52-566-556-3378
Waldemar,Wilhelmy,Weiyanggong,24.07.1973,China,,+86-980-559-4315
Peadar,Gane,Paraćin,28.08.1975,Serbia,pgane1i@fotki.com,+381-695-790-1409
Bentley,Wheelan,Kälviä,14.09.1995,Finland,bwheelan1j@dmoz.org,+358-665-681-8118
Derril,Rennocks,São João de Caparica,12.11.1986,Portugal,drennocks1k@jigsy.com,+351-940-897-3708
Chloris,Baine,Puntarenas,07.11.1986,Costa Rica,cbaine1l@twitter.com,+506-733-226-2709
Daniel,Radke,Ongandjera,07.09.1973,Namibia,dradke1m@trellian.com,+264-844-392-4354
Decca,Klas,Yatsushiro,31.12.1999,Japan,dklas1n@sun.com,+81-838-605-7833
Stormi,Diver,Tarub,27.05.1976,Indonesia,sdiver1o@bbb.org,+62-413-363-6559
Allyson,Germain,Soledar,07.01.1976,Ukraine,agermain1p@vistaprint.com,+380-582-228-1570
Toni,Petracchi,Água Preta,11.02.1964,Brazil,tpetracchi1q@sitemeter.com,+55-798-675-1954
Kevan,Piele,Xiaoruo,15.04.1956,China,,+86-155-648-1726
Vinson,Paulich,Narew,11.05.1959,Poland,vpaulich1s@pen.io,+48-686-499-7275
Linnet,Piatti,,,,lpiatti1t@amazon.com,
Meggi,Olivazzi,Novozybkov,26.12.1987,Russia,molivazzi1u@jugem.jp,+7-584-196-0997
Feodor,Clibbery,Bumba,25.10.1993,Democratic Republic of the Congo,fclibbery1v@disqus.com,+242-169-562-9980
Joete,Brizell,Washington,28.10.1997,United States,jbrizell1w@blinklist.com,+1-202-774-8261
Ody,Delaney,Sanhe,29.11.1998,China,odelaney1x@usatoday.com,+86-449-566-0766
Sandor,Van Der Weedenburg,Zhuji,12.09.1979,China,svanderweedenburg1y@zimbio.com,+86-305-213-0952
Donielle,Poytres,Dambulla,08.02.1961,Sri Lanka,dpoytres1z@uiuc.edu,+94-295-796-2896
Marvin,Coggeshall,Mekarjaya Satu,24.05.1962,Indonesia,mcoggeshall20@domainmarket.com,+62-638-543-7174
Ulrick,Thomelin,Liloy,07.05.1983,Philippines,uthomelin21@discovery.com,+63-551-781-4280
Luciana,Furtado,Suay,24.03.1986,Philippines,lfurtado22@about.com,+63-794-932-7803
Jolyn,Joost,Aldeia de Juzo,01.02.1954,Portugal,jjoost23@ask.com,+351-380-549-6320
Ansley,Yarrington,,,,ayarrington24@buzzfeed.com,
Joseito,Gillie,Hövsan,14.02.1962,Azerbaijan,,+994-299-330-0823
Margaux,Coard,Bác Ái,30.07.1966,Vietnam,mcoard26@umn.edu,+84-634-164-6739
Melisent,Acosta,Aurora,02.08.1957,Philippines,macosta27@freewebs.com,+63-774-927-5859
Wynne,Buswell,Kendayakan,26.02.1993,Indonesia,wbuswell28@arstechnica.com,+62-624-650-4934
Marillin,Bassingham,Akkol’,07.07.1976,Kazakhstan,mbassingham29@webs.com,+7-506-741-9340
Laurence,Philipsohn,Cuntan,06.03.1974,China,lphilipsohn2a@skyrock.com,+86-428-110-7261
Noemi,Colegate,Keda,12.05.1983,China,ncolegate2b@utexas.edu,+86-203-501-8931
Gael,Flaubert,Bus’k,12.07.1996,Ukraine,gflaubert2c@studiopress.com,+380-518-701-8006
Gillie,Peskin,Wulong,23.04.1989,China,,+86-911-580-2577
Aggy,Kembry,Fort Portal,11.02.1950,Uganda,akembry2e@ucoz.ru,+256-535-575-9379
Marna,Baldazzi,Cachoeirinha,12.10.1959,Brazil,mbaldazzi2f@baidu.com,+55-442-442-3325
Waverley,Colebeck,Leleque,22.01.1975,Argentina,wcolebeck2g@psu.edu,+54-742-841-5216
Cointon,Genney,Binuangeun,31.12.1953,Indonesia,cgenney2h@dropbox.com,+62-159-255-5034
Jillie,Pallin,Litian,27.02.1996,China,jpallin2i@google.com.hk,+86-791-922-3239
Colan,Colegrove,Koronowo,22.03.1977,Poland,ccolegrove2j@odnoklassniki.ru,+48-601-875-4370
Celestine,Duce,Sukhinichi,25.09.1960,Russia,cduce2k@epa.gov,+7-362-925-3829
Cole,Brunstan,Jiangkou,06.10.1994,China,cbrunstan2l@disqus.com,+86-125-690-3710
Sallyanne,Josefs,Magomeni,25.02.1960,Tanzania,sjosefs2m@over-blog.com,+255-741-955-2773
Dulcia,Beveridge,Phú Thái,16.05.1989,Vietnam,dbeveridge2n@behance.net,+84-540-662-5513
Kippy,Tiffin,Trelleborg,03.02.1976,Sweden,,+46-523-919-2439
Thaddus,Saby,,,,tsaby2p@xrea.com,
Auberon,Bischop,Maglaj,17.02.1966,Bosnia and Herzegovina,,+387-481-848-7517
Garfield,Lakenden,Unidos,24.09.1984,Philippines,,+63-160-160-4267
Alick,Poacher,Wolomarang,04.11.1956,Indonesia,,+62-338-799-7210
Masha,Alvaro,Anjirserapat,19.05.1971,Indonesia,malvaro2t@icio.us,+62-470-752-0289
Rurik,MacFarland,Armação de Búzios,17.02.1984,Brazil,rmacfarland2u@imgur.com,+55-516-522-8625
Adriano,Vine,Tambakmerak,08.04.1986,Indonesia,avine2v@biblegateway.com,+62-837-433-3621
Nero,Tremble,Leipsoí,06.01.1999,Greece,ntremble2w@sohu.com,+30-808-979-7581
Elfrieda,Dalzell,Goodlands,03.09.1953,Mauritius,edalzell2x@addtoany.com,+230-933-715-5641
Annabal,Bickell,Munturkaju,20.04.1978,Indonesia,abickell2y@answers.com,+62-137-453-2409
Loretta,Bergstrand,,,,lbergstrand2z@over-blog.com,
Fredrick,Brannon,Qingyang,18.10.1969,China,fbrannon30@wordpress.com,+86-163-240-6141
Trude,Sandeman,Saint Louis,10.07.1976,United States,tsandeman31@a8.net,+1-314-527-1254
Marne,Maudsley,Fylí,21.01.1961,Greece,,+30-750-744-6883
Amerigo,Dungey,Huari,22.03.1998,Peru,adungey33@feedburner.com,+51-633-293-2894
Moyna,Borland,Beaufort,14.12.1972,United States,mborland34@fotki.com,+1-843-724-5298
Trip,Chamney,Winong,04.10.1983,Indonesia,tchamney35@cnbc.com,+62-997-113-8167
Emerson,Chiles,Åkersberga,26.04.1964,Sweden,echiles36@hc360.com,+46-854-616-4772
Tova,Walley,San Miguel,27.11.1997,Mexico,twalley37@desdev.cn,+52-157-289-6219
Palmer,Mingasson,Nizwá,03.10.1955,Oman,pmingasson38@microsoft.com,+968-262-290-2816
Marlow,Mungham,Zabłocie,23.05.1959,Poland,mmungham39@sourceforge.net,+48-849-334-9047
Kerry,Grigori,Huangtu,03.04.1999,China,kgrigori3a@narod.ru,+86-693-729-3903
Raul,Ross,Sidi Bousber,12.10.1957,Morocco,rross3b@example.com,+212-961-423-3029
Oates,Flintoft,,,,oflintoft3c@mapy.cz,
Jammal,O' Molan,Jiangfeng,19.08.1996,China,jomolan3d@dailymail.co.uk,+86-784-337-9227
Dyane,Banner,Karanggedang,02.07.1992,Indonesia,dbanner3e@indiegogo.com,+62-551-965-0849
Lucinda,Fagg,Kajaani,02.10.1981,Finland,lfagg3f@sciencedirect.com,+358-433-604-8268
Alexei,Coxall,Xicun,15.08.1982,China,acoxall3g@miitbeian.gov.cn,+86-484-290-1306
Quinn,Yele,,,,qyele3h@sciencedaily.com,
Melantha,Schole,Västerås,25.10.1979,Sweden,mschole3i@sitemeter.com,+46-898-869-7210
Keslie,Rustadge,Myitkyina,25.08.1989,Myanmar,krustadge3j@bbc.co.uk,+95-767-531-6770
John,Oswald,Mitake,16.12.1962,Japan,joswald3k@is.gd,+81-149-582-4952
Melodee,Slatter,Smolenka,17.06.1950,Russia,,+7-509-353-6412
Damiano,Durek,Artsvanist,05.11.1981,Armenia,ddurek3m@foxnews.com,+374-545-671-2167
Debby,Matieu,Obryte,20.02.1992,Poland,dmatieu3n@bandcamp.com,+48-828-370-9852
Kim,Wase,Shanhaiguan,16.07.1992,China,kwase3o@ning.com,+86-161-388-3148
Cristal,Seleway,Baratã,08.06.1989,Portugal,cseleway3p@webnode.com,+351-634-232-1538
Johanna,Caudle,Velestíno,28.10.1959,Greece,jcaudle3q@china.com.cn,+30-869-529-0083
Fidelio,Rooson,Štitar,12.09.1963,Serbia,frooson3r@google.com.br,+381-369-414-6402
Arlie,Marvelley,Olszanica,10.12.1952,Poland,amarvelley3s@cargocollective.com,+48-184-813-4936
Willie,Windsor,Gendiwu,07.03.1964,Indonesia,wwindsor3t@nps.gov,+62-637-554-8986
Alida,McGunley,Sukosari,21.02.1971,Indonesia,,+62-241-403-7752
Karita,Boughtwood,Lastoursville,02.01.1989,Gabon,kboughtwood3v@foxnews.com,+241-241-389-6989
Martina,Alfonsetto,Liangting,06.03.1998,China,malfonsetto3w@dagondesign.com,+86-587-434-8326
Fancie,Bridgnell,Taverny,22.09.1981,France,fbridgnell3x@liveinternet.ru,+33-890-114-7715
Arv,Sapwell,Vergara,17.04.1962,Uruguay,asapwell3y@oakley.com,+598-425-918-4141
Fredek,Wilson,Gunjur,15.10.1992,Gambia,fwilson3z@miitbeian.gov.cn,+220-735-405-2128
Adelina,Pote,Longkou,15.04.1980,China,apote40@macromedia.com,+86-268-348-9564
Andrej,Pfiffer,Kuala Lumpur,01.01.1983,Malaysia,apfiffer41@admin.ch,+60-488-498-4293
Cybil,Cacacie,Charleston,08.03.1964,United States,ccacacie42@microsoft.com,+1-304-172-4695
Etti,Shirer,Saratov,07.09.1986,Russia,eshirer43@stanford.edu,+7-835-212-7997
Kimberly,Teasdale-Markie,Novais,17.11.1985,Portugal,kteasdalemarkie44@cbsnews.com,+351-561-676-7321
Jemie,Spilsbury,Thị Trấn Mường Lát,08.03.1984,Vietnam,jspilsbury45@businessweek.com,+84-740-180-6056
Wren,Marxsen,Kotabaru,29.04.1994,Indonesia,wmarxsen46@trellian.com,+62-821-389-7117
Madalena,Saffell,Kandangan,18.10.1951,Indonesia,,+62-252-101-3522
Gerty,De Caroli,Jandaia do Sul,14.02.1961,Brazil,,+55-954-493-9842
Linnet,Bullimore,Lukrejo,25.05.1972,Indonesia,,+62-422-202-8117
Constanta,Leadstone,Chodová Planá,07.12.1959,Czech Republic,cleadstone4a@newyorker.com,+420-736-237-2409
Fionnula,Forkan,Santaluz,08.09.1973,Brazil,,+55-957-106-2363
Kimmi,Roistone,Qamdo,18.04.1977,China,kroistone4c@mlb.com,+86-711-372-8038
Torey,Fery,San Clemente,26.06.1984,Peru,tfery4d@phoca.cz,+51-675-559-9411
Edwina,Alf,Qiwen,26.10.1960,China,ealf4e@ibm.com,+86-433-883-0190
Cyb,Farres,Oklahoma City,07.07.1999,United States,cfarres4f@yolasite.com,+1-405-508-2881
Marina,Linsey,Wenchi,25.07.1981,Ghana,mlinsey4g@trellian.com,+233-923-306-1422
Ortensia,MacCostye,Dongtang,22.09.1999,China,omaccostye4h@msn.com,+86-631-661-2074
Quintana,D'Adda,Guruafin,11.01.1971,Indonesia,qdadda4i@mozilla.org,+62-126-168-5019
Fulvia,Rizzardi,,,,frizzardi4j@msu.edu,
Danya,Wiltshear,San José de las Lajas,16.02.1981,Cuba,dwiltshear4k@europa.eu,+53-303-450-1215
Carlee,Babin,Ōkawara,08.06.1974,Japan,,+81-284-814-5549
Felice,Ovington,Zall-Herr,07.05.1958,Albania,fovington4m@pbs.org,+355-608-588-7837
Gwennie,Segot,Kamina,07.09.1963,Democratic Republic of the Congo,,+242-410-948-1930
Dierdre,Slocum,Borbon,10.01.1982,Philippines,dslocum4o@bloglines.com,+63-555-626-2778
Arabel,Tichelaar,,,,atichelaar4p@ning.com,
Seline,Cicchelli,Guaçuí,25.01.1964,Brazil,scicchelli4q@loc.gov,+55-642-359-4183
Gerrie,Airds,Thị Trấn Thanh Lưu,22.04.1957,Vietnam,gairds4r@posterous.com,+84-462-661-6430
Frasier,Carmel,Guanting,08.12.1954,China,,+86-150-982-6643
Tildie,Hanselmann,Koina,17.12.1961,Gambia,thanselmann4t@ebay.co.uk,+220-812-743-4724
Erin,Alchin,Tuanjie,24.11.1952,China,ealchin4u@istockphoto.com,+86-685-333-6831
Noel,Shadrack,Vinica,22.12.1979,Macedonia,nshadrack4v@ycombinator.com,+389-872-435-8152
Marin,Hayselden,Jetis,17.03.1986,Indonesia,mhayselden4w@time.com,+62-399-306-2285
Raviv,Willbraham,Kosmonosy,05.05.1950,Czech Republic,rwillbraham4x@dot.gov,+420-610-612-4265
Leila,Larmouth,Keda,13.12.1983,China,llarmouth4y@ask.com,+86-201-521-9767
Kalinda,Orkney,Harrismith,20.11.1960,South Africa,korkney4z@gravatar.com,+27-517-844-6090
Harris,Caw,Sugcad,24.07.1996,Philippines,hcaw50@istockphoto.com,+63-457-803-7247
Shara,Guitonneau,Berezne,02.07.1970,Ukraine,sguitonneau51@theguardian.com,+380-623-103-0482
Ophelie,Yakobowitch,Nueva Arica,02.08.1951,Peru,oyakobowitch52@e-recht24.de,+51-334-397-8346
Hortense,Caberas,Rano,24.10.1985,Nigeria,hcaberas53@ft.com,+234-110-258-0816
Jacquelynn,Godard,Gorzów Wielkopolski,12.02.1985,Poland,jgodard54@spotify.com,+48-154-172-5629
Rog,Dei,Profítis Ilías,29.05.1968,Greece,rdei55@paypal.com,+30-822-849-0876
Valerie,Jaquiss,Pasarnangka,29.12.1973,Indonesia,vjaquiss56@1688.com,+62-802-440-5136
Sophi,Dawkes,Roanne,13.11.1981,France,sdawkes57@mtv.com,+33-750-612-7612
Evvy,Grinnikov,Sitangkai,19.06.1959,Philippines,egrinnikov58@geocities.com,+63-782-712-1439
Sheffie,Tesmond,,,,stesmond59@who.int,
Neal,Del Castello,Dananshan,31.01.1950,China,ndelcastello5a@thetimes.co.uk,+86-895-331-5900
Othilie,Langcaster,Gradishtë,05.07.1973,Albania,,+355-608-168-1382
Wallie,Buckner,Kutorejo,07.05.1994,Indonesia,wbuckner5c@163.com,+62-399-200-5129
Flynn,Braban,,,,fbraban5d@barnesandnoble.com,
Bancroft,Van der Brugge,Banjar Tiga,03.11.1976,Indonesia,bvanderbrugge5e@1688.com,+62-348-349-7033
Benita,Ogglebie,Heydərabad,18.04.1971,Azerbaijan,bogglebie5f@nbcnews.com,+994-486-624-4783
Edwin,McMennum,Shatrovo,05.05.1970,Russia,emcmennum5g@nature.com,+7-383-987-7577
Galvin,Carlill,Wamba,28.03.1984,Nigeria,gcarlill5h@phoca.cz,+234-217-856-3148
Codee,Soots,Yuanba,08.06.1966,China,csoots5i@livejournal.com,+86-958-756-0004
Patrizius,Cullotey,Oslo,28.07.1961,Norway,pcullotey5j@google.de,+47-524-330-2163
Johanna,Handasyde,Viana do Castelo,11.04.1958,Portugal,,+351-247-698-8852
Peter,Dutteridge,Barranca,16.06.1963,Peru,pdutteridge5l@unicef.org,+51-272-335-6599
Arleta,Armsby,Warmbaths,26.03.1994,South Africa,aarmsby5m@princeton.edu,+27-217-339-6257
Dacy,Rutty,Loures,29.12.1986,Portugal,,+351-824-972-6493
Egbert,Rattenberie,Rangxi,30.03.1980,China,erattenberie5o@msn.com,+86-842-536-7303
Catharina,Antonoczyk,Suodenniemi,27.09.1986,Finland,cantonoczyk5p@instagram.com,+358-395-952-9393
Christy,Welford,Beaumont,16.10.1962,United States,cwelford5q@spiegel.de,+1-936-870-9083
Sibyl,Tranfield,Dorchester,20.07.1980,Canada,stranfield5r@webs.com,+1-146-496-3233
Bogey,Kenafaque,,,,,
Tamar,Grainge,Phalaborwa,09.02.1988,South Africa,tgrainge5t@ca.gov,+27-340-986-9755
Dominique,Furmenger,Yungaisi,08.03.1992,China,dfurmenger5u@nifty.com,+86-950-868-0940
Mitchel,Richemond,Goúvai,25.11.1975,Greece,mrichemond5v@squidoo.com,+30-735-708-3394
Saul,Carss,Ondoy,07.11.1998,Philippines,scarss5w@cornell.edu,+63-275-367-7177
Dolli,Boyn,Baoshi,23.08.1955,China,dboyn5x@cnet.com,+86-631-568-1459
Stella,Killeley,Xarsingma,18.01.1960,China,skilleley5y@wordpress.org,+86-430-637-1743
Sheffield,Beedom,,,,,
Dode,Linke,Aldeia de Além,02.03.1962,Portugal,,+351-546-866-7893
Antoinette,Del Castello,Cajati,28.08.1986,Brazil,adelcastello61@cnet.com,+55-384-278-7251
Kit,Livingston,Nogueira,17.12.1966,Portugal,klivingston62@bravesites.com,+351-450-565-9939
Dolly,McIlrath,Boa Vista,29.10.1959,Brazil,dmcilrath63@blogger.com,+55-545-986-4225
Jacky,Nitto,Pavlohrad,10.07.1992,Ukraine,jnitto64@dion.ne.jp,+380-632-129-9734
Dall,Churms,Chiconi,09.12.1966,Mayotte,,+269-741-488-6369
Julina,Grzegorzewski,Jiupu,27.07.1963,China,jgrzegorzewski66@epa.gov,+86-667-214-2982
Ruperto,Galbreath,San Clemente,13.02.1966,Chile,rgalbreath67@house.gov,+56-691-527-2920
Edmund,Bewlay,Shijie,14.06.1970,China,ebewlay68@latimes.com,+86-762-845-7867
Felipe,Maeer,Willemstad,24.10.1985,Curacao,fmaeer69@blogtalkradio.com,+599-734-874-0781
Bentley,Papez,Abengourou,13.06.1992,Ivory Coast,bpapez6a@patch.com,+225-589-957-2728
Indira,Adds,Karangbungur,14.03.1974,Indonesia,iadds6b@google.ca,+62-732-603-6056
Randi,Brideoke,Gandu,22.12.1971,Brazil,rbrideoke6c@time.com,+55-348-442-4527
Ira,Scholte,Huangnihe,09.03.1974,China,ischolte6d@blog.com,+86-293-439-4604
Tierney,Emloch,Pongola,07.07.1963,South Africa,temloch6e@wikipedia.org,+27-107-392-1059
Lira,Boardman,Décines-Charpieu,17.06.1997,France,lboardman6f@accuweather.com,+33-236-517-9218
Adelaide,Sweating,Tembisa,16.11.1984,South Africa,asweating6g@chicagotribune.com,+27-710-838-5605
Maurene,Sterry,Staromyshastovskaya,16.11.1973,Russia,msterry6h@irs.gov,+7-632-458-5518
Zachariah,Bertouloume,Cristóbal,20.02.1957,Dominican Republic,,+1-811-401-8565
Lance,Zealy,Крива Паланка,29.07.1957,Macedonia,,+389-641-825-3085
Lenee,Rizzo,Cumanayagua,21.12.1991,Cuba,lrizzo6k@japanpost.jp,+53-654-807-1606
Kippie,Whiteoak,Mata,13.03.1992,Portugal,,+351-203-782-2704
Dorie,Tudor,Tolotangga,13.10.1963,Indonesia,dtudor6m@walmart.com,+62-330-788-4199
Dulcine,Straniero,,,,dstraniero6n@usgs.gov,
Marylynne,Atyeo,Athmuqam,03.05.1980,Pakistan,matyeo6o@google.com.br,+92-983-390-9493
Shelby,Ayscough,Luoping,17.01.1954,China,sayscough6p@springer.com,+86-291-746-7515
Charis,Kerr,Cotaparaco,03.05.1994,Peru,ckerr6q@twitpic.com,+51-562-432-2585
Jewel,Ollerhead,Looc,22.09.1962,Philippines,,+63-284-447-5418
Mendie,Minnette,Diancun,18.06.1952,China,mminnette6s@amazon.de,+86-505-268-9320
Katuscha,Vice,Ånge,27.02.1961,Sweden,kvice6t@usda.gov,+46-103-182-9375
Nehemiah,Greenhalgh,San Juan Bautista,29.12.1951,Paraguay,ngreenhalgh6u@epa.gov,+595-709-707-1810
Hattie,Redhole,Calbuco,04.08.1981,Chile,hredhole6v@soup.io,+56-231-489-0425
Humbert,Beards,Jaen,31.01.1985,Spain,hbeards6w@technorati.com,+34-338-162-0615
Anatola,Churms,Rafaï,29.09.1968,Central African Republic,,+236-815-771-8161
Tootsie,Champneys,La Concordia,24.05.1996,Nicaragua,tchampneys6y@geocities.jp,+505-516-162-9662
Hewet,Draude,Cibeureum,28.10.1986,Indonesia,hdraude6z@phoca.cz,+62-597-773-1987
Lyle,Thrush,Serzedo,02.06.1976,Portugal,lthrush70@census.gov,+351-974-479-1335
Chris,Howbrook,Beishan,24.02.1988,China,chowbrook71@unesco.org,+86-611-346-3314
Sherman,Petow,Apalit,29.03.1961,Philippines,,+63-308-434-9955
Gianni,Brundale,Lazdijai,19.04.1961,Lithuania,gbrundale73@businesswire.com,+370-234-689-7344
Perle,Paschek,Paloh,15.03.1976,Indonesia,ppaschek74@mozilla.com,+62-139-917-7142
Daniella,Carruth,,,,dcarruth75@simplemachines.org,
Gil,Setchfield,Bezhta,01.03.1955,Russia,gsetchfield76@cargocollective.com,+7-799-489-2693
Barron,Syratt,Rettikhovka,17.10.1990,Russia,bsyratt77@behance.net,+7-146-794-3900
Forrester,Smitham,Latacunga,30.12.1985,Ecuador,,+593-172-567-3837
Roosevelt,Maitland,Sap Yai,21.07.1951,Thailand,,+66-621-727-3601
Matt,Samwaye,Mazamet,09.05.1965,France,,+33-639-862-0693
Noelle,Trodler,Al Tuḩaytā’,05.07.1959,Yemen,ntrodler7b@foxnews.com,+967-226-882-9301
Micaela,Claire,Palanas,25.04.1963,Philippines,mclaire7c@ft.com,+63-622-473-0319
Benson,Massimi,Rossosh’,06.04.1955,Russia,bmassimi7d@illinois.edu,+7-710-910-9295
Bunnie,Twell,Sakaidechō,20.12.1971,Japan,btwell7e@shinystat.com,+81-568-616-6621
Jaclyn,Shewsmith,Ji’an,19.07.1957,China,jshewsmith7f@yellowbook.com,+86-999-948-1449
Euell,Braney,Zhuangshi,11.03.1980,China,ebraney7g@dyndns.org,+86-155-165-0367
Jamaal,Dyche,Saint Ann’s Bay,23.03.1992,Jamaica,,+1-361-193-5778
Charmian,Delacote,Sydney,14.10.1966,Australia,cdelacote7i@amazon.co.uk,+61-313-620-0916
Aurore,Murden,Bošnjaci,01.05.1964,Croatia,amurden7j@businessinsider.com,+385-367-539-1991
Giacinta,Reader,Mellila,12.05.1971,Morocco,greader7k@godaddy.com,+212-407-986-9009
Hilario,Liddell,Sokolnice,28.10.1976,Czech Republic,hliddell7l@sun.com,+420-248-380-9881
Glennie,Kernar,Guanyinsi,14.05.1968,China,gkernar7m@abc.net.au,+86-921-474-9713
Ange,Gascoine,Bantawora,16.10.1957,Indonesia,agascoine7n@admin.ch,+62-826-400-1696
Nara,Beazley,Naurskaya,05.10.1998,Russia,,+7-804-825-0133
Gareth,Knifton,,,,gknifton7p@sogou.com,
Lizzie,Wearne,Ringinrejo,28.05.1950,Indonesia,lwearne7q@nifty.com,+62-761-101-7528
Gaylord,Feary,Cerrito,05.06.1963,Paraguay,gfeary7r@etsy.com,+595-874-325-4018
Matty,D'Ambrosi,Kos,15.04.1962,Greece,,+30-635-308-2659
Arel,Melmoth,Besançon,29.06.1952,France,amelmoth7t@phoca.cz,+33-761-307-0098
Obed,Medcalfe,Morales,11.09.1995,Guatemala,,+502-431-786-8081
Chiquita,Cliburn,Ekimchan,24.01.1953,Russia,ccliburn7v@instagram.com,+7-397-464-6396
Coretta,Orritt,Vincennes,08.12.1963,France,corritt7w@shutterfly.com,+33-657-765-9457
Shawn,Ludwell,Osa,11.08.1955,Russia,sludwell7x@wordpress.org,+7-542-400-3014
Rakel,Pikhno,Banepa,08.02.1964,Nepal,rpikhno7y@huffingtonpost.com,+977-226-512-7857
Pincus,Bride,Jorong,14.07.1991,Indonesia,pbride7z@plala.or.jp,+62-947-789-7132
Marice,Stanfield,Petrópolis,24.07.1998,Brazil,,+55-941-959-9050
Britta,Gribbins,La Tinguiña,11.03.1988,Peru,bgribbins81@nymag.com,+51-766-100-3264
Bill,MacRirie,Zelenograd,08.11.1977,Russia,bmacririe82@mac.com,+7-226-607-2533
Ingemar,Blaisdell,Birmingham,08.12.1990,United Kingdom,iblaisdell83@github.io,+44-864-847-4936
Merrill,Warry,Kėdainiai,18.02.1976,Lithuania,mwarry84@google.com.hk,+370-639-168-7867
Raimundo,Riediger,Saint-Dizier,24.04.1970,France,rriediger85@nationalgeographic.com,+33-297-626-6554
De witt,Katte,Majiang,29.08.1952,China,dkatte86@yellowbook.com,+86-811-405-3136
Merrile,Clashe,Toyama-shi,17.04.1963,Japan,mclashe87@wufoo.com,+81-584-102-1851
Isidro,Brisco,Matwaḩ,07.06.1978,Yemen,ibrisco88@chronoengine.com,+967-125-574-3892
Melisande,Knight,,,,mknight89@foxnews.com,
Doris,Morter,Cete,14.04.1978,Portugal,dmorter8a@slideshare.net,+351-415-844-0555
Marian,Braikenridge,Puerto Asís,19.01.1961,Colombia,mbraikenridge8b@opera.com,+57-295-727-8877
Anselma,Brumfitt,Nggalak,30.01.1961,Indonesia,abrumfitt8c@wikispaces.com,+62-600-132-8769
Willdon,Bareham,Trairi,02.10.1993,Brazil,wbareham8d@ning.com,+55-439-366-1875
Darcie,Giles,Omaha,21.07.1982,United States,dgiles8e@yahoo.com,+1-402-411-0573
Karena,Vain,Jiangcun,09.02.1989,China,kvain8f@gmpg.org,+86-180-264-4959
Vally,Crack,Kozmice,18.07.1965,Czech Republic,vcrack8g@google.com.br,+420-746-639-7192
Vick,Humphrys,Rulenge,09.04.1990,Tanzania,vhumphrys8h@jiathis.com,+255-493-643-2772
Malvin,Ferry,Góra,13.11.1956,Poland,mferry8i@apache.org,+48-461-766-7873
Nickolas,Waggett,,,,,
Salli,Hinze,Hushaat,13.02.1998,Mongolia,shinze8k@imgur.com,+976-307-415-8858
Viviana,Bauckham,Toyohashi,01.06.1954,Japan,vbauckham8l@php.net,+81-819-372-7089
Dionysus,Edinburough,Tlumach,04.02.1971,Ukraine,dedinburough8m@latimes.com,+380-567-939-2507
Betteanne,Bristowe,Hongde,06.02.1954,China,bbristowe8n@nasa.gov,+86-959-413-8995
Wiatt,Connealy,Bridgewater,20.08.1991,Canada,wconnealy8o@amazon.co.jp,+1-431-364-1585
Arni,Houdmont,Ash Shiḩr,13.10.1985,Yemen,ahoudmont8p@scribd.com,+967-360-262-2104
Hertha,Ollivier,Chucatamani,05.02.1972,Peru,hollivier8q@hibu.com,+51-903-878-5202
Janeta,Darwen,Bankim,16.09.1981,Cameroon,jdarwen8r@odnoklassniki.ru,+237-202-933-4409
Jessey,Kildahl,Santa Clara La Laguna,07.06.1951,Guatemala,,+502-323-833-3938
Constantine,Willows,Lófos,17.11.1972,Greece,cwillows8t@yahoo.com,+30-579-679-5280
Crosby,Ladyman,Bokaa,04.08.1963,Botswana,,+267-486-524-1395
Salvador,Awcock,Tuanalepe,16.01.1995,Indonesia,sawcock8v@chronoengine.com,+62-322-311-4930
Kimberley,Rollin,Shuiquan,22.03.1974,China,krollin8w@hugedomains.com,+86-479-765-0227
Abeu,Baroc,,,,,
Dalila,Philliphs,Monte Carmelo,11.03.1986,Brazil,dphilliphs8y@sun.com,+55-398-368-8855
Lil,Hadigate,Ogurugu,09.08.1981,Nigeria,lhadigate8z@comsenz.com,+234-434-804-7349
Nanny,Spiring,Tuojiang,25.12.1956,China,,+86-288-946-7120
Phillipp,Josskoviz,Šibenik,08.02.1969,Croatia,pjosskoviz91@gov.uk,+385-367-646-9766
Fernando,Rootes,Guaíba,26.10.1955,Brazil,frootes92@yahoo.co.jp,+55-256-372-2058
Job,Gabe,Fengxian,14.10.1974,China,jgabe93@mit.edu,+86-741-596-8190
Britte,Eveling,São Torcato,13.03.1979,Portugal,,+351-216-324-3277
Gisella,Malyan,Madrid,23.02.1954,Spain,gmalyan95@discuz.net,+34-981-768-9317
Katya,McPherson,Otavalo,23.06.1975,Ecuador,kmcpherson96@flickr.com,+593-801-436-4406
Maryanna,Widdop,Concepcion,19.03.1999,Philippines,mwiddop97@usa.gov,+63-318-413-9325
Teresa,Smithe,Yefremov,04.04.1956,Russia,tsmithe98@cloudflare.com,+7-883-849-6643
Riannon,Nutten,Sanlei,12.04.1993,China,,+86-552-423-4092
Cynthie,Voas,Yamparáez,15.10.1990,Bolivia,cvoas9a@vk.com,+591-865-779-6910
Emmett,Raiment,,,,eraiment9b@dedecms.com,
Reider,Pirson,President Roxas,04.02.1992,Philippines,,+63-952-125-0211
Garreth,Mosconi,Toul,18.01.1988,France,gmosconi9d@github.io,+33-498-628-7287
Misha,O'Callaghan,Hukeng,09.12.1952,China,mocallaghan9e@bandcamp.com,+86-313-615-9482
Dorry,Fetteplace,Fort Wayne,01.10.1951,United States,dfetteplace9f@hatena.ne.jp,+1-260-492-7435
Elwira,Dickenson,Tianzhen,02.12.1989,China,edickenson9g@bloglines.com,+86-139-885-9364
Emory,Rofe,,,,,
Harald,Gommes,Estacion,30.05.1996,Philippines,,+63-875-373-2014
Corie,Jerche,Revolucion,14.06.1954,Mexico,cjerche9j@surveymonkey.com,+52-945-312-6161
Perle,McLukie,Luziânia,09.07.1965,Brazil,pmclukie9k@multiply.com,+55-834-468-3940
Nap,Fermer,Sebedo,16.09.1962,Indonesia,,+62-116-593-5285
Garry,Retchless,Chanika,01.06.1981,Tanzania,gretchless9m@unicef.org,+255-356-971-2771
Roosevelt,Lambdon,Caseros,24.04.1983,Argentina,rlambdon9n@archive.org,+54-797-403-4182
Fidela,Justham,Kekeri,18.10.1990,Indonesia,fjustham9o@clickbank.net,+62-170-954-5057
Florri,Percival,Vargas,15.11.1956,Philippines,fpercival9p@businessweek.com,+63-670-350-1861
Osmund,Beldam,Damascus,08.12.1971,Syria,obeldam9q@indiegogo.com,+963-640-784-1108
Thurstan,Gimblett,Oslob,14.06.1987,Philippines,,+63-346-866-8152
Alena,Mushett,Timóteo,01.01.1982,Brazil,amushett9s@disqus.com,+55-222-999-2321
Dyane,Drillingcourt,Zakupne,08.12.1950,Ukraine,ddrillingcourt9t@spiegel.de,+380-188-958-9752
Mabel,Hawkswood,Kute,08.08.1991,Indonesia,,+62-807-246-1568
Diandra,De Domenicis,Basa,23.05.1986,Philippines,ddedomenicis9v@pcworld.com,+63-775-106-2746
Beltran,Willoughby,Arrën,11.03.1983,Albania,bwilloughby9w@cam.ac.uk,+355-507-948-7584
Willdon,Fleming,Valašská Bystřice,24.06.1965,Czech Republic,wfleming9x@time.com,+420-839-254-7849
Edan,Pavlasek,Kankan,01.12.1968,Guinea,epavlasek9y@gnu.org,+224-141-785-2907
Jaclyn,Guppey,Tubli,28.07.1987,Philippines,jguppey9z@mashable.com,+63-317-528-8201
Stern,Goodram,Kutamandarakan,12.01.1980,Indonesia,sgoodrama0@nytimes.com,+62-726-964-4859
Zebulon,Boyack,Laagri,06.07.1965,Estonia,zboyacka1@mapquest.com,+372-314-280-6152
Winnie,Clayson,Baro Kunda,23.04.1962,Gambia,wclaysona2@dell.com,+220-235-917-0178
Berthe,Sandercock,Saint Petersburg,13.07.1970,United States,bsandercocka3@multiply.com,+1-727-117-5718
Stephine,Torrans,Mizdah,15.05.1972,Libya,storransa4@nbcnews.com,+218-460-692-6524
Joeann,Chant,Sut-Khol’,25.11.1987,Russia,,+7-614-230-6826
Margaretta,Antonovic,Hägersten,06.08.1986,Sweden,mantonovica6@dyndns.org,+46-190-880-3920
Vanni,Byrth,Adani,06.05.1989,Nigeria,vbyrtha7@surveymonkey.com,+234-748-738-5837
Clarie,Flode,Chīchāwatni,11.09.1976,Pakistan,cflodea8@google.com.au,+92-402-332-5457
Cullie,Crumpton,,,,ccrumptona9@qq.com,
Velvet,Buxcey,Thị Trấn Phù Yên,21.07.1965,Vietnam,vbuxceyaa@1688.com,+84-719-229-8771
Gaylord,Paxman,Täby,10.04.1954,Sweden,gpaxmanab@trellian.com,+46-480-629-8775
Arabela,Petheridge,Eséka,23.03.1971,Cameroon,apetheridgeac@mit.edu,+237-176-754-1563
Nari,Cranefield,Dorogobuzh,29.09.1963,Russia,ncranefieldad@spotify.com,+7-757-399-6504
Georgetta,Trahearn,Wyśmierzyce,21.07.1970,Poland,gtrahearnae@homestead.com,+48-401-694-7917
Osmond,Whistance,Waina,12.01.1998,China,owhistanceaf@discuz.net,+86-735-518-9917
Egon,Whitaker,Comitancillo,28.01.1959,Guatemala,,+502-190-829-4054
Tuesday,O'Fogerty,Szczerców,12.09.1968,Poland,tofogertyah@upenn.edu,+48-587-965-4765
Kakalina,Chinnick,Yuen Long Kau Hui,11.12.1972,Hong Kong,kchinnickai@cisco.com,+852-180-853-0385
Jae,O'Carrol,Zhongfang,09.11.1991,China,jocarrolaj@nyu.edu,+86-547-815-7982
Emory,Farlowe,Guruafin,17.10.1973,Indonesia,efarloweak@wix.com,+62-999-391-7350
Hilary,Freke,Linshui,14.09.1987,China,hfrekeal@about.me,+86-177-292-1085
Cordie,Collcott,Järna,20.12.1968,Sweden,ccollcottam@bluehost.com,+46-981-795-9864
Lory,Greggs,Wola Filipowska,16.06.1970,Poland,lgreggsan@csmonitor.com,+48-173-154-5907
Roberta,Schult,Huangchen,03.06.1961,China,,+86-586-547-5155
Brittani,Barefoot,Rennes,28.06.1961,France,,+33-107-689-7508
Yoshiko,Tylor,Bantarsari Kulon,19.07.1996,Indonesia,,+62-178-730-3397
Ellen,Durdle,Kangmei,13.05.1987,China,,+86-419-793-2490
Bengt,Heephy,Ambato Boeny,15.10.1964,Madagascar,,+261-213-846-3786
Bobbi,Fiddeman,Kożuchów,11.06.1962,Poland,bfiddemanat@mediafire.com,+48-913-476-1332
Meg,Reimer,Savonlinna,01.10.1965,Finland,mreimerau@cbslocal.com,+358-306-505-2061
Quinlan,Whyborne,Kawagoe,22.12.1968,Japan,qwhyborneav@senate.gov,+81-975-617-4214
Row,Lunnon,Faaone,12.08.1977,French Polynesia,,+689-687-916-3181
Lindie,Cheesman,Markaz Mudhaykirah,07.03.1972,Yemen,lcheesmanax@bloglovin.com,+967-970-122-8362
Mahalia,Aizic,Gaio,30.01.1968,Portugal,maizicay@webeden.co.uk,+351-762-954-9604
Lewie,Mapstone,Bắc Kạn,15.10.1959,Vietnam,,+84-374-611-3458
Sayre,Trumble,Mbuji-Mayi,14.06.1990,Democratic Republic of the Congo,strumbleb0@ocn.ne.jp,+242-133-394-5381
Morey,Towsie,Bayt ‘Īnūn,23.09.1996,Palestinian Territory,mtowsieb1@fc2.com,+970-178-988-5687
Inglis,Ellissen,Wenshui,11.08.1963,China,iellissenb2@miitbeian.gov.cn,+86-653-428-7692
Camella,Manchester,,,,cmanchesterb3@springer.com,
Dyane,Kill,Ansermanuevo,24.02.1952,Colombia,dkillb4@hao123.com,+57-227-206-4029
Meaghan,Gregr,Krasnogorskoye,04.10.1981,Russia,mgregrb5@soup.io,+7-356-412-4034
Keefe,Merlin,Kokar,31.03.1980,Indonesia,kmerlinb6@yelp.com,+62-539-431-9109
Stacey,Blodgetts,Labog,03.11.1980,Philippines,sblodgettsb7@china.com.cn,+63-221-148-9076
Hedvige,Christol,Novyye Cherëmushki,12.11.1960,Russia,hchristolb8@weather.com,+7-800-105-1808
Letty,Blakemore,Road Town,04.03.1975,British Virgin Islands,lblakemoreb9@businesswire.com,+1-130-700-0312
Avie,Mitskevich,Chengbei,14.05.1980,China,,+86-465-318-0215
Olva,Boutellier,Uralets,25.09.1988,Russia,oboutellierbb@imgur.com,+7-912-761-3390
Michaela,Askem,Puerto Asís,06.03.1995,Colombia,maskembc@mashable.com,+57-318-946-5875
Lenora,Yakunikov,Qandala,25.10.1974,Somalia,lyakunikovbd@berkeley.edu,+252-713-190-1337
Mel,Somerlie,Maganha,25.06.1950,Portugal,msomerliebe@ftc.gov,+351-702-528-0188
Jillane,Bellon,Bronx,28.11.1972,United States,jbellonbf@statcounter.com,+1-718-382-7507
Trey,Pesticcio,Suphan Buri,18.08.1970,Thailand,tpesticciobg@dyndns.org,+66-320-904-5887
Conn,Hoodless,Ebene,08.05.1979,Mauritius,choodlessbh@mail.ru,+230-166-237-5620
Gian,Gurge,Xiancun,13.09.1984,China,ggurgebi@wunderground.com,+86-150-280-2570
Atlanta,Iiannoni,Polyarnyye Zori,02.12.1990,Russia,aiiannonibj@indiegogo.com,+7-972-646-6910
Arther,Musker,Lagawe,08.06.1977,Philippines,amuskerbk@sciencedirect.com,+63-800-588-7297
Anthea,Catherine,Sliema,28.10.1972,Malta,acatherinebl@gov.uk,+356-769-612-8520
Fremont,Pidgin,Bunisari,27.11.1963,Indonesia,fpidginbm@aol.com,+62-271-608-2157
Valerie,Demaid,,,,vdemaidbn@cloudflare.com,
Seline,Watters,Naivasha,02.03.1993,Kenya,swattersbo@bigcartel.com,+254-958-144-5910
Cathyleen,Patkin,Puerto Boyacá,03.12.1992,Colombia,cpatkinbp@marketwatch.com,+57-361-760-7066
Florinda,Burberye,Moxi,30.12.1955,China,fburberyebq@webs.com,+86-829-122-5033
Meier,Mitchelson,Novyy Starodub,10.12.1967,Ukraine,mmitchelsonbr@cdbaby.com,+380-493-331-1432
Merline,Matysiak,Shaoha,13.09.1952,China,mmatysiakbs@epa.gov,+86-574-933-3919
Bryana,Thrift,Soutinho,08.07.1964,Portugal,bthriftbt@wikimedia.org,+351-272-264-9715
Corabella,Breach,Banjarejo,29.06.1982,Indonesia,,+62-699-701-3864
Barrett,Castelyn,Jaboatão dos Guararapes,05.08.1971,Brazil,bcastelynbv@usa.gov,+55-633-676-2674
Roseanna,Millom,,,,rmillombw@is.gd,
Gardy,Mitroshinov,Srebrenik,05.12.1979,Bosnia and Herzegovina,gmitroshinovbx@reuters.com,+387-295-611-1205
Skyler,Whitehouse,Jia’an,27.09.1995,China,swhitehouseby@constantcontact.com,+86-482-456-2799
Cordelia,Isabell,Narva,26.08.1990,Estonia,cisabellbz@miibeian.gov.cn,+372-227-860-2955
Pattin,Ourry,Bordeaux,30.01.1965,France,pourryc0@quantcast.com,+33-547-871-0442
Domenic,Juleff,Oliveirinha,11.02.1980,Portugal,djuleffc1@fotki.com,+351-429-779-4987
Jaimie,McKag,Atengmelang,18.11.1981,Indonesia,jmckagc2@dmoz.org,+62-663-937-8644
Denny,Hing,Sheshory,21.10.1985,Ukraine,,+380-460-313-6963
Isahella,Giorgi,Sekartaji,19.02.1976,Indonesia,igiorgic4@cocolog-nifty.com,+62-961-603-2801
Reese,Christie,Núi Đối,07.07.1955,Vietnam,,+84-293-414-2775
Trescha,Stoker,Kan,24.10.1993,China,tstokerc6@networkadvertising.org,+86-426-874-1981
Eric,Davern,Rezovac,31.12.1959,Croatia,edavernc7@yahoo.co.jp,+385-883-898-4635
Niel,Kedie,Káto Dhiminió,19.04.1991,Greece,nkediec8@dion.ne.jp,+30-613-526-7013
Tome,Blainey,Yupiltepeque,16.06.1965,Guatemala,tblaineyc9@multiply.com,+502-133-334-2846
Geordie,Orwell,Skutskär,10.10.1998,Sweden,gorwellca@gov.uk,+46-960-252-1595
Web,Seally,Trubchevsk,24.05.1959,Russia,,+7-695-135-2096
Blakeley,Frise,Chiang Mai,06.08.1975,Thailand,bfrisecc@patch.com,+66-666-106-8181
Germayne,Zannelli,Khon Kaen,16.01.1980,Thailand,,+66-352-488-9969
Sigismond,Moncrefe,Śmiłowo,12.04.1966,Poland,smoncrefece@squidoo.com,+48-878-711-9734
Barr,Boolsen,Lansing,24.11.1969,United States,bboolsencf@constantcontact.com,+1-517-980-7372
Aridatha,Alliberton,Kokkini Trimithia,11.09.1954,Cyprus,,+357-471-786-4874
Eydie,Myner,Khon Buri,14.02.1998,Thailand,emynerch@prweb.com,+66-862-919-7231
Dasha,Allso,,,,dallsoci@github.io,
Jeff,Geillier,Pingtan,05.10.1972,China,jgeilliercj@upenn.edu,+86-886-474-9669
Emlynne,Pladen,,,,epladenck@bluehost.com,
Alard,Gude,Yangzizhou,06.03.1956,China,agudecl@smh.com.au,+86-356-479-8958
Marcellina,Muffen,Mirošov,22.12.1971,Czech Republic,mmuffencm@businessinsider.com,+420-215-615-9463
Eryn,Ankrett,Pila,18.04.1974,Philippines,eankrettcn@plala.or.jp,+63-605-879-0251
Charlena,Seefus,Bočar,17.12.1994,Serbia,cseefusco@typepad.com,+381-746-393-4180
Nick,Rymour,São Miguel de Machede,05.05.1987,Portugal,nrymourcp@w3.org,+351-602-560-9162
Claire,Comar,,,,ccomarcq@google.fr,
Dyann,Sevitt,,,,dsevittcr@timesonline.co.uk,
Frank,Shirtliff,Pila,12.12.1984,Philippines,fshirtliffcs@cnn.com,+63-978-346-3421
Garvey,Bartens,Burgau,29.10.1977,Portugal,gbartensct@sourceforge.net,+351-852-339-3948
Dwayne,D'Almeida,Ciperang,31.03.1972,Indonesia,,+62-449-112-1838
Danita,Brient,Mihara,16.09.1974,Japan,dbrientcv@yahoo.com,+81-165-310-1041
Dorise,Yearby,Strenči,24.09.1955,Latvia,dyearbycw@plala.or.jp,+371-284-294-8953
Davie,Fassan,Bełk,04.06.1983,Poland,dfassancx@ehow.com,+48-107-299-1562
Jacobo,Christoffels,,,,jchristoffelscy@symantec.com,
Ebony,Tarren,Varge Mondar,17.08.1981,Portugal,,+351-362-284-1461
Candie,Shenton,,,,cshentond0@1688.com,
Claiborn,Gerrett,Nārang,19.07.1962,Pakistan,cgerrettd1@google.nl,+92-402-223-5119
Colin,Kerwin,Petite Anse,29.10.1994,Haiti,,+509-482-552-2237
Noelle,Yeandel,Tarvasjoki,03.12.1965,Finland,nyeandeld3@walmart.com,+358-752-564-4016
Niall,Brambley,Deshan,05.12.1990,China,nbrambleyd4@comcast.net,+86-901-271-9960
Ambros,Craddy,Koshigaya,06.07.1962,Japan,acraddyd5@cloudflare.com,+81-883-993-4679
Collen,Beebee,Yijing,17.10.1982,China,cbeebeed6@google.cn,+86-483-242-3971
Laure,Tzuker,Maying,05.11.1981,China,ltzukerd7@yandex.ru,+86-673-970-3997
Constantia,Kleinhausen,Sukasetia,27.10.1977,Indonesia,ckleinhausend8@yahoo.co.jp,+62-373-471-6570
Milty,Burge,Almelo,17.03.1988,Netherlands,mburged9@reference.com,+31-915-285-8614
Flint,Kensy,Xiachen,16.09.1955,China,fkensyda@sphinn.com,+86-790-847-9916
Almeda,Miere,Bantay,26.05.1993,Philippines,,+63-375-243-5868
Alexis,Flintoft,Nanchangshan,26.04.1994,China,aflintoftdc@amazon.de,+86-833-935-2175
Abby,Robertet,Powidz,23.02.1982,Poland,arobertetdd@com.com,+48-838-521-5431
Clare,Van,Roza,13.11.1977,Russia,cvande@japanpost.jp,+7-392-520-5675
Karna,Dyson,Szczaniec,12.06.1963,Poland,kdysondf@blog.com,+48-410-266-0028
Heindrick,Tuma,Ash Sharyah,27.10.1973,Yemen,htumadg@arizona.edu,+967-872-372-6742
Tiler,Amys,Cuntan,27.12.1964,China,tamysdh@wordpress.com,+86-172-585-1277
Merralee,MacDirmid,Kożuchów,17.07.1960,Poland,mmacdirmiddi@sfgate.com,+48-149-567-8994
Lynnelle,Parton,Willowdale,09.04.1964,Canada,lpartondj@shop-pro.jp,+1-170-749-2760
Harland,Booker,Lokatadho,13.06.1970,Indonesia,hbookerdk@japanpost.jp,+62-804-605-9926
Hallie,McGennis,Dallas,02.12.1964,United States,hmcgennisdl@sohu.com,+1-214-671-0132
Fawn,MacGuiness,Areni,29.10.1987,Armenia,fmacguinessdm@about.me,+374-153-864-3235
Clemence,Tesmond,Neyagawa,07.09.1970,Japan,ctesmonddn@amazonaws.com,+81-360-564-1315
Sherill,Speed,,,,sspeeddo@samsung.com,
Solly,Palmer,Esigodini,13.08.1991,Zimbabwe,spalmerdp@lulu.com,+263-756-794-0131
Nikita,Slimings,Paris 20,24.11.1959,France,,+33-226-842-7418
Renate,Minister,Sacramento,29.08.1957,United States,rministerdr@archive.org,+1-916-474-6327
Ainslie,Albiston,Norak,05.07.1979,Tajikistan,,+992-544-318-6986
Gustav,Jimmison,Phùng,26.01.1957,Vietnam,gjimmisondt@imgur.com,+84-650-712-5807
Celie,Malthus,Ulster Spring,21.05.1985,Jamaica,cmalthusdu@exblog.jp,+1-748-125-8745
Davine,Carrett,Zator,19.06.1964,Poland,dcarrettdv@digg.com,+48-820-204-4948
Monty,Bauldry,Bulubrangsi,23.04.1959,Indonesia,,+62-751-385-0922
Leonard,Philp,Shishi,13.03.1980,China,lphilpdx@prweb.com,+86-252-557-1608
Gae,Soame,Mislak,30.07.1959,Indonesia,gsoamedy@dropbox.com,+62-358-127-4977
Terry,Reiling,San Matías,26.10.1978,Bolivia,treilingdz@delicious.com,+591-164-552-6016
Susanna,Marikhin,Huaraz,15.10.1982,Peru,smarikhine0@shop-pro.jp,+51-202-496-1752
Lynette,O'Connolly,Črenšovci,05.04.1950,Slovenia,,+386-454-892-0664
Davy,Karchowski,Sertânia,22.07.1980,Brazil,,+55-252-941-5746
Hunter,Summerside,,,,hsummersidee3@un.org,
Jeffry,Fulleylove,,,,jfulleylovee4@spiegel.de,
Xaviera,Hallihane,Batulenger Barat,06.09.1979,Indonesia,xhallihanee5@alexa.com,+62-934-606-3746
Che,Butt,Qingyun,06.01.1981,China,,+86-186-887-6968
Alexis,Rosedale,Luntas,02.11.1980,Indonesia,arosedalee7@guardian.co.uk,+62-329-269-5648
Yevette,Casebourne,Uddevalla,03.08.1958,Sweden,ycasebournee8@netlog.com,+46-666-885-6474
Colet,Grisdale,Banjar Wates Tengah,12.07.1962,Indonesia,cgrisdalee9@about.me,+62-923-265-7945
Selia,Gland,Sulechów,22.08.1992,Poland,sglandea@chron.com,+48-599-515-9134
Rafaelia,Torrejon,Caucagüito,04.05.1997,Venezuela,rtorrejoneb@storify.com,+58-517-738-1956
Lonee,Fairhall,Taodian,06.11.1971,China,lfairhallec@deliciousdays.com,+86-308-971-9825
Roanne,Digman,Al Wajh,23.12.1955,Saudi Arabia,rdigmaned@cornell.edu,+966-842-921-8312
Genevieve,Frie,Loshnitsa,09.10.1979,Belarus,gfrieee@paginegialle.it,+375-913-496-2222
Kare,Millichip,Clichy,28.08.1959,France,kmillichipef@rakuten.co.jp,+33-416-657-3718
Gill,Roscoe,That Phanom,21.12.1976,Thailand,groscoeeg@goo.gl,+66-963-991-2334
Lanie,Besse,Paterson,02.09.1964,United States,lbesseeh@artisteer.com,+1-973-978-5051
Torre,Fannin,Włoszczowa,01.03.1966,Poland,,+48-610-767-8165
Horatio,Weedon,Changning,03.05.1963,China,hweedonej@patch.com,+86-163-926-2264
Dian,Elcock,Krikil,13.03.1971,Indonesia,delcockek@digg.com,+62-294-714-3649
Sheeree,Francescuccio,Sakerta Timur,07.07.1982,Indonesia,sfrancescuccioel@amazon.com,+62-257-772-7338
Marwin,Dubarry,Tukums,21.05.1958,Latvia,mdubarryem@google.ca,+371-325-771-5215
Gabi,Eddisford,Guanshan,15.03.1987,China,geddisforden@microsoft.com,+86-732-723-9639
Meridith,Edison,Abastumani,08.06.1974,Georgia,medisoneo@msn.com,+995-287-349-8652
Westley,Mullineux,Tonoshō,12.05.1956,Japan,wmullineuxep@goo.gl,+81-138-551-1038
Chrysa,Preuvost,‘Ūrīf,14.10.1982,Palestinian Territory,cpreuvosteq@prnewswire.com,+970-351-191-5665
Ruprecht,Cicconetti,Linköping,28.08.1997,Sweden,,+46-780-738-6721
Lib,Korneev,Parajara,21.12.1980,Indonesia,lkorneeves@gov.uk,+62-906-195-9879
Giff,Segrave,Huangben,04.05.1955,China,gsegraveet@newsvine.com,+86-264-845-7615
Cherice,Prazor,Bi’r al ‘Abd,26.02.1968,Egypt,cprazoreu@hexun.com,+20-859-638-8306
Humphrey,Goodman,Beit Horon,08.02.1994,Israel,hgoodmanev@4shared.com,+972-595-926-0317
Raphael,MacConneely,Yuanzhou,22.06.1980,China,rmacconneelyew@ask.com,+86-859-418-6807
Leoline,Goricke,Zonghan,23.01.1966,China,lgorickeex@macromedia.com,+86-265-526-1023
Miranda,Lyddiard,Rossosh’,07.01.1952,Russia,mlyddiardey@sun.com,+7-667-981-9242
Diannne,O'Codihie,Velika,09.02.1968,Croatia,docodihieez@cargocollective.com,+385-722-383-3365
Hulda,Isacoff,Benešov nad Černou,13.02.1958,Czech Republic,hisacofff0@trellian.com,+420-179-163-4330
Cordelie,Firle,Xuezhen,30.06.1958,China,cfirlef1@purevolume.com,+86-120-252-7746
Eva,Vasentsov,Pansoy,13.04.1983,Philippines,evasentsovf2@ask.com,+63-639-322-7711
Russell,Laffling,Bacungan,29.05.1977,Philippines,rlafflingf3@livejournal.com,+63-749-501-9238
Neil,Butchers,Doibang,27.06.1953,Indonesia,nbutchersf4@uiuc.edu,+62-480-669-1149
Thoma,Sampey,Radom,20.04.1977,Poland,tsampeyf5@techcrunch.com,+48-226-844-3926
Leonelle,Rozea,Laixi,23.11.1972,China,lrozeaf6@dailymotion.com,+86-262-692-1288
Lilia,Sanchez,Tanahedang,15.05.1994,Indonesia,lsanchezf7@facebook.com,+62-197-550-1413
Jonis,Coniff,Týn nad Vltavou,10.04.1969,Czech Republic,jconifff8@yandex.ru,+420-977-442-1730
Josey,Bottjer,Liuliping,08.06.1980,China,jbottjerf9@ocn.ne.jp,+86-449-832-2122
Daphna,Drinkeld,Ush-Tyube,14.04.1986,Kazakhstan,ddrinkeldfa@hostgator.com,+7-279-806-2698
Biddie,Gavriel,Kuybyshevo,23.05.1965,Russia,bgavrielfb@cyberchimps.com,+7-180-107-7251
Lyndel,Trassler,Calape,22.08.1993,Philippines,ltrasslerfc@51.la,+63-956-829-7941
Frankie,Hubble,Knysna,24.01.1996,South Africa,fhubblefd@meetup.com,+27-749-186-1135
Bili,Summerell,Iksan,24.05.1997,South Korea,bsummerellfe@fema.gov,+82-802-924-8413
Cheryl,Pulver,Sotteville-lès-Rouen,10.10.1965,France,cpulverff@wp.com,+33-487-343-8397
Brok,Bondar,Opinogóra Górna,12.08.1976,Poland,bbondarfg@live.com,+48-760-987-4323
Astrid,Hedworth,Dallas,18.07.1955,United States,ahedworthfh@behance.net,+1-972-601-9233
Glyn,Berthot,Ballymun,25.01.1993,Ireland,gberthotfi@lycos.com,+353-847-389-6715
Cristabel,Hegg,Sundsvall,28.05.1981,Sweden,cheggfj@globo.com,+46-146-843-7287
Cybil,Kyd,Wodzisław Śląski,21.07.1978,Poland,ckydfk@geocities.com,+48-854-469-4425
Kalil,Bechley,Baran,23.04.1984,Indonesia,kbechleyfl@geocities.jp,+62-282-460-6008
Trevar,Goldwater,Cache Creek,11.12.1973,Canada,tgoldwaterfm@army.mil,+1-360-430-0516
Selina,Dussy,Strzelce Krajeńskie,06.02.1972,Poland,sdussyfn@fda.gov,+48-974-999-6312
Byran,Ower,Ungus-Ungus,13.09.1993,Philippines,,+63-360-119-8945
Lita,Davidsohn,Longba,04.08.1953,China,,+86-887-433-3973
Harry,Speedin,Votuporanga,16.06.1974,Brazil,,+55-151-159-1317
Beatriz,Trimming,Pasuruan,05.05.1954,Indonesia,btrimmingfr@canalblog.com,+62-326-527-0757
Salvidor,Brayfield,Longshan,18.11.1970,China,sbrayfieldfs@ustream.tv,+86-551-197-3523
Kort,Advani,Vitrolles,08.04.1990,France,kadvanift@yahoo.co.jp,+33-717-760-6299
Giralda,Climo,Moravský Písek,16.11.1975,Czech Republic,gclimofu@wired.com,+420-595-636-5165
Humphrey,Aubrun,Philadelphia,08.05.1952,United States,,+1-610-285-9056
Vanya,Gunston,Lukou,18.08.1975,China,vgunstonfw@cornell.edu,+86-913-116-9317
Roldan,Worg,Lengshui,30.05.1959,China,rworgfx@google.com,+86-929-447-4337
Kiley,Kerbey,Qingyuan,23.09.1983,China,,+86-488-697-7232
Alethea,Godspeede,Ellös,13.06.1973,Sweden,agodspeedefz@tinyurl.com,+46-137-602-0639
Far,Smissen,Genteng,23.09.1978,Indonesia,fsmisseng0@cam.ac.uk,+62-524-540-1998
Meredeth,Peak,Ciriri,23.06.1985,Indonesia,mpeakg1@senate.gov,+62-582-101-0720
Pierre,Fortey,Peseng,03.04.1951,Indonesia,,+62-538-746-6343
Nolana,Dimitrescu,Condado,22.07.1961,Cuba,ndimitrescug3@reverbnation.com,+53-835-951-6858
Bathsheba,Yakunin,Pucangkrajan,30.09.1960,Indonesia,byakuning4@nih.gov,+62-622-869-6470
Bat,Cookley,Gambiran,11.09.1951,Indonesia,,+62-565-982-4835
Carlee,Bowker,El Espino,16.11.1978,Colombia,cbowkerg6@buzzfeed.com,+57-359-734-8478
Row,Skala,Eydhafushi,16.04.1957,Maldives,rskalag7@dion.ne.jp,+960-711-116-6055
Sander,Bordes,Xiaozhai,20.01.1979,China,,+86-607-878-1417
Zack,Osgar,Bethlehem,24.02.1962,South Africa,zosgarg9@booking.com,+27-322-260-0473
Lois,Hathaway,,,,,
Michel,Payne,Panan,09.08.1964,Philippines,,+63-887-819-8925
Laney,Dyka,Velasco Ibarra,13.01.1960,Ecuador,ldykagc@arstechnica.com,+593-167-907-2453
Diena,Farry,Muikamachi,01.05.1992,Japan,,+81-624-560-9085
Sadye,Hillatt,Balakasap,03.09.1972,Indonesia,shillattge@addthis.com,+62-787-615-2752
Meridith,Mahaddy,Chancay,18.04.1992,Peru,,+51-169-612-2903
Rorke,McNickle,Enewetak,21.03.1997,Marshall Islands,rmcnicklegg@freewebs.com,+692-552-714-6859
Lela,Maryska,Kaédi,02.07.1977,Mauritania,lmaryskagh@fotki.com,+222-206-514-0898
Jemima,Kubek,Maño,03.07.1956,Philippines,jkubekgi@berkeley.edu,+63-145-950-7408
Lari,Gemelli,Calumpit,14.02.1973,Philippines,lgemelligj@photobucket.com,+63-663-859-7935
Petr,Ravenscroft,,,,pravenscroftgk@dell.com,
Hall,Orme,Hainan,02.02.1957,China,hormegl@disqus.com,+86-476-512-5367
Adara,Hurler,Krajan Karangwage,21.12.1955,Indonesia,ahurlergm@barnesandnoble.com,+62-524-890-9397
Novelia,Denisyuk,Nanning,19.05.1978,China,,+86-898-494-8833
Letty,Charity,Tongquan,16.11.1964,China,lcharitygo@bluehost.com,+86-534-557-8974
Werner,Eickhoff,Tyler,26.09.1981,United States,,+1-903-127-9348
Zandra,Thomasset,Bendo,08.07.1955,Indonesia,zthomassetgq@ebay.com,+62-659-122-7118
Mattie,Carnall,Bailieborough,22.09.1989,Ireland,mcarnallgr@boston.com,+353-995-675-0565
Margret,Gagen,Orós,13.08.1969,Brazil,mgagengs@over-blog.com,+55-170-116-2414
Valaria,Brellin,,,,vbrellingt@apache.org,
Rikki,Eldritt,Xiaxihao,29.03.1984,China,,+86-656-408-4265
Oswell,Aubri,Chiţcani,09.03.1976,Moldova,,+373-491-617-9223
Foster,Ibbeson,Manta,07.07.1980,Ecuador,fibbesongw@stumbleupon.com,+593-232-312-9207
Rickie,Britch,Bukui,18.05.1967,China,rbritchgx@mozilla.com,+86-425-173-5927
Kippie,Drewett,Sohag,21.09.1973,Egypt,kdrewettgy@issuu.com,+20-569-982-3399
Rorie,Gowing,Kokshetau,22.10.1952,Kazakhstan,rgowinggz@feedburner.com,+7-834-536-9922
Dylan,Berntsson,Baculin,28.03.1950,Philippines,dberntssonh0@ox.ac.uk,+63-425-479-1693
Merrill,Baitman,Shamkhor,19.03.1984,Azerbaijan,mbaitmanh1@intel.com,+994-879-438-7227
Daloris,Agneau,Jiangguanchi,30.10.1972,China,dagneauh2@theglobeandmail.com,+86-572-683-4845
Bernadina,Starr,Zalţan,24.05.1953,Libya,bstarrh3@dedecms.com,+218-951-278-2322
Dalenna,Seeney,Tielou,03.04.1957,China,dseeneyh4@tmall.com,+86-297-836-4936
Jordain,Muro,Valence,22.07.1995,France,,+33-888-847-3858
Maureen,Jahnel,Nanjie,27.11.1973,China,mjahnelh6@dedecms.com,+86-332-735-2917
Libbi,Donoghue,Saint-Denis,22.08.1953,Reunion,ldonoghueh7@ca.gov,+262-508-727-1015
Alric,Flury,Honolulu,27.08.1974,United States,afluryh8@huffingtonpost.com,+1-808-249-6220
Erik,Lermouth,Xagqu,09.07.1956,China,,+86-511-834-4790
Ange,Gino,Pangapisan,04.01.1987,Philippines,aginoha@linkedin.com,+63-540-977-1802
Filbert,Abramov,Eirol,07.08.1989,Portugal,fabramovhb@shinystat.com,+351-755-611-8512
Dirk,Geeraert,Hoeyang,12.04.1968,North Korea,,+850-937-490-4111
Peter,Hubatsch,Wuppertal,17.10.1965,Germany,phubatschhd@google.pl,+49-360-146-5301
Nola,Haggarth,Béziers,15.04.1951,France,nhaggarthhe@opensource.org,+33-474-275-3929
Aigneis,Willcocks,Karis,15.07.1998,Finland,awillcockshf@psu.edu,+358-304-649-5180
Aluino,Butt Gow,Delft,26.07.1954,Netherlands,abuttgowhg@bloglines.com,+31-157-571-9320
Tarah,Reggler,San Marcos,10.03.1955,Colombia,tregglerhh@google.nl,+57-863-702-9107
Shanie,Lightfoot,Benito Juarez,14.12.1952,Mexico,slightfoothi@squarespace.com,+52-631-274-7172
Jaquenette,Starkie,Zhukovskiy,16.11.1980,Russia,jstarkiehj@who.int,+7-148-635-5521
Linette,Piddocke,Tanabi,02.08.1990,Brazil,lpiddockehk@thetimes.co.uk,+55-913-543-8492
Denyse,Doole,Minneapolis,12.08.1996,United States,ddoolehl@diigo.com,+1-651-388-4321
Bella,Okker,Ðà Lạt,02.04.1969,Vietnam,bokkerhm@about.com,+84-413-388-7865
Jobyna,Axe,Locminé,01.03.1978,France,jaxehn@rambler.ru,+33-407-902-1138
Gregoor,Plaister,Rivesaltes,09.12.1957,France,gplaisterho@example.com,+33-251-372-5698
Wiatt,Lavallin,Toluviejo,21.04.1994,Colombia,wlavallinhp@tripod.com,+57-757-513-3345
Latia,Stringman,Dimiao,25.06.1961,Philippines,lstringmanhq@yellowbook.com,+63-900-220-3744
Andie,Zanolli,Midões,01.03.1957,Portugal,azanollihr@unc.edu,+351-611-815-2262
Caspar,Focke,Dashu,29.01.1971,China,cfockehs@cloudflare.com,+86-224-586-6893
Gerhard,Cumpton,Cilaja,04.02.1994,Indonesia,,+62-485-337-2734
Rhianon,Whitehorn,Sumilao,18.08.1963,Philippines,rwhitehornhu@google.pl,+63-930-522-5395
Sisile,Connealy,Betaf,02.05.1992,Indonesia,sconnealyhv@icq.com,+62-513-120-7991
Granville,Rivilis,Nyimba,31.01.1956,Zambia,grivilishw@reuters.com,+260-574-809-7099
Constanta,Plues,Shah Alam,05.09.1985,Malaysia,cplueshx@blog.com,+60-530-596-1162
Tomlin,Lynch,Batojaran,28.12.1980,Indonesia,tlynchhy@marketwatch.com,+62-576-845-6061
Guglielma,Ruspine,Lorut,15.12.1958,Armenia,gruspinehz@gnu.org,+374-913-498-9206
Lira,Ewin,Daykitin,02.08.1996,Philippines,lewini0@weebly.com,+63-487-150-3223
Grace,Waeland,Huaping,04.03.1981,China,gwaelandi1@chicagotribune.com,+86-739-860-4760
Devon,Artinstall,Berber,02.02.1972,Sudan,dartinstalli2@chronoengine.com,+249-466-418-8195
Creight,Finessy,Lokorae,05.04.1984,Indonesia,cfinessyi3@paypal.com,+62-830-822-4807
Mikol,Learmount,Essen,22.05.1950,Germany,mlearmounti4@cloudflare.com,+49-424-106-9913
Rawley,Moultrie,Shagang,13.11.1994,China,rmoultriei5@fotki.com,+86-854-952-9223
Meridith,Tenaunt,Chacapalpa,19.10.1974,Peru,mtenaunti6@prlog.org,+51-165-786-5967
Jerald,Sedman,Phu Sang,30.06.1979,Thailand,,+66-132-500-7153
Mallorie,Rydings,Baikui,29.01.1999,China,mrydingsi8@typepad.com,+86-908-902-9714
Elenore,Onraet,Itapecerica,29.12.1982,Brazil,eonraeti9@nyu.edu,+55-483-295-3969
Marlowe,Care,Chemin Grenier,17.01.1983,Mauritius,mcareia@prweb.com,+230-648-272-9557
Elicia,Antonognoli,Shajing,23.08.1976,China,,+86-613-930-1622
Courtnay,Gordon,San Ramón de la Nueva Orán,01.08.1988,Argentina,cgordonic@typepad.com,+54-589-290-8528
Gwennie,Bootell,Kusak,18.07.1978,Russia,gbootellid@tripadvisor.com,+7-336-901-0391
Verney,Mulholland,Sitabamba,24.03.1951,Peru,vmulhollandie@geocities.jp,+51-749-383-7796
Liuka,Beccles,Kandy,29.03.1979,Sri Lanka,lbecclesif@cloudflare.com,+94-736-294-5147
Torey,McQuorkell,Limoges,07.01.1955,France,tmcquorkellig@qq.com,+33-857-273-6579
Pearle,De Carlo,Al Karmil,07.08.1955,Palestinian Territory,pdecarloih@columbia.edu,+970-735-141-4956
Merola,Frearson,Velyki Sorochyntsi,24.09.1976,Ukraine,mfrearsonii@globo.com,+380-862-834-1508
Colan,Peet,,,,cpeetij@craigslist.org,
Brit,Grut,Pancol,23.04.1968,Philippines,bgrutik@1und1.de,+63-699-693-0493
Kin,Size,Czechowice-Dziedzice,02.10.1974,Poland,ksizeil@mediafire.com,+48-881-660-9464
Randolph,McAmish,Dongla,13.06.1961,China,rmcamishim@netscape.com,+86-591-286-0523
Dion,Ferron,Jiangqiao,13.02.1959,China,dferronin@shop-pro.jp,+86-677-192-5048
Rory,Bateman,Olho Marinho,27.12.1966,Portugal,,+351-526-260-4484
Alex,Madle,Damai,03.09.1992,China,amadleip@marketwatch.com,+86-611-855-3765
Basil,Mohamed,Djohong,27.09.1959,Cameroon,bmohamediq@godaddy.com,+237-528-547-2820
Rianon,Trank,Tierp,13.02.1997,Sweden,rtrankir@tripadvisor.com,+46-247-410-9497
Gilli,Cottesford,,,,gcottesfordis@samsung.com,
Bartram,Ketchen,Al ‘Āqir,12.11.1982,Yemen,bketchenit@google.pl,+967-481-949-0369
Doti,Spreckley,Washington,22.11.1994,United States,dspreckleyiu@hud.gov,+1-703-209-6748
Sherry,Sears,Jiajiaying,13.11.1969,China,ssearsiv@imgur.com,+86-870-667-8355
Reuven,Bowerman,Qingshui,10.06.1998,China,rbowermaniw@over-blog.com,+86-290-609-7641
Crysta,Luipold,Beppu,10.11.1968,Japan,cluipoldix@apache.org,+81-583-956-7398
Wainwright,Fowles,Saint-Maixent-l'École,04.04.1963,France,wfowlesiy@cbsnews.com,+33-964-597-3608
Phylis,Korous,Cipatat,05.07.1987,Indonesia,pkorousiz@mail.ru,+62-512-216-6096
Cicily,Cordeau],Zhitan,05.03.1954,China,ccordeauj0@homestead.com,+86-735-311-0956
Jessica,Hitzmann,Panggunguni,17.07.1950,Indonesia,,+62-549-586-0879
Nomi,Nalder,Kudang,06.02.1983,Indonesia,nnalderj2@sciencedirect.com,+62-493-816-3802
Gardie,Corpes,Mambi,20.11.1956,Indonesia,gcorpesj3@nymag.com,+62-216-444-1135
Fitzgerald,Mattschas,Qiandian,10.04.1950,China,fmattschasj4@amazon.co.uk,+86-379-330-3518
Abbye,Pelerin,Qiujia,13.08.1950,China,apelerinj5@nih.gov,+86-458-934-2743
Rhetta,Cordner,Castelo de Vide,08.01.1960,Portugal,rcordnerj6@pagesperso-orange.fr,+351-939-935-0089
Karlene,Dufoure,Guariba,12.04.1958,Brazil,kdufourej7@rediff.com,+55-550-486-4731
Derrek,Donegan,Borlänge,25.02.1958,Sweden,ddoneganj8@vimeo.com,+46-156-600-6638
Tobye,Reucastle,Jinshan,05.11.1985,China,treucastlej9@google.pl,+86-795-171-5921
Odell,Amner,Doudleby nad Orlicí,20.11.1969,Czech Republic,oamnerja@shutterfly.com,+420-124-979-5449
Arne,Corkell,Sukowiryo,12.08.1989,Indonesia,acorkelljb@tumblr.com,+62-189-701-7155
Elissa,Danhel,Rasskazovo,12.09.1986,Russia,edanheljc@pcworld.com,+7-532-934-4153
Merwyn,Dunne,Sangoleng,16.11.1973,Indonesia,,+62-518-790-9982
Hugibert,Tregona,Gbadolite,05.07.1961,Democratic Republic of the Congo,htregonaje@independent.co.uk,+242-261-628-3179
Augie,Posen,Wirral,13.01.1994,United Kingdom,aposenjf@salon.com,+44-698-877-6880
Hector,Easen,Dakoutun,19.11.1987,China,heasenjg@blogger.com,+86-639-828-0114
Aline,Humbie,Toritama,07.01.1982,Brazil,ahumbiejh@ameblo.jp,+55-415-516-3367
Berty,Scriviner,Pohbango,24.02.1959,Indonesia,bscrivinerji@youku.com,+62-671-401-8703
Orin,Revans,San Juan,04.03.1996,Mexico,orevansjj@sfgate.com,+52-889-896-2374
Nicole,Moreno,Ar Rawḑ,27.11.1972,Yemen,nmorenojk@webmd.com,+967-341-387-6530
Kellby,De La Haye,Sirte,07.07.1964,Libya,,+218-967-336-1746
Olia,Snelling,Liski,10.08.1990,Russia,osnellingjm@sbwire.com,+7-141-900-6348
Bud,Casement,Bang Kho Laem,19.02.1962,Thailand,bcasementjn@posterous.com,+66-674-997-4357
Rosemarie,Cajkler,Kolyvan’,23.03.1981,Russia,rcajklerjo@posterous.com,+7-400-451-8719
Leigh,Gilhouley,Kalisangkrah Lor,31.08.1958,Indonesia,,+62-751-881-2128
Waylon,Hilary,Banjar Buahan,30.05.1976,Indonesia,whilaryjq@naver.com,+62-951-723-0094
Bartlet,Iliffe,Jixiang,13.12.1964,China,biliffejr@patch.com,+86-231-192-7001
Bride,Simeonov,Newark,05.03.1983,United States,bsimeonovjs@latimes.com,+1-862-715-8468
Marlene,Jeffcoate,Yaotian,01.01.1986,China,mjeffcoatejt@omniture.com,+86-762-321-8838
Coleman,Graybeal,Boucinhas,21.06.1971,Portugal,cgraybealju@technorati.com,+351-692-289-4508
Alyson,Cragoe,Novodmitriyevskaya,15.08.1964,Russia,acragoejv@nature.com,+7-859-255-3045
Erhard,Scourfield,Jiehu,14.09.1990,China,escourfieldjw@china.com.cn,+86-901-885-9157
Arlyne,McAdam,Nancy,18.07.1972,France,amcadamjx@shareasale.com,+33-824-781-3370
Marya,Oldcote,Jīwani,22.09.1953,Pakistan,moldcotejy@twitter.com,+92-165-912-5812
Alfred,Jankowski,Mazyr,27.03.1974,Belarus,ajankowskijz@reuters.com,+375-234-970-2152
Ginny,Bisset,Lidingö,16.04.1954,Sweden,,+46-971-283-6291
Northrup,Ximenez,Santa Marta,18.09.1986,Colombia,nximenezk1@skype.com,+57-150-383-6408
Jorie,Frensche,Nyandoma,05.04.1967,Russia,jfrenschek2@prnewswire.com,+7-777-718-2042
Paola,Eykelhof,Mukdahan,31.01.1986,Thailand,,+66-496-335-8223
Frasco,Leith,Baghdad,09.12.1996,Iraq,fleithk4@noaa.gov,+964-880-709-5669
Mack,Carruth,Rouen,02.10.1998,France,,+33-644-181-5341
Amil,Krzysztof,Cangkeuteuk Sabrang,02.06.1987,Indonesia,akrzysztofk6@dagondesign.com,+62-759-509-0138
Ulrich,Ross,Gościeradów,11.10.1976,Poland,urossk7@google.ca,+48-736-833-1167
Morten,Fordham,Spiczyn,10.02.1992,Poland,mfordhamk8@blinklist.com,+48-821-540-9354
Glenine,Aubrey,Bačka Topola,12.06.1958,Serbia,gaubreyk9@ted.com,+381-447-975-3154
Faber,McConnal,Runjin,02.01.1976,China,fmcconnalka@istockphoto.com,+86-613-979-3902
Cordy,Cluatt,Tokār,24.12.1966,Sudan,ccluattkb@twitter.com,+249-978-979-8913
Haley,Letcher,Mirsk,10.08.1950,Poland,hletcherkc@bbc.co.uk,+48-722-293-4049
Olivia,Lere,Arroyo Seco,27.02.1956,Mexico,olerekd@bbb.org,+52-437-166-6880
Johna,Valencia,Marang,22.05.1960,Indonesia,,+62-296-850-8783
Wilburt,Mawby,Tangnanzhen,28.09.1990,China,wmawbykf@howstuffworks.com,+86-647-318-5589
Silvanus,Powner,Gala,09.07.1973,China,spownerkg@weebly.com,+86-110-560-5217
Galvin,Orniz,Cogon,09.01.1985,Philippines,gornizkh@japanpost.jp,+63-348-276-5331
James,Loweth,El Limon,10.01.1992,Mexico,jlowethki@ftc.gov,+52-633-802-8960
Bordie,Pedlingham,,,,bpedlinghamkj@mayoclinic.com,
La verne,Easdon,,,,leasdonkk@salon.com,
Odelia,Isaaksohn,Rikitea,12.08.1956,French Polynesia,oisaaksohnkl@merriam-webster.com,+689-323-948-5792
Livvyy,Marquis,Pantukan,13.04.1966,Philippines,lmarquiskm@princeton.edu,+63-697-813-2085
Gav,Linsley,Pécs,13.05.1986,Hungary,glinsleykn@cbsnews.com,+36-586-128-0313
Bentley,Ing,Mojogajeh,08.02.1952,Indonesia,,+62-912-495-5180
Isobel,Menear,Belos Ares,11.12.1987,Portugal,,+351-322-885-1569
Atlanta,Powderham,Irirum,23.12.1989,Philippines,apowderhamkq@wikimedia.org,+63-771-590-5488
Quillan,Husby,Bāglung,09.10.1986,Nepal,qhusbykr@cocolog-nifty.com,+977-976-718-4645
Finley,Rosensaft,Pandan,02.12.1974,Indonesia,frosensaftks@twitter.com,+62-283-509-9800
Rafe,Whiffen,Malakal,18.12.1992,South Sudan,rwhiffenkt@nbcnews.com,+249-848-416-9154
Faustine,Copnell,Lamarosa,19.10.1995,Portugal,fcopnellku@hibu.com,+351-265-846-6965
Rubie,Horry,Loutrós,18.11.1981,Greece,rhorrykv@nih.gov,+30-923-762-5537
Arlinda,Tinn,San Fernando,17.12.1954,Philippines,,+63-667-544-8087
Sigismund,O' Mara,Nueva Italia,27.06.1973,Paraguay,somarakx@businessweek.com,+595-673-984-0717
Susannah,Points,Nîmes,27.02.1982,France,spointsky@yandex.ru,+33-337-140-3223
Foster,Helis,Strawczyn,09.10.1957,Poland,fheliskz@friendfeed.com,+48-607-267-4396
Lora,McGilroy,Magatos,04.07.1994,Philippines,lmcgilroyl0@weather.com,+63-577-650-7044
Louisa,Diviny,Fangtai,25.12.1983,China,ldivinyl1@state.tx.us,+86-147-778-5209
Way,Rawkesby,Cabreúva,16.09.1979,Brazil,,+55-629-326-6711
Lani,Clemmitt,Ngujuran,23.05.1975,Indonesia,lclemmittl3@jimdo.com,+62-274-352-9446
Karie,Fathers,Xiahong,27.06.1998,China,kfathersl4@godaddy.com,+86-846-799-1664
Brooke,Medcalf,Jõhvi,04.06.1976,Estonia,bmedcalfl5@patch.com,+372-933-569-1175
Kanya,Goodday,Luknovo,19.05.1976,Russia,kgooddayl6@usda.gov,+7-422-369-1321
Melantha,Digg,K’ulashi,27.08.1996,Georgia,mdiggl7@nature.com,+995-702-355-8849
Chevy,Face,Monchegorsk,21.01.1994,Russia,cfacel8@reddit.com,+7-188-512-0664
Caryl,Jentin,Privlaka,10.07.1994,Croatia,cjentinl9@mit.edu,+385-892-811-5874
Kev,Piggin,Chusovoy,09.03.1959,Russia,kpigginla@usnews.com,+7-190-806-5978
Montgomery,Poli,Butiama,03.12.1969,Tanzania,mpolilb@miibeian.gov.cn,+255-177-238-3754
Darrick,Mc Cahey,Tabatinga,26.07.1991,Brazil,dmccaheylc@typepad.com,+55-643-542-2461
Dredi,Dagless,Karanggedang,21.04.1958,Indonesia,ddaglessld@senate.gov,+62-380-541-4799
Broddy,Prisley,Dolní Bečva,04.08.1965,Czech Republic,bprisleyle@wiley.com,+420-627-306-5039
Jamie,Hughman,Somanda,14.02.1954,Tanzania,jhughmanlf@rediff.com,+255-822-771-7773
Chase,Hurn,Dordrecht,25.06.1973,Netherlands,churnlg@4shared.com,+31-897-657-0049
Rodrique,Allsupp,Hetang,01.12.1975,China,rallsupplh@scribd.com,+86-438-229-9030
Matty,Cureton,Lalauigan,23.09.1956,Philippines,mcuretonli@dyndns.org,+63-440-970-3405
Annabelle,Everal,Pinhal de Frades,17.05.1962,Portugal,aeverallj@usatoday.com,+351-547-142-3632
Channa,Strut,Santa Cruz da Graciosa,23.11.1983,Portugal,cstrutlk@cdc.gov,+351-234-368-8230
Gabby,Kloss,Shkurinskaya,18.09.1990,Russia,gklossll@buzzfeed.com,+7-755-423-9958
Colly,Chevin,Qārah,11.03.1971,Syria,cchevinlm@tripod.com,+963-890-354-5464
Janis,Sive,Grande Cache,07.03.1995,Canada,jsiveln@mapy.cz,+1-686-652-2232
Briana,Balstone,Iwade,05.11.1957,Japan,bbalstonelo@tiny.cc,+81-380-705-1011
Lucius,Fogden,San Pablo,24.11.1997,Costa Rica,,+506-413-507-4717
Cly,Bassingham,Bianzhuang,30.11.1954,China,cbassinghamlq@sbwire.com,+86-918-810-5888
Petronille,Patifield,Jinnan,11.11.1977,China,ppatifieldlr@nsw.gov.au,+86-675-561-2001
Dexter,Rossborough,Drawno,17.03.1984,Poland,drossboroughls@prlog.org,+48-135-379-7826
Fania,Preedy,Ra-ngae,01.12.1967,Thailand,,+66-225-522-2302
Gwenora,Farlow,Tiblawan,10.06.1962,Philippines,gfarlowlu@china.com.cn,+63-708-889-3568
Julissa,Vignaux,,,,,
Erin,Jopling,Shangdongjie,08.02.1962,China,ejoplinglw@yandex.ru,+86-256-602-4908
Delmer,Lessmare,Gareba,20.06.1972,Indonesia,,+62-149-803-8705
Balduin,Scougall,Krajan,09.10.1970,Indonesia,bscougallly@dell.com,+62-807-485-6955
Cherry,Matyugin,El Cuy,06.07.1989,Argentina,cmatyuginlz@miibeian.gov.cn,+54-681-461-3087
Robyn,Sopp,Huyang,22.01.1966,China,rsoppm0@livejournal.com,+86-434-241-5686
Hercule,Catcheside,Shanxi,11.12.1953,China,hcatchesidem1@pen.io,+86-634-116-2252
Edy,Balden,Donggang,02.03.1992,China,ebaldenm2@storify.com,+86-702-344-1830
Jemimah,Guitton,Almafuerte,20.01.1961,Argentina,jguittonm3@dropbox.com,+54-729-719-8092
Maure,Marzellano,Augusto Corrêa,20.09.1954,Brazil,mmarzellanom4@msu.edu,+55-487-375-4946
Wallie,Gritsunov,Penhascoso,15.01.1989,Portugal,wgritsunovm5@cisco.com,+351-497-438-8051
Rodi,Reynish,Sorong,27.07.1954,Indonesia,rreynishm6@topsy.com,+62-737-934-1046
Beverie,Witchard,Cijoho,29.10.1951,Indonesia,bwitchardm7@apple.com,+62-179-395-9323
Terrye,Legrave,Novo-Nikol’skoye,29.08.1969,Russia,,+7-511-851-9131
Eddie,Liverseege,Curiapo,30.10.1952,Venezuela,eliverseegem9@gmpg.org,+58-660-302-9727
Heywood,Stidston,Iksha,18.09.1978,Russia,hstidstonma@jigsy.com,+7-145-353-0697
Kareem,Shemmans,Itaqui,09.07.1995,Brazil,kshemmansmb@buzzfeed.com,+55-144-780-5405
Emlyn,Tall,Torbat-e Jām,23.12.1991,Iran,,+98-238-705-2373
Doris,Ackred,Arcueil,21.11.1971,France,,+33-456-550-3876
Zackariah,Cohen,Dahe,12.10.1966,China,zcohenme@adobe.com,+86-546-415-0268
Sylvia,Mennithorp,Lela,02.08.1999,Indonesia,smennithorpmf@nytimes.com,+62-813-599-7699
Godiva,Mc Queen,Myrnyy,02.02.1986,Ukraine,gmcqueenmg@istockphoto.com,+380-823-516-4277
Wilton,Maddie,Daciyao,09.01.1971,China,,+86-795-382-8788
Ker,Hansman,Huanchillas,29.09.1971,Argentina,khansmanmi@cisco.com,+54-438-450-9160
Alleyn,Geffen,,,,ageffenmj@reverbnation.com,
Sharl,Easlea,Juan N Alvarez,16.02.1953,Mexico,seasleamk@irs.gov,+52-925-213-4357
Jedd,D'Oyley,Bergen,02.10.1966,Norway,jdoyleyml@princeton.edu,+47-990-311-5504
Kiri,Hamblett,Cergy-Pontoise,10.06.1957,France,,+33-496-620-7162
Estell,Dryden,Limbaan,13.11.1966,Philippines,edrydenmn@over-blog.com,+63-953-646-7952
Franchot,Cansdell,Thị Trấn Lâm,30.07.1989,Vietnam,,+84-781-454-8908
Dreddy,Yarr,Ledeč nad Sázavou,12.12.1996,Czech Republic,,+420-750-829-5227
Isabelita,Baysting,Palmerston North,27.11.1960,New Zealand,ibaystingmq@ow.ly,+64-998-983-7511
Ulrich,Reddin,Alcoutim,25.08.1973,Portugal,ureddinmr@t.co,+351-803-827-8308
Osborne,Jachimiak,Thị Trấn Thất Khê,09.05.1983,Vietnam,ojachimiakms@usa.gov,+84-952-301-0984
Glyn,Bagehot,Vila Flor,02.10.1974,Portugal,gbagehotmt@ebay.co.uk,+351-323-287-6021
Timotheus,Polgreen,Columbus,23.05.1956,United States,tpolgreenmu@msu.edu,+1-614-131-7969
Nanni,Creboe,Sulang Tengah,19.04.1972,Indonesia,,+62-149-109-3396
Augusto,de Leon,Washington,10.02.1989,United States,,+1-202-507-5600
Darleen,Ledrane,Sidi Yahya Ou Saad,12.02.1974,Morocco,dledranemx@columbia.edu,+212-280-701-5633
Marlee,Sanson,Cielmice,31.08.1977,Poland,msansonmy@state.tx.us,+48-531-765-8317
Jay,Durrad,Xinwu,12.04.1992,China,jdurradmz@angelfire.com,+86-769-523-0303
Ruperto,Burless,Serikbuya,14.04.1971,China,rburlessn0@xrea.com,+86-769-161-6448
Berke,Sheere,Mtimbira,22.11.1964,Tanzania,bsheeren1@telegraph.co.uk,+255-607-580-9036
Gerri,Ffrench,Malitubog,12.03.1996,Philippines,gffrenchn2@goodreads.com,+63-359-319-8610
Hartwell,Clapp,Limbi,17.08.1960,Comoros,hclappn3@hao123.com,+269-934-885-2003
Rivy,Clew,Tsul-Ulaan,19.10.1973,Mongolia,rclewn4@japanpost.jp,+976-825-706-5564
Jeddy,Shirland,Mao,19.11.1992,Dominican Republic,,+1-507-194-1724
Doralyn,Wightman,Hongchang,09.01.1995,China,dwightmann6@narod.ru,+86-557-202-6034
Shandie,Grishelyov,Rosario de Mora,12.05.1972,El Salvador,sgrishelyovn7@ed.gov,+503-237-757-1866
Chicky,Gasken,Stoszowice,15.07.1974,Poland,,+48-891-617-5714
Milissent,Forster,Luobei,25.03.1958,China,mforstern9@edublogs.org,+86-909-540-4625
Gilburt,Stowte,Butuan,24.12.1984,Philippines,,+63-179-864-3057
Barbara,Brusin,,,,bbrusinnb@engadget.com,
Ediva,Stickens,Berezivka,20.12.1971,Ukraine,estickensnc@slideshare.net,+380-746-463-1586
Nataniel,Straine,Verkhniy Kurkuzhin,07.01.1973,Russia,nstrainend@jigsy.com,+7-902-797-7522
Emory,Spanton,Vsevolozhsk,24.01.1959,Russia,,+7-960-603-1297
Corny,Di Francesco,Raychikhinsk,19.08.1950,Russia,cdifrancesconf@a8.net,+7-186-168-8144
Marena,Mees,Nazrēt,10.03.1975,Ethiopia,mmeesng@privacy.gov.au,+251-102-427-1074
Nichole,Try,Trondheim,11.05.1952,Norway,ntrynh@alexa.com,+47-602-988-6405
Horten,Sambeck,Mitzpe Ramon,21.10.1968,Israel,hsambeckni@amazon.com,+972-864-169-7587
Nata,Crosskell,Zhongguanyi,18.10.1988,China,ncrosskellnj@craigslist.org,+86-117-585-7862
Norene,Caulwell,Gramaços,05.03.1975,Portugal,ncaulwellnk@cbslocal.com,+351-421-187-8831
Linell,Nisbet,Nanao,03.11.1965,Japan,lnisbetnl@washington.edu,+81-311-258-6457
Regina,Lantoph,Neglasari,20.10.1997,Indonesia,rlantophnm@g.co,+62-696-421-0634
Elsinore,Albin,Caozhen,18.02.1963,China,,+86-742-686-8012
Brandyn,Minigo,Chochkan,03.03.1970,Armenia,bminigono@usa.gov,+374-391-303-0864
Bernadene,Borth,Kalate,04.01.1990,Indonesia,bborthnp@sourceforge.net,+62-279-299-8512
Emile,Scourge,Zhengdonglu,01.05.1965,China,escourgenq@imageshack.us,+86-997-210-3063
Sven,Jago,Pantaibesar,05.06.1989,Indonesia,sjagonr@joomla.org,+62-716-798-9039
Carilyn,Nuccitelli,Lyubim,26.10.1952,Russia,cnuccitellins@blogger.com,+7-783-642-2005
Jacquenetta,Merdew,Ambatolaona,21.08.1958,Madagascar,,+261-395-742-2109
Ikey,Waker,Makur,03.07.1978,Micronesia,,+691-993-613-7453
Ferdie,Rettie,Wolonio,16.10.1980,Indonesia,frettienv@freewebs.com,+62-125-930-9903
Kerrill,Sleath,Alqueidão,03.10.1986,Portugal,ksleathnw@dot.gov,+351-634-866-0156
Osgood,Howsego,Oakland,23.01.1989,United States,,+1-510-446-8561
Howie,Kendell,Novoshakhtinsk,06.11.1973,Russia,hkendellny@google.fr,+7-567-157-8656
Sherwynd,Espy,Cape Coast,08.08.1960,Ghana,,+233-268-351-8277
Gabbi,Trighton,Hesi,18.08.1971,China,gtrightono0@archive.org,+86-180-555-2796
Olvan,Pawlett,Dolní Černilov,16.10.1978,Czech Republic,opawletto1@bloglines.com,+420-148-510-6645
Patten,Panyer,Cavaillon,20.09.1992,France,ppanyero2@163.com,+33-198-970-8050
Britney,Strong,Stockton,15.11.1970,United States,bstrongo3@xinhuanet.com,+1-209-261-9866
Price,Matteau,Osapsio,14.11.1987,Indonesia,pmatteauo4@cargocollective.com,+62-334-560-6605
Alyce,Ithell,Sang-e Chārak,28.01.1989,Afghanistan,,+93-948-222-9480
Erl,Spaxman,Kamina,13.09.1969,Democratic Republic of the Congo,,+242-740-410-4602
Oriana,Claringbold,Sanjia,20.12.1955,China,oclaringboldo7@a8.net,+86-802-290-9238
Grover,Waddilove,Messina,16.03.1996,Italy,gwaddiloveo8@surveymonkey.com,+39-539-643-4183
Weider,Royall,,,,wroyallo9@pagesperso-orange.fr,
Karita,Gligorijevic,Tisul’,15.08.1995,Russia,kgligorijevicoa@liveinternet.ru,+7-300-595-2664
Calley,Gonnin,Tangkolo,13.05.1988,Indonesia,cgonninob@un.org,+62-350-639-5422
Lana,Balogh,San Juan,30.05.1954,Philippines,lbaloghoc@wikimedia.org,+63-466-219-8825
Joye,Romans,Alcoutim,16.02.1976,Portugal,,+351-782-666-8873
Morty,Pavyer,Volodymyr-Volyns’kyy,11.11.1993,Ukraine,,+380-900-528-3008
Haze,Bugler,Rio Branco do Sul,04.02.1964,Brazil,hbuglerof@netlog.com,+55-754-255-9565
Cary,Bredee,Qingshui,25.08.1998,China,cbredeeog@bloomberg.com,+86-616-279-2367
Dru,Le Grand,,,,dlegrandoh@cam.ac.uk,
Shannon,Nickell,Tlogowetan,30.04.1976,Indonesia,,+62-208-850-8206
Abbott,Deex,Shuangnian,22.07.1973,China,adeexoj@wiley.com,+86-272-329-3166
Osmond,Bottom,Legok,23.07.1998,Indonesia,obottomok@uol.com.br,+62-843-438-1950
Valida,Chelley,Kishkenekol’,12.03.1950,Kazakhstan,vchelleyol@chicagotribune.com,+7-388-453-1954
Sharl,Duckels,Nanyulinxi,21.11.1968,China,sduckelsom@stumbleupon.com,+86-945-629-0634
Juieta,Piniur,Yarabamba,15.12.1954,Peru,jpiniuron@photobucket.com,+51-759-287-0302
Gretna,Warwick,Ning’an,23.01.1976,China,gwarwickoo@weather.com,+86-595-988-0365
Stewart,Libermore,,,,slibermoreop@pagesperso-orange.fr,
Fayina,Starbeck,Tuchengzi,23.06.1974,China,fstarbeckoq@netlog.com,+86-696-712-8705
Natalina,McInally,Limon,16.09.1951,Philippines,,+63-957-643-7456
Robert,Leveret,At Samat,13.10.1973,Thailand,rleveretos@addtoany.com,+66-535-805-2946
Arlan,Madgin,Usman’,22.11.1964,Russia,amadginot@google.com.hk,+7-856-967-8798
Ninnetta,Joburn,Breves,12.11.1954,Brazil,njoburnou@forbes.com,+55-981-765-3656
Tonya,Cottrill,Karaundi,15.03.1962,Pakistan,tcottrillov@tumblr.com,+92-622-558-6160
Hadleigh,Hollyard,Bajawa,07.08.1995,Indonesia,,+62-773-609-9390
Gaby,Levin,Ngancar,28.05.1999,Indonesia,glevinox@canalblog.com,+62-602-668-3628
Biddy,Depke,Shar’ya,03.12.1959,Russia,,+7-887-685-4273
Joscelin,Ellar,Porciúncula,02.06.1998,Brazil,jellaroz@java.com,+55-482-883-2608
Goldi,Caro,Banī Khaddāsh,26.03.1977,Tunisia,gcarop0@g.co,+216-495-271-6866
Torr,Jurgenson,Milanów,27.11.1982,Poland,tjurgensonp1@google.com.br,+48-538-137-4222
Pinchas,Rebbeck,São Roque,17.01.1959,Portugal,prebbeckp2@vimeo.com,+351-859-665-8449
Casandra,Reiach,Sundsvall,26.07.1965,Sweden,creiachp3@nyu.edu,+46-847-768-6490
Annemarie,Moring,Hołoby,23.02.1952,Ukraine,amoringp4@yale.edu,+380-226-178-2280
Elena,Barttrum,Virginia,05.04.1971,South Africa,ebarttrump5@symantec.com,+27-466-836-5751
Aleda,Keener,Nzega,16.02.1953,Rwanda,akeenerp6@slideshare.net,+250-900-854-5858
Loy,Ionnisian,Concepción,29.04.1989,Peru,lionnisianp7@addtoany.com,+51-549-339-4443
Elane,Handsheart,Xidoupu,14.04.1959,China,ehandsheartp8@com.com,+86-665-159-2057
Angel,Diable,Chlumec,14.06.1969,Czech Republic,adiablep9@cargocollective.com,+420-479-610-1981
Alyssa,Denisyev,Krajan Tambakrejo,26.09.1971,Indonesia,,+62-114-479-9489
Carly,Winnett,Gif-sur-Yvette,16.09.1957,France,cwinnettpb@icio.us,+33-947-623-9788
Evaleen,Denington,Putinci,12.06.1966,Serbia,,+381-859-782-6141
Eleanor,Miguet,Pulau Pinang,01.01.1966,Malaysia,emiguetpd@discuz.net,+60-543-688-9109
Harley,Doby,,,,,
Billi,Cornforth,Maunatlala,13.08.1976,Botswana,bcornforthpf@freewebs.com,+267-284-308-0346
Anet,Shutte,Bertoua,20.07.1981,Cameroon,ashuttepg@shareasale.com,+237-259-798-4097
Kati,Twatt,Galimuyod,21.11.1980,Philippines,ktwattph@purevolume.com,+63-304-923-4145
Derwin,Lazarus,Monastyrishche,30.09.1950,Russia,dlazaruspi@yahoo.com,+7-575-194-9033
Ronni,Lawley,Maloye Verevo,09.12.1955,Russia,rlawleypj@sourceforge.net,+7-287-867-1483
Keriann,Haire,Viesīte,03.04.1960,Latvia,khairepk@imgur.com,+371-902-134-4411
Sean,Frangleton,Kalangbret,27.10.1972,Indonesia,sfrangletonpl@youtube.com,+62-433-228-7637
Devon,Schukert,Xiamujiao,17.08.1985,China,dschukertpm@taobao.com,+86-182-689-2011
Amalle,Giacoboni,Ouégoa,19.01.1993,New Caledonia,agiacobonipn@senate.gov,+687-390-965-1700
Boycey,Mouncher,Bolikhan,26.10.1961,Laos,bmouncherpo@elegantthemes.com,+856-414-476-5777
Lockwood,O'Doherty,Kebonsari,25.10.1997,Indonesia,lodohertypp@wsj.com,+62-172-849-4791
Leola,McClenan,Amahusu,04.06.1984,Indonesia,lmcclenanpq@blogger.com,+62-661-932-5334
Marcellina,Mc Queen,Yuhuangding,23.06.1961,China,mmcqueenpr@wiley.com,+86-445-889-1930
Nancy,Tremberth,Khulm,24.08.1951,Afghanistan,ntremberthps@people.com.cn,+93-765-639-6974
Bryna,Hryncewicz,Manadhoo,27.02.1952,Maldives,bhryncewiczpt@scientificamerican.com,+960-744-460-2218
Heidie,Valance,Jingu,13.01.1964,China,,+86-917-383-7535
Wynn,Winters,Perrelos,19.06.1974,Philippines,wwinterspv@hibu.com,+63-377-622-3919
Myrlene,Weldon,La Gomera,03.07.1992,Guatemala,mweldonpw@barnesandnoble.com,+502-932-430-0564
Jewel,Whewill,Yingpu,30.10.1961,China,,+86-488-884-3281
Cris,Cuerdall,Damnoen Saduak,17.08.1958,Thailand,ccuerdallpy@mit.edu,+66-805-104-7115
Horten,Cafferky,Nueva Fuerza,03.09.1959,Philippines,hcafferkypz@com.com,+63-853-367-0655
Nikolos,Cumbes,Avlónas,26.10.1975,Greece,ncumbesq0@google.com,+30-236-175-1189
Britt,Napoleon,Bodzanów,05.02.1966,Poland,bnapoleonq1@apache.org,+48-782-938-4374
Micah,McNair,Reston,30.12.1976,United States,mmcnairq2@unc.edu,+1-571-646-1686
Jory,Pideon,Touying,02.09.1983,China,jpideonq3@gmpg.org,+86-336-334-7920
Marcile,McIndrew,Mishixiang,02.06.1979,China,,+86-427-957-0377
Ollie,Rehme,Zelenodolsk,17.09.1959,Russia,orehmeq5@unblog.fr,+7-683-240-6602
Thebault,Jacke,Kiełczów,15.05.1983,Poland,tjackeq6@netvibes.com,+48-700-562-4246
Ginni,Wisby,Stanovoye,12.08.1965,Russia,,+7-164-926-5922
Marion,Crennan,Herrán,04.12.1982,Colombia,mcrennanq8@dailymail.co.uk,+57-449-755-9184
Richy,Loxly,Acarigua,27.09.1956,Venezuela,rloxlyq9@taobao.com,+58-140-765-7577
Valaree,Yes,San Agustín,23.04.1986,Honduras,vyesqa@businesswire.com,+504-850-799-3090
Cordy,Martinolli,Kitahama,24.03.1989,Japan,,+81-337-664-3762
Elia,Frances,,,,efrancesqc@skype.com,
Britt,Steed,Dve Mogili,27.09.1981,Bulgaria,bsteedqd@macromedia.com,+359-341-988-1816
Meier,Jorczyk,Luodong,15.07.1952,China,,+86-895-490-3559
Stavro,Porker,Sidomukti,30.10.1959,Indonesia,sporkerqf@edublogs.org,+62-594-721-0298
Sidoney,Pitkethly,Tokmok,21.07.1972,Kyrgyzstan,spitkethlyqg@google.fr,+996-183-857-6053
Libbey,Faires,Thành Phố Thái Bình,27.07.1989,Vietnam,lfairesqh@google.com.hk,+84-713-946-1746
Dian,Tingley,,,,dtingleyqi@china.com.cn,
Phillida,Gansbuhler,Nanxing,19.05.1998,China,pgansbuhlerqj@si.edu,+86-559-897-4482
Etti,Wyse,Ligang,29.04.1960,China,ewyseqk@wp.com,+86-581-913-5643
Violette,McGibbon,Simnas,16.09.1961,Lithuania,vmcgibbonql@lycos.com,+370-741-374-7208
Mirilla,Lobley,Krajan,21.11.1964,Indonesia,,+62-604-954-5323
Odelia,Rolley,Pandean,16.05.1975,Indonesia,orolleyqn@fc2.com,+62-714-734-0948
Clovis,Vicioso,,,,cviciosoqo@booking.com,
Violante,Dineen,Youshan,23.07.1978,China,vdineenqp@java.com,+86-476-304-1181
Pacorro,Biagioni,Västerås,02.12.1967,Sweden,pbiagioniqq@eventbrite.com,+46-872-957-6813
Thain,Brecken,Navashino,21.03.1979,Russia,tbreckenqr@biblegateway.com,+7-928-571-3406
Steve,Chadbourne,Nanjiao,22.01.1989,China,schadbourneqs@mapquest.com,+86-350-513-5747
Patience,Gane,Norrköping,22.10.1974,Sweden,pganeqt@cbslocal.com,+46-236-221-8103
Teodor,Ramalhete,Nikhom Kham Soi,13.05.1958,Thailand,tramalhetequ@cargocollective.com,+66-148-932-2612
Kali,Werner,Cergy-Pontoise,28.01.1954,France,kwernerqv@nhs.uk,+33-219-687-6294
Priscella,Standell,Portsmouth,27.05.1958,Dominica,pstandellqw@goo.gl,+1-575-497-5950
Isiahi,Flinders,Hŭngnam,12.03.1987,North Korea,iflindersqx@gnu.org,+850-934-314-3224
Rolph,Duthie,São Vicente de Ferreira,01.02.1962,Portugal,rduthieqy@sphinn.com,+351-117-211-9757
Bobina,Guierre,Yaring,05.04.1972,Thailand,bguierreqz@sfgate.com,+66-766-494-3271
Emlen,Shatford,Cahuac,06.06.1958,Peru,eshatfordr0@yellowpages.com,+51-785-405-2130
Dun,A'field,Kista,10.08.1986,Sweden,dafieldr1@acquirethisname.com,+46-226-226-9908
Sorcha,Locarno,Dachnoye,27.09.1955,Russia,slocarnor2@example.com,+7-801-236-6359
Mufi,Whitwham,Rizokárpaso,24.07.1983,Cyprus,mwhitwhamr3@virginia.edu,+357-909-889-6762
Jakob,Rhodus,Port Erin,23.06.1958,Isle of Man,jrhodusr4@nytimes.com,+44-233-294-5393
Cam,Klesl,,,,ckleslr5@smh.com.au,
Griffin,Bassom,Banjar,17.07.1951,Indonesia,gbassomr6@com.com,+62-120-980-6008
Bambie,Starr,Ouricuri,26.09.1991,Brazil,bstarrr7@technorati.com,+55-646-761-2199
Jeddy,Kupper,Massy,22.04.1952,France,jkupperr8@hp.com,+33-540-433-8721
Michaelina,Tamplin,‘Uqayribāt,01.06.1953,Syria,mtamplinr9@unc.edu,+963-322-368-8994
Valery,Ventham,Opaka,10.04.1951,Bulgaria,vventhamra@businessinsider.com,+359-950-494-6352
Marketa,Keay,Stockton,24.10.1961,United States,mkeayrb@boston.com,+1-209-369-8762
Yetty,Enterle,Okakarara,24.10.1988,Namibia,,+264-705-802-9970
Vern,Yakolev,Huayang,24.03.1971,China,vyakolevrd@odnoklassniki.ru,+86-423-328-2623
Jewel,Tumpane,Jinlong,20.07.1951,China,,+86-770-890-3868
Conrado,Flaune,Guimba,22.08.1987,Philippines,cflaunerf@nih.gov,+63-878-100-6175
Ellene,Baudic,Challhuahuacho,22.03.1970,Peru,ebaudicrg@cbslocal.com,+51-145-246-8574
Ashley,Vango,Bordeaux,09.10.1985,France,,+33-982-289-1436
Jenda,Hunsworth,Ribas,08.08.1998,Portugal,jhunsworthri@usa.gov,+351-117-369-9455
Aridatha,Semper,Kusak,05.12.1987,Russia,asemperrj@aol.com,+7-430-758-3346
Valle,Novkovic,Kribi,09.11.1992,Cameroon,vnovkovicrk@mlb.com,+237-134-637-0073
Whitman,Armistead,Jabon,01.04.1953,Indonesia,warmisteadrl@soup.io,+62-497-194-0644
Joanne,Dymock,Herálec,06.01.1958,Czech Republic,,+420-704-350-0463
Melba,Adamiak,,,,madamiakrn@time.com,
Hillier,Stanier,Sumenep,12.04.1955,Indonesia,hstanierro@princeton.edu,+62-856-763-6606
Sherm,Kearey,Washington,15.05.1994,United States,skeareyrp@arstechnica.com,+1-202-721-1019
Diannne,Selkirk,Milotice,04.01.1962,Czech Republic,dselkirkrq@youku.com,+420-185-757-8049
Leanor,Howles,Anda,03.04.1984,Philippines,lhowlesrr@ehow.com,+63-369-995-9348
