first_name,last_name,birth_place,birth_date,country_living_in,email,phone
Freeland,O'Hear,Nässjö,1996-03-03T06:11:41Z,Sweden,fohear0@disqus.com,+46 (971) 558-4955
Daren,Roswarne,Quintã,1974-03-29T04:48:02Z,Portugal,,+351 (923) 951-4894
Giuditta,Middup,Itabaiana,1957-07-24T14:44:14Z,Brazil,gmiddup2@youtu.be,+55 (178) 740-9523
Violette,Letchmore,Laúndos,1952-09-18T01:01:39Z,Portugal,vletchmore3@lulu.com,+351 (882) 491-0651
Jordain,Bodicum,Chating,1983-06-29T00:43:47Z,China,jbodicum4@cam.ac.uk,+86 (832) 119-5156
Nerita,Pfertner,,,,npfertner5@mac.com,
Nikolas,Antoniewicz,New Shagunnu,1990-11-11T01:58:32Z,Nigeria,nantoniewicz6@sciencedirect.com,+234 (446) 785-4259
Gallard,Billings,Manukau City,1986-02-07T09:14:01Z,New Zealand,gbillings7@slate.com,+64 (767) 717-9028
Sally,Boggs,Udon Thani,1990-08-24T09:02:49Z,Thailand,sboggs8@nih.gov,+66 (719) 666-6280
Birgit,Livock,Eskilstuna,1992-09-29T07:05:58Z,Sweden,blivock9@statcounter.com,+46 (409) 186-0092
Danyette,Titcom,Lalukoen Dua,1972-01-07T15:18:39Z,Indonesia,dtitcoma@symantec.com,+62 (355) 469-9836
Rasia,Sandland,Lobitos,1995-02-15T04:30:21Z,Peru,rsandlandb@disqus.com,+51 (919) 700-5068
Bill,Bewlay,,,,bbewlayc@mlb.com,
Farr,Golston,Penja,1981-07-10T11:45:14Z,Cameroon,fgolstond@wikipedia.org,+237 (582) 807-6853
Deane,Tuny,,,,dtunye@apache.org,
Boothe,Copozio,Zharrëz,1998-11-17T17:58:25Z,Albania,bcopoziof@japanpost.jp,+355 (267) 331-2564
Marijn,Dowda,Trondheim,1986-02-26T07:28:36Z,Norway,mdowdag@berkeley.edu,+47 (808) 289-4362
Marv,Petford,Palma De Mallorca,1993-04-16T17:35:38Z,Spain,mpetfordh@wix.com,+34 (557) 714-4829
Jessa,Etchells,Kute,1953-05-28T16:23:42Z,Indonesia,jetchellsi@mapy.cz,+62 (280) 976-0570
Jason,Lewty,Castillos,1958-07-23T18:27:03Z,Uruguay,jlewtyj@nsw.gov.au,+598 (334) 747-2279
Gill,Roberson,Prince Albert,1993-11-29T13:22:36Z,South Africa,grobersonk@lycos.com,+27 (923) 192-5116
Tracey,Rodman,Sanjing,1996-08-29T17:11:10Z,China,trodmanl@cpanel.net,+86 (495) 738-6837
Chaddie,Ennever,Junglinster,1958-05-05T16:05:19Z,Luxembourg,cenneverm@geocities.jp,+352 (164) 818-2476
Marget,Sothcott,Nisporeni,1971-11-18T05:56:05Z,Moldova,msothcottn@irs.gov,+373 (392) 266-5501
Odelinda,Broomfield,Xieji,1981-01-12T19:56:02Z,China,obroomfieldo@yahoo.com,+86 (855) 706-8201
Cathrin,Coushe,Zhongxinqiao,1985-09-17T00:49:17Z,China,ccoushep@ebay.com,+86 (788) 741-6647
Giacobo,Saltmarsh,Dadamtu,1967-12-07T11:14:34Z,China,gsaltmarshq@360.cn,+86 (110) 154-4385
Grant,Snelle,Koźmin Wielkopolski,1986-08-17T19:30:43Z,Poland,,+48 (755) 384-6772
Phoebe,Gosforth,Tarfaya,1982-03-10T18:49:42Z,Morocco,pgosforths@hao123.com,+212 (430) 667-9820
Man,La Croce,,,,mlacrocet@cornell.edu,
Caspar,Schirok,Kungshamn,1994-01-01T16:49:57Z,Sweden,cschiroku@wikipedia.org,+46 (150) 720-5195
Sloan,Pass,Homa Bay,1985-09-13T01:04:35Z,Kenya,spassv@meetup.com,+254 (110) 982-8885
Giuditta,Giacobillo,Zaoshi,1987-02-21T08:06:40Z,China,ggiacobillow@simplemachines.org,+86 (674) 975-5462
Lancelot,Warham,Antimácheia,1986-10-31T14:05:12Z,Greece,lwarhamx@google.com.br,+30 (400) 412-3085
Terza,Woodwin,Qianshan,1967-12-07T20:01:08Z,China,twoodwiny@wordpress.org,+86 (511) 592-1362
Hammad,Dugue,Mīrpur Sakro,1954-11-21T17:05:07Z,Pakistan,hduguez@bloglines.com,+92 (972) 618-8715
Joane,Ingram,Bajia,1989-09-22T07:10:17Z,China,,+86 (782) 472-2483
Trina,Middleton,Tunguang,1951-10-05T14:20:49Z,China,tmiddleton11@live.com,+86 (895) 279-4846
Dacey,Dorcey,Colón,1996-07-04T06:41:39Z,Panama,ddorcey12@dion.ne.jp,+507 (428) 575-8888
Louisa,Petroulis,,,,lpetroulis13@boston.com,
Tony,Morey,Bourges,1969-09-01T13:59:44Z,France,tmorey14@webeden.co.uk,+33 (679) 933-1614
Benjie,Sexten,Huangling,1958-07-24T10:55:34Z,China,bsexten15@mashable.com,+86 (532) 763-0660
Brittan,Wheble,Jiuguan,1971-08-31T04:58:47Z,China,bwheble16@cbc.ca,+86 (671) 358-8514
Danell,Daintith,,,,ddaintith17@omniture.com,
Toma,Petrasek,Łazy,1997-08-25T08:24:51Z,Poland,tpetrasek18@usatoday.com,+48 (269) 995-9486
Alfonso,Ebbens,Maymana,1993-12-06T23:47:23Z,Afghanistan,aebbens19@storify.com,+93 (641) 159-0647
Manda,Bergstrand,Fushan,1958-08-27T03:45:55Z,China,mbergstrand1a@cbc.ca,+86 (659) 433-3255
Alex,Lamborne,Storozhynets’,1956-05-13T22:16:19Z,Ukraine,alamborne1b@google.com.br,+380 (829) 969-4943
Torey,Isaac,Bela Vista,1971-08-17T09:40:04Z,Brazil,tisaac1c@loc.gov,+55 (297) 196-4148
Karine,Kingsley,Vancouver,1968-09-23T10:19:05Z,United States,kkingsley1d@geocities.com,+1 (360) 480-1723
Vivi,O'Carrol,Aksu,1972-05-29T03:02:14Z,Kazakhstan,vocarrol1e@rediff.com,+7 (593) 818-3528
Elisabet,McCole,El Triunfo de la Cruz,1952-12-10T12:00:54Z,Honduras,emccole1f@delicious.com,+504 (184) 669-1785
Cort,Lindenstrauss,Castellon De La Plana/Castello De La Pla,1969-02-06T15:05:29Z,Spain,clindenstrauss1g@icio.us,+34 (801) 892-4164
Kahaleel,Stansall,Libertador General San Martín,1990-12-07T20:47:49Z,Argentina,kstansall1h@hud.gov,+54 (719) 609-4976
Beitris,Hrihorovich,Pulopaya,1953-12-11T01:58:46Z,Indonesia,bhrihorovich1i@squarespace.com,+62 (512) 314-7123
Vivien,Mummery,Oslo,1963-04-24T04:01:11Z,Norway,vmummery1j@oaic.gov.au,+47 (135) 453-4818
Kleon,Puddephatt,Zastron,1977-01-31T10:24:20Z,South Africa,kpuddephatt1k@pen.io,+27 (456) 708-5810
Westbrook,Elliff,Turi,1953-04-23T00:08:53Z,Indonesia,,+62 (996) 889-9936
Dorena,Hassett,,,,dhassett1m@blogs.com,
Derwin,Lowden,Slantsy,1980-08-21T00:18:14Z,Russia,dlowden1n@engadget.com,+7 (658) 662-4629
Margie,Stentiford,Zhenxing,1972-10-02T06:06:14Z,China,mstentiford1o@tripod.com,+86 (394) 159-0232
Margaux,Reis,Jovellanos,1952-07-31T04:39:31Z,Cuba,mreis1p@jugem.jp,+53 (451) 934-0441
Gabey,Stalf,Mölndal,1960-11-05T09:08:38Z,Sweden,gstalf1q@java.com,+46 (733) 426-1162
Brandie,Thomkins,Shiniujiang,1959-12-04T08:22:46Z,China,bthomkins1r@home.pl,+86 (226) 885-5172
Rod,Elsom,Wanlongshan,1986-06-24T18:46:33Z,China,,+86 (603) 212-4405
Clemmie,Pendred,Baguim do Monte,1967-12-17T15:30:05Z,Portugal,cpendred1t@chron.com,+351 (607) 988-7195
Reynold,Abbet,Saurimo,1964-01-13T07:34:45Z,Angola,rabbet1u@canalblog.com,+244 (276) 659-0417
Dedra,Nelles,Taipingxu,1975-11-08T12:34:19Z,China,dnelles1v@ucoz.ru,+86 (643) 201-3566
Nicol,Roblett,Tamanan,1998-07-01T16:08:16Z,Indonesia,nroblett1w@qq.com,+62 (393) 543-2142
Dominick,Bartzen,Liboro,1970-02-17T23:54:28Z,Philippines,dbartzen1x@princeton.edu,+63 (271) 828-7100
Bron,Ewence,Vilarinho das Cambas,1988-10-19T00:50:45Z,Portugal,bewence1y@163.com,+351 (678) 482-3478
Natassia,Tincey,Kota Kinabalu,1990-05-13T22:26:40Z,Malaysia,ntincey1z@unesco.org,+60 (627) 511-4250
Chris,Eadie,Owode,1978-06-20T01:11:36Z,Nigeria,ceadie20@jugem.jp,+234 (139) 371-0440
Rena,Fincham,Oxelösund,1979-07-08T05:55:43Z,Sweden,rfincham21@google.com.au,+46 (254) 605-9198
Cynthy,Kynman,Pimenta Bueno,1979-03-08T18:15:44Z,Brazil,ckynman22@virginia.edu,+55 (949) 379-9895
Cassandry,Straw,Karangharjo,1984-01-19T10:32:05Z,Indonesia,,+62 (668) 104-8964
Marleen,Aleksich,Ágios Pétros,1984-02-03T19:57:23Z,Greece,maleksich24@sciencedirect.com,+30 (698) 813-1807
Andrew,Pergens,Nāḩiyat Alī ash Sharqī,1986-01-03T13:21:13Z,Iraq,apergens25@china.com.cn,+964 (696) 190-9282
Sibeal,Sore,Voyinka,1985-06-26T21:38:47Z,Ukraine,,+380 (844) 621-1318
Vania,Dooley,Žemaičių Naumiestis,1974-07-16T01:40:49Z,Lithuania,vdooley27@ibm.com,+370 (417) 249-5658
Aveline,Moston,Tran,1978-10-18T19:43:06Z,Philippines,amoston28@goo.ne.jp,+63 (895) 994-1064
Babbie,Scarman,,,,bscarman29@newsvine.com,
Nariko,Blacksell,Anrong,1961-07-13T12:31:22Z,China,nblacksell2a@cisco.com,+86 (677) 825-3746
Jamie,Warmisham,Uruaçu,1954-09-29T07:53:17Z,Brazil,jwarmisham2b@wunderground.com,+55 (954) 653-7545
Hermia,Skynner,Xiasi,1976-11-04T20:59:03Z,China,hskynner2c@jigsy.com,+86 (415) 960-3296
Hugues,Hovert,Dykan’ka,1955-11-21T09:46:39Z,Ukraine,hhovert2d@soundcloud.com,+380 (154) 217-7912
Lynn,Byrth,Sanchahe,1967-10-23T19:55:37Z,China,lbyrth2e@nymag.com,+86 (962) 291-1313
Von,Cullinane,Ngã Bảy,1997-02-23T12:55:09Z,Vietnam,vcullinane2f@sciencedaily.com,+84 (494) 907-7085
Chastity,Bassindale,Pristen’,1984-12-30T11:32:49Z,Russia,cbassindale2g@go.com,+7 (122) 567-4012
Anatole,Goodings,Minchinābād,1968-03-17T00:26:01Z,Pakistan,agoodings2h@tinypic.com,+92 (684) 574-2159
Cecilla,De Gregorio,Vagos,1970-08-05T14:02:58Z,Portugal,cdegregorio2i@virginia.edu,+351 (304) 964-8047
Lyn,Hindhaugh,Kimberley,1950-01-07T16:36:19Z,Canada,lhindhaugh2j@nba.com,+1 (760) 986-9074
Roosevelt,Artiss,Fovissste,1973-12-11T19:00:20Z,Mexico,,+52 (220) 112-3154
Gris,Adamek,Kuching,1970-12-17T21:37:57Z,Malaysia,gadamek2l@narod.ru,+60 (863) 302-7108
Zerk,De Coursey,Mabua,1996-03-06T01:23:28Z,Philippines,zdecoursey2m@bandcamp.com,+63 (411) 265-4803
Mendie,Poller,,,,,
Trixy,Billo,El Paso,1980-02-05T03:19:35Z,United States,tbillo2o@csmonitor.com,+1 (915) 871-8227
Algernon,Wailes,Dallas,1954-12-14T01:24:59Z,United States,awailes2p@mlb.com,+1 (214) 173-3024
Trey,Maskew,Tongxing,1992-01-16T04:54:58Z,China,tmaskew2q@utexas.edu,+86 (891) 896-3556
Javier,Herrero,Mueang Phuket,1978-04-06T19:01:42Z,Thailand,jherrero2r@webeden.co.uk,+66 (954) 852-2547
Ulla,Bohje,Grindavík,1979-11-07T23:06:03Z,Iceland,ubohje2s@hibu.com,+354 (372) 711-1137
Elia,Elcox,São Bento,1979-04-14T08:20:14Z,Brazil,eelcox2t@goodreads.com,+55 (890) 545-0078
Eden,Kerbler,Pailiao,1966-03-19T04:52:19Z,China,ekerbler2u@disqus.com,+86 (162) 527-7895
Willie,Tokell,Loutrós,1957-08-30T05:08:25Z,Greece,,+30 (754) 996-9817
Margaux,MacPaik,Sumberpucung,1994-09-08T15:39:58Z,Indonesia,mmacpaik2w@gizmodo.com,+62 (575) 714-9294
Chad,Kleisel,Pancanagara,1976-08-14T08:15:33Z,Indonesia,,+62 (979) 945-6844
Tabbitha,Madgin,Puerto La Cruz,1962-06-25T17:07:58Z,Venezuela,tmadgin2y@tinypic.com,+58 (625) 256-3744
Micheline,Coldtart,Socorro,1966-02-15T04:25:49Z,Brazil,mcoldtart2z@imdb.com,+55 (335) 842-0846
Nert,Kordt,Biliri,1959-06-26T22:43:03Z,Nigeria,,+234 (886) 310-3028
Anstice,Godber,Citasuk,1988-06-25T23:02:57Z,Indonesia,,+62 (290) 562-3084
Minnaminnie,Mewrcik,Cabo de Vila,1995-10-31T18:25:08Z,Portugal,mmewrcik32@vinaora.com,+351 (252) 609-9446
Editha,Sikorsky,Sneek,1972-04-18T12:51:18Z,Netherlands,esikorsky33@xing.com,+31 (210) 200-8849
Norine,Cund,Bełżyce,1974-09-30T20:54:13Z,Poland,ncund34@w3.org,+48 (933) 731-2293
Bern,Vreiberg,Jingzhuang,1953-02-25T07:11:53Z,China,bvreiberg35@free.fr,+86 (653) 977-4991
Hodge,Whitton,Higuerote,1969-03-09T17:42:04Z,Venezuela,,+58 (974) 335-5962
Felicia,Morton,Almendra,1999-05-14T20:16:45Z,Portugal,,+351 (454) 450-8683
Lauritz,Swiers,Yengimahalla,1963-03-23T20:18:33Z,China,lswiers38@bizjournals.com,+86 (881) 728-1545
Clarke,Blain,Kyela,1989-09-06T22:06:46Z,Tanzania,cblain39@reddit.com,+255 (461) 427-0099
Erna,Cellier,Kemiri Daya,1969-05-23T13:27:24Z,Indonesia,ecellier3a@list-manage.com,+62 (415) 788-0132
Geneva,Aarons,Hongtang,1953-04-18T00:07:53Z,China,gaarons3b@stanford.edu,+86 (648) 652-5374
Sallyann,Kenington,,,,skenington3c@tinypic.com,
Merline,Custed,Serednye,1967-08-01T18:29:01Z,Ukraine,mcusted3d@wiley.com,+380 (261) 353-8134
Teddie,Cluse,San Jerónimo,1996-04-23T08:27:33Z,Honduras,tcluse3e@feedburner.com,+504 (432) 580-2000
Avigdor,Garwood,Flores da Cunha,1962-03-11T22:46:47Z,Brazil,agarwood3f@vistaprint.com,+55 (727) 660-2174
Filia,Grouen,Tunis,1991-04-16T15:04:33Z,Tunisia,,+216 (408) 705-1895
Phaidra,Carstairs,Coronel,1950-02-03T03:22:39Z,Chile,pcarstairs3h@hc360.com,+56 (752) 173-4211
Tiphany,Burrett,Joyabaj,1972-05-19T09:31:09Z,Guatemala,,+502 (295) 901-2188
Catharine,Adelman,Kasukabe,1978-06-26T19:19:03Z,Japan,cadelman3j@hud.gov,+81 (393) 854-5536
Kerby,Ginger,Korczyna,1997-08-13T12:22:01Z,Poland,kginger3k@slashdot.org,+48 (541) 289-4447
Tyler,Lamar,Lian,1962-04-20T19:34:22Z,China,tlamar3l@census.gov,+86 (126) 510-5757
Sarette,Verrill,Dachnoye,1973-12-11T09:14:27Z,Russia,,+7 (465) 165-2217
Artair,Mitchelmore,Qingfa,1996-06-03T17:31:25Z,China,amitchelmore3n@webnode.com,+86 (518) 876-0236
Micki,Knappett,Sidareja,1975-07-15T06:09:50Z,Indonesia,mknappett3o@pagesperso-orange.fr,+62 (137) 690-0419
Zorina,MacAdie,Borgo Maggiore,1951-06-22T09:47:04Z,San Marino,zmacadie3p@yellowbook.com,+378 (788) 158-7436
Celestyna,McKee,Sanya,1998-06-28T03:39:33Z,China,cmckee3q@fda.gov,+86 (830) 642-7665
Ira,Sprionghall,Čoka,1998-11-28T13:51:04Z,Serbia,isprionghall3r@printfriendly.com,+381 (554) 912-6795
Fax,MacClure,Stupsk,1986-10-05T14:24:04Z,Poland,fmacclure3s@github.io,+48 (824) 340-5272
Max,Carmo,Xidajie,1986-03-08T07:33:44Z,China,mcarmo3t@psu.edu,+86 (284) 344-7576
Viviene,Rheubottom,Hankha,1979-07-30T00:24:45Z,Thailand,vrheubottom3u@forbes.com,+66 (438) 451-4691
Kylen,Klimkovich,Barobo,1952-06-22T12:13:18Z,Philippines,kklimkovich3v@hc360.com,+63 (992) 772-8296
Marni,Milley,Scarborough,1959-07-11T12:04:51Z,Trinidad and Tobago,mmilley3w@delicious.com,+1 (366) 602-4496
Ketti,Slayford,Aguas Corrientes,1955-05-04T16:42:29Z,Uruguay,kslayford3x@nydailynews.com,+598 (992) 974-1711
Adina,Putson,Chennevières-sur-Marne,1957-10-11T11:06:42Z,France,aputson3y@tinyurl.com,+33 (123) 124-3527
Dion,East,Usicayos,1978-03-31T07:08:54Z,Peru,deast3z@ucla.edu,+51 (198) 593-4933
Homerus,Beavon,Sutukoba,1958-12-05T15:33:25Z,Gambia,hbeavon40@hhs.gov,+220 (869) 273-0969
Alysia,Freund,Lefkoniko,1991-10-17T01:55:51Z,Cyprus,afreund41@nasa.gov,+357 (918) 221-8917
Neely,Varley,Akunk’,1996-09-22T19:45:25Z,Armenia,nvarley42@chron.com,+374 (536) 522-2786
Carla,Matthis,Le Mans,1997-09-20T23:51:09Z,France,,+33 (866) 707-4660
Kaiser,Boom,Mathakola,1998-08-05T12:17:44Z,Botswana,,+267 (280) 328-3839
Issie,Bilton,Karipidita,1955-01-14T06:00:30Z,Indonesia,ibilton45@dailymotion.com,+62 (520) 663-8652
Sosanna,Courteney,Warung Wetan,1976-12-31T22:22:11Z,Indonesia,scourteney46@altervista.org,+62 (306) 593-9410
Rosabelle,Colson,Concepción,1986-04-09T01:57:29Z,Paraguay,rcolson47@flavors.me,+595 (101) 215-1065
Jacky,Philippson,,,,jphilippson48@sourceforge.net,
Tierney,Caughte,Dapaong,1989-01-16T19:53:20Z,Togo,,+228 (752) 332-7832
Terrill,Rowett,Kolomanu,1967-06-04T05:00:41Z,Indonesia,trowett4a@nps.gov,+62 (683) 593-4218
Juana,Warlock,Ecilda Paullier,1959-10-08T23:19:38Z,Uruguay,jwarlock4b@examiner.com,+598 (217) 974-8982
Prentiss,Farra,Phnom Penh,1973-09-02T13:29:24Z,Cambodia,pfarra4c@businessinsider.com,+855 (662) 293-7654
Obie,Haville,Visoko,1989-01-09T08:02:06Z,Bosnia and Herzegovina,ohaville4d@bloglines.com,+387 (546) 468-2791
Hugo,Schoffel,Pandi,1974-03-29T03:27:44Z,China,,+86 (111) 419-1036
Emmey,Druce,Santiago do Cacém,1975-10-07T19:25:41Z,Portugal,,+351 (760) 939-9307
Somerset,Goncaves,Santo Tomas,1961-01-31T03:12:27Z,Philippines,sgoncaves4g@columbia.edu,+63 (452) 841-6902
Caleb,Barwick,,,,cbarwick4h@dailymotion.com,
Tracee,Serman,Chengxiang,1976-03-02T03:41:47Z,China,tserman4i@answers.com,+86 (196) 317-6652
Heda,Pettyfer,Skoroszyce,1980-06-30T12:21:16Z,Poland,hpettyfer4j@nih.gov,+48 (184) 100-6884
Bradley,Boleyn,Sandweiler,1984-01-08T18:24:20Z,Luxembourg,bboleyn4k@google.ca,+352 (956) 259-3803
Andriette,Crasford,Yezhu,1955-03-14T07:08:10Z,China,acrasford4l@altervista.org,+86 (156) 923-5691
Susanetta,Sherar,Patos Fshat,1988-07-19T08:28:28Z,Albania,ssherar4m@nih.gov,+355 (533) 941-4036
Sisely,Laird,Fort Macleod,1979-05-31T07:21:34Z,Canada,slaird4n@nhs.uk,+1 (363) 640-0828
Marlo,Sole,Tagnanan,1987-07-24T21:06:06Z,Philippines,,+63 (131) 877-9797
Ophelie,Corzor,Antanifotsy,1973-07-17T16:34:34Z,Madagascar,ocorzor4p@xing.com,+261 (968) 335-4222
Kristian,De Malchar,,,,kdemalchar4q@sakura.ne.jp,
Rafaellle,Cram,Damanhūr,1981-12-16T13:20:57Z,Egypt,rcram4r@last.fm,+20 (857) 954-9803
Vernen,McGroarty,Tarascon,1950-08-06T20:05:57Z,France,,+33 (565) 287-4997
Shell,Pogosian,,,,spogosian4t@patch.com,
Phaidra,Orta,Hechuan,1962-04-03T23:50:33Z,China,porta4u@cnn.com,+86 (388) 172-2887
Colly,McKag,Talca,1989-10-31T12:01:24Z,Chile,cmckag4v@slideshare.net,+56 (417) 498-4207
Sven,Jone,Mashan,1963-06-22T15:37:32Z,China,sjone4w@tinyurl.com,+86 (793) 574-4491
Verla,Birkby,Lac-Brome,1950-10-19T17:57:12Z,Canada,vbirkby4x@icio.us,+1 (611) 548-1706
Ignaz,Kilalea,Šumperk,1955-04-10T10:49:27Z,Czech Republic,ikilalea4y@pbs.org,+420 (518) 267-5919
Karee,Gonnin,Chandal Bā’ī,1971-06-28T14:54:29Z,Afghanistan,kgonnin4z@dell.com,+93 (496) 803-4445
Alice,Walster,Zabłocie,1975-07-24T10:21:17Z,Poland,awalster50@tumblr.com,+48 (818) 132-7752
Terrance,Von Brook,Ängelholm,1967-07-27T02:44:31Z,Sweden,tvonbrook51@cpanel.net,+46 (680) 974-2626
Adara,Macvain,Jinhe,1960-10-10T13:56:04Z,China,amacvain52@paginegialle.it,+86 (955) 601-0411
Nathanial,Klosser,Jevremovac,1999-01-08T23:21:57Z,Serbia,nklosser53@exblog.jp,+381 (440) 826-8237
Maynard,Nendick,Tanjungbatu,1981-09-30T06:56:47Z,Indonesia,mnendick54@cbslocal.com,+62 (399) 820-6829
Rosamond,Coleby,Kumba,1956-02-12T06:41:40Z,Cameroon,rcoleby55@guardian.co.uk,+237 (185) 168-2952
Justus,Cruddas,Brämhult,1953-06-10T16:04:25Z,Sweden,jcruddas56@macromedia.com,+46 (708) 802-9497
Torrence,Darth,Mawlamyinegyunn,1961-03-11T04:20:06Z,Myanmar,,+95 (626) 441-6821
Granville,Rosenblum,Novoye Devyatkino,1986-03-31T15:59:40Z,Russia,grosenblum58@oaic.gov.au,+7 (346) 141-7816
Lela,Tweede,Mölndal,1987-01-19T14:49:19Z,Sweden,ltweede59@elegantthemes.com,+46 (484) 855-4163
Giovanna,Fenich,Sinegor'ye,1982-03-04T03:18:38Z,Russia,gfenich5a@xinhuanet.com,+7 (233) 706-1814
Reilly,Gall,Slobozia,1959-09-12T09:55:33Z,Moldova,rgall5b@g.co,+373 (706) 256-8974
Carny,Lammin,Quimper,1979-02-28T15:30:00Z,France,clammin5c@gmpg.org,+33 (791) 114-5219
Orson,Bambrugh,Caraga,1986-07-09T04:44:01Z,Philippines,obambrugh5d@godaddy.com,+63 (651) 970-3112
Kristal,Shory,Tyrawa Wołoska,1987-10-06T01:18:51Z,Poland,kshory5e@trellian.com,+48 (927) 882-0178
Abdul,Stoke,Stockholm,1981-06-22T01:14:46Z,Sweden,,+46 (344) 282-7722
Linet,Leeke,Lemende,1965-08-17T13:00:06Z,Portugal,lleeke5g@github.io,+351 (710) 367-1143
Frasquito,Billsberry,Gufeng,1962-09-26T23:32:18Z,China,fbillsberry5h@4shared.com,+86 (696) 558-5576
Onida,Allman,,,,oallman5i@sohu.com,
Sherrie,Purton,Cirangkong,1981-12-27T20:34:04Z,Indonesia,,+62 (221) 783-6152
Clem,Bahl,Kombapari,1961-11-28T05:32:31Z,Indonesia,,+62 (126) 250-3893
Cissy,Mapson,Daping,1953-07-19T16:44:54Z,China,cmapson5l@squidoo.com,+86 (575) 554-8108
Petunia,Tudbald,Lokoja,1974-12-27T21:50:11Z,Nigeria,ptudbald5m@cisco.com,+234 (218) 923-1397
Jenny,Laidlow,Thị Trấn Quan Hóa,1985-12-25T19:18:48Z,Vietnam,,+84 (229) 540-7063
Debbi,Kenwyn,Penticton,1982-12-19T11:51:27Z,Canada,dkenwyn5o@apple.com,+1 (949) 535-0906
Galvin,Huegett,Xianlong,1981-02-06T00:09:29Z,China,ghuegett5p@topsy.com,+86 (169) 912-4961
Marietta,Peter,Tianxin,1991-09-03T23:22:44Z,China,mpeter5q@imageshack.us,+86 (758) 394-0769
Kizzee,Elven,,,,kelven5r@netlog.com,
Carter,Vooght,Svetlyy,1953-12-11T19:26:21Z,Russia,cvooght5s@phoca.cz,+7 (556) 854-1588
Mikey,Toler,Mengeš,1979-02-22T22:50:39Z,Slovenia,mtoler5t@cam.ac.uk,+386 (134) 132-9788
Kimble,Blinckhorne,Borik,1983-05-10T17:17:27Z,Indonesia,kblinckhorne5u@plala.or.jp,+62 (237) 679-3784
Renell,Hearty,Arcangel,1953-01-02T17:59:37Z,Philippines,,+63 (173) 680-2158
Cale,Fidgin,Mokopane,1952-08-03T16:00:33Z,South Africa,cfidgin5w@godaddy.com,+27 (329) 852-2500
Fairleigh,Snelle,Baiima,1979-04-04T10:24:20Z,Sierra Leone,fsnelle5x@t.co,+232 (669) 949-7162
Biddie,Fliege,Massy,1971-11-19T19:13:09Z,France,bfliege5y@nytimes.com,+33 (948) 205-4610
Moishe,Yeude,Spodnja Hajdina,1952-12-02T07:16:52Z,Slovenia,myeude5z@yahoo.com,+386 (958) 835-6857
Rollin,Gatiss,Graksop,1958-03-03T04:08:07Z,South Africa,rgatiss60@cargocollective.com,+27 (176) 461-1358
Maurise,Northcott,Traganón,1995-07-04T23:06:55Z,Greece,mnorthcott61@blogtalkradio.com,+30 (359) 374-5184
Vere,Hillatt,Nanyang,1994-10-09T06:04:08Z,China,vhillatt62@geocities.jp,+86 (184) 321-9973
Mort,Dulake,Trzciana,1953-03-10T04:17:30Z,Poland,mdulake63@amazon.co.jp,+48 (751) 135-6766
Ursuline,Lisle,Louisville,1970-05-01T19:49:07Z,United States,ulisle64@techcrunch.com,+1 (502) 696-8514
Lamont,Kilalea,El Tablón,1998-02-17T21:48:10Z,Honduras,lkilalea65@house.gov,+504 (341) 711-5231
Burl,MacSporran,Kodyma,1979-05-22T10:13:46Z,Ukraine,bmacsporran66@tuttocitta.it,+380 (676) 361-2021
Sean,Cristobal,Liancheng,1957-05-12T12:47:23Z,China,scristobal67@statcounter.com,+86 (444) 767-2629
Baron,Meynell,Chistopol’,1950-08-03T08:38:29Z,Russia,bmeynell68@theguardian.com,+7 (268) 794-2844
Quill,Weild,,,,qweild69@rediff.com,
Shadow,Scalera,Olopa,1984-09-09T05:37:53Z,Guatemala,sscalera6a@google.co.jp,+502 (906) 296-1165
Astrid,Attenburrow,Tsimkavichy,1958-09-17T02:30:57Z,Belarus,aattenburrow6b@eepurl.com,+375 (805) 857-7645
Isabeau,Sabben,Kilju,1955-04-17T05:06:47Z,North Korea,isabben6c@dailymotion.com,+850 (825) 800-5895
Alonso,Kerrigan,Karangan,1980-06-27T11:11:57Z,Indonesia,akerrigan6d@youtu.be,+62 (574) 375-6784
Herbert,Nance,San Miguel Dueñas,1953-11-10T22:06:31Z,Guatemala,hnance6e@gnu.org,+502 (684) 793-3246
Berti,Hubball,Ţayyibat al Imām,1954-04-30T13:51:42Z,Syria,bhubball6f@csmonitor.com,+963 (555) 354-3250
Urbano,Deppen,Tukums,1993-09-15T12:01:03Z,Latvia,udeppen6g@eepurl.com,+371 (850) 865-9840
Bancroft,Chasmoor,Tsagaan-Olom,1981-12-26T12:53:29Z,Mongolia,bchasmoor6h@behance.net,+976 (516) 439-9511
Olva,Suff,Shatian,1994-06-29T10:22:54Z,China,osuff6i@ox.ac.uk,+86 (181) 659-5247
Anders,Delgado,Duczki,1989-07-24T19:35:42Z,Poland,adelgado6j@npr.org,+48 (799) 883-7631
Zuzana,Alpes,Bella Vista,1962-11-13T06:50:11Z,Argentina,zalpes6k@nytimes.com,+54 (265) 498-0899
Adara,McVitie,Krasnorechenskiy,1959-02-26T18:05:15Z,Russia,amcvitie6l@reddit.com,+7 (651) 801-8842
Wally,Semens,San Nicolas,1977-09-20T20:51:34Z,Philippines,wsemens6m@ftc.gov,+63 (771) 967-9874
Harri,Outlaw,Campaka,1959-11-02T11:23:33Z,Indonesia,,+62 (469) 662-0586
Derwin,Gyorffy,Tromsø,1993-04-30T08:28:25Z,Norway,dgyorffy6o@weather.com,+47 (720) 887-8752
Jolee,Horsell,Wiskitki,1951-05-03T04:00:23Z,Poland,jhorsell6p@4shared.com,+48 (534) 848-0490
Kimble,Vossing,Salamwates,1969-09-13T11:45:55Z,Indonesia,kvossing6q@salon.com,+62 (153) 107-9060
Cory,Scrimgeour,Wewit,1950-05-12T12:52:58Z,Indonesia,cscrimgeour6r@apache.org,+62 (931) 975-0297
Heindrick,Krochmann,Jurovski Dol,1965-10-28T02:39:55Z,Slovenia,hkrochmann6s@e-recht24.de,+386 (699) 416-8806
Ninetta,Rhymes,Chakwāl,1961-07-12T06:55:22Z,Pakistan,nrhymes6t@infoseek.co.jp,+92 (592) 980-6605
Marlyn,Anersen,,,,manersen6u@alexa.com,
Fletcher,Kinnett,,,,fkinnett6v@yahoo.co.jp,
Randall,Le feuvre,Višnjevac,1984-10-25T19:13:06Z,Croatia,rlefeuvre6w@zimbio.com,+385 (522) 143-9592
Sullivan,Giacubo,Bandar-e Ganāveh,1955-09-29T16:08:59Z,Iran,,+98 (400) 562-8963
Torrin,Vern,Changle,1997-03-30T18:36:44Z,China,tvern6y@go.com,+86 (356) 711-5111
Caryn,Bortolussi,Kréstena,1979-04-23T05:24:26Z,Greece,cbortolussi6z@deliciousdays.com,+30 (726) 902-1539
Ly,Tryhorn,Mkiriwadjumoi,1971-05-23T05:31:48Z,Comoros,ltryhorn70@vkontakte.ru,+269 (306) 731-0936
Amara,Boorman,Gorē,1995-11-09T20:37:00Z,Ethiopia,aboorman71@meetup.com,+251 (651) 101-5265
Allyn,Boner,Banjar Bengkelgede,1968-08-15T02:11:56Z,Indonesia,aboner72@cpanel.net,+62 (254) 782-3516
Jonathan,Stollsteiner,Mulanje,1994-08-10T00:50:37Z,Malawi,,+265 (808) 347-1205
Robinet,Pontain,Katsina-Ala,1999-02-21T18:21:05Z,Nigeria,rpontain74@bandcamp.com,+234 (788) 902-0937
Max,Flemyng,Tangkilsari,1971-01-27T05:17:42Z,Indonesia,mflemyng75@narod.ru,+62 (306) 281-6971
Pavlov,Cocklin,Thị Trấn Than Uyên,1984-03-28T05:58:14Z,Vietnam,,+84 (414) 988-4461
Mia,Digg,Quintães,1956-03-25T13:57:35Z,Portugal,mdigg77@cnn.com,+351 (785) 934-1745
Jecho,Lambourne,Örnsköldsvik,1986-11-21T07:26:20Z,Sweden,,+46 (226) 764-3000
Langston,Matusovsky,Rasshevatskaya,1991-06-03T09:21:41Z,Russia,lmatusovsky79@fema.gov,+7 (214) 861-2316
Kylila,Smallacombe,Krasnyy Profintern,1968-06-02T03:10:22Z,Russia,ksmallacombe7a@over-blog.com,+7 (397) 970-6359
Rosamund,Stihl,Lacdayan,1957-12-29T06:30:37Z,Philippines,rstihl7b@rakuten.co.jp,+63 (710) 684-5547
Jammal,Folland,Zhaojia,1991-09-28T06:06:16Z,China,,+86 (689) 624-3830
Hildagarde,Jacobsz,Wadungasri,1965-01-29T18:39:10Z,Indonesia,hjacobsz7d@hugedomains.com,+62 (481) 212-8481
Milty,Clemente,Retkovci,1970-08-01T18:28:46Z,Croatia,mclemente7e@dion.ne.jp,+385 (150) 417-5613
Wally,Smurthwaite,Pak Phayun,1987-01-16T03:50:07Z,Thailand,,+66 (244) 512-1586
Marget,Roja,Lyantonde,1975-07-09T05:19:06Z,Uganda,mroja7g@netlog.com,+256 (508) 872-6757
Claudianus,Lugsdin,Salegading,1962-08-02T11:18:14Z,Indonesia,clugsdin7h@dot.gov,+62 (968) 641-6985
Britta,Blanche,Győr,1965-01-07T23:07:51Z,Hungary,,+36 (733) 167-4297
Natale,Antosik,Huimin,1974-07-01T13:35:21Z,China,nantosik7j@phoca.cz,+86 (416) 599-0987
Tina,Downes,Sutukoba,1978-04-26T05:16:42Z,Gambia,tdownes7k@lulu.com,+220 (215) 948-8215
Marylee,Capener,,,,mcapener7l@dedecms.com,
Roxanna,Allmark,Baiquan,1950-01-02T14:55:13Z,China,rallmark7m@opera.com,+86 (167) 180-4472
Clarabelle,Lindsell,Cahuanuyo,1999-04-18T19:11:54Z,Peru,clindsell7n@newyorker.com,+51 (346) 697-8752
Dmitri,Elgram,Lelystad,1966-05-21T12:48:23Z,Netherlands,delgram7o@phpbb.com,+31 (732) 839-7402
Stefa,Kahen,Kislyakovskaya,1978-07-01T03:15:28Z,Russia,skahen7p@creativecommons.org,+7 (146) 950-9701
Findlay,Spyby,Bílina Kyselka,1963-04-15T17:28:05Z,Czech Republic,fspyby7q@globo.com,+420 (770) 741-5016
Noe,Squibe,Cortiçóis,1995-10-31T11:17:43Z,Portugal,nsquibe7r@house.gov,+351 (225) 641-4218
Gavra,Brave,Vale de Rolas,1955-12-09T10:40:33Z,Portugal,gbrave7s@lycos.com,+351 (216) 897-6387
Kath,Heaslip,Xinyi,1960-06-29T16:39:19Z,China,kheaslip7t@wikimedia.org,+86 (531) 779-2798
Wright,Kidsley,Shicheng,1953-06-09T21:53:28Z,China,wkidsley7u@jiathis.com,+86 (307) 755-5923
Luci,Leal,Deskle,1983-03-21T11:54:39Z,Slovenia,lleal7v@slideshare.net,+386 (768) 530-8924
Gratiana,Butteris,Sunfang,1983-05-29T11:40:52Z,China,gbutteris7w@delicious.com,+86 (727) 538-8547
Hermina,Rowbury,La Falda,1985-06-14T10:36:45Z,Argentina,hrowbury7x@nymag.com,+54 (605) 894-9140
Twila,Lighton,Melbourne,1994-01-09T18:43:29Z,Australia,tlighton7y@surveymonkey.com,+61 (382) 850-5763
Tiffany,Merrigan,,,,tmerrigan7z@ustream.tv,
Whitney,Harrill,,,,wharrill80@prweb.com,
Pegeen,Alvis,Khawrah,1977-01-09T12:09:00Z,Yemen,,+967 (566) 658-1849
Stephana,Audas,Baoxing,1982-06-23T10:03:58Z,China,saudas82@artisteer.com,+86 (596) 531-2766
Leese,Prestie,Doetinchem,1965-07-14T10:51:23Z,Netherlands,lprestie83@tamu.edu,+31 (720) 498-9923
Bobbe,Dagleas,Jiulong,1957-12-27T01:56:48Z,China,bdagleas84@pagesperso-orange.fr,+86 (805) 618-1196
Shelba,Crispin,Turpay,1995-02-25T04:39:33Z,Peru,scrispin85@usda.gov,+51 (980) 821-1021
Marcellus,Valente,Lanuza,1999-09-14T17:55:57Z,Philippines,mvalente86@seattletimes.com,+63 (366) 713-5818
Genny,Henrique,Talacogon,1958-11-14T19:12:30Z,Philippines,ghenrique87@google.com.hk,+63 (671) 509-9971
Lonni,Clearley,Alma,1994-07-24T22:39:28Z,Canada,lclearley88@kickstarter.com,+1 (289) 802-8081
Hurlee,Crowcombe,Jaguimitan,1985-07-27T19:09:59Z,Philippines,hcrowcombe89@example.com,+63 (480) 275-7396
Alfreda,Mabon,Novi Sad,1953-03-09T14:01:07Z,Serbia,,+381 (856) 855-3313
Roger,Eliaz,Preiļi,1973-10-16T00:13:56Z,Latvia,reliaz8b@delicious.com,+371 (137) 204-5006
Carey,Isaak,Longkou,1991-02-14T15:56:07Z,China,cisaak8c@privacy.gov.au,+86 (995) 823-5377
Carissa,Matas,Lapachito,1983-11-13T03:18:07Z,Argentina,cmatas8d@icio.us,+54 (920) 460-1333
Cornie,Fretter,Longotea,1959-12-01T10:20:09Z,Peru,,+51 (172) 266-0195
Alexine,Sysland,Huangyuan Chengguanzhen,1960-11-30T01:58:55Z,China,asysland8f@nhs.uk,+86 (932) 868-9579
Davin,Coultas,Pengdian,1956-02-15T17:36:03Z,China,,+86 (660) 766-0317
Kiley,Mumbray,Sanzao,1988-12-13T11:39:04Z,China,,+86 (735) 279-1882
Frank,Ingolotti,Richards Bay,1978-04-19T09:18:54Z,South Africa,fingolotti8i@usatoday.com,+27 (365) 621-2397
Dall,Fleeming,Polzela,1996-10-21T11:52:09Z,Slovenia,dfleeming8j@reuters.com,+386 (128) 214-3200
Annadiana,Christopher,Cruz Alta,1988-03-30T01:02:05Z,Brazil,achristopher8k@prlog.org,+55 (439) 512-9710
Cosette,Vanezis,Tanggung,1966-11-20T18:32:03Z,Indonesia,cvanezis8l@accuweather.com,+62 (835) 974-9219
Hall,Cream,Napalitan,1976-10-07T12:56:12Z,Philippines,,+63 (118) 744-3184
Ezmeralda,Davana,Molinos,1952-04-11T23:38:21Z,Peru,,+51 (796) 725-9188
Goraud,Seedull,Mulhouse,1998-01-29T21:51:29Z,France,gseedull8o@deviantart.com,+33 (764) 521-1814
Sholom,Shaul,Banjar Tegal Belodan,1974-07-26T19:14:12Z,Indonesia,sshaul8p@stanford.edu,+62 (822) 762-2329
Valentia,Derill,Washington,1974-11-21T00:19:35Z,United States,vderill8q@nbcnews.com,+1 (202) 830-5949
Kliment,Awmack,Hīsh,1974-03-10T19:51:20Z,Syria,kawmack8r@globo.com,+963 (706) 301-9314
Renata,Fassmann,Cibeureum,1988-09-22T08:23:54Z,Indonesia,rfassmann8s@instagram.com,+62 (109) 241-3140
Jobey,Callar,,,,jcallar8t@mtv.com,
Wilfrid,Morant,Tanakawu Dua,1994-11-28T16:06:51Z,Indonesia,wmorant8u@technorati.com,+62 (953) 680-2264
Gill,Mazzia,San Bernardino,1959-07-08T02:09:52Z,Guatemala,gmazzia8v@twitter.com,+502 (340) 661-1508
Sula,Toope,Yangchao,1996-07-31T03:04:56Z,China,stoope8w@biglobe.ne.jp,+86 (326) 896-7762
Forster,Leyrroyd,,,,fleyrroyd8x@joomla.org,
Amalie,Piet,Barrie,1991-12-01T13:55:56Z,Canada,,+1 (919) 289-8685
Huntley,Kynder,Gaotuo,1977-02-10T18:12:45Z,China,hkynder8z@creativecommons.org,+86 (194) 116-7150
Sharia,Bernardot,Huyuan,1985-01-26T21:58:52Z,China,sbernardot90@a8.net,+86 (855) 446-1913
Robinia,McGivena,Manoel Urbano,1993-05-10T03:29:29Z,Brazil,rmcgivena91@wikia.com,+55 (507) 614-2575
Axel,Freiberg,Volta Redonda,1979-02-20T11:02:28Z,Brazil,afreiberg92@webeden.co.uk,+55 (551) 452-6398
Garey,Davidek,Sekararum,1992-05-30T07:46:21Z,Indonesia,gdavidek93@chicagotribune.com,+62 (256) 291-7790
Salem,Wegman,Khong Chai,1979-04-26T22:57:43Z,Thailand,swegman94@foxnews.com,+66 (392) 506-4591
Chrystal,Trigwell,Xiacaoqiao,1989-01-09T13:13:30Z,China,ctrigwell95@ft.com,+86 (525) 626-2011
Kelcey,Gerner,Beixinjie,1953-12-13T23:59:21Z,China,kgerner96@oaic.gov.au,+86 (768) 588-3865
Ella,Butrimovich,,,,ebutrimovich97@google.ca,
Vincenty,Hradsky,Haibeitou,1954-12-20T08:16:27Z,China,vhradsky98@mapquest.com,+86 (340) 704-3299
Rockey,Calcutt,Yong’an,1973-04-17T02:00:01Z,China,rcalcutt99@wikipedia.org,+86 (746) 772-6100
Erie,Croot,Jonava,1952-01-14T00:25:58Z,Lithuania,ecroot9a@indiatimes.com,+370 (177) 128-4113
Cyrillus,Konrad,Baoshan,1957-03-19T05:38:10Z,China,,+86 (214) 437-4392
Jermayne,Waldren,Gaotang,1987-07-08T16:03:29Z,China,jwaldren9c@joomla.org,+86 (197) 938-8507
Byrle,Pottie,Huliao,1963-10-05T20:19:50Z,China,bpottie9d@tinyurl.com,+86 (954) 891-3934
Faith,Alastair,Daoxian,1992-06-12T19:01:18Z,China,falastair9e@a8.net,+86 (796) 910-1547
Jerrilyn,Tilburn,Garunggang,1977-04-02T21:56:39Z,Indonesia,jtilburn9f@amazon.com,+62 (660) 119-0188
Hussein,Glitherow,Ashford,1993-04-18T18:45:58Z,Ireland,hglitherow9g@discovery.com,+353 (490) 201-5043
Susanna,Jellicorse,Wang Nam Yen,1976-05-04T06:27:28Z,Thailand,sjellicorse9h@techcrunch.com,+66 (854) 575-1642
Pete,Barhims,Кондово,1990-02-04T22:33:18Z,Macedonia,,+389 (510) 981-0073
Clare,Cove,Río Alejandro,1962-12-18T21:39:28Z,Panama,ccove9j@youtu.be,+507 (339) 709-1234
Biddy,Linnard,Skövde,1980-02-02T22:46:32Z,Sweden,blinnard9k@sakura.ne.jp,+46 (327) 410-3177
Winston,Tydeman,Muang Xay,1983-03-16T03:09:10Z,Laos,wtydeman9l@mysql.com,+856 (359) 239-3832
Tori,Pentelo,Doctor Juan León Mallorquín,1959-04-12T13:46:10Z,Paraguay,tpentelo9m@squidoo.com,+595 (325) 367-3268
Tiffanie,Kerton,Chadi,1950-03-01T06:21:08Z,China,tkerton9n@usda.gov,+86 (893) 490-2195
Selig,Rigglesford,Yingpu,1998-11-07T09:35:38Z,China,srigglesford9o@mit.edu,+86 (886) 518-6021
Mathew,Chesshyre,El Calafate,1982-02-09T07:00:23Z,Argentina,mchesshyre9p@alexa.com,+54 (436) 228-7499
Riane,Burdfield,Lesnyye Polyany,1998-01-31T00:12:56Z,Russia,rburdfield9q@oaic.gov.au,+7 (268) 654-3095
Adelind,Bewfield,Oviedo,1974-05-29T00:21:20Z,Dominican Republic,abewfield9r@nba.com,+1 (806) 665-6730
Ilsa,Honatsch,Zhuangbian,1990-04-21T05:04:41Z,China,ihonatsch9s@ox.ac.uk,+86 (491) 135-8643
Gwenora,Seeman,Dandai,1979-08-11T21:45:50Z,China,gseeman9t@gravatar.com,+86 (686) 417-6939
Chiquita,Dyka,Villa Verde,1959-03-05T14:32:18Z,Philippines,cdyka9u@geocities.jp,+63 (611) 158-5546
Reena,Mephan,Puerto Obaldía,1994-12-19T06:50:53Z,Panama,rmephan9v@newyorker.com,+507 (886) 525-1120
Artur,Fedoronko,Cergy-Pontoise,1984-09-24T02:15:43Z,France,afedoronko9w@biblegateway.com,+33 (499) 737-0717
Hadley,Janson,Grand Bank,1964-02-25T03:17:05Z,Canada,hjanson9x@latimes.com,+1 (576) 477-7456
Lilly,Carrington,Tanahgrogot,1975-01-03T09:57:52Z,Indonesia,lcarrington9y@marriott.com,+62 (836) 777-0644
Burke,Beyer,Kenarilang,1994-12-02T08:24:21Z,Indonesia,bbeyer9z@about.me,+62 (792) 448-9286
Jenilee,Hanington,Banatski Despotovac,1963-06-25T10:09:07Z,Serbia,jhaningtona0@nifty.com,+381 (759) 241-9438
Willetta,Excell,Guimba,1981-03-26T22:51:27Z,Philippines,,+63 (865) 542-2534
Roldan,Simkins,Bulgan,1987-10-06T10:53:15Z,Mongolia,rsimkinsa2@gravatar.com,+976 (741) 217-9512
Rebekah,Dwire,Demyansk,1967-12-11T06:23:34Z,Russia,,+7 (911) 764-2139
Ginger,Keaton,Porto Ferreira,1973-04-17T06:30:02Z,Brazil,gkeatona4@creativecommons.org,+55 (569) 452-5000
Heindrick,McLachlan,Pajak,1974-11-04T21:13:27Z,Indonesia,hmclachlana5@canalblog.com,+62 (458) 908-1592
Charmian,Eccleston,,,,cecclestona6@yelp.com,
Hagan,Amis,Huxi,1970-11-19T06:26:05Z,China,hamisa7@tripadvisor.com,+86 (168) 864-1304
Shay,Whales,Nāḩiyat Alī ash Sharqī,1961-05-14T20:39:52Z,Iraq,swhalesa8@paginegialle.it,+964 (259) 645-0024
Richie,MacElroy,,,,rmacelroya9@abc.net.au,
Dorolice,Noakes,Pskov,1985-01-25T22:09:18Z,Russia,dnoakesaa@shareasale.com,+7 (401) 760-1120
Arnold,Shakelady,Baoxing,1953-04-24T20:06:02Z,China,ashakeladyab@usnews.com,+86 (742) 896-4093
Darlene,McAnellye,Delong,1976-05-01T17:03:53Z,China,dmcanellyeac@answers.com,+86 (867) 399-4882
Yasmin,Lewington,Mulchén,1997-05-11T16:16:11Z,Chile,ylewingtonad@google.pl,+56 (279) 461-2376
Gretchen,Swepstone,Czerwin,1996-05-31T15:35:46Z,Poland,gswepstoneae@cocolog-nifty.com,+48 (294) 435-0020
Lucia,Doggerell,Yousheng,1984-10-24T12:03:37Z,China,,+86 (699) 512-3790
Carolyn,Sollis,Fort Worth,1972-08-29T15:05:05Z,United States,csollisag@amazon.co.uk,+1 (682) 881-8607
Chrotoem,Boase,Santo Tomás,1970-11-27T12:11:42Z,Colombia,cboaseah@salon.com,+57 (279) 761-5867
Ethelda,Harry,Sacramento,1987-03-19T10:40:48Z,United States,,+1 (916) 150-6810
Sollie,Batistelli,Manila,1978-02-01T08:52:07Z,Philippines,sbatistelliaj@baidu.com,+63 (150) 634-4216
Ram,Barford,Czerniewice,1994-09-28T04:40:10Z,Poland,rbarfordak@youtube.com,+48 (552) 767-9527
Cindi,Harwell,Tangzhuang,1951-02-23T20:44:34Z,China,charwellal@ow.ly,+86 (451) 138-2676
Talya,Ralestone,Midões,1953-10-20T16:18:38Z,Portugal,,+351 (475) 287-6404
Ferrel,Sandifer,Nový Bydžov,1964-09-25T14:17:32Z,Czech Republic,fsandiferan@nps.gov,+420 (681) 625-7297
Lesley,Adelberg,Shangjin,1991-03-25T17:25:58Z,China,ladelbergao@ask.com,+86 (319) 709-0866
Ilyse,Freire,San Vicente,1966-05-27T18:36:07Z,Philippines,ifreireap@google.co.uk,+63 (442) 637-3837
Lukas,Castelletto,Bishkek,1976-04-17T18:13:36Z,Kyrgyzstan,lcastellettoaq@nature.com,+996 (176) 425-2418
Thibaut,Gilbee,Akron,1964-05-05T17:09:02Z,United States,tgilbeear@wordpress.com,+1 (330) 317-3364
Kayley,Brunt,Hanchang,1991-03-28T13:24:31Z,China,kbruntas@umn.edu,+86 (903) 164-5559
Madalyn,Guinnane,Sirghāyā,1984-03-08T15:35:58Z,Syria,mguinnaneat@typepad.com,+963 (659) 595-5349
Rosanne,MacCauley,Alto do Estanqueiro,1965-08-11T04:53:32Z,Portugal,rmaccauleyau@home.pl,+351 (640) 358-4453
Conroy,De Fries,Lishui,1966-02-20T15:17:28Z,China,cdefriesav@mtv.com,+86 (324) 688-4185
Coleen,Goodlet,Hongqi,1966-11-29T01:28:38Z,China,cgoodletaw@businesswire.com,+86 (223) 974-7356
Bernette,Mapples,Nerópolis,1970-07-30T22:05:12Z,Brazil,bmapplesax@dot.gov,+55 (828) 208-6967
Nataniel,Pinniger,Ngembak,1964-02-21T01:08:20Z,Indonesia,npinnigeray@google.com,+62 (515) 137-5905
Irv,Bretland,Toba Tek Singh,1998-04-26T15:14:52Z,Pakistan,ibretlandaz@bloomberg.com,+92 (628) 742-1371
Annadiane,Krystof,Campo de la Cruz,1996-05-29T13:43:19Z,Colombia,,+57 (880) 807-5273
Marney,Chiswell,,,,mchiswellb1@omniture.com,
Stoddard,Wyllie,Hofors,1990-02-12T08:26:40Z,Sweden,swyllieb2@cmu.edu,+46 (136) 875-7416
Corabelle,Hassin,Ziyuan,1992-11-20T17:49:06Z,China,chassinb3@unesco.org,+86 (569) 890-2667
Janette,Dell Casa,Sandaohezi,1981-10-18T21:52:10Z,China,jdellcasab4@biblegateway.com,+86 (508) 297-3907
Sheri,Elbourne,West Palm Beach,1951-06-01T08:50:51Z,United States,selbourneb5@sun.com,+1 (561) 406-4270
Audra,Bliss,Suileng,1988-06-29T02:30:17Z,China,ablissb6@symantec.com,+86 (192) 546-1656
Eb,Hempel,Los Pinos,1964-11-13T22:56:00Z,Mexico,,+52 (334) 380-5957
Leticia,Bagshaw,København,1961-08-15T07:21:37Z,Denmark,lbagshawb8@wordpress.org,+45 (219) 203-7720
Edyth,Gulliver,Rakhiv,1970-06-17T08:09:45Z,Ukraine,egulliverb9@tripod.com,+380 (979) 601-9384
Basile,Knottley,Huanshi,1965-03-29T00:52:34Z,China,bknottleyba@simplemachines.org,+86 (333) 113-4437
Olav,Burner,Bintang,1963-11-11T07:42:11Z,Indonesia,,+62 (173) 155-1655
Jules,Culleton,Cisewu,1994-08-30T07:53:25Z,Indonesia,jculletonbc@histats.com,+62 (176) 600-3515
Byron,Atrill,Baratleke,1960-07-13T04:05:27Z,Indonesia,batrillbd@fotki.com,+62 (329) 940-5201
Chanda,McCarle,,,,,
Melli,Haldene,Chang Klang,1956-12-25T10:45:08Z,Thailand,mhaldenebf@businessinsider.com,+66 (791) 570-4111
Robinia,Shorbrook,Mabai,1976-06-25T07:44:24Z,China,rshorbrookbg@reference.com,+86 (275) 467-2165
Juline,Petofi,Esperanza,1970-01-12T23:46:21Z,Philippines,jpetofibh@bloglines.com,+63 (360) 690-1302
Clarinda,Audsley,Kiryandongo,1963-12-24T10:56:03Z,Uganda,caudsleybi@dell.com,+256 (349) 715-9705
Wynn,Abbison,Jinrongjie,1973-05-07T13:49:15Z,China,wabbisonbj@zimbio.com,+86 (448) 201-4368
Bradney,Timmens,Ikeda,1994-09-08T01:13:18Z,Japan,btimmensbk@sogou.com,+81 (333) 299-5511
Verne,Prendeville,Fenais da Luz,1958-11-19T18:13:43Z,Portugal,vprendevillebl@naver.com,+351 (342) 891-2011
Wenda,Ferenc,Santo Niño,1999-01-24T11:17:40Z,Philippines,wferencbm@ycombinator.com,+63 (978) 235-2297
Lambert,Churcher,Baykonyr,1953-01-30T06:24:37Z,Kazakhstan,lchurcherbn@over-blog.com,+7 (841) 217-0149
Bron,Lomen,Nueve de Julio,1979-09-14T03:36:25Z,Argentina,blomenbo@noaa.gov,+54 (742) 422-0261
Minny,de Chastelain,Sonsorol Village,1993-11-05T13:42:09Z,Palau,mdechastelainbp@webeden.co.uk,+680 (904) 505-6596
Penelope,Whitmell,Gus’-Khrustal’nyy,1966-12-25T08:19:13Z,Russia,pwhitmellbq@technorati.com,+7 (305) 478-2409
Keeley,Ouldcott,,,,kouldcottbr@vistaprint.com,
Ileana,Rizzelli,Diamantino,1973-07-09T18:53:46Z,Brazil,irizzellibs@ocn.ne.jp,+55 (291) 260-7043
Webb,Akester,General Belgrano,1987-07-27T20:42:26Z,Argentina,,+54 (126) 465-4084
Corly,Berrisford,Munturkaju,1976-10-13T19:25:57Z,Indonesia,cberrisfordbu@admin.ch,+62 (684) 627-0527
Travis,Scramage,Mahekou,1973-07-29T23:54:16Z,China,tscramagebv@a8.net,+86 (646) 290-7803
Marj,Quayle,Nanning,1977-03-31T02:31:44Z,China,mquaylebw@infoseek.co.jp,+86 (664) 293-2780
Consuelo,Antrim,Mersa Matruh,1963-08-05T05:45:17Z,Egypt,,+20 (423) 357-8440
Clementina,Eyrl,Campraksanta,1973-09-29T10:09:17Z,Indonesia,,+62 (191) 204-7077
Vivienne,Audas,President Roxas,1974-09-22T06:26:41Z,Philippines,vaudasbz@google.es,+63 (290) 912-1560
Ellie,Twelvetrees,Purwodadi,1970-06-18T23:51:30Z,Indonesia,etwelvetreesc0@gov.uk,+62 (328) 788-1893
Ailee,Bownde,Arraga,1982-05-08T15:14:47Z,Argentina,abowndec1@businessinsider.com,+54 (793) 283-2867
Corenda,Emps,Brandsen,1966-03-12T08:51:34Z,Argentina,cempsc2@drupal.org,+54 (479) 740-2688
Danna,Ulyat,Olofström,1977-02-14T07:12:06Z,Sweden,dulyatc3@mac.com,+46 (598) 355-5141
Fernandina,Ottawell,Safi,1951-05-16T04:02:23Z,Jordan,fottawellc4@ft.com,+962 (224) 756-3212
Antony,Scrooby,Duobaoshan,1974-03-06T07:21:39Z,China,ascroobyc5@hhs.gov,+86 (555) 610-1222
Amory,Pargeter,Tonga,1957-01-06T18:00:00Z,Cameroon,apargeterc6@imgur.com,+237 (567) 984-8596
Darcy,Weyland,Vassouras,1959-11-06T04:56:08Z,Brazil,dweylandc7@tripod.com,+55 (558) 399-0297
Brandyn,Van Halen,Shah Alam,1962-11-01T16:57:03Z,Malaysia,bvanhalenc8@unc.edu,+60 (133) 463-3931
Nikolas,Goodered,Oslo,1988-05-08T21:03:37Z,Norway,ngooderedc9@netvibes.com,+47 (175) 757-8685
Franchot,Kusick,Kuaidamao,1958-11-30T09:02:55Z,China,,+86 (985) 493-7676
Joye,Quaife,Malumfashi,1978-06-25T16:43:19Z,Nigeria,jquaifecb@scientificamerican.com,+234 (738) 442-2507
Carena,Gayter,Fëdorovskoye,1979-03-12T13:00:25Z,Russia,cgaytercc@un.org,+7 (980) 516-2395
Nickolaus,Fewkes,Cajabamba,1968-10-27T02:15:53Z,Peru,nfewkescd@nymag.com,+51 (508) 630-4962
Denis,Trenchard,Hupalivka,1953-08-05T19:54:05Z,Ukraine,,+380 (119) 523-7791
Thea,Vasishchev,Fiditi,1959-05-29T16:45:23Z,Nigeria,tvasishchevcf@irs.gov,+234 (628) 978-1523
Ottilie,Marr,Yuscarán,1978-01-26T13:02:08Z,Honduras,,+504 (685) 427-9347
Emmy,Domoney,Dera Bugti,1986-01-31T07:09:06Z,Pakistan,,+92 (858) 186-8862
Carie,Durtnel,Pavliš,1972-12-15T07:04:14Z,Serbia,cdurtnelci@go.com,+381 (215) 943-6038
Margi,Cottisford,Mojolampir,1995-11-03T23:18:34Z,Indonesia,mcottisfordcj@washingtonpost.com,+62 (428) 836-6185
Maximilianus,Crumbie,Feliciano,1974-07-10T12:57:50Z,Philippines,,+63 (959) 597-3160
Brett,Listone,Haixing,1986-09-21T10:07:34Z,China,blistonecl@prweb.com,+86 (769) 183-3950
Abelard,Lavarack,Lucas,1967-04-23T08:57:32Z,Brazil,alavarackcm@about.com,+55 (660) 648-5860
Rey,Blakebrough,Erfangping,1954-04-06T00:11:20Z,China,rblakebroughcn@linkedin.com,+86 (415) 297-4791
Gail,Croose,Farkhah,1951-06-25T09:38:12Z,Palestinian Territory,,+970 (608) 329-7318
Danielle,Siddaley,Pantaibesar,1966-04-20T18:34:36Z,Indonesia,dsiddaleycp@go.com,+62 (595) 957-9923
Lanita,Buckberry,Kota Kinabalu,1951-08-01T20:08:33Z,Malaysia,lbuckberrycq@statcounter.com,+60 (107) 738-0829
Jeremy,Penner,Cache Creek,1956-07-07T08:10:39Z,Canada,,+1 (205) 704-5633
Kym,Willgrass,,,,kwillgrasscs@zimbio.com,
Pris,Ost,Paatan,1988-10-15T16:20:33Z,Philippines,postct@360.cn,+63 (219) 637-1533
Claudette,Casin,Pryazha,1998-09-03T18:04:55Z,Russia,ccasincu@cnn.com,+7 (311) 232-6274
Annalee,Maunsell,Trenton,1955-03-02T01:10:12Z,United States,amaunsellcv@blogtalkradio.com,+1 (609) 304-3292
Mellisent,Risbridger,Korop,1973-06-24T07:17:42Z,Ukraine,mrisbridgercw@apple.com,+380 (476) 112-6729
Gery,Woodward,Barreiro do Jaíba,1991-08-09T12:36:04Z,Brazil,gwoodwardcx@ehow.com,+55 (675) 547-8666
Ilyssa,Gorsse,Mintang,1950-11-13T09:25:47Z,China,igorssecy@samsung.com,+86 (809) 199-1806
Darbie,Kobus,Gambaru,1970-08-23T02:42:30Z,Nigeria,dkobuscz@tinyurl.com,+234 (475) 739-1078
Chere,Haselden,Montrouge,1987-10-03T10:02:53Z,France,,+33 (300) 476-7026
Oran,Chatainier,Shixiang,1992-08-05T02:11:32Z,China,,+86 (963) 135-1628
Roshelle,McWhorter,Rääkkylä,1970-08-31T20:58:17Z,Finland,rmcwhorterd2@nih.gov,+358 (573) 317-6711
Clara,Madle,Oslo,1969-09-20T07:08:00Z,Norway,cmadled3@nationalgeographic.com,+47 (721) 483-7723
Jennifer,Heeran,Zhenqiao,1977-04-17T04:46:51Z,China,jheerand4@ted.com,+86 (823) 240-7566
Karry,Jakov,San Eduardo,1995-05-12T08:40:20Z,Philippines,kjakovd5@geocities.jp,+63 (284) 567-6141
Roscoe,Morrilly,Fougamou,1975-02-05T17:03:33Z,Gabon,,+241 (954) 426-1912
Hadria,O'Lynn,Sremčica,1961-01-20T11:27:42Z,Serbia,holynnd7@photobucket.com,+381 (351) 176-7873
Lanie,Howsan,Tantamayo,1960-07-11T09:57:54Z,Peru,lhowsand8@imageshack.us,+51 (772) 490-2571
Sherline,Straneo,Heredia,1964-03-11T14:40:52Z,Costa Rica,sstraneod9@senate.gov,+506 (680) 508-0783
Tim,Hamerton,Chedao,1956-12-15T04:59:22Z,China,thamertonda@angelfire.com,+86 (977) 233-7839
Paola,Millwall,Lamego,1992-08-22T15:30:36Z,Portugal,pmillwalldb@pcworld.com,+351 (197) 660-0578
Antonia,Drinkhill,Yingzai,1954-11-27T13:24:34Z,China,adrinkhilldc@amazon.co.jp,+86 (457) 721-7072
Harlin,Lobbe,Feyẕābād,1991-10-23T17:34:35Z,Iran,hlobbedd@engadget.com,+98 (774) 325-9164
Davida,Shippard,El Mirador,1977-09-09T07:18:38Z,Mexico,dshippardde@who.int,+52 (444) 155-1740
Cassandry,Leneve,Sanhe,1981-11-19T15:01:03Z,China,clenevedf@mayoclinic.com,+86 (742) 888-6695
Saraann,Jandak,Qingliu,1982-05-11T02:21:47Z,China,sjandakdg@reuters.com,+86 (654) 303-9707
Kristofer,Victor,La Unión,1966-01-12T04:20:36Z,Colombia,kvictordh@weather.com,+57 (212) 362-2627
Chicky,Cottham,Krasnyy Oktyabr’,1971-08-07T05:30:30Z,Russia,ccotthamdi@google.com.au,+7 (707) 206-0912
Aurel,Klasen,Carregueira,1951-04-12T12:38:55Z,Portugal,aklasendj@opensource.org,+351 (287) 522-8975
Christian,Arrigo,Xinying,1962-06-06T19:08:44Z,China,carrigodk@hc360.com,+86 (546) 655-9104
Randi,Cartmail,Arcossó,1964-01-26T09:24:53Z,Portugal,rcartmaildl@jimdo.com,+351 (474) 525-8625
Mindy,Haill,Az Zāhir,1976-08-15T10:34:25Z,Yemen,,+967 (767) 627-0483
Arnaldo,Burel,Nyapar,1997-02-21T17:51:22Z,Indonesia,,+62 (141) 735-3628
Hilario,Aird,,,,hairddo@wired.com,
Hansiain,Letty,Próchoma,1950-03-16T05:43:17Z,Greece,hlettydp@lycos.com,+30 (893) 267-5085
Iolanthe,Getty,Corpus,1956-06-07T03:21:19Z,Honduras,igettydq@geocities.com,+504 (974) 620-4461
Perri,Osgorby,El Pino,1988-10-28T22:06:36Z,Honduras,posgorbydr@pen.io,+504 (277) 538-2285
Ronnie,Balloch,Pamedaran,1957-07-16T20:15:32Z,Indonesia,rballochds@baidu.com,+62 (875) 919-3155
Eden,Taverner,,,,etavernerdt@cornell.edu,
Link,Persey,Gbarnga,1968-02-22T06:54:37Z,Liberia,lperseydu@e-recht24.de,+231 (248) 264-6833
Valentine,Atchly,Aix-en-Provence,1996-07-04T16:22:17Z,France,vatchlydv@examiner.com,+33 (221) 676-6071
Tudor,Allmann,Stryszów,1994-03-15T05:03:29Z,Poland,tallmanndw@biglobe.ne.jp,+48 (331) 274-1309
Pearle,Silly,Heishui,1973-02-24T13:59:56Z,China,psillydx@wordpress.org,+86 (914) 400-9405
Natty,Anthoin,Kintinku,1965-09-24T15:00:14Z,Tanzania,nanthoindy@washingtonpost.com,+255 (488) 717-8394
Gipsy,Hollyland,Bastia,1985-08-02T09:21:48Z,France,ghollylanddz@seesaa.net,+33 (704) 296-8269
Joshuah,Vigurs,Knoxville,1969-06-01T12:48:38Z,United States,jvigurse0@home.pl,+1 (865) 729-3433
Erminia,Wessell,Dalongzhan,1970-11-20T22:20:09Z,China,ewesselle1@slideshare.net,+86 (177) 165-6919
Genvieve,Bascomb,Kaset Wisai,1955-10-29T09:26:52Z,Thailand,,+66 (502) 976-6494
Horton,Matevosian,Visby,1991-07-20T00:50:51Z,Sweden,hmatevosiane3@google.cn,+46 (127) 835-9090
Katherina,Cowcha,Pirallahı,1965-12-29T18:56:17Z,Azerbaijan,kcowchae4@constantcontact.com,+994 (425) 672-3674
Drusilla,Snazel,Vihāri,1957-08-01T10:06:13Z,Pakistan,dsnazele5@google.pl,+92 (588) 414-5121
Nan,Pye,Hejiang,1962-12-08T21:47:44Z,China,npyee6@vkontakte.ru,+86 (897) 791-3717
Jesselyn,Grose,Pishaj,1968-10-01T21:17:30Z,Albania,jgrosee7@is.gd,+355 (416) 618-0775
Donny,Gipp,Pueblo Nuevo,1973-05-25T08:19:11Z,Venezuela,,+58 (276) 910-0214
Adolphus,Barnard,Hồ Xá,1994-06-18T12:57:51Z,Vietnam,abarnarde9@mashable.com,+84 (463) 875-1810
Cilka,Overthrow,Douarnenez,1975-08-09T07:43:16Z,France,,+33 (239) 252-9268
Brnaby,Semor,Jīt,1953-11-25T17:30:59Z,Palestinian Territory,bsemoreb@surveymonkey.com,+970 (489) 365-1208
Ami,Kolushev,,,,,
Thorny,Filipiak,El Hamma,1984-12-10T04:20:31Z,Tunisia,tfilipiaked@plala.or.jp,+216 (340) 567-3179
Juline,Rookesby,Bandhagen,1960-09-14T22:39:38Z,Sweden,jrookesbyee@google.nl,+46 (598) 741-0861
Martie,Hawthorn,Itapema,1974-04-10T19:44:59Z,Brazil,mhawthornef@rambler.ru,+55 (762) 525-9259
Everard,Dunaway,Sloboda,1971-03-22T04:00:55Z,Russia,edunawayeg@exblog.jp,+7 (780) 448-0760
Whit,Blewis,,,,wblewiseh@tinyurl.com,
Broderick,Gamlen,Niquelândia,1975-10-29T09:04:38Z,Brazil,bgamlenei@jimdo.com,+55 (485) 327-6436
Gabriellia,Orehead,Unión,1967-05-22T08:52:33Z,Argentina,,+54 (624) 927-0433
Ceil,Smeall,Chociwel,1951-11-28T06:37:33Z,Poland,csmeallek@nsw.gov.au,+48 (515) 433-4231
Hannah,Grenter,Znomenka,1958-08-28T19:00:53Z,Ukraine,hgrenterel@imdb.com,+380 (410) 656-7403
Pasquale,Matfield,Vladimir,1998-09-14T17:03:16Z,Russia,pmatfieldem@amazonaws.com,+7 (726) 547-5081
Donal,Claffey,Topdac,1999-07-02T13:33:01Z,Philippines,dclaffeyen@cloudflare.com,+63 (663) 613-6116
Colly,Cadalleder,Kasserine,1992-12-12T17:34:14Z,Tunisia,ccadalledereo@noaa.gov,+216 (191) 800-3182
Kelci,Wintle,Huotian,1998-11-06T13:22:53Z,China,kwintleep@whitehouse.gov,+86 (680) 888-3141
Kamillah,Gaffney,Bautista,1998-03-21T00:55:04Z,Philippines,kgaffneyeq@cnn.com,+63 (310) 974-1912
Yvonne,Summerhayes,La Romana,1991-07-15T09:04:23Z,Dominican Republic,ysummerhayeser@who.int,+1 (303) 475-9027
Cece,Broxholme,Allentown,1987-06-17T08:33:58Z,United States,cbroxholmees@jiathis.com,+1 (610) 133-2005
Kincaid,Knightsbridge,Hinlayagan Ilaud,1962-12-30T15:39:38Z,Philippines,kknightsbridgeet@va.gov,+63 (583) 246-9412
Emmy,Gerard,Fayzabad,1956-05-16T05:44:34Z,Afghanistan,egerardeu@slideshare.net,+93 (898) 983-2039
Constantine,Yearn,Kozel’shchyna,1958-06-15T20:00:36Z,Ukraine,cyearnev@howstuffworks.com,+380 (137) 202-0189
Lizabeth,Gasparro,,,,,
Nikki,Cuniam,Goodlands,1982-04-24T09:49:11Z,Mauritius,ncuniamex@opera.com,+230 (745) 223-5826
Tiffani,Wilber,Plumbangan,1974-12-18T16:56:37Z,Indonesia,twilberey@globo.com,+62 (855) 669-5019
Ellwood,Fayter,Leyuan,1992-08-08T20:07:57Z,China,efayterez@jiathis.com,+86 (545) 329-6855
Lesli,Vakhrushev,Shanghuang,1974-10-23T03:25:20Z,China,lvakhrushevf0@blogspot.com,+86 (154) 785-8234
Ingrim,Pinor,Moerewa,1967-04-12T09:13:26Z,New Zealand,ipinorf1@theguardian.com,+64 (779) 847-4408
Farrel,Dorot,Smiths Falls,1967-04-24T15:34:40Z,Canada,,+1 (960) 623-6123
Opaline,Snowball,Divo,1956-07-20T06:20:02Z,Ivory Coast,osnowballf3@walmart.com,+225 (763) 917-8275
Alfonso,Budgeon,,,,,
Regina,Paik,Niedrzwica Duża,1981-01-25T10:28:46Z,Poland,rpaikf5@google.com,+48 (489) 158-6039
Arnaldo,Hearn,Melíki,1973-04-01T10:07:50Z,Greece,ahearnf6@amazon.de,+30 (169) 885-1679
Deanna,Pimlock,Burgaltay,1966-03-25T04:56:35Z,Mongolia,dpimlockf7@smugmug.com,+976 (748) 970-5024
Gardy,McClymond,Chŏngju,1974-12-15T00:09:14Z,North Korea,gmcclymondf8@huffingtonpost.com,+850 (160) 222-1715
Patric,Haldin,San José,1989-08-03T06:56:40Z,Honduras,phaldinf9@state.tx.us,+504 (546) 781-2530
Timoteo,Gratton,Washington,1950-05-15T02:54:03Z,United States,tgrattonfa@bloomberg.com,+1 (202) 971-9791
Felice,Clague,Kokkónion,1996-11-12T01:47:17Z,Greece,fclaguefb@vinaora.com,+30 (639) 965-6547
Cassy,Loverock,Yuntan,1995-05-11T11:58:03Z,China,cloverockfc@accuweather.com,+86 (811) 363-0065
Merrile,Lavielle,Kowale,1956-01-21T07:06:33Z,Poland,mlaviellefd@wsj.com,+48 (682) 509-2314
Lydia,Lane,Zhendong,1980-05-24T02:08:04Z,China,llanefe@vinaora.com,+86 (592) 710-9140
Yolanda,Rodrigues,Beaufort,1971-09-27T11:53:43Z,United States,yrodriguesff@usatoday.com,+1 (843) 769-0673
Cristiano,Windle,Khon Buri,1968-09-06T11:33:22Z,Thailand,cwindlefg@comcast.net,+66 (637) 435-0026
Nicko,Bullivent,,,,nbulliventfh@sina.com.cn,
Mable,Sturton,Planá,1994-10-10T20:33:08Z,Czech Republic,msturtonfi@narod.ru,+420 (458) 490-1496
Tedie,Ribeiro,Bayonne,1997-04-28T14:27:00Z,France,tribeirofj@github.com,+33 (488) 499-4334
Free,Evreux,Darvi,1982-09-11T01:48:36Z,Mongolia,fevreuxfk@ocn.ne.jp,+976 (237) 928-4274
Debbie,Crake,Nkayi,1983-07-19T16:16:29Z,Republic of the Congo,dcrakefl@trellian.com,+242 (292) 864-3980
Natale,Diss,Tres Isletas,1950-07-11T16:44:59Z,Argentina,ndissfm@jiathis.com,+54 (408) 811-5318
Giacinta,Krier,Lebowakgomo,1997-02-28T19:03:26Z,South Africa,gkrierfn@independent.co.uk,+27 (434) 154-7585
Alvan,Pidwell,,,,apidwellfo@hao123.com,
Mayer,Robroe,Podsineye,1984-08-17T01:59:13Z,Russia,mrobroefp@yellowbook.com,+7 (147) 113-5369
Micah,Wait,Masalovka,1960-11-01T17:25:21Z,Russia,mwaitfq@cnn.com,+7 (356) 517-4335
Myrtia,Marshalleck,Dukuh,1995-04-02T06:24:28Z,Indonesia,,+62 (298) 389-2227
Bonita,Shallcross,Talalora,1966-10-03T00:00:35Z,Philippines,bshallcrossfs@springer.com,+63 (706) 694-7244
Kenton,Driuzzi,Angatel,1983-08-08T01:41:36Z,Philippines,kdriuzzift@economist.com,+63 (226) 107-7527
Burke,Mangeney,Tinampo,1953-08-25T06:56:49Z,Philippines,bmangeneyfu@xing.com,+63 (547) 428-9673
Kenn,Cristol,Bula,1979-02-23T13:40:59Z,Philippines,kcristolfv@earthlink.net,+63 (115) 554-8878
Kaylyn,Torry,Checca,1982-01-27T21:31:37Z,Peru,ktorryfw@4shared.com,+51 (580) 695-6895
Ewell,Soppett,Maracanaú,1988-10-29T22:20:36Z,Brazil,esoppettfx@tumblr.com,+55 (395) 590-7888
Randie,Southerell,Księżpol,1950-07-07T20:05:39Z,Poland,rsoutherellfy@hostgator.com,+48 (193) 920-5063
Man,Hessay,Damascus,1958-02-06T16:23:07Z,Syria,,+963 (170) 116-2284
Gates,Jouen,Garies,1952-07-30T09:45:32Z,South Africa,gjoueng0@eventbrite.com,+27 (718) 108-8914
Bernhard,Kiss,Sanlifan,1986-04-03T15:12:41Z,China,bkissg1@nature.com,+86 (642) 893-4595
Nichole,Toms,Binhailu,1999-08-04T11:14:44Z,China,ntomsg2@cpanel.net,+86 (895) 890-1790
Jolyn,Chanders,Arísvi,1962-01-21T16:29:30Z,Greece,jchandersg3@fema.gov,+30 (587) 762-3563
Elden,Blake,Prainha de Baixo,1990-10-06T22:02:07Z,Portugal,eblakeg4@nyu.edu,+351 (876) 189-4591
Cathrine,Dahlborg,Cangkreng,1974-11-13T17:53:17Z,Indonesia,cdahlborgg5@europa.eu,+62 (548) 785-5826
Tate,Balmann,Perre,1977-05-02T16:14:26Z,Portugal,tbalmanng6@bbc.co.uk,+351 (659) 757-3185
Barthel,Brugemann,Palanas,1966-04-10T11:12:48Z,Philippines,,+63 (389) 543-7053
Boonie,Matley,Zbraslavice,1977-11-28T06:50:29Z,Czech Republic,bmatleyg8@webnode.com,+420 (782) 908-2520
Hadley,Nisbith,Villa Paula de Sarmiento,1959-02-04T19:18:09Z,Argentina,hnisbithg9@bloomberg.com,+54 (697) 356-3803
Ursala,Tincombe,As Suwaydā,1966-10-15T11:15:36Z,Yemen,utincombega@telegraph.co.uk,+967 (125) 121-9723
Teddie,Kondratowicz,Jikamshi,1969-03-22T23:35:28Z,Nigeria,tkondratowiczgb@ameblo.jp,+234 (423) 857-8878
Terri,Wight,Trashigang,1989-07-31T04:48:26Z,Bhutan,twightgc@xrea.com,+975 (729) 278-7008
Gualterio,Traise,Salvador,1977-12-03T00:11:23Z,Brazil,gtraisegd@sitemeter.com,+55 (903) 223-4125
Felicdad,Colston,Strumica,1956-05-15T09:43:35Z,Macedonia,fcolstonge@archive.org,+389 (926) 477-8484
Kaitlin,Addionizio,Pasirmadang,1959-10-11T10:32:16Z,Indonesia,kaddioniziogf@creativecommons.org,+62 (746) 560-6992
Edvard,McPike,Veinticinco de Mayo,1998-08-19T15:00:58Z,Argentina,emcpikegg@edublogs.org,+54 (300) 747-1533
Jemima,Langelay,Stan-Bekhtemir,1956-12-21T00:48:29Z,Russia,,+7 (804) 800-3002
Hewe,O'Grada,Świecie,1954-09-14T19:42:05Z,Poland,hogradagi@state.tx.us,+48 (287) 824-5814
Hugues,Clemson,Działdowo,1964-06-04T19:54:09Z,Poland,hclemsongj@altervista.org,+48 (944) 903-4088
Tannie,LAbbet,,,,tlabbetgk@google.com.hk,
Obidiah,Mobberley,Vitória de Santo Antão,1962-12-15T07:34:23Z,Brazil,omobberleygl@weibo.com,+55 (677) 130-9955
Martelle,Gimber,Tamahú,1991-03-15T17:38:03Z,Guatemala,,+502 (834) 188-3580
Justus,Utting,Changhan,1969-01-16T21:45:12Z,Thailand,juttinggn@i2i.jp,+66 (159) 869-3881
Trstram,Lambert-Ciorwyn,Tochigi,1971-10-09T09:58:26Z,Japan,tlambertciorwyngo@merriam-webster.com,+81 (226) 573-8829
Silvie,Turri,Dakingari,1977-01-07T06:39:11Z,Nigeria,sturrigp@mapquest.com,+234 (517) 266-4464
Paulo,Caswill,Morelos,1970-03-22T02:50:38Z,Mexico,,+52 (241) 602-3679
Prisca,Purton,Liboro,1987-03-05T09:51:30Z,Philippines,ppurtongr@purevolume.com,+63 (418) 819-3369
Ulberto,Coy,Datuan,1960-02-10T01:53:45Z,China,ucoygs@businessweek.com,+86 (728) 131-5951
Yancy,Masterman,Sentieiras,1976-04-07T01:25:43Z,Portugal,ymastermangt@wix.com,+351 (674) 147-2017
Sibylle,Pacheco,Luozhuang,1967-08-04T03:06:35Z,China,spachecogu@si.edu,+86 (475) 704-5612
Lorenzo,Edgeler,Huancheng,1993-04-26T06:05:32Z,China,ledgelergv@ycombinator.com,+86 (519) 530-4719
Olivier,Farlowe,San Jose del Monte,1978-07-06T05:37:50Z,Philippines,,+63 (415) 327-9794
Hester,Kreutzer,,,,hkreutzergx@stumbleupon.com,
Abel,Howey,Bauru,1988-08-09T22:01:49Z,Brazil,ahoweygy@ucoz.com,+55 (976) 112-0601
Hyacinth,Blare,Villa Ángela,1986-05-21T01:08:40Z,Argentina,hblaregz@mayoclinic.com,+54 (680) 825-1185
Alane,Jorat,Lospalos,1981-01-24T01:47:06Z,East Timor,ajorath0@epa.gov,+670 (242) 561-6308
Patten,Heading,Peace River,1977-11-05T08:59:39Z,Canada,pheadingh1@zdnet.com,+1 (170) 646-8284
Dimitry,Raymont,Baima,1969-05-09T08:42:03Z,China,,+86 (581) 649-3518
Francesco,Sherbourne,Xinshan,1955-06-02T00:43:09Z,China,fsherbourneh3@amazonaws.com,+86 (180) 899-2170
Selestina,Rumming,Mpraeso,1988-05-13T05:58:32Z,Ghana,srummingh4@t.co,+233 (360) 421-6550
Isidore,Argabrite,Zhob,1983-03-02T09:11:58Z,Pakistan,iargabriteh5@sina.com.cn,+92 (964) 848-5910
Nicol,Perulli,Gunjur,1994-06-22T07:58:23Z,Gambia,,+220 (641) 143-8624
Dayna,McLachlan,Melrose,1970-03-19T02:29:36Z,Mauritius,dmclachlanh7@php.net,+230 (971) 970-8816
Micky,Purple,Paccha,1993-08-04T19:21:41Z,Peru,mpurpleh8@boston.com,+51 (121) 980-2311
Darren,Cough,Jinping,1974-09-11T09:01:35Z,China,dcoughh9@drupal.org,+86 (605) 263-4959
Eden,Fahrenbacher,,,,,
Maritsa,Thunderman,Nova Varoš,1968-11-18T14:43:16Z,Serbia,mthundermanhb@mac.com,+381 (712) 767-8757
Amory,Richfield,Saratamata,1976-09-06T11:37:19Z,Vanuatu,arichfieldhc@gnu.org,+678 (177) 327-3551
Inglis,Kenvin,Caspisapa,1973-11-26T05:51:54Z,Peru,ikenvinhd@earthlink.net,+51 (220) 158-2748
Zarah,Richemond,Byala Slatina,1970-08-06T01:03:33Z,Bulgaria,zrichemondhe@weibo.com,+359 (668) 185-0173
Dotti,Blenkinsop,Barubandung,1998-04-28T20:43:14Z,Indonesia,dblenkinsophf@narod.ru,+62 (184) 536-1857
Madelena,Merriday,La Esperanza,1970-11-12T21:29:28Z,Honduras,mmerridayhg@symantec.com,+504 (989) 142-0533
Devy,Horsfield,Subusub,1992-01-06T21:39:35Z,Philippines,dhorsfieldhh@ow.ly,+63 (223) 856-8891
Ulrikaumeko,Broxholme,Thuận Nam,1985-03-31T17:33:34Z,Vietnam,ubroxholmehi@mac.com,+84 (470) 103-4099
Boris,Ibbott,Tonekābon,1954-01-20T04:26:46Z,Iran,bibbotthj@adobe.com,+98 (245) 286-0217
Mill,Tomik,Wŏnju,1954-10-17T18:42:25Z,South Korea,mtomikhk@sina.com.cn,+82 (778) 479-7077
Darryl,Selvester,Bergen,1973-06-15T09:47:16Z,Norway,dselvesterhl@infoseek.co.jp,+47 (779) 928-6227
Reese,Girodin,San Diego,1991-12-22T10:39:26Z,United States,rgirodinhm@salon.com,+1 (858) 414-8926
Hansiain,Lumpkin,Saint-Louis du Sud,1991-09-07T11:29:11Z,Haiti,hlumpkinhn@aol.com,+509 (817) 568-4071
Cayla,Kiera,,,,ckieraho@photobucket.com,
Ketty,Freschini,,,,kfreschinihp@gizmodo.com,
Hashim,Sizland,,,,hsizlandhq@amazon.co.jp,
Maximilian,Bellanger,Yingkeng,1966-12-03T21:37:37Z,China,mbellangerhr@pinterest.com,+86 (322) 275-8393
Mozelle,Ruler,Yanglin,1997-04-07T03:01:49Z,China,mrulerhs@deliciousdays.com,+86 (960) 715-1522
Katleen,Beetlestone,Cabanaconde,1965-07-13T01:13:40Z,Peru,kbeetlestoneht@dropbox.com,+51 (831) 868-0350
Jane,Crockley,,,,jcrockleyhu@google.es,
Florence,Creenan,Almere Haven,1980-08-14T03:10:21Z,Netherlands,fcreenanhv@amazon.co.uk,+31 (242) 902-7904
Nikola,Steventon,,,,nsteventonhw@globo.com,
Grannie,Leadley,Humaitá,1951-09-30T10:22:27Z,Brazil,gleadleyhx@tinypic.com,+55 (937) 145-0635
Janeen,Gambles,Karpushikha,1954-12-05T01:11:09Z,Russia,jgambleshy@washington.edu,+7 (798) 263-7987
Ariel,Halstead,Petrozavodsk,1959-06-27T22:56:38Z,Russia,ahalsteadhz@mediafire.com,+7 (271) 661-1565
Esma,Antczak,Qingtang,1972-02-08T01:31:03Z,China,eantczaki0@devhub.com,+86 (517) 172-9492
Odey,Easter,Dourbali,1956-02-17T13:57:33Z,Chad,oeasteri1@acquirethisname.com,+235 (747) 837-5505
Claudie,Frick,Cullalabo del Sur,1993-02-18T19:15:32Z,Philippines,cfricki2@businessweek.com,+63 (230) 835-4292
Rudolf,Jzak,New Mīrpur,1995-03-03T13:52:09Z,Pakistan,rjzaki3@shareasale.com,+92 (263) 574-6335
Jud,Lagne,Vilnius,1973-07-18T03:57:19Z,Lithuania,jlagnei4@ca.gov,+370 (274) 301-1038
Ronny,Dawidsohn,Girijaya,1959-04-14T14:41:33Z,Indonesia,rdawidsohni5@skyrock.com,+62 (869) 256-4424
Maurie,Slack,Holma,1954-05-20T05:50:50Z,Nigeria,mslacki6@netlog.com,+234 (997) 667-8662
Basile,Scobie,Tres Arroyos,1993-01-18T04:16:44Z,Argentina,bscobiei7@bbc.co.uk,+54 (354) 370-7605
Gisela,Conlaund,‘Aşīrah al Qiblīyah,1975-08-26T23:38:53Z,Palestinian Territory,gconlaundi8@bloomberg.com,+970 (953) 169-9846
Kimberli,Rastall,Savski Venac,1970-01-05T10:44:03Z,Serbia,krastalli9@addthis.com,+381 (809) 649-8841
Stanley,Twinborne,Lyeskawka,1980-04-27T14:05:46Z,Belarus,stwinborneia@deliciousdays.com,+375 (687) 378-1520
Hurley,Braganca,Krasnaya Poyma,1962-05-11T15:57:28Z,Russia,hbragancaib@slashdot.org,+7 (836) 898-6836
Meier,Ahlf,Orléans,1957-11-08T19:09:07Z,France,mahlfic@geocities.com,+33 (232) 166-1288
Raye,Hollibone,Mora,1990-08-13T22:46:58Z,Sweden,rholliboneid@japanpost.jp,+46 (811) 653-9314
Donnie,Egginson,Masumbwe,1968-03-15T18:12:28Z,Tanzania,degginsonie@free.fr,+255 (151) 327-7350
Aldric,Blincko,,,,ablinckoif@godaddy.com,
Aron,Tubb,Puutura,1987-11-11T13:11:44Z,Indonesia,atubbig@godaddy.com,+62 (146) 812-9165
Brigid,Fawlkes,Temorlorong,1958-07-06T17:16:46Z,Indonesia,bfawlkesih@wp.com,+62 (428) 263-2905
Suzanna,Willetts,Rongelap,1999-01-17T21:33:49Z,Marshall Islands,swillettsii@alibaba.com,+692 (147) 483-9677
Sinclair,Marfe,Dong’an,1990-09-30T14:38:18Z,China,,+86 (998) 628-3736
Coretta,Loughlin,Shaozhai,1974-04-16T08:51:37Z,China,,+86 (705) 841-2679
Barrett,Cull,Istres,1975-10-22T04:32:13Z,France,bcullil@bigcartel.com,+33 (219) 463-5464
Jehu,Brasted,Buckland,1951-10-17T00:26:56Z,United Kingdom,,+44 (704) 658-6992
Abbe,Summerlie,Kangping,1965-12-13T06:03:41Z,China,asummerliein@comcast.net,+86 (491) 305-8918
Lamont,Dootson,Kota Kinabalu,1997-12-04T18:45:34Z,Malaysia,ldootsonio@tuttocitta.it,+60 (892) 896-4828
Conrade,Wanstall,Malaga,1970-12-11T07:06:28Z,Spain,cwanstallip@zimbio.com,+34 (578) 221-4071
Klara,Easbie,Guanqian,1955-01-30T08:09:09Z,China,keasbieiq@ocn.ne.jp,+86 (493) 927-0052
Tremayne,Spellecy,Odiongan,1983-02-28T08:26:55Z,Philippines,tspellecyir@businesswire.com,+63 (511) 948-1717
Boyd,Isack,,,,bisackis@moonfruit.com,
Shana,Menear,Nishor,1960-06-07T23:44:48Z,Kosovo,smenearit@dedecms.com,+383 (565) 966-0402
Joli,Gladyer,Kaniv,1973-03-10T10:39:55Z,Ukraine,jgladyeriu@tiny.cc,+380 (888) 255-1671
Gussi,Cabrara,Elato,1989-09-07T14:20:09Z,Micronesia,gcabraraiv@about.me,+691 (116) 963-0543
Dave,Wrotchford,Hongos,1960-10-09T14:28:18Z,Peru,,+51 (743) 602-9438
Jacqui,Sagrott,,,,jsagrottix@goo.gl,
Billi,McLeese,Pyapon,1995-07-30T13:48:08Z,Myanmar,bmcleeseiy@jiathis.com,+95 (310) 408-6704
Bevin,Dubock,Taouloukoult,1963-06-12T08:34:04Z,Morocco,bdubockiz@ovh.net,+212 (342) 237-3024
Vivianne,Lackham,Komsomol’skiy,1966-11-05T20:28:26Z,Uzbekistan,,+998 (663) 240-6678
Gui,Demetr,Skulsk,1960-02-05T18:46:52Z,Poland,gdemetrj1@fc2.com,+48 (328) 183-0579
Giffy,Lovstrom,Cawalo,1979-01-08T14:02:33Z,Indonesia,glovstromj2@360.cn,+62 (454) 237-3373
Leann,Ollett,Sebewe,1962-04-18T00:43:44Z,Indonesia,lollettj3@shutterfly.com,+62 (442) 352-9009
Estevan,Ronayne,,,,,
Mayor,Scrane,Rio Grande,1999-04-14T11:29:05Z,Brazil,mscranej5@cnbc.com,+55 (750) 822-5875
Kelly,Ledgard,Ocoyo,1967-12-21T03:56:03Z,Peru,kledgardj6@symantec.com,+51 (489) 748-4192
Nevile,Perring,Registro,1952-06-21T13:34:12Z,Brazil,nperringj7@washington.edu,+55 (802) 212-5587
Lewie,Duggen,Loutrós,1951-04-01T18:31:18Z,Greece,lduggenj8@ucla.edu,+30 (603) 898-4003
Leela,Poley,,,,lpoleyj9@ibm.com,
Neilla,Mortel,Krajan Dua Sumbersari,1966-05-10T04:57:48Z,Indonesia,nmortelja@cdbaby.com,+62 (569) 162-1452
Joey,Hansbury,Bringinanom,1977-02-18T04:04:06Z,Indonesia,jhansburyjb@theglobeandmail.com,+62 (936) 654-9694
Alissa,Allner,Kuala Lumpur,1964-02-14T18:45:21Z,Malaysia,aallnerjc@joomla.org,+60 (394) 163-9414
Ricki,McCrohon,Boise,1954-07-01T10:21:11Z,United States,rmccrohonjd@narod.ru,+1 (208) 248-6685
Farr,Jeannenet,Chantilly,1974-03-28T08:22:40Z,France,fjeannenetje@whitehouse.gov,+33 (466) 978-9386
Inglis,Wall,Mashui,1962-12-30T14:53:48Z,China,iwalljf@google.cn,+86 (799) 971-1825
Reiko,Chastaing,Meilisi,1969-09-23T22:47:23Z,China,rchastaingjg@elpais.com,+86 (962) 868-4288
Millie,Baalham,Qinling Jieban,1967-02-10T03:02:39Z,China,mbaalhamjh@shareasale.com,+86 (773) 408-4506
Chelsie,Partkya,Kuching,1960-09-27T20:04:00Z,Malaysia,cpartkyaji@bing.com,+60 (843) 674-1896
Barny,Rooson,Culasian,1956-09-24T14:32:10Z,Philippines,broosonjj@soundcloud.com,+63 (674) 288-9927
Rosemaria,Spratley,Porto Ferreira,1953-08-30T14:55:11Z,Brazil,rspratleyjk@sourceforge.net,+55 (247) 741-2941
Kleon,Babst,Borlänge,1992-06-02T03:40:11Z,Sweden,kbabstjl@ezinearticles.com,+46 (593) 280-3922
Rori,Stoppard,Cabalawan,1975-05-05T09:14:54Z,Philippines,rstoppardjm@vkontakte.ru,+63 (145) 743-0464
Riordan,Drinan,Niugan,1979-07-16T06:25:33Z,Philippines,rdrinanjn@reddit.com,+63 (101) 617-7496
Taddeusz,Josilowski,El Parco District,1995-10-01T09:16:10Z,Peru,tjosilowskijo@qq.com,+51 (608) 889-0271
Lauren,Gawthorp,Wenchang,1968-08-28T06:51:33Z,China,lgawthorpjp@wix.com,+86 (805) 467-6320
Durante,Hubbock,Orleans,1954-04-30T13:38:45Z,Brazil,dhubbockjq@123-reg.co.uk,+55 (368) 627-2320
Klarrisa,de Copeman,Castanheira de Pêra,1997-05-28T10:19:07Z,Portugal,kdecopemanjr@ihg.com,+351 (978) 978-1885
Brietta,Leguay,Klimavichy,1966-05-29T08:37:16Z,Belarus,bleguayjs@flavors.me,+375 (328) 659-8787
Danice,Jeannaud,Nianyushan,1962-12-15T13:43:28Z,China,djeannaudjt@ask.com,+86 (838) 705-8332
Rudy,Wearne,Beloyarskiy,1987-04-01T23:44:02Z,Russia,,+7 (593) 574-9541
Godwin,O'Hingerty,Vila Franca da Beira,1994-08-30T20:38:22Z,Portugal,gohingertyjv@oracle.com,+351 (846) 703-6783
Goldarina,Jansey,Mehrān,1976-06-29T22:13:15Z,Iran,gjanseyjw@baidu.com,+98 (825) 518-4651
Harrison,Ruddin,El Valle del Espíritu Santo,1972-01-07T12:56:53Z,Venezuela,hruddinjx@amazon.de,+58 (454) 649-9832
Sarajane,Franz-Schoninger,Kalenderovci Donji,1987-10-03T14:52:03Z,Bosnia and Herzegovina,sfranzschoningerjy@phpbb.com,+387 (166) 206-7804
Juana,Stealy,Zarzis,1995-11-18T09:42:50Z,Tunisia,jstealyjz@wiley.com,+216 (704) 167-6378
Dennie,Highwood,Bibirevo,1980-01-10T05:25:10Z,Russia,dhighwoodk0@nhs.uk,+7 (388) 867-3887
Karel,Helversen,Caen,1964-02-09T19:39:41Z,France,khelversenk1@sogou.com,+33 (754) 530-1763
Corrine,Itzchaky,Changqi,1965-12-08T01:50:15Z,China,citzchakyk2@creativecommons.org,+86 (226) 983-9960
Ax,Kidston,Cachón,1968-12-04T15:43:46Z,Dominican Republic,akidstonk3@vkontakte.ru,+1 (959) 858-1808
Thaine,Hosburn,Jaru,1999-01-11T21:44:36Z,Brazil,thosburnk4@shutterfly.com,+55 (590) 541-9207
Grantley,Warcup,Nanjie,1989-03-02T07:10:35Z,China,gwarcupk5@bloomberg.com,+86 (128) 502-9493
Sullivan,Weldrick,Jiuxian,1991-04-08T19:56:10Z,China,sweldrickk6@businesswire.com,+86 (936) 571-7670
Penelopa,Larrett,Lebak,1963-04-09T07:02:41Z,Indonesia,plarrettk7@wix.com,+62 (194) 420-9356
Alfy,Merit,Tangchijie,1997-05-25T07:14:34Z,China,,+86 (799) 681-7492
Benn,Taber,Duli,1990-03-07T12:02:00Z,China,,+86 (352) 385-8208
Binny,Cossem,San Lorenzo,1985-03-22T20:38:01Z,Mexico,bcossemka@weibo.com,+52 (659) 986-0933
Alfonso,Maskell,Mendez-Nuñez,1987-12-20T13:42:24Z,Philippines,amaskellkb@eepurl.com,+63 (928) 889-0696
Sonnnie,Dhenin,Forshaga,1972-04-25T22:43:09Z,Sweden,,+46 (776) 578-3969
Roxana,McSperron,Terawas,1953-11-20T15:42:58Z,Indonesia,rmcsperronkd@ftc.gov,+62 (306) 412-5168
Kris,Lamar,Cipari,1966-07-20T21:56:09Z,Indonesia,klamarke@zimbio.com,+62 (656) 412-5893
Georgiana,Royce,Gorang,1972-08-12T13:08:41Z,Indonesia,groycekf@hhs.gov,+62 (288) 408-0998
Venus,Lamberti,Funchalinho,1969-05-19T20:28:47Z,Portugal,vlambertikg@miitbeian.gov.cn,+351 (659) 968-0372
Andreana,Skeels,Balengbeng,1992-04-17T23:11:58Z,Indonesia,askeelskh@hatena.ne.jp,+62 (666) 477-8587
Giraud,Frears,Dagkar,1952-04-08T16:28:27Z,China,gfrearski@is.gd,+86 (758) 566-2353
Gordon,Gobel,Kawm Umbū,1995-11-11T17:00:04Z,Egypt,,+20 (432) 234-2187
Angie,Arends,Stockholm,1991-04-14T03:17:31Z,Sweden,aarendskk@cornell.edu,+46 (977) 298-9108
Wang,Normant,Pankshin,1987-09-19T07:08:46Z,Nigeria,wnormantkl@cbc.ca,+234 (466) 532-3346
Eda,Nealy,Bendilwungu Lor,1986-08-06T13:36:31Z,Indonesia,enealykm@nyu.edu,+62 (171) 680-8899
Isabella,Leckie,Zaoshi,1958-09-11T08:04:05Z,China,ileckiekn@4shared.com,+86 (811) 863-2816
Clarita,Matterface,Xilanqi,1974-07-26T07:41:20Z,China,cmatterfaceko@ebay.co.uk,+86 (353) 936-6457
Marthe,Streets,,,,,
Kynthia,Pettyfer,Novotroitsk,1954-02-05T22:34:38Z,Russia,,+7 (355) 947-5898
Karoly,Clowes,Sudzha,1969-09-02T06:34:22Z,Russia,kcloweskr@omniture.com,+7 (674) 409-7406
Shandie,Dzenisenka,São Miguel do Rio Torto,1966-04-15T05:03:31Z,Portugal,,+351 (388) 948-7726
Gretchen,Klisch,Novokayakent,1991-01-19T00:24:35Z,Russia,gklischkt@cafepress.com,+7 (430) 834-4076
Olin,O'Cullinane,Xingang,1996-09-27T06:16:39Z,China,oocullinaneku@mapy.cz,+86 (903) 956-1528
Gale,Ringsell,Yangchengzhuang,1968-04-27T12:37:06Z,China,gringsellkv@histats.com,+86 (620) 155-7217
Ariana,Harriday,Boljoon,1982-11-30T04:23:19Z,Philippines,aharridaykw@tmall.com,+63 (311) 931-3912
Lavena,Marshland,Haitou,1975-10-07T09:37:57Z,China,lmarshlandkx@ihg.com,+86 (786) 102-3111
Miguela,Sclater,Seremban,1972-08-19T03:45:57Z,Malaysia,,+60 (975) 704-8152
Fredek,Cromleholme,Il’skiy,1982-11-24T12:30:17Z,Russia,fcromleholmekz@yandex.ru,+7 (220) 506-5165
Stanly,Bosma,Komiža,1971-11-24T07:36:21Z,Croatia,sbosmal0@is.gd,+385 (127) 920-1652
Vita,Poyser,Maisons-Alfort,1960-09-28T11:22:19Z,France,vpoyserl1@timesonline.co.uk,+33 (944) 480-6061
Christie,MacGown,Petrikov,1952-07-08T22:55:35Z,Ukraine,cmacgownl2@hugedomains.com,+380 (640) 980-5078
Rudiger,Chetwin,,,,rchetwinl3@fda.gov,
Marin,Beavan,Drawsko,1979-06-23T22:00:01Z,Poland,mbeavanl4@addthis.com,+48 (366) 685-8880
Giulio,Cabotto,Cilongkrang,1964-11-06T01:05:46Z,Indonesia,gcabottol5@i2i.jp,+62 (630) 899-9639
Penn,Seally,Phu Kradueng,1974-09-11T02:58:39Z,Thailand,pseallyl6@de.vu,+66 (658) 946-9448
Brenden,Gundry,Kurihashi,1968-03-07T06:08:48Z,Japan,bgundryl7@nymag.com,+81 (811) 135-2680
Cirstoforo,Scarlett,Czarnożyły,1960-11-03T03:52:22Z,Poland,cscarlettl8@slate.com,+48 (513) 500-8229
Cissiee,MacAindreis,Bafatá,1995-03-21T00:31:29Z,Guinea-Bissau,cmacaindreisl9@de.vu,+245 (679) 830-9289
Saloma,Foulger,Dijon,1983-11-03T17:17:06Z,France,sfoulgerla@fastcompany.com,+33 (558) 785-9254
Brigida,Dawidowicz,Pangal Sur,1970-08-28T09:59:05Z,Philippines,bdawidowiczlb@tmall.com,+63 (114) 513-3673
Giffy,Matthai,Weitian,1990-04-08T10:11:15Z,China,gmatthailc@yelp.com,+86 (943) 161-6424
Chic,De Michele,Suan Luang,1986-11-01T01:55:03Z,Thailand,cdemicheleld@ning.com,+66 (172) 152-9012
Davin,Snaddon,Watrous,1978-11-02T14:12:09Z,Canada,dsnaddonle@bbb.org,+1 (211) 543-9357
Bathsheba,Dieton,Axili,1992-03-23T02:18:16Z,China,,+86 (911) 751-3064
Sashenka,Esland,Genting,1976-08-10T15:53:08Z,Indonesia,,+62 (482) 346-6926
Cleo,Sebrens,,,,csebrenslh@omniture.com,
Codi,Whiten,Cartagena,1972-09-07T02:25:00Z,Colombia,cwhitenli@ebay.co.uk,+57 (885) 495-7467
Ferdinanda,Corzon,Nancheng,1999-06-11T22:59:16Z,China,fcorzonlj@geocities.jp,+86 (474) 148-0682
Carmine,Selbie,Tafí Viejo,1992-04-18T02:04:33Z,Argentina,cselbielk@skyrock.com,+54 (625) 657-3226
Adelaide,Caldera,Zelenchukskaya,1991-11-12T21:11:27Z,Russia,,+7 (975) 465-2639
Helaine,Clowes,Belz,1989-06-07T06:13:10Z,Ukraine,,+380 (980) 116-4965
Clari,Muckloe,Itumbiara,1974-04-04T17:50:39Z,Brazil,cmuckloeln@barnesandnoble.com,+55 (970) 712-3587
Shelli,Kleint,Sangoleng,1985-10-21T05:03:14Z,Indonesia,skleintlo@skyrock.com,+62 (381) 728-5300
Perceval,Rolingson,Hrádek,1953-08-17T07:08:32Z,Czech Republic,prolingsonlp@samsung.com,+420 (303) 424-0776
Yoshi,Prandi,La Esmeralda,1995-11-22T07:38:11Z,Venezuela,yprandilq@prlog.org,+58 (239) 244-1391
Golda,Rackstraw,Plast,1960-12-28T04:36:20Z,Russia,,+7 (121) 664-9582
Algernon,Dudill,Fanzhuang,1993-01-08T06:22:51Z,China,adudillls@printfriendly.com,+86 (173) 912-5368
Christoffer,Bartkiewicz,Huangmao,1989-06-11T18:17:15Z,China,cbartkiewiczlt@etsy.com,+86 (351) 681-3990
Killian,Shirley,Mijiang,1988-03-31T18:09:03Z,China,,+86 (180) 172-9997
Patsy,McVeagh,Abuja,1991-10-23T21:28:06Z,Nigeria,pmcveaghlv@g.co,+234 (367) 420-7100
Jourdain,Lowres,Oibioin,1951-01-11T14:50:43Z,Indonesia,jlowreslw@clickbank.net,+62 (378) 778-3914
Viviene,McGlynn,Tanxi,1955-02-11T19:52:00Z,China,vmcglynnlx@samsung.com,+86 (476) 433-7757
Elton,Galier,Zagnitkiv,1964-04-10T16:25:26Z,Ukraine,,+380 (212) 546-4360
Sayre,Boik,Lavaur,1983-08-14T09:22:24Z,France,sboiklz@twitpic.com,+33 (430) 425-9226
Davin,Khrishtafovich,Kawahmanuk,1975-06-25T03:45:32Z,Indonesia,dkhrishtafovichm0@xing.com,+62 (870) 453-1460
Oralla,Bertin,Piškorevci,1964-05-24T19:09:28Z,Croatia,obertinm1@themeforest.net,+385 (689) 780-3642
Wiley,Dayes,Gedian,1951-06-18T03:26:12Z,China,wdayesm2@tumblr.com,+86 (801) 441-1133
Mirabella,O'Gavin,San Ignacio,1985-09-11T13:26:28Z,Belize,mogavinm3@jiathis.com,+501 (260) 247-8440
Kittie,Creenan,Kampong Chhnang,1967-05-31T19:57:07Z,Cambodia,kcreenanm4@usa.gov,+855 (767) 469-6498
Jeniffer,Onions,Yong’an,1959-03-29T16:07:17Z,China,jonionsm5@chron.com,+86 (249) 673-4906
Garfield,Mugglestone,Rajūzah,1963-10-22T20:48:11Z,Yemen,gmugglestonem6@time.com,+967 (357) 714-2760
Oswell,Zuppa,Mehtar Lām,1960-01-10T11:10:56Z,Afghanistan,ozuppam7@phoca.cz,+93 (947) 405-6198
Franciska,Lackeye,Sirājganj,1973-11-23T19:56:52Z,Bangladesh,flackeyem8@techcrunch.com,+880 (262) 286-8429
Gert,Rossiter,Dziewin,1979-10-09T03:13:58Z,Poland,grossiterm9@trellian.com,+48 (654) 190-1490
Vinita,Caff,Olafulihaa,1951-03-02T08:26:13Z,Indonesia,vcaffma@amazon.de,+62 (789) 742-9537
Romola,Gillbey,Jawornik,1981-04-19T04:02:26Z,Poland,rgillbeymb@blog.com,+48 (118) 242-6817
Meade,Duffield,Raksajaya,1972-03-10T22:15:55Z,Indonesia,mduffieldmc@bandcamp.com,+62 (737) 126-5830
Monro,Barus,Tongshan,1972-12-10T13:49:14Z,China,mbarusmd@yandex.ru,+86 (773) 505-8989
Llywellyn,Kalkofer,Zlataritsa,1968-01-11T04:11:48Z,Bulgaria,lkalkoferme@privacy.gov.au,+359 (520) 949-8201
Gibbie,Londesborough,Cikarang,1971-04-25T10:26:07Z,Indonesia,glondesboroughmf@eventbrite.com,+62 (610) 911-3470
Grady,Burchatt,Culasian,1989-09-16T04:47:47Z,Philippines,gburchattmg@google.com.br,+63 (819) 992-4922
Web,Cruwys,Övertorneå,1990-06-30T04:42:10Z,Sweden,wcruwysmh@i2i.jp,+46 (909) 120-5540
Jandy,Skarman,Nuevo Emperador,1950-06-16T17:39:30Z,Panama,jskarmanmi@nbcnews.com,+507 (125) 811-4873
Neville,Wandtke,Kedungbanteng Krajan,1987-05-12T12:39:10Z,Indonesia,nwandtkemj@freewebs.com,+62 (881) 536-9846
Ava,Oxley,Mbocayaty,1979-11-09T09:33:17Z,Paraguay,aoxleymk@1688.com,+595 (894) 665-3777
Boyd,Vasilmanov,Sergiyev Posad,1953-09-24T20:51:18Z,Russia,bvasilmanovml@bluehost.com,+7 (833) 350-0038
Sebastian,Hambleton,Göteborg,1974-04-04T21:23:20Z,Sweden,shambletonmm@state.gov,+46 (538) 332-6168
Georgiana,Brightie,Kosmach,1993-03-02T08:20:58Z,Ukraine,,+380 (762) 420-4390
Lawrence,Hrus,Žeravice,1994-12-01T06:56:12Z,Czech Republic,lhrusmo@barnesandnoble.com,+420 (370) 958-5534
Annette,Pauleau,,,,apauleaump@i2i.jp,
Renelle,Priddey,Caba,1956-06-15T15:34:10Z,Philippines,rpriddeymq@squidoo.com,+63 (455) 618-6898
Eleonora,Nissle,Caieiras,1996-10-14T20:13:11Z,Brazil,,+55 (488) 279-9718
Neddy,Bretherton,,,,nbrethertonms@reddit.com,
Bunny,Bridie,Vohibinany,1981-04-16T03:51:12Z,Madagascar,bbridiemt@un.org,+261 (189) 102-8318
Minny,Hospital,Summerland,1975-03-09T12:01:30Z,Canada,mhospitalmu@chicagotribune.com,+1 (588) 912-7799
Sam,Halvorsen,Buenos Aires,1995-01-15T14:39:57Z,Peru,,+51 (133) 587-4392
Gaby,Duckels,Dera Murād Jamāli,1976-04-30T16:40:22Z,Pakistan,gduckelsmw@drupal.org,+92 (691) 919-6307
Karlie,Oxherd,Bayramaly,1960-09-02T16:31:58Z,Turkmenistan,koxherdmx@icq.com,+993 (480) 493-5209
Konstantine,Chong,Keruguya,1997-09-28T14:45:48Z,Kenya,kchongmy@vkontakte.ru,+254 (186) 347-8147
Fey,Cormack,,,,fcormackmz@usnews.com,
Mikkel,Ballingal,Mnogoudobnoye,1972-05-21T11:08:50Z,Russia,mballingaln0@comcast.net,+7 (672) 455-4151
Kelcey,Akred,Mundybash,1994-02-13T02:38:02Z,Russia,kakredn1@zdnet.com,+7 (326) 318-2907
Neville,Petrosian,Rabat,1966-01-03T13:23:58Z,Malta,npetrosiann2@sphinn.com,+356 (512) 271-6850
Stanwood,McDyer,Yeysk,1986-09-14T14:47:51Z,Russia,smcdyern3@php.net,+7 (621) 162-0596
Giles,Wallentin,Toledo,1999-07-25T08:56:31Z,Brazil,gwallentinn4@shareasale.com,+55 (734) 816-0823
Pavlov,Plumridege,Pantin,1965-07-04T03:13:35Z,France,pplumridegen5@mozilla.org,+33 (991) 308-2218
Hayley,Frigout,Badīn,1954-09-13T15:36:13Z,Pakistan,hfrigoutn6@altervista.org,+92 (264) 225-3276
Isabeau,Vockings,Dongling,1965-01-08T00:02:22Z,China,ivockingsn7@comsenz.com,+86 (944) 765-6861
Mireille,Fuster,,,,mfustern8@rakuten.co.jp,
Dorolisa,Dolden,Kiukasen,1981-03-24T06:40:52Z,Indonesia,ddoldenn9@ask.com,+62 (594) 928-4242
Heinrick,Levermore,Busia,1988-10-27T23:04:10Z,Kenya,hlevermorena@godaddy.com,+254 (896) 878-3984
Elvina,Thebe,Santiago del Torno,1984-01-22T04:49:58Z,Bolivia,ethebenb@unicef.org,+591 (483) 463-8969
Giorgia,Gomez,Nianqiao,1950-09-26T18:23:13Z,China,,+86 (240) 355-0011
Estrellita,D'Elia,Kadujajar,1984-10-17T22:56:44Z,Indonesia,,+62 (405) 965-6330
Cam,Olyff,Kliwon Cibingbin,1950-07-31T10:44:19Z,Indonesia,colyffne@amazon.co.jp,+62 (412) 968-8600
Hastie,Keoghane,Conceição das Alagoas,1969-03-11T13:14:34Z,Brazil,hkeoghanenf@imageshack.us,+55 (671) 524-6517
Hilda,Eustis,Keyinhe,1961-09-22T18:41:22Z,China,heustisng@vk.com,+86 (614) 946-5951
Yurik,Izac,Sernovodsk,1953-12-17T14:47:20Z,Russia,yizacnh@engadget.com,+7 (616) 137-1465
Karrah,Burroughes,Manalu,1972-03-12T04:47:18Z,Indonesia,,+62 (634) 519-2297
Grange,Micheu,Tapayan,1952-09-23T15:59:30Z,Philippines,gmicheunj@patch.com,+63 (605) 770-9027
Nesta,Cubbinelli,Corujeira,1955-10-24T01:42:27Z,Portugal,ncubbinellink@amazon.com,+351 (310) 845-9086
Vic,Manthroppe,Leipzig,1980-07-10T07:18:02Z,Germany,vmanthroppenl@arizona.edu,+49 (470) 449-0777
Gwennie,Barendtsen,Le Havre,1992-06-30T17:41:02Z,France,gbarendtsennm@liveinternet.ru,+33 (459) 827-8680
Brigitte,Gathwaite,Juranalas,1963-06-28T20:13:54Z,Indonesia,bgathwaitenn@creativecommons.org,+62 (629) 706-0305
Xenos,Bezzant,Sirre,1996-06-06T13:16:39Z,Ethiopia,xbezzantno@miitbeian.gov.cn,+251 (659) 113-0320
Roth,Switzer,Xitieshan,1957-03-05T17:26:17Z,China,rswitzernp@comsenz.com,+86 (747) 741-2321
Melina,Balstone,Tamnag,1960-02-09T13:48:26Z,Philippines,mbalstonenq@zdnet.com,+63 (710) 868-1109
Joellen,Spenclay,Vila de Sal Rei,1977-11-23T19:46:35Z,Cape Verde,jspenclaynr@cam.ac.uk,+238 (489) 179-9922
Letty,Calcott,Esso,1982-12-09T04:45:07Z,Russia,lcalcottns@discovery.com,+7 (350) 447-1716
Gerald,Chardin,Hengdong Chengguanzhen,1967-07-22T07:47:41Z,China,gchardinnt@paypal.com,+86 (521) 456-9635
Mariette,Heaslip,Xinli,1965-12-09T09:09:56Z,China,mheaslipnu@mapquest.com,+86 (131) 795-4505
Hy,Satterley,,,,hsatterleynv@opensource.org,
Yancy,Isson,Dębów,1975-02-24T04:31:28Z,Poland,yissonnw@goo.gl,+48 (544) 986-6989
Mildrid,Sedger,Manalongon,1986-07-29T12:30:04Z,Philippines,msedgernx@kickstarter.com,+63 (104) 310-5985
Mead,Ivanikhin,Kalnibolotskaya,1975-02-16T06:16:56Z,Russia,mivanikhinny@studiopress.com,+7 (450) 548-4248
Silvia,Bownass,Sokołów Podlaski,1999-07-07T17:43:07Z,Poland,sbownassnz@salon.com,+48 (677) 392-8701
Trula,Geffe,Yuxi,1961-10-20T16:42:47Z,China,tgeffeo0@epa.gov,+86 (244) 155-1626
Fredi,Ramsier,Veřovice,1974-11-23T18:12:28Z,Czech Republic,framsiero1@cnn.com,+420 (460) 917-9642
Yoshi,Colston,Niederanven,1983-05-10T18:03:24Z,Luxembourg,,+352 (985) 709-4653
Cynthea,Bawles,Pécs,1989-05-15T12:56:11Z,Hungary,cbawleso3@indiatimes.com,+36 (613) 949-9106
Brigitta,Jacobowitz,Cadiz,1984-02-14T20:20:46Z,Spain,bjacobowitzo4@php.net,+34 (701) 687-9454
Ronda,Illesley,Nowy Korczyn,1999-09-29T17:06:08Z,Poland,,+48 (612) 924-0194
Jesse,Salzberger,Wang Noi,1989-02-17T17:43:47Z,Thailand,jsalzbergero6@bloglines.com,+66 (555) 879-8627
Chrissie,Martina,Yinglan,1963-02-21T04:29:03Z,China,cmartinao7@ftc.gov,+86 (618) 424-9741
Annabela,Gauld,Riung,1962-05-11T22:41:20Z,Indonesia,agauldo8@dailymotion.com,+62 (275) 403-8376
Letti,Di Nisco,,,,,
Olivier,Dawnay,Primero de Mayo,1991-05-04T04:40:28Z,Mexico,,+52 (135) 368-3019
Ethelind,Tatam,Cangkringan,1975-02-13T19:42:23Z,Indonesia,etatamob@icq.com,+62 (751) 969-3434
Lowell,Karp,Shuangmiao,1971-10-02T22:15:32Z,China,lkarpoc@rambler.ru,+86 (844) 122-9254
Mirella,Hinkley,Ołpiny,1980-10-18T08:41:38Z,Poland,mhinkleyod@sbwire.com,+48 (728) 958-3029
Zandra,Balmer,Prosvet,1981-07-31T14:06:05Z,Russia,zbalmeroe@ezinearticles.com,+7 (927) 673-6401
Maurie,Tuffield,Manhan,1978-12-15T07:31:20Z,Mongolia,mtuffieldof@spiegel.de,+976 (475) 966-8834
Ingmar,Ram,Temyasovo,1967-03-21T11:57:13Z,Russia,iramog@cafepress.com,+7 (653) 691-1356
Kin,Scalia,Sâmraông,1990-01-25T05:39:20Z,Cambodia,kscaliaoh@bluehost.com,+855 (941) 748-3892
Kaitlin,Stickland,Cagmanaba,1998-07-28T16:04:19Z,Philippines,ksticklandoi@networksolutions.com,+63 (372) 773-6091
Blayne,Corley,Francisco Villa,1977-10-01T12:48:55Z,Mexico,bcorleyoj@sakura.ne.jp,+52 (568) 666-8556
Sarine,Regenhardt,Kłoczew,1968-01-28T05:06:12Z,Poland,sregenhardtok@vinaora.com,+48 (803) 194-8743
Terese,Linfitt,Pŭrvomaytsi,1979-10-03T06:49:09Z,Bulgaria,,+359 (959) 837-5127
Juditha,Rocco,Al Matlīn,1979-04-13T09:20:00Z,Tunisia,jroccoom@engadget.com,+216 (482) 340-7796
Tera,Standen,,,,tstandenon@cnet.com,
Mallorie,Naris,Melbourne,1979-04-21T06:47:40Z,Australia,,+61 (176) 789-9342
Farr,Haddrill,Khāngāh Dogrān,1984-05-15T06:31:54Z,Pakistan,fhaddrillop@xrea.com,+92 (269) 160-5687
Pasquale,Beecheno,Sigavé,1963-04-02T22:05:56Z,Wallis and Futuna,pbeechenooq@cbslocal.com,+681 (116) 280-9653
Javier,Lamberto,Lengkongbarang,1995-06-13T11:33:07Z,Indonesia,jlambertoor@earthlink.net,+62 (494) 922-6674
Glynnis,Wilkes,Carvalheira,1951-07-04T03:48:42Z,Portugal,gwilkesos@samsung.com,+351 (465) 205-1214
Sloan,Corbyn,El Fahs,1987-06-26T16:45:11Z,Tunisia,scorbynot@themeforest.net,+216 (383) 817-9320
Adriana,Bow,Belgorod,1952-10-28T00:53:12Z,Russia,abowou@tamu.edu,+7 (719) 399-6218
Gwyneth,Mackison,Xingyi,1962-10-20T10:00:26Z,China,gmackisonov@adobe.com,+86 (919) 767-2685
Arlee,Leckey,Port Hawkesbury,1965-10-23T03:54:42Z,Canada,aleckeyow@independent.co.uk,+1 (227) 326-4630
Any,Christy,Nice,1976-03-04T21:35:28Z,France,achristyox@studiopress.com,+33 (117) 335-1930
Karil,Hulburt,,,,khulburtoy@engadget.com,
Lyndy,Funnell,Okrika,1967-09-11T03:57:32Z,Nigeria,lfunnelloz@dedecms.com,+234 (230) 332-1729
Nixie,Bonner,Salamanca,1952-04-10T19:04:40Z,Chile,nbonnerp0@weather.com,+56 (717) 463-8020
Abie,Shatliff,Batangafo,1987-07-24T18:10:16Z,Central African Republic,ashatliffp1@hud.gov,+236 (908) 136-5003
Bentley,Fiddiman,Khao Wong,1973-12-29T04:56:57Z,Thailand,bfiddimanp2@over-blog.com,+66 (963) 361-9190
Jake,Ferens,Yavne,1971-07-11T07:07:56Z,Israel,jferensp3@ovh.net,+972 (546) 322-7136
Starlene,Eloi,,,,seloip4@yellowbook.com,
Sofie,Tomaselli,Longsheng,1951-11-11T06:11:04Z,China,stomasellip5@tiny.cc,+86 (166) 623-5314
Meggy,Stratley,Salaberry-de-Valleyfield,1981-10-10T10:08:36Z,Canada,mstratleyp6@imdb.com,+1 (336) 476-5767
Lissy,Farraway,San Matías,1999-09-11T16:05:56Z,Bolivia,lfarrawayp7@behance.net,+591 (277) 641-2830
Abraham,Brave,Nîmes,1960-03-03T04:46:16Z,France,abravep8@boston.com,+33 (423) 405-8095
Felizio,McTerlagh,Gachalá,1957-06-20T15:30:53Z,Colombia,fmcterlaghp9@cnn.com,+57 (908) 939-0428
Daveen,Crighton,Bayang,1962-08-30T03:09:48Z,China,dcrightonpa@oaic.gov.au,+86 (849) 994-5041
Margaretha,Louthe,Nova Era,1985-09-26T12:00:14Z,Brazil,mlouthepb@is.gd,+55 (898) 960-3394
Sonny,Drain,Wang Muang,1960-04-07T04:02:58Z,Thailand,sdrainpc@techcrunch.com,+66 (494) 344-4716
Katharine,Preuvost,Almaguer,1991-09-23T19:58:00Z,Colombia,,+57 (349) 309-5870
Martita,Meyrick,Sankwia,1965-08-17T16:01:26Z,Gambia,mmeyrickpe@github.io,+220 (366) 998-5009
Malcolm,Beadham,Banjar Swastika,1961-02-20T11:37:53Z,Indonesia,mbeadhampf@addthis.com,+62 (989) 562-8312
Mahalia,Lumox,Odesskoye,1995-08-05T23:21:49Z,Russia,mlumoxpg@e-recht24.de,+7 (370) 970-0636
Lina,Legges,Patulul,1991-12-31T09:55:35Z,Guatemala,lleggesph@studiopress.com,+502 (163) 371-9036
Drusilla,Checketts,Colatina,1964-05-05T19:45:58Z,Brazil,dcheckettspi@dailymotion.com,+55 (165) 134-1898
Tally,Lazarus,Legen,1955-12-26T22:13:50Z,Slovenia,tlazaruspj@flavors.me,+386 (382) 312-8383
Rickie,Marrill,San Luis del Palmar,1971-01-14T17:09:26Z,Argentina,rmarrillpk@thetimes.co.uk,+54 (701) 955-6246
Elita,Dreye,Krajan Dua Putukrejo,1975-08-07T18:56:26Z,Indonesia,edreyepl@blogger.com,+62 (501) 485-0326
Traci,Screach,Garbów,1958-06-12T16:39:12Z,Poland,tscreachpm@rakuten.co.jp,+48 (654) 396-3559
Horatio,Preon,Guizi,1952-09-27T13:36:01Z,China,,+86 (236) 677-3548
Herman,Campa,Chirpan,1952-01-05T05:35:03Z,Bulgaria,hcampapo@ed.gov,+359 (924) 220-5819
Nedda,Largan,Riofrío,1959-06-20T07:40:00Z,Colombia,nlarganpp@huffingtonpost.com,+57 (707) 577-5737
Dallas,Jirasek,Magugu,1998-03-22T15:39:28Z,Tanzania,djirasekpq@salon.com,+255 (995) 916-5349
Sigismund,Von Der Empten,Milton,1963-03-18T15:04:05Z,United Kingdom,,+44 (582) 509-6457
Melvyn,McLevie,Kcynia,1998-07-23T21:53:33Z,Poland,mmclevieps@opensource.org,+48 (846) 554-8727
Grazia,Schutze,Duvergé,1968-07-11T10:22:18Z,Dominican Republic,gschutzept@artisteer.com,+1 (301) 300-1661
Esma,Gresch,Ma’an,1981-12-29T19:42:24Z,China,egreschpu@ft.com,+86 (441) 221-0891
Filberto,Antognetti,Langádhia,1973-03-21T10:05:12Z,Greece,,+30 (327) 822-0388
Alanna,Marfell,Xiangshui,1972-09-27T07:46:26Z,China,amarfellpw@linkedin.com,+86 (171) 178-3359
Bryn,Masserel,Hullo,1957-06-04T10:26:44Z,Estonia,bmasserelpx@prlog.org,+372 (496) 300-3033
Laurella,Armfirld,Quixeramobim,1976-08-21T00:05:08Z,Brazil,larmfirldpy@imdb.com,+55 (869) 582-6601
Beverly,Hazelgreave,Purda,1986-08-15T20:49:15Z,Poland,bhazelgreavepz@networksolutions.com,+48 (461) 642-7583
Milzie,Heggie,Pangascasan,1988-05-25T10:28:56Z,Philippines,mheggieq0@biglobe.ne.jp,+63 (506) 149-5928
Powell,Cohr,Klwów,1966-08-09T11:46:16Z,Poland,pcohrq1@baidu.com,+48 (920) 495-3217
Moses,Beveredge,Botevgrad,1994-03-21T10:52:18Z,Bulgaria,mbeveredgeq2@comsenz.com,+359 (741) 817-3129
Lilian,Braunstein,Padre Bernardo,1957-01-30T04:06:44Z,Brazil,lbraunsteinq3@quantcast.com,+55 (277) 209-5103
Nikolia,Alelsandrowicz,Villeneuve-lès-Avignon,1963-01-04T23:10:49Z,France,nalelsandrowiczq4@jigsy.com,+33 (798) 770-8608
Sherline,Clewlowe,Preobrazhenka,1974-08-02T01:49:37Z,Ukraine,sclewloweq5@ucoz.com,+380 (887) 181-4424
Lexie,Pettendrich,Yanghu,1994-06-23T05:18:15Z,China,lpettendrichq6@discovery.com,+86 (134) 215-7603
Myranda,Gabbott,Segezha,1998-05-07T23:59:55Z,Russia,,+7 (876) 421-3404
Shanta,Martelet,,,,smarteletq8@ihg.com,
Celeste,Tchaikovsky,Biru,1976-11-05T15:20:28Z,China,,+86 (334) 706-7260
Quinton,Kerans,Liudu,1983-11-03T23:18:09Z,China,qkeransqa@elegantthemes.com,+86 (552) 331-6843
Sylvan,Senett,Los Santos,1970-05-06T15:34:50Z,Colombia,ssenettqb@meetup.com,+57 (338) 891-2220
Dilan,Coltman,Puro,1975-11-21T15:31:41Z,Philippines,,+63 (725) 667-7402
Maribelle,Cleeves,,,,mcleevesqd@csmonitor.com,
Tammie,Pevreal,Figueiras,1988-06-16T15:06:38Z,Portugal,tpevrealqe@comcast.net,+351 (989) 307-3585
Ilyse,Franciskiewicz,Ban Huai Thalaeng,1983-07-20T22:04:16Z,Thailand,ifranciskiewiczqf@bravesites.com,+66 (444) 969-7960
Britteny,Sumsion,Aleksandrovka,1960-10-14T21:12:14Z,Ukraine,bsumsionqg@netvibes.com,+380 (352) 987-0354
Armin,Stanfield,Burgaltay,1959-06-27T15:53:00Z,Mongolia,astanfieldqh@springer.com,+976 (924) 639-1694
Tricia,Gillison,Verkhnevilyuysk,1951-10-09T02:26:40Z,Russia,tgillisonqi@nasa.gov,+7 (304) 186-4933
Isidor,Lowensohn,Cosne-Cours-sur-Loire,1977-05-11T07:41:06Z,France,ilowensohnqj@home.pl,+33 (308) 270-6133
Robinson,Mulrean,Vila Verde,1971-01-27T23:18:31Z,Portugal,,+351 (442) 465-7112
Bryanty,Shenton,Papringan,1965-04-13T06:12:46Z,Indonesia,bshentonql@spiegel.de,+62 (492) 900-3116
Marlene,Greenacre,Koblain,1962-06-06T07:09:29Z,Indonesia,mgreenacreqm@eepurl.com,+62 (470) 912-8607
Ethan,Midson,Yayao,1975-11-28T11:37:54Z,China,emidsonqn@census.gov,+86 (890) 170-2086
Ileana,Lisamore,Charikar,1990-12-11T22:16:06Z,Afghanistan,ilisamoreqo@aol.com,+93 (997) 106-4541
Lindi,Crace,Zhenxing,1990-01-22T11:46:44Z,China,lcraceqp@wp.com,+86 (219) 659-5878
Noreen,O'Dennehy,Rivera,1978-10-12T17:28:30Z,Colombia,nodennehyqq@apache.org,+57 (417) 677-1144
Sheridan,Everington,Neglasari,1954-05-02T01:50:24Z,Indonesia,severingtonqr@newsvine.com,+62 (271) 987-8795
Chris,Ivashnikov,Saint-Denis,1958-04-20T13:45:59Z,Reunion,civashnikovqs@multiply.com,+262 (578) 212-4977
Bruis,Ebdon,Palestina de los Altos,1963-12-31T16:57:51Z,Guatemala,,+502 (505) 921-6379
Maye,Rennocks,Xinminxiang,1970-02-02T22:21:55Z,China,mrennocksqu@indiegogo.com,+86 (365) 784-8149
Hanny,Thebes,Las Flores,1981-08-26T06:34:43Z,Mexico,,+52 (500) 459-5969
Borg,Shirlaw,San,1968-11-04T03:02:01Z,Mali,bshirlawqw@marketwatch.com,+223 (733) 208-5119
Fernande,Willavoys,Xin’e,1972-01-17T18:23:26Z,China,fwillavoysqx@unesco.org,+86 (233) 387-0591
Dix,Albion,Serra de Água,1982-02-11T17:30:31Z,Portugal,dalbionqy@census.gov,+351 (205) 364-5564
Virgil,Noir,,,,vnoirqz@census.gov,
Joanie,Bartali,Chamlykskaya,1989-07-20T15:58:44Z,Russia,,+7 (806) 661-9523
Essa,Penbarthy,Runsonglaozhai,1968-05-19T07:44:55Z,China,epenbarthyr1@foxnews.com,+86 (682) 458-9956
Elwin,Latchmore,Rerawere,1971-04-26T17:50:42Z,Indonesia,elatchmorer2@ucsd.edu,+62 (205) 425-2524
Janie,Hoyland,,,,jhoylandr3@creativecommons.org,
Abigail,Malsher,,,,amalsherr4@geocities.jp,
Diana,Haseman,Balitai,1951-07-24T17:25:12Z,China,dhasemanr5@symantec.com,+86 (698) 189-8614
Thebault,Mingotti,Caetité,1984-09-24T22:09:01Z,Brazil,tmingottir6@chron.com,+55 (897) 626-4293
Shawna,Dackombe,Nesovice,1981-08-29T05:49:19Z,Czech Republic,sdackomber7@amazon.co.jp,+420 (469) 732-1660
Adela,Marquand,,,,amarquandr8@archive.org,
Cynthy,Yarnall,Santa Cruz do Capibaribe,1960-10-24T20:27:49Z,Brazil,cyarnallr9@bloomberg.com,+55 (882) 443-7014
Billie,Dunkerley,Tenkodogo,1961-01-17T19:39:39Z,Burkina Faso,bdunkerleyra@arstechnica.com,+226 (302) 382-5203
William,Chupin,Uppsala,1987-10-07T03:37:10Z,Sweden,wchupinrb@seesaa.net,+46 (845) 489-1308
Poul,Fullom,Dūrā al Qar‘,1987-03-25T21:32:36Z,Palestinian Territory,pfullomrc@trellian.com,+970 (619) 345-5768
Zorine,Gerler,,,,zgerlerrd@sina.com.cn,
Felicdad,Romushkin,Las Sabanas,1972-09-20T01:12:24Z,Nicaragua,fromushkinre@irs.gov,+505 (122) 186-0634
Lucky,Bertelmot,Jianyangping,1992-11-09T07:16:43Z,China,lbertelmotrf@nature.com,+86 (502) 173-0402
Gabby,Cabera,Sobral da Abelheira,1959-03-31T04:27:56Z,Portugal,gcaberarg@ca.gov,+351 (713) 221-3762
Pet,Aronstein,Francisco Villa,1962-07-05T19:43:32Z,Mexico,paronsteinrh@rediff.com,+52 (612) 789-9348
Sabrina,Cockshutt,Khanu Woralaksaburi,1998-03-03T05:16:26Z,Thailand,scockshuttri@guardian.co.uk,+66 (811) 117-1461
Brenn,Isabell,Brzozów,1976-12-10T18:23:24Z,Poland,bisabellrj@twitpic.com,+48 (254) 270-2266
Essa,Peachment,Vale de Figueira,1977-10-17T05:42:11Z,Portugal,epeachmentrk@examiner.com,+351 (339) 244-5863
Forbes,Filippozzi,Balogo,1995-10-24T05:09:00Z,Philippines,ffilippozzirl@cbslocal.com,+63 (529) 373-1940
Muire,Le Huquet,Gunjur Kuta,1963-11-25T06:18:47Z,Gambia,mlehuquetrm@salon.com,+220 (757) 924-7397
Lilas,Castane,Markaz-e Woluswalī-ye Āchīn,1977-10-07T11:11:18Z,Afghanistan,lcastanern@ycombinator.com,+93 (258) 995-7477
Letty,Reeds,Xin’an,1950-10-02T13:34:20Z,China,lreedsro@dot.gov,+86 (524) 492-9779
Augusto,Cawthry,Karuk,1994-11-17T18:53:43Z,Indonesia,acawthryrp@dion.ne.jp,+62 (135) 750-2743
Shirline,Whickman,,,,swhickmanrq@shop-pro.jp,
Adella,Tume,Zhongxian,1999-07-24T21:12:48Z,China,,+86 (817) 810-5057
