first_name,last_name,birth_place,birth_date,country_living_in,email,phone
Carlynn,Doidge,Baroy,11-Feb-1991,Philippines,cdoidge0@flickr.com,(110) 6469897
Tana,Doche,Yambrasbamba,13-Oct-1996,Peru,,(599) 7247524
Yorgo,Ksandra,Ciklapa,13-Jan-1988,Indonesia,yksandra2@illinois.edu,(329) 1489202
Cyrus,Portman,Šalovci,06-Nov-1997,Slovenia,cportman3@reddit.com,(477) 6729863
Rakel,Ahmad,Mashtūl as Sūq,17-Jun-1981,Egypt,rahmad4@51.la,(676) 8325931
Red,Keson,Nakhon Nayok,12-Mar-1980,Thailand,rkeson5@hibu.com,(743) 8311202
Harwell,Bewfield,Kirs,28-Jul-1951,Russia,hbewfield6@tripod.com,(774) 8439411
Clare,Corney,Dabachang,24-Jul-1994,China,,(207) 3523755
Ced,Whytock,La Cesira,25-Mar-1998,Argentina,cwhytock8@tiny.cc,(430) 9036467
Clare,Boneham,Rouyuan,06-Jun-1979,China,cboneham9@yellowpages.com,(641) 8143207
Tobias,Copp,Biggar,05-Oct-1958,Canada,tcoppa@tripod.com,(519) 3728163
Brenn,Matthewson,Crespo,08-Dec-1990,Argentina,bmatthewsonb@biblegateway.com,(156) 2432799
Marin,Hubeaux,La Mohammedia,23-Mar-1966,Tunisia,mhubeauxc@last.fm,(582) 9168371
Marcille,Klimpke,Kaliningrad,15-Jun-1991,Russia,mklimpked@gravatar.com,(862) 6602178
Lem,Maryman,Tomsk,22-Feb-1994,Russia,lmarymane@icq.com,(790) 7493139
Merrel,Sutherns,Agarsin,25-Dec-1986,China,msuthernsf@sourceforge.net,(307) 7032053
Jule,Folca,Greda,07-Oct-1953,Croatia,jfolcag@csmonitor.com,(741) 8754953
Merrie,Noir,,,,mnoirh@google.com.br,
Reeba,Antwis,Paritaman,25-May-1973,Indonesia,rantwisi@columbia.edu,(558) 1480663
Randene,Vidler,Jinsha,28-Sep-1960,China,rvidlerj@webeden.co.uk,(483) 7418361
Leta,Belison,Duozhu,21-Jul-1956,China,lbelisonk@instagram.com,(703) 5369965
Skipton,Hartup,Cihurip Satu,27-Jan-1977,Indonesia,shartupl@nba.com,(511) 9322713
Foss,Hefforde,Cabangahan,11-Feb-1974,Philippines,fheffordem@homestead.com,(845) 7866625
Norma,Stickland,Dobroměřice,11-Nov-1982,Czech Republic,,(899) 9475086
Mareah,Stainton,Datangzhuang,16-Sep-1953,China,mstaintono@europa.eu,(233) 4171352
Decca,Oldrey,Los Palacios,07-Sep-1990,Cuba,doldreyp@answers.com,(332) 3412690
Ralf,Reddell,Bojongloa,14-Dec-1999,Indonesia,rreddellq@globo.com,(130) 5821075
Kale,Lorenz,Casisang,20-Nov-1959,Philippines,klorenzr@macromedia.com,(614) 5403697
Fredericka,Brabin,Örebro,29-Jan-1997,Sweden,fbrabins@booking.com,(384) 2018499
Isabella,Broun,Wufeng,28-Mar-1970,China,ibrount@1688.com,(323) 7736688
Pierson,Wogdon,Kalpáki,16-Jul-1975,Greece,pwogdonu@npr.org,(479) 1122412
Sterling,Grahl,Hŭngju-dong,20-Aug-1955,North Korea,,(625) 5398832
Hadria,Beagles,At-Bashi,08-Aug-1970,Kyrgyzstan,hbeaglesw@wufoo.com,(129) 7671941
Georgy,Ivakhin,Markog,01-Dec-1997,China,givakhinx@1und1.de,(733) 6809582
Luke,Corner,Muang Pakxan,02-Feb-1961,Laos,lcornery@hhs.gov,(950) 4986751
Elsi,Norvell,Titao,21-Oct-1957,Burkina Faso,enorvellz@sphinn.com,(254) 5583680
Rosalyn,Dewhirst,Toutosa,14-Jan-1995,Portugal,rdewhirst10@harvard.edu,(533) 9342063
Yancey,Berrygun,Kuanping,22-Mar-1953,China,,(811) 8832009
Karee,Iacovone,Banjar Sandinggianyar,03-Jun-1987,Indonesia,kiacovone12@devhub.com,(136) 7429678
Mandel,Pendlebury,Kyzyldzhar,10-Jan-1973,Uzbekistan,mpendlebury13@usa.gov,(493) 8606556
Lu,Rathke,Krzyżanów,20-Sep-1974,Poland,lrathke14@cyberchimps.com,(644) 7285423
Batholomew,Marunchak,Tabio,01-Nov-1998,Philippines,bmarunchak15@networkadvertising.org,(628) 2773322
Loralyn,Gilluley,Bellavista,01-Apr-1951,Peru,lgilluley16@wordpress.org,(851) 6346144
Brunhilde,Liebmann,Heshui,01-Apr-1953,China,bliebmann17@ucsd.edu,(704) 5720276
Nathaniel,Bruhnsen,Palaióchora,02-May-1973,Greece,nbruhnsen18@sciencedirect.com,(706) 9160356
Currey,Maulin,,,,cmaulin19@histats.com,
Gaylord,Old,Tangjiawan,06-Jul-1999,China,gold1a@disqus.com,(868) 7967752
Romonda,Ithell,Kruševica,30-Jun-1990,Croatia,rithell1b@comsenz.com,(824) 1217166
Marianne,Madgin,Vila Chã,21-Sep-1981,Portugal,mmadgin1c@ezinearticles.com,(103) 8228534
Moritz,Pavlenko,Jiangzao,09-Jul-1964,China,mpavlenko1d@skype.com,(965) 6969603
Venus,Howles,Rio Branco do Sul,26-Sep-1971,Brazil,vhowles1e@whitehouse.gov,(996) 9418484
Francklyn,Liverock,Rokytne,22-Nov-1983,Ukraine,fliverock1f@toplist.cz,(398) 8116830
Borg,Sawood,Boluo,28-Jun-1972,China,bsawood1g@nhs.uk,(423) 4588826
Fabio,McMorran,Shangjin,10-Sep-1957,China,fmcmorran1h@topsy.com,(730) 9015201
Alvan,Southerns,Dhamār,08-Feb-1971,Yemen,asoutherns1i@utexas.edu,(104) 2450713
Glyn,Ghelardi,Karakol,16-Feb-1996,Kyrgyzstan,gghelardi1j@mayoclinic.com,(424) 1926961
William,Drance,Stockholm,05-Mar-1975,Sweden,wdrance1k@upenn.edu,(358) 6967149
Kary,Iddenden,Tiel,12-Feb-1985,Netherlands,kiddenden1l@statcounter.com,(257) 4013822
Merill,Jackett,Iligan City,14-May-1962,Philippines,mjackett1m@google.cn,(340) 4378089
Alaster,Deller,Mueang Phuket,29-Dec-1987,Thailand,adeller1n@loc.gov,(960) 1680711
Kacy,Denerley,Pskov,04-Jan-1952,Russia,kdenerley1o@xing.com,(760) 1779006
Chelsea,Kale,Bafang,26-Feb-1965,Cameroon,ckale1p@newyorker.com,(712) 5420445
Adela,Farey,Dagu,11-Jul-1956,China,afarey1q@phoca.cz,(628) 6477587
Rochell,Ferrarini,Paris 01,21-Dec-1962,France,rferrarini1r@shutterfly.com,(133) 7159866
Conrade,Stodd,Naj‘ Ḩammādī,15-Apr-1958,Egypt,cstodd1s@google.cn,(720) 8305142
Linet,Autry,Urjala,09-Nov-1983,Finland,lautry1t@dion.ne.jp,(204) 6469596
Leta,Jumeau,Gręboszów,31-Dec-1951,Poland,ljumeau1u@people.com.cn,(467) 2118185
Didi,Ikins,Suwaduk,08-Dec-1959,Indonesia,dikins1v@twitter.com,(731) 2116211
Baudoin,Meekings,Grimstad,25-Oct-1963,Norway,bmeekings1w@google.co.jp,(733) 4448072
Amy,Landes,Recreio,17-Jan-1988,Brazil,,(899) 7689309
Brantley,Moyes,Krajan Kulon,02-Nov-1998,Indonesia,bmoyes1y@123-reg.co.uk,(463) 5778928
Lizzy,Molines,,,,lmolines1z@goo.ne.jp,
Carmel,Bernhardsson,Meru,04-Jan-1988,Kenya,,(992) 8029478
Nicki,Esselin,Charenton-le-Pont,15-Sep-1986,France,nesselin21@yelp.com,(831) 6510851
Carmelle,Hamnet,Totoras,13-May-1986,Argentina,chamnet22@cnbc.com,(485) 7293817
Graeme,Tatlowe,Iperó,06-Jul-1961,Brazil,gtatlowe23@microsoft.com,(395) 5756354
Gray,Grosvener,Qingguang,11-Mar-1961,China,ggrosvener24@redcross.org,(349) 7022826
Alys,Emanuel,Safotu,11-Jun-1973,Samoa,,(698) 1274065
Kissie,Gabbitis,Rokiškis,17-Oct-1959,Lithuania,kgabbitis26@yahoo.com,(674) 8402140
Pavla,Bodesson,Mekkaw,23-Feb-1958,Nigeria,pbodesson27@marketwatch.com,(516) 3391281
Maxine,Kemme,Il’ka,01-Oct-1998,Russia,mkemme28@plala.or.jp,(110) 9116982
Minor,Plimmer,Timiryazevskoye,28-Aug-1968,Russia,mplimmer29@google.com.hk,(251) 8380839
Rog,Basilotta,Al Qadmūs,01-Sep-1976,Syria,rbasilotta2a@techcrunch.com,(480) 5921340
Bunnie,Hyland,Gaoping,22-Jan-1982,China,,(818) 9319104
Clive,Laverack,Ferme-Neuve,12-Jun-1960,Canada,claverack2c@csmonitor.com,(574) 7999282
Ezra,Kubiczek,Nong Yasai,08-Jan-1992,Thailand,ekubiczek2d@telegraph.co.uk,(346) 2651684
Katharine,Donnellan,Charlottenberg,07-Jun-1968,Sweden,kdonnellan2e@statcounter.com,(567) 5032020
Georgianna,Symmons,Salerno,16-Dec-1950,Italy,gsymmons2f@ifeng.com,(582) 1177199
Nissie,Rotter,Majdal Banī Fāḑil,02-Jul-1965,Palestinian Territory,nrotter2g@networksolutions.com,(196) 5335007
Pauletta,Netting,Nikol’skoye,27-Apr-1964,Russia,pnetting2h@biblegateway.com,(948) 5936828
Noelle,Bertlin,Simpang,30-Apr-1988,Indonesia,nbertlin2i@biblegateway.com,(299) 2504647
Alejandrina,Rome,Hovd,23-Oct-1960,Mongolia,arome2j@about.com,(688) 7071501
Jordan,Skinley,Honolulu,12-Feb-1999,United States,,(808) 2708117
Melany,Tockell,,,,,
Sly,Bosworth,Lapuan,25-Mar-1977,Philippines,sbosworth2m@list-manage.com,(357) 6883852
Odo,Ransley,Yan Nawa,16-Sep-1960,Thailand,oransley2n@is.gd,(750) 6349981
Cassie,Sainz,Kvasy,18-Apr-1999,Ukraine,csainz2o@etsy.com,(195) 5524362
Lauryn,Dorow,Barrosa,03-Jul-1985,Portugal,ldorow2p@ted.com,(173) 5419469
Cthrine,Penright,Chon Daen,01-May-1954,Thailand,cpenright2q@cnbc.com,(173) 5212254
Olav,Peeter,Haoyi,21-May-1988,China,opeeter2r@ustream.tv,(833) 4241484
Kimbell,Clist,Boshof,27-Aug-1998,South Africa,,(538) 1804504
Kara,Ojeda,Liufang,05-Mar-1981,China,kojeda2t@samsung.com,(550) 9018422
Kin,Delia,Doug An,21-Mar-1979,Vietnam,,(239) 6052390
Cece,Hammersley,Pelabuhan Dagang,06-Jun-1999,Indonesia,chammersley2v@soup.io,(763) 9171123
Robinett,Pithie,Nàng Mau,31-May-1973,Vietnam,rpithie2w@omniture.com,(469) 9294835
Cordell,Blodg,Kanchanaburi,15-Feb-1981,Thailand,cblodg2x@wufoo.com,(108) 1331182
Tull,Sibson,Valdosta,18-Mar-1980,United States,,(229) 3265109
Nannie,Timmis,Majennang,15-Jan-1992,Indonesia,ntimmis2z@ebay.com,(556) 7714056
Leontine,Celand,Pingdu,18-Aug-1967,China,lceland30@nhs.uk,(127) 4991836
Dredi,Ducroe,Mombetsu,27-Dec-1995,Japan,dducroe31@soup.io,(133) 1276526
Burl,Vercruysse,Kozakai-chō,07-Oct-1965,Japan,,(289) 3666297
Joanne,Polo,Cepões,12-Sep-1961,Portugal,jpolo33@europa.eu,(168) 2028938
Chariot,Corre,Şanā’,24-Mar-1958,Yemen,,(624) 6745708
Alexander,Scarsbrick,Sandovo,25-May-1982,Russia,ascarsbrick35@usda.gov,(127) 2184076
Tyson,Gurg,,,,,
Truda,Pegrum,Årjäng,23-Jan-1968,Sweden,,(689) 6109173
Belva,Muirhead,Buan,23-Nov-1960,Philippines,bmuirhead38@state.tx.us,(201) 2362913
Ramonda,Ashbey,Linköping,16-Jul-1997,Sweden,rashbey39@themeforest.net,(409) 1615218
Lena,Stoffler,Berlin,22-May-1973,Germany,lstoffler3a@senate.gov,(943) 2555966
Basil,Escritt,Bendo,29-Jan-1950,Indonesia,bescritt3b@hc360.com,(776) 9583474
Aime,Dilland,Karangbaru,03-Jul-1967,Indonesia,adilland3c@foxnews.com,(299) 5192193
Tamarah,Canton,Erie,22-Nov-1989,United States,tcanton3d@cloudflare.com,(814) 7662057
Brett,Ivel,Embu,05-Jan-1956,Kenya,bivel3e@google.co.uk,(672) 1388558
Antonietta,Duley,Jardim da Serra,18-Sep-1964,Portugal,,(923) 1486522
Antoinette,Froude,Suwatu,28-Dec-1966,Indonesia,afroude3g@over-blog.com,(156) 1531271
Augie,Feavers,Rado,17-Apr-1982,Indonesia,afeavers3h@blogs.com,(904) 1173431
Wilbur,Gilyott,Manghit,05-Jun-1995,Uzbekistan,wgilyott3i@yellowbook.com,(876) 4863891
John,Pipworth,Wuluhan,03-Dec-1994,Indonesia,jpipworth3j@nps.gov,(937) 9079320
Nixie,Mulgrew,Fushan,23-Jun-1961,China,,(374) 6391590
Oliy,Draper,Ilebo,20-Dec-1955,Democratic Republic of the Congo,odraper3l@xing.com,(161) 4146526
Amye,Gisby,,,,agisby3m@msu.edu,
Koressa,Hunstone,Mława,05-Nov-1968,Poland,khunstone3n@istockphoto.com,(378) 4451872
Elisa,Keeltagh,Jiachuan,06-Nov-1997,China,ekeeltagh3o@domainmarket.com,(612) 2217006
Byram,Pennells,Baiyashi,05-Oct-1980,China,bpennells3p@go.com,(233) 6209104
Gunner,Saur,Stylída,29-Oct-1958,Greece,gsaur3q@mozilla.com,(796) 5053224
Harbert,Skirvane,Sacanta,21-Nov-1995,Argentina,hskirvane3r@harvard.edu,(601) 3920489
Cecil,Ballentime,Kutorejo,17-Nov-1988,Indonesia,cballentime3s@sakura.ne.jp,(916) 5077369
Christian,Ferrier,Koslan,06-Jul-1964,Russia,cferrier3t@bizjournals.com,(900) 6643448
Vinnie,McCard,Sinarharapan,29-Jan-1969,Indonesia,vmccard3u@sina.com.cn,(177) 1051433
Homer,Flight,Tobruk,20-Dec-1961,Libya,hflight3v@homestead.com,(305) 5930970
Griff,Clarke-Williams,Jintun,03-Jan-1995,China,gclarkewilliams3w@statcounter.com,(903) 6231723
Tanya,Wybron,Al Mashāf,24-Sep-1971,Yemen,,(658) 8198411
Gerardo,Hackin,,,,,
Corny,Egiloff,Žlutice,05-Jan-1980,Czech Republic,cegiloff3z@nih.gov,(804) 4854959
Constanta,Carress,Yumendong,29-May-1968,China,ccarress40@unblog.fr,(241) 9144511
Floris,Grose,Vereshchagino,23-Sep-1986,Russia,fgrose41@angelfire.com,(278) 5018001
Eveleen,Gianelli,Linköping,25-Apr-1962,Sweden,,(150) 6754152
Allin,Kelberman,Karsin,20-Oct-1989,Poland,akelberman43@dmoz.org,(592) 5513771
Alie,Saterweyte,Juren,09-Sep-1978,China,asaterweyte44@mashable.com,(510) 5103893
Niels,Arsmith,Mashan,07-Jul-1975,China,narsmith45@reverbnation.com,(837) 2235169
Skye,Helian,Guacamaya,09-Mar-1976,Honduras,shelian46@homestead.com,(553) 4879839
Desiri,Bangham,Leeds,11-Jun-1986,United Kingdom,dbangham47@domainmarket.com,(794) 3133938
Gwyn,Slarke,La Laja,01-May-1962,Chile,gslarke48@ehow.com,(500) 7725642
Paquito,Sawley,El Asintal,16-Aug-1967,Guatemala,psawley49@mozilla.org,(885) 8614363
Guss,Beelby,,,,gbeelby4a@statcounter.com,
Valentina,Kabsch,Oklahoma City,10-Nov-1951,United States,vkabsch4b@engadget.com,(405) 2906589
Johnathon,Allnutt,Halle,28-Sep-1990,Germany,jallnutt4c@redcross.org,(567) 2478230
Kipp,Semaine,Suwalan,01-Dec-1965,Indonesia,ksemaine4d@arizona.edu,(492) 2809624
Johannah,Stetson,Sobreiro,11-Mar-1986,Portugal,jstetson4e@angelfire.com,(586) 8730121
Odele,Peel,,,,opeel4f@wix.com,
Ricardo,Coils,Tangquan,23-Feb-1958,China,rcoils4g@yolasite.com,(437) 5009414
Meryl,Tschersich,Lukovica pri Domžalah,11-May-1977,Slovenia,mtschersich4h@weebly.com,(768) 8482004
Percival,Seggie,,,,pseggie4i@bluehost.com,
Olvan,Keilty,Olival,28-Jun-1959,Portugal,,(699) 5318544
Enoch,Darque,Hongwansi,31-Jul-1991,China,edarque4k@com.com,(613) 7408043
Doll,Clawsley,Kelowna,19-Jul-1954,Canada,dclawsley4l@cdc.gov,(711) 8023165
Goldie,Granleese,Gulou,19-Dec-1989,China,ggranleese4m@soundcloud.com,(715) 9814174
Etti,Hustings,Liushan,03-Oct-1996,China,ehustings4n@wiley.com,(527) 8540338
Germayne,Hurley,Novaya Usman’,04-Jul-1954,Russia,ghurley4o@quantcast.com,(360) 7191979
Emlyn,Turney,Paris 03,25-Nov-1981,France,eturney4p@yellowbook.com,(401) 2618468
Corbie,Paffley,Valtimo,22-Jun-1965,Finland,cpaffley4q@washingtonpost.com,(605) 3836577
Michal,Fedynski,Taounate,08-Dec-1951,Morocco,mfedynski4r@theguardian.com,(626) 9221597
Tawnya,Deluce,Itupeva,26-Feb-1995,Brazil,,(938) 3450346
Flory,Vance,Codajás,07-Oct-1994,Brazil,fvance4t@last.fm,(689) 2233269
Nonna,Frantz,Knyszyn,13-Nov-1962,Poland,nfrantz4u@sbwire.com,(361) 9953262
Alana,Sorbie,Jianchang,16-Apr-1974,China,,(512) 9384547
Brandea,Dorkens,Kon Tum,04-May-1954,Vietnam,bdorkens4w@so-net.ne.jp,(472) 9066600
Isac,Brewis,Itapuí,04-Mar-1967,Brazil,,(945) 9846182
Roderich,Guymer,Port Colborne,07-Jan-1995,Canada,rguymer4y@ask.com,(473) 7137253
Devlin,Rappoport,Schäffern,15-Feb-1953,Austria,drappoport4z@techcrunch.com,(186) 5985441
Kaitlynn,Pinkett,Malhiao,15-Aug-1962,Philippines,,(865) 4592723
Annetta,Piens,Balma,17-Sep-1996,France,apiens51@diigo.com,(729) 8639658
Em,Dawdary,Gose,28-Feb-1972,Japan,edawdary52@ifeng.com,(762) 5833753
Hermie,Bleasdille,Kaolack,03-Jul-1967,Senegal,,(693) 7237834
Chaddy,Goodhall,Gaotuan,17-Jan-1961,China,cgoodhall54@phpbb.com,(116) 6114218
Faith,Pulham,Cuauhtemoc,26-Feb-1974,Mexico,fpulham55@reverbnation.com,(719) 8972629
Radcliffe,Clemonts,Xinquan,15-Dec-1978,China,rclemonts56@spiegel.de,(776) 3758973
Horatia,Peskett,Al Qiţena,03-Sep-1987,Sudan,,(847) 2283242
Margaretta,MacAndreis,Budapest,29-Sep-1954,Hungary,,(758) 2380070
Alaster,Bartlomiej,Yepocapa,09-Jul-1956,Guatemala,abartlomiej59@addtoany.com,(509) 2202865
Walliw,Paxforde,Santa Rosa de Viterbo,10-Sep-1972,Brazil,wpaxforde5a@telegraph.co.uk,(171) 6983051
Parke,Lorincz,Pidvolochys’k,25-Dec-1966,Ukraine,plorincz5b@craigslist.org,(468) 1690721
Harbert,De Lorenzo,,,,hdelorenzo5c@nifty.com,
Torrence,Gertz,Sabae,17-Feb-1971,Japan,tgertz5d@ehow.com,(810) 1114016
Laney,Truckell,Oum Hadjer,31-Mar-1984,Chad,ltruckell5e@netscape.com,(198) 4763944
Nissie,Shovlar,Waso,15-Jun-1956,Indonesia,,(246) 3415073
Dolf,Caldicot,Primorskiy,08-Mar-1962,Russia,dcaldicot5g@census.gov,(651) 6791384
Sybilla,Leabeater,Wincrange,01-Jan-1966,Luxembourg,,(774) 8173032
Carmelita,Bessant,Avelinha,07-Sep-1984,Portugal,cbessant5i@loc.gov,(952) 5271500
Wald,McNeigh,Waihi,06-Aug-1966,New Zealand,wmcneigh5j@springer.com,(543) 2918434
Elenore,Radnedge,Malinovskiy,29-Jan-1976,Russia,eradnedge5k@army.mil,(410) 4651678
Rolf,Whyler,Bruzual,05-Sep-1955,Venezuela,rwhyler5l@nytimes.com,(147) 9214877
Lilla,Bernardotte,Nuuk,01-Jul-1958,Greenland,,(763) 1792458
Hunter,Shaddick,Boka,19-Sep-1983,Serbia,hshaddick5n@mail.ru,(351) 6921228
Lani,Aysh,Mlowo,18-Jan-1952,Tanzania,laysh5o@harvard.edu,(593) 6764018
Gabrielle,todor,Khvalynsk,26-Apr-1969,Russia,gtodor5p@weibo.com,(254) 2786775
Keelby,Westmorland,Täby,06-Sep-1976,Sweden,kwestmorland5q@toplist.cz,(362) 4486672
Mariya,Elsay,East London,09-May-1970,South Africa,melsay5r@pen.io,(579) 3428521
Jesse,Ruslin,Bardalah,23-Jan-1979,Palestinian Territory,jruslin5s@thetimes.co.uk,(641) 9397369
Lodovico,Glastonbury,Zarichne,05-Mar-1988,Ukraine,lglastonbury5t@unc.edu,(448) 1723738
Kelvin,Tubridy,Urho,28-Sep-1992,China,ktubridy5u@va.gov,(258) 2174622
Jobina,Engel,Long Thành,04-Apr-1981,Vietnam,jengel5v@dion.ne.jp,(401) 9272895
Vikky,Ashtonhurst,Postřekov,22-Jun-1983,Czech Republic,,(268) 7084862
Normand,Guage,Bender,17-Nov-1978,Moldova,nguage5x@eepurl.com,(713) 2213969
Daloris,Brookshaw,Miribel,23-May-1993,France,dbrookshaw5y@pagesperso-orange.fr,(555) 2858574
Krissie,Romand,Retenggoma,07-Jun-1985,Indonesia,,(263) 1072309
Stace,Eckels,,,,seckels60@networksolutions.com,
Gustav,Dempsey,New York City,21-Oct-1953,United States,gdempsey61@sun.com,(212) 1564678
Goldina,Vedmore,Diapaga,26-Apr-1958,Burkina Faso,gvedmore62@netvibes.com,(872) 9657324
Jada,Cowland,Jebba,17-Aug-1966,Nigeria,jcowland63@instagram.com,(248) 8623564
Christoforo,Straughan,Paris 20,24-Aug-1954,France,cstraughan64@cnn.com,(996) 9659526
Dorita,Bockh,Yakymivka,15-Oct-1994,Ukraine,dbockh65@dagondesign.com,(657) 1150687
Kimmi,Skrines,,,,,
Gretna,Borrell,Nova Lima,06-Apr-1965,Brazil,gborrell67@nba.com,(630) 3303917
Filberto,Philippet,Tiechang,26-Feb-1998,China,fphilippet68@foxnews.com,(579) 9041914
Dorene,Duddan,,,,dduddan69@facebook.com,
Neda,Risebrow,Meedhoo,27-Mar-1956,Maldives,nrisebrow6a@europa.eu,(903) 2614127
Ginevra,Biaggiotti,São Pedro de Trafaria,10-Aug-1989,Portugal,gbiaggiotti6b@hostgator.com,(287) 9629671
Eran,Mummery,Aigínio,14-Oct-1992,Greece,emummery6c@mlb.com,(413) 3072265
Courtney,Piffe,,,,cpiffe6d@youtu.be,
Kare,Dauber,Fryanovo,20-Jun-1957,Russia,kdauber6e@umn.edu,(850) 2350849
Martino,Scriviner,Santa Barbara,16-Oct-1964,United States,mscriviner6f@hhs.gov,(805) 4193912
Adriana,Blacker,Rancabungur,14-Apr-1958,Indonesia,ablacker6g@java.com,(349) 5732260
Hanni,Borzone,,,,,
Lynette,Yeell,Brejo Santo,15-Jun-1976,Brazil,lyeell6i@delicious.com,(531) 4715840
Clark,Esler,Xiaotao,10-Feb-1985,China,cesler6j@webeden.co.uk,(126) 2553032
Berk,Saur,Santa Ana,28-Feb-1968,Guatemala,,(505) 7667032
Shayne,Warby,Soisy-sous-Montmorency,15-Jul-1992,France,swarby6l@pinterest.com,(489) 5566913
Rozella,Oleszkiewicz,Kebon,21-May-1957,Indonesia,roleszkiewicz6m@blinklist.com,(910) 6713483
Kaiser,Foucher,Cemara,05-Jan-1964,Indonesia,kfoucher6n@bloglovin.com,(454) 3886156
Francklin,Zanassi,Uniejów,04-Nov-1995,Poland,fzanassi6o@mtv.com,(406) 1554580
Sheppard,Peacock,Shimonoseki,15-Apr-1998,Japan,speacock6p@tuttocitta.it,(154) 5050061
Loria,Bertin,Amangarh,22-Jun-1974,Pakistan,lbertin6q@purevolume.com,(196) 9788298
Arabel,McBrearty,Tarata,03-May-1981,Bolivia,amcbrearty6r@twitpic.com,(650) 2044493
Leora,Lohde,Fukagawa,01-Oct-1984,Japan,llohde6s@nsw.gov.au,(800) 8075586
Pamella,Micah,Zhaogezhuang,09-Mar-1951,China,pmicah6t@blogspot.com,(415) 7675632
Lemuel,Orniz,Vila Nova de Milfontes,30-Oct-1953,Portugal,lorniz6u@theguardian.com,(883) 4526073
Garret,Gouldbourn,Ostankinskiy,12-Jan-1997,Russia,ggouldbourn6v@abc.net.au,(456) 5416941
Noble,Coppens,Loandjili,27-Apr-1991,Republic of the Congo,ncoppens6w@goo.gl,(369) 9293800
Margalo,Layus,Giedlarowa,19-Jun-1971,Poland,mlayus6x@bloomberg.com,(533) 2570993
Bertie,Norvill,Chumphon Buri,13-Apr-1986,Thailand,bnorvill6y@intel.com,(915) 9182564
Forrest,Wolseley,Brezovica,05-Jun-1993,Croatia,fwolseley6z@ucla.edu,(490) 6928861
Hana,Wittey,Alor Setar,02-Dec-1988,Malaysia,,(639) 5625790
Starlene,Exall,Sinazongwe,20-Nov-1976,Zambia,sexall71@apple.com,(203) 8170197
Murdoch,Mallard,Qijiazuo,01-Dec-1963,China,mmallard72@com.com,(288) 2676845
Shannah,Reiglar,Varnsdorf,20-Dec-1973,Czech Republic,sreiglar73@histats.com,(179) 5290218
Hollis,Deely,Lukavice,26-Jan-1989,Czech Republic,hdeely74@nationalgeographic.com,(579) 8653078
Cacilia,Basili,Kŭrdzhali,10-Mar-1954,Bulgaria,cbasili75@marriott.com,(963) 5413005
Cherise,Bourhill,Keruguya,11-Jun-1997,Kenya,cbourhill76@wunderground.com,(820) 4369599
Alix,Radband,Bilad,13-Aug-1982,Philippines,aradband77@live.com,(282) 7785977
Roddie,Easby,Zheshart,28-Jan-1983,Russia,reasby78@kickstarter.com,(203) 4193821
Fidole,McCadden,Troitskiy,07-Jul-1996,Russia,fmccadden79@ow.ly,(771) 7857582
Ree,Creigan,Criciúma,15-Apr-1979,Brazil,rcreigan7a@topsy.com,(197) 7127546
Charleen,Hollidge,Lemland,23-Jun-1982,Aland Islands,chollidge7b@tamu.edu,(565) 2094790
Bert,Kirsz,Alistráti,19-Feb-1998,Greece,bkirsz7c@amazon.de,(313) 8263519
Ambros,Lennox,Shuanghe,08-Sep-1993,China,alennox7d@nyu.edu,(304) 5825505
Diena,Odde,Osby,21-Dec-1956,Sweden,dodde7e@wordpress.com,(597) 1934979
Georgetta,Beteriss,Olofström,03-Sep-1986,Sweden,gbeteriss7f@alibaba.com,(966) 9639880
Bartolomeo,Toal,,,,btoal7g@nps.gov,
Shanon,Kurdani,Gafanha da Encarnação,04-Mar-1966,Portugal,skurdani7h@list-manage.com,(107) 6608473
Monique,Aguirre,Ambo Village,01-Jul-1972,Kiribati,maguirre7i@smugmug.com,(222) 3380008
Cori,Noraway,Maribong,06-Oct-1980,Philippines,cnoraway7j@tinypic.com,(389) 5661500
Ellsworth,Sergeant,Çalxanqala,22-Oct-1999,Azerbaijan,esergeant7k@prlog.org,(534) 4845316
Sibby,Raddish,,,,sraddish7l@un.org,
Magda,Spurgin,Naro-Fominsk,24-Jan-1977,Russia,mspurgin7m@hp.com,(436) 2281496
Luis,Connar,Göteborg,30-Aug-1984,Sweden,lconnar7n@nytimes.com,(232) 9101969
Joela,Adamini,Aliaga,24-Jan-1994,Philippines,jadamini7o@uol.com.br,(114) 6378857
Godwin,Filippozzi,Ranao,26-Apr-1988,Philippines,gfilippozzi7p@gov.uk,(667) 5369384
Micaela,Chaplin,Bitin,09-Jul-1997,Philippines,mchaplin7q@biblegateway.com,(520) 8426680
Herminia,Giovanni,Bukhovo,26-May-1958,Bulgaria,,(778) 5701474
Abbi,Lyburn,Velika Kladuša,22-Jun-1990,Bosnia and Herzegovina,alyburn7s@fotki.com,(459) 2447360
Griffith,Brockbank,Toguchin,06-Jan-1961,Russia,gbrockbank7t@cnbc.com,(870) 3384309
Ase,Kinge,Khvatovka,20-Aug-1959,Russia,akinge7u@hatena.ne.jp,(634) 7995661
Isabelita,Brisson,Nahuo,13-Aug-1998,China,ibrisson7v@ask.com,(424) 4372491
Caryl,Sheerin,Omaha,05-Aug-1992,United States,csheerin7w@buzzfeed.com,(402) 2568319
Ophelia,Attewell,Bela Vista,04-Feb-1965,Brazil,oattewell7x@dot.gov,(849) 7859614
Winona,Clutram,Hukou,16-Feb-1991,China,wclutram7y@facebook.com,(589) 6230509
Ardis,Slimings,Sundre,08-Mar-1988,Canada,aslimings7z@unesco.org,(873) 8883318
Harlin,Ingraham,Zhucun,30-May-1959,China,hingraham80@scribd.com,(225) 3650411
Jay,Chetwind,Humble,21-Jun-1964,United States,jchetwind81@posterous.com,(281) 4959343
Graeme,Ganderton,Buhe,26-May-1981,China,gganderton82@so-net.ne.jp,(779) 4499235
Fiorenze,Willment,Dongbian,08-Apr-1983,China,fwillment83@gizmodo.com,(981) 2769442
Ree,Apthorpe,Macayug,20-Jan-1971,Philippines,rapthorpe84@netscape.com,(375) 2797527
Shauna,Burriss,Cincinnati,19-Jul-1951,United States,sburriss85@webs.com,(513) 8512243
Bertrand,Sitlington,Waeng Yai,27-Jan-1990,Thailand,bsitlington86@unc.edu,(304) 3937441
Jasen,Trunby,Karangbenda,02-Feb-1976,Indonesia,jtrunby87@jugem.jp,(985) 6233865
Mignonne,Girt,Miasskoye,26-Nov-1952,Russia,mgirt88@vimeo.com,(676) 4575442
Reeva,Coke,,,,rcoke89@spotify.com,
Ethelind,Denerley,Huaikan,14-Feb-1958,China,edenerley8a@dailymotion.com,(881) 9545101
Mahmud,Cotsford,Lesnoye,30-Oct-1960,Russia,mcotsford8b@stumbleupon.com,(385) 6513762
Gaspard,Laity,Myadzyel,09-Jun-1975,Belarus,glaity8c@wp.com,(563) 2606935
Stevana,Doohey,Saint-Leu-la-Forêt,03-Jun-1991,France,sdoohey8d@spiegel.de,(724) 6614828
Gabrielle,Heselwood,Youxi Chengguanzhen,22-Nov-1951,China,gheselwood8e@1und1.de,(898) 8280941
Peri,Gurton,Jurovski Dol,04-Aug-1957,Slovenia,pgurton8f@soup.io,(360) 5264550
Chicky,Coutts,Nangela,10-Sep-1970,Indonesia,ccoutts8g@ox.ac.uk,(424) 3761974
Joanne,Reinhart,Sámara,20-Jul-1970,Costa Rica,jreinhart8h@csmonitor.com,(477) 2266308
Richmound,MacDermott,Denton,23-Oct-1968,United Kingdom,rmacdermott8i@si.edu,(204) 6899992
Sydney,Stagge,Magnitogorsk,29-Jan-1963,Russia,sstagge8j@altervista.org,(813) 3375122
Lauri,Maciaszek,Ar Rumaythīyah,11-Sep-1987,Kuwait,lmaciaszek8k@wikipedia.org,(398) 3933188
Maxwell,Rosengart,Nangela,29-Mar-1974,Indonesia,mrosengart8l@unesco.org,(669) 6060604
Simonne,Fears,Pejë,23-Apr-1956,Kosovo,sfears8m@biblegateway.com,(335) 7187359
Sorcha,Pymer,,,,spymer8n@noaa.gov,
Darrelle,Cropp,Sharīfābād,01-Feb-1962,Iran,dcropp8o@redcross.org,(922) 8037121
Blane,Lambregts,Swinford,07-Jul-1973,Ireland,blambregts8p@instagram.com,(755) 5971018
Etti,Gyde,Taishang,20-Jul-1989,China,egyde8q@psu.edu,(181) 9281420
Ferdie,Jahncke,Nastola,19-Feb-1952,Finland,fjahncke8r@google.co.jp,(452) 6508884
Adey,Picford,Vällingby,15-Sep-1957,Sweden,apicford8s@si.edu,(114) 1990890
Jerrold,Lycett,East London,19-Sep-1967,South Africa,,(621) 6933963
Lou,Juckes,Baranowo,25-Jun-1980,Poland,ljuckes8u@a8.net,(781) 9149295
Laurens,Garred,Mēga,29-Jul-1972,Ethiopia,lgarred8v@ow.ly,(231) 2803480
Kain,Jones,Dong’an,15-Apr-1972,China,kjones8w@amazon.co.jp,(849) 8949705
Eirena,Shankle,Phú Thái,25-Dec-1984,Vietnam,eshankle8x@phpbb.com,(692) 7888058
Kordula,Roofe,Konëvo,02-Sep-1950,Russia,kroofe8y@ycombinator.com,(674) 1198900
Erv,Korb,Dingzigu,02-May-1976,China,ekorb8z@abc.net.au,(187) 3398341
Clari,Vandenhoff,,,,cvandenhoff90@gov.uk,
Felice,Frankes,Loppi,24-Jul-1983,Finland,ffrankes91@house.gov,(187) 2832794
Haley,Schiesterl,Trzebieszów,16-Feb-1969,Poland,hschiesterl92@home.pl,(186) 7012722
Waverley,Frisel,Balatun,21-Sep-1991,Bosnia and Herzegovina,wfrisel93@businesswire.com,(852) 2503639
Dani,Axston,Hekou,06-Apr-1962,China,daxston94@homestead.com,(591) 2459493
Gilburt,Mistry,Medellín,31-Oct-1965,Colombia,gmistry95@dion.ne.jp,(156) 9569998
Rhianna,Birdfield,Gafargaon,05-Oct-1951,Bangladesh,rbirdfield96@tumblr.com,(723) 3405291
Carmelina,Dowdell,Matumadua,13-Dec-1953,Indonesia,cdowdell97@wunderground.com,(235) 3906291
Kenyon,Cassin,Yaroslavskiy,15-Feb-1989,Russia,kcassin98@howstuffworks.com,(273) 8556836
Sidnee,Bartke,Moss,23-Apr-1971,Norway,sbartke99@miibeian.gov.cn,(304) 6169418
Rubetta,Croal,Baoshi,15-May-1979,China,rcroal9a@disqus.com,(297) 7989878
Arabel,Rankling,Beijie,10-Mar-1981,China,arankling9b@gov.uk,(572) 9659647
Iggy,Petranek,Yekaterinovka,02-Nov-1981,Russia,ipetranek9c@deliciousdays.com,(169) 2395656
Sherlocke,McEniry,Tsubame,13-Apr-1981,Japan,,(668) 4238631
Clareta,Balderston,Peredovaya,03-Oct-1978,Russia,,(108) 3995285
Westbrook,Campagne,Linda Vista,09-Aug-1992,Mexico,wcampagne9f@flavors.me,(666) 4650219
Lelia,Jaggs,Queniquea,21-Mar-1955,Venezuela,ljaggs9g@quantcast.com,(707) 2380807
Nathaniel,Goodbur,Huoli,30-Dec-1984,China,,(467) 7466050
Baldwin,Martusov,Duas Igrejas,20-Jul-1996,Portugal,bmartusov9i@wp.com,(319) 9057375
Melantha,McAllen,Monte Santo de Minas,09-Apr-1985,Brazil,mmcallen9j@artisteer.com,(220) 6528648
Reinald,Andriulis,,,,,
Susanne,Josovitz,Marseille,23-Feb-1968,France,sjosovitz9l@mysql.com,(210) 4948653
Dorie,Ferreli,Baga Borihe,04-Oct-1957,China,dferreli9m@hugedomains.com,(226) 5616512
Cordy,Caulket,Xifangcheng,02-Dec-1950,China,ccaulket9n@vinaora.com,(105) 9781594
Belva,Guppie,Xingpinglu,26-May-1951,China,bguppie9o@addtoany.com,(736) 6953749
Tanny,Crummey,Bonao,07-Dec-1983,Dominican Republic,tcrummey9p@icio.us,(577) 2465192
Nellie,Colebourn,Riverton,29-Dec-1962,New Zealand,ncolebourn9q@apache.org,(839) 8966171
Gerrie,Caig,Lijie,26-Jun-1982,China,gcaig9r@sciencedaily.com,(210) 2099671
Chico,Coetzee,Sumberrojokrajan,21-Nov-1988,Indonesia,ccoetzee9s@google.ru,(836) 1360391
Prentice,Gatecliffe,Mataya,24-Sep-1995,Philippines,pgatecliffe9t@arstechnica.com,(864) 4571705
Rufus,Lethebridge,Gus’-Zheleznyy,25-Dec-1979,Russia,rlethebridge9u@theguardian.com,(408) 3570276
Orelee,Sampey,Qiashui,30-Dec-1980,China,osampey9v@usa.gov,(794) 1339778
Wald,Fewlass,Skinnskatteberg,20-Feb-1982,Sweden,wfewlass9w@youku.com,(979) 6496506
Raeann,Fortescue,Barrio San Luis,18-Nov-1953,Colombia,rfortescue9x@scientificamerican.com,(627) 3214062
Gaven,Tincey,Chernivtsi,27-Dec-1985,Ukraine,gtincey9y@whitehouse.gov,(827) 9514959
Cynthy,Honnan,Kanda,13-Mar-1976,Japan,chonnan9z@hostgator.com,(843) 5469388
Ford,Radwell,Radekhiv,19-Nov-1962,Ukraine,fradwella0@jimdo.com,(313) 3576907
Merrily,Moncarr,Mekarjaya,20-Oct-1987,Indonesia,mmoncarra1@yolasite.com,(356) 5355756
Hew,Guitonneau,Kilju,15-Dec-1986,North Korea,hguitonneaua2@icio.us,(826) 7349708
Elwood,Watts,Borovan,04-Jan-1965,Bulgaria,ewattsa3@amazonaws.com,(934) 5385366
Kathryn,Tregear,San Juan,13-Jun-1984,Philippines,ktregeara4@yahoo.co.jp,(110) 2544423
Marcie,MacBey,‘Anātā,05-Jan-1978,Palestinian Territory,mmacbeya5@unc.edu,(444) 9022164
Gan,Creak,Sugcad,29-Jan-1960,Philippines,gcreaka6@sina.com.cn,(858) 5749443
Wernher,Elie,Igoumenítsa,18-Dec-1985,Greece,weliea7@senate.gov,(349) 7802722
Spence,Jell,,,,sjella8@live.com,
Wright,Snoday,Huddinge,02-Apr-1968,Sweden,wsnodaya9@ameblo.jp,(803) 1903172
Adam,Fennelly,Maiorca,09-Sep-1976,Portugal,afennellyaa@google.es,(420) 9109023
Dominique,Abells,El Puente,31-Oct-1964,Honduras,dabellsab@tinyurl.com,(194) 6062138
Donn,Giacobo,Humen,20-Sep-1981,China,,(185) 1402806
Brook,Twallin,Huanggang,07-Nov-1962,China,btwallinad@mysql.com,(244) 2027430
Elizabeth,Halt,Masu,16-Jul-1964,Indonesia,ehaltae@prnewswire.com,(110) 8837446
Milissent,Gossop,Spring,18-Oct-1993,United States,mgossopaf@businessinsider.com,(281) 7036003
Kelley,Campaigne,,,,kcampaigneag@techcrunch.com,
Patrice,Loghan,Le Cannet,14-Sep-1975,France,ploghanah@vk.com,(736) 7142294
Amandi,Picard,Xinfengjie,08-Aug-1962,China,apicardai@artisteer.com,(770) 4408746
Nev,Rockingham,Valencia,16-Oct-1994,Spain,nrockinghamaj@europa.eu,(243) 3215004
Dian,Makeswell,El Carmen,26-Aug-1954,Peru,dmakeswellak@bizjournals.com,(311) 9921750
Marietta,Etock,Tāngāil,21-Jun-1957,Bangladesh,,(132) 6322931
Laural,Geibel,Waiholo,01-Jan-1959,Indonesia,,(629) 6087029
Brena,Linfoot,Pinhão,22-Feb-1952,Brazil,blinfootan@goodreads.com,(484) 3735390
Ahmad,Ceeley,Lujiao,20-Sep-1951,China,aceeleyao@alexa.com,(658) 7702749
Biddy,Swalowe,Houston,03-Aug-1995,United States,bswaloweap@soup.io,(713) 1303505
Lauritz,Cyster,Springfield,16-Jun-1997,United States,lcysteraq@google.fr,(217) 6775224
Teena,Toffaloni,Poteran,10-Jun-1989,Indonesia,ttoffaloniar@google.nl,(713) 8310745
Brewer,Astell,Pilar,20-Sep-1961,Philippines,,(895) 6728255
Cece,Pessold,Pasarbaru,30-Aug-1979,Indonesia,cpessoldat@dailymotion.com,(481) 8768420
Micah,Linne,Xinpu,03-Jun-1954,China,mlinneau@biblegateway.com,(604) 1679745
Elwin,Oldacre,Hushaat,26-Aug-1953,Mongolia,eoldacreav@nyu.edu,(866) 9330368
Amalea,Linzee,Węgorzyno,04-May-1967,Poland,alinzeeaw@virginia.edu,(488) 1587948
Quentin,Davidou,Kuala Lumpur,06-Dec-1995,Malaysia,,(556) 1762724
Niels,Bason,Chimbote,02-Aug-1989,Peru,nbasonay@163.com,(927) 1614460
Dulcy,Mugridge,,,,dmugridgeaz@yahoo.co.jp,
Gabie,Tremathack,Xinzhou,22-Jul-1954,China,gtremathackb0@answers.com,(675) 6850866
Efrem,Coaten,Jiucaizhuang,24-Nov-1984,China,ecoatenb1@blinklist.com,(220) 7408713
Johnny,Sambrok,Suyang,20-Jul-1991,China,jsambrokb2@businessweek.com,(162) 4927018
Dolley,Fargher,Rondonópolis,07-Jan-1992,Brazil,dfargherb3@hp.com,(229) 6791690
Janot,Lehrer,Santiago del Estero,03-Jun-1970,Argentina,jlehrerb4@blogs.com,(471) 2059228
Lesya,Hemms,Paris 08,19-Apr-1986,France,lhemmsb5@joomla.org,(278) 5506139
Merrel,Calvert,Vitoria-Gasteiz,29-Mar-1993,Spain,mcalvertb6@marketwatch.com,(669) 9573781
Noe,Summerrell,Inayauan,02-Sep-1980,Philippines,nsummerrellb7@sbwire.com,(151) 1625196
Rey,Crawcour,Limoges,17-Jun-1983,France,,(738) 7196883
Muffin,Blincowe,Sulūq,21-Sep-1998,Libya,mblincoweb9@eepurl.com,(172) 1689431
Pamela,Edlyne,,,,pedlyneba@bing.com,
Kincaid,Luxton,Lwówek Śląski,20-May-1989,Poland,,(366) 7295580
Lolita,Cockings,Kisumu,08-May-1983,Kenya,,(407) 6384903
Chanda,Tace,Gapan,10-Aug-1999,Philippines,ctacebd@nytimes.com,(923) 2354800
Misty,Balderstone,Dongjiao,15-Nov-1954,China,mbalderstonebe@topsy.com,(281) 5033800
Natala,Harmar,Chantilly,05-Nov-1971,France,nharmarbf@godaddy.com,(730) 7807564
Jayson,Wordsley,Yacheng,26-Jul-1993,China,jwordsleybg@simplemachines.org,(973) 2803790
Karon,Cootes,Bandar-e Torkaman,06-Jan-1988,Iran,,(498) 9533885
Mandi,Chippendale,Shymkent,28-Sep-1969,Kazakhstan,mchippendalebi@timesonline.co.uk,(191) 5062869
Eden,La Torre,Jasper Park Lodge,13-Feb-1965,Canada,elatorrebj@webeden.co.uk,(477) 3031531
Bentley,Cossor,Heshi,31-Jan-1953,China,bcossorbk@cmu.edu,(644) 4308408
Dannel,Rymell,Palaífyto,12-Mar-1988,Greece,drymellbl@sogou.com,(250) 1274425
Joshia,Caudrey,,,,jcaudreybm@marriott.com,
William,Ivanaev,Huizhou,06-Aug-1967,China,wivanaevbn@wikispaces.com,(864) 5720269
Constantine,Leban,Oslo,14-May-1984,Norway,clebanbo@phoca.cz,(496) 5072024
Keene,Btham,Malalag,16-Aug-1975,Philippines,kbthambp@dedecms.com,(816) 6887812
Audra,Naisbitt,,,,,
Ronni,Judgkins,Pereiras,20-May-1964,Portugal,,(707) 1255706
Beryl,Eversfield,Khyzy,21-Jan-1950,Azerbaijan,beversfieldbs@unc.edu,(901) 7000993
Lorrie,Wanderschek,Włoszczowa,15-Jan-1998,Poland,lwanderschekbt@fema.gov,(876) 8463519
Henrie,Suttle,Yingwusitang,03-May-1955,China,hsuttlebu@sourceforge.net,(627) 7157172
Steffane,Kinnin,Uppsala,10-Nov-1963,Sweden,skinninbv@ebay.co.uk,(356) 1265393
Candy,Livingstone,Engel’-Yurt,12-Sep-1983,Russia,clivingstonebw@alibaba.com,(170) 2543644
Garrett,Eloi,Vallecillo,22-Nov-1999,Honduras,geloibx@engadget.com,(433) 7146943
Della,Hoffman,Smolenskaya,30-Sep-1966,Russia,dhoffmanby@eepurl.com,(999) 2091604
Debbie,Camp,Jugezhuang,23-Dec-1969,China,dcampbz@netlog.com,(470) 4713884
Gerry,Caccavale,Samdrup Jongkhar,08-Jan-1961,Bhutan,gcaccavalec0@psu.edu,(883) 6132823
Bail,Letchmore,Stockholm,11-Jun-1994,Sweden,bletchmorec1@storify.com,(294) 6522905
Goraud,Peidro,Chefchaouene,17-Oct-1994,Morocco,gpeidroc2@irs.gov,(770) 7641699
Rubie,Feighney,,,,rfeighneyc3@chron.com,
Toddie,Benardet,San Diego,15-Jun-1954,United States,tbenardetc4@redcross.org,(619) 3070889
Dorita,Goodhew,Kuanghe,24-Sep-1978,China,dgoodhewc5@goo.ne.jp,(664) 9904832
Geoff,Heaviside,Bantry,27-Jan-1954,Ireland,gheavisidec6@simplemachines.org,(531) 8492767
Berkley,Romanetti,Caledon,29-Nov-1995,South Africa,bromanettic7@wufoo.com,(550) 4083758
Aldridge,Fyrth,Puhechang,22-Mar-1985,China,afyrthc8@mlb.com,(173) 3597378
Raviv,Facher,Singabarong,08-Oct-1998,Indonesia,rfacherc9@mozilla.com,(562) 4392914
Dinny,Clink,Karasgede,06-May-1962,Indonesia,dclinkca@angelfire.com,(418) 1999739
Malvin,Kliesl,Artashat,04-Jun-1984,Armenia,mklieslcb@wikia.com,(699) 6391845
Gwendolin,Aleevy,Pitogo,18-Nov-1969,Philippines,,(236) 1299792
Natty,Goldson,Évry,19-Feb-1976,France,ngoldsoncd@w3.org,(888) 5893030
Ike,Elks,Gaojingzhuang,22-Nov-1982,China,ielksce@youtube.com,(907) 1905225
Say,Gamett,Panitian,20-Oct-1956,Philippines,sgamettcf@sogou.com,(287) 6188758
Jeff,Ludron,Kalinkavichy,02-Apr-1978,Belarus,,(951) 4876345
Fidelity,Kline,Malishka,20-Feb-1989,Armenia,fklinech@diigo.com,(613) 1121194
Kippy,Liebmann,Foluo,20-Aug-1997,China,kliebmannci@newyorker.com,(994) 9409771
Kendricks,Warrington,Arroyo Naranjo,07-Mar-1997,Cuba,kwarringtoncj@nasa.gov,(758) 4032502
Fenelia,Wolfenden,Wangpu,14-Sep-1955,China,fwolfendenck@dot.gov,(218) 1334116
Dillon,Borell,Umanggudang,20-Sep-1986,Indonesia,dborellcl@opera.com,(576) 5742445
Anthia,Wildber,West Hartford,27-Apr-1973,United States,awildbercm@google.it,(860) 8243930
Marie-ann,Draijer,Kemiri Daya,07-Mar-1989,Indonesia,mdraijercn@nbcnews.com,(210) 9164009
Gleda,Hacquel,Trindade,18-Oct-1966,Brazil,ghacquelco@yellowpages.com,(767) 4837409
Vi,Baggs,Lebel-sur-Quévillon,01-Jan-1997,Canada,,(763) 7595276
Pietro,Carnie,Buyun,17-Jun-1959,China,pcarniecq@mit.edu,(587) 4201736
Elizabet,Clousley,Yiwa,15-Oct-1954,China,eclousleycr@home.pl,(347) 4711830
Cicely,Parslow,,,,cparslowcs@china.com.cn,
Jephthah,Preedy,Ninomiya,17-Oct-1964,Japan,jpreedyct@quantcast.com,(859) 8383483
Chlo,Davidescu,Świdwin,26-Jul-1961,Poland,,(455) 6140893
Sheri,Mollindinia,Stockholm,14-Jul-1959,Sweden,smollindiniacv@so-net.ne.jp,(515) 1712692
Karena,Pires,Runka,26-Sep-1970,Nigeria,kpirescw@t.co,(929) 8500181
Taite,Sim,Kosiv,22-Sep-1953,Ukraine,tsimcx@foxnews.com,(219) 7150388
Elena,Caughte,Bugo,28-Jul-1998,Philippines,ecaughtecy@umich.edu,(324) 7883637
Umeko,Farryn,Longtan,05-Oct-1951,China,ufarryncz@army.mil,(271) 9114413
Kerrill,Trainer,Bolhrad,31-Mar-1951,Ukraine,ktrainerd0@sakura.ne.jp,(140) 9642806
Charissa,Reddan,Duwe,24-Jun-1951,Indonesia,creddand1@paypal.com,(337) 5687335
Peder,Vause,Xêgar,02-Sep-1965,China,pvaused2@smugmug.com,(217) 1432413
Salomone,Verson,Krasna,27-Mar-1998,Ukraine,sversond3@alibaba.com,(115) 2218725
Kendal,Itzhaki,Féres,19-Apr-1980,Greece,kitzhakid4@senate.gov,(841) 2212156
Eugenie,Marskell,Yazykovo,10-Jul-1951,Russia,emarskelld5@samsung.com,(870) 9741068
Rachele,Cahill,Naples,16-Mar-1969,United States,rcahilld6@ucla.edu,(941) 9066386
Lamont,Ganiclef,Bender,10-Feb-1989,Moldova,lganiclefd7@goo.gl,(518) 3329839
Antoine,Bride,Gudermes,21-Jul-1998,Russia,abrided8@barnesandnoble.com,(733) 5009838
Brendin,Milson,,,,bmilsond9@last.fm,
Shem,Charte,Nakhon Phanom,12-Jun-1960,Thailand,scharteda@issuu.com,(541) 6982189
Onfre,Rivel,Zijin,30-May-1970,China,oriveldb@chron.com,(635) 2459526
Eyde,Howsego,Maceió,04-Jan-1983,Brazil,ehowsegodc@ucsd.edu,(886) 6402621
Klaus,Yusupov,Temyasovo,11-Aug-1958,Russia,kyusupovdd@g.co,(683) 4093005
Laurice,Shuttleworth,Ribeira Grande,03-Sep-1984,Cape Verde,lshuttleworthde@pcworld.com,(927) 7727150
Shaina,Mouatt,Langchi,26-Sep-1979,China,smouattdf@rediff.com,(228) 8933364
Melissa,Winslett,Pereiros,05-Feb-1987,Portugal,mwinslettdg@ibm.com,(752) 1107310
Wynnie,Baysting,Pakel,14-Oct-1973,Indonesia,wbaystingdh@tiny.cc,(272) 7403912
Rhea,Manicom,Pathum Thani,02-Aug-1986,Thailand,rmanicomdi@forbes.com,(771) 8722107
Tiphany,Sacks,,,,tsacksdj@cloudflare.com,
Janie,Dunridge,Homa Bay,10-Mar-1983,Kenya,,(512) 2713668
Jennilee,Ianniello,Mehrān,30-Jan-1991,Iran,jianniellodl@wikimedia.org,(859) 9620814
Shepard,Bascomb,Nantuo,13-Jan-1997,China,sbascombdm@webeden.co.uk,(543) 2515233
Elisabetta,Bartomieu,Port-à-Piment,13-Aug-1977,Haiti,,(346) 4927387
Ethyl,Dannell,Likasi,22-Jun-1962,Democratic Republic of the Congo,edannelldo@adobe.com,(179) 8281159
Doe,Hannigane,Vale de Figueira,07-Aug-1951,Portugal,dhanniganedp@guardian.co.uk,(240) 5014737
Natividad,DelaField,Pico Truncado,24-Mar-1994,Argentina,ndelafielddq@disqus.com,(192) 5307103
Myrvyn,Baldrey,Basicao Coastal,08-Nov-1980,Philippines,mbaldreydr@shinystat.com,(305) 8549390
Althea,Stenyng,Phù Cát,28-Mar-1979,Vietnam,astenyngds@amazon.co.uk,(545) 8719619
Kaitlyn,Jedrzejkiewicz,Su’ao,28-Sep-1971,China,kjedrzejkiewiczdt@columbia.edu,(178) 7484844
Milzie,Kineton,Haitou,25-Feb-1994,China,,(586) 2457688
Ailene,Muslim,Voyutychi,04-Nov-1989,Ukraine,amuslimdv@flavors.me,(295) 4114501
Tyne,Alfuso,Jianguo,01-Jul-1967,China,talfusodw@xinhuanet.com,(572) 3114315
Brian,Romanetti,Jiukou,28-Jul-1969,China,bromanettidx@usgs.gov,(968) 5947671
Rivy,Tinker,Colquechaca,17-Oct-1997,Bolivia,rtinkerdy@cloudflare.com,(185) 4684322
Lennie,Greenrde,Wudangshan,09-Jul-1998,China,lgreenrdedz@facebook.com,(972) 4136090
Megen,Sneden,La Esmeralda,22-May-1951,Venezuela,msnedene0@hud.gov,(458) 8419669
Ilise,Mulles,Garden Grove,23-Jun-1970,United States,imullese1@bbc.co.uk,(559) 7347961
Keri,Rodden,Burns Lake,16-Nov-1995,Canada,kroddene2@ucoz.ru,(287) 3295925
Roland,McIlvenny,Safed,12-Jan-1984,Israel,,(771) 3048450
Gannon,Austin,Jurangjero,12-Aug-1984,Indonesia,gaustine4@nhs.uk,(305) 8307515
Marie-jeanne,Lomath,Kamyanyuki,18-Jul-1968,Belarus,,(852) 2373836
Bearnard,Unworth,Matai,20-May-1968,Tanzania,bunworthe6@cdc.gov,(519) 3353190
Archaimbaud,Moppett,Halmstad,07-Jul-1984,Sweden,amoppette7@pinterest.com,(891) 4708105
Latisha,Loram,Pirassununga,19-Feb-1959,Brazil,,(203) 1957390
Gilemette,Meineking,Cileles,19-Jul-1985,Indonesia,gmeinekinge9@networkadvertising.org,(638) 8901025
Helli,Nellen,Itaberaí,17-Sep-1986,Brazil,hnellenea@joomla.org,(701) 5219794
Gifford,Linstead,,,,glinsteadeb@sbwire.com,
Allison,Bonafant,Capellanía,25-Mar-1987,Panama,abonafantec@bbc.co.uk,(443) 5525858
Bendick,Cotterill,Los Santos,28-Aug-1957,Colombia,bcotterilled@auda.org.au,(644) 5269758
Cora,Ilyukhov,Pelem,16-Oct-1972,Indonesia,cilyukhovee@wordpress.com,(499) 4786571
Hermon,Foulks,Takengon,06-Jan-1966,Indonesia,hfoulksef@github.com,(401) 1101565
Willetta,Bourner,Chigorodó,10-Sep-1958,Colombia,wbournereg@miibeian.gov.cn,(713) 6190022
Lydie,Cohane,Debre Sīna,22-Jun-1992,Ethiopia,lcohaneeh@cbsnews.com,(256) 1529144
Branden,Mavin,Volodars’k-Volyns’kyy,19-Apr-1958,Ukraine,bmavinei@gmpg.org,(641) 9316634
Salem,Wethered,Nawal,29-Apr-1995,Nepal,swetheredej@sciencedirect.com,(625) 7949803
Wynny,Jobin,Mbale,31-Aug-1967,Kenya,,(690) 6350228
Terrijo,Peasee,Pingdingbu,25-Apr-1966,China,tpeaseeel@myspace.com,(222) 7360713
Harley,Connikie,Ha’erlong,11-Aug-1990,China,hconnikieem@java.com,(483) 1920495
Evelyn,Hugk,Adirejo,05-Feb-1998,Indonesia,,(753) 9322474
Derrek,Whewell,Kresek,26-Sep-1976,Indonesia,dwhewelleo@a8.net,(526) 2054452
Lowrance,Lerer,Xianglan,11-Sep-1994,China,,(328) 8505658
Meriel,O'Doghesty,Lomba do Loução,25-Jan-1979,Portugal,modoghestyeq@howstuffworks.com,(889) 8179723
Blinni,Pavlovic,Garoua,21-Dec-1962,Cameroon,bpavlovicer@posterous.com,(237) 2533275
Hoebart,Neissen,Piteå,16-Aug-1973,Sweden,hneissenes@nymag.com,(887) 7054872
Babbette,Vasiliev,Nglorogan,16-Feb-1957,Indonesia,bvasilievet@sohu.com,(260) 4707077
Ruby,Guyonnet,Causip,05-Mar-1988,Philippines,rguyonneteu@scientificamerican.com,(817) 3309883
Roslyn,Swaffer,Askim,20-Sep-1974,Norway,rswafferev@yellowpages.com,(814) 6285071
Trixi,Cattow,Hede,09-Jan-1950,China,tcattowew@diigo.com,(369) 5857081
Izabel,Garm,Xiamazhuang,24-Feb-1968,China,igarmex@aboutads.info,(945) 4517542
Alix,Cuel,Kuntong,10-Jun-1974,China,acueley@phpbb.com,(955) 9056519
Hartley,Leet,Zhuping,24-Sep-1971,China,hleetez@multiply.com,(257) 5622524
Cord,Abrehart,Guadalupe Victoria,23-Dec-1995,Mexico,cabrehartf0@lulu.com,(738) 2708929
Roanne,Nattriss,Kertasari,02-Sep-1963,Indonesia,rnattrissf1@nba.com,(774) 6066267
Brantley,Blinckhorne,Saint-Pierre-Montlimart,08-Nov-1958,France,bblinckhornef2@slideshare.net,(840) 6994636
Gardner,Bizley,Wugong,04-Apr-1957,China,gbizleyf3@dell.com,(362) 8068229
Buddie,Izaac,Orerokpe,27-Oct-1996,Nigeria,bizaacf4@ovh.net,(200) 2318144
Opal,Willshaw,Longlou,09-Feb-1954,China,owillshawf5@shareasale.com,(499) 9287541
Nicko,Vakhrushin,Santa Rosa,29-Nov-1975,Peru,,(214) 7267169
Isidro,Volet,Mishkino,04-Mar-1975,Russia,ivoletf7@sun.com,(274) 7477571
Valentin,Guerreau,Flores da Cunha,26-Jul-1969,Brazil,vguerreauf8@com.com,(814) 7956989
Jarrad,Clorley,Corvite,20-Oct-1963,Portugal,jclorleyf9@seattletimes.com,(273) 8003005
Sidonnie,Borit,Mabalacat,19-Sep-1958,Philippines,sboritfa@abc.net.au,(198) 6158808
Reginald,Sayton,Larangan,11-Dec-1992,Indonesia,rsaytonfb@jalbum.net,(979) 8395429
Mervin,Paris,Binalbagan,17-May-1975,Philippines,mparisfc@springer.com,(145) 9442373
Tracy,Ingilson,Ershilipu,02-Aug-1959,China,tingilsonfd@networksolutions.com,(860) 1973958
Otes,Bernadon,Caigongzhuang,13-Aug-1975,China,obernadonfe@pcworld.com,(993) 4823459
Cornelius,Trevaskus,Dongshi,12-Feb-1959,China,,(191) 1774657
Hobie,Perrin,Doloon,19-Oct-1968,Mongolia,hperrinfg@exblog.jp,(998) 3382279
Northrop,Loads,Pindiga,12-Jun-1968,Nigeria,nloadsfh@sohu.com,(313) 5870243
Janeva,Butten,,,,jbuttenfi@miibeian.gov.cn,
Retha,Mosdill,Hwasun,22-Mar-1965,South Korea,rmosdillfj@networksolutions.com,(519) 5202441
Glenna,Vye,Zhongdong,01-Sep-1978,China,,(170) 3489499
Jorge,Bernath,Chita,21-May-1973,Russia,jbernathfl@reference.com,(657) 7813483
Jacquenette,Howland,Los Aquijes,03-Feb-1966,Peru,jhowlandfm@gnu.org,(369) 5496775
Che,Jacmard,Aoshi,04-Nov-1966,China,,(849) 3722393
Gradey,Grosvenor,Grammatikó,04-Feb-1972,Greece,ggrosvenorfo@blogspot.com,(366) 8278952
Arie,Fussey,Varberg,21-Dec-1978,Sweden,afusseyfp@abc.net.au,(269) 5135902
Frederic,Swindin,Primorsko-Akhtarsk,03-Mar-1956,Russia,fswindinfq@gov.uk,(775) 5066256
Evangelia,Hasnip,Beijós,28-Aug-1965,Portugal,ehasnipfr@ow.ly,(875) 4621495
Bevin,Eaden,Karanganyar,19-Nov-1974,Indonesia,beadenfs@webs.com,(582) 6694501
Hyacinthia,McKeag,Moravská Třebová,03-Apr-1963,Czech Republic,hmckeagft@over-blog.com,(225) 3980079
Emanuele,McNern,Cruz das Almas,03-Jul-1952,Brazil,emcnernfu@admin.ch,(591) 3247962
Whitby,Ianne,,,,wiannefv@bbb.org,
Phillipe,Taye,Xixiang,24-Jul-1967,China,ptayefw@networksolutions.com,(156) 8422351
Neall,Aspell,,,,naspellfx@msu.edu,
Barrie,Agdahl,Shangju,31-Oct-1993,China,bagdahlfy@reddit.com,(898) 4540063
Dominga,Truder,Halinów,13-Jul-1988,Poland,dtruderfz@123-reg.co.uk,(145) 9433787
Sayers,Maytum,Peso da Régua,11-Aug-1951,Portugal,,(999) 8436131
Audi,Swinney,,,,aswinneyg1@reddit.com,
Delphine,Varran,San Pedro del Paraná,26-Jun-1997,Paraguay,dvarrang2@utexas.edu,(356) 5142575
Leonore,Aberdalgy,Sakaiminato,04-Sep-1986,Japan,laberdalgyg3@telegraph.co.uk,(629) 9471648
Anabel,Davoren,Abilay,16-May-1980,Philippines,adavoreng4@zdnet.com,(853) 4135772
Carlin,Storrs,Luoxiong,14-Sep-1951,China,,(538) 9538915
Honor,Ivers,Sumbe,25-Jun-1973,Angola,hiversg6@wordpress.com,(563) 7335388
Drucie,Marquez,San José,01-Jul-1952,Paraguay,dmarquezg7@sbwire.com,(457) 4627774
Tracie,Winram,Baiyang,25-Mar-1996,China,twinramg8@ucla.edu,(775) 9285587
Gabbie,Mc Carrick,Baoyang,12-Aug-1961,China,gmccarrickg9@google.co.uk,(129) 2553986
Doll,Aidler,,,,daidlerga@nature.com,
Darice,Crown,Samobor,22-Oct-1979,Croatia,dcrowngb@homestead.com,(231) 7177770
Parke,Walas,Tanguá,05-Oct-1961,Brazil,pwalasgc@free.fr,(530) 8877898
Ange,Curnok,Maibu,25-Jan-1956,Philippines,acurnokgd@bbb.org,(400) 5622280
Shel,Shalcras,Umuquena,22-Aug-1954,Venezuela,sshalcrasge@marketwatch.com,(343) 7523236
Reiko,Van Salzberger,Mikun’,19-Oct-1990,Russia,,(393) 3371364
Thaxter,Liff,Jednorożec,17-Apr-1970,Poland,tliffgg@imdb.com,(910) 9864222
Georges,De Vaux,,,,gdevauxgh@npr.org,
Lazarus,Loade,Barra,17-Aug-1966,Brazil,lloadegi@prnewswire.com,(261) 4255194
Corabelle,Siege,Amherst,25-Apr-1962,Canada,csiegegj@over-blog.com,(272) 9593209
Penny,Rugieri,Bulgan,25-Oct-1983,Mongolia,prugierigk@woothemes.com,(988) 6102607
Alida,Swede,Alvaro Obregon,27-Dec-1973,Mexico,aswedegl@microsoft.com,(502) 4293208
Britt,Potzold,Koran,08-Oct-1999,Bosnia and Herzegovina,bpotzoldgm@apache.org,(212) 5143297
Sherill,Barfield,Vikhorevka,08-Jan-1957,Russia,sbarfieldgn@reuters.com,(918) 2263771
Fifi,Sebrook,Haoshui,14-Sep-1998,China,fsebrookgo@uol.com.br,(726) 7968477
Carlen,Maydwell,Stavanger,28-Aug-1966,Norway,cmaydwellgp@indiegogo.com,(634) 4913921
Franciskus,Kearn,Lākshām,11-Sep-1972,Bangladesh,fkearngq@amazon.de,(727) 7385838
Alvin,Yendall,Nelidovo,27-Sep-1988,Russia,ayendallgr@eepurl.com,(923) 9154225
Nickey,Woodhouse,Tonghu,30-Nov-1999,China,nwoodhousegs@elpais.com,(960) 9410539
Brooke,Minci,Ljig,05-Dec-1985,Serbia,bmincigt@delicious.com,(770) 5707182
Thor,Bigly,Pedreira,05-Apr-1991,Brazil,tbiglygu@bbc.co.uk,(616) 4664928
Gayel,Brittian,Ono,03-Sep-1968,Japan,gbrittiangv@eventbrite.com,(174) 6819481
Gabbie,Dillicate,Paris 08,10-Mar-1991,France,gdillicategw@hhs.gov,(824) 4208957
Kippy,Mallinson,Stare Miasto,21-Feb-1997,Poland,kmallinsongx@tumblr.com,(401) 5498161
Ly,Jedrachowicz,Raşad,28-Nov-1971,Yemen,ljedrachowiczgy@1und1.de,(744) 7634675
Germana,Reace,Molepolole,07-Apr-1981,Botswana,greacegz@i2i.jp,(499) 3022561
Woody,Prew,Usulután,02-Jun-1964,El Salvador,wprewh0@blogs.com,(210) 2259749
Aloin,Lapping,Carvoeira,07-Dec-1964,Portugal,,(212) 6136334
Rafaello,Dorrell,Cemplang,09-Jun-1962,Indonesia,rdorrellh2@vistaprint.com,(415) 2157485
Ivie,Geal,Magitang,08-Jan-1966,China,igealh3@tiny.cc,(955) 4850224
Felita,Teenan,Santo Tomás,15-Nov-1955,Colombia,fteenanh4@salon.com,(931) 4809950
Ynez,Cliffe,Montería,17-Apr-1999,Colombia,ycliffeh5@ft.com,(849) 7183030
Adrian,Mcasparan,Praga Północ,09-Apr-1964,Poland,amcasparanh6@delicious.com,(567) 5453779
Elvis,Banton,,,,ebantonh7@gov.uk,
Pepe,Erb,Sai’erlong Xiang,07-Aug-1950,China,perbh8@shop-pro.jp,(936) 7342720
Alyss,Priel,Lecherías,09-Jul-1954,Venezuela,aprielh9@ibm.com,(492) 4813709
Kylen,Dando,Safakulevo,02-Jan-1977,Russia,kdandoha@deliciousdays.com,(809) 2967252
Elset,Lawful,Nangerang,20-May-1962,Indonesia,elawfulhb@businessinsider.com,(425) 6750316
Collie,Chimenti,Maia,14-Oct-1977,Portugal,cchimentihc@slideshare.net,(226) 9263710
Jillian,McAuslene,Fengyang,06-Feb-1996,China,jmcauslenehd@china.com.cn,(383) 9716951
Gerta,Eggle,Jimaguayú,25-Feb-1972,Cuba,gegglehe@google.ru,(876) 9919330
Pammy,Speechly,Nyanga,06-May-1952,Zimbabwe,pspeechlyhf@usatoday.com,(634) 7240991
Holt,Brew,Złotoryja,05-Mar-1998,Poland,hbrewhg@deliciousdays.com,(291) 2396397
Gay,Sheasby,Savelugu,09-Jan-1967,Ghana,gsheasbyhh@unicef.org,(525) 9000454
Cecilius,Pepi,Nogent-sur-Marne,03-Jan-1951,France,cpepihi@sphinn.com,(617) 7912053
Katine,Treeby,Sobreda,24-May-1990,Portugal,ktreebyhj@state.gov,(211) 8992791
Konstantin,Kemish,Sridadi,27-Apr-1963,Indonesia,kkemishhk@earthlink.net,(197) 8090655
Ermentrude,Fenemore,Sumberrojokrajan,27-Feb-1988,Indonesia,efenemorehl@icio.us,(612) 8514981
John,Giannazzo,Watunggong,22-Nov-1978,Indonesia,jgiannazzohm@blinklist.com,(400) 4489948
Gustave,Skoate,Rybarzowice,18-May-1967,Poland,gskoatehn@rakuten.co.jp,(777) 4178738
Renault,Towersey,Irving,29-Sep-1985,United States,rtowerseyho@yahoo.co.jp,(469) 4792762
Susan,Birchett,Veselí nad Lužnicí,21-Apr-1980,Czech Republic,sbirchetthp@twitpic.com,(600) 7034088
Madeline,Cheeney,Besançon,04-Dec-1984,France,,(858) 1308639
Benoit,Dowtry,Na Tan,13-Jun-1985,Thailand,bdowtryhr@mayoclinic.com,(972) 8455760
Lois,Nardoni,Batelov,03-Jul-1982,Czech Republic,lnardonihs@amazonaws.com,(660) 8289247
Nikolai,Dysert,As Sab‘ Biyār,06-Feb-1961,Syria,ndysertht@theguardian.com,(473) 6385622
Ginger,Hammerton,San Justo,03-Sep-1979,Argentina,ghammertonhu@fc2.com,(509) 5953170
Alvis,Forde,Lamía,16-Dec-1950,Greece,afordehv@163.com,(218) 3073792
Enrica,McPhilemy,Shangcheng Chengguanzhen,23-May-1974,China,emcphilemyhw@sfgate.com,(742) 6643942
Melissa,Priddis,Yebaishou,18-Mar-1961,China,mpriddishx@hexun.com,(118) 2091144
Freda,Kort,Motong,02-Apr-1977,Indonesia,fkorthy@sakura.ne.jp,(473) 9451856
Wilfred,Towsey,Tysmenychany,13-Oct-1970,Ukraine,wtowseyhz@blog.com,(334) 6967591
Alyda,Faragan,Karata,28-Mar-1999,Russia,afaragani0@github.io,(244) 8320806
Alexandre,MacAulay,Zwolle,14-Nov-1968,Netherlands,amacaulayi1@squarespace.com,(526) 1828355
Kristofor,Burnsyde,Baizhifang,22-Dec-1977,China,kburnsydei2@google.cn,(640) 1444819
Cordie,McWard,Sumbergayam,15-Feb-1981,Indonesia,cmcwardi3@salon.com,(452) 9283444
Davey,Rowesby,Capanema,22-Apr-1966,Brazil,,(696) 3038649
Helge,Probyn,Saguenay,06-Apr-1955,Canada,hprobyni5@cpanel.net,(118) 1384382
Deeann,Remington,Fontainebleau,02-Feb-1962,France,,(561) 3117222
Lonnard,Morillas,Malá Strana,09-Dec-1959,Czech Republic,lmorillasi7@theguardian.com,(287) 3703936
Stanly,Jarritt,Gradec,07-Sep-1980,Macedonia,sjarritti8@dedecms.com,(678) 1860200
Demetre,Loynton,Kanturk,05-Oct-1954,Ireland,dloyntoni9@purevolume.com,(693) 2136702
Lark,Josefs,Paço de Arcos,08-Sep-1962,Portugal,ljosefsia@seesaa.net,(143) 9677298
Cloris,Batchley,Fengle,14-Mar-1998,China,cbatchleyib@weather.com,(302) 2930178
Moss,Khristoforov,Abovyan,06-Sep-1974,Armenia,mkhristoforovic@cbc.ca,(579) 4672753
Papageno,Peasey,Kuantan,16-May-1959,Malaysia,ppeaseyid@cmu.edu,(508) 3912742
Paulette,LaBastida,Xushangqiao,21-Aug-1952,China,plabastidaie@gov.uk,(185) 4334611
Gary,Baker,Bedalewun,16-Jun-1955,Indonesia,gbakerif@mit.edu,(841) 3287544
Dory,Ditts,Krajan Sale,17-Apr-1958,Indonesia,ddittsig@zimbio.com,(715) 7000275
Eden,Moss,Val-de-Reuil,01-Jul-1950,France,emossih@digg.com,(773) 3025275
Barrie,Atlay,Andrézieux-Bouthéon,09-Mar-1982,France,batlayii@histats.com,(295) 5537527
Bridget,Barbour,Jingyao,06-Jan-1985,China,bbarbourij@vinaora.com,(656) 1406478
Shamus,Venmore,Vasil’yevskiy Mokh,24-Mar-1985,Russia,svenmoreik@prnewswire.com,(181) 5334721
Correna,Theobold,Nakkila,22-Oct-1994,Finland,ctheoboldil@google.com.br,(792) 2044625
Otha,Pesak,Danbury,13-Feb-1965,United States,opesakim@wufoo.com,(203) 7817926
Micah,Lambeth,Yangxiang,20-Jan-1970,China,mlambethin@theatlantic.com,(998) 9875875
Stacia,Landes,Tanumshede,12-Jun-1988,Sweden,slandesio@github.io,(366) 1118374
Jarib,Billsberry,Cannes,25-Jul-1995,France,jbillsberryip@answers.com,(613) 8466273
Serena,Carluccio,Tumbagaan,02-Sep-1990,Philippines,scarluccioiq@hexun.com,(389) 9612984
Gwenni,Hlavac,Bishan,16-May-1956,China,ghlavacir@google.nl,(187) 6139002
Kippy,Lamke,Tacoma,28-Jan-1958,United States,klamkeis@usa.gov,(253) 5950733
Dimitri,Pleasance,Mont-Joli,20-Dec-1994,Canada,dpleasanceit@seesaa.net,(529) 6267243
Gibb,Fruchon,Santana do Livramento,05-Mar-1964,Brazil,gfruchoniu@blogs.com,(233) 3464390
Josy,Devenport,,,,jdevenportiv@shutterfly.com,
Vinny,Gorrie,Changjiang,20-Jul-1982,China,vgorrieiw@reverbnation.com,(192) 4899293
Judith,Schoales,Mariental,01-Dec-1968,Namibia,jschoalesix@narod.ru,(943) 7355985
Marie-jeanne,Fairbairn,Sasolburg,04-Aug-1960,South Africa,mfairbairniy@cisco.com,(937) 4319712
Alexandra,Bartkiewicz,Sangzhen,06-Jun-1987,China,abartkiewicziz@ftc.gov,(294) 4927175
Lora,Labbett,,,,llabbettj0@state.tx.us,
Anselma,Rowland,Koungheul,14-Apr-1957,Senegal,,(972) 7106994
Gillie,Heineking,Bawshar,24-Apr-1963,Oman,gheinekingj2@blogger.com,(813) 1793250
Forbes,Grinvalds,Putatbasiun,19-Aug-1972,Indonesia,,(960) 9422287
Lexy,Ornils,Puwa,26-May-1979,China,,(567) 6744804
Teodoro,Secker,Hisai,05-Sep-1968,Japan,tseckerj5@trellian.com,(492) 5404457
Heddie,Glozman,Neqāb,08-Oct-1997,Iran,hglozmanj6@illinois.edu,(627) 3585328
Marrissa,Wozencroft,Tlogoagung,21-Jul-1993,Indonesia,mwozencroftj7@blinklist.com,(224) 6360629
Davey,Bateup,Shah Alam,10-Dec-1991,Malaysia,dbateupj8@netscape.com,(696) 2875554
Carlotta,Passman,,,,cpassmanj9@tumblr.com,
Carey,Perri,Neochórion,11-Jun-1966,Greece,cperrija@usda.gov,(691) 1586640
Issie,Griss,San Marcos,21-Jan-1982,Peru,igrissjb@360.cn,(263) 7695248
Claudina,Doy,,,,cdoyjc@icio.us,
Rasla,Torfin,Montongtebolak,09-Jul-1961,Indonesia,rtorfinjd@sphinn.com,(484) 6816768
Kahaleel,Longland,Kryry,09-Aug-1952,Czech Republic,klonglandje@ebay.co.uk,(603) 8600214
Jeffrey,Gabel,La Romana,24-Aug-1993,Dominican Republic,jgabeljf@irs.gov,(147) 8041951
Marena,Gruby,Damai,14-Jan-1982,China,mgrubyjg@360.cn,(527) 6134247
James,Krzysztof,Norrtälje,01-May-1996,Sweden,jkrzysztofjh@dmoz.org,(151) 7005243
Durant,Casarino,Ferreiros,10-Jan-1965,Portugal,dcasarinoji@devhub.com,(829) 8366929
Ive,Daynter,Arnoia,29-Nov-1988,Portugal,idaynterjj@google.com,(257) 3046574
Evey,Fronczak,Heerlen,21-Oct-1971,Netherlands,efronczakjk@geocities.com,(544) 2462309
Osmund,Poultney,Lavandeira,13-Feb-1999,Portugal,opoultneyjl@state.gov,(674) 4333118
Aviva,Beushaw,Mwense,10-Feb-1965,Zambia,abeushawjm@pcworld.com,(379) 5763051
Helsa,Fidele,Tacoma,29-Jan-1977,United States,hfidelejn@yellowpages.com,(253) 8817030
Auria,Skunes,Zhigulevsk,09-Apr-1979,Russia,askunesjo@moonfruit.com,(593) 8269575
Bibbye,Borsnall,Nevyts’ke,24-Sep-1992,Ukraine,bborsnalljp@trellian.com,(438) 3804479
Nils,Possel,Kolonnawa,29-Jun-1977,Sri Lanka,,(209) 3074159
Loella,Carley,Guadalupe,20-Oct-1986,Mexico,lcarleyjr@weebly.com,(843) 1941012
Romy,Orta,Cikulina,27-Oct-1962,Indonesia,rortajs@yellowbook.com,(880) 6870497
Neysa,Abrahams,‘Uqayribāt,29-Jun-1992,Syria,nabrahamsjt@webs.com,(322) 3506248
Ruby,Struss,Żółkiewka,11-Nov-1994,Poland,rstrussju@npr.org,(162) 7707458
Darn,Bassilashvili,,,,dbassilashvilijv@163.com,
Alberto,Kornalik,Médanos,28-Jul-1967,Argentina,akornalikjw@apple.com,(380) 5624307
Egan,Burtwhistle,Kapsan-ŭp,13-Jul-1974,North Korea,eburtwhistlejx@yahoo.com,(507) 8170510
Melinda,Bradder,Chum Phae,27-Aug-1972,Thailand,mbradderjy@cmu.edu,(457) 3556623
Rainer,Impy,Turirejo,20-Sep-1978,Indonesia,rimpyjz@sbwire.com,(399) 5593061
Lorin,Hartridge,Haixing,03-Mar-1977,China,,(911) 6338297
Venus,Favill,Bueng Khong Long,15-Dec-1961,Thailand,vfavillk1@geocities.com,(183) 9814802
Kata,Murdoch,Shchūchīnsk,12-Sep-1957,Kazakhstan,kmurdochk2@guardian.co.uk,(752) 9620400
Rochester,Alvarado,Lusaka,31-Oct-1995,Zambia,ralvaradok3@nationalgeographic.com,(767) 1261527
Sigmund,Glendinning,Pirca,25-Oct-1979,Peru,sglendinningk4@youtu.be,(641) 2382026
Tomlin,Kubik,Hošťka,10-Apr-1979,Czech Republic,,(185) 7515613
Onfroi,Fielder,Herrljunga,13-Apr-1995,Sweden,ofielderk6@google.ca,(530) 7488544
Kimble,Stithe,Shah Alam,26-Nov-1988,Malaysia,kstithek7@pcworld.com,(971) 7509896
Twyla,Gasparro,Matanza,08-Jan-1971,Colombia,tgasparrok8@miitbeian.gov.cn,(479) 4803630
Marwin,Gozzett,Hato Mayor del Rey,29-Aug-1963,Dominican Republic,mgozzettk9@wikia.com,(263) 8896425
Uri,Baume,Paris 04,12-Jan-1983,France,ubaumeka@xrea.com,(152) 5529208
Katusha,Fallanche,Lycksele,03-Jul-1997,Sweden,kfallanchekb@booking.com,(217) 4001487
Upton,Peffer,Juhut,05-Oct-1968,Indonesia,,(354) 1288832
Giffer,Czadla,Colonia Elía,27-Dec-1959,Argentina,gczadlakd@globo.com,(878) 3114458
Artemis,Wigsell,Little Rock,06-Sep-1976,United States,awigsellke@usnews.com,(501) 2068322
Adah,Faucett,Igurusi,15-Oct-1977,Tanzania,afaucettkf@cbc.ca,(412) 3323722
Guillermo,Kindleysides,São Bartolomeu,24-Sep-1991,Portugal,gkindleysideskg@wix.com,(856) 1138465
Zuzana,Hairsnape,Ayamaru,28-May-1973,Indonesia,zhairsnapekh@smugmug.com,(161) 3760725
Sly,Eborn,Bastos,07-May-1958,Brazil,sebornki@hibu.com,(599) 7279987
Gilbert,O'Loughane,Covas da Raposa,24-Oct-1979,Portugal,goloughanekj@mit.edu,(960) 3552016
Dinny,Ausher,Altay,09-Sep-1986,Kazakhstan,,(472) 6151991
Linet,Dering,Yotsukaidō,28-Mar-1996,Japan,lderingkl@usda.gov,(687) 3710542
Sileas,Abrey,Muyudian,05-Nov-1990,China,sabreykm@nih.gov,(833) 4753980
Brig,Letchford,Uglegorsk,27-Oct-1978,Russia,bletchfordkn@redcross.org,(532) 5074813
Anna-diane,Osbidston,Shilu,06-Nov-1985,China,aosbidstonko@edublogs.org,(293) 9716677
Annamarie,Amoore,Biskamzha,19-Jun-1979,Russia,aamoorekp@nationalgeographic.com,(790) 2742372
Krysta,Clitherow,Tanggung,05-Mar-1996,Indonesia,kclitherowkq@digg.com,(874) 4970999
Nanni,Orpyne,Memphis,23-Jul-1956,United States,norpynekr@shutterfly.com,(901) 7850121
Bertrand,Oakhill,Morteros,13-Apr-1983,Argentina,boakhillks@bigcartel.com,(347) 8013240
Darby,Windous,Janas,24-Aug-1989,Portugal,dwindouskt@mtv.com,(747) 6853801
Crystie,Iacobo,Maunggora,20-Jul-1974,Indonesia,ciacoboku@smugmug.com,(227) 4373311
Arnuad,Scafe,Pingkai,06-Jul-1978,China,ascafekv@delicious.com,(270) 1825713
Kalila,Shutle,Naga,07-Jun-1992,Philippines,kshutlekw@timesonline.co.uk,(443) 6972647
Odelinda,Kleinberer,Fulu,18-Dec-1970,China,,(737) 7076683
Bren,Bewfield,Quy Đạt,28-May-1982,Vietnam,bbewfieldky@discuz.net,(729) 5566069
Noel,Pain,Hetou,12-Jul-1969,China,npainkz@webeden.co.uk,(681) 4011041
Ines,Yanez,,,,,
Jackson,Hallstone,Qingkenpao,19-Jul-1989,China,jhallstonel1@360.cn,(683) 8909430
Lauryn,Petruskevich,Jiayi,01-Jan-1971,China,lpetruskevichl2@de.vu,(735) 6306347
Agna,Bushell,New Washington,31-Mar-1956,Philippines,,(392) 8155189
Claudelle,Landeg,Goiatuba,04-Apr-1956,Brazil,clandegl4@oaic.gov.au,(893) 9915229
Harmonia,De Filippo,Purong,26-Mar-1994,China,,(584) 1006684
Ronda,Izzett,Lipinki Łużyckie,18-Apr-1964,Poland,rizzettl6@vk.com,(553) 7454786
Lynett,Agar,Cran-Gevrier,23-Feb-1957,France,,(734) 3048736
Stephine,Erlam,Shikhazany,26-Aug-1980,Russia,serlaml8@hc360.com,(784) 7184266
Ethelred,McCard,Lambton Shores,24-Jan-1977,Canada,emccardl9@ihg.com,(208) 9940432
Daisy,Guichard,Wangshi,23-Dec-1988,China,dguichardla@boston.com,(357) 1385827
Jeremy,Purbrick,Daloa,12-May-1965,Ivory Coast,jpurbricklb@redcross.org,(247) 4969907
Cassey,Cartmell,Guaratuba,08-Jul-1990,Brazil,ccartmelllc@addtoany.com,(439) 4258213
Pauletta,Gelling,Pingshan,19-May-1956,China,,(970) 3597707
Jocelin,Huitson,Popovice,03-Sep-1988,Czech Republic,jhuitsonle@sakura.ne.jp,(180) 6051957
Elberta,Durtnall,Radomin,03-Apr-1962,Poland,edurtnalllf@telegraph.co.uk,(828) 8382877
Hersch,Philippart,Profítis Ilías,29-Aug-1967,Greece,hphilippartlg@alibaba.com,(801) 9624855
Marmaduke,Dalligan,,,,mdalliganlh@ed.gov,
Zeke,Feaks,Argotirto Krajan,16-Mar-1951,Indonesia,zfeaksli@nydailynews.com,(378) 6997389
Jessi,Doghartie,Mikulintsy,23-May-1985,Ukraine,jdoghartielj@ning.com,(622) 5367359
Jorrie,Levene,Le Raincy,08-Apr-1999,France,jlevenelk@toplist.cz,(939) 8466133
Wynne,Smith,Antalaha,18-Feb-1964,Madagascar,wsmithll@ox.ac.uk,(376) 7965049
Bethany,Hanratty,Tippi,29-May-1969,Ethiopia,bhanrattylm@yelp.com,(223) 9612043
Luca,Kuzemka,Cujillo,17-Nov-1967,Peru,,(641) 2192707
Marguerite,Saunter,Skutskär,16-Apr-1967,Sweden,msaunterlo@csmonitor.com,(664) 5984163
Clark,Warlawe,Länsi-Turunmaa,08-Dec-1977,Finland,,(590) 1838622
Laurette,Allot,,,,lallotlq@ask.com,
Hannie,Curman,,,,hcurmanlr@unblog.fr,
Nyssa,Dailly,Hesheng,01-Aug-1966,China,,(885) 2563058
Parker,Millward,Puolanka,14-Oct-1959,Finland,pmillwardlt@about.com,(162) 8836153
Carmita,Lamplough,Pittsburgh,27-Feb-1969,United States,clamploughlu@printfriendly.com,(412) 6533593
Carmencita,Iacopini,Cibolek Kidul,02-Oct-1971,Indonesia,ciacopinilv@yale.edu,(267) 3827420
Drake,Chettoe,Lokosovo,26-Mar-1980,Russia,dchettoelw@cbslocal.com,(678) 2513172
Pattin,Dungey,Hưng Nguyên,18-Jul-1953,Vietnam,,(284) 1719774
Arlinda,Minkin,,,,aminkinly@tiny.cc,
Kalindi,Jewers,Lianfa,14-Oct-1969,China,kjewerslz@goodreads.com,(840) 9367328
Abigael,Antoney,Xiaojian,14-Dec-1973,China,aantoneym0@sakura.ne.jp,(290) 7084698
Orion,Maingot,Samur,06-Oct-1992,Azerbaijan,omaingotm1@cnbc.com,(943) 5739047
Athene,Stolberger,,,,astolbergerm2@redcross.org,
Marielle,Parlet,Lat Lum Kaeo,08-Oct-1968,Thailand,mparletm3@barnesandnoble.com,(667) 8343145
Malvina,Delamaine,Milton,17-Oct-1954,Canada,mdelamainem4@google.it,(466) 7142243
Jodie,Lassell,Dahu,20-Oct-1963,Indonesia,jlassellm5@lulu.com,(905) 7290937
Trixie,Bownas,Navegantes,04-Dec-1977,Brazil,tbownasm6@oracle.com,(231) 1817418
Thornton,Cromar,Duqiong,25-Dec-1997,China,,(321) 2230605
Delphinia,Abella,Bernay,23-Mar-1994,France,,(291) 6613583
Trumann,Garret,Bull Savanna,14-Feb-1979,Jamaica,tgarretm9@shareasale.com,(209) 1569566
Seumas,Ferby,Slobodskoy,13-Mar-1985,Russia,sferbyma@wikia.com,(477) 8283924
Kristel,Gooden,Gongrong,05-Feb-1976,China,kgoodenmb@wp.com,(216) 5187254
Hali,Vonasek,Xiji,14-Dec-1954,China,hvonasekmc@godaddy.com,(277) 8419338
Mathian,Critcher,,,,mcritchermd@nsw.gov.au,
Matty,Texton,Hagonoy,31-Jan-1969,Philippines,mtextonme@toplist.cz,(235) 6313017
Rosabelle,Renforth,Xiongzhou,06-May-1956,China,rrenforthmf@instagram.com,(259) 1631196
Katleen,Bodocs,Dubki,17-Jan-1953,Russia,kbodocsmg@businesswire.com,(716) 6803340
Spence,McFade,Varennes,13-Jun-1977,Canada,smcfademh@xrea.com,(912) 4997445
Balduin,Caldero,Kipushi,24-Mar-1978,Democratic Republic of the Congo,bcalderomi@1688.com,(398) 9336649
Maggy,Hurford,Upig,30-Nov-1988,Philippines,mhurfordmj@bloomberg.com,(561) 5804590
Courtnay,Novakovic,Michałów-Reginów,10-Aug-1968,Poland,cnovakovicmk@symantec.com,(901) 2309049
Hanna,Sherrington,,,,hsherringtonml@salon.com,
Chrisy,Dittson,Paidha,23-Sep-1973,Uganda,cdittsonmm@skype.com,(860) 5875975
Garrik,Hogbin,Cognac,27-Apr-1986,France,,(967) 7977536
Meredithe,Norman,Nagcarlan,01-Jun-1994,Philippines,mnormanmo@oakley.com,(446) 9996116
Corinne,Leguey,La Azulita,15-Sep-1982,Venezuela,,(194) 8228554
Rowe,Tomasoni,Volgograd,22-Mar-1969,Russia,rtomasonimq@disqus.com,(749) 1588259
Levey,Lidington,,,,llidingtonmr@blogger.com,
Augustin,Bock,Batticaloa,06-Apr-1999,Sri Lanka,abockms@phoca.cz,(215) 1206404
Lotty,Pimm,Besuki Dua,22-Sep-1958,Indonesia,lpimmmt@cdbaby.com,(169) 4970046
Raffaello,Callard,Türkmenbaşy,14-Dec-1964,Turkmenistan,rcallardmu@who.int,(384) 1553050
Inesita,Stammers,Turgun,08-Jan-1953,China,istammersmv@webnode.com,(224) 4074409
Zoe,Matlock,,,,,
Elsinore,Hruska,Akat Amnuai,09-Mar-1996,Thailand,ehruskamx@is.gd,(166) 9784622
Gard,Beasant,Klášter,14-Oct-1985,Czech Republic,gbeasantmy@soundcloud.com,(826) 4000191
Margot,Tomek,,,,mtomekmz@sourceforge.net,
Salli,Dummett,,,,sdummettn0@who.int,
Hilly,Zaczek,Kubangkondang,03-Jan-1951,Indonesia,hzaczekn1@scribd.com,(792) 9361683
Rosemonde,Claussen,San Rafael Oriente,23-Sep-1984,El Salvador,rclaussenn2@ow.ly,(498) 9306870
Karalee,Sell,Nkwerre,16-Mar-1967,Nigeria,kselln3@discovery.com,(215) 1948522
Karina,Franzonetti,Nijemci,18-Apr-1986,Croatia,kfranzonettin4@unc.edu,(431) 5585330
Madalena,Minnock,Porto Alegre,25-Dec-1996,Brazil,mminnockn5@yelp.com,(623) 5404242
Annetta,Cantrill,Adygeysk,17-Aug-1981,Russia,acantrilln6@ca.gov,(866) 1530057
Emera,Comolli,Solna,18-Feb-1958,Sweden,ecomollin7@last.fm,(136) 5701161
Glenine,Blackham,Mariano Moreno,14-Jun-1993,Argentina,gblackhamn8@arizona.edu,(877) 3229806
Ignacius,Nanelli,Wojnicz,27-Feb-1978,Poland,inanellin9@time.com,(651) 3097121
Maxie,Franceschelli,Остров Пасхи,25-Aug-1980,Chile,mfranceschellina@cargocollective.com,(521) 6540441
Ilyse,Jaffa,,,,ijaffanb@xing.com,
Anderea,Bellward,Panunggangan,11-Feb-1978,Indonesia,abellwardnc@ftc.gov,(753) 6027360
Evangelina,Wintringham,Damaying,03-Jun-1995,China,ewintringhamnd@hubpages.com,(472) 9378189
Louis,Romeril,Almargem do Bispo,18-Sep-1979,Portugal,lromerilne@dot.gov,(973) 9694266
Koo,Kleinsmuntz,,,,kkleinsmuntznf@quantcast.com,
Dallon,Jessope,Caibarién,13-May-1963,Cuba,djessopeng@redcross.org,(356) 7458895
Benedetta,Peatt,Comandante Luis Piedra Buena,21-Aug-1973,Argentina,bpeattnh@blogspot.com,(721) 2971865
Marmaduke,Yeo,Pereiro,26-Dec-1966,Portugal,myeoni@surveymonkey.com,(831) 8716935
Graehme,Plumbridge,Useldange,17-Jul-1999,Luxembourg,gplumbridgenj@cnn.com,(956) 5548896
Erasmus,Cohn,Tanzybey,18-May-1963,Russia,ecohnnk@usgs.gov,(203) 6794433
Dalt,Bartlet,Qinshan,15-Aug-1956,China,dbartletnl@etsy.com,(586) 1186870
Englebert,McDonnell,Pucheng,11-Apr-1995,China,emcdonnellnm@soundcloud.com,(319) 9687745
Witty,Moorcraft,Xibin,20-Mar-1958,China,wmoorcraftnn@barnesandnoble.com,(683) 9731624
Nealson,Warters,Comandante Luis Piedra Buena,13-Mar-1978,Argentina,nwartersno@behance.net,(952) 9346945
Brendon,Gagie,,,,bgagienp@columbia.edu,
Joey,Ramirez,Prakhon Chai,12-Jun-1976,Thailand,,(439) 3443076
Raeann,Calverd,Al Bājūr,15-Sep-1991,Egypt,rcalverdnr@php.net,(535) 5949692
Eugene,Dand,,,,edandns@nationalgeographic.com,
Juan,Cheke,San Cristobal,17-Nov-1961,Mexico,jchekent@hp.com,(998) 9982953
Elana,Keir,,,,ekeirnu@taobao.com,
Marlane,Areles,Ralevka,02-Apr-1965,Ukraine,marelesnv@ehow.com,(752) 7336495
Inness,Roderham,Xikou,09-Aug-1990,China,iroderhamnw@list-manage.com,(937) 3469963
Orly,Yarham,Boden,22-Jun-1985,Sweden,,(918) 3451548
Adelice,Habden,Alor Star,29-Mar-1977,Malaysia,ahabdenny@aol.com,(279) 6912749
Torr,Kwiek,Digah,27-Mar-1985,Azerbaijan,tkwieknz@rakuten.co.jp,(576) 9927332
Cece,Feeney,Cavadas,02-Nov-1973,Portugal,,(849) 5344494
Sibelle,Joskowitz,Falefa,05-Apr-1979,Samoa,sjoskowitzo1@google.com.br,(212) 9165355
Gusella,Ancliffe,Dharān Bāzār,14-May-1969,Nepal,gancliffeo2@behance.net,(648) 9393020
Leland,Kimbury,Presnenskiy,26-May-1997,Russia,lkimburyo3@sakura.ne.jp,(464) 1533767
Sharline,Dillingham,Phoenix,21-Apr-1975,United States,sdillinghamo4@ehow.com,(602) 6651552
Danica,Ruoff,Vuhlehirs’k,11-Sep-1962,Ukraine,druoffo5@columbia.edu,(378) 8799175
Mag,Tompkiss,Pagsabangan,27-Apr-1959,Philippines,mtompkisso6@wordpress.com,(582) 6844533
Pattin,Allaway,Huambo,12-Nov-1961,Angola,,(431) 3951136
Desiree,Strettell,Runting,28-Jul-1985,Indonesia,dstrettello8@zimbio.com,(610) 8301488
Dasya,Klimkov,Phu Khiao,23-Oct-1975,Thailand,dklimkovo9@ucla.edu,(271) 4200877
Dollie,Lippo,Burgastai,27-Nov-1955,China,dlippooa@google.com.au,(462) 9420524
Perceval,Dallywater,Daoxian,01-Mar-1952,China,,(582) 2783567
Moore,Jonah,Daya,12-Nov-1960,China,,(788) 4416298
Lev,Daintry,,,,ldaintryod@devhub.com,
Alric,De Micoli,Vredefort,23-Dec-1965,South Africa,ademicolioe@wsj.com,(511) 5598588
Seymour,Simeoli,Torkanivka,03-Jan-1958,Ukraine,ssimeoliof@domainmarket.com,(399) 6099204
Bunni,Danielsohn,Helsingborg,10-Jul-1972,Sweden,bdanielsohnog@list-manage.com,(356) 7197064
Elsinore,Twigger,Piribebuy,24-Dec-1984,Paraguay,etwiggeroh@msu.edu,(863) 8809694
Steven,Eick,Pinheiro,18-Sep-1961,Brazil,seickoi@discuz.net,(279) 3691959
Antonina,Nagle,Atbasar,17-Oct-1957,Kazakhstan,anagleoj@squidoo.com,(246) 4960324
Tildy,Bartholin,Al Bāriqīyah,06-Feb-1957,Syria,tbartholinok@about.me,(435) 4942659
Giffie,Taye,Hamburg,15-Sep-1996,Germany,gtayeol@boston.com,(303) 7242134
Bonnibelle,Ripley,La Rochelle,21-Dec-1988,France,bripleyom@pbs.org,(522) 1804932
Salem,McTrusty,Kristiansund N,16-Apr-1994,Norway,smctrustyon@slideshare.net,(887) 3135039
Marjory,McIlwreath,Dehī,27-Nov-1962,Afghanistan,mmcilwreathoo@mozilla.org,(869) 2099808
Karlan,Biasioli,Paciran,01-Oct-1991,Indonesia,kbiasioliop@ucoz.ru,(650) 3183835
Sara-ann,Laphorn,Isidro Fabela,10-Aug-1967,Mexico,,(989) 2608314
Katharine,Maffiotti,Santa Luzia,29-Jul-1981,Brazil,kmaffiottior@tripadvisor.com,(777) 1318938
Bibbye,MacGilpatrick,Retreat,18-Feb-1987,South Africa,bmacgilpatrickos@uol.com.br,(575) 9024345
Audrye,Rosling,Panaytayon,20-Nov-1979,Philippines,,(996) 7184894
Bibby,Semaine,Zizhao,11-May-1985,China,bsemaineou@networkadvertising.org,(404) 3607807
Brenn,Grewcock,Cincinnati,02-Oct-1989,United States,bgrewcockov@symantec.com,(513) 4660372
Marrilee,Tunnock,Wissembourg,14-Jan-1996,France,,(312) 1297851
Simmonds,Hammett,Avignon,06-Oct-1956,France,shammettox@soup.io,(448) 6364328
Morty,Vallender,Pyrzyce,30-Oct-1999,Poland,mvallenderoy@cnbc.com,(768) 4445678
Humfrey,Ferrarone,Raojān,05-Jan-1966,Bangladesh,hferraroneoz@domainmarket.com,(303) 9977422
Davine,Rampage,Bralin,28-Jun-1979,Poland,drampagep0@vinaora.com,(124) 8937370
Massimo,Thresh,,,,mthreshp1@examiner.com,
Glynis,Spurden,Foz Sousa,13-May-1991,Portugal,gspurdenp2@tinypic.com,(975) 4174522
Hope,Raise,Yongfeng,03-Aug-1976,China,hraisep3@addthis.com,(864) 1745141
Lyndsay,Gutridge,San Cristóbal,04-Aug-1993,Dominican Republic,lgutridgep4@telegraph.co.uk,(782) 6703631
Garrot,Fiske,El Salitre,29-Nov-1963,Mexico,,(310) 1172521
Alica,de Mullett,,,,,
Jacky,Geroldini,Numeto,04-Dec-1969,Indonesia,jgeroldinip7@ning.com,(595) 6253114
Francklyn,Habin,Yenangyaung,23-Jul-1986,Myanmar,,(328) 1463434
Esra,Bains,Quetta,11-Mar-1964,Pakistan,ebainsp9@twitter.com,(526) 5588179
Dael,Mion,Lohong,25-Nov-1993,Indonesia,dmionpa@epa.gov,(364) 8337742
Andreas,Gorcke,Tangkil,21-Feb-1963,Indonesia,agorckepb@hibu.com,(690) 1644921
Willa,Boorer,Mekarsari,17-Aug-1951,Indonesia,,(340) 5750616
Bunni,Carik,Lubowidz,10-Apr-1989,Poland,bcarikpd@wikipedia.org,(941) 9976063
Christie,Smales,Taluncemara,23-Nov-1990,Indonesia,csmalespe@slashdot.org,(492) 3363806
Nikos,Wilflinger,Porangaba,03-May-1964,Brazil,nwilflingerpf@google.ca,(491) 2979101
Ursola,Holleworth,Albertville,06-Aug-1991,France,uholleworthpg@friendfeed.com,(660) 6263047
Kelsey,Shepcutt,Gostovići,21-May-1972,Bosnia and Herzegovina,kshepcuttph@newyorker.com,(794) 4554457
Calla,Wellington,Sines,01-Jun-1952,Portugal,cwellingtonpi@oaic.gov.au,(245) 2176090
Ramsey,Pendle,Karangori,04-Jun-1979,Indonesia,rpendlepj@smh.com.au,(214) 6359352
Jerrilyn,Dallosso,Shamanka,18-Aug-1957,Russia,jdallossopk@indiatimes.com,(737) 1312680
Peggi,Howman,,,,phowmanpl@nasa.gov,
Tedra,Tabary,Fengcheng,12-Aug-1957,China,ttabarypm@sakura.ne.jp,(389) 9318445
Kellby,Penton,Předklášteří,16-Jul-1982,Czech Republic,kpentonpn@amazonaws.com,(591) 5290165
Sal,Verissimo,Sewon,13-Feb-1956,Indonesia,sverissimopo@forbes.com,(277) 7925937
Barbee,Ivankin,Tongchuan,10-Dec-1989,China,,(346) 3404533
Missie,Thorsen,Acaraú,08-Jul-1998,Brazil,mthorsenpq@liveinternet.ru,(669) 4693264
Ros,Rippon,Ambon,19-Aug-1995,Indonesia,,(902) 4527279
Gregorio,Andrieux,Uhryniv,05-Nov-1952,Ukraine,gandrieuxps@instagram.com,(601) 8465623
Loretta,Wellsman,Lutun,14-Jun-1986,China,lwellsmanpt@dropbox.com,(302) 8760628
Laurens,McGilben,Tramandaí,19-May-1998,Brazil,lmcgilbenpu@nytimes.com,(981) 2208108
Graig,Sharpless,Kajaani,29-Mar-1998,Finland,,(499) 9783684
Mirabel,Skevington,Ubatuba,15-Jan-1959,Brazil,mskevingtonpw@twitpic.com,(786) 8690363
Phylys,Handke,Ash Shiḩr,27-Feb-1969,Yemen,phandkepx@pagesperso-orange.fr,(375) 1102493
Amargo,Belderson,,,,abeldersonpy@businessinsider.com,
Lanni,Vickors,Irvine,06-Jan-1965,United States,lvickorspz@sciencedaily.com,(949) 8209945
Ferdy,Kear,Hexing,12-Apr-1997,China,fkearq0@indiegogo.com,(285) 1613137
Tommy,Tippings,Hongcheng,21-Oct-1990,China,ttippingsq1@oracle.com,(603) 9868745
Cyrus,Durban,Weichanglu,21-May-1955,China,cdurbanq2@stumbleupon.com,(750) 9863826
Archaimbaud,Burstowe,Omuo-Ekiti,30-May-1996,Nigeria,aburstoweq3@skype.com,(946) 2277742
Townie,Clevely,Isnos,07-Sep-1991,Colombia,tclevelyq4@ucsd.edu,(430) 3107146
Donall,Hatchard,Woerden,12-Mar-1990,Netherlands,dhatchardq5@deliciousdays.com,(567) 8082146
Arline,Stimson,Dugulubgey,09-Feb-1973,Russia,astimsonq6@nydailynews.com,(579) 3186085
Leela,Crangle,Saguiaran,01-Jul-1972,Philippines,lcrangleq7@facebook.com,(158) 1244196
Kinsley,Whitloe,Ibara,25-Jun-1999,Japan,kwhitloeq8@unc.edu,(327) 8534871
Viviene,Borsnall,Nóvita,14-Apr-1958,Colombia,,(400) 4798733
Caryl,Messent,Vyshneve,15-Aug-1978,Ukraine,,(482) 1185125
Corbin,Kelemen,Hrob,30-Jan-1995,Czech Republic,ckelemenqb@hc360.com,(819) 2164067
Cherin,Udy,Ipatinga,11-Oct-1983,Brazil,cudyqc@sohu.com,(264) 3852540
Danielle,Berkery,Nuštar,28-Jul-1991,Croatia,dberkeryqd@yelp.com,(256) 8250496
Hulda,Kellaway,Yaogou,22-Jan-1994,China,hkellawayqe@walmart.com,(586) 4988436
Baron,Eales,Pustomyty,26-Oct-1980,Ukraine,bealesqf@domainmarket.com,(328) 9198063
Deonne,Lumpkin,Wensu,02-May-1976,China,dlumpkinqg@buzzfeed.com,(702) 3453509
Donovan,Menci,Zhenkou,14-Aug-1989,China,dmenciqh@moonfruit.com,(576) 5324059
Siward,Chappelow,Hayange,16-Jun-1997,France,schappelowqi@cisco.com,(817) 3510777
Gerrard,Van der Baaren,Älvdalen,07-Jul-1952,Sweden,gvanderbaarenqj@creativecommons.org,(137) 5786961
Abram,Gaffey,,,,agaffeyqk@netlog.com,
Mil,Frewer,Huangshi,13-Sep-1967,China,mfrewerql@upenn.edu,(622) 1375942
Moises,Risso,Navegantes,02-May-1999,Brazil,mrissoqm@sun.com,(880) 1260199
Jeno,Wordsley,Camaquã,26-Sep-1972,Brazil,jwordsleyqn@pbs.org,(583) 5000833
Paula,Crofthwaite,Grybów,29-Oct-1955,Poland,pcrofthwaiteqo@goodreads.com,(803) 4290774
Daphene,Juara,Takanabe,14-Mar-1974,Japan,djuaraqp@google.cn,(137) 8217089
Berne,Pesik,Changzhi,09-Sep-1955,China,,(754) 9697476
Ellis,Brennans,Otun,09-Jul-1965,Nigeria,ebrennansqr@tumblr.com,(690) 9629956
Katha,Jarrel,Zhetang,13-Apr-1953,China,kjarrelqs@wordpress.com,(528) 4315924
Ardeen,Jovovic,Guishan,17-Mar-1958,China,ajovovicqt@wikia.com,(296) 3263181
Maryl,MacGrath,Kiarajangkung,01-Feb-1953,Indonesia,mmacgrathqu@sitemeter.com,(630) 3243798
Marten,Ridger,Luokou,12-Oct-1960,China,mridgerqv@google.nl,(421) 7712186
Mitchael,Norwich,Colinas,11-Dec-1984,Brazil,mnorwichqw@bloomberg.com,(382) 8580084
Kalina,Bonome,Dordrecht,24-Apr-1978,Netherlands,kbonomeqx@npr.org,(368) 4979522
Saw,Awmack,Drenova,10-Jun-1967,Croatia,sawmackqy@google.cn,(650) 4264314
Reinold,Shreeve,Pandean,24-Apr-1982,Indonesia,rshreeveqz@plala.or.jp,(639) 4291947
Kira,Winkless,Gaofeng,12-Jan-1972,China,kwinklessr0@washington.edu,(830) 6990626
Valina,Mingotti,Daji,10-Feb-1987,China,vmingottir1@sun.com,(866) 5396827
Randee,Dukesbury,Shreveport,23-Sep-1957,United States,rdukesburyr2@timesonline.co.uk,(318) 6221488
Cathie,Gurko,Wenceslau Braz,02-Feb-1999,Brazil,cgurkor3@spiegel.de,(357) 5232811
Matthus,Bragg,Khānpur,04-Jun-1974,Pakistan,mbraggr4@csmonitor.com,(672) 7478769
Dorothee,Wendover,Funtua,28-Sep-1980,Nigeria,dwendoverr5@sphinn.com,(342) 4936022
Daryl,Beedell,Vasyshcheve,01-Jul-1999,Ukraine,dbeedellr6@google.co.uk,(621) 7082842
Dru,Irnys,Annau,23-Nov-1998,Turkmenistan,dirnysr7@illinois.edu,(320) 2097899
Alameda,Havers,Kukushtan,11-Feb-1970,Russia,ahaversr8@imageshack.us,(987) 7739737
Sarajane,Fippe,Nogent-le-Rotrou,10-Nov-1990,France,sfipper9@joomla.org,(531) 6612681
Sean,Gantlett,Fuji,16-Jun-1968,China,sgantlettra@smh.com.au,(859) 9733087
Pip,Ryves,Tais,09-Jul-1988,Indonesia,pryvesrb@surveymonkey.com,(194) 7771075
Kirbie,Henrique,Kalyny,15-Feb-1952,Ukraine,khenriquerc@csmonitor.com,(211) 7005469
Morie,Pinare,Torbat-e Jām,23-Apr-1986,Iran,mpinarerd@dot.gov,(634) 1356317
Valdemar,Benyan,Manay,09-Mar-1956,Philippines,vbenyanre@about.com,(681) 4043998
Kingsley,Warbeys,Mangseng,16-Sep-1990,Indonesia,kwarbeysrf@usda.gov,(279) 9785809
Gav,Giacobillo,Nyaungdon,08-Dec-1960,Myanmar,ggiacobillorg@icio.us,(560) 6746466
Ninette,Lobley,Zorgo,19-Mar-1975,Burkina Faso,nlobleyrh@rambler.ru,(314) 7526483
Brittney,Cuttelar,Gus’-Zheleznyy,27-Apr-1998,Russia,bcuttelarri@blogs.com,(356) 4579645
Dasie,Astridge,Vukojevci,25-Feb-1962,Croatia,dastridgerj@theglobeandmail.com,(792) 7428548
Othella,Cheal,Ýdra,11-Apr-1981,Greece,ochealrk@oracle.com,(708) 6268506
Darda,Mazdon,Pasinan Barat,23-Mar-1966,Indonesia,dmazdonrl@livejournal.com,(657) 7526722
Etan,Tattersall,Veverská Bítýška,20-Dec-1988,Czech Republic,etattersallrm@t-online.de,(936) 9535020
Perry,Lowthian,Uromi,29-Feb-1996,Nigeria,plowthianrn@cmu.edu,(954) 7539077
Pepito,Welchman,Gjoçaj,09-Nov-1958,Albania,pwelchmanro@jimdo.com,(611) 1754117
Arnold,Tooke,Ḩarf al Musaytirah,18-Dec-1983,Syria,,(991) 2876163
Hannah,Riddlesden,Dingchang,31-Jul-1975,China,hriddlesdenrq@lycos.com,(557) 1709257
Nesta,Snozzwell,Liuhou,01-Jul-1982,China,nsnozzwellrr@stumbleupon.com,(121) 9705637
