first_name,last_name,birth_place,birth_date,country_living_in,email,phone
Florella,Fentem,Arvidsjaur,02/21/1975,Sweden,ffentem0@gizmodo.com,937-678-2757
Elysha,Philipsen,Liushikou,12/26/1973,China,ephilipsen1@harvard.edu,391-135-6033
Colly,Ivanonko,Akouda,10/09/1977,Tunisia,civanonko2@sciencedaily.com,100-605-9004
Ryley,Wroe,Lokossa,08/15/1960,Benin,rwroe3@multiply.com,354-108-3048
Nikoletta,Davidovics,Santo Domingo Oeste,04/04/1977,Dominican Republic,ndavidovics4@privacy.gov.au,779-541-7891
Robena,Stockbridge,Rendian,05/22/1977,China,rstockbridge5@hibu.com,426-641-1041
Kaylee,Allingham,Jacupiranga,09/12/1970,Brazil,kallingham6@ifeng.com,156-934-4878
Frederich,Gatling,New York City,03/13/1977,United States,fgatling7@boston.com,212-812-4321
Justin,Fernanando,Dateng,03/27/1950,Indonesia,,215-822-6382
Harlene,Village,Cigintung,10/12/1985,Indonesia,hvillage9@shop-pro.jp,158-161-5557
Wadsworth,Rockhill,Caitang,12/31/1960,China,,691-838-9100
Filip,Tittletross,Santa Rosa,01/15/1978,Uruguay,ftittletrossb@myspace.com,413-574-4726
Cchaddie,Rogeon,Itapicuru,12/30/1990,Brazil,crogeonc@about.com,749-452-6805
Allie,Roizin,El Charco,05/08/1989,Colombia,aroizind@g.co,746-836-5073
Errick,Illwell,Wang Chan,02/25/1995,Thailand,eillwelle@europa.eu,106-931-5884
Claus,Greve,Verkhov’ye,11/20/1995,Russia,,983-102-3423
Annamarie,Kale,Ban Huai Thalaeng,11/23/1974,Thailand,akaleg@cornell.edu,895-689-5493
Norma,Ferreres,Świdwin,08/06/1992,Poland,,326-278-6826
Llewellyn,Clemmett,Koźmin Wielkopolski,09/24/1962,Poland,lclemmetti@hud.gov,486-412-4164
Laney,MacCaig,Ronglong,12/22/1995,China,,342-437-1770
Sonya,Phillcock,Gielniów,12/11/1992,Poland,sphillcockk@blog.com,767-498-1759
Melisse,Hake,Barra do Corda,09/28/1969,Brazil,mhakel@ow.ly,810-705-1273
Adeline,Fullstone,Honolulu,07/05/1996,United States,afullstonem@macromedia.com,808-748-8067
Boony,Godley,Maria,03/06/1980,Indonesia,,383-916-5496
Yorgo,Rosengart,Shuguang,12/29/1988,China,yrosengarto@sun.com,799-747-3234
Fayre,Olivie,Tirat Karmel,12/27/1971,Israel,foliviep@shinystat.com,957-735-6403
Phillipe,Kamienski,Enköping,03/18/1986,Sweden,pkamienskiq@ocn.ne.jp,461-483-0612
Tait,Millichip,Cherryville,10/27/1998,Ireland,tmillichipr@deviantart.com,131-976-5070
Deloris,Maxworthy,Nantes,09/20/1976,France,dmaxworthys@cbslocal.com,678-828-2230
Dalt,Boyde,Werbkowice,03/15/1972,Poland,dboydet@skyrock.com,488-235-3443
Siward,Flight,San Fernando,02/04/1973,Philippines,,621-668-2917
Leeanne,Smail,Hisai,04/10/1968,Japan,lsmailv@sogou.com,189-196-0681
Tracie,Lithcow,Konstantinovo,01/20/1973,Belarus,,171-239-4482
Wittie,Allmond,Arauco,05/25/1974,Chile,wallmondx@elegantthemes.com,915-752-9448
Valdemar,Castagneto,Balingcanaway,08/01/1999,Philippines,vcastagnetoy@usatoday.com,477-741-9520
Anne-marie,Menault,Huaping,07/22/1994,China,amenaultz@baidu.com,637-128-9040
Goldie,MacDwyer,Cibangun Tengah,04/21/1969,Indonesia,gmacdwyer10@scientificamerican.com,923-398-3971
Gilberto,Heymes,Helsingborg,06/29/1979,Sweden,gheymes11@so-net.ne.jp,408-469-9237
Toby,Chetham,Nelazskoye,09/26/1959,Russia,tchetham12@sciencedirect.com,635-223-8241
Isobel,Start,Tiannan,03/04/1977,China,,225-706-5637
Alida,Birchill,Biscoitos,04/02/1991,Portugal,abirchill14@wisc.edu,296-200-0668
Bart,Vanne,Bambous Virieux,06/16/1986,Mauritius,bvanne15@psu.edu,271-140-5880
Joey,Dancer,Al Marj,08/13/1960,Libya,jdancer16@msn.com,344-261-4692
Susette,Piens,Segezha,02/10/1957,Russia,spiens17@amazonaws.com,774-320-2793
Yetty,Scrowby,Kanash,03/04/1995,Russia,yscrowby18@cornell.edu,608-533-1146
Bartram,Larking,Argelia,05/01/1999,Colombia,blarking19@cisco.com,549-426-2927
Marietta,Doole,Nantes,11/15/1986,France,mdoole1a@dedecms.com,317-529-0585
Leanna,Stent,Kislyakovskaya,11/05/1973,Russia,lstent1b@cmu.edu,692-954-1220
Melony,Stannett,Changshu City,10/16/1983,China,mstannett1c@nytimes.com,446-646-3759
Nichole,Schruyers,Padre Bernardo,03/25/1951,Brazil,,262-737-5220
Althea,Sam,Sovetskaya,01/25/1963,Russia,,984-765-8956
Charlena,Janata,Heredia,09/17/1969,Costa Rica,cjanata1f@princeton.edu,311-706-0778
Collette,Saffer,Kiritsy,08/17/1996,Russia,csaffer1g@macromedia.com,841-517-8094
Olivier,Hauxwell,Pasanggrahan,12/17/1963,Indonesia,ohauxwell1h@indiegogo.com,345-826-0797
Annabal,Pogosian,Bijia,09/08/1991,China,,274-299-6145
Alexandr,Bentke,Vientiane,08/06/1964,Laos,abentke1j@netlog.com,506-877-2393
Leif,Farry,Kotablolong,03/05/1980,Indonesia,lfarry1k@wisc.edu,612-912-2050
Mason,Iannitti,Rangpur,06/19/1950,Bangladesh,,113-951-4496
Land,Feather,Sebadelhe,05/24/1955,Portugal,,948-319-1769
Marris,Lodovichi,Sukabatu,06/06/1982,Indonesia,,309-463-4745
Marietta,Gierek,Tiantang,09/02/1956,China,mgierek1o@businessweek.com,960-753-9733
Jean,Rosenau,Sishui,08/14/1980,China,jrosenau1p@java.com,898-243-3534
Korie,Abadam,Ängelholm,06/22/1954,Sweden,kabadam1q@foxnews.com,496-943-3268
Sybilla,Tanguy,Herrljunga,12/02/1971,Sweden,stanguy1r@adobe.com,180-571-0858
Francene,Rawlins,Venustiano Carranza,03/17/1965,Mexico,frawlins1s@illinois.edu,653-768-8261
Evaleen,Bortoloni,Lévis,08/09/1957,Canada,ebortoloni1t@google.it,194-111-9496
Saundra,Cabrales,Dubréka,07/20/1984,Guinea,scabrales1u@answers.com,186-384-4263
Bert,Crich,Wates,11/21/1971,Indonesia,,435-746-0714
Debbi,Dupree,Leiden,07/14/1961,Netherlands,ddupree1w@slideshare.net,349-479-2124
Prince,Tussaine,Manga,07/05/1998,Philippines,ptussaine1x@tiny.cc,539-962-3690
Penni,Ferre,Doko,03/03/1990,Indonesia,pferre1y@livejournal.com,779-285-9513
Evan,Roxbrough,,,,eroxbrough1z@google.it,
Ravi,Ickovitz,Yongfeng,05/23/1995,China,rickovitz20@hp.com,745-274-6922
Jarib,Barnardo,Otllak,05/08/1956,Albania,,675-126-8882
Dante,Epine,Zharrëz,06/26/1989,Albania,,325-651-9152
Doretta,Stoltz,Kayima,07/14/1971,Sierra Leone,dstoltz23@dropbox.com,947-363-4973
Konrad,Copyn,Lille,12/13/1996,France,kcopyn24@twitter.com,519-671-8769
Renell,Tilson,Balkh,10/18/1989,Afghanistan,,533-924-2523
Neala,Fairman,Fezna,11/16/1980,Morocco,nfairman26@creativecommons.org,221-374-0930
Junette,Van der Kruis,Il’inskiy,09/09/1997,Russia,,526-909-2388
Angel,Allchorne,Strasbourg,07/06/1976,France,aallchorne28@webmd.com,117-441-6032
Garland,Campanelli,Sukkozero,03/19/1975,Russia,,902-334-4176
Dannel,Whitney,Ta Phraya,12/14/1976,Thailand,dwhitney2a@tmall.com,583-202-7828
Daune,Sinden,Quintães,07/11/1958,Portugal,dsinden2b@sfgate.com,763-508-0266
Tanny,Bricket,Uman’,08/25/1980,Ukraine,,889-301-3876
Charis,Breckon,Hagondange,11/16/1964,France,cbreckon2d@ca.gov,114-243-4173
Joby,Sussams,Erie,11/21/1962,United States,jsussams2e@mac.com,814-283-8463
Flynn,Sawart,Hongwei,07/01/1981,China,fsawart2f@japanpost.jp,580-653-0280
Dewitt,Kirkpatrick,Cácota,01/12/1993,Colombia,dkirkpatrick2g@geocities.jp,392-202-1432
Isis,Egar,Santa Marta de Penaguião,09/18/1970,Portugal,iegar2h@rambler.ru,368-699-5269
Hiram,Gelly,Inuyama,06/25/1969,Japan,hgelly2i@tripadvisor.com,875-372-9823
Hortensia,McCutcheon,Salamanca,07/02/1984,Chile,hmccutcheon2j@bloglines.com,789-772-1636
Lotty,Elward,,,,lelward2k@com.com,
Stormy,Rolph,,,,srolph2l@xing.com,
Nickolas,Dobsons,Bone South,10/10/1963,Philippines,ndobsons2m@imageshack.us,900-742-3047
Deane,Blaylock,,,,dblaylock2n@adobe.com,
Lucine,Hemmingway,Unquillo,12/31/1956,Argentina,,455-655-3159
Giacopo,Westcott,Tamberías,06/03/1983,Argentina,gwestcott2p@va.gov,720-521-3434
Jordan,Menere,Sendang,07/08/1991,Indonesia,,312-328-3903
Eugine,De la croix,Planeta Rica,06/25/1953,Colombia,,724-753-4141
Frederica,Steiner,Guadalupe Victoria,07/26/1966,Mexico,fsteiner2s@bing.com,149-692-8009
Melinda,Parris,Hua Hin,03/16/1960,Thailand,,675-865-0568
Amory,Geoghegan,Semongkat,06/29/1958,Indonesia,ageoghegan2u@thetimes.co.uk,506-108-5357
Templeton,Kenford,Pitogo,10/17/1976,Philippines,tkenford2v@engadget.com,425-943-2574
Myrlene,Heisman,Oslo,05/25/1978,Norway,mheisman2w@washington.edu,603-163-3184
Jaime,Wannes,Nuku‘alofa,08/23/1978,Tonga,,175-705-3916
Jori,Castagno,El Mirador,11/13/1987,Mexico,jcastagno2y@etsy.com,107-594-5812
Brant,Linkleter,Cácota,04/02/1958,Colombia,blinkleter2z@amazonaws.com,898-129-3523
Lissi,Oxenbury,Baiquesi,02/08/1974,China,,466-414-9794
Clarice,Posnett,Quinchía,04/24/1982,Colombia,cposnett31@thetimes.co.uk,593-646-3149
Katharina,Hargrove,Gersikputih Tengah,09/27/1985,Indonesia,khargrove32@freewebs.com,265-940-8049
Frannie,Magowan,Kinzan,06/26/1990,South Korea,fmagowan33@tripadvisor.com,256-875-7616
Beitris,Pfeffel,Sigetec,07/27/1965,Croatia,bpfeffel34@upenn.edu,625-418-3031
Bond,Cotsford,Skanör,12/25/1979,Sweden,bcotsford35@apache.org,226-405-0019
Ashil,Whopples,,,,awhopples36@umich.edu,
Dennis,Zanitti,Novi Šeher,06/28/1998,Bosnia and Herzegovina,,132-189-2488
Afton,Stubbington,Cabano,09/16/1953,Canada,,142-907-9282
Byram,Seint,Oinófyta,09/12/1968,Greece,bseint39@cdbaby.com,185-250-2961
Dale,Blacklawe,Nkwerre,12/08/1999,Nigeria,,802-756-0663
Alvina,Santry,Hampang,10/09/1956,Indonesia,,948-704-2070
Bartholomew,Rawls,Comodoro Rivadavia,01/13/1953,Argentina,,278-983-1260
Dasie,Essame,Ballybofey,06/25/1994,Ireland,dessame3d@slate.com,143-210-8884
Solly,Cavendish,Bangolo,09/23/1978,Ivory Coast,scavendish3e@arstechnica.com,925-830-4811
Dari,Konzelmann,Little Rock,04/12/1959,United States,dkonzelmann3f@seesaa.net,501-502-2656
Sumner,Alker,Požarevac,05/03/1982,Serbia,salker3g@woothemes.com,330-729-7479
Giacomo,Luety,Qiaozhen,03/12/1981,China,gluety3h@npr.org,526-553-7131
Sheri,Colloff,Antagan Segunda,06/30/1985,Philippines,scolloff3i@amazon.co.uk,284-401-5475
Wini,Yurmanovev,Charleston,01/14/1957,United States,wyurmanovev3j@sakura.ne.jp,304-313-7689
Judi,Kurth,Borek,02/12/1995,Czech Republic,jkurth3k@squarespace.com,360-740-0056
Filmore,Wickins,Trzebinia,08/29/1986,Poland,,347-900-8333
Stern,Barbier,Draginje,11/29/1957,Serbia,sbarbier3m@dyndns.org,909-474-8085
Luelle,Deveral,Changting,08/18/1969,China,ldeveral3n@earthlink.net,615-358-6352
Minor,Gimbart,Bianxiong,05/04/1952,China,mgimbart3o@google.cn,383-388-5398
Auria,Dottridge,Krajan Karanganyar,01/16/1979,Indonesia,adottridge3p@ask.com,785-371-6313
Robena,Theml,Al Azraq ash Shamālī,10/17/1979,Jordan,rtheml3q@ft.com,929-690-0179
Tabbatha,Pavlov,Hroznětín,07/09/1990,Czech Republic,tpavlov3r@digg.com,335-569-8602
Jo,Chardin,Rambatan,03/03/1953,Indonesia,jchardin3s@admin.ch,170-681-8777
Monique,Betchley,Niedźwiada,02/23/1950,Poland,mbetchley3t@mozilla.com,179-712-2943
Lola,Mussilli,Monino,09/20/1997,Russia,lmussilli3u@webeden.co.uk,692-202-8054
Aviva,McVrone,Yongning,05/25/1975,China,amcvrone3v@sphinn.com,853-944-6208
Karrah,Duffitt,Pirapozinho,03/09/1969,Brazil,kduffitt3w@macromedia.com,280-516-9153
Perry,Sawyer,Argayash,10/22/1975,Russia,psawyer3x@nsw.gov.au,705-474-8086
Aridatha,Anthiftle,Kontiolahti,06/08/1983,Finland,aanthiftle3y@plala.or.jp,496-617-9234
Kennith,Potapczuk,El Guamo,03/06/1975,Colombia,,564-850-9095
Angelle,Barneville,Pingtang,10/06/1970,China,abarneville40@sohu.com,493-805-0543
Christopher,Mulvy,Władysławowo,03/03/1991,Poland,,884-928-5693
Selma,Saing,Peoria,06/12/1972,United States,ssaing42@shutterfly.com,602-538-8426
Karry,Lomis,Bombon,09/22/1986,Philippines,klomis43@live.com,281-345-7645
Torrence,Last,Kāshmar,06/09/1954,Iran,,613-189-2152
Ava,Rockey,Lionel Town,02/04/1985,Jamaica,,896-529-8505
Kimble,Mundall,Longford,03/31/1966,Ireland,kmundall46@alibaba.com,702-143-0553
Chrissy,Latehouse,Badīn,11/24/1967,Pakistan,clatehouse47@oaic.gov.au,817-706-5594
Jenni,Bletso,Chrysó,11/09/1987,Greece,jbletso48@drupal.org,269-240-1693
Hew,Heiden,Zvenyhorodka,09/12/1952,Ukraine,hheiden49@census.gov,246-166-5781
Pinchas,Lunbech,Ashton,01/26/1995,South Africa,plunbech4a@bandcamp.com,292-186-9813
Magdaia,Frowen,Dongxi,07/03/1991,China,mfrowen4b@bandcamp.com,403-327-8864
Reese,Titford,Herrljunga,11/25/1989,Sweden,rtitford4c@goo.ne.jp,740-607-0769
Asher,Sabati,Udi,09/22/1997,Nigeria,asabati4d@bloomberg.com,890-516-9250
Laraine,Sherbrooke,Pasanggrahan,09/06/1956,Indonesia,lsherbrooke4e@smugmug.com,357-459-9983
Lewiss,Fotherby,Almere Stad,06/22/1982,Netherlands,lfotherby4f@liveinternet.ru,153-209-1033
Maurie,Aidler,Limoeiro do Ajuru,03/30/1982,Brazil,maidler4g@washington.edu,131-700-2025
Colly,Minget,Novovoronezh,12/07/1963,Russia,cminget4h@nyu.edu,782-660-4035
Evelin,Harnor,Liusi,12/06/1977,China,eharnor4i@netlog.com,568-238-3719
Ceciley,Kaysor,Zhougao,08/15/1971,China,ckaysor4j@list-manage.com,292-696-5812
Byran,Francescuccio,Puerto San José,06/18/1991,Guatemala,bfrancescuccio4k@shareasale.com,898-886-2466
Stefan,Merigeau,Xuefu,02/16/1971,China,,306-883-6350
Darell,Umpleby,Zhonghe,02/12/1992,China,,639-288-1206
Ninon,Fairn,Shalakusha,12/19/1954,Russia,nfairn4n@google.fr,743-600-1478
Englebert,Bartels-Ellis,Jiulian,10/01/1975,China,ebartelsellis4o@shareasale.com,796-158-3607
Laurie,Shalders,A’ershan,06/01/1995,China,lshalders4p@sina.com.cn,935-208-1642
Lay,Twelve,Jambuwerkrajan,02/15/1963,Indonesia,ltwelve4q@si.edu,499-115-6114
Danna,Trayte,,,,dtrayte4r@cocolog-nifty.com,
Danica,Rimmer,Guanay,06/15/1984,Bolivia,drimmer4s@goo.gl,384-710-0264
Jacinda,Spurrior,Ilihan,02/09/1960,Philippines,jspurrior4t@paginegialle.it,696-339-4822
Almira,Tidcombe,Aracruz,09/02/1965,Brazil,atidcombe4u@zdnet.com,212-250-8686
Sherwin,Brakewell,Krajan Dukuhseti,12/20/1973,Indonesia,sbrakewell4v@quantcast.com,749-843-7474
Cassie,Goold,Dohār,01/18/1998,Bangladesh,cgoold4w@blogs.com,806-798-5609
Edouard,Levicount,Niebocko,11/02/1992,Poland,elevicount4x@state.gov,328-313-8807
Glenden,Hares,Mardīān,06/05/1970,Afghanistan,ghares4y@nsw.gov.au,797-288-3373
Aldin,Camillo,Osório,08/01/1986,Brazil,,646-157-8568
Wini,Caddock,Xiashuitou,08/22/1972,China,,369-214-9276
Nalani,Sweetnam,Yufrus,06/16/1957,Yemen,nsweetnam51@twitter.com,924-483-2264
Tobe,Trinke,Horad Smalyavichy,08/15/1996,Belarus,ttrinke52@earthlink.net,481-700-1832
Tedd,Moy,Huntsville,04/04/1984,United States,tmoy53@vkontakte.ru,256-317-6967
Elenore,Whapham,Nanshui,02/22/1960,China,ewhapham54@topsy.com,109-917-3305
Vin,Busch,Jinghai,10/02/1991,China,vbusch55@ezinearticles.com,588-538-9021
Edie,Barnicott,Cemara,12/02/1962,Indonesia,ebarnicott56@weibo.com,678-318-7794
Shirleen,Caldwell,Lobatse,07/28/1970,Botswana,,329-540-7720
Theadora,Paramor,Dhī Nā‘im,02/02/1999,Yemen,tparamor58@spiegel.de,630-224-2115
Marthe,Bordis,Xibu,06/22/1990,China,,523-718-1310
Liza,Sanper,Épinal,02/21/1992,France,,667-537-1559
Daniela,Illingworth,Buđanovci,01/29/1961,Serbia,dillingworth5b@sina.com.cn,441-118-9184
Kerr,McCrystal,,,,kmccrystal5c@pbs.org,
Marthena,Mortlock,Palma De Mallorca,09/13/1954,Spain,mmortlock5d@telegraph.co.uk,525-120-0207
Charlot,Carlisi,Jindaoxia,03/30/1990,China,ccarlisi5e@ycombinator.com,560-216-1146
Mamie,Geleman,Utarapasar,12/05/1983,Indonesia,,745-198-9256
Jeanelle,Fildery,Gabi,10/20/1956,Philippines,jfildery5g@purevolume.com,715-132-2950
Trish,Burriss,Zhongxiao,07/10/1960,China,tburriss5h@istockphoto.com,549-955-8552
Hurleigh,Sambrok,Shagedu,11/29/1987,China,,944-921-7611
Norah,Agett,Ajdabiya,12/04/1956,Libya,nagett5j@acquirethisname.com,644-547-3714
Daile,Grishankov,Karjalohja,10/20/1963,Finland,,339-326-5125
Elisabet,Branch,Kalianda,01/14/1985,Indonesia,ebranch5l@berkeley.edu,891-412-7392
Roxana,Marriot,Tyler,03/11/1986,United States,rmarriot5m@imdb.com,903-475-5152
Lorne,Pyott,Guarabira,07/20/1965,Brazil,lpyott5n@china.com.cn,781-109-9331
Kerry,Djurevic,Gandu,03/07/1985,Indonesia,kdjurevic5o@com.com,364-291-6521
Lissi,Petofi,Novi Sad,07/17/1963,Serbia,lpetofi5p@theguardian.com,378-979-9382
Shae,MacDermid,Qingminghe,03/27/1965,China,smacdermid5q@bluehost.com,915-243-6436
Emmalynne,Frame,Cherëmushki,03/17/1989,Russia,eframe5r@blogspot.com,109-792-0017
Gavrielle,Sneaker,Paraty,03/11/1994,Brazil,gsneaker5s@google.com.br,519-935-1974
Jody,Lincey,Podbrdo,01/02/1971,Bosnia and Herzegovina,,371-864-8398
Carling,Byk,Itaperuçu,07/15/1992,Brazil,cbyk5u@unicef.org,838-370-4754
Elsie,De Pero,Anjozorobe,07/21/1962,Madagascar,edepero5v@shop-pro.jp,770-778-0452
Daniele,Buchanan,Bajo Naranjillo,09/18/1967,Peru,dbuchanan5w@spotify.com,145-115-5853
Ari,Willison,,,,awillison5x@spotify.com,
Rhianon,Martinet,Nankou,09/12/1998,China,rmartinet5y@thetimes.co.uk,184-839-2071
Kaine,Cocci,,,,kcocci5z@theatlantic.com,
Norbie,MacSherry,Tân Trụ,01/12/1981,Vietnam,nmacsherry60@photobucket.com,108-285-4860
Cristin,Strangward,Várzea,07/02/1980,Portugal,cstrangward61@phoca.cz,874-670-0115
Anatol,Snazel,Mehar,04/19/1964,Pakistan,asnazel62@cpanel.net,702-267-1266
Marten,Sleet,Iracemápolis,01/29/1968,Brazil,msleet63@freewebs.com,378-236-9157
Andrew,Letford,Hongcheng,05/04/1968,China,,894-285-2929
Griff,Kenderdine,Fort Macleod,07/10/1964,Canada,gkenderdine65@posterous.com,839-612-0761
Gnni,Ogles,Armação de Pêra,03/04/1961,Portugal,gogles66@miitbeian.gov.cn,153-286-5954
Percy,Webber,,,,pwebber67@mapy.cz,
Jarrad,McTurlough,Jinhua,08/10/1955,China,jmcturlough68@addthis.com,110-179-1231
Godart,Maliphant,Orleans,09/13/1987,Brazil,gmaliphant69@ovh.net,161-552-9598
Evangelina,Castiblanco,,,,ecastiblanco6a@amazon.co.uk,
Nat,Leveret,Sulyukta,11/16/1965,Kyrgyzstan,nleveret6b@devhub.com,483-641-2128
Sherline,Rayhill,Skópelos,01/16/1992,Greece,srayhill6c@usnews.com,512-412-8522
Tedra,Eger,Kepoh,04/07/1961,Indonesia,teger6d@51.la,735-617-6978
Diane-marie,Sall,Al ‘Āliyah,04/03/1951,Tunisia,dsall6e@blogger.com,566-260-1099
Lethia,Sheirlaw,Xinquansi,12/07/1967,China,lsheirlaw6f@com.com,364-232-5054
Felice,Wapples,Rongcheng,11/23/1987,China,fwapples6g@yellowbook.com,883-580-0447
Lelia,Balazot,Sabana Grande,11/08/1969,Venezuela,lbalazot6h@bravesites.com,510-954-5716
Shawn,Sare,Moquegua,07/18/1963,Peru,ssare6i@house.gov,164-591-6431
Jenny,Handsheart,Bystřice nad Pernštejnem,04/02/1987,Czech Republic,jhandsheart6j@un.org,313-947-8308
Alisha,Hillborne,Grenoble,05/25/1970,France,ahillborne6k@comcast.net,885-392-5527
Anallese,Lippiett,Nogoonnuur,02/10/1984,Mongolia,alippiett6l@soup.io,630-389-8980
Teena,McCaughen,Keputran,07/08/1982,Indonesia,tmccaughen6m@census.gov,530-274-4032
Ernestine,Winstanley,Pindiga,02/19/1989,Nigeria,ewinstanley6n@wsj.com,150-568-3828
Justen,Hadland,Ino,01/10/1972,Japan,jhadland6o@artisteer.com,465-565-2962
Phillida,Patten,Le Havre,05/17/1983,France,ppatten6p@apple.com,770-423-2854
Haleigh,Ewer,Dingbu,01/05/1960,China,hewer6q@g.co,494-169-6166
Caz,Jammes,Itaperuçu,12/05/1957,Brazil,cjammes6r@samsung.com,750-596-0344
Arron,Ansteys,El Refugio,10/30/1973,Mexico,aansteys6s@skyrock.com,310-990-7856
Oren,Litzmann,Pop Shahri,06/15/1980,Uzbekistan,olitzmann6t@joomla.org,891-679-9513
Kinny,Gohier,Murcia,06/26/1959,Spain,kgohier6u@webeden.co.uk,663-491-7955
Mary,Ragless,Nong Muang Khai,12/10/1985,Thailand,mragless6v@posterous.com,691-588-0720
Letti,Izsak,Lantapan,10/31/1973,Philippines,,777-999-6308
Kare,MacDougal,Imġarr,02/04/1976,Malta,kmacdougal6x@nhs.uk,587-134-1968
Sara-ann,Couth,Aqsay,06/11/1967,Kazakhstan,scouth6y@gravatar.com,106-548-9804
Angelique,Grzeszczak,Xinshi,07/06/1963,China,agrzeszczak6z@house.gov,713-506-5057
Elaine,Stallon,New Mīrpur,02/07/1973,Pakistan,estallon70@usatoday.com,135-613-0091
Kizzie,Donneely,Shu,03/16/1969,Kazakhstan,kdonneely71@sourceforge.net,877-423-5632
Arron,Masham,Kantharalak,04/03/1951,Thailand,amasham72@mayoclinic.com,772-136-1007
Myles,Corringham,,,,mcorringham73@telegraph.co.uk,
Malanie,Ybarra,Jifarong,06/11/1979,Gambia,mybarra74@umich.edu,513-439-4020
Dulcinea,Lomath,,,,dlomath75@example.com,
Rochelle,Libri,Bella Unión,03/22/1961,Uruguay,rlibri76@washington.edu,497-852-2685
Morgen,Alwood,Nerópolis,03/18/1992,Brazil,malwood77@ed.gov,689-443-3995
Gael,Gibling,Paris 08,09/05/1981,France,ggibling78@reverbnation.com,578-156-6122
Kelsi,Betteridge,Phimai,05/19/1966,Thailand,kbetteridge79@cbsnews.com,438-547-9216
Alli,Florentine,Sydney,11/27/1981,Australia,aflorentine7a@multiply.com,410-791-8152
Ingelbert,Down,Dalmatovo,02/26/1979,Russia,idown7b@artisteer.com,492-476-0503
Donovan,Coopey,Iwamizawa,03/11/1970,Japan,dcoopey7c@google.com.br,534-873-8812
Allison,Crother,Melaka,06/22/1951,Malaysia,acrother7d@irs.gov,965-513-4006
Ramon,Conen,Fenoarivo Be,10/05/1992,Madagascar,rconen7e@yahoo.com,362-171-4377
Gretel,Hallas,Säffle,12/22/1981,Sweden,ghallas7f@soup.io,392-921-8265
Bink,Tubridy,Höganäs,02/12/1981,Sweden,btubridy7g@forbes.com,159-623-5603
Evangelin,Petrolli,Omaha,07/08/1987,United States,epetrolli7h@ihg.com,402-621-6768
Dianne,Rawcliffe,Pyra,02/18/1976,Russia,,373-807-8201
Carney,Sinnett,,,,csinnett7j@mail.ru,
Vasili,Vernazza,Serravalle,01/01/1999,San Marino,vvernazza7k@geocities.com,814-311-8810
Halley,Ayers,Dashiju,06/12/1972,China,hayers7l@csmonitor.com,879-668-2476
Piggy,Checchi,Suining,11/09/1986,China,pchecchi7m@cocolog-nifty.com,580-461-0197
Ann,Guilayn,Mazowe,11/25/1960,Zimbabwe,aguilayn7n@about.com,349-392-5507
Caril,Filppetti,,,,cfilppetti7o@virginia.edu,
Mireielle,Klees,Jeziorany,05/27/1978,Poland,mklees7p@alibaba.com,930-233-4845
Lazar,Moynham,Tambakromo,08/19/1987,Indonesia,lmoynham7q@who.int,917-764-6975
Arvy,Stonham,Dawangzhuang,11/07/1995,China,,534-730-7634
Charlot,Graalmans,Moquegua,02/06/1995,Peru,cgraalmans7s@ihg.com,639-304-3513
Dollie,O' Dooley,Marigot,10/07/1996,Saint Martin,dodooley7t@fastcompany.com,935-619-8563
Wilie,Dunthorn,Kariaí,09/28/1956,Greece,wdunthorn7u@home.pl,459-158-7751
Skipton,Brafferton,Nizhniy Tagil,12/23/1980,Russia,sbrafferton7v@mozilla.com,629-234-5287
Regan,Bunyard,Khodasy,07/26/1991,Belarus,rbunyard7w@xrea.com,443-537-3499
Brit,Buckam,Campinas,06/24/1978,Brazil,bbuckam7x@cam.ac.uk,375-679-0041
Salem,Fulger,La Cocha,12/23/1952,Argentina,sfulger7y@surveymonkey.com,421-953-3800
Marisa,Griggs,Sukarame,12/10/1982,Indonesia,,728-906-8221
Celestia,Ainscough,San Jose,01/21/1955,Philippines,cainscough80@mapquest.com,164-658-2956
Bartholomew,Delnevo,Rokietnica,03/01/1958,Poland,bdelnevo81@friendfeed.com,396-372-3338
Tanya,Brigham,Ningmute,07/08/1954,China,tbrigham82@mapquest.com,553-726-6457
Becky,Crottagh,Suvorov,10/23/1956,Russia,bcrottagh83@xinhuanet.com,525-135-3033
Raven,Gillivrie,Bangxi,10/06/1952,China,rgillivrie84@mapy.cz,536-646-1724
Brana,Konrad,Bardo,03/30/1972,Poland,,755-718-3501
Miquela,Leggat,Sasovo,10/03/1966,Russia,mleggat86@cdc.gov,770-816-7260
Loni,Zanetto,Kostomuksha,04/16/1993,Russia,lzanetto87@mlb.com,748-132-8171
William,Gosnell,Banjar Medura,10/17/1999,Indonesia,wgosnell88@google.co.jp,561-913-0804
Griffie,Shergill,Independencia,06/27/1991,Mexico,gshergill89@bizjournals.com,860-708-4255
Marlie,Sympson,Shanting,05/16/1989,China,msympson8a@fc2.com,618-957-4699
Lonna,Sebright,Florida,01/18/1998,Uruguay,,886-500-4232
Edna,Fetherston,Hakodate,06/11/1978,Japan,efetherston8c@bloglovin.com,857-389-0090
Quincey,Keene,Mendi,04/14/1955,Papua New Guinea,qkeene8d@businessinsider.com,892-123-5172
Matty,Spanton,Oslo,02/18/1977,Norway,mspanton8e@photobucket.com,512-567-6380
Leora,MacMaster,Maguyam,07/30/1995,Philippines,lmacmaster8f@friendfeed.com,280-564-8622
Jacinda,Dey,Pittsburgh,04/26/1954,United States,jdey8g@nih.gov,412-590-3894
Eloise,Bolstridge,Vredenburg,01/06/1995,South Africa,ebolstridge8h@netvibes.com,977-735-6151
Tremain,Shakesby,Cibenda,06/25/1976,Indonesia,tshakesby8i@prnewswire.com,526-841-9044
Almeda,Franklin,Tomingad,01/27/1996,Philippines,afranklin8j@surveymonkey.com,836-362-2160
Elvina,Balme,Sampacho,02/25/1977,Argentina,ebalme8k@bandcamp.com,330-648-2486
Giacinta,Kless,Rožďalovice,03/14/1975,Czech Republic,gkless8l@soup.io,307-496-0589
Irita,Elstub,Caen,07/27/1994,France,ielstub8m@google.nl,140-706-7749
Barton,Vannoni,Niš,09/15/1998,Serbia,bvannoni8n@irs.gov,534-152-9868
Susanna,Stillmann,Rymättylä,11/28/1962,Finland,sstillmann8o@rakuten.co.jp,994-754-5750
Jenny,Taffs,Basa,11/22/1968,Philippines,jtaffs8p@symantec.com,852-492-9172
Rhett,Olczak,Sumberejo,04/24/1961,Indonesia,,483-272-6268
Lalo,Mote,,,,lmote8r@com.com,
Yurik,Evesque,Iset’,10/21/1977,Russia,yevesque8s@myspace.com,332-779-2465
Risa,Whye,Pereira,09/16/1962,Portugal,rwhye8t@businessinsider.com,709-635-2478
Irita,Buddington,Äänekoski,09/08/1992,Finland,,539-874-9468
Melantha,Canedo,Vlachovo Březí,01/07/1992,Czech Republic,mcanedo8v@example.com,870-486-7719
Billie,Sexty,Ruše,02/25/1979,Slovenia,bsexty8w@behance.net,899-457-4359
Kim,Rapinett,Trambalan,08/16/1970,Indonesia,,879-565-6595
Horst,Exer,Santa Fe,06/09/1972,United States,hexer8y@walmart.com,505-310-9145
Kale,Broadfield,Vostryakovo,06/14/1991,Russia,kbroadfield8z@bbc.co.uk,974-500-3033
Abbe,Nizet,Guanghai,01/10/1959,China,anizet90@japanpost.jp,575-541-0116
Daffy,Fergyson,Doetinchem,01/01/1967,Netherlands,dfergyson91@simplemachines.org,850-227-3312
Gwenny,Raylton,Burgeo,09/05/1968,Canada,graylton92@time.com,311-778-6965
Theodor,Nicholas,Los Angeles,10/12/1957,United States,tnicholas93@free.fr,213-274-3985
Kalina,Millichip,,,,kmillichip94@youtube.com,
Wrennie,Neary,Mastung,02/05/1965,Pakistan,,805-336-3883
Cirilo,Bonar,Ampelókipoi,09/27/1952,Greece,cbonar96@vk.com,675-842-7455
Berkly,Jindacek,Brest,07/30/1950,France,,129-353-0421
Malina,Roblou,Kislyakovskaya,12/26/1989,Russia,,136-709-1305
Virge,Twelftree,Jing’an,07/01/1989,China,vtwelftree99@cyberchimps.com,550-258-9572
Kerry,Cohan,Listvyanskiy,01/17/1971,Russia,kcohan9a@redcross.org,156-736-2655
Kerk,Greenall,Komprachcice,04/18/1987,Poland,,470-313-9377
Ernesta,Florentine,Dehī,01/25/1957,Afghanistan,,533-849-1808
Michael,Belly,Labuan,09/07/1996,Philippines,mbelly9d@theatlantic.com,403-886-2223
Mirelle,Bourhill,Xiluo,03/07/1969,China,mbourhill9e@statcounter.com,583-307-9280
Lesya,Petcher,Bolian,12/28/1968,China,lpetcher9f@hatena.ne.jp,567-435-9986
Sherie,Collen,‘Izrā,02/15/1993,Jordan,scollen9g@rakuten.co.jp,787-699-4719
Zerk,Langforth,Tinaco,05/01/1972,Venezuela,zlangforth9h@freewebs.com,196-926-0763
Reeva,Dudman,Petrolera,02/24/1993,Mexico,,589-988-2897
Glad,Salvati,Redondos,02/13/1990,Portugal,gsalvati9j@google.com,957-597-9587
Tim,Jacobovitz,Sembung,05/27/1984,Indonesia,tjacobovitz9k@guardian.co.uk,186-924-8308
Allie,Simmins,San Vicente de Moravia,05/30/1959,Costa Rica,asimmins9l@netvibes.com,633-432-9373
Miles,Jeves,Saint-Quentin-en-Yvelines,03/24/1967,France,mjeves9m@1und1.de,393-303-9241
Donnie,Jobbins,Lamakera Dua,05/03/1961,Indonesia,djobbins9n@state.gov,487-289-9875
Townie,Chritchlow,Karlskrona,11/15/1955,Sweden,tchritchlow9o@360.cn,895-541-9010
Tannie,Brusin,,,,tbrusin9p@mtv.com,
Lanny,Richfield,Starobaltachevo,05/30/1981,Russia,lrichfield9q@webs.com,637-873-5339
Kerry,Tighe,Manadhoo,08/14/1970,Maldives,ktighe9r@cdbaby.com,989-736-7950
Nickolas,Wilkinson,Palocabildo,01/21/1996,Colombia,nwilkinson9s@irs.gov,362-795-3311
Junette,Mangeot,Saubara,08/25/1973,Brazil,jmangeot9t@sakura.ne.jp,261-444-0901
Marthe,Halt,Fonte Boa,04/12/1963,Brazil,mhalt9u@list-manage.com,237-735-3377
Ashbey,Jaqueminet,Calimete,11/04/1996,Cuba,ajaqueminet9v@nih.gov,121-820-1187
Sonnnie,Edgar,Kuilehe,04/22/1961,China,sedgar9w@usgs.gov,266-931-9450
Andree,Bernade,Grimshaw,01/11/1960,Canada,abernade9x@edublogs.org,112-353-6741
Vasili,O'Heagertie,Nawābganj,04/01/1962,Bangladesh,voheagertie9y@fotki.com,716-846-7232
Sheela,Jorez,Horodok,10/07/1980,Ukraine,sjorez9z@skyrock.com,823-176-5581
Darrell,Bearham,Kapakabisa,09/04/1988,Indonesia,dbearhama0@cnn.com,962-402-1114
Georges,Hargraves,La Esperanza,07/17/1957,Mexico,ghargravesa1@imageshack.us,254-671-4307
Tymon,De Angelis,Krutaya Gorka,04/16/1982,Russia,tdeangelisa2@globo.com,181-910-0564
Zolly,Jirsa,Nahiyat Ghammas,08/19/1955,Iraq,zjirsaa3@t.co,829-909-4793
Julianna,Bithany,Coelho Neto,09/10/1991,Brazil,jbithanya4@blogtalkradio.com,513-793-9733
Korey,Lovering,Yongxing,05/08/1956,China,kloveringa5@mashable.com,955-183-9815
Belicia,Angeau,Kalchevaya,06/14/1990,Ukraine,bangeaua6@go.com,247-855-6396
Alexandro,Crimin,Maclear,04/20/1997,South Africa,,193-966-6483
Vonny,Gurery,Molagavita,04/23/1954,Colombia,,906-120-8259
Kerri,Tudor,Zhushan,09/16/1956,China,ktudora9@wikipedia.org,419-938-5390
Renata,Flippen,,,,rflippenaa@home.pl,
Guilbert,Vreede,Porecatu,03/17/1950,Brazil,gvreedeab@t.co,739-128-3272
Gracie,Bayston,Old Shinyanga,07/08/1963,Tanzania,gbaystonac@amazonaws.com,525-255-5924
Ingaborg,Ballsdon,Yablonovskiy,04/30/1987,Russia,iballsdonad@epa.gov,919-278-4529
Sabrina,Gatecliffe,Duogongma,11/07/1988,China,,238-279-5332
Greer,Cripps,San Isidro,12/17/1970,Costa Rica,gcrippsaf@multiply.com,938-536-6185
Ketty,Beaby,Lipnica Wielka,03/09/1973,Poland,kbeabyag@craigslist.org,481-773-8387
Dolores,Lowle,Villa Francisca,07/12/1972,Dominican Republic,dlowleah@zdnet.com,709-935-3983
Lisha,Seyers,Jacura,12/28/1952,Venezuela,lseyersai@yolasite.com,784-104-4524
Bendix,Musla,Lowotukan,11/18/1985,Indonesia,bmuslaaj@aol.com,269-674-6811
Chrisse,Cubbon,Schengen,08/10/1957,Luxembourg,ccubbonak@blinklist.com,268-606-9682
Kathryn,Doppler,Bakung,12/17/1974,Philippines,,652-106-1506
Sanford,Talby,A dos Cunhados,06/10/1974,Portugal,stalbyam@issuu.com,107-462-0836
Livvy,Nielson,Pak Kret,01/21/1964,Thailand,lnielsonan@boston.com,453-142-0535
Tessi,Attrey,Jardoeira,07/10/1983,Portugal,tattreyao@cargocollective.com,877-976-7379
Jade,Kleszinski,,,,jkleszinskiap@jigsy.com,
Lily,Rushe,Hanfeng,02/10/1980,China,lrusheaq@google.fr,701-279-4020
Vicky,Gascoine,,,,,
Alexa,Greensite,Budapest,09/27/1988,Hungary,,271-930-5282
Andee,Corre,Prroshyan,01/14/1954,Armenia,,775-365-8800
Mari,Hackly,Lamawan,12/03/1993,China,mhacklyau@shinystat.com,838-815-9908
Connie,Fentem,Liuxia,03/22/1972,China,cfentemav@cdc.gov,857-518-5462
Jocelin,McGairl,Longhe,09/21/1981,China,jmcgairlaw@google.com.br,637-785-5674
Gypsy,Blyth,Habana del Este,08/19/1993,Cuba,gblythax@pinterest.com,354-428-9814
Rhiamon,Kasher,Krasnokamsk,02/22/1950,Russia,rkasheray@ox.ac.uk,140-888-2226
Jordain,McKelvie,Chipata,07/09/1951,Zambia,jmckelvieaz@diigo.com,854-525-9467
Fiorenze,Cochrane,Corbeil-Essonnes,11/19/1989,France,fcochraneb0@t-online.de,561-817-1076
Rosemonde,Campsall,Havana,01/01/1974,Cuba,,480-552-5086
Wyatt,Onions,,,,wonionsb2@bing.com,
Rosie,Bunten,,,,rbuntenb3@who.int,
Gray,Erbe,Sanjinquan,07/01/1990,China,,351-821-0656
Lynnea,Primett,Umbulan,09/17/1992,Indonesia,,226-649-0236
Fionnula,Shyram,Usatove,12/20/1965,Ukraine,fshyramb6@wordpress.com,161-229-3838
Margi,Fido,Qijiaxi,03/20/1981,China,,441-865-8008
Alva,Earie,Bohutín,04/06/1976,Czech Republic,aearieb8@ow.ly,533-238-0573
Garvy,Wohler,Yipeng,08/27/1985,China,gwohlerb9@un.org,183-274-8197
Imelda,Boagey,Dezhou,12/06/1953,China,iboageyba@ted.com,225-285-6477
Kerr,Cardinale,Waterbury,03/21/1987,United States,kcardinalebb@marketwatch.com,203-981-3594
Staffard,Spykings,,,,sspykingsbc@va.gov,
Star,Ruoff,Nīca,06/19/1970,Latvia,sruoffbd@si.edu,713-987-7750
Lianna,Garbott,Heshan,01/06/1979,China,,133-774-5577
Karel,Terry,Tomari,03/06/1991,Russia,kterrybf@discuz.net,119-863-3824
Devon,Casford,,,,,
Arabela,Rohan,Jalupang Dua,04/27/1988,Indonesia,arohanbh@goo.gl,257-723-2929
Jaime,Manning,,,,jmanningbi@google.es,
Nikki,Blurton,Chợ Chu,10/11/1969,Vietnam,nblurtonbj@paginegialle.it,705-535-8826
Rafael,Chinnock,Milano,05/07/1976,Italy,rchinnockbk@salon.com,568-275-9612
Udale,Clacson,Manchioneal,06/01/1953,Jamaica,uclacsonbl@economist.com,858-899-6598
Gaylor,Scuffham,Yangiobod,07/04/1963,Uzbekistan,gscuffhambm@google.it,456-378-9346
Adolphus,O'Hartagan,Połomia,08/21/1989,Poland,,274-389-9857
Libbey,Goodbourn,Muang Xay,06/28/1985,Laos,lgoodbournbo@sun.com,694-749-9391
Barret,Hacon,Paihia,08/26/1986,New Zealand,bhaconbp@ycombinator.com,938-251-4795
Dalenna,Meo,Priyutovo,12/11/1981,Russia,dmeobq@youtu.be,137-929-0297
Courtenay,Putman,Phunphin,01/13/1977,Thailand,,266-178-6128
Delphinia,Childs,,,,dchildsbs@cisco.com,
Boy,Mably,Armenia,01/15/1972,Colombia,bmablybt@zimbio.com,875-745-2746
Robby,Comolli,Fuwah,06/24/1990,Egypt,rcomollibu@unblog.fr,219-678-8399
Prue,Askey,Ballsh,10/08/1958,Albania,paskeybv@imdb.com,706-580-1941
Bertie,Kuhlmey,Visby,12/09/1964,Sweden,bkuhlmeybw@alibaba.com,346-440-7116
Felecia,Horney,Bowang,01/15/1988,China,fhorneybx@oracle.com,458-859-0782
Ruthanne,Kinnett,Vitry-sur-Seine,07/15/1987,France,rkinnettby@chronoengine.com,457-808-9763
Nicolais,Charman,Guoxiang,10/01/1997,China,ncharmanbz@zdnet.com,895-296-6451
Karissa,Quinnelly,Amiens,05/05/1959,France,kquinnellyc0@mac.com,355-862-1103
Howie,Sandon,Dongsheng,04/15/1956,China,hsandonc1@bandcamp.com,838-630-8890
Alden,Chavey,Handan,04/17/1997,China,achaveyc2@furl.net,232-911-1467
Rozanna,Ridsdole,Szamotuły,02/05/1985,Poland,,373-448-2375
Sibilla,Coulton,Oyam,06/02/1982,Uganda,scoultonc4@bluehost.com,779-496-1537
Ezri,Lowrey,Xialaxiu,08/08/1983,China,elowreyc5@senate.gov,213-776-4266
Teodoor,Shankland,Montego Bay,01/28/1953,Jamaica,tshanklandc6@howstuffworks.com,901-791-6918
Yul,Bignold,Cochabamba,03/08/1977,Peru,ybignoldc7@virginia.edu,166-135-8159
Bamby,Nelligan,Canaman,06/19/1966,Philippines,bnelliganc8@smh.com.au,652-636-5604
Luther,Snuggs,Kepoh,07/21/1952,Indonesia,lsnuggsc9@army.mil,738-739-5018
Shanna,Courcey,Riang Tengah,09/04/1974,Indonesia,scourceyca@arstechnica.com,540-156-7907
Torrie,De la Zenne,Yonago,05/16/1979,Japan,tdelazennecb@hud.gov,661-537-9345
Alanna,Kuhnt,Qal‘ah-ye Fārsī,01/17/1997,Afghanistan,akuhntcc@washington.edu,946-251-8876
Lavinie,Almeida,Pag-asa,05/06/1953,Philippines,lalmeidacd@qq.com,572-720-7763
Arliene,Levett,Katrineholm,06/20/1972,Sweden,alevettce@berkeley.edu,341-627-9225
Harvey,Barlas,San Gregorio,10/10/1979,Philippines,hbarlascf@joomla.org,758-220-4280
Bellina,Assiratti,Feitoria,01/18/1955,Portugal,bassiratticg@nba.com,636-590-3392
Joyann,Growcott,Gorbatovka,03/14/1994,Russia,jgrowcottch@gizmodo.com,499-438-8868
Danna,Baugh,Радовиш,09/21/1955,Macedonia,dbaughci@stanford.edu,922-629-5285
Marius,Maffy,Potchefstroom,09/07/1991,South Africa,mmaffycj@vkontakte.ru,802-834-6537
Noland,Bruyns,Baozhu,03/07/1951,China,nbruynsck@reddit.com,914-332-9415
Charlton,McDonough,,,,cmcdonoughcl@census.gov,
Anton,Ogley,Aix-en-Provence,12/27/1989,France,,151-627-4548
Shelbi,Bowlas,Boulaouane,01/28/1978,Morocco,sbowlascn@arstechnica.com,609-749-7081
Frederik,Hyett,San Miguel,12/30/1999,Mexico,fhyettco@opera.com,299-200-7272
Zitella,Kearle,Kalidawe,01/06/1954,Indonesia,zkearlecp@digg.com,924-129-4833
Jennine,Schapiro,Jiaotang,06/01/1980,China,jschapirocq@umich.edu,792-675-6917
Tildy,Halwill,Los Cerrillos,02/01/1986,Uruguay,thalwillcr@craigslist.org,220-867-5433
Imogen,Mossbee,Bu‘eina,04/28/1997,Israel,imossbeecs@opera.com,935-510-4845
Willie,Drew-Clifton,Tamel,04/14/1995,Portugal,wdrewcliftonct@dedecms.com,539-878-9137
Iggy,Seth,Seremban,10/04/1969,Malaysia,isethcu@phpbb.com,625-502-0381
Iorgo,Farfalameev,Fengcheng,03/08/1995,China,ifarfalameevcv@indiatimes.com,882-476-6690
Jemmy,Moreno,Novoye Devyatkino,01/23/1977,Russia,jmorenocw@skyrock.com,410-821-5208
Toinette,McKinney,Wohyń,02/15/1974,Poland,tmckinneycx@marketwatch.com,564-847-9049
Ab,Fardell,Angoulême,09/19/1953,France,,276-678-0864
Pauletta,Itzhayek,Huangzhuang,02/23/1950,China,pitzhayekcz@tuttocitta.it,889-166-8792
Maisey,Fairlaw,Huacheng,01/18/1965,China,mfairlawd0@cnet.com,316-821-5988
Bambi,Stuther,Podporozh’ye,08/10/1960,Russia,,877-127-7645
Ulrica,Krysztowczyk,Iława,08/28/1963,Poland,ukrysztowczykd2@ycombinator.com,598-811-0295
Bessie,Tout,Suwaduk,06/29/1988,Indonesia,btoutd3@clickbank.net,708-484-6332
Muhammad,Sturzaker,Koloniya Zastav’ye,12/30/1962,Ukraine,msturzakerd4@yahoo.co.jp,484-724-1557
Pierce,Koenraad,Jefferson City,02/18/1982,United States,pkoenraadd5@google.nl,573-962-9994
Gleda,Kemmish,Pajoreja,06/19/1982,Indonesia,gkemmishd6@stanford.edu,213-691-8516
See,Stibbs,Sīdī Sālim,06/03/1962,Egypt,sstibbsd7@engadget.com,514-845-3486
Charlot,Christou,Gamay,10/05/1951,Philippines,,705-976-6593
Ricardo,Goadby,Voznesenskaya,03/26/1967,Russia,rgoadbyd9@canalblog.com,573-906-2373
Tera,Mooring,Xingdian,01/02/1985,China,tmooringda@xinhuanet.com,842-940-9482
Pet,List,Monteiro,07/18/1962,Brazil,plistdb@yellowpages.com,253-278-2926
Devonne,Basili,Louiseville,01/06/1996,Canada,dbasilidc@jimdo.com,340-272-3804
Magdaia,Sancroft,Yongning,09/05/1965,China,msancroftdd@yolasite.com,503-595-8988
Wendeline,Gristock,San Lucas Sacatepéquez,10/10/1954,Guatemala,wgristockde@ow.ly,183-961-6075
Hiram,De Witt,Krajan,10/19/1952,Indonesia,hdewittdf@nba.com,224-891-4981
Cordey,Greason,Waitakere,06/03/1975,New Zealand,cgreasondg@yandex.ru,509-149-2429
Jenica,Reece,Curuan,04/23/1993,Philippines,jreecedh@ow.ly,659-196-1757
Jeanelle,Vellden,,,,jvelldendi@washington.edu,
Deonne,Kirk,Cocachacra,04/02/1968,Peru,dkirkdj@github.io,807-517-8900
Ricki,Burth,Bunobogu,02/19/1953,Indonesia,rburthdk@opera.com,846-277-6179
Josephine,Eathorne,Kuma,04/07/1983,Indonesia,jeathornedl@mozilla.org,393-322-1727
Ethelda,Kovnot,Västerås,02/26/1956,Sweden,ekovnotdm@joomla.org,289-789-3394
Tallie,Hebron,Dayou,01/24/1965,China,thebrondn@delicious.com,969-102-7451
Keen,Noe,Bal’shavik,10/04/1956,Belarus,knoedo@weather.com,528-913-2442
Kenna,Ramme,Tame,02/24/1950,Colombia,krammedp@linkedin.com,600-707-5381
Kylynn,Offen,Lansing,02/25/1970,United States,koffendq@phoca.cz,517-989-9375
Brnaby,Sivorn,Cielądz,12/03/1981,Poland,,267-877-6127
Lucilia,Le feaver,Manūjān,06/08/1972,Iran,llefeaverds@arstechnica.com,161-742-3144
Giuditta,Blazewicz,,,,gblazewiczdt@nasa.gov,
Sheena,Durtnal,Marondera,08/11/1966,Zimbabwe,sdurtnaldu@csmonitor.com,879-134-0721
Levy,Eberz,La Concepcion,11/28/1955,Mexico,leberzdv@phoca.cz,846-688-7876
Odelia,Waterstone,Akwanga,06/19/1952,Nigeria,owaterstonedw@google.fr,777-592-7869
Gerrie,Hale,Ndendé,10/07/1967,Gabon,ghaledx@foxnews.com,269-718-2070
Winni,Sparling,Landázuri,12/18/1989,Colombia,wsparlingdy@nih.gov,691-593-5351
Obed,Fryer,Shimada,02/09/1958,Japan,ofryerdz@spiegel.de,726-888-3506
Cindelyn,Farre,Aloleng,12/25/1977,Philippines,cfarree0@redcross.org,203-473-3355
Egbert,Rewbottom,Sula,03/06/1971,Philippines,erewbottome1@sakura.ne.jp,426-501-9711
Isahella,Dymond,Honkajoki,11/25/1972,Finland,idymonde2@lulu.com,903-720-8145
Hope,Tollet,Fuhe,11/17/1969,China,htollete3@amazon.co.uk,779-593-4496
Galven,Casaroli,Guojiaba,06/19/1995,China,,418-139-2433
Cassi,McAndie,Jiangyi,05/22/1957,China,cmcandiee5@cornell.edu,100-910-7711
Arabella,Sleightholme,Gudauta,03/30/1969,Georgia,,278-299-8553
Arlyne,Khomin,Aisai,11/23/1966,Japan,akhomine7@oaic.gov.au,738-858-4408
Todd,Seagrove,Sharïngol,06/07/1976,Mongolia,tseagrovee8@youtu.be,249-727-0140
Barby,Duferie,Shibetsu,11/11/1983,Japan,bduferiee9@chicagotribune.com,423-632-8026
Englebert,Lawrenson,Sierra Imataca,12/06/1993,Venezuela,elawrensonea@newsvine.com,691-771-8358
Elmo,Chambers,Cipari Satu,06/10/1965,Indonesia,echamberseb@feedburner.com,853-419-4412
Inglis,Moreside,,,,imoresideec@springer.com,
Ganny,Lorincz,Rust’avi,06/07/1996,Georgia,glorinczed@goodreads.com,344-313-1679
Darby,Hawkett,Lübeck,05/30/1953,Germany,dhawkettee@youtube.com,557-314-5488
Lorne,Pietzker,Namangan,10/20/1964,Uzbekistan,lpietzkeref@ibm.com,558-227-6196
Ddene,O'Doireidh,Sananrejo,04/18/1981,Indonesia,dodoireidheg@w3.org,240-453-2045
Morgen,Yurtsev,Buliu,06/10/1957,China,myurtseveh@state.tx.us,652-706-9355
Franciskus,Simonato,Quebo,10/29/1986,Guinea-Bissau,fsimonatoei@psu.edu,732-702-9335
Paton,Hayler,El Refugio,11/08/1986,Mexico,phaylerej@ezinearticles.com,367-478-7991
Gerda,Kenright,Ciudad Bolívar,09/10/1950,Venezuela,gkenrightek@smugmug.com,840-649-1198
Ken,Whye,Linköping,10/22/1981,Sweden,kwhyeel@joomla.org,763-340-2200
Hadrian,Rochford,,,,,
Nanci,Pyper,San Antonio de los Cobres,05/27/1987,Argentina,npyperen@last.fm,142-781-7476
Harli,Bizley,Firminópolis,11/04/1962,Brazil,hbizleyeo@nytimes.com,327-316-7403
Rosamund,McTrustam,Santa Cruz La Laguna,06/23/1998,Guatemala,rmctrustamep@instagram.com,352-194-0693
Ailbert,Cunah,Sakata,06/15/1983,Japan,acunaheq@newsvine.com,330-843-1523
Ash,Dore,Quintã,11/09/1976,Portugal,adoreer@accuweather.com,491-260-1217
Lia,Sutterfield,Santa Lucia,10/05/1973,Philippines,lsutterfieldes@naver.com,421-828-0329
Felita,Lanchbury,Gasa,04/13/1969,Bhutan,flanchburyet@nbcnews.com,592-848-8150
Cesar,Millis,Błonie,06/17/1961,Poland,cmilliseu@un.org,862-219-5171
Randy,Dominka,Azor,08/16/1994,Israel,rdominkaev@google.co.jp,608-636-6813
Tally,Steen,Bibiani,04/15/1987,Ghana,tsteenew@linkedin.com,997-801-9172
Iggy,O'Lenechan,Gouqi,04/19/1985,China,iolenechanex@nasa.gov,215-559-9457
Hinze,Treleaven,Al Majāridah,09/05/1985,Saudi Arabia,htreleaveney@disqus.com,556-766-0536
Marijn,Antonescu,Pargas,08/16/1954,Finland,,898-344-0971
Brendis,Millier,Yangfeng,06/14/1998,China,,882-453-6986
Simonne,Rysdale,Tungguwaneng,03/06/1959,Indonesia,srysdalef1@naver.com,322-689-6871
Christen,Gewer,Lian,07/13/1967,China,cgewerf2@shop-pro.jp,552-889-6204
Inger,Oluwatoyin,Ayapa,11/16/1984,Honduras,ioluwatoyinf3@umn.edu,497-368-7506
Urban,Rubbert,Bukabu,10/13/1992,Indonesia,urubbertf4@fema.gov,156-854-6308
Kore,Sueter,Puqi,11/29/1967,China,ksueterf5@uol.com.br,440-711-5608
Sibby,Weavers,Reno,01/04/1994,United States,sweaversf6@netlog.com,775-185-1213
Michaelina,Prydden,Gorgān,01/26/1973,Iran,mpryddenf7@bizjournals.com,779-341-5217
Cacilia,Sach,Kungsbacka,01/02/1974,Sweden,csachf8@twitter.com,459-973-2016
Carena,Muckian,Velyka Pysarivka,06/05/1959,Ukraine,cmuckianf9@harvard.edu,825-684-7994
Cyndia,Walcher,Maxiao,12/06/1963,China,cwalcherfa@cbslocal.com,750-474-5284
Bogart,Meaker,Yumbel,03/23/1951,Chile,bmeakerfb@phpbb.com,728-152-5321
Clemmie,Sargint,Lusambo,03/19/1969,Democratic Republic of the Congo,,391-282-3217
Jilly,Phette,Pingqiao,02/23/1990,China,jphettefd@i2i.jp,628-621-6236
Elka,Barff,Tambov,08/21/1979,Russia,ebarfffe@google.co.jp,605-685-4847
Thomas,Lansbury,Junyang,04/07/1967,China,,763-899-0566
Jessie,Wais,Litvínov,02/28/1977,Czech Republic,jwaisfg@webs.com,179-101-8632
Granger,Cluley,Massakory,05/08/1967,Chad,gcluleyfh@freewebs.com,429-933-9115
Aluino,Kiffe,Kedungringin,02/18/1996,Indonesia,akiffefi@java.com,828-486-1059
Ardelia,Obin,Banjar Bias,04/18/1968,Indonesia,aobinfj@mail.ru,506-552-4873
Iver,Marqyes,Radamata,01/31/1988,Indonesia,imarqyesfk@webnode.com,842-891-5228
Walton,Vella,Yotsukaidō,03/19/1998,Japan,wvellafl@cnbc.com,688-141-6184
Kim,Melpuss,Alminhas,04/03/1998,Portugal,kmelpussfm@multiply.com,827-292-9201
Jedidiah,Revelle,Sijunjung,11/11/1965,Indonesia,jrevellefn@examiner.com,452-397-7235
Steward,Estcot,Cernay,12/13/1965,France,sestcotfo@mail.ru,204-908-1484
Ulla,Hillaby,Malambo,09/29/1968,Colombia,uhillabyfp@twitter.com,450-710-9961
Delcina,Cumesky,Pleiku,03/16/1955,Vietnam,dcumeskyfq@businessweek.com,679-317-7535
Benedetto,Coult,Debre Zeyit,02/01/1988,Ethiopia,,897-983-2304
Ailyn,Spratley,Shuinanxu,07/01/1973,China,aspratleyfs@1688.com,486-343-0405
Bartlet,Reaney,Kuttu,11/09/1954,Micronesia,breaneyft@constantcontact.com,569-427-7015
Nissie,Peascod,Ōzu,11/26/1951,Japan,npeascodfu@multiply.com,626-644-6039
Armando,Loxton,Stenungsund,08/21/1994,Sweden,aloxtonfv@japanpost.jp,284-526-0017
Raymond,Clitsome,Kano,05/14/1957,Nigeria,rclitsomefw@canalblog.com,687-877-4184
Phillipp,Tuther,Próchoma,11/11/1954,Greece,,986-577-7044
Jillene,Lassell,Oruro,09/25/1978,Bolivia,jlassellfy@ask.com,309-516-7370
Naomi,De L'Isle,Madrid,08/27/1969,Colombia,ndelislefz@dagondesign.com,323-729-5881
Kristopher,Piniur,Seseng,07/21/1992,Indonesia,kpiniurg0@unesco.org,704-641-5157
Pete,Malling,Matala,07/03/1956,Philippines,pmallingg1@newsvine.com,461-707-2936
Blayne,Paula,Cibebek,03/28/1961,Indonesia,bpaulag2@addtoany.com,656-737-9303
Traver,Weatherdon,Bonn,09/03/1962,Germany,tweatherdong3@lycos.com,284-554-5527
Gus,Cobello,Baiyang,11/24/1983,China,gcobellog4@blogger.com,923-902-4166
Clim,Aldous,København,06/27/1994,Denmark,caldousg5@gmpg.org,277-933-8371
Gwenneth,Bunny,Vergara,09/27/1965,Uruguay,gbunnyg6@mayoclinic.com,658-886-3265
Dora,O'Ruane,Ińsko,10/11/1956,Poland,doruaneg7@sun.com,301-243-0406
Isadore,Lethibridge,Quintães,02/04/1965,Portugal,ilethibridgeg8@samsung.com,474-683-6226
Angelica,Vernon,Sakaidechō,08/27/1978,Japan,avernong9@hostgator.com,180-628-9555
Lee,Wadeling,El Calvario,09/12/1985,Mexico,,654-975-0037
Keelia,Ciardo,Longtanping,06/11/1955,China,kciardogb@cpanel.net,569-732-9230
Cherry,Easey,Ashgabat,11/18/1974,Turkmenistan,ceaseygc@patch.com,834-309-8989
Pepe,Liddiatt,Sidaraja,12/16/1953,Indonesia,pliddiattgd@microsoft.com,665-480-7896
Hulda,Apthorpe,Porangaba,01/26/1994,Brazil,hapthorpege@paypal.com,903-706-5920
Neille,Pucknell,Fengjiang,10/12/1974,China,npucknellgf@foxnews.com,221-422-6702
Letizia,Saffran,Solna,12/22/1973,Sweden,,190-564-6243
Dorise,Rainard,,,,drainardgh@ucsd.edu,
Sigfrid,Lincoln,San Cristóbal Totonicapán,06/12/1966,Guatemala,slincolngi@sina.com.cn,943-907-2182
Tamarah,Nerger,Atakpamé,01/23/1983,Togo,tnergergj@sitemeter.com,454-116-7172
Jonis,Edgell,Patrocínio,07/05/1972,Brazil,jedgellgk@dropbox.com,879-947-4705
Lolly,Romanini,Bang Racham,01/07/1959,Thailand,lromaninigl@go.com,714-678-4757
Brandyn,Christou,Bromma,03/09/1950,Sweden,bchristougm@flavors.me,127-946-4246
Stevie,Daber,San Benito Abad,03/25/1974,Colombia,sdabergn@weibo.com,274-548-9275
Joellen,Kelway,Lagoa Vermelha,03/25/1978,Brazil,jkelwaygo@europa.eu,980-693-9339
Tristan,Bodleigh,Popovi,08/12/1961,Bosnia and Herzegovina,,408-602-6787
Dominique,Loomis,Maddarulug Norte,07/25/1988,Philippines,,649-551-8452
Creigh,Finey,Sun Kunda,12/11/1955,Gambia,cfineygr@wsj.com,337-611-6646
Lynelle,Probet,Karangtengah,06/06/1991,Indonesia,,792-665-2553
Derril,Bale,Xam Nua,03/11/1957,Laos,dbalegt@symantec.com,287-955-4327
Taite,Stainsby,Konongo,10/27/1976,Ghana,,975-986-9576
Farrell,Mirralls,Meishan,12/07/1968,China,,514-754-9625
Clevey,Battams,,,,cbattamsgw@php.net,
Sutton,Ogbourne,Caculé,04/02/1968,Brazil,,915-973-8041
Arther,Betz,Vitoria-Gasteiz,07/23/1985,Spain,abetzgy@nifty.com,266-903-8893
Clo,Fremantle,Stěbořice,01/19/1963,Czech Republic,cfremantlegz@fema.gov,941-551-5326
Orella,Hullett,Patiya,12/19/1986,Bangladesh,ohulletth0@moonfruit.com,176-464-5705
Stefania,Brennans,Tullyallen,12/12/1950,Ireland,sbrennansh1@miitbeian.gov.cn,633-167-7218
Patin,Alldridge,Novaya Igirma,06/01/1997,Russia,palldridgeh2@opensource.org,819-480-8253
Freida,McCarl,Encontrados,08/12/1958,Venezuela,fmccarlh3@vk.com,128-445-7564
Gabbey,Checcuzzi,,,,gcheccuzzih4@blogger.com,
Bo,Grayham,Hrodna,12/12/1979,Belarus,,424-426-1262
Cornelius,Semmence,Kitami,09/08/1993,Japan,csemmenceh6@vkontakte.ru,558-738-7587
Margette,Jarrold,Huoli,07/13/1953,China,,167-360-1520
Nathanil,Elsy,Ialibu,10/12/1961,Papua New Guinea,nelsyh8@ftc.gov,850-977-5916
Marlane,Wogden,Nyaungdon,06/03/1976,Myanmar,mwogdenh9@wikispaces.com,283-885-7562
Kelbee,Ivantsov,Bonriki Village,05/23/1989,Kiribati,kivantsovha@infoseek.co.jp,740-821-6759
Lowe,Caine,,,,lcainehb@google.co.jp,
Rhonda,Moy,Matagbak,01/23/1988,Philippines,rmoyhc@deviantart.com,876-514-9141
Charlton,Sullens,Matos da Ranha,06/09/1957,Portugal,,121-700-1197
Chane,Gwatkins,Budapest,03/05/1950,Hungary,cgwatkinshe@ycombinator.com,671-259-1046
Collie,Okie,Besuki Dua,10/13/1993,Indonesia,cokiehf@jalbum.net,292-998-6250
Thomasin,Dounbare,Ruse,04/19/1978,Bulgaria,tdounbarehg@cmu.edu,605-726-3319
Ira,Mitchenson,Liulin,08/21/1953,China,imitchensonhh@altervista.org,491-214-4637
Dori,Miche,Svoge,12/27/1991,Bulgaria,,348-335-0558
Ikey,Ellaway,Baocun,10/28/1950,China,iellawayhj@dailymail.co.uk,167-191-6217
Alisun,Kesey,Kozhevnikovo,06/25/1987,Russia,akeseyhk@harvard.edu,465-464-0600
Barbara,Lamboll,Targuist,11/27/1963,Morocco,blambollhl@blogspot.com,875-736-2186
Yorke,Velti,Fort Pierce,12/20/1962,United States,yveltihm@ihg.com,772-674-1709
Griffy,Jenney,Nizhnyaya Tura,01/15/1980,Russia,gjenneyhn@oracle.com,581-757-5212
Audrye,Roberti,Kalej,12/04/1966,Poland,arobertiho@comcast.net,848-119-3538
Brunhilde,Clunie,Saint-Égrève,09/03/1992,France,bcluniehp@ning.com,924-667-6764
Humbert,Hargrave,Jinhe,08/03/1975,China,hhargravehq@canalblog.com,686-740-5441
Theo,Dabourne,Benito Juarez,12/15/1950,Mexico,tdabournehr@google.com.br,181-386-1307
Berne,Goare,Oeiras,02/17/1984,Brazil,bgoarehs@blog.com,704-356-4208
Carole,Montel,Lindavista,07/13/1989,Mexico,cmontelht@hugedomains.com,885-860-5721
Jehanna,Le Merchant,,,,jlemerchanthu@slideshare.net,
Bartholomeus,Folomkin,Chishui,03/26/1991,China,,915-104-7703
Roselin,Poncet,Nan’ao,06/11/1996,China,rponcethw@msu.edu,445-432-7135
Chariot,Caret,Lupon,03/29/1999,Philippines,ccarethx@ucoz.com,646-967-2877
Jeremias,McMurty,,,,jmcmurtyhy@t.co,
Kakalina,Courteney,Funtua,08/31/1985,Nigeria,,687-293-4506
Terrie,Toffoletto,Amiens,04/25/1977,France,,660-597-9549
Elicia,Keel,Chaiyaphum,10/29/1996,Thailand,ekeeli1@wikimedia.org,588-750-0797
Magdalena,Jakobsson,Moss,12/31/1989,Norway,mjakobssoni2@bloglines.com,304-157-3399
Geoffry,Sikorsky,Condega,03/21/1980,Nicaragua,gsikorskyi3@tiny.cc,726-617-3597
Parnell,Glasscoo,Léchovo,10/27/1987,Greece,pglasscooi4@disqus.com,800-988-6646
Dorie,Labeuil,Xikou,04/19/1993,China,dlabeuili5@bluehost.com,660-886-7578
Stu,Hearfield,Waenenda,10/25/1976,Indonesia,shearfieldi6@google.com.hk,888-893-9509
Janie,Dripps,Hekou,02/23/1971,China,jdrippsi7@livejournal.com,576-659-5225
Bay,Windybank,Shentong,08/15/1995,China,bwindybanki8@123-reg.co.uk,117-464-7585
Karlens,Malthouse,Sámi,10/17/1976,Greece,kmalthousei9@163.com,682-387-0776
Lewiss,O' Mulderrig,Marki,05/16/1956,Poland,lomulderrigia@altervista.org,970-221-0255
Dana,Meachem,Tegaldowo,06/09/1996,Indonesia,dmeachemib@dyndns.org,261-750-4723
Eamon,Verdy,Chur,08/30/1963,Switzerland,,766-953-7935
Thorsten,Cawood,,,,,
Jenda,Dake,,,,jdakeie@nbcnews.com,
Vail,Goodnow,Ayna,12/17/1966,Peru,vgoodnowif@marketwatch.com,699-627-2171
Harry,Dorre,,,,hdorreig@amazon.co.jp,
Randolph,Carrabot,Rū-ye Sang,11/10/1988,Afghanistan,rcarrabotih@admin.ch,261-755-9272
Enid,Mallinar,Alderetes,09/08/1984,Argentina,emallinarii@paginegialle.it,694-394-5611
Isidor,Coviello,Phoenix,10/06/1964,United States,icovielloij@friendfeed.com,623-921-6958
Rich,Skrines,Gambaru,02/20/1969,Nigeria,rskrinesik@phpbb.com,744-684-1022
Angus,Vanichev,Zuogaiduoma,10/04/1985,China,avanichevil@zimbio.com,549-900-0431
Aggy,Mawer,Kokubu-matsuki,12/08/1950,Japan,amawerim@fastcompany.com,928-444-0618
Arley,Dantesia,Phultala,06/08/1996,Bangladesh,adantesiain@slashdot.org,776-327-4170
Dorolice,Arington,Mthatha,02/27/1991,South Africa,daringtonio@smh.com.au,685-434-8443
Wyatan,Rojel,Ncue,08/18/1975,Equatorial Guinea,wrojelip@rediff.com,327-588-5769
Amelina,Dixey,Pirot,12/01/1972,Serbia,adixeyiq@eventbrite.com,921-126-1052
Simon,DelaField,Gaocang,12/29/1995,China,sdelafieldir@bigcartel.com,489-924-0798
Millie,Gerrelt,Nobeoka,07/22/1992,Japan,mgerreltis@reverbnation.com,754-816-4410
Foss,Lowensohn,Apuri,06/19/1967,Indonesia,,432-268-5574
Dacy,Daubney,Banarankrajan,10/14/1958,Indonesia,ddaubneyiu@zimbio.com,409-720-1145
Brianne,Streatfield,Klapagada,11/02/1985,Indonesia,bstreatfieldiv@spiegel.de,202-652-7809
Caro,Trevna,Kotaagung,10/07/1994,Indonesia,ctrevnaiw@patch.com,157-797-7450
Codie,Cawley,Sugito,03/17/1971,Japan,ccawleyix@baidu.com,521-109-2519
Berti,Williscroft,Reforma,02/10/1995,Mexico,bwilliscroftiy@sohu.com,213-618-8297
Winnah,Poundesford,Orlovka,10/12/1982,Russia,wpoundesfordiz@networkadvertising.org,196-743-2506
Eolanda,Cowthart,Jimo,10/12/1995,China,ecowthartj0@edublogs.org,517-337-3430
Lyda,Lanfranconi,Daja,09/10/1972,Indonesia,,959-452-7840
Derrek,Curphey,Batang,03/22/1950,Indonesia,dcurpheyj2@unc.edu,774-619-0680
Kalvin,Minkin,Palauig,01/26/1989,Philippines,kminkinj3@4shared.com,972-878-3487
Lenci,McKyrrelly,Luzhai,09/01/1984,China,lmckyrrellyj4@nymag.com,804-707-4519
Vinnie,Saffle,Ondores,06/24/1997,Peru,vsafflej5@plala.or.jp,187-838-5587
Ronny,Soan,Santa Lucía,12/02/1967,Honduras,,483-560-4166
Krissie,Lavender,Totora,11/18/1980,Bolivia,klavenderj7@nationalgeographic.com,617-193-8653
Saudra,Nudd,Pong,04/17/1999,Thailand,snuddj8@people.com.cn,180-359-6913
Julie,Sofe,Tongbang,09/23/1956,Indonesia,jsofej9@dailymail.co.uk,411-125-6629
Agnesse,Bickford,,,,abickfordja@hostgator.com,
Dasya,Pimblott,Łodygowice,01/15/1956,Poland,,772-984-4909
Katina,Sockell,Zelenogorsk,06/23/1999,Russia,ksockelljc@twitter.com,607-569-3855
Thane,Yitzhok,Ypacarai,02/20/1985,Paraguay,tyitzhokjd@people.com.cn,720-735-4479
Calla,Kunisch,Tambir,05/09/1965,Indonesia,ckunischje@yahoo.com,845-569-3007
Meryl,Scolli,Emnambithi-Ladysmith,01/01/1996,South Africa,mscollijf@wikipedia.org,675-285-0121
Lynette,Kramer,Dimitrovgrad,01/03/1970,Bulgaria,,963-155-3285
Franciskus,MacRitchie,,,,fmacritchiejh@twitpic.com,
Bern,Dillow,Bifeng,12/19/1959,China,bdillowji@vk.com,773-758-8105
Reggi,Skyrme,Liufang,01/21/1951,China,,732-998-4735
Lilias,Smallcomb,Suqiaoxiang,10/12/1960,China,lsmallcombjk@histats.com,485-468-6083
Halley,Guidotti,Grammatikó,01/20/1964,Greece,hguidottijl@wp.com,920-502-6627
Roxane,Syce,Liudong,02/26/1986,China,rsycejm@addthis.com,107-810-6474
Concordia,Fraczkiewicz,Abreus,10/09/1990,Cuba,cfraczkiewiczjn@ft.com,277-984-4342
Brendin,Lembcke,Roma,07/13/1958,Italy,blembckejo@shop-pro.jp,341-914-5492
Leonora,Kamen,,,,lkamenjp@nps.gov,
Fran,Thurstan,Kalepasan,11/11/1976,Indonesia,fthurstanjq@merriam-webster.com,880-346-7708
Gary,Boxer,Pañgobilian,04/24/1979,Philippines,gboxerjr@illinois.edu,161-792-5019
Malanie,Farragher,Buseresere,01/10/1962,Tanzania,mfarragherjs@google.pl,408-516-1041
Easter,Gascoyen,Tlogotunggal,01/10/1972,Indonesia,egascoyenjt@house.gov,953-865-2875
Brandy,Grigolli,Peer,11/08/1976,Indonesia,bgrigolliju@prlog.org,192-727-3533
Timi,Lodeke,Kunshan,05/12/1955,China,tlodekejv@cnbc.com,236-118-8328
Persis,Earwicker,Naukot,01/24/1950,Pakistan,pearwickerjw@usgs.gov,489-386-1006
Tamqrah,Ronan,Oullins,09/02/1997,France,tronanjx@nsw.gov.au,179-524-5162
Niven,Veale,Mora,10/09/1969,Sweden,nvealejy@alexa.com,729-376-1486
Fairfax,Rolles,Rochester,06/23/1982,United States,frollesjz@mail.ru,507-870-0561
Karyl,Rawe,Phu Kam Yao,07/10/1998,Thailand,krawek0@washington.edu,595-588-9321
Adelind,Gartsyde,Ust’-Koksa,10/02/1982,Russia,,229-368-3987
Leta,Eisikovitsh,Nirasaki,03/07/1973,Japan,leisikovitshk2@bravesites.com,656-626-1465
Bastian,Ranby,Štoky,01/07/1994,Czech Republic,branbyk3@fc2.com,902-319-2624
Tanhya,Ryson,Thomassique,01/28/1992,Haiti,,569-955-5723
Oby,Judgkins,Créteil,02/17/1998,France,ojudgkinsk5@java.com,134-411-0254
Ambrosius,Ackroyd,Gunungmalang Satu,01/22/1983,Indonesia,aackroydk6@uiuc.edu,405-993-8063
Clareta,Mattusevich,Makariv,07/09/1954,Ukraine,cmattusevichk7@salon.com,233-398-7827
Rocky,Bartoszinski,Les Coteaux,10/15/1978,Canada,rbartoszinskik8@smh.com.au,205-443-5404
Dukey,Farington,Słubice,12/08/1959,Poland,,355-959-5443
Caz,Giacopini,Chuoyuan,12/15/1954,China,cgiacopinika@nyu.edu,223-897-1222
Josee,Kivell,Bungabon,11/01/1959,Philippines,,943-503-0560
Faydra,Demare,Lezhu,09/28/1982,China,fdemarekc@free.fr,913-454-9708
Codi,Eadmeads,Liulin,04/21/1997,China,ceadmeadskd@elegantthemes.com,885-236-7051
Cathleen,Trowl,Tunguang,10/23/1959,China,ctrowlke@cbsnews.com,982-652-3292
Gwenette,Cherrett,Cigedang,08/01/1982,Indonesia,gcherrettkf@stumbleupon.com,733-953-9630
Jasen,Pinder,Mramani,01/31/1993,Comoros,jpinderkg@youtube.com,258-342-8683
Clementine,Ahearne,Vukojevci,07/14/1962,Croatia,cahearnekh@ezinearticles.com,770-884-8413
Raddy,Berney,Kiev,02/02/1957,Ukraine,,679-221-1305
Brandy,Parsell,Ouani,06/21/1959,Comoros,bparsellkj@disqus.com,281-116-8607
Fiorenze,Filinkov,Huaxian,05/16/1987,China,ffilinkovkk@usgs.gov,765-468-3927
Elvira,Goulborn,Pevek,02/03/1970,Russia,egoulbornkl@ask.com,692-958-0018
Marten,Crees,Diré,02/27/1992,Mali,mcreeskm@spotify.com,534-529-7737
Katrina,Truter,Cibeureum Kidul,01/13/1979,Indonesia,ktruterkn@php.net,977-956-3936
Daryl,Rees,La Concepcion,03/21/1989,Mexico,dreesko@51.la,722-425-7333
Berri,Vossing,Chadi,10/03/1961,China,,980-125-6665
Novelia,Defrain,Donggang,07/23/1975,China,ndefrainkq@ycombinator.com,402-340-6307
Prissie,Scotting,Götene,04/18/1956,Sweden,pscottingkr@hibu.com,436-979-2114
Lucilia,Tibbits,Xianlong,04/23/1999,China,,282-838-4602
Merna,McGarvey,Bồng Sơn,06/22/1994,Vietnam,mmcgarveykt@merriam-webster.com,319-560-6612
Adina,Snelgrove,Pyshchug,04/28/1978,Russia,asnelgroveku@huffingtonpost.com,329-743-0056
Erek,O' Cuolahan,Debesy,03/19/1978,Russia,eocuolahankv@spiegel.de,182-260-0099
Mona,Brussell,Fajsławice,11/10/1954,Poland,mbrussellkw@netvibes.com,513-684-2791
Federica,Ibanez,Ameixoeira,04/21/1956,Portugal,fibanezkx@domainmarket.com,727-474-7400
Rodney,Woodyatt,Mlanggeng,01/08/1954,Indonesia,rwoodyattky@hostgator.com,639-815-8105
Devin,Ferrero,Vigan,05/24/1994,Philippines,dferrerokz@archive.org,213-233-3924
Nance,Arundale,Vales,11/14/1986,Portugal,narundalel0@google.es,278-726-8140
Milka,Tattam,,,,mtattaml1@360.cn,
Emmet,Vanyarkin,,,,evanyarkinl2@ocn.ne.jp,
Angel,Wheelan,Bijia,05/18/1964,China,awheelanl3@upenn.edu,132-368-9116
Ware,Karpets,Baimi,06/14/1969,China,wkarpetsl4@mozilla.com,408-531-4421
Perice,Bern,Xinrong,09/18/1997,China,pbernl5@example.com,586-646-4176
Richie,Wilfing,,,,rwilfingl6@bandcamp.com,
Richard,Bastone,Hedong,04/02/1950,China,rbastonel7@fema.gov,177-631-3759
Bancroft,Teale,Sarāb,03/07/1956,Iran,,554-690-5713
Barth,Coolson,Weetobula,10/27/1963,Indonesia,bcoolsonl9@jalbum.net,441-118-6806
Malinda,Dillimore,Shangjie,01/11/1965,China,,851-778-5939
Troy,Lintall,Al Manqaf,10/17/1991,Kuwait,tlintalllb@4shared.com,445-582-7103
Brice,Halpen,Shahrak-e Bākharz,12/24/1999,Iran,bhalpenlc@cargocollective.com,729-432-6362
Weider,Behning,Mölndal,03/08/1989,Sweden,wbehningld@discuz.net,802-480-4131
Fayette,Hughson,Guanambi,08/12/1950,Brazil,fhughsonle@cbc.ca,368-791-6310
Krishna,Boustred,Penco,01/17/1985,Chile,,688-809-6078
Jaine,Hillan,Palon,09/30/1988,Indonesia,,721-121-7246
Lowell,Tonbridge,Longhe,07/29/1956,China,ltonbridgelh@cpanel.net,383-276-9498
Carolyne,Broz,Krajan Keboromo,08/24/1957,Indonesia,cbrozli@1und1.de,832-429-8578
Marmaduke,Epinay,Jianfeng,12/08/1957,China,mepinaylj@reddit.com,974-513-9700
Nadiya,Ossulton,Dongyangzhen,05/08/1999,China,nossultonlk@discuz.net,893-132-0956
Hattie,Munning,Fengqiao,02/11/1985,China,hmunningll@google.es,764-360-3896
Rhona,De Mars,Berón de Astrada,01/27/1958,Argentina,,738-984-3856
Alonzo,Smitton,Boticas,03/31/1962,Portugal,asmittonln@hostgator.com,707-347-1586
Gery,Crozier,Wiązownica,03/08/1972,Poland,,148-597-5478
Valdemar,Schult,Zhongshu,02/13/1978,China,vschultlp@lycos.com,316-939-5568
Cristobal,Jewkes,Vatutino,04/16/1978,Russia,cjewkeslq@bigcartel.com,655-188-2160
Benjie,Kelwaybamber,Nanchangshan,08/25/1987,China,bkelwaybamberlr@yellowpages.com,731-182-3510
Blondell,Lanchbury,Tamiso,09/20/1993,Philippines,blanchburyls@apache.org,257-980-8240
Tildi,Jozwicki,Guling,07/25/1960,China,tjozwickilt@huffingtonpost.com,597-739-8704
Meier,Kloser,Jingyang,07/19/1954,China,mkloserlu@buzzfeed.com,382-751-5139
Boycie,Bodimeade,Navegantes,09/09/1969,Brazil,,790-702-1010
Emogene,Crippes,Huangduobu,10/12/1966,China,ecrippeslw@desdev.cn,945-580-1992
Kenny,Cron,Rasony,03/27/1991,Belarus,kcronlx@123-reg.co.uk,238-249-4804
Kayle,Ivic,Pszczyna,05/12/1985,Poland,kivicly@cam.ac.uk,994-530-1475
Em,Cracknell,Miragoâne,04/06/1954,Haiti,ecracknelllz@tiny.cc,906-893-3713
Granger,Matthesius,Thị Trấn Sìn Hồ,06/20/1967,Vietnam,,685-491-0436
Sara-ann,Thewless,,,,sthewlessm1@twitpic.com,
Naomi,Gowen,Cincinnati,03/03/1956,United States,ngowenm2@geocities.jp,513-769-0148
Maurice,Espinho,Opinogóra Górna,09/05/1974,Poland,mespinhom3@mail.ru,130-294-9369
Larry,Filipczynski,Nusajaya,06/29/1954,Malaysia,lfilipczynskim4@guardian.co.uk,674-701-6658
Bernita,Bisco,,,,bbiscom5@seesaa.net,
Alphonse,Goby,Shevchenkove,04/06/1958,Ukraine,agobym6@google.cn,544-995-0551
Giavani,Wenn,Yamoussoukro,06/05/1956,Ivory Coast,gwennm7@reuters.com,502-430-2878
Rudie,Ricciardello,Ash Shafā,03/09/1959,Saudi Arabia,rricciardellom8@miibeian.gov.cn,560-237-4580
Midge,Klimek,Jinshanpu,06/02/1957,China,mklimekm9@upenn.edu,504-449-8626
Vernice,Orrick,,,,vorrickma@weibo.com,
Ingeberg,Troubridge,Karangintan,02/28/1992,Indonesia,itroubridgemb@flickr.com,197-931-8318
Lulita,Hazeldene,Plovdiv,04/21/1998,Bulgaria,lhazeldenemc@netlog.com,340-695-6173
Rollin,Pedder,San Casimiro,03/20/1970,Philippines,rpeddermd@about.me,149-545-6544
Bord,Whiston,,,,bwhistonme@nasa.gov,
Osborn,Cadlock,Ishikawa,11/13/1971,Japan,ocadlockmf@opera.com,537-102-3710
Inesita,Kedward,Reims,10/05/1968,France,ikedwardmg@cornell.edu,532-771-0358
Christal,Cranidge,Bualan,05/29/1959,Philippines,ccranidgemh@nytimes.com,764-739-8262
Shelba,Woodberry,Huangqi,02/12/1993,China,swoodberrymi@about.me,662-839-7213
Baudoin,Todarello,Vítkov,06/22/1962,Czech Republic,btodarellomj@symantec.com,388-267-2750
Fletcher,Calf,Hede,01/30/1979,China,fcalfmk@histats.com,970-997-9400
Caril,Filtness,,,,cfiltnessml@studiopress.com,
Denny,Baline,Baisha,01/12/1954,China,dbalinemm@ifeng.com,577-296-0934
Gusella,Churly,Bembèrèkè,10/21/1993,Benin,gchurlymn@cloudflare.com,940-466-9985
Dyanne,Hainning,San José de Mayo,03/05/1979,Uruguay,,168-855-6175
Chryste,Checchi,Duran,09/24/1967,Philippines,,539-971-8720
Hall,Westhofer,,,,hwesthofermq@google.nl,
Bunny,Petasch,Peimei,01/23/1991,China,bpetaschmr@constantcontact.com,395-236-5080
Marlo,Miell,Al Mazār,10/26/1963,Jordan,mmiellms@ftc.gov,532-452-7654
Kissie,Mac Geaney,Pare,08/08/1981,Indonesia,kmacgeaneymt@springer.com,179-858-4476
Sheilah,Capinetti,Le Mans,07/24/1990,France,scapinettimu@howstuffworks.com,290-742-0337
Vinni,Sharrem,Tlogowetan,06/18/1983,Indonesia,vsharremmv@a8.net,677-355-0711
Adam,Abell,Francisco Morato,04/20/1990,Brazil,aabellmw@blogger.com,827-802-8065
Abby,Pencost,Krupka,09/09/1956,Czech Republic,apencostmx@dailymail.co.uk,228-394-3681
Roscoe,Guerri,Nossa Senhora da Glória,09/08/1984,Brazil,rguerrimy@ycombinator.com,719-743-3803
Aimee,Goode,Tutup,06/26/1982,Indonesia,agoodemz@youku.com,514-270-3632
Eloise,Waterland,Darovskoy,05/07/1965,Russia,ewaterlandn0@yahoo.co.jp,578-789-7788
Kip,Heaviside,Aghavnadzor,12/17/1965,Armenia,kheavisiden1@exblog.jp,602-825-1120
Nicol,Carlsen,Kurlovo,05/08/1970,Russia,ncarlsenn2@goo.gl,439-861-0866
Robinson,Knights,,,,rknightsn3@rakuten.co.jp,
Laurie,Draysay,Morrelgonj,09/29/1991,Bangladesh,,538-875-5234
Gretta,Spindler,Ban Nong Wua So,03/26/1990,Thailand,gspindlern5@addthis.com,828-608-5617
Roslyn,Abry,Solec Nad Wisłą,11/20/1950,Poland,rabryn6@ycombinator.com,261-619-5303
Karen,Duckit,Władysławowo,07/25/1988,Poland,,942-233-4350
Thomasa,Swales,Dayong,11/06/1974,China,tswalesn8@netvibes.com,660-984-1745
Amata,Gurge,La Falda,08/20/1955,Argentina,,436-998-5828
Venus,Nottingham,Gizel’,09/13/1999,Russia,vnottinghamna@ebay.com,951-946-8534
Mordy,Drinnan,Meudon,11/23/1993,France,mdrinnannb@bandcamp.com,211-716-7302
Booth,Dumberell,,,,bdumberellnc@chicagotribune.com,
Finlay,Surman,Büzmeýin,01/23/1954,Turkmenistan,fsurmannd@livejournal.com,844-316-2634
Murdock,Boutwell,Kuala Lumpur,03/22/1963,Malaysia,mboutwellne@gmpg.org,145-613-2943
Clayborn,Elvey,Zalesnoye,03/11/1995,Ukraine,celveynf@pen.io,763-531-0246
Penni,Sherewood,Yazman,01/08/1991,Pakistan,psherewoodng@omniture.com,132-714-2899
Tomi,Close,Revolucion Verde,12/18/1975,Mexico,tclosenh@boston.com,493-734-4894
Shellie,Farlamb,Zeewolde,05/29/1964,Netherlands,sfarlambni@liveinternet.ru,497-886-6848
Darin,Frammingham,Béziers,11/09/1989,France,dframminghamnj@statcounter.com,934-411-8686
Luciano,Paddeley,Huangcun,10/11/1998,China,lpaddeleynk@hao123.com,522-361-0446
Eward,Piercy,Jianggang,08/29/1969,China,,344-362-5115
Marve,Timbridge,Nardaran,10/01/1962,Azerbaijan,mtimbridgenm@altervista.org,848-875-1101
Zaneta,Bernakiewicz,Xiema,11/05/1987,China,zbernakiewicznn@gizmodo.com,997-154-4059
Thain,Goodings,Taling Chan,09/08/1988,Thailand,tgoodingsno@jigsy.com,889-590-5705
Irvin,Robathon,Sv. Trojica v Slov. Goricah,10/13/1999,Slovenia,irobathonnp@about.me,506-711-1916
Aggie,Drees,Annecy,04/25/1999,France,adreesnq@europa.eu,274-846-5371
Krystyna,Syrett,Paatan,07/07/1975,Philippines,ksyrettnr@acquirethisname.com,256-421-0557
Mirelle,Tort,Nazarje,11/27/1961,Slovenia,,583-244-0724
Alley,Wipfler,Liloan,11/13/1976,Philippines,awipflernt@devhub.com,193-140-6655
Abagael,Humphries,Mambago,04/12/1986,Philippines,ahumphriesnu@t.co,423-983-1220
Ambrosius,Pitblado,Martapura,11/06/1954,Indonesia,apitbladonv@alibaba.com,811-165-8598
Rosemarie,Jaukovic,Kuiyong,09/02/1971,China,rjaukovicnw@mysql.com,644-683-4564
Carole,Wetheril,Nunbaundelha,06/21/1953,Indonesia,cwetherilnx@economist.com,204-791-6783
Benedicto,Matthews,Yangping,10/29/1993,China,bmatthewsny@hhs.gov,132-374-6734
Lebbie,McGettrick,Metu,05/25/1995,Ethiopia,lmcgettricknz@uiuc.edu,206-617-6513
Shawnee,Lauder,Khon San,07/27/1957,Thailand,slaudero0@ucla.edu,100-579-4401
Obadias,Clampett,Borogontsy,12/26/1978,Russia,oclampetto1@reddit.com,456-789-5764
Aguistin,Gatley,Antsirabe,01/30/1977,Madagascar,agatleyo2@livejournal.com,484-830-4883
Tory,Burcombe,Tsagaanchuluut,10/05/1964,Mongolia,tburcombeo3@foxnews.com,188-498-5175
Elnar,Straffon,Kongolo,11/08/1985,Democratic Republic of the Congo,estraffono4@craigslist.org,201-698-7271
Trey,Fedder,Vayk’,03/02/1958,Armenia,,972-181-3721
Beatrix,Kidson,Komysh-Zorya,11/05/1978,Ukraine,bkidsono6@wsj.com,769-168-7991
Conrado,Wilsee,Anzhero-Sudzhensk,12/26/1992,Russia,cwilseeo7@webnode.com,373-918-2254
Giacopo,Heelis,Bentar,09/07/1954,Indonesia,gheeliso8@w3.org,450-262-6548
Nara,Macewan,Yakutsk,03/26/1987,Russia,nmacewano9@xinhuanet.com,438-723-8506
Henri,Biggerstaff,,,,hbiggerstaffoa@ihg.com,
Sterling,Campbell-Dunlop,Al Jarrāḩī,08/11/1956,Yemen,scampbelldunlopob@rakuten.co.jp,733-746-8677
Brannon,Schapiro,Grazhdanka,09/06/1998,Russia,bschapirooc@yolasite.com,362-921-4337
Roselle,Hasley,Ribaldeira,12/31/1964,Portugal,rhasleyod@latimes.com,191-398-0673
Tatum,Duck,Ozerki,12/13/1976,Russia,tduckoe@com.com,643-469-9977
Glyn,Baptiste,Zhangjiawo,04/06/1987,China,gbaptisteof@independent.co.uk,878-602-0347
Annemarie,Robers,Primorsko,09/20/1951,Bulgaria,arobersog@rakuten.co.jp,805-623-8051
Jodi,Huygen,Damiao,09/26/1963,China,jhuygenoh@imdb.com,724-818-6613
Steward,Stretton,Karlovo,05/01/1975,Bulgaria,sstrettonoi@t-online.de,340-947-8534
Zaneta,Zambon,Fresnes,11/15/1996,France,zzambonoj@stumbleupon.com,516-249-7926
Mariana,Salzburg,Cornwall,01/18/1991,Canada,msalzburgok@live.com,648-740-7527
Rinaldo,Sorrell,Tallahassee,12/23/1996,United States,rsorrellol@gravatar.com,850-907-4756
Orelee,Boteman,Anyama,11/10/1992,Ivory Coast,obotemanom@addthis.com,816-922-7705
Deonne,Remmers,Ozatlán,11/05/1980,El Salvador,dremmerson@creativecommons.org,475-959-3959
Lizzy,McTavy,Saint-Jouan-des-Guérets,12/27/1996,France,lmctavyoo@webeden.co.uk,838-718-3327
Silvan,MacGilpatrick,Añatuya,10/20/1989,Argentina,smacgilpatrickop@nsw.gov.au,661-638-1480
Worthington,Verick,Velas,09/15/1952,Portugal,wverickoq@ed.gov,942-257-5923
Ulric,Petchell,Qiligang,08/12/1992,China,upetchellor@seesaa.net,493-367-7683
Mathian,Peaker,Przeworsk,01/10/1952,Poland,mpeakeros@upenn.edu,615-978-5935
Dalston,Grosvener,Ambelón,07/10/1955,Greece,dgrosvenerot@msn.com,127-397-4659
Arlyne,Dudny,Maracanaú,06/01/1974,Brazil,adudnyou@toplist.cz,630-569-6577
Faythe,Corradetti,Ticrapo,08/26/1999,Peru,fcorradettiov@slideshare.net,127-528-2741
Ronica,Beany,Aleksandrovskiy Zavod,01/16/1959,Russia,rbeanyow@noaa.gov,629-907-4283
Orelee,Bartosik,Stara Pazova,12/23/1967,Serbia,obartosikox@about.com,743-565-4621
Edwina,Foard,Kampene,01/25/1955,Democratic Republic of the Congo,efoardoy@cisco.com,240-160-6940
Dulcia,Prujean,Areni,09/19/1982,Armenia,dprujeanoz@gmpg.org,689-898-7774
Em,Aspden,Isiolo,01/28/1963,Kenya,easpdenp0@naver.com,242-782-0599
Eddi,Martinson,Xiongzhang,07/08/1992,China,emartinsonp1@wordpress.org,379-765-0149
Phip,Sleney,Chiba,02/03/1994,Japan,psleneyp2@buzzfeed.com,734-968-0079
Fidelia,Nehls,Salto,07/16/1963,Uruguay,fnehlsp3@wired.com,475-203-0032
Farrand,Kornyakov,Carregueira,11/26/1953,Portugal,fkornyakovp4@archive.org,192-624-1053
Christean,Coggeshall,Krian,05/23/1966,Indonesia,,949-725-3361
Victoria,Tearney,Dapaong,03/20/1967,Togo,vtearneyp6@spiegel.de,839-275-0841
Eric,Pinckstone,Varberg,06/21/1994,Sweden,epinckstonep7@uiuc.edu,643-400-9557
Blondy,Pepperrall,,,,bpepperrallp8@163.com,
Jolyn,Matthaus,Guadalupe,12/31/1966,Mexico,jmatthausp9@wordpress.org,627-624-0624
Ron,Coolbear,Pantaibesar,06/06/1979,Indonesia,rcoolbearpa@prweb.com,475-766-4855
Jenelle,Sanbrooke,Aygepat,12/29/1972,Armenia,jsanbrookepb@illinois.edu,479-395-9070
Elsey,Connelly,Cajati,03/25/1992,Brazil,econnellypc@hud.gov,684-827-1874
Tani,Dargie,Bailu,11/27/1969,China,,575-427-4082
Randie,Stroobant,Ijuí,04/01/1985,Brazil,rstroobantpe@canalblog.com,593-748-8989
Domenic,Rotge,Novopokrovka,02/18/1968,Ukraine,,386-842-3157
Car,McIlrath,Talisayan,03/11/1955,Philippines,cmcilrathpg@baidu.com,938-454-3323
Worthy,Conan,Toulouse,05/05/1986,France,wconanph@people.com.cn,123-514-1450
Ofilia,Andress,Banjar Dukuh,12/29/1951,Indonesia,oandresspi@guardian.co.uk,480-739-9128
Dilan,Chant,Dulangan,03/17/1994,Philippines,dchantpj@zimbio.com,493-715-3579
Woodie,Wordsley,,,,wwordsleypk@wisc.edu,
Ruthann,Tansill,Yangdang,11/01/1957,China,rtansillpl@weather.com,347-854-6386
Grover,Thorndycraft,Hangkou,01/27/1963,China,gthorndycraftpm@eventbrite.com,333-135-0729
Winifred,Strank,Infanta,04/26/1995,Philippines,wstrankpn@mtv.com,237-965-0717
Warden,Greest,Balbalan,04/15/1980,Philippines,wgreestpo@redcross.org,965-829-5534
Ty,Asman,Artemisa,07/12/1961,Cuba,tasmanpp@si.edu,487-317-9955
Bertie,MacKnight,Houston,10/06/1996,United States,bmacknightpq@cnet.com,713-229-2347
Bordy,Bossom,Gamleby,02/14/1957,Sweden,,954-349-0709
Delbert,Menary,Santa Cruz,07/03/1989,Portugal,dmenaryps@smugmug.com,733-856-3304
Sheba,Quernel,Peoria,11/05/1954,United States,squernelpt@goo.gl,309-537-5758
Bennie,Gilfillan,Lagunas,08/27/1989,Peru,bgilfillanpu@arizona.edu,977-109-8973
Georges,Dymick,Guluoshan,06/12/1993,China,gdymickpv@mit.edu,799-572-5307
Kissie,Longbothom,Pocrí,05/11/1974,Panama,,662-444-2653
Kikelia,McKniely,Pahonjean,10/22/1991,Indonesia,kmcknielypx@taobao.com,559-373-8970
Hayward,Moore,Buenos Aires,12/24/1959,Mexico,hmoorepy@uol.com.br,202-607-2403
Wilmar,Hinstridge,Viesīte,01/08/1998,Latvia,whinstridgepz@nih.gov,247-948-1638
Zackariah,Gosson,Drenova,12/05/1968,Croatia,zgossonq0@reuters.com,774-139-3490
Ignatius,Lighton,Daping,08/29/1959,China,ilightonq1@soup.io,428-834-7140
Ursulina,Haslewood,Kruty,06/01/1972,Ukraine,uhaslewoodq2@sohu.com,478-392-6550
Freddy,Labbe,,,,flabbeq3@un.org,
Beatrice,Madgewick,Kpalimé,11/05/1990,Togo,bmadgewickq4@ebay.com,739-582-9134
Suzanne,Runchman,Wanshan,06/25/1991,China,srunchmanq5@cargocollective.com,608-418-9124
Brnaby,Connock,Stęszew,04/11/1962,Poland,bconnockq6@163.com,520-266-8763
Wynn,Kilbane,Zaoxi,01/23/1987,China,wkilbaneq7@amazon.co.uk,684-653-4815
Mario,Syred,Hrib-Loški Potok,03/08/1973,Slovenia,msyredq8@geocities.jp,136-199-7315
Ardra,Olford,Kedungdoro,10/25/1964,Indonesia,aolfordq9@miibeian.gov.cn,235-197-7276
Papageno,Tripcony,Perez,11/02/1968,Philippines,ptripconyqa@clickbank.net,160-242-7005
Rosemaria,Gehrels,Karuk,09/22/1994,Indonesia,rgehrelsqb@acquirethisname.com,658-428-4866
Rudiger,Heathfield,Topolovgrad,05/15/1976,Bulgaria,rheathfieldqc@linkedin.com,260-450-1966
Lyell,Coll,Kebonsari,06/07/1995,Indonesia,lcollqd@ustream.tv,557-262-8807
Roxane,Northen,Montgomery,06/26/1962,United States,rnorthenqe@howstuffworks.com,334-900-0449
Kliment,Jurzyk,São Sebastião do Caí,06/12/1978,Brazil,kjurzykqf@army.mil,248-110-2393
Erika,Corona,Mrągowo,09/20/1956,Poland,ecoronaqg@cisco.com,193-456-4307
Teddie,Battlestone,Wrocław,08/04/1969,Poland,tbattlestoneqh@51.la,898-676-9201
Zsa zsa,L' Estrange,Shcherbinka,11/17/1978,Russia,zlestrangeqi@com.com,893-594-3545
Garv,Van den Hof,Tucson,07/01/1996,United States,gvandenhofqj@adobe.com,520-308-2579
Adela,Lilburne,Laxou,02/27/1967,France,,548-354-4399
Field,Sweetzer,Szczawno-Zdrój,05/07/1963,Poland,fsweetzerql@naver.com,856-817-6055
Lewes,Macourek,Ribeira Grande,11/10/1983,Cape Verde,lmacourekqm@bloomberg.com,729-720-7803
Isacco,Brougham,Baru Timur,04/21/1954,Indonesia,ibroughamqn@home.pl,408-325-2798
Gillan,Dahlbom,Suncun,04/16/1953,China,gdahlbomqo@ucla.edu,259-810-5495
Karine,Deetlof,Shijia,03/19/1981,China,kdeetlofqp@adobe.com,633-334-4826
Lazare,Roman,Pedro Miguel,08/17/1968,Portugal,lromanqq@oaic.gov.au,400-629-1786
Brade,Bertolin,Gore,12/21/1957,New Zealand,,145-816-6914
Alysa,Milliere,,,,amilliereqs@dagondesign.com,
Dulcy,Corley,Martinópolis,01/12/1997,Brazil,dcorleyqt@ehow.com,560-169-1159
Dareen,Skeldon,Jiantiao,12/13/1963,China,dskeldonqu@blogger.com,443-629-6188
Washington,Idill,Pingqiao,09/23/1963,China,,198-839-0352
Aubert,Carnegie,Teberda,02/07/1973,Russia,acarnegieqw@istockphoto.com,973-730-3445
Brita,Beccera,Kryevidh,04/11/1972,Albania,bbecceraqx@photobucket.com,806-574-2347
Nickie,Bartrop,Węgliniec,09/24/1961,Poland,nbartropqy@1und1.de,519-785-3312
Dael,Dyball,Alexandroúpoli,06/15/1966,Greece,ddyballqz@dedecms.com,639-274-0173
Con,Griniov,Swindon,11/18/1984,United Kingdom,cgriniovr0@umn.edu,602-138-3262
Isa,Gueinn,Kama,03/15/1990,Russia,igueinnr1@auda.org.au,204-396-7237
Drucy,Josifovitz,Vale de Figueira,01/17/1976,Portugal,djosifovitzr2@hp.com,816-246-5268
Jamaal,Kristof,,,,jkristofr3@gmpg.org,
Garth,Harnott,Książki,06/28/1994,Poland,gharnottr4@seattletimes.com,183-108-9474
Marlie,Swiers,Uppsala,07/13/1974,Sweden,mswiersr5@newyorker.com,455-611-4367
Merla,Govini,Maple Plain,06/30/1963,United States,mgovinir6@smugmug.com,952-434-2545
Odo,Candelin,Tegalsari,09/06/1953,Indonesia,ocandelinr7@pcworld.com,767-240-1626
Amalle,Twyford,,,,atwyfordr8@ning.com,
Ford,Padgett,Āsmār,08/27/1977,Afghanistan,fpadgettr9@comsenz.com,942-569-0315
Patti,Dowe,Monte-Carlo,01/28/1974,Monaco,pdowera@storify.com,142-986-2174
Dare,Adams,Xindong,02/11/1952,China,dadamsrb@posterous.com,646-214-4436
Dierdre,Wild,Taquari,10/22/1985,Brazil,,894-900-9329
Caren,Mence,Rawaglagah,07/24/1959,Indonesia,cmencerd@surveymonkey.com,503-638-1711
Tiffani,Curnock,Shaxi,08/08/1998,China,tcurnockre@w3.org,822-290-1161
Mirabella,Winfred,Ovsyanka,09/29/1997,Russia,mwinfredrf@ftc.gov,580-125-2934
Sharlene,Thornebarrow,Ongi,01/31/1972,Mongolia,,254-809-3203
Saba,Leader,Pittsburgh,02/06/1980,United States,sleaderrh@cnbc.com,412-661-4634
Gilbert,Philott,Wenquan,11/11/1986,China,gphilottri@sciencedaily.com,460-447-2097
Sammy,Basindale,Sydney,01/18/1966,Australia,sbasindalerj@vinaora.com,338-489-8983
Tabb,Harrema,El Rancho,05/26/1997,Honduras,tharremark@uiuc.edu,213-510-8339
Gerick,Burgett,Luleå,03/23/1995,Sweden,gburgettrl@indiatimes.com,645-686-9440
Giffard,De Avenell,Qingyun,05/09/1963,China,gdeavenellrm@phpbb.com,735-296-5580
Kimberlyn,Mainson,,,,kmainsonrn@stanford.edu,
Marcille,Gulston,Asahbadung,06/17/1967,Indonesia,mgulstonro@shutterfly.com,506-907-8601
Carree,Olennikov,Detroit,07/11/1974,United States,colennikovrp@intel.com,313-984-2460
Rodd,Nicol,Villa General Belgrano,01/27/1967,Argentina,rnicolrq@bbc.co.uk,839-303-1428
Harry,Bateup,Hudson,04/26/1996,Canada,hbateuprr@cbslocal.com,356-746-1182
