first_name,last_name,birth_place,birth_date,country_living_in,email,phone
Felizio,Dannett,Ārt Khwājah,01/10/1960,Afghanistan,fdannett0@xrea.com,703-238-6792
Carey,Yesenin,,,,cyesenin1@constantcontact.com,
Karee,Burbank,Dū Qal‘ah,01/19/1950,Afghanistan,kburbank2@rakuten.co.jp,400-531-4044
Pru,Bramwell,Fujikawaguchiko,04/23/1982,Japan,pbramwell3@trellian.com,636-513-3418
Whitby,Shimon,Darya Boyi,08/20/1957,China,wshimon4@loc.gov,906-479-9224
Sunny,MacCorkell,Eckerö,12/24/1971,Aland Islands,smaccorkell5@prnewswire.com,321-603-8777
Merci,Bimrose,Niebylec,06/20/1966,Poland,mbimrose6@newyorker.com,657-731-8014
Haywood,O'Toole,Cikaras,03/29/1975,Indonesia,,352-202-4630
Aldis,Ekins,Lalībela,03/15/1963,Ethiopia,aekins8@liveinternet.ru,574-953-8559
Neron,Nizard,Estancia,12/05/1990,Philippines,,726-663-9136
Blinny,Yerlett,Yangjiaqiao,07/24/1983,China,byerletta@angelfire.com,984-583-5482
Robb,Stelfax,Ozëry,07/25/1981,Russia,,224-987-2937
Louella,Tunnick,Aknoul,08/07/1985,Morocco,ltunnickc@soup.io,245-156-1460
Todd,Piatto,Taza,03/28/1954,Morocco,tpiattod@typepad.com,423-933-6484
Greggory,Kiera,,,,gkierae@usatoday.com,
Karie,Knowlman,Washington,07/10/1957,United States,kknowlmanf@wordpress.org,202-219-3734
Gizela,Cescoti,Xincun,09/24/1984,China,,516-436-4708
Benedikt,Gemnett,Citeureup,03/26/1992,Indonesia,bgemnetth@utexas.edu,164-628-3928
Hunter,Wallsam,Dogonbadan,06/07/1961,Iran,hwallsami@wikimedia.org,668-449-5013
Elspeth,Winnister,Kingsey Falls,05/10/1962,Canada,ewinnisterj@kickstarter.com,453-427-5478
Delmor,Goble,Huangnan,12/05/1984,China,dgoblek@imgur.com,192-161-9597
Marshal,Cholmondeley,Bourges,06/10/1999,France,mcholmondeleyl@microsoft.com,765-674-8464
Gard,Tarrier,Bangus Kulon,09/09/1999,Indonesia,gtarrierm@reference.com,919-838-7408
Gwendolen,Patey,,,,gpateyn@auda.org.au,
Chrysa,Bourbon,Labuan,09/16/1955,Philippines,cbourbono@pbs.org,967-488-3176
Margaretta,Duckit,Severnyy,03/18/1950,Russia,mduckitp@admin.ch,310-291-3232
Andi,Snare,Nangxian,08/17/1966,China,,313-711-9280
Gisella,Traviss,Qinshi,06/24/1973,China,gtravissr@trellian.com,230-766-7695
Rice,Gillio,Ndibène Dahra,04/14/1976,Senegal,rgillios@gmpg.org,181-132-9384
Tim,Sallows,Cilolongokan,10/25/1976,Indonesia,tsallowst@amazon.de,836-284-8415
Laird,Lomaz,Tutnae,12/08/1973,Indonesia,llomazu@berkeley.edu,839-887-2883
Rollin,Burdell,Buenavista,12/15/1963,Mexico,rburdellv@tripod.com,908-690-8580
Daniella,Du Hamel,Jindong,09/18/1959,China,dduhamelw@nationalgeographic.com,701-216-7655
Dulcinea,Yoseloff,Dikwa,12/09/1958,Nigeria,dyoseloffx@mail.ru,606-731-3654
Efrem,Lydford,Jadowniki Mokre,04/01/1968,Poland,elydfordy@blogs.com,384-960-8756
Dixie,Grenshields,Casilda,02/08/1988,Argentina,dgrenshieldsz@google.de,985-873-9915
Giacinta,Barnewell,Liangli,12/07/1953,China,gbarnewell10@eepurl.com,732-850-9749
Loren,Vandrill,Danxi,08/30/1978,China,lvandrill11@hugedomains.com,321-990-6336
Natka,Richardes,Tanamiting,01/04/1971,Indonesia,nrichardes12@rambler.ru,177-932-3815
Juliette,Clausen,Peristerona,02/21/1976,Cyprus,jclausen13@hexun.com,873-564-7775
Christina,Canty,Áno Kalentíni,01/27/1981,Greece,ccanty14@about.me,354-141-9758
Josiah,Balmforth,Socos,06/27/1950,Peru,jbalmforth15@fotki.com,279-407-0277
Timmy,Carcas,Bujumbura,11/27/1982,Burundi,,400-475-4406
Spence,Grebbin,Manizales,04/01/1994,Colombia,sgrebbin17@weather.com,504-306-6633
Ced,Parres,Pryyutivka,01/08/1980,Ukraine,,741-321-5538
Blondy,Rawlings,Corujeira,07/16/1970,Portugal,brawlings19@microsoft.com,788-326-4559
Judith,Welman,Taojiahe,02/01/1981,China,jwelman1a@blogtalkradio.com,716-781-5602
Jaquith,Boules,Chenchang,02/13/1968,China,jboules1b@linkedin.com,921-138-4364
Gilles,McGavigan,Dahua,06/20/1969,China,,247-272-7323
Leonora,Domingues,Jōetsu,03/06/1969,Japan,ldomingues1d@t-online.de,898-950-2000
Adella,Rutty,Minūf,10/20/1981,Egypt,arutty1e@sourceforge.net,683-671-1803
Cleavland,Springtorpe,Wujiao,02/09/1998,China,cspringtorpe1f@51.la,367-631-6485
Cross,Costello,Río Bueno,08/10/1966,Chile,,574-404-6475
Louisa,Gallelli,Svyetlahorsk,03/23/1969,Belarus,lgallelli1h@goodreads.com,101-259-1328
Chick,Goodbarr,,,,,
Kim,Scrivenor,Kanganpur,08/27/1989,Pakistan,kscrivenor1j@friendfeed.com,974-314-4783
Mark,Casol,Khudoyelanskoye,11/24/1990,Russia,mcasol1k@phpbb.com,409-992-1186
Tamra,Dunklee,Qaryūt,07/27/1995,Palestinian Territory,tdunklee1l@va.gov,183-316-8735
Teressa,Whillock,Wufeng,01/11/1986,China,twhillock1m@japanpost.jp,292-703-2310
Hector,Gerardot,Zbąszynek,05/05/1999,Poland,,758-989-9569
Daryn,Fitzpayn,Burgas,08/23/1962,Bulgaria,dfitzpayn1o@yelp.com,839-121-4376
Rustie,Edens,Yangzhong,03/10/1974,China,,980-503-0292
Ferrell,Graine,Tanggungrejo,12/26/1972,Indonesia,fgraine1q@devhub.com,404-462-0640
Stevie,Seleway,Cisiih,07/05/1974,Indonesia,,178-834-6723
Allard,Burkwood,Yurimaguas,01/15/1993,Peru,,170-471-6458
Shannan,Tabourier,Padangsidempuan,04/07/1963,Indonesia,,683-299-3596
Daisi,Kittredge,Great Neck,08/16/1993,United States,dkittredge1u@tripadvisor.com,516-227-9775
Alisun,Kleinbaum,Erada,03/14/1978,Portugal,akleinbaum1v@engadget.com,217-772-6789
Virgil,Libbe,Guadalupe,07/26/1951,Mexico,vlibbe1w@sakura.ne.jp,645-530-4605
Maxine,Winear,Kalāt-e Nāderī,06/08/1991,Iran,mwinear1x@sogou.com,288-666-0871
Maury,Caldayrou,,,,mcaldayrou1y@mashable.com,
Marilyn,Backson,Kiernozia,12/15/1977,Poland,mbackson1z@dropbox.com,943-137-6031
Katherina,Cockcroft,Zhengyangshan,11/28/1956,China,,484-661-1504
Barty,Claxson,Konggar,02/21/1982,China,,964-952-0057
Galen,Doxey,Loay,01/28/1973,Philippines,gdoxey22@un.org,585-383-8723
Bendix,Kermath,Pang,01/26/1981,Philippines,bkermath23@redcross.org,643-828-5634
Delphine,Martell,Pyatovskiy,07/05/1961,Russia,dmartell24@nsw.gov.au,562-770-6673
Cody,Dalgarno,Pakxé,04/09/1961,Laos,cdalgarno25@smugmug.com,176-429-1314
Jessie,Trebilcock,Hermanus,08/31/1977,South Africa,jtrebilcock26@youtu.be,375-394-7211
Liesa,Billitteri,,,,lbillitteri27@narod.ru,
Serge,Damsell,Olympia,01/24/1962,United States,sdamsell28@com.com,360-514-3625
Dennie,Eskrick,,,,deskrick29@wikipedia.org,
Netti,Cupitt,Nedryhayliv,10/31/1994,Ukraine,ncupitt2a@i2i.jp,160-296-5969
Munroe,Geraldi,El Carmen,02/05/1957,Mexico,mgeraldi2b@fotki.com,192-947-3890
Sasha,Bridywater,Margita,04/04/1999,Serbia,sbridywater2c@cocolog-nifty.com,886-515-5584
Kip,Walhedd,Posedarje,10/11/1990,Croatia,kwalhedd2d@dell.com,265-687-9308
Sharl,Tolossi,Nytva,12/19/1994,Russia,stolossi2e@shop-pro.jp,536-442-6657
Carlita,Glencros,Ccuntuma,07/11/1955,Peru,cglencros2f@altervista.org,905-482-7885
Rodrick,Widdowes,Knyaginino,08/17/1956,Russia,rwiddowes2g@so-net.ne.jp,812-641-7119
Allie,Ansley,Tsimlyansk,01/22/1987,Russia,aansley2h@samsung.com,424-706-2729
Zachary,Jarvis,,,,,
Kipper,Cubley,,,,kcubley2j@prlog.org,
Fey,Nordass,Dębnica Kaszubska,04/01/1962,Poland,,672-473-4135
Drusilla,Yapp,Dadaha,09/27/1974,Indonesia,dyapp2l@purevolume.com,763-127-0400
Lesya,Beard,San Martín Zapotitlán,06/09/1957,Guatemala,,455-862-3586
Waverley,Agus,Janja,04/22/1977,Bosnia and Herzegovina,wagus2n@reddit.com,318-899-4968
Kenyon,de Leon,,,,kdeleon2o@moonfruit.com,
Audry,Eallis,Golovinskiy,05/19/1955,Russia,aeallis2p@home.pl,168-339-2128
Carly,Spackman,Balin,07/28/1996,China,cspackman2q@un.org,644-830-3630
Kerwin,Wison,Mýki,12/28/1952,Greece,kwison2r@studiopress.com,892-671-7871
Brandie,Tivenan,Huallanca,01/18/1974,Peru,btivenan2s@themeforest.net,593-103-2145
Nestor,Fernant,Qohord-e Bālā,06/17/1966,Iran,nfernant2t@redcross.org,719-111-2336
Jilli,Glassman,Kista,01/08/1977,Sweden,,193-168-7649
Britni,Hobble,Cerro Colorado,05/17/1993,Uruguay,bhobble2v@nytimes.com,960-989-0476
Nefen,Glanfield,Brody,04/23/1982,Poland,nglanfield2w@ox.ac.uk,952-240-4107
Hazel,Castaner,Noisy-le-Grand,06/12/1986,France,,461-582-8828
Zerk,Spiteri,Vahdat,02/03/1997,Tajikistan,zspiteri2y@xrea.com,718-319-1554
Jaime,Atwool,Ōzu,09/20/1989,Japan,jatwool2z@cisco.com,775-567-3947
Romola,Dampney,Palanas,06/28/1952,Philippines,rdampney30@sphinn.com,867-121-1043
Vasilis,Romanin,Ashton,07/27/1991,South Africa,vromanin31@illinois.edu,561-797-5522
Charmion,Gabbidon,Outeirô,07/21/1991,Portugal,cgabbidon32@lulu.com,466-297-6569
Ailsun,Wormstone,Čajetina,08/24/1950,Serbia,awormstone33@msn.com,273-587-6063
Herold,Bordes,Huinca Renancó,07/16/1976,Argentina,hbordes34@flavors.me,606-335-3312
Carla,Dey,Berlin,07/15/1979,Germany,cdey35@joomla.org,364-661-9690
Mick,Tuxsell,Charlotte,01/04/1970,United States,mtuxsell36@123-reg.co.uk,704-720-5507
Casie,Torrese,Outjo,04/13/1984,Namibia,ctorrese37@tripadvisor.com,957-319-6677
Langston,Crowther,,,,lcrowther38@wikimedia.org,
Kaycee,De Benedetti,Dolo,02/24/1968,Philippines,kdebenedetti39@meetup.com,433-461-4841
Raine,Hevner,Solomenskoye,01/08/1995,Russia,rhevner3a@ca.gov,180-140-8846
Ilyse,Harvey,Jojoima,04/30/1971,Sierra Leone,,690-751-7900
Patrica,Gurdon,Podkumskiy,03/15/1995,Russia,pgurdon3c@chicagotribune.com,195-740-3091
Caryl,Gillbanks,Zarechnyy,10/28/1961,Russia,cgillbanks3d@photobucket.com,167-664-8128
Alphonso,Quantrill,Montecristi,04/05/1957,Ecuador,aquantrill3e@icio.us,190-685-9436
Deana,Woollacott,Chennevières-sur-Marne,04/12/1985,France,dwoollacott3f@economist.com,237-493-0692
Clementina,Minger,Pskov,06/30/1999,Russia,cminger3g@ted.com,135-532-0299
Ezekiel,Crosscombe,Al Bājūr,09/12/1996,Egypt,ecrosscombe3h@privacy.gov.au,686-625-1439
Kareem,Khotler,Kraśniczyn,10/08/1952,Poland,kkhotler3i@yellowpages.com,978-184-7442
Hobie,Crichmer,Mandepa Barat,05/06/1980,Indonesia,hcrichmer3j@jiathis.com,872-252-1991
Rosalia,McDaid,Roanoke,09/11/1987,United States,rmcdaid3k@1und1.de,540-652-0314
Imogene,Lappine,Donan,05/28/1967,Indonesia,,184-635-6304
Ileane,Gisbye,Plandi,02/11/1960,Indonesia,igisbye3m@china.com.cn,502-722-9683
Ray,Grassin,Guodu,02/23/1967,China,rgrassin3n@prnewswire.com,987-592-6571
Donnie,Vader,Hamburg Harvestehude,04/23/1954,Germany,dvader3o@twitter.com,188-855-6288
Redd,Hullins,Datong,03/24/1994,China,rhullins3p@japanpost.jp,100-896-4135
Fleming,Lidgett,Nancha,11/06/1984,China,flidgett3q@admin.ch,621-768-7724
Garald,Faragher,Cekcyn,02/14/1982,Poland,gfaragher3r@census.gov,409-680-7003
Yalonda,Cathery,Panunggangan,02/11/1954,Indonesia,ycathery3s@bigcartel.com,385-215-8908
Mureil,Donnett,Baganha,06/07/1989,Portugal,mdonnett3t@nytimes.com,244-642-5799
Dario,Newburn,Myasnikyan,11/08/1958,Armenia,dnewburn3u@chron.com,596-921-8877
Hube,Farrington,Hezhi,11/03/1956,China,hfarrington3v@mit.edu,301-169-1133
Yuri,Torbett,Vallauris,11/10/1992,France,,624-826-7215
Selie,Earney,Söderhamn,09/17/1964,Sweden,searney3x@cocolog-nifty.com,461-328-0079
Joycelin,Beecheno,Zoumaling,11/23/1967,China,jbeecheno3y@symantec.com,687-943-0208
Cassius,Stanluck,Tulay,10/11/1998,Philippines,cstanluck3z@ft.com,407-695-5384
Rodi,Minor,Huixing,10/27/1979,China,rminor40@mashable.com,519-186-4992
Krishnah,Jecks,Hénin-Beaumont,01/15/1950,France,kjecks41@deviantart.com,367-187-7495
Gnni,Exelby,Skorogoszcz,04/17/1996,Poland,gexelby42@printfriendly.com,227-547-1741
Shawn,Bragge,Alejal,08/25/1978,Philippines,sbragge43@apache.org,883-143-9539
D'arcy,Binfield,Cangchang,12/16/1991,China,dbinfield44@amazon.com,197-323-2648
Nona,Jennens,Solnechnogorsk,06/13/1956,Russia,njennens45@eventbrite.com,267-300-8507
Huberto,Sked,Sydney,11/18/1962,Australia,hsked46@edublogs.org,937-569-9066
Hastings,Kembery,Thika,03/14/1957,Kenya,hkembery47@imageshack.us,599-362-7725
Glenna,Bamling,Cincinnati,05/12/1952,United States,gbamling48@dropbox.com,513-175-0729
Sibilla,Donaldson,Shangkuli,07/21/1981,China,sdonaldson49@hubpages.com,562-252-1107
Magdalena,Haggerston,,,,mhaggerston4a@hugedomains.com,
Molly,Johl,Caibarién,07/15/1954,Cuba,mjohl4b@cbslocal.com,566-541-6338
Doll,Vautre,Mont-Laurier,08/09/1982,Canada,dvautre4c@edublogs.org,811-351-3707
Vyky,Gudge,Jiaowei,10/12/1960,China,vgudge4d@bbb.org,480-553-4550
Mikey,Conibeer,Goraj,03/02/1988,Poland,mconibeer4e@opensource.org,749-654-3827
Terence,Arnell,Tongguan,05/21/1986,China,,304-508-5930
Esther,Agott,Barbosa,07/30/1996,Colombia,eagott4g@usa.gov,708-175-8844
Aleta,Paling,Esmoriz,06/16/1984,Portugal,apaling4h@theatlantic.com,312-461-3754
Stefa,Klaassens,Sindangheula,03/07/1992,Indonesia,sklaassens4i@marketwatch.com,378-727-1893
Danita,Sunnucks,Zaragoza,04/22/1967,Mexico,,968-180-0272
Carlina,Lytle,Yantai,08/20/1984,China,clytle4k@psu.edu,293-755-8841
Ossie,Cloute,Zarzal,09/05/1997,Colombia,ocloute4l@mtv.com,569-687-3884
Gibby,Burehill,Xucheng,12/18/1971,China,gburehill4m@goo.gl,613-339-3726
Bobinette,Vondrasek,Oakland,11/18/1952,United States,bvondrasek4n@cnn.com,510-273-5422
Robyn,Rosberg,Cortes,10/06/1986,Portugal,rrosberg4o@reference.com,905-929-4666
Paige,Stockford,Catujal,09/28/1950,Portugal,pstockford4p@bbb.org,564-561-8223
Wiley,Lamminam,Uzyn,12/13/1959,Ukraine,wlamminam4q@constantcontact.com,970-594-6219
Kliment,Matthewes,Shunde,02/28/1994,China,kmatthewes4r@oakley.com,965-727-7490
Retha,Gaylord,Talacogon,07/25/1953,Philippines,,330-557-6579
Teddy,Kainz,Zhongxi,10/04/1956,China,tkainz4t@flickr.com,471-918-8575
Sidonia,Krink,,,,,
Patricia,Fettis,Abiko,02/04/1973,Japan,pfettis4v@slideshare.net,638-576-4942
Bordie,Marti,San Juan,09/20/1954,Philippines,bmarti4w@cocolog-nifty.com,592-557-8134
Karylin,Madgett,Augusto Corrêa,04/08/1978,Brazil,,324-607-0195
Alberik,Marlon,Barreiro do Jaíba,03/14/1970,Brazil,amarlon4y@wikipedia.org,525-771-4362
Tucky,Cowup,Babug,03/01/1989,Philippines,,112-840-7818
Dorree,Yockley,São Roque,09/29/1978,Brazil,dyockley50@columbia.edu,235-453-1378
Tammie,Dinjes,La Unión,03/28/1992,Peru,tdinjes51@mozilla.com,415-393-2771
Lief,Fiddian,Tayirove,01/18/1964,Ukraine,lfiddian52@time.com,809-387-1448
Raul,Desport,Desa Kertasari,04/04/1966,Indonesia,rdesport53@google.es,282-363-3856
Ulrikaumeko,Bate,Krasnogvardeyets,07/08/1985,Russia,,118-860-1094
Vernen,Pughsley,Shigu,03/12/1950,China,vpughsley55@wsj.com,468-628-3065
Tory,Tanner,Caxambu,08/01/1967,Brazil,ttanner56@t-online.de,787-507-8540
Cati,Nunn,Włocławek,11/13/1987,Poland,cnunn57@cargocollective.com,884-290-3478
Quillan,McGrann,Balyaga,07/10/1983,Russia,qmcgrann58@mtv.com,739-576-1152
Rania,Worsell,Guaíba,06/01/1971,Brazil,rworsell59@squidoo.com,813-193-8971
Terrell,Prisk,Nuevo Amanecer,04/15/1954,Nicaragua,tprisk5a@google.com,979-377-8591
Tommi,Tousy,Futian,09/07/1981,China,ttousy5b@answers.com,965-933-4146
Sheryl,Willbond,Nal’chik,03/16/1970,Russia,swillbond5c@si.edu,140-510-5394
Collete,Juschke,Qiqian,11/03/1981,China,cjuschke5d@dropbox.com,231-588-4120
Alva,Breckin,Chengzi,12/01/1999,China,abreckin5e@gnu.org,935-637-0223
Sibbie,Ganders,El Águila,12/22/1963,Colombia,sganders5f@about.com,345-604-4546
Mahalia,Negal,,,,mnegal5g@upenn.edu,
Olivette,Abley,Ipiales,01/05/1991,Colombia,oabley5h@mail.ru,340-270-6460
Miranda,Jedrys,Itoman,09/20/1961,Japan,mjedrys5i@so-net.ne.jp,588-416-6637
Efren,Monnoyer,Grand Rapids,04/17/1999,United States,emonnoyer5j@guardian.co.uk,616-483-4312
Tiler,Matyushkin,,,,tmatyushkin5k@mapquest.com,
Jdavie,Ousbie,Hezhai,09/02/1952,China,,647-718-7109
Eugine,Vawton,Shuangyang,04/19/1970,China,evawton5m@oakley.com,939-206-0633
Gretta,Haggerty,Unquillo,07/03/1955,Argentina,ghaggerty5n@shop-pro.jp,393-694-6138
Basile,Brodeur,Francisco I Madero,01/26/1965,Mexico,,756-493-1888
Garvey,Bursnoll,Luocheng,01/16/1968,China,gbursnoll5p@house.gov,112-689-9300
Alano,Tuttle,Mników,01/19/1986,Poland,atuttle5q@nydailynews.com,314-280-8279
Guilbert,Squibbs,Koupéla,05/04/1973,Burkina Faso,,248-885-1513
Tybie,Carleman,Pangu,08/23/1975,China,tcarleman5s@storify.com,722-598-0081
Nicol,Troillet,Idenao,08/14/1963,Cameroon,ntroillet5t@blogspot.com,571-640-0172
Caddric,McFade,Chivor,06/29/1960,Colombia,cmcfade5u@hexun.com,620-591-2603
Romola,O' Mulderrig,Staronizhestebliyevskaya,02/01/1988,Russia,romulderrig5v@senate.gov,310-856-6635
Nelson,O'Dougherty,Lębork,04/19/1989,Poland,nodougherty5w@instagram.com,720-189-0611
Hakim,Keaveney,El Mirador,10/11/1986,Mexico,hkeaveney5x@cdc.gov,346-294-3770
Perry,Naisby,Zhoujiadian,06/01/1967,China,pnaisby5y@hatena.ne.jp,423-259-4115
Aryn,Elrick,Pirassununga,02/22/1980,Brazil,,629-982-9454
Justis,Julien,Girón,05/15/1978,Colombia,jjulien60@shinystat.com,447-232-5484
Karalee,Cowthard,Xingpinglu,12/17/1987,China,kcowthard61@java.com,244-334-6085
Kimberlyn,Mulcock,Haozhai,09/16/1961,China,kmulcock62@utexas.edu,694-532-3793
Kathi,Fontell,Uthai,01/18/1978,Thailand,kfontell63@mashable.com,960-113-3388
Hetty,Corrin,Huashu,01/03/1980,China,hcorrin64@t.co,814-584-7608
Lib,Shann,Pahing Jalatrang,06/02/1951,Indonesia,lshann65@telegraph.co.uk,101-942-2077
Dolorita,Kesey,Petaẖ Tiqwa,12/13/1990,Israel,dkesey66@nature.com,993-794-3995
Guglielmo,Nertney,Parksville,09/11/1997,Canada,,185-811-6958
Worthy,Athey,El Valle del Espíritu Santo,02/15/1989,Venezuela,,399-176-5077
Camel,Bottomore,Krajan Sale,05/08/1985,Indonesia,,636-369-0620
Kimmie,Atterley,Curahklapa,01/26/1960,Indonesia,katterley6a@skype.com,511-793-5048
Clerc,Condliffe,,,,ccondliffe6b@vimeo.com,
Haze,Jardine,Malbork,03/26/1990,Poland,,459-768-7042
Kary,Realph,Kadukandel,09/02/1968,Indonesia,krealph6d@craigslist.org,927-349-7103
Quill,Balf,,,,qbalf6e@irs.gov,
Hildegarde,Sawford,Columbus,09/22/1952,United States,hsawford6f@so-net.ne.jp,740-591-5827
Chev,Gluyus,Panbang,01/15/1969,Bhutan,cgluyus6g@purevolume.com,993-505-2688
Goldy,Trude,Galūgāh,10/23/1994,Iran,gtrude6h@phoca.cz,320-954-4170
Dasi,Vinas,Kashima-shi,02/18/1969,Japan,dvinas6i@pen.io,813-892-5617
Nolie,Jessope,Fengyang,09/25/1999,China,,823-516-8039
Lulita,Redferne,Páchni,10/21/1983,Greece,lredferne6k@reddit.com,888-516-1309
L;urette,Landsborough,Årsta,12/11/1975,Sweden,llandsborough6l@so-net.ne.jp,609-718-3564
Nikita,Ready,Laranjeiras do Sul,09/19/1990,Brazil,nready6m@flickr.com,265-134-9383
Querida,Narracott,Karanganyar,01/05/1973,Indonesia,qnarracott6n@51.la,616-573-4771
Berte,Kesey,Sjöbo,01/27/1966,Sweden,bkesey6o@xinhuanet.com,513-377-3008
Nicki,Collidge,,,,ncollidge6p@toplist.cz,
Mechelle,Born,Jiaozhou,04/26/1956,China,,528-787-9887
Wes,Granleese,,,,wgranleese6r@miibeian.gov.cn,
Flossie,Stuer,London,03/24/1983,United Kingdom,,450-902-5717
Vidovic,Cobb,Campok,05/20/1974,Indonesia,,141-376-2795
Horatia,Colwell,Wudian,03/11/1958,China,,779-227-7639
Lon,Maltby,Lucban,03/30/1958,Philippines,lmaltby6v@multiply.com,126-199-0935
Archie,Burbidge,,,,aburbidge6w@loc.gov,
Kass,Labrenz,Ban Tak,01/13/1974,Thailand,klabrenz6x@msn.com,594-753-6022
Aaron,Ilive,Staronizhestebliyevskaya,02/21/1987,Russia,,541-560-9278
Caro,Tort,La Palma,07/15/1977,Mexico,ctort6z@wikispaces.com,413-110-5168
Kory,Spira,Mizhhir’ya,07/21/1991,Ukraine,kspira70@edublogs.org,797-941-6043
Lucinda,Bozier,Salt Lake City,01/29/1950,United States,lbozier71@smugmug.com,801-334-7707
Bertrando,Low,Kagal’nitskaya,08/01/1953,Russia,blow72@europa.eu,113-950-1438
Mahala,Smithers,Cockburn Town,11/05/1970,Bahamas,,418-200-6426
Nealy,Wones,Krajan Bejagung,06/08/1963,Indonesia,nwones74@wikimedia.org,909-501-6551
Kristine,Frankish,Napel,05/11/1998,Indonesia,kfrankish75@lycos.com,238-300-8643
Ulric,Rickesies,Point Pedro,09/01/1985,Sri Lanka,urickesies76@tiny.cc,841-384-3611
Gerrard,Trinke,Prokuplje,04/20/1959,Serbia,,938-523-0252
Bennie,Lenchenko,Wolofeo,10/04/1963,Indonesia,blenchenko78@devhub.com,162-690-3032
Ibby,Glayzer,El Carmen,03/04/1985,Colombia,iglayzer79@twitter.com,917-440-5789
Constancy,Scay,Luleå,06/28/1955,Sweden,cscay7a@omniture.com,218-414-7735
Amandi,Schwerin,Sendai,09/10/1987,Japan,aschwerin7b@goo.gl,653-381-7465
Fons,Brogden,Olszówka,12/22/1992,Poland,fbrogden7c@github.io,217-593-1662
Claresta,Albrooke,Guandi,05/15/1967,China,calbrooke7d@ehow.com,203-201-6821
Hendrik,Till,Lianzhou,01/06/1966,China,htill7e@dmoz.org,704-735-9914
Homer,Dugue,Huarancante,04/01/1979,Peru,,402-764-9788
Dorothea,Cootes,Skawica,04/29/1967,Poland,dcootes7g@webnode.com,267-455-6532
Sid,Durrant,Morez,05/19/1964,France,sdurrant7h@discuz.net,243-396-8714
Joni,Kubik,Chacarita,04/03/1969,Costa Rica,jkubik7i@networkadvertising.org,771-887-3909
Alphonse,Blindt,Kermānshāh,12/23/1992,Iran,ablindt7j@si.edu,127-471-0551
Emanuel,Lindner,Woto,03/14/1974,Indonesia,elindner7k@state.gov,159-228-7523
Ailee,Eckart,Port Elizabeth,07/05/1990,Saint Vincent and the Grenadines,aeckart7l@youtu.be,458-433-7287
Gerhard,Payn,Badeggi,11/29/1970,Nigeria,gpayn7m@wordpress.com,937-721-4395
Archibold,Dignum,Granada,04/14/1990,Colombia,adignum7n@ucla.edu,495-132-0960
Mame,Alyutin,Nangka,11/15/1972,Philippines,,826-203-0696
Maggee,Roderham,Heishui,03/16/1960,China,mroderham7p@csmonitor.com,363-141-6265
Whitney,Pecey,Zhongben,06/15/1968,China,wpecey7q@yale.edu,237-507-9643
Georgina,Neighbour,Budapest,02/10/1958,Hungary,gneighbour7r@nasa.gov,739-600-5045
Selle,Armes,Heishui,10/12/1966,China,sarmes7s@jigsy.com,674-138-4240
Hughie,Imeson,Hiseti,07/29/1981,Bosnia and Herzegovina,himeson7t@gov.uk,599-645-1527
Dore,McGilvra,Pavlivka,12/23/1962,Ukraine,dmcgilvra7u@addtoany.com,565-212-2778
Salvador,Curling,Węgry,02/25/1980,Poland,scurling7v@netvibes.com,409-342-9873
Guinevere,Pietrasik,Plan de Ayala,12/21/1974,Mexico,gpietrasik7w@tuttocitta.it,616-556-5053
Bridie,Bichener,Străşeni,06/07/1961,Moldova,bbichener7x@springer.com,177-846-4606
D'arcy,Finney,Simo,09/20/1974,Finland,dfinney7y@nsw.gov.au,678-602-6100
Flora,Brasse,Haiyangsuo,04/06/1999,China,fbrasse7z@printfriendly.com,547-864-1717
Guillemette,Tryhorn,Bořetice,08/24/1951,Czech Republic,gtryhorn80@cpanel.net,236-597-4792
Jonas,Burhill,Al Marsá,06/27/1962,Tunisia,jburhill81@usatoday.com,327-374-9295
Birgit,Comiskey,Melgar,02/09/1973,Colombia,bcomiskey82@macromedia.com,546-715-1325
Cristionna,Sueter,Gedangan,10/08/1973,Indonesia,csueter83@clickbank.net,509-670-5808
Keeley,Scinelli,Stockholm,06/30/1985,Sweden,kscinelli84@google.com.hk,581-102-8098
Clea,Peasee,Utena,08/18/1985,Lithuania,cpeasee85@buzzfeed.com,239-626-8315
Nikki,Kinlock,Shilovo,05/04/1970,Russia,,899-909-9343
Rosemary,Rainsbury,Windusakti Hilir,07/24/1952,Indonesia,rrainsbury87@123-reg.co.uk,967-226-6607
Ariel,Kruschov,Naguilian,03/27/1978,Philippines,akruschov88@edublogs.org,853-687-4809
Angil,Spear,Örebro,10/12/1992,Sweden,,591-282-5655
Peyton,Johnke,Linëvo,04/24/1954,Russia,,438-919-9237
Kariotta,Blaxland,Ansheng,12/04/1952,China,kblaxland8b@mapy.cz,329-116-9695
Sheffie,Dudden,Daleman,03/20/1964,Indonesia,sdudden8c@hud.gov,415-784-0581
Brenna,Allport,Shijia,12/08/1999,China,,632-825-5074
Isis,Burwood,Xiangshi,02/14/1964,China,iburwood8e@usda.gov,364-873-1408
Shay,Sturgeon,Harbin,10/09/1952,China,ssturgeon8f@boston.com,953-196-5216
Cyrus,Shieber,Stoney Ground,04/11/1962,Anguilla,cshieber8g@craigslist.org,103-669-6849
Lanie,Bruckman,Couto,01/30/1956,Portugal,lbruckman8h@hexun.com,618-182-7849
Dwain,Harniman,Vĩnh Tường,11/02/1953,Vietnam,dharniman8i@nature.com,253-547-2033
Reinhard,Dawidsohn,Sabang,04/10/1971,Philippines,rdawidsohn8j@usda.gov,656-870-1763
Wallache,Sibley,Zhaocun,09/22/1957,China,wsibley8k@accuweather.com,639-650-6843
Susie,Darragh,Melíssi,06/28/1979,Greece,sdarragh8l@spotify.com,576-315-9193
Darbee,Strute,Bongsri,12/30/1997,Indonesia,dstrute8m@usda.gov,689-578-0885
Ignacio,Neilands,Dadoupu,03/04/1969,China,,499-264-4265
Sandy,Siret,San Fernando Apure,05/16/1955,Venezuela,ssiret8o@ning.com,428-253-7270
Adel,Bootell,Tiwi,06/30/1976,Philippines,abootell8p@comcast.net,288-879-2279
Tiffany,Petegree,Ore,04/27/1988,Nigeria,tpetegree8q@last.fm,347-573-6783
Byrann,Vondrach,Novospasskoye,12/05/1957,Russia,bvondrach8r@bbc.co.uk,213-819-1228
Kendricks,Ragdale,Embu,02/24/1995,Kenya,kragdale8s@paypal.com,186-620-1762
Dukie,Michallat,Vitória,11/12/1995,Brazil,dmichallat8t@sciencedaily.com,483-683-8793
Leonie,Gabbatiss,Ancol,01/07/1951,Indonesia,lgabbatiss8u@google.ca,149-509-9509
Brody,Champkin,El Aguilar,08/27/1985,Argentina,bchampkin8v@plala.or.jp,517-532-3823
Dare,Osgardby,Nowe Skalmierzyce,10/05/1987,Poland,dosgardby8w@elpais.com,624-104-9695
Renaldo,Halstead,Jiujianfang,12/10/1982,China,rhalstead8x@clickbank.net,703-648-5503
Krystalle,Cumes,Colombes,02/18/1998,France,kcumes8y@nydailynews.com,104-979-5315
Burty,Farris,Puerto Rico,04/08/1975,Peru,bfarris8z@shutterfly.com,252-758-5015
Roderic,Sweynson,Mercedes,07/06/1996,Costa Rica,rsweynson90@icq.com,783-453-8653
Kaile,Cargen,Ijero-Ekiti,08/29/1973,Nigeria,kcargen91@dell.com,297-269-6061
Debera,Dreghorn,,,,ddreghorn92@nationalgeographic.com,
Fitzgerald,Brittian,Maswa,01/29/1952,Tanzania,fbrittian93@ox.ac.uk,486-637-9400
Britte,Surgen,Santo Niño,03/15/1985,Philippines,bsurgen94@usa.gov,301-138-3268
Carla,McCamish,Balazar,03/07/1970,Portugal,cmccamish95@msn.com,931-152-4658
Pate,Rumsey,Macas,12/26/1983,Ecuador,prumsey96@icio.us,267-120-9741
Wilmette,Brandolini,Bystřice nad Pernštejnem,06/28/1999,Czech Republic,wbrandolini97@eepurl.com,862-404-2001
Gordie,De Minico,Mantes-la-Jolie,06/26/1996,France,,318-954-7131
Sela,Tomkys,Bouaflé,05/20/1980,Ivory Coast,,512-705-2055
Ursa,Josilowski,Parang,10/27/1987,Indonesia,ujosilowski9a@seattletimes.com,542-644-1939
Haze,Peealess,Kurashiki,02/10/1983,Japan,hpeealess9b@amazon.co.uk,452-418-8869
Bartie,Loveredge,Cikadu,12/24/1955,Indonesia,bloveredge9c@arstechnica.com,254-935-9009
Aurea,Bawcock,San Miguel,10/01/1983,Philippines,abawcock9d@flickr.com,356-989-4635
Floris,Paoli,Sidikalang,12/06/1993,Indonesia,,172-369-7227
Panchito,Catling,Alfeizerão,07/08/1986,Portugal,pcatling9f@booking.com,814-459-6160
Fara,Keirl,San José de Barlovento,11/11/1994,Venezuela,fkeirl9g@parallels.com,611-915-0010
Gamaliel,Castledine,,,,gcastledine9h@exblog.jp,
Sullivan,Bedell,Muldersdriseloop,11/08/1986,South Africa,sbedell9i@desdev.cn,553-743-0532
Hermy,Doonican,El Calafate,01/25/1995,Argentina,hdoonican9j@indiatimes.com,197-156-4798
Octavia,Hakes,Skhodnya,08/16/1969,Russia,,185-353-7014
Giordano,Shooter,Przemków,05/31/1981,Poland,gshooter9l@ed.gov,459-736-9470
Reyna,Vodden,Camplong,08/29/1962,Indonesia,rvodden9m@netlog.com,492-422-7187
Kristan,Keoghane,Meijiahe,09/13/1956,China,kkeoghane9n@xrea.com,167-590-2273
Jeanette,Silburn,Strohonivka,06/06/1970,Ukraine,jsilburn9o@theglobeandmail.com,737-236-9912
Peg,Whiterod,Lanlongkou,12/30/1963,China,pwhiterod9p@usatoday.com,533-815-4977
Saree,Lidden,Mantalongon,08/02/1962,Philippines,slidden9q@twitter.com,551-148-7483
Bartholomeo,Torregiani,Nahrīn,06/19/1998,Afghanistan,btorregiani9r@addtoany.com,796-556-1454
Shandy,Hartley,Oenunu,01/31/1972,Indonesia,shartley9s@zdnet.com,959-754-1104
Prent,Steptow,Canmang,07/28/1991,China,psteptow9t@instagram.com,316-541-7987
Maggie,Zappel,Américo Brasiliense,08/23/1970,Brazil,,680-480-3899
Jarib,Hailston,Eastern Suburbs Mc,09/24/1964,Australia,jhailston9v@ustream.tv,931-818-8196
Marge,Southerden,Jin’an,09/03/1974,China,msoutherden9w@dailymotion.com,805-331-6245
Flory,Hylands,Franco da Rocha,07/29/1994,Brazil,fhylands9x@drupal.org,569-432-0677
Woodie,Ingamells,Toulon,04/12/1957,France,,362-752-2485
Brooks,Sallier,Luotuo,04/13/1976,China,bsallier9z@accuweather.com,820-223-8886
Sheelagh,Mocker,Shorko,03/18/1956,Pakistan,smockera0@t-online.de,283-552-5734
Gail,Taylder,Šestajovice,06/30/1992,Czech Republic,gtayldera1@cisco.com,891-216-9154
Laetitia,Riep,Szydłowo,03/11/1952,Poland,lriepa2@clickbank.net,666-892-8325
Paulina,Thursby,Privodino,07/16/1997,Russia,pthursbya3@studiopress.com,104-900-6818
Sheridan,Ayris,Sérifos,08/11/1988,Greece,sayrisa4@delicious.com,990-407-7040
Ellary,Trowsdale,Hor,09/21/1953,China,etrowsdalea5@mtv.com,990-858-7136
Glen,Mackilpatrick,Homa Bay,08/04/1980,Kenya,gmackilpatricka6@fotki.com,929-155-3309
Andree,Albro,Rydzyna,03/13/1994,Poland,aalbroa7@angelfire.com,175-907-8723
Lauritz,Janks,Jember,05/31/1957,Indonesia,ljanksa8@weibo.com,613-966-2078
Mariette,McGiveen,Victoria,09/16/1978,Philippines,mmcgiveena9@yellowpages.com,476-961-1734
Arnold,Dickinson,Naj‘ Ḩammādī,04/16/1976,Egypt,adickinsonaa@shop-pro.jp,938-583-2923
Eachelle,Milverton,Jicun,10/09/1978,China,emilvertonab@ebay.co.uk,629-328-9398
Nicky,Welton,Nizhniy Kurkuzhin,12/27/1950,Russia,nweltonac@livejournal.com,669-807-6796
Ado,Pidgeon,Madrid,11/30/1971,Spain,,633-415-7253
Correy,Diboll,Xinle,02/12/1989,China,cdibollae@sciencedirect.com,696-528-0709
Kennett,Hadlow,Hali,07/14/1991,China,khadlowaf@twitter.com,319-616-4169
Arvie,Casson,Den Haag,12/16/1997,Netherlands,acassonag@dagondesign.com,795-229-4884
Carlita,Haydney,Baihua,11/16/1983,China,chaydneyah@shareasale.com,671-202-7240
Cinderella,Shillitoe,Stockholm,01/25/1968,Sweden,,432-635-2466
Mamie,Decruse,Uthai Thani,04/26/1952,Thailand,mdecruseaj@com.com,952-572-9903
Zack,Wreak,Mandiana,03/03/1991,Guinea,zwreakak@boston.com,576-527-2901
Mira,Thomas,Tutnae,09/04/1956,Indonesia,mthomasal@fema.gov,953-996-8227
Adrian,Charte,Chegdomyn,02/18/1998,Russia,acharteam@sogou.com,856-657-1454
Rance,Fellona,,,,,
Kristopher,Cockson,Qingshui,02/16/1966,China,,240-989-8358
Lemmy,Duffie,Nggelok,05/27/1971,Indonesia,lduffieap@example.com,612-946-3062
Denis,Mardling,Manaquiri,01/16/1953,Brazil,dmardlingaq@usda.gov,848-866-6900
Albie,Dumphrey,,,,adumphreyar@cocolog-nifty.com,
Yetta,Grason,Bernardo Larroudé,07/07/1968,Argentina,ygrasonas@sciencedaily.com,334-696-3881
Rudyard,Sheivels,Palermo,09/23/1986,Italy,rsheivelsat@angelfire.com,204-874-4392
Steven,Eaglesham,Svilengrad,07/21/1977,Bulgaria,seagleshamau@wordpress.org,505-253-5355
Koren,Eagan,Pácora,03/10/1976,Colombia,,739-835-7091
Corny,Guinn,Cerrito,11/14/1980,Colombia,cguinnaw@rediff.com,271-418-9773
Darius,Nevett,,,,dnevettax@salon.com,
Guglielmo,Guise,Chiara,09/13/1963,Peru,gguiseay@joomla.org,318-713-5671
Donalt,Camplin,Nungwi,02/21/1983,Tanzania,dcamplinaz@nih.gov,479-696-8730
Marquita,Berryann,Pudasjärvi,07/08/1959,Finland,mberryannb0@jalbum.net,662-301-6016
Veronika,Helix,Meikeng,03/25/1992,China,vhelixb1@cdbaby.com,931-939-0480
Arley,Godridge,Montauban,06/23/1999,France,agodridgeb2@ucsd.edu,709-917-3040
Adena,Haddrill,,,,ahaddrillb3@marketwatch.com,
Irvin,Tucsell,Kakhovka,07/18/1975,Ukraine,itucsellb4@narod.ru,959-902-3423
Elias,Hansemann,,,,,
Livvy,Duddan,,,,lduddanb6@google.nl,
Dulciana,McGinnis,Yangliu,08/17/1982,China,,263-435-4533
Mirna,Labone,Solingen,10/12/1953,Germany,mlaboneb8@mit.edu,106-567-6326
Eduardo,Sabben,Benjamín Aceval,08/14/1953,Paraguay,esabbenb9@sogou.com,171-321-1618
Curcio,Gammage,Orléans,06/08/1987,France,cgammageba@constantcontact.com,804-256-0623
Florie,Crosier,Nouâdhibou,09/15/1989,Mauritania,fcrosierbb@addthis.com,656-227-3028
Amble,Kruszelnicki,Ambatondrazaka,01/15/1970,Madagascar,akruszelnickibc@slideshare.net,558-587-7093
Cecil,O'Gaven,Noen Maprang,10/23/1960,Thailand,cogavenbd@wp.com,507-499-1866
Aleece,Cordobes,Saint Croix,11/21/1998,U.S. Virgin Islands,acordobesbe@wix.com,243-574-1763
Correy,Tether,Orahovica Donja,03/29/1974,Bosnia and Herzegovina,ctetherbf@utexas.edu,316-591-8537
Sybilla,Prantl,Inicbulan,12/09/1959,Philippines,sprantlbg@blinklist.com,692-293-4371
Abner,Krysiak,Petrovskoye,04/11/1990,Russia,akrysiakbh@shutterfly.com,274-683-0444
Andria,Andrini,Sangoleng,04/15/1988,Indonesia,aandrinibi@nydailynews.com,402-494-7848
Byrle,Ohrt,Takai,05/15/1955,Nigeria,bohrtbj@yellowpages.com,345-482-3685
Sallie,Ilchuk,Yancheng,04/21/1958,China,silchukbk@fema.gov,669-630-3208
Eddi,Orgel,Goz Beïda,03/22/1994,Chad,eorgelbl@networksolutions.com,632-591-7168
Nicolais,Melly,Pontalina,12/19/1984,Brazil,nmellybm@vinaora.com,151-510-4065
Paige,Vamplew,Yekimovichi,08/19/1976,Russia,pvamplewbn@trellian.com,718-521-9725
Ramonda,Stanex,Qingzhou,08/01/1957,China,rstanexbo@livejournal.com,600-954-4514
Mateo,Giacaponi,Pathum Ratchawongsa,02/13/1998,Thailand,,174-391-4739
Maxwell,Mussalli,Rio Brilhante,01/06/1952,Brazil,,804-604-4522
Meggi,Keijser,Xitianwei,03/13/1962,China,mkeijserbr@latimes.com,320-235-2854
Gratia,Mawditt,Mauraro,05/31/1985,Philippines,gmawdittbs@cmu.edu,838-913-9841
Billie,Semiras,Świętajno,04/01/1950,Poland,bsemirasbt@angelfire.com,656-591-7223
Roobbie,Bazell,Dukuhpicung,12/27/1991,Indonesia,,827-493-8415
Riannon,Ludmann,Shangying,08/22/1958,China,rludmannbv@edublogs.org,446-727-5098
Izabel,Gert,Sainte-Martine,09/26/1992,Canada,igertbw@studiopress.com,609-584-6962
Lindon,Greggor,General Conesa,07/30/1980,Argentina,lgreggorbx@pinterest.com,868-442-8225
Halette,Morling,Huangge,10/20/1977,China,,588-675-3349
Shari,Tweedle,,,,stweedlebz@hugedomains.com,
Dee dee,Jerrold,Pensacola,05/15/1954,United States,djerroldc0@shutterfly.com,850-730-1399
Raimund,Banbridge,Baiyun,03/02/1960,China,rbanbridgec1@msn.com,534-529-6171
Steffie,Clifford,Otaru,10/19/1964,Japan,scliffordc2@hud.gov,369-310-4691
Leanora,Samarth,Dhī as Sufāl,09/11/1966,Yemen,lsamarthc3@php.net,723-309-3085
Hall,Blincko,Aranguren,08/28/1961,Argentina,hblinckoc4@liveinternet.ru,781-451-3726
Cesya,McTurlough,Täby,05/01/1962,Sweden,cmcturloughc5@moonfruit.com,322-267-7684
Joanne,Emons,,,,jemonsc6@yolasite.com,
Fons,Patterfield,Kasaoka,03/07/1975,Japan,fpatterfieldc7@ovh.net,814-108-6690
Laureen,Godbert,Changyuan,12/09/1952,China,lgodbertc8@cisco.com,545-830-9786
Kristian,Bettington,Saint-Gratien,03/15/1994,France,kbettingtonc9@live.com,202-121-7385
Alwin,Storrock,Przemków,11/22/1985,Poland,astorrockca@arstechnica.com,457-970-0938
Darnall,Gillatt,Estancia,01/29/1956,Philippines,,125-142-6733
Ruthy,St. Quintin,,,,rstquintincc@nyu.edu,
Temp,Everall,Silva Jardim,11/18/1959,Brazil,teverallcd@clickbank.net,706-454-0315
Florencia,Iglesiaz,Oyem,01/26/1980,Gabon,figlesiazce@nsw.gov.au,661-135-5216
Tobe,Leetham,General Alvear,12/29/1969,Argentina,tleethamcf@bloomberg.com,182-201-9408
Cynthie,Bartosik,Krajan Dua Sumbersari,04/24/1998,Indonesia,cbartosikcg@google.com.br,155-154-5638
Augustine,Feldberger,Sātkhira,03/30/1988,Bangladesh,afeldbergerch@usnews.com,319-241-2153
Catharine,Bilston,Catujal Velho,05/20/1971,Portugal,cbilstonci@hubpages.com,315-581-4786
Sigismond,Outlaw,Haokou,09/24/1969,China,soutlawcj@friendfeed.com,724-645-0693
Burgess,Farge,Hořice,05/27/1988,Czech Republic,bfargeck@t.co,532-616-8764
Branden,Cheyne,Nevel’sk,07/19/1999,Russia,bcheynecl@skype.com,273-201-2957
Diannne,Merlin,Charlottesville,12/21/1977,United States,dmerlincm@cocolog-nifty.com,434-515-7925
Lindsay,Birtles,Oliveira,01/04/1960,Brazil,,654-523-8076
Welch,Phette,,,,wphetteco@blinklist.com,
Lanny,Crake,Tha Uthen,12/21/1956,Thailand,lcrakecp@mapy.cz,176-719-9110
Lonee,Sugg,Ayang-ni,06/06/1999,North Korea,lsuggcq@miitbeian.gov.cn,566-330-4314
Jessie,Fickling,Kyprínos,01/01/1977,Greece,jficklingcr@netvibes.com,171-815-7359
Ignacio,Duckels,,,,iduckelscs@de.vu,
Tova,Pickvance,Brazzaville,09/10/1989,Republic of the Congo,tpickvancect@chicagotribune.com,411-393-4585
Hamel,Shilling,Simrishamn,10/29/1971,Sweden,hshillingcu@lulu.com,328-369-2430
Sharleen,Sergeaunt,Kragujevac,09/27/1999,Serbia,ssergeauntcv@java.com,564-478-1730
Larry,Pealing,Helang,06/14/1986,China,,619-483-6508
Suzanna,Portress,Otukpa,03/22/1986,Nigeria,sportresscx@oakley.com,572-605-9666
Fanchette,Goucher,Mancagahar,07/24/1958,Indonesia,fgouchercy@theatlantic.com,811-314-2477
Nicol,Dudding,Ganjur,07/30/1994,Indonesia,nduddingcz@ucsd.edu,980-790-8026
Sean,Emanson,Curug,04/21/1972,Indonesia,,831-859-8553
Robbie,Dyshart,Belawang,04/14/1972,Indonesia,rdyshartd1@google.de,817-919-2573
Carson,O'Currine,Zmiennica,12/30/1989,Poland,cocurrined2@i2i.jp,657-211-9018
Yehudi,Burnyeat,Kuantan,08/24/1997,Malaysia,yburnyeatd3@amazon.co.jp,404-389-9017
Fifi,MacNeill,Pombal,04/14/1962,Portugal,fmacneilld4@dedecms.com,247-214-3011
Dallis,De Roberto,Worcester,10/04/1973,South Africa,,742-878-0241
Breena,Diegan,Kitui,12/26/1984,Kenya,bdiegand6@globo.com,575-648-4716
Mariel,Kollasch,Kansas City,10/16/1955,United States,mkollaschd7@networkadvertising.org,816-236-7915
Bonnibelle,Salsberg,Novi Slankamen,02/16/1984,Serbia,bsalsbergd8@dedecms.com,451-914-2790
Giffard,Kubasiewicz,Xiheshan,07/24/1960,China,gkubasiewiczd9@vkontakte.ru,639-669-8762
Sapphira,Dinkin,Borisovka,11/30/1966,Russia,sdinkinda@vk.com,752-360-9394
Reggie,Nelsey,Hedaru,04/04/1955,Tanzania,rnelseydb@scribd.com,668-563-8632
Rodolph,Wrighton,San Isidro,12/14/1969,Costa Rica,rwrightondc@yellowpages.com,199-473-4269
Cris,McCourt,,,,cmccourtdd@github.io,
Annetta,Wooding,Presidente Venceslau,06/02/1998,Brazil,,808-364-4722
Pippy,McPhater,Ḩājjīābād,09/01/1950,Iran,pmcphaterdf@fema.gov,340-427-4460
Vivian,Nizet,Atães,05/14/1972,Portugal,vnizetdg@noaa.gov,143-182-9654
Shepperd,Lazell,,,,slazelldh@economist.com,
Parrnell,Rubel,Santo Niño,04/14/1999,Philippines,prubeldi@cam.ac.uk,144-346-0692
Sophi,Ilson,Xianglong,07/08/1974,China,silsondj@dyndns.org,865-656-5595
Teodoro,Mountney,Stockholm,03/26/1974,Sweden,tmountneydk@loc.gov,683-631-0366
Esma,Tucknutt,Västerås,10/29/1981,Sweden,etucknuttdl@eventbrite.com,909-130-1879
Cosette,Coton,Langkapcaang Hilir,11/03/1996,Indonesia,ccotondm@wordpress.org,623-826-3411
Oswald,Miskimmon,Montepuez,03/04/1959,Mozambique,,751-992-3738
Fonzie,Rzehor,Santana do Livramento,02/26/1980,Brazil,,825-267-6552
Alexandr,Stiant,Xinqiao,07/03/1998,China,astiantdp@studiopress.com,501-212-1656
Milissent,Durber,Lin’an,06/30/1956,China,mdurberdq@seesaa.net,464-881-5987
Aldridge,Selesnick,Tanahwangko,01/17/1992,Indonesia,,445-892-2778
Ivory,Haylor,Kinlough,01/31/1988,Ireland,ihaylords@answers.com,974-397-9891
Granville,Nation,Pu’er,06/27/1977,China,,750-468-4903
Gerri,Cudde,Nikolo-Pavlovskoye,12/27/1995,Russia,gcuddedu@noaa.gov,410-854-3454
Florette,Huxton,Usu,04/03/1973,China,fhuxtondv@hexun.com,656-349-3501
Leena,Speller,Dolní Čermná,06/29/1957,Czech Republic,lspellerdw@businessweek.com,332-968-5635
Levey,Gilffilland,Lyon,07/21/1979,France,lgilffillanddx@mozilla.com,975-893-0094
Harmonia,Cottu,Växjö,02/17/1961,Sweden,hcottudy@diigo.com,162-658-0661
Tabbi,Sutterfield,Apucarana,07/28/1990,Brazil,,581-291-1556
Wini,Dorey,Shahezi,05/31/1965,China,wdoreye0@pagesperso-orange.fr,297-899-4679
Kirstin,Mattock,Galovac,09/10/1960,Croatia,kmattocke1@examiner.com,571-585-0881
Lauryn,McDell,Huayuanli,01/18/1951,China,lmcdelle2@mtv.com,679-397-8892
Claudette,Kermannes,Taznakht,01/02/1953,Morocco,ckermannese3@goo.gl,320-577-4413
Grayce,Roskelly,Bungbulang,02/24/1993,Indonesia,groskellye4@tiny.cc,122-492-7667
Lolly,Trenholm,Loppi,12/17/1977,Finland,ltrenholme5@independent.co.uk,784-711-7566
Edouard,Birdwhistle,Koukkuniemi,05/11/1979,Finland,,900-916-3555
Norry,Greeve,Petersfield,07/29/1987,Jamaica,ngreevee7@bloglines.com,184-463-1218
Therine,Rumsey,Villefranche-sur-Saône,07/17/1958,France,trumseye8@buzzfeed.com,618-712-9597
Ami,Miklem,Uglovoye,08/31/1962,Russia,,775-630-1467
Rozalie,Hardington,Chalaco,07/17/1999,Peru,rhardingtonea@cnbc.com,162-198-9022
Jewell,Lavall,San Javier,09/18/1976,Uruguay,jlavalleb@ibm.com,431-786-5359
Benita,Bear,,,,bbearec@shop-pro.jp,
Wanids,Mularkey,Cusco,08/04/1970,Peru,wmularkeyed@tuttocitta.it,137-934-2062
Kamillah,Kiljan,Dapitan,11/18/1989,Philippines,kkiljanee@miibeian.gov.cn,947-940-1763
Rhianna,Levicount,Dingli,03/19/1977,Malta,rlevicountef@wsj.com,634-948-7423
Eddie,Ruselin,Tebon,12/14/1974,Indonesia,eruselineg@multiply.com,636-510-7803
Queenie,Lavalle,Tegalwero,03/22/1992,Indonesia,qlavalleeh@prlog.org,848-639-0436
Wilmar,Stronack,Roodepoort,04/09/1999,South Africa,wstronackei@booking.com,415-686-3363
Herve,Arran,Alis,04/21/1997,Peru,harranej@irs.gov,118-564-9744
Pall,Trunby,Pasirnangka,08/06/1963,Indonesia,ptrunbyek@jugem.jp,840-121-7990
Gunter,Trickett,Masjid,03/11/1951,Indonesia,gtrickettel@adobe.com,221-389-6161
Walsh,Crosher,Canala,03/07/1963,New Caledonia,wcrosherem@studiopress.com,283-104-2750
Isabella,Vasilmanov,Pedra,04/03/1966,Portugal,ivasilmanoven@usda.gov,814-331-4446
Kristo,Blick,Pasirmadang,01/16/1970,Indonesia,kblickeo@posterous.com,739-945-3080
Domenico,Gordon-Giles,Costeira do Pirajubae,08/18/1981,Brazil,,182-766-3373
Artemus,Seaward,Arevashogh,04/09/1955,Armenia,aseawardeq@is.gd,803-770-7738
Dewain,Miettinen,Berkovitsa,06/21/1953,Bulgaria,,908-887-3327
Gianina,Nabarro,Cilangkap,04/12/1962,Indonesia,gnabarroes@cyberchimps.com,877-615-5893
Sheila-kathryn,Drewes,Donghe,02/07/1970,China,sdreweset@google.ru,828-793-0866
Johnny,Woodfield,Ujae,10/21/1960,Marshall Islands,jwoodfieldeu@unblog.fr,536-892-3116
Aurel,Bernette,Kertabumi,06/05/1954,Indonesia,abernetteev@sogou.com,538-722-5584
Shawnee,Karchowski,Coronel Belisle,11/14/1996,Argentina,skarchowskiew@cargocollective.com,234-494-6398
Humphrey,Willment,Brokopondo,07/31/1958,Suriname,,887-932-4545
Jasper,Eastmead,Moutnice,11/15/1956,Czech Republic,jeastmeadey@prlog.org,511-687-3544
Norene,Cotty,,,,ncottyez@naver.com,
Kaylee,Birtley,Maintang,01/14/1953,China,kbirtleyf0@admin.ch,148-329-0017
Flossie,Spriggs,Keta,01/15/1984,Ghana,fspriggsf1@lycos.com,735-193-0179
Neal,Fernihough,Semamung,06/23/1950,Indonesia,nfernihoughf2@list-manage.com,447-772-4890
Dredi,Drakeford,Krojo,10/13/1977,Indonesia,ddrakefordf3@unc.edu,491-576-8026
Susie,Sigars,Tianhu,05/20/1960,China,ssigarsf4@blinklist.com,750-186-9272
Wake,Kadwallider,Ngozi,12/06/1959,Burundi,wkadwalliderf5@ning.com,675-247-0046
Demetris,Kemet,,,,dkemetf6@vistaprint.com,
Leicester,Chretien,,,,lchretienf7@bravesites.com,
Dexter,Chaffyn,Menlou,01/16/1972,China,dchaffynf8@prnewswire.com,919-130-0929
Maurise,Toffetto,,,,mtoffettof9@mac.com,
Alfons,Challender,Chengbei,08/07/1999,China,achallenderfa@wikimedia.org,286-958-4300
Benoit,Felipe,Dowr-e Rabāţ,11/28/1950,Afghanistan,bfelipefb@nytimes.com,913-760-1914
Alexandros,Hambribe,Sendung,03/04/1999,Indonesia,,902-585-4511
Maitilde,Dowse,,,,,
Breanne,Pomfret,Zhvanets,03/27/1950,Ukraine,bpomfretfe@spiegel.de,389-102-1719
Erl,Keightley,Sadao,03/27/1970,Thailand,ekeightleyff@guardian.co.uk,465-654-8473
Bonny,Santostefano.,Yishi,08/05/1956,China,bsantostefanofg@hud.gov,265-306-7190
Brantley,Venditti,Wiri,10/03/1997,New Zealand,bvendittifh@nyu.edu,736-611-3531
Kissee,Scotchmur,Sarkanjut,08/22/1999,Indonesia,kscotchmurfi@ft.com,221-327-2347
Sheela,Dorricott,Pallisa,11/18/1983,Uganda,,772-820-8401
Lilli,Cardall,Santa Cruz do Rio Pardo,08/09/1981,Brazil,lcardallfk@bbb.org,738-863-5485
Erika,McCulley,Bech,10/27/1965,Luxembourg,emcculleyfl@indiatimes.com,231-810-1481
Janis,Lockner,Verkhn’odniprovs’k,12/08/1963,Ukraine,jlocknerfm@skype.com,842-683-4685
Nonna,Pierton,Postmasburg,01/13/1960,South Africa,npiertonfn@ow.ly,650-106-7999
Moise,Hupka,Yazd,06/15/1951,Iran,,357-137-4642
Charmine,Andrasch,Simajia,06/06/1960,China,candraschfp@wisc.edu,788-661-2411
Bren,Jenney,,,,bjenneyfq@hhs.gov,
Alix,Grass,Vänersborg,06/11/1986,Sweden,agrassfr@yale.edu,943-302-8471
Jenica,Puvia,Ruda-Huta,10/09/1951,Poland,jpuviafs@goo.ne.jp,998-678-0575
Guilbert,Mccaull,Bandarlampung,09/12/1955,Indonesia,,215-403-4198
Nat,Ewins,Vänersborg,04/24/1970,Sweden,newinsfu@businessinsider.com,512-737-9216
Alexa,Jumonet,,,,ajumonetfv@flavors.me,
Edvard,Pashan,Kruisfontein,10/24/1984,South Africa,,183-935-3650
Wrennie,Korous,Bendo,06/24/1952,Indonesia,wkorousfx@va.gov,847-157-6470
Claudian,Perillo,Mŭglizh,03/19/1968,Bulgaria,cperillofy@java.com,906-330-8086
Felicio,Cardoo,Turochak,11/08/1966,Russia,fcardoofz@smugmug.com,676-521-0534
Laney,Mammatt,Yantang,06/27/1974,China,lmammattg0@merriam-webster.com,689-194-0813
Valry,Kubes,Yangdian,11/16/1980,China,vkubesg1@bbb.org,311-832-0666
Klarrisa,Coolbear,Strogino,03/22/1970,Russia,kcoolbearg2@istockphoto.com,212-784-3579
Hillyer,Tatersale,Saint-Jouan-des-Guérets,03/18/1953,France,,304-519-0277
Thelma,Wrought,Osieczna,11/09/1959,Poland,twroughtg4@mashable.com,390-196-3666
Rafaelia,Searchfield,Buzovna,12/18/1968,Azerbaijan,rsearchfieldg5@fda.gov,502-124-2430
Shirley,Leathem,Outeiro de Polima,01/31/1997,Portugal,sleathemg6@blogs.com,444-214-7357
Danice,Ranklin,Sardasht,04/18/1978,Iran,drankling7@homestead.com,466-498-5705
Lou,Mulberry,Taozhou,05/03/1966,China,lmulberryg8@usatoday.com,353-311-2397
Alberto,Cairns,Carapelhos,05/23/1978,Portugal,,534-795-6748
Rica,Daniaud,Dartang,03/03/1995,China,rdaniaudga@wired.com,394-291-7157
Lacie,Gecke,San Isidro,04/07/1966,Mexico,lgeckegb@topsy.com,444-455-3224
Betteann,Toman,Lebahseri,06/24/1992,Indonesia,btomangc@prlog.org,147-394-2263
Lorelei,Stratton,Kolç,12/29/1963,Albania,lstrattongd@theglobeandmail.com,704-214-3711
Hermann,Pitceathly,Lunas,09/23/1954,Philippines,hpitceathlyge@nih.gov,905-150-8541
Harriott,Simmance,That Phanom,02/25/1970,Thailand,hsimmancegf@csmonitor.com,864-732-7796
Gerhard,Bannon,Yupiltepeque,03/28/1995,Guatemala,gbannongg@csmonitor.com,913-865-7230
Janaya,Dienes,Ciénaga de Oro,10/27/1995,Colombia,,377-259-4892
Evangeline,Demkowicz,Wysoka,07/15/1968,Poland,edemkowiczgi@opera.com,724-839-3120
Kara-lynn,Denniss,La Esperanza,08/16/1981,Mexico,,236-601-5779
Petronille,Jurges,Klenak,05/03/1970,Serbia,pjurgesgk@hc360.com,767-938-5110
Tony,Stocks,Yefremov,04/23/1972,Russia,tstocksgl@va.gov,804-428-0725
Jeno,Fidock,Ganjiangtou,08/27/1960,China,jfidockgm@newsvine.com,529-179-1988
Wyn,Seadon,Makumbako,01/11/1963,Tanzania,wseadongn@posterous.com,107-113-2863
Dedra,Wincott,Bolikhan,06/06/1985,Laos,,416-468-1554
Barbie,Croysdale,Okrika,03/21/1974,Nigeria,bcroysdalegp@seattletimes.com,339-250-6695
Alwin,Bebb,Kafyr-Kumukh,07/25/1975,Russia,abebbgq@nymag.com,698-967-7619
Ashly,Bloom,Shuibian,04/06/1961,China,abloomgr@thetimes.co.uk,803-348-3402
Berkeley,Menichini,Sherbrooke,06/27/1995,Canada,bmenichinigs@digg.com,558-666-1261
Zared,Churchouse,Huntington,05/14/1975,United States,,304-442-8807
Stefania,Rossoni,Cavadas,05/14/1998,Portugal,srossonigu@bing.com,598-597-1122
Deb,Corner,Huangduobu,04/04/1968,China,dcornergv@yahoo.com,591-411-0374
Andromache,Budget,Ilihan,01/27/1987,Philippines,,850-776-3518
Morna,Attewell,Dahe,07/30/1991,China,mattewellgx@yolasite.com,128-143-7269
Gauthier,McArdle,Batangan,09/30/1971,Indonesia,,496-420-5672
Fawn,Bullers,Arevshat,04/07/1967,Armenia,fbullersgz@adobe.com,415-208-0456
Shaine,Andersson,Tandahimba,12/01/1973,Tanzania,sanderssonh0@elpais.com,532-360-1427
Legra,Whyteman,Krajan Satu,05/30/1982,Indonesia,lwhytemanh1@cdbaby.com,448-513-5029
Dahlia,Cannings,Wangjiaping,11/28/1974,China,dcanningsh2@ucoz.com,157-398-7508
Jacquenetta,Kettlesting,San Isidro,11/05/1951,Mexico,jkettlestingh3@cnet.com,864-761-6617
Garner,Sandercroft,Siedliska,12/13/1982,Poland,gsandercrofth4@sourceforge.net,262-271-0945
Gardiner,Shildrick,Bangbayang Kaler,06/02/1951,Indonesia,gshildrickh5@cafepress.com,663-853-5281
Lacie,Wooster,Kaduengang,09/04/1990,Indonesia,lwoosterh6@ask.com,134-413-0279
Nedi,Gosney,Tlogoagung,03/29/1983,Indonesia,ngosneyh7@cloudflare.com,198-135-5146
Brynn,Ramstead,Ţalkhā,10/23/1991,Egypt,bramsteadh8@cyberchimps.com,327-718-0856
Jeremy,Vinson,Montijo,01/21/1989,Panama,jvinsonh9@auda.org.au,887-694-8905
Lulu,Mays,Matão,06/22/1995,Brazil,lmaysha@parallels.com,818-166-3639
Ulises,Novichenko,Batakte,08/11/1976,Indonesia,unovichenkohb@histats.com,674-461-7407
Jock,Farney,Luxia,07/17/1966,China,jfarneyhc@businessinsider.com,478-631-2550
Erma,McOwan,Orlovskiy,12/12/1958,Russia,emcowanhd@ucla.edu,323-328-5620
Aldon,Camamile,Yushu,07/14/1992,China,acamamilehe@nsw.gov.au,353-933-6801
Kinny,Fellos,Yuyao,07/29/1974,China,kfelloshf@nature.com,824-802-5105
Leela,Baswall,San Cristóbal Verapaz,11/06/1980,Guatemala,,317-563-9366
Forrester,Eudall,,,,feudallhh@ucla.edu,
Sandra,Berget,El Escanito,03/23/1974,Honduras,sbergethi@toplist.cz,374-825-3134
Florina,Attenborough,Yongping,04/28/1979,China,fattenboroughhj@bloglines.com,596-705-5930
Lena,Burhill,Calanogas,09/10/1991,Philippines,lburhillhk@yelp.com,411-610-9294
Toiboid,Aldridge,Hepu,04/22/1957,China,,120-972-6765
Lannie,Axleby,Khon San,02/13/1994,Thailand,laxlebyhm@desdev.cn,292-366-9978
Ariel,Wilshaw,Černošice,06/25/1990,Czech Republic,awilshawhn@gov.uk,754-537-4265
Jobina,Mulhill,Puqi,06/13/1996,China,jmulhillho@behance.net,715-416-3371
Noell,Grassick,Bohicon,06/06/1974,Benin,ngrassickhp@deliciousdays.com,717-113-4258
Datha,Kahen,Al Fandaqūmīyah,06/16/1962,Palestinian Territory,dkahenhq@squarespace.com,790-332-2478
Quill,MacColl,La Troncal,07/17/1969,Ecuador,,365-715-5408
Herold,Gres,Dorogobuzh,11/05/1986,Russia,hgreshs@mayoclinic.com,754-462-0936
Vinita,Bridson,Batambak,02/10/1974,Indonesia,vbridsonht@xrea.com,858-220-8196
Bill,Witts,Wangbuzhuang,06/10/1954,China,bwittshu@sciencedirect.com,115-356-1941
Caitrin,Champagne,Jiulong,01/05/1975,China,cchampagnehv@disqus.com,213-872-2781
Teresita,Addicote,Xiaxindian,12/15/1999,China,taddicotehw@php.net,353-458-7195
Rob,Inglis,Ngandangan,01/20/1958,Indonesia,,140-752-2550
Jammie,Geill,Sanhe,06/21/1995,China,jgeillhy@yellowbook.com,290-218-1608
Jyoti,Cawthera,Poitiers,08/11/1961,France,jcawtherahz@chronoengine.com,727-104-0063
Eddie,Gilligan,Berezayka,10/16/1984,Russia,egilligani0@theguardian.com,968-535-6102
Brodie,Castelluzzi,Khrenovoye,11/27/1971,Russia,bcastelluzzii1@istockphoto.com,325-387-6181
Freeman,Wickerson,,,,fwickersoni2@independent.co.uk,
Ellwood,Andrioni,Avignon,05/19/1953,France,eandrionii3@ehow.com,158-948-5657
Cass,Bruhke,Numata,01/06/1973,Japan,cbruhkei4@unicef.org,707-375-0157
Werner,Robillard,Ćuprija,05/09/1954,Serbia,wrobillardi5@ca.gov,204-503-6759
Jacquie,Gulleford,Shanmuqiao,07/12/1960,China,jgullefordi6@friendfeed.com,372-919-2542
Chane,Prichard,Bulakgebang,12/16/1999,Indonesia,cprichardi7@lulu.com,324-432-9418
Valry,Extal,,,,vextali8@list-manage.com,
Carlyle,Titheridge,Binalonan,09/16/1992,Philippines,ctitheridgei9@shareasale.com,662-719-4643
Yolanda,Rogerson,Sukadana Selatan,02/22/1975,Indonesia,yrogersonia@lulu.com,199-203-8018
Miof mela,Hampton,Yëlkino,07/09/1994,Russia,,592-451-3126
Jeniffer,Fouracre,Sendung,04/15/1989,Indonesia,jfouracreic@msn.com,446-118-0341
Shel,Joesbury,Chłapowo,02/23/1960,Poland,,118-389-3420
Dorisa,Paler,Castelo,05/26/1965,Brazil,dpalerie@unc.edu,871-287-9729
Abbe,McQuorkel,Suileng,12/03/1999,China,amcquorkelif@de.vu,566-754-5737
Sonny,Trevear,Jiahe,12/09/1993,China,strevearig@dropbox.com,326-313-1107
Eartha,De Goey,Nyūzen,01/31/1962,Japan,edegoeyih@upenn.edu,634-873-8847
Amargo,Breslin,Xiantang,01/06/1962,China,abreslinii@a8.net,332-748-4395
Milka,Dorling,,,,mdorlingij@bluehost.com,
Theobald,Kingsford,Dongtou,01/30/1952,China,tkingsfordik@dropbox.com,501-560-8599
Astrid,Thwaites,Saihan Tal,07/04/1989,China,athwaitesil@exblog.jp,841-742-1102
Harry,Sparke,Turpay,12/24/1975,Peru,,227-310-0123
Kimberley,Ranyard,Jianggao,08/21/1978,China,,370-490-5994
Jerome,Coneybeare,Las Vegas,08/28/1963,Honduras,jconeybeareio@mail.ru,447-381-5577
Drew,Skade,Ljungskile,11/06/1992,Sweden,dskadeip@usatoday.com,236-324-7199
Debby,Patridge,Kardamás,08/18/1975,Greece,dpatridgeiq@usa.gov,916-566-0541
Randene,Puttan,Wa’erma,06/17/1981,China,rputtanir@prnewswire.com,250-879-1968
Doroteya,Drust,Jenesano,10/22/1957,Colombia,,220-258-1320
Rennie,Duffet,Cacaopera,06/10/1985,El Salvador,rduffetit@usda.gov,868-796-0038
Melodie,Masey,Březí,03/14/1993,Czech Republic,mmaseyiu@posterous.com,797-867-8558
Eddy,Kubacek,,,,ekubacekiv@plala.or.jp,
Giuditta,Shorey,Baisha,01/19/1970,China,gshoreyiw@abc.net.au,437-533-9658
Joey,Plewright,Aricapampa,08/14/1996,Peru,jplewrightix@fc2.com,802-241-9267
Krisha,Lufkin,Banocboc,11/29/1975,Philippines,klufkiniy@infoseek.co.jp,887-944-3294
Sarette,Ferruzzi,Paris 09,01/23/1957,France,sferruzziiz@fotki.com,374-535-3081
Wanda,Episcopi,Calauan,05/06/1987,Philippines,wepiscopij0@loc.gov,875-927-7601
Darcey,McMonies,Yingjiang,05/07/1958,China,dmcmoniesj1@com.com,143-256-0372
Erinn,Bolin,Cancela,09/02/1985,Portugal,ebolinj2@amazon.co.jp,942-908-4638
Owen,Salvador,Sumberjo,02/11/1963,Indonesia,osalvadorj3@nbcnews.com,692-491-1375
Jaquenette,Bedham,Shenglilu,08/29/1987,China,,499-860-1773
Dario,Karpinski,Yushikalasu,08/30/1957,China,dkarpinskij5@cdbaby.com,707-890-0341
Bobina,Steinham,Ripky,04/25/1974,Ukraine,bsteinhamj6@phpbb.com,937-601-8275
Renell,Schubbert,Coronel Belisle,10/24/1959,Argentina,,921-881-5056
Susie,Macken,Sindanghayu,03/19/1975,Indonesia,smackenj8@comsenz.com,431-544-9921
Alfredo,Roscoe,Pégeia,05/09/1987,Cyprus,aroscoej9@merriam-webster.com,889-688-7105
Rebbecca,Pandey,,,,rpandeyja@yolasite.com,
Deane,Wavell,Paris 10,12/25/1956,France,dwavelljb@blogspot.com,181-311-9139
Donnell,Mompesson,Eman,04/01/1989,China,dmompessonjc@webs.com,646-750-4074
Kain,Tirrey,Hulutao,08/31/1989,China,ktirreyjd@photobucket.com,515-848-2929
Berny,Terbeck,Serdobsk,08/21/1971,Russia,bterbeckje@zdnet.com,166-868-1061
Mervin,Mehew,Paujiles,02/08/1982,Honduras,mmehewjf@deviantart.com,621-858-2103
Tracey,Rickman,Lila,02/10/1962,Philippines,trickmanjg@wix.com,746-849-9306
Donetta,Durban,Taunoa,02/05/1991,French Polynesia,,426-785-4842
Myles,Pagen,Chiri-Yurt,03/16/1990,Russia,mpagenji@jiathis.com,146-776-5023
Hilde,Girardey,Weishan,02/03/1992,China,hgirardeyjj@wordpress.com,301-850-8621
Raffaello,Bruckent,Solna,05/01/1965,Sweden,rbruckentjk@time.com,783-264-9884
Ilyssa,Truelove,Brumadinho,06/10/1999,Brazil,,975-694-2426
Myrtia,Attwill,Viļāni,01/05/1997,Latvia,mattwilljm@rambler.ru,425-173-9121
Reese,Yanukhin,Baoxing,09/03/1983,China,ryanukhinjn@berkeley.edu,961-683-2726
Emmy,Yude,Limbuš,03/02/1974,Slovenia,eyudejo@amazon.co.jp,808-715-6203
Yorgo,Gyver,Mariana,11/04/1978,Brazil,ygyverjp@jalbum.net,916-717-5343
Violetta,Breem,Pereyaslovskaya,05/13/1996,Russia,vbreemjq@kickstarter.com,876-553-6740
Kelcey,Baulk,Wysoka,07/05/1980,Poland,kbaulkjr@ebay.com,824-220-1427
Tobi,Powis,Tuncheng,08/08/1956,China,tpowisjs@cloudflare.com,900-286-0593
Royal,McWard,Huaping,05/29/1958,China,rmcwardjt@csmonitor.com,710-288-5311
Davita,Kiddle,Libas,08/14/1985,Philippines,dkiddleju@sakura.ne.jp,344-368-5103
Michaela,Winman,El Zapotal del Norte,01/12/1999,Honduras,mwinmanjv@angelfire.com,352-729-6324
Farrell,Helbeck,Nogueira do Cravo,04/13/1976,Portugal,fhelbeckjw@gizmodo.com,235-780-0987
Reider,Bromby,Juancheng,02/11/1997,China,rbrombyjx@hc360.com,630-251-3620
Julia,Rontree,Swindon,12/20/1978,United Kingdom,jrontreejy@xinhuanet.com,802-588-5099
Julianne,Habbershon,Paris 15,04/12/1993,France,jhabbershonjz@sakura.ne.jp,140-253-2123
Cookie,Quigg,Yinping,01/07/1953,China,cquiggk0@woothemes.com,754-581-2385
Stanislaus,Skipsey,Pinggirsari,03/02/1967,Indonesia,sskipseyk1@salon.com,238-433-0982
Fonzie,Wilshire,Gaoxu,06/24/1972,China,fwilshirek2@walmart.com,865-785-2669
Ignatius,Gillow,Alcainça,03/29/1976,Portugal,igillowk3@weather.com,852-819-5993
Dominick,Huddart,Nishi-Tokyo-shi,08/20/1992,Japan,,698-773-8590
Brendis,Bounde,Kanashevo,08/24/1965,Russia,bboundek5@sun.com,592-920-7000
Dianne,Sheddan,Piraju,04/27/1985,Brazil,dsheddank6@usa.gov,291-760-9376
Jules,Spiller,Crauthem,03/19/1978,Luxembourg,jspillerk7@google.co.uk,106-775-4694
Brianna,Motion,Aubagne,11/11/1999,France,bmotionk8@mtv.com,747-473-4465
Malorie,Southers,Jabinyānah,11/09/1961,Tunisia,msouthersk9@sfgate.com,334-695-4648
Petronille,Callard,Pushkino,02/22/1954,Russia,pcallardka@bing.com,466-981-0028
Dahlia,Milland,Netanya,09/26/1957,Israel,,887-753-7441
Christos,Kaspar,Honolulu,07/22/1997,United States,ckasparkc@meetup.com,808-880-4936
Modesta,O'Griffin,Ngala,09/17/1986,Nigeria,mogriffinkd@privacy.gov.au,962-822-9302
Lucian,Durden,Huaquirca,08/17/1991,Peru,ldurdenke@google.co.jp,304-963-2226
Evelin,Teaz,,,,eteazkf@mozilla.com,
Reggy,McCowan,Mberubu,05/11/1961,Nigeria,rmccowankg@netlog.com,812-136-4903
Tristan,Sankey,,,,tsankeykh@tripod.com,
Mickey,Ivanonko,Dugulubgey,07/21/1958,Russia,mivanonkoki@mozilla.com,130-448-0615
Katharina,Childerhouse,Yanfolila,11/14/1950,Mali,kchilderhousekj@wp.com,548-657-5498
Janean,Hatchman,Galitsy,02/17/1968,Russia,jhatchmankk@yelp.com,821-767-3615
Rowan,Ambrogetti,Ridderkerk,10/14/1960,Netherlands,rambrogettikl@harvard.edu,325-189-4879
Joella,Bony,Caazapá,12/10/1960,Paraguay,jbonykm@harvard.edu,189-126-0358
Darrick,Codd,Tanjungsari Barat,11/24/1971,Indonesia,dcoddkn@altervista.org,894-660-7411
Catha,Necrews,Walakeri,05/09/1978,Indonesia,cnecrewsko@cpanel.net,299-682-4753
Nikoletta,Milton-White,Angren,12/10/1977,Uzbekistan,nmiltonwhitekp@last.fm,871-456-4381
Brinna,Muncie,Muktāgācha,07/18/1953,Bangladesh,bmunciekq@ustream.tv,392-876-4658
Legra,Scalera,Kolsh,04/25/1956,Albania,lscalerakr@vk.com,426-238-7040
Raina,Lebang,Balut,11/03/1984,Philippines,rlebangks@kickstarter.com,416-939-8808
Christiano,Waterfall,Gorbunki,04/04/1986,Russia,cwaterfallkt@earthlink.net,790-316-6893
Glad,Udey,Gongyi,02/12/1984,China,gudeyku@altervista.org,630-917-2764
Jerry,Comolli,Tongyuanpu,01/18/1966,China,jcomollikv@un.org,177-828-8477
Ronni,Bramich,Naze,01/17/1966,Japan,rbramichkw@weather.com,999-740-3109
Delly,Kingsman,Ngangguk,07/12/1992,Indonesia,dkingsmankx@google.de,321-522-9420
Cariotta,Garard,Coromandel,06/25/1951,Brazil,cgarardky@noaa.gov,465-603-7680
Clevie,Curlis,Marseille,02/09/1986,France,,595-171-0219
Jannelle,Levecque,Kyaikto,06/25/1993,Myanmar,jlevecquel0@squidoo.com,990-365-1638
Nadean,Riste,Xinhua,01/09/1952,China,nristel1@sbwire.com,619-166-1937
Jerrylee,McCreedy,Zubin Potok,02/05/1998,Kosovo,jmccreedyl2@cafepress.com,429-530-7767
Thorny,Brimmicombe,Lichengdao,10/26/1967,China,,145-831-4250
Red,Manketell,Pedreira,05/28/1977,Brazil,rmanketelll4@hexun.com,676-628-4365
Christoper,Croizier,,,,ccroizierl5@tripod.com,
Darla,Digman,,,,ddigmanl6@about.com,
Grace,Rosengart,Hāsilpur,05/10/1966,Pakistan,grosengartl7@ameblo.jp,201-733-3407
Bethany,Legerwood,Starcevica,02/17/1952,Bosnia and Herzegovina,blegerwoodl8@icio.us,175-910-5607
Hernando,Culwen,Wadi,08/25/1995,China,,944-602-5506
Marcille,Genthner,Zhouxi,04/30/1969,China,mgenthnerla@earthlink.net,740-921-3575
Bill,Ridder,Sumberejo,06/27/1996,Indonesia,bridderlb@addtoany.com,557-260-9572
Fanchette,Rattery,Stavropol’,07/25/1981,Russia,fratterylc@linkedin.com,725-360-6974
Ashlin,Vassel,,,,,
Iggie,Smewings,Bifeng,03/28/1977,China,ismewingsle@cnbc.com,239-755-6863
Wilden,Smetoun,Ungheni,06/04/1963,Moldova,wsmetounlf@plala.or.jp,495-284-4431
Diane-marie,Tue,Vendargues,08/01/1962,France,,871-145-4287
Cindee,Stowte,Yablonovskiy,04/23/1967,Russia,cstowtelh@discuz.net,401-257-6762
Demetrius,Stockey,Gaoqiao,03/26/1964,China,dstockeyli@house.gov,831-479-0484
Jules,Codling,Avignon,07/31/1969,France,jcodlinglj@joomla.org,988-727-3216
Enriqueta,Fitzsymon,Till,03/16/1959,Palestinian Territory,,694-955-5375
Norri,Heijnen,Norashen,04/06/1989,Armenia,nheijnenll@blogtalkradio.com,708-753-3872
Carlota,Troake,Villa Gesell,01/21/1964,Argentina,ctroakelm@goo.gl,375-986-0898
Keenan,Vasilyevski,Katsina-Ala,08/23/1966,Nigeria,kvasilyevskiln@cpanel.net,367-391-7739
Cleavland,Schuchmacher,Megion,12/13/1999,Russia,cschuchmacherlo@qq.com,310-224-7000
Linn,Switland,Murganhal,12/31/1989,Portugal,,520-794-6305
Gunar,Zambon,El Salitre,03/09/1999,Mexico,gzambonlq@imageshack.us,400-648-4124
Lebbie,Rumford,Guangfu,05/09/1955,China,lrumfordlr@smh.com.au,782-958-7024
Lothario,Daley,Cisiih,10/18/1962,Indonesia,ldaleyls@ibm.com,186-803-4883
Bernete,Jenicke,Stare Juchy,03/15/1960,Poland,bjenickelt@pbs.org,938-643-4364
Inga,Gouge,Gulyantsi,11/16/1979,Bulgaria,igougelu@msn.com,947-270-7826
Binky,Steutly,Xiamayu,01/27/1981,China,bsteutlylv@nsw.gov.au,315-561-9813
Sim,Krolik,Xichang,11/06/1954,China,,254-298-7554
Taddeo,Danigel,Caoxi,09/24/1969,China,tdanigellx@networksolutions.com,782-985-0708
Jolynn,Crewes,,,,jcrewesly@un.org,
Scotty,Verrico,Pyinmana,02/18/1979,Myanmar,,194-186-4901
Dominique,Plunkett,Al Mughayyir,11/24/1972,Palestinian Territory,dplunkettm0@shutterfly.com,466-261-9292
Ardra,Marlin,Bayang,05/10/1970,China,,100-893-4033
Alexine,Filipson,Lipník nad Bečvou,12/12/1968,Czech Republic,,941-847-4755
Trueman,Obray,Żernica,10/10/1983,Poland,tobraym3@harvard.edu,657-700-9057
Louise,Ankrett,Kärdla,10/06/1974,Estonia,lankrettm4@samsung.com,776-779-0199
Felicity,Goggan,Parychy,05/24/1997,Belarus,fgogganm5@xing.com,453-155-6284
Rodolfo,Renackowna,Agana Heights Village,10/22/1967,Guam,rrenackownam6@aol.com,981-226-5209
Caddric,Ferro,Dahe,04/07/1955,China,cferrom7@canalblog.com,546-685-2807
Anabelle,Giorgielli,Porto-Novo,02/08/1983,Benin,agiorgiellim8@noaa.gov,453-700-2598
Kennith,Wisson,Moganshan,10/14/1970,China,,959-587-1422
Alex,Rogier,Saintes,05/04/1997,France,arogierma@upenn.edu,242-594-5123
Terence,Swansbury,Kannus,04/20/1969,Finland,tswansburymb@lycos.com,661-442-8872
Elisa,Tremblay,Shengli,02/21/1961,China,etremblaymc@smh.com.au,806-386-4914
Teena,Sheals,Dapchi,12/11/1977,Nigeria,tshealsmd@statcounter.com,271-398-1527
Lurlene,Byway,Sungai Nyamuk,10/17/1954,Indonesia,lbywayme@theatlantic.com,437-180-6442
Wileen,Keenlyside,Ccatca,11/24/1989,Peru,wkeenlysidemf@soup.io,323-427-1493
Elianora,Yashunin,Trondheim,03/17/1989,Norway,eyashuninmg@wisc.edu,768-180-6768
Dominic,Hopkyns,Stockholm,07/23/1960,Sweden,dhopkynsmh@uiuc.edu,741-581-3221
Kerrin,Robarts,Pithári,12/28/1989,Greece,krobartsmi@fema.gov,538-801-3974
Moe,Hardware,Örnsköldsvik,07/30/1961,Sweden,mhardwaremj@icq.com,372-714-7585
Cullen,Rushbury,Delta del Tigre,04/09/1978,Uruguay,crushburymk@imgur.com,831-385-9776
Alvin,Sharratt,Dobre Miasto,01/01/1993,Poland,asharrattml@alibaba.com,400-551-7338
Kerrie,Gaylard,Gao’an,09/06/1956,China,kgaylardmm@nydailynews.com,948-172-1027
Gavan,Chatwin,Saint-Raymond,11/29/1990,Canada,gchatwinmn@bravesites.com,916-654-1647
Ashlin,Voules,Umag,08/25/1968,Croatia,avoulesmo@unicef.org,854-921-1899
Oliy,Lighton,Bongsri,05/01/1973,Indonesia,olightonmp@moonfruit.com,225-207-4102
Kristen,Amer,Cibanten,08/09/1971,Indonesia,kamermq@mac.com,394-221-5628
Jehu,Folliss,Cirompang,09/02/1996,Indonesia,jfollissmr@oakley.com,712-182-5760
Bernadina,Dahlberg,Uthai,06/07/1967,Thailand,bdahlbergms@bbc.co.uk,506-945-7029
Kamillah,Graffin,,,,kgraffinmt@amazon.co.uk,
Bengt,Woodroff,Ciudad Sandino,11/15/1988,Nicaragua,bwoodroffmu@ow.ly,469-220-3325
Jill,Atyea,Shuanggang,05/14/1984,China,jatyeamv@hao123.com,284-619-8043
Emmet,Mangham,Manchester,08/25/1976,United Kingdom,emanghammw@eventbrite.com,790-687-2420
Thelma,Lidgely,Sedan,09/14/1960,France,tlidgelymx@ebay.com,496-740-7421
Amelina,Konneke,Mayapusi,11/02/1982,Philippines,akonnekemy@vk.com,503-116-1169
Bradley,Woodwind,Sundbyberg,04/22/1959,Sweden,bwoodwindmz@ebay.com,526-334-1961
Othilia,Gaber,Guang’an,12/10/1954,China,ogabern0@people.com.cn,667-678-8379
Marten,Kynson,Ordzhonikidze,07/07/1979,Kazakhstan,,687-491-2938
Kriste,Kleinstein,Xiaojian,10/30/1998,China,kkleinsteinn2@51.la,831-531-7919
Georgena,Duddle,,,,,
Haywood,Patley,Ciomas,12/04/1966,Indonesia,hpatleyn4@angelfire.com,987-917-1626
Karoly,Spray,Yanghu,03/08/1966,China,ksprayn5@washingtonpost.com,393-811-6430
Cosetta,Fury,Nagutskoye,04/13/1982,Russia,cfuryn6@bing.com,166-821-8476
Olin,Candelin,Žalec,03/31/1987,Slovenia,ocandelinn7@earthlink.net,743-349-9155
Elysha,Hagland,Bi’r al Ḩufayy,04/26/1956,Tunisia,ehaglandn8@addthis.com,492-868-8109
Rebecca,Cottom,El Fasher,02/18/1985,Sudan,rcottomn9@weibo.com,766-212-3707
Fulvia,Glassard,El Plan,10/09/1956,Honduras,,863-415-9367
Lynda,Cleveley,Boka,07/14/1974,Serbia,,799-531-0442
Gunner,Horsted,Andalucía,05/08/1995,Colombia,ghorstednc@prlog.org,838-185-4203
Ricca,Raatz,Skibbereen,06/18/1993,Ireland,rraatznd@upenn.edu,188-720-9414
Melonie,Wandless,Lavadorinhos,05/08/1995,Portugal,mwandlessne@furl.net,304-176-9740
Brandtr,Baison,Jabłonka,08/14/1988,Poland,,631-657-1958
Lavinie,Yanez,Laborie,04/20/1995,Saint Lucia,lyanezng@tinyurl.com,740-690-6522
Gilles,Atkirk,Lipci,01/15/1972,Montenegro,gatkirknh@who.int,868-419-4685
Nickola,Teasey,Nong Bun Nak,02/26/1986,Thailand,nteaseyni@webeden.co.uk,196-114-3897
Jammal,Vasenin,Kuala Lumpur,10/06/1983,Malaysia,,907-372-4800
Finn,Starling,Limatambo,01/04/1987,Peru,fstarlingnk@wordpress.org,134-449-3116
Cinda,Jolliman,Santo Amaro da Imperatriz,05/16/1962,Brazil,cjollimannl@globo.com,650-739-4868
Silvio,Klimentyonok,Dean,12/10/1950,United Kingdom,sklimentyonoknm@imdb.com,476-417-4609
Myrta,Coxhell,Évry,04/10/1957,France,mcoxhellnn@wix.com,914-639-0257
Rudiger,Kembry,Yangsan,07/12/1982,South Korea,rkembryno@prlog.org,264-196-4064
Amie,Arnowitz,Arapongas,12/11/1961,Brazil,aarnowitznp@stumbleupon.com,145-526-8940
Vinson,Smoth,San Juan de Limay,08/02/1955,Nicaragua,vsmothnq@hatena.ne.jp,161-370-2966
Weidar,Korejs,Odesskoye,09/15/1989,Russia,wkorejsnr@miibeian.gov.cn,259-917-4147
Daren,Lukacs,Venilale,07/05/1973,East Timor,dlukacsns@archive.org,908-455-8396
Rhetta,Gilardi,Weishui,10/17/1958,China,,317-578-3552
Nellie,Lages,Wenxian Chengguanzhen,11/03/1982,China,nlagesnu@prlog.org,218-594-6492
Tedd,Kruschev,Tegarenkrajan,08/13/1977,Indonesia,tkruschevnv@linkedin.com,863-645-8366
Filmore,Askey,Mbanga,01/26/1979,Cameroon,faskeynw@twitter.com,115-150-5950
Lindsey,Cluff,Dziergowice,01/15/1976,Poland,lcluffnx@tinypic.com,550-371-4609
Daryl,Dinjes,Manlio Fabio Altamirano,12/31/1999,Mexico,,724-491-4204
Brandise,Hedan,Lanchyn,01/25/1986,Ukraine,bhedannz@amazon.co.jp,368-818-1513
Kellen,Prall,Xinglin,11/29/1958,China,kprallo0@marketwatch.com,116-270-1237
Marjorie,Manvelle,El Suyatal,05/20/1968,Honduras,mmanvelleo1@printfriendly.com,848-245-9606
Spense,MacFarlane,Melíssi,09/11/1967,Greece,smacfarlaneo2@google.co.uk,752-518-7179
Josee,Welbrock,Fenlu,09/28/1988,China,jwelbrocko3@w3.org,348-347-7600
Darrelle,Bohje,Wiset Chaichan,08/25/1959,Thailand,,863-931-2815
Dixie,Louiset,Estancia,06/21/1988,Philippines,dlouiseto5@chicagotribune.com,381-270-3695
Sofie,Drane,Tamberías,08/29/1983,Argentina,sdraneo6@slashdot.org,227-634-5123
Tally,Faas,Bulu,01/11/1984,Philippines,tfaaso7@hubpages.com,716-546-2838
Willyt,Konzel,Heredia,11/30/1985,Costa Rica,wkonzelo8@ucoz.ru,822-646-4135
Tarrah,Bushel,Saparua,10/01/1971,Indonesia,,759-443-8020
Betsey,Lesslie,Berlin,02/16/1961,Germany,blesslieoa@hibu.com,675-762-4995
Helga,Grayshan,Vyatskiye Polyany,11/08/1956,Russia,hgrayshanob@bbb.org,615-622-3870
Viv,Bursell,Sanxi,10/03/1983,China,vburselloc@simplemachines.org,811-631-5037
Carlos,Gouthier,Bobigny,01/10/1968,France,cgouthierod@devhub.com,128-423-7977
Deedee,Birds,Itaberaba,02/19/1972,Brazil,dbirdsoe@upenn.edu,300-763-1681
Hatty,Keaveny,Antsirabe,09/02/1996,Madagascar,hkeavenyof@nasa.gov,993-311-2791
Hilde,Blowers,Hujra,04/03/1975,Pakistan,hblowersog@va.gov,958-801-4961
Jo,Clarage,Ccuntuma,12/09/1983,Peru,jclarageoh@google.it,534-356-0589
Gerrie,Lawlance,Tyret’ Pervaya,07/06/1958,Russia,glawlanceoi@apache.org,522-561-5444
Hew,Pavyer,Baishi,01/19/1995,China,hpavyeroj@forbes.com,537-862-2719
Livy,Prandy,Chervonoarmiys’k,08/24/1957,Ukraine,lprandyok@businessweek.com,252-287-4038
John,Byrth,Mixco,02/15/1981,Guatemala,,475-548-4126
Edythe,Slee,Sainte-Geneviève-des-Bois,01/02/1967,France,esleeom@seesaa.net,427-910-6214
Maxim,Prudham,Laon,03/29/1991,France,mprudhamon@i2i.jp,504-786-0690
Ailee,Pigott,Ribeirão,03/06/1994,Brazil,apigottoo@ihg.com,373-561-0760
Vassily,Tirrell,Bonabéri,05/01/1961,Cameroon,vtirrellop@deliciousdays.com,783-689-7050
Aube,Mahaddy,Batur Kidul,07/31/1970,Indonesia,amahaddyoq@prweb.com,192-623-5260
Ollie,Walby,Złoty Stok,11/05/1976,Poland,,386-790-1587
Carlin,Staley,Frutal,12/03/1971,Brazil,cstaleyos@tripod.com,568-936-3355
Claudius,Rudolph,Fengshuling,05/10/1999,China,crudolphot@joomla.org,574-783-8064
Nevin,Jacquemet,Centenary,04/09/1952,Zimbabwe,,754-923-3893
Morna,Filipson,Korsakovo,09/28/1953,Russia,mfilipsonov@netlog.com,474-399-7858
Elyn,Windebank,Myaydo,12/11/1954,Myanmar,ewindebankow@networksolutions.com,729-624-3214
Meaghan,Knott,Áyios Yeóryios,09/22/1968,Greece,,455-964-9008
Dickie,Clarridge,Arani,07/08/1951,Bolivia,,965-175-5304
Catherin,McGawn,Shengtang,02/15/1955,China,cmcgawnoz@e-recht24.de,985-486-7914
Lebbie,Gookes,Palmital,04/27/1956,Brazil,lgookesp0@comcast.net,372-739-3335
Farrell,Yaldren,Oeleu,09/21/1999,Indonesia,fyaldrenp1@oaic.gov.au,623-372-7210
Teddie,Downs,Tilburg,03/13/1955,Netherlands,,671-471-1590
Jobina,Tift,Jincheng,01/23/1964,China,,986-686-8431
Annmaria,McVicar,Hulei,08/02/1963,China,amcvicarp4@blogs.com,189-121-1637
Trina,Trimby,Cañas,01/16/1981,Costa Rica,ttrimbyp5@hao123.com,375-582-6594
Yank,Kolin,,,,ykolinp6@usgs.gov,
Weston,Greig,Caracol,07/24/1970,Haiti,wgreigp7@huffingtonpost.com,695-931-1732
Silas,Pietroni,Opatówek,12/28/1988,Poland,spietronip8@themeforest.net,355-376-4619
Thaxter,Grigorini,Siukh,06/09/1959,Russia,,717-813-5001
Gerrie,Fahrenbacher,Cayenne,07/28/1995,French Guiana,gfahrenbacherpa@t-online.de,619-526-7372
Junie,Crunden,Bringinanom,04/05/1992,Indonesia,jcrundenpb@china.com.cn,786-584-8752
Rafael,Heningam,Bousso,10/05/1978,Chad,,751-374-8122
Clayson,Burkitt,Xinxu,06/30/1958,China,,108-629-6241
Broderick,Redihalgh,Kitui,11/19/1966,Kenya,bredihalghpe@goo.ne.jp,513-315-8565
Delmar,Rembaud,Černošice,04/20/1954,Czech Republic,drembaudpf@fema.gov,137-417-0427
Tera,Filipponi,Dengjia,04/15/1986,China,tfilipponipg@bluehost.com,794-291-5301
Mari,Beckwith,Smārde,02/01/1967,Latvia,mbeckwithph@desdev.cn,163-876-4339
Niall,Garretson,Saint-Dié-des-Vosges,06/24/1987,France,ngarretsonpi@xrea.com,974-425-9029
Ada,Quinell,Malasugui,09/07/1998,Philippines,aquinellpj@de.vu,559-238-9068
Gregoire,Tire,Sosnovoborsk,10/24/1995,Russia,gtirepk@soundcloud.com,347-533-3056
Janifer,Mellers,,,,,
Berri,McElmurray,Três Coroas,07/17/1951,Brazil,,311-923-8869
Haskell,Ortler,Dardhas,03/07/1978,Albania,hortlerpn@arstechnica.com,420-234-6112
Alicia,Prose,Meilin,08/11/1988,China,aprosepo@blogger.com,315-711-6195
Dimitry,Concklin,Hejiang,05/06/1963,China,dconcklinpp@dailymail.co.uk,996-692-4882
Kali,Frenzel;,Viga,03/27/1979,Philippines,kfrenzelpq@cnbc.com,597-883-2143
Marris,Rimes,Vidyayevo,05/21/1989,Russia,mrimespr@cpanel.net,722-462-0653
Hailey,Lowdwell,Paris 14,11/30/1984,France,hlowdwellps@dailymail.co.uk,565-304-9514
Mag,Wadsworth,Kobyzhcha,05/02/1980,Ukraine,,167-898-6717
Almeda,Keems,,,,akeemspu@squarespace.com,
Arabela,MacTrustie,Bunirasa,06/28/1991,Indonesia,amactrustiepv@live.com,615-762-6600
Maribelle,Zelake,Guinabsan,07/15/1995,Philippines,mzelakepw@posterous.com,728-962-1567
Dolph,Knowles,Lokavec,05/15/1990,Slovenia,dknowlespx@bandcamp.com,821-909-7253
Izak,Rollingson,Budapest,08/31/1954,Hungary,,695-279-3504
Christoper,Sale,Los Angeles,06/30/1954,United States,csalepz@ihg.com,213-596-4446
Gerek,Lydiate,Yangping,11/25/1958,China,,165-109-2138
Marlena,Wort,Tabinay,02/23/1970,Philippines,mwortq1@harvard.edu,591-952-4258
Juana,Gantzman,Pillpinto,08/29/1982,Peru,jgantzmanq2@tinypic.com,473-272-7097
Cody,Murty,El Hamma,10/07/1954,Tunisia,cmurtyq3@google.fr,486-114-4411
Winnifred,Assaf,Semey,12/02/1954,Kazakhstan,wassafq4@businessinsider.com,180-449-7450
Shaine,Pellingar,"Brgy. Nalook, kalibo",11/28/1985,Philippines,spellingarq5@netvibes.com,870-582-5574
Gwennie,Fishpool,Palmas Bellas,10/11/1993,Panama,gfishpoolq6@phoca.cz,761-503-7062
Zondra,MacAless,,,,zmacalessq7@1und1.de,
Wallace,Bartlam,Santa Ana,08/27/1966,Argentina,wbartlamq8@reddit.com,874-662-9679
Joyann,Perfili,Guijalo,11/28/1999,Philippines,jperfiliq9@nymag.com,662-130-1677
Amy,Rayner,Āwash,05/09/1990,Ethiopia,araynerqa@list-manage.com,328-871-1782
Rennie,Croyden,Boyle,12/26/1987,Ireland,rcroydenqb@gnu.org,787-191-8866
Milicent,Martonfi,Burgeo,05/22/1952,Canada,,677-530-9118
Yulma,Wadworth,Ar Ramthā,03/22/1952,Jordan,ywadworthqd@dyndns.org,547-496-1942
Myrta,Matteau,Phetchaburi,05/31/1969,Thailand,mmatteauqe@yahoo.co.jp,241-822-9097
Eustace,McIlenna,,,,emcilennaqf@fc2.com,
Imelda,Ewbanck,Alejandro Roca,06/03/1967,Argentina,iewbanckqg@cloudflare.com,697-550-7019
Ninnetta,Izaac,München,01/31/1950,Germany,nizaacqh@quantcast.com,189-286-9601
Burgess,Turmall,Myślenice,04/09/1961,Poland,bturmallqi@cdbaby.com,489-233-1117
Dalli,Wilder,Jinshan,04/22/1991,China,dwilderqj@economist.com,436-119-2270
Sammy,Paulich,Point Hill,05/27/1995,Jamaica,spaulichqk@plala.or.jp,210-505-6512
Dorena,Wherry,Krajenka,08/06/1978,Poland,dwherryql@harvard.edu,260-672-3552
Isador,Bew,Francisco Sarabia,10/28/1982,Mexico,ibewqm@google.co.jp,634-664-5384
Lilla,Martynikhin,Zhuoshui,06/15/1955,China,lmartynikhinqn@etsy.com,377-976-3054
Guilbert,Brownill,,,,gbrownillqo@shutterfly.com,
Vivianne,Brasted,Taichung,04/13/1996,Taiwan,,562-966-1903
Ferrell,Postlethwaite,Mós,09/11/1991,Portugal,fpostlethwaiteqq@diigo.com,833-197-6276
Sabra,Eatherton,Tari,04/15/1956,Papua New Guinea,seathertonqr@reference.com,252-972-5782
Catherina,Austen,,,,caustenqs@yahoo.co.jp,
Fletch,Handrick,,,,fhandrickqt@state.tx.us,
Josee,Scandwright,Söderhamn,11/05/1953,Sweden,jscandwrightqu@blogs.com,527-921-4080
Rhoda,Sturch,Repnoye,12/04/1962,Russia,rsturchqv@ovh.net,220-784-7908
Corissa,Ogles,Novo Cruzeiro,08/28/1972,Brazil,coglesqw@ask.com,563-512-0998
Kathi,Moyer,Stockholm,06/21/1976,Sweden,kmoyerqx@economist.com,762-585-2685
Wini,Kennham,Koni-Djodjo,04/17/1980,Comoros,wkennhamqy@typepad.com,136-530-0690
Francene,Macbeth,Kerrobert,08/19/1959,Canada,fmacbethqz@soundcloud.com,921-618-2047
Valerye,Cawsy,,,,vcawsyr0@usa.gov,
Nichol,Zoppo,Akráta,05/27/1995,Greece,nzoppor1@cpanel.net,211-562-4274
Maryellen,Macrae,Majiang,01/08/1993,China,mmacraer2@economist.com,767-507-9618
Morgen,Maro,Jinqiao,02/08/1972,China,mmaror3@photobucket.com,413-882-2996
Chaddie,Schott,Sigetec,02/01/1972,Croatia,,402-407-8093
Peadar,Weigh,Mata-Utu,11/11/1978,Wallis and Futuna,pweighr5@flavors.me,456-513-6847
Pauly,Blaydon,Huangshan,06/15/1951,China,pblaydonr6@slate.com,874-579-1586
Odille,Peppard,Cigaras,01/13/1989,Philippines,opeppardr7@google.co.jp,374-804-3284
Deirdre,Banville,União,01/23/1983,Brazil,,384-471-8603
Mommy,Telfer,Beutong Ateuh,12/12/1986,Indonesia,mtelferr9@mit.edu,765-867-9696
Charity,McRamsey,Piedecuesta,07/23/1977,Colombia,cmcramseyra@cbsnews.com,411-111-2365
Chester,Olphert,Khok Sung,03/18/1966,Thailand,colphertrb@about.me,579-802-9205
Elwin,Boyda,Balzar,01/02/1958,Ecuador,eboydarc@ehow.com,425-156-7677
Monika,Jenkin,Kuala Lumpur,11/05/1977,Malaysia,mjenkinrd@nps.gov,831-603-7244
Chelsie,Meatyard,Murcia,06/06/1958,Spain,cmeatyardre@dedecms.com,797-202-0996
Lambert,Muddle,Yafran,03/20/1974,Libya,lmuddlerf@ocn.ne.jp,489-528-9055
Alys,Chesher,Creil,05/07/1973,France,achesherrg@posterous.com,197-712-2786
Toby,Jeger,Sutton,10/27/1953,Canada,tjegerrh@squarespace.com,976-809-8457
Gabriella,De Leek,Wuxiang,10/08/1986,China,gdeleekri@census.gov,678-747-9299
Petr,Mancer,Zarya,03/07/1982,Russia,pmancerrj@dedecms.com,312-873-4537
Colet,Walkington,Belos Ares,11/27/1957,Portugal,cwalkingtonrk@myspace.com,699-464-9597
Davis,Le feuvre,Cortiçóis,04/03/1955,Portugal,,918-988-9113
Melisandra,Babin,Raciąż,05/07/1999,Poland,mbabinrm@dagondesign.com,696-323-7301
Thatch,Stocking,,,,tstockingrn@dailymotion.com,
Alphonso,Roxbee,,,,aroxbeero@patch.com,
Sarine,Marcam,Dagou,04/01/1995,China,,489-100-8592
Edgardo,Dominiak,Al Bilād,02/03/1986,Yemen,edominiakrq@taobao.com,666-930-2858
Goddard,Clothier,Siwalan,10/08/1970,Indonesia,gclothierrr@google.nl,482-871-1646
