first_name,last_name,birth_place,birth_date,country_living_in,email,phone
Che,Gulliman,Tuanlin,08/22/1991,China,cgulliman0@auda.org.au,570-452-0271
Filip,Mathewson,Khadyzhensk,04/07/1970,Russia,,812-976-6577
Monika,Gostall,Kovářská,10/06/1993,Czech Republic,,396-832-0073
Garek,Arran,,,,garran3@state.tx.us,
Lalo,Cheetam,Shengmi,06/03/1964,China,lcheetam4@earthlink.net,657-437-0468
Cullen,Baraclough,Chashan,09/16/1956,China,cbaraclough5@devhub.com,990-460-2128
Dion,Melross,Kuala Lumpur,06/01/1973,Malaysia,,799-856-4152
Trace,Plenderleith,Hrvace,04/28/1994,Croatia,,363-526-9311
Gabriella,Probat,,,,gprobat8@google.co.jp,
Happy,Sherebrook,Tembayangan Barat,04/29/1988,Indonesia,hsherebrook9@issuu.com,112-136-3470
Corabella,Salterne,,,,csalternea@facebook.com,
Bobbette,Thorn,Vani,01/13/1953,Georgia,bthornb@yelp.com,495-506-1610
Bernard,Blackboro,Bakov nad Jizerou,07/11/1964,Czech Republic,bblackboroc@quantcast.com,198-378-6441
Mariana,Bradborne,Medellin,09/08/1989,Philippines,mbradborned@jimdo.com,958-402-3141
Virge,Cowden,Verkhnyaya Khava,04/05/1963,Russia,vcowdene@bloglovin.com,127-316-5768
Velvet,Manicomb,Notodden,09/19/1988,Norway,vmanicombf@census.gov,461-563-4502
Sherri,Copcott,Delta del Tigre,04/04/1972,Uruguay,scopcottg@indiatimes.com,602-844-7958
Arlen,Tilney,Thun,02/28/1966,Switzerland,atilneyh@msn.com,100-373-1246
Derek,Braz,Obo,08/09/1998,Central African Republic,dbrazi@xinhuanet.com,868-986-7363
Gayle,Hammersley,Pueblo Nuevo,03/04/1999,Venezuela,ghammersleyj@nytimes.com,967-898-5928
Danita,Raunds,Salyan,08/20/1996,Azerbaijan,draundsk@patch.com,459-530-8809
Keir,Kleine,Laveiras,11/26/1979,Portugal,kkleinel@un.org,780-360-9672
Lisetta,Oki,Nakhon Chai Si,11/08/1961,Thailand,lokim@virginia.edu,664-144-2666
Markus,Loalday,Am Djarass,06/25/1954,Chad,mloaldayn@last.fm,126-321-9515
Ambrosi,Halhead,Ash Shāmīyah,04/05/1988,Kuwait,ahalheado@mozilla.com,702-942-8105
Rainer,Flecknell,Dois Vizinhos,10/27/1999,Brazil,rflecknellp@xinhuanet.com,226-662-6697
Udell,Seebright,Tammela,04/23/1968,Finland,useebrightq@wikipedia.org,953-451-5281
Garner,Bartoszinski,Heba,10/21/1995,China,gbartoszinskir@tinyurl.com,107-981-2366
Ingrim,Halladey,Upata,12/28/1982,Venezuela,ihalladeys@purevolume.com,892-230-6894
Nickey,Simms,Shouchang,06/20/1994,China,nsimmst@linkedin.com,389-632-6057
Bernete,Bathowe,Sŏnbong,10/13/1969,North Korea,bbathoweu@usnews.com,963-595-5470
Adara,Mordacai,Nantuo,03/19/1956,China,amordacaiv@rakuten.co.jp,455-627-4270
Pia,Minget,Itigi,12/18/1968,Tanzania,pmingetw@mozilla.com,859-696-1095
Rog,Brasted,,,,,
Kendal,Bumford,Sabandia,09/05/1998,Peru,kbumfordy@mozilla.com,423-820-6077
Marve,Giacomello,Ia Kha,12/24/1958,Vietnam,mgiacomelloz@twitter.com,237-976-6493
Grace,Hoofe,La Colorada,10/03/1961,Panama,ghoofe10@ocn.ne.jp,349-946-0057
Jervis,Wickey,Anjozorobe,10/18/1960,Madagascar,,821-311-4941
Toddie,Montacute,Bejuco,10/30/1984,Panama,tmontacute12@bing.com,694-316-5855
Perri,Paullin,Igreja,11/05/1996,Portugal,ppaullin13@last.fm,985-430-3336
Martha,Tregenna,Yukou,10/12/1986,China,mtregenna14@nature.com,594-475-5764
Moyna,Brute,Washington,11/22/1973,United States,mbrute15@forbes.com,202-560-4045
Sondra,Neaverson,Loreto,05/24/1955,Philippines,sneaverson16@google.fr,121-829-6248
Emanuele,Hagan,Tamboril,11/14/1974,Dominican Republic,ehagan17@nhs.uk,883-341-0622
Codie,Snoxill,El Viejo,06/24/1965,Nicaragua,csnoxill18@pbs.org,497-607-8272
Stearne,Dymond,Xiayang,07/10/1950,China,sdymond19@google.ca,813-475-7376
Noell,O'Fallon,San Antonio,04/05/1984,Mexico,nofallon1a@sina.com.cn,454-103-7538
Karlotta,Devita,Caotan,05/11/1982,China,kdevita1b@pbs.org,594-504-9645
Andie,Di Batista,Syanno,06/20/1997,Belarus,adibatista1c@networkadvertising.org,825-550-4614
Dulcy,Fury,Oruro,09/05/1951,Bolivia,dfury1d@jugem.jp,702-204-1923
Hailey,Hynd,Palmares,09/09/1950,Brazil,hhynd1e@indiatimes.com,760-754-5708
Anton,Kield,Huangjin,02/05/1956,China,akield1f@geocities.jp,464-813-3575
Jeffrey,Widd,Kurchaloy,02/12/1989,Russia,jwidd1g@mapy.cz,843-243-7969
Corella,Spottswood,Daminggong,02/27/1978,China,,456-238-5341
Shellysheldon,Nortcliffe,Serra Negra,09/15/1983,Brazil,snortcliffe1i@chron.com,892-774-7965
Sallie,Slide,Snegiri,04/18/1969,Russia,sslide1j@pcworld.com,275-555-5282
Merrie,Mc Corley,Alajuelita,07/08/1994,Costa Rica,mmccorley1k@webeden.co.uk,464-396-2715
Bevon,Reynard,Keumala,05/03/1950,Indonesia,breynard1l@biglobe.ne.jp,973-743-7914
Cory,Guyonneau,Pejek,09/08/1954,Indonesia,cguyonneau1m@yellowpages.com,380-776-5601
Atlante,Shemelt,Ntobo,01/30/1986,Indonesia,ashemelt1n@fastcompany.com,290-506-7610
Marylynne,Leband,Santa Catalina,08/02/1956,Uruguay,mleband1o@qq.com,133-151-4987
Jacinda,Legonidec,Troitsk,10/23/1962,Russia,jlegonidec1p@google.ru,793-670-8206
Bili,Splevings,Bichura,05/22/1964,Russia,bsplevings1q@pen.io,519-317-8242
Ransom,Adey,Tietê,03/13/1957,Brazil,radey1r@auda.org.au,726-722-0424
Dorothea,Hafford,,,,dhafford1s@fda.gov,
Patsy,Ricciardi,Hilversum,01/28/1977,Netherlands,pricciardi1t@miitbeian.gov.cn,449-465-2181
Morton,Ledeker,Lingyuan,06/10/1957,China,mledeker1u@posterous.com,432-355-7113
Tedi,Limpricht,Saihan Tal,11/23/1994,China,tlimpricht1v@psu.edu,765-187-0983
Bary,Busch,Ribeirão,11/30/1965,Portugal,bbusch1w@com.com,398-593-3715
Hally,Alfonso,Ubaitaba,12/18/1970,Brazil,halfonso1x@nyu.edu,959-587-8018
Wyatt,Johantges,Mazra‘at Bayt Jinn,01/28/1971,Syria,wjohantges1y@webs.com,414-638-6801
Tally,Dwerryhouse,Echarate,02/05/1991,Peru,tdwerryhouse1z@purevolume.com,259-833-9406
Jo-ann,Rennenbach,Beya,12/20/1990,Russia,jrennenbach20@tamu.edu,452-806-9020
Parsifal,Whitty,Obsharovka,01/09/1970,Russia,pwhitty21@theglobeandmail.com,768-549-6766
Nelle,Bussetti,Paris La Défense,08/03/1976,France,nbussetti22@diigo.com,168-175-8490
Ham,Kirkebye,Hamburg,04/01/1957,Germany,hkirkebye23@tuttocitta.it,814-644-5392
Karly,Alyukin,Gengwan,01/18/1974,China,kalyukin24@opera.com,857-309-0179
Hildy,Depka,Budva,09/11/1954,Montenegro,,624-859-1439
Zelig,Crisall,Gusong,09/17/1981,China,zcrisall26@topsy.com,790-327-9544
Mattias,Chapling,Carmelo,10/20/1956,Philippines,mchapling27@adobe.com,350-265-8158
Colette,Ackermann,,,,,
Germana,Drakeley,Calancuasan Norte,06/27/1986,Philippines,gdrakeley29@usatoday.com,330-727-2618
Lynnelle,Aspy,Gostilitsy,02/21/1975,Russia,,814-553-9951
Rora,Tompkinson,Rönninge,08/26/1998,Sweden,rtompkinson2b@cnbc.com,405-360-1714
Lars,Barras,Mekarsari,10/06/1997,Indonesia,lbarras2c@google.cn,528-662-7634
Danyelle,Klementz,Jurak Lao’,04/22/1959,Indonesia,dklementz2d@multiply.com,975-266-2626
Livvie,Carsberg,Łubniany,02/25/1971,Poland,lcarsberg2e@columbia.edu,438-312-4478
Petunia,O'Loughane,Stockholm,06/24/1998,Sweden,,755-367-8905
Jocelyn,Allington,Cabrero,09/19/1962,Chile,jallington2g@home.pl,425-116-6434
Rosemarie,Reihm,Huayucachi,04/27/1994,Peru,,889-772-4926
Adolphe,Murton,Tiexi,07/12/1998,China,amurton2i@goo.gl,951-614-3862
Mercie,Neilson,Palma Gil,05/15/1974,Philippines,mneilson2j@google.co.uk,350-152-8907
Essy,Haddinton,Lexington,09/16/1984,United States,ehaddinton2k@biblegateway.com,859-538-1462
Barney,Bridgen,Dengjia,10/29/1981,China,bbridgen2l@java.com,674-534-9570
Gabbie,Cordall,Lucan,07/27/1968,Ireland,gcordall2m@statcounter.com,735-531-2711
Hyatt,Baudi,Saint-Amand-les-Eaux,09/10/1994,France,hbaudi2n@wunderground.com,804-294-8663
Maridel,McCarroll,Shangshuai,10/28/1969,China,mmccarroll2o@umn.edu,708-720-6798
Conchita,Coote,Gaosheng,02/22/1972,China,ccoote2p@noaa.gov,690-182-5297
Harry,McGhie,Huarong,03/18/1974,China,hmcghie2q@plala.or.jp,922-345-2887
Cathlene,Twomey,Ccuntuma,06/04/1980,Peru,ctwomey2r@yolasite.com,888-953-7821
Gayla,Harroway,Pavlovskaya,10/27/1957,Russia,gharroway2s@tamu.edu,199-195-6316
Salomon,Whitwham,Koreiz,07/22/1976,Ukraine,swhitwham2t@mashable.com,927-651-1400
Georgeanna,Vanelli,,,,gvanelli2u@whitehouse.gov,
Melantha,Formby,Atescatempa,12/12/1989,Guatemala,mformby2v@networksolutions.com,726-569-4046
Fernande,Keuneke,Mossoró,08/01/1992,Brazil,fkeuneke2w@theglobeandmail.com,536-210-1308
Karilynn,Caird,Bochum,11/05/1997,Germany,kcaird2x@exblog.jp,138-112-3203
Leticia,Trevorrow,Changyuan,05/23/1987,China,ltrevorrow2y@toplist.cz,628-577-8527
Mendie,McMonies,Kufayrit,11/05/1958,Palestinian Territory,mmcmonies2z@posterous.com,112-988-2053
Marline,Brito,Erdaohe,11/01/1983,China,mbrito30@booking.com,700-499-6025
Steffie,Gulk,Majāz al Bāb,02/21/1956,Tunisia,sgulk31@clickbank.net,368-841-4662
Brit,Stringfellow,Orlando,09/12/1985,United States,bstringfellow32@about.com,407-559-6882
Tallia,Sparke,Otse,03/15/1998,Botswana,,739-573-8089
Stormy,Pedroli,Sigou,04/10/1973,China,spedroli34@google.cn,458-972-7673
Emogene,Brand-Hardy,Shiwan,07/12/1973,China,ebrandhardy35@imgur.com,569-352-2521
Gan,Linfitt,San Jose,11/05/1957,Mexico,glinfitt36@google.pl,656-220-3548
Lonna,Sambeck,Surazh,12/23/1999,Russia,lsambeck37@alexa.com,839-127-2575
Salomi,Drydale,Hatton,11/10/1988,United Kingdom,,875-973-1518
Linnie,Petworth,Ghormach,12/19/1985,Afghanistan,lpetworth39@cnbc.com,834-607-9908
Aldwin,Brazer,Kasina Wielka,04/18/1986,Poland,abrazer3a@youtube.com,982-698-3368
Arlyn,D'Emanuele,Cool űrhajó,01/21/1998,Afghanistan,ademanuele3b@eventbrite.com,457-472-9956
Kayley,Semple,Janes,03/03/1973,Portugal,ksemple3c@wordpress.com,561-692-1809
Olwen,Oger,Komoro,09/20/1954,Japan,ooger3d@addtoany.com,490-351-2154
Cchaddie,Brockton,Níkaia,11/20/1996,Greece,,650-338-4900
Kati,Tomczykowski,Makata,07/25/1994,Malawi,ktomczykowski3f@psu.edu,100-376-8721
Doy,Ciobotaru,Umm Şalāl ‘Alī,03/12/1968,Qatar,dciobotaru3g@discovery.com,572-961-6210
Rea,Attac,Brańsk,09/16/1968,Poland,rattac3h@instagram.com,934-782-7467
Onida,Hadlow,Dongyang,06/14/1961,China,ohadlow3i@godaddy.com,966-665-2857
Carmina,Spir,Willemstad,07/29/1989,Curacao,cspir3j@rambler.ru,444-209-4853
Sloane,Mourbey,Shanshi,08/06/1976,China,smourbey3k@mapy.cz,762-795-9241
Jolynn,Duerden,Horred,04/02/1992,Sweden,jduerden3l@gnu.org,520-260-1240
Pieter,Freake,Illapel,01/10/1993,Chile,pfreake3m@elegantthemes.com,965-784-3618
Fina,Rosendahl,Wrocław,12/31/1979,Poland,frosendahl3n@nba.com,183-857-7011
Julieta,Pirolini,Januária,09/20/1980,Brazil,,907-546-3911
Kristan,Wedgwood,Villa María,08/23/1951,Argentina,kwedgwood3p@cornell.edu,707-889-1780
Raviv,Calabry,Stockholm,08/20/1960,Sweden,rcalabry3q@indiegogo.com,411-890-0422
Anatole,Cunnah,Laka,01/15/1992,Indonesia,acunnah3r@domainmarket.com,546-903-3785
Niels,Spadollini,Ust-Kamenogorsk,03/11/1999,Kazakhstan,nspadollini3s@usatoday.com,880-937-7535
Sophie,Vignal,Zuénoula,03/31/1968,Ivory Coast,svignal3t@house.gov,320-585-2072
Gil,Stilliard,Dallas,10/29/1989,United States,gstilliard3u@sun.com,214-174-6737
Berenice,London,,,,blondon3v@amazon.co.jp,
Slade,Danneil,Havtsal,12/16/1962,Mongolia,sdanneil3w@samsung.com,260-979-6311
Lori,Quibell,Protección,02/17/1964,Honduras,,209-616-0198
Aila,Cozens,Tabunok,03/06/1976,Philippines,,304-680-9036
Peyton,Laxon,El Real,11/14/1967,Venezuela,plaxon3z@newyorker.com,328-722-6181
Feodora,Wasielewicz,Duowa,09/12/1960,China,fwasielewicz40@imgur.com,479-479-6412
Daphne,Cottham,Muslyumovo,02/18/1986,Russia,,173-773-4801
Kristi,Barti,Ketanggi,06/24/1957,Indonesia,kbarti42@blinklist.com,350-657-9774
Cad,Valti,Bukomansimbi,02/17/1995,Uganda,cvalti43@economist.com,205-288-8395
Michael,Willas,Capela,04/10/1975,Portugal,mwillas44@flickr.com,669-421-2423
Jemmie,Brownill,Shuangshipu,07/18/1993,China,jbrownill45@360.cn,674-829-4495
Hazel,Dominelli,Descalvado,12/13/1994,Brazil,,206-268-5109
Sidonnie,Ickowicz,Nabīnagar,06/26/1976,Bangladesh,,411-827-2776
Krissie,Sanzio,Washington,05/06/1975,United States,,202-931-0884
Keslie,Divill,Kruty,04/19/1966,Ukraine,kdivill49@people.com.cn,372-113-1773
Corrianne,Arnot,Long Loreh,05/12/1980,Indonesia,carnot4a@ucla.edu,246-597-6268
Oralla,Senett,Anh Son,07/15/1981,Vietnam,osenett4b@mozilla.com,252-367-1968
Hebert,Wayon,Chavdar,06/28/1984,Bulgaria,hwayon4c@noaa.gov,452-513-4018
Saunder,Ewen,Kista,09/03/1964,Sweden,sewen4d@google.pl,926-252-4001
Gwenora,Oxenden,Jurangjero,07/16/1967,Indonesia,goxenden4e@epa.gov,295-923-0665
Auria,Gorden,Lampa,02/18/1988,Chile,,259-877-3762
Harrison,Dellenbach,Xuetian,03/26/1974,China,hdellenbach4g@elegantthemes.com,580-647-0755
Katrina,Boome,,,,kboome4h@360.cn,
Nate,MacTrustam,Desa Werasari,03/17/1989,Indonesia,nmactrustam4i@spiegel.de,257-842-4904
Blakelee,Acarson,Arauco,09/21/1987,Chile,bacarson4j@wired.com,482-336-0925
Randi,Southerell,,,,rsoutherell4k@dot.gov,
Westleigh,Breadmore,Kashirskoye,09/22/1966,Russia,wbreadmore4l@uiuc.edu,218-204-9912
Alexandr,McKeown,Loa Janan,11/18/1992,Indonesia,amckeown4m@xrea.com,589-801-6502
Jeanne,Purle,Dapuchaihe,07/25/1994,China,,802-334-0648
Tamarra,Rudsdell,Cataguases,11/02/1979,Brazil,trudsdell4o@umich.edu,524-839-3500
Gamaliel,Daborn,Khawrah,05/09/1992,Yemen,,478-180-4453
Kristoforo,Verchambre,Itapetininga,10/23/1988,Brazil,,723-969-9006
Shurlocke,Roundtree,Anding,12/02/1957,China,sroundtree4r@nsw.gov.au,500-771-0963
Sada,Greatrakes,Dohār,05/29/1974,Bangladesh,,127-206-5185
Kristoforo,MacMearty,,,,kmacmearty4t@census.gov,
Tonie,Gabel,Trinidad,05/09/1971,Peru,tgabel4u@bloglines.com,875-400-1530
Gilbertina,Cavanaugh,Dili,04/18/1975,East Timor,gcavanaugh4v@mediafire.com,344-436-6165
Gwendolyn,Broader,Tyumen,03/15/1964,Russia,gbroader4w@blogspot.com,741-513-8216
Aldridge,Syme,Sucre,01/02/1982,Peru,asyme4x@fastcompany.com,746-388-4414
Marena,Glastonbury,,,,mglastonbury4y@google.nl,
Birgit,Marcombe,Kamojimachō-jōgejima,03/07/1977,Japan,bmarcombe4z@vk.com,234-998-4359
Deeyn,Reddyhoff,Gémeos,06/24/1985,Portugal,dreddyhoff50@dailymail.co.uk,368-563-9780
Shelia,Dolling,Arani,02/14/1983,Bolivia,sdolling51@columbia.edu,734-398-9222
Calypso,Fipp,Angkup,10/22/1995,Indonesia,cfipp52@unc.edu,883-884-7261
Crawford,Gayle,Pryazovs’ke,09/30/1998,Ukraine,cgayle53@privacy.gov.au,262-200-5952
Ketty,Ropcke,Kinloch,08/22/1964,United Kingdom,kropcke54@baidu.com,505-812-9856
Cybill,McSherry,Salto,12/14/1991,Uruguay,cmcsherry55@typepad.com,425-347-4363
Leonanie,McVeighty,Tacheng,06/24/1975,China,lmcveighty56@unesco.org,538-814-8104
Alysia,Clayhill,Rumburk,10/28/1961,Czech Republic,,980-148-3282
Winifield,Veldstra,Shar,02/20/1979,Kazakhstan,,877-919-6212
Ariadne,McDonald,Três Corações,01/01/1994,Brazil,amcdonald59@networkadvertising.org,617-109-6126
Pyotr,Demaine,Yiwa,07/05/1971,China,pdemaine5a@google.cn,389-608-8834
Ban,Benditt,Dulyapino,11/15/1990,Russia,bbenditt5b@homestead.com,692-876-7348
Anestassia,Lochrie,Dongming,08/16/1972,China,alochrie5c@hhs.gov,253-422-4185
Grace,MacSkeaghan,Perehonivka,10/07/1962,Ukraine,gmacskeaghan5d@wisc.edu,360-173-4342
Ardelle,Anear,Pasadena,01/30/1988,United States,aanear5e@technorati.com,626-840-7921
Randolf,Brierley,Giesteira,01/08/1998,Portugal,rbrierley5f@merriam-webster.com,286-587-5349
Cinnamon,Curbishley,Baltimore,09/17/1955,United States,ccurbishley5g@com.com,410-979-1944
Robinett,Beccles,Zelenogorsk,02/09/1969,Russia,rbeccles5h@angelfire.com,616-356-0774
Paten,Dowdam,Río Segundo,05/12/1981,Argentina,pdowdam5i@japanpost.jp,608-291-9797
Germayne,Maffy,Fajsławice,10/20/1967,Poland,,487-380-4017
Budd,McKinie,Xiaochuan,06/13/1952,China,bmckinie5k@army.mil,811-525-0838
Adah,Arent,Sobreda,11/13/1990,Portugal,aarent5l@youtube.com,628-661-3971
Marleen,Junes,Wotan,12/18/1957,Indonesia,mjunes5m@skyrock.com,798-652-4689
Maxy,Lattos,Priyutovo,05/28/1989,Russia,mlattos5n@tiny.cc,363-910-0240
Danila,Walding,Caazapá,08/14/1963,Paraguay,dwalding5o@youku.com,391-457-0368
Melonie,Luard,Muḩambal,04/07/1956,Syria,mluard5p@army.mil,593-204-2943
Dorris,Geroldo,Nanchoc,02/27/1978,Peru,dgeroldo5q@cloudflare.com,393-518-7555
Carmelina,Gladbach,Kyra,08/07/1984,Russia,cgladbach5r@aol.com,431-354-1678
Trude,Leathart,Lynn,07/02/1952,United States,tleathart5s@hibu.com,339-456-3925
Panchito,Keeting,Estoi,12/28/1990,Portugal,,314-678-4521
Gail,Woollaston,Gaur,12/12/1967,Nepal,,205-856-6348
Sharyl,Hamblyn,Huyang,10/31/1954,China,shamblyn5v@opera.com,779-985-0220
Selle,Boards,Talok,06/05/1977,Indonesia,sboards5w@google.com,291-929-6778
Ora,Ismay,Aimin,11/18/1977,China,oismay5x@twitpic.com,636-248-7041
Huey,Bowld,Horana South,08/10/1994,Sri Lanka,hbowld5y@opensource.org,582-756-9173
Tonya,Simacek,Huai Mek,07/30/1953,Thailand,tsimacek5z@msn.com,937-651-9638
Letta,Dunkley,Jiangxigou,11/27/1963,China,ldunkley60@psu.edu,945-784-0236
Aviva,Holywell,Nusajaya,11/24/1981,Malaysia,,673-542-1019
Ange,Corp,Nueve de Julio,07/17/1971,Argentina,,465-869-1517
Ferdinanda,Queyos,Sukorambi,05/31/1966,Indonesia,fqueyos63@mysql.com,128-659-1631
Derby,Misk,Blučina,03/02/1951,Czech Republic,dmisk64@joomla.org,407-673-0883
Aharon,Chatain,Arani,07/17/1973,Bolivia,achatain65@360.cn,666-187-1099
Maury,Bew,Kolç,02/03/1969,Albania,mbew66@abc.net.au,744-822-4954
Elwood,Warhurst,Lovrenc na Pohorju,08/23/1984,Slovenia,ewarhurst67@tmall.com,527-953-5413
Lion,Harrie,Qingyun,03/31/1987,China,lharrie68@domainmarket.com,735-572-2018
Gauthier,Sinkins,Fengchuan,03/09/1951,China,,178-138-1861
Dev,Ayshford,Francisco Beltrão,02/26/1998,Brazil,,375-356-8721
Linc,Asson,Dawuhanmangli,12/04/1990,Indonesia,lasson6b@shinystat.com,251-395-6654
Idell,Brechin,Youludu Sibage,11/20/1967,China,ibrechin6c@bigcartel.com,224-954-2925
Galvin,Sharville,Marília,12/01/1991,Brazil,gsharville6d@zdnet.com,188-593-2919
Curcio,Cashmore,Dahu,12/16/1973,Indonesia,ccashmore6e@hud.gov,668-447-2254
Lewiss,Hicks,Xinzha,02/15/1951,China,lhicks6f@dedecms.com,824-496-1573
Tasia,Hackley,Bergen,11/20/1954,Norway,,165-528-8142
Jared,Patient,Iba,11/16/1964,Philippines,jpatient6h@shutterfly.com,616-864-3949
Fairleigh,Benettolo,Châteauroux,07/03/1952,France,fbenettolo6i@foxnews.com,542-851-6554
Cristine,Whittles,,,,cwhittles6j@senate.gov,
Garey,Pickup,Mników,01/08/1963,Poland,gpickup6k@cbc.ca,367-251-4177
Phillida,Chatin,Buenavista,02/26/1972,Mexico,pchatin6l@1688.com,793-546-7271
Fay,Walkington,Tianguá,09/25/1987,Brazil,fwalkington6m@jiathis.com,842-439-5607
Aldo,Di Boldi,Al Abyār,06/03/1958,Libya,adiboldi6n@bloglovin.com,304-866-5178
Lauren,Morando,,,,,
Ingaberg,Latliff,Mamali,05/03/1950,Philippines,,772-904-3784
Sonnie,Willingham,Belén de los Andaquíes,06/17/1958,Colombia,swillingham6q@multiply.com,596-460-6434
Daisey,Haverson,Georgīevka,12/21/1951,Kazakhstan,dhaverson6r@google.de,273-504-3979
Ursula,Endecott,Akzhal,11/27/1961,Kazakhstan,,253-499-5311
Ara,Swanton,Ongkharak,09/28/1980,Thailand,aswanton6t@deliciousdays.com,438-172-5029
Bo,Janssens,Tubarão,01/20/1980,Brazil,bjanssens6u@time.com,526-189-7716
Dev,Greste,Fengshan,01/31/1989,China,dgreste6v@nhs.uk,549-480-8961
Clementia,Whatman,Dadiharja,06/25/1979,Indonesia,cwhatman6w@naver.com,217-427-9248
Tommie,Rought,Ivanovskoye,11/08/1972,Russia,trought6x@etsy.com,775-555-5988
Nicolina,Brugman,La Quebrada,05/05/1997,Venezuela,nbrugman6y@com.com,844-607-7623
Shanna,Barrows,Zhangtan,03/23/1965,China,sbarrows6z@yahoo.co.jp,285-895-1412
Corena,Boulger,Longquan,12/19/1964,China,cboulger70@prlog.org,842-941-0214
Bradford,Weinberg,Orlovat,04/30/1985,Serbia,bweinberg71@topsy.com,689-318-3318
Pedro,Carragher,Pyongyang,04/08/1955,North Korea,pcarragher72@usnews.com,538-292-3924
Gerome,Flintiff,Jinhe,10/02/1968,China,gflintiff73@w3.org,136-197-2039
Kathi,Aleixo,Goya,04/03/1986,Argentina,kaleixo74@bbb.org,705-351-9912
Iolande,Duckers,Francistown,04/06/1987,Botswana,iduckers75@techcrunch.com,492-898-5164
Olivia,Scowcroft,Licheng,09/20/1991,China,oscowcroft76@oakley.com,412-913-4203
Florry,Tappington,Ciorescu,04/14/1967,Moldova,ftappington77@is.gd,908-258-2272
Garrick,Olner,Bajram Curri,11/17/1960,Albania,golner78@163.com,226-519-1445
Natalina,Gerbl,Shijiao,12/14/1995,China,ngerbl79@ow.ly,684-984-9991
Nels,Brigman,,,,nbrigman7a@google.fr,
Roth,Lockhurst,Sukamulya,10/31/1961,Indonesia,rlockhurst7b@blogs.com,414-891-0847
Emelda,Garment,Alaverdi,11/12/1987,Armenia,,559-748-1297
Leonie,Giorgio,Zhencheng,09/16/1980,China,lgiorgio7d@bbc.co.uk,369-909-3745
Darren,Swetland,Wakimachi,04/09/1985,Japan,dswetland7e@mozilla.org,657-729-8786
Frederich,Akid,Fatuulan,05/28/1970,Indonesia,fakid7f@sciencedaily.com,423-508-2861
Hashim,Balaison,San Teodoro,01/18/1965,Philippines,hbalaison7g@indiatimes.com,395-283-9216
Donnie,Tonkinson,Saint-Rémi,08/28/1954,Canada,,704-210-1214
Jocelyn,Dracey,Dongshangguan,10/11/1971,China,jdracey7i@pagesperso-orange.fr,336-450-7175
Joan,Coughtrey,Hechuan,06/27/1980,China,jcoughtrey7j@archive.org,172-406-3971
Cleo,Claeskens,Wulan Haye,10/21/1961,China,cclaeskens7k@aboutads.info,624-430-6120
Massimo,Abrahmer,Kalmunai,09/04/1995,Sri Lanka,mabrahmer7l@businessinsider.com,179-737-1437
Ruthann,Gunner,Síkinos,08/18/1967,Greece,rgunner7m@opera.com,957-798-5680
Lurline,Davidi,Al ‘Āqir,08/26/1976,Yemen,ldavidi7n@nps.gov,354-683-4088
Delbert,Capnerhurst,Labuhantanggabesar,07/22/1950,Indonesia,dcapnerhurst7o@slideshare.net,541-628-4845
Thane,Leal,Ichihara,02/20/1989,Japan,tleal7p@who.int,823-858-8379
Koralle,Bolingbroke,Bolderaja,11/28/1984,Latvia,kbolingbroke7q@cbslocal.com,515-455-0766
Delcine,Sachno,Chornukhy,12/14/1971,Ukraine,dsachno7r@wiley.com,368-576-0793
Waneta,Dundon,Sŏnbong,12/18/1962,North Korea,wdundon7s@thetimes.co.uk,803-190-5692
Catie,Huckell,Lappajärvi,04/28/1958,Finland,,662-613-5638
Karyl,Kopacek,Cileles,10/16/1993,Indonesia,kkopacek7u@ustream.tv,122-416-6843
Yvor,Knyvett,Lille,10/14/1994,France,yknyvett7v@hibu.com,975-733-6176
Rutherford,Ferie,Selat,12/10/1967,Indonesia,rferie7w@angelfire.com,836-198-0040
James,Lob,,,,jlob7x@feedburner.com,
Polly,Burnside,Basse-Terre,06/13/1966,Guadeloupe,pburnside7y@comcast.net,111-276-7490
Hilliard,Ormshaw,Guocun,04/12/1995,China,hormshaw7z@taobao.com,670-621-6594
Alvina,Crommett,,,,acrommett80@cyberchimps.com,
Paco,Lording,Jenamas,08/16/1992,Indonesia,plording81@drupal.org,683-995-3337
Katleen,Dalliston,Real,05/21/1986,Portugal,kdalliston82@ucoz.com,770-988-8818
Wolfy,Trench,Plátanos,05/09/1952,Greece,wtrench83@marriott.com,289-306-5738
Glynis,Skittreal,Sobeok,05/27/1955,Indonesia,,386-137-3549
Kain,Downie,Aíyira,10/18/1975,Greece,kdownie85@wikipedia.org,294-313-6439
Chan,Hargie,Somba,08/21/1979,Indonesia,chargie86@walmart.com,231-328-2866
Ev,Mudle,Pécs,07/30/1954,Hungary,emudle87@telegraph.co.uk,410-361-6691
Clarissa,Fifoot,,,,cfifoot88@ezinearticles.com,
Risa,Bosward,Kenscoff,03/17/1993,Haiti,rbosward89@alibaba.com,611-286-4032
Ode,Denyukin,Oyonnax,12/15/1959,France,,777-900-4931
Kurt,Dron,Aoufous,04/28/1964,Morocco,kdron8b@sakura.ne.jp,925-724-4472
Inesita,Pavic,Winseler,01/12/1954,Luxembourg,ipavic8c@guardian.co.uk,229-397-2650
Hazel,Sindell,Kuala Terengganu,04/30/1984,Malaysia,hsindell8d@phpbb.com,373-130-0508
Laurence,Bofield,Toroy,06/18/1968,Indonesia,lbofield8e@wiley.com,274-382-3004
Catlaina,Harfleet,Baikui,09/15/1966,China,charfleet8f@wunderground.com,640-535-0828
Tasia,Lancett,Vancouver,03/18/1960,United States,tlancett8g@ning.com,360-477-0335
Kaile,Domenc,Kastav,12/19/1957,Croatia,kdomenc8h@smugmug.com,872-252-9293
Rafaela,Brazil,Saḩāb,05/14/1992,Jordan,,972-111-6953
Francois,Sheering,Al Qurayshīyah,10/31/1953,Yemen,fsheering8j@loc.gov,407-304-7969
Krystal,Leverson,Reshetikha,06/11/1964,Russia,kleverson8k@sciencedirect.com,887-929-1212
Felice,Catherall,Maraã,04/09/1986,Brazil,,723-385-6420
Gayelord,Gallego,Longtou,09/06/1990,China,ggallego8m@artisteer.com,135-834-7741
Ab,Cuff,Rāiwind,01/30/1968,Pakistan,acuff8n@g.co,956-134-1917
Roddie,Dunford,Baki,06/06/1975,Indonesia,rdunford8o@e-recht24.de,818-344-9052
Wright,Eisenberg,,,,weisenberg8p@wikipedia.org,
Karia,Moulden,Kafr Thulth,05/21/1956,Palestinian Territory,kmoulden8q@cbc.ca,551-466-6438
Alfy,Curran,Champagnole,08/19/1972,France,acurran8r@ted.com,380-519-6412
Joelie,Rapo,Ar Ruḩaybah,05/27/1953,Syria,jrapo8s@skyrock.com,611-183-6951
Aaren,Headon,Vilela,09/13/1979,Portugal,aheadon8t@odnoklassniki.ru,599-198-8206
Hakim,Cobson,‘Uzeir,08/24/1976,Israel,hcobson8u@instagram.com,898-450-1535
Angel,Lightwing,Sandgerði,07/17/1964,Iceland,alightwing8v@goo.gl,330-254-8063
Loria,Klampk,Quatro Barras,12/15/1968,Brazil,lklampk8w@purevolume.com,105-406-2879
Emelyne,Greenleaf,Malawag,02/01/1974,Philippines,egreenleaf8x@zdnet.com,835-637-0982
Mozes,Gairdner,Hengelo,03/01/1956,Netherlands,mgairdner8y@bloglines.com,567-301-3698
Farleigh,Winstone,Siwalan,11/20/1957,Indonesia,fwinstone8z@ibm.com,517-622-7478
Ruddie,O'Tierney,Londiani,07/02/1975,Kenya,rotierney90@dedecms.com,995-111-2122
Pebrook,Jakeman,Longxing,01/17/1981,China,pjakeman91@angelfire.com,402-451-1159
Averyl,Huntress,Longnan,09/13/1991,China,ahuntress92@alexa.com,839-282-0262
Maxie,McShirrie,Zhiqing Songduo,10/30/1978,China,mmcshirrie93@stanford.edu,223-405-9404
Langsdon,Platts,Hengfeng,10/06/1979,China,,534-796-7346
Dun,Hallifax,Babakantonggoh,02/09/1981,Indonesia,dhallifax95@edublogs.org,702-254-4271
Gale,Sporner,Qalyūb,04/27/1956,Egypt,gsporner96@youtube.com,910-375-2286
Rouvin,Mantz,Luxor,09/04/1971,Egypt,rmantz97@blog.com,773-895-7858
Aaron,Oxbe,Ciputat,02/23/1956,Indonesia,,481-945-8845
Michaelina,Hutson,Norrköping,12/16/1968,Sweden,mhutson99@answers.com,752-923-4439
Sidnee,Sabates,Iłowo -Osada,08/06/1989,Poland,ssabates9a@geocities.com,317-132-7250
Trina,Crother,Ytterby,02/12/1955,Sweden,tcrother9b@godaddy.com,380-728-7157
Agnola,Ballsdon,Diébougou,10/06/1978,Burkina Faso,aballsdon9c@alexa.com,836-198-2574
Haydon,Treamayne,Luyang,11/11/1983,China,,691-731-1279
Dudley,Balazot,Rubio,08/21/1990,Venezuela,dbalazot9e@jiathis.com,988-371-4136
Whitby,Ludwell,Itapemirim,06/26/1998,Brazil,wludwell9f@de.vu,888-419-6715
Larissa,Jellico,Jambesari,10/29/1993,Indonesia,ljellico9g@cbc.ca,619-863-2031
Marline,Alfuso,Cayambe,03/07/1983,Ecuador,malfuso9h@csmonitor.com,885-414-1664
Dreddy,Carmont,,,,dcarmont9i@trellian.com,
Reinaldo,Myner,Phlapphla Chai,02/27/1985,Thailand,rmyner9j@cargocollective.com,992-701-2766
Crosby,Bellchamber,Shuiyuan,07/26/1955,China,cbellchamber9k@addtoany.com,541-484-3226
Staffard,Kinloch,Shucheng Chengguanzhen,08/08/1991,China,skinloch9l@simplemachines.org,621-706-3814
Hyacinth,Dauney,Metsamor,10/24/1966,Armenia,hdauney9m@gmpg.org,889-746-6602
Clem,McCollum,Sinyavino,07/24/1983,Russia,cmccollum9n@twitter.com,161-747-7462
Creigh,Dougher,Seattle,10/03/1970,United States,cdougher9o@zdnet.com,425-908-4966
Amalee,Peacher,Tivat,09/27/1952,Montenegro,apeacher9p@wix.com,435-203-5931
Lacee,Courvert,Owerri,10/26/1979,Nigeria,lcourvert9q@i2i.jp,209-278-1522
Brock,O'Caherny,Bonnyville,09/06/1962,Canada,bocaherny9r@cam.ac.uk,597-346-2127
Artur,Potts,Yan Nawa,04/29/1991,Thailand,apotts9s@plala.or.jp,159-372-6605
Kristin,Pullan,Foxton,07/04/1981,New Zealand,kpullan9t@amazon.co.jp,332-600-4534
Violetta,Tripett,Leiyang,04/08/1976,China,vtripett9u@edublogs.org,201-629-2922
Chelsy,Damper,Karangboyo,11/06/1964,Indonesia,cdamper9v@admin.ch,102-552-9717
Val,Grosvenor,18 de Marzo,06/26/1956,Mexico,vgrosvenor9w@amazonaws.com,924-890-7457
Hertha,Steketee,Saint-Louis,03/25/1982,Senegal,,449-406-7926
Zabrina,Hastelow,Sanguinheira,02/01/1985,Portugal,zhastelow9y@buzzfeed.com,906-754-1050
Karil,Giscken,Hongshi,05/29/1975,China,,507-844-6323
Lyndell,Tearney,Rivera,09/03/1983,Uruguay,,176-754-9294
Averyl,Hobbert,Matriz de Camaragibe,08/21/1980,Brazil,ahobberta1@ask.com,805-892-4004
Malchy,Krienke,København,07/14/1999,Denmark,mkrienkea2@pen.io,520-655-4781
Matthieu,Francois,Santa Rosa de Aguán,04/17/1993,Honduras,mfrancoisa3@surveymonkey.com,691-206-6242
Candie,Skeermer,Dokshytsy,11/01/1972,Belarus,cskeermera4@elpais.com,870-700-5294
Bobbe,Scowen,Manchioneal,03/05/1977,Jamaica,bscowena5@google.de,617-980-3355
Kenna,Fones,Palcza,10/15/1999,Poland,kfonesa6@so-net.ne.jp,248-863-5195
Cordy,Alvarado,Jianggang,06/18/1963,China,,595-410-1841
Renaldo,Stuchbery,Stockholm,08/19/1970,Sweden,rstuchberya8@jiathis.com,136-503-9699
Cass,Gaskal,Tamorong,01/13/1993,Philippines,cgaskala9@seesaa.net,587-623-2821
Daryl,Cosser,Poponcol,02/04/1961,Indonesia,dcosseraa@google.pl,205-535-1565
Lavina,Daysh,Vila Nova de Milfontes,08/12/1996,Portugal,ldayshab@fema.gov,446-559-2693
Casey,Blamey,Mezhdurechensk,04/26/1964,Russia,cblameyac@opensource.org,337-573-2236
Gillian,Rodger,Al Jamīmah,05/27/1975,Yemen,grodgerad@chicagotribune.com,536-263-5791
Judith,Lemerie,Sanjiazi,07/25/1986,China,jlemerieae@constantcontact.com,253-221-9678
Sacha,Hing,Duncan Town,11/30/1965,Bahamas,shingaf@biblegateway.com,313-458-2475
Agretha,Fenemore,Loučeň,07/25/1980,Czech Republic,afenemoreag@opera.com,299-425-1225
Vere,MacNalley,Varginha,08/21/1971,Brazil,vmacnalleyah@constantcontact.com,257-403-9764
Clemence,Binder,Bohdalov,07/19/1980,Czech Republic,,889-686-8851
Dasha,Knightsbridge,Karangbadar Kidul,10/22/1978,Indonesia,dknightsbridgeaj@etsy.com,893-433-1533
Alvinia,Brownsey,Omaha,11/14/1985,United States,abrownseyak@123-reg.co.uk,402-896-8251
Mart,Celle,Le Cannet,01/17/1983,France,mcelleal@nba.com,805-341-1802
Deva,Clemenson,Hengxi,11/09/1997,China,dclemensonam@cmu.edu,538-780-4321
Austine,Ivanshintsev,Binulasan,08/02/1981,Philippines,aivanshintsevan@walmart.com,719-962-3265
Karoline,Grossier,Santa Eulalia,02/24/1970,Peru,kgrossierao@usa.gov,882-276-3569
Quintin,Rivelin,Kampong Thom,05/12/1965,Cambodia,qrivelinap@comsenz.com,316-500-2363
Carlin,Spohrmann,Midões,11/09/1958,Portugal,,937-553-9083
Free,Kibbee,Garden Grove,12/20/1972,United States,fkibbeear@sitemeter.com,209-102-0086
Binky,Kolinsky,Itbayat,03/25/1997,Philippines,,410-520-7321
Tansy,Boot,Izborsk,10/07/1971,Russia,tbootat@walmart.com,111-354-1446
Shepperd,Cogar,Vishnyakovskiye Dachi,09/27/1962,Russia,scogarau@va.gov,537-903-0904
Finlay,Pengelly,Temirgoyevskaya,07/22/1995,Russia,fpengellyav@trellian.com,338-401-0688
Holli,Zaple,Shibīn al Qanāţir,01/25/1974,Egypt,hzapleaw@narod.ru,751-838-5126
Sabra,Danit,Laç,12/29/1961,Albania,sdanitax@yellowbook.com,158-432-2175
Perice,Antcliff,Meiqi,10/08/1978,China,pantcliffay@hatena.ne.jp,262-958-7509
Deni,Desseine,Magaozhuang,06/11/1953,China,ddesseineaz@columbia.edu,377-951-5555
Quinta,Deetlefs,,,,qdeetlefsb0@youtu.be,
Tandi,Denkel,Esperanza,10/12/1951,Argentina,tdenkelb1@last.fm,450-495-5231
Brandy,Petrov,Wanghu,04/25/1999,China,bpetrovb2@nytimes.com,218-136-4313
Berni,Fitzpatrick,Pengjia Zhaizi,07/28/1961,China,bfitzpatrickb3@hibu.com,230-456-9762
Rodolfo,Venning,Shilong,12/12/1953,China,rvenningb4@artisteer.com,812-129-4311
Orv,Bradforth,Al Jīzah,05/22/1965,Jordan,obradforthb5@fema.gov,310-282-6791
Abbye,Healey,Qızılhacılı,08/01/1950,Azerbaijan,ahealeyb6@hibu.com,622-340-3245
Garrard,Moberley,Watthana Nakhon,02/10/1991,Thailand,gmoberleyb7@mayoclinic.com,824-197-2524
Roanne,Darragon,Arão,06/01/1978,Portugal,rdarragonb8@va.gov,480-566-4172
Ermin,Spawell,Tielong,08/21/1978,China,espawellb9@howstuffworks.com,726-552-6114
Calvin,Duplan,Caraguatatuba,12/16/1970,Brazil,cduplanba@homestead.com,184-554-0579
Nydia,Larkin,Xuanbao,10/14/1971,China,nlarkinbb@reverbnation.com,110-837-4675
Ali,Lindeberg,,,,alindebergbc@globo.com,
Darb,Roles,Dapeng,10/27/1977,China,drolesbd@chicagotribune.com,853-823-4309
Nessa,Pagitt,Tha Wang Pha,07/03/1961,Thailand,npagittbe@netlog.com,790-764-6003
Adamo,Corzor,Pieksämäki,03/21/1973,Finland,acorzorbf@walmart.com,637-425-4455
Leonelle,Filshin,Al Bayḑā’,01/07/1992,Libya,,307-604-4264
Shaylyn,Paolo,Khok Sung,12/02/1961,Thailand,spaolobh@sakura.ne.jp,184-976-4744
Grazia,Realph,Yucheng,09/13/1995,China,,432-575-3037
Camel,Illidge,Pawonków,07/02/1983,Poland,cillidgebj@state.tx.us,430-364-3128
Clemmie,Talby,Kyparissía,07/15/1974,Greece,ctalbybk@marketwatch.com,882-637-1127
Sean,Crisford,Huancabamba,06/13/1982,Peru,scrisfordbl@posterous.com,837-851-5406
Dollie,Gordge,Lucija,10/03/1982,Slovenia,,354-782-0255
Paloma,Gras,Saint John,10/23/1970,Canada,pgrasbn@irs.gov,556-711-2127
Lammond,Kayser,Sukasari,08/12/1973,Indonesia,lkayserbo@mayoclinic.com,877-298-1126
Jo-ann,Meneghelli,Phra Phrom,10/16/1990,Thailand,jmeneghellibp@mail.ru,950-779-4498
Angeline,Ortler,Ruda-Huta,02/03/1988,Poland,,745-470-1915
Pip,Abramson,Nueva Esperanza,07/13/1955,Mexico,pabramsonbr@cmu.edu,507-599-2280
Gaynor,Possa,Negotin,10/23/1997,Serbia,gpossabs@google.fr,125-279-3009
Fanchette,Ties,Nandong,08/12/1994,China,ftiesbt@icio.us,621-585-0036
Raimundo,Hasslocher,Matsuyama,08/17/1975,Japan,rhasslocherbu@cam.ac.uk,635-795-2673
Alejoa,Linnell,Fatufaun,11/12/1996,Indonesia,alinnellbv@toplist.cz,678-156-5442
Hurley,Squire,Baishi,01/04/1960,China,hsquirebw@businesswire.com,528-355-9473
Brooke,Vasishchev,Dabu,07/18/1977,China,bvasishchevbx@jalbum.net,724-266-5577
Cynthea,Bowering,Östersund,05/11/1973,Sweden,cboweringby@ed.gov,494-745-7301
Lilas,Wanden,Paseka,12/09/1967,Czech Republic,lwandenbz@youtu.be,316-119-9477
Monica,McRuvie,El Cardo,03/02/1963,Peru,,181-478-7210
Kenyon,Darbey,,,,kdarbeyc1@deliciousdays.com,
Rosette,De Meis,Las Vegas,06/30/1968,Venezuela,rdemeisc2@blogger.com,514-130-3646
Ola,Bister,Tutup,11/09/1975,Indonesia,obisterc3@indiatimes.com,637-795-4124
Lucais,Twidell,San Isidro,10/13/1978,Mexico,ltwidellc4@e-recht24.de,351-766-4045
Arnaldo,Goseling,Fāqūs,08/06/1976,Egypt,agoselingc5@vistaprint.com,447-525-9589
Ania,Isaak,Luokeng,09/24/1989,China,aisaakc6@hc360.com,575-219-2518
Felecia,Ysson,Beigang,11/12/1970,China,,738-852-9663
Bernie,Posselow,Zhoutian,05/17/1967,China,,856-962-9614
Idaline,McGrowther,Yonglong,07/18/1996,China,imcgrowtherc9@list-manage.com,371-115-7997
Lovell,Screase,Bucay,07/31/1982,Philippines,lscreaseca@msu.edu,802-879-3943
Winnah,Guilloton,El Rancho,04/17/1983,Honduras,,651-318-6919
Imogene,Catley,Baykalovo,02/03/1963,Russia,icatleycc@imgur.com,194-784-9369
Micki,Giordano,New Shagunnu,09/17/1969,Nigeria,mgiordanocd@nps.gov,523-558-5056
Herve,Najera,Huanghua,04/25/1999,China,hnajerace@forbes.com,931-283-2300
Dorella,Slogrove,,,,dslogrovecf@fema.gov,
Karlyn,Kinneally,Vancouver,07/13/1961,United States,kkinneallycg@ted.com,360-966-1297
Cassie,Currao,General Luna,06/30/1983,Philippines,,190-414-7303
Nefen,Birtley,Pidvynohradiv,03/10/1982,Ukraine,nbirtleyci@ebay.co.uk,353-565-8818
Lorri,Jonas,Sparks,05/26/1998,United States,ljonascj@sina.com.cn,775-915-0112
Amalea,Greathead,Cajacay,01/14/1998,Peru,agreatheadck@creativecommons.org,748-255-1581
Melvyn,Danher,Beiyuan,07/31/1963,China,,325-744-1782
Bianca,Trunchion,Vysotsk,12/01/1978,Russia,btrunchioncm@utexas.edu,471-782-5989
Corry,Humes,Zhoukou,12/28/1980,China,chumescn@latimes.com,984-682-2770
Glyn,Summersby,,,,gsummersbyco@comsenz.com,
Carlene,Yuille,Chinchiná,09/23/1968,Colombia,cyuillecp@amazon.de,179-163-9852
Leanor,Helder,San Bernardino,12/03/1955,Paraguay,lheldercq@mtv.com,645-286-0269
Joycelin,Wollaston,Yejia,03/06/1992,China,jwollastoncr@cpanel.net,259-759-5468
Garner,Finneran,Ponta Porã,10/13/1991,Brazil,gfinnerancs@tripod.com,566-559-7031
Oates,Trethewey,,,,,
Neill,Castro,,,,ncastrocu@histats.com,
Corella,Purviss,Tegalgede,08/04/1994,Indonesia,cpurvisscv@arstechnica.com,584-813-1601
Walton,Flaxon,Magetlegar,07/01/1950,Indonesia,wflaxoncw@networksolutions.com,122-348-5739
Linette,Preon,Yaosai,05/09/1968,China,lpreoncx@archive.org,396-664-9330
Glynda,Janecki,San José de Mayo,09/07/1977,Uruguay,gjaneckicy@slideshare.net,319-876-6178
Berenice,Cleever,Brusartsi,05/04/1970,Bulgaria,bcleevercz@ovh.net,564-123-1222
Margaux,Driffield,Lae,07/11/1992,Papua New Guinea,,869-437-2689
Tull,Belfrage,Shelopugino,11/07/1977,Russia,tbelfraged1@forbes.com,982-779-7383
Aliza,Chace,Falun,11/08/1996,Sweden,,211-186-3372
Franzen,Laughtisse,Kombapari,11/19/1981,Indonesia,flaughtissed3@addtoany.com,962-235-1753
Atlante,Reyne,Tadou,10/19/1950,China,areyned4@globo.com,261-525-3874
Lamont,Simukov,Shiye,10/20/1968,China,lsimukovd5@ca.gov,222-201-6908
Chrissy,Mogra,Gumuk Tengah,12/25/1966,Indonesia,cmograd6@jimdo.com,942-695-4613
Arne,Quartly,Hoeryŏng,07/28/1973,North Korea,aquartlyd7@youtube.com,933-453-9813
Ebony,Volage,Barentu,02/05/1962,Eritrea,evolaged8@google.fr,464-737-0241
Marita,Trigwell,Pamiątkowo,10/20/1988,Poland,mtrigwelld9@ftc.gov,640-567-2026
Belinda,Yeo,Al Qaţn,07/26/1995,Yemen,byeoda@ucla.edu,867-827-8349
Geri,Gilphillan,Kadubincarung,06/28/1979,Indonesia,,921-472-7244
Dorian,Burder,Iberia,03/01/1992,Peru,dburderdc@csmonitor.com,373-907-7444
Ellsworth,Tesyro,Cornillon,05/24/1950,Haiti,,314-550-4444
Jakie,McNeish,Curitiba,04/05/1964,Brazil,jmcneishde@nhs.uk,900-756-4592
Trista,Annis,Taishihe,03/17/1963,China,tannisdf@webs.com,116-788-7337
Sara-ann,Whoolehan,,,,swhoolehandg@dailymail.co.uk,
Christin,Worton,Kawm Umbū,06/14/1954,Egypt,cwortondh@ed.gov,106-552-4106
Prinz,Meiner,Faḩmah,03/18/1968,Palestinian Territory,pmeinerdi@unicef.org,113-650-9038
Almire,Calloway,Ourentã,11/04/1951,Portugal,acallowaydj@columbia.edu,621-794-8215
Blane,Cowlam,Bayanaūyl,02/16/1965,Kazakhstan,bcowlamdk@rakuten.co.jp,113-928-5890
Corbie,Plevey,,,,cpleveydl@house.gov,
Novelia,Vischi,La Cesira,05/27/1990,Argentina,nvischidm@pbs.org,354-624-7121
Mellie,Willgoose,Bakadagy,04/27/1952,Gambia,mwillgoosedn@foxnews.com,890-331-3489
Alwyn,Atton,Doāba,11/02/1956,Pakistan,aattondo@1und1.de,308-851-6109
Muhammad,Othen,Wuxue Shi,06/30/1978,China,mothendp@sohu.com,239-717-3704
Fonz,Di Filippo,Mandaue City,04/26/1950,Philippines,,757-441-3861
Catherin,Seiffert,Mawza‘,09/17/1991,Yemen,cseiffertdr@wisc.edu,919-455-7649
Boonie,Kettoe,Nilópolis,05/10/1957,Brazil,bkettoeds@oracle.com,548-890-3505
Worthy,Yon,Qianchuan,06/06/1969,China,wyondt@sitemeter.com,293-951-3139
Davin,Palfrey,Marseille,05/08/1975,France,dpalfreydu@usatoday.com,533-282-2672
Vivia,Fetters,Stockholm,07/03/1973,Sweden,vfettersdv@boston.com,211-482-8491
Vance,Duval,Pondokunyur,12/11/1991,Indonesia,vduvaldw@cafepress.com,383-925-9222
Fletcher,Wallman,Brongkah,09/22/1999,Indonesia,fwallmandx@csmonitor.com,276-137-8371
Northrup,Argyle,Chiang Rai,03/13/1983,Thailand,,195-743-5426
Abner,Bowbrick,Sobreda,10/03/1986,Portugal,,508-616-9671
Giralda,Hughson,Xikou,11/12/1976,China,ghughsone0@canalblog.com,904-134-9959
Larisa,Bloxsum,Sieradza,06/26/1969,Poland,lbloxsume1@360.cn,122-236-8620
Kevin,Dybbe,"Palmas De Gran Canaria, Las",07/05/1997,Spain,kdybbee2@ca.gov,511-129-9101
Lydia,Gouly,San José,07/28/1987,Paraguay,,736-203-6667
Franni,Webber,Klwów,01/03/1971,Poland,fwebbere4@cdbaby.com,683-477-1284
Terence,Thomtson,Baiyang,01/31/1963,China,tthomtsone5@forbes.com,849-245-8414
Dacey,Hartegan,Shidu,12/22/1980,China,dhartegane6@prweb.com,161-689-1954
Ketti,Milam,Xiangshui,12/10/1959,China,kmilame7@unicef.org,837-153-9101
Derril,Riglesford,Cascais,04/12/1980,Portugal,driglesforde8@unicef.org,328-800-5907
Thekla,O'Neill,Juan Adrián,01/19/1965,Dominican Republic,toneille9@rediff.com,306-784-7242
Elana,Perillo,Nenagh,10/10/1985,Ireland,eperilloea@theguardian.com,454-784-0762
Dionis,Philippsohn,Golovchino,03/24/1958,Russia,dphilippsohneb@umn.edu,673-709-3742
Darryl,Bradd,Kacha,05/22/1992,Ukraine,,942-963-1843
Zebulon,Treanor,Phayuha Khiri,01/26/1964,Thailand,ztreanored@webs.com,727-865-3641
Celestyna,Frankcombe,San Pedro Necta,05/30/1991,Guatemala,,406-787-0136
Rosemary,Clother,Les Cèdres,06/12/1980,Canada,rclotheref@ning.com,416-944-1762
Gratiana,Pennington,Independencia,04/28/1960,Mexico,gpenningtoneg@squarespace.com,452-748-3146
Emelen,Attwood,Magway,03/30/1954,Myanmar,eattwoodeh@reddit.com,738-415-5437
Sadye,Moresby,Omīdcheh,11/10/1979,Iran,smoresbyei@mit.edu,322-138-4253
Bondie,Fryers,Novoye Leushino,05/14/1962,Russia,bfryersej@vistaprint.com,620-362-6437
Lianne,McKnish,Psary,01/31/1986,Poland,lmcknishek@nasa.gov,589-489-6095
Idalina,Dumbrall,Båstad,06/13/1964,Sweden,idumbrallel@prlog.org,838-518-3188
Mitch,Pinnell,Alcorriol,02/06/1982,Portugal,mpinnellem@cam.ac.uk,408-257-8408
Derek,Trounson,Nam Kliang,07/18/1993,Thailand,dtrounsonen@pen.io,458-729-4216
Kathleen,Spellesy,Dengfeng,04/16/1979,China,kspellesyeo@house.gov,122-204-3609
Cody,Troy,Siayan,06/17/1985,Philippines,,414-294-2480
Crissie,Itzcovichch,Bremerhaven,07/26/1950,Germany,citzcovichcheq@upenn.edu,862-651-0785
Laurice,Southwell,Nāḩīyat Saddat al Hindīyah,11/28/1970,Iraq,lsouthweller@tinypic.com,594-648-7639
Eustace,Kachel,Abreus,08/11/1973,Cuba,ekacheles@theglobeandmail.com,738-992-0760
Maurene,Pinfold,Moquegua,06/27/1972,Peru,mpinfoldet@nba.com,440-411-4421
Andriana,Ormes,Coishco,05/23/1979,Peru,,241-728-4703
Aurelea,Paaso,Nantes,03/16/1980,France,,232-931-8386
Rolland,Cossins,Sevan,12/06/1991,Armenia,rcossinsew@chron.com,929-134-4369
Lea,O'Hara,Shizi,08/01/1991,China,loharaex@rambler.ru,263-768-9062
Fae,Rubens,Gryaznovskoye,01/07/1998,Russia,frubensey@ucoz.ru,325-284-3069
Cornie,Tressler,Kolç,05/25/1985,Albania,ctresslerez@t.co,466-627-5489
Giustino,Shillitto,El Carmen,02/11/1959,Mexico,gshillittof0@wiley.com,914-383-7570
Vevay,Patron,Fubei,05/01/1966,China,vpatronf1@tuttocitta.it,999-797-6233
Teddi,Lorkin,Dërmënas,09/09/1983,Albania,tlorkinf2@github.com,636-436-5139
Jordanna,Embury,Bolderaja,06/13/1975,Latvia,jemburyf3@ucsd.edu,170-153-6837
Shina,Durbin,,,,sdurbinf4@tripod.com,
Bear,Gunby,Åmål,03/08/1984,Sweden,,643-718-6856
Royall,Baildon,Xihuachi,06/18/1993,China,rbaildonf6@deviantart.com,245-187-1289
Gustave,Threadgold,Pohbango,11/02/1996,Indonesia,gthreadgoldf7@vimeo.com,162-386-5816
Nissy,McCreadie,Ugba,02/05/1954,Nigeria,nmccreadief8@ed.gov,139-951-1681
Carmita,Bruford,Hongch’ŏn,07/27/1980,South Korea,cbrufordf9@deviantart.com,975-330-2732
Blake,Trinder,Chotepe,03/23/1977,Honduras,btrinderfa@state.gov,187-649-4095
Claudia,Bladesmith,Anjozorobe,04/10/1979,Madagascar,cbladesmithfb@people.com.cn,177-257-8626
Belicia,McGinney,Västerås,04/10/1979,Sweden,bmcginneyfc@slideshare.net,405-695-9442
Gayla,Gatchel,Lebedyan’,05/02/1957,Russia,ggatchelfd@globo.com,831-899-3350
Peggi,Tunesi,Zavitinsk,05/18/1953,Russia,ptunesife@ucoz.com,740-616-5367
Evita,Attwood,Oslo,03/24/1952,Norway,eattwoodff@wordpress.org,388-182-7382
Loralyn,Giraldon,,,,lgiraldonfg@mozilla.org,
Malia,Gonnely,Pipa,06/24/1991,China,mgonnelyfh@google.com.br,424-510-9494
Vail,Vaadeland,Baltimore,01/20/1967,United States,vvaadelandfi@over-blog.com,410-952-0422
Almeria,Barkus,Naili,06/30/1979,Philippines,abarkusfj@flavors.me,679-743-5828
Clemmy,Pourveer,Pulupandan,04/06/1964,Philippines,,670-993-4185
Bald,Amey,Dalo,11/27/1991,Indonesia,bameyfl@ebay.com,958-214-8848
Cindelyn,Turpin,Compiègne,08/22/1992,France,cturpinfm@go.com,212-494-5231
Emilia,Rosenbusch,Temeke,09/10/1967,China,erosenbuschfn@ox.ac.uk,105-873-4637
Raphael,Elloit,Mueang Nonthaburi,05/30/1981,Thailand,relloitfo@drupal.org,787-309-4019
Gertruda,Heinzel,Demba,12/31/1979,Democratic Republic of the Congo,gheinzelfp@mac.com,622-228-9407
Mandie,Mease,Baiguo,01/13/1995,China,mmeasefq@cbsnews.com,928-917-5557
Doloritas,Cross,Vila Boa do Bispo,03/05/1974,Portugal,dcrossfr@vkontakte.ru,769-246-1390
Alec,Skamal,Newbiggin,05/06/1998,United Kingdom,askamalfs@harvard.edu,546-387-2861
Gabie,Jackways,Datangzhuang,01/27/1977,China,gjackwaysft@biblegateway.com,145-495-2992
Timothy,Benazet,Meilin,11/27/1952,China,tbenazetfu@mac.com,606-623-1001
Zia,Tomkins,Gressier,04/02/1956,Haiti,ztomkinsfv@indiatimes.com,702-300-6665
Lizzy,Tynnan,Ambam,02/08/1951,Cameroon,ltynnanfw@networksolutions.com,606-906-8699
Pacorro,Pervoe,Petit Raffray,01/20/1985,Mauritius,ppervoefx@guardian.co.uk,505-781-6873
Nissa,Mitroshinov,Mekkaw,08/19/1974,Nigeria,nmitroshinovfy@list-manage.com,722-185-4783
Pail,Gayne,Ponggeok,03/11/1996,Indonesia,pgaynefz@g.co,227-984-0000
Lissie,Bianco,Chengcun,12/07/1978,China,lbiancog0@photobucket.com,680-159-9448
Alfy,Friett,Tucson,04/20/1989,United States,afriettg1@desdev.cn,520-451-3760
Claus,Silversmid,Gaomi,12/17/1951,China,csilversmidg2@amazonaws.com,564-700-4076
Maurizio,Atwel,Ivanovka,11/04/1987,Russia,,563-185-5304
Sherry,Nicholson,Itatuba,09/04/1980,Brazil,snicholsong4@topsy.com,437-216-1778
Jorge,Terrans,Korets’,11/21/1997,Ukraine,jterransg5@tuttocitta.it,793-620-6768
Karia,Kildea,Arauca,10/30/1992,Colombia,kkildeag6@aboutads.info,780-509-0210
Dorolisa,Faveryear,Kyprínos,05/13/1966,Greece,dfaveryearg7@nsw.gov.au,556-324-7452
Bernelle,Clerke,Miłosław,09/03/1971,Poland,bclerkeg8@phpbb.com,724-264-5805
Ayn,Cowthard,Popovice,01/03/1963,Czech Republic,acowthardg9@jimdo.com,951-654-3598
Farand,Timmes,Tabinay,05/10/1961,Philippines,ftimmesga@shareasale.com,870-684-6953
Gennifer,Normanvill,Anta,10/11/1972,Peru,gnormanvillgb@techcrunch.com,272-517-2401
Benjamen,Munford,Rucheng Chengguanzhen,02/24/1961,China,bmunfordgc@sciencedaily.com,183-655-0112
Loy,Striker,Siderejo,03/30/1980,Indonesia,lstrikergd@washingtonpost.com,878-439-5778
Caressa,Picheford,Tianxin,10/08/1964,China,cpichefordge@is.gd,590-455-0405
Den,McEvilly,San Nicolas,08/03/1986,Philippines,dmcevillygf@mtv.com,249-605-3418
Alikee,Petrusch,,,,apetruschgg@bloglovin.com,
Marisa,Lanegran,Azurva,05/16/1969,Portugal,mlanegrangh@huffingtonpost.com,551-543-1893
Shaylyn,Alven,Langkou,05/23/1951,China,salvengi@mtv.com,689-255-4967
Gretta,Vaney,El Perico,03/29/1964,Honduras,gvaneygj@gmpg.org,196-911-3983
Camella,Morales,Marabahan,06/10/1979,Indonesia,cmoralesgk@163.com,282-995-2883
Feliks,Rodda,Fengyang,07/10/1970,China,froddagl@java.com,378-617-6012
Cleveland,Murrell,João Câmara,03/20/1966,Brazil,cmurrellgm@goodreads.com,254-895-1518
Archie,Hopkynson,Safotulafai,11/28/1977,Samoa,ahopkynsongn@chron.com,574-632-1419
Zeb,Isaksen,Peoria,01/04/1982,United States,zisaksengo@goodreads.com,928-198-9956
Lilas,Meynell,Sho’rchi,11/26/1981,Uzbekistan,lmeynellgp@washingtonpost.com,373-442-5321
Corinna,Plampin,Ertai,10/14/1965,China,cplampingq@state.tx.us,430-623-3631
Alano,Willshaw,Lyon,03/10/1973,France,awillshawgr@nature.com,724-310-1113
Raquela,Bartels-Ellis,Kilimatinde,07/31/1988,Tanzania,rbartelsellisgs@cafepress.com,281-449-1969
Ingelbert,Emblin,Cirangrang,10/31/1995,Indonesia,iemblingt@dion.ne.jp,570-802-2817
Gianina,Atling,,,,gatlinggu@yandex.ru,
Myriam,Elcott,Winston Salem,10/07/1963,United States,melcottgv@nhs.uk,336-847-7530
Mord,Leser,Haoshui,11/18/1955,China,mlesergw@php.net,951-292-9288
Osborn,Ancliffe,Lagayan,10/06/1953,Philippines,oancliffegx@independent.co.uk,565-587-5609
Liliane,Hustings,Cabay,10/19/1996,Philippines,lhustingsgy@hubpages.com,596-730-6674
Rogerio,Ricards,Bekondo,11/19/1968,Cameroon,rricardsgz@engadget.com,491-730-5006
Mackenzie,Iskov,Duba-Yurt,10/01/1976,Russia,miskovh0@instagram.com,478-106-4677
Romy,Simmonett,,,,rsimmonetth1@free.fr,
Haywood,Cranny,Beoga,06/16/1989,Indonesia,hcrannyh2@multiply.com,383-746-2346
Bernetta,Warricker,Pingshan,02/22/1985,China,,848-276-0949
Blakelee,Readmire,Alès,11/10/1965,France,breadmireh4@sogou.com,461-172-3383
Carmon,Langton,,,,clangtonh5@google.com.hk,
Ancell,Frunks,Beixiaoying,01/07/1971,China,afrunksh6@lulu.com,888-207-0216
Filbert,Rizzello,Chating,03/22/1972,China,frizzelloh7@goo.ne.jp,506-425-9086
Launce,Higgoe,Rayside-Balfour,03/04/1970,Canada,lhiggoeh8@networksolutions.com,884-752-1458
Dario,Sellstrom,Jianshan,06/19/1998,China,,692-474-4381
Andee,Culley,La Unión,04/22/1993,Colombia,aculleyha@shareasale.com,979-897-8635
Rhody,Abrahamsen,Komsomolsk-on-Amur,05/09/1989,Russia,rabrahamsenhb@theatlantic.com,907-983-7246
Birch,Stodart,Karanggeneng,09/07/1986,Indonesia,bstodarthc@hugedomains.com,882-804-1118
Kalvin,Edis,Dar Chabanne,11/11/1967,Tunisia,kedishd@purevolume.com,659-291-3684
Sandy,Blasli,,,,sblaslihe@ed.gov,
Brandice,Jennison,Huangchi,02/17/1990,China,bjennisonhf@tiny.cc,557-325-4826
Sigismond,Izard,Río Cauto,08/29/1954,Cuba,sizardhg@npr.org,596-943-4587
Meyer,Reilinger,Kaiyuan,05/24/1974,China,mreilingerhh@infoseek.co.jp,706-473-5331
Cletus,Lowman,Lerum,03/23/1951,Sweden,clowmanhi@guardian.co.uk,169-174-5431
Felipe,Cappell,Mengxi,02/02/1988,China,fcappellhj@theglobeandmail.com,620-689-0780
Davita,Marthen,San Isidro,05/06/1951,Philippines,dmarthenhk@buzzfeed.com,613-378-2576
Hashim,Wetherhead,,,,hwetherheadhl@sphinn.com,
Haily,Bridson,Stegna,01/28/1973,Poland,hbridsonhm@google.co.jp,358-138-8145
Bibi,Canacott,Saint-Nazaire,08/12/1973,France,bcanacotthn@oracle.com,692-556-5347
Matias,Regnard,Fengqiao,10/14/1963,China,,430-545-2106
Mellisent,Oene,Flic en Flac,07/04/1970,Mauritius,,247-995-0713
Laura,Birdwhistell,Mshinskaya,07/04/1986,Russia,,888-665-9902
Eileen,Sleford,Ncue,08/17/1953,Equatorial Guinea,eslefordhr@discovery.com,928-310-7333
Amble,Ridges,Alejandro Roca,03/22/1977,Argentina,aridgeshs@a8.net,498-415-8415
Elwyn,Drillingcourt,Tadotsu,07/10/1983,Japan,edrillingcourtht@thetimes.co.uk,330-541-0852
Kaspar,Studd,Saḩāb,03/08/1959,Jordan,kstuddhu@google.cn,474-588-7768
Vivyan,Queyeiro,João Alfredo,05/02/1980,Brazil,vqueyeirohv@howstuffworks.com,355-844-9002
Lyndell,Critchley,Misungwi,07/04/1988,Tanzania,lcritchleyhw@bravesites.com,558-772-9463
Perla,Terbruggen,Otradnoye,05/06/1963,Russia,pterbruggenhx@independent.co.uk,209-547-2273
Claire,Stucke,Russeifa,11/11/1985,Jordan,cstuckehy@naver.com,231-145-3132
Danna,Dawidowsky,Vranisht,04/25/1980,Albania,,918-117-2842
Windham,Caddock,Duitama,09/14/1995,Colombia,wcaddocki0@cnbc.com,870-719-0580
Jordain,Dauncey,Bentengjawa,07/15/1966,Indonesia,jdaunceyi1@cloudflare.com,343-622-5961
Tony,Adshead,Daguma,10/07/1966,Philippines,tadsheadi2@360.cn,712-714-0652
Robyn,Harme,Shishang,05/10/1980,China,rharmei3@csmonitor.com,573-391-5336
Gisella,Greaterex,Waerana,06/24/1964,Indonesia,ggreaterexi4@ocn.ne.jp,497-917-6622
Consuelo,Rames,Daciyao,07/27/1953,China,cramesi5@tripadvisor.com,392-877-8811
Hazel,MacAlpyne,Laju Kidul,01/07/1970,Indonesia,,145-263-7088
Rubetta,Leward,Yong’an,02/21/1988,China,rlewardi7@sfgate.com,537-588-9524
Jerrilee,Jeger,Mahaplag,12/21/1960,Philippines,jjegeri8@ucla.edu,395-844-7113
Gustave,Bleyman,‘Ibwayn,10/07/1991,Palestinian Territory,gbleymani9@delicious.com,359-340-0279
Calida,Huggon,Tubualá,01/25/1966,Panama,chuggonia@home.pl,682-737-8241
Eloise,Maus,Cipari,08/07/1963,Indonesia,emausib@pinterest.com,229-830-4652
Zenia,Faccini,Wieniawa,12/09/1954,Poland,zfacciniic@whitehouse.gov,805-414-5197
Clint,Strelitzki,Bashan,12/11/1972,China,cstrelitzkiid@deviantart.com,914-255-3475
Chan,Gibbieson,Luftinjë,03/09/1984,Albania,cgibbiesonie@newsvine.com,471-429-4203
Vern,Whightman,Thị Trấn Ngọc Lặc,06/09/1997,Vietnam,vwhightmanif@sogou.com,541-633-5936
Daniela,Gilluley,Borok,09/10/1997,Russia,,736-631-3077
Sheryl,Smalles,Songnan,06/07/1997,China,ssmallesih@hubpages.com,156-935-0318
Obed,Noke,Lueng Putu,09/17/1976,Indonesia,onokeii@discovery.com,922-844-3613
Janela,Crummey,Changsha,03/25/1980,China,jcrummeyij@blinklist.com,820-663-3999
Dermot,Mussetti,Porta,04/28/1956,Portugal,dmussettiik@constantcontact.com,733-235-9945
Sande,Inkle,,,,sinkleil@indiatimes.com,
Kerry,Linebarger,Atamanovka,05/12/1985,Russia,klinebargerim@fastcompany.com,138-278-6820
Ilka,Bourke,San Vicente,01/05/1975,Philippines,ibourkein@businessweek.com,755-843-3235
Della,Bracchi,Sonsorol Village,02/12/1986,Palau,,179-551-0976
Pail,Baird,Puerto Padre,07/29/1986,Cuba,,948-548-7329
Nial,Jessop,Rybno,04/13/1974,Poland,njessopiq@github.io,116-327-2736
Adelina,McElwee,Wārāh,09/18/1972,Pakistan,amcelweeir@wiley.com,438-181-6224
Tammie,Dalwood,Pimenta Bueno,08/12/1989,Brazil,tdalwoodis@soup.io,881-188-1528
Jameson,Massinger,Aksha,05/02/1994,Russia,jmassingerit@xrea.com,501-603-4147
Kala,Hatliffe,Mazhu,02/08/1956,China,khatliffeiu@myspace.com,609-797-7416
Rivi,Tordiffe,Hacıqabul,09/26/1960,Azerbaijan,rtordiffeiv@jugem.jp,325-338-9878
Borden,Dundin,Beixiaoying,01/27/1981,China,bdundiniw@drupal.org,259-191-2226
Jolie,Manketell,Netishyn,07/04/1999,Ukraine,jmanketellix@google.cn,404-565-8930
Matty,Caile,Vicente Guerrero,03/12/1959,Mexico,mcaileiy@illinois.edu,206-807-2908
Dennis,Croster,Tokorozawa,02/03/1964,Japan,dcrosteriz@xrea.com,707-586-7954
Juliann,Breacher,Jiaocha,11/27/1996,China,jbreacherj0@blogger.com,526-744-9372
Cristin,Attree,Xipingle,06/20/1974,China,,433-493-3826
Nady,Paulino,Pnikut,08/04/1960,Ukraine,npaulinoj2@pagesperso-orange.fr,265-288-0107
Jourdan,Balleine,,,,,
Windy,Pauluzzi,Pajannangger,02/02/1978,Indonesia,wpauluzzij4@ihg.com,672-906-7579
Emogene,Handrok,Nanjie,02/16/1954,China,ehandrokj5@mapy.cz,332-713-5926
Valaria,Germon,Jiacun,04/13/1962,China,vgermonj6@google.co.uk,186-296-5590
Addison,Reck,Sancha,09/22/1950,China,areckj7@nih.gov,224-179-5044
Waylin,Martensen,Rivesaltes,09/15/1984,France,wmartensenj8@sphinn.com,611-353-7893
Annemarie,Purchon,Qiankou,12/09/1984,China,apurchonj9@bluehost.com,153-808-4414
Robinet,Laurence,Montelíbano,04/24/1957,Colombia,rlaurenceja@wufoo.com,211-264-4268
Erhard,Codrington,Birmingham,08/03/1962,United States,,205-964-4327
Candice,Sidlow,Nguluhan,05/23/1952,Indonesia,csidlowjc@sun.com,355-574-6120
Logan,Keri,Bendilmuning,10/24/1973,Indonesia,,713-601-8547
Pegeen,Halahan,Krasnaya Polyana,05/30/1971,Russia,phalahanje@barnesandnoble.com,106-943-3555
Aveline,Colaton,Torres Novas,11/12/1954,Portugal,acolatonjf@stumbleupon.com,116-707-0300
Sayre,Romayne,Pakemitan,04/14/1962,Indonesia,sromaynejg@latimes.com,243-378-7161
Maiga,Aylen,Duvergé,04/12/1971,Dominican Republic,maylenjh@google.it,548-556-2530
Justino,Kulver,Río Segundo,02/20/1991,Argentina,jkulverji@kickstarter.com,439-288-2016
Christy,Mitro,Proletar,04/22/1956,Tajikistan,,477-725-1641
Floyd,Lott,,,,flottjk@infoseek.co.jp,
Elnora,Siggee,Cikadu,05/01/1951,Indonesia,esiggeejl@auda.org.au,717-815-4460
Lillis,Trazzi,Värnamo,09/06/1965,Sweden,ltrazzijm@wikispaces.com,297-832-0679
Darbee,Simeone,Sabtang,08/11/1955,Philippines,dsimeonejn@freewebs.com,511-714-1587
Nathanael,Franklen,,,,,
Nelie,Espinola,Termas de Río Hondo,11/16/1978,Argentina,nespinolajp@huffingtonpost.com,737-221-9962
Flemming,Cankett,Chakari,06/25/1988,Zimbabwe,,984-468-1854
Gray,McCanny,Qianjin,08/27/1965,China,gmccannyjr@yahoo.co.jp,462-694-7471
Tallie,Melonby,Asino,08/10/1990,Russia,tmelonbyjs@cbsnews.com,933-483-1565
Sancho,Baldrick,Washington,10/19/1961,United States,sbaldrickjt@bloomberg.com,202-303-9186
Malorie,Petlyura,Kildare,01/18/1996,Ireland,mpetlyuraju@businessinsider.com,759-914-2858
Wake,Shurey,Moryń,08/15/1976,Poland,wshureyjv@ycombinator.com,121-586-9541
Tristam,Burnhard,Belung Satu,06/06/1997,Indonesia,tburnhardjw@oakley.com,857-769-8852
Bron,Curtin,Yelizavetinskaya,09/30/1959,Russia,,570-771-4842
Bronny,Stegel,Neópolis,04/20/1956,Brazil,,577-497-1398
Nert,Austick,Sundbyberg,03/27/1981,Sweden,naustickjz@so-net.ne.jp,521-117-2591
Mady,Simons,Mabini,09/26/1964,Philippines,msimonsk0@delicious.com,936-598-3760
Harlie,Dempster,Baras,08/11/1974,Philippines,,905-767-8262
Eilis,Ewing,Donghai,10/14/1985,China,eewingk2@oracle.com,700-946-2882
Caitrin,Agett,Ramon’,12/05/1950,Russia,cagettk3@cargocollective.com,274-503-6271
Bertram,Bracchi,Usquil,06/05/1952,Peru,bbracchik4@rakuten.co.jp,360-175-4734
Bartolomeo,Bleazard,Chistopol’,08/30/1993,Russia,bbleazardk5@github.io,643-581-5431
Philippine,Hatfield,Gaoliang,08/10/1955,China,,415-705-9494
Donnell,Gilbey,Makilala,06/02/1958,Philippines,dgilbeyk7@biglobe.ne.jp,752-546-6346
Christean,Hurren,Terpsithéa,12/05/1963,Greece,,172-524-1556
Nico,Esser,Ksawerów,01/15/1958,Poland,,120-856-0249
Blakeley,Massei,Myrnyy,08/12/1983,Ukraine,bmasseika@wired.com,878-348-1981
Vasilis,MacGee,Ágios Stéfanos,03/25/1996,Greece,vmacgeekb@123-reg.co.uk,408-641-4255
Kassey,Thornham,Kalidawe,02/02/1997,Indonesia,,192-834-6761
Verile,Records,,,,,
Maryjane,Kehri,Gurinai,09/21/1992,China,mkehrike@google.pl,329-101-3787
Harriot,Shapter,Najin,06/07/1973,North Korea,,552-894-2970
Anastasia,Woolbrook,Aného,09/28/1966,Togo,awoolbrookkg@amazon.de,894-872-3109
Cristiano,Chiswell,,,,cchiswellkh@hubpages.com,
Deerdre,Tomashov,Oripää,08/31/1951,Finland,dtomashovki@virginia.edu,278-375-8109
Hamid,Goodbur,,,,hgoodburkj@bluehost.com,
Itch,Ovenell,Salt Lake City,02/25/1983,United States,iovenellkk@bigcartel.com,801-401-6866
Westley,Robrow,Taboc,12/15/1952,Philippines,,885-904-1097
Clarette,Samett,Pancalan,02/26/1975,Indonesia,csamettkm@oaic.gov.au,950-354-7638
Menard,Hadfield,Äänekoski,09/01/1959,Finland,mhadfieldkn@blogtalkradio.com,667-526-9422
Montgomery,Camfield,Sandefjord,04/08/1959,Norway,,855-721-6751
Thadeus,Bloxsum,Lagunillas,06/13/1972,Venezuela,tbloxsumkp@mlb.com,515-252-7706
Edy,Hasser,Pesochnoye,04/09/1971,Russia,,527-846-3010
Peter,Scothron,Djambala,03/03/1953,Republic of the Congo,pscothronkr@uiuc.edu,309-136-0046
Joli,Romanin,Niterói,06/15/1961,Brazil,jromaninks@dmoz.org,822-312-9256
Myranda,McDavitt,Vaughan,11/22/1975,Canada,mmcdavittkt@dailymotion.com,570-486-4659
Shaina,Duley,,,,sduleyku@pbs.org,
Sally,Blastock,,,,sblastockkv@yandex.ru,
Robbi,Foynes,Okhotsk,06/10/1999,Russia,,237-900-6191
Merv,Shephard,Yong’an,12/22/1970,China,mshephardkx@cargocollective.com,407-373-9673
Lurleen,Rushford,Chok Chai,03/06/1996,Thailand,lrushfordky@naver.com,251-985-5905
Elga,Towll,Lanxi,03/11/1983,China,etowllkz@reference.com,128-986-3221
Ninette,Selwyne,Cateel,01/28/1970,Philippines,nselwynel0@nifty.com,387-777-3389
Swen,Ibbitt,Zhabagly,12/16/1974,Kazakhstan,,761-624-9796
Edvard,Melato,Jhang Sadr,11/29/1961,Pakistan,emelatol2@walmart.com,484-824-3974
Giovanna,Pagnin,Shuitian,09/30/1952,China,gpagninl3@samsung.com,743-933-0667
Lari,Pitceathly,Drayton Valley,10/28/1984,Canada,lpitceathlyl4@cafepress.com,504-810-4360
Sonni,Gannan,Checca,09/26/1969,Peru,sgannanl5@ihg.com,791-572-4709
Katina,Riddiford,Beni Khiar,08/03/1957,Tunisia,kriddifordl6@ebay.com,666-488-5946
Crysta,Pask,Marvdasht,01/29/1978,Iran,cpaskl7@pinterest.com,803-514-4638
Jobi,Costin,Primero de Enero,07/27/1951,Cuba,jcostinl8@cmu.edu,269-468-2852
Leisha,McPhilip,Beiping,10/28/1984,China,,694-546-5327
Geoff,Elkins,Paris La Défense,05/15/1975,France,gelkinsla@bandcamp.com,934-221-5148
Jamie,Menilove,Gongping,06/26/1996,China,,705-339-3709
Gillie,Kaemena,Jatirogo,11/22/1951,Indonesia,gkaemenalc@edublogs.org,343-763-4794
Marcos,Titta,Songgai,02/09/1951,China,mtittald@pen.io,785-404-7940
Annice,Swadon,Caja,04/12/1977,Peru,aswadonle@storify.com,200-640-2551
Loria,Euplate,Wieczfnia Kościelna,10/20/1987,Poland,leuplatelf@microsoft.com,635-292-3920
Tierney,Hunnawill,Kabuynan,10/24/1952,Philippines,thunnawilllg@a8.net,393-470-3754
Babs,Molan,Masku,09/04/1987,Finland,bmolanlh@acquirethisname.com,733-806-8251
Bartlett,Gorries,Pingtan,07/05/1995,China,bgorriesli@tumblr.com,250-614-2262
Leopold,Stovine,Gampang,11/02/1961,Indonesia,,492-234-3556
Thomasa,Aldgate,Oetutulul,02/09/1993,Indonesia,taldgatelk@soundcloud.com,910-402-9642
Terry,Espinoza,Balangonan,02/06/1953,Philippines,tespinozall@theguardian.com,542-981-0001
Willi,Rosenfelder,,,,wrosenfelderlm@issuu.com,
Jenna,Gorton,Xiaba,08/30/1979,China,jgortonln@wisc.edu,415-486-9843
Haskell,Ugo,San Francisco,03/15/1953,Mexico,hugolo@yellowpages.com,778-953-8015
Valentina,Rowntree,Syców,05/15/1960,Poland,,161-476-2976
Avie,Drieu,L’govskiy,01/04/1984,Russia,,733-137-5697
Judie,Crassweller,Tejakalapa,08/25/1993,Indonesia,jcrasswellerlr@barnesandnoble.com,779-291-2280
Wylie,Blaik,Jonava,07/09/1988,Lithuania,wblaikls@accuweather.com,370-583-1433
Adelice,Gwinn,Tripoli,10/08/1990,Lebanon,agwinnlt@google.fr,798-581-7529
Rutter,Jervis,Skarbimierz Osiedle,07/25/1954,Poland,rjervislu@meetup.com,593-995-6521
Keri,Mullarkey,Hougong,06/06/1967,China,kmullarkeylv@ucoz.ru,793-949-9119
Blair,Noone,Fort Lauderdale,09/29/1965,United States,,754-809-3893
Binky,Slane,Ampanihy,12/31/1994,Madagascar,bslanelx@nbcnews.com,252-649-7251
Georgine,Kuhwald,Muli,01/26/1989,China,gkuhwaldly@sitemeter.com,130-755-5677
Deanne,Jarrette,Hashtgerd,11/07/1997,Iran,djarrettelz@edublogs.org,829-601-9925
Bren,Prandini,Kotlas,08/16/1977,Russia,bprandinim0@goo.gl,640-422-0728
Thorvald,Fenck,Kalian,01/06/1954,Philippines,tfenckm1@g.co,411-425-3676
Abdul,Yurchishin,Jia’an,05/06/1984,China,ayurchishinm2@vimeo.com,316-279-7207
Ingmar,Denzilow,Agusan,02/27/1979,Philippines,idenzilowm3@redcross.org,847-107-5415
Lotti,Prescott,Unidos,01/27/1961,Philippines,lprescottm4@japanpost.jp,727-714-3998
Linn,Landrick,Kálamos,03/20/1950,Greece,llandrickm5@symantec.com,297-553-5230
Sax,Firle,Rzhev,09/06/1977,Russia,sfirlem6@cbsnews.com,143-888-3705
Hadley,Bennington,Ponggok,09/06/1977,Indonesia,hbenningtonm7@harvard.edu,878-182-2919
Virge,Lembke,Kuching,12/26/1993,Malaysia,vlembkem8@youtube.com,640-722-4907
Patrice,Ingree,Naperville,05/18/1951,United States,pingreem9@washingtonpost.com,630-538-7182
Ddene,Raitie,Schirmeck,12/04/1955,France,draitiema@deliciousdays.com,185-903-4340
Karlee,Attle,Santa Maria,04/07/1986,Brazil,kattlemb@utexas.edu,508-372-5256
Diane,Jutson,Pirot,10/08/1951,Serbia,djutsonmc@mozilla.com,692-528-1520
Calypso,Yashanov,Nyimba,01/03/1954,Zambia,cyashanovmd@amazon.com,257-539-9852
Bronny,Seaborn,Prroshyan,01/24/1976,Armenia,bseabornme@surveymonkey.com,362-758-9431
Sigvard,Rodbourne,Yangmiao,04/11/1975,China,srodbournemf@umn.edu,705-158-4088
Hastie,Eastgate,Nanxia,08/07/1984,China,heastgatemg@com.com,510-201-5140
Opaline,Merton,Senadan,04/20/1956,Indonesia,omertonmh@privacy.gov.au,232-508-8024
Adolph,McNalley,Zhaixi,01/18/1976,China,,903-486-3653
Ellary,Simnett,Dipayal,02/13/1979,Nepal,,892-777-2633
Marlee,Yakunkin,Mogoditshane,07/21/1976,Botswana,myakunkinmk@arstechnica.com,371-340-8104
Nannie,Sydes,Langchuan,03/17/1987,China,nsydesml@sciencedirect.com,587-424-6026
Murielle,Barrass,Stara Kornica,01/28/1989,Poland,mbarrassmm@tamu.edu,128-208-0163
Mitchell,Paumier,Karanganyarkrajan,01/17/1953,Indonesia,,514-777-4802
Rawley,Quig,Johor Bahru,04/09/1964,Malaysia,,405-317-0763
Patrica,Spight,Arteni,05/12/1996,Armenia,pspightmp@shareasale.com,672-558-6644
Tadeas,Lambregts,Bowang,10/25/1997,China,tlambregtsmq@craigslist.org,473-500-4679
Jordain,Kolushev,Karangsari,07/14/1982,Indonesia,jkolushevmr@php.net,627-579-5518
Petronilla,Feye,Kropotkin,03/20/1993,Russia,pfeyems@twitter.com,876-831-7760
Veda,Barks,Abū Qalqal,06/08/1966,Syria,vbarksmt@yelp.com,878-991-3335
Karilynn,Scarfe,Apatin,11/11/1957,Serbia,,450-760-3678
Tanny,Semeradova,Carepa,02/05/1996,Colombia,tsemeradovamv@msu.edu,450-617-7136
Konstanze,Bartlomiej,Casais,08/04/1996,Portugal,kbartlomiejmw@intel.com,752-980-4914
Reiko,Friedank,Xiaopu,12/24/1974,China,,171-503-6591
Petra,Ramiro,Kibondo,09/19/1953,Tanzania,pramiromy@admin.ch,497-791-4693
Devora,Dioniso,,,,ddionisomz@wordpress.org,
Wren,Meardon,Bachok,06/01/1962,Malaysia,wmeardonn0@stanford.edu,628-508-9029
Abbott,Grestye,,,,,
Frank,Rockhall,Kaputian,03/08/1954,Philippines,frockhalln2@bbc.co.uk,305-673-1313
Hammad,Goodwyn,Gengma,07/08/1976,China,,852-885-0701
Frederich,De Roeck,Los Angeles,01/01/1998,United States,fderoeckn4@yellowbook.com,213-196-0726
Ellene,Brasseur,Doloon,09/09/1977,Mongolia,ebrasseurn5@cdbaby.com,819-476-6468
Mandel,Carding,Zumiao,06/12/1968,China,mcardingn6@smh.com.au,840-832-9540
Gwendolin,Navarre,Kozhanka,01/08/1980,Ukraine,gnavarren7@techcrunch.com,246-336-1859
Willie,Lory,Kornyn,08/28/1990,Ukraine,wloryn8@tinyurl.com,322-440-3756
Ennis,Kitchingham,Mauhao,02/18/1991,Philippines,,120-859-7898
Jarrid,Jencey,,,,jjenceyna@github.com,
Verna,Matuszak,Drawsko Pomorskie,04/11/1979,Poland,vmatuszaknb@mail.ru,312-791-2681
Reed,Paylie,Fengkou,09/20/1978,China,rpaylienc@jalbum.net,203-301-8791
Dorisa,Glassopp,,,,dglassoppnd@list-manage.com,
Glen,Himsworth,Hayange,08/11/1991,France,ghimsworthne@pinterest.com,381-959-8650
Mommy,Marchi,Hägersten,11/15/1958,Sweden,mmarchinf@moonfruit.com,815-178-7943
Charlotta,Glasscott,Bijela,11/05/1970,Montenegro,cglasscottng@bravesites.com,519-316-6881
Klara,Trowill,Changsha,04/22/1997,China,ktrowillnh@360.cn,900-687-6799
Staci,Kondrat,Stockholm,08/02/1963,Sweden,skondratni@home.pl,585-865-4759
Jens,Bullar,Ceres,08/02/1976,Brazil,jbullarnj@wiley.com,384-381-5348
Becky,Snedker,Odolanów,12/03/1951,Poland,bsnedkernk@sohu.com,897-515-8507
Carny,Bockin,Kamo,10/19/1987,Japan,cbockinnl@ucla.edu,277-586-4840
Edmund,Douce,Consolación del Sur,03/30/1962,Cuba,edoucenm@tiny.cc,231-537-6690
Lexine,Steuart,Jalpatagua,09/24/1995,Guatemala,lsteuartnn@ucoz.ru,898-515-7801
Nikoletta,Blayd,Zhutang,02/16/1989,China,nblaydno@pagesperso-orange.fr,180-573-4821
Lynett,Roget,Sadabe,02/17/1980,Madagascar,,240-656-0093
Lonnie,Ealden,Baisha,11/02/1966,China,,441-248-3670
Bianka,Webermann,Krasnomayskiy,05/17/1985,Russia,bwebermannnr@virginia.edu,342-617-8345
Lodovico,Crux,Świnna,09/16/1989,Poland,lcruxns@sohu.com,408-742-1306
Marti,Clelle,Konosha,08/15/1989,Russia,,300-114-5143
Merrielle,Cutforth,Fuxing,04/05/1958,China,mcutforthnu@nature.com,948-785-8203
Jonathan,Arnoll,Nyandoma,07/30/1981,Russia,jarnollnv@baidu.com,727-587-1665
Anett,Voss,Düsseldorf,01/22/1983,Germany,avossnw@wiley.com,782-221-7546
Abner,Skade,Yŏnggwang-ŭp,06/26/1965,North Korea,,687-196-0914
Lea,Ivashkin,Zhoupi,10/23/1999,China,livashkinny@msu.edu,190-545-1160
Tania,Simpkins,Paris 13,08/07/1994,France,tsimpkinsnz@buzzfeed.com,801-195-0432
Hy,McCaughen,Pirava,02/24/1961,Macedonia,,762-599-0367
Katuscha,MacKessock,San Martín Zapotitlán,09/04/1989,Guatemala,kmackessocko1@ted.com,106-167-3320
Stanislaw,Willshee,Parawan,06/15/1962,Indonesia,swillsheeo2@bluehost.com,426-804-2927
Joellyn,Kineton,Jincheng,06/30/1953,China,jkinetono3@europa.eu,789-983-5244
Ted,Petofi,,,,tpetofio4@addtoany.com,
Donny,Caren,Ogōri-shimogō,03/29/1979,Japan,dcareno5@constantcontact.com,409-643-3897
Dianna,Scutcheon,Ngondokandawu,02/23/1984,Indonesia,dscutcheono6@engadget.com,297-439-5810
Dasi,Beall,Gwoźnica Górna,01/18/1983,Poland,dbeallo7@indiegogo.com,833-637-8169
Susannah,Elcy,Arlöv,02/14/1989,Sweden,selcyo8@miitbeian.gov.cn,664-631-2108
Federico,Denmead,Amuru,07/28/1992,Uganda,fdenmeado9@dailymotion.com,621-770-5956
Charline,Camosso,Rive-de-Gier,10/14/1988,France,ccamossooa@angelfire.com,420-605-0288
Grenville,Waitland,Abut,03/27/1993,Philippines,gwaitlandob@gizmodo.com,499-149-7850
Horten,Woolcocks,Abashiri,06/30/1995,Japan,hwoolcocksoc@samsung.com,984-941-1745
Richart,Forlong,Bakunase,09/10/1969,Indonesia,rforlongod@nih.gov,331-837-5734
Burch,McIleen,Strzyżowice,04/27/1982,Poland,bmcileenoe@bravesites.com,124-946-1281
Dillie,O'Mullally,Odawara,12/22/1984,Japan,domullallyof@pbs.org,479-385-8423
Garreth,McSperrin,Lappeenranta,07/23/1957,Finland,gmcsperrinog@wired.com,661-533-1628
Carlota,Crenshaw,Encantado,04/25/1968,Brazil,ccrenshawoh@tmall.com,540-712-6526
Eleni,Castells,Burirao,12/12/1958,Philippines,ecastellsoi@icio.us,259-484-8003
Sloan,Oakwood,,,,soakwoodoj@blogs.com,
Gasper,Winterbourne,Yuandun,09/08/1967,China,gwinterbourneok@ftc.gov,357-848-4182
Findlay,Kilshaw,Kertasari,06/04/1999,Indonesia,fkilshawol@blogtalkradio.com,917-847-6152
Anabella,Liddall,Klumpit,04/13/1985,Indonesia,aliddallom@ed.gov,952-218-2241
Thornie,Grayson,Sabunçu,07/01/1995,Azerbaijan,tgraysonon@moonfruit.com,294-485-7246
Bendicty,Rodder,Göteborg,11/22/1963,Sweden,brodderoo@google.co.jp,603-501-3566
Riannon,Okie,Júlio de Castilhos,04/05/1979,Brazil,rokieop@umich.edu,171-150-6879
Ashleigh,Tabourel,Karanganyar,08/07/1955,Indonesia,ataboureloq@google.com.br,165-637-3615
Layla,Spincke,Burgersfort,12/07/1969,South Africa,lspinckeor@ovh.net,179-637-5611
Brnaba,Sherbourne,Jiuhe,04/12/1993,China,bsherbourneos@cafepress.com,646-970-1213
Dedie,Luckey,Nakajah,01/30/1974,Indonesia,dluckeyot@ox.ac.uk,925-683-9045
Derward,Mounfield,Chenfang,08/08/1973,China,dmounfieldou@independent.co.uk,921-401-2070
Osgood,Akehurst,Nantes,10/03/1952,France,oakehurstov@vk.com,983-959-7337
Pietrek,Davidwitz,Padre Bernardo,05/05/1970,Brazil,pdavidwitzow@tamu.edu,382-424-6999
Saw,Frany,Berlin,04/08/1969,Germany,,596-676-5288
Drusie,Cawthron,Lagunas,01/04/1984,Peru,dcawthronoy@nydailynews.com,604-595-5059
Leoline,Zemler,Popayán,02/18/1952,Colombia,,543-387-8916
Morse,Moodie,Carigara,01/02/1999,Philippines,mmoodiep0@nba.com,624-827-3968
Wylma,Rollitt,Zaoshi,08/06/1951,China,wrollittp1@samsung.com,783-140-7679
Concordia,Bazley,Chengshan,02/08/1983,China,,517-947-2877
Erroll,Kimmitt,Šalovci,07/18/1989,Slovenia,,866-609-1949
Minetta,Poad,Wysoka,11/15/1997,Poland,mpoadp4@tiny.cc,401-276-5620
Cleveland,Yukhnini,Xijiang,01/12/1981,China,cyukhninip5@t.co,420-130-3573
Shurwood,Walsom,,,,swalsomp6@bizjournals.com,
Dionisio,Michel,Jardia,06/06/1990,Portugal,dmichelp7@dyndns.org,130-885-3702
Regine,Killner,Kotri,09/03/1985,Pakistan,,681-718-3317
Wallas,Schubbert,Cauto Cristo,03/30/1969,Cuba,wschubbertp9@bloglovin.com,861-994-9275
Quentin,Andreaccio,Jitian,09/09/1983,China,qandreacciopa@hatena.ne.jp,210-471-5875
Charmine,Thurske,Videm pri Ptuju,05/07/1972,Slovenia,cthurskepb@chicagotribune.com,139-852-9220
Reinold,Foxon,Kirkton,01/13/1988,United Kingdom,,498-514-4124
Cissiee,MacArd,Lubu,03/21/1996,China,cmacardpd@hugedomains.com,514-717-5904
Gabie,Charlesworth,Aranđelovac,11/09/1974,Serbia,gcharlesworthpe@hud.gov,821-816-8336
Quinlan,Pacitti,Lérida,06/05/1971,Colombia,qpacittipf@mayoclinic.com,199-782-1005
Durand,Beggin,Klirou,05/29/1997,Cyprus,dbegginpg@plala.or.jp,353-665-2400
Robyn,Dibley,Tacurong,05/21/1972,Philippines,rdibleyph@time.com,863-910-9676
Whitaker,Fritz,,,,wfritzpi@amazon.de,
Lester,Hubbucke,Anchang,11/05/1977,China,lhubbuckepj@pagesperso-orange.fr,324-834-1589
Tailor,Lissimore,Ekerö,11/11/1950,Sweden,tlissimorepk@state.tx.us,321-805-0079
Ivy,Halhead,Tanglag,06/23/1982,China,,278-115-0632
Barbabra,Thebes,Cincinnati,06/21/1974,United States,bthebespm@istockphoto.com,513-955-7639
Andris,Kentwell,Nanao,04/02/1990,Japan,akentwellpn@businessinsider.com,639-966-8630
Kitty,Goddard,Campina Grande,10/01/1956,Brazil,kgoddardpo@cpanel.net,451-454-8644
Carmine,Booeln,Liujiage,11/26/1994,China,cbooelnpp@timesonline.co.uk,491-190-5258
Harv,Malcolm,Hengtang,11/10/1971,China,hmalcolmpq@macromedia.com,903-813-3942
Nessy,Stanbrooke,Shanban,11/23/1961,China,nstanbrookepr@shinystat.com,443-352-8826
Arabel,Sterzaker,Madīnat Sittah Uktūbar,05/16/1963,Egypt,asterzakerps@yandex.ru,568-611-9970
Thorpe,Searson,Sa Pá,02/14/1995,Vietnam,tsearsonpt@npr.org,759-595-2301
Osbourn,Seaborn,Tuymazy,12/08/1981,Russia,oseabornpu@phpbb.com,258-829-3901
Stephenie,Lawey,Belén,03/21/1992,Uruguay,slaweypv@macromedia.com,927-465-8474
Hewett,Langsbury,Tamorot,02/05/1976,Morocco,hlangsburypw@studiopress.com,830-930-8504
Merrilee,Stellino,Jinhua,09/05/1994,China,mstellinopx@nationalgeographic.com,712-645-1152
Xaviera,Rangell,Zhongzhai,04/02/1964,China,,522-508-6464
Katya,Axten,Irará,05/14/1955,Brazil,kaxtenpz@1und1.de,654-634-4812
Gilly,Flett,Ji’ergele Teguoleng,03/18/1960,China,gflettq0@reuters.com,359-388-2141
Margit,Aspinal,Imām Şāḩib,04/29/1975,Afghanistan,maspinalq1@nature.com,811-406-1623
Sophronia,Morfell,Tarogong,11/24/1975,Indonesia,smorfellq2@google.nl,616-440-0312
Letta,Ludee,Nuevo Arraiján,05/18/1984,Panama,lludeeq3@fc2.com,276-576-4772
Lilias,Candwell,Sanpai,01/28/1961,China,lcandwellq4@unc.edu,192-715-0068
Barbe,Cunliffe,Aco,12/24/1958,Peru,bcunliffeq5@people.com.cn,637-834-3212
Malina,Vasyutichev,Pitomača,07/11/1985,Croatia,mvasyutichevq6@intel.com,873-224-5794
Derek,Woolliams,Daming,12/31/1954,China,dwoolliamsq7@geocities.jp,232-506-4487
Kathlin,Uphill,Dubrovka,01/26/1961,Russia,,879-714-6779
Elroy,Schustl,Lugulu,01/30/1955,Kenya,,838-120-5665
Jaquenette,Petschel,Huangsha,04/05/1960,China,jpetschelqa@trellian.com,533-820-0195
Chandler,Learman,Rumat Heib,09/20/1965,Israel,clearmanqb@quantcast.com,813-578-9652
Bianca,Portail,Wilmington,05/26/1988,United States,bportailqc@adobe.com,302-138-3781
Pietra,Yashaev,Bigaan,11/14/1988,Philippines,pyashaevqd@gizmodo.com,463-557-5697
Mercedes,Bowskill,,,,mbowskillqe@chronoengine.com,
Emalee,Traske,Alcanena,05/17/1984,Portugal,,322-106-8790
Tallia,Streat,Ta Khmau,04/02/1974,Cambodia,tstreatqg@nationalgeographic.com,236-439-2579
Garnette,Goulder,Qiubin,01/05/1963,China,ggoulderqh@creativecommons.org,899-424-5565
Antoinette,Wabe,Halmstad,12/15/1974,Sweden,awabeqi@ihg.com,729-252-4158
Sheridan,Blay,Świętajno,10/24/1987,Poland,sblayqj@ox.ac.uk,255-230-0086
Cyndie,Littlefield,Xinghua,10/26/1976,China,,574-469-2646
Orella,Hagley,Czerwieńsk,07/20/1969,Poland,ohagleyql@ebay.com,368-116-7881
Charlotta,Nerne,Åstorp,04/24/1967,Sweden,cnerneqm@blogger.com,380-924-5134
Hester,McCathie,Virolahti,10/14/1967,Finland,hmccathieqn@odnoklassniki.ru,160-536-7495
Genna,Coppenhall,Kissónerga,01/18/1971,Cyprus,gcoppenhallqo@tuttocitta.it,618-177-1706
Joell,Leimster,Sogamoso,07/15/1962,Colombia,jleimsterqp@toplist.cz,835-985-6690
Conrado,Doddemeade,Mazra‘at Bayt Jinn,10/23/1981,Syria,cdoddemeadeqq@ehow.com,984-221-9201
Velma,Torpie,Terrugem,10/17/1991,Portugal,vtorpieqr@blogtalkradio.com,224-479-9714
Goober,Kegan,At Taḩālif,05/06/1950,Yemen,gkeganqs@illinois.edu,173-375-2809
Faulkner,Gianiello,Cigoong,05/17/1966,Indonesia,fgianielloqt@godaddy.com,263-806-9249
Lori,Meltetal,Latowicz,03/26/1979,Poland,lmeltetalqu@4shared.com,370-244-7224
Archibold,Domenget,Wugui,04/02/1987,China,adomengetqv@tripadvisor.com,369-449-0255
Lincoln,Giovanazzi,Gempol,07/17/1959,Indonesia,,361-702-1848
Susanetta,Artharg,San Diego,10/17/1982,Costa Rica,sarthargqx@wiley.com,409-144-6233
Eileen,Kidstone,Bujanovac,01/04/1967,Serbia,,761-382-5466
Hannis,Montrose,Muktāgācha,02/09/1995,Bangladesh,hmontroseqz@vimeo.com,179-598-9577
Yvette,MacBean,Volzhskiy,10/26/1955,Russia,ymacbeanr0@ovh.net,384-515-0788
Tiebout,Welburn,Tanjungbalai,01/30/1996,Indonesia,twelburnr1@shareasale.com,528-643-4770
Neddie,Renahan,Bentar,12/05/1958,Indonesia,nrenahanr2@oaic.gov.au,784-387-8265
Sayres,Kopta,Chengbei,03/25/1993,China,skoptar3@icq.com,400-521-3471
Teena,Maundrell,Jembatandua,09/21/1950,Indonesia,tmaundrellr4@youku.com,519-706-6592
Riva,Ilott,Lāmerd,12/08/1990,Iran,rilottr5@oaic.gov.au,747-183-0347
Tatum,Sheerin,Ulaan-Ereg,03/25/1955,Mongolia,tsheerinr6@yahoo.com,132-232-9743
Felix,Cobbald,Liancheng,07/14/1993,China,fcobbaldr7@cargocollective.com,675-770-9844
Marcella,Achrameev,Jelbuk,07/23/1961,Indonesia,machrameevr8@china.com.cn,167-309-7321
Peri,Tenwick,Del Monte,04/23/1976,Philippines,,777-893-4470
Samson,Boggis,Changjiang,02/08/1993,China,,139-266-8899
Glyn,McVicker,Ouaoula,07/01/1993,Morocco,gmcvickerrb@linkedin.com,645-712-9717
Kesley,de la Valette Parisot,Sangmélima,11/19/1959,Cameroon,kdelavaletteparisotrc@reuters.com,595-469-4812
Heloise,Baroch,Jasieniec,10/02/1980,Poland,hbarochrd@opensource.org,558-654-7460
Elane,Cescoti,Buka,07/01/1970,Indonesia,ecescotire@51.la,545-271-1069
Jarid,Skade,Rama,08/04/1972,Nicaragua,jskaderf@sfgate.com,500-336-1117
Renado,Lelande,Rāvar,03/02/1966,Iran,rlelanderg@studiopress.com,822-596-6681
Ari,Elder,Baranoa,05/07/1976,Colombia,aelderrh@businessinsider.com,788-961-3501
Cal,Dugald,Itatuba,10/29/1981,Brazil,cdugaldri@dyndns.org,741-386-3709
Maybelle,Nuccitelli,Meishan,01/26/1951,China,mnuccitellirj@vistaprint.com,894-690-6209
Gawain,Lundberg,Mazeikiai,12/15/1992,Lithuania,glundbergrk@psu.edu,837-413-3059
Jandy,Mengo,Ambelón,01/08/1959,Greece,,887-741-3717
Regina,Semmence,Jepara,03/25/1955,Indonesia,rsemmencerm@homestead.com,790-623-5324
Fernando,Wittrington,Moche,09/17/1993,Peru,fwittringtonrn@upenn.edu,421-238-2635
Jamie,Eddins,Fenglin,12/23/1991,China,jeddinsro@rambler.ru,285-560-0167
Rosemarie,Woolfall,Zhengguo,10/06/1995,China,rwoolfallrp@baidu.com,469-757-9064
Roxana,Nind,Reims,09/19/1957,France,rnindrq@google.pl,408-887-9267
Natka,Bartaloni,Harstad,12/30/1979,Norway,nbartalonirr@yolasite.com,403-911-5173
