first_name,last_name,birth_place,birth_date,country_living_in,email,phone
Colman,Bursnell,Rizári,1974-08-03T19:01:36Z,Greece,cbursnell0@nsw.gov.au,+30 (146) 655-3343
Vlad,Arkcoll,Emiliano Zapata,1963-02-16T21:04:11Z,Mexico,,+52 (116) 821-1831
Keely,Etter,Tumba,1980-10-01T00:21:24Z,Sweden,ketter2@slideshare.net,+46 (729) 235-4624
Sherilyn,Laidlaw,Guankou,1989-11-03T14:05:52Z,China,,+86 (642) 300-7085
Merwin,Goggin,Choloma,1952-04-09T06:42:13Z,Honduras,mgoggin4@guardian.co.uk,+504 (353) 958-2100
Iain,Vernazza,Lae,1994-07-05T07:33:21Z,Marshall Islands,ivernazza5@smugmug.com,+692 (677) 180-1900
Pansy,Grose,Wydminy,1952-03-16T15:58:30Z,Poland,,+48 (721) 479-5312
Amata,Calderonello,Misau,1969-01-23T07:24:51Z,Nigeria,acalderonello7@salon.com,+234 (678) 131-2388
Norine,Enion,Zhen’an,1989-11-07T20:00:11Z,China,nenion8@phpbb.com,+86 (649) 431-7606
Brandise,Stollmeyer,Koktal,1968-06-27T10:08:28Z,Kazakhstan,bstollmeyer9@phpbb.com,+7 (352) 745-4161
Godard,Hellis,Yanagawamachi-saiwaichō,1966-11-14T05:52:37Z,Japan,,+81 (501) 895-2460
Wiatt,Closs,Erími,1993-01-13T20:51:46Z,Cyprus,,+357 (182) 870-5854
Willamina,Gaenor,Marietta,1962-08-25T16:02:49Z,United States,wgaenorc@networkadvertising.org,+1 (770) 264-2626
Joshia,Pendrigh,Allentown,1951-10-23T19:27:50Z,United States,jpendrighd@bizjournals.com,+1 (610) 391-2629
Cathlene,Rooney,La Hacienda,1961-04-24T15:22:56Z,Philippines,crooneye@photobucket.com,+63 (832) 558-3335
Ronald,Bolger,,,,rbolgerf@dedecms.com,
Winifred,Draijer,Göteborg,1964-06-13T01:36:57Z,Sweden,wdraijerg@goodreads.com,+46 (696) 389-8399
Daveta,Leyes,Digne-les-Bains,1976-05-24T05:15:14Z,France,,+33 (644) 416-3990
Neda,Bowstead,Ōmachi,1954-04-14T03:01:26Z,Japan,,+81 (809) 249-0268
Kiele,Drife,Kumanovo,1971-04-13T10:42:11Z,Macedonia,kdrifej@goo.gl,+389 (508) 776-7008
Maurine,Parnall,Orlovo,1997-01-07T18:14:11Z,Russia,mparnallk@nature.com,+7 (238) 384-3829
Sherie,Tierney,Tāybād,1991-09-07T04:11:01Z,Iran,,+98 (573) 166-8352
Antonella,Cestard,Santa Maria,1965-09-20T13:29:01Z,Philippines,acestardm@unc.edu,+63 (624) 655-2292
Avril,Chawkley,New Brunswick,1950-12-01T23:52:24Z,United States,achawkleyn@house.gov,+1 (732) 692-6365
Cissy,Waskett,Jindong,1980-05-17T10:44:18Z,China,cwasketto@si.edu,+86 (135) 119-1298
Ronnica,Crutchfield,Umeå,1953-11-25T07:58:57Z,Sweden,rcrutchfieldp@istockphoto.com,+46 (622) 101-5125
Eugine,Bootell,Tibati,1984-11-06T23:25:27Z,Cameroon,ebootellq@google.co.uk,+237 (515) 237-3423
Emili,Bellamy,Pukou,1951-04-14T14:33:47Z,China,,+86 (393) 978-2075
Perla,Grimsdell,,,,,
Nixie,Charlesworth,Orléans,1962-02-12T11:24:58Z,France,ncharleswortht@t.co,+33 (277) 986-5589
Worth,Baser,Kazuno,1964-02-17T06:50:58Z,Japan,wbaseru@mysql.com,+81 (609) 977-4502
Alverta,Taverner,Kisii,1980-05-30T04:33:29Z,Kenya,atavernerv@facebook.com,+254 (532) 534-0857
Jaclin,Clash,Berlin,1976-09-11T15:16:00Z,Germany,,+49 (282) 716-5582
Brooks,Stanbra,Zhongguan,1969-11-23T11:10:31Z,China,bstanbrax@phpbb.com,+86 (870) 667-6560
Pru,Whittle,Santa Bárbara d'Oeste,1986-04-25T12:27:20Z,Brazil,pwhittley@youku.com,+55 (935) 841-8735
Fredric,Valasek,Guiset East,1993-08-26T20:00:07Z,Philippines,fvalasekz@amazon.co.jp,+63 (741) 483-5965
Clerc,Kohrs,Sanlifan,1988-10-14T03:17:24Z,China,,+86 (343) 359-2748
Randa,Sharvell,Benito Juarez,1981-09-13T22:02:44Z,Mexico,,+52 (800) 803-2057
Tamera,Verrell,Azurva,1967-03-31T11:50:13Z,Portugal,tverrell12@dot.gov,+351 (952) 186-0395
Emery,Kalewe,Yasothon,1975-10-16T12:30:11Z,Thailand,ekalewe13@howstuffworks.com,+66 (801) 641-3097
Stillman,Shevlane,Qingminghe,1967-05-17T05:28:07Z,China,sshevlane14@fda.gov,+86 (181) 336-1675
Shannah,Burchatt,Sahagún,1958-10-12T01:06:57Z,Colombia,sburchatt15@wufoo.com,+57 (180) 829-2974
Tabbatha,Janouch,Yiliu,1989-07-17T03:42:57Z,China,tjanouch16@engadget.com,+86 (653) 223-5917
Vernor,Bleythin,Marseille,1984-04-12T11:17:33Z,France,vbleythin17@prnewswire.com,+33 (677) 649-8896
Bunni,Myott,Wulong,1957-06-17T21:25:39Z,China,bmyott18@ustream.tv,+86 (522) 733-0995
Rube,Maffeo,Stockholm,1966-09-14T05:59:44Z,Sweden,rmaffeo19@google.ca,+46 (508) 893-5137
Brenden,Van de Vlies,Mababanaba,1960-06-13T12:04:54Z,Philippines,bvandevlies1a@telegraph.co.uk,+63 (147) 214-0898
Fransisco,Deners,Qintang,1956-06-03T07:46:33Z,China,,+86 (301) 191-9533
Laural,Dufore,Fu’an,1990-09-23T10:09:32Z,China,ldufore1c@auda.org.au,+86 (205) 316-7236
Bernardina,Sasser,Semongkat,1952-01-16T21:23:48Z,Indonesia,bsasser1d@deliciousdays.com,+62 (457) 205-6944
Chauncey,Olkowicz,Siwa Oasis,1960-07-05T11:34:13Z,Egypt,,+20 (228) 653-2978
Roi,Kinsey,Boise,1981-04-10T22:39:11Z,United States,rkinsey1f@theguardian.com,+1 (208) 133-2451
Ninetta,Worthy,Kalpin,1984-06-17T10:04:11Z,China,,+86 (381) 534-3536
Davon,MacCartair,Niort,1998-10-07T04:44:03Z,France,dmaccartair1h@sourceforge.net,+33 (564) 287-6121
Vannie,Robertazzi,Gensi,1984-10-22T00:10:04Z,China,vrobertazzi1i@dedecms.com,+86 (818) 572-9379
Amanda,Stiggers,Miaoya,1976-04-07T07:09:22Z,China,astiggers1j@census.gov,+86 (538) 641-9739
Ulrick,Ballam,Bierawa,1990-10-19T17:41:10Z,Poland,uballam1k@1und1.de,+48 (952) 693-3181
Craig,Hethron,Jivia,1960-02-11T12:40:45Z,Peru,,+51 (678) 468-5163
Neila,Baden,Krajan Demit,1994-10-02T17:58:48Z,Indonesia,nbaden1m@ebay.com,+62 (507) 159-1759
Anatola,Chittim,Salavat,1968-12-01T08:25:38Z,Russia,achittim1n@state.tx.us,+7 (882) 131-0703
Blythe,Dorrian,Nsok,1980-01-30T22:20:26Z,Equatorial Guinea,bdorrian1o@shutterfly.com,+240 (535) 144-1880
Zena,Quilter,Duque de Caxias,1981-06-19T01:49:06Z,Brazil,zquilter1p@bbc.co.uk,+55 (719) 178-0570
Audra,Kopp,Pakel,1957-04-02T06:30:55Z,Indonesia,,+62 (277) 337-7090
Bennett,Titchmarsh,Sarajevo,1952-10-28T02:05:00Z,Bosnia and Herzegovina,btitchmarsh1r@bizjournals.com,+387 (757) 924-6423
Yelena,O'Devey,Jiangyan,1973-12-14T11:55:18Z,China,yodevey1s@flavors.me,+86 (367) 709-5931
Maryjo,Bamblett,Moñitos,1963-03-02T19:23:17Z,Colombia,,+57 (952) 764-5714
Griffin,Feeley,Koupéla,1962-04-08T20:15:14Z,Burkina Faso,gfeeley1u@disqus.com,+226 (634) 657-5294
Rodolph,Chick,Jenang Selatan,1994-07-08T23:52:15Z,Indonesia,rchick1v@imageshack.us,+62 (301) 568-5565
Lacy,Dunster,Hoorn,1971-11-04T06:20:57Z,Netherlands,ldunster1w@prlog.org,+31 (370) 926-1370
Dorita,Housaman,,,,dhousaman1x@umich.edu,
Olympia,Tatters,Serra de Santa Marinha,1956-06-06T21:40:39Z,Portugal,otatters1y@soup.io,+351 (584) 770-0857
Putnam,Ousbie,Pomar,1953-10-03T13:11:09Z,Portugal,pousbie1z@cisco.com,+351 (814) 257-2982
Eliza,Tizzard,Cần Giờ,1972-11-21T16:24:04Z,Vietnam,etizzard20@mit.edu,+84 (395) 407-9805
Ned,McGoon,Ganpu,1964-03-19T17:06:53Z,China,nmcgoon21@artisteer.com,+86 (534) 273-2636
Doris,Rraundl,Paprotnia,1973-02-02T15:14:44Z,Poland,drraundl22@businessweek.com,+48 (832) 735-9335
Esma,Primett,Ewarton,1956-11-22T08:02:23Z,Jamaica,eprimett23@wikimedia.org,+1 (676) 863-0867
Leon,Kirman,Malian,1960-02-01T19:10:06Z,China,lkirman24@biblegateway.com,+86 (483) 250-1568
Gardiner,Loach,Podgorenskiy,1962-12-22T06:11:28Z,Russia,gloach25@mediafire.com,+7 (453) 299-7398
Eduino,Jurisic,Ganfang,1990-12-18T02:45:59Z,China,,+86 (831) 313-8800
Quincy,Masden,Zavidovo,1990-04-04T03:14:23Z,Russia,,+7 (287) 919-1865
Brade,Plaide,Pundong,1991-02-15T14:43:57Z,Indonesia,bplaide28@dot.gov,+62 (108) 915-2785
Dori,Huyhton,Dushang,1996-04-02T08:20:32Z,China,dhuyhton29@eepurl.com,+86 (226) 562-6849
Patten,Swadling,Itbayat,1971-10-24T03:36:05Z,Philippines,pswadling2a@behance.net,+63 (464) 897-9345
Cherri,D'Avaux,Hirakata,1972-04-15T03:17:47Z,Japan,cdavaux2b@umn.edu,+81 (943) 270-7796
Alverta,Havard,Maintirano,1965-03-14T00:41:25Z,Madagascar,,+261 (142) 545-4528
Amerigo,Yashunin,Cajazeiras,1996-01-31T06:44:35Z,Brazil,ayashunin2d@census.gov,+55 (212) 204-3413
Tamma,Wray,Santo Niño,1973-10-04T06:00:34Z,Philippines,twray2e@uol.com.br,+63 (836) 270-1187
Jeanie,Greenhead,,,,jgreenhead2f@list-manage.com,
Aidan,Wyper,Täby,1972-03-14T07:14:36Z,Sweden,awyper2g@studiopress.com,+46 (965) 781-8558
Dante,Copcott,Iława,1994-10-28T13:04:01Z,Poland,dcopcott2h@virginia.edu,+48 (745) 547-1846
Isabelle,Lawrey,Bangilan,1975-04-12T16:58:42Z,Indonesia,ilawrey2i@hostgator.com,+62 (953) 368-9157
Chrotoem,Drowsfield,Mainque,1960-05-08T05:01:41Z,Argentina,,+54 (572) 938-4413
Raphael,Simond,Kuwumkumambal,1960-10-24T18:25:05Z,Indonesia,rsimond2k@cdbaby.com,+62 (751) 561-3110
Genevieve,Coltart,Zhugang,1978-11-10T00:33:03Z,China,gcoltart2l@state.gov,+86 (466) 270-7569
Ezequiel,Ealden,Ulricehamn,1968-06-16T15:56:40Z,Sweden,,+46 (187) 186-5801
Valentine,Tommeo,,,,vtommeo2n@blog.com,
Charlotta,Portail,Panyarang,1968-02-28T01:15:04Z,Indonesia,cportail2o@cnbc.com,+62 (522) 542-0842
Jeanie,Thyng,Guernica,1992-03-27T15:45:15Z,Argentina,jthyng2p@alexa.com,+54 (402) 840-6298
Sheryl,Maidens,Pyrgetós,1989-08-30T09:59:14Z,Greece,,+30 (830) 529-2174
Alvina,Tuffrey,Daniwato,1993-10-19T09:18:31Z,Indonesia,,+62 (438) 818-7958
Brear,Randell,Gangba,1989-07-16T00:36:30Z,China,brandell2s@yellowbook.com,+86 (682) 925-1747
Ari,Crawcour,Vårgårda,1969-02-06T06:59:18Z,Sweden,acrawcour2t@japanpost.jp,+46 (530) 367-4437
Dania,Lavers,Pita Kotte,1994-03-07T14:03:03Z,Sri Lanka,dlavers2u@jimdo.com,+94 (865) 257-3396
Karalynn,Bram,Yanacancha,1971-09-22T23:12:31Z,Peru,,+51 (784) 258-3532
Ertha,Colebeck,Beishan,1963-09-20T11:19:13Z,China,ecolebeck2w@ftc.gov,+86 (400) 339-1314
Merilee,Guierre,Piraí,1959-11-30T23:45:57Z,Brazil,,+55 (812) 350-0231
Nikolaos,Barney,Almafuerte,1955-02-23T02:57:23Z,Argentina,nbarney2y@vimeo.com,+54 (580) 940-0771
Tildie,Oakenfull,El Carril,1957-02-21T15:30:49Z,Argentina,toakenfull2z@csmonitor.com,+54 (374) 299-9195
Deanna,Willmont,Kostryzhivka,1968-10-17T23:24:33Z,Ukraine,dwillmont30@sphinn.com,+380 (450) 641-8029
Rosamund,Rosenblad,Solsona,1954-10-06T06:18:32Z,Philippines,rrosenblad31@parallels.com,+63 (283) 625-8240
Casar,Uzelli,Nyūzen,1972-07-21T06:20:47Z,Japan,cuzelli32@mail.ru,+81 (592) 515-1425
Florida,Mitchard,Chochkan,1964-11-10T01:15:52Z,Armenia,fmitchard33@umich.edu,+374 (378) 796-0598
Jock,Grahame,Malaya Purga,1979-02-20T23:42:24Z,Russia,jgrahame34@sina.com.cn,+7 (517) 408-7896
Jamesy,Scoggins,Jungutbatu Kaja Dua,1987-04-29T23:08:51Z,Indonesia,jscoggins35@github.com,+62 (154) 447-4124
Glenden,Ledgley,Woto,1981-09-13T12:36:31Z,Indonesia,gledgley36@ehow.com,+62 (175) 660-8102
Chet,Vanyushin,Liuge,1991-07-07T17:03:36Z,China,cvanyushin37@ustream.tv,+86 (471) 389-5041
Darb,Rabbe,Oum Hadjer,1990-02-15T13:10:08Z,Chad,drabbe38@chronoengine.com,+235 (975) 345-5338
Patty,Goodayle,Viraco,1970-03-05T19:01:01Z,Peru,,+51 (681) 402-3639
Rozalin,Laherty,Namp’o,1997-12-23T01:46:02Z,North Korea,rlaherty3a@tripadvisor.com,+850 (606) 536-2639
Alyss,McColm,Ziyuan,1975-08-04T05:03:28Z,China,amccolm3b@sogou.com,+86 (852) 981-8131
Wenona,Giffen,Wuguishan,1982-06-25T22:55:30Z,China,wgiffen3c@amazon.co.jp,+86 (705) 135-7183
Archambault,Sumpner,Zverevo,1958-02-01T06:19:42Z,Russia,asumpner3d@discuz.net,+7 (784) 399-4076
Crissie,Taillard,Zhoujiaba,1971-01-16T01:18:55Z,China,ctaillard3e@vimeo.com,+86 (660) 295-8139
Jase,Orsman,Đạ Tẻh,1983-10-08T21:42:51Z,Vietnam,jorsman3f@sbwire.com,+84 (686) 172-2234
Nathanil,Lombardo,Puyung,1968-02-22T19:13:32Z,Indonesia,,+62 (376) 331-8737
Tiffany,Hanaby,Mbala,1996-02-21T16:16:13Z,Zambia,thanaby3h@utexas.edu,+260 (188) 715-3191
Malachi,Warlowe,Songping,1987-06-08T07:48:42Z,China,mwarlowe3i@wikimedia.org,+86 (935) 120-0395
Kayne,Bart,Jiegan,1969-11-26T01:38:52Z,China,kbart3j@so-net.ne.jp,+86 (463) 477-0196
Christiana,Golland,,,,cgolland3k@globo.com,
Warren,Saulter,Shani,1963-07-25T23:19:37Z,Nigeria,wsaulter3l@csmonitor.com,+234 (446) 775-4582
Dolph,Monard,Burla,1993-01-05T19:56:25Z,Russia,dmonard3m@typepad.com,+7 (979) 247-8814
Stuart,Mitcheson,Bry-sur-Marne,1951-11-06T22:47:00Z,France,smitcheson3n@newsvine.com,+33 (571) 882-1514
Gillian,Middlemass,Dumbéa,1995-03-19T01:41:21Z,New Caledonia,gmiddlemass3o@mapy.cz,+687 (115) 319-8521
Jeanine,Caush,Eastern Suburbs Mc,1976-07-19T09:24:16Z,Australia,jcaush3p@posterous.com,+61 (108) 535-3501
Martin,Lindner,Tayturka,1998-05-08T19:44:31Z,Russia,mlindner3q@ed.gov,+7 (209) 675-9863
Natasha,Shambrooke,Chizhou,1972-02-12T22:56:12Z,China,nshambrooke3r@go.com,+86 (563) 301-6936
Hurlee,Bedo,Marapanim,1969-10-09T00:12:09Z,Brazil,hbedo3s@si.edu,+55 (488) 743-0107
Talbot,Serginson,Eydhafushi,1999-03-07T17:02:05Z,Maldives,tserginson3t@google.it,+960 (579) 481-6360
Laurella,Overal,Paraíso das Águas,1977-12-04T20:37:36Z,Brazil,loveral3u@cisco.com,+55 (169) 817-4818
Titos,Espadater,Velykyi Bereznyi,1963-10-27T07:22:49Z,Ukraine,tespadater3v@icio.us,+380 (360) 670-3586
Corella,Calder,Opaka,1964-11-21T06:21:39Z,Bulgaria,,+359 (801) 178-8728
Jasmine,Lewty,Canchaque,1979-12-01T04:21:25Z,Peru,jlewty3x@mashable.com,+51 (813) 828-4511
Elaine,Piche,Renyi,1974-08-07T23:03:53Z,China,epiche3y@narod.ru,+86 (302) 444-6051
Georgena,Connal,,,,gconnal3z@booking.com,
Sabine,Maddick,,,,,
Galvan,Maddaford,Wolongquan,1971-10-01T07:22:54Z,China,gmaddaford41@accuweather.com,+86 (510) 891-5315
Tatum,Andraud,,,,tandraud42@ed.gov,
Cristian,Simmons,Guanyinge,1962-06-14T23:38:10Z,China,csimmons43@psu.edu,+86 (325) 658-4642
Darrel,Lambregts,Jayanca,1992-06-08T06:21:40Z,Peru,dlambregts44@amazon.co.uk,+51 (471) 306-3421
Sayers,Copplestone,,,,scopplestone45@exblog.jp,
Luce,Escalero,Alingsås,1954-03-26T10:35:10Z,Sweden,lescalero46@patch.com,+46 (179) 765-1674
Osbourne,Romeuf,Trới,1958-03-05T11:07:16Z,Vietnam,,+84 (416) 420-5769
Vidovik,Tejero,Las Terrenas,1994-11-07T18:28:24Z,Dominican Republic,vtejero48@geocities.com,+1 (879) 199-3737
Meggie,MacCleay,Baisha,1969-10-01T07:23:01Z,China,,+86 (655) 726-2188
Calypso,Rumens,San Vicente,1969-03-26T04:39:50Z,Philippines,crumens4a@icio.us,+63 (971) 223-8435
Tim,Collumbine,Pindorama,1976-08-20T17:26:52Z,Brazil,,+55 (661) 407-4210
Hastings,Lerego,Zinder,1988-04-18T11:56:57Z,Niger,hlerego4c@bloglines.com,+227 (172) 405-2325
Carita,Cavilla,Uralo-Kavkaz,1973-11-07T19:51:53Z,Ukraine,,+380 (398) 450-7807
Annecorinne,Thurstance,Ayagoz,1972-02-20T18:30:48Z,Kazakhstan,athurstance4e@example.com,+7 (989) 940-8497
Agna,Blakeborough,Kaz,1993-11-21T09:36:49Z,Russia,ablakeborough4f@bloomberg.com,+7 (286) 168-3504
Del,Byars,Sukamulya,1961-06-17T08:43:11Z,Indonesia,dbyars4g@addthis.com,+62 (423) 178-9322
Geno,Munnery,Parada de Pinhão,1959-11-15T17:55:44Z,Portugal,,+351 (622) 329-9393
Windy,Ommanney,Cholet,1952-09-29T17:13:25Z,France,wommanney4i@topsy.com,+33 (712) 847-9415
Joelynn,Dorey,Takāb,1968-12-22T06:57:36Z,Iran,jdorey4j@weibo.com,+98 (449) 138-8927
Peri,Heckle,Dongdajie,1954-10-10T21:00:15Z,China,pheckle4k@networkadvertising.org,+86 (786) 964-7645
Wake,Fleming,Viso,1964-04-06T10:00:06Z,Portugal,wfleming4l@zdnet.com,+351 (934) 512-5138
Magnum,Buckeridge,Spitak,1975-01-20T05:01:55Z,Armenia,mbuckeridge4m@tinypic.com,+374 (597) 302-5681
Malva,Brehat,Martingança-Gare,1958-04-05T03:13:09Z,Portugal,mbrehat4n@rakuten.co.jp,+351 (202) 669-4545
Skipper,Bleackley,Pokhvistnevo,1971-01-16T21:05:10Z,Russia,sbleackley4o@paginegialle.it,+7 (316) 388-7191
Sari,Pacitti,Froly,1992-12-01T20:33:06Z,Russia,spacitti4p@nydailynews.com,+7 (971) 603-5417
Robinet,Pau,Pajić Polje,1979-04-05T11:23:59Z,Bosnia and Herzegovina,rpau4q@rakuten.co.jp,+387 (878) 940-2748
Latia,Hookes,,,,lhookes4r@marriott.com,
Truda,Fontenot,Järfälla,1985-09-18T08:22:06Z,Sweden,tfontenot4s@unc.edu,+46 (370) 410-7906
Dennet,Osban,Manticao,1983-04-08T11:48:50Z,Philippines,dosban4t@senate.gov,+63 (148) 218-4417
Josselyn,Lipmann,Santo Niño,1977-01-27T22:14:01Z,Philippines,jlipmann4u@blogtalkradio.com,+63 (945) 122-7600
Lou,Sidgwick,Tabon,1969-05-19T07:34:19Z,Philippines,lsidgwick4v@hibu.com,+63 (896) 526-0185
Danit,Walas,Piggotts,1985-04-28T22:30:25Z,Antigua and Barbuda,dwalas4w@sciencedaily.com,+1 (177) 963-7799
Simmonds,Skaife,Mabuttal East,1970-01-31T05:48:06Z,Philippines,,+63 (284) 475-8654
Julianne,Newby,Jianghu,1957-06-21T08:52:41Z,China,,+86 (787) 651-9476
Margareta,Ricarde,Valkeakoski,1967-02-05T17:43:35Z,Finland,mricarde4z@opera.com,+358 (766) 482-1326
Rivy,Puig,Caminauit,1997-07-12T19:06:33Z,Philippines,rpuig50@goo.gl,+63 (935) 330-4448
Phineas,Rude,Jatisari,1953-04-26T20:40:32Z,Indonesia,prude51@washington.edu,+62 (756) 399-9647
Elwood,Weddup,Guangdu,1967-06-14T05:00:15Z,China,eweddup52@dot.gov,+86 (807) 748-5006
Robinet,Dener,Nova Odesa,1978-02-13T17:59:44Z,Ukraine,rdener53@berkeley.edu,+380 (629) 543-6486
Wang,Derdes,Xieji,1955-05-27T02:59:24Z,China,wderdes54@csmonitor.com,+86 (894) 557-1621
Wit,Radbone,Pulangbato,1978-02-16T16:52:24Z,Philippines,,+63 (586) 549-0138
Blondelle,Batstone,Floresta,1970-06-16T17:06:57Z,Colombia,bbatstone56@dailymail.co.uk,+57 (718) 619-7540
Wittie,Gaber,Santa Rita do Sapucaí,1957-03-22T11:15:24Z,Brazil,wgaber57@salon.com,+55 (517) 226-4498
Moshe,Humby,Aboisso,1969-05-27T05:17:45Z,Ivory Coast,,+225 (441) 581-9828
Odelia,Butteris,,,,obutteris59@statcounter.com,
Tabb,Golthorpp,Cangzhou,1962-02-21T18:16:34Z,China,tgolthorpp5a@lulu.com,+86 (174) 651-1186
Lorinda,Rowler,Talangbetutu,1986-05-05T08:57:23Z,Indonesia,lrowler5b@miibeian.gov.cn,+62 (903) 128-6187
Nathan,Jackson,Liren,1976-11-05T23:26:36Z,China,,+86 (111) 238-0264
Elva,De Roeck,Swiętajno,1975-06-23T04:18:24Z,Poland,ederoeck5d@theguardian.com,+48 (362) 464-1150
Madlen,Anniwell,Prince Albert,1965-03-11T08:33:03Z,Canada,manniwell5e@gravatar.com,+1 (263) 338-5240
Karlen,Fergusson,Willowdale,1974-08-25T06:28:47Z,Canada,kfergusson5f@bigcartel.com,+1 (170) 460-3308
Mirilla,Lewson,Chiang Yuen,1962-08-13T01:47:55Z,Thailand,mlewson5g@chronoengine.com,+66 (620) 532-3748
Ximenez,Piscopo,Chvaletice,1987-07-10T19:33:57Z,Czech Republic,xpiscopo5h@devhub.com,+420 (696) 795-5523
Carolus,Eliasen,Jami,1971-05-08T12:54:07Z,Indonesia,celiasen5i@merriam-webster.com,+62 (108) 262-8937
Sande,Baumert,Balayan,1964-08-01T18:19:47Z,Philippines,sbaumert5j@diigo.com,+63 (101) 371-6619
Serene,Gostling,Novotitarovskaya,1991-05-14T03:00:05Z,Russia,,+7 (982) 674-9399
Alyssa,Baggelley,Invercargill,1998-07-28T10:16:30Z,New Zealand,abaggelley5l@rediff.com,+64 (543) 544-3297
Ninette,Clapston,Varberg,1980-05-01T05:26:11Z,Sweden,nclapston5m@wikispaces.com,+46 (477) 957-7629
Kimball,Troake,Shelabolikha,1989-12-27T10:26:17Z,Russia,ktroake5n@aboutads.info,+7 (192) 241-4376
Rozina,Alf,Carmen,1973-03-05T01:53:30Z,Philippines,ralf5o@businessinsider.com,+63 (101) 205-6455
Mariana,Son,Hushaat,1954-03-25T07:12:59Z,Mongolia,mson5p@live.com,+976 (539) 808-6190
Katrina,Vondra,Zhanghuban,1984-08-27T05:53:36Z,China,kvondra5q@redcross.org,+86 (932) 840-0607
Olav,McGlaughn,Tiexi,1961-08-14T06:25:37Z,China,omcglaughn5r@posterous.com,+86 (940) 983-8943
Dilly,Clynman,Yuewan,1985-04-08T06:05:32Z,China,dclynman5s@nih.gov,+86 (609) 796-0870
Alvis,Hess,Euclides da Cunha,1979-01-13T09:08:33Z,Brazil,,+55 (157) 215-5118
Tanya,Lillo,Ngujuran,1998-03-29T03:03:37Z,Indonesia,tlillo5u@imdb.com,+62 (354) 720-8417
Benetta,Drinkwater,Acomayo,1957-04-03T22:33:13Z,Peru,bdrinkwater5v@wp.com,+51 (975) 479-8896
Valentijn,Matityahu,La Tigra,1996-07-08T12:06:03Z,Argentina,vmatityahu5w@miitbeian.gov.cn,+54 (527) 746-2697
Rafaelita,Jorat,Vagney,1986-07-30T09:34:51Z,France,rjorat5x@ask.com,+33 (481) 772-7681
Alfons,Critten,Santiago de los Caballeros,1997-09-03T02:32:12Z,Dominican Republic,acritten5y@facebook.com,+1 (473) 364-7169
Norbert,Spellacy,,,,nspellacy5z@ifeng.com,
Jarrod,Yitzhakof,Rossosh’,1991-03-24T20:34:25Z,Russia,jyitzhakof60@studiopress.com,+7 (201) 766-9445
Nevins,Casperri,Schroeder,1999-11-28T01:51:35Z,Brazil,ncasperri61@fda.gov,+55 (910) 373-9150
Gaby,McCroary,,,,gmccroary62@diigo.com,
Hesther,Hasard,Apeldoorn,1984-04-05T06:49:40Z,Netherlands,hhasard63@mlb.com,+31 (232) 613-8174
Theodor,Cayet,Zaysan,1963-04-08T21:36:41Z,Kazakhstan,tcayet64@vk.com,+7 (632) 992-3663
Maible,Scimonelli,Bireun,1998-06-17T01:51:40Z,Indonesia,,+62 (934) 546-1077
Lynnett,Pegg,Merkezköy,1965-07-29T05:41:11Z,Turkey,lpegg66@yandex.ru,+90 (603) 976-5308
Johny,Crofts,,,,,
Hubey,Gabbitis,Simod,1968-02-08T11:15:39Z,Philippines,hgabbitis68@google.ru,+63 (679) 112-8164
Wendy,Dee,Jamaica,1952-09-15T07:09:30Z,United States,wdee69@patch.com,+1 (212) 986-5665
Mario,Wardley,Apengjiang,1986-01-18T03:34:10Z,China,,+86 (269) 421-8055
Judd,Mattusevich,,,,jmattusevich6b@bing.com,
Blake,Urwen,Nianpan,1978-08-07T17:42:21Z,China,burwen6c@nifty.com,+86 (389) 334-2536
Elisabetta,Emmines,Pasireurih,1951-04-20T00:59:21Z,Indonesia,eemmines6d@ucsd.edu,+62 (776) 785-4201
Ellen,Barthel,Saint-Augustin,1957-06-04T00:32:43Z,Canada,ebarthel6e@vistaprint.com,+1 (332) 165-4416
Rosie,Oller,Changxing,1989-08-02T07:17:04Z,China,,+86 (722) 966-1261
Chic,Muddiman,Torrão,1990-05-24T04:19:00Z,Portugal,cmuddiman6g@ft.com,+351 (692) 346-5450
Wilmer,Handy,Shangjia,1993-01-10T01:22:57Z,China,whandy6h@mlb.com,+86 (632) 839-5204
Abby,Dumphrey,Salavat,1984-09-22T23:24:39Z,Russia,adumphrey6i@i2i.jp,+7 (410) 292-4514
Darrell,Barnewell,Padangcermin,1959-12-06T04:25:28Z,Indonesia,dbarnewell6j@netlog.com,+62 (253) 916-7660
Krishnah,Claughton,Villamontes,1981-09-09T21:55:51Z,Bolivia,kclaughton6k@github.io,+591 (673) 643-4964
Wilbur,Grisley,Leńcze,1969-04-29T21:02:58Z,Poland,wgrisley6l@wordpress.org,+48 (428) 127-0446
Marchelle,Giocannoni,Santa Cruz,1997-09-12T13:29:36Z,Honduras,mgiocannoni6m@timesonline.co.uk,+504 (719) 756-0988
Mora,Dufaire,Marseille,1951-12-26T00:35:02Z,France,mdufaire6n@yelp.com,+33 (501) 180-1727
Francene,Fonquernie,El Ksour,1989-11-04T13:35:42Z,Tunisia,,+216 (204) 969-7056
Alejandro,Grelka,,,,,
Gunner,Royans,,,,groyans6q@yellowbook.com,
Web,Hammatt,Hede,1990-03-20T16:47:15Z,China,whammatt6r@indiatimes.com,+86 (898) 282-3378
Redd,Scone,Uppsala,1960-07-27T13:29:41Z,Sweden,rscone6s@webs.com,+46 (792) 493-6138
Jerome,Burmingham,Codajás,1953-08-13T12:13:33Z,Brazil,jburmingham6t@paypal.com,+55 (837) 642-5616
Horst,Tixier,Acandí,1953-06-07T23:09:19Z,Colombia,htixier6u@harvard.edu,+57 (631) 925-8618
Rene,Miskelly,Chowki Jamali,1989-01-26T19:12:38Z,Pakistan,rmiskelly6v@pen.io,+92 (614) 978-0769
Lucinda,Grzegorczyk,Wufeng,1977-06-08T07:10:27Z,China,lgrzegorczyk6w@state.gov,+86 (661) 386-7072
Rebeca,De Benedetti,Bridgewater,1995-06-18T20:10:20Z,Canada,rdebenedetti6x@amazon.co.uk,+1 (865) 490-8472
Drusie,McGinly,West End,1967-03-28T16:16:20Z,United Kingdom,dmcginly6y@hibu.com,+44 (568) 295-0790
Melicent,Jarrette,Geoktschai,1975-05-24T20:54:02Z,Azerbaijan,mjarrette6z@rakuten.co.jp,+994 (343) 794-2794
Sigfried,Van der Velden,Vigo,1985-04-29T06:13:46Z,Spain,svandervelden70@techcrunch.com,+34 (155) 230-4966
Joseito,Aldam,Zrenjanin,1978-02-10T06:45:29Z,Serbia,jaldam71@nytimes.com,+381 (346) 183-2642
Bogart,De Morena,Punta del Este,1967-10-23T03:38:01Z,Uruguay,bdemorena72@amazon.de,+598 (536) 830-7670
Dacia,Winger,Hongsung,1985-11-15T09:51:34Z,South Korea,dwinger73@acquirethisname.com,+82 (367) 596-0233
Ingrim,Prall,Talalora,1979-05-25T05:51:11Z,Philippines,iprall74@java.com,+63 (564) 782-2960
Fanni,Stickens,Gaoqiao,1985-08-05T19:56:00Z,China,fstickens75@mysql.com,+86 (317) 793-2824
Humbert,Jendrach,Orlando,1988-12-07T14:59:46Z,United States,,+1 (407) 932-8434
Farleigh,Carvell,Chahe,1959-08-04T18:18:59Z,China,fcarvell77@google.com.br,+86 (257) 621-1305
Roshelle,Dobrowolski,Lannion,1959-07-10T12:25:01Z,France,rdobrowolski78@parallels.com,+33 (902) 178-4467
Harmonia,Logan,Veiros,1981-12-19T23:37:46Z,Portugal,hlogan79@elpais.com,+351 (632) 312-7098
Giordano,Formby,Marne-la-Vallée,1954-05-14T15:39:07Z,France,,+33 (788) 635-5064
Josey,Capper,Bakersfield,1968-03-26T07:24:17Z,United States,jcapper7b@addtoany.com,+1 (661) 116-7093
Winna,Heymes,Kanshi,1975-03-08T00:59:34Z,China,wheymes7c@scientificamerican.com,+86 (264) 568-4327
Saidee,Hopfer,Pedra Furada,1979-10-15T11:37:55Z,Portugal,shopfer7d@admin.ch,+351 (220) 279-3909
Linc,Kenvin,Ndano,1974-03-18T14:58:44Z,Indonesia,lkenvin7e@wix.com,+62 (547) 182-4034
Abbey,Galletley,Bārkhān,1988-07-05T06:36:06Z,Pakistan,agalletley7f@wp.com,+92 (359) 330-7095
Lenee,Eytel,Yanhong,1957-08-16T12:45:41Z,China,leytel7g@stumbleupon.com,+86 (123) 849-8241
Nico,Lydiate,Tlučná,1959-09-23T04:43:30Z,Czech Republic,nlydiate7h@xrea.com,+420 (879) 441-9618
Celene,Timperley,Palmira,1963-05-06T09:26:28Z,Colombia,ctimperley7i@godaddy.com,+57 (332) 963-7675
Queenie,Quelch,Birātnagar,1991-08-24T17:26:18Z,Nepal,qquelch7j@instagram.com,+977 (551) 969-1778
Syd,Crowcombe,Minbu,1962-12-06T21:17:48Z,Myanmar,scrowcombe7k@cnbc.com,+95 (596) 452-6091
Oralia,Ivashnyov,Béoumi,1988-09-20T09:57:14Z,Ivory Coast,oivashnyov7l@amazon.co.jp,+225 (888) 867-9032
Hendrick,Pane,Piura,1995-10-31T16:02:48Z,Peru,,+51 (443) 802-8911
Derry,Suller,Oliveirinha,1986-07-02T04:00:40Z,Portugal,dsuller7n@google.com.au,+351 (566) 806-4230
Gorden,Casswell,,,,gcasswell7o@wikia.com,
Ebba,Melley,Brignoles,1966-05-24T05:53:15Z,France,emelley7p@tiny.cc,+33 (234) 803-3089
Beverlee,Youtead,L’govskiy,1972-07-05T11:06:17Z,Russia,byoutead7q@weather.com,+7 (677) 141-6428
Yank,Gordon-Giles,Char Bhadrāsan,1952-07-08T14:31:20Z,Bangladesh,ygordongiles7r@rediff.com,+880 (827) 934-0274
Amelie,Maletratt,Watuagung,1981-06-20T03:54:02Z,Indonesia,amaletratt7s@jiathis.com,+62 (129) 299-3695
Pyotr,Kenwood,,,,pkenwood7t@cocolog-nifty.com,
Lucina,Haukey,Santo Domingo,1973-02-04T13:45:13Z,Cuba,lhaukey7u@privacy.gov.au,+53 (698) 981-2788
Roshelle,Kemball,Kirawsk,1964-01-20T21:08:22Z,Belarus,rkemball7v@constantcontact.com,+375 (734) 116-6665
Bobbette,Olver,Paradahan,1956-09-24T15:53:42Z,Philippines,bolver7w@cnet.com,+63 (506) 841-5348
Grove,Raylton,Xinglongchang,1980-05-10T15:43:06Z,China,graylton7x@irs.gov,+86 (578) 725-6153
Romeo,Rickards,Zoumi,1978-04-01T12:59:28Z,Morocco,,+212 (631) 584-3292
Caren,Drewery,Shimotoda,1977-12-15T11:22:15Z,Japan,,+81 (809) 611-9147
Elladine,Didball,Kaset Sombun,1979-01-19T04:26:26Z,Thailand,edidball80@technorati.com,+66 (526) 256-1206
Lorianna,Minghi,Boulaide,1994-09-27T13:39:01Z,Luxembourg,lminghi81@arstechnica.com,+352 (549) 663-0250
Melisse,Dymoke,Malabar,1956-07-14T00:48:06Z,Indonesia,mdymoke82@java.com,+62 (867) 255-2542
Thacher,Tregian,Chishui,1992-05-22T23:39:17Z,China,ttregian83@independent.co.uk,+86 (529) 383-2948
Rickie,Jobbins,,,,rjobbins84@gizmodo.com,
Franky,Laight,Lomme,1954-01-21T08:52:23Z,France,flaight85@icio.us,+33 (536) 801-2796
Aaron,Le Gassick,Ogawa,1974-01-07T03:12:49Z,Japan,,+81 (720) 330-6426
Janek,Merrgen,Asbest,1988-01-16T01:31:18Z,Russia,jmerrgen87@ihg.com,+7 (339) 651-5774
Liva,Lowry,Voorburg,1975-01-27T05:09:40Z,Netherlands,llowry88@so-net.ne.jp,+31 (396) 558-9118
Ema,Georgelin,Panawuan,1999-11-03T02:35:12Z,Indonesia,egeorgelin89@home.pl,+62 (455) 722-5469
Moses,Aaron,Naguilian,1976-09-19T16:12:43Z,Philippines,,+63 (561) 485-0535
Glory,Silveston,Hejiang,1983-04-22T02:15:34Z,China,gsilveston8b@imdb.com,+86 (380) 684-9583
Anderea,Cockerton,,,,acockerton8c@soundcloud.com,
Nanon,Cassam,Konza,1962-04-21T12:26:49Z,Kenya,,+254 (709) 982-4867
Tana,Levensky,Shamva,1978-11-15T14:22:02Z,Zimbabwe,tlevensky8e@yolasite.com,+263 (310) 698-4159
Kathrine,Avrahamoff,,,,,
Raddie,Maw,Araucária,1965-05-09T02:16:16Z,Brazil,rmaw8g@mysql.com,+55 (172) 626-2706
Irvin,Peres,Maţarah,1960-03-23T01:56:27Z,Yemen,,+967 (633) 341-9528
Dyan,Isaac,Blois,1960-06-06T21:53:35Z,France,disaac8i@webs.com,+33 (472) 989-4810
Flossy,Gant,Göteborg,1965-05-07T07:50:21Z,Sweden,fgant8j@google.cn,+46 (913) 517-2055
Kaitlyn,Broster,,,,kbroster8k@posterous.com,
Louise,Zouch,Fuzhiping,1960-12-06T19:12:58Z,China,lzouch8l@mtv.com,+86 (322) 220-2748
Claiborne,Willmott,Mîndreşti,1991-11-11T05:34:05Z,Moldova,cwillmott8m@miibeian.gov.cn,+373 (114) 263-5488
Muriel,Kermannes,Vân Đình,1956-01-22T22:26:02Z,Vietnam,,+84 (648) 603-1624
Denys,Mancktelow,Pretoria,1965-06-04T23:07:02Z,South Africa,dmancktelow8o@angelfire.com,+27 (630) 764-4341
Gregg,Sullens,,,,gsullens8p@amazon.de,
Georgeta,Danaher,Lancang,1984-05-10T18:47:26Z,Indonesia,gdanaher8q@uiuc.edu,+62 (993) 491-6900
Kennie,Mathivon,Shangde,1972-05-25T17:45:45Z,China,,+86 (580) 783-4615
Melania,McShirrie,Mor Laok,1975-10-10T23:39:36Z,Indonesia,mmcshirrie8s@wisc.edu,+62 (650) 439-8483
Valencia,Deverille,Linköping,1957-08-25T04:50:56Z,Sweden,vdeverille8t@google.fr,+46 (367) 453-5696
Gladi,Kinmond,Roche Terre,1992-12-25T08:59:36Z,Mauritius,gkinmond8u@behance.net,+230 (633) 345-4302
Lanie,Cavil,Sorinomo,1990-10-30T18:02:25Z,Indonesia,lcavil8v@tmall.com,+62 (714) 577-9254
Gianina,Haulkham,Portão,1980-07-06T15:35:34Z,Brazil,,+55 (483) 397-8095
Arri,Cruess,Lomma,1981-05-26T23:53:08Z,Sweden,acruess8x@thetimes.co.uk,+46 (264) 450-4978
Lewiss,Townby,Temuji,1982-02-06T14:46:30Z,Indonesia,,+62 (402) 184-3140
Lucilia,Ivanitsa,Francisco Villa,1977-06-24T10:15:01Z,Mexico,livanitsa8z@google.com.br,+52 (517) 378-6343
Haydon,Holyard,Shimen,1976-03-30T11:03:04Z,China,hholyard90@squarespace.com,+86 (573) 836-6797
Natala,Lukacs,Józefosław,1978-05-08T06:26:10Z,Poland,nlukacs91@blog.com,+48 (249) 978-2868
Corby,Pollock,Ciparay,1994-09-22T20:36:35Z,Indonesia,,+62 (906) 239-4072
Minni,Grastye,Chodová Planá,1967-12-19T15:17:27Z,Czech Republic,mgrastye93@yelp.com,+420 (815) 390-8080
Gabriele,Billington,Guidong Chengguanzhen,1993-06-11T20:49:15Z,China,,+86 (119) 148-5339
Stacee,Clavering,Malianzhuang,1980-01-22T21:04:13Z,China,,+86 (318) 400-6477
Ceil,Gretton,Hongsihu,1960-11-26T22:02:24Z,China,cgretton96@sfgate.com,+86 (850) 223-3642
Janenna,Gilluley,Haodian,1990-03-25T17:05:29Z,China,jgilluley97@com.com,+86 (915) 880-7857
Brittney,Inchley,Daguo,1989-02-23T16:25:46Z,China,binchley98@stumbleupon.com,+86 (924) 175-4346
Wildon,Lashmar,Khlong Sam Wa,1973-08-24T03:04:24Z,Thailand,wlashmar99@chicagotribune.com,+66 (320) 618-0645
Hazlett,Chanders,Nerokoúros,1984-12-03T19:32:00Z,Greece,hchanders9a@ocn.ne.jp,+30 (470) 363-5258
Shelden,Laurenz,Shixi,1985-02-10T19:55:51Z,China,slaurenz9b@geocities.jp,+86 (925) 598-9147
Silvie,Wingatt,Dzikowiec,1957-08-22T00:40:13Z,Poland,swingatt9c@oakley.com,+48 (662) 835-9361
Kelsey,Birchall,Tha Yang,1956-07-19T13:52:27Z,Thailand,kbirchall9d@earthlink.net,+66 (798) 408-2707
Donni,Wolstencroft,Berlin,1988-12-21T16:56:04Z,Germany,dwolstencroft9e@kickstarter.com,+49 (739) 759-7906
Henriette,Follit,Nashville,1969-10-02T12:05:58Z,United States,hfollit9f@macromedia.com,+1 (615) 387-8521
Eden,Sparry,Lianshi,1958-02-09T16:19:46Z,China,esparry9g@sogou.com,+86 (269) 152-2646
Chaim,Jaques,Kyzyl-Kyya,1963-03-07T00:24:18Z,Kyrgyzstan,cjaques9h@constantcontact.com,+996 (478) 610-1698
Cleon,Agius,As Sab‘ Biyār,1962-04-02T02:19:44Z,Syria,cagius9i@dmoz.org,+963 (958) 998-0459
Jeanelle,Gair,Boneng,1998-04-20T05:47:45Z,Indonesia,jgair9j@taobao.com,+62 (193) 515-9263
Prue,Tolcher,Caja,1975-12-16T07:04:25Z,Peru,ptolcher9k@ucla.edu,+51 (239) 525-7657
Lyndsay,Lode,Sioah,1989-04-22T03:01:03Z,Indonesia,llode9l@ycombinator.com,+62 (825) 332-2620
Gerianna,Riddich,Желино,1956-12-10T02:42:51Z,Macedonia,griddich9m@addthis.com,+389 (911) 245-5897
Mela,Lynes,Algés,1958-04-19T01:37:55Z,Portugal,mlynes9n@bloomberg.com,+351 (580) 785-5628
Caritta,Baude,Cililitan,1975-06-29T18:17:14Z,Indonesia,cbaude9o@lulu.com,+62 (805) 947-7758
Fidole,Hardison,Jamshoro,1974-09-15T08:56:35Z,Pakistan,,+92 (695) 298-0509
Trixi,Gilstin,Trawniki,1985-08-21T03:09:07Z,Poland,tgilstin9q@archive.org,+48 (518) 811-1762
Lucien,Aireton,Moundou,1997-04-17T13:40:37Z,Chad,laireton9r@wunderground.com,+235 (504) 682-2810
Bailie,Fitton,Mafra,1972-12-21T16:49:41Z,Portugal,bfitton9s@nasa.gov,+351 (275) 165-6339
Anet,Tumielli,,,,atumielli9t@discovery.com,
Rania,Maides,,,,rmaides9u@yellowbook.com,
Clarita,Van Der Hoog,Valencia,1990-09-23T06:11:20Z,Philippines,cvanderhoog9v@godaddy.com,+63 (162) 202-7033
Guglielmo,Fairham,Gulou,1969-02-19T19:49:59Z,China,gfairham9w@360.cn,+86 (877) 330-2286
Bram,Crapper,Beiyang,1977-06-06T14:32:27Z,China,bcrapper9x@networksolutions.com,+86 (395) 830-4358
Orran,Escott,Aasiaat,1995-09-01T13:19:47Z,Greenland,oescott9y@weibo.com,+299 (696) 778-2035
Orelia,Brittain,Kota Kinabalu,1985-01-20T04:13:13Z,Malaysia,obrittain9z@live.com,+60 (206) 366-4708
Merrielle,Fawlks,Slavkov u Brna,1997-11-09T09:52:09Z,Czech Republic,,+420 (488) 449-3592
Ash,Lilburne,Dongguang,1971-10-08T21:56:10Z,China,alilburnea1@aol.com,+86 (806) 638-4047
Jarib,Dreng,Kafir Yasif,1974-09-06T00:27:45Z,Israel,jdrenga2@tripadvisor.com,+972 (609) 939-2383
Danila,Alsobrook,Apucarana,1963-02-08T20:30:34Z,Brazil,,+55 (388) 842-6963
Garey,Swetmore,Wiskitki,1977-10-12T01:58:26Z,Poland,gswetmorea4@wunderground.com,+48 (117) 487-1855
Judas,Siddaley,Begang,1978-05-19T16:01:17Z,Philippines,jsiddaleya5@sphinn.com,+63 (338) 522-6323
Lincoln,MacSween,Huangbei,1989-09-13T17:40:56Z,China,lmacsweena6@canalblog.com,+86 (218) 222-8152
Pietro,Dunrige,Aldergrove,1977-03-29T07:38:53Z,Canada,pdunrigea7@webeden.co.uk,+1 (277) 886-5273
Amby,Node,Jinping,1959-12-08T01:49:22Z,China,anodea8@ehow.com,+86 (827) 251-2136
Sophia,Hurdiss,That Phanom,1985-03-14T12:53:40Z,Thailand,,+66 (561) 771-5359
Barbee,Applewhaite,Cikadongdong,1962-09-07T11:38:08Z,Indonesia,bapplewhaiteaa@cnbc.com,+62 (176) 790-6888
Tessy,Assel,Wenxing,1954-01-29T11:37:28Z,China,tasselab@wordpress.com,+86 (111) 274-9350
Aloysius,Cuncliffe,Juren,1958-10-26T06:48:55Z,China,acuncliffeac@mail.ru,+86 (485) 345-9028
Shaylah,Trunby,Demerval Lobão,1994-11-13T03:28:29Z,Brazil,strunbyad@trellian.com,+55 (556) 649-6334
Aharon,Womack,Huskvarna,1978-03-19T18:15:43Z,Sweden,,+46 (462) 431-7399
Suzie,Scrymgeour,Whitwell,1973-07-24T15:59:18Z,United Kingdom,sscrymgeouraf@theatlantic.com,+44 (927) 811-3930
Nissy,Gladstone,Nonohonis,1957-04-24T18:56:35Z,Indonesia,ngladstoneag@4shared.com,+62 (594) 187-3589
Aharon,Motherwell,Sanchahe,1965-07-21T14:36:59Z,China,,+86 (381) 722-4399
Sybila,Bare,Orvalho,1987-03-22T18:22:08Z,Portugal,sbareai@boston.com,+351 (445) 571-9086
Arlina,Mackilpatrick,,,,amackilpatrickaj@nba.com,
Tabby,Fensome,Liaoyang,1962-08-28T06:48:34Z,China,,+86 (808) 259-4480
Gerladina,Grzelak,Tegalgede Kulon,1986-08-10T10:41:52Z,Indonesia,ggrzelakal@imgur.com,+62 (457) 612-9135
Byrann,Andriolli,Banjar Batuaji Kaja,1956-12-24T07:25:38Z,Indonesia,bandriolliam@g.co,+62 (590) 335-8813
Maggy,Boynton,Sukowiryo,1950-02-27T04:51:30Z,Indonesia,mboyntonan@nih.gov,+62 (174) 977-0031
Derek,Malitrott,Juazeiro do Norte,1991-09-01T08:35:53Z,Brazil,dmalitrottao@123-reg.co.uk,+55 (774) 336-8283
Kip,Cesaric,Rates,1956-06-12T13:32:30Z,Portugal,kcesaricap@google.it,+351 (239) 528-1320
Bailey,Millsap,Gontar,1988-09-14T16:21:07Z,Indonesia,bmillsapaq@oracle.com,+62 (107) 835-1539
Chadwick,Shoesmith,Shuangnian,1999-02-17T06:57:08Z,China,cshoesmithar@skype.com,+86 (169) 916-8711
Ulric,Yearns,Minyue,1963-02-11T01:01:49Z,China,,+86 (752) 839-0813
Ramona,Iacovaccio,Strogino,1975-07-04T03:06:02Z,Russia,riacovaccioat@technorati.com,+7 (435) 694-0182
Sibylla,Rowly,Envigado,1952-12-27T22:24:50Z,Colombia,srowlyau@t.co,+57 (501) 944-1529
Clarette,Alldritt,Biscucuy,1968-03-25T22:02:37Z,Venezuela,calldrittav@1688.com,+58 (832) 128-3871
Winslow,Tours,,,,wtoursaw@nifty.com,
Monty,Crossan,Nowa Sarzyna,1982-07-20T16:12:18Z,Poland,mcrossanax@abc.net.au,+48 (487) 965-6975
Isidor,Strowlger,Ait Ali,1983-08-17T23:43:59Z,Algeria,istrowlgeray@unblog.fr,+213 (799) 344-4187
Rossie,Nussen,Longcheng,1967-12-06T09:42:39Z,China,rnussenaz@nps.gov,+86 (558) 515-0210
Linus,Edeler,Dan Sadau,1982-09-20T20:22:16Z,Nigeria,ledelerb0@usgs.gov,+234 (600) 872-4843
Claudian,Felipe,Viale,1961-04-18T03:03:57Z,Argentina,cfelipeb1@fotki.com,+54 (111) 899-0404
Ida,Coulthard,Algeciras,1997-12-23T06:16:07Z,Colombia,icoulthardb2@themeforest.net,+57 (303) 186-7743
Aurelia,Doag,Pio Duran,1972-11-20T16:23:27Z,Philippines,adoagb3@reference.com,+63 (567) 564-1376
Lin,Lesaunier,Wojcieszków,1959-08-24T22:27:01Z,Poland,llesaunierb4@mozilla.com,+48 (897) 516-7377
Remy,Petroulis,Pirava,1996-07-13T23:26:03Z,Macedonia,,+389 (181) 169-9038
Holden,Halsey,Rabat,1979-06-14T08:30:32Z,Malta,hhalseyb6@earthlink.net,+356 (960) 781-6354
Gabbie,Cloonan,Cataguases,1957-04-12T17:38:04Z,Brazil,gcloonanb7@tamu.edu,+55 (685) 743-6010
Chicky,Cotilard,Casimiro de Abreu,1964-08-31T03:15:39Z,Brazil,ccotilardb8@google.com.br,+55 (814) 700-0279
Sissie,Linnit,Mae Lao,1997-11-20T20:59:50Z,Thailand,,+66 (271) 328-8611
Freedman,Blackah,Lyon,1956-06-13T13:29:28Z,France,fblackahba@fema.gov,+33 (533) 977-4067
Barbara,Sebyer,Puerto Rico,1976-04-02T15:10:43Z,Argentina,bsebyerbb@independent.co.uk,+54 (659) 627-5469
Fritz,Likly,Jangdam,1980-07-02T09:49:27Z,China,fliklybc@histats.com,+86 (138) 272-0876
Bonnee,Sealey,Mainit,1971-12-15T03:51:39Z,Philippines,bsealeybd@csmonitor.com,+63 (200) 854-9185
Moses,Geal,Werota,1982-11-27T23:38:11Z,Ethiopia,mgealbe@unc.edu,+251 (655) 513-5222
Gustie,Muncie,Severo-Yeniseyskiy,1994-10-21T17:05:26Z,Russia,gmunciebf@umn.edu,+7 (424) 938-6170
Damaris,Jarred,Shilovo,1968-10-17T17:52:42Z,Russia,djarredbg@newsvine.com,+7 (288) 630-3144
Nicoli,Lillegard,Prachin Buri,1950-09-18T09:45:05Z,Thailand,nlillegardbh@microsoft.com,+66 (881) 168-2726
Culver,Fiorentino,Kortesjärvi,1985-01-31T16:43:26Z,Finland,cfiorentinobi@princeton.edu,+358 (943) 461-2623
Lenna,Fateley,Hal’shany,1976-06-28T12:31:09Z,Belarus,lfateleybj@senate.gov,+375 (307) 733-7743
Archie,Flint,Būrkah,1957-08-24T23:16:39Z,Afghanistan,aflintbk@ucsd.edu,+93 (859) 607-6648
Tiphani,Skeech,Juan N Alvarez,1975-04-08T11:46:43Z,Mexico,,+52 (151) 595-0609
Willis,Rawll,,,,wrawllbm@google.co.jp,
Anny,Neaverson,Chiguata,1967-07-21T13:12:27Z,Peru,aneaversonbn@abc.net.au,+51 (753) 758-5625
Perceval,Twittey,Keboncau,1992-05-13T02:42:39Z,Indonesia,ptwitteybo@cargocollective.com,+62 (678) 667-2148
Elbert,Chiplen,Qarqania,1950-02-06T19:06:45Z,Syria,echiplenbp@icq.com,+963 (508) 253-3717
Delcina,Canto,Dzagam,1955-05-17T12:26:05Z,Azerbaijan,dcantobq@pcworld.com,+994 (400) 580-8367
Hilary,Grishechkin,Gurupi,1968-03-06T13:25:09Z,Brazil,hgrishechkinbr@berkeley.edu,+55 (385) 505-4393
Bertha,Scrammage,Guozhen,1971-08-28T04:17:05Z,China,,+86 (476) 548-4987
Tandie,Fullard,Al Khamīs,1971-08-30T08:37:33Z,Yemen,tfullardbt@tripadvisor.com,+967 (986) 690-7399
Mercedes,Jovey,Dongchengyuan,1951-01-08T23:54:53Z,China,mjoveybu@japanpost.jp,+86 (762) 971-1994
Barbe,Simoni,Shardara,1955-09-18T04:54:35Z,Kazakhstan,,+7 (324) 392-3433
Quintus,Willerton,Chřibská,1990-05-24T13:00:31Z,Czech Republic,qwillertonbw@weibo.com,+420 (926) 181-6033
Emmott,Cloney,Zhangdu,1959-07-10T14:01:40Z,China,ecloneybx@mit.edu,+86 (967) 436-2253
Ransell,Guerola,Salogon,1989-04-18T13:16:38Z,Philippines,,+63 (422) 513-5942
Kaine,Stevani,Yuanyang,1987-03-13T00:44:42Z,China,kstevanibz@taobao.com,+86 (657) 316-1088
Jannel,Shenfisch,,,,jshenfischc0@networksolutions.com,
Essie,Mickelwright,Planá,1956-03-10T12:47:39Z,Czech Republic,,+420 (641) 775-0486
Myrle,Agett,Guangming,1978-08-04T12:01:33Z,China,,+86 (109) 553-1432
Ede,Parriss,,,,eparrissc3@goodreads.com,
Leontyne,Vasilevich,Binhailu,1986-06-16T18:13:25Z,China,lvasilevichc4@nps.gov,+86 (752) 643-6045
Laurice,Gilby,Pindi Bhattiān,1976-03-29T14:10:31Z,Pakistan,lgilbyc5@people.com.cn,+92 (520) 684-8971
Salim,Searjeant,Sośno,1950-10-01T21:21:47Z,Poland,ssearjeantc6@auda.org.au,+48 (916) 307-9085
Bride,Prinett,Petit Raffray,1973-04-06T15:52:35Z,Mauritius,bprinettc7@narod.ru,+230 (516) 799-1788
Audrie,Gawne,Hanting,1964-07-02T01:31:32Z,China,agawnec8@mashable.com,+86 (109) 724-1778
Dagny,Janicijevic,Dongtucheng,1996-09-08T20:53:09Z,China,djanicijevicc9@reuters.com,+86 (731) 860-6792
Maddi,Splaven,Surkhakhi,1953-01-28T12:24:52Z,Russia,,+7 (708) 777-9750
Worthy,Kingh,Khuzhir,1995-08-13T04:14:46Z,Russia,wkinghcb@lycos.com,+7 (538) 688-7721
Batsheva,Southby,Yuquan,1987-09-30T08:53:46Z,China,,+86 (109) 467-5037
May,McBratney,Oenopu,1983-01-29T22:25:31Z,Indonesia,mmcbratneycd@vimeo.com,+62 (438) 714-9232
Berti,Blakeston,Arari,1988-08-18T06:57:36Z,Brazil,bblakestonce@unicef.org,+55 (298) 249-5388
Scot,Colles,Shemursha,1963-11-19T22:48:30Z,Russia,scollescf@webmd.com,+7 (320) 164-6695
Trumaine,Philippart,Heshan,1954-07-09T12:30:45Z,China,tphilippartcg@sun.com,+86 (289) 379-5526
Travers,Wharby,Sanyantang,1992-07-19T01:09:50Z,China,twharbych@buzzfeed.com,+86 (630) 446-7350
Francene,Guyet,Hou’an,1998-03-26T17:10:29Z,China,,+86 (135) 235-5110
Garrot,Scipsey,Nahrīn,1957-01-06T10:02:38Z,Afghanistan,gscipseycj@arizona.edu,+93 (402) 845-6566
Constancia,Menel,Thành Phố Lạng Sơn,1978-09-23T23:29:56Z,Vietnam,cmenelck@acquirethisname.com,+84 (972) 152-8121
Sterling,Hollindale,Stráž,1954-07-29T17:41:20Z,Czech Republic,,+420 (532) 964-6939
Bryna,Whalley,Āgaro,1988-10-01T02:29:25Z,Ethiopia,bwhalleycm@microsoft.com,+251 (869) 985-6457
Carmelita,Randalson,Alae,1984-12-23T15:44:43Z,Philippines,crandalsoncn@addtoany.com,+63 (568) 785-4450
Tim,Wass,Baryshivka,1959-01-28T23:05:27Z,Ukraine,twassco@bbc.co.uk,+380 (874) 519-7521
Annice,Roberti,Mengcheng Chengguanzhen,1963-07-27T04:13:46Z,China,aroberticp@mlb.com,+86 (952) 315-0230
Brett,Benardet,Palca,1950-03-09T15:39:43Z,Peru,bbenardetcq@independent.co.uk,+51 (249) 431-3265
Robenia,Churching,Budta,1971-08-02T14:18:30Z,Philippines,rchurchingcr@360.cn,+63 (988) 655-8388
Wake,Rayment,Denpasar,1955-02-24T04:37:37Z,Indonesia,wraymentcs@de.vu,+62 (414) 872-7277
Creigh,Kender,Åby,1983-03-18T20:59:10Z,Sweden,ckenderct@dailymail.co.uk,+46 (390) 381-9459
Vivyanne,Thrush,Sehwān,1978-07-05T06:58:25Z,Pakistan,vthrushcu@dailymotion.com,+92 (433) 879-7320
Dierdre,Sutterby,Zhovti Vody,1964-05-07T22:02:13Z,Ukraine,dsutterbycv@gnu.org,+380 (454) 383-6392
Janine,Lithgow,Dvin,1971-07-20T01:50:13Z,Armenia,jlithgowcw@chron.com,+374 (621) 376-1125
Dayle,Reynold,Leramatang,1969-11-11T20:24:00Z,Indonesia,dreynoldcx@nydailynews.com,+62 (604) 493-0686
Bambie,Wills,Dabola,1953-08-27T21:38:59Z,Guinea,bwillscy@ebay.co.uk,+224 (704) 478-0535
Wylie,Onyon,Langzhong,1951-09-07T04:28:22Z,China,wonyoncz@4shared.com,+86 (760) 704-6924
Pembroke,Breckwell,Rizal,1977-11-13T00:17:47Z,Philippines,,+63 (751) 665-5860
Fayth,Terrington,,,,fterringtond1@oakley.com,
Alistair,Gopsill,Garang,1987-05-17T17:36:42Z,China,agopsilld2@buzzfeed.com,+86 (183) 585-5886
Concettina,Glenfield,Nagaoka,1994-01-05T19:35:05Z,Japan,cglenfieldd3@rambler.ru,+81 (596) 650-3267
Benedick,Ash,Skópelos,1963-09-10T03:03:30Z,Greece,bashd4@quantcast.com,+30 (944) 631-4680
Petey,Doucette,Danyang,1957-09-17T01:06:56Z,China,pdoucetted5@storify.com,+86 (790) 825-2109
Brnaba,Hamsley,Las Palmas,1985-01-21T11:07:46Z,Mexico,,+52 (989) 285-0070
Lucinda,Cummins,Zhuge,1962-07-12T07:44:20Z,China,lcumminsd7@biblegateway.com,+86 (653) 780-5576
Cullan,Mapston,Fengren,1992-01-31T04:41:07Z,China,cmapstond8@who.int,+86 (121) 449-3446
Gareth,Padkin,Wuyang,1983-11-26T04:49:18Z,China,gpadkind9@narod.ru,+86 (269) 260-8828
Shanon,Stambridge,Yokosuka,1988-08-11T20:25:08Z,Japan,,+81 (661) 767-0948
Doroteya,Frostdicke,Phayakkhaphum Phisai,1992-04-17T03:58:33Z,Thailand,dfrostdickedb@soundcloud.com,+66 (479) 735-9322
Shaughn,Bainton,Novallas,1961-03-25T01:54:47Z,Philippines,,+63 (398) 315-5344
Cyndy,Keating,Mogi Mirim,1989-09-29T17:25:45Z,Brazil,ckeatingdd@odnoklassniki.ru,+55 (283) 471-0866
Idaline,Hammer,Mūsa Khel Bāzār,1987-03-13T09:04:01Z,Pakistan,ihammerde@marriott.com,+92 (272) 429-2916
Hector,Murra,Xuefeng,1986-04-17T16:30:10Z,China,hmurradf@parallels.com,+86 (125) 831-8227
Tamarah,Dragge,Jianyangping,1984-04-05T07:30:44Z,China,tdraggedg@twitpic.com,+86 (678) 545-5361
Zachariah,Kolakovic,Alīgūdarz,1998-09-14T07:29:58Z,Iran,zkolakovicdh@google.pl,+98 (473) 954-9443
Elsworth,Czyz,Ulundi,1950-12-24T12:33:35Z,South Africa,eczyzdi@blogspot.com,+27 (411) 473-8142
Hayley,Bills,Bielawa,1982-12-02T02:59:13Z,Poland,hbillsdj@businessweek.com,+48 (619) 801-9049
Eduino,Whyteman,El Sauce,1978-04-20T04:33:54Z,Nicaragua,ewhytemandk@networkadvertising.org,+505 (770) 630-1609
Hardy,Ortelt,Energodar,1990-09-30T01:38:39Z,Ukraine,horteltdl@unc.edu,+380 (545) 990-1238
Darnall,Habergham,Ressano Garcia,1992-06-16T13:48:09Z,Mozambique,,+258 (718) 261-8415
Carmita,Mougeot,Krujë,1962-03-23T01:41:25Z,Albania,cmougeotdn@linkedin.com,+355 (976) 794-4707
Ruddie,Stevens,Puricay,1959-08-13T12:09:44Z,Philippines,rstevensdo@nydailynews.com,+63 (688) 409-9839
Saidee,Klaffs,Kakuda,1966-04-09T20:37:28Z,Japan,sklaffsdp@acquirethisname.com,+81 (420) 533-8686
Grove,Demoge,Shirochanka,1955-03-02T01:53:25Z,Russia,gdemogedq@free.fr,+7 (683) 590-6443
Harlen,Rushman,Terra Chã,1967-04-02T03:23:32Z,Portugal,hrushmandr@booking.com,+351 (596) 177-3795
Bren,Lamzed,Youghal,1979-07-21T19:37:49Z,Ireland,,+353 (487) 685-4637
Anita,Ofer,Malangwa,1982-07-16T07:31:59Z,Nepal,aoferdt@acquirethisname.com,+977 (843) 826-4505
Esmeralda,Marcinkowski,Poddębice,1988-06-13T14:59:39Z,Poland,,+48 (409) 920-9523
Oran,Coltan,Vällingby,1969-03-02T06:25:18Z,Sweden,ocoltandv@xing.com,+46 (644) 702-5005
Deloria,Whife,San Agustin,1999-01-07T16:11:37Z,Peru,dwhifedw@dailymail.co.uk,+51 (364) 932-4440
Odille,Jore,Kendalngupuk,1976-08-20T18:36:07Z,Indonesia,ojoredx@bizjournals.com,+62 (941) 707-4877
Cristina,Drewery,Qinglian,1987-10-10T19:15:38Z,China,cdrewerydy@google.ca,+86 (825) 712-8203
Glenden,Eam,Estarreja,1953-03-08T01:59:31Z,Portugal,geamdz@hostgator.com,+351 (493) 148-1145
Greer,Bryers,Gotse Delchev,1966-01-05T20:20:45Z,Bulgaria,gbryerse0@examiner.com,+359 (464) 201-3711
Karola,Verrier,Tanahedang,1979-06-27T21:52:58Z,Indonesia,kverriere1@newyorker.com,+62 (216) 970-3655
Dionysus,Baldoni,Ust’-Dzheguta,1959-12-13T09:47:56Z,Russia,dbaldonie2@friendfeed.com,+7 (345) 510-3963
Rose,Jewar,,,,,
Kat,Lainton,Bethlehem,1951-01-08T17:28:51Z,South Africa,klaintone4@tiny.cc,+27 (856) 344-7866
Penny,Riveles,Rudnyy,1997-11-02T05:38:27Z,Kazakhstan,privelese5@merriam-webster.com,+7 (307) 154-4568
Gwenni,Yarnley,Somdet,1979-04-19T23:00:07Z,Thailand,gyarnleye6@who.int,+66 (974) 684-4546
Fred,Stansbury,Bagangan,1991-03-23T17:47:04Z,Indonesia,fstansburye7@wordpress.com,+62 (766) 319-4122
Feliza,Rehorek,Alès,1958-06-01T01:08:58Z,France,frehoreke8@skype.com,+33 (984) 765-3840
Cirillo,Raraty,Cahors,1992-06-14T04:59:56Z,France,craratye9@google.co.uk,+33 (428) 145-2986
Sarette,Mignot,Gamut,1984-06-22T21:09:02Z,Philippines,smignotea@google.fr,+63 (587) 830-7497
Caresa,Druery,Begowāla,1986-12-19T07:57:23Z,Pakistan,cdrueryeb@imdb.com,+92 (309) 903-2059
Jemima,Alleyn,Dornava,1982-09-10T03:36:18Z,Slovenia,,+386 (216) 511-1446
Mal,Undy,Zhumadian,1960-07-09T05:53:47Z,China,mundyed@tuttocitta.it,+86 (869) 307-7478
Flora,Finnemore,Klyetsk,1972-07-24T21:56:06Z,Belarus,ffinnemoreee@netscape.com,+375 (476) 463-0464
Gallagher,Younge,Jiegan,1956-10-30T15:37:23Z,China,,+86 (976) 494-2809
Ryann,Bloore,Acacías,1978-12-11T03:27:58Z,Colombia,rblooreeg@lulu.com,+57 (703) 929-3166
Jedediah,Demongeot,Güines,1984-02-18T22:21:44Z,Cuba,jdemongeoteh@posterous.com,+53 (967) 791-8440
Layney,Bonwick,Skaramangás,1965-10-04T09:11:13Z,Greece,lbonwickei@princeton.edu,+30 (392) 193-9370
Hester,Jeroch,Gamagōri,1970-11-23T00:38:57Z,Japan,hjerochej@trellian.com,+81 (637) 848-9370
Franny,Findlater,Dongfu,1996-03-16T03:57:29Z,China,ffindlaterek@biblegateway.com,+86 (253) 506-9943
Miof mela,Dewen,Tame,1954-12-08T15:55:22Z,Colombia,mdewenel@imageshack.us,+57 (778) 222-4021
Darby,Podd,Longcheng,1965-11-02T10:11:31Z,China,dpoddem@odnoklassniki.ru,+86 (316) 415-2389
Zelig,Crossfield,Pokrovka,1997-04-25T19:28:41Z,Russia,zcrossfielden@squarespace.com,+7 (867) 591-6061
Olav,Studdard,Gurbuki,1985-05-26T04:54:45Z,Russia,ostuddardeo@sfgate.com,+7 (539) 550-2153
Elayne,Rubinsaft,Donggaocun,1964-11-23T23:10:13Z,China,erubinsaftep@blog.com,+86 (342) 727-3334
Frank,Sired,Dabu,1956-05-22T17:08:35Z,China,,+86 (240) 445-3575
Hurley,Alyukin,Baganha,1959-04-22T23:23:39Z,Portugal,halyukiner@alibaba.com,+351 (415) 154-7926
Zachary,Callan,Huangmao,1999-09-20T17:13:53Z,China,,+86 (548) 853-8099
Lauraine,Luty,Loúros,1987-06-04T20:29:40Z,Greece,llutyet@linkedin.com,+30 (970) 222-9959
Augusto,Rentcome,Cawayan,1975-02-04T15:13:16Z,Philippines,arentcomeeu@csmonitor.com,+63 (217) 960-4182
Paige,Paice,Póvoa,1976-11-30T09:50:59Z,Portugal,ppaiceev@sphinn.com,+351 (244) 841-3846
Marja,Burgh,Curug,1985-05-25T23:15:50Z,Indonesia,mburghew@mapy.cz,+62 (586) 452-4889
Sondra,Leddie,Itacurubí del Rosario,1979-07-27T18:11:34Z,Paraguay,sleddieex@reddit.com,+595 (101) 254-1780
Hurley,Monan,Yermish’,1993-03-20T06:32:47Z,Russia,,+7 (344) 285-6594
Erna,Gammade,Bochov,1956-09-22T13:42:35Z,Czech Republic,,+420 (124) 859-1404
Erwin,Gallehock,Trzebunia,1978-07-22T15:47:36Z,Poland,egallehockf0@nature.com,+48 (948) 624-1484
Sky,Crowest,Tasikmalaya,1960-02-11T19:20:04Z,Indonesia,,+62 (462) 913-1285
Bryant,Djordjevic,Lobuni,1991-04-22T10:07:15Z,Ethiopia,bdjordjevicf2@meetup.com,+251 (739) 244-7849
Phebe,Flecknell,Maoshan,1993-12-12T17:13:09Z,China,pflecknellf3@addtoany.com,+86 (906) 516-7179
Webb,Hariot,Vladimir,1989-10-31T15:43:06Z,Russia,whariotf4@hud.gov,+7 (521) 513-9508
Merle,Alesio,Skópelos,1995-08-20T23:41:45Z,Greece,malesiof5@hud.gov,+30 (751) 229-0500
Karlotte,Guyers,Oklahoma City,1998-03-18T10:25:35Z,United States,kguyersf6@forbes.com,+1 (405) 563-5589
Sigismundo,Chaters,Takamatsu-shi,1956-05-15T11:06:42Z,Japan,schatersf7@nasa.gov,+81 (973) 663-8050
Margarethe,McGee,Kansas City,1950-06-07T03:01:50Z,United States,mmcgeef8@google.co.jp,+1 (913) 194-1263
Maris,Mulqueeny,Penghua,1962-02-19T18:20:24Z,China,mmulqueenyf9@nyu.edu,+86 (879) 300-3975
Aristotle,Logg,Grodków,1991-02-11T09:25:11Z,Poland,aloggfa@rediff.com,+48 (456) 581-6702
Derrek,Collopy,Rydzyna,1955-06-21T18:42:19Z,Poland,,+48 (995) 881-6377
Suki,Lippard,Sutysky,1959-10-20T02:34:43Z,Ukraine,slippardfc@github.com,+380 (204) 747-9091
Obie,Sissel,Pushkino,1980-01-03T01:55:43Z,Russia,osisselfd@deliciousdays.com,+7 (408) 612-4468
Georgeanna,Pie,Kos,1981-02-05T23:19:51Z,Greece,gpiefe@wunderground.com,+30 (825) 734-7401
Aubine,Lukianov,Douz,1966-12-06T00:09:12Z,Tunisia,alukianovff@nasa.gov,+216 (834) 323-0149
Valenka,Schowenburg,,,,vschowenburgfg@wix.com,
Merrie,Doody,Maiwal,1966-01-06T02:46:16Z,Indonesia,,+62 (161) 255-3430
Dyna,Abramowsky,Corcuera,1974-07-23T22:12:52Z,Philippines,dabramowskyfi@hc360.com,+63 (243) 280-9796
Massimo,Pardal,Kuala Terengganu,1966-10-19T22:42:43Z,Malaysia,mpardalfj@wikipedia.org,+60 (164) 538-5966
Jennine,Sykes,Ajung,1976-01-26T00:49:04Z,Indonesia,jsykesfk@hud.gov,+62 (714) 498-3979
Nicola,Pedycan,Al ‘Awjah,1992-03-03T04:17:56Z,Iraq,npedycanfl@yellowbook.com,+964 (544) 738-9064
Nicolette,Billyeald,Al Ḩammāmāt,1959-01-30T01:20:23Z,Tunisia,nbillyealdfm@businesswire.com,+216 (958) 966-1534
Marissa,Steiner,Ishim,1966-08-04T21:44:18Z,Russia,msteinerfn@i2i.jp,+7 (744) 115-9795
Murielle,Laurens,Cañada de Gómez,1973-01-10T04:11:52Z,Argentina,mlaurensfo@dedecms.com,+54 (463) 493-0458
Selby,Stanesby,Căuşeni,1995-09-21T00:59:56Z,Moldova,sstanesbyfp@about.com,+373 (599) 185-9053
Nadean,Barnfather,Savski Venac,1970-12-04T20:22:40Z,Serbia,nbarnfatherfq@mozilla.org,+381 (629) 300-8799
Celinda,Cullagh,Songping,1986-06-28T10:25:20Z,China,ccullaghfr@arstechnica.com,+86 (251) 784-8301
Edmund,Brantzen,Cruz de Pau,1959-01-23T04:41:43Z,Portugal,,+351 (115) 447-7431
Witty,Jobling,Cerrito,1957-03-10T14:14:17Z,Paraguay,,+595 (907) 926-5423
Sherrie,Mayell,Cavadas,1996-06-09T13:24:30Z,Portugal,smayellfu@scientificamerican.com,+351 (186) 331-2671
Karel,Folan,Padamulya,1951-07-22T08:53:33Z,Indonesia,kfolanfv@dyndns.org,+62 (146) 112-5027
Juliet,Chat,Nangabere,1967-10-17T09:32:52Z,Indonesia,,+62 (995) 824-2111
Etta,Oman,Kaulon,1999-04-22T10:04:41Z,Indonesia,eomanfx@bloglovin.com,+62 (248) 120-4779
Galvin,Skacel,Kingston,1992-09-03T15:13:23Z,Norfolk Island,gskacelfy@auda.org.au,+672 (850) 650-1206
Enid,Sharvell,Kalawit,1979-06-29T08:47:47Z,Philippines,esharvellfz@princeton.edu,+63 (998) 705-8536
Kelley,Grabbam,,,,,
Sven,Haughin,Pai do Vento,1971-07-13T20:51:17Z,Portugal,shaughing1@scribd.com,+351 (262) 316-0980
Chantal,Paten,Sandouping,1983-07-28T19:41:51Z,China,cpateng2@tiny.cc,+86 (388) 587-4487
Burr,Dellenbach,Gondanglegi Wetan,1964-01-14T22:18:59Z,Indonesia,bdellenbachg3@nifty.com,+62 (513) 484-5255
Concettina,Inchboard,Taizhou,1952-08-21T19:12:20Z,China,,+86 (649) 294-8180
Edgard,While,Kuwayris Sharqī,1960-04-28T11:25:32Z,Syria,,+963 (401) 457-0206
Marcellus,Drabble,Perovo,1990-06-01T19:13:58Z,Russia,mdrabbleg6@home.pl,+7 (597) 461-2156
Jose,Pountain,Melaka,1953-07-01T15:05:28Z,Malaysia,jpountaing7@ebay.co.uk,+60 (933) 126-2408
Jeralee,Lomath,Nové Strašecí,1990-11-15T05:44:20Z,Czech Republic,jlomathg8@example.com,+420 (303) 828-5495
Egon,Noblet,Alto Río Senguer,1958-06-01T14:16:38Z,Argentina,enobletg9@icio.us,+54 (218) 810-1855
Beverlie,Sewell,Malasila,1952-04-13T18:39:47Z,Philippines,,+63 (588) 930-2795
Hattie,Larimer,Savalou,1987-04-16T14:43:58Z,Benin,hlarimergb@psu.edu,+229 (404) 149-8471
Cullan,Aronin,Zhongjiapu,1994-12-15T23:11:00Z,China,caroningc@engadget.com,+86 (365) 844-0548
Jon,Clineck,Kasreman,1975-06-07T14:40:24Z,Indonesia,jclineckgd@nasa.gov,+62 (495) 761-5240
Mal,Flook,Gereykhanovskoye,1999-03-10T14:51:40Z,Russia,mflookge@webmd.com,+7 (267) 843-0503
Kaylee,Kelner,Hetou,1960-07-07T10:54:35Z,China,kkelnergf@yandex.ru,+86 (554) 378-4750
Cammy,Cluet,Předměřice nad Labem,1966-04-05T08:20:18Z,Czech Republic,,+420 (282) 748-7384
Bondie,Limmer,Cabungan,1959-10-10T09:52:57Z,Philippines,,+63 (281) 704-2835
Maribelle,Thirsk,Boa Vista,1968-01-03T06:30:33Z,Brazil,mthirskgi@yandex.ru,+55 (182) 699-1649
Darsey,Piggins,Jiuhe,1959-01-21T10:09:52Z,China,dpigginsgj@ehow.com,+86 (963) 415-0665
Thekla,Gagen,Pilar,1961-01-24T13:31:18Z,Brazil,tgagengk@gov.uk,+55 (591) 189-8409
Anabella,Hallick,Sabugueiro,1952-08-22T18:28:34Z,Portugal,ahallickgl@smh.com.au,+351 (161) 637-3151
Jacklin,Pyne,Smarhon’,1965-08-28T21:25:53Z,Belarus,jpynegm@sciencedaily.com,+375 (902) 984-2042
Francesco,Resdale,Krajan Dua Putukrejo,1971-04-25T10:06:02Z,Indonesia,fresdalegn@tinyurl.com,+62 (877) 183-8640
Marita,Cavill,Nyköping,1951-03-15T16:35:24Z,Sweden,mcavillgo@bloglines.com,+46 (279) 388-2553
Richard,Sagar,Butungan,1980-06-01T15:32:36Z,Indonesia,rsagargp@sitemeter.com,+62 (302) 474-4769
Boony,Barling,,,,,
Sophey,Dohmann,Juigalpa,1975-12-09T18:05:12Z,Nicaragua,sdohmanngr@networkadvertising.org,+505 (940) 965-5978
Vick,Somerfield,Beitou,1978-02-27T08:50:55Z,China,vsomerfieldgs@google.com,+86 (811) 305-1394
Aldis,Verna,Dagur,1968-07-20T02:14:17Z,China,avernagt@istockphoto.com,+86 (725) 823-1751
Florence,Cawley,Farshūţ,1972-06-01T06:08:22Z,Egypt,fcawleygu@biglobe.ne.jp,+20 (317) 577-8871
Catina,Bortoli,,,,cbortoligv@bizjournals.com,
Tam,Luparto,Yelan’,1976-10-09T10:58:43Z,Russia,tlupartogw@cnbc.com,+7 (864) 640-8071
Susan,Urien,Essen,1954-09-14T07:30:06Z,Germany,suriengx@ucoz.ru,+49 (430) 697-4546
Dionne,Lantuffe,Ndwedwe,1988-05-03T16:20:22Z,South Africa,dlantuffegy@examiner.com,+27 (305) 381-0503
Pepito,Backson,Obrera,1974-01-04T16:33:49Z,Mexico,pbacksongz@ebay.co.uk,+52 (245) 322-6633
Aubrey,Sheering,Long Hồ,1959-04-11T03:09:17Z,Vietnam,,+84 (111) 281-4186
Alfy,Sitwell,Cimenga,1956-09-29T02:17:51Z,Indonesia,asitwellh1@goodreads.com,+62 (879) 881-2786
Haskell,Don,Pilníkov,1967-10-08T15:46:35Z,Czech Republic,hdonh2@spotify.com,+420 (987) 147-6186
Dalton,Stanyard,Stockholm,1967-12-08T10:14:30Z,Sweden,dstanyardh3@va.gov,+46 (761) 812-1140
Decca,McClelland,As Samawah,1998-09-12T07:13:21Z,Iraq,dmcclellandh4@wisc.edu,+964 (681) 175-6556
Isabella,Hryniewicz,San Antonio,1973-04-09T12:13:31Z,Argentina,ihryniewiczh5@people.com.cn,+54 (461) 395-1984
Joyan,Baulk,Mungkin,1984-10-01T22:30:56Z,Indonesia,jbaulkh6@blogs.com,+62 (781) 634-3431
Jackson,Theurer,Catac,1986-01-23T05:01:50Z,Peru,jtheurerh7@deviantart.com,+51 (690) 654-6360
Chev,Mushrow,,,,cmushrowh8@webnode.com,
Mose,Weir,Beiwa,1956-09-20T23:47:16Z,China,mweirh9@newyorker.com,+86 (339) 328-3143
Ranique,Aurelius,Iguape,1964-03-19T12:33:44Z,Brazil,raureliusha@hhs.gov,+55 (458) 479-2006
Yvonne,Bapty,Kramsk,1953-06-20T17:52:50Z,Poland,ybaptyhb@microsoft.com,+48 (180) 340-3885
Daniele,Mustarde,Bancar,1950-08-20T17:36:41Z,Indonesia,dmustardehc@google.it,+62 (467) 329-4864
Tiffie,Reimers,San Pedro,1983-08-18T05:15:17Z,Bolivia,treimershd@netlog.com,+591 (408) 324-7715
Arly,Coarser,Fushan,1985-12-23T05:57:37Z,China,acoarserhe@ow.ly,+86 (856) 985-9328
Hunter,Hellings,,,,hhellingshf@google.fr,
Stanislaus,Kiwitz,Rancabugel,1972-06-25T19:11:57Z,Indonesia,,+62 (100) 720-8665
Leonid,Noli,Concepción Tutuapa,1963-08-24T22:52:11Z,Guatemala,lnolihh@umich.edu,+502 (114) 389-8867
Fionnula,Geerdts,Laozhuang,1984-08-28T02:44:29Z,China,fgeerdtshi@over-blog.com,+86 (587) 730-0259
Terencio,O'Dooghaine,Xianqiao,1973-12-04T01:34:37Z,China,todooghainehj@edublogs.org,+86 (845) 586-5465
Homerus,Cicullo,Marogong,1975-07-27T03:24:48Z,Philippines,,+63 (350) 861-9305
Austin,Allbut,Lianyun,1999-02-03T21:53:12Z,China,aallbuthl@admin.ch,+86 (339) 744-2851
Jacquetta,Anersen,Syzran’,1968-10-22T18:41:29Z,Russia,janersenhm@google.pl,+7 (300) 655-3776
Ezekiel,Catenot,Quintã,1998-09-26T21:26:46Z,Portugal,ecatenothn@va.gov,+351 (417) 499-1353
Neill,Rau,Betio Village,1964-10-16T03:40:01Z,Kiribati,,+686 (926) 843-1107
Claudetta,Hulcoop,Changling,1966-08-13T22:31:36Z,China,,+86 (498) 441-8975
Silvanus,Barnwille,Punta de Piedra,1950-03-21T15:28:57Z,Venezuela,sbarnwillehq@eventbrite.com,+58 (940) 916-2488
Kippar,Vogl,Hougaoshizhuang,1984-01-23T18:50:59Z,China,kvoglhr@hud.gov,+86 (219) 145-4749
Shirlee,Scuse,Sirnarasa,1955-02-28T10:24:23Z,Indonesia,sscusehs@go.com,+62 (851) 701-9271
Reese,Siebert,Aras-asan,1997-06-13T05:52:56Z,Philippines,rsiebertht@pbs.org,+63 (578) 787-5084
Honey,Blabey,Lokossa,1959-09-17T08:57:52Z,Benin,hblabeyhu@pagesperso-orange.fr,+229 (136) 270-8582
Jerrome,Scrowby,Denglong,1986-04-28T20:53:57Z,China,jscrowbyhv@google.co.uk,+86 (621) 413-8484
Linnea,Dilks,Buriram,1972-11-27T08:57:33Z,Thailand,ldilkshw@unblog.fr,+66 (239) 595-3890
Gusty,Storr,Wendo,1979-10-26T06:33:49Z,Ethiopia,gstorrhx@so-net.ne.jp,+251 (159) 372-5907
Reece,Rodolf,Staré Město,1969-02-21T08:10:15Z,Czech Republic,rrodolfhy@amazon.co.jp,+420 (592) 101-9185
Vonni,Sawl,Zapala,1979-11-06T16:28:44Z,Argentina,vsawlhz@feedburner.com,+54 (501) 744-8001
Aluino,Bryce,Chatou,1990-01-10T13:20:37Z,China,abrycei0@mail.ru,+86 (117) 141-3997
Elfrida,Silman,Mandesan,1960-05-19T00:38:50Z,Indonesia,esilmani1@cam.ac.uk,+62 (477) 321-6409
Irina,Wilcocks,Maria,1970-12-03T04:28:17Z,Philippines,iwilcocksi2@foxnews.com,+63 (467) 252-1370
Corrine,Heading,Vir,1987-07-15T23:54:09Z,Slovenia,cheadingi3@360.cn,+386 (563) 233-2850
Eolanda,Tremathack,Bagacay,1990-02-09T09:25:41Z,Philippines,etremathacki4@canalblog.com,+63 (110) 188-3902
Aymer,Neve,Pop,1968-03-14T12:18:25Z,Uzbekistan,anevei5@gmpg.org,+998 (996) 463-9888
Louella,Chalfant,Tosno,1968-07-25T23:21:59Z,Russia,lchalfanti6@over-blog.com,+7 (383) 187-6317
Deloris,LLelweln,Ridderkerk,1964-01-15T19:39:44Z,Netherlands,dllelwelni7@prweb.com,+31 (402) 469-6309
Marnie,Kenworth,Cartago,1951-11-17T00:21:52Z,Colombia,mkenworthi8@canalblog.com,+57 (488) 673-0196
Georgia,Rawles,Kokubu-matsuki,1962-09-17T02:52:47Z,Japan,grawlesi9@techcrunch.com,+81 (708) 157-3679
Ollie,Hens,Flor da Rosa,1957-04-26T22:10:59Z,Portugal,ohensia@scientificamerican.com,+351 (583) 491-7482
Kayne,Solly,Káto Asítai,1974-10-22T09:15:21Z,Greece,ksollyib@wsj.com,+30 (713) 639-8171
Casey,Beadles,Boucherville,1980-12-20T10:09:09Z,Canada,cbeadlesic@stumbleupon.com,+1 (668) 684-3881
Lainey,Scupham,Amerta,1951-11-13T19:07:38Z,Indonesia,lscuphamid@macromedia.com,+62 (826) 311-3938
Sapphira,Yeoman,Galveias,1979-04-25T01:06:41Z,Portugal,syeomanie@zdnet.com,+351 (980) 380-2727
Wendye,Mathouse,Padaran,1962-05-06T07:15:50Z,Indonesia,wmathouseif@soup.io,+62 (829) 109-7476
Carmelle,Bebis,Antipolo,1982-12-19T13:41:44Z,Philippines,cbebisig@shop-pro.jp,+63 (346) 511-6123
Drugi,Ranklin,Visoko,1953-08-20T03:44:58Z,Bosnia and Herzegovina,dranklinih@dropbox.com,+387 (545) 876-5636
Gizela,Teck,Panganiban,1957-12-06T21:45:50Z,Philippines,gteckii@npr.org,+63 (522) 299-0462
Esteban,Pheasey,Imbituba,1998-08-24T07:07:01Z,Brazil,epheaseyij@auda.org.au,+55 (681) 647-2481
Merlina,Eallis,Wairiang,1971-10-30T13:33:55Z,Indonesia,,+62 (952) 509-0554
Roth,Morl,Inongo,1962-03-12T22:15:32Z,Democratic Republic of the Congo,rmorlil@xinhuanet.com,+242 (763) 872-8974
Iorgo,Ongin,Anxi,1971-09-28T05:56:19Z,China,ionginim@xrea.com,+86 (248) 662-1418
Shandie,Oventon,San Antonio,1998-06-11T05:34:51Z,United States,soventonin@google.fr,+1 (210) 733-3266
Joellyn,Farrington,Bhimbar,1950-08-06T19:22:29Z,Pakistan,jfarringtonio@unicef.org,+92 (341) 599-7915
Antonetta,Judron,,,,ajudronip@un.org,
Brade,Leafe,Lagoa Seca,1974-01-20T17:02:20Z,Brazil,bleafeiq@hud.gov,+55 (774) 972-2811
Dale,Bearblock,Chimboy Shahri,1972-07-12T22:17:12Z,Uzbekistan,dbearblockir@themeforest.net,+998 (257) 406-8981
Lonnie,Sicily,,,,lsicilyis@so-net.ne.jp,
Cherice,A'field,Oetutulul,1966-03-03T23:26:45Z,Indonesia,cafieldit@state.gov,+62 (364) 237-2974
Deana,Hunt,Qal‘ah-ye Kuhnah,1988-06-23T11:31:15Z,Afghanistan,dhuntiu@paginegialle.it,+93 (772) 513-1358
Briana,Egle,K’olīto,1991-02-15T02:07:59Z,Ethiopia,begleiv@senate.gov,+251 (658) 222-1792
Ramsey,Vaughan-Hughes,Pinheiro,1989-11-08T02:42:07Z,Brazil,rvaughanhughesiw@wired.com,+55 (115) 585-9643
Tiffy,Duckwith,Oslo,1991-12-13T01:31:10Z,Norway,tduckwithix@liveinternet.ru,+47 (910) 119-8562
Geri,Kreuzer,Maracaibo,1977-05-05T17:17:04Z,Venezuela,gkreuzeriy@acquirethisname.com,+58 (321) 283-2914
Maire,MacIver,Slyudyanka,1950-10-01T09:04:05Z,Russia,mmaciveriz@posterous.com,+7 (891) 514-7612
Fons,Antonescu,Guadalupe,1963-07-31T01:25:37Z,Mexico,fantonescuj0@umich.edu,+52 (780) 140-0715
Letty,Uzielli,Saint-Louis du Nord,1962-10-10T00:55:44Z,Haiti,luziellij1@usa.gov,+509 (715) 289-5250
Perri,Harlett,Kokop,1991-06-16T08:51:21Z,Indonesia,pharlettj2@webmd.com,+62 (341) 478-8521
L;urette,Pettit,,,,lpettitj3@craigslist.org,
Page,Pottie,Zgurovka,1973-12-12T13:07:40Z,Ukraine,ppottiej4@trellian.com,+380 (715) 291-8978
Muffin,Vaughton,San Isidro,1979-10-19T20:57:39Z,Mexico,mvaughtonj5@weather.com,+52 (184) 856-2429
Zora,Peake,Minneapolis,1991-01-02T09:17:31Z,United States,zpeakej6@weibo.com,+1 (612) 349-8595
Allix,Tremain,Priob’ye,1958-05-01T20:30:17Z,Russia,atremainj7@lycos.com,+7 (592) 918-5608
Ody,Edgeson,Jinhe,1994-05-07T04:18:40Z,China,oedgesonj8@yahoo.co.jp,+86 (799) 675-8160
Celestia,Rozenzweig,Labuan,1964-01-12T15:48:01Z,Malaysia,crozenzweigj9@newyorker.com,+60 (796) 904-8481
Levey,Stansbie,Olonets,1978-07-22T10:55:49Z,Russia,lstansbieja@behance.net,+7 (885) 812-6315
Jayson,Woodroof,Jezerce,1990-11-14T03:31:19Z,Croatia,jwoodroofjb@yale.edu,+385 (393) 590-5110
Gavin,Luttger,Piraquara,1956-10-18T01:23:45Z,Brazil,gluttgerjc@archive.org,+55 (300) 206-5330
Daria,Lots,Hanfeng,1982-03-12T04:24:57Z,China,dlotsjd@oaic.gov.au,+86 (155) 796-5566
Betteanne,Suttill,,,,bsuttillje@usnews.com,
Faina,Arnholdt,,,,farnholdtjf@salon.com,
Melania,Runchman,Lamego,1990-07-22T00:19:52Z,Portugal,mrunchmanjg@github.io,+351 (464) 326-8741
Kimberley,Allpress,Carodok,1983-10-18T13:19:23Z,Indonesia,kallpressjh@a8.net,+62 (433) 355-7501
Caria,Colloby,Novomichurinsk,1972-01-16T03:05:13Z,Russia,,+7 (159) 973-0583
Nerte,Werrilow,Xuyong,1954-10-05T03:34:15Z,China,nwerrilowjj@friendfeed.com,+86 (827) 433-0268
Slade,Massimo,Chengui,1985-05-25T15:19:14Z,China,,+86 (267) 962-5290
Demetris,Duthie,Genova,1998-04-03T13:52:51Z,Italy,dduthiejl@hatena.ne.jp,+39 (105) 456-2426
Mattheus,Ohrtmann,James Craik,1993-09-03T09:03:27Z,Argentina,mohrtmannjm@oakley.com,+54 (843) 140-6589
Crawford,Mullis,Doljevac,1998-04-11T20:41:13Z,Serbia,cmullisjn@disqus.com,+381 (875) 588-2812
Sam,McIlmorie,Lavaltrie,1972-03-06T03:46:08Z,Canada,smcilmoriejo@loc.gov,+1 (206) 648-9017
Minerva,Caplin,Tajan,1998-07-21T04:49:05Z,Indonesia,mcaplinjp@imdb.com,+62 (717) 407-1110
Kate,Balke,Cran-Gevrier,1962-04-24T23:18:43Z,France,kbalkejq@goo.ne.jp,+33 (577) 218-2056
Lin,Eberst,Xinbao,1975-01-15T19:50:09Z,China,leberstjr@ftc.gov,+86 (658) 843-7115
Susie,Mityashin,Alta Gracia,1986-11-28T19:48:56Z,Argentina,,+54 (652) 647-8697
Allin,Edlyn,Annaka,1955-09-11T15:16:22Z,Japan,aedlynjt@washingtonpost.com,+81 (504) 525-7834
Walker,Rowantree,Steinfort,1991-06-30T21:02:45Z,Luxembourg,,+352 (993) 533-6422
Webster,Shoreman,Toshkivka,1953-05-10T04:49:40Z,Ukraine,wshoremanjv@sbwire.com,+380 (739) 237-2534
Cyndie,Mingaud,Georgiyevka,1989-09-11T23:25:14Z,Russia,cmingaudjw@craigslist.org,+7 (855) 855-8342
Philomena,Folli,Fonadhoo,1978-04-28T03:39:49Z,Maldives,pfollijx@economist.com,+960 (297) 910-5182
Alidia,Chattey,Oslo,1968-04-23T22:15:31Z,Norway,achatteyjy@goo.ne.jp,+47 (683) 747-5838
Gerald,Trass,Kembangan,1979-02-21T13:09:42Z,Indonesia,gtrassjz@weather.com,+62 (295) 903-5408
Annnora,Jex,Teutônia,1982-07-16T17:54:27Z,Brazil,ajexk0@mtv.com,+55 (763) 956-2120
Rickie,Minithorpe,Cornillon,1960-07-08T18:52:42Z,Haiti,rminithorpek1@nih.gov,+509 (412) 273-5678
Kimbell,Fenemore,Tari,1959-03-25T22:15:53Z,Papua New Guinea,kfenemorek2@timesonline.co.uk,+675 (669) 156-4591
Elton,Pepye,Jūybār,1962-02-24T23:13:22Z,Iran,epepyek3@istockphoto.com,+98 (147) 962-2425
Albertine,Vickarman,Oetuke,1963-03-02T11:59:22Z,Indonesia,avickarmank4@behance.net,+62 (296) 287-3087
Deeann,Moat,Janowiec,1994-07-07T06:02:23Z,Poland,dmoatk5@naver.com,+48 (309) 621-1150
Deeyn,Saull,Ribeirão,1964-10-06T09:32:22Z,Portugal,dsaullk6@booking.com,+351 (251) 828-0251
Britt,Dominec,Longwu,1954-12-23T01:48:20Z,China,,+86 (144) 370-3668
Helenelizabeth,Lescop,Mbandaka,1995-12-23T07:49:11Z,Democratic Republic of the Congo,hlescopk8@reuters.com,+242 (407) 221-9661
Roley,Jirick,,,,rjirickk9@techcrunch.com,
Anabal,Maroney,Krajan Timur Mlokorejo,1963-04-03T05:23:21Z,Indonesia,amaroneyka@tuttocitta.it,+62 (912) 654-8952
Jade,Whichelow,Waitakere,1999-05-08T10:54:38Z,New Zealand,jwhichelowkb@cnn.com,+64 (455) 702-5795
Myer,Brunke,Manzë,1954-09-07T04:14:35Z,Albania,mbrunkekc@who.int,+355 (976) 502-8930
Robbi,Soule,Vyerkhnyadzvinsk,1973-04-06T18:02:18Z,Belarus,rsoulekd@ihg.com,+375 (573) 283-8549
Rozele,Smiz,Bueng Khong Long,1972-11-23T20:49:10Z,Thailand,rsmizke@mediafire.com,+66 (290) 124-2974
Latrina,Stoneham,Huambalpa,1966-05-29T05:04:54Z,Peru,lstonehamkf@sphinn.com,+51 (629) 117-2869
Correy,Abbitt,Caidian,1952-07-26T19:09:20Z,China,,+86 (993) 679-6094
Sacha,Bownes,Karnice,1966-07-17T01:05:20Z,Poland,sbowneskh@nhs.uk,+48 (970) 230-9398
Franny,Terzza,Rogoza,1964-10-29T08:23:22Z,Slovenia,fterzzaki@jigsy.com,+386 (134) 151-4900
Octavius,Maron,Tatebayashi,1984-12-31T18:15:04Z,Japan,omaronkj@joomla.org,+81 (479) 266-1261
Vin,Klass,La Rochelle,1980-07-23T07:55:31Z,France,vklasskk@myspace.com,+33 (946) 604-4739
Obediah,Matei,Kato Pyrgos,1977-08-20T10:16:51Z,Cyprus,omateikl@xrea.com,+357 (378) 905-1953
Jessie,Northeast,Beihe,1998-01-29T20:39:43Z,China,,+86 (589) 901-0665
Menard,Krolak,Voyinka,1962-11-27T12:00:53Z,Ukraine,mkrolakkn@squarespace.com,+380 (950) 568-0915
Evelyn,Corps,Gaoqiao,1959-06-20T22:51:30Z,China,ecorpsko@hc360.com,+86 (392) 699-9952
Tallia,Addionizio,Badāmā,1975-07-15T08:49:14Z,Syria,taddioniziokp@is.gd,+963 (733) 148-2943
Thomasine,Chapellow,Hobart,1983-09-01T19:45:28Z,Australia,tchapellowkq@friendfeed.com,+61 (555) 316-4712
Jarrad,Amys,Mekarsari,1988-04-21T22:15:26Z,Indonesia,jamyskr@trellian.com,+62 (128) 550-2009
Zachery,Fewlass,Markala,1992-01-10T13:43:17Z,Mali,zfewlassks@hp.com,+223 (936) 292-9533
Winona,Paddemore,Situbondo,1971-11-25T02:14:08Z,Indonesia,wpaddemorekt@elegantthemes.com,+62 (271) 462-1533
Gualterio,Worlidge,Ridderkerk,1953-04-07T23:20:25Z,Netherlands,,+31 (612) 902-4016
Caitrin,Botham,Obuasi,1987-03-22T08:58:06Z,Ghana,cbothamkv@zdnet.com,+233 (437) 290-1497
Danita,Woodham,Na Yong,1981-07-22T18:41:45Z,Thailand,dwoodhamkw@webeden.co.uk,+66 (571) 474-0722
Bibby,Lindman,Nyaunglebin,1968-12-02T03:53:38Z,Myanmar,blindmankx@dropbox.com,+95 (729) 424-4232
Cheryl,Fildery,Stockholm,1993-09-27T21:43:45Z,Sweden,cfilderyky@i2i.jp,+46 (810) 276-4308
Rey,Tommasuzzi,,,,rtommasuzzikz@hatena.ne.jp,
Maude,Strongman,Los Angeles,1977-05-03T08:14:25Z,Mexico,mstrongmanl0@tinypic.com,+52 (829) 731-0542
Leonard,Luckin,Huamachuco,1996-06-14T22:57:41Z,Peru,lluckinl1@boston.com,+51 (238) 716-5465
Paula,Gater,Novi Zagreb,1951-05-31T19:21:35Z,Croatia,,+385 (112) 834-3250
Humbert,Robey,La Vega,1973-11-11T23:53:24Z,Colombia,hrobeyl3@ezinearticles.com,+57 (734) 426-1949
Kai,Posen,Tugusirna,1992-04-02T03:57:21Z,Indonesia,,+62 (917) 107-1157
Clevey,Duckers,Oslo,1965-05-03T21:17:50Z,Norway,cduckersl5@github.io,+47 (466) 361-5523
Cozmo,Boulds,Ghazni,1981-01-06T22:04:59Z,Afghanistan,cbouldsl6@whitehouse.gov,+93 (877) 711-1121
Quillan,Greasley,Nierumai,1968-07-22T16:37:32Z,China,qgreasleyl7@people.com.cn,+86 (864) 706-3529
Juliette,MacConnechie,,,,jmacconnechiel8@va.gov,
Colman,MacEllen,Shanglian,1971-09-14T06:45:50Z,China,cmacellenl9@va.gov,+86 (596) 570-8176
Ninnetta,Anthoney,Puerto López,1958-04-02T15:31:37Z,Colombia,nanthoneyla@sphinn.com,+57 (950) 379-5981
Elane,Charnock,,,,echarnocklb@bloomberg.com,
Kassandra,Taplin,,,,,
Minor,Poulton,Pukou,1994-07-23T21:35:56Z,China,mpoultonld@flavors.me,+86 (804) 390-2177
Latisha,Jonke,Madrid,1981-10-18T17:45:41Z,Spain,ljonkele@elegantthemes.com,+34 (313) 678-6228
Kayley,MacInnes,,,,kmacinneslf@blinklist.com,
Allistir,Marples,El Ksour,1992-10-19T16:17:48Z,Tunisia,amarpleslg@gravatar.com,+216 (712) 778-8684
Kamillah,Lamas,Beiyang,1955-02-08T08:34:40Z,China,klamaslh@people.com.cn,+86 (946) 973-1237
Tallia,Whytock,Älvsjö,1968-03-11T02:03:45Z,Sweden,twhytockli@oaic.gov.au,+46 (369) 488-9436
Wittie,Keilty,La Loma,1994-10-11T06:17:46Z,Panama,wkeiltylj@seesaa.net,+507 (731) 477-9625
Valera,Bernette,Dorowa Mining Lease,1989-09-29T03:40:02Z,Zimbabwe,,+263 (554) 395-8770
Royal,Plumptre,Voiron,1980-01-31T00:44:38Z,France,rplumptrell@geocities.com,+33 (820) 535-7014
Shaughn,Peepall,Wushi,1957-04-29T22:37:39Z,China,speepalllm@yelp.com,+86 (443) 169-8254
Cesar,McEnteggart,Eleftheroúpolis,1988-05-28T23:00:48Z,Greece,cmcenteggartln@zdnet.com,+30 (675) 311-9361
Yank,Haddinton,Chunxi,1974-08-30T22:45:28Z,China,yhaddintonlo@webeden.co.uk,+86 (773) 634-9310
Bianca,Burthom,Khamis Mushait,1991-11-29T17:06:53Z,Saudi Arabia,bburthomlp@1und1.de,+966 (629) 634-8967
Cooper,Rossey,Hulyaypole,1951-10-01T12:55:24Z,Ukraine,,+380 (842) 291-6305
Glynis,Rotte,Ciorescu,1986-05-17T15:51:43Z,Moldova,grottelr@hexun.com,+373 (778) 767-4109
Helaine,Marler,Heicheng,1995-07-21T19:48:34Z,China,hmarlerls@vimeo.com,+86 (592) 265-1878
Toby,Haddeston,Idah,1968-11-07T04:34:52Z,Nigeria,thaddestonlt@time.com,+234 (372) 507-1275
Elita,Woloschin,Zakamensk,1990-02-09T11:45:44Z,Russia,,+7 (601) 334-1536
Mackenzie,Masterson,Usman’,1969-01-05T17:29:04Z,Russia,,+7 (296) 899-7031
Rayner,Smoughton,Thiers,1981-02-07T15:30:47Z,France,rsmoughtonlw@ebay.co.uk,+33 (469) 233-9746
Janot,Leivesley,Tala,1999-12-03T06:56:42Z,Philippines,jleivesleylx@oracle.com,+63 (423) 786-9950
Lucian,Borrington,Bečej,1983-03-07T11:27:25Z,Serbia,lborringtonly@free.fr,+381 (187) 344-7168
Link,Toquet,Qalqaman,1973-05-26T04:04:55Z,Kazakhstan,ltoquetlz@abc.net.au,+7 (600) 905-1862
Edik,Dudin,Qianjiang,1989-04-04T10:38:34Z,China,edudinm0@home.pl,+86 (211) 268-9579
Olive,Kerkham,Huanchaco,1972-09-15T02:32:58Z,Peru,okerkhamm1@omniture.com,+51 (122) 889-1926
Raffarty,Thonger,Paninggaran,1991-03-26T16:21:02Z,Indonesia,rthongerm2@noaa.gov,+62 (329) 609-9813
Patrizio,Hegges,Koz’modem’yansk,1996-05-12T06:02:57Z,Russia,,+7 (448) 584-7732
Maridel,Mingotti,Lincheng,1974-06-25T12:21:45Z,China,mmingottim4@msn.com,+86 (490) 278-1900
Nappy,Vahey,Santiago de Cao,1985-05-24T20:51:54Z,Peru,nvaheym5@wikispaces.com,+51 (539) 869-7718
Noak,Spaule,Sarband,1960-11-18T02:01:29Z,Tajikistan,nspaulem6@mlb.com,+992 (341) 812-3064
Georgine,Flatt,Vesëlyy,1971-06-24T06:03:03Z,Russia,gflattm7@cafepress.com,+7 (381) 555-2099
Morna,Clack,,,,mclackm8@symantec.com,
Danell,Goudie,Corona,1987-01-28T20:06:36Z,United States,dgoudiem9@illinois.edu,+1 (951) 432-7583
Theresita,McIllrick,Gonghe,1961-07-05T19:55:13Z,China,tmcillrickma@narod.ru,+86 (977) 649-6112
Tiffani,Beardon,Kalate,1999-12-29T15:06:26Z,Indonesia,tbeardonmb@admin.ch,+62 (147) 885-2510
Sella,Cush,Huqiu,1975-05-27T11:51:46Z,China,scushmc@altervista.org,+86 (479) 736-1464
Edgar,Fergusson,Huacapampa,1954-07-22T22:07:32Z,Peru,efergussonmd@xing.com,+51 (382) 352-5467
Dara,Christophe,Akita,1951-03-12T05:40:17Z,Japan,dchristopheme@bizjournals.com,+81 (681) 877-7312
Andeee,Erington,Mtubatuba,1952-09-24T17:05:10Z,South Africa,,+27 (226) 152-0197
Mei,Covotto,Silao,1996-09-19T06:29:14Z,China,mcovottomg@scientificamerican.com,+86 (927) 893-0058
Chancey,Ramas,Cairima,1982-03-14T12:05:05Z,China,cramasmh@weibo.com,+86 (719) 225-1122
Antonetta,Rushton,Los Mangos,1988-08-22T17:40:15Z,Mexico,arushtonmi@w3.org,+52 (758) 124-0692
Hannis,Dowell,Aras-asan,1982-11-08T16:30:19Z,Philippines,hdowellmj@sbwire.com,+63 (190) 937-1780
Lin,Wooffitt,Färjestaden,1968-11-17T05:13:27Z,Sweden,lwooffittmk@mtv.com,+46 (987) 510-7792
Deina,Tures,Khong Chai,1985-12-06T04:31:35Z,Thailand,dturesml@eventbrite.com,+66 (978) 924-6121
Kaitlynn,Fenkel,Dongping,1950-03-30T17:09:54Z,China,kfenkelmm@slate.com,+86 (710) 368-9824
Grayce,Pitway,,,,gpitwaymn@zimbio.com,
Dacie,Eversley,Allen,1959-09-17T00:01:35Z,Philippines,deversleymo@moonfruit.com,+63 (416) 152-9460
Fernandina,Wegenen,Medina Estates,1979-09-30T00:43:56Z,Ghana,fwegenenmp@irs.gov,+233 (275) 299-2880
Gunter,Stollenwerck,Xiaoshanzi,1952-11-01T05:23:58Z,China,gstollenwerckmq@miitbeian.gov.cn,+86 (931) 313-4173
Lilah,Trappe,,,,ltrappemr@mediafire.com,
Algernon,Allin,Dananyu,1992-03-23T04:50:50Z,China,aallinms@prweb.com,+86 (594) 829-2560
Giffer,Hallaways,Murillo,1995-09-23T19:57:29Z,Colombia,ghallawaysmt@ehow.com,+57 (227) 999-6394
Laureen,Corbridge,Keroka,1967-05-19T23:55:30Z,Kenya,lcorbridgemu@plala.or.jp,+254 (372) 195-5594
Kimmi,Galliard,Nowa Dęba,1966-10-04T03:26:25Z,Poland,kgalliardmv@webnode.com,+48 (181) 853-6127
Thaxter,Hawarden,Sulo,1973-03-05T23:05:52Z,Indonesia,thawardenmw@senate.gov,+62 (281) 951-6642
Jacinta,Debling,Gujiadian,1962-01-29T03:09:33Z,China,jdeblingmx@histats.com,+86 (396) 241-9896
Addy,Robjant,Qingkou,1954-10-21T11:21:05Z,China,arobjantmy@sfgate.com,+86 (945) 364-5926
Rana,Musico,Belsh,1951-11-11T11:44:27Z,Albania,rmusicomz@networkadvertising.org,+355 (249) 534-7713
Ari,Toner,,,,atonern0@sohu.com,
Fayth,Kernoghan,Kansas City,1955-04-14T03:44:15Z,United States,fkernoghann1@google.com.br,+1 (816) 569-3490
Andree,Hanalan,Bronnitsy,1989-12-23T21:52:07Z,Russia,,+7 (684) 515-4289
Loren,Gencke,Bayanhongor,1989-07-07T10:32:25Z,Mongolia,lgencken3@cbslocal.com,+976 (545) 185-0951
Basilius,Abden,Kadujangkung,1993-12-12T04:25:34Z,Indonesia,babdenn4@cargocollective.com,+62 (554) 210-5998
Stanwood,Roney,Pernå,1957-07-09T20:02:35Z,Finland,sroneyn5@discuz.net,+358 (433) 408-4731
Cathrine,Devers,Kangping,1999-03-19T22:57:01Z,China,cdeversn6@com.com,+86 (307) 993-2253
Jordanna,Manthorpe,Lakatoro,1968-09-22T13:47:32Z,Vanuatu,jmanthorpen7@ebay.co.uk,+678 (830) 833-2540
Karisa,Coupar,Calhetas,1954-05-13T10:34:43Z,Portugal,kcouparn8@joomla.org,+351 (189) 243-5345
Frazer,Smogur,Podedwórze,1968-05-26T22:20:31Z,Poland,fsmogurn9@wikispaces.com,+48 (195) 877-5856
Nealson,Leile,Mādārīpur,1951-08-23T13:07:54Z,Bangladesh,nleilena@printfriendly.com,+880 (356) 679-9611
Brook,Jachimiak,Cañaveral,1971-10-07T20:18:50Z,Honduras,bjachimiaknb@people.com.cn,+504 (501) 403-3391
Artur,Tschierse,Talibura,1972-11-22T16:56:27Z,Indonesia,atschiersenc@google.com.br,+62 (116) 225-0016
Brooke,Ianniello,Bolo,1970-11-14T08:32:08Z,Philippines,bianniellond@umich.edu,+63 (283) 680-6288
Maudie,Mandel,,,,,
Gabbey,Curragh,Citundun,1966-04-28T10:40:47Z,Indonesia,gcurraghnf@techcrunch.com,+62 (756) 771-8082
Evy,Dimeloe,Winnica,1956-12-24T22:02:14Z,Poland,edimeloeng@rediff.com,+48 (632) 431-7354
Tierney,Mournian,Anchang,1972-04-07T04:16:54Z,China,tmourniannh@foxnews.com,+86 (848) 278-0337
Alex,Chesshire,Illapel,1961-09-20T06:16:15Z,Chile,achesshireni@blogspot.com,+56 (609) 370-7857
Boote,Obell,Bulawin,1991-03-14T22:25:56Z,Philippines,bobellnj@home.pl,+63 (319) 293-0799
Gavin,Beedle,Chixi,1972-01-24T15:46:59Z,China,,+86 (967) 984-7880
Brady,Gueny,,,,,
Toiboid,Prator,Wysoka,1996-04-14T01:01:12Z,Poland,tpratornm@google.fr,+48 (697) 238-2097
Annette,Fergyson,Tuchomie,1962-12-29T20:23:03Z,Poland,afergysonnn@yale.edu,+48 (534) 518-9953
Percival,Harler,Monte da Pedra,1996-10-24T07:15:30Z,Portugal,pharlerno@prweb.com,+351 (947) 928-5569
Shane,Deekes,Wojaszówka,1952-07-21T22:16:14Z,Poland,sdeekesnp@bravesites.com,+48 (271) 555-0247
Arlette,Currum,Dallas,1981-05-08T11:11:09Z,United States,acurrumnq@webeden.co.uk,+1 (214) 337-6916
Oren,Venton,Hörby,1982-08-28T14:27:12Z,Sweden,,+46 (115) 402-8025
Cissy,Godsell,Isiro,1952-05-18T01:59:47Z,Democratic Republic of the Congo,cgodsellns@google.ca,+242 (239) 662-3514
Alie,Wheway,Tsuruga,1994-08-26T06:48:40Z,Japan,awhewaynt@myspace.com,+81 (524) 924-4983
Nani,Kenney,Sanxi,1997-03-26T23:32:40Z,China,nkenneynu@ucoz.ru,+86 (113) 515-1988
Arie,Biesty,Emnambithi-Ladysmith,1972-02-23T00:35:43Z,South Africa,abiestynv@utexas.edu,+27 (856) 662-7783
Brody,Fogden,Klang,1988-09-12T18:12:04Z,Malaysia,bfogdennw@cpanel.net,+60 (386) 736-5090
Etti,Priestman,Jaquimeyes,1992-10-21T16:14:13Z,Dominican Republic,epriestmannx@barnesandnoble.com,+1 (415) 804-7278
Augie,Semple,Dongxiang,1999-11-29T13:32:23Z,China,asempleny@networkadvertising.org,+86 (565) 149-9079
Koressa,Andresen,Eschweiler,1971-04-19T15:04:47Z,Luxembourg,,+352 (673) 332-1734
Denney,Cunio,Escazú,1970-05-16T14:05:22Z,Costa Rica,dcunioo0@google.ru,+506 (233) 833-9917
Aldon,Grigoryev,Zangbi,1982-12-11T16:08:31Z,China,agrigoryevo1@cornell.edu,+86 (843) 403-5326
Darnall,Simonelli,Tall Salḩab,1975-12-29T18:05:35Z,Syria,dsimonellio2@usa.gov,+963 (617) 814-5570
Valentin,Carman,Drajak,1969-07-31T08:45:20Z,Indonesia,vcarmano3@whitehouse.gov,+62 (743) 505-9808
Virgil,Asch,Santana do Ipanema,1987-05-18T03:00:32Z,Brazil,vascho4@reuters.com,+55 (240) 909-5217
Gottfried,Ceschini,Pākpattan,1976-06-09T16:37:47Z,Pakistan,gceschinio5@e-recht24.de,+92 (893) 279-4564
Jinny,Priestman,Kulpin,1971-10-28T00:31:17Z,Serbia,jpriestmano6@plala.or.jp,+381 (204) 209-7271
Antonie,Sancroft,Kiloloran,1979-05-01T03:40:15Z,Philippines,asancrofto7@gnu.org,+63 (241) 439-7619
Elliot,Bainton,Villa del Carmen,1992-03-26T18:19:19Z,Uruguay,ebaintono8@delicious.com,+598 (563) 350-4883
Gaultiero,Supple,Žamberk,1988-11-27T14:08:39Z,Czech Republic,gsuppleo9@weebly.com,+420 (464) 494-4014
Erasmus,Tedman,Lefkímmi,1973-02-02T17:25:24Z,Greece,,+30 (200) 555-9933
Concettina,Grocutt,Sibucao,1979-11-05T23:19:14Z,Philippines,cgrocuttob@live.com,+63 (142) 141-8716
Noble,Glasscoo,Maceo,1967-12-19T18:08:22Z,Colombia,nglasscoooc@webs.com,+57 (377) 996-1190
Orville,Gobeaux,Ladhewāla Warāich,1994-07-07T17:22:24Z,Pakistan,,+92 (946) 239-5070
Glendon,Edmett,Fonte do Feto,1996-10-22T17:54:43Z,Portugal,gedmettoe@census.gov,+351 (728) 359-1298
Romeo,Ivamy,Ruda Śląska,1996-12-24T01:32:25Z,Poland,rivamyof@unblog.fr,+48 (546) 960-3690
Toma,Shovlin,Kimberley,1960-01-16T03:06:00Z,Canada,tshovlinog@shinystat.com,+1 (828) 695-4789
Damien,McDonnell,Carcavelos,1982-02-09T21:15:04Z,Portugal,dmcdonnelloh@diigo.com,+351 (941) 799-3005
Duffy,Febry,Otyń,1965-12-02T19:27:53Z,Poland,dfebryoi@economist.com,+48 (169) 267-5971
Rafa,Simmill,Qiryat Yam,1968-05-12T14:03:45Z,Israel,rsimmilloj@sourceforge.net,+972 (850) 956-8966
Ronald,Lamond,Socorro,1966-04-09T03:32:53Z,Philippines,rlamondok@i2i.jp,+63 (748) 614-6510
Tatum,Wingfield,Nazaré,1961-10-11T12:19:15Z,Brazil,twingfieldol@google.de,+55 (510) 914-7664
Sherwynd,Ivanin,Mātli,1967-08-13T02:41:02Z,Pakistan,sivaninom@miitbeian.gov.cn,+92 (388) 492-3076
Cornela,Shankle,Krueng Luak,1955-03-14T12:08:44Z,Indonesia,cshankleon@cocolog-nifty.com,+62 (494) 615-2792
Zabrina,Augie,Loshnitsa,1970-05-14T09:56:43Z,Belarus,zaugieoo@amazonaws.com,+375 (265) 162-1634
Aryn,Clail,Oumé,1950-12-23T07:26:02Z,Ivory Coast,aclailop@netscape.com,+225 (392) 768-3867
Maud,Studdeard,Meru,1980-11-26T21:41:52Z,Kenya,mstuddeardoq@oaic.gov.au,+254 (325) 607-9282
Aleda,Konertz,Panshi,1957-02-17T02:17:07Z,China,akonertzor@ow.ly,+86 (704) 674-6941
Alvera,Crispin,Jarošov nad Nežárkou,1956-09-08T17:00:02Z,Czech Republic,,+420 (822) 356-5966
Fawn,Rykert,Gozdowo,1967-02-06T21:20:26Z,Poland,frykertot@sciencedirect.com,+48 (232) 879-5840
Ambros,Stovine,Tsagaanders,1998-09-22T08:19:10Z,Mongolia,astovineou@admin.ch,+976 (510) 977-5242
Leoine,Le Galle,,,,llegalleov@qq.com,
Tobey,Galvan,Macau,1963-09-17T05:19:51Z,Brazil,,+55 (911) 677-9596
Germain,Bliss,Saint David’s,1980-05-25T05:57:03Z,Grenada,gblissox@merriam-webster.com,+1 (667) 746-8451
Coral,Halliday,Nantes,1954-05-06T00:27:25Z,France,challidayoy@illinois.edu,+33 (974) 135-2184
Brendan,Brind,Quintã,1967-08-22T19:33:42Z,Portugal,,+351 (122) 438-9739
Zack,Isacke,Lae,1979-03-25T02:32:31Z,Papua New Guinea,zisackep0@ycombinator.com,+675 (180) 496-4251
Jesselyn,MacCroary,,,,,
Vaughan,Smitten,San Francisco,1959-10-24T20:31:08Z,Philippines,vsmittenp2@acquirethisname.com,+63 (201) 257-3750
Amalle,Sherland,Mogoditshane,1982-09-18T15:14:59Z,Botswana,asherlandp3@newyorker.com,+267 (372) 960-3644
Helaine,Monkleigh,San Pablo,1984-01-19T09:53:24Z,Peru,hmonkleighp4@fc2.com,+51 (555) 982-9506
Giovanna,Longlands,Balad,1990-05-16T14:23:22Z,Iraq,glonglandsp5@slashdot.org,+964 (865) 126-8317
Wallis,Simonnet,Bandar-e ‘Asalūyeh,1960-11-28T16:44:12Z,Iran,wsimonnetp6@engadget.com,+98 (559) 727-1130
Lulu,Tomney,KwaMbonambi,1952-08-16T18:17:45Z,South Africa,ltomneyp7@domainmarket.com,+27 (404) 991-1151
Ebenezer,Goward,Gainesville,1974-04-15T13:48:31Z,United States,egowardp8@flavors.me,+1 (352) 619-7893
Sharai,Earp,Nocaima,1953-03-01T10:58:54Z,Colombia,searpp9@google.co.jp,+57 (222) 433-1427
Lind,Theobalds,Bochum,1969-07-06T17:56:34Z,Germany,ltheobaldspa@list-manage.com,+49 (570) 374-8753
Carlynne,Crichmere,Taiping,1993-08-05T06:25:49Z,Malaysia,ccrichmerepb@spiegel.de,+60 (838) 292-2117
Arluene,Rands,Tococ East,1963-05-12T00:54:57Z,Philippines,arandspc@sfgate.com,+63 (577) 663-3161
Michell,Cawthorn,Krasnaya Polyana,1952-05-08T03:27:46Z,Russia,mcawthornpd@altervista.org,+7 (692) 366-7115
Myca,Worrell,Cincinnati,1958-12-04T04:45:32Z,United States,mworrellpe@time.com,+1 (513) 830-6846
Aurelia,Tuffield,Shimada,1969-08-29T18:54:32Z,Japan,atuffieldpf@google.com.br,+81 (600) 401-3493
Hamish,Dowdle,Jiaoshi,1970-01-10T08:05:54Z,China,hdowdlepg@unesco.org,+86 (818) 100-8249
Evelin,Cumberland,Chipaque,1997-03-22T22:02:36Z,Colombia,ecumberlandph@cargocollective.com,+57 (905) 626-0461
Joete,Lober,Pitogo,1950-01-17T05:06:21Z,Philippines,jloberpi@amazon.com,+63 (808) 701-6097
Krystle,Bloomer,Zhaobaoshan,1976-05-13T17:47:42Z,China,,+86 (998) 544-3784
Lindy,Jest,Loimaan Kunta,1957-04-08T07:12:19Z,Finland,ljestpk@networkadvertising.org,+358 (833) 349-7743
Rhett,Labba,Cigadog,1976-02-28T03:35:10Z,Indonesia,rlabbapl@histats.com,+62 (311) 236-6560
Muffin,Coull,,,,mcoullpm@umn.edu,
Dennet,Joire,Strum,1950-02-18T01:49:29Z,Albania,djoirepn@friendfeed.com,+355 (649) 600-0078
Tatum,Luten,Naze,1959-11-15T00:13:39Z,Japan,tlutenpo@wikispaces.com,+81 (680) 184-8226
Nickolas,Saylor,Vila Chã,1999-08-06T15:41:23Z,Portugal,nsaylorpp@sohu.com,+351 (421) 826-7729
Nigel,Hebbard,Sedati,1975-10-26T05:10:41Z,Indonesia,nhebbardpq@slideshare.net,+62 (270) 446-4882
Noelle,Donald,Turpo,1982-11-23T09:36:10Z,Peru,ndonaldpr@blogs.com,+51 (326) 597-8892
Cass,Kenington,Sakharovo,1966-01-12T15:28:17Z,Russia,ckeningtonps@rakuten.co.jp,+7 (441) 306-8115
Salem,Castille,Sumberkenanga,1998-02-13T04:10:34Z,Indonesia,scastillept@creativecommons.org,+62 (710) 437-2992
Tristan,Meadley,Tadotsu,1986-12-04T14:02:24Z,Japan,tmeadleypu@mozilla.org,+81 (114) 215-8684
Clareta,Dishmon,Formosa,1979-11-27T02:49:36Z,Brazil,cdishmonpv@businessinsider.com,+55 (509) 842-9013
Jacinthe,Ferriere,Sumberjo,1981-07-18T08:21:25Z,Indonesia,jferrierepw@plala.or.jp,+62 (579) 997-2451
Hayden,Feechum,,,,hfeechumpx@prnewswire.com,
Dalston,Conigsby,Jiyizhuang,1966-05-31T20:40:44Z,China,dconigsbypy@naver.com,+86 (261) 934-6197
Clementine,Inott,Fubin,1999-02-13T06:03:50Z,China,cinottpz@uiuc.edu,+86 (966) 626-2105
Misti,Bertholin,Awilega,1962-12-05T19:52:03Z,Indonesia,mbertholinq0@baidu.com,+62 (394) 413-5771
Shae,Alennikov,Biloxi,1978-04-15T14:10:02Z,United States,,+1 (228) 138-7064
Kimmy,Raddish,Kongoussi,1976-12-14T01:47:57Z,Burkina Faso,kraddishq2@discovery.com,+226 (600) 550-9629
Timothee,Autry,Balakhta,1966-04-30T00:14:06Z,Russia,tautryq3@csmonitor.com,+7 (461) 429-3013
Carny,Sheekey,Yatunpu,1957-05-28T04:33:57Z,China,csheekeyq4@wp.com,+86 (989) 162-2562
Diandra,Matthew,Fergana,1969-06-17T03:11:17Z,Uzbekistan,dmatthewq5@bizjournals.com,+998 (443) 373-1936
Evan,Bleue,San Agustín Acasaguastlán,1964-06-14T06:25:34Z,Guatemala,ebleueq6@time.com,+502 (223) 860-6841
Carmela,Bohje,Debeljača,1993-05-16T18:28:32Z,Serbia,cbohjeq7@abc.net.au,+381 (443) 976-2221
Hannis,Dyers,,,,hdyersq8@arizona.edu,
Hewe,Klimkin,Sukowidodo Barat,1952-02-17T01:03:05Z,Indonesia,hklimkinq9@usa.gov,+62 (668) 814-7878
Camey,Clem,Caballococha,1973-10-12T14:01:57Z,Peru,cclemqa@weebly.com,+51 (624) 208-1827
Sheela,Seedman,Vitez,1987-03-18T07:53:03Z,Bosnia and Herzegovina,sseedmanqb@delicious.com,+387 (546) 307-0772
Gifford,Bibbie,Kimovsk,1978-06-24T21:42:41Z,Russia,,+7 (539) 895-0055
Lammond,Cornils,Saint Augustine,1997-09-12T04:50:08Z,United States,lcornilsqd@deliciousdays.com,+1 (904) 839-0187
Gloriane,Dowzell,Sungsang,1986-12-17T09:56:50Z,Indonesia,,+62 (205) 523-7489
Faustina,Spadaro,San Mateo,1998-08-05T22:12:34Z,Philippines,fspadaroqf@weather.com,+63 (457) 385-1953
Gayla,Finci,Vardenik,1967-01-01T02:32:34Z,Armenia,gfinciqg@list-manage.com,+374 (386) 167-1620
Gerick,Thelwll,Pangpang,1961-03-26T19:24:33Z,Philippines,gthelwllqh@usa.gov,+63 (662) 835-6526
Boy,Sinderson,Al Ḩaffah,1956-02-29T08:32:32Z,Syria,bsindersonqi@wikipedia.org,+963 (802) 152-6520
Mortie,Rizzello,Batasan,1989-03-22T11:07:17Z,Philippines,mrizzelloqj@ustream.tv,+63 (402) 648-1539
Dix,Wilbud,Wleń,1953-07-07T03:36:50Z,Poland,dwilbudqk@google.com.au,+48 (897) 102-0312
Chlo,Andriveau,,,,,
Lenore,Favela,Tianya,1964-06-06T04:31:00Z,China,,+86 (789) 987-0625
Debora,Bonas,Hrvatini,1957-05-10T18:58:46Z,Slovenia,dbonasqn@topsy.com,+386 (591) 878-8753
Teador,Coward,Wārāh,1997-04-18T22:28:32Z,Pakistan,tcowardqo@techcrunch.com,+92 (545) 389-4999
Eleanora,Garrity,Sievi,1988-11-11T23:36:12Z,Finland,egarrityqp@discuz.net,+358 (215) 479-1689
Marcelline,Wedlake,Paragominas,1971-12-19T03:10:47Z,Brazil,mwedlakeqq@hp.com,+55 (464) 281-2375
Michel,Wootton,Daping,1984-01-15T17:00:49Z,China,mwoottonqr@imdb.com,+86 (442) 788-4342
Finley,Doxey,Peski,1959-04-21T01:41:43Z,Russia,,+7 (696) 228-3054
Danna,Ferdinand,Mingfeng,1996-02-16T04:14:15Z,China,,+86 (478) 965-2576
Maddy,Absolem,Kónitsa,1982-10-09T21:52:33Z,Greece,mabsolemqu@cbslocal.com,+30 (604) 830-2606
Aubry,Millott,Żelazków,1974-01-07T22:20:47Z,Poland,amillottqv@mozilla.com,+48 (731) 782-8642
Mayer,Siggers,Knoxville,1980-09-14T09:22:19Z,United States,msiggersqw@com.com,+1 (865) 943-7373
Ransom,Wallage,Jbaïl,1961-10-22T18:55:25Z,Lebanon,rwallageqx@digg.com,+961 (196) 935-0000
Idell,Pires,Okazaki,1993-06-14T02:05:01Z,Japan,ipiresqy@scribd.com,+81 (858) 157-0950
Gavrielle,Carlile,Jince,1952-08-12T18:18:14Z,Czech Republic,gcarlileqz@ning.com,+420 (707) 538-8564
Rori,Zaczek,,,,rzaczekr0@marriott.com,
Torey,Archbould,Nowa Góra,1976-02-27T10:14:19Z,Poland,tarchbouldr1@alibaba.com,+48 (378) 736-7261
Briney,Baffin,Nantes,1966-08-18T12:00:55Z,France,bbaffinr2@plala.or.jp,+33 (613) 614-4860
Dulcinea,Buddle,Al Mukallā,1964-06-24T20:04:50Z,Yemen,,+967 (739) 516-0460
Barty,Castellet,El Rosario,1994-10-15T06:30:44Z,Nicaragua,bcastelletr4@wisc.edu,+505 (755) 752-8005
Carlita,Chrstine,Longwood,1968-09-28T07:08:04Z,Ireland,cchrstiner5@shareasale.com,+353 (191) 418-3158
Amabelle,Pigford,Huizhai,1955-04-03T04:06:04Z,China,apigfordr6@abc.net.au,+86 (770) 529-7952
Gonzalo,Sheal,Petaling Jaya,1953-01-02T09:45:59Z,Malaysia,gshealr7@prweb.com,+60 (163) 796-4384
Lorianna,Beaufoy,Conchucos,1996-10-02T14:11:07Z,Peru,lbeaufoyr8@ask.com,+51 (476) 389-4413
Ximenez,Rigate,Aizkraukle,1972-05-21T02:54:45Z,Latvia,xrigater9@statcounter.com,+371 (879) 574-8071
Richardo,Silverthorne,Vanáton,1990-04-11T13:21:27Z,Greece,rsilverthornera@guardian.co.uk,+30 (152) 724-5091
Karney,Cowp,Labrang,1994-07-09T20:18:19Z,China,kcowprb@domainmarket.com,+86 (554) 896-7439
Benedicta,Shave,Sydney,1985-11-11T02:29:43Z,Australia,,+61 (621) 724-0596
Anthe,Brade,Ostrów Mazowiecka,1978-01-13T03:34:48Z,Poland,abraderd@artisteer.com,+48 (674) 979-1480
Aubry,Clevely,,,,,
Elli,Hembling,Tambovka,1998-04-05T20:05:49Z,Russia,ehemblingrf@gnu.org,+7 (273) 136-2784
Toma,Abbatt,Hostos,1963-01-14T16:10:04Z,Dominican Republic,tabbattrg@spotify.com,+1 (896) 739-3485
Bessie,Carlile,,,,bcarlilerh@amazonaws.com,
Ilka,Kenewel,,,,ikenewelri@fastcompany.com,
Albina,Pirot,Söderhamn,1992-02-09T04:57:29Z,Sweden,apirotrj@goodreads.com,+46 (790) 889-5732
Bartie,Cranham,Hebian,1993-10-05T00:35:44Z,China,bcranhamrk@sourceforge.net,+86 (951) 883-6644
Robbi,McKechnie,Ban Na Muang,1968-07-17T02:25:00Z,Thailand,rmckechnierl@biglobe.ne.jp,+66 (481) 486-5558
Orazio,Haresnape,Gojō,1961-01-01T04:26:20Z,Japan,oharesnaperm@free.fr,+81 (793) 295-8413
Danny,Gooms,Shifang,1993-02-20T05:33:42Z,China,dgoomsrn@indiatimes.com,+86 (116) 506-3643
Vinny,Osment,Soubré,1969-12-16T23:37:52Z,Ivory Coast,vosmentro@behance.net,+225 (684) 790-4046
Dominique,Whittet,Vamvakoú,1973-05-05T22:32:33Z,Greece,dwhittetrp@usa.gov,+30 (292) 825-2278
Annabel,Thome,Крушево,1985-07-15T15:54:15Z,Macedonia,,+389 (675) 618-3286
Joann,Lamshead,Selasari,1994-12-01T16:30:58Z,Indonesia,jlamsheadrr@t.co,+62 (687) 517-7878
