first_name,last_name,birth_place,birth_date,country_living_in,email,phone
Evan,Brando,Praia de Mira,27.08.1998,Portugal,ebrando0@wikia.com,+351-732-729-1537
Darrin,Wolfers,Anoek,10.09.1956,Indonesia,dwolfers1@ebay.co.uk,+62-675-889-0663
Nicholas,Rodnight,Talambung Laok,30.06.1961,Indonesia,nrodnight2@hibu.com,+62-633-152-0992
Caterina,Burchard,Puqi,21.01.1967,China,cburchard3@seesaa.net,+86-431-806-0007
Joel,Teodorski,,,,jteodorski4@discuz.net,
Trueman,Pierucci,Matagami,15.08.1978,Canada,tpierucci5@topsy.com,+1-536-929-4403
Daren,Deighan,Xiangshui,02.11.1992,China,,+86-559-474-1933
Alameda,Tuffrey,Stanley,22.06.1960,Falkland Islands,atuffrey7@theglobeandmail.com,+500-505-558-7956
Laraine,Mc Curlye,Nanfeng,11.11.1997,China,,+86-381-370-7876
Vail,Saddleton,Obolo-Eke (1),10.12.1985,Nigeria,vsaddleton9@cocolog-nifty.com,+234-124-986-2415
Kira,Portail,,,,kportaila@cocolog-nifty.com,
Papageno,Chung,La Sebala du Mornag,06.09.1963,Tunisia,pchungb@arstechnica.com,+216-126-944-0883
Bibby,Longmead,El Ángel,17.10.1959,Ecuador,blongmeadc@fda.gov,+593-619-625-9030
Yoshi,Rotge,Ranisoba,16.11.1969,Indonesia,,+62-892-740-0289
Gonzalo,Roughan,Langádhia,22.08.1969,Greece,groughane@jalbum.net,+30-637-812-4723
Luz,Briskey,General Ramírez,10.07.1978,Argentina,,+54-492-647-2684
Marrilee,Mynett,Duobao,01.12.1975,China,mmynettg@fda.gov,+86-130-620-3153
Emogene,Renvoys,Aparecida,08.06.1957,Brazil,,+55-350-695-1350
Myrtia,Rockcliffe,Gent,19.06.1984,Belgium,mrockcliffei@scribd.com,+32-497-797-8709
Hurleigh,Grouse,Nemby,11.05.1994,Paraguay,hgrousej@jiathis.com,+595-466-929-8947
Abbi,Kynett,Krajan,24.01.1989,Indonesia,,+62-631-291-6188
Brannon,Adamolli,Sambirobyong,20.06.1959,Indonesia,badamollil@house.gov,+62-663-888-9318
Dante,Brinicombe,San Juan de Planes,09.02.1995,Honduras,,+504-950-523-2656
Jody,Impy,Chengji,18.07.1961,China,jimpyn@dyndns.org,+86-861-182-8047
Halie,Dreus,Hüremt,14.11.1968,Mongolia,hdreuso@geocities.jp,+976-951-839-1949
Bennie,Stutely,Pliska,23.08.1955,Bulgaria,bstutelyp@utexas.edu,+359-612-840-5845
Andee,Marchand,Milán,14.06.1988,Colombia,amarchandq@reuters.com,+57-947-266-9459
Micheline,Churchyard,Krajan,03.01.1999,Indonesia,mchurchyardr@phoca.cz,+62-296-223-4325
Kare,Wasielewski,Iñapari,12.10.1957,Peru,kwasielewskis@kickstarter.com,+51-304-230-0960
Brennan,Mertin,Burujul,02.09.1956,Indonesia,bmertint@hatena.ne.jp,+62-866-649-1110
Evan,Twidle,Peimei,24.08.1989,China,,+86-552-985-0679
Stacie,Gunstone,Nashtā Rūd,27.04.1993,Iran,sgunstonev@ted.com,+98-935-704-4361
Ivett,Bingell,Telengsari,03.09.1956,Indonesia,ibingellw@livejournal.com,+62-774-561-4070
Sabine,Baptiste,Vinhais,12.03.1954,Portugal,sbaptistex@acquirethisname.com,+351-649-831-3126
Dario,Poytress,Zhili,03.04.1952,China,dpoytressy@cbsnews.com,+86-377-986-4754
Aleen,Garrett,Kebon,06.06.1998,Indonesia,agarrettz@jigsy.com,+62-974-360-5558
Samantha,Hayhoe,Hoçisht,08.05.1975,Albania,shayhoe10@bluehost.com,+355-659-825-8869
Edwina,Priditt,Quetta,26.05.1986,Pakistan,epriditt11@shareasale.com,+92-875-976-8860
Alberto,Easlea,,,,aeaslea12@imdb.com,
Kaiser,Sigward,Aoufous,17.04.1963,Morocco,ksigward13@cdbaby.com,+212-657-576-5801
Patsy,Legate,Łodygowice,22.04.1975,Poland,plegate14@usda.gov,+48-746-687-4598
Dame,Daspar,Zgłobień,04.05.1975,Poland,ddaspar15@xing.com,+48-352-941-3052
Tiphany,Abthorpe,Albuquerque,21.11.1969,United States,,+1-505-568-3778
Betti,Klosser,Chaman,26.11.1956,Pakistan,bklosser17@creativecommons.org,+92-100-512-7136
Belia,Gerriets,Cibeureum,15.04.1954,Indonesia,bgerriets18@umn.edu,+62-717-668-0136
Bili,Clara,Paris 10,20.12.1967,France,bclara19@free.fr,+33-823-922-1959
Victoir,Jansey,Gapyeong,10.08.1988,South Korea,vjansey1a@jigsy.com,+82-480-191-3820
Alessandra,Valenti,,,,,
Amos,Grinyakin,Steinkjer,11.01.1987,Norway,,+47-927-274-4830
Dunc,Guilloux,Chigorodó,27.06.1953,Colombia,dguilloux1d@google.com.hk,+57-444-544-1171
Petronille,Garforth,Nueva Arica,27.07.1958,Peru,,+51-227-865-8875
Tiena,Rainer,Reuleuet,10.12.1959,Indonesia,,+62-936-646-2844
Antoni,Sheards,Vilhelmina,11.05.1994,Sweden,asheards1g@mapquest.com,+46-658-171-4782
Hamilton,McCumesky,Zgornje Jezersko,08.03.1955,Slovenia,hmccumesky1h@t-online.de,+386-167-791-5428
Claybourne,Lamke,Yiánnouli,06.12.1956,Greece,clamke1i@w3.org,+30-981-635-8210
Claribel,Daily,Diaofeng,17.01.1995,China,cdaily1j@java.com,+86-919-529-8049
Charleen,Maberley,Calheta de Nesquim,18.07.1957,Portugal,cmaberley1k@google.es,+351-311-855-8361
Byrle,Caherny,Banatski Dvor,15.06.1999,Serbia,bcaherny1l@geocities.jp,+381-537-213-7488
Maegan,Spears,,,,,
Elfrida,Espinas,Llama,02.11.1981,Peru,eespinas1n@addthis.com,+51-598-646-3883
Korey,Castagnet,Boulaide,06.05.1991,Luxembourg,kcastagnet1o@zimbio.com,+352-431-878-5663
Brena,Cowope,Eldoret,08.03.1994,Kenya,,+254-477-926-5728
Ray,Yerson,Nogoonnuur,01.02.1966,Mongolia,,+976-264-749-0950
Fitzgerald,Scotchmer,Saint-Laurent-du-Var,13.06.1954,France,fscotchmer1r@china.com.cn,+33-952-355-4161
Brooke,Ratlee,Thị Trấn Na Sầm,31.07.1966,Vietnam,bratlee1s@comsenz.com,+84-767-813-0989
Gunilla,Spitell,Evinayong,11.12.1975,Equatorial Guinea,gspitell1t@wikimedia.org,+240-211-918-9107
Marjy,Fardoe,Ciawi,09.10.1990,Indonesia,,+62-726-981-2659
Thea,Pitkethly,Jinanten,16.09.1993,Indonesia,,+62-233-556-2894
Tabbi,Khotler,Rio das Pedras,10.04.1950,Brazil,tkhotler1w@china.com.cn,+55-431-594-0582
Jose,Perryman,Lendangara Satu,26.03.1959,Indonesia,,+62-528-993-0349
Johny,Browncey,Mendez-Nuñez,16.11.1994,Philippines,jbrowncey1y@tripadvisor.com,+63-673-442-2173
Danica,Linkleter,Březí,25.09.1984,Czech Republic,dlinkleter1z@tumblr.com,+420-896-178-8472
Ciro,Hartfleet,Solna,28.08.1988,Sweden,,+46-862-147-8600
Dottie,Pods,,,,dpods21@odnoklassniki.ru,
Almire,Aitcheson,Pompéu,29.08.1971,Brazil,aaitcheson22@cnbc.com,+55-337-468-7238
Carissa,Waggatt,La Cruz,31.12.1966,Costa Rica,cwaggatt23@123-reg.co.uk,+506-200-388-9918
Yvette,Joyes,Várzea de Sintra,09.08.1974,Portugal,,+351-619-331-4046
Ginnie,Narup,Majie,01.06.1996,China,gnarup25@miibeian.gov.cn,+86-880-632-8866
Kippar,Bayfield,Mir,14.08.1975,Belarus,kbayfield26@ox.ac.uk,+375-923-940-4537
Robbert,Hanstock,Jablonec nad Jizerou,28.02.1951,Czech Republic,rhanstock27@list-manage.com,+420-622-807-4073
Sofia,Hovell,Chengmagang,06.04.1964,China,shovell28@dyndns.org,+86-120-652-7859
Tonia,Ravel,Veyno,12.09.1974,Belarus,travel29@paginegialle.it,+375-178-567-4301
Nicolea,Tarburn,Maszkienice,13.10.1989,Poland,ntarburn2a@nature.com,+48-915-417-7946
Lucinda,Espinha,Zhutuo,13.08.1974,China,lespinha2b@thetimes.co.uk,+86-698-929-2103
Conny,Thurlbourne,Gaoyi,19.07.1984,China,cthurlbourne2c@ted.com,+86-369-405-8835
Marlene,Cobbold,Oslo,27.01.1951,Norway,mcobbold2d@dropbox.com,+47-464-463-1155
Halsey,Bauduin,Skelleftehamn,07.07.1993,Sweden,hbauduin2e@canalblog.com,+46-698-838-0361
Pamelina,Pridie,Bornu Yassu,03.04.1953,Nigeria,ppridie2f@fda.gov,+234-317-637-9443
Jory,Rickard,Paldit,09.01.1958,Philippines,jrickard2g@ocn.ne.jp,+63-210-670-2628
Gale,Oseland,Obikiik,08.06.1967,Tajikistan,goseland2h@dedecms.com,+992-104-834-5449
Pietrek,Eleshenar,Weston,09.02.1994,United Kingdom,peleshenar2i@amazon.co.jp,+44-106-930-7798
Sula,Wanka,Libon,09.09.1954,Philippines,swanka2j@so-net.ne.jp,+63-406-936-9899
Darb,Braniff,Sandnes,20.02.1983,Norway,,+47-897-627-8259
Pepillo,Loder,Ica,20.01.1960,Peru,ploder2l@state.tx.us,+51-571-924-6310
Layney,Artingstall,Bellavista,02.04.1972,Peru,lartingstall2m@vimeo.com,+51-215-747-2840
Rosemaria,Gatecliffe,Puzi,20.05.1999,China,rgatecliffe2n@ameblo.jp,+86-238-185-2050
Jeane,Hunday,Akademija (Kaunas),15.11.1995,Lithuania,jhunday2o@jiathis.com,+370-398-281-5547
Ernest,Rodenburgh,,,,erodenburgh2p@infoseek.co.jp,
Morna,Whitcombe,Tanghua,22.01.1978,China,,+86-695-349-9457
Ray,Dillicate,Alor Setar,13.10.1957,Malaysia,rdillicate2r@about.com,+60-833-554-4044
Lynde,Faragher,Lobuk,02.07.1961,Indonesia,lfaragher2s@nature.com,+62-423-354-3839
Tatiania,Woonton,Puerto Ayacucho,02.12.1950,Venezuela,twoonton2t@com.com,+58-945-864-0199
Abram,Phetteplace,Miramar,30.12.1956,Argentina,aphetteplace2u@nyu.edu,+54-550-660-3651
Samara,Domino,Zapolyarnyy,14.09.1994,Russia,sdomino2v@google.cn,+7-650-509-3557
Rhea,MacMearty,Chengdong,26.07.1979,China,rmacmearty2w@cafepress.com,+86-168-442-7484
Simeon,Jovic,Makurdi,27.02.1953,Nigeria,sjovic2x@seesaa.net,+234-150-323-6208
Roma,Fawthrop,Jinhua,19.03.1977,China,rfawthrop2y@hibu.com,+86-979-544-1170
Lek,Farthin,Liuji,01.12.1993,China,lfarthin2z@mayoclinic.com,+86-517-717-5393
Esther,Artin,Bledzew,12.12.1976,Poland,eartin30@vistaprint.com,+48-977-509-3850
Leoline,Moogan,Bābolsar,19.04.1975,Iran,lmoogan31@google.cn,+98-947-815-0409
Oliviero,McCrostie,San Marcos,15.12.1977,Mexico,omccrostie32@ed.gov,+52-756-644-9687
Eustacia,Emblem,Banepa,09.01.1991,Nepal,,+977-127-940-6961
Amble,Jaumet,Dengjiang,21.07.1975,China,ajaumet34@mtv.com,+86-322-790-6724
Arliene,Temperton,Steinfort,03.08.1963,Luxembourg,atemperton35@ebay.co.uk,+352-266-708-2878
Kristi,Blune,Morbatoh,03.03.1995,Indonesia,,+62-141-726-1976
Franchot,Hardson,Santa Lucia,04.05.1954,Philippines,fhardson37@naver.com,+63-983-391-3839
Fletcher,Hemerijk,Lab,01.06.1980,China,fhemerijk38@newyorker.com,+86-124-255-8369
Carmon,Fairall,Tianzishan,15.11.1976,China,cfairall39@goo.gl,+86-289-823-1153
Madalyn,Sambeck,Rokiciny,20.06.1997,Poland,msambeck3a@comsenz.com,+48-398-271-7554
Vaughan,Castelletto,Talavera,08.10.1972,Philippines,vcastelletto3b@prlog.org,+63-704-867-6710
Erminia,Sommersett,Los Angeles,13.11.1991,United States,esommersett3c@macromedia.com,+1-323-233-6412
Wallie,Proschek,San Francisco,02.12.1995,Philippines,wproschek3d@google.com,+63-419-499-1497
Giffard,Brewster,Yuli,14.02.1979,Nigeria,gbrewster3e@washington.edu,+234-717-167-9458
Emalia,Dumphries,Meilin,02.11.1978,China,edumphries3f@noaa.gov,+86-358-782-3208
Alleyn,Breydin,Albufeira,13.12.1981,Portugal,abreydin3g@bizjournals.com,+351-886-278-5636
Brigida,Cossentine,Guadalupe,23.03.1963,Mexico,bcossentine3h@github.com,+52-781-610-8582
Jon,Castilla,Tashang,26.07.1959,China,jcastilla3i@nps.gov,+86-440-512-0039
Booth,Danshin,Pelotas,20.11.1973,Brazil,bdanshin3j@paginegialle.it,+55-601-821-8315
Jojo,Jesper,,,,jjesper3k@topsy.com,
Noellyn,Foat,Isfahan,31.05.1974,Iran,nfoat3l@va.gov,+98-159-198-2541
Zorine,Seabridge,Huambo,08.05.1998,Peru,,+51-427-737-2472
Amie,Meade,Cibeunying,26.12.1966,Indonesia,ameade3n@whitehouse.gov,+62-481-751-5619
Neila,Yarwood,Abuko,07.12.1998,Gambia,nyarwood3o@vistaprint.com,+220-548-406-7208
Howey,Pickavant,Lubrza,04.03.1992,Poland,,+48-391-190-7112
Matthus,Fosten,Lospalos,21.08.1957,East Timor,mfosten3q@indiegogo.com,+670-499-109-4950
Dulciana,Gircke,Houston,23.02.1996,United States,,+1-713-476-6571
Hale,Halladey,Perjuangan,25.08.1998,Indonesia,hhalladey3s@weebly.com,+62-931-998-5269
Durward,Ewert,Pacanga,01.04.1952,Peru,dewert3t@prlog.org,+51-279-359-3945
Crystal,Camerana,Wenfeng Zhen,04.02.1984,China,ccamerana3u@w3.org,+86-458-666-8744
Bethanne,Elkington,Hữu Lũng,28.09.1970,Vietnam,,+84-682-901-4080
Evvie,Nerney,Lidzbark,13.07.1954,Poland,enerney3w@weebly.com,+48-876-496-2852
Gardie,Meddemmen,Baiyan,24.03.1950,China,,+86-436-191-8035
Fawne,Fairhurst,Bangkok,08.02.1985,Thailand,ffairhurst3y@com.com,+66-589-319-0938
Kinsley,Liston,Huesca,11.07.1956,Spain,kliston3z@buzzfeed.com,+34-656-417-6873
Thane,Penhale,Kobilje,20.11.1976,Slovenia,tpenhale40@networkadvertising.org,+386-514-464-6156
Dorelle,Wheatley,Catayauan,22.11.1974,Philippines,dwheatley41@joomla.org,+63-851-836-2705
Sue,Greenin,,,,sgreenin42@simplemachines.org,
Lenard,Addyman,Övertorneå,14.05.1979,Sweden,laddyman43@java.com,+46-750-128-6952
Bonny,Shawel,Wu’an,23.05.1961,China,bshawel44@wired.com,+86-235-801-8498
Johnna,Snailham,Zinder,02.07.1979,Niger,,+227-359-296-0864
Allin,Creany,Pasacao,17.11.1984,Philippines,acreany46@theglobeandmail.com,+63-414-325-8828
Fulvia,Storie,Lembang,07.09.1998,Indonesia,fstorie47@dell.com,+62-761-826-7202
Pooh,Burnard,Marseille,07.01.1973,France,pburnard48@engadget.com,+33-692-319-7009
Toby,Scamadine,Indulang,05.10.1975,Philippines,tscamadine49@domainmarket.com,+63-290-635-9047
Maximilian,Ferris,Mainz,29.07.1985,Germany,mferris4a@ovh.net,+49-338-274-0812
Lorenzo,Markus,Águia Branca,13.01.1987,Brazil,lmarkus4b@statcounter.com,+55-668-109-7563
Lucita,Prahl,Bosanski Šamac,23.12.1996,Bosnia and Herzegovina,lprahl4c@liveinternet.ru,+387-842-760-1817
Whitaker,Keedwell,Hartford,29.06.1957,United States,wkeedwell4d@furl.net,+1-860-123-7510
Galvin,Keilloh,Khoronk’,19.05.1994,Armenia,,+374-633-630-4687
Ingaborg,Jovanovic,Sendang,29.06.1953,Indonesia,ijovanovic4f@trellian.com,+62-576-846-8416
Maressa,Darrell,Arlington,31.07.1995,United States,mdarrell4g@ustream.tv,+1-571-514-8950
Amery,Mathissen,Castanheiro do Sul,25.03.1976,Portugal,amathissen4h@themeforest.net,+351-714-262-6487
Michaella,Monteath,Otuke,25.08.1981,Uganda,mmonteath4i@domainmarket.com,+256-664-271-4316
Ralina,Voase,Kacha,01.06.1950,Ukraine,rvoase4j@is.gd,+380-966-541-6066
Quintin,Beavis,Pingtian,13.10.1977,China,qbeavis4k@ovh.net,+86-545-378-5538
Stoddard,Feely,Changfu,12.02.1994,China,,+86-628-355-7030
Sigismund,Piwell,Kamiennik,21.10.1964,Poland,spiwell4m@abc.net.au,+48-501-858-0131
Mackenzie,Conradsen,Shchukino,23.05.1980,Russia,mconradsen4n@google.es,+7-358-526-5203
Towny,Rasper,Cimuncang,24.06.1992,Indonesia,trasper4o@opera.com,+62-256-910-6754
Portia,Magne,Larreynaga,01.11.1956,Nicaragua,,+505-659-555-6463
Isabel,Butt,Piet Retief,11.11.1971,South Africa,ibutt4q@tinypic.com,+27-543-751-7912
Leoline,Hamill,Bahay Pare,28.07.1953,Philippines,lhamill4r@usnews.com,+63-114-280-1995
Emory,Grindrod,Watergrasshill,17.02.1968,Ireland,egrindrod4s@businessinsider.com,+353-269-222-0256
Felike,Jepp,Kampen (Overijssel),28.02.1961,Netherlands,fjepp4t@columbia.edu,+31-733-663-7067
Berty,Van den Oord,Bambous Virieux,03.02.1961,Mauritius,bvandenoord4u@eepurl.com,+230-559-153-2527
Morena,Balbeck,Obryte,30.09.1992,Poland,mbalbeck4v@posterous.com,+48-158-451-6227
Valentino,Brittin,Shamva,20.04.1953,Zimbabwe,vbrittin4w@reference.com,+263-795-812-7533
Obadias,Tuddall,Kaeng Khro,26.10.1983,Thailand,otuddall4x@cbslocal.com,+66-809-984-1871
Phaedra,Muccino,Egvekinot,02.08.1954,Russia,pmuccino4y@globo.com,+7-161-634-1379
Zerk,Corrado,Julun,15.10.1980,China,,+86-462-515-2588
Robinet,Bashford,Capinzal,21.12.1962,Brazil,rbashford50@oaic.gov.au,+55-947-227-6567
Salomon,Peregrine,Oeleon,12.03.1997,Indonesia,speregrine51@goodreads.com,+62-994-504-8077
Gottfried,Levison,,,,glevison52@google.fr,
Nellie,Champkin,Mairana,07.02.1990,Bolivia,nchampkin53@google.ca,+591-908-656-0148
Ursulina,Draude,Johor Bahru,10.11.1994,Malaysia,udraude54@wikia.com,+60-172-923-2178
Bertine,Durie,Gaoxu,20.05.1986,China,bdurie55@jimdo.com,+86-459-167-7032
Sybila,Hackley,Munkedal,15.08.1998,Sweden,shackley56@geocities.com,+46-799-537-5754
Larina,Fleetham,Daja,14.04.1971,Indonesia,lfleetham57@intel.com,+62-464-298-9725
Derk,Cardis,Gaza,14.08.1968,Palestinian Territory,dcardis58@toplist.cz,+970-952-274-8642
Faina,Storry,Aleksinac,05.02.1955,Serbia,fstorry59@jiathis.com,+381-926-975-4941
Andi,Clynter,Tiepu,04.07.1959,China,aclynter5a@istockphoto.com,+86-572-596-0873
Carolee,Kordas,Makurdi,17.09.1975,Nigeria,ckordas5b@feedburner.com,+234-114-568-2000
Kaia,Georgiev,Sezures,23.02.1970,Portugal,kgeorgiev5c@mediafire.com,+351-417-590-8234
Morgun,Barme,Pochayiv,27.10.1978,Ukraine,mbarme5d@behance.net,+380-964-197-3925
Yuma,Maccrea,Rosso,05.06.1970,Senegal,ymaccrea5e@live.com,+221-699-722-8900
Fey,Bonn,Szubin,18.03.1999,Poland,fbonn5f@un.org,+48-656-643-3312
Gweneth,Cattemull,Borås,09.06.1975,Sweden,gcattemull5g@seesaa.net,+46-743-911-9595
Andrew,Teresa,Mirandopólis,26.11.1958,Brazil,,+55-362-565-7076
Brunhilda,Dimeloe,Bakersfield,11.05.1993,United States,bdimeloe5i@alexa.com,+1-805-212-0623
Duky,Dobrowlski,Embajador Martini,02.08.1972,Argentina,ddobrowlski5j@diigo.com,+54-436-146-0540
Julita,Easum,Trabulheira,25.02.1991,Portugal,jeasum5k@discuz.net,+351-147-269-0283
Joelie,Daily,Kumla,03.10.1954,Sweden,jdaily5l@theglobeandmail.com,+46-308-758-3117
Ysabel,Duffie,Popasna,19.10.1977,Ukraine,yduffie5m@howstuffworks.com,+380-456-365-9109
Dimitry,Celloni,Tchamba,07.06.1968,Togo,dcelloni5n@usa.gov,+228-815-177-6492
Lira,Baynton,Chyšky,14.04.1983,Czech Republic,lbaynton5o@shareasale.com,+420-682-781-4392
Nita,Gurden,Al Mazra‘ah,30.07.1993,Syria,ngurden5p@indiatimes.com,+963-822-692-5001
Rancell,Kilbourne,Qiashui,22.07.1959,China,rkilbourne5q@huffingtonpost.com,+86-670-944-0850
Kimmi,Cavie,Ipoh,27.10.1990,Malaysia,kcavie5r@ted.com,+60-252-900-8050
Seline,Grassin,,,,sgrassin5s@va.gov,
Wynne,Sultana,Fenhe,04.02.1969,China,wsultana5t@tuttocitta.it,+86-970-829-4217
Marris,Llewellyn,Weston,30.05.1953,United Kingdom,,+44-311-763-6343
Poul,Conti,Beima,06.08.1973,China,,+86-321-629-5343
Mariette,Llewellin,,,,mllewellin5w@newyorker.com,
Ruttger,Broxton,Victoria,17.03.1950,Grenada,rbroxton5x@nifty.com,+1-733-238-7259
Carson,Croisdall,Morant Bay,18.05.1981,Jamaica,ccroisdall5y@barnesandnoble.com,+1-923-329-9529
Janina,Souness,Santa Marcela,26.09.1962,Philippines,jsouness5z@bing.com,+63-867-367-5616
Cullan,Dover,Tisco,26.03.1988,Peru,,+51-313-245-0605
Melosa,Donaway,Turi,28.03.1990,Indonesia,mdonaway61@elpais.com,+62-544-212-5530
Shandee,Chark,Al Qārah,27.06.1971,Saudi Arabia,schark62@usgs.gov,+966-933-121-7251
Dallas,Northing,Vyksa,14.08.1965,Russia,dnorthing63@cafepress.com,+7-945-272-4029
Laurette,Leahey,Volta Redonda,08.09.1979,Brazil,lleahey64@fc2.com,+55-793-921-1083
Freeland,Hicken,Kampungraja,05.11.1965,Indonesia,,+62-672-775-6198
Cathe,Pollicott,Huyuan,22.11.1977,China,cpollicott66@edublogs.org,+86-676-774-0309
Chev,Shalliker,Vyborg,28.12.1967,Russia,cshalliker67@joomla.org,+7-701-237-0470
Morton,Leavesley,Banga,22.11.1958,Philippines,mleavesley68@g.co,+63-950-275-7337
Germayne,Goulston,Bang Rakam,07.04.1999,Thailand,,+66-201-807-1974
Orv,Hudd,Almada,03.01.1968,Portugal,ohudd6a@flavors.me,+351-260-168-2405
Kamillah,Kuhlen,Matara,21.11.1971,Sri Lanka,kkuhlen6b@whitehouse.gov,+94-979-128-8507
Steward,Atrill,Zhongling,08.08.1962,China,satrill6c@sogou.com,+86-687-216-5376
Nikki,Ezzell,,,,nezzell6d@cdc.gov,
Berty,Britcher,Watunggong,14.02.1953,Indonesia,,+62-249-297-0430
Artemis,Vannuchi,Shuangyuan,05.06.1969,China,avannuchi6f@wired.com,+86-648-222-6189
Graehme,Emmott,Turze Pole,08.07.1952,Poland,,+48-638-318-1087
Rodina,Trahair,Xianyuan,03.11.1969,China,rtrahair6h@cbslocal.com,+86-494-435-5963
Lewiss,Morland,,,,lmorland6i@creativecommons.org,
Forbes,Mirams,Semampir,08.03.1958,Indonesia,fmirams6j@cargocollective.com,+62-539-377-5352
Zondra,Foote,Tremembé,16.10.1959,Brazil,zfoote6k@cnbc.com,+55-928-828-7615
Moshe,Cannavan,Maganha,22.12.1990,Portugal,mcannavan6l@usnews.com,+351-941-560-7144
Melly,Reiling,Guangang,10.08.1974,China,mreiling6m@blogspot.com,+86-962-149-8585
Aloisia,Ledgister,Shuigou’ao,30.04.1950,China,,+86-699-796-6313
Ken,Heggs,Minggang,22.12.1997,China,kheggs6o@yahoo.com,+86-823-283-8449
Myrta,Antos,Gardanne,17.01.1978,France,mantos6p@mail.ru,+33-991-141-5379
Guillemette,Vassall,Białobrzegi,05.11.1982,Poland,gvassall6q@ning.com,+48-139-589-1413
Huberto,Frarey,Baoping,01.03.1951,China,,+86-626-267-6504
Lethia,Seabright,,,,,
Ethel,Mager,Tromsø,21.11.1999,Norway,emager6t@paypal.com,+47-719-302-0191
Katerine,Perelli,Qiancheng,18.02.1972,China,kperelli6u@wordpress.com,+86-220-655-9016
Jenna,Flatt,Kỳ Anh,10.12.1988,Vietnam,jflatt6v@tmall.com,+84-958-168-6147
Stacy,Danser,Pavia,03.04.1976,Portugal,sdanser6w@eventbrite.com,+351-982-554-2472
Horace,Ackers,Skövde,26.10.1998,Sweden,hackers6x@sakura.ne.jp,+46-202-296-5611
Micky,Jakobsson,Huacachi,20.09.1992,Peru,mjakobsson6y@hao123.com,+51-550-892-3175
Wiley,Shovelin,Bukonyo,08.04.1973,Tanzania,wshovelin6z@vistaprint.com,+255-992-766-8429
Dyan,Wakley,Deventer,01.10.1955,Netherlands,dwakley70@yahoo.co.jp,+31-676-521-4177
Clareta,Pusill,Dogonbadan,09.12.1980,Iran,cpusill71@army.mil,+98-817-703-6721
Adelind,Ugolini,Delft,15.05.1953,Netherlands,,+31-835-387-3254
Callie,Wilshere,Arsen’yev,15.08.1965,Russia,cwilshere73@scribd.com,+7-559-825-0497
Leese,Gonthier,Omuthiya,17.05.1953,Namibia,lgonthier74@wikipedia.org,+264-291-942-2291
Giorgia,Bortolutti,Bissen,19.02.1961,Luxembourg,gbortolutti75@friendfeed.com,+352-822-435-8160
Grenville,Cleife,Rybí,04.07.1998,Czech Republic,,+420-212-185-1139
Nadya,Kretchmer,Hernández,25.06.1972,Argentina,nkretchmer77@mozilla.com,+54-881-848-1852
Rockey,Palfreman,Kasungu,14.01.1980,Malawi,rpalfreman78@wikipedia.org,+265-305-878-3054
Bibi,Dingate,,,,,
Humfrey,Glynne,Situsari,21.07.1989,Indonesia,,+62-304-256-9943
Herb,Haggus,Napoli,09.02.1956,Italy,hhaggus7b@mail.ru,+39-201-953-6134
Graham,Sevin,Las Carreras,26.04.1988,Bolivia,gsevin7c@yahoo.co.jp,+591-355-288-8787
Rosalynd,Mercey,Rantauambacang,29.01.1980,Indonesia,rmercey7d@blogger.com,+62-653-779-9586
Sheilakathryn,Bouldon,Saltsjöbaden,25.01.1995,Sweden,,+46-648-981-8231
Ursala,Jouandet,Pirogovo,14.09.1996,Russia,,+7-323-634-7436
Abraham,Guilloneau,,,,aguilloneau7g@paypal.com,
Lenna,Apfelmann,Wrząsowice,28.10.1991,Poland,lapfelmann7h@amazonaws.com,+48-788-605-9402
Thoma,Baldock,Cibinong,19.04.1955,Indonesia,tbaldock7i@cnet.com,+62-380-122-2267
Cameron,Atwill,Roskoshnyy,20.04.1969,Ukraine,catwill7j@51.la,+380-977-927-5784
Marie-ann,Creamen,Gelgaudiškis,07.12.1993,Lithuania,,+370-601-413-7696
Priscilla,Yerrington,Ostrowsko,29.12.1971,Poland,,+48-784-290-5548
Carl,Cookney,Pondokaso,22.08.1976,Indonesia,ccookney7m@slideshare.net,+62-893-510-1152
Packston,Mathewes,,,,pmathewes7n@barnesandnoble.com,
Noak,Coffey,Cikuya,05.02.1963,Indonesia,ncoffey7o@ovh.net,+62-941-766-7821
Janeva,Newlin,Andop,06.05.1990,Philippines,jnewlin7p@oaic.gov.au,+63-168-471-7078
Caril,Gillhespy,Klayusiwalan,16.06.1965,Indonesia,cgillhespy7q@soup.io,+62-781-474-0524
Isa,Slides,São Martinho,22.10.1955,Portugal,islides7r@indiatimes.com,+351-712-161-4779
Garvey,Feyer,Caieiras,30.08.1981,Brazil,gfeyer7s@reuters.com,+55-654-377-6120
Arlyn,Soldi,,,,asoldi7t@github.io,
Freddie,Fernandes,Sundsvall,28.05.1954,Sweden,,+46-632-197-5669
Doy,Stellman,Abaza,12.03.1988,Russia,dstellman7v@senate.gov,+7-919-899-9991
Chrissie,Nashe,Tayabamba,28.01.1959,Peru,cnashe7w@squarespace.com,+51-996-588-1213
Spence,Ducket,Dębno,14.12.1984,Poland,sducket7x@360.cn,+48-617-654-5593
Gaynor,MacGahy,Sanchahe,16.05.1962,China,,+86-678-700-9563
Carole,Westrip,Pericik,13.10.1952,Indonesia,cwestrip7z@amazon.co.uk,+62-410-793-8236
Emlyn,Skitch,Losari,09.11.1991,Indonesia,eskitch80@example.com,+62-660-561-8651
Zeb,Leyband,Cumanacoa,02.07.1979,Venezuela,zleyband81@sitemeter.com,+58-324-165-8459
Nertie,Patel,Crato,08.06.1998,Brazil,npatel82@taobao.com,+55-389-950-5584
Maddalena,Fontenot,Chhātak,31.10.1993,Bangladesh,,+880-430-429-5272
Norina,Symons,Qingshanhu,01.06.1999,China,nsymons84@instagram.com,+86-749-777-7593
Brynn,Golsworthy,Hongtang,17.04.1950,China,,+86-296-814-9391
Rozanne,Parkey,Figueiras,05.08.1998,Portugal,rparkey86@toplist.cz,+351-949-717-8621
Bord,Tremblett,Kadengan,09.11.1984,Indonesia,btremblett87@bloomberg.com,+62-758-848-8968
Travers,Wyeld,Burayevo,08.10.1960,Russia,twyeld88@msu.edu,+7-837-946-8460
Derby,Klass,Aikmel,11.07.1976,Indonesia,,+62-595-930-3842
Chandler,Dransfield,Sorochuco,10.10.1986,Peru,cdransfield8a@ow.ly,+51-404-643-1120
Giovanna,Wicks,Jin’e,09.05.1978,China,gwicks8b@gizmodo.com,+86-127-192-4561
Pierson,Bruhnicke,Udon Thani,16.09.1974,Thailand,pbruhnicke8c@1und1.de,+66-361-963-8742
Roland,Chrichton,,,,rchrichton8d@ovh.net,
Aubine,Goodbarr,Buçimas,05.01.1956,Albania,agoodbarr8e@myspace.com,+355-878-645-9200
Care,Karpushkin,Yawata,31.12.1976,Japan,ckarpushkin8f@ucoz.ru,+81-574-474-7051
Kirbie,Gomez,Sabang,02.08.1989,Philippines,kgomez8g@discuz.net,+63-895-143-0122
Ilsa,Endicott,Albuquerque,21.10.1974,United States,iendicott8h@mapquest.com,+1-505-892-1385
Arabella,Allmark,Yantak,14.10.1986,China,aallmark8i@answers.com,+86-168-454-4649
Danna,Applegate,Mucurapo,30.09.1953,Trinidad and Tobago,dapplegate8j@upenn.edu,+1-469-848-0724
Clo,Casarili,Quellouno,14.08.1965,Peru,,+51-315-709-2558
Maggi,Sellens,Rinang,12.11.1963,China,msellens8l@dot.gov,+86-680-423-8276
Tove,Woodall,Ruyigi,25.03.1969,Burundi,twoodall8m@yahoo.co.jp,+257-606-130-5442
Kermie,Schoales,Calheta de Nesquim,09.02.1959,Portugal,kschoales8n@vimeo.com,+351-544-701-3942
Halette,Bainbrigge,Nakhodka,16.07.1988,Russia,hbainbrigge8o@friendfeed.com,+7-427-310-5930
Stavros,Hickenbottom,Port Erin,05.10.1985,Isle of Man,shickenbottom8p@baidu.com,+44-216-953-2224
Rubetta,De Wolfe,,,,rdewolfe8q@merriam-webster.com,
Ramon,Gumley,Tullich,19.03.1988,United Kingdom,rgumley8r@hhs.gov,+44-502-504-0309
Belvia,Mallinson,,,,bmallinson8s@wsj.com,
Hildegarde,Robens,Kadudampit,10.08.1980,Indonesia,hrobens8t@ucsd.edu,+62-443-340-2547
Curtis,Loache,Abū Tīj,24.05.1963,Egypt,cloache8u@merriam-webster.com,+20-454-435-6402
Lexy,Sommerly,Cibitung,07.08.1990,Indonesia,lsommerly8v@linkedin.com,+62-450-851-4290
Elston,Grayland,Thị Trấn Thuận Châu,16.06.1950,Vietnam,,+84-148-978-4456
Merrill,Demko,Santyoku,12.07.1953,South Korea,mdemko8x@fema.gov,+82-571-708-4485
Birch,Islip,Hamburg,19.08.1986,Germany,bislip8y@uol.com.br,+49-294-939-1201
Mordecai,Murty,Iradan,17.04.1967,Kyrgyzstan,mmurty8z@wordpress.com,+996-505-171-3272
Raimondo,Bonhome,Luokou,22.04.1974,China,,+86-303-145-5887
Cleveland,Farans,Pedrulheira,03.04.1974,Portugal,cfarans91@ycombinator.com,+351-379-205-2098
Renaud,Windless,Länsi-Turunmaa,14.12.1984,Finland,rwindless92@goodreads.com,+358-853-582-0015
Bibbye,Lyburn,Rossosh’,20.11.1954,Russia,,+7-392-172-7471
Ardath,Sands-Allan,Witihama,13.03.1958,Indonesia,asandsallan94@free.fr,+62-805-115-6840
Kayle,Folks,Jand,15.07.1992,Pakistan,kfolks95@xrea.com,+92-872-124-4341
Menard,Cleverley,,,,mcleverley96@storify.com,
Maud,Feares,Liuji,20.10.1977,China,mfeares97@state.gov,+86-821-677-8069
Shayne,Tours,Mojokerto,08.01.1994,Indonesia,stours98@shareasale.com,+62-325-583-6462
Poul,Kopps,Volta Redonda,02.04.1996,Brazil,pkopps99@is.gd,+55-427-880-5488
Penni,Vanyatin,Palompon,25.11.1981,Philippines,pvanyatin9a@bloomberg.com,+63-504-734-9999
Raine,Ikins,Krajan Rowokangkung,04.02.1969,Indonesia,,+62-979-631-8775
Daren,Costard,Szczecinek,30.06.1992,Poland,dcostard9c@hexun.com,+48-223-858-1994
Vite,Jarlmann,Satka,12.07.1952,Russia,vjarlmann9d@sciencedirect.com,+7-888-715-1912
Rupert,Stovold,Bęczarka,09.09.1994,Poland,rstovold9e@360.cn,+48-837-170-5377
Raychel,Tales,,,,rtales9f@linkedin.com,
Erina,Dami,Uhniv,04.03.1995,Ukraine,edami9g@blogger.com,+380-652-155-8834
Krysta,Coger,Vozuća,15.11.1950,Bosnia and Herzegovina,kcoger9h@twitter.com,+387-328-487-4925
Elsa,Collingdon,Maiac,24.01.1981,Moldova,ecollingdon9i@aol.com,+373-600-149-7660
Brian,Matthew,San Jose,09.10.1982,Philippines,bmatthew9j@yellowbook.com,+63-160-784-7019
Tristam,Blondell,Dębno,27.07.1996,Poland,tblondell9k@mapquest.com,+48-630-550-7266
Mureil,Baynom,Itapecuru Mirim,24.04.1991,Brazil,,+55-987-189-0856
Eachelle,Londer,Manga,13.03.1954,Philippines,,+63-199-143-3756
Donny,Bonsall,Petrópolis,07.05.1995,Brazil,dbonsall9n@cdc.gov,+55-353-504-3824
Gail,Brando,Radiměř,13.10.1965,Czech Republic,gbrando9o@google.pl,+420-930-831-2138
Giacinta,Blaxley,H̱olon,07.06.1952,Israel,gblaxley9p@wikipedia.org,+972-340-834-2207
Ned,Hughes,,,,nhughes9q@ehow.com,
Fayth,Squirrel,Borås,10.07.1959,Sweden,fsquirrel9r@gravatar.com,+46-750-747-6292
Monah,Jarrette,,,,,
Horatius,Aulds,Cileunyi,02.04.1973,Indonesia,haulds9t@businessweek.com,+62-582-474-1624
Verge,Skittle,Lugo,05.12.1990,Spain,vskittle9u@discuz.net,+34-924-781-6126
Kerwin,Beard,Yanping,26.11.1978,China,kbeard9v@sbwire.com,+86-110-696-2945
Lemmy,Yerrall,Xianshui,27.01.1959,China,lyerrall9w@toplist.cz,+86-286-216-4087
Gregor,Strodder,Sobradinho,06.06.1995,Brazil,gstrodder9x@cpanel.net,+55-280-642-8547
Guthry,Coon,Emiliano Zapata,19.07.1965,Mexico,gcoon9y@tripod.com,+52-882-359-0499
Tito,Beat,Harbour Breton,26.06.1956,Canada,tbeat9z@discovery.com,+1-919-905-1515
Jone,Paslow,Aiximan,22.08.1963,China,jpaslowa0@chronoengine.com,+86-705-165-9518
Harper,Teanby,Jiakexi,06.11.1999,China,hteanbya1@ucoz.com,+86-213-569-2788
Issiah,Asgodby,Bambas,16.12.1956,Peru,iasgodbya2@imgur.com,+51-539-107-4023
Sayers,Critchard,Nowy Dwór Mazowiecki,10.01.1964,Poland,scritcharda3@imdb.com,+48-708-179-0366
Alexandros,Pershouse,Gorki Vtoryye,12.06.1972,Russia,,+7-118-758-4098
Florette,Cavanaugh,Plewiska,05.05.1952,Poland,fcavanaugha5@smugmug.com,+48-352-434-3060
Gun,Sheehan,Rancabelut,21.12.1970,Indonesia,gsheehana6@google.nl,+62-620-380-3374
Gar,Ambroz,Zevenaar,25.03.1954,Netherlands,gambroza7@macromedia.com,+31-133-623-1593
Welbie,Bea,Atawutung,23.12.1989,Indonesia,wbeaa8@elpais.com,+62-407-609-4551
Ben,Hasnip,Toubao,23.06.1979,China,bhasnipa9@paypal.com,+86-621-405-0001
Gigi,Gabrieli,Bang Lamung,07.05.1952,Thailand,ggabrieliaa@sbwire.com,+66-783-913-3163
Nata,Balfour,Tajerouine,07.06.1961,Tunisia,nbalfourab@ucoz.ru,+216-500-895-8267
Virgil,Polamontayne,Maoqitun,19.01.1989,China,vpolamontayneac@tumblr.com,+86-467-738-5491
Lisha,Sleaford,Muxagata,27.05.1970,Portugal,lsleafordad@reference.com,+351-171-439-3953
Colman,Dunnan,Jaroměřice nad Rokytnou,31.08.1975,Czech Republic,cdunnanae@opensource.org,+420-610-411-9371
Carmina,Lehrian,Brniště,11.03.1991,Czech Republic,,+420-892-112-9521
Carly,Sheen,,,,csheenag@canalblog.com,
Bibbye,Carlow,Yuelai,27.06.1963,China,bcarlowah@dropbox.com,+86-411-149-5916
Ikey,Caplis,Čačinci,16.08.1972,Croatia,icaplisai@technorati.com,+385-122-978-5455
Martina,Kunzler,Okhansk,06.07.1957,Russia,mkunzleraj@cocolog-nifty.com,+7-241-818-5030
Almeda,Ahmad,,,,aahmadak@wunderground.com,
Sigismund,Orman,Purbalingga,03.12.1953,Indonesia,sormanal@histats.com,+62-689-446-7205
Isaac,Caldairou,Fradelos,23.01.1955,Portugal,,+351-548-918-9897
Rollins,Oglevie,Lasi Dua,20.04.1966,Indonesia,rogleviean@google.co.jp,+62-617-452-7544
Batsheva,Basnett,Zlechov,27.06.1972,Czech Republic,,+420-437-746-2911
Emmey,Hutcheon,Velika Kladuša,13.07.1959,Bosnia and Herzegovina,ehutcheonap@e-recht24.de,+387-197-794-4126
Buiron,Castanares,Arnaía,25.05.1951,Greece,bcastanaresaq@vimeo.com,+30-310-521-8811
Jo ann,MacMorland,Zaytā,28.07.1960,Palestinian Territory,jmacmorlandar@google.ru,+970-225-812-9041
Alana,Danbury,Kabare,26.11.1960,Indonesia,adanburyas@quantcast.com,+62-104-843-9159
Andras,Forson,Shunling,06.02.1974,China,aforsonat@tinypic.com,+86-997-538-8456
Pyotr,Townshend,Newcastle,20.02.1976,Saint Kitts and Nevis,ptownshendau@mit.edu,+1-570-265-4881
Brenden,Bilbrook,Dongtou,20.09.1983,China,bbilbrookav@pen.io,+86-151-196-3478
Cris,Whorall,Tibro,12.03.1995,Sweden,cwhorallaw@narod.ru,+46-635-218-2028
Fabio,Balaisot,‘Awartā,01.10.1984,Palestinian Territory,fbalaisotax@rediff.com,+970-161-408-4318
Adam,Odda,Lachute,25.06.1969,Canada,aoddaay@example.com,+1-752-410-6908
Abbie,Finding,Staraya Kulatka,21.08.1950,Russia,,+7-855-326-7983
Wallache,Cheyenne,Huolu,09.04.1970,China,wcheyenneb0@ca.gov,+86-297-568-3401
Reinhold,Storton,Weicheng,21.01.1987,China,rstortonb1@nyu.edu,+86-919-731-3858
Emmalee,Haylett,Lauro de Freitas,26.06.1974,Brazil,,+55-194-367-5801
Loni,Tower,Lutun,09.01.1951,China,,+86-251-978-0201
Fina,Ivanishchev,Pueblo Nuevo,04.08.1989,Peru,fivanishchevb4@foxnews.com,+51-527-515-3616
Johannah,Doumer,Aromashevo,24.02.1980,Russia,jdoumerb5@kickstarter.com,+7-607-940-3613
Curt,Greenough,Yujiawu,08.08.1966,China,,+86-487-908-8342
Dodie,Allon,Zacatecoluca,03.04.1994,El Salvador,,+503-701-907-9797
Staci,Syversen,Dallas,05.10.1975,United States,ssyversenb8@bbb.org,+1-214-756-5441
Kingsley,Attrill,Feng’an,25.05.1968,China,kattrillb9@loc.gov,+86-255-122-6553
Luther,Giorgiutti,Tanzhesi,18.06.1986,China,lgiorgiuttiba@jalbum.net,+86-835-627-5393
Craig,Frentz,Feicheng,25.06.1995,China,cfrentzbb@sciencedaily.com,+86-610-561-9260
Syd,Caselli,Palma De Mallorca,18.07.1950,Spain,scasellibc@joomla.org,+34-294-242-0618
Wat,Lilleycrop,Shouxihu,21.08.1977,China,wlilleycropbd@mediafire.com,+86-368-312-8795
Nelly,Renard,Sumbergedong,20.09.1975,Indonesia,nrenardbe@w3.org,+62-426-704-4228
Irita,Backhurst,Yako,01.07.1964,Burkina Faso,ibackhurstbf@redcross.org,+226-229-622-9098
Micky,Sember,Rāmsar,08.03.1986,Iran,msemberbg@webnode.com,+98-785-542-8749
Peggy,Trevett,Danchang,25.09.1969,China,,+86-946-620-1061
Lulu,Dunnaway,,,,ldunnawaybi@quantcast.com,
Camella,Thomelin,Sidi Smaïl,20.05.1969,Morocco,cthomelinbj@vimeo.com,+212-511-887-2597
Merridie,Ovendale,,,,movendalebk@delicious.com,
Claudie,Wickmann,Rejoyoso,06.02.1996,Indonesia,cwickmannbl@smh.com.au,+62-499-309-4410
Virgil,Emmott,Al Balyanā,06.03.1963,Egypt,vemmottbm@hatena.ne.jp,+20-868-774-8307
Pattie,Yole,,,,pyolebn@noaa.gov,
Ami,Veregan,Santa Luċija,14.02.1968,Malta,avereganbo@engadget.com,+356-449-530-0325
Abey,Couth,Tulihe,16.09.1958,China,acouthbp@miitbeian.gov.cn,+86-150-332-2872
Kendricks,Risebrow,Baixiang,13.09.1993,China,krisebrowbq@jigsy.com,+86-780-565-4275
Rayner,Froome,Andorinha,21.07.1986,Portugal,rfroomebr@harvard.edu,+351-463-854-5237
Malia,Ostler,Bosaso,19.10.1976,Somalia,mostlerbs@cbslocal.com,+252-518-839-4252
Lora,Dolley,Vila,08.10.1952,Portugal,ldolleybt@wisc.edu,+351-957-329-8333
Chicky,Carncross,Firmat,30.01.1981,Argentina,,+54-510-451-2696
Vannie,Lavall,Nuits-Saint-Georges,20.02.1994,France,vlavallbv@altervista.org,+33-985-890-3382
Gabey,Janas,Beruniy,23.01.1990,Uzbekistan,gjanasbw@example.com,+998-346-235-1309
Sigmund,Allner,Lianghe,09.09.1976,China,sallnerbx@yelp.com,+86-866-130-8707
Karoline,Briddle,Nytva,12.10.1983,Russia,kbriddleby@list-manage.com,+7-129-134-9418
Ransell,Barthrup,,,,rbarthrupbz@live.com,
Ag,Londesborough,Guandu,19.07.1971,China,alondesboroughc0@accuweather.com,+86-994-902-7734
Kingsley,Cunnah,Juanshui,11.06.1979,China,kcunnahc1@list-manage.com,+86-544-715-2179
Valma,Pavlovsky,Kengyuan,09.04.1963,China,vpavlovskyc2@jimdo.com,+86-150-411-4140
Onida,Gerrels,Xishanzui,01.03.1968,China,ogerrelsc3@youtube.com,+86-287-976-8718
Merrili,Sweynson,Angus,07.05.1967,Canada,msweynsonc4@odnoklassniki.ru,+1-711-259-0724
Vania,Farmar,Hengli,23.09.1994,China,vfarmarc5@prlog.org,+86-403-349-9198
Levon,Sallter,T’aebaek,27.07.1999,South Korea,,+82-971-507-0319
Lucas,Berndtsson,Nularan,24.05.1963,Indonesia,lberndtssonc7@php.net,+62-788-837-3037
Sonnie,Silverton,Chechenglu,17.10.1983,China,ssilvertonc8@vkontakte.ru,+86-268-877-1125
Goraud,Rouge,Magok,03.11.1953,Indonesia,grougec9@cpanel.net,+62-762-994-2447
Helena,Finicj,Santa Cristina Couto,26.09.1986,Portugal,hfinicjca@digg.com,+351-226-187-4101
Danell,Castrillo,Maastricht,26.06.1992,Netherlands,dcastrillocb@addthis.com,+31-735-467-8007
Beverlee,Prophet,Quintã,28.05.1976,Portugal,bprophetcc@nature.com,+351-875-518-0648
Remington,Knapton,KwaMbonambi,17.05.1994,South Africa,rknaptoncd@ucsd.edu,+27-364-616-8000
Dorris,Havile,Kungsbacka,17.05.1956,Sweden,dhavilece@soup.io,+46-496-562-8630
Micky,Footer,San Miguel,10.02.1958,Philippines,mfootercf@dagondesign.com,+63-232-848-4254
Yulma,Lonsbrough,Abū Ghaush,09.12.1951,Israel,ylonsbroughcg@parallels.com,+972-148-698-2235
Spenser,Coenraets,Uhryniv,06.12.1951,Ukraine,scoenraetsch@vkontakte.ru,+380-258-528-1717
Cass,O'Luby,Itu,04.08.1955,Brazil,colubyci@springer.com,+55-679-711-3180
Kari,Gilley,Yumani,15.10.1998,Bolivia,kgilleycj@discovery.com,+591-160-238-4253
Ernesta,Caley,Portet-sur-Garonne,21.10.1986,France,ecaleyck@dion.ne.jp,+33-991-871-1490
Starlin,Yurenin,Dhromolaxia,18.12.1953,Cyprus,syurenincl@weather.com,+357-186-514-8280
Lindy,Ganny,Alminhas,29.03.1998,Portugal,lgannycm@constantcontact.com,+351-563-131-1523
Giulia,Marris,Montaigu,04.11.1990,France,gmarriscn@google.com.br,+33-109-494-5399
Forbes,Blackhall,Bunobogu,23.07.1953,Indonesia,,+62-679-451-6513
Susette,Mallock,Kakamega,21.02.1958,Kenya,,+254-434-677-2881
Kerrin,Casaletto,Jieduo,29.03.1964,China,kcasalettocq@paginegialle.it,+86-965-356-2170
Antonetta,Attarge,Outeiro,19.11.1964,Portugal,aattargecr@imdb.com,+351-776-709-2988
Eduard,Beckerleg,Virolahti,15.07.1978,Finland,ebeckerlegcs@nbcnews.com,+358-604-147-1131
Drusie,Renyard,Aqsū,18.08.1981,Kazakhstan,drenyardct@senate.gov,+7-873-790-1703
Erminie,Spawton,Binzhou,08.02.1984,China,espawtoncu@youtu.be,+86-170-643-8014
Tripp,Dabel,Choloma,18.10.1981,Honduras,tdabelcv@elegantthemes.com,+504-638-507-7132
Dwight,Huggett,Atlanta,02.08.1972,United States,dhuggettcw@ow.ly,+1-404-170-7976
Muffin,Greste,Arani,24.05.1964,Bolivia,mgrestecx@skyrock.com,+591-667-823-8317
Anthiathia,Harsant,Tuqiao,14.02.1960,China,aharsantcy@studiopress.com,+86-433-291-0367
Nari,Beggi,Varakļāni,21.12.1984,Latvia,nbeggicz@seesaa.net,+371-478-812-3681
Augusto,Minchinden,Moste,27.04.1963,Slovenia,aminchindend0@pagesperso-orange.fr,+386-169-699-3661
Dyane,Bleby,Vinces,01.03.1952,Ecuador,dblebyd1@hexun.com,+593-761-548-3763
Jennilee,De Filippo,Pau,18.05.1989,France,,+33-852-138-2255
Dolores,Rosser,Changling,05.07.1951,China,,+86-763-676-8222
Mordecai,Villaret,Jielin,23.11.1979,China,mvillaretd4@ft.com,+86-241-471-9412
Korie,Jahn,Midland,26.10.1978,United States,kjahnd5@youku.com,+1-989-745-6922
Shane,Birts,Cibenda,20.11.1963,Indonesia,sbirtsd6@printfriendly.com,+62-179-430-7641
Ira,Yitzhakov,Sestroretsk,20.01.1963,Russia,iyitzhakovd7@hp.com,+7-995-755-1311
Aldis,Everingham,New Sibonga,25.07.1958,Philippines,,+63-248-449-3682
Chanda,Wattinham,Heling,01.10.1961,China,cwattinhamd9@flavors.me,+86-797-639-5165
Gordon,Venes,Eldama Ravine,20.10.1988,Kenya,,+254-926-345-4813
Lee,Sealey,Sobienie Jeziory,10.09.1990,Poland,lsealeydb@ycombinator.com,+48-445-867-3820
Lilian,Myrkus,Kirkland,30.11.1961,Canada,lmyrkusdc@alibaba.com,+1-447-893-8844
Tommi,Bartke,Guaçuí,22.09.1972,Brazil,tbartkedd@aboutads.info,+55-128-796-4655
Ruthy,Cirlos,Montecillo,28.07.1990,Philippines,rcirlosde@wikispaces.com,+63-273-538-7111
Leone,Andretti,Caluire-et-Cuire,26.03.1981,France,,+33-852-967-5800
Celeste,Harrow,Phichit,08.10.1994,Thailand,charrowdg@mayoclinic.com,+66-289-136-3430
Donalt,Spur,Lārkāna,18.05.1958,Pakistan,dspurdh@typepad.com,+92-877-469-0299
Horatius,Schwandner,Qiwen,29.11.1994,China,hschwandnerdi@people.com.cn,+86-889-385-8877
Wilbert,Nellen,Nový Hrozenkov,03.02.1998,Czech Republic,wnellendj@istockphoto.com,+420-987-109-6856
Gustavus,Fackrell,Haoguantun,16.06.1951,China,gfackrelldk@nba.com,+86-421-753-8996
Amie,Osan,Thị Trấn Thất Khê,13.08.1982,Vietnam,aosandl@chicagotribune.com,+84-181-642-2562
Rodrigo,Tabbernor,Bulahblangaro,20.09.1996,Indonesia,rtabbernordm@go.com,+62-852-591-8908
Becka,Huston,Wotan,25.05.1967,Indonesia,bhustondn@oracle.com,+62-261-233-9078
Holly,Lamar,Gaplokan,02.04.1977,Indonesia,,+62-885-778-2094
Lanni,Kynaston,Milltown,24.06.1983,Ireland,lkynastondp@patch.com,+353-563-700-5327
Edik,Wabey,Comrat,22.08.1982,Moldova,,+373-791-115-0165
Theo,McAlister,,,,tmcalisterdr@reddit.com,
Marshall,Worledge,Wucheng,31.12.1978,China,mworledgeds@hostgator.com,+86-695-524-9575
Shem,Ovell,Kotovsk,29.03.1990,Russia,sovelldt@prnewswire.com,+7-389-980-2710
Pavla,Iskower,Krasnomayskiy,04.11.1975,Russia,piskowerdu@google.nl,+7-277-467-7248
Bernadene,Wetherill,Kupino,08.10.1965,Russia,,+7-703-935-0698
Lissie,Stuck,Dvůr Králové nad Labem,05.01.1967,Czech Republic,lstuckdw@slate.com,+420-798-208-2970
Temple,Askey,Ambalavao,21.10.1997,Madagascar,taskeydx@reuters.com,+261-783-238-4079
Ramsay,Greenhalf,Bergvliet,22.11.1983,South Africa,rgreenhalfdy@blogtalkradio.com,+27-348-681-7807
Brandea,Tankard,Xitianwei,30.11.1973,China,btankarddz@europa.eu,+86-267-215-1470
Katherine,Stegel,Jiancheng,07.11.1989,China,,+86-501-504-8764
Forest,Kornilyev,Jiuhu,08.12.1978,China,fkornilyeve1@apache.org,+86-164-641-3959
Niles,Scorthorne,Selnica,15.05.1975,Croatia,nscorthornee2@youku.com,+385-209-368-2925
Lukas,Dyball,Capão da Canoa,17.02.1998,Brazil,ldyballe3@ca.gov,+55-500-801-8267
Netty,Hallas,Odintsovo,15.03.1983,Russia,nhallase4@stanford.edu,+7-108-436-6436
Byrann,Barnsdall,Muraloka,22.07.1969,Indonesia,bbarnsdalle5@indiatimes.com,+62-962-833-1123
Mac,Yukhnov,Al Bīrah,04.05.1995,Palestinian Territory,myukhnove6@omniture.com,+970-970-178-1504
Kathye,Standering,Jiguan,10.02.1961,China,kstanderinge7@booking.com,+86-890-264-1645
Kris,Forestall,Punolu,03.11.1968,Philippines,kforestalle8@chron.com,+63-238-988-9604
Alli,Addekin,Shiyaogou,18.06.1959,China,aaddekine9@nsw.gov.au,+86-531-347-4863
Bret,Bartleet,Pégeia,04.02.1985,Cyprus,bbartleetea@moonfruit.com,+357-641-856-7989
Wallis,Frend,Norashen,20.12.1966,Armenia,,+374-739-174-2720
Taber,Buxcey,Almeria,06.03.1953,Spain,tbuxceyec@youtu.be,+34-147-775-4709
Katina,Southcoat,Tríkala,08.10.1991,Greece,ksouthcoated@sohu.com,+30-874-834-6008
Albertine,Biggadyke,Al Qarārah,26.02.1952,Palestinian Territory,abiggadykeee@sciencedirect.com,+970-226-439-2614
Ilka,Lotherington,Chynów,22.09.1981,Poland,ilotheringtonef@histats.com,+48-969-407-8792
Cash,Suddards,København,05.07.1957,Denmark,csuddardseg@multiply.com,+45-455-775-4696
Gayleen,Piller,,,,gpillereh@ask.com,
Augustina,Conelly,,,,aconellyei@cpanel.net,
Rube,Quartermain,Guandu,16.06.1964,China,rquartermainej@mapy.cz,+86-365-686-8017
Nanny,Riddett,,,,nriddettek@upenn.edu,
Matthieu,Lagadu,Maseru,27.04.1997,Lesotho,mlagaduel@wikimedia.org,+266-495-766-2375
Rudyard,Broggio,Vyšší Brod,10.11.1953,Czech Republic,rbroggioem@dropbox.com,+420-689-805-6083
Brennen,Dunstall,Psary,20.04.1974,Poland,bdunstallen@exblog.jp,+48-443-115-3070
Zsazsa,Meo,Chợ Gạo,11.08.1962,Vietnam,,+84-186-822-2391
Richart,Cowin,Taibai,10.08.1979,China,rcowinep@upenn.edu,+86-967-794-1906
Michael,Sibylla,Bentengjawa,08.09.1978,Indonesia,msibyllaeq@gmpg.org,+62-579-110-8636
Mariann,Seson,Gar,26.10.1994,China,,+86-242-123-3388
Bear,Southern,Potok Złoty,03.07.1998,Poland,bsouthernes@slate.com,+48-511-909-8539
Hewe,Fehners,Mallow,12.05.1987,Ireland,hfehnerset@fda.gov,+353-931-178-4528
Fletch,Allon,Ciawitali,07.10.1973,Indonesia,falloneu@nationalgeographic.com,+62-852-101-6276
Gasper,Brettor,Seshcha,12.06.1995,Russia,gbrettorev@si.edu,+7-168-979-9449
Jobyna,Culy,Cimo de Vila,22.12.1982,Portugal,jculyew@google.es,+351-746-873-5096
Allianora,Gierke,Pursat,19.04.1975,Cambodia,agierkeex@apple.com,+855-105-770-3340
Traci,Stanislaw,Hronov,20.07.1994,Czech Republic,tstanislawey@sun.com,+420-540-435-2582
Elizabeth,Montes,Maunuri,10.12.1972,Indonesia,emontesez@feedburner.com,+62-794-753-6831
Binni,Sinnocke,Niquelândia,06.04.1990,Brazil,,+55-448-544-0690
Adrianne,Louw,Daloa,07.05.1995,Ivory Coast,alouwf1@cbc.ca,+225-718-642-0228
Kalil,Tynewell,Timbuktu,11.02.1996,Mali,ktynewellf2@bluehost.com,+223-821-630-6744
Irv,Tynewell,San Isidro,07.12.1984,Costa Rica,,+506-203-629-8259
Luisa,Pinnington,Sengkerang Tiga,30.07.1958,Indonesia,lpinningtonf4@discovery.com,+62-202-928-9470
Joyous,Whittlesea,Glyadyanskoye,01.07.1957,Russia,jwhittleseaf5@scribd.com,+7-280-333-2914
Paolina,Swynley,Urrao,10.02.1991,Colombia,pswynleyf6@tumblr.com,+57-987-924-0097
Waiter,Polo,Elías,21.05.1983,Colombia,wpolof7@blogs.com,+57-372-761-3815
Laurie,Antham,Fenglai,10.05.1971,China,lanthamf8@addtoany.com,+86-514-708-9679
Rurik,Stemson,Fatufaun,06.08.1977,Indonesia,rstemsonf9@salon.com,+62-152-780-3599
Barris,Heppenspall,,,,bheppenspallfa@canalblog.com,
Penn,Hamly,Galle,09.01.1973,Sri Lanka,phamlyfb@bizjournals.com,+94-807-591-1736
Auroora,Antonelli,Monastir,06.07.1996,Tunisia,aantonellifc@sciencedirect.com,+216-676-117-0076
Madalena,Kiehnlt,Pathum Thani,08.03.1993,Thailand,mkiehnltfd@ft.com,+66-281-179-8224
Rriocard,Kennelly,Gort,14.04.1999,Ireland,,+353-866-393-0920
Legra,Tregona,Mobara,09.09.1967,Japan,ltregonaff@devhub.com,+81-495-131-7705
Millicent,Beese,Dijon,14.12.1991,France,mbeesefg@cloudflare.com,+33-531-507-9308
Merle,Wickes,Verkhovyna,04.01.1979,Ukraine,mwickesfh@cbsnews.com,+380-158-395-9124
Martie,Belchambers,,,,mbelchambersfi@studiopress.com,
Lorin,Karle,,,,lkarlefj@sciencedirect.com,
Viviyan,Crauford,Pamyat’ Parizhskoy Kommuny,18.04.1988,Russia,,+7-316-178-2962
Roger,Ashenhurst,Ust’-Katav,24.09.1969,Russia,rashenhurstfl@noaa.gov,+7-801-787-0491
Erny,Crack,Comilla,06.02.1988,Bangladesh,ecrackfm@businessweek.com,+880-983-697-9217
Callean,Bellie,Póvoa do Valado,08.08.1967,Portugal,cbelliefn@paginegialle.it,+351-931-277-7729
Berget,Forcer,Bacong,20.02.1987,Philippines,,+63-648-227-1012
Denise,Roller,Ouésso,12.01.1986,Republic of the Congo,drollerfp@jigsy.com,+242-789-341-6608
Iorgo,Goggin,Guanzhou,05.07.1968,China,,+86-583-663-7145
Neall,Kindon,Erbil,29.06.1961,Iraq,nkindonfr@ehow.com,+964-162-264-8786
Asher,Neilan,,,,aneilanfs@economist.com,
Emlyn,Worling,Cerrillos,11.07.1978,Argentina,eworlingft@cocolog-nifty.com,+54-398-838-7987
Cookie,Stredder,Aravissós,23.01.1983,Greece,cstredderfu@dropbox.com,+30-987-255-7649
Ardenia,Spera,Krajan Dua Padomasan,19.10.1972,Indonesia,asperafv@weather.com,+62-622-290-1249
Liva,Cathel,Mardakyany,28.05.1950,Azerbaijan,lcathelfw@soup.io,+994-356-189-3982
Barby,Gipp,Kanluran,29.04.1987,Philippines,bgippfx@spotify.com,+63-500-199-4843
Hillary,Ordish,Mufulira,21.09.1997,Zambia,hordishfy@surveymonkey.com,+260-766-457-9832
Dougy,Yaknov,Druju,10.05.1956,Indonesia,dyaknovfz@si.edu,+62-205-937-5385
Katie,Agett,Buenos Aires,11.11.1968,Mexico,kagettg0@4shared.com,+52-933-798-7807
Bianka,Ough,Fujishiro,18.08.1968,Japan,boughg1@senate.gov,+81-143-718-0950
Riane,Bailiss,Verkhniye Kigi,20.09.1966,Russia,rbailissg2@theglobeandmail.com,+7-233-387-4472
Larry,Fyldes,Dhromolaxia,21.05.1988,Cyprus,lfyldesg3@sun.com,+357-247-437-1999
Andriana,Grabert,,,,,
Gwenni,Daborn,Jambuir Timur,28.02.1983,Indonesia,gdaborng5@mysql.com,+62-740-315-3132
Giustina,Goodbody,Sabon Gari-Nangere,07.04.1985,Nigeria,ggoodbodyg6@netscape.com,+234-342-745-6723
Marlo,Darcey,Yokosuka,24.06.1973,Japan,mdarceyg7@princeton.edu,+81-107-415-4308
Brew,Bing,Messina,16.06.1988,Italy,,+39-889-844-1542
Aprilette,Braunter,Xizhong,07.02.1984,China,abraunterg9@pcworld.com,+86-849-596-6812
Berkie,Rayman,Dian-ay,01.01.1958,Philippines,braymanga@hp.com,+63-369-360-3929
Diannne,Bullon,Jaga,18.05.1993,Indonesia,,+62-649-687-9075
Lizette,Maceur,Fort Wayne,17.12.1987,United States,,+1-260-707-1354
Charleen,Hutcheon,Arauá,04.11.1998,Brazil,chutcheongd@fda.gov,+55-167-718-2643
Gail,Archbould,Taiba,23.05.1963,China,garchbouldge@goo.ne.jp,+86-437-567-6977
Dieter,Hortop,Saguiaran,23.06.1975,Philippines,dhortopgf@ed.gov,+63-958-195-6605
Orv,Kain,Kraśnik,16.08.1978,Poland,okaingg@wikipedia.org,+48-647-517-9857
Kingsley,Cafferky,Kantemirovka,20.04.1981,Russia,kcafferkygh@wired.com,+7-772-157-6518
Garrett,Cicculini,Shuidong,03.06.1980,China,gcicculinigi@sciencedirect.com,+86-407-478-2391
Orrin,Harkins,Ramenki,25.02.1978,Russia,,+7-237-531-4038
Yoko,Defty,Heilangkou,09.10.1956,China,ydeftygk@reddit.com,+86-911-637-7921
Norene,Attwill,Ormstown,17.09.1989,Canada,nattwillgl@wikispaces.com,+1-477-922-8538
Bruno,Hudspeth,Sukarame,10.06.1963,Indonesia,bhudspethgm@histats.com,+62-331-816-9640
Lemmy,Shaw,Zambrów,10.02.1951,Poland,,+48-508-298-4136
Alica,McLafferty,Tomsk,13.03.1969,Russia,amclaffertygo@ning.com,+7-532-194-6788
Bernette,Gres,Golug,18.07.1959,China,bgresgp@slideshare.net,+86-988-557-3531
Leticia,Doelle,Chambéry,27.10.1984,France,ldoellegq@uiuc.edu,+33-342-767-1522
Babbette,Alasdair,Pucallpa,19.02.1988,Peru,balasdairgr@edublogs.org,+51-505-397-7628
Charissa,Lumby,Meaux,02.10.1970,France,clumbygs@theglobeandmail.com,+33-905-789-5201
Sly,Ilyasov,Hradec nad Moravici,14.05.1990,Czech Republic,silyasovgt@xing.com,+420-944-399-2281
Annice,Scripps,Yōkaichiba,17.07.1997,Japan,ascrippsgu@blogger.com,+81-648-490-6699
Wit,McKeighen,Antony,11.03.1982,France,wmckeighengv@wikispaces.com,+33-251-780-2325
Dewitt,Mordy,Sepekov,14.12.1978,Czech Republic,dmordygw@imgur.com,+420-935-323-5905
Rip,Bilyard,Mukacheve,03.12.1952,Ukraine,rbilyardgx@eventbrite.com,+380-946-230-0948
Renaud,Paolinelli,Chimen,20.02.1952,China,rpaolinelligy@mashable.com,+86-741-916-6634
Letisha,Aimeric,Koronadal,24.12.1976,Philippines,laimericgz@networksolutions.com,+63-219-200-0663
Abel,Lowe,Svetlyy,17.10.1987,Russia,aloweh0@webs.com,+7-826-633-3875
Stillmann,Donaghie,Changgai,02.03.1953,China,sdonaghieh1@cbsnews.com,+86-120-227-8092
Ward,Dohr,Mesopotam,05.01.1975,Albania,wdohrh2@netvibes.com,+355-935-347-7677
Tony,Allner,Bafoussam,01.06.1961,Cameroon,tallnerh3@sina.com.cn,+237-537-132-0862
Nelle,Dumbreck,Kiên Lương,04.06.1984,Vietnam,ndumbreckh4@icio.us,+84-374-348-1019
Morty,Beltzner,Slobodnica,08.11.1973,Croatia,mbeltznerh5@alexa.com,+385-621-793-1946
Lucille,Tiffany,Uppsala,11.06.1976,Sweden,ltiffanyh6@tuttocitta.it,+46-748-252-2198
Gretel,Sealove,Knoxville,13.09.1956,United States,gsealoveh7@mail.ru,+1-865-797-3459
Monro,Mattack,Gongyi,03.12.1980,China,mmattackh8@sciencedaily.com,+86-617-566-9681
Valry,Ludovici,Susoh,05.09.1961,Indonesia,vludovicih9@apache.org,+62-907-651-6256
Devina,Aubray,Bhiria,05.07.1984,Pakistan,daubrayha@dropbox.com,+92-867-693-5364
Lawrence,Boyford,Verkhniy Mamon,08.09.1986,Russia,lboyfordhb@state.gov,+7-766-437-4713
Auguste,Cleator,Holoubkov,25.07.1993,Czech Republic,acleatorhc@redcross.org,+420-503-885-3804
Cordelie,McGuggy,Khairpur Nathan Shāh,02.01.1958,Pakistan,cmcguggyhd@vimeo.com,+92-726-875-8786
Sydelle,Lemery,Robatal,22.11.1969,Indonesia,slemeryhe@csmonitor.com,+62-712-713-5873
Branden,Baggarley,,,,bbaggarleyhf@senate.gov,
Haily,Goncalo,Subaykhān,11.03.1994,Syria,,+963-920-489-3493
Ilise,Little,Gorey,15.11.1989,Ireland,ilittlehh@geocities.com,+353-588-938-4197
Jayson,Cluatt,,,,jcluatthi@soundcloud.com,
Kandace,Koeppe,Kemlya,16.04.1984,Russia,,+7-517-706-4116
Anson,Woodward,,,,awoodwardhk@webmd.com,
Benny,D'Ugo,Katsikás,16.08.1981,Greece,bdugohl@feedburner.com,+30-684-101-2455
Morty,Brownscombe,Palmeiros,18.02.1971,Portugal,mbrownscombehm@etsy.com,+351-621-252-2671
Davy,Minghi,Sukoanyar,03.04.1980,Indonesia,,+62-974-947-6873
Malcolm,Cuffe,Landskrona,08.06.1995,Sweden,,+46-480-514-4857
Thaine,Derges,Sollefteå,29.10.1987,Sweden,tdergeshp@friendfeed.com,+46-776-457-4888
Talbot,Braime,Pujilí,29.09.1980,Ecuador,tbraimehq@flickr.com,+593-132-676-9568
Odo,Silby,Teresina,24.12.1960,Brazil,osilbyhr@mysql.com,+55-273-223-3856
Breanne,Leynton,Gulu,28.03.1975,Uganda,bleyntonhs@bbc.co.uk,+256-544-968-3632
Wynne,Realff,Huertas,06.01.1989,Peru,wrealffht@rakuten.co.jp,+51-226-161-6990
Gretchen,Dutson,Péfki,22.03.1992,Greece,gdutsonhu@apple.com,+30-486-574-7703
Palmer,Zamorrano,Żychlin,20.04.1991,Poland,pzamorranohv@blogs.com,+48-811-855-8017
Winnie,Orton,MacArthur,29.05.1987,Philippines,wortonhw@altervista.org,+63-338-694-0364
Aaren,Lissenden,Cafe,03.01.1979,Philippines,alissendenhx@usnews.com,+63-359-241-7097
Maire,Atyeo,Cumanayagua,24.11.1968,Cuba,matyeohy@jugem.jp,+53-385-659-5945
Wilma,Burkill,Sankoutang,21.08.1955,China,wburkillhz@bizjournals.com,+86-524-661-3638
Lilah,Phalip,Tangquan,19.01.1953,China,lphalipi0@github.com,+86-565-658-8992
Kare,McElwee,,,,kmcelweei1@biglobe.ne.jp,
Chrystel,Haselgrove,Pajaten,19.09.1969,Indonesia,chaselgrovei2@istockphoto.com,+62-763-252-2791
Taddeo,Siegertsz,Dok Kham Tai,11.09.1958,Thailand,tsiegertszi3@mysql.com,+66-860-477-9735
Milly,Kielty,Lawesigalagala Timur,10.08.1981,Indonesia,mkieltyi4@studiopress.com,+62-994-984-1126
Sandor,Deners,Akkol’,15.11.1964,Kazakhstan,sdenersi5@hostgator.com,+7-698-843-1978
Koo,Wahlberg,Dampol,01.02.1986,Philippines,kwahlbergi6@redcross.org,+63-389-548-3282
Nathalia,Inglesant,Trondheim,30.11.1960,Norway,ninglesanti7@usgs.gov,+47-266-547-1787
Pepito,Marder,Bun Barat,03.07.1991,Indonesia,pmarderi8@forbes.com,+62-282-661-8625
Somerset,Braganza,Skien,28.08.1955,Norway,sbraganzai9@chron.com,+47-145-896-0451
Flori,Danhel,Shuidun,06.08.1994,China,fdanhelia@mapy.cz,+86-941-669-3275
Gert,Napton,Grabica,09.02.1950,Poland,gnaptonib@merriam-webster.com,+48-984-820-3386
Vasilis,Faircloth,Samannūd,28.01.1993,Egypt,vfairclothic@cyberchimps.com,+20-979-604-2618
Mateo,Pietruschka,Cevicos,27.01.1983,Dominican Republic,,+1-597-155-4598
Gavrielle,McCalum,Petkovci,28.09.1956,Bosnia and Herzegovina,gmccalumie@techcrunch.com,+387-685-207-1502
Carmel,Duthie,Kalipucang,06.04.1966,Indonesia,cduthieif@addthis.com,+62-317-852-7793
Corabelle,Onslow,Binglincha,02.06.1952,China,conslowig@ebay.co.uk,+86-954-226-4588
Kenn,Dowker,,,,kdowkerih@vimeo.com,
Mahmoud,Duerdin,Majennang,29.02.1992,Indonesia,mduerdinii@vkontakte.ru,+62-727-421-9480
Eb,Veillard,Ipoh,17.04.1977,Malaysia,eveillardij@toplist.cz,+60-896-704-3976
Felicdad,Sutlieff,Abeokuta,20.08.1999,Nigeria,fsutlieffik@etsy.com,+234-782-617-4371
Damian,Looks,Santa Luzia,03.04.1965,Portugal,dlooksil@independent.co.uk,+351-205-386-7490
Orrin,Downer,Capanema,25.11.1996,Brazil,odownerim@exblog.jp,+55-217-979-0146
Gauthier,Staff,Plaza de Caisán,20.08.1954,Panama,gstaffin@eepurl.com,+507-879-884-1726
Cesare,Elbourn,Kalidawe,25.07.1966,Indonesia,,+62-580-540-3343
Chrissie,Ranklin,,,,cranklinip@bandcamp.com,
Raynard,Schanke,Yihe,26.09.1956,China,rschankeiq@pinterest.com,+86-640-953-3185
Bernita,Perceval,Bolgar,28.07.1972,Russia,bpercevalir@harvard.edu,+7-364-536-0808
Nicoli,Wheildon,La Condamine,22.09.1981,Monaco,,+377-390-740-0169
Sioux,Shrubsall,Dzhalka,15.12.1995,Russia,sshrubsallit@wisc.edu,+7-531-912-7682
Spense,Seilmann,Meïganga,05.10.1974,Cameroon,sseilmanniu@purevolume.com,+237-532-945-6446
Rosemonde,Ludron,Ulaan Khat,15.08.1984,Mongolia,rludroniv@github.io,+976-515-675-9228
Filberto,Blackmuir,Hînceşti,06.11.1969,Moldova,fblackmuiriw@wired.com,+373-786-563-8728
Wally,Daubney,Curumaní,27.02.1979,Colombia,wdaubneyix@hhs.gov,+57-504-949-6907
Cyril,Costen,Chagang,26.04.1991,China,,+86-338-252-8058
Ingeborg,Reed,Tenjolaya,13.12.1981,Indonesia,ireediz@cdbaby.com,+62-646-734-2584
Marylinda,Cheke,Zhenlong,26.04.1953,China,mchekej0@un.org,+86-435-226-2010
Fax,Ben-Aharon,Íos,09.06.1982,Greece,fbenaharonj1@msu.edu,+30-991-823-5949
Renato,Phelp,Hengdian,03.06.1994,China,rphelpj2@cbsnews.com,+86-783-717-9478
Trent,Meanwell,Piracuruca,04.06.1982,Brazil,tmeanwellj3@google.es,+55-402-782-7230
Carly,Scrigmour,Kelo,28.08.1950,Chad,cscrigmourj4@ibm.com,+235-576-562-7507
Van,Brazer,Zhonghechang,13.11.1954,China,,+86-109-287-4922
Felipa,Mattke,Nybro,09.06.1980,Sweden,fmattkej6@furl.net,+46-474-538-3660
Euphemia,Koppeck,Bonnyville,27.08.1981,Canada,ekoppeckj7@state.gov,+1-708-930-4109
Calhoun,Sprason,Sagana,05.09.1954,Philippines,csprasonj8@bing.com,+63-359-649-4455
Deidre,Alves,Kentongan,21.09.1993,Indonesia,dalvesj9@trellian.com,+62-646-460-9322
Maxy,Mcsarry,Uddiawan,21.08.1969,Philippines,mmcsarryja@jugem.jp,+63-275-897-2066
Deidre,Meininking,Beauvais,23.08.1993,France,,+33-884-537-7641
Troy,Ritmeier,Trâu Quỳ,04.03.1959,Vietnam,tritmeierjc@techcrunch.com,+84-631-249-1713
Amy,Heinsh,Karangasem,01.01.1969,Indonesia,,+62-878-632-3796
Ally,Wrefford,Cabaiguán,13.03.1993,Cuba,awreffordje@youtube.com,+53-635-677-6570
Ugo,Comino,Bendo,24.04.1979,Indonesia,ucominojf@cnet.com,+62-733-372-3809
Urbano,Dietsche,,,,udietschejg@google.nl,
Gregorius,Filipychev,Pran Buri,21.09.1979,Thailand,gfilipychevjh@list-manage.com,+66-501-408-7580
Wendi,Galvin,Duwaktenggi,05.07.1975,Indonesia,wgalvinji@usda.gov,+62-816-392-7019
Amber,Mallam,Hanjia,11.02.1961,China,amallamjj@people.com.cn,+86-400-604-5958
Edward,Raffan,,,,eraffanjk@google.ca,
Alameda,Menham,Bumbuna,29.03.1994,Sierra Leone,amenhamjl@unblog.fr,+232-708-951-2741
Josias,Driver,Soutelo,01.12.1967,Portugal,,+351-902-515-6729
Waylin,Basketfield,Budapest,05.12.1978,Hungary,,+36-814-747-1229
Piggy,Dachs,Antony,12.04.1974,France,,+33-922-432-5975
Justina,Jarrel,Debrzno,28.02.1978,Poland,jjarreljp@reddit.com,+48-333-628-0813
Hendrick,Skoggings,Padas,12.08.1984,Indonesia,hskoggingsjq@dmoz.org,+62-606-509-8455
Francis,Tuohy,Xinhe,06.09.1968,China,,+86-632-549-4196
Freddie,Golden of Ireland,,,,fgoldenofirelandjs@huffingtonpost.com,
Winifred,Brownett,Liufeng,12.05.1965,China,wbrownettjt@tiny.cc,+86-647-157-2190
Neale,Mowle,Paris 11,18.11.1971,France,nmowleju@a8.net,+33-804-501-7226
Jae,Cutbirth,Novomoskovsk,07.11.1950,Russia,jcutbirthjv@skype.com,+7-731-746-6207
Skylar,Whitwood,Tagbina,26.10.1951,Philippines,swhitwoodjw@hostgator.com,+63-153-913-8800
Elwira,Zealander,Mendoza,06.02.1998,Peru,ezealanderjx@arizona.edu,+51-570-979-5049
Eilis,Keirle,Saint-Pierre,11.02.1950,Reunion,ekeirlejy@amazon.de,+262-994-803-0665
Bink,Hatch,Parreira,27.11.1995,Portugal,bhatchjz@pbs.org,+351-426-267-9250
Hilary,Keaysell,Longtanhe,19.09.1988,China,hkeaysellk0@hubpages.com,+86-447-617-1560
Jeniffer,Plevey,Qingchuan,31.12.1951,China,,+86-943-609-0274
Kylie,Michelotti,Obanazawa,03.04.1951,Japan,kmichelottik2@squidoo.com,+81-240-808-9622
Donica,Swainsbury,Bŭstonqal’a,09.01.1992,Tajikistan,dswainsburyk3@prnewswire.com,+992-905-925-9908
Basilio,Shevlan,Lameiras,11.06.1997,Portugal,bshevlank4@senate.gov,+351-980-324-3376
Vladamir,Drabble,Hongsipu,06.06.1953,China,vdrabblek5@free.fr,+86-188-964-7054
Casey,Chetwynd,Licheng,14.06.1963,China,,+86-291-265-7965
Alfy,Clew,Jiancheng,07.06.1990,China,aclewk7@opera.com,+86-964-550-5743
Ailyn,MacAnellye,Liubo,13.07.1979,China,amacanellyek8@deliciousdays.com,+86-215-221-3496
Garrot,Eakle,Aībak,19.02.1993,Afghanistan,geaklek9@bbc.co.uk,+93-659-571-6543
Sonnnie,Trenholme,Guanmian,18.07.1990,China,strenholmeka@bizjournals.com,+86-763-141-7953
Leticia,Garett,Sokolovo,08.09.1954,Russia,lgarettkb@mayoclinic.com,+7-830-315-2459
Catherina,Dell Casa,Chang’an,29.09.1989,China,cdellcasakc@telegraph.co.uk,+86-414-738-8406
Dorey,Rutledge,Sibiti,16.10.1954,Republic of the Congo,drutledgekd@dedecms.com,+242-287-881-5264
Gunner,Frostdyke,Tangyu,25.07.1989,China,gfrostdykeke@google.co.uk,+86-997-868-7700
Karissa,Yeulet,Tambilil,19.09.1981,Philippines,kyeuletkf@g.co,+63-430-690-6249
Inesita,Furst,Pontes,13.07.1982,Portugal,ifurstkg@diigo.com,+351-463-270-6813
Damian,Tie,Anadia,04.09.1957,Portugal,dtiekh@scientificamerican.com,+351-997-894-2894
Nedda,Lawey,Kebonagung,05.01.1979,Indonesia,nlaweyki@yelp.com,+62-133-254-1311
Sascha,Arnowitz,Krasnapollye,25.10.1964,Belarus,sarnowitzkj@youtube.com,+375-128-720-0572
Ashley,Clemencon,Quipot,28.04.1971,Philippines,,+63-345-431-8894
Lyndell,Giannasi,Kostanay,01.07.1989,Kazakhstan,lgiannasikl@abc.net.au,+7-830-816-1968
Adrien,Telezhkin,Kario,25.02.1975,Pakistan,atelezhkinkm@youku.com,+92-723-210-4872
Vicki,Menelaws,Périgny,10.04.1998,France,vmenelawskn@scribd.com,+33-594-551-2581
Orsa,Benton,Warburton,10.08.1988,Pakistan,obentonko@ted.com,+92-768-818-2758
Timofei,Saturley,Dagang,02.07.1958,China,,+86-649-545-9754
Cullen,Whitwell,Vanves,31.05.1987,France,cwhitwellkq@smh.com.au,+33-319-870-4673
Valerie,Giorgi,Ngepoh Kidul,19.03.1950,Indonesia,vgiorgikr@spotify.com,+62-867-744-3514
Alida,Webber,Coronel Vivida,30.09.1985,Brazil,awebberks@mayoclinic.com,+55-724-254-7235
Tatiana,Vyel,Yelan’,17.10.1991,Russia,tvyelkt@goo.gl,+7-271-665-0139
Celene,Mathewson,Sarkand,01.03.1962,Kazakhstan,cmathewsonku@skype.com,+7-281-169-2235
Linnell,Hardaway,,,,lhardawaykv@arstechnica.com,
Dionysus,Creelman,Khānewāl,08.08.1989,Pakistan,dcreelmankw@dot.gov,+92-245-478-1827
Lisa,Walkington,Zarya,12.04.1992,Ukraine,lwalkingtonkx@yellowpages.com,+380-983-753-3323
Clayborne,Shord,Ucluelet,22.02.1979,Canada,cshordky@ihg.com,+1-575-602-4812
Marlow,Kosiada,Gävle,27.11.1962,Sweden,mkosiadakz@paypal.com,+46-524-142-4118
Jorgan,Lamswood,Bergamo,30.06.1982,Italy,jlamswoodl0@ft.com,+39-537-226-5488
Rand,Barbosa,,,,rbarbosal1@bigcartel.com,
Rhodie,Fitzpayn,Ruteng,10.11.1979,Indonesia,rfitzpaynl2@omniture.com,+62-813-148-7147
Wanda,Godfroy,Richmond,15.12.1982,United States,wgodfroyl3@usa.gov,+1-804-884-5940
Sascha,Markham,Voždovac,22.12.1976,Serbia,,+381-488-811-7869
Barbra,Jayume,Hongch’ŏn,01.09.1981,South Korea,bjayumel5@buzzfeed.com,+82-350-661-3854
Dwight,Klas,Sukamenak,20.09.1955,Indonesia,dklasl6@shareasale.com,+62-767-745-2725
Anissa,Lesaunier,Liangshan,27.01.1983,China,alesaunierl7@macromedia.com,+86-204-729-2190
Jerry,Toone,Mayong,20.02.1969,China,jtoonel8@va.gov,+86-508-122-1517
Angy,Cockarill,Del Monte,07.11.1992,Philippines,acockarilll9@desdev.cn,+63-809-580-6934
Cyndy,Dobrowolny,Gevgelija,26.07.1963,Macedonia,cdobrowolnyla@zimbio.com,+389-952-589-8429
Maiga,Oswal,Titab,25.12.1959,Indonesia,moswallb@studiopress.com,+62-940-602-3131
Dee dee,Letford,Ji’an,07.12.1990,China,dletfordlc@github.io,+86-266-844-8910
Shellie,Thing,Paço,14.12.1956,Portugal,sthingld@weather.com,+351-696-787-1230
Meg,Avraam,Nîmes,27.02.1981,France,mavraamle@smh.com.au,+33-911-824-1968
Brose,Haensel,Krzemienica,29.04.1957,Poland,bhaensellf@cbsnews.com,+48-719-615-4451
Harald,Begg,Zhaxirabdain,14.11.1979,China,hbegglg@wisc.edu,+86-820-613-7825
Bernardina,Ollis,Anopog,01.10.1978,Philippines,bollislh@uol.com.br,+63-691-254-1115
Weston,Drinkhill,Baokou,21.12.1989,China,wdrinkhillli@howstuffworks.com,+86-778-860-9105
Oran,Colnett,Hubei,09.01.1999,China,ocolnettlj@whitehouse.gov,+86-163-700-8245
Vere,Snartt,Ramana,02.04.1954,Azerbaijan,vsnarttlk@fc2.com,+994-940-748-7396
Lynda,Alleway,Il’ichëvo,13.01.1993,Russia,,+7-440-200-0588
Petr,Weippert,,,,,
Ellsworth,Pontefract,Sucha,13.12.1994,Poland,epontefractln@msu.edu,+48-618-565-2789
Tori,Melin,Dongzhou,04.08.1952,China,tmelinlo@ucoz.com,+86-365-334-7359
Aubrey,Dickenson,,,,adickensonlp@free.fr,
Marrissa,Awcock,Fukuchiyama,30.07.1998,Japan,mawcocklq@mail.ru,+81-193-863-8125
Rozina,Peeke,Sanhe,03.05.1981,China,rpeekelr@jalbum.net,+86-294-847-0851
Marielle,Deverock,Íquira,28.06.1993,Colombia,mdeverockls@ucoz.ru,+57-972-943-1078
Jerrylee,Dacks,Rosignol,14.03.1976,Guyana,jdackslt@virginia.edu,+592-261-135-3713
Roi,La Vigne,Jiujiang,11.11.1999,China,rlavignelu@1688.com,+86-595-827-0511
Jeri,Bransdon,Tríkala,20.10.1969,Greece,jbransdonlv@addtoany.com,+30-550-215-9193
Faydra,Reijmers,Zelenodolsk,12.04.1988,Russia,freijmerslw@artisteer.com,+7-319-193-6072
Vittorio,Pirelli,Vista Hermosa,12.09.1989,Panama,vpirellilx@fotki.com,+507-576-957-0339
Loren,Housbey,Xinhua,27.11.1988,China,,+86-677-852-2029
Isac,Tafani,Farmahīn,27.08.1952,Iran,itafanilz@google.cn,+98-994-256-6281
Grannie,Hall,Tierp,08.05.1962,Sweden,ghallm0@ed.gov,+46-492-654-7416
Wally,Dudill,Shalya,31.10.1967,Russia,wdudillm1@sina.com.cn,+7-521-190-7255
Jeannette,Cote,Huangzhuang,22.06.1985,China,,+86-562-943-0287
Tobias,Hamson,Katrineholm,22.09.1974,Sweden,thamsonm3@angelfire.com,+46-364-686-6268
Dominique,Vaadeland,Michałowice,09.12.1998,Poland,dvaadelandm4@xinhuanet.com,+48-595-659-4748
Mag,Gladhill,Nemby,13.10.1978,Paraguay,mgladhillm5@miibeian.gov.cn,+595-154-890-2718
Nora,Currao,Richards Bay,22.01.1995,South Africa,ncurraom6@csmonitor.com,+27-557-285-0346
Marius,Thatcham,Noramarg,05.06.1969,Armenia,,+374-850-172-7038
Oby,Antyukhin,Campana,25.11.1971,Argentina,oantyukhinm8@opensource.org,+54-724-635-8465
Teresita,Lacknor,Bo Phloi,24.05.1951,Thailand,,+66-352-336-5495
Harriot,Chesworth,Puerto Morazán,28.06.1967,Nicaragua,hchesworthma@aol.com,+505-352-807-8130
Stephenie,Tullis,Ulapes,10.04.1972,Argentina,stullismb@unesco.org,+54-211-207-9697
Bronny,Calwell,,,,bcalwellmc@gravatar.com,
Viva,Claypoole,Ulaanbaatar,16.09.1954,Mongolia,vclaypoolemd@newsvine.com,+976-230-291-9895
Augustina,Buffy,Ottawa,23.10.1985,Canada,abuffyme@admin.ch,+1-764-674-2633
Kinny,Hatton,,,,khattonmf@instagram.com,
Jilleen,Walkey,Oliveira,07.02.1963,Brazil,jwalkeymg@cnbc.com,+55-740-603-8554
Leighton,McFaul,Qianyou,14.01.1978,China,,+86-836-350-1120
Liva,Sheraton,Ballyjamesduff,28.10.1998,Ireland,lsheratonmi@google.co.jp,+353-186-858-8757
Marsha,Layman,Serra Negra,12.01.1995,Brazil,mlaymanmj@macromedia.com,+55-207-575-7097
Gaspard,Dearnly,Swiętajno,03.02.1973,Poland,gdearnlymk@dion.ne.jp,+48-146-548-8278
Thayne,Goulbourne,Yushan,16.02.1985,China,,+86-871-799-8557
Angelika,Habercham,Dijon,11.11.1965,France,ahaberchammm@tmall.com,+33-701-544-0500
Maitilde,Treleven,Quimper,01.06.1997,France,mtrelevenmn@marriott.com,+33-978-151-5378
Morgen,Menaul,Uppsala,01.11.1953,Sweden,mmenaulmo@usda.gov,+46-281-355-1372
Elsinore,Schoolfield,Muzhou,16.06.1986,China,eschoolfieldmp@ocn.ne.jp,+86-899-755-8350
Amelita,Klebes,Lowayu,12.12.1963,Indonesia,aklebesmq@nyu.edu,+62-801-526-7877
Ambur,Degue,Empangeni,19.06.1956,South Africa,adeguemr@timesonline.co.uk,+27-281-749-2192
Rosita,Tiltman,Loukísia,29.03.1961,Greece,rtiltmanms@hc360.com,+30-210-635-1619
Imelda,Panketh,Solo,26.08.1972,Philippines,,+63-694-976-6927
Karlan,Burrow,Tsapêraī,18.12.1968,Afghanistan,,+93-964-261-1347
Sawyere,Durram,Nový Hrozenkov,02.03.1979,Czech Republic,sdurrammv@intel.com,+420-260-641-6705
Rozanna,Dye,,,,rdyemw@nsw.gov.au,
Dur,Strahan,Newton,04.09.1988,United Kingdom,dstrahanmx@fastcompany.com,+44-207-574-0296
Padgett,Veschambes,Andkhōy,21.05.1991,Afghanistan,,+93-272-166-3050
Pincas,Dyka,Xinfengjie,26.07.1996,China,pdykamz@howstuffworks.com,+86-269-721-7404
Aylmer,Beretta,Longping,27.09.1964,China,aberettan0@opensource.org,+86-944-170-6599
Madge,Hovington,Canta,09.02.1978,Peru,mhovingtonn1@alexa.com,+51-983-244-5488
Kalvin,Mounter,Himeji,22.01.1963,Japan,kmountern2@rakuten.co.jp,+81-453-358-6495
Amii,Kaszper,Ntoke,16.10.1970,Indonesia,akaszpern3@g.co,+62-968-696-2209
Bernadine,Copping,Yamrat,23.08.1963,Nigeria,bcoppingn4@printfriendly.com,+234-640-719-6857
Shena,Stede,Uberaba,08.05.1950,Brazil,ssteden5@mtv.com,+55-594-516-7342
Aridatha,Cannam,Buenos Aires,28.08.1956,Mexico,acannamn6@mozilla.org,+52-250-590-7606
Dara,Caghan,Gubengairlangga,30.08.1980,Indonesia,dcaghann7@vimeo.com,+62-830-993-7054
Aldis,Labbe,Sokołów Podlaski,17.09.1973,Poland,,+48-897-403-6386
Cloris,Abthorpe,Tula,30.09.1991,Russia,cabthorpen9@amazonaws.com,+7-591-655-1766
Marillin,Patient,Červenka,16.09.1993,Czech Republic,mpatientna@columbia.edu,+420-524-112-3075
Robbyn,Clunie,Pardesiyya,04.04.1993,Israel,rclunienb@utexas.edu,+972-786-495-6209
Ebonee,Lafaye,Cilegi,16.08.1994,Indonesia,elafayenc@ibm.com,+62-490-194-9118
Darla,MacGibbon,Camiri,29.06.1998,Bolivia,dmacgibbonnd@furl.net,+591-507-213-8091
Kittie,Hessle,Minneapolis,10.03.1972,United States,khesslene@fotki.com,+1-651-833-6806
Cammy,Thornewill,Xinghua,03.09.1962,China,cthornewillnf@behance.net,+86-676-651-4423
Page,Ancell,Cleveland,08.01.1991,United States,pancellng@amazon.com,+1-216-223-0274
Willy,Inchley,Alhambra,27.02.1973,United States,,+1-626-516-0981
Osgood,Camacke,Rocky Mountain House,18.04.1950,Canada,ocamackeni@dell.com,+1-496-771-6498
Faustina,Shireff,Izazi,06.09.1986,Tanzania,fshireffnj@cornell.edu,+255-509-449-4153
Melvyn,Ayton,San José,18.06.1957,Guatemala,maytonnk@un.org,+502-966-483-7987
Rozelle,Mitford,Sanjiang,03.07.1978,China,rmitfordnl@de.vu,+86-239-828-3853
Zaccaria,Rubinsky,Nanyang,21.03.1988,China,zrubinskynm@dmoz.org,+86-845-950-4484
Maximilianus,Teulier,,,,mteuliernn@bing.com,
Skip,Sorley,Ikang,01.11.1994,Nigeria,ssorleyno@macromedia.com,+234-573-588-9741
Suzanne,Furse,Melíssia,26.06.1987,Greece,sfursenp@wp.com,+30-892-246-3590
Madella,Storres,Xiaohe,14.09.1962,China,,+86-239-701-6269
Marni,Ranscome,Al Mālikīyah,15.02.1997,Syria,mranscomenr@va.gov,+963-848-958-8130
Herschel,Bavidge,Wuxing,13.12.1954,China,hbavidgens@4shared.com,+86-293-230-5727
Dacia,Scapelhorn,Portela,14.08.1974,Portugal,,+351-335-528-1485
Vallie,Dimitresco,Rio Preto da Eva,27.08.1975,Brazil,vdimitresconu@google.co.jp,+55-217-645-4885
Annamarie,Cromarty,Lubaczów,12.03.1968,Poland,acromartynv@scientificamerican.com,+48-881-452-1418
Bartlet,Walkowski,Valença do Piauí,30.05.1991,Brazil,bwalkowskinw@cocolog-nifty.com,+55-512-587-7407
Liv,Whitrod,Bay-ang,14.03.1997,Philippines,,+63-383-833-7751
Kate,Hallaways,,,,khallawaysny@discuz.net,
Davidde,Cammis,Chixi,24.08.1977,China,dcammisnz@biglobe.ne.jp,+86-687-935-5626
Hymie,Sparks,Agía Triáda,18.12.1998,Greece,hsparkso0@foxnews.com,+30-793-166-0604
Brynna,Delia,Ceadîr-Lunga,22.06.1978,Moldova,bdeliao1@ycombinator.com,+373-533-651-9366
Paulita,Slogrove,Iganga,30.07.1954,Uganda,pslogroveo2@gizmodo.com,+256-332-411-6187
Teodoor,Hague,Huaizhong,25.10.1958,China,thagueo3@edublogs.org,+86-722-367-3435
Marshall,Zavattari,Неготино,23.02.1975,Macedonia,mzavattario4@posterous.com,+389-773-939-6099
Natassia,Peggram,,,,npeggramo5@tripadvisor.com,
Ricoriki,McAlpine,Laliki,02.08.1956,Poland,rmcalpineo6@sina.com.cn,+48-422-172-3837
Lewie,Ollcott,Capas,03.07.1990,Philippines,,+63-200-975-0090
Margret,Gagie,Krajan Sumurtawang,25.10.1980,Indonesia,mgagieo8@1und1.de,+62-528-701-3468
Courtney,Midghall,Buan,21.11.1994,Philippines,cmidghallo9@so-net.ne.jp,+63-871-444-8002
Foss,Scobbie,Valerianovsk,14.08.1974,Russia,fscobbieoa@admin.ch,+7-875-799-0803
Egbert,Lavis,Luz de Tavira,17.09.1974,Portugal,,+351-864-695-3357
Budd,Ailward,Watergrasshill,24.11.1988,Ireland,bailwardoc@addtoany.com,+353-179-378-2089
Charleen,Conner,Žacléř,25.03.1953,Czech Republic,cconnerod@nationalgeographic.com,+420-881-394-1859
Mariam,Flanagan,Uthai,11.08.1979,Thailand,mflanaganoe@elegantthemes.com,+66-918-288-6935
Humbert,Frede,Pingtan,31.01.1955,China,hfredeof@so-net.ne.jp,+86-175-766-1926
Rosalinda,Sainthill,Farsta,22.08.1991,Sweden,,+46-271-210-2829
Domenico,Jenckes,Pechenizhyn,27.08.1978,Ukraine,djenckesoh@facebook.com,+380-237-529-8954
Caron,Ciccotto,Bontang Baru,06.09.1991,Indonesia,,+62-265-769-9856
Kettie,Adriani,Pescara,13.03.1984,Italy,kadrianioj@dailymotion.com,+39-602-608-4371
Raimund,Barnes,Xinglong,08.08.1998,China,rbarnesok@hubpages.com,+86-271-373-0453
Leann,Skipperbottom,Buffalo,07.08.1964,United States,lskipperbottomol@hhs.gov,+1-716-845-9875
Isacco,Farra,Rostock,25.10.1985,Germany,ifarraom@printfriendly.com,+49-142-711-1197
Letizia,Bryenton,Dalun,25.04.1960,China,lbryentonon@army.mil,+86-814-114-3398
Magdalena,Normant,El Mirador,20.06.1983,Mexico,mnormantoo@state.tx.us,+52-169-672-9242
Adella,Semour,Taourirt,09.01.1950,Morocco,asemourop@elegantthemes.com,+212-621-146-3488
Karlik,Sonner,Piastów,02.01.1964,Poland,ksonneroq@cbslocal.com,+48-621-390-8212
Teddi,Ygoe,Gornyak,11.09.1997,Russia,tygoeor@miitbeian.gov.cn,+7-500-177-4385
Catrina,Grills,Al Wuday‘,21.09.1952,Yemen,cgrillsos@nyu.edu,+967-491-774-6118
Iris,Eckh,Uyskoye,05.04.1986,Russia,ieckhot@shareasale.com,+7-398-146-2640
Amaleta,Durden,Suḩayl Shibām,15.05.1962,Yemen,,+967-816-858-9125
Boycie,Sides,Labao,28.05.1995,China,bsidesov@upenn.edu,+86-941-383-1525
Dasha,Cusworth,Pledo,01.10.1962,Indonesia,,+62-230-180-0049
Mufi,Garrod,Hetang,06.09.1996,China,mgarrodox@mozilla.org,+86-822-845-4782
Morley,Meeny,Fort Liberté,23.01.1981,Haiti,mmeenyoy@com.com,+509-865-916-9519
Alf,Poore,Wolmaransstad,13.03.1957,South Africa,apooreoz@goo.gl,+27-874-455-7784
Sigismond,Clementucci,Injīl,02.02.1981,Afghanistan,sclementuccip0@craigslist.org,+93-178-698-1046
Darsie,Goffe,Tangzhai,04.10.1997,China,dgoffep1@moonfruit.com,+86-484-566-8645
Lucien,Bach,Dashtobod,25.07.1967,Uzbekistan,lbachp2@drupal.org,+998-409-213-8355
Stearn,Armatage,Apengjiang,30.04.1998,China,sarmatagep3@auda.org.au,+86-100-757-4034
Kissee,Ashtonhurst,Villa Florida,25.01.1957,Paraguay,kashtonhurstp4@cbsnews.com,+595-469-217-3315
Shawn,Bearcroft,Luže,03.10.1961,Czech Republic,sbearcroftp5@sphinn.com,+420-716-650-7536
Marris,Mapowder,Rennes,19.02.1975,France,mmapowderp6@feedburner.com,+33-536-683-6399
Tatum,Burnep,Otuke,10.10.1978,Uganda,tburnepp7@virginia.edu,+256-978-220-7667
Darline,Kempston,Lang Suan,11.10.1958,Thailand,dkempstonp8@amazonaws.com,+66-547-867-8758
Fidole,Cobbe,Riga,27.12.1986,Latvia,fcobbep9@constantcontact.com,+371-300-807-9273
Derby,MacSkeaghan,Johor Bahru,27.03.1980,Malaysia,dmacskeaghanpa@google.ru,+60-903-591-8687
Tome,Landall,Kogon,22.02.1973,Uzbekistan,tlandallpb@phpbb.com,+998-190-158-0080
Davey,Malimoe,Yidu,23.12.1984,China,dmalimoepc@netscape.com,+86-269-399-0739
Barbey,Bosdet,Mechrá Belqsiri,21.09.1983,Morocco,,+212-852-484-9231
Stephana,Slayford,Miejska Górka,19.05.1976,Poland,sslayfordpe@smh.com.au,+48-521-155-7841
Eleonore,Gledhall,Stratónion,19.02.1968,Greece,egledhallpf@unicef.org,+30-367-579-5783
Sofie,Brook,Maliuzui,20.10.1972,China,sbrookpg@home.pl,+86-195-494-8652
Arnie,Jahn,Qingyun,14.02.1990,China,ajahnph@e-recht24.de,+86-311-813-2113
Fee,Hamon,Margoyoso,27.11.1969,Indonesia,fhamonpi@youku.com,+62-933-633-0287
Berke,Mattiazzo,Baziqiao,26.10.1973,China,bmattiazzopj@joomla.org,+86-815-398-3791
Jasmin,Paxman,Alistráti,16.07.1971,Greece,jpaxmanpk@hatena.ne.jp,+30-829-827-6651
Yevette,Franzoli,Doumen,18.12.1955,China,yfranzolipl@lulu.com,+86-847-457-1314
Roselle,Leggin,Zborište,06.08.1978,Bosnia and Herzegovina,rlegginpm@vkontakte.ru,+387-950-869-3742
Janeva,Waldren,Zhitang,20.11.1972,China,,+86-206-977-2032
Phoebe,Plail,Azaruja,03.02.1981,Portugal,pplailpo@shareasale.com,+351-701-994-3203
Ernestus,Innot,Březová,14.12.1955,Czech Republic,einnotpp@ycombinator.com,+420-634-481-0144
Brandice,Carmo,Xilin,04.05.1987,China,bcarmopq@godaddy.com,+86-910-504-2586
Inglebert,Aloshkin,Palampal,15.01.1995,Indonesia,ialoshkinpr@sfgate.com,+62-737-916-2552
Friederike,Skingle,Sorodot,27.09.1983,Indonesia,fskingleps@goodreads.com,+62-311-238-2210
Caresse,Jerome,Kilafors,24.05.1995,Sweden,cjeromept@miibeian.gov.cn,+46-593-436-8044
Patsy,Hodges,Paris 01,11.12.1959,France,phodgespu@un.org,+33-844-250-5350
Dorothy,Covey,Vose’,11.06.1990,Tajikistan,dcoveypv@ucoz.ru,+992-282-941-5277
Kathy,Rubinsohn,Dobryatino,01.09.1991,Russia,krubinsohnpw@booking.com,+7-488-165-6888
Shelba,Bullman,Pameungpeuk,05.04.1961,Indonesia,,+62-344-300-3915
Joseph,Cayle,Doksy,08.07.1957,Czech Republic,jcaylepy@independent.co.uk,+420-755-629-6417
Carine,Sibbe,Huangjin,30.01.1988,China,csibbepz@soup.io,+86-234-433-7971
Meyer,Sorensen,Liushui,19.08.1976,China,msorensenq0@devhub.com,+86-989-123-1584
Marguerite,Agnew,Al Muharraq,26.02.1961,Bahrain,magnewq1@yellowbook.com,+973-570-838-5875
Pru,Ferraraccio,Ad Dabbah,08.01.1972,Sudan,pferraraccioq2@yahoo.com,+249-736-165-8963
Jacquelin,Brothers,Ārt Khwājah,25.07.1964,Afghanistan,jbrothersq3@ucoz.com,+93-899-717-0057
Ashil,Fitzroy,Āzādshahr,29.07.1980,Iran,afitzroyq4@wikia.com,+98-905-214-0198
Irwinn,Cartin,Wangying,28.04.1975,China,icartinq5@sphinn.com,+86-365-160-6619
Pammie,Asson,Syktyvkar,28.05.1955,Russia,,+7-433-660-9531
Nero,Bodman,Kavajë,31.05.1988,Albania,nbodmanq7@npr.org,+355-867-539-7318
Jedediah,Kalisch,Jiuchenggong,13.01.1951,China,jkalischq8@creativecommons.org,+86-866-771-7089
Hussein,Gurner,Willowmore,18.01.1970,South Africa,hgurnerq9@addtoany.com,+27-361-434-8952
Flora,McRoberts,Hiji,10.03.1983,Japan,fmcrobertsqa@joomla.org,+81-271-287-1886
Dex,Marjot,Soledad,08.01.1992,Venezuela,,+58-764-945-5626
Yule,Fanti,,,,yfantiqc@jugem.jp,
Evy,Screach,Boucinha,16.11.1988,Portugal,escreachqd@soup.io,+351-895-573-0492
Glad,Faustian,Gimbi,14.06.1997,Ethiopia,gfaustianqe@so-net.ne.jp,+251-961-532-9759
Muffin,Vinau,Aygek,08.12.1979,Armenia,mvinauqf@google.it,+374-687-183-1045
Magdalen,Balma,,,,mbalmaqg@cornell.edu,
Hilary,Meier,Kedungreja,12.07.1985,Indonesia,hmeierqh@slideshare.net,+62-874-982-9790
Berthe,Lube,Mauponggo,10.03.1972,Indonesia,blubeqi@surveymonkey.com,+62-189-292-1537
Linet,Frankcom,Hirara,11.03.1958,Japan,lfrankcomqj@google.com.au,+81-144-758-0205
Muire,Chasmoor,Valsamáta,12.04.1971,Greece,mchasmoorqk@about.com,+30-814-898-3613
Abba,Pavey,Yajiwa,17.12.1985,Nigeria,apaveyql@themeforest.net,+234-104-998-0206
Rheba,Kwietak,Fort Pierce,08.01.1973,United States,rkwietakqm@miibeian.gov.cn,+1-772-547-8132
Leigh,Bishopp,Ferbane,23.08.1954,Ireland,lbishoppqn@dot.gov,+353-433-245-3754
Eran,Janik,Torino,12.10.1983,Italy,ejanikqo@paypal.com,+39-785-635-2206
Cordelia,Harlin,Huaihua,19.10.1960,China,charlinqp@mediafire.com,+86-194-654-7715
Claybourne,Robertot,Quibdó,18.05.1992,Colombia,crobertotqq@cbc.ca,+57-309-360-6161
Hunter,Farthing,Jivia,16.11.1981,Peru,hfarthingqr@time.com,+51-451-899-1890
Denys,Greedier,Rybnoye,08.02.1959,Russia,dgreedierqs@canalblog.com,+7-302-900-9031
Cherry,Shilliday,Pechenga,18.10.1991,Russia,,+7-619-685-0496
Amil,Filtness,Suhopolje,21.08.1971,Croatia,,+385-323-475-2237
Donielle,Spanswick,Cisaat,04.05.1978,Indonesia,dspanswickqv@sciencedaily.com,+62-248-365-8976
Loretta,Ladbrooke,Fucun,29.03.1960,China,lladbrookeqw@soundcloud.com,+86-479-888-4623
Binni,Ogelbe,Talacogon,02.09.1984,Philippines,bogelbeqx@oaic.gov.au,+63-243-296-2653
Gustave,Dudin,Eshan,06.10.1999,China,gdudinqy@skype.com,+86-471-352-8315
Dalila,Ertel,Ulety,11.05.1974,Russia,dertelqz@timesonline.co.uk,+7-778-496-6990
Penrod,Ranking,Jorok Dalam,05.02.1952,Indonesia,prankingr0@economist.com,+62-611-649-0150
Chrotoem,Gaskins,Žagarė,08.06.1972,Lithuania,cgaskinsr1@tumblr.com,+370-274-679-9678
Tod,Peacher,Xiwei,27.03.1973,China,tpeacherr2@goodreads.com,+86-483-155-7855
Sloan,Staden,Saint-Lin-Laurentides,12.09.1976,Canada,sstadenr3@meetup.com,+1-742-696-7549
Torr,Brendeke,Bochum,14.03.1983,Germany,,+49-415-776-2912
Bruce,Mudd,Jabranti,24.03.1998,Indonesia,bmuddr5@google.ca,+62-779-210-3095
Bobina,Ortiger,Cihurip Satu,03.07.1984,Indonesia,bortigerr6@google.co.uk,+62-322-699-9091
Blaine,Hanby,Szczawno-Zdrój,30.10.1952,Poland,,+48-756-971-5358
Morna,Culvey,Hucun,03.07.1979,China,,+86-972-650-4158
Grier,Hume,El Triunfo,20.05.1960,Honduras,ghumer9@ustream.tv,+504-553-170-8942
Yoko,Cline,Ankazondandy,15.03.1953,Madagascar,yclinera@nih.gov,+261-990-929-5812
Lorena,Dadley,Wadeng,23.09.1996,Indonesia,ldadleyrb@indiegogo.com,+62-340-368-9345
Tildy,Bauser,Sūq ar Rabū‘,31.08.1998,Yemen,tbauserrc@ezinearticles.com,+967-362-172-5162
Zita,Bogace,Ngrowo,09.08.1992,Indonesia,zbogacerd@nba.com,+62-294-971-5161
Quentin,Dreigher,Zhongfeng,09.02.1979,China,,+86-354-930-2466
Henderson,Dillon,Oliveira,25.08.1967,Brazil,hdillonrf@deviantart.com,+55-110-415-1135
Kaila,Vasse,Hetou,23.08.1951,China,kvasserg@webmd.com,+86-661-153-3974
Francene,Balmer,Botao,13.11.1998,Philippines,fbalmerrh@cam.ac.uk,+63-452-194-4841
Barron,Cleeves,Caofang,28.10.1958,China,,+86-909-667-9369
Max,Rosenschein,Nay Pyi Taw,31.01.1958,Myanmar,mrosenscheinrj@china.com.cn,+95-657-594-5413
Bernie,Freeman,,,,bfreemanrk@illinois.edu,
Reggie,Abram,Juncalito Abajo,17.02.1989,Dominican Republic,rabramrl@google.ru,+1-117-489-9264
Ardra,Liveley,Nchelenge,08.05.1953,Zambia,,+260-888-853-5637
Ailee,Chomicz,Alta,15.06.1967,Norway,achomiczrn@google.es,+47-473-828-8951
Diane,Chappelle,Ikšķile,02.05.1992,Latvia,dchappellero@slideshare.net,+371-712-848-0053
Alastair,Sangra,Otterburn Park,28.06.1978,Canada,asangrarp@weather.com,+1-549-674-1770
Juline,Pods,Bāglung,14.02.1961,Nepal,jpodsrq@nasa.gov,+977-730-718-2135
Shelba,Ruddle,,,,sruddlerr@fc2.com,
