first_name,last_name,birth_place,birth_date,country_living_in,email,phone
Nan,Begwell,Bungu,08/07/1963,Tanzania,nbegwell0@technorati.com,935-584-1044
Enos,Bardey,Songzhuang,08/25/1952,China,ebardey1@dedecms.com,925-283-9246
Coretta,Lafay,Chengjiao,08/07/1965,China,clafay2@elpais.com,108-774-7935
Oralle,Beadnell,Jidong,04/25/1981,China,,315-270-2353
Melania,Karlsson,Canindé,08/29/1956,Brazil,mkarlsson4@blogger.com,940-375-2797
Romy,Shimuk,San Miguel,08/18/1954,Philippines,,995-517-1933
Alfie,Father,Bamusso,04/20/1970,Cameroon,afather6@dyndns.org,678-471-1049
Ardella,Hummerston,,,,ahummerston7@adobe.com,
Adara,Likly,Belūsovka,07/02/1985,Kazakhstan,alikly8@ucoz.ru,641-308-9021
Thedrick,Jezard,Nanxing,11/17/1974,China,tjezard9@instagram.com,148-137-6217
Gail,Gimson,Kuangshan,03/10/1950,China,ggimsona@tmall.com,492-192-8015
De witt,Ugoni,Gaplokan,03/03/1993,Indonesia,dugonib@huffingtonpost.com,611-110-8293
Cary,Checcuzzi,Póvoa do Valado,03/19/1960,Portugal,ccheccuzzic@goo.ne.jp,987-528-3852
Tate,Jarley,Haugesund,09/28/1973,Norway,tjarleyd@virginia.edu,694-715-5524
Heloise,Valentetti,Kuzhuping,09/27/1989,China,,545-623-1149
Bonnee,Banton,Ogwashi-Uku,05/26/1954,Nigeria,,149-879-0918
Angelina,Guillain,Centurion,03/18/1967,South Africa,aguillaing@opensource.org,587-698-5717
Gregorius,Rosi,Xinbao,04/29/1970,China,grosih@seattletimes.com,886-522-0880
Essie,Milnthorpe,Levski,04/12/1989,Bulgaria,,699-998-2471
Haze,Josowitz,Kongoussi,05/16/1964,Burkina Faso,,698-736-3314
Farra,Haizelden,Kawaliwu,02/07/1979,Indonesia,fhaizeldenk@smh.com.au,411-594-4112
Gerty,Schiementz,Gampola,05/24/1996,Sri Lanka,gschiementzl@tinypic.com,985-372-9306
Gonzalo,Clausner,Goubétto,01/12/1992,Djibouti,gclausnerm@jugem.jp,765-912-1353
Sallee,Espinazo,Saaban,12/29/1963,Philippines,,950-510-3408
Ruprecht,Cruickshank,Bangxi,11/23/1955,China,rcruickshanko@soundcloud.com,568-405-8677
Connie,Stelli,Peer,03/01/1987,Indonesia,cstellip@prnewswire.com,166-725-4689
Jenica,Goade,Brooklyn,07/29/1961,United States,,718-857-0753
Jacklyn,Loade,Belopa,01/15/1997,Indonesia,jloader@thetimes.co.uk,358-266-1865
Ramona,Fardon,Dar es Salaam,10/09/1968,Tanzania,,865-240-8273
Ellynn,Perceval,,,,epercevalt@tinyurl.com,
Jorry,Geibel,Saint-Quentin-en-Yvelines,06/24/1976,France,jgeibelu@vistaprint.com,880-327-7170
Glyn,Frontczak,Koltubanovskiy,03/25/1962,Russia,gfrontczakv@example.com,845-492-5804
Wrennie,Holyland,Iporá,12/29/1950,Brazil,wholylandw@fda.gov,634-801-1817
Kev,Fleis,Krajan Karanganyar,06/23/1995,Indonesia,kfleisx@dagondesign.com,287-395-4454
Drud,Pervew,Zhangqing,04/01/1990,China,dpervewy@lulu.com,652-409-8246
Shalne,Hatherell,Chenārān,02/15/1964,Iran,shatherellz@amazon.com,167-475-3700
Kordula,Cumbers,Chang Klang,10/07/1980,Thailand,kcumbers10@china.com.cn,414-249-4593
Jaclin,Carnelley,Shuitianzhuang,12/31/1979,China,jcarnelley11@nationalgeographic.com,968-537-8625
Sanford,O'Grada,Goubangzi,03/23/1989,China,sograda12@xrea.com,160-758-3422
Beltran,Kyrkeman,Bali,02/20/1969,Cameroon,bkyrkeman13@dell.com,165-223-6489
Edmon,Passie,Pianbai,10/04/1954,China,epassie14@abc.net.au,608-858-2220
Lusa,Mantz,Kuusjoki,10/28/1960,Finland,lmantz15@odnoklassniki.ru,278-694-1562
Donovan,Di Domenico,Cazin,12/11/1966,Bosnia and Herzegovina,ddidomenico16@trellian.com,565-282-2674
Marcelline,Akess,Kokagax,09/26/1999,China,makess17@mlb.com,790-395-5735
Mandie,MacBrearty,,,,mmacbrearty18@wikipedia.org,
Pasquale,Crissil,Krasnyy Klyuch,07/02/1953,Russia,pcrissil19@4shared.com,402-552-7747
Jeffrey,Diben,Umm as Sāhik,09/03/1982,Saudi Arabia,,575-242-2179
Midge,Bohin,Stockholm,06/29/1999,Sweden,mbohin1b@icio.us,758-794-8823
Sayre,Stuckow,Boto,09/05/1982,Indonesia,sstuckow1c@washington.edu,838-187-0650
Jaime,Jakolevitch,Noebana,03/22/1993,Indonesia,jjakolevitch1d@smugmug.com,101-461-3750
Lindon,Lovitt,Bor,03/11/1997,Serbia,llovitt1e@gravatar.com,464-772-6752
Cordula,Peek,Jibu,02/25/1998,China,,750-198-1120
Ardys,Elcock,Airmadidi,01/04/1951,Indonesia,aelcock1g@usatoday.com,402-309-3846
Pen,Daulton,Carmen de Viboral,11/26/1977,Colombia,,663-170-8061
Phillipe,Escalante,Balatero,09/17/1962,Philippines,,139-301-1983
Teddie,Sevin,Ipoh,10/23/1980,Malaysia,tsevin1j@nyu.edu,917-853-8676
Lyndsie,Van der Mark,Tandou,08/06/1954,China,,306-451-5867
Mose,Anwyl,Jinkou,01/14/1950,China,manwyl1l@state.tx.us,912-393-8874
Cheri,Lipson,Ivanivka,12/10/1985,Ukraine,clipson1m@imdb.com,608-826-6544
Marilee,Podbury,Bandhagen,09/30/1962,Sweden,mpodbury1n@deliciousdays.com,521-956-5484
Georgine,Benford,Pórto Chéli,07/11/1980,Greece,gbenford1o@tinypic.com,713-999-6190
Fowler,Goozee,Ārān Bīdgol,03/21/1965,Iran,fgoozee1p@studiopress.com,612-693-3095
Ingra,Muckeen,Delgado,12/14/1962,El Salvador,imuckeen1q@scientificamerican.com,991-973-2874
Janeta,Kebbell,Nepomuceno,12/07/1997,Brazil,jkebbell1r@businesswire.com,522-331-1325
Gui,Arondel,Sandviken,09/26/1967,Sweden,garondel1s@disqus.com,944-367-0488
Monroe,Baccas,Granada,11/11/1988,Colombia,,801-999-1806
Janaye,Attawell,Santa Cruz,02/04/1986,Mexico,jattawell1u@1und1.de,949-598-8669
Hewett,Nickoll,,,,hnickoll1v@artisteer.com,
Demeter,Doncaster,Jembe Timur,09/29/1995,Indonesia,,304-141-6461
Ciro,Kaaskooper,Piquete,04/10/1993,Brazil,ckaaskooper1x@amazon.co.jp,759-141-6697
Minta,Layburn,Krasnystaw,06/14/1990,Poland,,237-969-2892
Clarissa,Sealeaf,Bubanza,02/15/1963,Burundi,csealeaf1z@cbsnews.com,701-627-4658
Esmaria,Everwin,Zangbi,06/28/1959,China,eeverwin20@stanford.edu,495-749-8139
Eden,McInerney,Quỳnh Côi,03/20/1951,Vietnam,emcinerney21@salon.com,814-525-5385
Bernadina,Congdon,Cereté,10/07/1981,Colombia,bcongdon22@japanpost.jp,318-113-7477
Dacia,Limbert,Veřovice,07/16/1950,Czech Republic,dlimbert23@cyberchimps.com,843-422-2614
Arthur,Gantzer,Orlovo,02/12/1994,Russia,agantzer24@delicious.com,184-439-3521
See,Hincham,Vrýses,12/22/1955,Greece,shincham25@smh.com.au,423-210-7786
Georg,Bumphries,Tân Hòa,08/09/1969,Vietnam,gbumphries26@gmpg.org,387-502-3679
Biron,Cinelli,Krasnotorka,11/09/1984,Ukraine,bcinelli27@hatena.ne.jp,796-268-7347
Magdalen,Wixon,Modřice,08/18/1956,Czech Republic,,380-754-0113
Cherri,Eastridge,Satowebrang,09/14/1997,Indonesia,,350-285-2285
Sherlock,Prior,Qiqin,06/02/1980,China,,392-905-0921
Holly,Stanislaw,Bogorodskoye,09/28/1965,Russia,hstanislaw2b@facebook.com,787-129-7436
Eustace,Tetley,Yudai,07/18/1997,China,etetley2c@google.pl,494-591-6977
Dominik,Abramov,,,,,
Honoria,Dursley,Huangyang,05/10/1974,China,hdursley2e@sogou.com,466-745-8887
Spike,Bartul,Nikopol’,01/09/1959,Ukraine,,959-215-8902
Noel,Glaserman,Penhold,08/03/1957,Canada,,101-107-9719
Arie,Klimke,Tianmuhu,07/20/1961,China,aklimke2h@washingtonpost.com,207-442-4271
Joellen,Yeeles,Gulai,08/31/1955,China,jyeeles2i@symantec.com,274-356-7250
Flemming,Escreet,Sumberkertokrajan,10/05/1950,Indonesia,fescreet2j@walmart.com,486-264-2301
Henri,Elwill,Sebu,12/08/1997,Philippines,helwill2k@yahoo.com,420-109-6419
Abigail,Klink,Nu’erbage,01/23/1981,China,aklink2l@bizjournals.com,895-779-3833
Nata,Atthowe,Samaipata,01/23/1973,Bolivia,natthowe2m@hao123.com,545-385-5451
Ax,Luten,San Lorenzo,05/16/1960,Guatemala,aluten2n@cbc.ca,379-685-9124
Raina,Debrick,Nubma,12/25/1999,China,rdebrick2o@creativecommons.org,990-122-8163
Joanie,MacKissack,Lewin Kłodzki,02/10/1960,Poland,jmackissack2p@yahoo.co.jp,564-330-5257
Romonda,Housecraft,Bonneuil-sur-Marne,07/09/1992,France,rhousecraft2q@whitehouse.gov,145-275-3672
Rafa,Bootyman,Obrera,04/14/1957,Mexico,,133-768-3416
Yank,Burtonwood,Požarevac,08/09/1961,Serbia,yburtonwood2s@marketwatch.com,325-222-3844
Carrie,Robe,Kebon,12/14/1995,Indonesia,crobe2t@yellowpages.com,574-605-6698
Jethro,Tarpey,,,,jtarpey2u@ask.com,
Eran,Schiefersten,Yuscarán,05/29/1978,Honduras,eschiefersten2v@cmu.edu,576-412-2839
Krissie,Middlewick,Johanneshov,04/24/1951,Sweden,kmiddlewick2w@tinypic.com,738-945-6649
Britte,Kitcher,Nová Paka,05/23/1960,Czech Republic,bkitcher2x@google.cn,653-832-5300
Brit,Lalley,Batubantar,04/05/1991,Indonesia,blalley2y@wisc.edu,957-144-3311
Zachery,Hallen,Copa,06/29/1960,Peru,zhallen2z@wordpress.org,337-951-1043
Welch,Surmeyer,Ресен,06/24/1986,Macedonia,wsurmeyer30@over-blog.com,981-305-7125
Murray,Maggill'Andreis,Ngori,06/12/1953,Indonesia,mmaggillandreis31@zimbio.com,875-403-8684
Garik,Bearfoot,Kaliterus,04/24/1961,Indonesia,gbearfoot32@deliciousdays.com,627-401-2592
Miller,Gapp,Chinchero,08/21/1953,Peru,mgapp33@desdev.cn,251-442-7455
Bill,Scogin,Saidpur,08/29/1975,Bangladesh,bscogin34@cmu.edu,725-446-3733
Arlee,Hasloch,Kumberg,01/20/1983,Austria,ahasloch35@quantcast.com,304-908-1346
Alejoa,Blankenship,Qal‘ah-ye Na‘īm,09/22/1994,Afghanistan,ablankenship36@homestead.com,852-610-9104
Bennett,Pinnijar,,,,bpinnijar37@dailymotion.com,
Care,Smythe,Xiayunling,08/18/1974,China,csmythe38@naver.com,353-651-8774
Robby,Strahan,Kuala Lumpur,07/03/1988,Malaysia,rstrahan39@about.me,888-160-5908
D'arcy,Sudran,Bojong,11/02/1994,Indonesia,dsudran3a@yelp.com,522-942-0597
Aeriell,Callaway,Phoenix,03/12/1999,United States,acallaway3b@sourceforge.net,602-643-0859
Lorelle,Fevers,Odintsovo,02/08/1971,Russia,lfevers3c@networkadvertising.org,142-874-0801
Alick,Shapero,Grabów,01/10/1966,Poland,ashapero3d@ning.com,662-504-1726
Mace,Thandi,Apostolove,01/16/1963,Ukraine,mthandi3e@businessinsider.com,316-456-2578
Eliza,McLevie,Goma,02/18/1995,Democratic Republic of the Congo,emclevie3f@people.com.cn,908-789-1575
Terence,Chapelhow,Shevchenkove,02/25/1980,Ukraine,,380-540-2709
Alexis,Rainy,Xiniu,04/11/1992,China,arainy3h@intel.com,629-682-2955
Maggie,Moores,Aveleda,01/17/1988,Portugal,,712-808-9555
Sasha,Bardey,Lancai,03/26/1956,China,sbardey3j@linkedin.com,611-778-9534
Sylvia,McClifferty,Yiyang,08/02/1982,China,,580-170-2945
Vasilis,Lerner,Kowale Oleckie,03/26/1976,Poland,vlerner3l@networkadvertising.org,670-590-4369
Maxine,Prandoni,Emar,01/04/1953,Russia,mprandoni3m@ucla.edu,183-721-3324
Malchy,Fain,Jan Kempdorp,02/08/1972,South Africa,mfain3n@cnn.com,346-944-8447
Leta,Wesgate,Paola,07/22/1982,Malta,lwesgate3o@indiatimes.com,400-472-9763
Legra,Staniforth,Dabu,01/06/1975,China,lstaniforth3p@columbia.edu,693-267-1345
Jeanna,Reames,Telč,01/12/1991,Czech Republic,jreames3q@tripod.com,585-370-2990
Putnam,Paute,Yëlkino,01/10/1962,Russia,ppaute3r@so-net.ne.jp,124-770-3229
Carlye,Lias,Dongshi,07/17/1962,China,clias3s@tripod.com,921-609-2504
Aubine,Busson,Kumba,12/13/1998,Cameroon,abusson3t@fema.gov,957-827-9018
Royal,Petrolli,Naberera,12/01/1993,Tanzania,,925-690-4511
Bryant,Edgecumbe,Heba,11/15/1950,China,bedgecumbe3v@earthlink.net,688-341-2514
Demeter,Hammer,Tiandian,04/25/1957,China,dhammer3w@vk.com,463-651-8249
Mellisent,Burehill,Bafilo,07/30/1963,Togo,mburehill3x@amazon.com,328-568-2846
Leanna,Narracott,,,,lnarracott3y@tinypic.com,
Davide,Corington,San Bartolomé Milpas Altas,01/26/1973,Guatemala,dcorington3z@php.net,956-404-1263
Filberto,Posnette,Xiaojin,04/08/1969,China,fposnette40@ucoz.ru,378-597-3469
Bryan,Kowal,Yingmaili,04/14/1954,China,,771-761-3500
Ker,Bolderson,Hongqi Yingzi,10/09/1961,China,kbolderson42@kickstarter.com,224-362-8319
Annabela,Atto,Miyang,04/06/1965,China,aatto43@cnbc.com,652-775-1616
Nixie,Farrent,Itaúna,12/15/1962,Brazil,nfarrent44@rakuten.co.jp,428-996-8583
Jaine,Jakubovski,Xiaojiangba,10/30/1985,China,,920-163-8962
Gail,Mulloch,Lengkongsari,03/22/1959,Indonesia,gmulloch46@cyberchimps.com,836-371-8157
Maia,Darwin,Shchelkovo,12/19/1980,Russia,mdarwin47@nydailynews.com,144-571-5296
Olga,Chapiro,Stutterheim,06/29/1964,South Africa,ochapiro48@phoca.cz,852-977-8052
Philly,Wasbrough,La Mohammedia,05/30/1960,Tunisia,pwasbrough49@csmonitor.com,828-279-9932
Anabal,Linbohm,Paris 08,10/09/1961,France,alinbohm4a@typepad.com,609-118-9147
Marji,Sabathe,Mehendiganj,11/25/1971,Bangladesh,msabathe4b@si.edu,384-404-1448
Annabell,Cellier,Whitwell,06/28/1960,United Kingdom,,571-209-7195
Joseph,Lequeux,Gudang,01/09/1957,Indonesia,jlequeux4d@joomla.org,182-328-4639
Gardie,Bernadzki,Orël,05/09/1999,Russia,gbernadzki4e@nifty.com,408-800-9041
Evy,Buffin,Basqal,08/10/1965,Azerbaijan,ebuffin4f@reference.com,559-533-7273
Waylen,Powers,Chư Sê,11/26/1983,Vietnam,wpowers4g@prweb.com,237-632-5469
Annaliese,Pavlasek,Sruni,04/29/1980,Indonesia,apavlasek4h@1688.com,167-774-9343
Pete,Gosby,Béré,02/10/1970,Chad,pgosby4i@wufoo.com,265-487-4274
Allyce,Watson-Brown,Huata,11/10/1951,Peru,,845-565-9671
Rubin,Koenen,Saint-Bruno-de-Guigues,05/20/1952,Canada,,141-944-1854
Westley,Harner,Qushi’an,05/23/1977,China,wharner4l@who.int,115-310-8078
Even,Smitton,Kaliro,06/17/1969,Uganda,esmitton4m@usnews.com,119-570-9654
Clyve,Bloxholm,Xiangrong,06/18/1976,China,cbloxholm4n@independent.co.uk,567-936-4159
Silvie,Antoinet,Hrušica,02/06/1981,Slovenia,santoinet4o@stanford.edu,202-944-3800
Martica,Billson,Jinshi,08/12/1992,China,mbillson4p@pinterest.com,283-863-0426
Leif,Skyme,Alto Barinas,07/18/1952,Venezuela,lskyme4q@e-recht24.de,133-522-5608
Lynette,Kusick,Cedar Rapids,12/17/1964,United States,lkusick4r@usatoday.com,319-711-2259
Myca,Curr,,,,mcurr4s@posterous.com,
Valle,Dodimead,Parlilitan,05/16/1976,Indonesia,vdodimead4t@earthlink.net,414-427-5027
Olenka,Allard,Buenlag,04/22/1960,Philippines,oallard4u@wix.com,963-174-1283
Theo,Battaille,Yanguan,08/30/1988,China,tbattaille4v@feedburner.com,246-553-6533
Gipsy,Bilborough,Tiouli,03/31/1997,Morocco,,188-728-5463
Jason,Gaskarth,Skórcz,05/29/1989,Poland,jgaskarth4x@com.com,413-523-8811
Mortimer,Kiera,Ramat Gan,03/07/1984,Israel,,427-690-9779
Jacquenette,Hartzog,San Jose,06/21/1997,United States,jhartzog4z@cdbaby.com,408-668-1759
Royal,Houchin,Mīrābād,03/23/1950,Afghanistan,rhouchin50@vk.com,240-169-6763
Allsun,Braganza,Chikushino-shi,08/14/1969,Japan,abraganza51@naver.com,723-510-0414
Leopold,Sollam,Wien,03/22/1953,Austria,lsollam52@goodreads.com,166-192-5262
Abbie,Perrone,Cigoong,10/02/1967,Indonesia,aperrone53@jigsy.com,968-448-3697
Tillie,Coolican,Ihosy,03/27/1985,Madagascar,tcoolican54@tamu.edu,916-350-5713
Gaston,Marcam,Wlingi,10/15/1976,Indonesia,gmarcam55@sogou.com,705-318-8379
Barr,Rollin,La Oroya,12/14/1984,Peru,,778-343-8740
Elysia,Resdale,Gueset,04/15/1982,Philippines,eresdale57@icio.us,860-942-6252
Merna,Joust,Pampierstad,07/26/1972,South Africa,mjoust58@usda.gov,993-139-0345
Cletus,Mcettrick,Barreiras,11/29/1968,Brazil,cmcettrick59@webs.com,633-925-7147
Arnoldo,Plowman,Reforma,06/20/1961,Mexico,aplowman5a@jalbum.net,278-600-0818
Valdemar,Shapcote,Musashino,05/08/1978,Japan,vshapcote5b@a8.net,202-325-1901
Alastair,Rouf,Huaylillas,03/03/1999,Peru,arouf5c@sun.com,663-509-6031
Lindsay,Colquete,Miyakonojō,01/17/1954,Japan,lcolquete5d@paginegialle.it,164-964-0165
Les,Scard,São Borja,08/05/1986,Brazil,lscard5e@flavors.me,362-227-0584
Araldo,Woolveridge,Namora,03/21/1950,Peru,awoolveridge5f@wikipedia.org,693-132-5750
Lauren,Pauli,Qal‘ah-ye Shahr,04/03/1997,Afghanistan,,329-839-7021
Vitoria,Rodgerson,Lille,10/15/1967,France,vrodgerson5h@patch.com,876-326-0693
Cchaddie,Amiranda,Hendaye,10/05/1995,France,camiranda5i@usa.gov,572-123-2449
Lloyd,Renault,Tama,03/08/1969,Argentina,lrenault5j@1und1.de,906-139-1924
Cynthy,Giacomazzo,Dongsheng,01/10/1992,China,cgiacomazzo5k@reuters.com,868-433-9365
Hildegaard,Limeburner,Crnilište,03/12/1960,Macedonia,,966-567-0420
Edyth,Lestor,Huangbei,02/09/1974,China,elestor5m@dion.ne.jp,153-512-6596
Rosamond,Clother,La Gi,09/25/1981,Vietnam,rclother5n@w3.org,900-701-2688
Judah,Eeles,Macon,12/28/1975,United States,jeeles5o@technorati.com,478-135-1221
Carolyn,Oran,Matinao,09/05/1955,Philippines,coran5p@independent.co.uk,701-734-5648
Mile,Waber,Cercal,04/07/1956,Portugal,mwaber5q@joomla.org,671-795-6766
Georgeanna,Amphlett,Chenjiahe,10/04/1955,China,gamphlett5r@quantcast.com,596-453-5320
Brod,Essame,Fuxin,10/13/1972,China,bessame5s@behance.net,696-430-7263
Dorothee,Scambler,Madona,12/02/1991,Latvia,dscambler5t@ucoz.com,202-298-9942
Hedwig,Andrzejowski,Borzechów,01/04/1981,Poland,,569-511-9078
Bradley,Heugh,Oliveira,11/08/1992,Portugal,bheugh5v@npr.org,530-903-4407
Becca,Hiscoke,Pampas Chico,05/12/1974,Peru,bhiscoke5w@epa.gov,782-988-3952
Carlye,Dyos,Gwadabawa,05/17/1977,Nigeria,,250-813-5155
Ladonna,McClounan,Asembagus,10/12/1964,Indonesia,lmcclounan5y@i2i.jp,802-616-8628
Linn,Millard,Yaozhou,04/12/1986,China,lmillard5z@washington.edu,527-161-3673
Geoffry,Lansbury,Asnières-sur-Seine,01/28/1966,France,glansbury60@gnu.org,653-106-2016
Karine,Swiffin,Sepahua,11/19/1956,Peru,kswiffin61@walmart.com,762-770-6999
Peirce,Sproat,Horní Lideč,09/17/1999,Czech Republic,psproat62@bloglovin.com,867-224-8334
Jackie,Pitfield,Mexico,05/17/1961,Philippines,jpitfield63@google.de,357-848-2806
Danny,Newborn,Ban Chalong,10/07/1962,Thailand,dnewborn64@wired.com,185-862-8718
Waiter,Folks,Abdurahmoni Jomí,12/01/1979,Tajikistan,wfolks65@fema.gov,433-493-6537
Andrea,Bernardez,Az Zintān,01/13/1996,Libya,abernardez66@deviantart.com,146-668-4186
Addie,Naisbit,Naj‘ Ḩammādī,04/11/1987,Egypt,anaisbit67@buzzfeed.com,925-662-3104
Kali,Dudding,Ageoshimo,04/29/1999,Japan,kdudding68@epa.gov,884-209-7081
Kori,Cotmore,Qutun,07/16/1988,China,kcotmore69@4shared.com,938-525-0462
Stephani,Osbaldstone,Orsha,06/25/1982,Belarus,sosbaldstone6a@t-online.de,799-350-6468
Lula,Rolston,,,,lrolston6b@chronoengine.com,
Victor,McGannon,Vysočany,07/12/1986,Czech Republic,,980-660-1398
Archaimbaud,Bayston,Yajiang,05/21/1977,China,abayston6d@accuweather.com,461-479-8324
Laurens,Wesgate,Buniaga,03/01/1998,Indonesia,,218-824-9693
Sammy,Bellelli,La Ligua,07/07/1952,Chile,sbellelli6f@mediafire.com,711-635-6116
Elwin,Brobak,Tete,05/09/1974,Mozambique,,623-660-0702
Cary,Parnby,Yangxunqiao,01/31/1983,China,cparnby6h@jalbum.net,302-436-3880
Collin,Chatters,Wan Yai,12/07/1979,Thailand,,957-379-1150
Walsh,Evershed,Březí,01/11/1964,Czech Republic,wevershed6j@wsj.com,108-325-3009
Connie,Mc Corley,Kamionka,02/07/1957,Poland,cmccorley6k@opera.com,681-807-0826
Doro,Crielly,Boncong,08/18/1996,Indonesia,dcrielly6l@smh.com.au,128-468-2490
Tabby,Ledingham,Pueblo,03/30/1984,United States,,719-670-0335
Danielle,Blenkin,Salamanca,04/13/1981,Spain,dblenkin6n@amazonaws.com,228-524-5078
Ivonne,Giral,Chokwé,08/31/1961,Mozambique,igiral6o@sun.com,829-673-2079
Karil,Thurlborn,Ungsang,01/26/1965,South Korea,kthurlborn6p@statcounter.com,594-834-5373
Sunny,Herries,Bayshint,10/30/1960,Mongolia,sherries6q@mac.com,451-581-0477
Steward,Becken,Bantiran,03/26/1973,Indonesia,sbecken6r@e-recht24.de,851-610-1891
Tish,Roblin,Hashimoto,01/03/1973,Japan,troblin6s@photobucket.com,677-523-8559
Rodolph,Filippello,Qal‘ah-ye Kūf,06/22/1975,Afghanistan,rfilippello6t@altervista.org,723-386-0311
Bernardine,Brecknock,Raciążek,04/10/1990,Poland,,456-256-8343
Kimmie,Deem,Boa Vista,09/19/1956,Brazil,kdeem6v@dmoz.org,887-638-2793
Tanitansy,Tamsett,Blois,07/28/1957,France,ttamsett6w@github.io,393-656-2500
Kerr,Gadsby,Pensacola,10/25/1956,United States,kgadsby6x@ocn.ne.jp,850-737-9571
Blancha,Sellick,Keyi,09/01/1990,China,bsellick6y@about.com,230-857-8917
Cassy,Jirieck,Pithoro,03/28/1987,Pakistan,,642-185-1595
Josh,Goodacre,Phoenix,04/17/1990,United States,,602-401-0649
Farrel,De Francisci,Shamakhi,01/23/1979,Azerbaijan,fdefrancisci71@ifeng.com,145-533-3010
Arlette,Broadhurst,,,,abroadhurst72@indiegogo.com,
Dwight,McClancy,Xingdian,09/16/1991,China,dmcclancy73@ucsd.edu,491-832-1124
Suzy,Fendt,Klos,01/26/1967,Albania,sfendt74@furl.net,524-751-8343
Ingmar,Jordanson,,,,ijordanson75@wordpress.org,
Arturo,Mityukov,,,,amityukov76@sphinn.com,
Melania,Howells,El Peñón,12/30/1978,Dominican Republic,mhowells77@php.net,960-232-4745
Gabriell,Beauchamp,Duanjia,09/12/1991,China,gbeauchamp78@google.de,936-805-3046
Filmer,Elders,Lyubeshiv,12/08/1997,Ukraine,felders79@thetimes.co.uk,746-561-7696
Maury,Mauser,Mafeteng,07/30/1958,Lesotho,,451-734-5334
Eugenie,Annable,Muarasiau,05/04/1965,Indonesia,eannable7b@storify.com,540-460-3563
Tobye,Blacklawe,Stockholm,01/02/1968,Sweden,tblacklawe7c@pen.io,378-462-5175
Shaylah,Feake,Pang,04/06/1965,Philippines,sfeake7d@cpanel.net,690-502-4579
Rabi,Easthope,Atlanta,02/03/1960,United States,reasthope7e@altervista.org,404-869-4354
Patrick,Lomax,Corralito,02/24/1967,Argentina,plomax7f@wisc.edu,802-728-7265
Rikki,Garratty,San Francisco,05/01/1997,Mexico,rgarratty7g@hostgator.com,437-320-8019
Drusy,Couvert,Emiliano Zapata,07/29/1964,Mexico,,110-654-6576
Paul,Meeking,Mouhijärvi,04/02/1958,Finland,pmeeking7i@marketwatch.com,202-995-7832
Shawn,Harvett,Biała Piska,06/27/1967,Poland,sharvett7j@rambler.ru,275-820-8642
Rosabelle,Bignell,Ust-Kamenogorsk,07/12/1986,Kazakhstan,,803-883-3106
Damita,Moseley,Nikitinskiy,11/15/1979,Russia,dmoseley7l@ucoz.com,256-413-3590
Wilek,Cowdray,,,,wcowdray7m@imdb.com,
Roderick,Rennels,Dian-ay,02/27/1968,Philippines,,751-157-4237
Ulrikaumeko,Spinnace,Dayingjie,11/02/1987,China,uspinnace7o@ucsd.edu,146-612-3353
Kristy,Fredi,Asheville,06/28/1992,United States,kfredi7p@admin.ch,828-152-5131
Ashley,Kohlerman,Lewo,09/29/1995,Indonesia,akohlerman7q@kickstarter.com,811-861-0203
Carol-jean,Sandcroft,Charlton,08/13/1992,United Kingdom,csandcroft7r@netlog.com,390-562-2113
Gretel,Hunnaball,Píritu,08/24/1950,Venezuela,ghunnaball7s@google.es,670-856-1347
Heriberto,Coburn,Jurva,02/09/1976,Finland,hcoburn7t@wsj.com,472-587-6840
Jewell,Fitzroy,Austin,04/01/1983,United States,jfitzroy7u@jalbum.net,512-398-0108
Belia,Fillingham,Jubaoshan,11/19/1971,China,,579-952-9973
Hamil,Canning,Extremoz,07/06/1996,Brazil,hcanning7w@samsung.com,163-212-2168
Michal,Silbert,Hayil,01/04/1995,Saudi Arabia,msilbert7x@artisteer.com,757-105-2680
Eirena,Boissieux,,,,,
Solly,Fleckney,Bronnitsy,10/22/1976,Russia,sfleckney7z@fastcompany.com,638-255-7907
Hillary,Cescotti,Krasnokholm,09/09/1999,Russia,hcescotti80@goodreads.com,916-412-8411
Andrej,Handslip,São Paio Merelim,05/15/1971,Portugal,ahandslip81@admin.ch,904-717-1079
Gabie,Joynt,Marseille,06/03/1980,France,gjoynt82@istockphoto.com,362-699-6335
Price,Lamb-shine,Sakura,10/01/1995,Japan,plambshine83@bloglovin.com,223-578-1853
Creighton,Kinnett,Laohugang,01/31/1956,China,ckinnett84@nature.com,615-738-9554
Ilene,Commings,Kut Chap,11/01/1977,Thailand,,345-973-9251
Robinett,Battelle,Grenoble,07/31/1978,France,,756-584-3041
Garrott,Shiels,Negla,06/03/1966,Indonesia,,341-483-9716
Renaldo,Horsted,Namysłów,08/17/1980,Poland,,830-785-1511
Tobit,Stellin,Gelin,02/19/1954,China,tstellin89@elpais.com,144-817-9327
Whitby,Springate,Limeiras,04/17/1970,Portugal,,403-393-8479
Pru,Herion,Ḩajjah,12/24/1976,Yemen,,578-777-3262
Eric,Durban,Muarasiau,10/29/1973,Indonesia,edurban8c@admin.ch,912-452-8482
Kevin,Mosen,Zhutian,03/15/1978,China,kmosen8d@soup.io,491-274-7300
Isabeau,Boorman,Orléans,08/22/1954,France,iboorman8e@hugedomains.com,391-820-7670
Ulrika,Dakhov,Mateur,07/10/1996,Tunisia,udakhov8f@altervista.org,345-944-0297
Tamas,Boseley,Hpa-an,04/02/1988,Myanmar,tboseley8g@upenn.edu,479-355-6014
Sharia,Acock,Tim,07/23/1992,Russia,sacock8h@furl.net,806-279-2145
Reeba,Bausor,Fale old settlement,04/28/1995,Tokelau,,996-679-1223
Xerxes,Petranek,Salamá,12/14/1995,Guatemala,xpetranek8j@cisco.com,123-841-2761
Kizzie,Brunotti,Somanda,09/24/1961,Tanzania,kbrunotti8k@digg.com,110-435-1058
Aguste,Culshaw,Hajnówka,04/06/1966,Poland,aculshaw8l@woothemes.com,359-394-3242
Kathi,Kalinowsky,Argentan,09/14/1986,France,kkalinowsky8m@hexun.com,458-752-0628
Ruthanne,Cockin,Waco,04/17/1960,United States,rcockin8n@cnbc.com,435-433-0529
Jaclin,Cremin,Ballina,11/05/1954,Ireland,jcremin8o@pen.io,921-855-8259
Benton,Cogar,Kotovsk,03/03/1959,Russia,bcogar8p@nih.gov,703-812-5465
Faith,Needham,Paso de Indios,10/17/1956,Argentina,fneedham8q@mysql.com,134-969-6840
Michal,Gallaccio,Przyborów,12/18/1969,Poland,mgallaccio8r@yahoo.co.jp,870-124-3190
Inessa,Gary,Jinnan,11/05/1980,China,igary8s@networkadvertising.org,281-202-3479
Jaclin,Colwell,,,,jcolwell8t@baidu.com,
Sawyer,Connold,Patong,10/12/1973,Philippines,sconnold8u@yandex.ru,546-979-7543
Harley,Penwright,Mönchengladbach,05/08/1962,Germany,hpenwright8v@e-recht24.de,744-920-8881
Cassandry,Headrick,Tongjiang,04/10/1968,China,cheadrick8w@ycombinator.com,598-319-6766
Sidnee,De Robertis,Marmashen,01/21/1953,Armenia,sderobertis8x@amazon.com,901-249-0444
Murielle,Sheriff,Nueve de Julio,06/01/1998,Argentina,msheriff8y@printfriendly.com,957-306-7474
Wes,Herculeson,Fresno,01/02/1977,United States,wherculeson8z@diigo.com,559-931-6276
Yettie,Brunel,Rožna Dolina,07/12/1976,Slovenia,ybrunel90@ustream.tv,157-575-3516
Lionel,Gristock,Nelipyno,10/18/1971,Ukraine,,771-896-8422
Davy,Strutley,Ćićevac,07/18/1973,Serbia,dstrutley92@sbwire.com,366-635-0268
Nadeen,Ironmonger,Aourir,11/15/1960,Morocco,nironmonger93@chronoengine.com,850-680-3754
Anitra,Itscovitz,Zea,05/01/1954,Venezuela,aitscovitz94@huffingtonpost.com,689-571-4158
Lyndell,Macklam,Sarirejo Satu,02/21/1993,Indonesia,,950-248-7176
Rica,Burbage,,,,rburbage96@arizona.edu,
Court,Setchell,Ifon,01/16/1992,Nigeria,csetchell97@liveinternet.ru,663-326-2374
Talbert,Pattlel,Xianyi,08/25/1966,China,tpattlel98@wordpress.org,459-590-9284
Sallyanne,Bowcock,Chikeng,12/31/1963,China,sbowcock99@miitbeian.gov.cn,397-374-3727
Verina,Lathan,Baş Göynük,01/17/1988,Azerbaijan,vlathan9a@illinois.edu,211-988-4797
Iver,Ritson,Bojong,07/03/1968,Indonesia,iritson9b@icio.us,606-251-1582
Felice,Targett,Pringsewu,09/14/1988,Indonesia,ftargett9c@taobao.com,539-330-5138
Hurlee,Sprankling,Suzëmka,12/10/1962,Russia,hsprankling9d@jigsy.com,898-366-3598
Therese,Rapaport,Zhangpu,12/04/1989,China,trapaport9e@icq.com,846-294-7902
Hillier,Hellikes,Madang,10/20/1972,Papua New Guinea,hhellikes9f@army.mil,333-782-6644
Petey,McGurk,Jianqiao,04/15/1954,China,pmcgurk9g@wordpress.com,731-602-0474
Fitz,Commins,Czudec,04/12/1993,Poland,fcommins9h@redcross.org,355-836-3268
Terri,Coley,Sukahening,04/17/1972,Indonesia,,459-482-6046
Josee,Cowdrey,Novodmitriyevskaya,01/09/1952,Russia,jcowdrey9j@archive.org,799-518-5750
Jock,Mathiot,Katur,06/05/1996,Indonesia,jmathiot9k@fastcompany.com,900-599-7810
Krishna,Mackett,Jingdezhen,05/05/1964,China,kmackett9l@google.es,161-838-9425
Farrel,Sibthorpe,Чучер - Сандево,11/23/1994,Macedonia,,637-855-9959
Carry,Moreman,Citalahab,10/23/1998,Indonesia,cmoreman9n@kickstarter.com,825-804-2313
Carole,Krabbe,Agraharam,04/03/1953,India,ckrabbe9o@wikispaces.com,278-206-4966
Josy,Taberer,Jianrao,10/18/1954,China,jtaberer9p@blinklist.com,559-684-5706
Carlyle,Laurencot,Krajan Alastengah,04/10/1999,Indonesia,claurencot9q@chicagotribune.com,788-310-2809
Tim,Hogbin,,,,thogbin9r@scientificamerican.com,
Corrinne,Glossup,Wukang,06/16/1970,China,cglossup9s@gizmodo.com,448-546-9782
Mia,Zanutti,Tumpang,01/16/1990,Indonesia,mzanutti9t@php.net,372-176-9075
Dalila,Briatt,Paciran,09/06/1961,Indonesia,,652-127-1761
Cathyleen,Felstead,Adani,02/19/1999,Nigeria,cfelstead9v@booking.com,917-604-8560
Biddy,Sylvester,Ménaka,12/01/1975,Mali,bsylvester9w@etsy.com,938-192-7103
Maryrose,Montfort,Sufang,08/03/1961,China,mmontfort9x@mlb.com,702-736-6581
Ilka,Whittock,Datang,01/23/1959,China,,132-552-8784
Carolann,McAuslan,Itajaí,12/03/1988,Brazil,cmcauslan9z@nytimes.com,828-536-9928
Parker,Tresler,Psygansu,06/13/1973,Russia,ptreslera0@sogou.com,439-938-4232
Bentley,Witcomb,Nunsena,10/11/1969,Indonesia,bwitcomba1@sohu.com,606-378-2432
Juditha,Real,São Sebastião,06/29/1965,Brazil,jreala2@ocn.ne.jp,124-567-0042
Oona,Davion,Oshnavīyeh,05/02/1957,Iran,odaviona3@nyu.edu,879-905-3154
Budd,Edwardes,Krasnopillya,05/12/1969,Ukraine,,821-488-7944
Letty,Penzer,Benavila,07/14/1969,Portugal,lpenzera5@tmall.com,567-635-8765
Alden,Reimer,Grybów,11/04/1988,Poland,areimera6@omniture.com,783-397-0639
Robin,Baudassi,Gudang,10/28/1974,Indonesia,rbaudassia7@businessweek.com,357-337-5281
Mack,Smeath,Kedungasem,05/23/1986,Indonesia,msmeatha8@washington.edu,870-191-6519
Erina,Stimpson,Altamira,02/22/1951,Venezuela,estimpsona9@umich.edu,391-426-1825
Rickey,Santarelli,Balayan,01/02/1966,Philippines,rsantarelliaa@hp.com,787-604-1440
Alvina,Serle,Sofo-Birnin-Gwari,05/24/1964,Nigeria,aserleab@privacy.gov.au,645-116-4362
Renado,Howe,Marcovia,02/03/1957,Honduras,rhoweac@free.fr,459-259-1647
Demetrius,Collins,Yessentukskaya,02/02/1991,Russia,,947-277-5562
Maible,Conachy,Boucinhas,04/03/1973,Portugal,,821-149-1372
Amelia,Leese,Pescara,10/03/1969,Italy,aleeseaf@reference.com,705-424-9838
Consuela,Housecraft,Devesa,04/06/1966,Portugal,,449-853-3748
Koralle,Goburn,Sindong,09/22/1982,South Korea,kgoburnah@mapy.cz,807-547-8690
Ulberto,Colt,Rochester,08/11/1956,United States,ucoltai@360.cn,315-264-7040
Taddeo,Pund,Oxelösund,04/02/1985,Sweden,tpundaj@google.ca,254-589-1992
Eduardo,Placide,Toroy,04/24/1967,Indonesia,eplacideak@woothemes.com,526-670-1898
Marketa,Tamsett,Nunbaundelha,03/01/1953,Indonesia,mtamsettal@google.ca,977-125-0783
Brew,Rosindill,Lopandino,11/20/1965,Russia,brosindillam@joomla.org,364-808-2671
Desiri,Bramah,Troitskoye,11/07/1985,Russia,dbramahan@moonfruit.com,599-921-6229
Ethan,Heild,Paris 15,06/07/1991,France,eheildao@php.net,690-167-0403
Anitra,Maxwale,Áyioi Apóstoloi,03/18/1957,Greece,,748-448-2416
Christel,Shellum,Gazojak,12/24/1955,Turkmenistan,cshellumaq@europa.eu,721-299-4521
Tabby,Oxe,Svilengrad,02/29/1984,Bulgaria,toxear@yelp.com,937-396-7744
Agathe,Benner,Montigny-lès-Metz,05/28/1978,France,abenneras@ovh.net,137-667-4935
Beatrisa,Hanbridge,,,,bhanbridgeat@pinterest.com,
Zebadiah,Elderton,Bajiao,11/27/1966,China,zeldertonau@biblegateway.com,425-686-9735
Corey,Normanton,Cusapín,04/26/1970,Panama,,229-823-2488
Orren,Deschelle,Shuimen,10/08/1987,China,odeschelleaw@prweb.com,865-778-5471
Dame,Bartzen,Mazha,05/01/1986,China,dbartzenax@harvard.edu,953-487-5754
Amye,Rayne,Villa Paula de Sarmiento,01/26/1968,Argentina,arayneay@twitter.com,439-852-5967
Scarface,Mount,Lokatadho,06/29/1980,Indonesia,smountaz@biblegateway.com,879-982-0191
Ruprecht,Putland,Dunmanway,03/03/1965,Ireland,rputlandb0@google.pl,722-980-8615
Ashlie,Seago,Karangora,05/27/1961,Indonesia,aseagob1@tripadvisor.com,576-225-5465
Herby,Manuele,Punta Cana,10/30/1981,Dominican Republic,hmanueleb2@shutterfly.com,754-185-8277
Elbertine,Risbridge,Trzebinia,02/24/1985,Poland,erisbridgeb3@goodreads.com,320-482-0471
Rosa,Risso,Crespo,07/16/1955,Argentina,,528-915-1380
Mal,Chedzoy,Beit Horon,09/09/1982,Israel,,928-908-8671
Kendra,Goseling,Hövsan,07/25/1994,Azerbaijan,kgoselingb6@army.mil,647-502-4806
Mair,Baudain,Érd,05/01/1953,Hungary,mbaudainb7@topsy.com,316-210-1458
Katti,Clayson,Svirsk,10/20/1996,Russia,,772-735-7105
Tally,Lasseter,San Carlos,10/15/1990,Colombia,tlasseterb9@wordpress.com,341-562-6168
Doralynn,Petzold,Tanggung,09/25/1962,Indonesia,dpetzoldba@goo.gl,602-133-8549
Inger,Edler,Moutsamoudou,07/13/1977,Comoros,iedlerbb@wired.com,675-313-1589
Georgena,Rembrant,Medveditskiy,12/22/1979,Russia,grembrantbc@cocolog-nifty.com,374-754-1715
Sarene,Abazi,Leon,11/25/1967,Spain,sabazibd@acquirethisname.com,339-913-7876
Bonnee,Cridge,Xilian,09/02/1963,China,bcridgebe@stumbleupon.com,832-431-7350
Olive,Ashingden,Tabuk,11/18/1991,Philippines,oashingdenbf@uiuc.edu,253-700-8687
Jaquith,Sudran,Solţānābād,08/01/1954,Iran,jsudranbg@list-manage.com,152-422-9936
Josey,Scaddon,Cariamanga,01/10/1986,Ecuador,jscaddonbh@live.com,380-694-4863
Lyell,Barca,Oibioin,04/20/1959,Indonesia,lbarcabi@blogger.com,937-169-2934
Frederick,Burbudge,Tabatinga,05/01/1972,Brazil,fburbudgebj@geocities.jp,543-844-1706
Galven,Yendall,Póvoa do Valado,07/18/1965,Portugal,gyendallbk@earthlink.net,741-363-1280
Aurelie,Bourley,Aigínio,06/26/1986,Greece,abourleybl@github.com,768-606-3319
Ryon,Ruffli,Nurlat,04/18/1976,Russia,rrufflibm@walmart.com,581-345-6570
Pauletta,Presdee,Maglaj,04/02/1989,Bosnia and Herzegovina,ppresdeebn@tinyurl.com,939-997-4538
Evonne,Braine,La Cruz,01/26/1950,Costa Rica,ebrainebo@cnn.com,292-549-3116
Eryn,Muckian,Drakino,06/14/1960,Russia,emuckianbp@quantcast.com,985-282-9771
Lorens,Metrick,Skołyszyn,08/30/1995,Poland,lmetrickbq@apple.com,679-512-7988
Marietta,Mariyushkin,Şānūr,07/03/1958,Palestinian Territory,,369-539-7295
Joella,Budleigh,Ljungby,01/25/1976,Sweden,,816-425-3795
Raddy,Harewood,Gangou,08/14/1960,China,rharewoodbt@seesaa.net,460-214-2485
Adda,Antognetti,Mosopa,12/24/1958,Botswana,aantognettibu@nba.com,375-364-6225
Libbi,MacAne,Lavras,06/05/1979,Brazil,lmacanebv@liveinternet.ru,634-451-6752
Hayward,Presho,Hostivice,07/07/1991,Czech Republic,hpreshobw@linkedin.com,551-288-4789
Melva,Sakins,Santa Cruz del Quiché,04/10/1995,Guatemala,msakinsbx@reverbnation.com,664-814-2883
Man,Clerk,Petaẖ Tiqwa,08/23/1975,Israel,mclerkby@mit.edu,847-114-4692
Penrod,Telling,Öldziyt,10/21/1974,Mongolia,ptellingbz@marriott.com,793-455-8463
Art,Smart,,,,,
Eva,Toulmin,Pasirtundun,03/25/1974,Indonesia,etoulminc1@nps.gov,262-649-6750
Nisse,Flindall,Sbo’o,02/27/1964,Indonesia,nflindallc2@boston.com,500-744-2233
Thorndike,Attewill,Huanghuatan,03/22/1971,China,tattewillc3@ucsd.edu,451-496-5578
Ethelyn,Lampet,Karanggeneng,06/28/1980,Indonesia,elampetc4@goo.ne.jp,230-290-7572
Anstice,Fairall,Masingbi,02/19/1967,Sierra Leone,afairallc5@yolasite.com,930-961-6582
Gardie,Buncom,Mucurapo,02/28/1979,Trinidad and Tobago,gbuncomc6@shareasale.com,824-122-9680
Wyatt,Baford,Cabcaben,12/01/1977,Philippines,wbafordc7@ovh.net,692-251-2538
Ashton,Dowsing,Pantubig,02/11/1957,Philippines,adowsingc8@rediff.com,424-181-6291
Elberta,Seegar,Miraflores,06/04/1950,Peru,,413-979-9945
Annie,Merriment,Lëbushë,02/15/1967,Kosovo,,720-249-3235
Cecily,Milburne,Hrvatska Kostajnica,03/15/1978,Croatia,cmilburnecb@dropbox.com,736-865-5964
Diego,Bambury,Bilajer,02/17/1963,Azerbaijan,dbamburycc@nationalgeographic.com,654-939-5301
Gabriell,Dowty,Yatsushiro,01/01/1995,Japan,,332-439-9374
Marion,Gabriely,Cidadap,12/15/1981,Indonesia,mgabrielyce@infoseek.co.jp,448-722-9238
Gabrielle,Woollett,Maliang,09/22/1986,China,gwoollettcf@about.com,779-428-2897
Hanny,Mee,San Antonio,03/20/1962,Mexico,,812-847-0985
Sarene,Prendergast,Korenëvo,06/04/1966,Russia,sprendergastch@mac.com,777-187-3971
Sammy,Roggerone,Chexi,10/19/1977,China,sroggeroneci@webmd.com,108-200-7513
Ingram,Bravey,Molteno,05/31/1989,South Africa,ibraveycj@washington.edu,298-695-6294
Lewiss,Davitt,Pasto,07/30/1983,Colombia,ldavittck@shop-pro.jp,143-465-8253
Aggy,Ruddick,Aotou,04/21/1965,China,,552-609-7517
Agosto,Swettenham,Penanggungan,03/10/1974,Indonesia,aswettenhamcm@jimdo.com,575-961-4014
Kassey,Ohm,Kansas City,10/05/1973,United States,kohmcn@unblog.fr,913-597-8290
Cassey,Jackalin,Boston,07/07/1965,Philippines,cjackalinco@blinklist.com,175-655-6301
Adelaide,Dubose,Cumadcad,12/31/1980,Philippines,adubosecp@army.mil,185-108-6029
Hilarius,Snooks,Baizhang,03/22/1952,China,hsnookscq@nymag.com,738-659-8166
Bartolemo,Bickford,Orléans,08/03/1978,France,,785-597-5266
Iolande,Busher,Bergen op Zoom,05/21/1968,Netherlands,ibushercs@blogtalkradio.com,555-981-5233
Aubree,Negal,Metsavan,08/13/1993,Armenia,anegalct@mapquest.com,980-288-2708
Jesse,Hamby,Kamalaputi,01/14/1986,Indonesia,jhambycu@github.io,529-948-4128
Harlene,Eakley,Liulin,02/07/1972,China,heakleycv@constantcontact.com,941-781-1150
Rozamond,Theze,Terawas,12/09/1983,Indonesia,rthezecw@vistaprint.com,477-532-1990
Gilbert,Kee,Esso,10/31/1957,Russia,,321-560-0095
Emelia,Shotter,Veles,04/07/1965,Macedonia,,675-336-6317
Donall,Silverton,Balkh,02/28/1985,Afghanistan,dsilvertoncz@digg.com,127-350-8948
Dolph,Wealthall,Srokowo,07/20/1982,Poland,dwealthalld0@ca.gov,262-227-2095
Gerri,Lytlle,Termas de Río Hondo,12/20/1977,Argentina,glytlled1@irs.gov,948-285-9630
Sigismondo,Saurat,Lampitak,09/14/1980,Philippines,ssauratd2@sourceforge.net,883-503-6430
Eve,Abelson,Huerta Grande,02/02/1982,Argentina,eabelsond3@livejournal.com,813-291-1468
Brent,McConnulty,Zevgolateió,09/01/1993,Greece,bmcconnultyd4@mac.com,852-249-0306
Jodie,Dell,Badung,09/29/1974,Indonesia,jdelld5@nymag.com,169-708-4423
Kaleb,Deery,Nong Yasai,10/26/1958,Thailand,kdeeryd6@sun.com,790-553-1070
Lazarus,Cosans,Stockholm,11/16/1986,Sweden,,779-860-8590
Lea,Scemp,Kamieniec Podolski,03/08/1967,Ukraine,,820-526-9686
Glendon,Antonat,Marjayoûn,06/22/1982,Lebanon,gantonatd9@comcast.net,900-503-9425
Trev,Have,Kropotkin,08/28/1998,Russia,,177-594-0009
Sallie,McNamara,Mlowo,09/19/1972,Tanzania,smcnamaradb@woothemes.com,519-161-3951
Bastian,Anglim,Guling,05/07/1953,China,banglimdc@usgs.gov,958-289-2366
Ansley,Shrive,Loppi,04/12/1999,Finland,ashrivedd@vk.com,436-819-9146
Izabel,Middleton,Manghit,09/25/1999,Uzbekistan,imiddletonde@cmu.edu,650-708-1760
Buddy,Wainman,Setono,12/29/1998,Indonesia,bwainmandf@hhs.gov,313-522-0303
Vin,Kapiloff,Goris,04/09/1985,Armenia,vkapiloffdg@irs.gov,501-957-0905
Nari,Courage,,,,ncouragedh@vk.com,
Wade,Haugen,Skrzyszów,09/22/1988,Poland,whaugendi@goodreads.com,538-649-2674
Renelle,Harral,Pieksämäki,03/18/1950,Finland,rharraldj@yellowpages.com,504-594-7878
Pamelina,Pedrazzi,,,,ppedrazzidk@istockphoto.com,
Celestyna,Zouch,Chong’ansi,03/31/1979,China,czouchdl@ebay.com,263-864-5796
Ernesto,Kem,,,,ekemdm@merriam-webster.com,
Brena,Hadley,Barranca,05/04/1957,Peru,bhadleydn@histats.com,449-523-2504
Aili,Twidell,Lancar,05/08/1975,Indonesia,atwidelldo@gnu.org,449-811-2973
Nissa,Cosham,Lendava,12/08/1991,Slovenia,ncoshamdp@foxnews.com,350-751-9720
Bruis,De Cruce,Świnna,10/23/1962,Poland,bdecrucedq@gizmodo.com,194-982-3861
Conny,Behnecke,Sumiainen,11/09/1968,Finland,cbehneckedr@flavors.me,468-472-3365
Dev,Menloe,Rzhev,10/30/1977,Russia,dmenloeds@amazonaws.com,738-348-5056
Barney,Ranking,Tolotangga,02/09/1990,Indonesia,brankingdt@salon.com,736-951-6193
Westley,Duthy,Hongmiao,08/11/1999,China,wduthydu@newyorker.com,100-572-6661
Deeann,McCraw,Konice,05/17/1996,Czech Republic,dmccrawdv@jimdo.com,981-249-5093
Ethe,Graalmans,Capalonga,05/20/1993,Philippines,egraalmansdw@discovery.com,889-759-0891
Darnell,Mattiessen,Shuidong,11/03/1972,China,dmattiessendx@disqus.com,963-295-8302
Johan,Galle,Huaraz,03/19/1968,Peru,jgalledy@ehow.com,191-266-6717
Philomena,MacCoughan,Vårby,10/24/1979,Sweden,pmaccoughandz@odnoklassniki.ru,673-965-2889
Ermentrude,Schirak,Curiapo,11/20/1998,Venezuela,eschirake0@clickbank.net,409-969-6063
Lodovico,Ebdon,Catumbela,06/11/1955,Angola,lebdone1@tripod.com,736-114-8022
Roy,Hartzog,Liverpool,12/03/1981,United Kingdom,rhartzoge2@blogger.com,270-147-8138
Bobbye,Eagar,Beaumont,02/16/1954,United States,beagare3@indiegogo.com,936-803-9384
Leslie,Gong,Paradyż,03/07/1985,Poland,lgonge4@time.com,684-326-7632
Mace,Eagger,Eydhafushi,07/11/1951,Maldives,meaggere5@skyrock.com,866-917-9240
Goddard,Mellows,Quisqueya,06/29/1995,Dominican Republic,gmellowse6@altervista.org,116-870-2633
Aeriell,Amey,Loo,09/04/1981,Estonia,,986-720-9239
Hort,Carmody,Dorogobuzh,09/25/1991,Russia,hcarmodye8@reverbnation.com,109-444-6535
Marcelo,Vorley,Al Qaţīf,11/18/1961,Saudi Arabia,mvorleye9@disqus.com,599-610-0259
Abra,Brewett,Heka,09/11/1981,China,abrewettea@digg.com,726-639-1420
Carola,Ounsworth,Nice,02/08/1973,France,counswortheb@flickr.com,114-461-4580
Ezekiel,Robet,Sentani,07/21/1976,Indonesia,erobetec@dmoz.org,152-409-1398
Ira,Blackborne,Lunenburg,08/18/1978,Canada,,276-445-7655
Ignace,Kolin,Ganzhou,07/24/1962,China,ikolinee@creativecommons.org,392-842-1877
Flemming,Yurkin,Rio Pardo,10/06/1978,Brazil,fyurkinef@ucla.edu,192-333-6292
Ana,Foxon,Nozdrzec,08/28/1986,Poland,afoxoneg@baidu.com,602-175-3769
Dilly,Skates,Frederiksberg,02/07/1968,Denmark,,593-267-1711
Leighton,Northleigh,Vyshneve,02/04/1960,Ukraine,lnorthleighei@ucoz.ru,995-630-9091
Marley,McNee,Järfälla,06/28/1994,Sweden,mmcneeej@quantcast.com,494-773-7953
Maye,Brunt,Usulután,08/29/1992,El Salvador,mbruntek@who.int,961-345-5882
Francois,Deluce,Pansoy,11/11/1988,Philippines,fdeluceel@oakley.com,244-878-4217
Norri,Padwick,Shahrīār,07/30/1966,Iran,npadwickem@hhs.gov,997-355-3766
Matt,Sutherns,Kadugadung,02/03/1960,Indonesia,,847-291-2167
Hillery,Bolf,Chimboy Shahri,02/28/1958,Uzbekistan,hbolfeo@howstuffworks.com,365-409-7898
Creighton,Dorgan,Bechlín,02/23/1956,Czech Republic,,703-932-6418
Maisey,Baxandall,Pereira Barreto,04/30/1962,Brazil,mbaxandalleq@dot.gov,887-717-8344
Moises,Carss,Malishka,09/08/1988,Armenia,mcarsser@gravatar.com,591-179-2306
Jessie,Egan,Randuagung,04/23/1970,Indonesia,jeganes@cisco.com,273-246-6630
Georgetta,Cowle,Portoviejo,07/09/1994,Ecuador,gcowleet@ifeng.com,538-714-3351
Annemarie,Brand-Hardy,Sucre,09/21/1953,Peru,,165-794-6110
Hersh,Varker,‘Afula ‘Illit,05/08/1968,Israel,hvarkerev@mediafire.com,779-780-1800
Em,Quigley,Dobczyce,02/11/1966,Poland,,633-535-0167
Marisa,Billyard,Všetaty,05/02/1955,Czech Republic,mbillyardex@vistaprint.com,120-925-9243
Warren,Dunton,Syamzha,11/19/1986,Russia,wduntoney@shareasale.com,443-995-9680
Rhonda,Pawlik,London,08/22/1994,United Kingdom,rpawlikez@alibaba.com,386-643-0197
Gert,Cockaday,Cimo de Vila,06/05/1964,Portugal,,864-180-3002
Nicol,Marking,Banepa,03/19/1968,Nepal,nmarkingf1@list-manage.com,994-250-5507
Lebbie,Eglise,Lom Sak,10/02/1960,Thailand,,494-609-6689
Basilius,Roulston,Bokor,06/10/1977,Indonesia,,360-101-2703
Myrtice,Chattey,Sérvia,08/07/1964,Greece,mchatteyf4@reuters.com,206-862-0003
Kameko,Sarginson,Payapa,12/26/1960,Philippines,ksarginsonf5@example.com,630-451-4122
Fulvia,Tiffney,Purísima,11/08/1970,Colombia,ftiffneyf6@wiley.com,718-807-7493
Rochelle,Cartlidge,Tonkino,12/24/1981,Russia,rcartlidgef7@1und1.de,484-637-9195
Josiah,Ansett,Rodnikovskaya,05/30/1958,Russia,jansettf8@nytimes.com,344-763-5763
Gan,Cuskery,Baishuitan,07/19/1981,China,gcuskeryf9@merriam-webster.com,366-277-6934
Trescha,Durnin,Sambopinggir,05/03/1964,Indonesia,tdurninfa@dot.gov,517-364-1261
Kippy,Liccardo,Senggreng,05/28/1964,Indonesia,kliccardofb@godaddy.com,654-373-6619
Calla,Gapper,Batojaran,01/19/1965,Indonesia,cgapperfc@chicagotribune.com,451-780-1930
Farris,Iddison,Xilanqi,05/19/1984,China,fiddisonfd@opera.com,147-243-7529
Dotti,Reddle,Laval,05/01/1954,France,dreddlefe@who.int,107-164-9512
Bengt,Poetz,Teresa,01/10/1995,Philippines,bpoetzff@posterous.com,607-215-7484
Karna,Grendon,Qingshan,05/16/1950,China,kgrendonfg@google.com.au,125-353-6712
Bron,De Mattia,Calabugao,12/26/1962,Philippines,bdemattiafh@jigsy.com,505-748-7289
Christophe,Marcome,Đưc Trọng,06/22/1995,Vietnam,,827-817-0110
Rowen,Skin,Lazaro Cardenas,12/19/1958,Mexico,rskinfj@godaddy.com,312-199-7015
Eadith,Cocklie,Xincheng,07/06/1993,China,ecockliefk@163.com,873-560-1893
Betti,Kob,Siverskiy,01/14/1964,Russia,bkobfl@springer.com,538-915-8111
Devina,Auletta,Carregal,12/20/1973,Portugal,daulettafm@sina.com.cn,725-949-8021
Gratia,Grabeham,El Mirador,03/19/1999,Mexico,ggrabehamfn@google.fr,558-745-7538
Dasha,Eddington,Mogilany,02/26/1955,Poland,deddingtonfo@ucoz.com,808-116-8364
Arliene,Manterfield,Maliuzui,01/19/1995,China,,725-422-9530
Wendie,Greeves,Bududa,03/05/1977,Uganda,wgreevesfq@ihg.com,674-568-1112
Chrysler,Olyfant,Puerto Obaldía,03/08/1959,Panama,colyfantfr@sakura.ne.jp,306-897-8733
Starlin,Donalson,Niedrzwica Duża,05/25/1980,Poland,sdonalsonfs@ebay.com,860-538-8346
Leonhard,Jenks,Karangori,04/22/1953,Indonesia,ljenksft@pagesperso-orange.fr,203-349-4992
Emylee,Mays,Makarov,05/20/1980,Russia,,353-435-9467
Beau,Fullwood,Jingang,07/04/1987,China,bfullwoodfv@census.gov,185-797-2212
Celisse,Cossentine,Tsukumiura,12/12/1967,Japan,ccossentinefw@istockphoto.com,152-648-9458
Loni,Cookley,Rueil-Malmaison,10/11/1978,France,lcookleyfx@clickbank.net,831-843-8800
Adorne,Berlin,,,,,
Yorgo,Lennarde,Zhulan,01/25/1978,China,ylennardefz@telegraph.co.uk,336-228-3964
Danni,Chamberlayne,Kulotino,09/05/1986,Russia,,675-710-7001
Eva,Peacop,Wirodayan,03/17/1992,Indonesia,epeacopg1@bbb.org,662-561-3950
Adrian,Mandeville,Huaraz,04/01/1995,Peru,amandevilleg2@businessinsider.com,918-610-5868
Alfie,Nusche,Sala,04/09/1963,Latvia,anuscheg3@cnn.com,901-203-6501
Weider,Jovasevic,Sulūq,06/26/1982,Libya,wjovasevicg4@mapy.cz,966-663-1298
Guinna,Groucock,Duas Igrejas,10/11/1962,Portugal,,161-937-4815
Scotti,Yanshinov,Sumusţā as Sulţānī,04/12/1964,Egypt,,525-537-6000
Maurise,Bushen,Mtimbira,09/15/1980,Tanzania,mbusheng7@newsvine.com,955-842-4124
Lauryn,Brinsden,Potrerillos,05/17/1960,Honduras,lbrinsdeng8@dell.com,818-813-9927
Bird,Jayme,,,,bjaymeg9@amazon.co.jp,
Brett,Stannus,La Cruz de Río Grande,09/22/1964,Nicaragua,bstannusga@java.com,986-635-9174
Kaitlyn,Lamble,Yinjiang,04/14/1968,China,klamblegb@tmall.com,503-437-6105
Eal,Derx,Kokkári,06/30/1962,Greece,ederxgc@artisteer.com,142-318-4690
Jaquith,Rembrant,Jianguo,07/13/1996,China,,998-366-5572
Abramo,MacNeice,Ḩātim,05/25/1964,Jordan,amacneicege@t-online.de,189-130-9502
Kenyon,Grumbridge,Muzidian,12/17/1981,China,,915-227-1907
Shurlocke,Doggart,Masma,09/13/1983,Peru,,870-732-8670
Pinchas,Tellenbroker,Kisai,10/10/1981,Japan,,918-774-3240
Cahra,McKirdy,Ô Môn,08/14/1954,Vietnam,cmckirdygi@acquirethisname.com,985-390-1783
Bessy,Ridler,Paris 15,11/12/1995,France,,689-602-9599
Adaline,Ahrend,K’olīto,03/07/1959,Ethiopia,aahrendgk@skyrock.com,796-993-5296
Nixie,Siemianowicz,Besole,04/07/1974,Indonesia,nsiemianowiczgl@senate.gov,584-503-6020
Theo,Stockill,Bongsri,08/13/1988,Indonesia,tstockillgm@de.vu,155-551-4379
Dennie,Parr,Gayam,10/14/1963,Indonesia,dparrgn@yelp.com,908-972-5099
Charley,Sennett,Angers,02/14/1995,France,csennettgo@wired.com,633-560-0116
Dasi,Barfford,Nuquí,03/30/1982,Colombia,dbarffordgp@bbc.co.uk,668-857-6988
Helen-elizabeth,Harburtson,Pira,11/14/1982,Peru,hharburtsongq@xing.com,963-617-3087
Miriam,Hawkshaw,Kangar,10/03/1969,Malaysia,mhawkshawgr@wsj.com,287-254-1406
Christoforo,Rubra,Berthierville,01/01/1950,Canada,crubrags@newsvine.com,188-569-3195
Alyson,Brinson,San Benito Abad,12/08/1981,Colombia,abrinsongt@delicious.com,288-746-3749
Thacher,Josefson,Vale,01/23/1951,Portugal,,854-232-9513
Rani,Worms,Lalībela,04/11/1990,Ethiopia,rwormsgv@seattletimes.com,372-415-6754
Natale,Edmunds,Yangmaogong,04/09/1955,China,,874-688-2347
Reinwald,Grimmolby,Deauville,09/09/1981,France,rgrimmolbygx@state.gov,566-467-0400
Tomas,Hewins,Shuibatang,08/12/1979,China,thewinsgy@whitehouse.gov,410-197-6550
Hollyanne,Hodgin,Cordon,08/23/1998,Philippines,hhodgingz@businesswire.com,762-248-2081
Ulrika,Melrose,Roi Et,06/17/1992,Thailand,umelroseh0@paginegialle.it,344-370-4555
Waverley,Breawood,Massenya,07/14/1958,Chad,wbreawoodh1@fc2.com,115-297-6736
Elmore,Gilbert,Staré Město,04/16/1984,Czech Republic,egilberth2@xing.com,113-452-8091
Guthry,Ferrero,Saint-Lambert-de-Lauzon,10/15/1992,Canada,gferreroh3@xinhuanet.com,477-157-0361
Kit,Backwell,Lyon,09/21/1953,France,,460-944-8960
Gracia,Grinyer,Leuwayang,08/25/1984,Indonesia,ggrinyerh5@indiatimes.com,642-209-2043
Mayor,Ilyas,Cipaku,05/13/1982,Indonesia,milyash6@nytimes.com,208-658-7959
Danell,Kyndred,Daba,11/24/1976,China,dkyndredh7@hibu.com,332-514-1019
Archambault,Weatherell,San Francisco,04/02/1965,United States,aweatherellh8@cam.ac.uk,415-982-9052
Carter,Dragge,Tongzi,09/21/1965,China,cdraggeh9@nsw.gov.au,304-471-1535
Donal,Silvermann,,,,dsilvermannha@bizjournals.com,
Anabella,Curston,Cunha,12/27/1954,Brazil,acurstonhb@house.gov,776-778-8248
Pincus,Kobpal,Fushan,07/16/1990,China,pkobpalhc@google.com.br,548-452-8245
Dilly,Pitfield,Aksha,07/09/1966,Russia,dpitfieldhd@sun.com,705-167-6329
Gavin,Ibanez,Kaa-Khem,08/02/1991,Russia,gibanezhe@deliciousdays.com,878-394-0414
Marillin,Woolley,Barbaza,02/14/1966,Philippines,mwoolleyhf@loc.gov,145-545-6417
Cordelia,Goodman,Amio,05/12/1968,Philippines,cgoodmanhg@hc360.com,800-364-4266
Hailey,Crandon,Paucar,11/21/1955,Peru,hcrandonhh@vistaprint.com,700-522-1510
Corbie,Weatherdon,Little Rock,08/11/1953,United States,cweatherdonhi@icio.us,501-783-0793
Georgie,Wison,Gaotuan,04/22/1974,China,gwisonhj@nbcnews.com,142-749-9425
Danny,Tutt,Zhangxiang,11/08/1958,China,dtutthk@huffingtonpost.com,200-938-1489
Shirline,Olligan,Kosong,03/04/1954,South Korea,solliganhl@who.int,626-511-6336
Jeffy,Ewert,Pocohuanca,09/29/1987,Peru,jewerthm@quantcast.com,349-542-6139
Mignon,Baress,Tongxing,08/11/1970,China,mbaresshn@indiegogo.com,801-351-0813
Garrik,Hofer,Lame,04/15/1951,Nigeria,,325-877-8419
Seumas,Stivens,Donnybrook,09/11/1980,Ireland,sstivenshp@tinyurl.com,433-311-1104
Yoko,Pitkethly,Ilaya,05/11/1965,Philippines,ypitkethlyhq@dailymotion.com,550-503-6054
Madelle,Erdis,Xiaocheng,08/29/1967,China,merdishr@forbes.com,501-480-1367
Rowe,Gallant,Krousón,05/18/1990,Greece,rgallanths@edublogs.org,325-643-3195
Konstanze,Bernardinelli,Pergan,08/24/1986,Indonesia,kbernardinelliht@mlb.com,525-335-9744
Valli,Wolters,Kafr Mandā,07/21/1952,Israel,,658-404-9548
Alta,Pattie,Kalāt-e Nāderī,12/08/1999,Iran,apattiehv@miitbeian.gov.cn,630-874-7683
Olenolin,Wythill,Carrasqueira,10/25/1965,Portugal,,851-351-8116
Guthrie,Dodswell,Hatava,03/09/1986,Belarus,gdodswellhx@cam.ac.uk,535-197-0162
Nyssa,Geindre,Surkhakhi,12/28/1984,Russia,ngeindrehy@sogou.com,900-543-6573
Kaela,Dresse,Paris La Défense,01/13/1999,France,,781-731-0785
Althea,Troyes,Chợ Gạo,09/14/1987,Vietnam,atroyesi0@va.gov,233-361-6857
Augustine,Worsalls,Radzanów,01/08/1996,Poland,aworsallsi1@seattletimes.com,829-144-9324
Gloriana,Agnew,Kampungtengah,02/17/1998,Indonesia,gagnewi2@nationalgeographic.com,674-942-4766
Hilary,Milborn,Nagano-shi,09/13/1983,Japan,hmilborni3@mashable.com,707-508-9343
Gussy,Alvares,Luuka Town,08/29/1998,Uganda,galvaresi4@taobao.com,257-205-7364
Gloriana,Sisson,Jinzao,10/05/1969,China,gsissoni5@php.net,154-960-2569
Anita,Kennon,,,,akennoni6@ebay.com,
Alvan,Broxton,Nangka,01/22/1990,Philippines,,379-775-8227
Gerladina,Kestian,Chuqui Chuqui,03/06/1976,Bolivia,gkestiani8@java.com,389-826-2458
Audrey,Lemary,San Jorge,07/22/1980,Nicaragua,alemaryi9@microsoft.com,868-569-6492
Dianemarie,Barnewall,,,,dbarnewallia@slashdot.org,
Erl,Royan,Vale de Mendiz,02/01/1953,Portugal,eroyanib@deliciousdays.com,969-174-3918
Tatiania,Kern,Sumiainen,01/20/1955,Finland,tkernic@wiley.com,575-133-4654
Wilfred,Tribell,San Jose,11/22/1953,United States,wtribellid@jigsy.com,408-477-4843
Elmer,Parkisson,Kōnosu,10/21/1973,Japan,,757-140-5992
Kitti,Roath,Pirapora do Bom Jesus,11/08/1965,Brazil,kroathif@rediff.com,939-980-4511
Pris,Strete,Saraktash,11/15/1968,Russia,pstreteig@umich.edu,738-727-7390
Chancey,Leither,Karantaba,08/05/1997,Gambia,cleitherih@cargocollective.com,235-832-1162
Deb,O'Heyne,Gayam,09/22/1996,Indonesia,doheyneii@diigo.com,215-918-5658
Laurianne,Grasser,,,,lgrasserij@a8.net,
Herman,Brackpool,Camarate,10/03/1967,Portugal,hbrackpoolik@woothemes.com,999-925-8284
Gale,Skinner,Las Ánimas,03/06/1992,Honduras,gskinneril@globo.com,253-338-2084
Hammad,Marcombe,Malaruhatan,08/15/1968,Philippines,hmarcombeim@ucoz.com,739-627-3523
Job,Tyt,Krasnokamsk,06/26/1966,Russia,jtytin@tinyurl.com,549-318-2771
Jacques,Trendle,Sidaharja,12/20/1954,Indonesia,jtrendleio@answers.com,652-322-4654
Jobie,Staneland,Laszki,02/06/1990,Poland,jstanelandip@noaa.gov,640-251-0726
Blair,Durand,Slavonice,05/05/1970,Czech Republic,bdurandiq@constantcontact.com,540-145-5979
Katee,Ubanks,Karangmelok,02/20/1995,Indonesia,kubanksir@tmall.com,782-561-9008
Dorothee,Druery,Nor Gyugh,04/29/1964,Armenia,ddrueryis@is.gd,368-810-5622
Blair,Burd,,,,bburdit@weather.com,
Goddart,Audsley,Montpellier,04/12/1960,France,,590-595-3592
Bebe,MacNeil,Pursat,08/20/1989,Cambodia,bmacneiliv@domainmarket.com,899-186-3565
Madeline,Brook,Zarya,06/08/1951,Ukraine,mbrookiw@canalblog.com,588-120-5446
Rebbecca,Cleef,Yazd,10/11/1953,Iran,rcleefix@mapquest.com,191-636-1809
Chere,Gratrex,Křenovice,10/14/1962,Czech Republic,cgratrexiy@netvibes.com,290-211-9979
Zonnya,Durden,,,,zdurdeniz@surveymonkey.com,
Mella,Cobbold,Tanahgrogot,12/14/1970,Indonesia,mcobboldj0@rambler.ru,778-441-7477
Alexine,Pecha,Bungu,03/03/1972,Tanzania,apechaj1@cafepress.com,924-868-6953
Farah,Bettaney,Aglipay,05/21/1962,Philippines,fbettaneyj2@examiner.com,147-420-2639
Cherry,Barneville,Trindade,02/05/1953,Brazil,cbarnevillej3@kickstarter.com,957-550-2595
Lionello,Durning,Rennebu,12/23/1982,Norway,ldurningj4@people.com.cn,944-860-3775
Luce,Brunn,Oberá,12/15/1963,Argentina,lbrunnj5@wsj.com,928-612-5406
Addison,Hughes,Myślenice,08/18/1959,Poland,ahughesj6@acquirethisname.com,658-910-3758
Cristen,Avramow,Ceres,08/10/1988,Brazil,cavramowj7@toplist.cz,581-974-1709
Micaela,Perford,Youxi Chengguanzhen,11/12/1983,China,mperfordj8@ask.com,169-762-8741
Tallia,Renoden,Zaliztsi,04/06/1960,Ukraine,trenodenj9@studiopress.com,204-862-7320
Langsdon,Sowerbutts,Michałów-Reginów,07/04/1957,Poland,lsowerbuttsja@tiny.cc,721-750-6921
Katharina,Ovize,Twante,03/31/1967,Myanmar,kovizejb@newsvine.com,387-669-3260
Ronnie,Opfer,Rockford,02/08/1984,United States,ropferjc@ft.com,815-739-8505
Amber,Sangster,La’ershan,01/07/1999,China,asangsterjd@google.ru,744-717-3507
Pattie,Sunshine,Älvdalen,04/29/1989,Sweden,psunshineje@github.com,610-221-3101
Janet,Di Ruggero,,,,jdiruggerojf@edublogs.org,
Kriste,Sabathier,Kingisepp,04/16/1960,Russia,ksabathierjg@chicagotribune.com,199-222-3241
Leisha,Raven,Vinica,09/13/1970,Croatia,lravenjh@4shared.com,539-547-4160
Jonas,Scimoni,Haz-Zebbug,12/22/1982,Malta,jscimoniji@admin.ch,207-593-1639
Orsola,Duffet,Rueil-Malmaison,05/20/1984,France,oduffetjj@accuweather.com,339-841-3125
Leola,Josefowicz,Srbinovo,03/17/1970,Macedonia,ljosefowiczjk@pinterest.com,253-136-4484
Cammie,Murie,Kuźnia Raciborska,02/26/1962,Poland,cmuriejl@altervista.org,927-904-8858
Forbes,Krollmann,Kuafeu,03/18/1999,Indonesia,fkrollmannjm@friendfeed.com,219-232-2589
Dwayne,Alejandri,Impendle,06/25/1979,South Africa,dalejandrijn@webs.com,697-219-2558
Wilma,Welberry,Qobu,04/21/1989,Azerbaijan,wwelberryjo@oaic.gov.au,520-913-3233
Kathie,Tracy,Mbinga,11/12/1994,Tanzania,ktracyjp@geocities.com,183-252-1582
Armand,Menlow,Xinxu,06/30/1958,China,amenlowjq@ebay.com,901-712-2719
Tasia,Grimwad,Getulio,06/08/1997,Philippines,tgrimwadjr@yolasite.com,682-316-0028
Muffin,Jagg,Sumber Tengah,06/08/1987,Indonesia,,170-714-5968
Cobb,MacAfee,Santa Cruz,02/08/1991,Mexico,cmacafeejt@naver.com,717-314-9678
Elfrida,Menault,København,04/24/1993,Denmark,emenaultju@ehow.com,742-240-2292
Jyoti,McElwee,Tigaherang,07/18/1977,Indonesia,,185-762-4697
Juliane,Clemmen,Mabasa,10/28/1972,Philippines,jclemmenjw@ycombinator.com,992-907-1633
Dav,Fencott,Santana do Ipanema,03/14/1986,Brazil,dfencottjx@issuu.com,987-890-5302
Alonso,McTerlagh,Chancay,08/04/1960,Peru,amcterlaghjy@cdc.gov,232-381-6128
Becca,Nuschke,Xishan,06/01/1977,China,bnuschkejz@wsj.com,957-893-5325
Bernita,Fevers,Reshui,06/13/1997,China,bfeversk0@imgur.com,116-799-2882
Rosalia,Snead,Akbarābād,07/30/1977,Iran,rsneadk1@hp.com,459-272-0330
Toiboid,Karpmann,Norrtälje,06/20/1964,Sweden,,516-535-4719
Freda,Mioni,Al Manşūrah,04/29/1971,Egypt,fmionik3@admin.ch,264-951-3304
Merlina,Essam,Yangiyŭl,05/06/1997,Uzbekistan,messamk4@xinhuanet.com,987-291-7437
Cortney,Desport,,,,cdesportk5@chronoengine.com,
Danni,Vowles,Wako,03/16/1955,Japan,dvowlesk6@moonfruit.com,215-778-6099
Dewey,Bendelow,Sinjār,11/24/1966,Syria,,284-340-1103
Aarika,Mobley,Mori,04/04/1979,Japan,amobleyk8@berkeley.edu,615-119-5248
Waylin,Humphries,Infonavit,04/09/1983,Mexico,whumphriesk9@seesaa.net,242-975-9120
Tan,Niesel,Зуунмод,05/26/1959,Mongolia,,816-804-1167
Vassily,Kite,Kamo,06/11/1972,Japan,,196-969-8421
Briggs,Wakelin,Nandulehe,07/07/1955,China,,121-648-5663
Benedicto,Millward,Otutara,01/20/1994,French Polynesia,bmillwardkd@wordpress.org,381-685-7020
Saraann,McIlraith,Pueblo Nuevo,10/21/1978,Peru,smcilraithke@thetimes.co.uk,775-353-0088
Aldous,Paylie,Changxingbao,03/21/1954,China,,487-244-5215
Linnell,Dyka,Shāhīn Shahr,03/15/1978,Iran,,608-225-1752
Indira,Frankham,Cherga,12/08/1983,Russia,ifrankhamkh@topsy.com,350-521-4638
Burt,Wentworth,,,,bwentworthki@cornell.edu,
Nobe,Sills,Åstorp,10/30/1984,Sweden,nsillskj@photobucket.com,158-508-2925
Shelby,Hearon,San Roque,03/08/1961,Philippines,shearonkk@ucla.edu,209-210-6349
Retha,Bonham,Dubova (Driloni),07/22/1966,Kosovo,,379-988-1699
Muire,Toten,Kirgili,04/30/1988,Uzbekistan,mtotenkm@gmpg.org,766-491-6996
Sigrid,Edmondson,Bailu,02/12/1959,China,sedmondsonkn@ted.com,520-740-5498
Gennifer,Shortt,Khuma,08/02/1966,China,gshorttko@usa.gov,696-873-1841
Feliks,Shrigley,Jaworzyna Śląska,05/28/1952,Poland,fshrigleykp@slate.com,617-454-9672
Gannie,Tomas,Zhukeng,05/09/1951,China,gtomaskq@ifeng.com,193-777-0995
Bunny,Ambler,Babica,08/21/1991,Poland,bamblerkr@blog.com,827-169-4791
Vance,Marrill,Tanjungpecinan Utara,12/23/1991,Indonesia,,375-752-3824
Thaddeus,Ludman,Mulhouse,02/03/1989,France,tludmankt@salon.com,822-197-5730
Elisabeth,Stearnes,Gampang,01/05/1955,Indonesia,estearnesku@unesco.org,485-248-1611
Rosemarie,Kunisch,Potęgowo,04/24/1979,Poland,rkunischkv@twitpic.com,592-450-0944
Pietrek,MacPherson,Sal’sk,01/06/1974,Russia,,763-748-3228
Kriste,Vasyutin,Artybash,05/16/1989,Russia,kvasyutinkx@github.io,684-271-3716
Timmy,Noweak,Klos,06/27/1967,Albania,tnoweakky@edublogs.org,480-477-8800
Camilla,Gabbitas,Xinning,02/26/1968,China,cgabbitaskz@paypal.com,521-990-1269
Hallsy,Fisk,,,,hfiskl0@macromedia.com,
Nissy,Balwin,Renyi,10/26/1958,China,nbalwinl1@jugem.jp,500-127-4063
Florida,Creber,Changgang,03/14/1968,China,fcreberl2@bravesites.com,408-877-7650
Maximo,Samme,Fuyu,12/31/1966,China,msammel3@example.com,504-463-7420
Adelbert,McKean,Macarse,03/03/1977,Philippines,,667-925-0199
Omero,Brotherhed,Karaidel’,05/04/1958,Russia,obrotherhedl5@netlog.com,620-227-2400
Mathilda,Brane,Lukovë,12/05/1993,Albania,,698-832-2802
Harper,McDuall,San Lorenzo,11/13/1981,Guatemala,hmcdualll7@booking.com,851-310-7148
Marcela,Dengate,Changzhi,02/27/1978,China,mdengatel8@mail.ru,579-629-2185
Winnah,Michal,Narva,01/25/1965,Estonia,wmichall9@ox.ac.uk,625-780-4305
Seamus,Finlaison,San Antonio,02/12/1964,Honduras,sfinlaisonla@nhs.uk,108-809-6211
Perry,Pallasch,,,,ppallaschlb@macromedia.com,
Bartholemy,Wiley,Ngawen,03/05/1981,Indonesia,bwileylc@ca.gov,549-455-6832
Ilaire,Brookzie,Strasbourg,03/20/1962,France,,431-401-4870
Grazia,Izsak,Yartsevo,07/18/1958,Russia,gizsakle@wp.com,192-818-9222
Noble,Grzeszczyk,Turgun,11/04/1968,China,,700-414-0370
Erda,Press,Višnjevac,02/20/1950,Croatia,epresslg@bravesites.com,319-299-6068
Page,Rosenfrucht,Hadakewa,04/25/1988,Indonesia,,565-409-1843
Johnath,Dublin,Dukuhtengah,10/05/1997,Indonesia,jdublinli@prlog.org,953-158-3290
Claudette,Tersay,Wangcun,12/09/1981,China,ctersaylj@ebay.co.uk,105-292-1622
Boone,Giovannoni,Pärnu-Jaagupi,08/23/1979,Estonia,bgiovannonilk@amazon.co.uk,622-610-2876
Norman,Petricek,Malinovoye Ozero,04/11/1967,Russia,npetricekll@abc.net.au,231-290-2559
Jere,Gonin,Cajuru,03/04/1980,Brazil,,572-857-5734
Helenka,Georgeson,Benjamin Constant,01/29/1974,Brazil,hgeorgesonln@amazon.co.jp,980-562-3148
Chrystal,Jansen,Kembé,07/11/1986,Central African Republic,cjansenlo@msn.com,629-551-0268
Joycelin,Crolla,Sabang,11/20/1988,Philippines,jcrollalp@tumblr.com,844-392-6282
Zulema,Humm,Aqtaū,09/22/1954,Kazakhstan,zhummlq@shutterfly.com,897-399-9064
Gian,Streatley,Marinići,09/17/1985,Croatia,gstreatleylr@addthis.com,729-859-2105
Bax,McLevie,Viale,03/13/1986,Argentina,bmcleviels@dailymail.co.uk,501-350-9398
Misti,Fishbourne,Macarse,02/22/1955,Philippines,mfishbournelt@sciencedaily.com,914-660-8042
Harrie,Reiglar,Sokol’skoye,07/08/1985,Russia,hreiglarlu@cdc.gov,299-776-0894
Joeann,Mayling,Haixing,01/16/1961,China,jmaylinglv@weather.com,831-871-4552
Mozelle,Chastagnier,Brongkalan,01/01/1980,Indonesia,mchastagnierlw@earthlink.net,617-606-6507
Luther,Heading,Thanh Khê,09/06/1996,Vietnam,lheadinglx@baidu.com,125-700-4733
Godfree,Pinckney,Täby,03/13/1969,Sweden,,411-308-7775
Lark,Decourt,Kasoa,09/26/1954,Ghana,,826-258-4718
Russ,Tuer,Tulsa,04/19/1975,United States,rtuerm0@hibu.com,918-598-4385
Izzy,Wingeatt,Cangyou,08/31/1955,China,iwingeattm1@upenn.edu,152-473-6394
Rosamond,Robelet,Cisalakdesa,02/06/1964,Indonesia,rrobeletm2@europa.eu,522-421-8923
Moshe,Common,Belén,06/02/1961,Uruguay,mcommonm3@cargocollective.com,805-133-1237
Libbey,Gollop,Mary,02/04/1983,Turkmenistan,lgollopm4@cam.ac.uk,651-752-3958
Zolly,Saynor,Żabia Wola,05/19/1968,Poland,zsaynorm5@nature.com,682-996-4663
Bennie,Goodlett,Chao,08/15/1990,Peru,bgoodlettm6@com.com,828-622-4766
Ericka,Dudson,,,,edudsonm7@paypal.com,
Garrott,Pyser,Nantes,01/25/1965,France,,834-508-7439
Sonja,De Castri,Majingklak,05/06/1979,Indonesia,sdecastrim9@nps.gov,774-136-8323
Alice,Chardin,Guyi,06/07/1987,China,achardinma@twitpic.com,344-412-3407
Quentin,Cussins,Banjar Mambalkajanan,06/17/1964,Indonesia,qcussinsmb@yellowbook.com,364-243-0486
Amabelle,Burdess,Kampungtengah,10/19/1983,Indonesia,aburdessmc@ucoz.com,444-427-8116
Prince,Crutchley,Skibbereen,12/04/1967,Ireland,,399-612-7754
Marty,Redmile,Novorossiysk,06/13/1993,Russia,mredmileme@studiopress.com,681-846-4246
Fanya,Edmand,Khakhea,05/12/1962,Botswana,fedmandmf@friendfeed.com,905-885-7459
Ronnie,Curzey,,,,rcurzeymg@google.ca,
Herby,Broady,Ḩājī Khēl,11/08/1998,Afghanistan,hbroadymh@answers.com,955-538-9636
Tadeas,Ritchley,Vrbovec,07/24/1952,Czech Republic,tritchleymi@yandex.ru,635-296-2160
Nanci,Bridgen,Bajingmeduro,07/25/1971,Indonesia,nbridgenmj@creativecommons.org,613-650-4018
Brander,Robilliard,Makbon,10/04/1985,Indonesia,brobilliardmk@howstuffworks.com,580-482-7470
Milissent,Czaple,Kaiyuan,05/27/1978,China,mczapleml@trellian.com,852-521-8984
Kathleen,Ferras,Colcabamba,05/04/1993,Peru,kferrasmm@so-net.ne.jp,574-559-5312
Zandra,Oglevie,Bobadela,03/05/1987,Portugal,zogleviemn@bbc.co.uk,910-409-6423
Martynne,Summers,Ogoja,09/05/1972,Nigeria,msummersmo@wikipedia.org,940-129-3936
Barrett,Dionisi,Shōbara,03/26/1970,Japan,bdionisimp@fc2.com,692-681-0735
Prudi,Sabate,Ljungby,07/01/1993,Sweden,psabatemq@youtube.com,484-220-0615
Francisco,Wasielewicz,Longyuanba,05/20/1950,China,fwasielewiczmr@imageshack.us,532-786-0297
Marianne,Crookes,Ḩarīb,03/04/1991,Yemen,,345-916-7419
Teresita,Baud,Bantacan,07/04/1984,Philippines,tbaudmt@newyorker.com,752-310-0341
Kirbee,Font,Zwolle,10/16/1965,Netherlands,kfontmu@hhs.gov,726-911-8386
Shelley,Sidden,Umag,02/19/1959,Croatia,ssiddenmv@wikia.com,239-948-4958
Carny,Rive,Tanumshede,03/08/1995,Sweden,crivemw@zdnet.com,748-753-0456
Elvina,McGray,Mazowe,12/30/1952,Zimbabwe,emcgraymx@dyndns.org,263-246-7771
Sophi,Brownstein,Thawat Buri,05/17/1996,Thailand,sbrownsteinmy@marriott.com,434-355-4261
Decca,Ofen,Jājarm,10/22/1997,Iran,dofenmz@printfriendly.com,197-287-7891
Wilmer,Feavers,Migues,10/18/1950,Uruguay,wfeaversn0@squidoo.com,560-392-4092
Donnajean,Verillo,Huntington,11/02/1995,United States,dverillon1@people.com.cn,304-857-7320
Mallory,Mattiacci,Zapolyarnyy,11/29/1986,Russia,mmattiaccin2@is.gd,799-182-8774
Zorine,Goldney,Kuleqi,07/31/1951,China,zgoldneyn3@economist.com,338-444-5793
Twila,Bartlomieczak,Tunbao,11/09/1974,China,tbartlomieczakn4@booking.com,370-204-6974
Kanya,Farherty,Hyattsville,10/02/1959,United States,kfarhertyn5@google.co.jp,301-739-1764
Gordy,Vick,,,,gvickn6@hhs.gov,
Bessy,Dulinty,Jaciara,07/06/1992,Brazil,bdulintyn7@hugedomains.com,543-229-3876
Christabel,Treamayne,Fonte Boa da Brincosa,05/31/1952,Portugal,ctreamaynen8@surveymonkey.com,143-447-3775
Arie,Strand,Jiaobei,03/17/1988,China,astrandn9@cdc.gov,310-647-0039
Guglielma,O'Riordan,Zhenshan,10/23/1979,China,goriordanna@npr.org,308-341-3093
Carlina,Seeds,,,,cseedsnb@go.com,
Corilla,Pohls,Montpellier,06/28/1984,France,cpohlsnc@hao123.com,464-133-0873
Valentijn,Baker,Louiseville,08/02/1963,Canada,vbakernd@123-reg.co.uk,906-930-8768
Marleen,Tarborn,Ternovka,08/10/1995,Russia,,643-147-8581
Tabbie,A'Barrow,,,,tabarrownf@bing.com,
Hadrian,Cotterell,Kórnik,07/31/1986,Poland,hcotterellng@zimbio.com,175-512-6816
Curtis,Iscowitz,Chom Bueng,05/09/1954,Thailand,ciscowitznh@oakley.com,325-211-7453
Aprilette,Dyhouse,Gornji Milanovac,11/12/1970,Serbia,adyhouseni@boston.com,872-536-6669
Dixie,Treagust,Milán,07/07/1983,Colombia,dtreagustnj@wikimedia.org,244-356-0972
Elbert,Maypole,Zhengmo,09/16/1986,China,emaypolenk@canalblog.com,984-946-3172
Templeton,Ruffler,,,,trufflernl@businesswire.com,
Doll,Witty,Le Mans,10/13/1954,France,dwittynm@telegraph.co.uk,694-313-9460
Myrta,O'Neil,Wenceslao Escalante,03/16/1957,Argentina,moneilnn@sohu.com,214-508-2180
Jameson,Rouge,Loughrea,06/17/1978,Ireland,jrougeno@youtube.com,382-838-5051
Talya,Mancer,Ivanec,11/18/1997,Croatia,tmancernp@sfgate.com,702-913-5056
Colan,Taberer,Siikainen,06/25/1971,Finland,ctaberernq@studiopress.com,303-315-7991
Lannie,Waddams,,,,lwaddamsnr@state.tx.us,
Noak,Crumby,Tsant,08/20/1965,Mongolia,ncrumbyns@sogou.com,451-636-8487
Conant,Smithyman,Huangtan,11/12/1962,China,csmithymannt@columbia.edu,878-120-8615
Allsun,Hadenton,Kefang,03/03/1975,China,ahadentonnu@hubpages.com,859-752-2367
Silas,Manolov,Liaodian,07/18/1987,China,smanolovnv@spiegel.de,199-625-2937
Ive,Issatt,Queluz,03/21/1991,Portugal,iissattnw@netvibes.com,600-792-1032
Mohandas,MacIlhargy,Jargalant,04/06/1989,Mongolia,,845-172-6800
Sarina,Bohin,Sukadana,01/02/1994,Indonesia,sbohinny@facebook.com,642-377-6312
Aaren,Sighard,Kuluran,11/20/1997,Indonesia,asighardnz@chicagotribune.com,481-761-3789
Ogdan,Beneteau,,,,obeneteauo0@amazon.com,
Jesselyn,Kleinstein,Wilkowice,10/22/1974,Poland,jkleinsteino1@washingtonpost.com,681-467-0560
Babara,Steljes,Lianghu,08/05/1982,China,,389-951-7653
Guglielma,Aizkovitch,Liuqiao,12/07/1988,China,gaizkovitcho3@geocities.com,103-349-2341
Minne,Leisman,Nanjing,09/02/1968,China,mleismano4@japanpost.jp,318-128-9902
Lazare,Scroggie,Qingxi,01/28/1996,China,lscroggieo5@guardian.co.uk,892-405-1333
Chicky,Prati,Santos,04/25/1999,Brazil,cpratio6@lycos.com,304-166-1985
Kasper,Barz,Černilov,03/04/1952,Czech Republic,kbarzo7@amazon.com,421-409-8066
Norris,Durnill,Pelotas,04/09/1953,Brazil,ndurnillo8@ifeng.com,442-436-5115
Ruthanne,Bailiss,Rongkou,08/15/1975,China,rbailisso9@networksolutions.com,558-830-3111
Dag,Prue,Tākestān,02/14/1957,Iran,dprueoa@goo.gl,579-143-0774
Forster,Bimson,Madrid,08/03/1951,Philippines,,821-832-1951
Rosana,Corington,Sintansin,05/14/1993,South Korea,rcoringtonoc@noaa.gov,971-720-0478
Sasha,McGuiness,Batutua,07/06/1969,Indonesia,smcguinessod@jugem.jp,978-650-0313
Matty,Putton,Scarborough,05/26/1970,Trinidad and Tobago,,893-599-4117
Laurella,Butcher,Skopin,08/17/1973,Russia,lbutcherof@tinypic.com,795-191-2670
Latrena,Messier,Jieshou,03/29/1990,China,,837-845-1736
Jill,Castelijn,Bamnet Narong,12/26/1989,Thailand,,933-108-4220
Karoly,Whartonby,Stutterheim,11/16/1998,South Africa,kwhartonbyoi@infoseek.co.jp,517-586-4189
Margalit,Kearney,Gränna,04/15/1968,Sweden,mkearneyoj@ameblo.jp,340-435-7028
Eden,Elsy,Berlin,08/05/1994,Germany,eelsyok@eepurl.com,978-884-6803
Danice,Tinwell,Basak,09/19/1950,Philippines,dtinwellol@harvard.edu,323-855-5926
Nero,Weal,,,,nwealom@rambler.ru,
Bob,Raubenheimers,Fulin,12/13/1971,China,braubenheimerson@qq.com,358-371-9806
Lammond,Gillott,Genteng,06/15/1978,Indonesia,lgillottoo@addtoany.com,771-172-1264
Ailbert,Atkins,Charlottesville,02/09/1950,United States,aatkinsop@theglobeandmail.com,434-468-3220
Marthena,Hanniger,Chengqu,07/18/1966,China,mhannigeroq@google.pl,331-657-9868
Dory,Seaking,Guarulhos,09/05/1980,Brazil,dseakingor@amazonaws.com,843-901-0588
Concettina,Fahrenbacher,Japeri,10/07/1988,Brazil,cfahrenbacheros@google.co.jp,125-107-9100
Merv,Hablet,Mbala,10/17/1991,Zambia,mhabletot@walmart.com,674-183-0972
Patty,Spatarul,Karangnongko,02/18/1962,Indonesia,pspatarulou@de.vu,736-612-5982
Kiri,Chadwell,Mayang,08/08/1999,China,,437-514-2987
Miner,Trenbey,Vranje,08/15/1957,Serbia,mtrenbeyow@shutterfly.com,849-649-1676
Rickard,Verma,Wonocolo,06/09/1976,Indonesia,rvermaox@rediff.com,356-659-2377
Urson,Brownlee,Khemisset,12/11/1972,Morocco,ubrownleeoy@businessweek.com,953-714-9693
Elicia,Fullick,Uptar,11/22/1992,Russia,,304-735-2585
Piper,Medcalfe,Wahai,10/11/1960,Indonesia,pmedcalfep0@people.com.cn,393-409-2705
Emiline,Borrel,Borisova Griva,05/13/1990,Russia,eborrelp1@usa.gov,760-913-4486
Karylin,Clemmett,Hetian,11/20/1959,China,kclemmettp2@google.com,543-296-7293
Deni,Shoute,Montemor-o-Velho,04/09/1964,Portugal,dshoutep3@sphinn.com,976-486-5228
Cece,Longthorne,Sayaq,05/17/1969,Kazakhstan,clongthornep4@t-online.de,402-993-5985
Rustin,Kemp,Sidi Slimane,07/19/1958,Morocco,rkempp5@cam.ac.uk,475-852-4966
Hiram,Greeves,Genova,10/02/1988,Italy,,384-134-1633
Timothee,Gubbin,Olhão,08/21/1964,Portugal,tgubbinp7@unicef.org,659-305-7258
Nikola,Sweetlove,Xinan,12/25/1984,China,nsweetlovep8@dot.gov,891-564-3752
Amalle,Marney,Chaves,08/11/1991,Portugal,amarneyp9@foxnews.com,140-395-8358
Elysia,Willingale,Wan’an,03/10/1978,China,ewillingalepa@imgur.com,169-633-0455
Alfreda,Smeall,Majiao,02/25/1968,China,,355-290-9053
Drucie,Garwell,Králův Dvůr,02/07/1975,Czech Republic,,254-631-6398
Frayda,Windless,Akoupé,10/27/1954,Ivory Coast,fwindlesspd@google.fr,995-520-4500
Brianna,Yonnie,Huangshi,06/21/1980,China,byonniepe@ehow.com,276-829-6153
Bonni,Steinhammer,Prado,10/25/1968,Portugal,bsteinhammerpf@yellowbook.com,302-947-1095
Leisha,Roggeman,Binjiang,12/28/1961,China,lroggemanpg@marketwatch.com,211-983-1710
Kyle,Muckart,Notsé,01/16/1957,Togo,kmuckartph@photobucket.com,632-235-1069
Woodman,Suddock,Huangjinjing,07/29/1999,China,wsuddockpi@bloomberg.com,843-893-0148
Nicky,Ackeroyd,Kashar,10/14/1967,Albania,nackeroydpj@weibo.com,808-480-8737
Daniella,Copland,Baiquan,06/27/1966,China,dcoplandpk@epa.gov,401-843-0341
Sheffy,Shottin,Xinchang,03/12/1996,China,sshottinpl@usgs.gov,436-733-1471
Pincas,Gisbey,Cañazas,04/16/1980,Panama,pgisbeypm@pen.io,917-454-8787
Carrie,Goulder,Kachug,10/21/1972,Russia,cgoulderpn@foxnews.com,269-361-3423
Shina,Ditch,Fuchūchō,03/28/1978,Japan,,603-162-9624
Abby,Schnitter,Västerås,04/15/1985,Sweden,aschnitterpp@businessweek.com,302-292-6991
Hermy,Bahls,Kafr ad Dīk,10/18/1956,Palestinian Territory,hbahlspq@telegraph.co.uk,929-307-5504
Mead,Elt,Břasy,10/10/1999,Czech Republic,meltpr@addthis.com,540-462-7053
Amalea,Spackman,Marinilla,08/13/1971,Colombia,aspackmanps@cbsnews.com,262-629-8650
Noami,Martusov,Anton,01/07/1977,Bulgaria,nmartusovpt@dagondesign.com,761-306-5757
Goldie,Marsie,Waco,06/20/1950,United States,gmarsiepu@diigo.com,254-155-8274
Britt,Keepin,Guadalupe,09/24/1997,Mexico,bkeepinpv@ehow.com,640-367-7529
Calla,Connochie,Guiyang,10/26/1965,China,,111-971-8828
Sigismond,Hanselman,,,,shanselmanpx@altervista.org,
Suzette,Lightewood,Ramat Yishay,02/12/1965,Israel,,744-132-4662
Jocelyn,Donn,,,,jdonnpz@people.com.cn,
Rania,Wartnaby,Białaczów,12/18/1951,Poland,,301-505-3804
Florian,Meehan,Banjar,09/08/1950,Indonesia,fmeehanq1@unc.edu,360-696-7921
Mignonne,Ricciardi,Tlogosadang,01/19/1974,Indonesia,mricciardiq2@reference.com,698-205-0982
Rosy,Shutle,Bulakan,04/30/1993,Indonesia,rshutleq3@narod.ru,547-865-0629
Georgina,Pietsma,Lage,09/16/1994,Portugal,gpietsmaq4@patch.com,500-551-8954
Anne,Junkinson,Prawdzinski,03/10/1999,Belarus,ajunkinsonq5@miitbeian.gov.cn,587-860-3596
Marcelle,Wildin,Karawatung,04/01/1972,Indonesia,mwildinq6@sciencedirect.com,707-538-3004
Roderick,Huskisson,,,,rhuskissonq7@chron.com,
Gardiner,Bradick,Khlong Luang,08/19/1993,Thailand,gbradickq8@epa.gov,172-853-2969
Taber,Schulkins,Olenegorsk,12/15/1975,Russia,,454-972-1786
Tedra,Gatrell,General San Martín,01/02/1958,Argentina,tgatrellqa@state.tx.us,404-284-3959
Merwyn,Kellog,Hisai,03/07/1975,Japan,mkellogqb@census.gov,333-109-9044
Augustus,MacDearmont,Langádhia,10/01/1999,Greece,,583-754-1099
Michal,Ricards,Kaura Namoda,03/09/1992,Nigeria,,460-548-8865
Tricia,Ranns,,,,trannsqe@angelfire.com,
Tyrone,Shortell,Jombang,07/22/1991,Indonesia,,507-904-8598
Cleveland,Snoad,Dois Vizinhos,03/27/1955,Brazil,csnoadqg@blog.com,376-535-5551
Grata,Baack,Lazurne,07/21/1951,Ukraine,gbaackqh@yelp.com,539-191-4489
Arielle,Ambler,San Casimiro,08/19/1974,Venezuela,aamblerqi@nationalgeographic.com,671-549-3556
Sharai,Tenbrug,Xam Nua,05/07/1990,Laos,stenbrugqj@disqus.com,530-546-3539
Portia,Berlin,Tramandaí,03/10/1972,Brazil,,755-369-9278
Aloise,De Carlo,Kuningan,02/14/1968,Indonesia,,700-379-8604
Malina,Simonel,Padas,10/27/1974,Indonesia,msimonelqm@de.vu,174-582-4653
Ajay,Schoffler,,,,aschofflerqn@1und1.de,
Suzann,Chubb,Ciepielów,12/19/1999,Poland,schubbqo@bizjournals.com,417-508-0045
Wilfred,McNeilley,Santo Tomé,05/17/1994,Argentina,wmcneilleyqp@wp.com,332-487-0169
Hilary,Bingham,Ampara,09/04/1979,Sri Lanka,hbinghamqq@epa.gov,220-753-8619
Celinda,Duferie,Carodok,05/22/1989,Indonesia,cduferieqr@jigsy.com,976-249-8180
Oby,Jedrzej,Tenggun Dajah,07/12/1969,Indonesia,ojedrzejqs@admin.ch,825-793-7631
Helyn,Enticknap,Pará de Minas,01/20/1998,Brazil,,931-955-3021
Gregory,Schimoni,Palaiópyrgos,02/03/1952,Greece,gschimoniqu@illinois.edu,296-503-0662
Jackson,Sazio,Huallanca,12/23/1983,Peru,jsazioqv@cdc.gov,764-748-6597
Jarrid,Brandon,Hengshan,06/29/1992,China,jbrandonqw@reuters.com,111-179-6000
Hanson,Dik,Al Ḩarf,08/16/1994,Yemen,,750-583-5810
Rafi,Marzello,Megalópoli,05/22/1950,Greece,rmarzelloqy@intel.com,662-170-5792
Rayner,Roobottom,Obninsk,10/16/1992,Russia,rroobottomqz@mysql.com,651-895-3710
Carleton,Doumer,San Francisco,02/07/1974,Philippines,,940-657-7395
Else,Briand,Kolbuszowa,11/27/1999,Poland,ebriandr1@1688.com,938-910-6161
Crawford,Fellowes,Xicheng,02/11/1968,China,cfellowesr2@dmoz.org,614-880-5783
Janella,Waterhowse,Palhoça,10/18/1958,Brazil,,708-214-0012
Kristen,Whitear,Hexi,10/14/1983,China,kwhitearr4@spiegel.de,856-621-9975
Kippy,Janczak,Kopidlno,12/07/1998,Czech Republic,kjanczakr5@tripadvisor.com,573-631-8554
Devan,Woolger,Rushanzhai,11/15/1978,China,dwoolgerr6@umn.edu,668-203-3445
Opal,Neaves,Yanaoca,11/09/1964,Peru,,672-261-2567
Quint,Sayle,Bonik,06/07/1980,Indonesia,qsayler8@prweb.com,959-392-4273
Lisetta,Monget,Weihe,04/23/1982,China,lmongetr9@networksolutions.com,117-180-4931
Chantal,De Mico,Чегране,10/04/1961,Macedonia,cdemicora@histats.com,464-551-2141
Eileen,Burney,Tuanalepe,05/26/1954,Indonesia,eburneyrb@disqus.com,192-348-1746
Kati,Boomes,Lobão,12/27/1993,Portugal,kboomesrc@shinystat.com,226-110-9249
Rolf,Hallybone,Kamirenjaku,02/02/1987,Japan,rhallybonerd@whitehouse.gov,231-450-0047
Cale,Sindle,Tigaherang,03/29/1985,Indonesia,csindlere@auda.org.au,179-617-8454
Chaim,Seignior,Drakhtik,06/14/1988,Armenia,cseigniorrf@house.gov,489-354-7730
Karie,Castagnier,Longquan,06/18/1994,China,kcastagnierrg@army.mil,616-447-5436
Benedicta,Teague,Yongdeng Chengguanzhen,08/05/1956,China,bteaguerh@europa.eu,198-743-8270
Ange,Landes,Tawen Aobao,12/27/1967,China,alandesri@artisteer.com,357-693-1381
Eulalie,Gasgarth,Chełmiec,06/13/1969,Poland,egasgarthrj@wikipedia.org,478-319-9348
Mose,Bulfield,Besuki,12/16/1985,Indonesia,mbulfieldrk@symantec.com,183-594-2432
Gerick,Parbrook,Jacksonville,07/26/1951,United States,gparbrookrl@discuz.net,904-502-5146
Junie,Haughian,,,,jhaughianrm@themeforest.net,
Carlye,Darcey,San Rafael,09/13/1951,Philippines,cdarceyrn@eventbrite.com,279-495-6266
Claudianus,Hazeldean,Lubei,05/30/1991,China,chazeldeanro@skyrock.com,990-143-8830
Armstrong,Vankov,Gaigeturi,06/22/1983,South Korea,avankovrp@blog.com,938-875-3910
Lexi,Plester,Sepatan,06/23/1985,Indonesia,lplesterrq@godaddy.com,316-553-7031
Merrilee,Gilfoyle,Grangwav,01/24/1961,Haiti,mgilfoylerr@patch.com,916-466-1104
