first_name,last_name,birth_place,birth_date,country_living_in,email,phone
Boone,Ewell,,,,bewell0@telegraph.co.uk,
Caitrin,Dutch,Fengjiang,1987/09/03,China,cdutch1@state.gov,+86 (611) 619-7482
Prudy,Truman,Riah,1962/10/06,Morocco,ptruman2@goo.gl,+212 (596) 254-3091
Dani,Uwins,Castries,1972/03/02,Saint Lucia,duwins3@techcrunch.com,+1 (814) 149-0275
Alberik,Wherton,Pueblo Viejo,1994/04/09,Panama,awherton4@digg.com,+507 (659) 254-1177
Anselm,Jephcote,Shōbara,1976/03/09,Japan,ajephcote5@gnu.org,+81 (481) 551-3336
Curcio,Decker,Séguéla,1991/11/24,Ivory Coast,cdecker6@networksolutions.com,+225 (648) 618-8226
Molly,McCreery,,,,mmccreery7@dion.ne.jp,
Zuzana,Fealy,Songculan,1978/01/14,Philippines,,+63 (494) 513-0252
Merry,Gowling,Skellefteå,1970/03/05,Sweden,mgowling9@google.it,+46 (789) 426-7035
Ibbie,Clearley,Uripa,1976/09/19,Peru,iclearleya@stanford.edu,+51 (280) 469-8597
Fina,Youster,Lorino,1963/10/11,Russia,fyousterb@bloomberg.com,+7 (484) 431-5141
Elnore,Wilkisson,Diez de Octubre,1955/01/02,Cuba,ewilkissonc@ezinearticles.com,+53 (415) 533-0900
Mollie,Compton,Fëdorovskoye,1976/11/24,Russia,mcomptond@tumblr.com,+7 (641) 311-4426
Von,Caustic,Hovtamej,1956/01/23,Armenia,,+374 (693) 730-3176
Winonah,Axelbey,Wa’erma,1974/08/07,China,waxelbeyf@exblog.jp,+86 (586) 986-0061
Cosetta,Hyrons,,,,chyronsg@ow.ly,
Edlin,Harvison,Bogoria,1981/09/12,Poland,eharvisonh@dell.com,+48 (469) 712-6256
Tybie,Lowseley,Gudang,1956/11/22,Indonesia,tlowseleyi@mozilla.org,+62 (268) 908-2636
Tildi,Bavister,Luleå,1976/01/04,Sweden,tbavisterj@ucsd.edu,+46 (770) 960-7261
Shel,Cartner,Sundbyberg,1990/07/21,Sweden,scartnerk@reuters.com,+46 (617) 957-3496
Yvon,Capaldi,Smedjebacken,1967/11/30,Sweden,ycapaldil@cdbaby.com,+46 (677) 214-7163
Sybille,Clutten,Banyuresmi,1956/07/17,Indonesia,,+62 (947) 710-4305
Corissa,Giraudot,Siewierz,1955/08/10,Poland,,+48 (973) 818-8231
Madelaine,Heath,Ollachea,1989/09/10,Peru,,+51 (447) 474-3566
Erin,Hounsome,Laojiangjunjie,1986/03/27,China,ehounsomep@geocities.jp,+86 (103) 699-3436
Anthia,Crier,Huicheng,1958/07/18,China,acrierq@histats.com,+86 (724) 431-1321
Matteo,McCrae,Currais,1979/05/01,Portugal,mmccraer@buzzfeed.com,+351 (489) 943-4002
Madonna,Livermore,Kimch’aek-si,1997/01/24,North Korea,mlivermores@alibaba.com,+850 (274) 197-7999
Harv,Milch,Thị Trấn Văn Quan,1993/06/14,Vietnam,hmilcht@github.com,+84 (279) 935-4830
Coralie,Manie,Stráž,1977/12/13,Czech Republic,cmanieu@dedecms.com,+420 (155) 353-7648
Margi,Tuffell,,,,mtuffellv@si.edu,
Joli,Simmill,Lusk,1959/04/13,Ireland,jsimmillw@examiner.com,+353 (235) 226-7969
Molli,Valente,Cibunar,1963/07/14,Indonesia,mvalentex@telegraph.co.uk,+62 (563) 537-4432
Mia,Dansie,Hetang,1992/11/22,China,mdansiey@creativecommons.org,+86 (451) 762-1371
Octavia,Anger,General La Madrid,1997/08/07,Argentina,,+54 (497) 457-0152
Forbes,Trinbey,Cibuah,1994/08/17,Indonesia,ftrinbey10@psu.edu,+62 (363) 800-3623
Bertrando,Padginton,Lugouqiao,1990/02/14,China,,+86 (812) 786-7894
Laurent,Haskew,Wangwu,1977/08/27,China,lhaskew12@purevolume.com,+86 (517) 360-1969
Ezechiel,Chesher,Hluhluwe,1995/01/25,South Africa,echesher13@ed.gov,+27 (656) 981-6909
Denise,Hanbidge,Great Neck,1998/01/01,United States,dhanbidge14@hubpages.com,+1 (516) 501-6656
Karalee,Lorence,Jenamas,1959/12/30,Indonesia,,+62 (960) 369-4090
Anabel,Binne,San Cristobal,1985/01/26,Cuba,abinne16@sphinn.com,+53 (985) 494-8666
Millisent,Pedel,Pa Sang,1994/04/24,Thailand,mpedel17@techcrunch.com,+66 (480) 503-8018
Eliot,Pettett,Panglanjan,1952/03/23,Indonesia,,+62 (555) 796-3335
Julissa,Shillabeer,Ponta Delgada,1977/06/15,Portugal,jshillabeer19@google.es,+351 (892) 548-2370
Giacobo,Goulter,Inírida,1975/04/28,Colombia,,+57 (757) 899-5337
Wiatt,Cordobes,Xunjian,1972/07/29,China,wcordobes1b@woothemes.com,+86 (253) 117-3809
Haskel,Bellingham,Nassau,1983/10/15,Bahamas,hbellingham1c@nsw.gov.au,+1 (526) 143-9515
Artemis,Winman,Xamba,1973/10/27,China,awinman1d@i2i.jp,+86 (184) 408-0151
Heidi,Cops,Chandal Bā’ī,1989/04/02,Afghanistan,hcops1e@toplist.cz,+93 (242) 746-0742
Sydel,Ginn,Barishāl,1994/08/20,Pakistan,sginn1f@deliciousdays.com,+92 (731) 179-3448
Bill,Bhatia,Lyon,1969/06/10,France,bbhatia1g@time.com,+33 (361) 765-8691
Clem,Swalough,Bianxiong,1985/01/29,China,,+86 (882) 441-4941
Henderson,Hedaux,Langford,1957/07/22,Canada,hhedaux1i@salon.com,+1 (732) 321-8764
Uriel,Pickavant,Potrero Grande,1985/03/13,Panama,upickavant1j@php.net,+507 (215) 327-0884
Sylvia,Keeling,Mucumpiz,1992/03/04,Venezuela,skeeling1k@about.com,+58 (309) 557-7448
Neila,Budgeon,,,,nbudgeon1l@nifty.com,
Jeri,Druett,Houzhen,1984/06/06,China,jdruett1m@kickstarter.com,+86 (671) 823-3227
Dinah,Passo,Novo Selo,1980/11/04,Bulgaria,dpasso1n@oaic.gov.au,+359 (341) 690-8836
Colby,Norcott,Pasirnangka,1952/07/04,Indonesia,cnorcott1o@economist.com,+62 (715) 893-1040
Enoch,Cuer,Vólos,1958/10/26,Greece,ecuer1p@feedburner.com,+30 (401) 699-8103
Briggs,Mc Comb,Si’en,1986/11/24,China,bmccomb1q@wordpress.com,+86 (735) 399-5127
Koral,Dayer,Troyes,1959/07/18,France,kdayer1r@thetimes.co.uk,+33 (778) 961-8466
Silvana,Chavey,Paranho,1965/11/29,Portugal,schavey1s@boston.com,+351 (905) 652-4973
Shea,Stutter,Albertville,1989/10/03,France,sstutter1t@lycos.com,+33 (856) 732-2102
Siegfried,Rahill,Kyzyldzhar,1986/04/17,Uzbekistan,srahill1u@furl.net,+998 (333) 509-1108
Lauree,Forcade,Saint-Étienne,1993/02/23,France,,+33 (507) 744-0692
Glori,Ringe,Solidaridad,1970/10/08,Mexico,gringe1w@usnews.com,+52 (904) 467-4140
Teresita,Edghinn,Melaka,1986/06/06,Malaysia,tedghinn1x@yellowbook.com,+60 (932) 281-6250
Seamus,Duckerin,Boucinha,1970/09/29,Portugal,sduckerin1y@harvard.edu,+351 (859) 710-6781
Emelina,Boyde,Julun,1958/02/01,China,eboyde1z@springer.com,+86 (309) 757-8367
Vasily,Denmead,Río Pico,1970/02/20,Argentina,vdenmead20@squarespace.com,+54 (615) 572-5404
Farr,Simeon,Yunyang,1965/01/14,China,fsimeon21@ameblo.jp,+86 (919) 260-6456
Merwin,Gabbatiss,Novoorsk,1981/03/11,Russia,mgabbatiss22@smh.com.au,+7 (202) 248-5155
Nancy,Von Der Empten,Huangmu,1998/05/07,China,,+86 (801) 278-9559
Lazarus,Manie,,,,lmanie24@xrea.com,
Kanya,Kezar,To’rtko’l Shahri,1981/08/27,Uzbekistan,kkezar25@blogspot.com,+998 (419) 509-4525
Wilmer,Swinbourne,Wutun,1964/05/16,China,wswinbourne26@example.com,+86 (984) 492-1822
Bertie,Antyshev,Bangbayang Kaler,1991/02/28,Indonesia,bantyshev27@printfriendly.com,+62 (339) 373-4163
Mellie,Thwaite,Foumbouni,1979/07/25,Comoros,mthwaite28@bbb.org,+269 (561) 596-9093
Melodie,Irvine,Bacnar,1975/11/28,Philippines,mirvine29@shop-pro.jp,+63 (128) 181-5485
Cyndie,Toft,Byala Slatina,1967/08/08,Bulgaria,ctoft2a@craigslist.org,+359 (797) 752-2320
Orelia,Weatherhill,Panaytayon,1967/06/07,Philippines,oweatherhill2b@bluehost.com,+63 (373) 566-0434
Dana,Spensley,,,,,
Smitty,Fraulo,Singkir,1972/08/12,Indonesia,sfraulo2d@blogspot.com,+62 (626) 452-4511
Aveline,Menco,Labrador City,1978/08/04,Canada,amenco2e@51.la,+1 (442) 767-0913
Lucius,O'Hogertie,Mahābād,1964/11/28,Iran,lohogertie2f@mtv.com,+98 (897) 304-3422
Bellanca,Drayton,Brahin,1959/07/17,Belarus,bdrayton2g@wordpress.org,+375 (421) 391-8581
Aimil,Starkey,Port-Gentil,1965/05/15,Gabon,astarkey2h@mit.edu,+241 (721) 333-3828
Aeriell,Harme,Pervoavgustovskiy,1992/10/29,Russia,aharme2i@ucoz.com,+7 (941) 343-1383
Tally,Rawlingson,Diamante,1977/03/05,Argentina,trawlingson2j@opera.com,+54 (100) 683-1668
Sergent,Vanezis,Horgo,1954/11/18,Mongolia,svanezis2k@live.com,+976 (540) 308-2664
Maurita,Billion,Al Wardānīn,1989/02/02,Tunisia,mbillion2l@indiatimes.com,+216 (405) 782-2345
Knox,Artinstall,Paccha,1972/12/22,Peru,kartinstall2m@theatlantic.com,+51 (469) 358-4880
Staci,Loftie,Chociwel,1980/06/28,Poland,sloftie2n@admin.ch,+48 (309) 501-5350
Jerrilee,Fendlow,Lupo,1979/07/16,Philippines,jfendlow2o@1und1.de,+63 (846) 495-9911
Lilla,Murty,Bodzentyn,1957/09/24,Poland,lmurty2p@cornell.edu,+48 (832) 738-9016
Mitchel,Lantaff,Shiling,1953/08/06,China,mlantaff2q@cornell.edu,+86 (114) 959-1220
Raimondo,Rosenstock,Johanneshov,1971/10/01,Sweden,rrosenstock2r@imgur.com,+46 (390) 995-8839
Joelle,McCook,Wiang Nuea,1981/10/02,Thailand,jmccook2s@bloomberg.com,+66 (645) 312-7507
Pernell,Stannus,,,,,
Hetti,Westhofer,,,,hwesthofer2u@japanpost.jp,
Tamra,Eller,Sizao,1977/11/10,China,teller2v@feedburner.com,+86 (501) 804-7030
Kennith,Ibbotson,Lichengdao,1999/07/27,China,kibbotson2w@livejournal.com,+86 (123) 816-6027
Raoul,Backes,Ouadda,1981/05/03,Central African Republic,rbackes2x@marriott.com,+236 (584) 406-1342
Ibbie,Samarth,Miguelópolis,1994/07/02,Brazil,,+55 (841) 822-3611
Prudy,Doige,,,,pdoige2z@shutterfly.com,
Mabel,Feacham,Lages,1980/03/07,Portugal,mfeacham30@furl.net,+351 (571) 669-5642
Xylia,Phelit,Isidro Fabela,1973/07/31,Mexico,xphelit31@nba.com,+52 (459) 695-7197
Yasmeen,Awin,Morales,1974/10/17,Colombia,yawin32@weather.com,+57 (311) 481-5777
Ker,Terrelly,Huafeng,1974/10/31,China,,+86 (440) 837-7018
Haze,Irce,Yeysk,1966/12/25,Russia,,+7 (729) 904-0853
Jewell,Amerighi,,,,jamerighi35@nsw.gov.au,
Rustin,Dwyr,,,,,
Hercules,Jeremiah,,,,hjeremiah37@dyndns.org,
Rickie,Mowett,Dobje pri Planini,1975/08/02,Slovenia,,+386 (677) 920-9312
Lilia,Twinning,Stockholm,1959/04/18,Sweden,ltwinning39@bandcamp.com,+46 (226) 835-2691
Ferdinanda,Pullar,Stari Bohorodchany,1978/08/25,Ukraine,fpullar3a@npr.org,+380 (470) 662-8395
Elroy,Mabbitt,Longquan,1984/12/14,China,emabbitt3b@weather.com,+86 (633) 881-1438
Janean,Allinson,Östersund,1953/10/20,Sweden,jallinson3c@imgur.com,+46 (426) 628-0132
Vera,Lettuce,Szlachta,1959/05/15,Poland,,+48 (283) 681-0385
Quinta,Hyder,Guayabetal,1968/08/01,Colombia,qhyder3e@utexas.edu,+57 (747) 289-9654
Willy,Prahm,Sandnes,1955/10/08,Norway,wprahm3f@360.cn,+47 (273) 805-7592
Cirillo,Gopsell,Bršadin,1957/11/21,Croatia,cgopsell3g@springer.com,+385 (702) 146-3502
Edwina,Jailler,Villa Alemana,1974/10/01,Chile,ejailler3h@slate.com,+56 (192) 752-5333
Giff,Sauvan,Miānwāli,1994/03/12,Pakistan,gsauvan3i@about.com,+92 (182) 676-2642
Beatrix,Greggs,Ciudad Barrios,1993/03/22,El Salvador,,+503 (360) 390-4844
Bonnibelle,Tomasik,Itsukaichi,1985/07/13,Japan,btomasik3k@prnewswire.com,+81 (648) 249-9081
Lind,Endrizzi,Janów,1957/04/10,Poland,,+48 (635) 699-0485
Lodovico,Fellos,Nuštar,1963/04/28,Croatia,lfellos3m@jimdo.com,+385 (731) 628-8104
Delly,Asif,Ivry-sur-Seine,1987/07/29,France,dasif3n@symantec.com,+33 (254) 446-0900
Neysa,Jozefowicz,Huanglin,1992/09/29,China,njozefowicz3o@blogger.com,+86 (753) 241-0858
Muriel,Gianetti,Sobinka,1952/04/02,Russia,mgianetti3p@theguardian.com,+7 (469) 583-6271
Beret,Lafee,Gyodong,1952/03/21,South Korea,blafee3q@walmart.com,+82 (347) 656-8559
Gerianna,Benck,Chowṉêy,1987/01/22,Afghanistan,gbenck3r@posterous.com,+93 (320) 861-1682
Neile,Greep,Infantas,1990/07/25,Portugal,ngreep3s@360.cn,+351 (146) 353-2384
Jackie,Pharaoh,Cabeço de Vide,1965/03/07,Portugal,jpharaoh3t@webnode.com,+351 (851) 985-7967
Gordon,Screeton,Nam Som,1959/09/03,Thailand,gscreeton3u@umn.edu,+66 (640) 151-2424
Lyndsie,Antonellini,Smokvica,1988/02/16,Croatia,lantonellini3v@ycombinator.com,+385 (549) 271-5582
Brad,Pierpoint,Santa Cruz Muluá,1964/10/23,Guatemala,bpierpoint3w@macromedia.com,+502 (410) 634-6720
Yule,Noir,Nagcarlan,1964/01/29,Philippines,ynoir3x@globo.com,+63 (696) 706-8854
Otha,Ovens,Bojawa,1960/02/13,Indonesia,oovens3y@liveinternet.ru,+62 (510) 207-4647
Beaufort,Dulake,,,,bdulake3z@usda.gov,
Charin,Tretter,Las Palmas,1968/05/21,Mexico,,+52 (528) 277-4520
Norrie,Portwaine,Tirat Karmel,1974/04/22,Israel,nportwaine41@prnewswire.com,+972 (803) 430-8943
Kelly,Jurewicz,Muarabuliti,1971/04/05,Indonesia,kjurewicz42@xinhuanet.com,+62 (714) 829-0687
Feliks,Tapp,La Paz,1987/05/07,Mexico,ftapp43@ucoz.ru,+52 (460) 949-1224
Benton,Rawlison,Aubenas,1958/04/14,France,brawlison44@smugmug.com,+33 (888) 120-0620
Bert,Pearl,Zhongguanyi,1979/08/09,China,bpearl45@msn.com,+86 (623) 253-2029
Anthe,Lucus,Rajhradice,1979/07/22,Czech Republic,,+420 (701) 150-4810
Verile,Blomefield,Sugcad,1981/09/13,Philippines,vblomefield47@wordpress.org,+63 (313) 511-2476
Nestor,Brookton,Cireundang,1993/01/03,Indonesia,nbrookton48@census.gov,+62 (264) 229-3483
Lesli,Austen,Al Qābil,1956/05/22,Oman,lausten49@tinypic.com,+968 (789) 907-8195
Allison,Yanshinov,Luopioinen,1952/06/18,Finland,,+358 (798) 390-9986
Lurette,Medwell,Shilin,1975/02/19,China,lmedwell4b@cdbaby.com,+86 (982) 314-8494
Bernadine,Hammatt,Shigu,1987/11/24,China,bhammatt4c@npr.org,+86 (838) 883-5636
Mal,Camps,Xujiadian,1956/07/05,China,mcamps4d@liveinternet.ru,+86 (203) 145-9039
Jereme,Writtle,Baoxing,1999/07/08,China,jwrittle4e@etsy.com,+86 (796) 897-0926
Clayborn,Litster,Smokvica,1970/04/10,Croatia,clitster4f@sciencedaily.com,+385 (720) 517-3288
Kaiser,Stowgill,Zhongfang,1982/05/17,China,kstowgill4g@biblegateway.com,+86 (367) 898-7046
Dian,Almon,Labège,1982/06/01,France,dalmon4h@cyberchimps.com,+33 (298) 698-6269
Keven,Galley,Umeå,1966/03/20,Sweden,kgalley4i@livejournal.com,+46 (747) 298-2242
Elbertine,Vaissiere,Bhawāna,1997/11/27,Pakistan,evaissiere4j@nps.gov,+92 (403) 909-9023
Elisabeth,Alasdair,Sirghāyā,1983/04/05,Syria,ealasdair4k@discovery.com,+963 (234) 781-7510
Irwinn,Orehead,Jixiang,1981/12/29,China,iorehead4l@google.it,+86 (731) 950-3995
Anita,Leopold,Meilin,1950/05/11,China,aleopold4m@dion.ne.jp,+86 (962) 518-3158
Teodoor,Castel,Bollnäs,1987/04/14,Sweden,tcastel4n@redcross.org,+46 (975) 596-9120
Jamal,Dearing,Nabari,1976/04/29,Japan,jdearing4o@posterous.com,+81 (868) 145-3324
Zerk,O'Quin,Monkey Hill,1973/03/17,Saint Kitts and Nevis,zoquin4p@people.com.cn,+1 (239) 834-9281
Angel,Girardeau,,,,agirardeau4q@senate.gov,
Ted,Kilbane,Bamusso,1951/10/15,Cameroon,tkilbane4r@cnbc.com,+237 (880) 901-0372
Charisse,Hunday,,,,chunday4s@e-recht24.de,
Ally,Beel,Karlskrona,1998/06/13,Sweden,abeel4t@bluehost.com,+46 (205) 890-9449
Konrad,Tefft,Anyang,1951/11/28,China,ktefft4u@amazon.co.jp,+86 (815) 890-0914
Gregorius,Docksey,Longchi,1958/01/19,China,gdocksey4v@nbcnews.com,+86 (697) 999-6261
Godard,MacKellen,Esso,1984/04/26,Russia,gmackellen4w@flavors.me,+7 (592) 704-3742
Jerrie,Sturm,,,,jsturm4x@wikia.com,
Shanan,Bradborne,Dalong,1971/06/07,Indonesia,,+62 (922) 811-8374
Shelba,Hussy,Jaraguá do Sul,1983/11/30,Brazil,shussy4z@ebay.co.uk,+55 (482) 424-3620
Bjorn,Eakins,Banyubang,1999/05/12,Indonesia,beakins50@behance.net,+62 (135) 212-6781
Candace,Ekkel,Nara-shi,1997/10/17,Japan,,+81 (731) 180-9334
Atlanta,Hernik,Balangkayan,1956/03/21,Philippines,ahernik52@icq.com,+63 (869) 749-8241
Erinna,Johann,Shangzhang,1999/12/30,China,ejohann53@arstechnica.com,+86 (263) 166-6854
Nikolaus,Piggot,Samaipata,1999/09/21,Bolivia,npiggot54@de.vu,+591 (755) 634-9555
Suki,Branche,Pedaringan,1984/10/01,Indonesia,sbranche55@4shared.com,+62 (307) 939-5843
Aldo,Gaitley,Suvorov,1958/06/08,Russia,,+7 (260) 736-6965
Joscelin,Axtell,Austin,1981/01/05,United States,jaxtell57@businesswire.com,+1 (512) 224-2378
Liz,Hugk,Napuro,1989/12/03,Philippines,,+63 (517) 534-9456
Florida,Devanney,Nzérékoré,1986/01/20,Guinea,fdevanney59@un.org,+224 (448) 995-3620
Sibby,Grundell,Würzburg,1956/12/11,Germany,sgrundell5a@epa.gov,+49 (319) 583-8278
Pooh,Riddell,Dearborn,1987/04/12,United States,priddell5b@illinois.edu,+1 (313) 854-7002
Rickard,McArtan,Xiaqiao,1969/07/22,China,rmcartan5c@craigslist.org,+86 (697) 279-1715
Haley,Huntingdon,Zhemtala,1999/12/08,Russia,hhuntingdon5d@free.fr,+7 (532) 116-3475
Zack,Merwede,Los Andes,1968/05/22,Chile,zmerwede5e@paginegialle.it,+56 (396) 715-4097
Ody,Pepys,,,,,
Letisha,Huncoot,Laweueng,1962/11/15,Indonesia,lhuncoot5g@slate.com,+62 (314) 761-6408
Aubrette,Konzelmann,Pingshui,1985/07/10,China,akonzelmann5h@blogspot.com,+86 (729) 998-1678
Craggy,Wilkowski,Dongyang,1956/05/11,China,,+86 (786) 788-8827
Will,Armfirld,G’uzor,1957/12/12,Uzbekistan,warmfirld5j@theglobeandmail.com,+998 (582) 490-4372
Iris,Doubrava,Shuangjing,1965/10/03,China,idoubrava5k@earthlink.net,+86 (850) 706-1153
Zsa zsa,Milsap,Aparecida do Taboado,1993/09/26,Brazil,zmilsap5l@dagondesign.com,+55 (961) 454-7968
Karleen,Cochrane,Sancha,1986/03/17,China,,+86 (819) 202-8851
Stepha,Antonutti,Kedungbulu,1967/06/27,Indonesia,santonutti5n@prnewswire.com,+62 (123) 141-6158
Winfield,Binnall,Milovice,1962/04/21,Czech Republic,wbinnall5o@comsenz.com,+420 (832) 363-5124
Auroora,Dowyer,Malartic,1955/06/18,Canada,adowyer5p@prlog.org,+1 (351) 709-1933
Anselm,Baume,Castro Barros,1989/09/16,Argentina,abaume5q@soundcloud.com,+54 (994) 723-1299
Charmane,Caulcutt,Kibiti,1961/07/13,Tanzania,ccaulcutt5r@bbb.org,+255 (123) 826-7835
Brod,Dyke,Zhoutian,1984/05/12,China,bdyke5s@hostgator.com,+86 (436) 339-1389
Hieronymus,Lydon,Ryazhsk,1968/05/17,Russia,hlydon5t@gov.uk,+7 (201) 965-3085
Opalina,Isenor,Phibun Mangsahan,1966/05/18,Thailand,oisenor5u@dailymail.co.uk,+66 (463) 661-1660
Tresa,Nellies,Smarhon’,1970/10/11,Belarus,tnellies5v@clickbank.net,+375 (713) 369-0166
Edin,Tyson,Krajan,1958/07/26,Indonesia,etyson5w@dailymotion.com,+62 (803) 502-6438
Clarisse,Rowling,Rakszawa,1994/10/03,Poland,crowling5x@dmoz.org,+48 (903) 488-9393
Kirk,De Bruin,Châteauroux,1978/09/15,France,kdebruin5y@hostgator.com,+33 (969) 186-3156
Mureil,Shakshaft,Klášter,1993/10/17,Czech Republic,mshakshaft5z@cdbaby.com,+420 (320) 191-6345
Griff,Brassill,Fenghua,1972/08/14,China,gbrassill60@blogs.com,+86 (387) 850-4913
Lynda,Gell,Aqaba,1981/09/09,Jordan,lgell61@bluehost.com,+962 (469) 826-6615
Edy,Inkle,Ereira,1956/04/01,Portugal,einkle62@360.cn,+351 (567) 523-1556
Eartha,Pessolt,Strawberry Hills,1979/05/08,Australia,,+61 (985) 104-0954
Malynda,Manners,,,,mmanners64@nsw.gov.au,
Sarah,Oels,Prigi,1992/08/16,Indonesia,soels65@discovery.com,+62 (105) 769-4178
Norean,Hourstan,Dajalorong,1961/09/02,Indonesia,nhourstan66@nasa.gov,+62 (493) 402-1673
Lucine,Aubert,Fès,1959/01/15,Morocco,laubert67@ustream.tv,+212 (604) 124-3737
Lindsey,Fockes,Glubokiy,1970/01/19,Russia,lfockes68@howstuffworks.com,+7 (143) 220-5658
Reinaldos,Stollard,Honolulu,1999/04/05,United States,rstollard69@upenn.edu,+1 (808) 383-8155
Nate,Gidney,Aparecida,1958/09/25,Brazil,ngidney6a@amazon.co.jp,+55 (472) 180-1629
Cross,Munks,Mora,1994/09/13,Sweden,,+46 (478) 404-1942
Lilah,Pirouet,Cavaillon,1952/06/16,France,lpirouet6c@home.pl,+33 (241) 525-3969
Kean,Dumbelton,Zapolyarnyy,1966/08/16,Russia,kdumbelton6d@tmall.com,+7 (708) 660-2959
Kamila,Oakenfall,Awat,1987/06/17,China,koakenfall6e@xinhuanet.com,+86 (307) 689-2467
Danella,Buche,Plavy,1960/10/29,Czech Republic,dbuche6f@163.com,+420 (742) 674-7578
Lorrie,Guilloneau,Cigembor,1970/10/31,Indonesia,,+62 (340) 815-6513
Kat,Varty,Engure,1991/11/01,Latvia,kvarty6h@privacy.gov.au,+371 (574) 106-9678
Franky,Vannini,Agana Heights Village,1974/02/21,Guam,fvannini6i@ameblo.jp,+1 (117) 263-0212
Bronny,Shipcott,Mchinji,1967/08/04,Malawi,bshipcott6j@mozilla.com,+265 (242) 619-2413
Pennie,Vicent,Fengshan,1992/07/22,China,pvicent6k@nyu.edu,+86 (501) 729-9894
Kipper,Giraudou,Tanjung,1985/02/24,Indonesia,kgiraudou6l@is.gd,+62 (267) 396-0455
Maje,Onraet,Villa Allende,1994/09/24,Argentina,monraet6m@1und1.de,+54 (894) 380-3074
Tiler,Sotham,Kristianstad,1963/01/11,Sweden,tsotham6n@barnesandnoble.com,+46 (324) 906-2123
Philipa,Pickance,Dushanbe,1990/08/14,Tajikistan,ppickance6o@altervista.org,+992 (656) 552-4485
Boyce,Drepp,Sarvaš,1987/03/07,Croatia,bdrepp6p@mediafire.com,+385 (360) 187-9422
Nefen,Mabley,Sukhobuzimskoye,1974/09/20,Russia,nmabley6q@netvibes.com,+7 (900) 203-4066
Rosella,Aleksandrov,Sumqayıt,1960/07/20,Azerbaijan,raleksandrov6r@omniture.com,+994 (965) 716-2308
Kat,Churchward,Al Minyā,1957/07/16,Egypt,,+20 (171) 530-6408
Dav,Steers,Glubokiy,1982/12/31,Russia,,+7 (948) 327-4089
Ransom,MacKettrick,Paris 17,1950/11/30,France,rmackettrick6u@weibo.com,+33 (228) 696-5694
Mathilda,Paten,Totoras,1987/10/31,Argentina,mpaten6v@virginia.edu,+54 (257) 316-1317
Nicholas,Edwin,Shīnḏanḏ,1982/03/30,Afghanistan,nedwin6w@ucla.edu,+93 (861) 887-1778
Philip,Vargas,Shuiyin,1997/11/10,China,pvargas6x@youtu.be,+86 (924) 915-2477
Leodora,Lewnden,Arcos,1991/04/04,Brazil,llewnden6y@ameblo.jp,+55 (795) 235-3741
Jessa,Durrance,Zwierzyń,1959/11/14,Poland,jdurrance6z@bloglovin.com,+48 (127) 440-0419
Rex,McCague,Olafulihaa,1960/02/06,Indonesia,,+62 (529) 452-2952
Thomas,Leyburn,Soldato-Aleksandrovskoye,1976/11/24,Russia,tleyburn71@comsenz.com,+7 (712) 549-0011
Deny,Bromehead,Bureya,1980/09/21,Russia,dbromehead72@google.co.uk,+7 (582) 927-8720
Anabel,Hounsom,Kubang,1976/08/08,Indonesia,ahounsom73@simplemachines.org,+62 (114) 764-9022
Cathrine,Lochet,Shuangxi,1992/03/08,China,,+86 (671) 923-7710
Barthel,Deignan,Assiniboia,1991/04/05,Canada,bdeignan75@skyrock.com,+1 (323) 774-4219
Darnell,Dell'Abbate,Fort Macleod,1955/04/08,Canada,ddellabbate76@flickr.com,+1 (390) 998-3551
Ellyn,Ruller,Suphan Buri,1982/02/09,Thailand,eruller77@noaa.gov,+66 (829) 616-6557
Isa,Trewett,Kontagora,1954/09/25,Nigeria,itrewett78@printfriendly.com,+234 (302) 756-7105
Rollin,Samter,Quinua,1995/09/27,Peru,rsamter79@cnet.com,+51 (642) 543-9195
Sheffield,Seeney,Nacimiento,1989/09/27,Chile,,+56 (516) 145-0837
Sollie,Lanchester,Khong Chai,1974/02/16,Thailand,slanchester7b@behance.net,+66 (992) 244-9044
Dell,McGraffin,San Rafael,1995/10/08,Philippines,dmcgraffin7c@china.com.cn,+63 (138) 628-4033
Octavia,O'Heffernan,Greystones,1966/01/01,Ireland,ooheffernan7d@yahoo.com,+353 (995) 281-9537
Christabella,Muttock,Menol,1958/12/09,Indonesia,cmuttock7e@exblog.jp,+62 (803) 965-0078
Glynnis,Richardes,Porciúncula,1991/07/20,Brazil,grichardes7f@uol.com.br,+55 (219) 723-2295
Olin,Kaminski,Sayaq,1966/09/01,Kazakhstan,okaminski7g@plala.or.jp,+7 (126) 986-9906
Rodina,Klempke,Haiyanmiao,1989/12/26,China,rklempke7h@pbs.org,+86 (258) 158-0243
Merwyn,Willshere,Tangjiapo,1956/04/15,China,,+86 (166) 486-4216
Paten,Kirkwood,Kumla,1992/09/18,Sweden,pkirkwood7j@mtv.com,+46 (577) 161-8686
Emmy,Selbach,Muan,1961/08/25,South Korea,eselbach7k@newsvine.com,+82 (276) 264-9358
Kaja,Wheeldon,Borovlyany,1977/06/26,Belarus,kwheeldon7l@nps.gov,+375 (587) 562-4064
Winfred,Lundy,Bultfontein,1996/10/27,South Africa,wlundy7m@123-reg.co.uk,+27 (331) 983-3900
Trevor,Redihough,Maracanaú,1998/02/17,Brazil,tredihough7n@soup.io,+55 (107) 866-6575
Gasper,Hudson,Myślenice,1998/06/23,Poland,ghudson7o@usatoday.com,+48 (477) 402-0361
Melli,Tease,Cicheng,1957/08/29,China,mtease7p@studiopress.com,+86 (867) 922-3990
Findley,Kuzemka,Porto Salvo,1989/08/03,Portugal,fkuzemka7q@xing.com,+351 (103) 188-8832
Pryce,Varvara,Xiaocun,1950/03/14,China,pvarvara7r@google.com.au,+86 (198) 704-3709
Sisile,Morley,Meicheng,1977/02/08,China,smorley7s@irs.gov,+86 (388) 997-6642
Karie,Krolman,Nieborów,1989/06/20,Poland,kkrolman7t@shinystat.com,+48 (287) 201-8494
Forester,Lambotin,Arroyo Seco,1957/02/12,Mexico,flambotin7u@yandex.ru,+52 (329) 986-3643
Mellisa,Master,Jeffrey’s Bay,1991/08/22,South Africa,,+27 (360) 440-1969
Natty,Scholey,Xizhong,1973/04/16,China,nscholey7w@ow.ly,+86 (106) 405-0327
Ferdinand,Kensington,Tân Châu,1962/02/17,Vietnam,,+84 (804) 958-1364
Brina,Zettoi,Gumaus,1954/05/10,Philippines,bzettoi7y@dion.ne.jp,+63 (839) 563-4305
Selle,Macconachy,Tutnae,1992/07/20,Indonesia,smacconachy7z@vkontakte.ru,+62 (367) 852-1455
Suellen,Debnam,Patenongan,1961/12/11,Indonesia,sdebnam80@earthlink.net,+62 (839) 866-7985
Shawnee,Trahearn,Police nad Metují,1982/03/06,Czech Republic,strahearn81@hhs.gov,+420 (743) 579-1661
Claretta,Fine,Les Sables-d'Olonne,1999/09/22,France,,+33 (973) 933-7524
Shanon,Baldwin,Carmo do Paranaíba,1989/09/19,Brazil,sbaldwin83@sourceforge.net,+55 (738) 328-5823
Berkley,Mandry,Shun’ga,1989/05/30,Russia,bmandry84@hhs.gov,+7 (397) 452-5812
Rowney,Soldi,Djibo,1950/06/07,Burkina Faso,rsoldi85@msn.com,+226 (142) 601-8451
Tessy,Goodread,,,,tgoodread86@ucoz.ru,
April,McPhail,Vovchans’k,1995/09/13,Ukraine,,+380 (973) 133-5201
Tony,Blaxton,Ban Phaeo,1975/08/09,Thailand,,+66 (675) 901-4384
Susi,Tulip,Pili,1970/10/22,Indonesia,stulip89@yellowpages.com,+62 (737) 303-7960
Jacquette,Janodet,,,,jjanodet8a@hibu.com,
Briant,Stitt,Batambak,1958/08/20,Indonesia,bstitt8b@pinterest.com,+62 (690) 202-1378
Jens,Mulberry,Tulihe,1994/03/29,China,jmulberry8c@google.co.jp,+86 (232) 413-1032
Sabine,Jolin,Lashkar Gāh,1956/07/08,Afghanistan,sjolin8d@omniture.com,+93 (650) 316-1738
Dov,Ginn,Nankai,1998/02/19,China,dginn8e@pbs.org,+86 (594) 499-5713
Georgia,Garbott,Tianjiaba,1968/12/21,China,ggarbott8f@economist.com,+86 (534) 992-4829
Bronnie,Hawthorn,Gedaliang,1959/12/29,China,bhawthorn8g@patch.com,+86 (550) 615-4961
Fanny,Rodolico,Bhola,1991/08/07,Bangladesh,frodolico8h@vk.com,+880 (534) 232-3422
Goldi,Grahlmans,Qiaozhen,1996/09/05,China,ggrahlmans8i@businessweek.com,+86 (551) 675-6461
Leonerd,Beels,Tagta,1962/02/26,Turkmenistan,lbeels8j@smh.com.au,+993 (842) 460-8935
Bert,Woodford,Mosopa,1992/02/05,Botswana,bwoodford8k@senate.gov,+267 (736) 979-5985
Lavinie,Byass,Załuski,1993/01/03,Poland,lbyass8l@ucoz.com,+48 (170) 889-3465
Toby,Edmett,Huangsangkou,1991/12/20,China,tedmett8m@is.gd,+86 (375) 424-7850
Florian,Hurdidge,Pando,1956/04/12,Uruguay,fhurdidge8n@umich.edu,+598 (978) 678-9980
Ingunna,Peebles,Lopatyn,1978/02/14,Ukraine,ipeebles8o@va.gov,+380 (478) 856-5422
Jessika,Faireclough,Bielawy,1970/08/27,Poland,jfaireclough8p@icio.us,+48 (893) 825-4984
Abram,Deares,Creil,1993/09/28,France,adeares8q@ifeng.com,+33 (825) 519-8661
Emmye,Alesi,,,,ealesi8r@npr.org,
Oralee,Fernihough,Farinheiras,1985/05/24,Portugal,ofernihough8s@csmonitor.com,+351 (755) 521-6874
Lorenza,Ilem,Melissochóri,1982/06/09,Greece,lilem8t@hc360.com,+30 (585) 585-8691
Tamarra,MacKain,Bologna,1994/09/01,Italy,tmackain8u@house.gov,+39 (993) 138-8674
Giacobo,Rizzello,Klonowa,1989/07/12,Poland,grizzello8v@jugem.jp,+48 (809) 644-0297
Kev,Lindop,Foča,1992/04/15,Bosnia and Herzegovina,,+387 (288) 576-7920
Auria,Carous,Karlstad,1952/12/21,Sweden,,+46 (918) 192-4904
Randi,Matfield,Marathókampos,1955/11/21,Greece,rmatfield8y@jimdo.com,+30 (681) 124-4159
Arlie,Beeson,Frýdek-Místek,1958/09/04,Czech Republic,abeeson8z@google.es,+420 (358) 349-1258
Kellie,Murrey,Stetseva,1971/02/24,Ukraine,kmurrey90@cnn.com,+380 (967) 828-3387
Elladine,Tunney,Grootfontein,1994/03/08,Namibia,etunney91@xinhuanet.com,+264 (462) 323-3910
Rosabella,Pentycross,Rio Grande da Serra,1954/11/12,Brazil,rpentycross92@qq.com,+55 (796) 277-4481
Calv,Pressdee,Soest,1970/04/26,Netherlands,cpressdee93@patch.com,+31 (814) 624-1933
Norean,Loudiane,Gununglarang,1997/10/27,Indonesia,nloudiane94@plala.or.jp,+62 (410) 550-6014
Colly,Hewlings,,,,chewlings95@artisteer.com,
Deena,Gradon,Daphu,1981/05/12,Bhutan,dgradon96@smh.com.au,+975 (154) 585-0570
Marco,Brockherst,Toulouse,1950/06/12,France,mbrockherst97@cargocollective.com,+33 (875) 362-4946
Mignonne,Forrest,Taobei,1971/03/23,China,mforrest98@ustream.tv,+86 (932) 935-3557
Rogers,Woolpert,Zhaiwu,1989/12/27,China,rwoolpert99@si.edu,+86 (228) 528-0460
Keir,Szymanowski,Juatuba,1981/12/21,Brazil,,+55 (334) 197-3697
Dorolice,Rampling,,,,drampling9b@shareasale.com,
Minne,Cottee,Kinkala,1956/01/17,Republic of the Congo,mcottee9c@elpais.com,+242 (375) 305-8220
Kip,Kee,Sayansk,1962/03/18,Russia,kkee9d@comcast.net,+7 (857) 754-6352
Darin,Tubby,Gore,1991/11/07,New Zealand,dtubby9e@opensource.org,+64 (644) 564-4773
Marcelle,Motte,Pithoro,1990/03/02,Pakistan,mmotte9f@posterous.com,+92 (577) 694-7131
Herc,Skoughman,Providencia,1976/12/31,Mexico,hskoughman9g@comcast.net,+52 (410) 252-1744
Carilyn,California,Xiping,1992/08/23,China,ccalifornia9h@scientificamerican.com,+86 (667) 987-8851
Michail,Moreno,Zepita,1972/12/12,Peru,,+51 (922) 100-1227
Rosalind,Olivas,Barakī Barak,1983/01/03,Afghanistan,rolivas9j@ft.com,+93 (975) 989-9027
Adelbert,Hawk,Sukasenang,1970/12/16,Indonesia,ahawk9k@columbia.edu,+62 (252) 990-1844
Karla,Capewell,Amphawa,1993/12/11,Thailand,kcapewell9l@amazon.com,+66 (489) 445-5067
Che,Almond,Nan’ao,1956/02/23,China,calmond9m@nba.com,+86 (373) 164-9962
Eydie,Atte-Stone,Kopen,1952/06/15,Indonesia,eattestone9n@sina.com.cn,+62 (702) 540-8736
Kissee,Blumson,Lutun,1951/04/24,China,,+86 (162) 422-0018
Chandra,Kynston,Beitan,1996/12/24,China,ckynston9p@answers.com,+86 (862) 174-6084
Evangelia,Jarrel,Gebre Guracha,1953/11/23,Ethiopia,ejarrel9q@nih.gov,+251 (782) 765-9745
Iggy,Mooreed,Strelka,1989/07/04,Russia,imooreed9r@gnu.org,+7 (317) 611-1343
Thia,Taplow,Sovetskaya,1971/09/22,Russia,ttaplow9s@sourceforge.net,+7 (610) 212-1484
Hewet,Ruperto,Ciela Lebak,1955/11/29,Indonesia,hruperto9t@behance.net,+62 (877) 186-4238
Cord,Niessen,Gorang,1968/08/15,Indonesia,cniessen9u@issuu.com,+62 (385) 331-7330
Piotr,Stent,Ntoke,1971/07/16,Indonesia,pstent9v@fda.gov,+62 (287) 536-7173
Tull,Blaine,Haquira,1975/09/14,Peru,tblaine9w@mail.ru,+51 (548) 100-5455
Benton,Cavozzi,Ad Dīwānīyah,1963/10/31,Iraq,bcavozzi9x@discovery.com,+964 (549) 849-3978
Hollie,Luto,Volgorechensk,1968/11/09,Russia,hluto9y@census.gov,+7 (157) 469-7109
Stefano,Madgewick,Saint Croix,1986/05/26,U.S. Virgin Islands,smadgewick9z@comcast.net,+1 (974) 798-1631
Eddy,Wiburn,Ambato,1955/04/30,Ecuador,ewiburna0@ow.ly,+593 (855) 975-2799
Edee,Micallef,San Juan,1975/11/07,Mexico,emicallefa1@google.com.hk,+52 (711) 677-3968
Gilbertine,McMickan,Dimbokro,1956/11/30,Ivory Coast,gmcmickana2@va.gov,+225 (106) 143-3781
Ker,Grolmann,Casal Velho,1994/11/28,Portugal,kgrolmanna3@nyu.edu,+351 (987) 723-0772
Anitra,Lawleff,Chalu,1995/03/27,China,alawleffa4@feedburner.com,+86 (612) 902-5451
Allis,Swaffer,Huifeng,1984/01/11,China,aswaffera5@ucoz.ru,+86 (581) 380-0734
Ondrea,Tuffley,,,,otuffleya6@canalblog.com,
Mitchell,Schoolfield,Lanhe,1993/10/30,China,mschoolfielda7@examiner.com,+86 (527) 305-3899
Katerine,Edes,,,,kedesa8@timesonline.co.uk,
Tuesday,Benstead,Salcedo,1954/05/22,Philippines,tbensteada9@nps.gov,+63 (594) 766-6527
Chrotoem,Whitty,Jincheng,1996/10/18,China,cwhittyaa@aboutads.info,+86 (936) 205-8581
Bernie,Heddy,Camiri,1994/09/25,Bolivia,bheddyab@businessweek.com,+591 (492) 305-9526
Ferguson,Rodder,Itauguá,1979/11/14,Paraguay,frodderac@tripod.com,+595 (290) 750-7775
Maximo,Krook,Moulay Bouchta,1959/02/02,Morocco,mkrookad@gnu.org,+212 (119) 176-5757
Farrah,Lotwich,Clermont-Ferrand,1999/07/15,France,flotwichae@ow.ly,+33 (304) 563-2373
Oralee,Emmott,Jalupang Dua,1992/12/27,Indonesia,oemmottaf@oakley.com,+62 (763) 167-2782
Lenka,Pirson,Ang Thong,1954/09/21,Thailand,lpirsonag@sourceforge.net,+66 (588) 663-1393
Alexina,Ferne,Gorskaya,1952/11/11,Russia,aferneah@over-blog.com,+7 (458) 805-6072
Philly,Gauld,Ponce,1956/07/05,Puerto Rico,pgauldai@mac.com,+1 (443) 512-9632
Cyndia,Gomersall,Shenavan,1978/07/03,Armenia,cgomersallaj@upenn.edu,+374 (644) 623-9191
Elwin,Bartel,Bila Tserkva,1973/09/05,Ukraine,ebartelak@omniture.com,+380 (634) 289-9527
Shane,Borsi,Silodakon,1990/01/10,Indonesia,sborsial@netvibes.com,+62 (831) 293-9883
Deck,Mushart,Parakanpanjang,1972/10/11,Indonesia,dmushartam@washingtonpost.com,+62 (371) 501-6448
Bendicty,Lettice,Jin’e,1991/02/08,China,,+86 (630) 880-1073
Franzen,Towers,Xin’andu,1969/07/05,China,ftowersao@illinois.edu,+86 (757) 960-5084
Katy,Lorraway,Sevilla,1992/08/24,Spain,klorrawayap@blogger.com,+34 (596) 685-8684
Chauncey,Samworth,Khawr Fakkān,1988/01/29,United Arab Emirates,csamworthaq@slideshare.net,+971 (779) 292-4549
Wanda,Godmer,Ia Kha,1992/03/01,Vietnam,,+84 (965) 943-8621
Meredith,Knibb,Nyagla,1963/04/20,China,,+86 (866) 287-1676
Bryn,Seine,Kasungu,1956/06/01,Malawi,bseineat@multiply.com,+265 (369) 755-9123
Gerry,McPhelimy,Mugumu,1999/06/09,Tanzania,,+255 (479) 939-3446
Clemmy,Zucker,Jiangkou,1951/06/07,China,czuckerav@businessinsider.com,+86 (618) 452-1758
Dolley,Lammertz,Kalumpang,1971/02/28,Indonesia,,+62 (174) 140-9926
Foss,Evensden,Pentaplátano,1961/03/27,Greece,fevensdenax@vk.com,+30 (187) 867-1422
Laina,Lindner,Orly aérogare,1970/12/09,France,llindneray@zdnet.com,+33 (933) 571-1120
Cull,Maypowder,Manding,1970/10/05,Indonesia,,+62 (746) 389-7456
Elizabeth,Giorgione,Antigonish,1950/02/13,Canada,,+1 (647) 728-1898
Benn,Djorevic,Muzambinho,1967/01/18,Brazil,bdjorevicb1@unc.edu,+55 (531) 761-3084
Brandais,Berston,Takahata,1996/07/16,Japan,bberstonb2@mashable.com,+81 (683) 138-8094
Cobby,Mouatt,Chamni,1961/12/01,Thailand,cmouattb3@printfriendly.com,+66 (637) 912-6888
Tome,Brettell,Parque Industrial,1993/11/30,Mexico,tbrettellb4@phpbb.com,+52 (802) 526-7041
Carrol,Kenningham,Skinnskatteberg,1997/12/02,Sweden,ckenninghamb5@newyorker.com,+46 (438) 551-3611
Millie,Medford,Bélel,1975/11/26,Cameroon,mmedfordb6@army.mil,+237 (102) 183-5685
Noam,Castagneto,Xiaolukou,1971/09/22,China,ncastagnetob7@freewebs.com,+86 (884) 815-5959
Nil,Dibben,Liuji,1973/10/14,China,ndibbenb8@liveinternet.ru,+86 (909) 609-6872
Oates,Keppin,Guniushan,1995/01/05,China,,+86 (566) 511-8691
Devina,Keford,Buyunshan,1979/10/27,China,dkefordba@spiegel.de,+86 (374) 991-7246
Budd,Capehorn,Limoges,1983/09/01,France,bcapehornbb@cloudflare.com,+33 (860) 706-2409
Cherilyn,Elsmore,Gaspar,1952/10/07,Brazil,celsmorebc@reverbnation.com,+55 (553) 706-5177
Yoshiko,Vauter,Bršadin,1974/04/18,Croatia,yvauterbd@unblog.fr,+385 (215) 503-5996
Georas,Varian,Terpsithéa,1956/01/23,Greece,gvarianbe@hao123.com,+30 (252) 211-2746
Raine,Turban,Santo André,1976/12/20,Brazil,,+55 (810) 971-6738
Casper,Ruprechter,Glugur Krajan,1978/01/15,Indonesia,cruprechterbg@usatoday.com,+62 (366) 300-3634
Tabor,Dearman,Liupai,1970/08/12,China,tdearmanbh@dmoz.org,+86 (257) 580-0386
Dilly,Harrod,Karangnunggal,1998/04/23,Indonesia,dharrodbi@google.de,+62 (864) 875-6279
Tootsie,Burmingham,Nice,1960/05/08,France,tburminghambj@mediafire.com,+33 (534) 220-8868
Karrah,Chastey,,,,kchasteybk@reddit.com,
Timoteo,Clotworthy,Donghai,1977/07/05,China,,+86 (800) 973-6817
Nicol,Airds,Andrijaševci,1983/07/12,Croatia,nairdsbm@stumbleupon.com,+385 (134) 436-8802
Gualterio,Baldoni,Kerva,1993/03/18,Russia,,+7 (925) 543-8621
Mireille,Westall,Rymanów,1974/08/16,Poland,mwestallbo@pen.io,+48 (350) 942-1165
Amberly,Beggan,Bastia,1971/12/18,France,abegganbp@squarespace.com,+33 (253) 641-4699
Shirley,Guihen,Rockford,1991/03/14,United States,,+1 (815) 439-3576
Ramsey,MacAscaidh,Sandouping,1982/03/19,China,,+86 (232) 128-0844
Francyne,Auckland,Seattle,1962/04/03,United States,faucklandbs@slate.com,+1 (425) 673-7520
Dirk,Marvelley,Ash Shafā,1968/03/31,Saudi Arabia,,+966 (472) 446-6667
Danell,Elcomb,Sampangbitung,1962/08/16,Indonesia,delcombbu@behance.net,+62 (804) 477-6114
Kermie,Mar,Altagracia de Orituco,1990/07/22,Venezuela,kmarbv@unesco.org,+58 (253) 618-1192
Hamlin,Trevett,,,,htrevettbw@hc360.com,
Ram,Bradd,Zdice,1974/11/14,Czech Republic,rbraddbx@mayoclinic.com,+420 (324) 465-8696
Filip,Akrigg,Datun,1967/12/11,China,fakriggby@nytimes.com,+86 (950) 660-1505
Gretna,Connikie,Ta‘izz,1983/05/26,Yemen,,+967 (115) 533-6732
Olin,Sebring,Venado Tuerto,1953/07/03,Argentina,osebringc0@slideshare.net,+54 (377) 529-5711
Rosaleen,Blevin,Pavlovsk,1975/12/11,Russia,rblevinc1@newsvine.com,+7 (189) 849-5865
Anni,Varley,Petrovo-Dal’neye,1997/02/17,Russia,avarleyc2@harvard.edu,+7 (686) 928-1671
Magnum,Daelman,Bolorejo,1992/09/23,Indonesia,mdaelmanc3@yelp.com,+62 (125) 412-1059
Rriocard,Mainz,Mizusawa,1994/09/29,Japan,rmainzc4@eventbrite.com,+81 (786) 424-9916
Zollie,Austing,Krajan Timur Mlokorejo,1972/10/10,Indonesia,zaustingc5@hc360.com,+62 (732) 110-4723
Olia,Bellow,La Libertad,1979/08/13,Honduras,obellowc6@prnewswire.com,+504 (701) 493-9601
Therese,Roseveare,Hitachi-Naka,1970/11/23,Japan,trosevearec7@qq.com,+81 (847) 776-6995
Lammond,Mugglestone,Káto Asítai,1954/03/12,Greece,lmugglestonec8@europa.eu,+30 (686) 561-3290
Jayson,Congrave,Pszczyna,1960/11/28,Poland,jcongravec9@studiopress.com,+48 (516) 750-2350
Timothea,Keston,Sananduva,1982/07/14,Brazil,tkestonca@cargocollective.com,+55 (780) 276-3933
Maxy,Tripe,Stoczek Łukowski,1975/11/04,Poland,mtripecb@amazonaws.com,+48 (682) 260-7370
Kristi,Jaffray,Tuamese,1996/01/22,Indonesia,kjaffraycc@paypal.com,+62 (705) 269-8973
Willyt,Inder,San Salvador,1994/09/15,El Salvador,windercd@sbwire.com,+503 (859) 509-0203
Marleen,Rennix,Nzeto,1983/01/05,Angola,mrennixce@usda.gov,+244 (603) 601-7926
Kin,Beddingham,Nianqiao,1952/08/22,China,kbeddinghamcf@ox.ac.uk,+86 (315) 366-8626
Abagael,Bowlas,,,,abowlascg@topsy.com,
Courtney,Bidmead,Xinbu,1985/11/20,China,cbidmeadch@google.nl,+86 (564) 762-7433
Mickey,Antonat,Lidingö,1992/05/07,Sweden,mantonatci@cisco.com,+46 (298) 213-0122
Malena,Broinlich,Jiangtian,1951/08/20,China,mbroinlichcj@mapquest.com,+86 (982) 247-8767
Giovanni,Kenworthey,Youcheng,1962/09/17,China,,+86 (201) 354-0516
Tanny,Ivakhno,Angostura,1970/10/11,Colombia,tivakhnocl@google.com.br,+57 (979) 251-1018
Crysta,Schmidt,Mosteiros,1961/10/11,Portugal,cschmidtcm@netvibes.com,+351 (844) 365-0058
Harman,Dunkerley,Nampula,1959/10/08,Mozambique,,+258 (380) 826-9829
Linnie,Cassella,Xiabaishi,1952/01/01,China,lcassellaco@acquirethisname.com,+86 (137) 311-3047
Siusan,Morrant,Derviçian,1997/12/10,Albania,smorrantcp@baidu.com,+355 (627) 636-9267
Delbert,Gritsunov,Nowa Ruda,1969/07/13,Poland,,+48 (480) 261-2576
Hurleigh,Cain,Xinhua,1970/01/02,China,,+86 (570) 440-2457
Waldemar,Bellinger,,,,wbellingercs@photobucket.com,
Lillian,Knatt,Schroeder,1986/11/23,Brazil,lknattct@hostgator.com,+55 (399) 614-7462
Malvina,Shermore,Bela Vista,1960/06/20,Brazil,mshermorecu@discuz.net,+55 (656) 117-2222
Marisa,Blaymires,,,,,
Chan,Beckitt,Pagangan,1998/12/23,Philippines,cbeckittcw@fotki.com,+63 (197) 306-6509
Malena,Tezure,Meixi,1977/01/30,China,,+86 (464) 927-8613
Nikoletta,Bertholin,Bor,1998/09/17,South Sudan,nbertholincy@unesco.org,+249 (356) 641-7399
Remy,Boshard,Kelin,1961/12/19,China,rboshardcz@examiner.com,+86 (335) 317-1701
Ruby,Fruchon,Stockholm,1994/08/02,Sweden,rfruchond0@amazon.com,+46 (864) 540-5171
Bernelle,Face,Uhlove,1982/07/27,Ukraine,bfaced1@jalbum.net,+380 (738) 641-1148
Ermentrude,Mollatt,Shibetsu,1987/07/07,Japan,,+81 (647) 750-1110
Patricio,Donhardt,Bodø,1974/11/22,Norway,pdonhardtd3@wisc.edu,+47 (180) 317-3572
Rodolphe,Barkaway,Urachiche,1966/12/19,Venezuela,rbarkawayd4@wikipedia.org,+58 (318) 511-8335
Tyne,Clinnick,Sanjiang,1996/01/10,China,tclinnickd5@quantcast.com,+86 (603) 943-9215
Paolina,Slarke,Pinhão,1967/06/12,Brazil,pslarked6@histats.com,+55 (526) 864-3124
Kendal,Silverlock,Kendalngupuk,1970/08/03,Indonesia,ksilverlockd7@guardian.co.uk,+62 (307) 857-2967
Quinta,Vaillant,Bodiosa a Velha,1971/04/02,Portugal,,+351 (806) 298-8305
Cyndi,Hiddy,,,,chiddyd9@telegraph.co.uk,
Jacquelynn,Worstall,Guingamp,1960/03/05,France,jworstallda@ucoz.com,+33 (694) 386-0118
Tomas,Scalia,,,,tscaliadb@reddit.com,
Mira,Witherdon,Yushugou,1971/02/17,China,mwitherdondc@loc.gov,+86 (142) 932-1958
Jaclyn,Bentjens,,,,jbentjensdd@mashable.com,
Tobe,Knappett,Cisoka,1998/02/20,Indonesia,tknappettde@simplemachines.org,+62 (277) 590-3152
Farah,Das,Filipowice,1997/03/03,Poland,fdasdf@techcrunch.com,+48 (843) 611-8861
Angelika,Todarini,Vĩnh Thuận,1988/12/26,Vietnam,atodarinidg@qq.com,+84 (165) 853-9494
Leyla,Shotton,Huinca Renancó,1959/12/20,Argentina,lshottondh@dailymail.co.uk,+54 (527) 407-9815
Gonzales,Deave,Saransk,1987/06/25,Russia,gdeavedi@ebay.com,+7 (296) 538-1315
Celinka,Tremlett,Si’en,1998/06/13,China,,+86 (114) 798-2921
Yulma,Gladyer,,,,ygladyerdk@toplist.cz,
Ailene,Betterton,Sidi Redouane,1974/11/13,Morocco,,+212 (991) 709-5148
Marc,Colbeck,Cihaurbeuti,1974/07/05,Indonesia,mcolbeckdm@nyu.edu,+62 (715) 259-7946
Chlo,Richemond,Kyegegwa,1984/09/05,Uganda,crichemonddn@nps.gov,+256 (241) 965-3913
Zorah,Moralas,Gwangju,1957/10/03,South Korea,zmoralasdo@webmd.com,+82 (516) 790-1763
Zollie,Whorall,Ufa,1976/08/27,Russia,,+7 (719) 949-4396
Sanders,Gherardesci,Kamiiso,1961/12/16,Japan,sgherardescidq@i2i.jp,+81 (897) 947-1615
Wilhelmina,MacNeillie,Izumo,1992/06/21,Japan,wmacneilliedr@hhs.gov,+81 (630) 731-6749
Amii,Overal,Hŭngju-dong,1952/05/10,North Korea,aoveralds@wunderground.com,+850 (311) 935-4170
Allen,Caron,Chignayhua,1960/06/10,Peru,acarondt@weibo.com,+51 (926) 564-5393
Thalia,De Roberto,Järfälla,1975/01/01,Sweden,,+46 (700) 546-0742
Sandye,Copcutt,Maishi,1959/08/06,China,scopcuttdv@amazon.de,+86 (849) 740-7466
Grannie,Van der Krui,Galyugayevskaya,1957/06/11,Russia,gvanderkruidw@ifeng.com,+7 (402) 694-3472
Malissia,Tincknell,Makata,1990/02/02,Malawi,mtincknelldx@hhs.gov,+265 (913) 870-3584
Vannie,Bonnar,Erdao,1957/06/20,China,vbonnardy@amazon.de,+86 (379) 275-8355
Marabel,Roebuck,Menanga,1963/10/10,Indonesia,mroebuckdz@unesco.org,+62 (694) 435-3076
Jess,Ciciura,Linjiang,1952/08/08,China,jciciurae0@deliciousdays.com,+86 (583) 854-7995
Tommi,Markson,Pasirnangka,1962/04/22,Indonesia,tmarksone1@europa.eu,+62 (173) 916-4789
Donavon,Toomer,Nicolet,1960/11/04,Canada,dtoomere2@prlog.org,+1 (308) 433-5539
Nikolaus,Milius,Taurisma,1990/05/31,Peru,nmiliuse3@timesonline.co.uk,+51 (480) 342-6942
Eamon,Devons,Huangxi,1955/10/31,China,edevonse4@biglobe.ne.jp,+86 (838) 638-6919
Morley,Reppaport,Nobo,1951/03/31,Indonesia,mreppaporte5@slashdot.org,+62 (560) 650-7575
Travus,Sudran,Tuoshi,1998/07/04,China,tsudrane6@nifty.com,+86 (645) 822-0026
Winonah,Feldmesser,Dýšina,1963/02/16,Czech Republic,wfeldmessere7@lycos.com,+420 (345) 902-8542
Melinda,Guice,Badīn,1968/02/26,Pakistan,mguicee8@csmonitor.com,+92 (172) 855-1127
Inger,Norris,Papakura,1967/05/25,New Zealand,,+64 (212) 783-1435
Vilhelmina,Griswaite,Bangkal,1983/03/10,Indonesia,vgriswaiteea@hugedomains.com,+62 (585) 470-8481
Marcos,Lanning,Pandansari,1960/06/05,Indonesia,mlanningeb@yale.edu,+62 (980) 495-4644
Cristy,De Gregoli,Kloangpopot,1968/11/04,Indonesia,,+62 (976) 323-8938
Minta,Ellsworthe,Shakhty,1951/05/13,Russia,mellswortheed@ustream.tv,+7 (432) 248-5593
Virgil,Clues,Beilun,1986/06/10,China,vcluesee@flavors.me,+86 (717) 313-9116
Tamas,Ballister,‘Aqrah,1998/12/15,Iraq,tballisteref@eepurl.com,+964 (323) 307-1937
Lesya,Waddam,Leidschendam,1995/08/19,Netherlands,lwaddameg@arstechnica.com,+31 (703) 858-5851
Latisha,Ricketts,Sulahan,1961/04/12,Indonesia,,+62 (758) 204-7705
Joela,Kinane,Soloneshnoye,1959/01/17,Russia,jkinaneei@engadget.com,+7 (643) 527-7965
Kailey,Lopez,Linshe,1996/03/24,China,klopezej@google.com.au,+86 (599) 405-9733
Bryan,O' Driscoll,Fatuulan,1977/08/05,Indonesia,bodriscollek@apache.org,+62 (727) 877-0064
Adan,Ambrozewicz,,,,aambrozewiczel@hugedomains.com,
Dietrich,Samson,Sajan,1976/06/28,Serbia,dsamsonem@artisteer.com,+381 (227) 178-0180
Nichole,Jahnke,Dublje,1982/01/07,Serbia,njahnkeen@scribd.com,+381 (185) 605-9723
Harlan,Stouther,Nowe Brzesko,1992/09/14,Poland,,+48 (591) 708-7937
Fernando,Kealey,Artsvanist,1971/01/04,Armenia,fkealeyep@ucoz.com,+374 (186) 454-9660
Brittany,Waller-Bridge,Stockholm,1963/10/16,Sweden,,+46 (920) 902-4338
Samara,Pepper,Ra’s Bayrūt,1989/11/07,Lebanon,spepperer@irs.gov,+961 (999) 676-7648
Elise,Proudley,Mae Fa Luang,1961/06/15,Thailand,eproudleyes@bloomberg.com,+66 (598) 913-4415
Byram,Slarke,Pictou,1991/01/10,Canada,bslarkeet@printfriendly.com,+1 (216) 987-9970
Merilee,Shingles,Kalpáki,1982/06/04,Greece,mshingleseu@admin.ch,+30 (672) 774-7983
Cathy,Brogan,Meringkik,1962/03/12,Indonesia,,+62 (844) 453-3031
Terry,Stoate,Montería,1956/04/01,Colombia,tstoateew@gizmodo.com,+57 (165) 348-0541
Gerta,Owlner,Beisijia,1992/02/19,China,gowlnerex@amazon.co.jp,+86 (713) 520-0208
Ezechiel,McCaskill,Cancela,1978/06/24,Portugal,emccaskilley@hatena.ne.jp,+351 (688) 660-5278
Mariette,Leisman,Gandusari,1971/02/12,Indonesia,mleismanez@army.mil,+62 (124) 202-0248
Gustav,Priver,Yanji,1978/06/12,China,gpriverf0@histats.com,+86 (402) 859-0291
Zahara,Ledster,Thị Trấn Mường Khương,1971/12/13,Vietnam,zledsterf1@elpais.com,+84 (224) 942-1809
Lemar,Doig,,,,ldoigf2@sourceforge.net,
Michelina,Walder,Shakhun’ya,1962/01/02,Russia,mwalderf3@live.com,+7 (706) 844-9789
Gabi,Dyball,Senador Canedo,1959/11/05,Brazil,gdyballf4@squidoo.com,+55 (554) 504-5459
Gaven,Lalevee,Bapska,1981/01/28,Croatia,glaleveef5@latimes.com,+385 (927) 253-9104
Rourke,Shane,Lianxia,1993/05/01,China,rshanef6@networksolutions.com,+86 (538) 869-5373
Jacqueline,Hillett,Dongxing,1959/03/10,China,jhillettf7@stumbleupon.com,+86 (931) 143-9421
Helga,Cocking,Belyayevka,1964/05/27,Russia,,+7 (841) 462-4102
Wilhelmina,Haggerstone,Nampula,1992/06/06,Mozambique,whaggerstonef9@dropbox.com,+258 (425) 171-3875
Tristam,Champagne,Kota Kinabalu,1965/10/05,Malaysia,tchampagnefa@cyberchimps.com,+60 (579) 544-7311
Broddie,Carren,Narimanov,1976/05/21,Russia,,+7 (167) 737-0897
Hildagarde,Celand,Alue Glumpang,1969/10/25,Indonesia,hcelandfc@macromedia.com,+62 (432) 638-7384
Katerine,Eshmade,Abnūb,1954/12/02,Egypt,keshmadefd@hatena.ne.jp,+20 (203) 960-4168
Ashley,Jones,Bolobo,1980/07/06,Democratic Republic of the Congo,,+242 (861) 336-5593
Aileen,Esley,Bibis,1955/03/10,Indonesia,aesleyff@prnewswire.com,+62 (508) 697-1810
Elset,Kirley,Ash Shafā,1951/10/22,Saudi Arabia,ekirleyfg@ow.ly,+966 (297) 541-7617
Forester,Prahm,Shuiyuan,1987/09/28,China,fprahmfh@360.cn,+86 (982) 808-9451
Lian,Stutard,Ruda-Huta,1979/11/05,Poland,lstutardfi@free.fr,+48 (325) 375-7699
Ford,Whitwam,Maracay,1973/01/11,Venezuela,fwhitwamfj@desdev.cn,+58 (480) 358-4190
Maryanne,Errington,Seattle,1962/08/18,United States,merringtonfk@kickstarter.com,+1 (206) 365-3016
Ellissa,Sifleet,Hoorn,1954/02/25,Netherlands,esifleetfl@slashdot.org,+31 (853) 376-0461
Ernie,Stanmer,Abidjan,1986/02/07,Ivory Coast,estanmerfm@state.tx.us,+225 (495) 566-4865
Dominique,Butterick,Elvas,1972/01/23,Portugal,dbutterickfn@vimeo.com,+351 (754) 133-4239
Sky,Giurio,Cesson,1956/01/01,France,sgiuriofo@epa.gov,+33 (631) 154-6561
Sallyann,Schneidar,Ratchathewi,1979/03/30,Thailand,sschneidarfp@rambler.ru,+66 (621) 729-5212
Sigismundo,Gleave,São José de Ribamar,1966/11/12,Brazil,sgleavefq@yolasite.com,+55 (580) 264-7754
Fania,Dunphy,Almirante,1968/07/13,Panama,fdunphyfr@ning.com,+507 (135) 147-2164
Harland,Tinline,Mafa,1987/04/06,Indonesia,,+62 (606) 531-3766
Nissa,Durbann,Lazaro Cardenas,1985/05/29,Mexico,ndurbannft@digg.com,+52 (721) 284-0944
Orelle,Abrahamsson,Lecong,1956/10/31,China,oabrahamssonfu@amazon.co.uk,+86 (488) 321-7637
Wenonah,Hovington,Sobeok,1985/09/17,Indonesia,whovingtonfv@umich.edu,+62 (832) 317-9489
Tamarra,Tebbut,Sucre,1973/06/20,Colombia,ttebbutfw@exblog.jp,+57 (289) 747-8553
Warren,Isack,Pingyang,1956/09/09,China,wisackfx@mtv.com,+86 (834) 869-5676
Onofredo,Matschoss,Carrascal,1951/07/28,Portugal,omatschossfy@mapy.cz,+351 (545) 410-0488
Mark,Abbis,Ciriri,1971/09/17,Indonesia,mabbisfz@loc.gov,+62 (848) 476-4551
Adolphus,Idenden,Perpignan,1958/11/24,France,aidendeng0@opera.com,+33 (173) 289-6780
Lind,Rampley,Gaogu,1959/09/20,China,lrampleyg1@cpanel.net,+86 (297) 597-5626
Iolande,Jarman,Roanne,1965/04/10,France,ijarmang2@sfgate.com,+33 (492) 316-4484
Brittni,Lemery,Ekazhevo,1964/03/26,Russia,,+7 (459) 889-5426
Fanchette,Bertson,Sannois,1980/08/16,France,fbertsong4@linkedin.com,+33 (819) 166-4175
Emmanuel,Secker,Kumberg,1987/09/02,Austria,eseckerg5@whitehouse.gov,+43 (882) 971-9271
Liane,Renihan,Pau,1990/12/30,Philippines,lrenihang6@creativecommons.org,+63 (377) 568-9354
Hedvig,Plunket,Calasgasan,1991/09/13,Philippines,hplunketg7@theglobeandmail.com,+63 (831) 838-5515
Janos,Rattery,Madrid,1953/07/08,Spain,jratteryg8@weebly.com,+34 (407) 422-4102
Gennie,Bengtsen,Dongjin,1951/04/23,China,gbengtseng9@dyndns.org,+86 (796) 244-5403
Angelika,Reidie,Sabirabad,1973/04/07,Azerbaijan,areidiega@dion.ne.jp,+994 (487) 283-0095
Pietro,Herreran,Dongtuan,1990/10/26,China,pherrerangb@youtu.be,+86 (805) 514-2397
Griswold,Stepto,Tozkhurmato,1993/07/13,Iraq,gsteptogc@yahoo.com,+964 (470) 362-4082
Munroe,O'Ferris,Nueve de Julio,1996/07/03,Argentina,moferrisgd@51.la,+54 (349) 191-5448
Lonnard,Djurevic,Longjing,1995/05/09,China,ldjurevicge@altervista.org,+86 (464) 154-3605
Ruthe,McDonogh,Sławoborze,1998/12/14,Poland,rmcdonoghgf@privacy.gov.au,+48 (127) 681-8548
Adaline,Papen,Bago,1959/10/12,Myanmar,apapengg@engadget.com,+95 (120) 198-0258
Loretta,Count,Mugala,1983/07/10,China,lcountgh@networkadvertising.org,+86 (961) 994-7385
Arlina,Ticksall,Shingū,1982/01/08,Japan,aticksallgi@spotify.com,+81 (695) 316-2533
Myrlene,Romei,Jiling,1953/12/19,China,mromeigj@dell.com,+86 (444) 630-8566
Maiga,Grewes,Tarqūmyā,1959/01/23,Palestinian Territory,,+970 (387) 981-1335
Rebekah,Daville,Napak,1993/01/25,Uganda,rdavillegl@shop-pro.jp,+256 (253) 274-2311
Wendi,Cripps,Half Way Tree,1963/06/11,Jamaica,,+1 (869) 783-2411
Zena,Gave,Northern Suburbs Mc,1957/11/06,Australia,zgavegn@ucoz.com,+61 (188) 817-9018
Ivory,Tiebe,Aboisso,1974/12/23,Ivory Coast,itiebego@mashable.com,+225 (887) 925-5253
Thadeus,Crossman,Rungkam,1951/08/27,Indonesia,tcrossmangp@behance.net,+62 (894) 718-4243
Mahalia,Dunstall,Rennes,1967/12/21,France,mdunstallgq@paginegialle.it,+33 (822) 678-0704
Carolyne,Norssister,Juexi,1962/12/14,China,cnorssistergr@mozilla.org,+86 (656) 772-5925
Bayard,Mattys,Zawiya,1969/04/03,Libya,bmattysgs@state.tx.us,+218 (606) 514-0217
Stanford,Mathy,Los Aquijes,1995/10/13,Peru,smathygt@xinhuanet.com,+51 (946) 786-7767
Linnell,Crimes,,,,lcrimesgu@cnet.com,
Anni,Chivrall,,,,achivrallgv@reverbnation.com,
Minny,Danielis,Boca de Uchire,1955/08/05,Venezuela,mdanielisgw@amazon.co.uk,+58 (555) 423-3009
Sherlocke,Popescu,Novoselë,1976/05/23,Albania,spopescugx@illinois.edu,+355 (905) 473-3589
Wilmar,Croxton,Ustyuzhna,1985/10/15,Russia,wcroxtongy@google.cn,+7 (996) 540-1977
Christiane,Perrott,Prinza,1955/06/27,Philippines,cperrottgz@chicagotribune.com,+63 (748) 359-7346
Rene,Lory,Kraczkowa,1957/02/26,Poland,rloryh0@illinois.edu,+48 (369) 717-2158
Correy,Bridgestock,Medina,1958/12/09,Brazil,cbridgestockh1@pagesperso-orange.fr,+55 (446) 432-4244
Gui,Boulde,Karangbungur,1985/02/16,Indonesia,gbouldeh2@time.com,+62 (664) 921-7002
Nadia,Creese,Lexington,1981/02/22,United States,ncreeseh3@icio.us,+1 (859) 866-2509
Patrica,Quennell,Grojec,1975/08/29,Poland,pquennellh4@gnu.org,+48 (719) 940-8623
Aleda,Northing,Sijiqing,1987/01/12,China,anorthingh5@washingtonpost.com,+86 (691) 640-8352
Jarrad,Lavell,Tahe,1956/08/03,China,,+86 (987) 807-6435
Elizabeth,Wormell,Burnside,1987/08/08,United Kingdom,ewormellh7@cmu.edu,+44 (830) 959-1031
Charleen,Howat,Challhuahuacho,1950/04/18,Peru,chowath8@ebay.com,+51 (701) 372-4888
Kerby,MacCall,Řečany nad Labem,1971/12/03,Czech Republic,kmaccallh9@cbslocal.com,+420 (140) 725-8286
Conney,Bernard,,,,cbernardha@usnews.com,
Abbe,Ricciardiello,Jinshan,1970/07/17,China,aricciardiellohb@archive.org,+86 (935) 413-7463
Maxie,Ferminger,Ferreira,1968/07/30,Portugal,mfermingerhc@go.com,+351 (541) 544-3602
Sayers,Sandyford,Bājitpur,1998/11/11,Bangladesh,ssandyfordhd@wsj.com,+880 (253) 478-3945
Rosemaria,Abotson,Quime,1983/09/26,Bolivia,rabotsonhe@comsenz.com,+591 (242) 480-0977
Lindy,Coper,Dahuang,1980/04/06,China,lcoperhf@comsenz.com,+86 (305) 547-1800
Ellynn,Treske,Caicó,1952/12/20,Brazil,etreskehg@ask.com,+55 (950) 730-5579
Giovanni,Drage,Shuizhai,1987/07/15,China,gdragehh@vimeo.com,+86 (776) 540-7754
Davide,Gilliver,Qiryat Yam,1997/07/06,Israel,dgilliverhi@yellowpages.com,+972 (776) 875-9498
Eberto,Ranvoise,Eixo,1987/06/06,Portugal,eranvoisehj@toplist.cz,+351 (128) 383-6245
Klara,Croome,Anton,1991/02/18,Bulgaria,kcroomehk@list-manage.com,+359 (372) 694-6355
Dalia,Aucott,Gangshangji,1993/05/24,China,daucotthl@dagondesign.com,+86 (649) 126-3034
Elmer,Gaddesby,Sanchang,1985/06/02,China,egaddesbyhm@geocities.com,+86 (993) 578-9531
Davon,Maggiore,Kaavi,1990/05/28,Finland,dmaggiorehn@1und1.de,+358 (225) 252-6212
Beatrix,Borghese,Novoaleksandrovsk,1953/03/04,Russia,bborgheseho@so-net.ne.jp,+7 (208) 991-1714
Romona,Jay,Changqi,1964/11/09,China,rjayhp@g.co,+86 (169) 881-3402
Antonie,Coley,Shakhun’ya,1998/04/02,Russia,acoleyhq@stanford.edu,+7 (615) 690-8517
Julie,Maddocks,Longquan,1985/10/27,China,,+86 (409) 268-3223
Myrna,Shipperbottom,Cinunjang,1964/05/12,Indonesia,mshipperbottomhs@cpanel.net,+62 (679) 889-9488
Consalve,Cudd,Czarna Woda,1951/01/16,Poland,ccuddht@shutterfly.com,+48 (972) 593-8890
Edyth,Stoker,Gaoling,1961/06/04,China,,+86 (824) 453-7448
Kearney,Gouck,Yanwukou,1991/02/09,China,kgouckhv@arstechnica.com,+86 (547) 920-7640
Claire,Leverington,Boaco,1953/09/02,Nicaragua,cleveringtonhw@w3.org,+505 (590) 545-1735
Analiese,Cunnane,Al Ḩīlah,1959/02/23,Palestinian Territory,acunnanehx@google.it,+970 (545) 194-4347
Donaugh,Ortiga,Kālīganj,1955/01/12,Bangladesh,dortigahy@netlog.com,+880 (371) 465-9253
Domenic,Marcoolyn,Petrovskiy,1969/05/18,Russia,dmarcoolynhz@woothemes.com,+7 (211) 747-3325
Netti,Gurg,Talpe,1954/03/06,Sri Lanka,ngurgi0@scientificamerican.com,+94 (475) 157-8915
Kermie,Baudacci,Nepomuceno,1969/01/30,Brazil,kbaudaccii1@indiegogo.com,+55 (566) 476-0537
Eldredge,Le Fevre,Hangbu,1967/07/30,China,,+86 (971) 997-1767
Maridel,Danis,Quetta,1950/02/12,Pakistan,mdanisi3@amazonaws.com,+92 (524) 559-7375
Eadmund,Sager,Auki,1953/11/22,Solomon Islands,esageri4@dmoz.org,+677 (618) 983-4397
Sisile,Ramel,Mang’it Shahri,1988/03/28,Uzbekistan,srameli5@jugem.jp,+998 (263) 438-9998
Sada,Ottawell,Pringgoboyo,1996/01/14,Indonesia,sottawelli6@mtv.com,+62 (388) 508-5956
Garrett,Caccavale,Gubo,1955/02/12,China,gcaccavalei7@ehow.com,+86 (210) 204-8216
Sasha,Petrus,Starotitarovskaya,1973/05/03,Russia,spetrusi8@hostgator.com,+7 (401) 178-7971
Dorothee,Grubey,Sandviken,1979/02/08,Sweden,dgrubeyi9@behance.net,+46 (944) 955-5610
Cami,Kuhnhardt,Werbkowice,1956/01/16,Poland,ckuhnhardtia@nifty.com,+48 (450) 791-5766
Roderick,Eagle,Ningxin,1996/12/29,China,reagleib@psu.edu,+86 (920) 567-3726
Mable,Tiebe,Wangjiang,1961/08/16,China,mtiebeic@cdc.gov,+86 (331) 852-1570
Darb,Kynaston,Ust’-Labinsk,1960/05/18,Russia,dkynastonid@upenn.edu,+7 (864) 492-8240
Shaylah,Diviney,Ayacucho,1983/06/16,Peru,sdivineyie@pcworld.com,+51 (306) 225-3401
Glennis,Collinette,Yeghvard,1977/01/05,Armenia,gcollinetteif@va.gov,+374 (755) 805-1914
Fredericka,Biss,Uralo-Kavkaz,1974/06/21,Ukraine,,+380 (257) 786-5827
Charo,Fearne,Sierra Imataca,1985/04/28,Venezuela,cfearneih@cbslocal.com,+58 (996) 380-9745
Otis,Stenbridge,Dijon,1953/01/06,France,ostenbridgeii@berkeley.edu,+33 (159) 316-9142
Ev,Colloby,Sañgay,1981/07/27,Philippines,ecollobyij@imdb.com,+63 (923) 447-1889
Lynsey,Lusk,Norrtälje,1990/03/16,Sweden,lluskik@squidoo.com,+46 (755) 208-0581
Cammy,Rugieri,,,,crugieriil@instagram.com,
Victor,Kunzel,Vareš,1960/07/05,Bosnia and Herzegovina,vkunzelim@cnet.com,+387 (631) 705-8971
Mireille,Camocke,Kivijärvi,1970/03/19,Finland,mcamockein@telegraph.co.uk,+358 (846) 441-0039
Eadith,Mc Mechan,Teminabuan,1979/05/28,Indonesia,emcmechanio@intel.com,+62 (742) 712-4106
Bertha,Getch,Mamoudzou,1980/06/04,Mayotte,bgetchip@tamu.edu,+269 (235) 376-0228
Keeley,Medhurst,Västra Frölunda,1967/10/12,Sweden,kmedhurstiq@marketwatch.com,+46 (725) 519-5982
Letty,Jorck,San Diego,1989/10/10,United States,,+1 (619) 876-6738
Duncan,Windress,,,,dwindressis@google.es,
Datha,Mouncher,Aotou,1971/05/15,China,dmouncherit@xing.com,+86 (640) 966-6726
Nikolia,Simenot,Mathambgwane,1951/06/30,Botswana,nsimenotiu@barnesandnoble.com,+267 (278) 517-0832
Bendite,Glynn,Sơn Hà,1994/09/25,Vietnam,,+84 (308) 945-5498
Marcus,de Chastelain,Ciburial,1972/07/13,Indonesia,mdechastelainiw@boston.com,+62 (124) 733-8585
Ariel,O'Dowling,Harian,1990/06/12,Indonesia,,+62 (238) 844-0400
Lennard,Schwandner,Uničov,1985/12/01,Czech Republic,lschwandneriy@imgur.com,+420 (861) 298-3143
Robbyn,Tyer,Sandefjord,1990/10/22,Norway,,+47 (864) 833-3302
Anderson,McCalum,Ciomas,1958/02/17,Indonesia,amccalumj0@dmoz.org,+62 (926) 605-1817
Kania,Simenet,Cerrito,1996/09/13,Paraguay,ksimenetj1@youku.com,+595 (913) 208-1020
Gustavo,Iamittii,Tapan,1989/11/16,Indonesia,giamittiij2@lulu.com,+62 (944) 113-9183
Essy,Chittie,Kari,1951/05/26,Nigeria,echittiej3@fastcompany.com,+234 (351) 428-8274
Meggy,Cassey,,,,mcasseyj4@blogger.com,
Fawn,Heales,Grudë-Fushë,1965/08/28,Albania,,+355 (665) 174-1707
Gearalt,Salzberg,Sydney,1962/05/02,Australia,gsalzbergj6@cornell.edu,+61 (305) 651-0800
Henrieta,Gilbeart,Stockholm,1951/07/03,Sweden,hgilbeartj7@amazon.co.jp,+46 (206) 693-6796
Timmi,Kolushev,Nogent-le-Rotrou,1982/10/02,France,tkolushevj8@wix.com,+33 (160) 272-7607
Cliff,Catanheira,Bulasa,1958/03/09,Philippines,ccatanheiraj9@google.com,+63 (716) 765-4149
Danielle,Klosser,Dmitriyevskaya,1998/11/28,Russia,dklosserja@wikimedia.org,+7 (238) 573-1139
Joe,Noor,,,,jnoorjb@wired.com,
Tiffy,Knewstubb,Lumphăt,1983/08/05,Cambodia,tknewstubbjc@techcrunch.com,+855 (330) 122-5981
Steffi,Kelle,Velika Kladuša,1959/02/15,Bosnia and Herzegovina,skellejd@hhs.gov,+387 (724) 937-4074
Dagmar,Narbett,Staryy Saltiv,1968/05/08,Ukraine,,+380 (857) 250-3433
Fernande,Winspear,Manning,1962/09/06,Canada,fwinspearjf@histats.com,+1 (702) 380-1674
Nicolais,Poxon,Oslo,1979/06/12,Norway,npoxonjg@sbwire.com,+47 (842) 227-5665
Colette,Blandamere,Kosamphi Nakhon,1991/09/12,Thailand,cblandamerejh@usnews.com,+66 (486) 318-8537
Jermain,Scaife,Embu,1955/05/26,Kenya,jscaifeji@zdnet.com,+254 (152) 562-0057
Nathanael,Gosnay,Sanhe,1955/10/24,China,ngosnayjj@howstuffworks.com,+86 (776) 112-2507
Nickola,Cisson,Fátima,1987/06/17,Portugal,ncissonjk@arstechnica.com,+351 (208) 181-8226
Cazzie,Dunk,Ceres,1984/01/26,Argentina,,+54 (391) 861-3557
Roberto,Tomasik,Patrol,1983/04/14,Indonesia,rtomasikjm@businessweek.com,+62 (162) 161-4985
Sherwynd,Archbould,Hampton,1969/06/21,United States,sarchbouldjn@unc.edu,+1 (757) 611-1099
Pamela,Nelane,Bodø,1985/01/17,Norway,pnelanejo@myspace.com,+47 (292) 150-4529
Melli,Ewols,Tawan tawan,1952/08/20,Philippines,mewolsjp@mayoclinic.com,+63 (684) 361-1220
Theresa,Dobie,Pasadena,1974/10/31,United States,,+1 (650) 435-2414
Glori,Scarasbrick,Czernice Borowe,1959/07/17,Poland,gscarasbrickjr@statcounter.com,+48 (614) 880-7304
Benji,Geddis,Prosperous,1984/01/29,Ireland,bgeddisjs@nydailynews.com,+353 (315) 646-9187
Gratiana,Shirley,Limoges,1974/07/06,France,gshirleyjt@dyndns.org,+33 (353) 861-4755
Jonathan,Grouvel,Quimper,1959/04/13,France,jgrouvelju@arstechnica.com,+33 (550) 288-0190
Luella,Carleman,Cibatu,1958/10/08,Indonesia,lcarlemanjv@amazon.co.jp,+62 (700) 142-0556
Andy,Leabeater,El Tablón,1966/09/01,Honduras,aleabeaterjw@wiley.com,+504 (411) 725-7565
Brena,Woodcroft,Boca de Uchire,1967/05/07,Venezuela,bwoodcroftjx@virginia.edu,+58 (882) 797-6397
Arther,Carmont,,,,acarmontjy@cisco.com,
Osborne,Puttick,Shangying,1975/08/13,China,oputtickjz@drupal.org,+86 (766) 192-0888
Maren,Reddihough,,,,,
Jess,Van der Brugge,,,,jvanderbruggek1@usa.gov,
Tiffi,Flahy,Feliciano,1969/06/16,Philippines,tflahyk2@nyu.edu,+63 (557) 158-4583
Bernardina,Champkin,Buenaventura,1990/03/02,Colombia,,+57 (999) 297-4751
Normand,Sim,Skhira,1965/01/14,Tunisia,nsimk4@usda.gov,+216 (172) 881-8857
Idette,Goodings,,,,igoodingsk5@bing.com,
Katinka,Witherington,Muheza,1987/08/05,Tanzania,kwitheringtonk6@baidu.com,+255 (508) 817-2902
Iona,Stops,Kępno,1954/07/26,Poland,istopsk7@amazon.de,+48 (666) 287-5077
Geralda,Daybell,Zhongtang,1979/04/12,China,gdaybellk8@lycos.com,+86 (862) 692-4684
Andee,Budd,Huaxian,1973/01/20,China,abuddk9@mail.ru,+86 (562) 948-7476
Cecilla,Mallatratt,Plaridel,1963/09/15,Philippines,cmallatrattka@wisc.edu,+63 (917) 519-0926
Kally,Guyan,Kotel’va,1988/05/25,Ukraine,kguyankb@blogtalkradio.com,+380 (253) 830-3988
Arlana,Fortesquieu,Huangdu,1978/08/19,China,afortesquieukc@soup.io,+86 (706) 412-9089
Cheryl,Schott,Banyuurip,1970/02/13,Indonesia,cschottkd@cocolog-nifty.com,+62 (273) 450-2854
Zebedee,Postles,Severodvinsk,1963/05/31,Russia,,+7 (729) 101-4383
Lanae,Huyge,,,,,
Caryn,Casali,Shuangpengxi,1966/10/31,China,ccasalikg@salon.com,+86 (998) 158-0453
Karisa,Wallbutton,Puncakwangi,1989/08/13,Indonesia,kwallbuttonkh@fda.gov,+62 (336) 416-1323
Emmeline,Pitcaithley,Santa Cruz das Flores,1982/07/30,Portugal,epitcaithleyki@stanford.edu,+351 (650) 540-0702
Oralia,Waldie,Osa,1995/06/05,Russia,owaldiekj@webmd.com,+7 (143) 592-9039
Taylor,Lorek,Stockholm,1970/07/25,Sweden,tlorekkk@admin.ch,+46 (855) 642-9242
Drew,Haibel,Granica,1982/12/15,Poland,dhaibelkl@canalblog.com,+48 (575) 393-0407
Shurwood,Readwin,Alegre,1965/01/19,Brazil,sreadwinkm@google.co.jp,+55 (242) 781-2828
Mattie,Dallywater,Urukh,1981/01/18,Russia,mdallywaterkn@fastcompany.com,+7 (215) 443-3848
Randy,Ivankovic,Paris 19,1984/04/09,France,rivankovicko@quantcast.com,+33 (487) 882-6689
Jermaine,Wheway,Bafatá,1988/02/26,Guinea-Bissau,jwhewaykp@nbcnews.com,+245 (158) 583-5878
Carmita,Pancast,Dasuk,1983/03/23,Indonesia,cpancastkq@phoca.cz,+62 (618) 161-2678
Trumann,Livoir,Cortezia,1998/02/09,Portugal,tlivoirkr@ox.ac.uk,+351 (414) 766-1859
Kermit,Pardy,Néa Ankhíalos,1971/10/20,Greece,kpardyks@prnewswire.com,+30 (664) 806-7704
Bridget,Linforth,Nanlang,1958/10/12,China,,+86 (511) 489-6731
Gerri,Hyam,El Hajeb,1984/02/09,Morocco,ghyamku@ocn.ne.jp,+212 (926) 594-5736
Joseito,O'Kielt,Sumuragung,1988/06/11,Indonesia,jokieltkv@bloomberg.com,+62 (302) 813-6166
Andi,Pree,Belén,1961/10/09,Nicaragua,,+505 (502) 526-5164
Randie,Hackin,Akim Oda,1967/08/03,Ghana,rhackinkx@mozilla.org,+233 (454) 846-1124
Elyssa,Chung,Nyeri,1981/12/22,Kenya,echungky@redcross.org,+254 (387) 297-8821
Christel,Di Bartolommeo,,,,cdibartolommeokz@yahoo.com,
Nicko,MacEveley,Cihe,1980/07/27,China,nmaceveleyl0@elegantthemes.com,+86 (178) 732-0683
Aloisia,Rizziello,,,,,
Dag,Blackett,Temblador,1959/05/15,Venezuela,dblackettl2@facebook.com,+58 (419) 563-3259
Rube,Storrar,Huangtan,1957/05/05,China,rstorrarl3@so-net.ne.jp,+86 (678) 606-6477
Abraham,Flower,Novi Pazar,1985/08/17,Serbia,aflowerl4@php.net,+381 (245) 682-7988
Bone,Iacovino,Haligue,1963/11/28,Philippines,biacovinol5@fastcompany.com,+63 (627) 494-5685
Cara,Quennell,Khurriānwāla,1956/08/07,Pakistan,cquennelll6@boston.com,+92 (869) 202-9062
Jefferey,Woolen,São Pedro Gafanhoeira,1985/03/31,Portugal,jwoolenl7@xing.com,+351 (769) 842-6172
Joellen,Deighton,Soufrière,1971/04/06,Saint Lucia,jdeightonl8@house.gov,+1 (372) 538-5215
Dniren,Harkins,Aketi,1957/11/13,Democratic Republic of the Congo,dharkinsl9@globo.com,+242 (483) 384-5122
Lin,Prestige,Ya’ergenchu,1966/03/04,China,lprestigela@wunderground.com,+86 (293) 879-9198
Tina,Antognozzii,Lusk,1985/07/30,Ireland,tantognozziilb@live.com,+353 (834) 270-6180
Muffin,Sale,Qitai,1985/09/08,China,msalelc@time.com,+86 (731) 923-5708
Winni,Brideoke,Awjilah,1976/01/31,Libya,wbrideokeld@xing.com,+218 (139) 990-7628
Cull,Pinder,Kalembutillu,1974/03/30,Indonesia,cpinderle@tumblr.com,+62 (218) 862-8731
Manolo,Labern,Annecy,1960/11/29,France,mlabernlf@fema.gov,+33 (284) 389-0099
Prissie,Seth,Mnelalete,1960/12/25,Indonesia,psethlg@amazon.com,+62 (470) 613-2175
Bert,Diggle,Pingsha,1985/02/19,China,bdigglelh@constantcontact.com,+86 (275) 985-6872
Cirillo,Hobble,Huangshi,1992/07/06,China,,+86 (940) 604-0433
Engracia,Mitchiner,Roboré,1995/02/03,Bolivia,emitchinerlj@stanford.edu,+591 (417) 320-7712
Koral,Deller,Tres Isletas,1992/06/04,Argentina,kdellerlk@histats.com,+54 (410) 504-1550
Lizbeth,Corhard,Vermelha,1994/09/05,Portugal,lcorhardll@jalbum.net,+351 (543) 881-9280
Theobald,Packington,Bethlehem,1993/03/29,Palestinian Territory,tpackingtonlm@rambler.ru,+970 (989) 746-8565
Jackqueline,Ottee,Buenos Aires,1999/08/19,Peru,jotteeln@berkeley.edu,+51 (953) 566-4276
Otho,Arnaud,Phôngsali,1951/09/17,Laos,oarnaudlo@wiley.com,+856 (309) 219-8885
Andrew,Bailie,Severka,1958/03/07,Russia,abailielp@parallels.com,+7 (581) 833-4666
Smitty,Linn,Zaragoza,1980/07/23,El Salvador,slinnlq@w3.org,+503 (523) 841-7380
Dyanne,Cockell,Sigou,1981/11/13,China,dcockelllr@fc2.com,+86 (350) 802-7939
Fielding,Roseblade,Kantharalak,1990/06/11,Thailand,,+66 (331) 460-5394
Kelsy,Chisnell,Boguchwała,1972/02/02,Poland,kchisnelllt@gov.uk,+48 (566) 333-5449
Stinky,Dawney,Dongtucheng,1954/03/09,China,sdawneylu@surveymonkey.com,+86 (328) 599-7461
Levey,Buncher,Miraflores,1957/06/01,Portugal,lbuncherlv@macromedia.com,+351 (866) 643-0203
Mickey,Pleven,Eirado,1976/08/23,Portugal,mplevenlw@nature.com,+351 (685) 289-9728
Johna,Jurgenson,Plyussa,1987/06/08,Russia,jjurgensonlx@dedecms.com,+7 (759) 900-1898
Kaitlynn,Wash,Itamaraju,1961/09/12,Brazil,kwashly@usgs.gov,+55 (109) 238-2625
Glenden,McQueen,Vin’kivtsi,1990/08/09,Ukraine,gmcqueenlz@ucla.edu,+380 (635) 837-6278
Loutitia,Willows,Nova Era,1981/05/06,Brazil,lwillowsm0@reverbnation.com,+55 (485) 989-6659
Shel,Cuseick,Flying Fish Cove,1977/04/29,Christmas Island,scuseickm1@ow.ly,+61 (999) 688-8060
Bernardina,McKague,Buga,1994/01/04,Philippines,bmckaguem2@spiegel.de,+63 (866) 699-7302
Caril,Stiggers,São Bernardo do Campo,1997/04/12,Brazil,cstiggersm3@youtube.com,+55 (403) 845-2779
Cherida,Geffe,Voznesenskaya,1963/11/19,Russia,cgeffem4@webeden.co.uk,+7 (772) 125-3848
Lexis,Leithgoe,Talospatang,1989/07/17,Philippines,lleithgoem5@privacy.gov.au,+63 (935) 493-6873
Babita,Scripps,Canelas,1963/07/14,Portugal,,+351 (901) 350-3489
Elka,Spratley,Ángeles,1994/01/16,Costa Rica,espratleym7@free.fr,+506 (778) 418-9416
Sloane,Tubble,Pulap,1994/12/09,Micronesia,stubblem8@tumblr.com,+691 (682) 251-3197
Gothart,Pellew,Semenivka,1960/06/19,Ukraine,gpellewm9@cocolog-nifty.com,+380 (118) 948-6406
Eddie,Crofts,Slobodskoy,1959/01/31,Russia,ecroftsma@gov.uk,+7 (413) 944-2643
Kaja,Standidge,El Mirador,1985/12/22,Mexico,kstandidgemb@ask.com,+52 (716) 593-0735
Humfried,Wisdom,,,,hwisdommc@blog.com,
Shell,Dowe,Caçador,1972/05/17,Brazil,sdowemd@jimdo.com,+55 (212) 296-8218
Jessee,Erik,Thanh Chương,1998/11/13,Vietnam,jerikme@godaddy.com,+84 (862) 855-6256
Benedikta,Boyda,Būlaevo,1989/01/25,Kazakhstan,bboydamf@trellian.com,+7 (859) 972-3968
Nils,Clashe,Kotabaru,1980/04/22,Indonesia,,+62 (912) 292-5197
Piper,Janeway,Guoxiang,1975/12/04,China,pjanewaymh@indiatimes.com,+86 (159) 622-8359
Maurizio,Janacek,Wolongquan,1975/12/24,China,mjanacekmi@usda.gov,+86 (557) 743-4432
Meggie,Tyers,Osório,1979/07/15,Brazil,mtyersmj@springer.com,+55 (660) 961-3812
Helen-elizabeth,Justice,Sindangjawa,1987/01/07,Indonesia,hjusticemk@cnet.com,+62 (931) 180-0932
Swen,Villa,Tangzi,1993/08/22,China,svillaml@desdev.cn,+86 (514) 675-5456
Alyosha,Webley,Paris 13,1987/11/01,France,awebleymm@imageshack.us,+33 (799) 728-6605
Mabelle,Trafford,Chaka,1964/07/21,China,mtraffordmn@etsy.com,+86 (744) 890-9822
Henderson,Noblet,Zlechov,1975/03/22,Czech Republic,hnobletmo@uol.com.br,+420 (390) 430-5900
Roxanne,Hampstead,São Pedro,1972/04/01,Portugal,rhampsteadmp@tmall.com,+351 (497) 900-3828
Leora,McCome,Luna,1997/11/11,Philippines,lmccomemq@opera.com,+63 (532) 710-5031
Germana,Cansdale,Pasto,1970/08/15,Colombia,gcansdalemr@washington.edu,+57 (417) 897-6666
Melisande,Semour,Ush-Tyube,1982/05/01,Kazakhstan,msemourms@altervista.org,+7 (474) 766-9147
Glenda,Paddemore,Trollhättan,1990/02/27,Sweden,,+46 (560) 688-2753
Alphonse,Pacher,Guanzhou,1985/03/24,China,apachermu@vistaprint.com,+86 (994) 574-3308
Hazel,Savory,Parakanhonje Wetan,1970/09/28,Indonesia,hsavorymv@virginia.edu,+62 (278) 216-5571
Brigida,Amori,Shangdu,1985/10/31,China,,+86 (500) 428-9360
Giselbert,Egglestone,Maunatlala,1981/11/07,Botswana,gegglestonemx@spiegel.de,+267 (236) 231-0054
Giovanna,Fausset,Pamatang,1950/08/17,Indonesia,gfaussetmy@youtube.com,+62 (613) 228-2962
Thatch,Argile,Itararé,1950/03/22,Brazil,targilemz@topsy.com,+55 (119) 230-1097
Clary,Basnett,Pakalongan,1968/02/15,Indonesia,cbasnettn0@imageshack.us,+62 (697) 550-4504
Cristian,Gainor,Maracaju,1986/12/01,Brazil,cgainorn1@noaa.gov,+55 (539) 554-9547
Faustina,Porte,São Filipe,1981/08/12,Cape Verde,fporten2@t.co,+238 (326) 491-2359
Gerik,Rotter,Francisco Villa,1976/02/11,Mexico,grottern3@multiply.com,+52 (881) 159-6186
Katherina,Connechie,Sinisian,1958/08/07,Philippines,kconnechien4@freewebs.com,+63 (174) 684-1290
Petronella,Chatburn,Napoli,1985/03/25,Italy,pchatburnn5@dion.ne.jp,+39 (328) 860-4260
Otis,Stone Fewings,Kilkís,1970/06/04,Greece,ostonefewingsn6@cisco.com,+30 (373) 166-3724
Jayme,Gwatkin,Conceição da Abóboda,1978/06/18,Portugal,jgwatkinn7@biblegateway.com,+351 (621) 905-6709
Lenora,Espinola,Svirsk,1953/06/01,Russia,lespinolan8@google.fr,+7 (274) 473-1648
Skell,Dureden,,,,sduredenn9@webeden.co.uk,
Charity,Bullas,Alegrete,1983/02/21,Brazil,cbullasna@house.gov,+55 (274) 438-7795
Fred,Karpets,Batan,1968/12/10,Philippines,fkarpetsnb@businesswire.com,+63 (555) 778-2594
Stearne,Pottage,Portëz,1984/12/06,Albania,,+355 (613) 530-7004
Mathias,Persehouse,Eastern Suburbs Mc,1959/06/04,Australia,mpersehousend@techcrunch.com,+61 (523) 557-7951
Ethan,McMeyler,Independencia,1952/12/10,Mexico,emcmeylerne@google.de,+52 (389) 802-7471
Agneta,Rupel,Řečany nad Labem,1964/09/02,Czech Republic,arupelnf@liveinternet.ru,+420 (447) 187-9896
Deck,Newart,,,,dnewartng@oakley.com,
Travers,Worts,La Condamine,1975/10/03,Monaco,twortsnh@youtu.be,+377 (789) 894-2549
Celestyn,Langdale,Cigembor,1958/03/09,Indonesia,clangdaleni@techcrunch.com,+62 (990) 750-1603
Pen,Flawn,Hangji,1996/09/09,China,pflawnnj@yellowpages.com,+86 (318) 717-4180
Kandace,Wortley,Gapuk,1965/12/28,Indonesia,kwortleynk@cyberchimps.com,+62 (965) 787-2948
Sybyl,Gilyatt,Araruama,1981/12/12,Brazil,,+55 (288) 111-1943
Eugene,Howett,Jayyūs,1989/01/10,Palestinian Territory,ehowettnm@weibo.com,+970 (833) 616-7950
Carey,Spadari,Thị Trấn Kim Tân,1950/12/11,Vietnam,cspadarinn@goodreads.com,+84 (952) 326-9690
Wilburt,Leahair,Xianshuigu,1982/05/26,China,wleahairno@theglobeandmail.com,+86 (284) 928-0668
Leontine,Wipper,Uglich,1958/03/24,Russia,lwippernp@shop-pro.jp,+7 (569) 604-4543
Minerva,Revening,Yaogu,1973/07/22,China,mreveningnq@meetup.com,+86 (900) 897-4464
Sula,McCawley,Hucheng,1982/07/30,China,smccawleynr@amazon.co.jp,+86 (383) 845-7121
Hasheem,Trayhorn,Campelos,1963/05/31,Portugal,,+351 (664) 829-5542
Pauline,Southward,Arlington,1982/03/17,United States,psouthwardnt@jimdo.com,+1 (571) 811-2162
Jacklyn,Lockhead,La Cesira,1999/09/14,Argentina,jlockheadnu@netlog.com,+54 (333) 648-5182
Emmit,Carlisle,Ribeira das Taínhas,1998/05/24,Portugal,ecarlislenv@opera.com,+351 (277) 393-4756
Garry,Larne,Sandweiler,1950/06/18,Luxembourg,glarnenw@example.com,+352 (529) 603-1534
Clemmie,Jenney,Cikomara,1972/10/21,Indonesia,cjenneynx@craigslist.org,+62 (735) 551-7362
Augy,Davydoch,Taipingxu,1975/08/07,China,adavydochny@twitpic.com,+86 (872) 894-6731
Madlin,Cornew,Springfield,1965/07/11,United States,mcornewnz@multiply.com,+1 (417) 847-4812
Rudolf,Weatherley,,,,rweatherleyo0@1688.com,
Vivian,Huggens,Umanday Centro,1957/12/24,Philippines,vhuggenso1@disqus.com,+63 (649) 903-9873
Fawne,Reeders,Stockholm,1988/12/15,Sweden,freederso2@va.gov,+46 (921) 610-4814
Byrann,Dacombe,Kalawit,1984/06/18,Philippines,bdacombeo3@bloglovin.com,+63 (153) 399-5477
Chere,Gladtbach,Tynne,1996/01/08,Ukraine,cgladtbacho4@storify.com,+380 (509) 370-4588
Marleen,Grishinov,,,,mgrishinovo5@sbwire.com,
Bevan,Manntschke,Shuanggang,1960/10/18,China,bmanntschkeo6@imageshack.us,+86 (393) 757-9252
Raddy,Madge,Temeke,1952/08/24,China,,+86 (524) 815-8016
Johnath,Gerbl,Iława,1996/02/02,Poland,jgerblo8@squarespace.com,+48 (625) 753-5787
Monte,Cussen,Cibetung Dua,1958/09/29,Indonesia,mcusseno9@1688.com,+62 (718) 465-1957
Leola,Budleigh,Sacramento,1983/11/15,United States,lbudleighoa@senate.gov,+1 (916) 549-4843
Guthry,Burchell,Oratorio,1975/11/04,Guatemala,,+502 (316) 452-8682
Loydie,Dewick,Huotian,1957/10/15,China,ldewickoc@ow.ly,+86 (276) 237-9624
Regan,Feaver,Neskaupstaður,1971/10/17,Iceland,rfeaverod@sourceforge.net,+354 (256) 769-2230
Alessandro,Spoor,Mogoditshane,1975/08/10,Botswana,aspooroe@marriott.com,+267 (917) 380-8850
Dido,Kunat,São José do Rio Pardo,1962/09/15,Brazil,dkunatof@slashdot.org,+55 (987) 345-3687
Debee,Simonich,Kryvichy,1998/05/26,Belarus,dsimonichog@mozilla.org,+375 (444) 624-6109
Dionisio,Sibbons,Jinshiqiao,1966/10/09,China,dsibbonsoh@biglobe.ne.jp,+86 (691) 902-0477
Jermaine,Kidner,Capacmarca,1973/10/23,Peru,jkidneroi@gnu.org,+51 (666) 573-5036
Darrelle,Pontefract,Brumadinho,1992/06/09,Brazil,dpontefractoj@ezinearticles.com,+55 (541) 512-9454
Clarine,Cherrison,Yosowilangun,1957/03/26,Indonesia,ccherrisonok@discuz.net,+62 (846) 841-3963
Erasmus,Garlette,Nakusp,1981/11/05,Canada,egarletteol@mit.edu,+1 (146) 712-9077
Dagmar,Peterken,Arendal,1992/01/04,Norway,dpeterkenom@timesonline.co.uk,+47 (930) 482-4633
Blinnie,Attrill,Yunxi,1951/04/11,China,battrillon@howstuffworks.com,+86 (841) 102-5740
Desmond,Alabone,Rāmsar,1974/05/07,Iran,dalaboneoo@canalblog.com,+98 (561) 135-0897
Aaron,Beeby,Xikou,1976/08/12,China,abeebyop@themeforest.net,+86 (922) 635-5835
Caron,Alsopp,Kelo,1951/09/19,Chad,,+235 (193) 322-8101
Harold,Klus,Alpiarça,1978/04/04,Portugal,hklusor@goo.ne.jp,+351 (701) 532-2757
Benedicto,Oldman,Šardice,1989/07/26,Czech Republic,boldmanos@discuz.net,+420 (287) 542-3832
Deane,Geroldo,Taouloukoult,1985/02/21,Morocco,dgeroldoot@msu.edu,+212 (570) 216-7103
Richmound,Sturgeon,Huangshan,1986/01/21,China,,+86 (555) 780-9523
Shay,Rainsbury,Claye-Souilly,1965/08/20,France,srainsburyov@angelfire.com,+33 (696) 775-7554
Lucinda,Gillan,Janakkala,1981/01/06,Finland,lgillanow@redcross.org,+358 (434) 415-3079
Everard,Saile,Zaječar,1953/05/21,Serbia,esaileox@amazon.co.jp,+381 (469) 148-2794
Carmelita,Gagg,Sapataria,1958/11/18,Portugal,cgaggoy@hostgator.com,+351 (896) 375-1248
Andra,Godsmark,Frederiksberg,1986/04/02,Denmark,agodsmarkoz@tuttocitta.it,+45 (776) 189-9322
Geraldine,Reap,Tanalt,1972/11/09,Morocco,greapp0@jiathis.com,+212 (175) 314-8837
Clementia,Spickett,,,,cspickettp1@shinystat.com,
Neilla,Glavin,Pacatuba,1986/10/29,Brazil,nglavinp2@meetup.com,+55 (597) 931-0993
Derrek,Conisbee,Dongxi,1976/04/14,China,,+86 (904) 299-7765
Betta,Dishman,Caijiang,1988/10/10,China,bdishmanp4@google.com.au,+86 (321) 166-3666
Chelsie,Cettell,,,,ccettellp5@npr.org,
Shalne,Aggett,Rūdiškės,1954/02/12,Lithuania,saggettp6@usatoday.com,+370 (112) 734-6930
Denna,Hearsum,Chiang Mai,1953/04/08,Thailand,dhearsump7@cnet.com,+66 (520) 587-4289
Madalena,Gurton,Krasnaye,1965/07/21,Belarus,mgurtonp8@whitehouse.gov,+375 (168) 150-9920
Junette,Outhwaite,,,,jouthwaitep9@newyorker.com,
Marcellina,Petyankin,Balingoan,1958/03/27,Philippines,mpetyankinpa@reuters.com,+63 (296) 809-4958
Jodee,Casaccio,Chicago,1951/06/08,United States,jcasacciopb@mozilla.org,+1 (312) 676-9481
Jackson,Gooders,Jinshanzui,1989/02/11,China,jgooderspc@indiegogo.com,+86 (692) 315-3419
Collette,Barbe,El Alto,1998/02/21,Peru,cbarbepd@google.com.hk,+51 (643) 571-6961
Danella,Whines,Las Varas,1970/10/08,Argentina,dwhinespe@github.io,+54 (487) 428-4518
Valentina,Titcomb,Liangshan,1993/04/07,China,vtitcombpf@freewebs.com,+86 (140) 564-3810
Mindy,Ludl,Sempol,1985/10/11,Indonesia,,+62 (483) 866-0426
Dewey,Naseby,Ngrejo,1985/11/18,Indonesia,dnasebyph@nbcnews.com,+62 (370) 752-2123
Karlyn,Gadie,Pandansari,1989/04/01,Indonesia,kgadiepi@ihg.com,+62 (797) 197-9287
Lorettalorna,Harsum,Yeoju,1991/09/29,South Korea,lharsumpj@ibm.com,+82 (195) 361-8029
Dunn,Galilee,Oleiros,1994/11/28,Portugal,dgalileepk@mysql.com,+351 (623) 678-5557
Alfie,Readwood,Landskrona,1981/04/17,Sweden,areadwoodpl@va.gov,+46 (137) 709-6422
Cullen,Gudgion,Anār Darah,1962/04/22,Afghanistan,cgudgionpm@wisc.edu,+93 (936) 488-5179
Creighton,Exroll,Mengyin,1983/12/20,China,cexrollpn@cafepress.com,+86 (368) 155-4025
Stella,Combe,Kaltan,1968/04/15,Russia,scombepo@amazonaws.com,+7 (522) 435-3448
Duffie,Philipsson,Ivano-Frankove,1960/09/04,Ukraine,dphilipssonpp@microsoft.com,+380 (298) 481-9476
Christin,Martinie,Mirnyy,1974/08/19,Russia,cmartiniepq@squarespace.com,+7 (560) 503-1915
Ezra,Jedrzejczyk,Sukamantri Satu,1965/03/28,Indonesia,ejedrzejczykpr@china.com.cn,+62 (872) 383-1866
Roseline,Forrington,,,,rforringtonps@unblog.fr,
Napoleon,Weddeburn,Sinubong,1992/01/13,Philippines,,+63 (654) 710-6429
Dudley,Robillart,Teberda,1962/12/11,Russia,drobillartpu@time.com,+7 (999) 977-5365
Mata,Rame,Rantepang,1966/12/02,Indonesia,mramepv@usnews.com,+62 (963) 693-5679
Lethia,Jorgesen,Maagnas,1966/03/21,Philippines,ljorgesenpw@time.com,+63 (105) 199-5263
Shaun,Wike,Caringin Lor,1988/09/03,Indonesia,swikepx@sohu.com,+62 (850) 272-2987
Gayler,Pass,Monywa,1999/11/25,Myanmar,gpasspy@youtu.be,+95 (561) 776-9217
Millicent,Pretsell,Bayanbulag,1957/04/06,Mongolia,mpretsellpz@si.edu,+976 (293) 295-8355
Danella,Beaston,Sunduk,1995/11/30,Indonesia,dbeastonq0@google.com,+62 (117) 652-0730
Ron,Beddo,Tselinnoye,1962/02/10,Russia,rbeddoq1@netvibes.com,+7 (198) 683-8905
Rafaelita,Streeten,Toyama-shi,1984/06/11,Japan,rstreetenq2@smugmug.com,+81 (481) 268-8834
Joanie,Bonus,Delães,1986/01/19,Portugal,,+351 (394) 333-4175
Shoshana,McIlwraith,Wenshao,1991/07/08,China,smcilwraithq4@tumblr.com,+86 (666) 523-4614
Massimiliano,MacTeague,Ganxi,1979/09/01,China,,+86 (553) 820-9609
Howie,Steffens,Liuhe,1978/04/03,China,hsteffensq6@gnu.org,+86 (109) 618-9687
Case,Izakoff,San José de Jáchal,1997/05/31,Argentina,cizakoffq7@imdb.com,+54 (551) 609-1358
Davine,Crease,Facatativá,1975/04/14,Colombia,dcreaseq8@vistaprint.com,+57 (131) 747-5051
Simon,Lecointe,Wangchang,1957/03/14,China,slecointeq9@youtu.be,+86 (792) 795-5990
Perry,Colquit,Lopandino,1951/11/05,Russia,pcolquitqa@forbes.com,+7 (486) 935-8303
Sheeree,Carbery,Thanh Khê,1976/02/11,Vietnam,scarberyqb@1688.com,+84 (417) 641-6971
Silvio,Fawlks,Dayr Dibwān,1974/04/06,Palestinian Territory,,+970 (498) 247-6310
Percival,Corner,Shuvakish,1976/06/14,Russia,pcornerqd@twitpic.com,+7 (944) 541-1341
Hayley,Goldes,Bieto,1989/01/20,Indonesia,hgoldesqe@sohu.com,+62 (599) 330-0592
Shea,Grigor,Kafr Sawm,1962/09/17,Jordan,sgrigorqf@aboutads.info,+962 (590) 115-0493
Erminie,Macklam,Fengcun,1973/05/16,China,emacklamqg@comcast.net,+86 (217) 996-4588
Monte,Murty,Dazu,1982/06/29,China,mmurtyqh@adobe.com,+86 (255) 309-6534
Elnore,Vettore,Kazanskoye,1960/11/15,Russia,evettoreqi@geocities.com,+7 (259) 414-8891
Clarabelle,Georg,Pocsi,1984/11/08,Peru,cgeorgqj@plala.or.jp,+51 (539) 762-1646
Oby,Beagrie,Carianos,1967/06/19,Brazil,obeagrieqk@smugmug.com,+55 (556) 195-7594
Granger,Benne,Daugai,1994/11/29,Lithuania,gbenneql@wired.com,+370 (256) 536-6112
Leighton,Zanetello,Daji,1953/12/08,China,lzanetelloqm@gravatar.com,+86 (469) 893-6939
Maxy,Armatys,Kwatarkwashi,1975/06/24,Nigeria,marmatysqn@reverbnation.com,+234 (390) 354-2391
Claus,Caffery,Xiaojian,1973/09/21,China,ccafferyqo@spiegel.de,+86 (335) 870-1863
Juliet,Birdwhistell,Putrajaya,1971/11/18,Malaysia,jbirdwhistellqp@jalbum.net,+60 (870) 470-0581
Vida,Laffling,Felege Neway,1985/07/08,Ethiopia,vlafflingqq@amazon.de,+251 (924) 151-6229
Radcliffe,Nilges,Brazzaville,1962/02/06,Republic of the Congo,rnilgesqr@bbc.co.uk,+242 (757) 284-8288
Kliment,Itzkov,Geumpang,1964/01/21,Indonesia,kitzkovqs@webs.com,+62 (439) 704-5321
Sheffield,Goldson,Manhan,1966/07/30,Mongolia,sgoldsonqt@feedburner.com,+976 (359) 829-4590
Hetti,Moyers,Suocheng,1991/11/29,China,,+86 (681) 594-5802
Karrah,Dooney,Rongmei,1970/10/10,China,,+86 (956) 593-7601
Ambur,Kemston,,,,akemstonqw@gravatar.com,
Siobhan,Ajam,Chetian,1970/12/27,China,sajamqx@walmart.com,+86 (909) 262-8707
Cordell,Schober,Yurkivka,1960/09/04,Ukraine,cschoberqy@youtube.com,+380 (622) 496-6289
Tania,Yvon,Valleymount,1954/08/19,Ireland,tyvonqz@pen.io,+353 (200) 547-6743
Reginald,Schrinel,,,,,
Lew,Cust,Vitry-le-François,1967/11/17,France,lcustr1@networksolutions.com,+33 (153) 773-9354
Estrella,Saldler,Pak Chom,1973/10/22,Thailand,,+66 (390) 332-8718
Lemmie,Kliment,Al Lagowa,1982/10/15,Sudan,lklimentr3@hhs.gov,+249 (532) 839-3842
Eloisa,Retallick,London,1953/12/28,United Kingdom,eretallickr4@people.com.cn,+44 (125) 685-7798
Emanuele,Barham,Xinning,1970/01/09,China,ebarhamr5@hibu.com,+86 (189) 850-5569
Dayle,Durrance,Samagaltay,1987/08/02,Russia,,+7 (675) 439-3088
Ingar,Southcomb,Atyrau,1953/06/19,Kazakhstan,isouthcombr7@wikispaces.com,+7 (516) 728-7754
Linette,Hagyard,Xanxerê,1976/04/27,Brazil,lhagyardr8@cyberchimps.com,+55 (107) 108-8619
Teriann,Verdy,Fifi,1996/04/23,Morocco,tverdyr9@arizona.edu,+212 (196) 631-2616
Cassaundra,Luckwell,Al Khāniq,1960/02/16,Yemen,cluckwellra@nps.gov,+967 (627) 169-3951
Dulcine,Harkins,Yasynuvata,1976/01/16,Ukraine,dharkinsrb@taobao.com,+380 (929) 255-5478
Abner,Sargent,Usman’,1995/10/31,Russia,asargentrc@exblog.jp,+7 (584) 600-4568
Faustine,Bilsford,,,,fbilsfordrd@bravesites.com,
Benn,Farnie,Pittsburgh,1976/02/16,United States,,+1 (412) 511-1061
Abram,Vardon,Shāhīn Shahr,1994/12/22,Iran,avardonrf@blog.com,+98 (666) 358-2904
Gordon,Seiler,Suncheon,1998/12/13,South Korea,,+82 (408) 997-9099
Genvieve,Postans,Urengoy,1995/02/21,Russia,,+7 (369) 607-2282
Brenn,Darben,Ribeirão,1983/02/22,Portugal,bdarbenri@admin.ch,+351 (529) 547-4503
Rennie,Fidgett,,,,rfidgettrj@washington.edu,
Georgina,Clunie,Västerås,1971/03/11,Sweden,gclunierk@phpbb.com,+46 (470) 306-6374
Elene,Ferminger,Voyskovitsy,1986/06/30,Russia,efermingerrl@amazon.de,+7 (387) 261-0346
Jesse,Giacomuzzo,Rotterdam postbusnummers,1962/11/23,Netherlands,jgiacomuzzorm@csmonitor.com,+31 (211) 755-6521
Idaline,Ogelsby,Varginha,1976/04/18,Brazil,iogelsbyrn@wikispaces.com,+55 (602) 562-8861
Yul,Tacey,Maevatanana,1974/10/12,Madagascar,ytaceyro@etsy.com,+261 (769) 953-8228
Belinda,Preedy,Nantai,1985/03/29,China,bpreedyrp@webeden.co.uk,+86 (188) 808-9327
Hashim,Kelwaybamber,Xiatang,1974/09/19,China,hkelwaybamberrq@printfriendly.com,+86 (519) 561-9434
Adler,Dandy,Zürich,1985/05/11,Switzerland,,+41 (617) 219-9385
