first_name,last_name,birth_place,birth_date,country_living_in,email,phone
Ambrosius,Wharlton,Erhe,1999-07-14T20:42:43Z,China,awharlton0@about.me,+86 (153) 203-0401
Caria,Chaldecott,Tovarnik,1998-01-23T19:46:17Z,Croatia,,+385 (689) 368-5548
Fredrick,Feldhammer,Glinojeck,1952-03-14T00:49:35Z,Poland,ffeldhammer2@google.co.jp,+48 (806) 824-8038
Lock,Pellatt,Siukh,1980-12-25T11:42:21Z,Russia,lpellatt3@histats.com,+7 (385) 238-1719
Dorette,Jephson,Encruzilhada do Sul,1996-07-15T09:02:51Z,Brazil,djephson4@geocities.jp,+55 (947) 766-1050
Marietta,Niesing,Banjar Asahduren,1996-01-31T12:57:53Z,Indonesia,mniesing5@ask.com,+62 (474) 970-1179
Marsh,Redington,Nuyno,1995-10-26T17:07:27Z,Ukraine,mredington6@networksolutions.com,+380 (730) 311-3803
Gradeigh,Birchall,Ashiya,1974-01-02T04:10:40Z,Japan,gbirchall7@cafepress.com,+81 (210) 623-7822
Tedda,Josifovitz,Elassóna,1986-03-25T05:57:16Z,Greece,tjosifovitz8@theguardian.com,+30 (971) 860-9885
Barnett,Isabell,Övertorneå,1951-06-18T14:23:02Z,Sweden,bisabell9@godaddy.com,+46 (868) 294-4006
Aila,Bamlett,Limeira,1976-02-24T16:44:46Z,Brazil,abamletta@fda.gov,+55 (516) 863-5246
Rance,Benzie,Indramayu,1950-10-30T12:58:47Z,Indonesia,rbenzieb@upenn.edu,+62 (469) 341-3472
Brett,Astbury,Örnsköldsvik,1963-11-30T18:12:13Z,Sweden,bastburyc@guardian.co.uk,+46 (280) 979-8678
Kory,Smuth,Laohekou,1961-09-07T17:44:24Z,China,ksmuthd@digg.com,+86 (137) 922-1040
Bryn,Ebunoluwa,Alcanena,1985-10-10T04:33:21Z,Portugal,bebunoluwae@ox.ac.uk,+351 (669) 754-5233
Holt,Leggon,Les Coteaux,1972-10-19T19:15:06Z,Canada,hleggonf@blog.com,+1 (354) 690-4987
Lovell,Severy,Cabangan,1952-04-28T17:18:33Z,Philippines,lseveryg@prlog.org,+63 (794) 267-5504
Jed,Walles,Christiana,1980-07-12T17:13:25Z,South Africa,jwallesh@aol.com,+27 (987) 513-6351
Leonelle,Wedgbrow,Kŭrdzhali,1994-08-10T01:54:02Z,Bulgaria,lwedgbrowi@livejournal.com,+359 (434) 317-1638
Pierette,Milburne,Victoria,1959-01-04T03:39:56Z,Philippines,pmilburnej@csmonitor.com,+63 (187) 146-9902
Chelsy,Dytham,Hollywood,1977-04-07T09:02:36Z,United States,cdythamk@independent.co.uk,+1 (305) 736-2664
Drusie,Sammars,Shorko,1962-07-21T23:28:43Z,Pakistan,dsammarsl@vimeo.com,+92 (380) 682-0463
Alphonso,Krojn,Marolambo,1968-03-26T16:06:34Z,Madagascar,akrojnm@fastcompany.com,+261 (671) 158-0562
Octavius,Kybird,Strazhitsa,1950-05-02T14:55:46Z,Bulgaria,okybirdn@indiegogo.com,+359 (348) 878-1386
Bonni,Silverston,Arasji,1997-06-11T04:30:50Z,Aruba,,+297 (148) 386-6966
Hans,Girardengo,Angoulême,1998-01-16T15:02:21Z,France,,+33 (911) 569-6401
Nanni,Quakley,Houston,1956-09-28T20:06:33Z,United States,nquakleyq@sourceforge.net,+1 (281) 725-8086
Henrik,Aps,Upi,1997-03-02T11:35:25Z,Philippines,hapsr@g.co,+63 (762) 709-0393
Renata,Kropp,Póvoa de Santo António,1979-07-04T22:38:12Z,Portugal,rkropps@reference.com,+351 (450) 910-6834
Sascha,Craven,Varnávas,1954-09-02T23:40:38Z,Greece,scravent@upenn.edu,+30 (885) 252-2312
Jervis,Aleksich,Palmasola,1971-05-10T00:13:40Z,Venezuela,,+58 (852) 403-8250
Tanitansy,Vlasin,,,,tvlasinv@cbsnews.com,
Pembroke,Queenborough,Zhouling,1965-02-15T15:57:21Z,China,pqueenboroughw@addtoany.com,+86 (550) 305-7174
Drugi,Howling,Huangjin,1976-10-14T15:26:13Z,China,dhowlingx@hp.com,+86 (453) 599-9030
Dorthea,Sexcey,Thị Trấn Quán Lào,1974-04-23T10:06:25Z,Vietnam,dsexceyy@slideshare.net,+84 (827) 955-6701
Tove,Simone,Langxi,1971-07-08T07:17:05Z,China,tsimonez@sogou.com,+86 (797) 598-6581
Honey,Oiseau,Palla,1991-01-15T19:32:07Z,Indonesia,hoiseau10@weather.com,+62 (201) 465-5875
Reinald,Vedeniktov,Bandung,1970-07-22T11:58:58Z,Indonesia,rvedeniktov11@mtv.com,+62 (187) 945-0913
Norris,Weal,Mengjia,1979-08-14T16:07:15Z,China,nweal12@amazon.com,+86 (743) 508-2238
Demetri,Ottey,Koa,1992-03-30T03:28:54Z,Indonesia,dottey13@miitbeian.gov.cn,+62 (175) 540-7609
Myer,Groneway,Takum,1987-04-13T03:25:16Z,Nigeria,mgroneway14@artisteer.com,+234 (216) 556-3727
Lotti,Clarke,Xinxing,1973-11-10T08:25:40Z,China,lclarke15@abc.net.au,+86 (543) 573-4853
Ashbey,Enrrico,Houston,1957-02-22T07:30:53Z,United States,aenrrico16@bbb.org,+1 (713) 446-6302
Ulberto,Cullinane,Pisão,1966-10-10T22:14:48Z,Portugal,ucullinane17@omniture.com,+351 (923) 769-7944
Scott,Colecrough,Stockholm,1957-04-02T05:45:53Z,Sweden,scolecrough18@youtube.com,+46 (608) 907-3585
Emmott,North,,,,enorth19@digg.com,
Brigida,Pack,Centre de Flacq,1997-04-02T16:06:04Z,Mauritius,bpack1a@ameblo.jp,+230 (397) 112-9659
Clarey,Horick,Pizarro,1979-02-06T17:05:05Z,Colombia,chorick1b@hp.com,+57 (676) 600-1744
Timothee,Aleksankin,Masachapa,1996-12-11T00:28:36Z,Nicaragua,taleksankin1c@tripadvisor.com,+505 (744) 719-0839
Lynna,Foucar,Pengjia Zhaizi,1968-04-20T12:13:30Z,China,lfoucar1d@wufoo.com,+86 (312) 148-7301
Chandra,Bea,Andongwei,1995-06-23T13:53:39Z,China,cbea1e@123-reg.co.uk,+86 (373) 545-5659
Kahlil,Husbands,Xilinji,1955-05-29T13:51:53Z,China,khusbands1f@ibm.com,+86 (316) 658-4037
Carlene,Binstead,Asemanis,1975-10-09T08:20:29Z,Indonesia,cbinstead1g@xinhuanet.com,+62 (457) 822-3196
Doris,Caldaro,Xiamao,1979-03-21T05:15:43Z,China,dcaldaro1h@jalbum.net,+86 (998) 109-0662
Rosabella,Dybbe,Siyabuswa,1958-02-23T05:41:48Z,South Africa,rdybbe1i@mlb.com,+27 (217) 842-0858
Sileas,Langham,Amieirinha,1950-03-22T11:07:53Z,Portugal,slangham1j@google.com.br,+351 (484) 395-7488
Jammal,Shouler,La Uvita,1963-11-21T07:20:46Z,Colombia,jshouler1k@cmu.edu,+57 (683) 575-2482
Torre,Suscens,Xianglong,1991-01-23T09:11:22Z,China,tsuscens1l@va.gov,+86 (663) 455-6940
Anastasie,Jinda,Liaobu,1989-09-06T15:36:23Z,China,ajinda1m@blinklist.com,+86 (625) 163-1323
Waldon,Sher,Isheyevka,1952-08-10T15:48:23Z,Russia,,+7 (547) 544-7714
Eugine,Quinell,Khonj,1965-07-21T09:36:10Z,Iran,,+98 (835) 477-4132
Elle,Charon,Ciudad Bolívar,1972-02-11T17:30:58Z,Colombia,echaron1p@un.org,+57 (541) 969-8620
Nora,Chyuerton,Novi Sad,1979-02-04T05:03:26Z,Serbia,,+381 (251) 677-8792
D'arcy,Salters,Voskhod,1976-05-07T06:48:10Z,Ukraine,dsalters1r@posterous.com,+380 (549) 298-5502
Lindsay,Krysztofowicz,,,,lkrysztofowicz1s@washington.edu,
Claudian,Snipe,Renhe,1978-04-12T15:43:31Z,China,csnipe1t@cmu.edu,+86 (923) 145-6946
Janka,Verrier,Suponevo,1966-06-22T10:27:58Z,Russia,jverrier1u@timesonline.co.uk,+7 (751) 784-8407
Jordana,Antoniades,Hila,1954-05-15T01:04:32Z,Indonesia,jantoniades1v@oaic.gov.au,+62 (700) 551-7394
Brade,Peter,Bagani,1987-04-30T04:39:17Z,Namibia,bpeter1w@feedburner.com,+264 (472) 203-2532
Gregory,Cayford,Ostrov,1954-10-16T01:37:59Z,Russia,,+7 (783) 359-2446
Joey,Fawdrie,Blois,1960-03-02T23:14:37Z,France,jfawdrie1y@google.ru,+33 (113) 929-8675
Kimbell,Itzkowicz,Flying Fish Cove,1983-12-16T20:52:32Z,Christmas Island,kitzkowicz1z@cloudflare.com,+61 (493) 485-8152
Brendan,Sutherland,Yurkivka,1981-06-10T01:08:31Z,Ukraine,bsutherland20@boston.com,+380 (382) 735-2258
Mohammed,Bartolommeo,Shipaidong,1980-05-14T16:00:43Z,China,mbartolommeo21@mapy.cz,+86 (636) 107-0833
Alphonse,Westover,Sucun,1965-12-09T21:53:47Z,China,awestover22@timesonline.co.uk,+86 (138) 417-2331
Gaelan,Dove,Punta de Bombón,1975-10-16T20:34:28Z,Peru,gdove23@army.mil,+51 (199) 960-8612
Dolley,Sea,Krajandadapmulyo,1969-04-14T04:52:48Z,Indonesia,dsea24@chronoengine.com,+62 (752) 373-5792
Zara,Loades,Hebu,1959-03-19T10:27:07Z,China,zloades25@adobe.com,+86 (148) 835-3389
Rudiger,Maylott,Otradnoye,1982-11-11T18:27:33Z,Russia,rmaylott26@lulu.com,+7 (434) 432-2861
Helena,Guiraud,Thanatpin,1983-03-17T14:22:28Z,Myanmar,,+95 (382) 262-2798
Stacy,Postlethwaite,,,,,
Eustacia,Gland,Papatowai,1971-01-20T20:07:34Z,New Zealand,egland29@shop-pro.jp,+64 (562) 384-6786
Datha,Stegel,Sunnyvale,1961-02-03T10:35:09Z,United States,dstegel2a@ebay.com,+1 (650) 335-7879
Elvis,Vivers,Bagakay,1987-12-02T21:45:12Z,Philippines,evivers2b@google.it,+63 (134) 472-4413
Lanni,Harroll,Hagfors,1979-09-13T07:11:15Z,Sweden,lharroll2c@vistaprint.com,+46 (876) 235-9952
Jehu,Deporte,Carenang Lor,1965-06-26T07:54:32Z,Indonesia,jdeporte2d@huffingtonpost.com,+62 (884) 611-6819
Cirillo,Evitts,Ostrów Mazowiecka,1975-11-26T10:33:22Z,Poland,,+48 (968) 476-2596
Balduin,Ryde,Nikhom Phattana,1981-05-29T05:01:41Z,Thailand,bryde2f@wikimedia.org,+66 (463) 777-1673
Shannon,Flicker,Matozinhos,1958-01-03T16:06:24Z,Brazil,sflicker2g@flavors.me,+55 (274) 470-5239
Yance,Huckleby,Guoduwan,1963-06-02T13:50:10Z,China,yhuckleby2h@ucoz.com,+86 (561) 456-5632
Lisa,Smith,Shūsh,1982-03-09T13:19:02Z,Iran,,+98 (364) 180-8301
Martha,Sand,Ludvika,1975-06-05T22:21:02Z,Sweden,msand2j@cnn.com,+46 (851) 772-8552
Hunfredo,Citrine,Quemú Quemú,1985-02-26T14:17:11Z,Argentina,hcitrine2k@i2i.jp,+54 (845) 591-0392
Hersh,Orred,Plateliai,1970-05-11T11:23:18Z,Lithuania,horred2l@rambler.ru,+370 (779) 943-3586
Noby,Andrat,Tojal,1960-06-01T16:38:05Z,Portugal,nandrat2m@stanford.edu,+351 (435) 922-2472
Damon,Mathys,Skene,1957-04-14T13:03:11Z,Sweden,dmathys2n@dmoz.org,+46 (946) 923-1145
Moira,Marcinkus,Guanshui,1953-10-25T17:27:26Z,China,mmarcinkus2o@biblegateway.com,+86 (220) 639-0795
Mattheus,Danilyuk,Suay,1992-09-03T00:46:39Z,Philippines,mdanilyuk2p@pagesperso-orange.fr,+63 (692) 273-6197
Tatum,Brierley,Nunutba,1997-12-02T00:11:19Z,Indonesia,,+62 (896) 889-4522
Hanan,Doornbos,Zhangcheng,1967-09-25T05:50:06Z,China,hdoornbos2r@shop-pro.jp,+86 (425) 822-2189
Valentia,Gritton,Balangkayan,1968-09-23T11:20:39Z,Philippines,,+63 (837) 651-0246
Ram,Rushmere,Embajador Martini,1959-11-07T05:36:05Z,Argentina,rrushmere2t@skyrock.com,+54 (679) 684-9945
Hilda,Breffitt,Santa Rosa de Cabal,1973-10-31T03:22:57Z,Colombia,hbreffitt2u@ocn.ne.jp,+57 (492) 511-6274
Kelcy,Pindell,Al Madān,1980-04-13T15:27:23Z,Yemen,,+967 (540) 974-7564
Constantina,Jacquemard,Tiandiba,1980-12-15T21:49:46Z,China,cjacquemard2w@printfriendly.com,+86 (678) 415-9305
Chalmers,Decroix,Oetua,1967-09-03T03:36:40Z,Indonesia,cdecroix2x@mail.ru,+62 (897) 909-5566
Nolie,Dey,Bethanie,1978-01-01T20:04:35Z,Namibia,ndey2y@infoseek.co.jp,+264 (296) 772-6364
Nelie,Kiehnlt,Boende,1981-01-30T01:40:43Z,Democratic Republic of the Congo,,+242 (966) 783-0622
Cordell,Allerton,Moba,1983-09-16T06:20:52Z,China,callerton30@opensource.org,+86 (743) 645-6455
Suellen,Cocklie,Nawābganj,1953-12-21T20:23:48Z,Bangladesh,scocklie31@ovh.net,+880 (509) 131-4742
Flo,Stapels,Kotabaru,1955-05-02T11:30:11Z,Indonesia,fstapels32@sbwire.com,+62 (685) 874-1144
Tomaso,Tomkinson,Mulan,1965-09-24T12:52:50Z,China,ttomkinson33@blogger.com,+86 (145) 978-1377
Archambault,Leahey,Camperdown,1956-11-23T00:09:38Z,South Africa,,+27 (906) 177-9283
Daven,Evitt,Bakıxanov,1978-05-19T13:47:26Z,Azerbaijan,devitt35@state.gov,+994 (964) 847-0578
Onfroi,Reedie,Shiquan,1956-09-08T16:32:12Z,China,,+86 (468) 462-5405
Bevvy,De Cruze,Rudnik,1953-10-31T22:16:48Z,Poland,bdecruze37@free.fr,+48 (658) 144-3424
Vinny,Rosone,Al ‘Azīzīyah,1979-07-09T20:33:40Z,Iraq,vrosone38@youtu.be,+964 (678) 892-0392
Angelique,Coldtart,Santa María del Real,1994-07-10T15:37:26Z,Honduras,acoldtart39@livejournal.com,+504 (694) 131-2510
Cazzie,Graine,Richmond,1993-11-24T16:30:13Z,United States,cgraine3a@godaddy.com,+1 (571) 773-2166
Zak,Snooks,Ferreira do Alentejo,1952-07-03T07:43:05Z,Portugal,zsnooks3b@webs.com,+351 (106) 411-4112
Denney,Eggle,Umm as Summāq,1986-08-12T12:19:56Z,Jordan,deggle3c@themeforest.net,+962 (877) 416-8867
Andre,Goggins,,,,agoggins3d@histats.com,
Jonathon,Gillinghams,Conel,1975-08-12T00:22:52Z,Philippines,jgillinghams3e@geocities.com,+63 (733) 645-7896
Olivie,Sisneros,,,,osisneros3f@latimes.com,
Dorie,Tebbet,Jaboticabal,1987-08-07T01:21:40Z,Brazil,dtebbet3g@shop-pro.jp,+55 (181) 402-1282
Cloe,Verlander,Bitola,1958-02-22T18:18:10Z,Macedonia,cverlander3h@yandex.ru,+389 (238) 586-4437
Portia,Thomerson,Pampas,1995-12-03T09:34:52Z,Peru,pthomerson3i@parallels.com,+51 (545) 764-6666
Shena,Bringloe,Bouctouche,1950-05-31T23:28:37Z,Canada,sbringloe3j@unesco.org,+1 (792) 180-3416
Domini,Kennington,Jönköping,1995-10-08T09:52:42Z,Sweden,dkennington3k@admin.ch,+46 (216) 902-0153
Huntlee,Spenceley,,,,hspenceley3l@exblog.jp,
Berny,Getcliffe,Ciharalang,1957-02-11T11:42:17Z,Indonesia,bgetcliffe3m@wikispaces.com,+62 (625) 543-9131
Ingra,Borman,Edson,1971-03-07T12:48:09Z,Canada,,+1 (440) 521-3069
Aleksandr,Ivannikov,Bayt Wazan,1985-12-28T12:21:13Z,Palestinian Territory,aivannikov3o@cloudflare.com,+970 (516) 100-4162
Way,Coneau,Ulricehamn,1952-07-01T07:20:05Z,Sweden,wconeau3p@rambler.ru,+46 (517) 209-8184
Antone,Brundle,Yangzhen,1984-10-25T16:08:58Z,China,,+86 (762) 823-5258
Jeremy,Beale,Bobigny,1987-07-04T21:42:34Z,France,,+33 (243) 893-4783
Natala,Humpherson,Zalţan,1995-09-20T15:32:34Z,Libya,nhumpherson3s@gmpg.org,+218 (780) 694-1379
Julieta,Skelton,Baima,1988-02-22T00:27:21Z,China,,+86 (757) 851-9944
Robbert,Whiston,Los Fresnos,1986-02-22T00:04:30Z,Mexico,rwhiston3u@zimbio.com,+52 (786) 940-6669
Kissiah,Lodder,Carvalho,1994-09-16T22:33:25Z,Portugal,klodder3v@latimes.com,+351 (656) 434-0651
Micki,Peatheyjohns,Vary,1950-12-15T10:39:37Z,Ukraine,,+380 (513) 580-1709
Jeannie,Mattevi,Ludvika,1997-08-10T23:45:14Z,Sweden,jmattevi3x@cnn.com,+46 (855) 373-9706
Nehemiah,Mapholm,Tekeli,1997-08-13T02:49:54Z,Kazakhstan,nmapholm3y@disqus.com,+7 (407) 790-0430
Hedi,Tuffell,Linköping,1950-02-25T02:31:14Z,Sweden,htuffell3z@surveymonkey.com,+46 (417) 499-6714
Cordelie,Farfalameev,Isangel,1974-12-25T04:52:10Z,Vanuatu,cfarfalameev40@hugedomains.com,+678 (559) 567-9325
Elmo,Studdal,Turmi,1961-08-04T16:03:50Z,Ethiopia,estuddal41@digg.com,+251 (445) 223-7384
Dwayne,Jeaycock,,,,djeaycock42@prweb.com,
Janna,Mathwen,Kerva,1998-07-22T04:59:46Z,Russia,jmathwen43@comcast.net,+7 (672) 905-9788
Demetre,Kaesmakers,Jaruco,1963-06-25T16:37:17Z,Cuba,dkaesmakers44@youtube.com,+53 (895) 191-1294
Aundrea,Mitchel,Dalai,1953-06-22T09:15:33Z,China,amitchel45@globo.com,+86 (478) 506-6589
Bertrand,MacGibbon,Załuski,1976-08-27T13:43:01Z,Poland,bmacgibbon46@gizmodo.com,+48 (751) 354-3154
Gisele,Coye,Daohe,1950-02-21T00:16:08Z,China,gcoye47@mlb.com,+86 (683) 925-9540
Angela,Cornfield,Longxian,1976-09-07T23:34:07Z,China,acornfield48@topsy.com,+86 (374) 380-2273
Joyce,Strode,Maqia,1989-02-19T07:39:19Z,China,,+86 (484) 115-9747
Bruno,Blunden,San Agustín,1972-05-07T08:47:12Z,Colombia,bblunden4a@soup.io,+57 (285) 117-4579
Florette,Ginnell,Mandōl,1950-10-16T12:53:29Z,Afghanistan,fginnell4b@reuters.com,+93 (809) 755-8549
Cherlyn,Genn,Cereté,1982-10-19T22:10:52Z,Colombia,cgenn4c@photobucket.com,+57 (640) 117-6813
Kain,Comins,Punta Hermosa,1983-05-17T20:48:44Z,Peru,kcomins4d@japanpost.jp,+51 (352) 984-0028
Vivie,Ashdown,El Triunfo de la Cruz,1992-02-16T19:45:05Z,Honduras,,+504 (531) 454-9835
Chery,Luebbert,,,,cluebbert4f@e-recht24.de,
Pattie,Zupa,Changtang,1981-03-23T13:11:56Z,China,,+86 (684) 475-6544
Lauryn,Gauntlett,Baoshan,1957-02-08T15:13:49Z,China,lgauntlett4h@paypal.com,+86 (199) 199-6894
Elton,Dyers,Veselynove,1971-01-03T06:45:22Z,Ukraine,edyers4i@webs.com,+380 (298) 953-4299
Adela,Goddard,Eastern Suburbs Mc,1996-11-25T16:35:22Z,Australia,,+61 (933) 918-7505
Maurizia,Hassen,Xinjiezi,1986-12-16T02:32:52Z,China,,+86 (744) 690-7446
Carmina,Terron,Apoya,1994-12-07T13:41:31Z,Philippines,cterron4l@trellian.com,+63 (430) 113-9001
Willey,Anchor,,,,wanchor4m@zimbio.com,
Jannelle,Welford,Yongning,1951-11-05T06:08:41Z,China,jwelford4n@sciencedirect.com,+86 (802) 120-7820
Joshuah,Beadle,Balaka,1996-04-10T19:06:19Z,Malawi,jbeadle4o@fema.gov,+265 (700) 927-3966
Andreas,Tatlowe,Kuanfeu,1964-08-17T16:22:59Z,Indonesia,atatlowe4p@flavors.me,+62 (834) 717-7959
Reinhold,Bruyet,Jinji,1968-07-11T08:12:52Z,China,rbruyet4q@list-manage.com,+86 (649) 745-4584
Caterina,Allsebrook,Llusco,1969-06-23T05:03:32Z,Peru,callsebrook4r@wiley.com,+51 (129) 730-4745
Charyl,Cuzen,Vigo,1999-05-27T10:33:48Z,Philippines,,+63 (912) 792-5683
Prentice,Yewdell,Bueng Khong Long,1957-07-03T10:58:52Z,Thailand,pyewdell4t@berkeley.edu,+66 (577) 526-4790
Axel,Grassin,Urazovka,1960-10-18T19:44:27Z,Russia,agrassin4u@thetimes.co.uk,+7 (785) 503-9465
Nan,Gibbonson,Coroatá,1964-07-16T07:40:34Z,Brazil,ngibbonson4v@time.com,+55 (359) 849-0291
Jorge,Hanscome,Makoua,1966-06-07T03:50:14Z,Republic of the Congo,jhanscome4w@t-online.de,+242 (762) 215-8681
Mendie,Angric,Taiping,1971-02-13T02:30:36Z,China,mangric4x@google.es,+86 (992) 127-1900
Kimmi,Lester,Gaoming,1995-09-08T01:06:07Z,China,klester4y@jiathis.com,+86 (887) 680-0366
Iris,Wabb,Klemunan,1989-07-30T08:46:25Z,Indonesia,,+62 (104) 410-2280
Wendeline,Profit,Vrsi,1988-01-28T15:01:39Z,Croatia,wprofit50@umich.edu,+385 (898) 820-6687
Sol,Darling,Baoshan,1970-11-20T05:58:05Z,China,,+86 (386) 575-5816
Earle,Coghlan,Little Current,1975-10-18T01:00:28Z,Canada,ecoghlan52@illinois.edu,+1 (556) 530-3261
Dewitt,Buterton,Suchedniów,1963-10-09T03:25:41Z,Poland,dbuterton53@ask.com,+48 (867) 624-8819
Reggi,Cressar,,,,rcressar54@gizmodo.com,
Carena,Rabley,Marisol,1957-02-22T03:40:09Z,Portugal,crabley55@fda.gov,+351 (474) 430-6306
Erastus,Boatswain,San José de Comayagua,1959-01-25T00:20:47Z,Honduras,eboatswain56@whitehouse.gov,+504 (748) 138-3122
Fae,Kohtler,Giawang,1958-11-06T06:13:59Z,Philippines,fkohtler57@ca.gov,+63 (684) 166-0043
Claybourne,Cockell,Raub,1996-06-20T00:18:03Z,Malaysia,ccockell58@businesswire.com,+60 (141) 850-2042
Jamison,Rickeard,Zhigulevsk,1990-02-15T06:08:44Z,Russia,,+7 (233) 455-2483
Allianora,Tucknott,Rūdiškės,1996-02-10T08:10:05Z,Lithuania,atucknott5a@multiply.com,+370 (625) 294-2750
Kattie,Petworth,Gaotang,1993-06-11T02:44:09Z,China,kpetworth5b@i2i.jp,+86 (382) 542-9166
Vallie,Sibille,Kaltungo,1960-02-03T11:26:14Z,Nigeria,vsibille5c@storify.com,+234 (660) 452-9357
Ashien,Getty,Kabba,1975-07-19T01:08:15Z,Nigeria,agetty5d@sogou.com,+234 (703) 433-3947
Tobe,Windle,Seulimeum,1989-01-21T10:04:35Z,Indonesia,twindle5e@g.co,+62 (877) 215-2714
Zerk,Rego,Beopwon,1999-10-16T23:14:56Z,South Korea,,+82 (676) 169-1254
Jenda,Blum,Oumiao,1983-08-23T16:31:15Z,China,,+86 (693) 605-6322
Salaidh,Cradduck,Osby,1979-04-26T03:10:04Z,Sweden,scradduck5h@go.com,+46 (447) 935-7792
Albrecht,Mabe,Niort,1992-03-31T15:23:43Z,France,amabe5i@ca.gov,+33 (494) 364-1547
Bren,Ochterlony,Sukadami,1966-03-09T15:43:43Z,Indonesia,bochterlony5j@sina.com.cn,+62 (329) 401-5518
Honoria,Kisting,Chengnan,1968-06-08T03:03:35Z,China,hkisting5k@salon.com,+86 (314) 743-2087
Natka,Nelles,Razgrad,1979-01-19T16:32:44Z,Bulgaria,nnelles5l@reverbnation.com,+359 (926) 942-0094
Jethro,Sheahan,Casal do Sapo,1959-02-24T13:54:41Z,Portugal,jsheahan5m@gravatar.com,+351 (635) 650-0178
Blayne,Ody,Zhonggongmiao,1990-11-19T18:23:08Z,China,body5n@bing.com,+86 (539) 818-0677
Bel,Rubinlicht,Ust’-Uda,1992-06-28T09:46:31Z,Russia,brubinlicht5o@washingtonpost.com,+7 (920) 194-3692
Borden,Seilmann,,,,bseilmann5p@go.com,
Alvan,Moss,Pincher Creek,1966-06-21T16:14:55Z,Canada,,+1 (192) 230-0094
Fanny,Reiling,,,,freiling5r@uol.com.br,
Tammie,Pidgley,Cergy-Pontoise,1990-08-30T17:24:30Z,France,tpidgley5s@dmoz.org,+33 (638) 351-0824
Rosaleen,Fawckner,Bayan-Ovoo,1961-02-27T12:00:58Z,Mongolia,rfawckner5t@princeton.edu,+976 (227) 186-7472
Emmie,Loblie,Naperville,1984-07-28T08:15:07Z,United States,,+1 (630) 859-3791
Aryn,Passfield,Szeged,1973-11-27T21:25:06Z,Hungary,apassfield5v@elegantthemes.com,+36 (244) 484-7021
Linn,Boniface,Bauan,1962-10-25T18:49:59Z,Philippines,lboniface5w@indiatimes.com,+63 (232) 944-4248
Tally,Coupman,San Agustín,1962-11-05T11:15:04Z,Honduras,tcoupman5x@infoseek.co.jp,+504 (935) 537-8837
Harrietta,Mordon,Tajrīsh,1984-02-17T06:12:46Z,Iran,hmordon5y@dyndns.org,+98 (234) 271-1774
Shirline,Jeannin,Zaoshi,1973-02-23T12:12:51Z,China,sjeannin5z@reddit.com,+86 (718) 386-2203
Brianna,Hornung,Qiankou,1955-09-10T17:21:36Z,China,bhornung60@amazon.co.jp,+86 (651) 578-3895
Rollie,Pisculli,Cubatão,1989-01-01T10:05:30Z,Brazil,rpisculli61@over-blog.com,+55 (997) 463-9293
Brigit,Freschi,Sundsvall,1998-09-10T11:22:30Z,Sweden,,+46 (116) 186-5923
Thebault,Lambertazzi,Chester,1975-12-06T05:12:06Z,Canada,tlambertazzi63@google.com,+1 (886) 619-5208
Paulita,Hartland,Bulakan,1976-09-09T04:20:34Z,Indonesia,phartland64@youtu.be,+62 (288) 153-1304
Garvin,Petch,Jõgeva,1987-06-22T00:42:04Z,Estonia,gpetch65@businesswire.com,+372 (893) 888-1860
Bran,Sieur,Teluk Pinang,1957-05-03T09:15:48Z,Indonesia,bsieur66@nydailynews.com,+62 (985) 152-5242
Deloris,McAlinden,Hatogaya-honchō,1975-02-03T05:14:33Z,Japan,,+81 (274) 363-9665
Elise,Hush,El Pao,1952-03-12T10:16:09Z,Venezuela,ehush68@ycombinator.com,+58 (339) 595-6308
Barney,Holbarrow,,,,bholbarrow69@nymag.com,
Renaud,Janks,Asempapak,1954-02-28T10:58:37Z,Indonesia,rjanks6a@engadget.com,+62 (485) 815-4359
Konstance,Bugs,Hong Kong,1988-07-27T08:55:10Z,Hong Kong,,+852 (157) 613-9759
Romeo,Annice,Blučina,1967-04-24T05:54:20Z,Czech Republic,rannice6c@nyu.edu,+420 (628) 460-7392
Caryl,Vest,Stepnogorsk,1983-09-13T05:56:24Z,Kazakhstan,,+7 (707) 687-4837
Benedikta,Pugh,Balin,1980-01-06T05:11:28Z,China,bpugh6e@cpanel.net,+86 (565) 366-0145
Axe,Iorizzi,Dianya,1968-01-07T21:57:13Z,China,aiorizzi6f@youku.com,+86 (200) 243-1486
Glenna,Kairns,Chaiyaphum,1955-06-17T04:12:18Z,Thailand,gkairns6g@scientificamerican.com,+66 (607) 753-8506
Nikolai,Tasker,Guajará Mirim,1952-10-27T23:39:29Z,Brazil,ntasker6h@bloglovin.com,+55 (415) 897-4301
Casi,de Wilde,Heshi,1989-10-24T18:48:59Z,China,cdewilde6i@nps.gov,+86 (929) 203-0025
Allis,Yardy,Pekuwon,1989-01-09T03:03:38Z,Indonesia,ayardy6j@bizjournals.com,+62 (514) 507-7865
Marvin,Koschke,,,,mkoschke6k@mtv.com,
Fernando,Chadbourn,Blois,1977-07-18T17:09:38Z,France,fchadbourn6l@quantcast.com,+33 (904) 333-3683
Noah,Dudding,Al Qadmūs,1956-04-22T19:56:01Z,Syria,,+963 (803) 660-1924
Cathyleen,Schrir,Kara,1993-09-13T11:30:21Z,Togo,cschrir6n@ezinearticles.com,+228 (247) 872-8506
Jazmin,Kinze,Cibinong,1995-05-22T20:11:38Z,Indonesia,jkinze6o@yahoo.com,+62 (886) 957-7644
Hyacintha,MacKeig,Middleton,1976-08-23T10:11:02Z,Canada,hmackeig6p@usgs.gov,+1 (789) 225-2481
Denise,Ringsell,Itaporanga,1969-03-30T02:56:53Z,Brazil,dringsell6q@vk.com,+55 (640) 813-4768
Joanne,Hoyle,Maturín,1955-10-01T05:50:35Z,Venezuela,jhoyle6r@webmd.com,+58 (107) 806-0725
Tessie,Diamond,Olenegorsk,1968-01-02T07:22:59Z,Russia,tdiamond6s@dion.ne.jp,+7 (655) 276-8492
Raeann,Vigors,San Luis,1951-01-26T14:18:32Z,Mexico,rvigors6t@google.ru,+52 (832) 732-1547
Bobine,Futcher,Pevek,1955-10-10T16:00:03Z,Russia,bfutcher6u@irs.gov,+7 (737) 211-1651
Heywood,Possell,Castêlo,1950-08-13T20:08:59Z,Portugal,hpossell6v@java.com,+351 (834) 705-0600
Magnum,Hardinge,,,,mhardinge6w@hugedomains.com,
Theda,Gunther,Pitanga,1955-06-21T08:29:52Z,Brazil,tgunther6x@weebly.com,+55 (174) 288-0558
Wandie,Cotterill,Kaleybar,1977-11-13T12:57:23Z,Iran,wcotterill6y@gnu.org,+98 (492) 674-2822
Shanda,Salzburg,Liushui,1975-11-17T16:24:16Z,China,,+86 (914) 295-0415
Tarah,Ditzel,Gudurica,1987-11-24T11:22:49Z,Serbia,tditzel70@omniture.com,+381 (369) 735-4600
Brianna,Haville,São Joaquim da Barra,1955-01-13T06:12:05Z,Brazil,bhaville71@marketwatch.com,+55 (656) 401-2009
Delainey,Murcutt,Ankaran,1999-08-06T05:49:59Z,Slovenia,dmurcutt72@fema.gov,+386 (672) 579-0550
Kenny,Marquese,Itápolis,1981-08-01T15:20:19Z,Brazil,kmarquese73@examiner.com,+55 (762) 484-3613
Alvie,Bauduin,Sangoleng,1980-12-19T01:21:56Z,Indonesia,abauduin74@posterous.com,+62 (843) 545-3002
Frans,Eustace,Rapas,1957-12-14T07:46:17Z,Indonesia,feustace75@ftc.gov,+62 (116) 443-2205
Gerianna,Pearl,Mladá Boleslav,1985-03-03T01:05:55Z,Czech Republic,gpearl76@ustream.tv,+420 (792) 766-1494
Ruthi,Rowett,Karangasem,1954-02-25T06:06:44Z,Indonesia,,+62 (460) 415-9952
Michel,Emeney,Huakoulongtan,1982-03-12T13:28:51Z,China,memeney78@google.pl,+86 (389) 893-5130
Bathsheba,Groomebridge,,,,,
Euphemia,Considine,Karlstad,1999-06-01T13:42:20Z,Sweden,econsidine7a@imdb.com,+46 (952) 440-1222
Karim,Hanhart,Prosyana,1999-01-24T11:38:30Z,Ukraine,khanhart7b@mayoclinic.com,+380 (424) 134-0718
Gena,Le Brom,Kefang,1992-09-03T01:46:09Z,China,glebrom7c@google.com.au,+86 (234) 718-2783
Bink,Rannald,Cajicá,1970-07-19T02:00:36Z,Colombia,brannald7d@dropbox.com,+57 (140) 956-7463
Russ,Pomphrey,Sanhe,1989-05-25T22:37:07Z,China,rpomphrey7e@plala.or.jp,+86 (306) 299-7789
Jacquenette,Baiss,São Caetano do Sul,1999-08-03T07:57:46Z,Brazil,jbaiss7f@storify.com,+55 (562) 874-1343
Carolyn,Dunhill,Ambelókipoi,1995-10-18T12:53:39Z,Greece,,+30 (194) 202-7489
Cyndia,Oloman,Kushelevka,1964-10-05T08:18:53Z,Russia,coloman7h@senate.gov,+7 (909) 169-3127
Kalil,Brandin,Feijó,1984-10-11T10:04:38Z,Brazil,,+55 (497) 212-1322
Arabella,Bolin,,,,abolin7j@deviantart.com,
Clare,Pople,Ryōtsu-minato,1982-06-29T23:50:02Z,Japan,cpople7k@fc2.com,+81 (189) 345-1206
Justen,Cowgill,Jianshan,1956-10-31T20:19:01Z,China,jcowgill7l@hexun.com,+86 (436) 850-7539
Aurore,Shark,Cô Tô,1968-03-21T14:25:55Z,Vietnam,ashark7m@unblog.fr,+84 (711) 777-3750
Catharina,Hawksley,Gaopu,1955-08-10T00:46:29Z,China,chawksley7n@creativecommons.org,+86 (494) 455-4672
Novelia,Satterfitt,Sali,1980-12-24T05:54:05Z,Croatia,nsatterfitt7o@wikia.com,+385 (468) 837-2579
Hali,Hodgins,Shifo,1976-05-09T09:01:58Z,China,hhodgins7p@ca.gov,+86 (392) 197-0787
Celie,Stollmeyer,Shaowu,1962-01-27T07:58:55Z,China,cstollmeyer7q@nhs.uk,+86 (295) 696-3588
Nevsa,Grzegorczyk,,,,ngrzegorczyk7r@ameblo.jp,
Vittoria,Biss,Retorta,1987-04-08T03:32:27Z,Portugal,vbiss7s@ebay.com,+351 (800) 599-9839
Caldwell,Faulds,Chiang Mai,1973-07-23T20:49:05Z,Thailand,cfaulds7t@jigsy.com,+66 (298) 254-0721
Nata,Germon,Tingo María,1987-01-03T03:34:18Z,Peru,ngermon7u@un.org,+51 (561) 141-1766
Sella,Beek,Mandaon,1981-05-06T15:13:56Z,Philippines,sbeek7v@i2i.jp,+63 (912) 976-3733
Haleigh,Hockey,Santa Cristina Couto,1959-09-28T13:53:36Z,Portugal,hhockey7w@thetimes.co.uk,+351 (255) 696-6906
Gleda,Pilger,Arrah,1973-12-11T05:51:26Z,Ivory Coast,gpilger7x@paypal.com,+225 (668) 593-0651
Lorianna,Peckham,Pastores,1951-05-02T06:20:31Z,Guatemala,lpeckham7y@yahoo.com,+502 (844) 781-3569
Florri,Deboick,Lille,1986-03-03T03:06:14Z,France,fdeboick7z@google.es,+33 (108) 929-7466
Lauryn,Cheevers,Saint-Raymond,1978-07-17T14:25:32Z,Canada,lcheevers80@1688.com,+1 (328) 580-2371
Clemmy,Spottiswoode,San Antonio,1977-04-11T07:37:54Z,United States,cspottiswoode81@symantec.com,+1 (210) 166-7485
Opal,Redborn,Phnom Penh,1956-01-12T04:31:34Z,Cambodia,oredborn82@hatena.ne.jp,+855 (744) 346-1221
Tomasina,Reede,Toutuo,1984-09-22T09:01:05Z,China,,+86 (213) 268-0613
Eddy,Humble,,,,ehumble84@ezinearticles.com,
Karyn,Cobbled,Wudabao,1993-01-04T08:11:07Z,China,kcobbled85@about.com,+86 (712) 556-6902
Costanza,Abramzon,Thị Trấn Việt Lâm,1986-05-03T09:39:24Z,Vietnam,cabramzon86@adobe.com,+84 (221) 990-5184
Dannel,Ramsdale,Ili,1973-05-08T06:32:45Z,Indonesia,dramsdale87@so-net.ne.jp,+62 (739) 493-0640
Karlene,Ochterlony,Jidd Ḩafş,1964-02-12T10:35:27Z,Bahrain,kochterlony88@squidoo.com,+973 (194) 145-2949
Devlin,Cheltnam,Louka,1951-01-13T09:38:02Z,Czech Republic,dcheltnam89@discovery.com,+420 (546) 542-2615
Mark,Waymont,Xueshan,1988-01-27T06:39:43Z,China,,+86 (871) 616-7820
Courtnay,Voden,Khāliş,1958-03-10T06:33:36Z,Iraq,,+964 (131) 225-5609
Jase,Mielnik,Světlá nad Sázavou,1991-02-12T23:06:10Z,Czech Republic,,+420 (506) 478-3169
Minne,Stroud,Devesa,1955-06-22T11:02:21Z,Portugal,,+351 (677) 979-7377
Roma,Olivet,Villefranche-sur-Saône,1981-07-27T23:31:15Z,France,rolivet8e@dedecms.com,+33 (810) 333-2352
Barbi,Tadlow,Minneapolis,1975-12-17T06:08:13Z,United States,btadlow8f@oakley.com,+1 (763) 317-4144
Kalli,Epdell,Bunisari,1996-09-14T04:04:06Z,Indonesia,kepdell8g@paypal.com,+62 (390) 508-2096
Bennie,Stellman,Bodø,1978-10-03T16:48:03Z,Norway,bstellman8h@nydailynews.com,+47 (924) 702-4974
Lethia,Magor,Huaiya,1993-11-09T20:11:23Z,China,lmagor8i@yahoo.co.jp,+86 (401) 713-6256
Aldrich,Groveham,Ishii,1962-01-31T09:41:41Z,Japan,agroveham8j@posterous.com,+81 (487) 296-3787
Kristi,Goldthorpe,Rainis,1973-08-02T22:12:17Z,Indonesia,kgoldthorpe8k@amazon.co.jp,+62 (984) 801-1901
Lorilyn,Forstall,Courtaboeuf,1991-03-05T21:52:00Z,France,lforstall8l@taobao.com,+33 (376) 588-4633
Tore,MacQueen,Nagareyama,1992-02-18T11:17:36Z,Japan,tmacqueen8m@yellowpages.com,+81 (177) 630-1770
Adelind,McVrone,,,,amcvrone8n@amazon.de,
Buffy,Giuron,Kochevo,1993-03-27T17:34:20Z,Russia,bgiuron8o@google.com.au,+7 (286) 745-7047
Natalie,Pantone,Areni,1956-09-06T18:20:55Z,Armenia,npantone8p@auda.org.au,+374 (802) 885-3252
Lewiss,Woodrow,Zakupne,1980-04-05T08:58:10Z,Ukraine,lwoodrow8q@pagesperso-orange.fr,+380 (675) 428-0228
Valentino,Kaminski,Kangar,1953-11-26T16:41:12Z,Malaysia,vkaminski8r@umich.edu,+60 (724) 263-2472
Sven,Leindecker,Taihu,1985-12-11T05:02:27Z,China,sleindecker8s@yahoo.com,+86 (417) 606-9041
Crichton,Aupol,Kanoya,1991-02-13T11:50:11Z,Japan,caupol8t@facebook.com,+81 (669) 932-5391
Delbert,Champe,Daqingshan,1964-01-01T23:03:05Z,China,dchampe8u@businessinsider.com,+86 (384) 511-3556
Fredia,Mitchiner,Buritis,1970-03-21T23:30:36Z,Brazil,fmitchiner8v@nationalgeographic.com,+55 (608) 399-5686
Walliw,Huburn,Chimbote,1958-05-25T14:52:38Z,Peru,whuburn8w@howstuffworks.com,+51 (512) 601-5310
Nathanael,Ivell,Quinta,1968-07-26T16:04:58Z,Portugal,nivell8x@washingtonpost.com,+351 (839) 674-3316
Marta,Cow,,,,mcow8y@taobao.com,
Ernie,Connechie,Floreşti,1957-12-16T01:51:16Z,Moldova,econnechie8z@github.io,+373 (911) 858-6820
Bevon,Kempstone,Guanagazapa,1990-02-10T05:05:07Z,Guatemala,bkempstone90@elegantthemes.com,+502 (938) 227-5813
Bentlee,Davys,Xintang,1990-06-04T09:48:14Z,China,bdavys91@ihg.com,+86 (212) 542-4816
Phineas,Winkett,Papatowai,1962-06-22T04:33:35Z,New Zealand,pwinkett92@nhs.uk,+64 (925) 621-4348
Boot,Duffell,Hadyach,1992-02-28T04:29:15Z,Ukraine,bduffell93@typepad.com,+380 (562) 311-9691
Lars,Whieldon,Progreso,1960-01-16T08:14:28Z,Mexico,,+52 (133) 829-0692
Mina,Kenshole,,,,mkenshole95@ft.com,
Rosa,Doumic,Siao,1970-05-16T12:29:35Z,Thailand,rdoumic96@reverbnation.com,+66 (599) 661-0474
Harcourt,Berk,Palangkaraya,1964-05-10T03:12:29Z,Indonesia,hberk97@fc2.com,+62 (506) 357-5692
Dari,Blanc,Abilay,1953-12-02T04:35:01Z,Philippines,dblanc98@skype.com,+63 (328) 299-1494
Golda,Goodridge,Nevers,1952-02-06T19:17:05Z,France,,+33 (480) 343-2445
Barnard,Meedendorpe,Patitírion,1978-02-21T08:18:35Z,Greece,bmeedendorpe9a@dyndns.org,+30 (543) 297-1409
Joleen,Jarmain,Babantar,1991-10-10T13:46:15Z,Indonesia,jjarmain9b@businessweek.com,+62 (245) 820-2322
Obediah,Marson,General Enrique Mosconi,1998-06-30T02:59:11Z,Argentina,omarson9c@indiatimes.com,+54 (140) 988-7861
Merry,Garmston,Kawungsari,1996-02-11T11:47:02Z,Indonesia,mgarmston9d@marriott.com,+62 (994) 478-1689
Rori,Giacopello,Al Jīzah,1970-10-30T21:04:47Z,Jordan,rgiacopello9e@berkeley.edu,+962 (357) 419-4879
Murdoch,Yankishin,,,,myankishin9f@shop-pro.jp,
Tedi,Grzeskowski,Jambuwerkrajan,1978-02-04T04:36:02Z,Indonesia,,+62 (702) 656-7632
Stephanus,Ritzman,Kochenëvo,1962-01-17T13:46:14Z,Russia,sritzman9h@thetimes.co.uk,+7 (962) 888-3126
Idalina,Aggott,Strzelce Krajeńskie,1986-06-27T00:34:51Z,Poland,iaggott9i@foxnews.com,+48 (665) 756-0654
Francisco,Bough,Rumāh,1974-05-12T22:07:37Z,Yemen,fbough9j@fc2.com,+967 (299) 792-4486
Marinna,Blockwell,Koina,1957-01-19T18:45:47Z,Gambia,mblockwell9k@boston.com,+220 (309) 534-6561
Michel,Papierz,Zhapu,1961-07-21T10:04:30Z,China,mpapierz9l@forbes.com,+86 (157) 151-8682
Dori,Puddefoot,La Palma,1955-09-14T23:32:19Z,Mexico,dpuddefoot9m@sciencedaily.com,+52 (243) 776-0775
Doralin,Gamett,Gorno-Altaysk,1957-01-26T15:23:20Z,Russia,,+7 (613) 189-1816
Beverly,Kibbe,Rumphi,1967-07-08T21:19:42Z,Malawi,bkibbe9o@furl.net,+265 (229) 547-3071
Moishe,Sikorski,Cimitarra,1978-12-23T01:25:51Z,Colombia,msikorski9p@moonfruit.com,+57 (974) 788-1899
Dyana,Deddum,San Rafael,1991-03-21T13:17:10Z,Mexico,ddeddum9q@amazon.com,+52 (900) 656-1436
Bryon,Hulbert,Tessaoua,1998-01-16T17:13:46Z,Niger,bhulbert9r@imdb.com,+227 (224) 871-6192
Hector,Gleadle,Otyniya,1969-02-01T11:51:54Z,Ukraine,hgleadle9s@mysql.com,+380 (347) 597-7187
Adelice,Pavkovic,Jianping,1965-10-05T14:06:03Z,China,apavkovic9t@dell.com,+86 (818) 934-2652
Lyndy,O' Concannon,Marcovia,1967-01-22T08:04:46Z,Honduras,loconcannon9u@google.de,+504 (815) 669-4885
Jacquenetta,Coton,Žebrák,1973-04-29T18:21:03Z,Czech Republic,jcoton9v@dyndns.org,+420 (193) 136-3738
Norry,Veare,Marseille,1962-03-31T21:47:27Z,France,nveare9w@youtu.be,+33 (286) 424-2984
Lindsy,Wilkin,Elat,1984-03-30T16:11:27Z,Indonesia,lwilkin9x@myspace.com,+62 (701) 456-5199
Meggi,Gatchel,Mūḩ Ḩasan,1999-04-16T08:04:18Z,Syria,mgatchel9y@guardian.co.uk,+963 (146) 588-8558
Jillene,Hendrickson,Quanjiang,1989-08-09T03:17:22Z,China,jhendrickson9z@networksolutions.com,+86 (584) 714-6847
Noah,Oliver,Jabłonowo Pomorskie,1993-03-30T20:36:23Z,Poland,nolivera0@mlb.com,+48 (594) 340-8775
Erinn,Pignon,Bogra,1974-08-05T03:47:48Z,Bangladesh,epignona1@blogspot.com,+880 (879) 854-3254
Josefa,Philcock,Zhijiang,1997-11-26T15:46:52Z,China,jphilcocka2@fc2.com,+86 (106) 762-9644
Adlai,Riglar,Magangué,1975-02-06T17:25:19Z,Colombia,ariglara3@ibm.com,+57 (541) 944-6618
Tamera,Chugg,Roriz,1982-01-25T12:19:39Z,Portugal,tchugga4@hc360.com,+351 (937) 920-7045
Norma,Rigney,Biankouma,1998-02-11T11:57:03Z,Ivory Coast,nrigneya5@nytimes.com,+225 (306) 746-3891
Keefe,Fenners,Morávka,1967-09-28T23:42:47Z,Czech Republic,kfennersa6@unicef.org,+420 (667) 161-8573
Kerrie,Laugherane,Yacuíba,1990-02-06T07:52:49Z,Bolivia,klaugheranea7@adobe.com,+591 (143) 248-1265
Traci,Dutton,Lófos,1984-01-09T11:14:41Z,Greece,tduttona8@bandcamp.com,+30 (242) 139-3130
Adeline,Blazewski,Sukasada,1968-01-05T01:49:45Z,Indonesia,,+62 (946) 739-4899
Austine,Daltrey,,,,adaltreyaa@adobe.com,
Elna,Vouls,Kishi,1961-09-28T09:13:23Z,Nigeria,evoulsab@prweb.com,+234 (880) 903-1746
Keene,Vile,Al Mashāf,1992-10-16T01:59:31Z,Yemen,,+967 (920) 289-6560
Nicky,Fulstow,Ángeles,1953-04-15T14:34:15Z,Costa Rica,nfulstowad@toplist.cz,+506 (711) 645-6382
Kelsey,Arnaldo,Ozatlán,1968-01-18T15:43:52Z,El Salvador,karnaldoae@cdc.gov,+503 (668) 445-1860
Camilla,Everton,Detroit,1967-09-02T20:53:58Z,United States,cevertonaf@oracle.com,+1 (734) 196-3864
Richmond,Rodwell,,,,rrodwellag@baidu.com,
Boigie,Ibbitt,Plyussa,1972-11-19T08:34:18Z,Russia,,+7 (416) 937-6363
Christal,Maddaford,Randuagung,1994-07-04T10:49:16Z,Indonesia,cmaddafordai@netlog.com,+62 (316) 497-2140
Randa,Sybbe,Kaji,1964-09-13T14:59:50Z,China,rsybbeaj@hugedomains.com,+86 (699) 546-0556
Aaren,Pierpoint,Santo Domingo,1977-05-12T02:44:54Z,Philippines,apierpointak@unc.edu,+63 (225) 445-3033
Valerye,Saing,Jeleuk,1969-04-25T04:42:42Z,Indonesia,vsaingal@upenn.edu,+62 (796) 470-6873
Rustin,Rottery,Buruanga,1958-06-18T21:00:55Z,Philippines,rrotteryam@over-blog.com,+63 (443) 170-7219
Stern,Iorizzi,Yinjiacheng,1968-03-28T16:44:41Z,China,,+86 (514) 725-3645
Yancy,Windram,Liancheng,1958-11-12T04:20:15Z,China,ywindramao@google.es,+86 (499) 341-9626
Tami,Diplock,Kupiskis,1994-02-24T12:11:34Z,Lithuania,tdiplockap@blogspot.com,+370 (578) 352-5888
Derk,Axston,Rancapare,1981-07-25T16:59:10Z,Indonesia,daxstonaq@tmall.com,+62 (258) 651-7772
Suki,Cash,Kon Dơng,1976-05-31T02:27:02Z,Vietnam,,+84 (157) 992-2862
Aristotle,Bradnum,Citeureup,1963-03-20T16:50:46Z,Indonesia,abradnumas@amazonaws.com,+62 (312) 838-7144
Alfy,Ellingsworth,Dunleer,1951-08-23T07:17:14Z,Ireland,aellingsworthat@cmu.edu,+353 (691) 697-5204
Bobby,Castree,Cisiih,1995-02-22T01:33:20Z,Indonesia,bcastreeau@sciencedaily.com,+62 (254) 389-0416
Wendie,Blackley,Cherbourg-Octeville,1967-05-01T07:46:16Z,France,wblackleyav@yahoo.co.jp,+33 (811) 424-6797
Tracey,Gulvin,Yulong,1994-06-02T10:28:30Z,China,,+86 (293) 366-0269
Staffard,Woolager,,,,swoolagerax@123-reg.co.uk,
Prue,Witch,Murowana Goślina,1999-11-07T06:59:47Z,Poland,pwitchay@fotki.com,+48 (787) 142-2270
Salomo,Spreull,Birowo,1988-04-03T22:17:08Z,Indonesia,sspreullaz@bing.com,+62 (571) 725-7306
Livy,Oluwatoyin,Sunzhen,1986-01-31T04:50:53Z,China,loluwatoyinb0@skype.com,+86 (380) 481-9064
Kristoforo,Klimaszewski,Jiuzhen,1982-11-29T19:00:19Z,China,kklimaszewskib1@facebook.com,+86 (135) 564-0963
Fremont,Twopenny,Jietou,1960-12-24T04:04:15Z,China,ftwopennyb2@umn.edu,+86 (223) 985-7831
Harley,Manners,Donghui,1950-10-28T18:43:43Z,China,,+86 (210) 662-2644
Vinnie,Cornbell,Gelap,1961-09-18T16:06:57Z,Indonesia,vcornbellb4@exblog.jp,+62 (294) 678-9022
Hugh,Skin,Pergamino,1951-06-26T00:02:26Z,Argentina,hskinb5@miibeian.gov.cn,+54 (178) 768-2551
Mariann,Shevell,Jinping,1990-06-28T23:02:39Z,China,mshevellb6@sourceforge.net,+86 (225) 691-3510
Marchall,Urling,Tianjiaba,1979-07-19T12:25:27Z,China,murlingb7@si.edu,+86 (846) 684-0098
Zarah,Olennikov,Chico,1993-08-02T14:49:22Z,United States,zolennikovb8@twitpic.com,+1 (916) 753-1422
Carmen,Chason,Daytona Beach,1974-10-13T18:10:21Z,United States,,+1 (386) 689-0893
Dud,Hatherley,Zhouling,1965-07-14T07:04:25Z,China,dhatherleyba@amazon.co.uk,+86 (488) 113-7104
Basil,Donovan,Romba,1975-01-20T05:48:54Z,Indonesia,bdonovanbb@cnbc.com,+62 (347) 542-1225
Flore,Ciccerale,Tân Hưng,1968-04-04T08:47:20Z,Vietnam,fcicceralebc@dot.gov,+84 (207) 167-6985
Verile,Fansy,Cogreg Wetan,1950-09-10T10:23:35Z,Indonesia,vfansybd@cmu.edu,+62 (916) 143-1518
Serge,Grassi,Puyang,1951-06-19T11:48:21Z,China,,+86 (582) 808-6783
Gorden,Brickhill,El Paso,1976-09-08T17:00:49Z,United States,gbrickhillbf@ustream.tv,+1 (915) 583-3700
Farrel,Rieme,Síkinos,1967-04-05T03:39:04Z,Greece,friemebg@ucoz.ru,+30 (679) 429-8882
Burton,Toope,Bagong Barrio,1952-02-16T01:07:03Z,Philippines,btoopebh@bloglines.com,+63 (180) 226-2379
Tedd,Smallshaw,Kozje,1976-01-12T09:11:27Z,Slovenia,tsmallshawbi@uol.com.br,+386 (207) 832-9047
Jewel,McGaraghan,Macroom,1992-09-26T01:12:49Z,Ireland,jmcgaraghanbj@hibu.com,+353 (437) 863-2035
Anderea,Dunk,Großklein,1991-05-19T15:06:08Z,Austria,adunkbk@fotki.com,+43 (458) 475-9846
Faydra,Radborn,Buriwutung,1991-12-24T21:49:42Z,Indonesia,fradbornbl@sun.com,+62 (714) 269-9236
Julia,Foynes,Greenville,1950-06-27T19:12:36Z,United States,jfoynesbm@miitbeian.gov.cn,+1 (864) 484-2087
Mellisa,Manie,Skołyszyn,1956-09-08T09:46:23Z,Poland,mmaniebn@howstuffworks.com,+48 (496) 269-0064
Rafaelita,McCorkindale,Jaguariaíva,1982-06-19T21:07:29Z,Brazil,rmccorkindalebo@uol.com.br,+55 (112) 975-0378
Adria,Pinching,Dhaka,1996-05-22T22:57:55Z,Bangladesh,apinchingbp@opensource.org,+880 (602) 838-1712
Kit,Kelsey,Trompsburg,1996-03-06T10:29:29Z,South Africa,,+27 (109) 450-2500
Angelica,Full,Huanggang,1950-04-19T00:22:09Z,China,afullbr@canalblog.com,+86 (504) 195-1524
Harmon,Cargon,Long Layu,1954-07-14T04:56:37Z,Indonesia,,+62 (117) 163-2559
Neille,Cockin,Paicol,1999-05-24T21:36:48Z,Colombia,,+57 (710) 784-2891
Gauthier,Laxe,Loreto,1951-06-18T14:15:20Z,Philippines,glaxebu@ft.com,+63 (230) 628-2395
Dimitri,Boggers,Chengxi,1982-09-15T08:56:04Z,China,dboggersbv@scientificamerican.com,+86 (632) 736-0360
Eirena,Kiley,Xinó Neró,1968-05-21T14:25:58Z,Greece,ekileybw@indiegogo.com,+30 (870) 993-0318
Giffie,Albrooke,Waturoka,1950-02-16T18:37:41Z,Indonesia,galbrookebx@salon.com,+62 (195) 737-0033
Deeann,Alberts,Stepnica,1966-09-14T11:51:29Z,Poland,dalbertsby@telegraph.co.uk,+48 (892) 674-8343
Aubrie,Uwins,Bankeryd,1983-09-04T16:57:28Z,Sweden,auwinsbz@cocolog-nifty.com,+46 (116) 729-0737
Christos,Hugland,Toledo,1981-08-04T21:10:02Z,Philippines,chuglandc0@ed.gov,+63 (834) 897-6654
Rafferty,Lowdiane,Longtang,1984-05-09T23:44:07Z,China,rlowdianec1@hexun.com,+86 (283) 905-9307
Rocky,Lanfranconi,Anyar,1973-04-07T02:15:30Z,Indonesia,rlanfranconic2@theatlantic.com,+62 (419) 306-7452
Melisande,Nichols,Bagong Barrio,1997-09-08T10:45:57Z,Philippines,mnicholsc3@wunderground.com,+63 (850) 665-9635
Eward,Balmer,Magog,1950-05-06T01:05:35Z,Canada,ebalmerc4@stanford.edu,+1 (844) 705-0506
Herculie,Asche,Kosh-Agach,1999-09-27T07:16:01Z,Russia,haschec5@photobucket.com,+7 (872) 506-0306
Galvan,Webland,Mijiang,1984-01-17T17:38:04Z,China,gweblandc6@infoseek.co.jp,+86 (455) 546-3876
Konstantin,Dowey,Plottier,1959-03-30T14:00:50Z,Argentina,kdoweyc7@issuu.com,+54 (746) 699-2603
Dorise,Kloska,Sobue,1973-07-24T07:53:14Z,Japan,,+81 (935) 928-9780
Jodi,Weth,Chambar,1976-12-04T03:24:31Z,Pakistan,,+92 (161) 518-6243
Kile,De Fries,Cabinda,1955-02-20T14:19:39Z,Angola,kdefriesca@census.gov,+244 (178) 883-1744
Lora,Todhunter,Courelas Bravas,1960-09-13T12:37:26Z,Portugal,ltodhuntercb@deliciousdays.com,+351 (779) 760-4469
Rhetta,Poppleton,Zyablikovo,1957-10-09T04:02:52Z,Russia,rpoppletoncc@so-net.ne.jp,+7 (370) 823-9158
Floyd,Wesker,Kelburn,1983-10-12T10:24:35Z,New Zealand,fweskercd@mlb.com,+64 (607) 112-3234
Belia,Toogood,Argalastí,1981-10-04T08:49:02Z,Greece,btoogoodce@army.mil,+30 (451) 128-7270
Merna,Bealing,Villejuif,1959-11-16T09:29:01Z,France,mbealingcf@addthis.com,+33 (956) 911-7101
Caresa,Carcass,Shangcun,1976-08-19T21:16:38Z,China,,+86 (179) 869-8627
Kendall,Fillery,Ukhta,1975-09-12T02:40:56Z,Russia,kfillerych@dyndns.org,+7 (328) 909-5850
Buckie,Firbank,,,,bfirbankci@phoca.cz,
Ricki,Devonside,Lepoglava,1953-04-16T03:12:23Z,Croatia,rdevonsidecj@nba.com,+385 (240) 411-1763
Juditha,Drakes,Talcahuano,1981-04-17T09:53:24Z,Chile,jdrakesck@163.com,+56 (488) 926-9134
Herby,McKiddin,As Saddah,1986-07-29T15:09:55Z,Yemen,hmckiddincl@slashdot.org,+967 (399) 306-1014
Alaric,Everil,Shangjing,1996-02-21T19:38:35Z,China,aeverilcm@google.com,+86 (654) 210-4624
Dory,McCaskell,Taiping,1968-03-03T13:11:18Z,China,dmccaskellcn@mlb.com,+86 (319) 992-7597
Andriana,Van de Castele,Dongguan,1958-11-09T07:29:17Z,China,avandecasteleco@scientificamerican.com,+86 (416) 813-5742
Lorna,Palmer,Banjar Beratan,1982-02-10T11:09:16Z,Indonesia,lpalmercp@msn.com,+62 (649) 938-0715
Lanny,Waistall,Pa Tio,1988-05-09T14:06:01Z,Thailand,lwaistallcq@aol.com,+66 (208) 269-4766
Haydon,Andreutti,Comé,1950-07-26T00:27:37Z,Benin,handreutticr@cocolog-nifty.com,+229 (839) 889-9078
Vita,Ladds,Thoeng,1984-03-13T20:10:20Z,Thailand,vladdscs@illinois.edu,+66 (841) 172-1877
Letitia,Haucke,Abreus,1952-07-21T08:11:52Z,Cuba,lhauckect@whitehouse.gov,+53 (367) 106-1318
Bili,Moule,Al Fayyūm,1994-08-26T00:40:24Z,Egypt,bmoulecu@economist.com,+20 (520) 793-5292
Lizzy,Simpson,Yimnón,1959-02-27T01:35:28Z,Greece,,+30 (572) 509-5854
Ardisj,Sooper,Kadyy,1988-02-24T01:15:38Z,Russia,asoopercw@dropbox.com,+7 (693) 228-7103
Darb,Lemarie,Sillamäe,1950-08-11T02:30:56Z,Estonia,dlemariecx@i2i.jp,+372 (888) 576-0498
Glynnis,Blas,Chongwen,1963-05-09T01:54:48Z,China,,+86 (768) 715-1023
Gertruda,Hyndman,Pakalongan,1965-08-29T12:31:57Z,Indonesia,ghyndmancz@plala.or.jp,+62 (978) 570-1763
Catherine,Sheridan,Juan de Acosta,1997-08-06T01:48:36Z,Colombia,csheridand0@examiner.com,+57 (131) 265-7091
Josselyn,McGowan,Kuršėnai,1991-08-21T03:23:56Z,Lithuania,jmcgowand1@jigsy.com,+370 (713) 106-1412
Sidnee,Skirvin,Rudo,1997-12-01T23:26:12Z,Bosnia and Herzegovina,sskirvind2@nps.gov,+387 (608) 760-6052
Des,Rummin,Tanarara,1981-02-25T04:19:16Z,Indonesia,drummind3@google.ca,+62 (589) 689-4301
Conrad,Worters,Liaoyang,1960-08-16T04:10:29Z,China,cwortersd4@uiuc.edu,+86 (561) 734-2408
Vinson,Abrahamsson,Moravče,1963-08-28T13:38:28Z,Slovenia,vabrahamssond5@indiegogo.com,+386 (747) 836-5115
Jaye,Hambribe,Venado Tuerto,1961-04-02T16:15:24Z,Argentina,jhambribed6@amazon.de,+54 (152) 412-8099
Mill,Cackett,Bollène,1985-07-18T06:52:55Z,France,,+33 (145) 741-6865
Devinne,Feldmesser,Waepana,1980-07-12T17:49:26Z,Indonesia,,+62 (792) 250-0219
Edin,Lacrouts,,,,elacroutsd9@amazonaws.com,
Baldwin,Cummine,Spirit River,1961-04-25T20:08:34Z,Canada,bcummineda@eepurl.com,+1 (330) 149-9761
Kristen,Dauber,Xiasha,1992-02-28T19:12:45Z,China,kdauberdb@nydailynews.com,+86 (579) 743-4953
Mahalia,Kemster,,,,mkemsterdc@soup.io,
Salome,Bolter,Jeminay,1973-12-05T11:08:39Z,China,sbolterdd@goo.ne.jp,+86 (346) 193-2999
Friedrich,Muggeridge,Randegan,1950-06-21T09:01:33Z,Indonesia,fmuggeridgede@weibo.com,+62 (517) 607-5951
Linet,Eschelle,Krugersdorp,1992-04-08T09:05:56Z,South Africa,leschelledf@nytimes.com,+27 (843) 598-7255
Leese,Osbiston,Benito Juarez,1963-06-23T06:35:46Z,Mexico,losbistondg@un.org,+52 (862) 945-3755
Arte,Simonnin,Lang,1989-09-20T08:02:14Z,China,asimonnindh@jugem.jp,+86 (742) 149-0977
Elise,Jackes,Alangilanan,1972-11-11T19:44:21Z,Philippines,ejackesdi@princeton.edu,+63 (462) 441-2795
Cassy,Beevers,Żabno,1989-12-06T00:00:13Z,Poland,cbeeversdj@princeton.edu,+48 (822) 127-0917
Prue,Catterell,Pilang,1955-08-11T13:55:15Z,Indonesia,pcatterelldk@foxnews.com,+62 (429) 690-2298
Ramsey,Vasyunin,Gorzyce,1951-12-26T18:34:01Z,Poland,rvasyunindl@ca.gov,+48 (950) 118-8924
Rakel,Tourville,Gapyeong,1997-12-21T13:27:30Z,South Korea,rtourvilledm@t.co,+82 (891) 416-9523
Essie,Covell,Ganquan,1951-10-02T00:09:40Z,China,ecovelldn@npr.org,+86 (679) 461-1362
Evelyn,Grinsdale,Ipoh,1971-02-27T07:04:28Z,Malaysia,egrinsdaledo@ted.com,+60 (889) 379-5490
Lilia,Syddon,Santiago,1998-01-22T20:20:17Z,Paraguay,lsyddondp@ehow.com,+595 (144) 362-8959
Gideon,Brugmann,Banjar Tibubiyu Kaja,1998-10-07T05:47:36Z,Indonesia,gbrugmanndq@tumblr.com,+62 (396) 537-0220
Britteny,Freegard,Caijiapu,1973-11-30T20:09:16Z,China,bfreegarddr@illinois.edu,+86 (769) 349-0577
Fernanda,Syred,Örebro,1986-12-16T11:17:49Z,Sweden,fsyredds@ed.gov,+46 (266) 569-7728
Sheena,Orrow,Pillpinto,1968-01-21T11:09:34Z,Peru,sorrowdt@ihg.com,+51 (382) 235-1763
Salvador,Dragonette,Bridgewater,1968-08-20T20:57:25Z,Canada,,+1 (725) 642-8429
Paxon,Foggo,Serere,1997-10-28T22:01:47Z,Uganda,pfoggodv@paginegialle.it,+256 (234) 211-0225
Roch,Dalman,Baiyang,1969-05-02T07:28:36Z,China,rdalmandw@diigo.com,+86 (730) 329-8419
Grant,Franzen,Abū Mūsā,1970-07-05T06:42:18Z,Iran,gfranzendx@wikispaces.com,+98 (851) 627-3751
Jodie,Pawel,Rancasadang,1962-04-05T06:05:26Z,Indonesia,jpaweldy@cnet.com,+62 (822) 951-4011
Kerr,McArley,Weru,1957-09-15T11:30:03Z,Indonesia,,+62 (591) 229-8462
Zandra,MacTeague,Bloemhof,1992-06-14T17:18:08Z,South Africa,zmacteaguee0@sogou.com,+27 (500) 318-7462
Hiram,Lohde,Shufeng,1981-04-19T05:16:24Z,China,hlohdee1@addthis.com,+86 (203) 918-6442
Christiane,Garie,Ugljan,1966-02-16T04:31:06Z,Croatia,cgariee2@linkedin.com,+385 (672) 122-4090
Sigmund,Formigli,Palhoça,1956-08-05T08:50:59Z,Brazil,,+55 (424) 208-8179
Shep,Raggles,Dahe,1963-03-28T21:59:24Z,China,sragglese4@facebook.com,+86 (263) 702-5365
Greer,Aharoni,Shostka,1970-06-21T07:24:23Z,Ukraine,,+380 (792) 785-2489
Anstice,Trevarthen,Leśna Podlaska,1996-12-20T06:30:36Z,Poland,atrevarthene6@ebay.com,+48 (990) 243-7617
Thibaud,Ganing,Rudky,1955-10-16T09:56:59Z,Ukraine,tganinge7@1und1.de,+380 (157) 486-9580
Lemmie,Quaife,,,,lquaifee8@sun.com,
Dom,Lissett,Tierp,1997-04-03T01:12:38Z,Sweden,dlissette9@imgur.com,+46 (145) 804-2022
Nadia,Verity,Corralito,1984-11-26T15:04:49Z,Argentina,nverityea@google.fr,+54 (936) 229-2158
Ann-marie,Reckhouse,Gajah,1969-10-20T02:34:17Z,Indonesia,areckhouseeb@blogs.com,+62 (265) 808-9991
Annnora,Spiers,,,,aspiersec@ask.com,
Adela,Dumingo,San Antonio,1993-04-15T02:25:18Z,Mexico,adumingoed@ustream.tv,+52 (430) 264-9411
Boniface,Percival,Ojrzeń,1976-07-12T22:53:32Z,Poland,bpercivalee@livejournal.com,+48 (463) 303-5763
Kerwin,Yukhnevich,Višňova,1985-01-12T03:13:04Z,Czech Republic,kyukhnevichef@jiathis.com,+420 (551) 145-9670
Tobit,Guiraud,,,,tguiraudeg@ameblo.jp,
Gillian,Rivel,Bifeng,1962-01-14T00:36:50Z,China,griveleh@linkedin.com,+86 (507) 446-5189
Ingeberg,Alwell,Nonohonis,1991-11-28T15:14:12Z,Indonesia,ialwellei@mapquest.com,+62 (284) 146-8945
Edgardo,Stodit,Xianan,1964-02-11T22:03:28Z,China,estoditej@odnoklassniki.ru,+86 (736) 541-6642
Layton,Crumb,Ziyang,1983-08-08T01:16:53Z,China,lcrumbek@google.com.hk,+86 (968) 770-5937
Griffith,Feige,Buchou,1989-09-15T17:02:08Z,China,gfeigeel@reddit.com,+86 (925) 106-7427
Dayle,Blissitt,Sarvābād,1966-09-12T14:38:46Z,Iran,dblissittem@cornell.edu,+98 (196) 300-2970
Vanya,Fumagalli,Roanoke,1989-12-20T04:34:06Z,United States,vfumagallien@mozilla.com,+1 (540) 895-9046
Melodie,Gerault,Dugu,1993-11-12T04:03:00Z,China,mgeraulteo@usgs.gov,+86 (442) 454-1315
Sandi,Lloyd-Williams,Firavitoba,1988-06-02T21:18:32Z,Colombia,slloydwilliamsep@arstechnica.com,+57 (544) 677-7023
Lisabeth,Setter,Puro,1967-02-28T11:28:31Z,Philippines,lsettereq@webs.com,+63 (454) 142-0650
Toby,Ricioppo,Mirandela,1955-01-20T16:33:24Z,Portugal,tricioppoer@liveinternet.ru,+351 (106) 195-9600
Jacquenette,Howel,Mirošov,1963-09-21T12:06:07Z,Czech Republic,,+420 (922) 890-0569
Iosep,Oxby,Cimişlia,1958-01-09T15:50:18Z,Moldova,,+373 (176) 132-4976
Egan,Hudson,Brněnec,1978-04-22T16:53:48Z,Czech Republic,ehudsoneu@wired.com,+420 (415) 471-9125
Page,Farrear,Chiquimulilla,1995-09-19T12:11:20Z,Guatemala,pfarrearev@theglobeandmail.com,+502 (326) 345-2899
Clemmie,Desquesnes,Padhahegha,1958-10-19T08:40:56Z,Indonesia,cdesquesnesew@taobao.com,+62 (882) 621-5801
Vivyan,Boldison,Lungaog,1980-01-28T04:25:50Z,Philippines,vboldisonex@tiny.cc,+63 (808) 140-7907
Bartholomeus,Khomishin,Huanglian,1967-02-10T04:26:11Z,China,,+86 (569) 386-9293
Zak,Couvet,El Paso,1952-06-10T04:10:39Z,United States,zcouvetez@usgs.gov,+1 (915) 107-8003
Tore,Hasely,Santiago,1992-05-14T10:18:13Z,Paraguay,,+595 (451) 274-2610
Reine,Ousby,Pitanga,1984-12-03T21:48:22Z,Brazil,rousbyf1@yolasite.com,+55 (891) 727-9582
Berny,Kenningham,Águas de Lindóia,1984-03-29T14:00:36Z,Brazil,bkenninghamf2@dell.com,+55 (476) 901-6744
Montgomery,Janousek,Pattani,1962-10-23T06:51:18Z,Thailand,mjanousekf3@trellian.com,+66 (975) 205-7049
Jerrine,Nairne,Stockholm,1988-05-14T23:44:27Z,Sweden,jnairnef4@globo.com,+46 (467) 385-9766
Selia,Itzcovich,Kumbo,1979-03-10T08:49:08Z,Cameroon,sitzcovichf5@fc2.com,+237 (236) 989-9279
Athena,Rowswell,Cikoneng,1982-01-06T12:36:42Z,Indonesia,arowswellf6@comsenz.com,+62 (572) 902-7141
Waverley,Mossbee,Scholkine,1987-06-01T18:48:23Z,Ukraine,,+380 (176) 252-0323
Joceline,Smellie,Vazhiny,1993-03-13T16:48:13Z,Russia,jsmellief8@umn.edu,+7 (373) 247-1035
Kathi,Mitchell,Zliten,1972-08-17T08:45:41Z,Libya,kmitchellf9@blogger.com,+218 (266) 621-2319
Ferd,Blemings,Jishigang,1999-10-01T02:26:20Z,China,,+86 (203) 670-9720
Fanechka,Turvey,Santa Cruz,1991-03-07T04:46:28Z,Portugal,fturveyfb@addtoany.com,+351 (808) 235-1315
Hunt,Cattlow,Springfield,1976-03-20T01:46:25Z,United States,hcattlowfc@cbslocal.com,+1 (417) 347-2678
Yancey,Duggan,Burmakino,1969-10-10T07:31:00Z,Russia,ydugganfd@gnu.org,+7 (514) 515-8737
Ruben,Brazur,Barra de São Francisco,1979-01-11T00:12:20Z,Brazil,rbrazurfe@buzzfeed.com,+55 (123) 850-6636
Joellen,Jeaffreson,Lisków,1972-03-06T10:24:28Z,Poland,jjeaffresonff@cisco.com,+48 (617) 801-7311
Klement,Freke,Biliran,1978-10-10T15:55:16Z,Philippines,kfrekefg@ameblo.jp,+63 (571) 142-7030
Laurel,Creane,,,,lcreanefh@istockphoto.com,
Arabel,McBryde,Épinal,1981-10-25T06:27:46Z,France,amcbrydefi@sitemeter.com,+33 (270) 496-9015
Perkin,Jefford,Dŭstí,1993-05-12T03:13:23Z,Tajikistan,pjeffordfj@smh.com.au,+992 (573) 123-5250
Fayre,Ruprich,Miraflores,1974-05-25T00:01:10Z,Portugal,fruprichfk@hugedomains.com,+351 (261) 701-9335
Milli,Layburn,Seversk,1954-09-05T06:14:17Z,Russia,mlayburnfl@umn.edu,+7 (610) 129-1035
Bealle,Fassan,Novokhovrino,1951-07-14T01:56:48Z,Russia,bfassanfm@qq.com,+7 (298) 990-5059
Daria,Fallanche,Zastávka,1962-06-17T21:00:58Z,Czech Republic,dfallanchefn@booking.com,+420 (311) 688-4297
Abran,Rodmell,Shenzhengqiao,1974-02-09T12:11:36Z,China,arodmellfo@blog.com,+86 (699) 865-3570
Rube,Whiteson,Ciepielów,1999-05-13T18:34:20Z,Poland,rwhitesonfp@ycombinator.com,+48 (593) 174-7038
Clio,Maryan,Põlva,1950-01-18T04:20:47Z,Estonia,cmaryanfq@bloglines.com,+372 (104) 455-5250
Binny,Woodburn,Banjar Peguyangan,1969-08-10T18:08:56Z,Indonesia,bwoodburnfr@marriott.com,+62 (156) 607-2253
Celka,Kleinpeltz,Åhus,1968-04-01T22:36:09Z,Sweden,ckleinpeltzfs@answers.com,+46 (257) 863-8120
Daniele,Planque,Cungkal,1964-09-21T15:50:58Z,Indonesia,dplanqueft@opensource.org,+62 (243) 637-5575
Courtnay,Sivyer,Tây Hồ,1959-06-29T23:31:12Z,Vietnam,csivyerfu@time.com,+84 (973) 433-2756
Edi,Tregidga,Kungsbacka,1969-07-20T01:08:49Z,Sweden,etregidgafv@engadget.com,+46 (493) 547-0805
Paulie,Vannacci,Saripin,1983-10-01T19:12:29Z,Indonesia,pvannaccifw@altervista.org,+62 (868) 303-1059
Mateo,Coalburn,Smederevo,1995-01-21T11:18:26Z,Serbia,mcoalburnfx@addthis.com,+381 (943) 346-8358
Alwyn,Lippiatt,Chodová Planá,1991-07-14T05:59:55Z,Czech Republic,alippiattfy@examiner.com,+420 (436) 475-5698
Levon,Breeds,Kitcharao,1970-12-14T20:32:22Z,Philippines,lbreedsfz@sina.com.cn,+63 (712) 748-3504
Mattie,Fiddyment,Wakema,1972-04-25T07:21:35Z,Myanmar,,+95 (708) 526-6642
Devlin,Scrivener,Donggong,1969-03-15T17:20:14Z,China,dscrivenerg1@admin.ch,+86 (454) 339-7707
Wang,Miebes,Valbonë,1972-05-15T21:30:52Z,Albania,wmiebesg2@apple.com,+355 (984) 352-5308
Raffaello,Wasylkiewicz,Timaru,1955-02-17T17:11:43Z,New Zealand,rwasylkiewiczg3@typepad.com,+64 (424) 751-3117
Delinda,Heatly,Rochester,1958-07-08T07:41:09Z,United States,dheatlyg4@gov.uk,+1 (585) 750-5871
Antin,Clemoes,Medveditskiy,1962-12-13T12:02:49Z,Russia,,+7 (128) 466-7505
Pia,Scamadin,Itbayat,1986-12-04T15:41:54Z,Philippines,pscamading6@hp.com,+63 (540) 761-1301
Napoleon,Poile,Bezerros,1961-07-01T18:19:36Z,Brazil,npoileg7@quantcast.com,+55 (216) 852-7082
Caddric,Albrecht,Hoi,1953-08-13T03:25:49Z,Indonesia,calbrechtg8@scientificamerican.com,+62 (480) 444-5349
Jamie,Treppas,Maquiapo,1963-06-23T00:51:29Z,Philippines,jtreppasg9@vkontakte.ru,+63 (624) 549-3581
Peg,Matchett,Kholmsk,1979-09-08T07:45:31Z,Russia,pmatchettga@techcrunch.com,+7 (659) 115-5922
Fidole,Pantridge,Weiwangzhuang,1972-06-21T11:48:05Z,China,fpantridgegb@jiathis.com,+86 (690) 925-3247
Rayner,Reddan,Oklahoma City,1959-12-02T05:34:03Z,United States,rreddangc@privacy.gov.au,+1 (405) 228-5184
Christoper,Pavett,Fontainhas,1957-04-19T22:44:21Z,Portugal,cpavettgd@desdev.cn,+351 (207) 484-9676
Dorine,Potts,,,,dpottsge@dell.com,
Jerrold,Beggi,Otoka,1990-08-18T09:14:41Z,Bosnia and Herzegovina,jbeggigf@free.fr,+387 (967) 676-8881
Clarance,Eudall,Täby,1983-07-09T18:58:03Z,Sweden,ceudallgg@kickstarter.com,+46 (815) 224-8108
Roley,Golightly,,,,rgolightlygh@engadget.com,
Drusie,Nettleship,Maunuri,1950-05-22T10:14:18Z,Indonesia,dnettleshipgi@elegantthemes.com,+62 (744) 767-0989
Marcel,Herculson,Kerva,1997-12-06T09:34:06Z,Russia,mherculsongj@mashable.com,+7 (827) 782-2745
Amery,Heinecke,Baiyang,1994-07-04T03:45:18Z,China,aheineckegk@imageshack.us,+86 (951) 901-4786
Sheena,Kubacek,Seixas do Douro,1970-06-22T07:22:39Z,Portugal,skubacekgl@vimeo.com,+351 (866) 199-3315
Em,Kippie,Bomadi,1960-06-09T23:37:55Z,Nigeria,ekippiegm@miibeian.gov.cn,+234 (332) 825-6019
Edna,Carmody,Santa Cruz,1999-03-10T16:10:11Z,Philippines,ecarmodygn@bravesites.com,+63 (358) 286-2080
Kim,Wrey,Pieńsk,1952-08-11T07:29:00Z,Poland,kwreygo@ovh.net,+48 (202) 238-3176
Jena,Bryde,Acli,1994-06-28T06:14:16Z,Philippines,jbrydegp@typepad.com,+63 (537) 448-3784
Brunhilde,Dalgliesh,Los Cóndores,1979-06-15T07:03:53Z,Argentina,bdalglieshgq@woothemes.com,+54 (493) 331-8263
Atalanta,Nutley,Quận Năm,1999-04-15T09:10:01Z,Vietnam,anutleygr@themeforest.net,+84 (186) 848-2902
Rozalie,Chatt,Peishe,1959-12-28T15:16:41Z,China,rchattgs@msn.com,+86 (354) 488-8807
Ermanno,Auty,Kingsport,1994-10-31T13:08:15Z,United States,eautygt@indiatimes.com,+1 (423) 761-9540
Donelle,Osan,Dologon,1961-11-03T21:51:11Z,Philippines,dosangu@elegantthemes.com,+63 (691) 140-7582
Lois,Stiell,Wang Muang,1966-09-14T04:22:16Z,Thailand,lstiellgv@cloudflare.com,+66 (963) 503-2202
Findlay,Bakes,København,1993-11-24T16:44:16Z,Denmark,fbakesgw@youtube.com,+45 (910) 492-7693
Job,Lissandrini,Jianchang,1993-08-29T05:54:00Z,China,jlissandrinigx@google.de,+86 (495) 203-8979
Zacharias,Johnes,Gävle,1999-09-27T13:21:35Z,Sweden,zjohnesgy@last.fm,+46 (630) 569-9763
Saxon,Wison,Hepu,1977-03-16T13:34:45Z,China,,+86 (103) 149-7902
Tally,Heineking,Shangyang,1993-02-26T08:39:13Z,China,,+86 (298) 948-5827
Desdemona,Essery,Kramators’k,1951-06-27T00:36:11Z,Ukraine,desseryh1@deviantart.com,+380 (688) 270-1049
Itch,Candwell,Toulon,1976-03-19T20:54:28Z,France,icandwellh2@flickr.com,+33 (937) 659-7728
Jeannine,Boote,Mauraro,1998-08-06T09:07:17Z,Philippines,jbooteh3@prnewswire.com,+63 (932) 813-4474
Dulcinea,Hourihane,Yitulihe,1991-12-16T21:28:39Z,China,dhourihaneh4@wordpress.org,+86 (193) 890-3807
Iago,Goodship,Huité,1967-02-12T16:23:49Z,Guatemala,igoodshiph5@dot.gov,+502 (627) 258-9222
Moises,Skyme,Wudian,1952-08-15T15:26:58Z,China,mskymeh6@odnoklassniki.ru,+86 (701) 763-4727
Margret,Hankey,Tam Kỳ,1985-05-30T21:03:03Z,Vietnam,mhankeyh7@bandcamp.com,+84 (785) 486-0089
Bud,Medina,Ćmielów,1971-05-13T01:36:23Z,Poland,bmedinah8@soup.io,+48 (546) 143-0366
Norina,Haysom,Colorado Springs,1980-06-24T02:53:06Z,United States,,+1 (719) 868-9469
Boone,Berthe,Vyatskiye Polyany,1980-02-28T02:46:10Z,Russia,bbertheha@mac.com,+7 (991) 997-0223
Magdalena,Teaser,Kacangan Lor,1975-08-14T17:54:09Z,Indonesia,mteaserhb@cnbc.com,+62 (450) 148-5429
Marge,Pencot,,,,mpencothc@pen.io,
Vincenz,Watton,Sainte-Anne-de-Bellevue,1962-04-08T05:29:58Z,Canada,vwattonhd@booking.com,+1 (784) 896-0226
Sigvard,Fincham,Takub,1986-05-10T07:29:23Z,Philippines,sfinchamhe@cnn.com,+63 (598) 341-7247
Cornie,Roelofs,Fresnes,1962-08-29T23:02:41Z,France,,+33 (563) 833-3976
Aryn,Delaprelle,Xinjiang,1959-07-21T23:55:52Z,China,adelaprellehg@exblog.jp,+86 (789) 481-0971
Alyssa,Diggons,Jiekeng,1986-06-24T21:37:49Z,China,adiggonshh@photobucket.com,+86 (668) 808-0078
Kylynn,Ligoe,Puger,1956-05-21T06:12:20Z,Indonesia,kligoehi@va.gov,+62 (854) 796-0465
Caitrin,OIlier,Lysogorskaya,1965-09-28T13:42:08Z,Russia,coilierhj@statcounter.com,+7 (762) 661-9417
Dionisio,Thaw,Shuidun,1976-04-15T02:31:08Z,China,dthawhk@boston.com,+86 (949) 447-9288
Gaylord,Favell,San Bernardino,1960-05-26T18:01:13Z,Guatemala,gfavellhl@nih.gov,+502 (126) 550-6474
Ginny,Sellors,Monticello,1981-11-07T10:29:21Z,United States,gsellorshm@ibm.com,+1 (763) 834-8250
Gal,Tosspell,Tolotangga,1970-10-26T12:08:22Z,Indonesia,,+62 (534) 612-6397
Sasha,Boswood,Hongyuan,1973-08-12T13:47:45Z,China,sboswoodho@admin.ch,+86 (928) 735-4145
Anthe,Bendle,Al Tuḩaytā’,1966-01-18T07:54:10Z,Yemen,abendlehp@behance.net,+967 (194) 257-0549
Marie-jeanne,Knewstubb,Hultsfred,1965-06-11T21:59:03Z,Sweden,mknewstubbhq@pbs.org,+46 (953) 296-4542
Roberto,Angear,Tantou,1969-11-29T04:32:57Z,China,rangearhr@irs.gov,+86 (496) 545-4020
Kelcie,Leneve,,,,klenevehs@wikipedia.org,
Holden,Poure,Wassa-Akropong,1970-10-13T22:42:46Z,Ghana,,+233 (329) 360-2551
Glynda,Strode,Xazgat,1953-07-02T21:52:00Z,China,,+86 (879) 268-0740
Madelena,Camelia,,,,,
Rona,Lautie,Łapsze Niżne,1978-12-16T06:45:39Z,Poland,rlautiehw@stumbleupon.com,+48 (524) 345-7439
Mendel,Tipler,Shiren,1999-12-31T12:00:07Z,China,mtiplerhx@ft.com,+86 (642) 304-5684
Baldwin,Houlaghan,Skópelos,1990-05-15T09:21:13Z,Greece,bhoulaghanhy@eepurl.com,+30 (764) 624-2457
Madelina,Tinn,Paungde,1963-06-24T21:08:04Z,Myanmar,mtinnhz@cmu.edu,+95 (565) 391-7614
Tuck,Strother,Washington,1975-07-10T00:26:59Z,United States,tstrotheri0@salon.com,+1 (202) 798-1913
Vick,McLugish,Edéa,1957-11-10T01:20:48Z,Cameroon,vmclugishi1@free.fr,+237 (275) 499-8851
Cammie,Oldman,Xiang Ngeun,1950-06-25T02:42:16Z,Laos,coldmani2@studiopress.com,+856 (934) 872-7158
Gwendolin,Sole,Mugango,1984-08-13T11:32:13Z,Tanzania,gsolei3@eventbrite.com,+255 (284) 487-8741
Kev,Minguet,Pulosari,1955-02-07T05:59:39Z,Indonesia,kmingueti4@infoseek.co.jp,+62 (701) 869-9248
Roseann,O'Donohue,Gorno-Altaysk,1978-07-11T01:01:36Z,Russia,rodonohuei5@nhs.uk,+7 (895) 593-9460
Brigida,Vezey,Tulsa,1954-03-26T02:31:07Z,United States,bvezeyi6@rambler.ru,+1 (918) 282-9730
Ashby,Burberry,Bellavista,1970-11-02T08:26:56Z,Mexico,aburberryi7@bravesites.com,+52 (183) 410-9919
Cristobal,Decayette,Igarapé Miri,1959-02-11T14:06:42Z,Brazil,cdecayettei8@prweb.com,+55 (812) 320-4333
Fidela,Vinsen,Golubac,1954-09-18T10:17:25Z,Serbia,fvinseni9@over-blog.com,+381 (112) 894-7942
Dicky,Tytterton,Jieduo,1952-12-10T15:41:24Z,China,,+86 (926) 741-4485
Emlen,Theodore,Amherst,1954-12-14T18:10:31Z,Canada,etheodoreib@friendfeed.com,+1 (132) 257-8349
Ernestus,Leere,Nueva Loja,1993-01-02T15:58:00Z,Ecuador,eleereic@geocities.jp,+593 (204) 212-8140
Derron,Thon,Pŭrvomaytsi,1992-11-08T06:30:53Z,Bulgaria,,+359 (843) 601-2937
Marchall,Mosedale,Mentaraman Satu,1986-11-03T22:47:13Z,Indonesia,mmosedaleie@booking.com,+62 (540) 666-6414
Diana,Lante,Ivanava,1990-01-09T03:30:30Z,Belarus,dlanteif@mysql.com,+375 (750) 221-8237
Orazio,Dullingham,Tangxi,1988-10-01T17:47:12Z,China,odullinghamig@livejournal.com,+86 (427) 741-1061
Kenneth,Goosnell,Darenzhuang,1982-07-16T15:59:00Z,China,kgoosnellih@pinterest.com,+86 (115) 221-8577
Emilio,Gives,Dongping,1993-08-15T10:06:58Z,China,,+86 (472) 260-0202
Venita,Douty,Stalbe,1967-10-19T13:52:24Z,Latvia,vdoutyij@cam.ac.uk,+371 (604) 443-3347
Loria,England,Fukou,1961-07-26T02:57:26Z,China,lenglandik@about.me,+86 (627) 578-0735
Katrina,Bushell,Notodden,1960-07-13T08:57:41Z,Norway,kbushellil@yahoo.co.jp,+47 (962) 819-6739
Coretta,Seiffert,Katy,1970-07-26T10:47:47Z,United States,cseiffertim@abc.net.au,+1 (832) 214-5902
Pauletta,Menelaws,Gaoqiao,1965-12-15T13:47:54Z,China,pmenelawsin@guardian.co.uk,+86 (391) 899-3339
Roze,Dorkins,Hatton,1987-01-09T22:27:41Z,Sri Lanka,rdorkinsio@newyorker.com,+94 (340) 883-8154
Geri,Mountlow,Bharatpur,1974-04-29T12:49:16Z,Nepal,,+977 (171) 738-5599
Lauritz,Masedon,San Rafael,1956-04-24T22:24:13Z,Mexico,,+52 (717) 136-7140
Freddie,Pickring,Ko Chan,1986-02-20T05:36:49Z,Thailand,fpickringir@w3.org,+66 (990) 107-2829
Curran,Durnian,Ngozi,1985-02-07T09:50:59Z,Burundi,,+257 (881) 932-7558
Ruben,Fearney,Nanjin,1970-01-15T14:16:59Z,China,rfearneyit@thetimes.co.uk,+86 (862) 427-5874
Evaleen,Judge,Ngaoundéré,1977-06-02T11:26:29Z,Cameroon,,+237 (192) 961-0728
Leonhard,Grass,Guaranda,1984-10-06T23:50:08Z,Ecuador,lgrassiv@samsung.com,+593 (517) 382-0671
Fancy,Barnicott,Qing’an,1969-05-15T15:54:08Z,China,,+86 (346) 446-9652
Consalve,Fautly,Gyumri,1960-02-26T05:51:09Z,Armenia,cfautlyix@tuttocitta.it,+374 (703) 467-6126
Jocelyne,Speck,Mulawato,1968-03-18T13:26:03Z,Indonesia,jspeckiy@independent.co.uk,+62 (195) 800-8122
Milka,Alvarado,Söderhamn,1962-11-13T03:15:18Z,Sweden,,+46 (469) 645-5826
Joaquin,Rodinger,Tintafor,1986-07-21T01:31:44Z,Sierra Leone,jrodingerj0@paypal.com,+232 (437) 292-4810
Vannie,Cordle,Leifeng,1991-04-17T08:22:47Z,China,vcordlej1@yahoo.com,+86 (792) 267-0688
Ralf,Babcock,Uherce Mineralne,1968-11-28T16:44:14Z,Poland,rbabcockj2@4shared.com,+48 (682) 374-1190
Matti,Grenter,Agía Paraskeví,1951-05-22T23:10:30Z,Greece,mgrenterj3@cnbc.com,+30 (529) 371-5083
Meridith,Joyson,Palekastro,1978-06-24T00:13:10Z,Greece,mjoysonj4@eepurl.com,+30 (511) 537-7507
Beck,Rushmer,Cipari Satu,1953-06-04T03:13:23Z,Indonesia,brushmerj5@theguardian.com,+62 (918) 207-0616
Camey,Philliskirk,Gunjur,1961-12-28T05:08:37Z,Gambia,,+220 (376) 176-3721
Delcina,Howselee,San Cristóbal,1954-02-26T15:25:08Z,Venezuela,dhowseleej7@webnode.com,+58 (356) 282-8949
Rafa,Hynde,Wiązownica,1981-05-05T19:05:01Z,Poland,rhyndej8@prnewswire.com,+48 (795) 617-4722
Elbertine,Gallen,Jomda,1952-05-01T19:13:58Z,China,,+86 (617) 108-3557
Chad,Schoolfield,Shreveport,1983-05-13T10:46:41Z,United States,cschoolfieldja@booking.com,+1 (318) 722-8236
Hadleigh,Milius,Garoua Boulaï,1960-03-30T16:20:00Z,Cameroon,hmiliusjb@smugmug.com,+237 (230) 578-6706
Kaleena,Merring,Pasar Kidul,1998-03-06T13:51:57Z,Indonesia,kmerringjc@sciencedirect.com,+62 (403) 237-6561
Jacqui,Penella,Baoshan,1991-12-20T10:35:19Z,China,jpenellajd@nyu.edu,+86 (328) 204-8355
Irma,Heine,Uitiuhtuan,1993-04-17T21:33:41Z,Indonesia,iheineje@multiply.com,+62 (841) 475-3061
Kameko,Besson,Truskavets,1964-05-25T20:54:01Z,Ukraine,,+380 (602) 367-6250
Sheridan,Szreter,Baihua,1984-12-18T03:47:47Z,China,sszreterjg@hugedomains.com,+86 (612) 497-7735
Palm,Pigford,El Alto,1964-01-26T15:16:24Z,Peru,ppigfordjh@google.fr,+51 (127) 694-4563
Minni,Shobbrook,,,,mshobbrookji@uol.com.br,
Mordy,Roofe,,,,mroofejj@joomla.org,
Philippe,Lammers,Wutongkou,1958-01-21T20:12:39Z,China,plammersjk@sohu.com,+86 (823) 475-3375
Saunderson,Albury,Nong Muang,1983-02-07T08:00:19Z,Thailand,,+66 (304) 775-3325
Cecilius,Nell,Newton,1982-12-20T01:28:44Z,United Kingdom,cnelljm@nyu.edu,+44 (104) 707-5427
Bidget,Cargo,Pleiku,1999-10-27T10:33:25Z,Vietnam,bcargojn@redcross.org,+84 (689) 613-3166
Walt,Denyukin,Mabilang,1964-08-08T03:59:28Z,Philippines,wdenyukinjo@surveymonkey.com,+63 (927) 219-1912
Fey,Simkovitz,Mangkon Daja,1987-08-03T23:58:47Z,Indonesia,fsimkovitzjp@istockphoto.com,+62 (237) 834-8480
Gardie,Chomley,La Banda,1963-08-20T21:34:47Z,Argentina,gchomleyjq@eepurl.com,+54 (521) 113-4855
Michele,Noden,Keroak,1956-08-15T14:00:18Z,Indonesia,mnodenjr@infoseek.co.jp,+62 (958) 849-9137
Denyse,Shee,,,,dsheejs@apache.org,
Carlo,Quinion,Trogan Barat,1960-05-01T16:53:04Z,Indonesia,cquinionjt@flavors.me,+62 (817) 982-3472
Austin,Vedyaev,Belfast,1958-03-06T19:20:29Z,Canada,,+1 (925) 412-7881
Krystle,Janiszewski,Świdwin,1959-10-27T03:18:39Z,Poland,kjaniszewskijv@joomla.org,+48 (581) 994-2389
Inga,Colbourne,Houjia,1956-07-25T20:42:59Z,China,icolbournejw@omniture.com,+86 (284) 991-4026
Evelyn,Pinkney,Cisarap,1950-03-25T04:08:35Z,Indonesia,,+62 (307) 660-8470
Byrann,Kings,Tarlac City,1984-03-03T21:00:47Z,Philippines,bkingsjy@goodreads.com,+63 (806) 664-5250
Gisela,Allicock,,,,gallicockjz@soundcloud.com,
Vernice,Maha,Machakos,1973-10-06T20:11:20Z,Kenya,vmahak0@mlb.com,+254 (657) 781-0022
Rube,Elce,Daoqiao,1982-04-08T13:00:14Z,China,relcek1@fastcompany.com,+86 (381) 729-2858
Leah,Hannant,Kukur,1980-01-03T05:40:23Z,Albania,lhannantk2@woothemes.com,+355 (262) 579-3306
Norbie,Hambidge,Xinli,1984-09-04T06:21:25Z,China,nhambidgek3@usda.gov,+86 (452) 512-9474
Claire,Scotcher,Wilkołaz,1999-11-23T04:45:33Z,Poland,cscotcherk4@wikia.com,+48 (634) 629-5681
Truman,Idney,Mulino,1963-02-16T10:15:51Z,Russia,tidneyk5@qq.com,+7 (858) 804-1505
Zarla,Kiehnlt,Onitsha,1982-08-04T00:49:16Z,Nigeria,zkiehnltk6@webeden.co.uk,+234 (474) 131-6331
Tove,Kerswell,Nieying,1986-12-26T01:19:47Z,China,,+86 (566) 421-6037
Reg,Bennike,Zaragoza,1968-03-31T22:15:05Z,Philippines,rbennikek8@samsung.com,+63 (695) 523-9757
Roanna,Dubble,Semiring,1966-03-15T21:34:18Z,Indonesia,rdubblek9@npr.org,+62 (878) 824-9674
Bonita,Dilloway,Juwana,1974-04-28T19:10:51Z,Indonesia,bdillowayka@yandex.ru,+62 (244) 500-6616
Rufus,Minihane,Massy,1987-01-29T20:17:11Z,France,rminihanekb@lycos.com,+33 (753) 622-3031
Welch,Marusyak,Khallat Şāliḩ,1986-02-04T22:02:03Z,Palestinian Territory,wmarusyakkc@newsvine.com,+970 (173) 981-3464
Gardener,Maiklem,Lukunor,1958-06-21T04:28:13Z,Micronesia,gmaiklemkd@si.edu,+691 (362) 520-2569
Warren,Cubbon,Pho Si Suwan,1996-08-16T11:55:12Z,Thailand,wcubbonke@weather.com,+66 (767) 521-8882
Beverlee,Riedel,Grzęska,1958-09-28T18:26:41Z,Poland,briedelkf@ca.gov,+48 (763) 982-8931
Annelise,Broxap,Liancheng,1990-08-06T20:09:03Z,China,abroxapkg@hud.gov,+86 (137) 633-3128
Duff,Dakin,Firenze,1994-06-22T08:09:13Z,Italy,ddakinkh@indiatimes.com,+39 (349) 965-0592
Chauncey,Levison,Birmingham,1960-09-19T13:09:44Z,United States,,+1 (205) 686-3396
Chantalle,Caldairou,Koroyo,1975-05-13T22:39:32Z,Indonesia,,+62 (927) 113-6542
Neddy,Farmloe,Kāmyārān,1984-03-25T02:57:43Z,Iran,nfarmloekk@icq.com,+98 (941) 330-8649
Ariadne,Broady,Sedlice,1961-05-02T22:36:36Z,Czech Republic,abroadykl@rakuten.co.jp,+420 (597) 402-4006
Kathlin,Robeiro,Lupao,1974-10-15T09:19:22Z,Philippines,,+63 (123) 582-2760
Averil,Soppett,Enskededalen,1955-01-08T06:15:56Z,Sweden,asoppettkn@addtoany.com,+46 (519) 510-7558
Katherine,Humbles,,,,,
Johanna,Filov,Brotas,1977-09-24T02:57:11Z,Brazil,jfilovkp@narod.ru,+55 (610) 695-5735
Syman,Clausen,Cortiçóis,1972-07-08T19:51:05Z,Portugal,sclausenkq@netvibes.com,+351 (196) 131-2838
Ardyth,Audsley,Florida,1957-04-08T22:47:53Z,Cuba,,+53 (700) 437-6394
Abram,Burdell,Huoche Xizhan,1992-06-24T18:18:17Z,China,aburdellks@virginia.edu,+86 (623) 844-4763
Blinni,Fluin,Akashi,1967-05-10T23:51:44Z,Japan,bfluinkt@de.vu,+81 (275) 885-5080
Madlen,Goodlet,João Monlevade,1986-05-15T09:56:33Z,Brazil,mgoodletku@artisteer.com,+55 (660) 977-6752
Val,Wewell,Sandakan,1995-09-30T19:13:31Z,Malaysia,vwewellkv@sbwire.com,+60 (116) 513-3485
Minerva,Cubberley,,,,,
Fletch,Tindall,Nanlin,1975-03-07T04:03:35Z,China,ftindallkx@eventbrite.com,+86 (952) 751-2187
Felecia,Huthart,Zhangjiafang,1971-02-25T11:11:26Z,China,fhuthartky@netvibes.com,+86 (747) 579-8816
Korney,McReidy,Belén,1985-03-29T10:54:46Z,Nicaragua,kmcreidykz@miitbeian.gov.cn,+505 (991) 959-1260
Clarisse,Le Floch,Jieshou,1968-12-17T06:06:31Z,China,cleflochl0@phpbb.com,+86 (879) 256-0352
Jeffie,Shrieve,Phoenix,1992-02-05T16:00:55Z,United States,jshrievel1@imageshack.us,+1 (480) 772-4589
Georgianne,Viscovi,Santa Maria,1996-08-18T07:24:48Z,Mexico,gviscovil2@ning.com,+52 (404) 944-4620
Allyce,Jedrzejkiewicz,Selorejo,1976-02-17T16:56:16Z,Indonesia,ajedrzejkiewiczl3@princeton.edu,+62 (215) 864-9634
Merry,Goble,Zhuangxing,1979-04-21T01:46:50Z,China,mgoblel4@dailymail.co.uk,+86 (278) 367-1670
Si,Christopherson,Tangjiawan,1958-06-14T17:46:00Z,China,schristophersonl5@amazon.de,+86 (282) 810-9621
Teodorico,Easterfield,San José de las Lajas,1974-05-23T18:48:09Z,Cuba,teasterfieldl6@google.cn,+53 (570) 139-0073
Jacklyn,Greene,Astorga,1983-03-23T02:14:41Z,Brazil,jgreenel7@netscape.com,+55 (980) 737-9092
Oralia,Speck,Quy Đạt,1978-04-17T08:55:38Z,Vietnam,ospeckl8@vimeo.com,+84 (510) 538-8288
Valentine,Gladeche,Yantai,1965-03-28T20:41:51Z,China,vgladechel9@goo.ne.jp,+86 (159) 136-4759
Hanni,Gillbanks,Osby,1984-09-12T22:34:15Z,Sweden,hgillbanksla@boston.com,+46 (643) 220-6321
Shelley,Cleugher,Bang Bua Thong,1951-02-21T05:47:02Z,Thailand,scleugherlb@ifeng.com,+66 (806) 293-2478
Roanna,Roskams,Pelem,1965-08-14T04:32:57Z,Indonesia,rroskamslc@fastcompany.com,+62 (622) 193-7119
Orelee,Yelland,Loma Alta,1963-07-11T15:41:06Z,Honduras,,+504 (832) 264-9412
Sheelagh,Pierton,Chaka,1967-11-16T20:19:37Z,China,spiertonle@chron.com,+86 (723) 416-8536
Orel,Batham,Carahue,1979-09-09T21:30:24Z,Chile,obathamlf@baidu.com,+56 (465) 328-4483
Aleksandr,Spieck,Sepulu,1976-03-11T02:23:49Z,Indonesia,aspiecklg@omniture.com,+62 (967) 285-3280
Reed,Hupka,Tyvriv,1987-02-11T12:49:33Z,Ukraine,rhupkalh@cbsnews.com,+380 (922) 106-2726
Donnell,McAlester,Sintung Timur,1983-10-23T12:01:56Z,Indonesia,dmcalesterli@macromedia.com,+62 (273) 292-4924
Nara,Danniell,Chiang Rai,1962-01-21T11:03:27Z,Thailand,ndannielllj@yahoo.com,+66 (798) 386-8000
Brod,Baser,Buyunshan,1974-11-12T15:59:59Z,China,bbaserlk@nbcnews.com,+86 (860) 350-7749
Benedict,Tritten,Dalubian,1972-06-10T23:25:58Z,China,btrittenll@dmoz.org,+86 (385) 797-0439
Atlante,Bratcher,,,,abratcherlm@soup.io,
Blake,Battams,Örebro,1998-04-09T08:45:38Z,Sweden,bbattamsln@ifeng.com,+46 (746) 110-8091
Irwin,Tremellier,Mūdīyah,1962-05-28T08:57:00Z,Yemen,itremellierlo@google.cn,+967 (536) 580-4309
Noelani,Giorgi,Old Harbour Bay,1984-03-08T09:51:24Z,Jamaica,ngiorgilp@hao123.com,+1 (339) 351-7496
Kristos,Haimes,Samboan,1953-05-18T09:38:47Z,Philippines,,+63 (515) 572-2887
Lucine,Piell,Dhī Nā‘im,1973-03-05T07:44:47Z,Yemen,lpielllr@pinterest.com,+967 (422) 369-5472
Fraser,Corcut,Decatur,1986-08-08T06:58:33Z,United States,fcorcutls@twitpic.com,+1 (678) 431-8282
Gillie,Appleton,Osório,1954-02-27T12:11:48Z,Brazil,gappletonlt@163.com,+55 (531) 551-7903
Trixy,Mainston,Cipanggung,1970-05-12T21:49:20Z,Indonesia,tmainstonlu@blogspot.com,+62 (952) 811-6090
Martainn,Oxberry,Moinhos,1993-08-13T18:08:37Z,Portugal,moxberrylv@gnu.org,+351 (554) 202-6530
Kikelia,Hambribe,Pizarrete,1985-04-22T14:03:30Z,Dominican Republic,khambribelw@netvibes.com,+1 (392) 635-1139
Lyndel,Poulsom,El Arenal,1997-04-21T20:57:27Z,Mexico,,+52 (955) 512-4443
Tomlin,Castellet,Ballisodare,1977-10-03T17:57:09Z,Ireland,tcastelletly@oakley.com,+353 (375) 542-4295
Preston,Herkess,Destrnik,1979-09-22T08:36:19Z,Slovenia,pherkesslz@myspace.com,+386 (162) 324-6198
Kylynn,Giacopetti,Moscow,1956-05-21T03:02:09Z,Russia,kgiacopettim0@mashable.com,+7 (588) 543-3632
Gabriel,Semonin,Katy,1970-04-11T02:31:49Z,United States,,+1 (832) 304-9008
Zedekiah,Levin,Baojia,1975-01-18T10:51:17Z,China,zlevinm2@nydailynews.com,+86 (863) 203-3172
Lemmy,O'Nion,,,,lonionm3@cnet.com,
Lotta,Cobleigh,Zhongzhai,1968-08-22T08:14:56Z,China,lcobleighm4@chronoengine.com,+86 (713) 373-4214
Jemimah,Noquet,Bené Beraq,1998-11-10T06:04:49Z,Israel,jnoquetm5@zdnet.com,+972 (354) 212-4251
Maressa,Bolin,Václavovice,1980-05-18T23:35:10Z,Czech Republic,mbolinm6@wisc.edu,+420 (209) 913-3587
Patricia,Steffans,Karlskrona,1998-12-22T15:58:18Z,Sweden,psteffansm7@google.co.uk,+46 (165) 341-8413
Tiebold,Sandlin,Zhelin,1978-05-16T21:51:25Z,China,,+86 (588) 871-9642
Ursula,Potzold,Gamping Lor,1952-10-15T10:58:37Z,Indonesia,upotzoldm9@tinyurl.com,+62 (963) 646-4614
Berty,Eldridge,Tocota,1979-08-10T09:17:32Z,Peru,beldridgema@narod.ru,+51 (840) 509-3778
Griffie,Van der Kruys,Wugui,1967-11-09T06:00:23Z,China,,+86 (495) 541-5100
Sybil,Reen,Bakov nad Jizerou,1972-11-02T10:33:45Z,Czech Republic,,+420 (800) 220-9242
Garrek,Morkham,Blois,1953-04-27T19:57:58Z,France,gmorkhammd@mit.edu,+33 (155) 925-5082
Neysa,Foxhall,Bengga,1963-11-13T05:59:42Z,Indonesia,nfoxhallme@skype.com,+62 (247) 363-6250
Carree,Orleton,Xingxi,1961-09-07T00:49:30Z,China,corletonmf@sphinn.com,+86 (645) 583-3324
Norby,Vasquez,Novokhovrino,1985-04-29T16:35:24Z,Russia,nvasquezmg@ning.com,+7 (182) 960-9353
Sawyere,Dalliston,Reitoca,1983-09-29T20:40:50Z,Honduras,sdallistonmh@drupal.org,+504 (402) 561-6179
Reynard,Duckinfield,Sasovo,1966-11-16T03:49:30Z,Russia,rduckinfieldmi@php.net,+7 (397) 985-2288
Nariko,Cadwell,Watuka,1952-07-20T14:56:52Z,Indonesia,ncadwellmj@taobao.com,+62 (359) 889-1063
Laurena,Beauly,Mino,1961-05-15T09:28:48Z,Japan,,+81 (824) 661-3458
Hendrika,Spinas,Puerto Berrío,1991-04-22T12:26:53Z,Colombia,,+57 (683) 737-3530
Samantha,Birtonshaw,Mora,1957-01-12T17:58:26Z,Cameroon,sbirtonshawmm@wired.com,+237 (193) 537-3345
Jacquelyn,Witherden,Point Hill,1997-09-25T06:48:08Z,Jamaica,jwitherdenmn@sun.com,+1 (936) 238-1618
Cozmo,Pinck,Khlong Hat,1979-08-08T23:09:58Z,Thailand,cpinckmo@blinklist.com,+66 (597) 802-0922
Sigfried,Gronous,Amnat Charoen,1985-06-28T23:34:18Z,Thailand,,+66 (429) 683-5842
Lorrie,Darlington,Pingxiang,1992-05-15T20:15:49Z,China,ldarlingtonmq@marketwatch.com,+86 (209) 696-0318
Evelin,Dionsetto,Krajanpagowan,1977-07-17T08:44:27Z,Indonesia,edionsettomr@bluehost.com,+62 (737) 466-0039
Devondra,Ivashintsov,Salta,1998-09-28T11:23:39Z,Argentina,divashintsovms@indiatimes.com,+54 (249) 596-3989
Patrizius,Le feaver,Tunzhai,1976-08-11T12:18:14Z,China,plefeavermt@vimeo.com,+86 (158) 493-2559
Tarrah,Ovenell,La Rioja,1962-12-12T09:46:26Z,Argentina,tovenellmu@networkadvertising.org,+54 (542) 673-3484
Dorette,Dudlestone,Penha,1956-10-04T04:56:23Z,Brazil,ddudlestonemv@webs.com,+55 (945) 122-4970
Kaylee,Poplee,,,,,
Mano,Hallaways,Masachapa,1968-07-29T06:43:35Z,Nicaragua,mhallawaysmx@cbslocal.com,+505 (733) 513-5355
Corena,Samples,Zboriv,1967-01-11T22:43:36Z,Ukraine,csamplesmy@addtoany.com,+380 (502) 268-4611
Candace,Attac,Palencia,1964-03-01T04:17:13Z,Spain,cattacmz@cloudflare.com,+34 (455) 645-5413
Wilhelmine,Lenahan,Āshtīān,1987-09-30T00:34:36Z,Iran,wlenahann0@noaa.gov,+98 (641) 586-6957
Rice,Ramsdale,Seattle,1969-05-29T04:53:34Z,United States,rramsdalen1@accuweather.com,+1 (253) 796-9215
Gregory,Ambrogio,Bélabo,1953-01-16T05:57:20Z,Cameroon,gambrogion2@desdev.cn,+237 (146) 750-9482
Kayla,Alcock,Portland,1965-05-01T00:17:41Z,United States,kalcockn3@dropbox.com,+1 (971) 315-0892
Valaria,Hyland,Lümeng,1992-04-05T08:18:07Z,China,vhylandn4@infoseek.co.jp,+86 (447) 655-7544
Indira,Mercer,Áyios Nikólaos,1952-05-13T23:51:16Z,Greece,imercern5@paypal.com,+30 (487) 728-1382
Lindon,Peasegood,Leskovac,1963-03-08T13:08:20Z,Serbia,lpeasegoodn6@jalbum.net,+381 (280) 832-1435
Jeana,MacElholm,Mayantoc,1958-07-02T16:40:42Z,Philippines,jmacelholmn7@com.com,+63 (242) 921-3024
Wittie,Sigfrid,Épinal,1992-06-06T12:18:46Z,France,,+33 (482) 848-3183
Caren,Godbert,Bagdadi,1994-12-05T13:19:05Z,Georgia,cgodbertn9@histats.com,+995 (442) 565-5397
Liz,Sparshett,Anao,1952-06-26T09:01:45Z,Philippines,lsparshettna@jimdo.com,+63 (376) 748-8055
Lisabeth,Lagde,Bello,1989-06-01T08:06:49Z,Colombia,llagdenb@diigo.com,+57 (276) 337-9447
Maribel,Sprowles,Pampierstad,1951-10-01T17:34:14Z,South Africa,msprowlesnc@google.co.uk,+27 (381) 482-0205
Estrellita,Hebborn,Montague,1992-05-23T02:30:00Z,Canada,ehebbornnd@aboutads.info,+1 (341) 319-4195
Bevin,Leemans,San Antonio Oeste,1997-04-19T22:43:15Z,Argentina,bleemansne@360.cn,+54 (181) 693-4307
Koralle,Snuggs,Gampang,1967-09-22T08:53:17Z,Indonesia,,+62 (981) 667-4751
Ricca,Alesio,Arbeláez,1964-06-13T23:40:20Z,Colombia,,+57 (465) 869-5686
Claudius,Scraggs,Kerċem,1978-09-12T20:38:53Z,Malta,cscraggsnh@umich.edu,+356 (853) 252-1237
Caroljean,Attkins,Komes,1951-10-25T06:27:55Z,Indonesia,cattkinsni@t.co,+62 (133) 407-6218
Orazio,MacVicar,Beisijiazi,1990-01-09T01:00:18Z,China,omacvicarnj@networksolutions.com,+86 (298) 408-0198
Berkie,Finlaison,Jiaowei,1991-02-03T19:54:46Z,China,bfinlaisonnk@123-reg.co.uk,+86 (339) 879-7795
Dory,Wasiel,Shengli,1975-11-17T02:49:37Z,China,dwasielnl@cnbc.com,+86 (167) 948-8572
Yard,Hugill,Želešice,1973-04-24T14:06:55Z,Czech Republic,yhugillnm@chronoengine.com,+420 (162) 255-0195
Neils,Scotford,Guajará Mirim,1980-08-30T17:36:56Z,Brazil,nscotfordnn@google.fr,+55 (251) 944-6726
Ronnica,Engeham,Mbuji-Mayi,1981-09-01T05:11:33Z,Democratic Republic of the Congo,,+242 (813) 350-4543
Caryl,Kettell,Busilak,1971-01-23T21:31:02Z,Philippines,ckettellnp@canalblog.com,+63 (666) 820-2471
Ernestine,Broggini,Mingshan,1977-07-03T22:06:44Z,China,,+86 (368) 882-6995
Andee,Carverhill,Thanatpin,1987-10-26T08:39:03Z,Myanmar,acarverhillnr@moonfruit.com,+95 (127) 697-4894
Sibilla,Sessuns,Mijiang,1980-05-18T16:43:52Z,China,,+86 (693) 913-4713
Daryle,Symmers,Ngô Đồng,1952-06-04T13:19:11Z,Vietnam,dsymmersnt@symantec.com,+84 (840) 129-1832
Silvie,Haggarty,Ollantaytambo,1968-05-01T17:58:59Z,Peru,shaggartynu@upenn.edu,+51 (580) 348-1761
Burk,Skarin,Tuzhai,1965-07-23T01:56:43Z,China,,+86 (473) 161-4839
Tracy,Mosedale,Luau,1950-09-19T11:33:32Z,Angola,tmosedalenw@cargocollective.com,+244 (662) 589-3341
Leilah,Lescop,,,,llescopnx@tmall.com,
Starlin,Kezor,Tsibulev,1986-10-12T19:43:32Z,Ukraine,skezorny@stanford.edu,+380 (277) 432-8458
Effie,Finney,Jaciara,1967-06-21T15:29:27Z,Brazil,efinneynz@desdev.cn,+55 (410) 233-4175
Chucho,Abys,Kamigyō-ku,1971-10-10T05:05:34Z,Japan,cabyso0@bloglines.com,+81 (447) 430-6884
Essa,Melloi,Mutum Biyu,1955-02-01T23:42:54Z,Nigeria,,+234 (426) 758-5702
Wolfy,Orrocks,Lebane,1989-04-15T11:58:00Z,Serbia,worrockso2@imdb.com,+381 (333) 704-3571
Parke,Leupoldt,Ambilobe,1971-08-18T15:26:45Z,Madagascar,pleupoldto3@feedburner.com,+261 (521) 320-9569
Cymbre,Pollendine,Houjiagang,1974-09-26T04:55:04Z,China,cpollendineo4@yolasite.com,+86 (509) 962-3273
Knox,Adamini,Zhengdonglu,1985-06-22T23:30:06Z,China,kadaminio5@va.gov,+86 (316) 492-6920
Meier,Camock,Lisovi Sorochyntsi,1957-12-17T07:50:46Z,Ukraine,mcamocko6@sciencedaily.com,+380 (746) 409-3642
Cathlene,Pilcher,Shangkuli,1980-09-30T21:51:04Z,China,cpilchero7@nydailynews.com,+86 (814) 917-0133
Norrie,Cockayme,Dawu Chengguanzhen,1958-07-12T11:01:24Z,China,ncockaymeo8@indiatimes.com,+86 (982) 518-2405
Mitchell,Vanyukhin,Youxikou,1991-01-29T13:29:06Z,China,mvanyukhino9@facebook.com,+86 (302) 802-6729
Zelma,Calltone,Turpay,1963-07-12T21:46:37Z,Peru,,+51 (421) 826-1588
Minette,Hayer,Petropavlovskaya,1981-12-12T15:15:20Z,Russia,,+7 (248) 594-4768
Jocelyn,Trowsdall,Benoy,1992-06-08T05:51:13Z,Chad,jtrowsdalloc@wikimedia.org,+235 (740) 875-4663
Harbert,Gatlin,Mang’it Shahri,1960-03-30T14:10:38Z,Uzbekistan,hgatlinod@mediafire.com,+998 (910) 548-3580
Carolus,Coviello,Alkmaar,1985-09-28T06:20:18Z,Netherlands,,+31 (260) 797-4626
Niko,Hesse,Pancas,1980-12-21T17:28:05Z,Brazil,nhesseof@addthis.com,+55 (156) 383-7023
Katheryn,Ransome,Aranguren,1987-06-08T01:56:33Z,Argentina,kransomeog@list-manage.com,+54 (939) 545-3721
Saloma,Pressman,Annacotty,1978-12-07T00:22:36Z,Ireland,spressmanoh@mayoclinic.com,+353 (982) 474-9297
Sargent,Stoeckle,Jalālpur Pīrwāla,1963-04-28T14:31:38Z,Pakistan,sstoeckleoi@spiegel.de,+92 (737) 762-2598
Misha,Gilford,Nickby,1963-11-08T17:11:07Z,Finland,mgilfordoj@indiatimes.com,+358 (677) 854-6353
Calypso,Hemmingway,Paripiranga,1995-06-09T23:21:06Z,Brazil,,+55 (210) 348-9575
Natasha,Fabb,Dembéni,1976-02-01T09:26:54Z,Comoros,nfabbol@aol.com,+269 (842) 329-4414
Kele,Wewell,Dinggou,1980-08-03T10:29:07Z,China,,+86 (606) 872-7683
Natalya,Danielski,Pnikut,1994-12-10T13:22:21Z,Ukraine,ndanielskion@cmu.edu,+380 (810) 772-4111
Terry,Vaughten,Krajan Dua Sumbersari,1989-12-18T12:19:26Z,Indonesia,,+62 (175) 757-2478
Laureen,Upston,Gancheng,1966-12-31T00:23:07Z,China,lupstonop@google.ca,+86 (823) 565-8762
Bond,Deackes,Ostuncalco,1971-12-23T16:02:28Z,Guatemala,bdeackesoq@github.com,+502 (288) 415-2484
Binny,Gorghetto,Zográfos,1985-12-26T14:18:23Z,Greece,bgorghettoor@hud.gov,+30 (885) 788-4069
Jamesy,Barthorpe,Paipu,1962-05-25T11:40:16Z,China,jbarthorpeos@is.gd,+86 (118) 218-1720
Reggis,Hillaby,Terara,1969-04-27T07:06:47Z,Indonesia,,+62 (729) 612-2125
Flo,Yeeles,Xuling,1979-02-24T05:53:05Z,China,fyeelesou@nationalgeographic.com,+86 (255) 296-2544
Melinde,Formilli,Kawangkoan,1977-12-27T15:29:00Z,Indonesia,mformilliov@tripadvisor.com,+62 (588) 733-7520
Kaye,Bowdrey,Nampicuan,1959-08-02T09:23:07Z,Philippines,kbowdreyow@quantcast.com,+63 (643) 989-1365
Teodorico,Northidge,Binalonan,1970-11-12T15:51:19Z,Philippines,tnorthidgeox@liveinternet.ru,+63 (532) 354-1275
Edee,Oliphard,Peishe,1956-01-28T22:10:56Z,China,eoliphardoy@jigsy.com,+86 (531) 956-3656
Tristan,Broe,Azilal,1997-02-26T19:52:46Z,Morocco,,+212 (714) 683-6638
Harlen,Audenis,Kassel,1963-05-17T19:34:32Z,Germany,haudenisp0@wired.com,+49 (592) 801-4397
Horace,Codrington,Kuressaare,1978-01-09T23:34:02Z,Estonia,hcodringtonp1@ifeng.com,+372 (533) 507-8328
Shirleen,Healks,Ban Bueng,1976-03-31T13:47:39Z,Thailand,shealksp2@nifty.com,+66 (286) 934-2795
Dave,Thundercliffe,Francisco I Madero,1953-04-11T21:36:24Z,Mexico,dthundercliffep3@facebook.com,+52 (183) 635-7384
Chrystel,Bonin,Baguim do Monte,1983-06-22T00:58:54Z,Portugal,cboninp4@goo.ne.jp,+351 (339) 869-2844
Elston,Burdass,Shiliting,1980-02-03T22:30:40Z,China,eburdassp5@over-blog.com,+86 (447) 921-1404
Brunhilda,MacAlees,Lopar,1963-02-13T02:48:44Z,Croatia,bmacaleesp6@zimbio.com,+385 (469) 890-8243
Marcellus,Belden,Chalon-sur-Saône,1971-01-10T03:25:13Z,France,mbeldenp7@freewebs.com,+33 (868) 946-4276
Barrie,Tuny,,,,btunyp8@chronoengine.com,
Marcus,Clapp,Wa’erma,1967-05-11T07:00:32Z,China,mclappp9@comsenz.com,+86 (404) 623-7460
Michal,Bauduccio,,,,mbauducciopa@mapy.cz,
Cissy,Ceaser,Calumpang,1982-01-18T00:39:27Z,Philippines,cceaserpb@theguardian.com,+63 (958) 316-9060
Tomasine,Drewitt,Santa Teresa,1953-09-10T03:19:19Z,Philippines,,+63 (391) 310-2990
Bondy,Stood,Quận Sáu,1964-10-17T23:16:31Z,Vietnam,bstoodpd@zdnet.com,+84 (908) 545-0019
Steffi,Niave,,,,sniavepe@weebly.com,
Omero,Cogdell,Lipník nad Bečvou,1958-05-22T15:54:44Z,Czech Republic,ocogdellpf@mediafire.com,+420 (594) 588-7963
Elisabetta,Beckworth,Gasa,1998-03-25T07:03:19Z,Bhutan,ebeckworthpg@liveinternet.ru,+975 (376) 131-9646
Beale,Novak,Le Port,1968-10-30T02:36:43Z,Reunion,bnovakph@europa.eu,+262 (738) 643-6349
Arlyn,Heaseman,Cabanas de Viriato,1968-03-22T05:46:06Z,Portugal,aheasemanpi@sbwire.com,+351 (735) 625-2657
Boonie,Albro,Agarsin,1964-01-31T04:43:19Z,China,balbropj@illinois.edu,+86 (680) 420-8764
Christiana,Rameau,Xichehe,1955-05-16T21:23:10Z,China,crameaupk@irs.gov,+86 (360) 921-6094
Basilius,Varndell,Klatakan,1971-04-13T06:36:14Z,Indonesia,,+62 (767) 172-8615
Libbey,Kenrat,Suozhen,1961-08-16T08:38:27Z,China,lkenratpm@xrea.com,+86 (803) 312-1511
Carver,Sugg,Zhongba,1989-02-22T02:12:56Z,China,csuggpn@networksolutions.com,+86 (384) 389-7568
Fredia,Primarolo,Sausa,1980-04-06T07:07:01Z,Peru,fprimarolopo@biblegateway.com,+51 (851) 257-6855
Cookie,Dyte,Rydułtowy,1958-03-07T15:50:57Z,Poland,cdytepp@bravesites.com,+48 (928) 745-3051
Horst,Barkaway,Bimbo,1958-12-30T18:11:24Z,Central African Republic,hbarkawaypq@nationalgeographic.com,+236 (434) 826-9398
Crysta,Griniov,Novki,1993-11-26T21:22:27Z,Russia,cgriniovpr@amazon.co.uk,+7 (258) 618-0194
Tony,Prydie,Sibucao,1984-12-30T00:36:25Z,Philippines,tprydieps@nationalgeographic.com,+63 (580) 213-7621
Brandy,Zellner,Ganping,1997-01-22T00:56:27Z,China,bzellnerpt@unblog.fr,+86 (152) 469-1051
Ignacius,Kubiak,Shawan,1959-10-01T01:38:46Z,China,ikubiakpu@lulu.com,+86 (325) 133-2796
Shellie,Aslie,Banjar Batanpoh,1989-03-23T15:17:41Z,Indonesia,sasliepv@soup.io,+62 (419) 685-0530
Jeff,Sleet,,,,jsleetpw@ning.com,
Goldy,Stork,Kant,1964-05-29T17:07:51Z,Kyrgyzstan,,+996 (306) 423-2079
Pattie,Grafham,Shangzhuang,1979-12-21T01:42:51Z,China,pgrafhampy@com.com,+86 (463) 636-0372
Mikol,Elliot,Arrabal,1953-12-12T18:14:28Z,Portugal,melliotpz@csmonitor.com,+351 (266) 938-3307
Sammy,Le Grice,Kandi,1966-01-02T18:07:11Z,Benin,slegriceq0@bloglovin.com,+229 (325) 618-8508
Ricky,Surmeir,Paris 08,1978-05-24T16:45:50Z,France,rsurmeirq1@apple.com,+33 (990) 255-5940
Krishnah,Bridgman,Lons-le-Saunier,1987-08-01T05:53:01Z,France,,+33 (956) 801-3657
Selma,Beentjes,Baoyou,1992-06-02T13:17:08Z,China,,+86 (870) 276-2818
Stefanie,Hunnawill,,,,shunnawillq4@pcworld.com,
Colas,Scotchforth,Granja,1990-06-21T03:18:26Z,Portugal,cscotchforthq5@jigsy.com,+351 (281) 177-8719
Corney,Deverille,Las Flores,1994-07-27T08:05:04Z,Mexico,,+52 (769) 260-7290
Keane,Posten,Wakkanai,1962-04-23T12:41:34Z,Japan,kpostenq7@telegraph.co.uk,+81 (312) 374-1330
Vivian,Peerman,Trollhättan,1975-04-01T15:57:49Z,Sweden,,+46 (115) 360-9822
Yuri,Skellern,Denver,1994-11-15T03:50:20Z,United States,,+1 (303) 900-8822
Morey,Wakeling,Pulau Pinang,1990-09-11T23:29:13Z,Malaysia,mwakelingqa@topsy.com,+60 (653) 596-9828
Mahmoud,Hartas,Kruševica,1970-04-14T17:01:46Z,Croatia,mhartasqb@ibm.com,+385 (224) 290-7945
Nickie,Mewitt,Cañas,1975-11-30T10:40:53Z,Costa Rica,,+506 (729) 866-7598
Ofelia,Tatchell,Chiclayo,1962-09-14T23:57:44Z,Peru,otatchellqd@boston.com,+51 (138) 207-0729
Darya,Birdwistle,Nunbaundelha,1972-02-04T13:30:23Z,Indonesia,dbirdwistleqe@histats.com,+62 (186) 303-3805
Alene,Wollard,Dayou,1952-05-17T20:51:57Z,China,awollardqf@hhs.gov,+86 (567) 726-2308
Venus,Hallatt,Gimbi,1986-05-02T19:20:57Z,Ethiopia,vhallattqg@nyu.edu,+251 (767) 247-4951
Mathian,Levi,Vista Hermosa,1981-05-25T00:21:20Z,Mexico,mleviqh@twitter.com,+52 (430) 796-2921
Fredelia,Charlet,,,,fcharletqi@blogtalkradio.com,
Ephrayim,Nix,Pinrang,1968-08-27T04:51:50Z,Indonesia,enixqj@soundcloud.com,+62 (449) 519-3226
Nan,Ogg,Elele,1982-10-01T23:34:38Z,Nigeria,noggqk@google.com.au,+234 (657) 199-1920
Nady,Mabe,Spirit River,1973-09-19T08:56:32Z,Canada,nmabeql@wikimedia.org,+1 (561) 605-3129
Lacey,Goathrop,Trosa,1994-04-13T13:46:17Z,Sweden,lgoathropqm@yellowpages.com,+46 (734) 324-5798
Leela,Bantick,Skrwilno,1985-02-17T23:20:41Z,Poland,,+48 (868) 246-3318
Ema,Grovier,Shakhty,1980-09-02T02:47:57Z,Russia,egrovierqo@nsw.gov.au,+7 (828) 761-3070
Giulietta,Tanzer,Yonkers,1989-10-01T16:52:26Z,United States,gtanzerqp@51.la,+1 (914) 291-7689
Imelda,Shefton,Palpalá,1968-12-14T07:18:18Z,Argentina,,+54 (835) 798-0766
Barclay,Lippard,Lantian,1968-08-25T17:56:33Z,China,blippardqr@yahoo.co.jp,+86 (201) 326-8831
Jake,Blackaller,Gunungtua,1968-02-08T15:43:49Z,Indonesia,jblackallerqs@imageshack.us,+62 (621) 850-6405
Travis,Leffek,Cimanggu,1964-02-10T10:40:21Z,Indonesia,tleffekqt@networksolutions.com,+62 (319) 484-1831
Reid,Kenefick,Yŏnan-ŭp,1953-12-18T16:28:43Z,North Korea,,+850 (447) 524-2781
Sharai,Switland,Shaxi,1984-01-29T19:43:11Z,China,sswitlandqv@loc.gov,+86 (858) 914-0548
Jess,Sparrow,Bonavista,1951-08-07T20:47:48Z,Canada,jsparrowqw@spiegel.de,+1 (401) 119-9547
Doy,Tilson,Zhongguanyi,1975-09-22T22:39:41Z,China,dtilsonqx@ca.gov,+86 (632) 642-7911
Eyde,Deighton,,,,edeightonqy@scribd.com,
Deidre,Lokier,Barreira,1993-07-28T08:31:08Z,Portugal,dlokierqz@blogs.com,+351 (507) 608-8686
Gabriel,Wealthall,Chai Nat,1950-08-17T23:12:06Z,Thailand,gwealthallr0@diigo.com,+66 (194) 852-2309
Jasun,Loddon,Jacksonville,1988-05-02T14:04:33Z,United States,jloddonr1@arstechnica.com,+1 (904) 730-3555
Trudy,Twycross,,,,ttwycrossr2@ehow.com,
Ina,Burnes,Ea Drăng,1952-07-01T16:15:54Z,Vietnam,iburnesr3@tinyurl.com,+84 (856) 580-5785
Stefan,Aphale,Všeruby,1953-12-28T17:34:46Z,Czech Republic,saphaler4@epa.gov,+420 (555) 835-8185
Byron,Chidlow,Zyablikovo,1974-01-21T05:37:32Z,Russia,bchidlowr5@moonfruit.com,+7 (173) 383-4520
Konstantin,Denzilow,Pilníkov,1989-04-24T00:02:38Z,Czech Republic,,+420 (249) 941-2623
Wenona,Kleinert,Gaoqiao,1985-05-12T13:52:12Z,China,wkleinertr7@soundcloud.com,+86 (754) 209-5190
Kat,McAviy,Guangping,1968-07-17T02:08:38Z,China,kmcaviyr8@uiuc.edu,+86 (734) 378-3861
Carissa,Fouracre,Perpignan,1956-09-13T23:45:53Z,France,cfouracrer9@constantcontact.com,+33 (384) 923-2639
Jinny,Ramalho,Shaochang,1967-10-19T23:23:32Z,China,jramalhora@tmall.com,+86 (482) 205-0153
Riva,Childerhouse,Lindesberg,1979-12-09T06:45:08Z,Sweden,rchilderhouserb@bizjournals.com,+46 (732) 484-8994
Kingston,McParlin,Obrera,1985-07-13T15:32:25Z,Mexico,kmcparlinrc@multiply.com,+52 (313) 950-3939
Corabella,Stanners,Viale,1993-07-21T22:11:44Z,Argentina,,+54 (923) 333-8724
Sarette,McCurdy,Estancia,1989-11-23T09:26:10Z,Philippines,smccurdyre@va.gov,+63 (970) 286-8334
Clerc,Coweuppe,Verkhnya Syrovatka,1965-10-11T17:32:10Z,Ukraine,,+380 (126) 759-5028
Hermione,Hallut,Jiahe,1959-01-10T17:35:34Z,China,hhallutrg@paypal.com,+86 (392) 352-5030
Davin,Jorio,Hearst,1994-02-14T02:12:54Z,Canada,djoriorh@kickstarter.com,+1 (826) 992-5932
Natalee,Petcher,Xiaoguan,1986-02-17T17:25:52Z,China,npetcherri@tuttocitta.it,+86 (142) 561-8762
Carlen,Coal,Meiyao,1950-01-05T17:38:51Z,China,ccoalrj@studiopress.com,+86 (506) 271-0830
Cindee,Searchwell,Jaga,1954-02-18T18:45:54Z,Indonesia,csearchwellrk@sfgate.com,+62 (653) 647-9646
Cathee,Callow,San Diego,1961-11-24T09:17:11Z,United States,ccallowrl@bing.com,+1 (619) 716-3457
Tristam,Huff,Sinuknipan,1961-06-17T11:22:50Z,Philippines,thuffrm@tuttocitta.it,+63 (295) 874-4065
Haydon,Hawse,San Bartolomé Milpas Altas,1975-11-17T14:00:18Z,Guatemala,hhawsern@slate.com,+502 (573) 810-6722
Allyson,Duncan,Pontarlier,1970-03-08T10:20:06Z,France,aduncanro@aol.com,+33 (214) 500-8611
Abbott,Merriton,Aston,1983-06-16T14:19:15Z,United Kingdom,amerritonrp@zimbio.com,+44 (101) 824-1285
Corine,Thunderchief,Boksitogorsk,1981-12-06T15:53:18Z,Russia,cthunderchiefrq@i2i.jp,+7 (958) 708-9942
Gilbertina,Cribbott,Gouqi,1996-05-31T19:31:49Z,China,gcribbottrr@walmart.com,+86 (298) 868-8590
