first_name,last_name,birth_place,birth_date,country_living_in,email,phone
Cordelie,Hornung,Aimin,1980/02/04,China,chornung0@live.com,+86 (712) 460-9948
Michelle,Rontree,Linfen,1978/07/16,China,mrontree1@google.fr,+86 (517) 904-5301
Ardath,Dreghorn,Gaobu,1985/09/08,China,adreghorn2@ca.gov,+86 (689) 593-0693
Ursuline,Wayt,San Miguel,1984/02/02,Costa Rica,uwayt3@bloomberg.com,+506 (665) 353-9613
Ignatius,Gohn,,,,,
Cort,Puxley,Washington,1978/03/23,United States,cpuxley5@miibeian.gov.cn,+1 (202) 391-6408
Ag,Thurley,Mellieħa,1992/03/25,Malta,athurley6@tuttocitta.it,+356 (177) 601-1267
Rabbi,Tother,Stockholm,1977/08/31,Sweden,,+46 (882) 708-4843
Moe,McGillecole,Babahoyo,1989/05/24,Ecuador,mmcgillecole8@delicious.com,+593 (650) 302-0154
Roana,Corzon,Benito Juarez,1968/12/15,Mexico,,+52 (726) 533-8080
Elvis,Camilio,Kampong Thom,1972/04/06,Cambodia,ecamilioa@discuz.net,+855 (659) 160-2892
Rici,See,,,,rseeb@dot.gov,
Verine,Malone,Tamianglayang,1995/05/08,Indonesia,vmalonec@ed.gov,+62 (135) 798-3456
Pier,Clowes,Frederiksberg,1958/04/27,Denmark,pclowesd@hugedomains.com,+45 (755) 783-3854
Mariette,Rudloff,Batken,1998/09/07,Kyrgyzstan,mrudloffe@dot.gov,+996 (911) 132-4051
Tasia,Syms,Kari,1952/12/12,Nigeria,,+234 (553) 533-2907
Gates,Petre,,,,gpetreg@accuweather.com,
Catharine,Daubney,Jinrongjie,1960/01/30,China,cdaubneyh@senate.gov,+86 (657) 615-5736
Lanni,Prettjohn,Xinshichang,1980/01/10,China,lprettjohni@wordpress.com,+86 (318) 493-6597
Morena,Simeons,Dafundo,1981/05/03,Portugal,msimeonsj@businessinsider.com,+351 (450) 925-6825
Phillida,Gotecliffe,Tānk,1972/02/19,Pakistan,pgotecliffek@deviantart.com,+92 (664) 887-3126
Averil,Bodesson,Bajos de Haina,1962/11/01,Dominican Republic,abodessonl@merriam-webster.com,+1 (852) 790-8564
Barris,Rayburn,Dongda,1987/10/25,China,brayburnm@toplist.cz,+86 (450) 242-0736
Chilton,Arni,Guapi,1953/04/13,Colombia,carnin@so-net.ne.jp,+57 (705) 194-1273
Dallas,Halliwell,Gayamdesa,1995/12/03,Indonesia,dhalliwello@nydailynews.com,+62 (961) 115-1995
Puff,Rumsby,Marseille,1991/11/21,France,prumsbyp@lulu.com,+33 (156) 474-3749
Sheffy,Chalder,Heerlen,1994/11/23,Netherlands,schalderq@bluehost.com,+31 (873) 275-8213
Maurise,Cranmore,Garwolin,1955/01/07,Poland,mcranmorer@state.gov,+48 (121) 497-0772
Sara,Tick,Benito Juarez,1962/05/09,Mexico,,+52 (810) 325-0566
Dyan,Canner,Tlutup,1987/07/14,Indonesia,dcannert@infoseek.co.jp,+62 (997) 889-5096
Vanya,Gilson,Rumphi,1951/05/29,Malawi,vgilsonu@chronoengine.com,+265 (952) 539-4354
Teddie,Sheran,Bojano,1989/12/02,Poland,tsheranv@imdb.com,+48 (745) 675-0728
Odetta,Fortey,Dziadkowice,1993/08/29,Poland,oforteyw@spotify.com,+48 (872) 841-8747
Tara,Core,Rio Branco do Sul,1955/06/02,Brazil,tcorex@purevolume.com,+55 (578) 919-1101
Lexie,Jansema,Dawa-Dawa,1966/07/13,Philippines,,+63 (217) 892-1882
Hedi,Fantini,São Sebastião do Passé,1974/10/12,Brazil,hfantiniz@xrea.com,+55 (250) 849-0542
Virginia,Whillock,Larreynaga,1967/04/29,Nicaragua,vwhillock10@xing.com,+505 (357) 956-3195
Roby,Simonato,Krmelín,1980/03/24,Czech Republic,rsimonato11@amazon.de,+420 (440) 464-6063
Paulie,Loftie,Karak City,1986/12/16,Jordan,ploftie12@over-blog.com,+962 (474) 539-6650
Garvey,Luparti,Fayzabad,1972/10/04,Afghanistan,,+93 (683) 757-3388
Waiter,Marousek,Xiongji,1952/09/20,China,wmarousek14@facebook.com,+86 (680) 898-6125
Emelia,Whitebread,Baykit,1959/06/05,Russia,ewhitebread15@seattletimes.com,+7 (175) 832-5399
Mommy,O' Donohue,Mileb,1988/04/29,Philippines,,+63 (252) 182-7436
Mariska,Balbeck,Tombatu,1964/02/14,Indonesia,mbalbeck17@epa.gov,+62 (946) 442-4862
Yuri,Gartell,Bantacan,1951/05/15,Philippines,,+63 (573) 400-9511
Anselm,Arbuckle,Huangdao,1989/05/06,China,aarbuckle19@buzzfeed.com,+86 (974) 709-8326
Karrie,Breckwell,Sebba,1968/03/20,Burkina Faso,,+226 (678) 245-6570
Gearard,Benfell,Oton,1999/06/09,Philippines,gbenfell1b@wisc.edu,+63 (559) 725-8263
Brendon,Iannuzzelli,Bulumulyo,1974/12/10,Indonesia,biannuzzelli1c@printfriendly.com,+62 (101) 239-3928
Jehanna,Surgison,Jeżów,1964/10/04,Poland,jsurgison1d@usda.gov,+48 (224) 355-4693
Lisa,Ower,Independencia,1998/04/30,Mexico,lower1e@webnode.com,+52 (951) 777-6396
Irma,Hoolaghan,Afonsoeiro,1984/10/26,Portugal,,+351 (966) 654-4398
Bambie,Tomblett,Vatutino,1995/01/20,Russia,btomblett1g@engadget.com,+7 (437) 562-0815
Maurine,Lippiello,El Jícaro,1977/09/30,Guatemala,mlippiello1h@oracle.com,+502 (146) 358-9751
Torin,Brammar,,,,tbrammar1i@cafepress.com,
Ezmeralda,Espinet,Estância Velha,1958/12/19,Brazil,eespinet1j@europa.eu,+55 (696) 224-2424
Geri,Tatam,Tanjungjaya,1968/10/02,Indonesia,gtatam1k@census.gov,+62 (561) 122-6667
Murdoch,Orvis,Guangshan Chengguanzhen,1960/03/10,China,morvis1l@bbc.co.uk,+86 (769) 142-9470
Dal,Swaddle,Aubergenville,1982/10/17,France,,+33 (901) 103-6754
Sidnee,Fields,Magangué,1957/11/08,Colombia,sfields1n@theguardian.com,+57 (580) 405-0983
Madlen,Gouly,Bulianhe,1986/12/11,China,mgouly1o@alexa.com,+86 (402) 662-6400
Karin,Darridon,Yujing,1974/01/26,China,kdarridon1p@zdnet.com,+86 (374) 701-5501
Kala,Keveren,Mont-Joli,1951/07/04,Canada,kkeveren1q@xinhuanet.com,+1 (972) 599-6263
Brandy,Knightsbridge,Fálanna,1971/08/26,Greece,bknightsbridge1r@surveymonkey.com,+30 (278) 684-2011
Scarlet,Foulgham,Telukpakedai,1999/07/01,Indonesia,sfoulgham1s@smugmug.com,+62 (432) 298-5948
Seana,Fussie,Saint-Étienne,1996/03/02,France,sfussie1t@reuters.com,+33 (268) 125-6860
Nikoletta,Cullinan,Gaofeng,1976/08/05,China,ncullinan1u@desdev.cn,+86 (499) 754-6611
Inesita,Blythin,Suchy Dąb,1993/03/02,Poland,iblythin1v@desdev.cn,+48 (568) 576-2685
Tedda,Kingerby,Valerik,1996/09/30,Russia,tkingerby1w@mac.com,+7 (677) 448-4198
Myron,Vickers,Khromtau,1991/12/27,Kazakhstan,mvickers1x@yolasite.com,+7 (207) 554-5895
Gretal,Farrer,Chwaszczyno,1952/08/02,Poland,gfarrer1y@tumblr.com,+48 (914) 628-6724
Nancie,Hassall,,,,,
Mirabel,Heino,Thạnh Hóa,1985/11/07,Vietnam,mheino20@nps.gov,+84 (184) 491-0532
Stanford,Lochet,Erfangping,1964/12/26,China,slochet21@reddit.com,+86 (447) 634-0728
Aluino,Plevey,Kouqian,1953/10/30,China,aplevey22@stumbleupon.com,+86 (878) 742-3857
Patton,Hayer,Mora,1997/08/18,Sweden,,+46 (742) 505-0907
Alidia,Crammy,Pajannangger,1994/08/29,Indonesia,acrammy24@mapy.cz,+62 (105) 196-2844
Caro,McDavid,Xumu,1969/10/12,China,cmcdavid25@blog.com,+86 (326) 214-2609
Nahum,Alsina,Itapemirim,1991/06/03,Brazil,nalsina26@ow.ly,+55 (907) 598-8898
Danielle,Delacourt,Mtwara,1985/07/30,Tanzania,ddelacourt27@cargocollective.com,+255 (365) 228-2102
Chiquia,Lamerton,Oster,1983/05/10,Russia,clamerton28@si.edu,+7 (103) 127-4201
Zacharia,Vear,Skuodas,1971/03/23,Lithuania,zvear29@zdnet.com,+370 (368) 862-6316
Stanislas,Renouf,Velikooktyabr’skiy,1963/08/30,Russia,srenouf2a@gizmodo.com,+7 (905) 249-1934
Nico,Grivori,Dhahi,1972/06/02,Yemen,ngrivori2b@thetimes.co.uk,+967 (767) 419-7120
Jocelyne,Goodswen,Genang,1991/03/16,Indonesia,jgoodswen2c@whitehouse.gov,+62 (856) 978-5790
Cesaro,Unstead,Usab,1965/07/22,Philippines,,+63 (392) 967-2702
Elwood,Mathon,,,,emathon2e@youtu.be,
Audy,Beachamp,Japeri,1978/08/18,Brazil,abeachamp2f@berkeley.edu,+55 (655) 567-8839
Gilberte,Guerre,Allacapan,1978/03/06,Philippines,gguerre2g@sfgate.com,+63 (663) 449-5695
Araldo,Stebbings,Tuanjie,1980/11/22,China,astebbings2h@free.fr,+86 (558) 494-0334
Trula,Barbera,Shangsha,1967/01/10,China,tbarbera2i@pagesperso-orange.fr,+86 (501) 811-0103
Holly,Chant,Jianping,1987/11/10,China,hchant2j@xrea.com,+86 (691) 663-7434
Silvia,Cloutt,Loum,1993/07/15,Cameroon,scloutt2k@ehow.com,+237 (975) 313-0537
Kristyn,Blasl,Cigarogol,1982/02/13,Indonesia,kblasl2l@cnet.com,+62 (508) 201-9294
Zora,Gillespie,Daitōchō,1999/06/29,Japan,,+81 (233) 652-2144
Roi,Braker,Konstantinovsk,1977/11/06,Russia,rbraker2n@independent.co.uk,+7 (945) 436-3258
Stefanie,Tayler,Palaió Fáliro,1991/02/17,Greece,stayler2o@bigcartel.com,+30 (408) 872-5566
Cassie,Skittrall,Kuhmalahti,1981/09/25,Finland,cskittrall2p@tuttocitta.it,+358 (888) 127-2331
Darcy,Crafts,,,,dcrafts2q@nasa.gov,
Maura,Noble,San Juan,1951/04/04,Philippines,mnoble2r@ifeng.com,+63 (167) 660-0002
Lucien,Rentoll,Fengcheng,1988/08/01,China,lrentoll2s@chicagotribune.com,+86 (373) 908-2039
Kermit,Chrystie,Kotovo,1960/09/04,Russia,,+7 (745) 578-9688
Allayne,Mattes,Huallanca,1971/01/16,Peru,,+51 (417) 695-8482
King,Collcutt,Colcabamba,1950/11/14,Peru,,+51 (848) 586-2157
Birk,Hedge,Savigny-le-Temple,1966/01/19,France,bhedge2w@wikipedia.org,+33 (763) 404-0843
Kristen,Duckham,Dachnoye,1968/03/02,Russia,kduckham2x@issuu.com,+7 (233) 518-4521
Sal,Ropp,Přibyslav,1966/07/02,Czech Republic,sropp2y@plala.or.jp,+420 (929) 665-7767
Catherine,Spinage,Ddmashen,1989/12/14,Armenia,cspinage2z@npr.org,+374 (651) 974-5773
Merwin,Pieterick,Araulí,1989/06/30,Honduras,mpieterick30@ezinearticles.com,+504 (556) 671-9679
Wilfrid,Brinson,Yingwusitang,1975/05/29,China,wbrinson31@census.gov,+86 (160) 474-5601
Tye,Flahy,Wysoka Strzyżowska,1962/05/27,Poland,,+48 (774) 140-5708
Norine,Cake,Belozërskoye,1968/03/11,Russia,ncake33@msn.com,+7 (716) 560-6581
Angelico,Arons,Yukou,1996/12/31,China,aarons34@un.org,+86 (823) 680-9232
Odette,Jessen,Minjian,1977/05/09,China,ojessen35@freewebs.com,+86 (253) 232-4616
Rees,Kroch,Pokhvistnevo,1997/01/16,Russia,rkroch36@tiny.cc,+7 (597) 292-0484
Bogey,Jeavon,,,,bjeavon37@nasa.gov,
Gretna,Edward,Laagri,1964/04/21,Estonia,gedward38@kickstarter.com,+372 (481) 470-2601
Winston,Fomichyov,Meylan,1994/02/23,France,wfomichyov39@soundcloud.com,+33 (621) 703-1559
Lurette,Tabbitt,,,,,
Mathew,Blaza,Xianshui,1958/09/27,China,mblaza3b@comsenz.com,+86 (286) 354-7737
Jobyna,Musker,,,,jmusker3c@php.net,
Gigi,Chaloner,,,,gchaloner3d@harvard.edu,
Wallache,Pauletto,El Fureidīs,1991/08/20,Israel,wpauletto3e@ca.gov,+972 (617) 176-3331
Tobe,Ellwood,Karangcombong,1998/03/31,Indonesia,,+62 (630) 371-7352
Seumas,Maybury,Cisalak,1980/04/20,Indonesia,,+62 (664) 977-3482
Shaylah,Acom,Riyue,1970/02/19,China,sacom3h@unblog.fr,+86 (299) 569-9417
Shawn,Antonijevic,Quilino,1986/03/29,Argentina,santonijevic3i@accuweather.com,+54 (726) 682-0038
Cyndi,Jeal,Colorado Springs,1952/05/16,United States,cjeal3j@nba.com,+1 (719) 419-4122
Bette,Albutt,Karangan,1994/11/11,Indonesia,balbutt3k@free.fr,+62 (763) 964-5122
Del,Kingswold,Karangtanjung,1999/05/26,Indonesia,dkingswold3l@webs.com,+62 (663) 654-2746
Rosette,Featley,Graikochóri,1995/05/09,Greece,rfeatley3m@vimeo.com,+30 (213) 416-1827
Clementine,Fante,Tongouson,1974/07/16,Philippines,cfante3n@ovh.net,+63 (697) 215-4518
Locke,Haslehurst,Tajike’abati,1964/04/12,China,,+86 (469) 287-2288
Edsel,O'Cannan,Linjiang,1993/11/15,China,eocannan3p@unicef.org,+86 (540) 933-1865
Cristine,Scafe,Haibeitou,1952/05/16,China,cscafe3q@oracle.com,+86 (763) 156-9325
Marcie,Yearsley,Mulyorejo,1962/04/18,Indonesia,myearsley3r@storify.com,+62 (618) 913-8918
Dolley,Boshell,Toledo,1998/12/26,Brazil,dboshell3s@uiuc.edu,+55 (123) 394-7028
Dorine,Maypother,Wrocław,1972/01/21,Poland,dmaypother3t@cnet.com,+48 (702) 815-8642
Yanaton,Van der Son,Taiqing,1960/03/22,China,yvanderson3u@yellowpages.com,+86 (733) 353-6284
Isak,Paulin,Runka,1970/09/10,Nigeria,ipaulin3v@1und1.de,+234 (232) 967-3164
Marrissa,Stollberger,Patulul,1977/12/05,Guatemala,,+502 (766) 787-4254
Kala,Prestige,Lộc Bình,1953/01/18,Vietnam,kprestige3x@bigcartel.com,+84 (877) 798-4176
Sidnee,MacShirrie,Shiyu,1959/10/17,China,,+86 (969) 730-2360
Jennilee,Roston,Núi Đối,1991/01/10,Vietnam,jroston3z@jigsy.com,+84 (874) 371-6286
Penelopa,Glaves,Nový Bydžov,1989/01/02,Czech Republic,pglaves40@webmd.com,+420 (474) 839-7991
Fayre,Petrelluzzi,Nelazskoye,1988/04/19,Russia,fpetrelluzzi41@mapy.cz,+7 (481) 935-9808
Sarita,Niblo,Pasirbatang,1981/01/17,Indonesia,,+62 (357) 723-8014
Catharina,Francis,Linfen,1965/12/11,China,cfrancis43@bigcartel.com,+86 (956) 414-0751
Carly,Broadnicke,Helmas,1980/12/11,Albania,cbroadnicke44@spotify.com,+355 (524) 197-9779
Lilli,MacFadden,Bududa,1955/06/03,Uganda,lmacfadden45@mediafire.com,+256 (199) 744-3525
Saraann,Henriksson,Xubao,1977/04/18,China,shenriksson46@yandex.ru,+86 (900) 630-4993
Allie,Aronson,Valkeakoski,1972/02/18,Finland,aaronson47@wunderground.com,+358 (635) 401-8872
Annabell,Sheardown,Al Jarādīyah,1968/07/22,Saudi Arabia,asheardown48@spotify.com,+966 (681) 179-8121
Lesley,Strete,Evinayong,1950/12/17,Equatorial Guinea,,+240 (475) 410-2049
Charley,Skillitt,Győr,1981/11/20,Hungary,cskillitt4a@angelfire.com,+36 (980) 259-5523
Cortney,Labon,Lukovë,1965/04/20,Albania,clabon4b@springer.com,+355 (424) 513-4878
Valentia,Wolffers,Suozhen,1966/12/21,China,vwolffers4c@fda.gov,+86 (842) 778-7936
Jillie,Brundle,,,,,
Dame,Billson,Kon Tum,1987/05/22,Vietnam,dbillson4e@eventbrite.com,+84 (386) 797-8601
Brody,Skellon,Daxing,1980/05/16,China,bskellon4f@linkedin.com,+86 (633) 258-4553
Allianora,Braferton,Temara,1953/06/22,Morocco,abraferton4g@blog.com,+212 (694) 887-3585
Moses,Husby,Mbalmayo,1965/12/25,Cameroon,mhusby4h@reverbnation.com,+237 (361) 309-1464
Janina,Longea,Grand Rapids,1992/12/19,United States,jlongea4i@independent.co.uk,+1 (616) 911-6386
Amos,Basso,Trelleborg,1962/10/14,Sweden,abasso4j@yale.edu,+46 (124) 236-5393
Demetria,Sullly,,,,dsullly4k@google.cn,
Tomi,Warnock,Changxingbao,1994/12/28,China,,+86 (400) 112-1289
Nat,Leftridge,Sutton,1951/11/16,Ireland,nleftridge4m@vimeo.com,+353 (288) 898-2604
Keen,Kattenhorn,,,,kkattenhorn4n@weibo.com,
Simona,Camillo,Kyŏngsŏng,1992/01/03,North Korea,scamillo4o@earthlink.net,+850 (997) 129-1668
Danita,Goshawk,,,,dgoshawk4p@telegraph.co.uk,
Siobhan,Detoile,Mukō,1956/01/29,Japan,sdetoile4q@mashable.com,+81 (686) 909-9717
Sandra,Szach,El Hajeb,1968/10/01,Morocco,sszach4r@businesswire.com,+212 (611) 926-1981
Silvain,Stode,Kwangju,1969/03/30,South Korea,sstode4s@accuweather.com,+82 (799) 712-1225
Kary,Mazella,,,,kmazella4t@home.pl,
Roze,Ivshin,Bogojevo,1988/07/29,Serbia,rivshin4u@parallels.com,+381 (152) 877-4539
Seamus,Saiger,Verkhnyaya Toyma,1982/06/30,Russia,ssaiger4v@paypal.com,+7 (582) 551-1212
Sofie,Trineman,Klatovy,1975/03/17,Czech Republic,strineman4w@columbia.edu,+420 (857) 174-2822
Wilfrid,Sarginson,Saint-Louis,1997/02/17,Senegal,,+221 (602) 977-0116
Evelyn,Antoniazzi,Fengle,1977/01/24,China,eantoniazzi4y@rediff.com,+86 (324) 773-4609
Corabella,Jakoviljevic,Oštarije,1972/07/27,Croatia,cjakoviljevic4z@pbs.org,+385 (622) 279-7909
Gisella,Bowerman,Tiebukenwusan,1992/09/12,China,gbowerman50@nationalgeographic.com,+86 (466) 814-9085
Felicia,Hebron,Ozerki,1960/04/07,Russia,fhebron51@pcworld.com,+7 (396) 828-6933
Muffin,Irvine,Zafarwāl,1976/04/11,Pakistan,mirvine52@themeforest.net,+92 (482) 628-0488
Nels,Woodings,Ugbokpo,1980/09/06,Nigeria,nwoodings53@arizona.edu,+234 (233) 253-3534
Shaine,Segge,Rathwire,1970/01/15,Ireland,ssegge54@irs.gov,+353 (828) 721-1260
Zonnya,Dinning,Jiangkou,1992/01/09,China,zdinning55@ovh.net,+86 (135) 462-0674
Jyoti,Jacox,Calinog,1985/08/01,Philippines,jjacox56@live.com,+63 (587) 168-5907
Lois,Adnet,Pila,1995/09/04,Philippines,ladnet57@prlog.org,+63 (628) 738-4379
Jocelyn,Brauninger,Pikalëvo,1971/11/09,Russia,jbrauninger58@edublogs.org,+7 (574) 833-6434
Kirstin,Berkelay,Paris 08,1967/07/21,France,kberkelay59@technorati.com,+33 (354) 127-1267
Coleen,Ravenhills,Kato Pyrgos,1999/08/05,Cyprus,cravenhills5a@amazon.com,+357 (922) 656-0061
Morly,Benediktovich,Hultsfred,1950/02/08,Sweden,mbenediktovich5b@bluehost.com,+46 (738) 681-6702
Dean,Liddy,Saparbay,1967/06/20,China,,+86 (138) 617-6097
Kiah,Waldram,Magallon Cadre,1956/06/17,Philippines,kwaldram5d@twitpic.com,+63 (280) 768-9447
Ardys,Baird,Planovskoye,1984/12/23,Russia,,+7 (572) 316-9711
Yvette,Formilli,Nariño,1959/06/03,Colombia,yformilli5f@apache.org,+57 (848) 797-9394
Dedra,Pedder,Mangulile,1999/11/11,Honduras,,+504 (624) 678-5198
Lotti,Jovis,Tsagaanders,1982/02/22,Mongolia,ljovis5h@nytimes.com,+976 (127) 582-3407
Ira,Randalson,Kyzyl,1989/03/20,Russia,,+7 (399) 174-8894
Northrop,Playden,Novoaleksandrovsk,1985/06/16,Russia,nplayden5j@godaddy.com,+7 (912) 211-2791
Northrup,Wildman,Pinoma,1989/06/02,Philippines,nwildman5k@rediff.com,+63 (379) 796-6491
Raddie,Becarra,Sabinópolis,1973/12/14,Brazil,rbecarra5l@xing.com,+55 (979) 386-3954
Edie,Bagg,Dagang,1968/01/12,China,ebagg5m@opensource.org,+86 (377) 702-2019
Adriena,Lombardo,Mórrope,1966/02/03,Peru,alombardo5n@prlog.org,+51 (970) 180-0594
Tallulah,Worner,Lumbayan,1977/07/28,Philippines,tworner5o@tinypic.com,+63 (882) 923-9701
Adeline,Castilla,Jinxiu,1975/06/07,China,acastilla5p@geocities.jp,+86 (779) 778-9081
Karilynn,Sweetland,Sviblovo,1995/05/26,Russia,ksweetland5q@microsoft.com,+7 (867) 188-3009
Nealy,Tulleth,Lupon,1960/09/08,Philippines,ntulleth5r@cnn.com,+63 (121) 404-0896
Aprilette,Hylden,Shihui,1994/11/24,China,ahylden5s@arizona.edu,+86 (118) 432-1515
Cart,Morillas,Kinnula,1981/04/09,Finland,cmorillas5t@dot.gov,+358 (185) 356-5546
Blayne,Fleckno,Kassiri,1965/09/19,Sierra Leone,bfleckno5u@wikimedia.org,+232 (497) 832-4071
Karin,Took,Samur,1987/06/17,Azerbaijan,ktook5v@zdnet.com,+994 (302) 462-1928
Penn,Chesney,Wolonio,1951/08/27,Indonesia,pchesney5w@ocn.ne.jp,+62 (913) 726-8281
Brett,Oseland,Milín,1957/05/30,Czech Republic,boseland5x@hud.gov,+420 (791) 430-1031
Creigh,Niess,Donostia-San Sebastian,1990/03/13,Spain,cniess5y@facebook.com,+34 (710) 265-9233
Damaris,Jedrychowski,Stocksund,1961/07/05,Sweden,djedrychowski5z@ifeng.com,+46 (932) 840-2073
Dulcy,enzley,Belfast,1964/04/07,Canada,denzley60@symantec.com,+1 (927) 292-5094
Gracia,Aronowitz,Casal do Relvas,1954/03/03,Portugal,garonowitz61@youtube.com,+351 (311) 938-5927
Demott,Espinoy,Wiesbaden,1957/07/20,Germany,despinoy62@shop-pro.jp,+49 (857) 975-9555
Durward,Medmore,Vila Pouca da Beira,1997/04/21,Portugal,dmedmore63@statcounter.com,+351 (426) 904-7252
Lynnet,Vonderdell,Pristina,1968/03/10,Kosovo,lvonderdell64@ftc.gov,+383 (344) 372-9840
Vincenty,Domingues,Baghlān,1992/04/24,Afghanistan,,+93 (703) 335-0203
Kass,Pfleger,Zoumaling,1984/05/16,China,kpfleger66@g.co,+86 (596) 971-7725
Gracia,Channing,Goujie,1969/03/07,China,gchanning67@bbc.co.uk,+86 (710) 139-4509
Winna,Skokoe,Edinburgh,1983/10/09,United Kingdom,wskokoe68@huffingtonpost.com,+44 (555) 248-5006
Philbert,Clemerson,Stryszawa,1994/11/05,Poland,pclemerson69@weebly.com,+48 (974) 103-4745
Tonie,Nettle,San Basilio,1979/03/01,Philippines,tnettle6a@prweb.com,+63 (188) 850-2908
Pammie,Clapson,Cotabato,1955/09/10,Philippines,,+63 (453) 697-9818
Gwyn,Mordon,Villa Mercedes,1991/12/20,Argentina,gmordon6c@accuweather.com,+54 (372) 889-2664
Fredrika,Isabell,Yelizavetinskoye,1952/05/08,Russia,fisabell6d@yandex.ru,+7 (947) 320-0259
Nana,Heiden,Hongshi,1964/01/06,China,nheiden6e@reddit.com,+86 (590) 464-8993
Ondrea,Tunsley,Nishishinminato,1956/01/25,Japan,otunsley6f@dedecms.com,+81 (855) 208-7746
Anne-marie,Kenn,Lourido,1978/12/08,Portugal,akenn6g@arizona.edu,+351 (931) 151-1686
Gisele,Raggitt,Lysekil,1989/02/11,Sweden,graggitt6h@com.com,+46 (673) 102-7831
Herschel,Gorch,Qarah Bāgh,1959/01/03,Afghanistan,hgorch6i@mtv.com,+93 (741) 475-4912
Elvera,Broadberry,Bolszewo,1999/05/09,Poland,ebroadberry6j@miibeian.gov.cn,+48 (608) 553-9236
Amata,MacDonagh,Guabito,1967/01/01,Panama,amacdonagh6k@parallels.com,+507 (862) 614-8460
Bernardine,Cockren,Sadská,1989/10/03,Czech Republic,,+420 (110) 847-5845
Miriam,Brettoner,,,,mbrettoner6m@istockphoto.com,
Constantine,McElwee,Tehrān,1994/05/28,Iran,cmcelwee6n@alexa.com,+98 (467) 348-2422
Connor,Hollindale,Kaavi,1960/12/30,Finland,chollindale6o@dagondesign.com,+358 (836) 310-1430
Bari,Snarr,Główczyce,1982/12/21,Poland,bsnarr6p@senate.gov,+48 (768) 735-3401
Angelia,Risebrow,Khallat Ḩamāmah,1955/04/12,Palestinian Territory,,+970 (953) 190-0949
Sacha,McQuaker,Wuyang,1961/07/31,China,smcquaker6r@nbcnews.com,+86 (140) 889-5733
Cherry,Angless,Stepnogorsk,1969/06/21,Kazakhstan,cangless6s@twitter.com,+7 (330) 416-1909
Eugenie,Boultwood,Yuetang,1963/10/05,China,eboultwood6t@taobao.com,+86 (171) 262-3029
Midge,Goodall,Huzhen,1965/01/22,China,mgoodall6u@gnu.org,+86 (316) 906-6586
Sibeal,Denington,Majan,1959/03/17,Indonesia,sdenington6v@topsy.com,+62 (240) 579-2074
Annie,Laurentin,Kasingan,1994/06/10,Indonesia,alaurentin6w@techcrunch.com,+62 (929) 216-6446
Halette,Cromer,Corredoura,1994/07/12,Portugal,hcromer6x@dion.ne.jp,+351 (389) 201-2050
Lanna,Jerger,Dallas,1953/01/20,United States,ljerger6y@mediafire.com,+1 (469) 910-1960
Carlo,Gilliam,Woloara,1982/11/25,Indonesia,,+62 (330) 349-5158
Grange,Tesseyman,Pokhvistnevo,1954/12/25,Russia,gtesseyman70@elegantthemes.com,+7 (324) 927-5905
Alphonse,Norvill,Kilimatinde,1999/08/25,Tanzania,anorvill71@fotki.com,+255 (888) 374-0881
Rani,Bergen,Lukou,1992/04/18,China,rbergen72@wsj.com,+86 (632) 483-5466
Lambert,Seymer,Pindamonhangaba,1975/07/05,Brazil,lseymer73@berkeley.edu,+55 (774) 767-6574
Murdock,Keniwell,,,,mkeniwell74@unblog.fr,
Michal,Dell'Abbate,São Sebastião do Caí,1965/10/12,Brazil,mdellabbate75@kickstarter.com,+55 (819) 357-2657
Keen,Ranald,Chugay,1984/09/25,Peru,,+51 (730) 402-1836
Terrence,Reoch,Mazhu,1954/03/12,China,treoch77@liveinternet.ru,+86 (978) 500-7509
Kirstin,Mancer,Nine,1986/04/01,Portugal,kmancer78@ucsd.edu,+351 (629) 798-4214
Velma,Janisson,Tchoban Bey,1953/02/08,Syria,vjanisson79@gizmodo.com,+963 (766) 136-6829
Larisa,Windram,,,,,
Lucia,Potier,Bukui,1971/12/31,China,,+86 (885) 847-6360
Barris,Demageard,Sepolong Timur,1957/06/21,Indonesia,bdemageard7c@over-blog.com,+62 (585) 722-0952
Fifi,Pygott,Sabugo,1988/08/29,Portugal,fpygott7d@tinypic.com,+351 (499) 215-6040
Pauletta,Brobeck,,,,pbrobeck7e@fc2.com,
Rozalin,Medling,Landázuri,1987/05/29,Colombia,rmedling7f@seattletimes.com,+57 (558) 884-4141
Josi,MacIlory,,,,jmacilory7g@hostgator.com,
Gaven,Suett,Musan-ŭp,1998/01/04,North Korea,gsuett7h@ucsd.edu,+850 (395) 587-5826
Ernestus,Ossipenko,Tunjuk Selatan,1966/03/16,Indonesia,eossipenko7i@linkedin.com,+62 (759) 796-1814
Zebulon,Jiracek,Lianghe,1964/11/09,China,zjiracek7j@nps.gov,+86 (690) 899-9098
Vittorio,Wellfare,Candelaria,1997/02/27,Colombia,,+57 (341) 343-5362
Thomasa,Craigheid,Dahedian,1966/05/30,China,tcraigheid7l@bing.com,+86 (662) 283-0837
Owen,Dilworth,Puqian,1974/11/03,China,odilworth7m@google.com.hk,+86 (457) 419-1503
Merrill,Forte,Dassa-Zoumé,1995/09/13,Benin,mforte7n@oracle.com,+229 (540) 639-9165
Josi,McNerlin,Xinpo,1995/10/19,China,jmcnerlin7o@joomla.org,+86 (654) 124-2689
Niven,Janak,Hiseti,1981/12/22,Bosnia and Herzegovina,njanak7p@indiatimes.com,+387 (993) 990-2265
Garvy,Volker,Fargo,1993/03/17,United States,gvolker7q@wiley.com,+1 (701) 721-4588
Ashby,Morsley,Panghadangan,1959/12/11,Indonesia,amorsley7r@google.ru,+62 (806) 541-4634
Dinah,Bocke,Marseille,1981/09/17,France,dbocke7s@sourceforge.net,+33 (216) 195-5385
Eileen,Kensit,Dzerzhinsk,1959/01/27,Russia,ekensit7t@posterous.com,+7 (372) 195-2940
Godard,Derdes,Ergong,1984/04/03,China,gderdes7u@skype.com,+86 (140) 995-5892
Haze,Exelby,Usatove,1958/10/06,Ukraine,hexelby7v@time.com,+380 (864) 506-8248
Remus,McGavigan,Ivry-sur-Seine,1969/10/13,France,rmcgavigan7w@statcounter.com,+33 (703) 915-4466
Tobiah,Longhorne,Wichita,1989/06/22,United States,tlonghorne7x@seattletimes.com,+1 (316) 296-0391
Massimiliano,Van der Brug,Las Flores,1958/12/16,Mexico,,+52 (447) 599-3810
Fayina,Holttom,Wenceslao Escalante,1992/10/23,Argentina,fholttom7z@networksolutions.com,+54 (515) 260-0040
Vonny,Coope,Catbalogan,1980/03/21,Philippines,vcoope80@live.com,+63 (443) 464-4612
Odelle,Vila,Willemstad,1967/06/30,Curacao,ovila81@joomla.org,+599 (881) 959-9334
Boycey,Marishenko,København,1974/11/27,Denmark,bmarishenko82@umich.edu,+45 (192) 365-8487
Renae,Bucksey,Barrancas,1969/06/03,Venezuela,rbucksey83@i2i.jp,+58 (405) 811-6797
Ermengarde,Dowty,Barrunchal,1961/01/17,Portugal,edowty84@odnoklassniki.ru,+351 (476) 458-0120
Felecia,Henzley,Meiyuan,1983/03/18,China,fhenzley85@senate.gov,+86 (133) 756-6079
Belicia,Delgua,Condado,1967/11/19,Brazil,bdelgua86@google.co.jp,+55 (125) 723-0044
Harlin,Hartell,Chengzi,1996/10/19,China,hhartell87@si.edu,+86 (626) 395-0654
Elbertine,Turrell,Ulapes,1965/09/10,Argentina,eturrell88@example.com,+54 (273) 425-3479
Hagan,Slograve,Saint-Quentin-en-Yvelines,1984/04/29,France,hslograve89@bigcartel.com,+33 (222) 654-9060
Lowell,McOrkill,Longjie,1975/10/08,China,,+86 (524) 160-3143
Zeke,Fowls,Badean,1968/01/21,Indonesia,zfowls8b@opensource.org,+62 (979) 530-9650
Virge,Fowlston,Silihe,1972/10/13,China,vfowlston8c@zdnet.com,+86 (322) 140-0336
Carter,Lorroway,Moville,1975/04/07,Ireland,clorroway8d@thetimes.co.uk,+353 (700) 346-9379
Levey,Worpole,Głogówek,1976/03/16,Poland,lworpole8e@nsw.gov.au,+48 (362) 475-2476
Krishnah,Tewkesbury,Amahusu,1978/08/26,Indonesia,ktewkesbury8f@walmart.com,+62 (310) 256-5073
Joann,Chattelaine,San Jose,1973/12/13,Philippines,jchattelaine8g@state.gov,+63 (689) 173-6217
Tremain,Pabelik,Mingora,1980/09/15,Pakistan,tpabelik8h@ucla.edu,+92 (674) 172-1214
Edie,Shackleford,Greytown,1973/02/06,South Africa,eshackleford8i@webmd.com,+27 (316) 759-0181
Mandy,Belmont,Buenos Aires,1993/04/09,Mexico,mbelmont8j@vk.com,+52 (242) 300-3008
Andrew,Sellick,Cali,1958/04/18,Colombia,asellick8k@ehow.com,+57 (844) 447-1584
Rodolfo,Genney,Tepal,1995/02/04,Indonesia,,+62 (783) 519-8175
Ferdy,Minchin,Uddevalla,1967/03/19,Sweden,fminchin8m@nps.gov,+46 (892) 967-5650
Godfree,Jerome,Narsaq,1968/04/02,Greenland,gjerome8n@businessinsider.com,+299 (364) 720-4312
Claudelle,Vasilyonok,Balidian,1955/12/25,China,cvasilyonok8o@bluehost.com,+86 (576) 335-8504
Loralie,Kinnoch,Xiong’erzhai,1960/06/29,China,lkinnoch8p@shutterfly.com,+86 (476) 562-3877
Albrecht,Backhouse,,,,abackhouse8q@youtu.be,
Mace,Timperley,Dingdian,1972/05/01,China,mtimperley8r@hatena.ne.jp,+86 (886) 298-2567
Mort,Carayol,Qingshuitang,1988/06/13,China,mcarayol8s@mapy.cz,+86 (680) 923-3863
Brittney,Rocks,Chapultepec,1963/05/28,Mexico,brocks8t@bluehost.com,+52 (262) 807-9076
Hunfredo,Peddie,Shuangqiao,1979/12/18,China,hpeddie8u@indiatimes.com,+86 (111) 897-4049
Caril,Hagley,Las Flores,1994/06/23,Mexico,chagley8v@yale.edu,+52 (293) 598-8384
Layton,Ulrik,Prażmów,1993/01/28,Poland,lulrik8w@icio.us,+48 (350) 204-8465
Valida,Fahy,Olyshivka,1998/09/05,Ukraine,vfahy8x@disqus.com,+380 (426) 648-0223
Selestina,Doust,,,,sdoust8y@wsj.com,
Emerson,Borgnet,Puerto Francisco de Orellana,1976/07/22,Ecuador,eborgnet8z@nifty.com,+593 (454) 968-7737
Dre,Lempenny,Sukamaju,1992/03/15,Indonesia,,+62 (160) 690-5517
Tracy,O'Cassidy,Marília,1969/06/15,Brazil,tocassidy91@privacy.gov.au,+55 (904) 541-4922
Turner,Roles,Luozhou,1961/03/09,China,troles92@ed.gov,+86 (648) 494-1612
Farly,Drillingcourt,Simpang Ulim,1967/06/07,Indonesia,fdrillingcourt93@globo.com,+62 (756) 229-7701
Tonya,Knath,Colesberg,1986/08/07,South Africa,,+27 (346) 413-6888
Lelah,Grimsell,Pasinan Barat,1955/04/18,Indonesia,lgrimsell95@drupal.org,+62 (881) 806-8341
Tyne,Maton,Nowe Miasto,1994/11/02,Poland,tmaton96@spotify.com,+48 (435) 123-7887
Bartholomeus,Staddom,Cicayur,1968/06/04,Indonesia,bstaddom97@trellian.com,+62 (310) 244-1735
Cindee,Tomaszynski,Cajabamba,1992/12/10,Peru,ctomaszynski98@xrea.com,+51 (581) 772-8973
Kimmy,Davitt,Rešetari,1988/09/03,Croatia,kdavitt99@timesonline.co.uk,+385 (553) 588-4774
Horton,Southard,Patea,1980/08/11,New Zealand,hsouthard9a@comcast.net,+64 (621) 252-9619
Walker,Barmadier,Muhos,1995/07/31,Finland,,+358 (311) 281-6159
Corrine,Carlet,Phoenix,1954/05/18,United States,ccarlet9c@nyu.edu,+1 (602) 959-7223
Ryley,Klosterman,Ribeirão das Neves,1995/09/16,Brazil,rklosterman9d@discuz.net,+55 (643) 670-9647
Dorolice,Vescovini,Baton Rouge,1989/01/30,United States,dvescovini9e@globo.com,+1 (225) 934-5624
Cecile,Randleson,Żoliborz,1995/09/26,Poland,crandleson9f@dion.ne.jp,+48 (861) 720-3643
Aubrie,Doogue,Yanqul,1963/05/09,Oman,adoogue9g@digg.com,+968 (250) 206-6905
Agneta,Strotone,Caridad,1977/03/10,Philippines,astrotone9h@blinklist.com,+63 (996) 763-7899
Kaine,McLernon,Mitrofanovka,1958/04/12,Russia,,+7 (643) 185-0256
Andre,Ferrini,Kurchatov,1997/07/29,Russia,aferrini9j@oaic.gov.au,+7 (458) 883-5182
Tadd,O'Kynsillaghe,Hudong,1963/02/12,China,tokynsillaghe9k@ihg.com,+86 (459) 166-4253
Bethena,Searby,Lepoglava,1952/09/12,Croatia,bsearby9l@clickbank.net,+385 (763) 383-3424
Janelle,Macy,Slobozia,1963/07/20,Moldova,jmacy9m@ihg.com,+373 (334) 731-1801
Lois,Wetherick,Renhe,1983/02/09,China,,+86 (372) 797-2113
Juana,Griffith,Karak City,1961/11/07,Jordan,jgriffith9o@nyu.edu,+962 (607) 815-8145
Harper,Upstell,Tongkiling,1958/03/25,Indonesia,hupstell9p@multiply.com,+62 (856) 354-4635
Horatia,Phillp,Bambari,1959/01/09,Central African Republic,hphillp9q@blinklist.com,+236 (259) 980-1982
Axe,Excell,Korostyshiv,1986/10/31,Ukraine,aexcell9r@domainmarket.com,+380 (630) 471-5421
Thorndike,Haslock(e),Tuzhai,1989/06/13,China,thaslocke9s@nasa.gov,+86 (490) 545-7378
Allyn,Mordanti,Bartica,1974/08/13,Guyana,amordanti9t@discuz.net,+592 (152) 571-7400
Lucky,Fouracre,,,,lfouracre9u@va.gov,
Salome,Gimblett,Wydminy,1964/03/14,Poland,sgimblett9v@dropbox.com,+48 (600) 502-0110
Teresina,Walrond,Mirebalais,1998/01/15,Haiti,twalrond9w@nature.com,+509 (534) 269-9766
Nata,Simmill,Xiongbei,1972/01/24,China,nsimmill9x@prlog.org,+86 (711) 541-8117
Maurice,Sibbe,Harembo,1990/08/20,Comoros,msibbe9y@china.com.cn,+269 (789) 167-7258
Cecelia,Bohlsen,Kotkot,1996/11/02,Philippines,cbohlsen9z@biblegateway.com,+63 (256) 621-6689
Anthia,Barth,Debrecen,1955/12/26,Hungary,abartha0@hexun.com,+36 (917) 817-0022
Ketti,Copello,Cibitung,1996/07/25,Indonesia,kcopelloa1@nytimes.com,+62 (150) 142-8786
Theodoric,Niave,Phonphisai,1967/01/29,Thailand,tniavea2@nationalgeographic.com,+66 (704) 702-8088
Andy,Toopin,Zlataritsa,1965/04/02,Bulgaria,,+359 (937) 465-3901
Kira,Gogay,Bafilo,1971/03/08,Togo,kgogaya4@myspace.com,+228 (567) 353-4357
Con,Goadsby,Ciduren,1952/03/26,Indonesia,cgoadsbya5@cdc.gov,+62 (494) 674-6807
Berny,O'Mailey,Mertzig,1995/07/11,Luxembourg,bomaileya6@dropbox.com,+352 (583) 233-0028
Odell,Rummin,Wingham,1986/11/04,Canada,,+1 (212) 179-5025
Kristi,Goldsbury,Rodatychi,1952/05/20,Ukraine,kgoldsburya8@devhub.com,+380 (514) 864-2651
Chane,Paddell,Kafr Baţnā,1960/05/31,Syria,cpaddella9@walmart.com,+963 (609) 533-5707
Perry,Radford,Jiubao,1999/05/30,China,pradfordaa@mapquest.com,+86 (357) 631-0996
Enid,Scotfurth,Guanghai,1968/03/06,China,,+86 (978) 114-3054
Dewey,Stiling,Mananara,1989/01/10,Madagascar,dstilingac@is.gd,+261 (504) 174-8721
Theresita,Shear,Taivalkoski,1968/09/05,Finland,tshearad@pen.io,+358 (142) 159-2265
Uri,Lack,Josefina,1970/06/05,Philippines,ulackae@angelfire.com,+63 (894) 330-7498
Alica,Ffrench,Bayt Līd,1973/10/28,Palestinian Territory,affrenchaf@wired.com,+970 (595) 594-4606
Daryl,Dagger,,,,ddaggerag@sogou.com,
Stillman,Fennelly,Tulaghi,1980/02/28,Solomon Islands,sfennellyah@tuttocitta.it,+677 (823) 789-1559
Leonie,Barthelmes,Qingquan,1984/03/01,China,lbarthelmesai@discuz.net,+86 (417) 176-4556
Jennine,Addey,Atimonan,1979/02/20,Philippines,jaddeyaj@answers.com,+63 (897) 599-5642
Jerry,Whatford,Inari,1995/07/16,Finland,jwhatfordak@bbc.co.uk,+358 (317) 936-1552
Goddart,Lamprey,Issa,1960/08/26,Russia,glampreyal@mysql.com,+7 (743) 396-3093
Mahmud,McDugal,,,,mmcdugalam@sina.com.cn,
Jourdain,Chaytor,Wuxihe,1980/09/08,China,,+86 (164) 144-1826
Cord,Coulbeck,Velyka Mykhaylivka,1970/08/26,Ukraine,ccoulbeckao@typepad.com,+380 (192) 613-4477
Hasheem,Clemson,Panineungan,1984/07/06,Indonesia,hclemsonap@purevolume.com,+62 (678) 582-8849
Ursula,Casham,Taoyang,1991/06/16,China,ucashamaq@networksolutions.com,+86 (773) 101-6750
Gerry,Gritten,Xinkaikou,1998/08/26,China,,+86 (298) 378-5599
Marcelline,Hogsden,Nor Gyugh,1984/01/08,Armenia,mhogsdenas@unicef.org,+374 (845) 770-7046
Adolf,Dmytryk,Bahorí,1955/11/22,Tajikistan,admytrykat@opera.com,+992 (498) 858-3253
Gwenette,Dalgardno,Dongxi,1954/05/14,China,gdalgardnoau@auda.org.au,+86 (890) 557-5396
Guthry,Dafforne,Huaqiu,1989/04/01,China,gdafforneav@walmart.com,+86 (264) 959-5907
Jaclyn,Riddel,,,,jriddelaw@baidu.com,
Aluin,Fudge,,,,,
Finley,Stamps,Montigny-lès-Metz,1974/02/17,France,fstampsay@youtu.be,+33 (868) 405-3315
Elga,Vasilov,Xiamao,1971/08/17,China,,+86 (534) 860-6710
Pebrook,Salzburger,Laventure,1993/01/11,Mauritius,psalzburgerb0@sciencedirect.com,+230 (793) 531-5127
Lambert,Matiewe,Pasirdalem,1956/12/23,Indonesia,lmatieweb1@rakuten.co.jp,+62 (182) 266-0156
Ruby,Lemonby,Ursynów,1994/02/14,Poland,rlemonbyb2@hao123.com,+48 (662) 399-1048
Alfred,Bene,Sukadami,1985/06/19,Indonesia,abeneb3@wordpress.com,+62 (235) 194-5266
Nat,Checcuzzi,Blaye,1975/09/17,France,ncheccuzzib4@feedburner.com,+33 (726) 800-4252
Denny,Drewell,Glamang,1957/02/13,Philippines,ddrewellb5@msn.com,+63 (300) 910-6189
Agnola,Glowacki,Ust’-Labinsk,1983/10/10,Russia,aglowackib6@apple.com,+7 (843) 668-5196
Hew,Rawnsley,Tobilolong,1999/08/23,Indonesia,hrawnsleyb7@twitpic.com,+62 (207) 741-3384
Alane,Trappe,Santa Rita do Passa Quatro,1997/05/12,Brazil,atrappeb8@si.edu,+55 (998) 427-7498
Augusto,Deans,Apiaí,1970/10/06,Brazil,,+55 (927) 570-0265
Selia,Vasilov,Skuhrov nad Bělou,1959/09/14,Czech Republic,svasilovba@pinterest.com,+420 (645) 325-7385
Gretna,Staneland,Takahama,1987/03/09,Japan,gstanelandbb@discovery.com,+81 (139) 561-4839
Elora,Davitti,Op,1991/02/15,Indonesia,edavittibc@cnn.com,+62 (239) 458-8565
Isaak,Sancroft,Jingzhuang,1999/02/18,China,isancroftbd@jigsy.com,+86 (575) 602-4752
Tim,Shildrake,San Antonio,1950/03/23,Peru,tshildrakebe@prlog.org,+51 (153) 834-2452
Aubree,Hambrook,Saint-Quentin-en-Yvelines,1987/11/30,France,ahambrookbf@senate.gov,+33 (978) 292-2903
Dallas,Bowlas,Hinthada,1995/02/21,Myanmar,,+95 (673) 803-1998
Winne,MacCallion,Chaihu,1992/03/30,China,,+86 (205) 441-2732
Amalee,Dane,Cipasung,1977/10/17,Indonesia,adanebi@admin.ch,+62 (699) 525-2163
Rory,Caccavale,Pisz,1993/09/15,Poland,rcaccavalebj@woothemes.com,+48 (557) 849-1236
Denny,Yerbury,Liushikou,1958/08/04,China,dyerburybk@vk.com,+86 (963) 782-6811
Karylin,Buntin,Stąporków,1975/11/03,Poland,kbuntinbl@google.com.au,+48 (922) 634-6099
Aimee,Latek,Propriá,1969/03/20,Brazil,alatekbm@hp.com,+55 (949) 279-0332
Charles,Fradgley,Zhen’an,1967/01/25,China,cfradgleybn@hp.com,+86 (456) 879-4464
Lazarus,Boarder,Sipoholon,1979/12/02,Indonesia,lboarderbo@fda.gov,+62 (970) 928-2425
Daryle,Peasegood,Taguisa,1984/08/12,Philippines,dpeasegoodbp@google.fr,+63 (425) 646-6899
Lee,Kliemchen,Cassilândia,1986/10/18,Brazil,lkliemchenbq@newsvine.com,+55 (952) 774-3615
Nappy,Basterfield,Pameungpeuk,1986/07/16,Indonesia,nbasterfieldbr@army.mil,+62 (875) 658-0659
Sacha,Senner,Ketian,1963/07/10,China,ssennerbs@simplemachines.org,+86 (902) 605-8641
Christalle,Girauld,Syzran’,1968/07/11,Russia,cgirauldbt@csmonitor.com,+7 (961) 873-8553
Carolus,Karlsen,La Falda,1955/06/24,Argentina,ckarlsenbu@columbia.edu,+54 (500) 947-7760
Lars,Jakubczyk,Tottori,1984/03/02,Japan,ljakubczykbv@hugedomains.com,+81 (799) 384-0147
Kally,Sargerson,Minneapolis,1986/05/22,United States,ksargersonbw@abc.net.au,+1 (763) 422-4946
Baxy,Snawdon,Sydney,1985/06/24,Australia,,+61 (729) 108-8452
Derwin,Paulus,Tayāsīr,1992/07/10,Palestinian Territory,dpaulusby@mayoclinic.com,+970 (669) 536-2166
Joseito,Heyns,Hinapalanan,1984/09/13,Philippines,,+63 (160) 442-2384
Penn,Lawty,Fengxizhai,1950/05/21,China,plawtyc0@sciencedirect.com,+86 (105) 318-8426
Trula,Spurgin,Iwade,1988/11/11,Japan,tspurginc1@blinklist.com,+81 (652) 619-8284
Cassandry,Abbess,San Pedro de Atacama,1951/05/01,Chile,cabbessc2@admin.ch,+56 (721) 277-4428
Harri,Clew,Huangjindong,1986/03/29,China,hclewc3@ca.gov,+86 (468) 463-9681
Lexis,Tookey,Divjakë,1955/08/14,Albania,ltookeyc4@ow.ly,+355 (858) 524-3822
Izak,Byllam,Berlin,1950/10/28,Germany,ibyllamc5@yellowbook.com,+49 (389) 996-6837
Dotty,Wildash,Zhonggongmiao,1967/07/23,China,dwildashc6@digg.com,+86 (426) 375-0540
Flint,Coopland,Xuanhuadian,1957/06/20,China,fcooplandc7@live.com,+86 (569) 560-4349
Drusi,Hitzke,Fuxi,1950/09/12,China,dhitzkec8@sohu.com,+86 (993) 888-8475
Gabriel,Placidi,Uppsala,1981/02/22,Sweden,gplacidic9@go.com,+46 (498) 748-0605
Sean,Klugman,Tongli,1988/11/03,China,sklugmanca@uiuc.edu,+86 (364) 775-4172
Samantha,Gerleit,Al Hadā,1987/10/22,Saudi Arabia,sgerleitcb@trellian.com,+966 (313) 139-8194
Damita,Klainer,Berat,1957/04/03,Albania,dklainercc@jugem.jp,+355 (420) 125-1497
Itch,Doddrell,Amolatar,1967/07/07,Uganda,idoddrellcd@myspace.com,+256 (963) 359-9317
Boothe,Braniff,,,,bbraniffce@blogger.com,
Blondy,Bigley,Eséka,1972/05/19,Cameroon,,+237 (705) 116-0400
Aldwin,Christley,Ouagadougou,1975/10/07,Burkina Faso,achristleycg@washingtonpost.com,+226 (587) 614-7669
Brnaba,Salmoni,Labuhansumbawa,1965/02/01,Indonesia,bsalmonich@mtv.com,+62 (868) 482-4889
Fredericka,Noone,Kibara,1966/03/22,Tanzania,fnooneci@google.com.hk,+255 (525) 879-1679
Seka,Yepiskopov,Tanbu,1974/02/02,China,,+86 (477) 322-2255
Chanda,Kures,Kuala Terengganu,1993/06/27,Malaysia,ckuresck@fc2.com,+60 (944) 377-2102
Jenny,Braunlein,Xinghe Chengguanzhen,1950/10/27,China,jbraunleincl@guardian.co.uk,+86 (654) 862-0679
Vanya,Wavell,Mogwase,1963/03/30,South Africa,vwavellcm@noaa.gov,+27 (406) 423-9395
Melissa,Charnock,Changyuan,1959/10/24,China,mcharnockcn@stumbleupon.com,+86 (653) 498-2563
Wallie,Limpertz,Nuevitas,1981/09/27,Cuba,wlimpertzco@dmoz.org,+53 (880) 521-7096
Reggi,Golding,Wenquan,1994/06/13,China,rgoldingcp@webnode.com,+86 (300) 984-1628
Tedra,Janowicz,Victoria,1955/12/14,Philippines,,+63 (859) 668-3161
Raimondo,Gages,Kazanlŭk,1986/04/06,Bulgaria,rgagescr@house.gov,+359 (553) 187-6720
Winny,Cackett,Dinalongan,1953/06/01,Philippines,wcackettcs@dagondesign.com,+63 (890) 305-8085
Gregoor,Harverson,Nowy Duninów,1970/10/16,Poland,gharversonct@timesonline.co.uk,+48 (940) 265-2795
Tony,Berntsson,El Rosario,1998/09/06,El Salvador,tberntssoncu@upenn.edu,+503 (423) 996-8951
Pris,Bryceson,Liuzikou,1952/01/14,China,pbrycesoncv@opera.com,+86 (311) 133-5409
Tootsie,Bardnam,Đạ Tẻh,1956/11/08,Vietnam,,+84 (740) 456-6595
Adah,Kneal,Keti Bandar,1983/08/08,Pakistan,aknealcx@ca.gov,+92 (729) 863-6398
Jerrine,Fansy,Soio,1979/05/01,Angola,jfansycy@google.nl,+244 (546) 189-6854
Tierney,Eckersall,Novhorodka,1985/09/26,Ukraine,teckersallcz@mapquest.com,+380 (145) 950-8079
Darnall,Valerius,Kuncen,1959/11/29,Indonesia,dvaleriusd0@cnn.com,+62 (365) 944-0501
Alexandro,Hayle,Pulilan,1970/07/02,Philippines,ahayled1@ovh.net,+63 (632) 481-9452
Ruggiero,Brunnen,Druzhny,1953/05/07,Belarus,rbrunnend2@1und1.de,+375 (551) 296-2194
Ezra,Bailes,Stąporków,1961/07/10,Poland,ebailesd3@liveinternet.ru,+48 (661) 940-7169
Aksel,Sive,,,,,
Amy,Hardi,Rauma,1992/09/28,Finland,ahardid5@ucsd.edu,+358 (480) 848-8300
Rainer,Pedlow,Briceni,1976/12/21,Moldova,,+373 (376) 988-6615
Norma,Bawme,Libice nad Cidlinou,1977/02/16,Czech Republic,nbawmed7@google.com.br,+420 (711) 742-3860
Opaline,Ree,Radlje ob Dravi,1969/04/13,Slovenia,oreed8@japanpost.jp,+386 (810) 453-2738
Sibilla,Gouldstone,,,,sgouldstoned9@cbsnews.com,
Lyndel,Garshore,Tekeli,1990/08/18,Kazakhstan,lgarshoreda@spiegel.de,+7 (401) 752-8333
Theo,Gowthorpe,Jequitinhonha,1976/01/12,Brazil,,+55 (608) 340-8283
Midge,Dunguy,Corail,1970/12/09,Haiti,mdunguydc@w3.org,+509 (100) 315-7378
Mellisa,Gerault,Qal‘eh-ye Khvājeh,1971/07/05,Iran,mgeraultdd@businessweek.com,+98 (293) 557-6709
Betteanne,Corona,Palaióchora,1969/03/19,Greece,bcoronade@dot.gov,+30 (612) 587-7594
Krystal,Briat,Annapolis,1976/06/08,United States,kbriatdf@unicef.org,+1 (443) 220-9701
Franny,Muselli,Seteluk Tengah,1957/08/11,Indonesia,fmusellidg@mysql.com,+62 (297) 447-9765
Gaye,See,Brasília de Minas,1961/10/13,Brazil,gseedh@wordpress.com,+55 (743) 796-8287
Mariette,Kneeland,Ōmuta,1953/06/01,Japan,mkneelanddi@japanpost.jp,+81 (835) 446-7865
Pammi,Duguid,Kalisangkrah Lor,1982/09/12,Indonesia,,+62 (656) 829-5013
Nike,Begbie,Suponevo,1969/10/07,Russia,nbegbiedk@dyndns.org,+7 (923) 244-6780
Electra,Shorbrook,Toliara,1953/07/10,Madagascar,eshorbrookdl@spotify.com,+261 (293) 909-5675
Hernando,Dreini,Baturinggit Kaja,1998/04/23,Indonesia,hdreinidm@state.tx.us,+62 (574) 394-4203
Donelle,Semered,Yunxian Chengguanzhen,1996/03/27,China,dsemereddn@google.co.uk,+86 (427) 781-5326
Westley,Minerdo,Qiangqinxue,1952/10/08,China,wminerdodo@weibo.com,+86 (725) 678-2821
Suzi,Aukland,Echarate,1994/03/09,Peru,sauklanddp@a8.net,+51 (858) 166-0292
Patricia,Tawton,Agdangan,1996/03/31,Philippines,ptawtondq@wiley.com,+63 (944) 383-2084
Ibby,Veart,Nyurba,1974/07/20,Russia,iveartdr@amazon.co.uk,+7 (271) 415-8905
Sawyere,Breward,København,1976/06/16,Denmark,sbrewardds@wired.com,+45 (551) 265-3461
Kaye,Vowells,Duczki,1961/11/14,Poland,,+48 (968) 322-4665
Monika,Blakely,Daqiao,1951/01/02,China,mblakelydu@seesaa.net,+86 (931) 472-5108
Rozele,Hartshorn,Shayuan,1977/12/27,China,rhartshorndv@npr.org,+86 (416) 792-0192
Kristal,Howsley,,,,khowsleydw@nih.gov,
Shaina,Swaite,Kiyawa,1996/04/29,Nigeria,sswaitedx@live.com,+234 (163) 328-5668
Anabel,Umbert,Kislovodsk,1996/09/18,Russia,aumbertdy@t-online.de,+7 (346) 682-4346
Meryl,Boays,Złota,1956/09/15,Poland,mboaysdz@pinterest.com,+48 (298) 256-3565
Parrnell,Lesslie,La Floresta,1981/03/18,Uruguay,plessliee0@apple.com,+598 (440) 932-5014
Gregoire,Gawith,Petani,1954/02/15,Indonesia,ggawithe1@usnews.com,+62 (193) 994-7127
Gloriane,Hauch,,,,,
Alana,Kettley,Xindu,1954/02/25,China,akettleye3@hud.gov,+86 (193) 119-7732
Cam,Sackur,Catriló,1990/06/08,Argentina,,+54 (226) 481-3112
Marlie,McCafferky,Roanne,1991/07/09,France,mmccafferkye5@ftc.gov,+33 (974) 337-7725
Dasya,Rowlands,Cibunut,1990/06/02,Indonesia,drowlandse6@wisc.edu,+62 (111) 434-0882
Rosalind,Isselee,Lipno,1974/10/05,Poland,risseleee7@cnbc.com,+48 (857) 838-1961
Bowie,Franzonello,,,,bfranzonelloe8@imdb.com,
Henrieta,Jantet,Palmasola,1987/01/21,Venezuela,hjantete9@amazon.com,+58 (474) 835-8555
Marcelo,Jepperson,Dongchong,1963/06/26,China,mjeppersonea@icio.us,+86 (583) 844-8508
Fan,Blasetti,Ylöjärvi,1997/01/06,Finland,fblasettieb@bandcamp.com,+358 (832) 721-5891
Elvis,McDoual,Munkedal,1992/01/22,Sweden,emcdoualec@desdev.cn,+46 (460) 742-2546
Wandie,Troughton,Nonsan,1981/05/22,South Korea,wtroughtoned@barnesandnoble.com,+82 (356) 258-2421
Roanne,Hizir,Yutsa,1986/07/18,Russia,rhiziree@engadget.com,+7 (335) 175-7069
Cinderella,Dohmer,San,1991/05/24,Mali,,+223 (835) 267-3083
Thatch,Toppas,Vale das Mós,1976/12/21,Portugal,,+351 (868) 707-9717
Darci,McIlvaney,Taiyuan,1964/02/19,China,dmcilvaneyeh@tinyurl.com,+86 (377) 155-8757
Dionysus,Phelp,Chishan,1959/04/13,China,dphelpei@istockphoto.com,+86 (276) 769-4373
Elsy,Highnam,Astara,1997/11/07,Azerbaijan,ehighnamej@1688.com,+994 (266) 151-3076
Matty,Neesam,Ichupampa,1961/12/15,Peru,mneesamek@apache.org,+51 (337) 937-3514
Nanny,Innwood,Salwá,1960/06/06,Kuwait,ninnwoodel@pinterest.com,+965 (739) 268-8860
Egon,Lawdham,Huaxian,1964/07/28,China,elawdhamem@cornell.edu,+86 (780) 241-0637
Karl,Aven,Olenegorsk,1977/10/08,Russia,kavenen@topsy.com,+7 (156) 872-1155
Billye,Thorndycraft,Staryy Krym,1975/08/27,Ukraine,bthorndycrafteo@forbes.com,+380 (828) 349-5243
Henka,Bennike,Cachoeira,1958/04/05,Brazil,hbennikeep@google.nl,+55 (801) 454-9903
Gerrie,Anniwell,Xiaojian,1978/01/20,China,ganniwelleq@chronoengine.com,+86 (766) 905-8034
Sutton,Alliker,Pocito,1968/02/11,Argentina,sallikerer@bizjournals.com,+54 (147) 366-8528
Millicent,Meddings,Chiguayante,1992/07/26,Chile,mmeddingses@fda.gov,+56 (493) 362-2685
Homere,Kellard,,,,,
Rennie,Farmer,Anhua Daying,1951/11/07,China,rfarmereu@huffingtonpost.com,+86 (843) 145-2865
Edsel,Headan,,,,eheadanev@paginegialle.it,
Jaquelin,Cristofanini,San Pascual,1966/12/11,Philippines,jcristofaniniew@zimbio.com,+63 (205) 431-9686
Tiffany,Baddiley,Tibro,1961/05/13,Sweden,tbaddileyex@indiatimes.com,+46 (557) 938-3525
Camellia,Emerine,Lunsar,1960/09/03,Sierra Leone,cemerineey@cam.ac.uk,+232 (672) 569-8924
Tiphanie,Harwin,Santo António da Charneca,1991/03/01,Portugal,tharwinez@fc2.com,+351 (762) 816-0662
Karlie,Mountstephen,Dromiskin,1967/12/10,Ireland,kmountstephenf0@hibu.com,+353 (581) 445-6599
Sloan,Ducham,Nandong,1978/09/01,China,sduchamf1@thetimes.co.uk,+86 (903) 601-2678
Marina,Kroll,Karanyowka,1994/05/24,Belarus,mkrollf2@irs.gov,+375 (108) 462-7550
Trever,Neubigging,Kapsan-ŭp,1998/02/16,North Korea,tneubiggingf3@nhs.uk,+850 (799) 561-2353
Bart,See,Ebu,1991/08/07,China,bseef4@go.com,+86 (897) 393-8723
Garfield,Chittie,Accha,1979/12/09,Peru,gchittief5@mit.edu,+51 (790) 731-4591
Morena,Scobie,Bečej,1998/07/09,Serbia,mscobief6@nps.gov,+381 (695) 976-1284
Banky,McUre,‘Amd,1989/03/21,Yemen,bmcuref7@usgs.gov,+967 (473) 500-2404
Waite,Boynes,Piedrancha,1999/07/22,Colombia,wboynesf8@issuu.com,+57 (613) 441-6502
Niki,Bearward,Jiaoqi,1968/08/24,China,nbearwardf9@oracle.com,+86 (672) 266-9698
Bard,China,Betafo,1977/11/07,Madagascar,,+261 (506) 665-4746
Melisenda,Satterthwaite,San José de Barlovento,1963/11/29,Venezuela,msatterthwaitefb@si.edu,+58 (264) 386-9464
Benjamin,Vell,Yuncao,1982/07/09,China,,+86 (657) 786-1161
Dana,Tathacott,Tiniguiban,1982/06/03,Philippines,dtathacottfd@myspace.com,+63 (739) 778-8783
Keir,Waryk,Kuruman,1967/06/29,South Africa,kwarykfe@ibm.com,+27 (641) 622-5334
Hamnet,Strut,Sangongqiao,1977/04/18,China,hstrutff@infoseek.co.jp,+86 (823) 357-7140
Shelby,Sonley,Waipare,1957/09/30,Indonesia,ssonleyfg@nymag.com,+62 (406) 128-4313
Catha,Smerdon,Promyshlennovskiy,1999/05/08,Russia,csmerdonfh@globo.com,+7 (801) 640-9800
Reina,Donwell,Uyen Hung,1955/11/23,Vietnam,rdonwellfi@theguardian.com,+84 (332) 973-0025
Sarah,Ikin,Alingsås,1986/05/24,Sweden,sikinfj@ebay.co.uk,+46 (354) 689-2731
Tove,Farnaby,Torino,1991/11/05,Italy,,+39 (211) 304-9711
Dunc,Ryall,Huasta,1973/12/17,Peru,dryallfl@xing.com,+51 (389) 529-3332
Devinne,Gapp,Puerto Boyacá,1998/12/11,Colombia,dgappfm@mac.com,+57 (420) 777-5543
Bambi,Danilchenko,Shuangqiao,1969/10/01,China,bdanilchenkofn@miibeian.gov.cn,+86 (764) 713-7457
Elinore,Colliar,Tampakan,1960/02/16,Philippines,ecolliarfo@telegraph.co.uk,+63 (439) 674-3420
Ileana,Hadgraft,Nezlobnaya,1967/11/05,Russia,ihadgraftfp@i2i.jp,+7 (486) 382-5959
Horatia,Alcorn,Taipingxi,1979/04/06,China,halcornfq@google.es,+86 (759) 148-2960
Clemence,Klarzynski,Gempol,1958/11/02,Indonesia,cklarzynskifr@virginia.edu,+62 (323) 241-4815
Bucky,Tuting,Ma’an,1975/02/17,China,btutingfs@samsung.com,+86 (196) 772-6601
Nady,Middleweek,Casal Galego,1966/01/02,Portugal,nmiddleweekft@dell.com,+351 (207) 990-6148
Horatia,Wynrehame,Winter Haven,1991/06/04,United States,hwynrehamefu@gnu.org,+1 (407) 458-2037
Dionisio,Brouncker,Bria,1989/06/22,Central African Republic,dbrounckerfv@ask.com,+236 (349) 402-9266
Ana,Basill,Henglin,1998/09/05,China,abasillfw@sun.com,+86 (720) 769-5214
Jamie,Simper,,,,jsimperfx@deliciousdays.com,
Rozele,Render,Aketi,1984/02/08,Democratic Republic of the Congo,rrenderfy@gnu.org,+242 (943) 381-9075
Nat,Orritt,,,,,
Trudi,Sarjent,Benito Juarez,1965/02/07,Mexico,tsarjentg0@exblog.jp,+52 (139) 125-3144
Farra,Drance,Ajoyani,1991/11/15,Peru,fdranceg1@xing.com,+51 (834) 903-7249
Angela,Obispo,Pô,1963/03/18,Burkina Faso,,+226 (467) 308-2555
Ky,Gammie,Hamburg,1996/01/31,Germany,kgammieg3@opera.com,+49 (498) 983-1985
Vivie,Mustchin,San,1984/07/01,Mali,vmustching4@businesswire.com,+223 (289) 742-5175
Colas,Jollands,Jajar,1982/11/27,Indonesia,cjollandsg5@dot.gov,+62 (682) 442-5456
Patricia,Haxby,Ngancar,1985/07/07,Indonesia,phaxbyg6@state.tx.us,+62 (464) 611-2939
Carmen,Lafay,Kebonagung,1959/05/07,Indonesia,clafayg7@toplist.cz,+62 (490) 836-2630
Corena,Warbys,Béoumi,1975/06/13,Ivory Coast,cwarbysg8@cornell.edu,+225 (978) 790-8318
Hyacinthia,Osbaldstone,Sampaio,1996/08/08,Portugal,hosbaldstoneg9@cmu.edu,+351 (895) 975-0604
Murial,Calderhead,Oelui,1966/04/30,Indonesia,mcalderheadga@blogspot.com,+62 (386) 958-6886
Linn,Giraux,Cabanbanan,1990/12/20,Philippines,lgirauxgb@mozilla.com,+63 (803) 238-0421
Cori,Van Hault,Sintansin,1962/04/03,South Korea,cvanhaultgc@bizjournals.com,+82 (309) 575-5688
Mitchael,Hinchcliffe,Aguaí,1971/08/22,Brazil,mhinchcliffegd@mayoclinic.com,+55 (714) 330-2676
Briano,Ives,Clermont-Ferrand,1989/03/22,France,,+33 (864) 165-6627
Gill,Windrum,Andramasina,1980/12/06,Madagascar,gwindrumgf@slate.com,+261 (203) 459-2916
Garreth,Gencke,Nyandoma,1970/03/14,Russia,ggenckegg@fc2.com,+7 (693) 306-3431
Verne,Martt,Ibung,1971/04/17,Philippines,vmarttgh@prnewswire.com,+63 (523) 182-2366
Ortensia,Wolvey,Huanggexi,1993/03/16,China,owolveygi@gizmodo.com,+86 (927) 938-7049
Carola,Seely,Amaigbo,1959/03/27,Nigeria,cseelygj@buzzfeed.com,+234 (452) 581-7043
Yelena,McCheyne,Canga’an,1984/11/28,Indonesia,ymccheynegk@alexa.com,+62 (142) 423-6072
Ollie,Balding,Bayan Hure,1956/01/04,China,obaldinggl@youku.com,+86 (647) 613-9949
Zita,Kidby,Nowshahr,1956/10/01,Iran,,+98 (137) 726-6105
Jaquelin,Crosier,Cachí,1951/11/30,Argentina,jcrosiergn@diigo.com,+54 (986) 690-6729
Marillin,Farrah,Slovenske Konjice,1955/03/01,Slovenia,mfarrahgo@umich.edu,+386 (603) 564-5144
Martyn,Stannislawski,Ouagadougou,1959/03/16,Burkina Faso,mstannislawskigp@statcounter.com,+226 (314) 979-0926
Heidi,Stigell,Saverne,1979/10/11,France,hstigellgq@parallels.com,+33 (188) 841-0970
Maxwell,Varfolomeev,Currais,1956/07/25,Portugal,mvarfolomeevgr@yellowbook.com,+351 (643) 128-4102
Edith,Girauld,Jialu,1967/10/28,China,egirauldgs@techcrunch.com,+86 (107) 992-5326
Uri,Antonellini,Lyubech,1962/05/28,Ukraine,uantonellinigt@illinois.edu,+380 (491) 496-3310
Dalia,Maffezzoli,San Luis,1993/07/18,Philippines,,+63 (206) 729-1330
Kellby,Willingham,Nanyang,1974/10/28,China,kwillinghamgv@jimdo.com,+86 (433) 233-9717
Zeb,Fairpo,San Marcos,1955/11/19,Peru,zfairpogw@businessinsider.com,+51 (873) 513-3596
Waring,Doran,Vrede,1966/05/12,South Africa,,+27 (184) 234-1118
Jecho,Gullan,Hollywood,1971/07/16,United States,,+1 (305) 507-0737
Emera,Cowx,Morangis,1961/08/14,France,ecowxgz@tripod.com,+33 (478) 864-4172
Rod,Cardoso,Tuymazy,1988/10/19,Russia,,+7 (428) 479-9608
Elwood,Ancliff,Quibdó,1961/09/10,Colombia,eancliffh1@edublogs.org,+57 (171) 545-7110
Onida,Pittway,El Triunfo de la Cruz,1968/05/17,Honduras,opittwayh2@multiply.com,+504 (661) 646-1246
Binnie,Mariel,Bergen,1999/09/27,Norway,bmarielh3@elegantthemes.com,+47 (533) 495-6288
Noah,Gorick,Isla Verde,1965/09/13,Argentina,ngorickh4@github.io,+54 (666) 521-2270
Isaak,Levens,Aghavnatun,1957/11/30,Armenia,ilevensh5@blinklist.com,+374 (767) 774-2893
Rene,Tristram,Manacsac,1981/08/13,Philippines,rtristramh6@imdb.com,+63 (945) 504-0740
Angele,Macguire,Yujiao,1986/02/08,China,amacguireh7@patch.com,+86 (794) 911-7242
Aurie,Woollacott,Olavarría,1963/06/29,Argentina,awoollacotth8@tripod.com,+54 (694) 928-5831
Constantia,Hakonsen,Étampes,1957/07/04,France,chakonsenh9@themeforest.net,+33 (239) 663-1748
Joyan,Withey,Pirané,1956/09/11,Argentina,jwitheyha@angelfire.com,+54 (343) 893-0642
Cloris,Hudson,,,,,
Renaud,Piatti,Bontang Baru,1997/01/30,Indonesia,rpiattihc@buzzfeed.com,+62 (666) 721-3232
Teador,Dooher,Stara Kornica,1958/03/31,Poland,tdooherhd@deviantart.com,+48 (907) 484-9366
Merilyn,Huyche,Yuncheng,1978/04/08,China,,+86 (150) 115-6401
Cornelia,Radnedge,Boconó,1959/07/11,Venezuela,cradnedgehf@moonfruit.com,+58 (298) 746-3885
Luke,Merrgen,Liulin,1992/08/30,China,lmerrgenhg@chicagotribune.com,+86 (810) 264-6046
Kattie,Goodisson,Songbai,1992/12/06,China,,+86 (136) 188-5178
Ricca,Jevon,Nova Iguaçu,1953/04/08,Brazil,rjevonhi@biglobe.ne.jp,+55 (995) 429-2977
Rosalind,Leadston,,,,,
Juieta,Shine,Lenakapa,1999/11/10,Indonesia,jshinehk@disqus.com,+62 (702) 772-1460
Casar,Platts,Tabuating,1996/10/25,Philippines,cplattshl@miitbeian.gov.cn,+63 (357) 303-8535
Ruth,Cotta,Baracoa,1955/07/04,Cuba,,+53 (555) 685-5450
Vin,O'Deegan,Comodoro Rivadavia,1987/06/08,Argentina,vodeeganhn@liveinternet.ru,+54 (233) 364-4241
Rianon,St Ange,Volnovakha,1952/06/29,Ukraine,rstangeho@about.me,+380 (130) 826-2210
Romonda,Newbegin,Accha,1964/06/04,Peru,,+51 (784) 361-3214
Franni,Mourgue,Saint-Jean-de-Braye,1980/09/26,France,fmourguehq@github.com,+33 (772) 775-3208
Krissie,Strothers,Aghada,1970/12/23,Ireland,kstrothershr@addtoany.com,+353 (300) 942-9017
Arlina,Ivatt,Goianésia,1998/10/02,Brazil,,+55 (786) 301-0496
Ladonna,St Ange,Saint-Laurent-Blangy,1964/02/18,France,lstangeht@com.com,+33 (518) 970-7457
Byram,Cruden,Dulangan,1992/08/20,Philippines,,+63 (481) 868-8068
Sibbie,Trappe,Xingnong,1976/09/01,China,strappehv@ca.gov,+86 (851) 238-6962
Craig,McNeill,Il’ya,1976/10/10,Belarus,cmcneillhw@msn.com,+375 (297) 114-3041
Cletis,Elwood,Zhaobei,1965/03/14,China,celwoodhx@springer.com,+86 (509) 298-0052
Suki,Clohisey,Níkaia,1998/11/06,Greece,sclohiseyhy@bravesites.com,+30 (691) 906-0355
Sterling,Weston,Kedrovoye,1985/12/18,Russia,swestonhz@so-net.ne.jp,+7 (671) 129-0299
Gareth,Orleton,Pasarkayu,1974/12/17,Indonesia,gorletoni0@va.gov,+62 (186) 965-4627
Rosita,Chamberlain,Pasirjaya,1982/01/26,Indonesia,rchamberlaini1@springer.com,+62 (675) 453-6118
Benjamin,Berrane,San Alejandro,1952/07/22,Philippines,,+63 (109) 368-0174
Jone,O' Shea,Mariestad,1961/05/13,Sweden,josheai3@jiathis.com,+46 (150) 152-6729
Filmore,Popham,Huangbao,1968/05/15,China,fpophami4@cafepress.com,+86 (861) 864-0473
Stevena,Kort,Huangshi,1954/08/10,China,skorti5@admin.ch,+86 (673) 974-8433
Patrizius,Arbuckel,Loja,1955/03/01,Ecuador,,+593 (731) 442-6012
Charity,Premble,Yablonovskiy,1960/12/05,Russia,cpremblei7@irs.gov,+7 (809) 543-3180
Delores,Hingeley,Antioquia,1970/08/07,Colombia,dhingeleyi8@comcast.net,+57 (364) 793-2589
Kate,Bischof,Volokolamsk,1969/04/26,Russia,kbischofi9@amazon.de,+7 (390) 470-1807
Donovan,Jizhaki,Ibaan,1982/12/16,Philippines,djizhakiia@ycombinator.com,+63 (606) 705-5173
Kally,Befroy,Ouro Branco,1950/09/20,Brazil,kbefroyib@indiatimes.com,+55 (195) 158-7106
Jory,Pulhoster,Diaofeng,1984/05/04,China,jpulhosteric@qq.com,+86 (690) 749-3066
Daune,McGill,Dalinhe,1964/04/27,China,dmcgillid@google.com,+86 (901) 603-3144
Elmo,Kitley,Cibungur,1982/07/17,Indonesia,ekitleyie@usgs.gov,+62 (659) 900-7032
Meade,Eales,Paulpietersburg,1977/01/25,South Africa,,+27 (317) 922-5079
Reginald,Simko,Karlskoga,1996/03/30,Sweden,,+46 (691) 304-3303
Kristine,Le Jean,Palpalá,1966/06/03,Argentina,klejeanih@is.gd,+54 (868) 528-1823
Shawn,Grattan,,,,sgrattanii@google.com.hk,
Jefferey,Dixey,Lagoa de Albufeira,1956/08/14,Portugal,jdixeyij@alibaba.com,+351 (792) 510-4763
Ashlan,Roderigo,Huaikan,1966/08/06,China,aroderigoik@rediff.com,+86 (441) 327-4535
Rivy,Brobak,Broniszewice,1960/07/23,Poland,rbrobakil@scribd.com,+48 (712) 671-9778
Hakeem,Arrol,Tromsø,1959/04/01,Norway,harrolim@statcounter.com,+47 (115) 365-7582
Cherice,Hasely,Gaoqiao,1954/10/11,China,chaselyin@theguardian.com,+86 (251) 219-5493
Bianka,Gronw,Kępno,1956/11/30,Poland,bgronwio@paypal.com,+48 (163) 474-2376
Marcellus,Diegan,Vavuniya,1962/01/30,Sri Lanka,mdieganip@google.pl,+94 (872) 239-1639
Bili,Smither,Yartsevo,1955/08/12,Russia,bsmitheriq@dropbox.com,+7 (427) 454-7390
Coraline,McNeilly,Jurh,1966/08/14,China,cmcneillyir@dedecms.com,+86 (168) 724-3913
Natka,Mabone,Laxiong,1964/06/03,China,nmaboneis@miibeian.gov.cn,+86 (301) 404-5461
Carroll,Heathcote,Tsuruga,1982/01/16,Japan,cheathcoteit@sphinn.com,+81 (171) 249-4615
Quinn,Oehm,Umeå,1980/01/14,Sweden,,+46 (885) 128-9398
Burty,Tomson,Shuangpu,1979/11/22,China,btomsoniv@yolasite.com,+86 (354) 805-7961
Emmerich,Truman,Ulricehamn,1970/08/19,Sweden,etrumaniw@example.com,+46 (925) 508-2572
Mateo,Teliga,Tillabéri,1963/07/04,Niger,mteligaix@soup.io,+227 (852) 631-5462
Collin,Kruschev,Taoyuan,1988/01/18,China,,+86 (312) 198-5502
Elnar,Cordelette,Morelos,1951/11/14,Mexico,ecordeletteiz@cnbc.com,+52 (102) 397-2934
Beitris,Marskell,General Luna,1989/09/30,Philippines,,+63 (617) 246-4700
Delainey,Fishbourn,Ponta do Sol,1955/11/10,Cape Verde,dfishbournj1@feedburner.com,+238 (718) 421-9607
Kirby,Bazelle,Tobilolong,1955/02/20,Indonesia,kbazellej2@delicious.com,+62 (427) 449-0568
Archibaldo,Loving,Antimácheia,1970/06/08,Greece,alovingj3@ezinearticles.com,+30 (715) 326-1747
Georgena,Kennett,,,,gkennettj4@geocities.jp,
Lezley,Lucy,Matsena,1999/02/18,Nigeria,,+234 (245) 575-5013
Domenico,Sim,Jinbi,1958/12/20,China,dsimj6@cloudflare.com,+86 (796) 877-3116
Ber,Havesides,Dalsjöfors,1974/12/10,Sweden,bhavesidesj7@wikimedia.org,+46 (418) 881-5359
Homer,Canfer,,,,hcanferj8@mayoclinic.com,
Shawn,Strognell,Oued Laou,1979/02/13,Morocco,sstrognellj9@ibm.com,+212 (618) 396-7974
Kev,Reardon,Pucallpa,1982/06/09,Peru,kreardonja@friendfeed.com,+51 (578) 940-5620
Cynde,Bonehill,Qīr Moāv,1965/04/21,Jordan,cbonehilljb@shinystat.com,+962 (933) 522-3737
Barby,Affuso,Jiagao,1971/10/17,China,baffusojc@google.ca,+86 (378) 474-9018
Corenda,Downey,Masvingo,1997/10/30,Zimbabwe,cdowneyjd@i2i.jp,+263 (130) 851-7619
Sheelagh,Lechmere,Hetang,1955/11/05,China,slechmereje@theatlantic.com,+86 (207) 660-2871
Edie,McLean,Kameyama,1986/10/16,Japan,,+81 (538) 894-0703
Heriberto,Darinton,Pato-o,1961/12/21,Philippines,hdarintonjg@umich.edu,+63 (788) 360-5509
Loise,Cocci,Kotel’niki,1987/07/11,Russia,lcoccijh@oaic.gov.au,+7 (302) 769-3832
Eddie,McQuirter,La Condamine,1952/08/04,Monaco,emcquirterji@over-blog.com,+377 (733) 978-7106
Raleigh,Dominetti,Vihti,1994/02/17,Finland,rdominettijj@soup.io,+358 (749) 551-0250
Norman,Pearce,Nahāvand,1971/06/11,Iran,npearcejk@hexun.com,+98 (294) 109-4926
Herc,Kenningham,,,,,
Iris,Lill,Lukou,1980/04/22,China,ililljm@pinterest.com,+86 (290) 336-0032
Blakelee,McCafferky,Fāqūs,1986/01/08,Egypt,bmccafferkyjn@meetup.com,+20 (474) 479-0435
Elston,Darton,Sila Lat,1962/09/19,Thailand,edartonjo@miitbeian.gov.cn,+66 (968) 472-1155
Loise,Betterton,Batasan Bata,1985/05/10,Philippines,lbettertonjp@macromedia.com,+63 (676) 197-8778
Catharina,Bullus,Nice,1989/08/31,France,cbullusjq@symantec.com,+33 (313) 355-1357
Micky,Peery,Charikar,1961/03/10,Afghanistan,mpeeryjr@springer.com,+93 (404) 683-0711
Rudd,Kuhn,Bajing,1975/04/29,China,,+86 (961) 589-8721
Skylar,Asaaf,Cabanaconde,1996/02/02,Peru,sasaafjt@cnn.com,+51 (495) 519-6755
Abel,Suarez,Cerna,1988/07/27,Croatia,asuarezju@printfriendly.com,+385 (925) 800-2214
Cody,Van der Velden,Kalývia,1974/11/09,Greece,cvanderveldenjv@harvard.edu,+30 (111) 519-8124
Avery,Harower,Perpignan,1986/11/19,France,aharowerjw@miibeian.gov.cn,+33 (560) 732-3767
Robby,Measor,Yinzhu,1958/12/31,China,rmeasorjx@sourceforge.net,+86 (314) 644-2179
Leila,Tellenbach,Fīrūzābād,1968/07/20,Iran,ltellenbachjy@i2i.jp,+98 (643) 431-2457
Dari,Sissons,Morelos,1954/03/22,Mexico,dsissonsjz@youku.com,+52 (795) 807-9214
Urban,Allso,Marapat,1967/03/25,Indonesia,uallsok0@tinyurl.com,+62 (355) 111-3556
Christie,Bunker,,,,cbunkerk1@shareasale.com,
Cullie,Rakes,Jastrebarsko,1991/12/25,Croatia,crakesk2@oaic.gov.au,+385 (832) 528-5880
Saul,Edgar,Capela,1962/01/07,Portugal,,+351 (870) 384-1498
Godfry,Petrelluzzi,Gengqing,1987/08/15,China,,+86 (562) 508-3684
Baillie,Bert,Rafaḩ,1976/11/11,Egypt,bbertk5@nasa.gov,+20 (566) 697-2295
Obediah,Danhel,Lubei,1976/02/05,China,odanhelk6@tinypic.com,+86 (153) 954-2375
Portia,Gravestone,Thị Trấn Nga Sơn,1994/03/21,Vietnam,pgravestonek7@livejournal.com,+84 (364) 896-8385
Beniamino,Kordt,Masalovka,1963/09/01,Russia,bkordtk8@imdb.com,+7 (464) 917-8516
Maud,Wraxall,Qintang,1970/01/08,China,,+86 (545) 958-2567
Aldin,Ingilson,Newport News,1962/07/10,United States,,+1 (757) 283-7641
Alvina,Scarlet,Brailiv,1998/02/15,Ukraine,ascarletkb@ft.com,+380 (667) 903-7119
Angelina,Heart,Changsha,1979/02/03,China,,+86 (593) 688-2775
Milly,Boorne,Inderka,1982/07/08,Russia,mboornekd@vinaora.com,+7 (744) 139-6916
Haleigh,Foston,Doug An,1953/04/12,Vietnam,,+84 (697) 562-6564
Cloris,Eyers,Bunia,1966/06/24,Democratic Republic of the Congo,ceyerskf@vkontakte.ru,+242 (762) 670-7335
Blakelee,Scotchbrook,Gonghe,1999/01/03,China,bscotchbrookkg@nasa.gov,+86 (527) 607-2245
Berti,Bremen,Suicheng,1954/10/09,China,bbremenkh@apple.com,+86 (136) 892-4560
Kirstin,Hasloch,Dongle,1979/10/21,China,khaslochki@is.gd,+86 (950) 332-4284
Chanda,Kures,Nnewi,1966/03/29,Nigeria,,+234 (962) 614-2149
Lilia,Huskinson,Saint-Louis du Sud,1992/01/02,Haiti,lhuskinsonkk@archive.org,+509 (819) 123-4666
Meade,Poulglais,Yaita,1974/03/22,Japan,mpoulglaiskl@rakuten.co.jp,+81 (575) 887-7308
Aindrea,Loines,Mūsá Qal‘ah,1986/08/12,Afghanistan,,+93 (872) 424-5839
Thedric,Skeete,Pasirhuni,1960/10/04,Indonesia,,+62 (783) 550-8159
Roobbie,Fumagallo,Landázuri,1978/01/15,Colombia,rfumagalloko@youtu.be,+57 (180) 471-1584
Lorens,Snasel,Mandalasari,1985/01/12,Indonesia,lsnaselkp@vimeo.com,+62 (208) 585-9766
Lemar,Kohrt,,,,lkohrtkq@earthlink.net,
Lennard,Allender,Embarcación,1987/01/04,Argentina,lallenderkr@usa.gov,+54 (551) 773-0599
Billie,Leile,Bukhovo,1964/06/19,Bulgaria,bleileks@joomla.org,+359 (527) 944-0077
Alberik,Skentelbery,Chanuman,1960/09/13,Thailand,askentelberykt@webnode.com,+66 (439) 783-9618
Maureene,Shildrake,Shanmu,1965/12/19,China,mshildrakeku@blogger.com,+86 (825) 779-2372
Haven,Cristofolo,Huangshi,1998/07/03,China,hcristofolokv@bigcartel.com,+86 (221) 609-1693
Kenon,McKeaney,Wadi,1983/12/07,China,kmckeaneykw@google.it,+86 (326) 362-2980
Yoshi,Lines,Ipiaú,1970/05/15,Brazil,ylineskx@meetup.com,+55 (733) 162-0126
Christoforo,Longrigg,Saint-Raymond,1982/12/10,Canada,clongriggky@ycombinator.com,+1 (902) 313-6021
Gabie,Commuzzo,Novo Hamburgo,1997/04/28,Brazil,gcommuzzokz@163.com,+55 (466) 657-1599
Kingston,Aspinal,Wartburg,1956/04/05,South Africa,kaspinall0@canalblog.com,+27 (301) 740-8186
Wenonah,Guiet,Tampa,1975/03/15,United States,,+1 (813) 298-8032
Angela,Looney,Putrajaya,1965/12/26,Malaysia,,+60 (786) 954-7503
Morgan,Waistell,Bulls,1962/12/08,New Zealand,,+64 (142) 121-5941
Niki,Rudge,Vol’sk,1967/03/19,Russia,nrudgel4@sciencedirect.com,+7 (499) 140-9112
Aylmar,Ilyin,Malabugas,1956/07/25,Philippines,,+63 (723) 306-7531
Sophronia,Hake,‘Akko,1961/01/21,Israel,shakel6@vimeo.com,+972 (392) 181-2877
Goldarina,Hunnaball,Thun,1992/03/27,Switzerland,,+41 (939) 769-1934
Zabrina,Landrieu,Gabès,1994/10/30,Tunisia,zlandrieul8@livejournal.com,+216 (984) 943-8173
Angelique,Dicks,Sandyford,1980/01/16,Ireland,,+353 (690) 211-6675
Roldan,Mulles,Banatski Dvor,1956/02/23,Serbia,rmullesla@cornell.edu,+381 (125) 877-9201
Emogene,Balhatchet,Barkly East,1980/08/27,South Africa,ebalhatchetlb@ameblo.jp,+27 (448) 496-5498
Dal,Howerd,Delson,1950/01/13,Canada,,+1 (174) 248-1132
Brendan,McGinlay,Nong Khai,1999/10/25,Thailand,bmcginlayld@hubpages.com,+66 (413) 979-9532
Horton,Tregidgo,Angers,1980/10/17,France,htregidgole@marriott.com,+33 (633) 693-3835
Petronia,Knoller,Dolod,1959/09/21,China,pknollerlf@globo.com,+86 (711) 329-8002
Briano,MacLoughlin,Binangun,1973/01/24,Indonesia,bmacloughlinlg@shinystat.com,+62 (838) 645-7848
Ameline,Heustice,Jubao,1984/10/18,China,aheusticelh@cargocollective.com,+86 (643) 590-2237
Jakob,Desaur,Amangarh,1961/02/22,Pakistan,jdesaurli@goodreads.com,+92 (112) 955-1168
Lotta,De Biasio,Non Suwan,1982/01/06,Thailand,ldebiasiolj@ox.ac.uk,+66 (822) 509-6205
Emmie,Shera,Thị Trấn Lâm,1983/02/02,Vietnam,esheralk@cisco.com,+84 (155) 746-4757
Addie,Skegg,Chantal,1957/08/14,Haiti,askeggll@ning.com,+509 (588) 800-7018
Khalil,Stopforth,Harstad,1997/11/25,Norway,kstopforthlm@wikispaces.com,+47 (230) 266-3128
Emera,Chessil,Ulaan-Ereg,1962/09/10,Mongolia,echessilln@harvard.edu,+976 (588) 288-9579
Rodina,Milier,Skolkovo,1963/12/27,Russia,,+7 (883) 691-9831
Rustie,Drinnan,Przemyśl,1954/07/20,Poland,rdrinnanlp@theguardian.com,+48 (696) 327-0924
Devon,Romera,Niafunké,1975/04/10,Mali,dromeralq@cisco.com,+223 (326) 226-9889
Duane,Arrighetti,Velyki Kopany,1977/07/20,Ukraine,,+380 (624) 546-6815
Staffard,McNess,Macaíba,1999/07/01,Brazil,,+55 (931) 355-9945
Ellette,Mechem,Ar Rahad,1989/12/18,Sudan,emechemlt@home.pl,+249 (256) 764-8249
Jackelyn,Henriet,Wufeng,1964/02/24,China,,+86 (157) 222-6196
Correy,Moorey,El Porvenir,1983/09/04,Honduras,,+504 (500) 164-7519
Codi,Roch,Kakamigahara,1983/03/06,Japan,crochlw@youku.com,+81 (744) 451-5434
Erminia,Stockhill,Casma,1980/02/12,Peru,estockhilllx@gnu.org,+51 (688) 246-9292
Edwina,McGill,Bāsht,1983/05/24,Iran,emcgillly@dailymotion.com,+98 (661) 511-7758
Merrel,Skirvane,Ḑubāh,1964/01/24,Yemen,mskirvanelz@ihg.com,+967 (768) 817-4094
Emma,Mancell,Warmare,1976/07/26,Indonesia,emancellm0@drupal.org,+62 (273) 536-5790
Emmett,Artist,Daleman,1967/06/09,Indonesia,eartistm1@dyndns.org,+62 (293) 283-3621
Tomkin,McGeraghty,Nyakhachava,1989/08/16,Belarus,tmcgeraghtym2@hostgator.com,+375 (436) 720-2699
Lurette,Samet,Amos,1990/03/13,Canada,lsametm3@un.org,+1 (206) 659-9238
Edgar,Phillipp,Lille,1964/10/04,France,ephillippm4@yandex.ru,+33 (854) 881-7646
Germayne,Olrenshaw,Tsaghkunk’,1974/01/03,Armenia,golrenshawm5@networkadvertising.org,+374 (276) 523-1502
Loraine,Connealy,Żabno,1985/11/30,Poland,lconnealym6@indiegogo.com,+48 (593) 338-7239
Sibbie,Carrodus,Ośno Lubuskie,1983/11/26,Poland,,+48 (310) 351-9245
Lindsey,Iacovone,Tuhe,1971/04/02,China,liacovonem8@xrea.com,+86 (733) 948-9626
Cristi,Meysham,Kobilje,1985/02/02,Slovenia,cmeyshamm9@npr.org,+386 (309) 588-0945
Mick,McNeice,Kalí Vrýsi,1996/05/21,Greece,,+30 (864) 665-5852
Fidole,Croxall,Vellinge,1978/10/05,Sweden,,+46 (473) 688-0715
Kenneth,Gergus,,,,kgergusmc@examiner.com,
Gunner,MacMenamin,Bāsawul,1968/05/28,Afghanistan,gmacmenaminmd@psu.edu,+93 (310) 345-1388
Caryl,Shiers,Szeged,1974/01/26,Hungary,cshiersme@dropbox.com,+36 (600) 300-7863
Rhoda,Chaplain,,,,rchaplainmf@jimdo.com,
Golda,Realph,Yaroslavskaya,1987/01/24,Russia,grealphmg@umich.edu,+7 (548) 151-0660
Yovonnda,Burgisi,Haizigou,1980/02/04,China,yburgisimh@state.gov,+86 (719) 735-2402
Constancia,Breen,,,,cbreenmi@dion.ne.jp,
Joy,MacConnulty,Kubangwaru,1962/11/27,Indonesia,jmacconnultymj@unblog.fr,+62 (911) 647-7429
Lottie,Geaney,Lawesigalagala Timur,1967/12/25,Indonesia,lgeaneymk@cmu.edu,+62 (523) 515-8242
Barton,Seiller,Porangatu,1991/06/07,Brazil,bseillerml@samsung.com,+55 (716) 463-9163
Evonne,Lundbech,Sapeken,1952/04/30,Indonesia,elundbechmm@discuz.net,+62 (560) 519-0333
Blithe,Barnes,Minato,1956/03/11,Japan,bbarnesmn@digg.com,+81 (169) 740-2354
Lena,Di Maggio,Ostrogozhsk,1987/06/06,Russia,ldimaggiomo@wsj.com,+7 (748) 584-9537
Dennet,Chessil,Hŭkkyo-ri,1953/06/02,North Korea,dchessilmp@msn.com,+850 (406) 547-0975
Georgina,Chirm,,,,gchirmmq@addtoany.com,
Fannie,Toplin,Kuantan,1952/06/09,Malaysia,ftoplinmr@liveinternet.ru,+60 (971) 828-3981
Selby,Dunbabin,Suzano,1996/10/12,Brazil,sdunbabinms@bing.com,+55 (142) 434-0167
Lannie,Flewitt,Betaf,1995/07/02,Indonesia,lflewittmt@squarespace.com,+62 (292) 168-0774
Elianore,Beautyman,New York City,1971/08/08,United States,ebeautymanmu@businesswire.com,+1 (212) 462-9000
Irma,Bentsen,Fergana,1962/07/26,Uzbekistan,ibentsenmv@thetimes.co.uk,+998 (152) 385-3544
Keane,Linney,Cueto,1993/03/17,Cuba,klinneymw@cbslocal.com,+53 (337) 833-8518
Delphine,Longcake,Uummannaq,1975/07/26,Greenland,dlongcakemx@edublogs.org,+299 (936) 977-8023
Chrystel,Gremain,Jinshan,1961/07/18,China,,+86 (650) 985-1676
Nickolai,Giraldo,Siemiechów,1952/03/15,Poland,ngiraldomz@stumbleupon.com,+48 (703) 368-0245
Caron,Acomb,,,,cacombn0@google.co.uk,
Elset,Beedon,Lianhua,1983/06/14,China,ebeedonn1@i2i.jp,+86 (149) 806-5388
Estel,Corbyn,Oibioin,1972/12/02,Indonesia,ecorbynn2@hc360.com,+62 (160) 229-0556
Tarrance,Griswood,Rudnik,1979/09/17,Poland,,+48 (499) 674-9974
Haywood,Rawson,Xinxiang,1950/05/19,China,,+86 (336) 217-7955
Tracey,Pinchbeck,Porto Ferreira,1994/12/25,Brazil,tpinchbeckn5@yellowbook.com,+55 (831) 470-9150
Doris,Botham,Mölndal,1966/09/12,Sweden,dbothamn6@blinklist.com,+46 (158) 335-1395
Maxie,Crumpton,Yuxin,1966/01/31,China,mcrumptonn7@yelp.com,+86 (949) 862-8635
Elli,Sircombe,Panggungrejo,1973/01/07,Indonesia,esircomben8@time.com,+62 (681) 290-0357
Jacenta,Ferne,Salvacion,1986/01/16,Philippines,jfernen9@google.es,+63 (907) 553-9681
Minnaminnie,Mumbey,Xiaoya,1996/03/30,China,mmumbeyna@webeden.co.uk,+86 (816) 218-0048
Kailey,Petrushka,Liuyuan,1978/12/19,China,kpetrushkanb@diigo.com,+86 (740) 259-7633
Stephannie,Iwaszkiewicz,Sabnova,1999/11/18,Russia,,+7 (171) 489-9449
Dexter,Lote,Hengshui,1952/09/26,China,dlotend@chicagotribune.com,+86 (452) 201-1694
Marigold,Ryrie,Colombia,1959/03/28,Cuba,mryriene@hud.gov,+53 (455) 944-5026
Sandye,Edwicker,Granville,1989/09/21,France,sedwickernf@tripod.com,+33 (979) 365-0176
Jami,Ferrai,Erdu,1961/09/01,China,jferraing@mozilla.com,+86 (288) 970-4759
Leshia,Blest,Wuxia,1984/09/03,China,lblestnh@edublogs.org,+86 (462) 492-7974
Duff,Colliber,Arroyo Naranjo,1973/05/01,Cuba,dcolliberni@mysql.com,+53 (384) 170-9021
Lem,Vowden,Petawawa,1965/08/28,Canada,lvowdennj@tripadvisor.com,+1 (688) 891-3838
Karissa,Lavens,Ripky,1998/03/01,Ukraine,klavensnk@amazon.com,+380 (703) 360-7371
Claiborne,Pointer,Dinan,1990/02/12,France,cpointernl@jimdo.com,+33 (965) 456-8919
Fonz,Dozdill,Ortega,1958/01/07,Colombia,fdozdillnm@usnews.com,+57 (976) 748-7845
Stavro,Bareham,Ravānsar,1996/06/14,Iran,sbarehamnn@smugmug.com,+98 (144) 645-5293
Eleanore,Plumley,Agenebode,1972/10/15,Nigeria,eplumleyno@microsoft.com,+234 (999) 731-9039
Decca,Lithcow,Buenaventura,1968/04/28,Colombia,dlithcownp@xrea.com,+57 (953) 628-5034
Pattin,Cosyns,São João das Lampas,1953/04/21,Portugal,pcosynsnq@sun.com,+351 (454) 912-1738
Jobye,Albisser,Sadov,1985/03/03,Czech Republic,jalbissernr@51.la,+420 (893) 154-8989
Worden,Simonite,Hazlov,1963/12/09,Czech Republic,wsimonitens@nyu.edu,+420 (132) 996-2816
Gino,Beckhouse,Kista,1954/11/22,Sweden,gbeckhousent@mail.ru,+46 (374) 112-8943
Karlotta,Boatman,,,,,
Angele,Decroix,Bharatpur,1970/08/16,Nepal,,+977 (789) 976-3316
Lonnie,Yeomans,Tianning,1988/09/17,China,lyeomansnw@yahoo.com,+86 (548) 497-0512
Jordana,Yearne,Languan,1999/07/31,China,jyearnenx@indiegogo.com,+86 (454) 294-4849
Lorita,Bowlands,Shaozhai,1975/09/23,China,lbowlandsny@cdbaby.com,+86 (454) 676-1916
Evy,Minihan,Luoxiong,1954/08/14,China,eminihannz@businessweek.com,+86 (731) 819-0271
Shanon,Wesker,Oslo,1963/06/22,Norway,sweskero0@angelfire.com,+47 (476) 731-1449
Roxi,Hurndall,San Pedro,1970/01/11,Mexico,rhurndallo1@tinyurl.com,+52 (573) 513-5530
Lorettalorna,Rapper,Hepingjie,1999/06/29,China,lrappero2@mit.edu,+86 (316) 180-2380
Skippie,Wilcock,Māwiyah,1982/12/31,Yemen,swilcocko3@slate.com,+967 (953) 433-6621
Morly,Newcombe,Kabale,1954/07/14,Uganda,mnewcombeo4@dell.com,+256 (982) 959-2124
Barnebas,Joscelin,Balangiga,1996/11/18,Philippines,bjoscelino5@wisc.edu,+63 (644) 106-0358
Judd,Savery,Kasungu,1991/12/31,Malawi,jsaveryo6@amazon.co.uk,+265 (216) 190-6918
Tabbi,Cove,Ribeirão,1983/04/02,Brazil,,+55 (463) 804-4376
Elenore,Dorney,Julcamarca,1967/12/28,Peru,edorneyo8@nationalgeographic.com,+51 (176) 765-5648
Nickolas,Tasch,Koshki,1995/04/05,Russia,ntascho9@trellian.com,+7 (322) 983-2782
Gunner,Greenhaugh,Orurillo,1989/06/02,Peru,ggreenhaughoa@fotki.com,+51 (660) 726-7568
Arnie,Comello,Koktokay,1994/05/23,China,acomelloob@aol.com,+86 (794) 763-9673
Tresa,Mallan,Ruše,1968/02/07,Slovenia,tmallanoc@furl.net,+386 (545) 795-6375
Theo,Mervyn,Lanos,1979/04/22,Indonesia,tmervynod@imageshack.us,+62 (525) 521-5021
Melesa,Bushaway,Nōgata,1993/03/29,Japan,,+81 (875) 398-2529
Boycey,McGinty,,,,bmcgintyof@bloglovin.com,
Bee,Francklyn,Muramvya,1997/11/21,Burundi,bfrancklynog@tripadvisor.com,+257 (649) 779-8479
Carlen,Brixey,,,,,
Eunice,Marrable,Sanom,1964/04/27,Thailand,emarrableoi@yandex.ru,+66 (947) 736-6895
Andi,Bisp,Kasui,1953/02/03,Indonesia,abispoj@netlog.com,+62 (640) 912-1715
Domingo,McClaughlin,Zmeyskaya,1994/09/06,Russia,,+7 (173) 343-5222
Carlie,Worsnip,Conde,1994/01/22,Brazil,cworsnipol@purevolume.com,+55 (201) 317-1556
Tallulah,Comizzoli,Brzeg Dolny,1962/06/08,Poland,,+48 (467) 425-5572
Monika,Arnald,,,,marnaldon@samsung.com,
Drugi,Godbehere,Zhongchao,1996/04/21,China,dgodbehereoo@elegantthemes.com,+86 (597) 376-2541
Dunstan,De Pietri,Emiliano Zapata,1978/07/28,Mexico,ddepietriop@fotki.com,+52 (809) 413-7860
Richard,Crosswaite,Saddina,1976/01/23,Morocco,rcrosswaiteoq@cpanel.net,+212 (418) 764-5921
Marlee,Boagey,Lipie,1984/05/26,Poland,mboageyor@vistaprint.com,+48 (961) 539-2595
Theodosia,Seymour,Matang,1999/05/08,China,tseymouros@nyu.edu,+86 (331) 833-9647
Tressa,Cleverley,Douniani,1983/03/18,Comoros,tcleverleyot@rambler.ru,+269 (591) 351-9421
Boyd,Giacomelli,Bato,1979/08/18,Philippines,bgiacomelliou@columbia.edu,+63 (195) 394-9912
Maxy,Qualtrough,Songgang,1978/05/12,China,mqualtroughov@ftc.gov,+86 (324) 726-3084
Abbey,Dewberry,Lere,1953/01/29,Nigeria,adewberryow@yelp.com,+234 (230) 790-4901
Marj,Belli,Moss,1994/05/20,Norway,mbelliox@paginegialle.it,+47 (729) 645-4325
Hedda,Lente,Gonayiv,1992/04/26,Haiti,hlenteoy@ameblo.jp,+509 (497) 759-9792
Derry,Anfonsi,Sukaharja,1976/03/01,Indonesia,danfonsioz@netscape.com,+62 (210) 203-6707
Warde,Briatt,Nice,1960/10/19,France,wbriattp0@ovh.net,+33 (698) 955-0647
Maddalena,Batchley,Longhu,1961/11/06,China,mbatchleyp1@mail.ru,+86 (129) 936-0185
Orazio,Fettiplace,Seredeyskiy,1956/07/16,Russia,ofettiplacep2@ameblo.jp,+7 (457) 604-7865
Margie,Pollen,Lillooet,1973/12/17,Canada,mpollenp3@imgur.com,+1 (532) 398-2889
Brenna,Braime,Łętownia,1983/09/06,Poland,bbraimep4@cdbaby.com,+48 (406) 911-7693
Johnny,Hailwood,,,,jhailwoodp5@examiner.com,
Cristiano,Delacroux,Olavarría,1956/06/27,Argentina,cdelacrouxp6@archive.org,+54 (659) 969-2451
Michal,Morrill,Belém,1974/06/29,Brazil,mmorrillp7@istockphoto.com,+55 (153) 330-5778
Edita,Sibbert,Miętne,1987/02/28,Poland,esibbertp8@usatoday.com,+48 (777) 778-1753
Kial,Manon,Eldama Ravine,1986/01/08,Kenya,kmanonp9@si.edu,+254 (643) 414-6186
Alex,Fransewich,Mali,1981/02/07,China,afransewichpa@about.com,+86 (335) 552-0610
Idalina,Pentelo,Fenais da Luz,1978/01/25,Portugal,ipentelopb@earthlink.net,+351 (355) 511-5176
Melania,Lindores,Nyzhnya Krynka,1956/04/15,Ukraine,mlindorespc@dailymail.co.uk,+380 (255) 847-5555
Adan,Reagan,Tall aḑ Ḑamān,1966/06/10,Syria,areaganpd@businessinsider.com,+963 (897) 886-4419
Benedikta,Canham,Dongbatu,1982/11/19,China,,+86 (990) 911-1970
Peadar,Langforth,Inđija,1989/02/11,Serbia,plangforthpf@plala.or.jp,+381 (313) 876-3504
Marmaduke,Cottey,Sōja,1994/07/12,Japan,mcotteypg@ameblo.jp,+81 (712) 730-0057
Gregory,Rosita,Meruge,1969/07/10,Portugal,grositaph@ox.ac.uk,+351 (297) 250-4180
Nikita,Glasman,,,,nglasmanpi@webeden.co.uk,
Yehudit,Brimmacombe,Cisompet,1978/11/26,Indonesia,ybrimmacombepj@webeden.co.uk,+62 (568) 191-5461
Colby,Crole,Sydney,1987/06/23,Australia,ccrolepk@psu.edu,+61 (759) 403-6330
Jody,Chsteney,Pa Phayom,1976/01/30,Thailand,jchsteneypl@un.org,+66 (640) 501-7671
Garrot,Hablot,Jiuxian,1975/11/29,China,ghablotpm@wordpress.org,+86 (713) 142-8633
Jermaine,Seven,North Shore,1999/08/17,New Zealand,jsevenpn@google.ca,+64 (516) 978-6252
Karilynn,Forstall,Prado,1998/08/17,Portugal,kforstallpo@mtv.com,+351 (741) 687-1898
Christoffer,Filochov,Dvorovi,1997/06/15,Bosnia and Herzegovina,cfilochovpp@networkadvertising.org,+387 (973) 761-6277
Chance,Haselden,Orichi,1961/10/11,Russia,chaseldenpq@google.es,+7 (157) 269-1833
Delores,Georgeot,Simpang,1995/07/06,Indonesia,dgeorgeotpr@dailymotion.com,+62 (772) 995-0465
Clo,Ambrosoli,Shijiao,1971/04/11,China,cambrosolips@bing.com,+86 (138) 572-9768
Mamie,Luto,Taoyuan,1978/06/30,China,mlutopt@ebay.com,+86 (671) 775-1284
Griffin,Labes,Jablah,1987/12/12,Syria,glabespu@mlb.com,+963 (442) 106-2740
Moses,Bum,Zhongping,1988/12/10,China,mbumpv@huffingtonpost.com,+86 (610) 905-0208
Mose,Wynrahame,Yangchun,1975/08/02,China,mwynrahamepw@zimbio.com,+86 (987) 870-6234
Wendell,Taile,Zaslawye,1974/04/30,Belarus,wtailepx@yolasite.com,+375 (678) 404-2110
Hilary,Olsen,Tuapukan,1963/10/19,Indonesia,holsenpy@edublogs.org,+62 (505) 738-4579
Nerissa,Rapa,Sumberan,1953/09/10,Indonesia,nrapapz@marriott.com,+62 (550) 420-5070
Oby,Behr,Kosmonosy,1990/12/12,Czech Republic,obehrq0@independent.co.uk,+420 (588) 798-1281
Devy,Stanborough,,,,dstanboroughq1@kickstarter.com,
Olia,Lote,Ban Ko Lan,1954/09/29,Thailand,oloteq2@kickstarter.com,+66 (718) 164-8250
Chip,Beckhouse,,,,cbeckhouseq3@oakley.com,
Bonita,Santori,Shuixi,1996/10/15,China,bsantoriq4@usnews.com,+86 (784) 567-4776
Britte,Worstall,Linjiang,1989/12/17,China,bworstallq5@cmu.edu,+86 (696) 547-5200
Nessie,Oneil,San Juan Nepomuceno,1985/01/25,Colombia,noneilq6@wufoo.com,+57 (710) 328-6293
Cirillo,Demaine,Thompson,1956/11/12,Canada,cdemaineq7@virginia.edu,+1 (909) 822-8675
Griffie,Theobold,Chusovoy,1961/01/31,Russia,gtheoboldq8@businessweek.com,+7 (253) 357-1085
Nathanial,Saw,Motge,1969/09/01,China,nsawq9@ted.com,+86 (460) 810-0505
Matthieu,Glasson,Bonnyville,1997/12/16,Canada,mglassonqa@java.com,+1 (504) 458-9433
Eddi,Owtram,Motomiya,1981/08/23,Japan,,+81 (567) 791-5786
Faye,Rubens,eMbalenhle,1991/05/03,South Africa,frubensqc@cisco.com,+27 (660) 991-9732
Yuma,Brinkler,Paprotnia,1979/07/28,Poland,ybrinklerqd@geocities.com,+48 (804) 798-5102
Dorisa,Moulton,Nanmen,1956/12/14,China,dmoultonqe@dailymail.co.uk,+86 (697) 407-1318
Leena,Pocke,Akhmīm,1968/01/19,Egypt,lpockeqf@vinaora.com,+20 (368) 524-7336
Ignatius,Pernell,Klagen,1952/07/01,Indonesia,ipernellqg@hao123.com,+62 (438) 732-0616
Godart,Rubinchik,Ciladaeun,1999/09/22,Indonesia,grubinchikqh@unicef.org,+62 (661) 295-9813
Theodor,Praill,Lazaro Cardenas,1999/10/02,Mexico,tpraillqi@livejournal.com,+52 (694) 191-3387
Kaja,Challener,Mawu,1972/04/21,China,,+86 (503) 371-0814
Briny,McLeese,Stará Ves nad Ondřejnicí,1994/10/14,Czech Republic,bmcleeseqk@zimbio.com,+420 (713) 792-7543
Karlie,Dresser,Starobin,1953/06/07,Belarus,kdresserql@cpanel.net,+375 (500) 953-1160
Marijo,Newvill,Tobias Fornier,1978/04/11,Philippines,mnewvillqm@engadget.com,+63 (824) 884-3041
Lizzy,Beentjes,Kemlya,1999/10/15,Russia,lbeentjesqn@zimbio.com,+7 (891) 950-2209
Hamel,Stobie,Kangar,1978/11/11,Malaysia,hstobieqo@huffingtonpost.com,+60 (769) 206-8313
Wiley,Perdue,La Sarrosa,1969/09/09,Honduras,wperdueqp@examiner.com,+504 (240) 727-3090
Ellsworth,Threadgill,Pawing,1980/05/09,Philippines,,+63 (381) 102-9427
Ingar,Rewcassell,Lañgub,1963/06/08,Philippines,irewcassellqr@yahoo.com,+63 (998) 376-9612
Ernesto,Copnar,Aryiropoúlion,1989/10/27,Greece,ecopnarqs@mail.ru,+30 (604) 315-7495
Kacy,Middlemiss,Yuanba,1957/08/18,China,kmiddlemissqt@sciencedirect.com,+86 (899) 946-4109
Tad,Kolinsky,Lagasit,1979/07/20,Philippines,tkolinskyqu@google.cn,+63 (402) 146-6777
Terry,Cosgrive,Ngampon,1991/09/06,Indonesia,,+62 (169) 684-9503
Schuyler,Tivnan,Itamarandiba,1983/05/13,Brazil,stivnanqw@vk.com,+55 (944) 160-3752
Vernice,Beauchamp,Dushu,1994/05/19,China,vbeauchampqx@mapquest.com,+86 (326) 541-6379
Marilin,Brewse,Arauca,1986/11/24,Colombia,mbrewseqy@ihg.com,+57 (277) 122-2728
Floria,Ende,Kertasari,1974/05/23,Indonesia,fendeqz@livejournal.com,+62 (222) 760-2055
Celestyna,Gowers,Rosice,1954/01/05,Czech Republic,,+420 (616) 230-6442
Garnet,Sey,Tanenofunan,1970/03/18,Indonesia,,+62 (653) 156-9853
Lucienne,Rosenthal,Armação de Pêra,1957/09/11,Portugal,lrosenthalr2@princeton.edu,+351 (107) 901-7073
Ellwood,Hallam,Hegeng,1953/10/31,China,ehallamr3@symantec.com,+86 (157) 374-0504
Claire,Craik,Almeria,1996/11/24,Philippines,,+63 (152) 382-8778
Idette,Gammill,Morteros,1987/06/27,Argentina,igammillr5@usgs.gov,+54 (111) 532-8394
Nataline,Milsted,Norberg,1979/06/21,Sweden,nmilstedr6@123-reg.co.uk,+46 (939) 579-7804
Abagael,Trunkfield,New York City,1996/01/30,United States,atrunkfieldr7@desdev.cn,+1 (212) 293-8625
Valentijn,Lukes,Jinjiang,1953/12/26,China,vlukesr8@ucsd.edu,+86 (942) 323-6221
Aundrea,Fontell,Manhete,1979/11/18,Portugal,afontellr9@chron.com,+351 (664) 170-5858
Sarita,Egdal,Lyubar,1956/07/02,Ukraine,,+380 (748) 411-9658
Milo,Brunnstein,,,,mbrunnsteinrb@sbwire.com,
Yasmeen,Junkinson,Amiens,1977/12/01,France,yjunkinsonrc@auda.org.au,+33 (833) 350-9429
Shirline,Haberjam,Luzino,1991/02/17,Poland,shaberjamrd@admin.ch,+48 (300) 413-4672
Shelley,Cockitt,Masākin,1975/04/28,Tunisia,scockittre@engadget.com,+216 (677) 471-3964
Joanne,Dunckley,Tambakan,1956/11/26,Indonesia,jdunckleyrf@google.com.au,+62 (961) 430-1834
Cornela,Hand,Acajutla,1999/03/13,El Salvador,chandrg@gravatar.com,+503 (947) 417-0911
Casper,O' Cuolahan,Montecristi,1982/06/16,Ecuador,cocuolahanrh@noaa.gov,+593 (744) 335-6515
Othilia,Harniman,Bagacay,1978/10/24,Philippines,,+63 (279) 584-0023
Yalonda,Burnall,Rizal,1981/10/09,Philippines,,+63 (606) 469-2239
Nevin,Mullenger,Guaduas,1977/06/09,Colombia,nmullengerrk@macromedia.com,+57 (161) 597-3403
Cheslie,Caulliere,,,,ccaulliererl@google.ca,
Alberik,Rathborne,Zhenjiang,1958/01/07,China,arathbornerm@umn.edu,+86 (985) 845-3444
Jacqui,Megroff,Antigonish,1986/05/27,Canada,jmegroffrn@washington.edu,+1 (744) 131-1638
Logan,Hadlington,Yupiltepeque,1951/03/09,Guatemala,lhadlingtonro@businessweek.com,+502 (525) 786-5219
Heda,Rostron,Benjamin Constant,1960/03/07,Brazil,hrostronrp@diigo.com,+55 (737) 676-6164
Mile,Minear,Bofuer,1967/11/16,Indonesia,mminearrq@senate.gov,+62 (698) 425-4863
Gaven,Cleveland,Lengkong,1965/06/26,Indonesia,,+62 (832) 678-1768
