first_name,last_name,birth_place,birth_date,country_living_in,email,phone
Kimberlyn,Humbert,Asembagus,05/13/1950,Indonesia,khumbert0@salon.com,476-486-7124
Amalea,Zuenelli,Wosai,04/09/1967,China,azuenelli1@mac.com,119-451-0714
Lora,Bould,,,,lbould2@gravatar.com,
Stefa,Seabridge,Tucupido,02/14/1987,Venezuela,sseabridge3@netscape.com,689-525-2669
Joceline,Leimster,Sungailiat,11/04/1950,Indonesia,jleimster4@redcross.org,957-831-1339
Brenn,Schuelcke,Chongkan,08/27/1983,China,bschuelcke5@hud.gov,805-312-5570
Noella,Spollen,Gunungkendeng,09/03/1965,Indonesia,nspollen6@google.nl,933-458-1327
Morganica,Loudian,Dayou,08/31/1969,China,mloudian7@issuu.com,111-739-1460
Niki,Cleverly,Kitahama,10/31/1958,Japan,ncleverly8@chronoengine.com,630-106-3961
Aubine,Grishakin,Zhukovo,12/20/1965,Russia,agrishakin9@forbes.com,766-102-1600
Quincy,Giorio,Ziroudani,06/24/1950,Comoros,qgiorioa@taobao.com,881-980-5869
Abram,Soro,Rouen,09/28/1961,France,asorob@is.gd,363-723-1131
Louie,Simeone,Cibingbin,06/03/1989,Indonesia,lsimeonec@sciencedaily.com,624-304-8644
Brandais,McGaugie,København,10/10/1998,Denmark,bmcgaugied@timesonline.co.uk,302-816-3842
Archambault,Grigorey,Zhongping,06/24/1987,China,agrigoreye@examiner.com,582-903-0067
Athena,Harmstone,Daxing,10/15/1954,China,aharmstonef@lulu.com,290-624-8050
Theo,Van Baaren,Tanggungrejo,06/13/1971,Indonesia,,608-965-6777
Kliment,Dowsett,Velikiye Luki,04/27/1996,Russia,kdowsetth@nifty.com,657-817-9214
Farrand,Micka,Quinipot,05/10/1953,Philippines,fmickai@gizmodo.com,239-248-3968
Ellwood,Blackman,São Miguel da Carreira,07/26/1985,Portugal,eblackmanj@lycos.com,550-822-6628
Jaime,Hartzogs,Potoru,11/27/1979,Sierra Leone,jhartzogsk@wikispaces.com,286-634-5025
Ileane,Muge,Pouzauges,01/24/1959,France,imugel@umich.edu,337-812-6021
Maire,Garrals,Chłapowo,06/27/1968,Poland,mgarralsm@blogtalkradio.com,769-957-4673
Winny,Vasilov,Blagoveshchensk,05/31/1976,Russia,,105-154-1384
Maryjo,Pothergill,,,,mpothergillo@feedburner.com,
Betteann,Buy,Tsaghveri,02/08/1962,Georgia,bbuyp@ucoz.com,130-520-2804
Gardner,MacNeely,San José Poaquil,03/04/1964,Guatemala,gmacneelyq@dyndns.org,542-852-8840
Sonni,Hillin,Ngadri,08/01/1965,Indonesia,shillinr@dedecms.com,221-370-2037
Tilly,Hugh,Uruaçu,05/18/1974,Brazil,thughs@instagram.com,110-865-5486
Zechariah,Brereton,Şūrān,07/17/1977,Syria,zbreretont@boston.com,389-740-5573
Averyl,Tinton,Karviná,08/08/1990,Czech Republic,atintonu@hubpages.com,180-293-0003
Suzanne,Melville,Višňova,12/06/1991,Czech Republic,,691-851-1829
Rayner,Aingell,Huangshanguan,08/17/1958,China,raingellw@harvard.edu,452-560-7221
Emanuel,Nardi,Qingquan,10/24/1965,China,,669-553-0150
Giavani,Rosenblum,Songping,06/03/1969,China,grosenblumy@mozilla.org,351-199-5955
Lela,Tench,Saint-Louis,08/31/1960,France,ltenchz@tamu.edu,927-558-2335
Cristen,Arrol,Ulaan-Ereg,06/21/1971,Mongolia,carrol10@apple.com,542-288-4866
Nelli,Brower,Jawornik,06/17/1985,Poland,,711-760-1957
Gabby,Halsey,Saint-Priest-en-Jarez,05/12/1964,France,ghalsey12@ftc.gov,388-734-0932
Domenic,Napolione,Salaya,10/26/1992,Thailand,dnapolione13@gnu.org,579-349-5352
Colman,Verty,Carnaxide,10/16/1996,Portugal,cverty14@businessweek.com,220-359-3747
Rosalyn,Manach,Grabovci,05/30/1953,Croatia,rmanach15@go.com,968-945-3139
Lilly,MacElroy,Kadujangkung,05/14/1951,Indonesia,lmacelroy16@typepad.com,251-526-0901
Karina,Misson,Wilwerwiltz,10/13/1959,Luxembourg,kmisson17@omniture.com,143-817-3268
Sholom,Addison,,,,saddison18@cbc.ca,
Dalila,O'Haire,Kabar Utara,03/07/1993,Indonesia,,575-799-2915
Ernaline,Ewestace,Kragujevac,11/25/1951,Serbia,,230-946-5443
Gracia,Bee,Riachão do Jacuípe,11/19/1975,Brazil,gbee1b@gravatar.com,841-288-8513
Hazlett,Scranny,Stebnyk,03/03/1990,Ukraine,hscranny1c@prlog.org,480-736-1551
Corie,Bysaker,Antananarivo,09/04/1995,Madagascar,cbysaker1d@harvard.edu,677-815-0674
Mohammed,Ellif,Stockholm,03/15/1998,Sweden,mellif1e@ucla.edu,876-469-6852
Gwyneth,Butchart,Bashan,05/15/1950,China,gbutchart1f@smh.com.au,389-203-8043
Ezmeralda,Cleugh,Bolobo,12/03/1956,Democratic Republic of the Congo,ecleugh1g@parallels.com,412-493-7260
Gearard,Kitchingman,,,,,
Row,Chooter,Souran,03/24/1957,Syria,rchooter1i@google.co.uk,817-137-0602
Jeremy,Sweed,Baoshui,04/08/1989,China,jsweed1j@whitehouse.gov,480-534-3285
Brigg,Paolone,Tomé,04/05/1956,Chile,bpaolone1k@google.com.au,825-135-0962
Sayre,Cahan,Damai,07/28/1977,China,,829-266-3699
Pavla,Mille,København,12/25/1951,Denmark,pmille1m@amazon.de,127-713-6748
Nickolai,Lamping,Jiuxian,01/13/1983,China,,973-254-8714
Wanda,Quarry,Ząbkowice Śląskie,07/01/1971,Poland,wquarry1o@umn.edu,801-490-6860
Renae,Rickett,Shihuiyao,02/07/1991,China,rrickett1p@opensource.org,605-179-2761
Sanders,Smallwood,Shangyang,10/18/1967,China,ssmallwood1q@parallels.com,290-908-2440
Tirrell,Monks,Patos Fshat,07/27/1954,Albania,tmonks1r@lycos.com,200-750-7295
Griffith,Tight,Kuybyshevskiy Zaton,06/07/1963,Russia,gtight1s@theguardian.com,390-419-5818
Spencer,Burchess,Chengyue,07/27/1982,China,,732-335-4023
Gary,Babidge,Zabukovica,03/23/1993,Slovenia,gbabidge1u@house.gov,571-542-3208
Rubi,Fullilove,Trenton,10/30/1960,United States,rfullilove1v@prlog.org,609-678-7359
Stella,Soppett,Metz,05/29/1971,France,ssoppett1w@ning.com,509-110-3762
Sargent,Philott,Bambas,10/24/1950,Peru,sphilott1x@com.com,912-637-4893
Pepita,Cure,Nová Paka,10/12/1952,Czech Republic,pcure1y@pen.io,774-186-7781
Mikol,Rogeon,Firá,08/31/1991,Greece,mrogeon1z@spiegel.de,502-714-1683
Agata,Covington,Bełżec,06/17/1984,Poland,acovington20@census.gov,554-318-4095
Lolly,Leggett,Lago da Pedra,10/19/1977,Brazil,lleggett21@constantcontact.com,844-448-2124
Cati,Cardew,Mansa,06/13/1957,Zambia,ccardew22@europa.eu,322-226-0331
Hymie,Sothcott,Spanish Wells,02/11/1991,Bahamas,hsothcott23@jugem.jp,886-579-3861
Dimitri,Paolicchi,Široki Brijeg,11/17/1980,Bosnia and Herzegovina,dpaolicchi24@xinhuanet.com,502-534-1006
Avram,Townsend,Bočar,04/10/1969,Serbia,atownsend25@taobao.com,813-727-6455
Flynn,St. Hill,Perehonivka,09/14/1975,Ukraine,fsthill26@addtoany.com,871-895-0679
Ingmar,Liepmann,Brive-la-Gaillarde,04/29/1971,France,iliepmann27@imdb.com,528-555-5263
Dorise,Murie,Tolosa,12/12/1959,Philippines,dmurie28@msu.edu,668-158-6497
Harry,Persse,Unidad,09/27/1955,Philippines,hpersse29@4shared.com,301-415-4805
Kimberli,Koubek,Massy,07/21/1975,France,kkoubek2a@bloglovin.com,665-477-9577
Ezmeralda,Lennon,Aioi,08/15/1979,Japan,elennon2b@hhs.gov,309-441-2107
Lana,Vanyukov,Cihua,08/10/1958,China,lvanyukov2c@usa.gov,888-722-1302
Jen,Indge,,,,jindge2d@stumbleupon.com,
Elisabeth,Bullen,Mainque,03/09/1965,Argentina,ebullen2e@yahoo.com,238-258-0191
Dill,Mocker,Novocherkassk,08/18/1954,Russia,dmocker2f@privacy.gov.au,828-784-2474
Saundra,Dunn,Kamru,02/16/1987,China,,598-435-9999
Currie,Ziebart,Baugo,09/02/1966,Philippines,,665-191-8959
Vin,Kettle,Kablukan,12/19/1991,Indonesia,vkettle2i@cafepress.com,190-500-9423
Earvin,Gutsell,Xiashuitou,01/09/1988,China,egutsell2j@archive.org,789-517-0260
Maxi,Rapkins,Velké Němčice,10/05/1966,Czech Republic,,695-426-8464
Clarisse,Eake,Hehu,02/16/1966,China,ceake2l@51.la,615-470-2710
Corella,Wadmore,Krosno Odrzańskie,03/18/1971,Poland,cwadmore2m@stanford.edu,664-206-4432
Morty,Auten,Ippy,01/05/1966,Central African Republic,mauten2n@earthlink.net,368-293-7091
Pauline,Lund,Cuauhtemoc,07/13/1993,Mexico,plund2o@seesaa.net,169-173-4188
Jedediah,Farthing,Aigínio,02/02/1959,Greece,jfarthing2p@sphinn.com,923-722-6137
Mercie,Flori,Nkhotakota,12/17/1979,Malawi,mflori2q@umn.edu,955-170-9824
Erastus,Bello,Lwengo,05/18/1998,Uganda,ebello2r@prweb.com,419-862-0698
Constantine,McVeagh,Chunjiang,01/28/1987,China,,392-975-8827
Audry,Emmanueli,Fenoarivo Atsinanana,09/18/1984,Madagascar,aemmanueli2t@sina.com.cn,238-233-0821
Danny,Leverage,Protaras,11/16/1963,Cyprus,dleverage2u@cnbc.com,178-143-3314
Karissa,Hullins,New Panamao,07/26/1960,Philippines,khullins2v@netscape.com,787-593-5688
Kimball,Casari,Yumbo,10/31/1963,Colombia,,372-982-8111
Fern,Goodband,Suncun,05/16/1986,China,fgoodband2x@goo.gl,447-596-6141
Bancroft,Breheny,Cigintung,05/03/1988,Indonesia,bbreheny2y@squarespace.com,633-463-0982
Findlay,Jaggers,,,,fjaggers2z@vimeo.com,
Yvonne,Whysall,São Joaquim da Barra,07/01/1953,Brazil,ywhysall30@wunderground.com,594-325-5459
Jayson,Maton,Kilindoni,06/04/1991,Tanzania,jmaton31@state.tx.us,213-575-6452
Helga,Ambroz,Hengjie,12/31/1964,China,hambroz32@goo.gl,263-534-7980
Zorina,Gallyon,Toroy,01/13/1986,Indonesia,zgallyon33@archive.org,509-326-2901
Devina,Blannin,Kraaifontein,11/20/1968,South Africa,dblannin34@stanford.edu,733-929-3340
Meyer,Dicey,Columbia,05/15/1959,United States,,803-817-9617
Hazlett,Dennerley,Oklahoma City,06/09/1973,United States,,405-750-3043
Amerigo,O'Dyvoie,Moanemani,10/07/1991,Indonesia,aodyvoie37@rambler.ru,273-995-0130
Rhett,Dady,Bella Vista,04/16/1996,Paraguay,rdady38@dot.gov,249-858-3076
Patten,Sink,Harjavalta,01/18/1989,Finland,psink39@nydailynews.com,968-962-0180
Blanca,Merwood,Villeneuve-sur-Lot,08/13/1970,France,bmerwood3a@csmonitor.com,951-851-8182
Basile,Seabert,Qinglong,01/07/1992,China,,172-594-0320
Kelci,Bowgen,Pasirdalem,03/22/1951,Indonesia,kbowgen3c@msn.com,753-519-0360
Shir,Everly,San Luis Jilotepeque,02/25/1993,Guatemala,severly3d@sphinn.com,539-196-0036
Godwin,Griffoen,Targuist,01/25/1976,Morocco,ggriffoen3e@g.co,307-680-9935
Ollie,Scholey,Upper Hell's Gate,03/29/1975,"Bonaire, Saint Eustatius and Saba ",oscholey3f@g.co,470-544-3050
Jolene,Heild,Huinca Renancó,04/21/1960,Argentina,,184-842-1909
Lanae,Doret,Fraile Pintado,02/22/1966,Argentina,ldoret3h@mit.edu,376-254-2941
Marsha,Dignall,Barra do Corda,08/15/1951,Brazil,mdignall3i@google.co.jp,223-628-7802
Carlos,Jendrich,Pointe-Noire,09/28/1995,Republic of the Congo,cjendrich3j@bbc.co.uk,428-722-8733
Lauree,Splevings,Erjiegou,03/31/1968,China,,378-206-1556
Wilbert,Damsell,,,,wdamsell3l@biblegateway.com,
Winfield,Wisker,Tibiri,06/19/1952,Niger,wwisker3m@zimbio.com,918-716-4877
Hewett,Leyre,Okhansk,01/14/1987,Russia,hleyre3n@wikispaces.com,679-288-7622
Denna,Tabram,Älmhult,03/04/1992,Sweden,dtabram3o@bluehost.com,358-365-1533
Meir,Durnan,Batu,11/17/1972,Philippines,mdurnan3p@squarespace.com,994-798-6164
Abbey,Bewlay,Gar,11/09/1956,China,abewlay3q@bloglovin.com,320-799-0776
Tiffi,Dashkovich,Cabaritan East,07/04/1981,Philippines,,815-708-1616
Quinn,Snowden,Batang,06/08/1971,Indonesia,qsnowden3s@independent.co.uk,626-746-2839
Nikolas,Shopcott,Itbayat,10/26/1966,Philippines,,729-103-8385
Gabriel,Bottini,Gunungputri,01/12/1983,Indonesia,gbottini3u@google.nl,565-617-3915
Gard,De Fries,Kalashnikovo,07/12/1984,Russia,gdefries3v@harvard.edu,722-366-3532
Gretal,Fearn,Gaibei,06/26/1954,China,gfearn3w@phoca.cz,938-397-1569
Cullan,Scoterbosh,Loma Bonita,11/07/1973,Mexico,cscoterbosh3x@merriam-webster.com,625-832-0734
Walther,Wohlers,Westonaria,03/19/1951,South Africa,wwohlers3y@umich.edu,234-740-0088
Rhodie,Timson,,,,rtimson3z@mac.com,
Verge,Upson,Lincoln,01/12/1960,United States,vupson40@51.la,402-123-5148
Anthiathia,Burns,Elbasan,06/22/1997,Albania,aburns41@comsenz.com,894-578-5456
Allix,Mc Caughan,Dobre Miasto,01/23/1974,Poland,amccaughan42@earthlink.net,491-386-3239
Galvan,Cleeves,Queenstown,04/22/1984,South Africa,gcleeves43@blog.com,598-177-1278
Annette,Hancke,San Antonio,11/23/1960,Mexico,ahancke44@bloglines.com,117-298-4883
Babbette,Lante,Gnojnica,07/19/1997,Bosnia and Herzegovina,blante45@comsenz.com,346-108-5081
Ax,Eldon,Naranjal,07/04/1968,Ecuador,aeldon46@examiner.com,662-890-4296
Ruddie,Tayloe,Usatove,11/26/1964,Ukraine,,523-157-7603
Mortie,Scutts,Brocēni,02/16/1963,Latvia,,358-288-4344
Keri,Wagerfield,Geidam,06/02/1983,Nigeria,,855-457-9549
Puff,Benzie,Sacanta,10/22/1972,Argentina,pbenzie4a@sitemeter.com,664-250-0636
Crista,Quant,Alibago,10/29/1994,Philippines,cquant4b@blogspot.com,217-132-6690
Jemimah,Loughran,Janja,05/22/1967,Bosnia and Herzegovina,jloughran4c@rediff.com,366-108-8886
Jesselyn,Ensten,Nawal,05/27/1998,Nepal,jensten4d@i2i.jp,429-665-9453
Walker,Reddyhoff,Krapina,03/20/1994,Croatia,wreddyhoff4e@stumbleupon.com,258-785-9150
Nigel,Cammiemile,Mulleriyawa,10/09/1972,Sri Lanka,ncammiemile4f@ehow.com,199-392-5184
Florance,Duling,Barcarena,03/09/1962,Brazil,fduling4g@joomla.org,140-343-5041
Ailis,Doone,,,,adoone4h@google.com,
Lyndsey,Walkinshaw,Bukitkemuning,05/05/1982,Indonesia,lwalkinshaw4i@apache.org,367-288-4345
Sharia,Yanele,Yanggang,12/08/1987,China,syanele4j@foxnews.com,980-167-4989
Peg,McNae,Cairima,09/28/1963,China,pmcnae4k@github.com,670-707-4576
Elysha,MacAlroy,Meghrashen,10/10/1980,Armenia,emacalroy4l@google.ru,203-888-8866
Kakalina,Frantzeni,,,,kfrantzeni4m@yolasite.com,
Blondell,Mingardi,Mayang,10/01/1987,China,bmingardi4n@apache.org,399-978-6399
Cecily,Deviney,Az Zintān,01/22/1980,Libya,cdeviney4o@foxnews.com,852-110-4146
Gaylor,Fulleylove,Oslo,10/11/1957,Norway,gfulleylove4p@weibo.com,836-720-2861
Kassie,Smouten,Pecatu,03/08/1960,Indonesia,ksmouten4q@virginia.edu,321-709-1111
Sissie,Marchington,Sosnovka,03/25/1983,Russia,smarchington4r@alexa.com,203-959-0183
Shena,Winnister,Zürich,05/03/1975,Switzerland,swinnister4s@arizona.edu,158-819-1005
Tiertza,Girdlestone,Fenggang,03/30/1988,China,tgirdlestone4t@china.com.cn,328-230-7382
Lorena,Woodes,Göteborg,08/24/1987,Sweden,lwoodes4u@mysql.com,669-276-9751
Esteban,Gioan,Osekovo,04/28/1982,Croatia,egioan4v@unesco.org,301-470-8289
Joelie,Booley,Lgota Wielka,04/29/1956,Poland,jbooley4w@google.com.hk,579-369-5164
Cristabel,Martyn,Morcolla,04/29/1968,Peru,cmartyn4x@free.fr,106-512-2688
Reinaldo,Kenwood,Sadao,03/16/1982,Thailand,rkenwood4y@weather.com,840-996-7444
Kahlil,Allmen,Nanga Eboko,07/31/1973,Cameroon,kallmen4z@google.com.hk,496-482-3135
Lucais,Haszard,Durham,03/12/1964,United States,lhaszard50@slate.com,434-644-2057
Carlie,Corfield,Błaszki,07/15/1998,Poland,ccorfield51@ed.gov,207-922-1727
Saraann,Phethean,Yushan,03/19/1980,China,sphethean52@cbslocal.com,272-922-9182
Franz,Barizeret,Darband,08/03/1969,Tajikistan,,537-333-5757
Tilly,Strapp,,,,tstrapp54@berkeley.edu,
Willetta,Packwood,Marne-la-Vallée,04/06/1993,France,wpackwood55@google.ca,232-937-3417
Leela,Panther,Duwakbuter,11/08/1972,Indonesia,lpanther56@last.fm,568-712-5306
Murvyn,Nilges,Youssoufia,10/16/1961,Morocco,mnilges57@cbc.ca,311-837-2523
Trace,Duffan,Niamtougou,11/17/1959,Togo,tduffan58@fotki.com,237-259-8201
Jarrad,Kinker,Ernestinovo,03/05/1989,Croatia,jkinker59@oakley.com,907-757-6404
Alfred,Bruhnicke,Bobadela,01/14/1973,Portugal,abruhnicke5a@narod.ru,214-151-3740
Doralin,Lepard,Gul’cha,07/02/1983,Kyrgyzstan,dlepard5b@umich.edu,347-250-2757
Maurise,Tovey,Lunéville,11/19/1960,France,mtovey5c@amazon.de,472-331-9401
Even,Harborow,Ngembul,11/22/1951,Indonesia,eharborow5d@alexa.com,946-393-3176
Greta,Thursfield,Pocito,06/12/1990,Argentina,gthursfield5e@house.gov,768-437-2715
Blisse,Pierrepont,Drachten,03/07/1993,Netherlands,,366-302-8652
Felicdad,Nutty,Belyy Yar,01/19/1997,Russia,fnutty5g@slideshare.net,159-889-9425
Rorke,Veque,Semiletka,09/20/1980,Russia,rveque5h@ted.com,978-703-1408
Langsdon,Vittore,Enskededalen,04/19/1976,Sweden,lvittore5i@deliciousdays.com,634-615-6944
Myron,Francescoccio,Fuxing,07/03/1990,China,mfrancescoccio5j@state.gov,278-586-3155
Stanleigh,Sneller,,,,,
Tremaine,Whines,Petrovo-Dal’neye,08/11/1981,Russia,twhines5l@biglobe.ne.jp,442-256-2369
Alicia,Kensit,Eksjö,06/23/1999,Sweden,akensit5m@chicagotribune.com,349-497-1891
Noemi,Eastabrook,Sungaipuntik,04/03/1958,Indonesia,neastabrook5n@bizjournals.com,499-712-6817
Moyra,Bryden,Tayasan,01/18/1998,Philippines,mbryden5o@businesswire.com,858-462-3575
Lucina,Fontes,Cimaragas,09/13/1981,Indonesia,,451-313-3351
Lilian,Comello,Maigo,12/01/1990,Philippines,lcomello5q@vimeo.com,443-729-0006
Blakeley,Meadus,Villa General Belgrano,06/03/1960,Argentina,bmeadus5r@hexun.com,860-308-4497
Sapphira,Sharpley,Alto Río Senguer,05/07/1978,Argentina,ssharpley5s@prlog.org,617-968-2367
Kennett,Rumgay,Silveiros,06/15/1961,Portugal,,645-152-6053
Kathi,Razoux,Berekum,08/22/1976,Ghana,krazoux5u@intel.com,666-455-5934
Connie,Cuckson,Setúbal,10/19/1951,Portugal,,268-554-9967
Joli,Baitson,Ersekë,09/09/1964,Albania,jbaitson5w@e-recht24.de,421-889-5650
Odey,Vagg,Porto Real,08/06/1992,Brazil,ovagg5x@icio.us,612-535-1333
Zeke,Gernier,Telhado,01/05/1959,Portugal,zgernier5y@scribd.com,820-701-0824
Emanuele,Suckling,Orvault,10/22/1990,France,,532-969-7304
Wallie,Well,Stockholm,10/25/1972,Sweden,wwell60@loc.gov,343-938-2954
Babs,Keighly,Delft,12/30/1999,Netherlands,bkeighly61@indiatimes.com,848-691-5634
Fraser,Cherrie,Baganha,04/07/1980,Portugal,fcherrie62@seattletimes.com,911-440-2971
Doloritas,Eckhard,Yoshii,01/19/1991,Japan,deckhard63@seesaa.net,848-870-2304
Clerc,Brandes,Ulricehamn,02/08/1993,Sweden,cbrandes64@nytimes.com,412-366-0252
Dex,Shepherdson,Bang Lamung,12/03/1978,Thailand,dshepherdson65@blogspot.com,362-701-1908
Hollie,Rome,Airmadidi,01/08/1955,Indonesia,hrome66@plala.or.jp,779-980-2815
Eal,Fifoot,Sergelen,08/13/1990,Mongolia,efifoot67@weibo.com,452-638-5243
Pippy,Sirrell,Bokat,10/28/1968,Indonesia,psirrell68@statcounter.com,972-749-8572
Gilda,Burbank,Pont Cassé,09/25/1966,Dominica,gburbank69@vistaprint.com,765-433-4264
Kellby,Cropp,Evijärvi,08/31/1966,Finland,kcropp6a@tinypic.com,756-213-6538
Judas,Deluze,Donja Brela,03/31/1991,Croatia,jdeluze6b@hibu.com,695-377-9272
Forrester,Dubble,,,,fdubble6c@unblog.fr,
Marsiella,Chimienti,Montpellier,07/13/1978,France,mchimienti6d@ucoz.com,272-117-2977
Dorette,Cockram,Esik,06/22/1952,Kazakhstan,dcockram6e@technorati.com,492-224-0840
Olva,Guirardin,Yanqian,03/18/1966,China,oguirardin6f@ow.ly,384-317-8174
Halley,Olexa,Zhenyuan,04/19/1992,China,,197-946-5712
Tanney,Jindrich,Milano,03/21/1964,Italy,,286-648-0019
Raeann,Dallman,Yinping,10/08/1970,China,rdallman6i@shinystat.com,336-662-4196
Willy,Thomazet,Baizhang,09/23/1950,China,wthomazet6j@webeden.co.uk,724-941-3687
Neron,Sawell,Khāliş,12/12/1986,Iraq,nsawell6k@deviantart.com,986-115-3436
Obediah,Pentin,Hongguang,02/13/1981,China,opentin6l@mashable.com,244-903-6479
Glendon,Guido,Feondari,11/10/1991,Indonesia,,808-782-1111
Constance,Josefsson,,,,,
Nari,Scolland,Addis Ababa,02/13/1979,Ethiopia,nscolland6o@ted.com,617-414-5205
Ali,Dunstone,,,,adunstone6p@ucla.edu,
Hermina,Children,Tangga’an,12/29/1997,China,hchildren6q@domainmarket.com,478-619-9578
Jorie,Ladel,Nedakonice,09/01/1972,Czech Republic,jladel6r@webmd.com,313-670-2835
Ewell,Lias,Oslo,02/13/1999,Norway,elias6s@theguardian.com,276-827-3371
Hedda,Klammt,Garunggang,01/29/1960,Indonesia,hklammt6t@instagram.com,573-497-0156
Kristofer,Canete,Port Maria,12/17/1967,Jamaica,kcanete6u@youtube.com,390-923-7242
Bink,Hoovart,Zhongxin,03/14/1973,China,bhoovart6v@addthis.com,972-602-5851
Angelo,Zealander,Changyŏn,11/01/1960,North Korea,azealander6w@skype.com,146-872-6306
Farlie,Mant,Libertad,08/14/1992,Philippines,fmant6x@wisc.edu,294-232-5441
Gayel,O'Carney,Oenopu,09/27/1952,Indonesia,gocarney6y@usa.gov,286-813-0359
Pennie,Feaveer,São Pedro,07/04/1988,Portugal,pfeaveer6z@github.io,608-992-0349
Rosetta,Nias,Sa'dah,04/13/1976,Yemen,,186-242-7588
Jonah,While,Chhātak,07/12/1969,Bangladesh,jwhile71@hp.com,739-758-5035
Priscella,Duiguid,Vannes,08/26/1988,France,pduiguid72@youtube.com,868-363-0818
Adolph,Schlagtmans,Siding,04/29/1985,Indonesia,,564-761-3388
Doll,Vanezis,Valenciennes,09/03/1959,France,dvanezis74@sakura.ne.jp,521-864-1512
Abraham,Marsh,Dongzaogang,10/15/1991,China,amarsh75@smh.com.au,128-607-8794
Athena,Scroxton,Boise,09/05/1966,United States,ascroxton76@tripod.com,208-766-1510
Odessa,Alldridge,Batulenger Barat,12/10/1989,Indonesia,,500-285-6943
Kaitlin,Appleford,Tyczyn,08/21/1954,Poland,kappleford78@narod.ru,634-277-1043
Paul,Sumner,Wilmington,05/01/1996,United States,psumner79@squarespace.com,302-337-9077
Ekaterina,Woollons,San Miguel de Tucumán,05/13/1978,Argentina,ewoollons7a@mapy.cz,269-101-7756
Dallis,Rollitt,Dong Liang’erzhuang,03/28/1959,China,drollitt7b@amazon.de,150-887-6188
Margot,Filipovic,Yoshikawa,09/22/1959,Japan,mfilipovic7c@hp.com,338-620-5064
Vassily,Deakes,Byala,06/05/1956,Bulgaria,vdeakes7d@altervista.org,544-379-7712
Loni,Kubiak,Saint-Étienne,05/18/1956,France,lkubiak7e@marketwatch.com,824-903-4221
Pattin,Erwin,Rathwire,02/14/1990,Ireland,perwin7f@cnet.com,869-907-1514
Evelyn,Tipton,,,,etipton7g@imdb.com,
Helenelizabeth,Serridge,Oklahoma City,06/16/1951,United States,hserridge7h@google.ca,405-108-0360
Carmelia,Hasley,Lianxia,12/28/1990,China,chasley7i@marriott.com,540-663-4076
Annabela,Wibrow,Skärholmen,03/29/1973,Sweden,awibrow7j@twitter.com,755-658-5617
Alexandr,Jeffries,Ucuncha,07/24/1951,Peru,ajeffries7k@mozilla.com,559-690-0669
Dicky,Vanderplas,Liangjing,06/18/1995,China,dvanderplas7l@netlog.com,584-859-5274
Mario,Venables,Babakantonggoh,10/14/1959,Indonesia,mvenables7m@imgur.com,333-306-2650
Adelice,Dudden,Lomé,03/26/1957,Togo,adudden7n@a8.net,473-197-2545
Carla,Baber,Mukacheve,05/19/1975,Ukraine,cbaber7o@irs.gov,182-484-8997
Myrah,O'Mahoney,Ebebiyin,03/28/1965,Equatorial Guinea,momahoney7p@blogger.com,681-969-7129
Felicdad,Foulser,Poputnaya,01/20/1965,Russia,ffoulser7q@w3.org,652-813-6608
Laurence,Hymer,Xubu,12/11/1998,China,lhymer7r@odnoklassniki.ru,706-449-1484
Tallie,Slowcock,Uvira,07/26/1958,Democratic Republic of the Congo,,175-451-7287
Aurlie,Woolaghan,Kedungbang,09/19/1962,Indonesia,awoolaghan7t@scribd.com,269-469-4953
Jordan,Mogie,Qal‘ah-ye Shāhī,07/28/1975,Afghanistan,jmogie7u@vimeo.com,607-416-8912
Ronni,Terram,Ksour Essaf,07/23/1969,Tunisia,rterram7v@eventbrite.com,235-278-0282
Alexandro,Caesmans,Calzada Larga,06/08/1971,Panama,acaesmans7w@phoca.cz,855-622-4011
Ina,Grichukhanov,Esperança,05/05/1986,Brazil,igrichukhanov7x@squidoo.com,263-816-1281
Sophie,Dragon,Tenancingo,10/13/1978,El Salvador,sdragon7y@netlog.com,409-575-1536
Aurelea,Wileman,Sufang,04/04/1976,China,,112-614-4744
Modestia,Peter,,,,mpeter80@tamu.edu,
Coleman,Riedel,Kranuan,05/14/1984,Thailand,criedel81@weather.com,256-802-8806
Othilie,Denney,Sampungu,11/14/1990,Indonesia,,145-241-4292
Kris,Oury,,,,koury83@linkedin.com,
Hermia,Fearon,Budapest,01/08/1955,Hungary,hfearon84@flavors.me,380-139-2532
Sheeree,Gilcrist,Lucas,05/06/1982,Brazil,sgilcrist85@scientificamerican.com,800-239-1810
Rozalie,Barg,Panggung,09/08/1953,Indonesia,rbarg86@nyu.edu,148-629-1815
Ashil,Wones,Realeza,12/15/1974,Brazil,awones87@tumblr.com,700-452-3608
Emilio,Meyrick,Ayaviri,04/09/1974,Peru,emeyrick88@comsenz.com,613-116-3958
Penelopa,Peerless,Moratuwa,12/07/1994,Sri Lanka,ppeerless89@eventbrite.com,122-314-4391
Angie,Gawthorp,Mikhaylov,05/01/1970,Russia,,992-362-7947
Marja,Duncan,Oenpeotnai,07/08/1970,Indonesia,mduncan8b@ebay.co.uk,736-577-3669
Adara,Jaycox,Nabari,05/10/1966,Japan,ajaycox8c@cdbaby.com,114-161-1116
Gail,Serridge,Zipaquirá,05/13/1996,Colombia,gserridge8d@theatlantic.com,908-487-3225
Dev,Squeers,Nacimiento,05/22/1975,Chile,,128-847-7990
Cori,Bassilashvili,Riba de Ave,05/18/1982,Portugal,cbassilashvili8f@newsvine.com,851-766-8138
Luci,Salterne,Jipijapa,04/12/1958,Ecuador,lsalterne8g@yahoo.com,505-119-6416
Iseabal,Carnalan,Xinglong,07/09/1960,China,icarnalan8h@sciencedaily.com,318-607-3885
Vonny,Mockes,Palencia,07/19/1992,Guatemala,vmockes8i@51.la,789-413-0540
Nell,Bennie,Xiaojin,06/11/1963,China,nbennie8j@wsj.com,630-736-8557
Korie,Jeaneau,Estrada,05/04/1957,Portugal,kjeaneau8k@mapquest.com,136-707-5120
Way,Crosland,Ribeiro,06/30/1986,Portugal,,404-781-9820
Sharona,Meaddowcroft,Bangkok,08/16/1985,Thailand,,353-643-0501
Yvon,Venny,Xuelu,08/20/1968,China,yvenny8n@e-recht24.de,561-744-0798
Almeria,Dagon,Boucherville,02/24/1975,Canada,,809-600-5345
Jervis,Ponsford,Qızılhacılı,09/05/1984,Azerbaijan,jponsford8p@tinypic.com,757-516-2265
Minor,Cribbins,Rayong,12/14/1998,Thailand,mcribbins8q@si.edu,412-964-0445
Marc,Hurne,Valence,06/23/1997,France,,555-593-4788
Karol,Peasgood,Lancar,05/20/1995,Indonesia,,843-220-5355
Roth,Plowright,Xifangcheng,03/15/1998,China,rplowright8t@irs.gov,390-509-3597
Krista,Vink,Sabandia,02/20/1991,Peru,kvink8u@comsenz.com,496-276-4246
Patsy,Mingame,Teófilo Otoni,12/06/1960,Brazil,pmingame8v@fastcompany.com,159-772-9005
Matilda,Figgess,Bo Kluea,07/31/1961,Thailand,mfiggess8w@simplemachines.org,610-233-5652
Ricky,Errey,Mahanoro,08/01/1995,Madagascar,rerrey8x@weather.com,304-670-9531
Rowney,Fryman,Young America,10/23/1982,United States,rfryman8y@yandex.ru,952-489-7346
Constance,Terrans,Porvenir,10/30/1991,Uruguay,cterrans8z@microsoft.com,562-686-0556
Marika,Penniell,Thị Trấn Yên Ninh,01/17/1954,Vietnam,mpenniell90@cocolog-nifty.com,840-261-0627
Arnold,O'Carney,Skórcz,03/17/1987,Poland,,887-786-1132
Lita,Winward,Dobczyce,01/23/1989,Poland,lwinward92@earthlink.net,878-867-2214
Alexi,Woodes,Paris 01,12/07/1954,France,awoodes93@craigslist.org,578-936-7632
Sheilakathryn,Ling,Ban Na Muang,11/12/1981,Thailand,,325-257-8729
Davy,Runcie,Massy,04/04/1952,France,druncie95@pinterest.com,899-681-0128
Florinda,Hargey,Jiangdianzi,06/22/1958,China,fhargey96@usa.gov,260-605-5036
Sylvan,Pattenden,Shkodër,09/10/1993,Albania,spattenden97@delicious.com,616-787-5963
Gloriana,Archell,Shibirghān,10/12/1968,Afghanistan,garchell98@xrea.com,355-483-6277
Marius,Brockhouse,Skalat,08/20/1981,Ukraine,mbrockhouse99@angelfire.com,906-454-9815
Wenda,Evanson,Fovissste,06/27/1967,Mexico,wevanson9a@aboutads.info,259-138-2912
Lynna,Jaynes,Bata Tengah,11/20/1969,Indonesia,ljaynes9b@youtube.com,429-730-4590
Jerrilee,Glenny,Hongcheng,07/01/1989,China,jglenny9c@gov.uk,923-760-3870
Diane,MacCosty,Bundoran,01/04/1960,Ireland,dmaccosty9d@marriott.com,481-860-1358
Terese,Linham,Weiguo,03/07/1991,China,,154-986-6190
Jareb,Wemm,Aliuroba,12/03/1977,Indonesia,jwemm9f@auda.org.au,208-123-1898
Cherie,Huygen,Apeldoorn,12/11/1994,Netherlands,chuygen9g@yelp.com,252-592-1936
Cassy,Leaf,,,,cleaf9h@rambler.ru,
Octavius,Linebarger,Huangrangping,06/10/1992,China,olinebarger9i@tuttocitta.it,765-766-2603
Roze,Lloyds,Usab,01/28/1958,Philippines,rlloyds9j@howstuffworks.com,227-695-8822
Miner,Top,Linggou,05/17/1975,China,mtop9k@drupal.org,717-830-7204
Rebecca,McLanachan,Ndibène Dahra,05/16/1950,Senegal,rmclanachan9l@photobucket.com,538-935-4837
Halli,Porkiss,Caringin,06/10/1976,Indonesia,hporkiss9m@networkadvertising.org,407-735-7366
Cathryn,Sinnocke,Moglicë,12/09/1984,Albania,csinnocke9n@gnu.org,112-607-1070
Maye,Chrisp,Awilega,05/05/1983,Indonesia,mchrisp9o@theglobeandmail.com,901-346-9159
Thomasa,Joseph,Reims,12/29/1958,France,tjoseph9p@bandcamp.com,531-400-5924
Thomasina,Slyman,Kluczbork,04/29/1961,Poland,tslyman9q@zimbio.com,738-753-9219
Morgan,Shailer,Sapiranga,07/14/1997,Brazil,mshailer9r@yelp.com,626-951-9279
Cherey,Hecks,Lagoa da Prata,03/07/1951,Brazil,checks9s@hhs.gov,849-802-3397
Gennifer,Sivell,Nazran’,01/25/1976,Russia,,100-350-3242
Gisela,Bartolomeazzi,,,,gbartolomeazzi9u@washingtonpost.com,
Kayley,Kift,Burgos,09/28/1953,Philippines,kkift9v@virginia.edu,892-368-2554
Kellina,Effaunt,Crespo,09/15/1969,Argentina,,877-462-6851
Malynda,Kelby,Wang’er,12/14/1996,China,mkelby9x@engadget.com,302-283-5015
Amity,Elnough,Waitara,10/21/1950,New Zealand,,220-247-3451
Charil,De la croix,,,,cdelacroix9z@t-online.de,
Marianne,Shellshear,Kaniv,11/15/1956,Ukraine,mshellsheara0@opensource.org,928-206-0473
Tudor,Bailie,Dawan,07/01/1998,China,tbailiea1@bravesites.com,412-710-9915
Randa,Laverack,Ordzhonikidze,03/06/1971,Kazakhstan,rlaveracka2@wufoo.com,314-711-4104
Penny,Crich,Panineungan,12/16/1961,Indonesia,pcricha3@booking.com,750-620-2579
Silvia,Libbey,Xingquan,04/07/1966,China,slibbeya4@miibeian.gov.cn,140-403-0193
Yuma,Rosini,Cruzeiro,01/27/1950,Portugal,yrosinia5@github.com,437-668-9954
Norine,Rubinsaft,Fovissste,03/15/1983,Mexico,nrubinsafta6@netscape.com,915-226-8214
Enrico,Adderley,Kostyantynivka,11/10/1958,Ukraine,eadderleya7@yale.edu,107-128-2805
Enrichetta,Spradbery,Jabłonka,10/30/1977,Poland,espradberya8@house.gov,122-323-4744
Johnath,Burtwell,Sapiranga,10/12/1967,Brazil,,715-835-5047
Felipe,Calver,Aranos,01/03/1993,Namibia,fcalveraa@studiopress.com,495-563-8562
Benedetto,Jura,Xinghuo,09/29/1950,China,bjuraab@admin.ch,927-527-4226
Fitz,Drakers,Torre de Moncorvo,06/13/1980,Portugal,,236-530-7285
Gavan,Nitti,Narutō,05/14/1995,Japan,,421-349-3277
Deidre,Pechacek,,,,dpechacekae@nih.gov,
Jonah,Gatehouse,Yukuriawat,02/08/1966,China,jgatehouseaf@myspace.com,278-868-4644
Catlin,Dayment,Montemor-o-Velho,02/29/1972,Portugal,cdaymentag@behance.net,201-851-0231
Brit,Dews,Peukanbada,08/04/1992,Indonesia,bdewsah@jigsy.com,812-768-5472
Wallis,Meneyer,Linao,03/22/1950,Philippines,wmeneyerai@bloglines.com,248-528-3428
Tawnya,Lydall,Kool Tengah,10/16/1957,Indonesia,tlydallaj@twitpic.com,121-780-0546
Carlin,Swanborrow,Shixiang,05/26/1966,China,cswanborrowak@digg.com,470-357-4420
Clyve,Rogans,Yenakiyeve,02/17/1989,Ukraine,crogansal@dmoz.org,258-497-9995
Viola,Gaffney,Carapicuíba,03/29/1994,Brazil,vgaffneyam@smugmug.com,251-106-0003
Jany,Sjollema,Bolhrad,08/19/1961,Ukraine,jsjollemaan@comcast.net,519-648-0852
Marco,Grebert,Pongkor,12/24/1950,Indonesia,mgrebertao@w3.org,160-591-3398
Bibi,Croucher,,,,bcroucherap@merriam-webster.com,
Brandon,Powling,Cikembar,12/25/1980,Indonesia,bpowlingaq@webnode.com,619-541-5926
Anallise,Bambery,,,,,
Anjela,Braunfeld,Kawm Umbū,01/14/1967,Egypt,abraunfeldas@fc2.com,848-960-1830
Gretchen,Currall,Maintang,11/26/1973,China,gcurrallat@smugmug.com,837-168-4866
Lavina,Schimoni,Xianghuaqiao,02/04/1957,China,lschimoniau@ycombinator.com,380-818-8507
Georgena,Birkenshaw,Santa Cruz Balanyá,05/04/1951,Guatemala,gbirkenshawav@blogger.com,764-758-3836
Abbe,Yule,Lagoa Vermelha,04/26/1991,Brazil,ayuleaw@bandcamp.com,422-564-4962
Orazio,Stutter,Francisco I Madero,07/25/1998,Mexico,ostutterax@yahoo.co.jp,341-501-3617
Stacy,Norledge,Ngujuran,12/27/1965,Indonesia,snorledgeay@google.nl,582-573-6314
Marthena,Bickle,Timoulilt,04/04/1961,Morocco,,421-185-2157
Dorris,Grigoletti,Chicago,06/27/1982,United States,dgrigolettib0@typepad.com,312-369-9214
Gaston,Jugging,Voskhod,10/18/1952,Ukraine,gjuggingb1@dyndns.org,323-109-2207
Hedwig,Monk,Cisoka,01/23/1985,Indonesia,hmonkb2@netlog.com,962-236-8292
Giovanna,Baggelley,Panalo-on,07/20/1959,Philippines,gbaggelleyb3@is.gd,196-621-3304
Lynnette,Sigars,Martinópolis,03/23/1959,Brazil,lsigarsb4@dot.gov,260-904-2097
Ramsay,Habbes,Potok Złoty,05/09/1969,Poland,,553-291-3159
Candie,Phillcox,Quetigny,10/26/1980,France,cphillcoxb6@umn.edu,788-753-3773
Risa,Caselick,Nyala,05/09/1957,Sudan,rcaselickb7@scientificamerican.com,324-547-4874
Dalia,Lassen,Pančevo,12/24/1955,Serbia,dlassenb8@economist.com,106-220-7905
Tamas,Stadding,Thị Trấn Tà Lùng,01/21/1989,Vietnam,,980-751-4781
Nevile,Rolin,Cẩm Phả Mines,09/10/1963,Vietnam,nrolinba@cisco.com,140-638-3181
Ginnifer,Andree,Jiangyi,10/22/1966,China,gandreebb@newsvine.com,655-431-7043
Trevar,Bodycomb,Yangkang,06/09/1964,China,tbodycombbc@nsw.gov.au,125-496-6165
Milicent,Balsdon,Zhaixi,09/04/1997,China,,840-511-4278
Marylynne,Albon,La Plata,11/08/1966,Argentina,malbonbe@opera.com,944-250-7391
Bailie,Espino,Amman,08/26/1968,Jordan,,737-467-8510
Pearl,Jerche,Solna,02/08/1984,Sweden,pjerchebg@phpbb.com,843-842-9034
Chane,Slay,Martapura,09/05/1990,Indonesia,cslaybh@tripod.com,554-859-1265
Hanni,Gealle,Vatutino,06/09/1997,Russia,hgeallebi@chronoengine.com,666-278-0284
Phaidra,Pardy,Erfurt,04/02/1973,Germany,ppardybj@canalblog.com,474-797-4196
Danica,Eastope,Talpe,04/29/1996,Sri Lanka,deastopebk@imageshack.us,543-889-3018
Antonius,Bortoletti,Berëzovskiy,12/23/1977,Russia,abortolettibl@addthis.com,363-372-4901
Sonia,Wulfinger,Yuen Long Kau Hui,05/03/1965,Hong Kong,swulfingerbm@unicef.org,946-349-6316
Jeth,Georgel,Belčišta,01/12/1985,Macedonia,jgeorgelbn@nydailynews.com,226-501-1315
Roda,Fockes,Batukuta,07/18/1955,Indonesia,rfockesbo@sogou.com,196-167-2248
Dael,McCrystal,Dingjiaqiao,10/08/1973,China,dmccrystalbp@nih.gov,759-263-8395
Ruthie,Friskey,Baraguá,10/21/1961,Cuba,rfriskeybq@4shared.com,197-635-8060
Sterling,Ciccotti,Saint Joseph,10/24/1959,United States,sciccottibr@opensource.org,816-567-0857
Jenine,Lazar,Nacaome,11/07/1981,Honduras,jlazarbs@mlb.com,954-643-5940
Logan,Berthome,Zhenqiao,04/10/1985,China,lberthomebt@geocities.jp,663-852-3922
Davide,Mustarde,Pahonjean,01/05/1982,Indonesia,dmustardebu@vimeo.com,614-887-6770
Eveline,Zoppo,Majagual,02/11/1981,Colombia,,145-500-4207
Wendi,Jordan,Kamárai,07/05/1977,Greece,wjordanbw@wikia.com,663-632-1855
Isabelita,Mannion,Vrangel’,10/03/1984,Russia,,489-504-6307
Aksel,Skates,Jining,11/19/1999,China,askatesby@symantec.com,232-724-9698
Sharyl,Bravey,Angkup,02/01/1997,Indonesia,,815-910-2948
Winonah,Danby,Guangfu,01/01/1972,China,wdanbyc0@moonfruit.com,558-502-7644
Eliza,Perfect,Várzea,02/16/1971,Portugal,eperfectc1@shinystat.com,312-286-3848
Barnabas,Plevin,,,,bplevinc2@wordpress.com,
Shawn,Faers,São Miguel da Carreira,04/22/1989,Portugal,sfaersc3@slideshare.net,497-641-0813
Mauricio,Cabrer,Qiaotou,03/06/1989,China,mcabrerc4@icq.com,862-123-0100
Glenden,Bantham,Turbo,12/31/1967,Colombia,gbanthamc5@oracle.com,464-769-4882
Tally,Cobley,Zuya,10/28/1999,Ukraine,tcobleyc6@elpais.com,197-339-9316
Kerwin,Lumb,Jicomé,07/24/1973,Dominican Republic,klumbc7@aol.com,801-279-6341
Krissy,Ovens,Nevyts’ke,02/14/1999,Ukraine,kovensc8@abc.net.au,572-577-1005
Darda,Chatters,Pateh Sam,02/14/1993,Gambia,dchattersc9@narod.ru,896-542-4679
Henryetta,Dionisio,,,,hdionisioca@ihg.com,
Tish,Fenby,Xilin Hot,07/03/1956,China,tfenbycb@liveinternet.ru,623-611-3790
Harriette,Gauler,Amalfi,10/09/1988,Colombia,hgaulercc@usnews.com,258-632-0428
Alaine,Moncaster,San Miguel,04/24/1971,Philippines,amoncastercd@plala.or.jp,837-507-2834
Nichols,Howbrook,Västerås,08/10/1950,Sweden,nhowbrookce@goo.ne.jp,414-223-8084
Cori,Dudley,Saga,12/19/1961,China,cdudleycf@chicagotribune.com,392-370-2953
Viviana,Wace,Puerto Obaldía,03/09/1976,Panama,,758-264-3270
Marlene,Scritch,Cileueur,02/14/1993,Indonesia,mscritchch@google.ru,388-285-9984
Diane-marie,Kezourec,Yatsushiro,08/03/1998,Japan,dkezourecci@purevolume.com,839-150-8507
Bevan,Fawltey,Casal Novo,11/24/1987,Portugal,,610-549-3815
Roselin,Hawthorn,Marshintsy,07/31/1972,Ukraine,rhawthornck@mapy.cz,290-776-9595
Mei,Hurrion,Banjar Timbrah,12/13/1972,Indonesia,mhurrioncl@vk.com,394-178-2159
Nollie,Garratty,Sainte-Anne-des-Plaines,05/06/1956,Canada,ngarrattycm@spiegel.de,107-659-4830
Peggie,Toal,Nova Iguaçu,04/17/1991,Brazil,ptoalcn@sohu.com,342-818-7638
Georgie,Jent,Racine,08/01/1953,United States,gjentco@uiuc.edu,262-478-8439
Eduardo,Mordey,Kinzan,08/26/1998,South Korea,emordeycp@discuz.net,502-635-1141
Ewen,Claricoates,,,,eclaricoatescq@merriam-webster.com,
Wallis,Broader,Lokot’,02/13/1979,Russia,wbroadercr@berkeley.edu,446-996-3046
Elsi,Krzyzowski,Gradići,06/15/1951,Croatia,ekrzyzowskics@google.it,828-779-6792
Konstance,Kleinhausen,Zhendu,12/04/1990,China,kkleinhausenct@baidu.com,545-906-9766
Ced,Bucknell,Saint-Pierre,04/14/1981,Saint Pierre and Miquelon,cbucknellcu@cargocollective.com,722-880-7744
Maud,Spurryer,Shanglu,07/08/1978,China,,570-740-1718
Monah,Kersley,Koufália,04/09/1981,Greece,mkersleycw@liveinternet.ru,779-803-8235
Rachel,Handling,Watuagung,10/05/1996,Indonesia,rhandlingcx@omniture.com,305-902-9278
Salim,Dei,Polýkastro,08/23/1978,Greece,sdeicy@blogs.com,542-265-6550
Gratiana,Levey,Kaduluhur,01/30/1989,Indonesia,gleveycz@loc.gov,273-109-0140
Aurore,Mathias,Huaguoshan,12/10/1974,China,amathiasd0@illinois.edu,880-435-6415
Herold,Nursey,Fort-de-France,12/21/1994,Martinique,hnurseyd1@skyrock.com,428-528-6027
Carline,Normandale,Mikumi,08/17/1959,Tanzania,cnormandaled2@state.gov,277-512-9078
Franky,Brasted,Rawa,01/11/1969,China,fbrastedd3@washington.edu,835-420-3449
Hedy,Tomovic,Chiba,05/27/1958,China,htomovicd4@flickr.com,895-297-5117
Cathryn,May,Stockholm,12/11/1993,Sweden,cmayd5@youku.com,202-188-9814
Leland,Madoc-Jones,Nanxing,04/14/1970,China,lmadocjonesd6@bizjournals.com,723-923-8706
Dianne,Adrien,Gizel’,03/23/1984,Russia,,148-681-2253
Zsazsa,MacRury,Lidköping,12/11/1959,Sweden,zmacruryd8@sun.com,468-413-1244
Thorpe,Beades,Kunvald,07/06/1974,Czech Republic,tbeadesd9@aol.com,766-471-7849
Ericha,Kilmurray,Tapiramutá,05/03/1954,Brazil,,640-998-2481
Renelle,Milland,Nizhnevartovsk,08/17/1997,Russia,rmillanddb@tinyurl.com,368-826-6638
Melody,Heinschke,Xishiqiao,02/25/1970,China,mheinschkedc@google.cn,556-527-6983
Raff,Petrishchev,Huwan,12/18/1959,China,rpetrishchevdd@thetimes.co.uk,652-999-5013
Garrott,Urry,Rehoboth,02/06/1976,Namibia,,410-956-3560
Bjorn,Jukes,Villa Ojo de Agua,11/20/1966,Argentina,,527-814-9421
Rurik,Godthaab,Dunkerque,06/18/1970,France,rgodthaabdg@skype.com,860-832-5842
Jeannie,Bradborne,Krimpen aan den IJssel,10/16/1993,Netherlands,jbradbornedh@deliciousdays.com,290-776-4352
Eugine,Rawson,Arbuzynka,09/05/1956,Ukraine,erawsondi@bandcamp.com,227-811-9955
Margie,Rhucroft,Zhijiang,02/24/1961,China,mrhucroftdj@paginegialle.it,928-630-4607
Christy,Peterson,Villa Regina,01/27/1961,Argentina,cpetersondk@cyberchimps.com,881-729-1345
Kurtis,Iffland,,,,kifflanddl@intel.com,
Meaghan,Davidsson,Francisco Morato,11/10/1992,Brazil,mdavidssondm@tinyurl.com,989-749-7678
Nikolas,Kirkness,Jinxiang,06/26/1991,China,,159-268-7369
Dev,McFadyen,Cedynia,07/26/1964,Poland,dmcfadyendo@google.de,318-129-3646
Elva,Malafe,Kinango,09/08/1959,Kenya,emalafedp@howstuffworks.com,333-414-9041
Mercy,Utton,Selmes,04/30/1968,Portugal,,764-963-8912
Margalit,Simcox,Myhiya,03/29/1970,Ukraine,,752-524-0676
Pavel,Gors,Zhangduangu,02/11/1970,China,pgorsds@php.net,774-384-6466
Bliss,Peaker,Geyuan,01/12/1976,China,bpeakerdt@mediafire.com,969-910-5247
Nikolaus,Pendleton,Da-an Sur,04/07/1968,Philippines,npendletondu@wordpress.org,971-602-5285
Phyllida,Stannard,Samur,12/05/1971,Azerbaijan,pstannarddv@privacy.gov.au,273-995-1107
Benedick,O'Nion,Dal’neye Konstantinovo,02/11/1978,Russia,boniondw@bigcartel.com,190-826-4331
Desmund,Defew,Hualin,04/27/1970,China,ddefewdx@google.de,801-288-3940
Cordula,Peet,Caigongzhuang,06/12/1979,China,cpeetdy@who.int,120-299-6891
Melloney,McVeigh,Vladislav,12/06/1990,Czech Republic,,680-477-1714
Barrie,Dwerryhouse,,,,bdwerryhousee0@cnbc.com,
Martino,Tomblings,Cermee,06/13/1974,Indonesia,mtomblingse1@google.com.hk,484-637-9365
Cherri,Drake,Kipit,12/13/1969,Philippines,cdrakee2@yellowpages.com,473-584-7256
Kirbee,Nance,Pregrada,01/09/1966,Croatia,knancee3@miitbeian.gov.cn,275-749-1242
Emory,Raistrick,Schellenberg,03/16/1962,Liechtenstein,eraistricke4@reuters.com,800-461-7044
Abby,Hubbuck,Sirinhaém,01/25/1978,Brazil,ahubbucke5@printfriendly.com,598-848-5552
Cletus,Whapham,Medellin,06/13/1982,Philippines,cwhaphame6@parallels.com,560-478-7435
Adah,Wathell,Sueyoshichō-ninokata,04/19/1954,Japan,awathelle7@nyu.edu,148-523-0338
Dewain,Jendas,,,,djendase8@studiopress.com,
Amelia,Thorald,,,,athoralde9@about.com,
Horatio,Mateu,Bergem,08/17/1977,Luxembourg,hmateuea@who.int,954-793-4276
Evanne,Klosa,Sandefjord,01/16/1994,Norway,eklosaeb@dion.ne.jp,396-355-7055
Hatty,Pym,Duping,08/30/1986,China,hpymec@tmall.com,240-289-2318
Nelle,Broadbridge,Dmitriyevskaya,03/23/1990,Russia,nbroadbridgeed@fc2.com,927-928-8243
Tony,Mordacai,Lalauigan,06/20/1980,Philippines,tmordacaiee@opensource.org,741-816-3123
Caleb,McGruar,Partenit,01/15/1968,Ukraine,cmcgruaref@shop-pro.jp,765-505-2236
Em,Dalley,Kokkini Trimithia,02/14/1956,Cyprus,edalleyeg@webeden.co.uk,894-777-9725
Bartholemy,Gawkes,Washington,11/04/1994,United States,bgawkeseh@bing.com,202-491-6537
Stepha,Remmers,Osnabrück,06/08/1972,Germany,sremmersei@si.edu,356-250-0199
Linda,Ivashnikov,Bambakashat,07/23/1956,Armenia,livashnikovej@newyorker.com,323-511-1830
Rafferty,Connerry,Prapen,12/19/1964,Indonesia,rconnerryek@theguardian.com,922-348-7701
Kaycee,Surman,Bailu,02/04/1966,China,ksurmanel@apache.org,950-574-5485
Bobbe,Trowbridge,Namangan,04/17/1988,Uzbekistan,btrowbridgeem@w3.org,851-983-6848
Rossie,Coleson,Sychëvo,07/01/1981,Russia,,472-475-8464
Berny,Rawlence,Rentian,06/10/1965,China,brawlenceeo@flickr.com,934-683-9113
Beryl,Poter,Cancela,01/24/1975,Portugal,bpoterep@fda.gov,132-551-7927
Matthiew,Fincham,Selkirk,07/16/1976,Canada,,134-734-2340
Wells,Stapleford,Daping,12/29/1991,China,,227-674-6858
Ebeneser,Glauber,Xijia,09/12/1961,China,eglauberes@pinterest.com,961-643-0186
Alleen,Brader,Tanggul Wetan,05/06/1950,Indonesia,,135-655-2677
Candie,Verdon,Palkino,04/30/1965,Russia,cverdoneu@stanford.edu,332-585-0682
Willey,MacGowan,Huanan,04/24/1981,China,wmacgowanev@ameblo.jp,100-333-7218
Zitella,Rispen,Alameda,01/28/1964,Mexico,zrispenew@si.edu,260-616-8466
Dedra,Quigg,Barraute,04/17/1998,Canada,dquiggex@dailymotion.com,435-217-5906
Delinda,Fyrth,Lębork,01/03/1992,Poland,dfyrthey@skyrock.com,100-444-8922
Christabel,Tackett,Qitao,04/25/1966,China,ctackettez@goo.gl,600-153-2210
Carmelina,Atwool,Río Limpio,09/30/1960,Dominican Republic,,556-141-6545
Pamela,Garbar,Chenghe,03/16/1999,China,pgarbarf1@meetup.com,137-924-2957
Wilhelmine,Simoneau,Evxinoúpolis,12/05/1987,Greece,,911-401-7576
Cullin,Gaylard,Kokembang,12/27/1954,Indonesia,cgaylardf3@example.com,792-552-7512
Hershel,Klulicek,Oakland,08/08/1998,United States,hklulicekf4@about.com,510-564-6361
Cher,Harkin,Qui Nhon,10/01/1951,Vietnam,charkinf5@imgur.com,423-413-6884
Consolata,Hulland,Chongqing,03/26/1998,China,chullandf6@psu.edu,917-443-3191
Leoline,Crottagh,Phu Loc,02/28/1975,Vietnam,lcrottaghf7@last.fm,438-120-4211
Floria,Chalfont,Ronggo,11/21/1996,Indonesia,fchalfontf8@jigsy.com,315-135-2386
Dore,Rolf,Thị Trấn Na Hang,12/20/1971,Vietnam,drolff9@homestead.com,918-533-1626
Maighdiln,Lawrence,El Rancho,03/31/1995,Honduras,mlawrencefa@hexun.com,705-964-1168
Rouvin,Bowles,Kuybyshev,11/10/1960,Russia,rbowlesfb@macromedia.com,309-375-2259
Jackelyn,Filliskirk,,,,jfilliskirkfc@howstuffworks.com,
Laney,Sandom,Aleksandrovac,11/04/1987,Serbia,lsandomfd@hud.gov,214-339-0120
Derk,Kennford,,,,dkennfordfe@umn.edu,
Barbey,MacCague,Koynare,05/10/1990,Bulgaria,bmaccagueff@wisc.edu,358-182-4230
Thomas,Preon,Wulan,05/27/1986,China,,537-790-6124
Richmond,Jobson,28 de Noviembre,11/25/1984,Argentina,rjobsonfh@upenn.edu,687-510-2981
Madelle,Swalowe,Oju,02/10/1981,Nigeria,mswalowefi@barnesandnoble.com,337-184-8542
Sherie,Crick,Trzebiatów,05/12/1963,Poland,scrickfj@msu.edu,126-551-5738
Tessa,Lethby,Azacualpa,10/14/1954,Honduras,,774-743-7075
Shayna,Portal,Jayune,04/26/1960,Peru,sportalfl@behance.net,367-322-5849
Quintin,Haddy,Calzada Larga,01/17/1982,Panama,qhaddyfm@furl.net,447-849-6136
Mohandis,Yggo,Ar Ruţbah,12/22/1993,Iraq,,188-690-9342
Phillipp,Bourdon,Virden,02/24/1981,Canada,pbourdonfo@omniture.com,972-509-9627
Essie,Checcucci,Volot,08/19/1963,Russia,echeccuccifp@list-manage.com,121-611-7203
Wyn,Kettridge,Talodi,06/17/1998,Sudan,wkettridgefq@fda.gov,664-540-2373
Adolphus,Pickaver,Basicao Coastal,05/17/1984,Philippines,apickaverfr@vinaora.com,567-521-3057
Sheena,Fitzsimons,Dnipryany,02/07/1984,Ukraine,sfitzsimonsfs@comsenz.com,594-178-4128
Christel,Hagstone,Glória do Goitá,07/06/1997,Brazil,,950-104-8400
Jaquelin,Fortman,Rio Claro,06/06/1987,Brazil,jfortmanfu@illinois.edu,679-741-6976
Orelee,Bonifazio,Gon’ba,10/20/1951,Russia,obonifaziofv@msu.edu,865-110-2206
Zonda,Affleck,Banjar Dauhpangkung,07/16/1977,Indonesia,zaffleckfw@mediafire.com,308-928-8518
Tuck,Waggitt,Radnice,11/22/1990,Czech Republic,twaggittfx@google.ca,213-965-4268
Curt,O'Moylan,Huashi,02/20/1964,China,comoylanfy@sitemeter.com,837-234-6928
Magnum,Rosentholer,Guayabetal,08/24/1994,Colombia,mrosentholerfz@wix.com,161-102-0418
Sherry,Hoonahan,Karangkeng,06/22/1996,Indonesia,shoonahang0@skyrock.com,651-691-2339
Wallas,Guerola,Fontana,10/02/1996,Argentina,wguerolag1@google.fr,668-508-4238
Inness,Guarin,Nizhnyaya Tura,12/25/1966,Russia,iguaring2@tinypic.com,492-952-5639
Yasmin,Chaplain,Kizilyurt,12/05/1963,Russia,ychaplaing3@angelfire.com,414-694-7943
Nannie,Szreter,Honglai,08/26/1979,China,,249-462-2368
Emalee,Colebourn,Nice,04/02/1997,France,ecolebourng5@taobao.com,235-846-7541
Debera,Gherardelli,Tegalloa,05/16/1998,Indonesia,dgherardellig6@ovh.net,228-862-0745
Eba,Paulon,Seattle,12/11/1983,United States,epaulong7@purevolume.com,360-603-6354
Corry,Nunes Nabarro,Kuala Lumpur,11/04/1973,Malaysia,cnunesnabarrog8@msu.edu,596-379-1668
Jeri,Durrell,Inčukalns,04/22/1977,Latvia,,941-294-2362
Derrik,Smogur,Tabor,08/30/1952,Slovenia,,308-819-9827
Morris,Stother,Klwów,07/07/1986,Poland,mstothergb@sbwire.com,309-251-3358
Cleve,Rylatt,Oenunu,12/12/1992,Indonesia,crylattgc@hugedomains.com,747-293-2705
Kenny,O'Carney,Nārang,05/26/1988,Pakistan,kocarneygd@gizmodo.com,654-509-1862
Gnni,Cosslett,Fengxi,10/24/1966,China,gcosslettge@mayoclinic.com,424-383-7274
Marlane,Stollenhof,,,,mstollenhofgf@joomla.org,
Mendy,Semeniuk,Sujji,07/06/1985,Mongolia,msemeniukgg@istockphoto.com,611-589-5678
Fergus,Scotchmoor,Jiaoyuan,03/02/1959,China,fscotchmoorgh@ebay.co.uk,798-304-5363
Gilbertina,Scowcroft,Torslanda,11/14/1984,Sweden,gscowcroftgi@discuz.net,555-371-7371
Marlee,Collinge,Kremenets’,09/13/1968,Ukraine,mcollingegj@cdbaby.com,245-815-0950
Muffin,Grahamslaw,Sanski Most,02/28/1974,Bosnia and Herzegovina,mgrahamslawgk@ezinearticles.com,528-423-7717
Imogen,MacConneely,,,,imacconneelygl@mail.ru,
Francoise,Gabbitus,Mashan,04/15/1953,China,fgabbitusgm@cloudflare.com,195-709-7075
Katherine,Stirton,Phra Pradaeng,11/13/1962,Thailand,kstirtongn@slideshare.net,187-237-9205
Trish,Dundredge,Zuyevka,06/24/1961,Russia,tdundredgego@chronoengine.com,901-440-0892
Hew,Willerson,Goworowo,02/10/1987,Poland,hwillersongp@github.io,555-378-1044
Augustin,Antat,Västerås,04/28/1976,Sweden,aantatgq@fotki.com,806-794-1053
Grange,Lichtfoth,Banī Khaddāsh,06/25/1979,Tunisia,glichtfothgr@apache.org,903-222-8828
Randolf,Perring,Pochep,06/28/1963,Russia,rperringgs@nytimes.com,342-536-1981
Zaccaria,Healeas,Paris 15,11/05/1984,France,zhealeasgt@comsenz.com,509-190-9111
Katuscha,Litzmann,Mobile,01/30/1979,United States,klitzmanngu@va.gov,251-288-8680
Arty,Dobbs,Noebesa,01/14/1972,Indonesia,adobbsgv@amazon.co.uk,419-960-2401
Gaspard,Abercrombie,Skórzec,02/15/1998,Poland,gabercrombiegw@moonfruit.com,312-812-1245
Tatiana,Harbage,Warren,09/01/1986,United States,tharbagegx@about.com,330-219-8647
Klement,Claybourn,Kebon,09/01/1955,Indonesia,kclaybourngy@cnet.com,369-150-3306
Rouvin,Ricco,Ngerengere,05/19/1984,Tanzania,rriccogz@oakley.com,466-930-3746
Nataline,Size,Ejido,08/31/1961,Venezuela,nsizeh0@themeforest.net,569-901-2178
Stevena,Firminger,Orange,08/04/1970,United States,sfirmingerh1@ifeng.com,650-635-6816
Morrie,Spillett,Mutā Khān,10/22/1983,Afghanistan,mspilletth2@newyorker.com,137-700-2452
Verile,Gligoraci,Plewiska,12/13/1987,Poland,vgligoracih3@vimeo.com,750-532-6048
Aubrette,Sorsby,,,,asorsbyh4@google.es,
Godfry,Shakshaft,Montes Velhos,06/07/1988,Portugal,gshakshafth5@upenn.edu,649-713-1360
Hannis,Lockey,Niandou,04/08/1999,China,hlockeyh6@g.co,797-667-6747
Scott,Gillebert,Dafengdui,01/27/1991,China,,246-602-3139
Laureen,Crinage,San Juan,02/13/1983,Philippines,lcrinageh8@merriam-webster.com,624-234-4125
Graehme,Bissiker,Padangcermin,07/04/1951,Indonesia,gbissikerh9@kickstarter.com,818-757-6841
Merci,Clegg,Čelopek,05/03/1955,Macedonia,mcleggha@cloudflare.com,308-625-8747
Pedro,Clench,Koppies,08/06/1992,South Africa,pclenchhb@networksolutions.com,505-252-3170
Randi,Murrison,Lewograran,05/16/1980,Indonesia,rmurrisonhc@wikimedia.org,689-289-4583
Felicia,Vedenichev,Zábřeh,08/19/1992,Czech Republic,fvedenichevhd@springer.com,752-997-2878
Genni,Millery,,,,gmilleryhe@hexun.com,
Ade,Ivie,Wageningen,04/11/1966,Netherlands,aiviehf@furl.net,683-627-2717
Krysta,Pennyman,,,,kpennymanhg@hatena.ne.jp,
Michal,Campana,Charneca da Cotovia,08/16/1984,Portugal,,842-168-6364
Ashley,Petrello,Visby,10/29/1954,Sweden,apetrellohi@tripadvisor.com,630-349-5599
Saxon,Heaselgrave,Paraguaçu,12/18/1998,Brazil,,295-386-4187
Cobb,Norcock,Mancagahar,03/17/1970,Indonesia,cnorcockhk@mlb.com,103-480-6195
Alwyn,Purslow,Messina,05/19/1973,South Africa,apurslowhl@utexas.edu,779-521-4818
Chad,Cassius,Misawa,12/20/1972,Japan,ccassiushm@foxnews.com,115-106-4214
Derick,Sanford,Budta,08/09/1964,Philippines,dsanfordhn@gov.uk,261-427-4898
Sascha,Bagge,Mora,04/26/1961,Sweden,sbaggeho@alexa.com,386-554-2260
Ina,Godain,Sinisian,05/11/1999,Philippines,igodainhp@shinystat.com,526-464-0279
Taite,Lydon,Wuhu,03/20/1966,China,tlydonhq@t-online.de,651-190-3160
Eduino,Drakeley,Si Bun Rueang,07/13/1965,Thailand,edrakeleyhr@reddit.com,918-162-9147
Shannon,Scarf,,,,sscarfhs@businessweek.com,
Oliviero,Marcone,Yihe,05/13/1962,China,omarconeht@disqus.com,679-536-1891
Beatrice,Verbeke,Bila Tserkva,08/16/1991,Ukraine,bverbekehu@wiley.com,111-116-3971
Aurelia,Klees,Beishan,03/17/1992,China,akleeshv@time.com,732-747-5245
Maribelle,Le Port,Xiabao,06/18/1989,China,,473-367-8326
Jules,Cabrales,Staryy Oskol,01/02/1998,Russia,jcabraleshx@xrea.com,257-465-2615
Benny,Warriner,Huallanca,04/11/1975,Peru,bwarrinerhy@independent.co.uk,822-567-9504
Alix,Merrien,Rongcheng,09/16/1989,China,amerrienhz@auda.org.au,219-813-3178
Faustina,Cogan,Bang Krathum,01/10/1972,Thailand,,441-948-8171
Sydney,Berardt,Ferreira,10/13/1989,Portugal,sberardti1@europa.eu,710-862-0822
Jobye,Flippelli,Ar Riqqah,06/27/1961,Kuwait,,339-973-0778
Ab,Heffernon,Petaling Jaya,03/05/1978,Malaysia,aheffernoni3@loc.gov,740-103-4783
Brennan,Bromehed,Balingoan,03/03/1952,Philippines,,901-782-0688
Sebastien,Fitzsimmons,Centre de Flacq,05/14/1966,Mauritius,sfitzsimmonsi5@foxnews.com,823-665-3601
Archy,Bernard,Seč,01/26/1979,Czech Republic,abernardi6@pcworld.com,203-231-2534
Tory,Crumb,Valtelheiro,10/01/1961,Portugal,tcrumbi7@stumbleupon.com,200-339-7939
Rochette,Bartlosz,Springfield,05/02/1950,United States,rbartloszi8@woothemes.com,217-886-0438
Thomasa,L'oiseau,Staraya Toropa,06/06/1999,Russia,tloiseaui9@bandcamp.com,587-914-4100
Ilene,Cuskery,Czarna Dąbrówka,01/05/1963,Poland,icuskeryia@usda.gov,484-644-6208
Concordia,Howis,Volkhov,12/15/1950,Russia,chowisib@berkeley.edu,385-762-2940
Angela,Mallows,Pazarić,05/16/1982,Bosnia and Herzegovina,amallowsic@etsy.com,747-402-3134
Abigael,Hamper,,,,ahamperid@chronoengine.com,
Tami,Jaques,Selnica,08/11/1981,Croatia,tjaquesie@economist.com,415-426-1034
Scotty,Mager,Amado Nervo,04/10/1959,Mexico,smagerif@reddit.com,853-597-6396
Keith,MacAskill,La Hacienda,06/26/1977,Philippines,kmacaskillig@youku.com,170-863-7902
Dorrie,Sherlaw,Consolación del Sur,05/06/1982,Cuba,dsherlawih@histats.com,589-588-3789
Janean,Dearman,Pitangui,08/11/1964,Brazil,jdearmanii@plala.or.jp,484-651-9998
Helene,Hewes,Pamoyanan,10/19/1962,Indonesia,hhewesij@google.es,948-520-7193
Saudra,Spandley,Gangbei,05/17/1959,China,sspandleyik@dedecms.com,109-825-3637
Allison,Grogono,Huaqiao,07/28/1978,China,agrogonoil@sciencedirect.com,850-231-3741
Catha,Bernardt,Santa Maria da Vitória,09/18/1969,Brazil,,505-197-7018
Meridel,Pritchard,,,,mpritchardin@shareasale.com,
Samaria,Polsin,Ganquan,12/03/1995,China,spolsinio@ucoz.com,935-990-4603
Wyatan,Bassett,Pesqueira,11/16/1955,Brazil,wbassettip@sbwire.com,123-941-9177
Normie,Minnis,Sasovo,12/01/1974,Russia,nminnisiq@marriott.com,992-396-2961
Romona,Egger,Panambi,12/28/1981,Brazil,reggerir@prlog.org,346-502-3566
Francisca,Taggett,Sanghan,03/05/1997,Philippines,ftaggettis@fotki.com,678-864-1399
Kerry,Hobden,Khagrachhari,03/30/1952,Bangladesh,khobdenit@theguardian.com,645-799-1902
Richmound,Patrone,Villa Bustos,03/08/1997,Argentina,rpatroneiu@tiny.cc,273-667-0580
Hanny,Pocke,Beaumont,09/11/1985,Ireland,hpockeiv@gmpg.org,676-457-1681
Moyra,Clowser,Båstad,06/16/1999,Sweden,mclowseriw@youtube.com,219-675-4388
Emmy,Shevelin,Qiankeng,03/30/1999,China,eshevelinix@eventbrite.com,732-920-1367
Preston,Skin,Calbuco,08/08/1952,Chile,pskiniy@hugedomains.com,812-623-8428
Morna,Whitecross,Serikbuya,01/15/1986,China,mwhitecrossiz@studiopress.com,888-892-6377
Worden,Quye,Wenhe,12/15/1995,China,,578-744-8071
Rosella,Batman,Kalisangkrah Lor,01/10/1972,Indonesia,rbatmanj1@cbsnews.com,238-438-7941
Lira,Nelane,Quilo-quilo,11/20/1970,Philippines,lnelanej2@statcounter.com,240-149-4001
Mechelle,Sayle,Kista,10/30/1993,Sweden,msaylej3@archive.org,253-638-5647
Cordelie,Pescott,Campaka,03/16/1996,Indonesia,,897-235-6334
Iago,Mussettini,Staten Island,06/25/1955,United States,imussettinij5@free.fr,718-367-5560
Jessey,Baelde,Xinhua,10/29/1995,China,jbaeldej6@ebay.com,779-668-3134
Cris,Dickins,Rundeng,03/15/1959,Indonesia,cdickinsj7@nps.gov,807-381-7673
Consalve,Blennerhassett,Yizhang Chengguanzhen,06/12/1993,China,cblennerhassettj8@etsy.com,857-416-9562
Kate,Sommerland,Kendalngupuk,06/04/1958,Indonesia,ksommerlandj9@nyu.edu,255-959-4560
Kailey,Shedden,Mengyin,09/03/1976,China,ksheddenja@dailymotion.com,376-894-5478
Fielding,Reymers,Arraial do Cabo,08/29/1997,Brazil,,845-977-2538
Bret,Radloff,Velikooktyabr’skiy,02/23/1984,Russia,bradloffjc@vinaora.com,823-275-4602
Corrine,Bundy,Višnjevac,06/26/1959,Croatia,cbundyjd@dagondesign.com,972-352-2029
Evan,Guillford,Khanabad,05/18/1955,Afghanistan,,393-781-2129
Margalo,Rustan,,,,mrustanjf@dedecms.com,
Skippie,Hewlings,Sukamaju,03/28/1960,Indonesia,shewlingsjg@newyorker.com,180-336-5186
Lari,Espinazo,Vítkov,01/02/1959,Czech Republic,lespinazojh@cdbaby.com,277-292-0164
Harold,Connell,Gradec,05/30/1966,Macedonia,hconnellji@netscape.com,197-634-8334
Violet,Kumar,Itapé,10/06/1953,Paraguay,vkumarjj@tinypic.com,323-524-7736
Cayla,Wickens,Caldas das Taipas,10/24/1990,Portugal,cwickensjk@newyorker.com,741-842-0003
Adrien,Carcas,,,,acarcasjl@amazon.co.uk,
Goldy,McTurlough,Jorowaru Daya,09/07/1999,Indonesia,gmcturloughjm@chicagotribune.com,317-320-6437
Fee,Coope,Cawayan,10/22/1987,Philippines,fcoopejn@walmart.com,823-892-2851
Helen-elizabeth,Taberner,Wysoka,11/05/1995,Poland,htabernerjo@reference.com,180-243-1242
Arch,Revill,Sipoholon,04/12/1950,Indonesia,arevilljp@java.com,923-247-7945
Ora,Boyer,Mankoeng,07/20/1969,South Africa,,541-542-7094
Lind,Sawdon,Úštěk,10/28/1975,Czech Republic,lsawdonjr@wikimedia.org,743-122-6405
Marita,Thurstan,Baziqiao,01/30/1996,China,,206-275-4628
Rory,Dunklee,Kyzylorda,05/20/1950,Kazakhstan,,185-137-1871
Katherina,Matteris,Vacenovice,02/11/1988,Czech Republic,kmatterisju@live.com,947-887-0686
Lulita,Sporner,Cuauhtemoc,01/20/1965,Mexico,lspornerjv@wired.com,880-524-4796
Felix,Ioselevich,Yakovlevo,05/13/1959,Russia,fioselevichjw@twitpic.com,138-467-8809
Mickie,Collomosse,Furudate,03/07/1970,Japan,,679-906-3235
Bernarr,Dobbins,Bukbatang,05/28/1993,Indonesia,bdobbinsjy@bbc.co.uk,229-624-7302
Stace,Potebury,Libušín,12/10/1957,Czech Republic,spoteburyjz@ovh.net,720-767-3715
Laurene,Brimilcombe,Símantra,05/26/1977,Greece,lbrimilcombek0@twitpic.com,648-940-9216
Dix,Juhruke,Rodez,10/07/1970,France,djuhrukek1@purevolume.com,182-704-1352
Rozamond,Gillet,Xiaoyue,02/25/1994,China,rgilletk2@tinypic.com,493-749-7663
Eldredge,MacCartair,Kommunar,09/29/1980,Russia,emaccartairk3@google.fr,266-429-6822
Emmet,Braidon,Kalisangkrah Lor,11/11/1998,Indonesia,ebraidonk4@google.pl,444-507-5722
Louis,Gummary,Staré Město,05/12/1992,Czech Republic,lgummaryk5@latimes.com,110-790-6495
Brittaney,Kensy,Atengmelang,04/14/1952,Indonesia,bkensyk6@squarespace.com,718-695-7896
Lindi,Ramsell,Krenggan,01/09/1954,Indonesia,lramsellk7@joomla.org,268-524-6393
Corrie,Mee,Miyang,02/11/1994,China,,571-574-5079
Hastings,Pfeffel,Iporã,03/25/1972,Brazil,hpfeffelk9@oakley.com,117-848-2676
Carlene,Fearney,Manzurka,09/27/1967,Russia,,439-160-1321
Cecil,Elgey,Sedayulawas,03/18/1952,Indonesia,celgeykb@artisteer.com,890-150-3945
Wini,Tynnan,Lenešice,08/11/1953,Czech Republic,wtynnankc@bluehost.com,462-944-4260
Alaster,Pedrollo,Abū Zabad,12/14/1971,Sudan,apedrollokd@businesswire.com,479-135-0292
Vinny,Trewin,Moutfort,06/07/1967,Luxembourg,vtrewinke@cornell.edu,900-736-6319
Garreth,Lording,Qimeng,02/23/1979,China,glordingkf@booking.com,569-547-5473
Wallie,Erbain,Kasonawejo,09/26/1997,Indonesia,werbainkg@java.com,346-413-0534
Clarette,Shakesbye,Kachia,11/11/1968,Nigeria,cshakesbyekh@nhs.uk,363-176-9372
Henrieta,Dispencer,Växjö,04/03/1953,Sweden,hdispencerki@guardian.co.uk,901-448-7388
Wilma,Dandison,Rueil-Malmaison,07/08/1993,France,wdandisonkj@51.la,473-472-6780
Noak,Eilhertsen,,,,neilhertsenkk@comcast.net,
Ethelin,Chettoe,Tomilino,02/23/1950,Russia,echettoekl@mysql.com,873-819-4041
Murvyn,MacKartan,Kalmar,06/08/1992,Sweden,mmackartankm@eepurl.com,753-295-3561
Skipp,Rosel,Vyshneve,06/10/1987,Ukraine,sroselkn@t.co,249-650-6250
Opaline,Scrivener,Gar,07/14/1976,China,,222-598-2079
Lazar,Woofinden,Dingzigu,11/24/1974,China,lwoofindenkp@blog.com,582-769-6999
Sidonia,Ferran,Lahān,05/29/1997,Nepal,sferrankq@over-blog.com,671-255-1648
Iolande,Fallawe,L'Assomption,10/21/1971,Canada,ifallawekr@earthlink.net,504-490-4247
Cam,Chamberlin,Kolomanu,04/09/1960,Indonesia,cchamberlinks@theatlantic.com,394-762-6673
Issiah,Bramo,Xinyan,05/26/1975,China,ibramokt@digg.com,951-692-3508
Pepita,Carlsson,Doumuhu,10/11/1982,China,pcarlssonku@yandex.ru,996-299-0919
Lexy,Karpinski,Lions Bay,11/23/1974,Canada,lkarpinskikv@google.ca,116-166-0746
Nick,Cowill,,,,ncowillkw@digg.com,
Carlos,Keggins,Mumias,11/01/1975,Kenya,,914-149-7049
Janette,Callender,Sasolburg,04/16/1982,South Africa,jcallenderky@istockphoto.com,318-682-5095
Mitchel,Flipek,Yuguan,06/02/1953,China,mflipekkz@51.la,300-193-6243
Genevieve,Smithers,Shalazhi,03/03/1993,Russia,gsmithersl0@independent.co.uk,893-622-6890
Kirstin,Bever,Åkersberga,07/09/1976,Sweden,kbeverl1@columbia.edu,341-583-1918
Joann,Birtwistle,Qızılhacılı,04/04/1975,Azerbaijan,jbirtwistlel2@unicef.org,584-363-9806
Euell,Plank,El Paso,06/02/1997,United States,eplankl3@netscape.com,915-878-6061
Coralie,Greeveson,Kosamphi Nakhon,02/19/1997,Thailand,cgreevesonl4@usnews.com,699-444-2953
Bengt,Abbess,Vincennes,03/14/1972,France,babbessl5@mediafire.com,857-899-0438
Frances,Dugald,Gondifelos,01/26/1967,Portugal,fdugaldl6@google.es,550-994-9273
Genny,Rubinsztein,Michurinskoye,10/05/1973,Russia,,120-975-4898
Linc,Podbury,Lodoyo,01/03/1971,Indonesia,lpodburyl8@economist.com,284-336-0823
Conney,Maylour,Kadumelati,09/09/1988,Indonesia,cmaylourl9@biblegateway.com,463-317-0811
Arabelle,Snalom,Libacao,06/02/1961,Philippines,asnalomla@i2i.jp,386-480-4116
Orin,Cordaroy,Porto Seguro,09/06/1992,Brazil,,138-586-9194
Bertrando,Hollidge,Gislaved,08/07/1997,Sweden,bhollidgelc@theatlantic.com,882-779-6420
Tallia,Scipsey,Çobansığnaq,11/21/1992,Azerbaijan,,910-990-2315
Hugibert,Chinnick,Duantan,01/17/1993,China,hchinnickle@bbb.org,939-917-7424
Cleve,Tothacot,,,,ctothacotlf@ftc.gov,
Niki,Gallety,Ogōri-shimogō,09/16/1979,Japan,,643-548-0158
Paco,Fawley,Malakwal City,07/02/1982,Pakistan,pfawleylh@businessinsider.com,801-817-7845
Frants,Locarno,Baomin,10/31/1990,China,flocarnoli@pbs.org,790-393-9322
Ofelia,Maplethorpe,Tengrela,12/12/1954,Ivory Coast,omaplethorpelj@123-reg.co.uk,817-288-5981
Jeromy,Mawson,Estreito,06/07/1956,Brazil,,436-801-7223
Sander,Gurry,Musan-ŭp,02/29/1988,North Korea,,832-986-2286
Melanie,Gowlett,Kebonkaret,07/17/1952,Indonesia,,217-672-1648
Karlotte,Arnoldi,Royan,09/15/1996,France,karnoldiln@sohu.com,750-189-3549
Irv,Witherbed,Amsterdam Oud Zuid en Rivierenbuurt,06/01/1957,Netherlands,iwitherbedlo@drupal.org,473-906-0240
Lexine,Creddon,Xiangyang,12/28/1993,China,lcreddonlp@fotki.com,356-608-2341
Vernice,Youhill,Asembagus,06/11/1969,Indonesia,vyouhilllq@ehow.com,452-181-2130
Reiko,Coit,Sheffield,09/05/1976,United Kingdom,rcoitlr@ameblo.jp,842-536-8101
Myrilla,Tooker,Ilihan,12/04/1994,Philippines,mtookerls@hugedomains.com,602-795-1111
Cassandre,Butt Gow,Nong Khai,08/29/1957,Thailand,,702-500-4698
Rafaelita,Ghiriardelli,Jorochito,10/07/1981,Bolivia,rghiriardellilu@qq.com,909-176-3457
Silvie,MacCleod,Mabayo,03/23/1950,Philippines,smaccleodlv@hostgator.com,981-828-3869
Elinor,Garthland,Kristianstad,10/15/1951,Sweden,egarthlandlw@tuttocitta.it,519-424-9458
Darby,Berk,Navashino,12/06/1979,Russia,dberklx@bing.com,266-874-6426
Sheffy,Nind,Kivijärvi,11/13/1967,Finland,snindly@jugem.jp,928-310-4020
Raven,Jillis,Jianyangping,03/25/1958,China,,592-138-6339
Huberto,Antonov,Gouyan,09/24/1955,China,hantonovm0@rambler.ru,506-710-2578
Holmes,Grzelak,Kozelets’,02/06/1951,Ukraine,hgrzelakm1@godaddy.com,966-748-5168
Shirley,Whyte,Camilo Aldao,09/18/1954,Argentina,swhytem2@jimdo.com,995-860-4022
Avivah,Warcop,,,,awarcopm3@columbia.edu,
Katharyn,Biaggiotti,Huoche Xizhan,08/30/1996,China,,841-224-9639
Carroll,Tomlins,Hali,04/04/1976,China,ctomlinsm5@ca.gov,297-687-5559
Aylmer,Iddons,Jenzan,11/05/1975,South Korea,aiddonsm6@amazon.co.jp,355-421-0901
Tuck,Angrick,Ribeirão,06/13/1988,Brazil,tangrickm7@elpais.com,870-586-6309
Beryle,Oseland,Taekas,03/06/1973,Indonesia,boselandm8@tinyurl.com,640-912-2557
Dov,Gabbitas,Mainit,08/14/1979,Philippines,dgabbitasm9@time.com,452-839-8589
Bambi,Pury,Couço,05/08/1977,Portugal,bpuryma@netscape.com,477-996-3715
Felice,Rankmore,Barajevo,08/31/1992,Serbia,frankmoremb@hatena.ne.jp,200-915-1571
Wyn,Ellit,Velké Karlovice,06/17/1987,Czech Republic,,765-394-4826
Serene,Flips,,,,sflipsmd@chicagotribune.com,
Vincenty,Islip,Caçador,07/25/1991,Brazil,vislipme@quantcast.com,845-116-7567
Alisun,Klimaszewski,Kuruman,11/12/1993,South Africa,aklimaszewskimf@over-blog.com,432-872-8737
Brittan,Constantine,Jeblog Satu,12/23/1954,Indonesia,,747-148-9526
Morganica,Nanninini,Sindangsari,10/02/1973,Indonesia,mnannininimh@multiply.com,405-835-7729
Vickie,Hukin,Kubangeceng,01/31/1986,Indonesia,vhukinmi@amazon.co.jp,695-812-4313
Ilaire,Callington,Inashiki,07/16/1982,Japan,icallingtonmj@linkedin.com,414-294-9419
Justinian,Gettings,Gonābād,05/31/1994,Iran,jgettingsmk@ucsd.edu,117-118-4263
Collin,Scammell,Los Dos Caminos,08/27/1996,Venezuela,cscammellml@illinois.edu,172-236-9494
Alan,Tillyer,Kangar,10/08/1978,Malaysia,atillyermm@youtu.be,702-798-7942
Alister,Franceschielli,Jatobá,04/04/1998,Brazil,afranceschiellimn@washington.edu,424-609-2376
Karalee,Kitcatt,Ráječko,03/13/1980,Czech Republic,kkitcattmo@yolasite.com,991-796-1420
Rainer,Yelland,Limen,05/20/1964,China,ryellandmp@wikia.com,360-427-5673
Scot,Reck,Bin’an,01/29/1966,China,sreckmq@nydailynews.com,207-338-9706
Melisenda,Bailes,Longtanhe,04/04/1976,China,mbailesmr@cnbc.com,509-403-4923
Taryn,Hanigan,Talu,07/27/1989,Indonesia,thaniganms@theguardian.com,221-802-2738
Suzette,Gai,Punta Gorda,10/10/1992,United States,sgaimt@wordpress.org,941-616-7917
Cherin,Couroy,Cayenne,06/19/1967,French Guiana,ccouroymu@wunderground.com,150-937-7687
Hyacinth,Chumley,Pazin,09/27/1991,Croatia,hchumleymv@altervista.org,592-210-0380
Stinky,Allmen,Wonotirto,12/28/1965,Indonesia,sallmenmw@psu.edu,524-257-7568
Catarina,Beazleigh,Longsheng,10/05/1964,China,cbeazleighmx@techcrunch.com,748-445-1430
Darill,Pacey,Aquin,11/27/1978,Haiti,dpaceymy@unc.edu,901-321-6092
Bethany,Vaud,Tamarindo,07/07/1956,Peru,bvaudmz@google.ru,970-898-1282
Von,Dominik,Tarusa,07/21/1995,Russia,vdominikn0@arstechnica.com,999-521-4594
Keven,Stearn,Little Current,08/02/1989,Canada,kstearnn1@newsvine.com,325-155-9914
Rhonda,Calendar,Pueblo Nuevo,12/06/1964,Colombia,rcalendarn2@java.com,273-956-7333
Jacqueline,Grimsdale,Biloxi,12/03/1968,United States,jgrimsdalen3@mysql.com,228-318-2842
Garland,Berzins,Aqsū,06/17/1989,Kazakhstan,gberzinsn4@ebay.co.uk,461-354-6360
Stephine,Lodeke,Chenzui,03/08/1981,China,slodeken5@networksolutions.com,583-265-3742
Kiel,Beville,Milove,10/20/1964,Ukraine,kbevillen6@dedecms.com,570-977-1442
Marja,Chasteau,Sokolnice,07/31/1990,Czech Republic,mchasteaun7@japanpost.jp,179-978-1351
Ethelbert,Gatlin,Sacanche,06/20/1999,Peru,,921-676-8948
Harlene,Knibley,Gustavsberg,02/20/1964,Sweden,hknibleyn9@un.org,628-156-3055
Clem,Collin,,,,ccollinna@nyu.edu,
Sean,Hastler,Şafāshahr,05/20/1983,Iran,,123-215-2049
Jodi,Hardingham,Darkovice,01/16/1987,Czech Republic,jhardinghamnc@aboutads.info,274-828-7516
Rollins,Excell,Lazdijai,08/06/1984,Lithuania,rexcellnd@wordpress.com,397-547-9335
Curtis,Cordery,Linares,07/31/1950,Colombia,ccorderyne@t.co,879-901-5183
Karee,O'Hederscoll,Kudang,04/01/1993,Indonesia,kohederscollnf@columbia.edu,424-308-2052
Sonny,Agneau,Guanlu,08/02/1972,China,sagneaung@posterous.com,518-858-5724
Felicio,Buffy,,,,,
Dorene,Boal,Hauhena,08/11/1986,Indonesia,dboalni@huffingtonpost.com,537-247-6019
Belia,Burkitt,Kopidlno,03/28/1975,Czech Republic,bburkittnj@mozilla.org,793-172-2863
Mei,McNysche,Przyborów,06/21/1962,Poland,mmcnyschenk@constantcontact.com,763-528-4534
Friederike,Pepis,Ibarra,12/19/1991,Ecuador,fpepisnl@youtu.be,594-626-8739
Gwynne,Redit,Kavarna,09/08/1957,Bulgaria,greditnm@dion.ne.jp,990-775-6450
Burch,Moorman,Tisma,05/20/1964,Nicaragua,bmoormannn@squidoo.com,614-250-0567
Grazia,Iorio,Wupu,04/25/1986,China,gioriono@yellowbook.com,290-410-8299
Mellicent,Derill,Chimbas,04/15/1956,Argentina,mderillnp@cnn.com,728-714-0952
Dolli,Shemelt,Housuo,10/02/1960,China,dshemeltnq@godaddy.com,135-838-1566
Oberon,Van Dale,Ciilat,07/05/1961,Indonesia,ovandalenr@soup.io,914-346-5931
Edsel,Tolliday,Capacho Nuevo,08/31/1999,Venezuela,etollidayns@zimbio.com,899-578-3199
Catrina,Geddes,Novopokrovka,05/02/1983,Russia,cgeddesnt@rediff.com,149-596-8723
Sib,Mayow,San Miguel,10/18/1995,Mexico,smayownu@goo.ne.jp,967-520-4008
Lisa,De Leek,Valmiera,08/20/1955,Latvia,ldeleeknv@skype.com,372-540-4438
Barnabas,Burnet,Moguqi,04/02/1993,China,bburnetnw@webnode.com,329-707-3100
Terence,Fairbrother,Lokosovo,07/06/1981,Russia,tfairbrothernx@so-net.ne.jp,179-810-1501
Sheba,Sidnell,Lücheng,06/24/1995,China,ssidnellny@bing.com,209-355-3021
Kessiah,Abrahmer,Olho Marinho,07/30/1983,Portugal,,744-762-9772
Clarey,Lebourn,Páchni,12/26/1988,Greece,clebourno0@prweb.com,792-694-7446
Meredeth,Kubala,Shajing,05/11/1998,China,mkubalao1@studiopress.com,785-439-9316
Conchita,Walcher,La Concordia,10/14/1983,Nicaragua,cwalchero2@uiuc.edu,393-999-8224
Norry,Rediers,Jargalant,03/30/1966,Mongolia,nredierso3@t-online.de,212-857-5055
Perice,Dominguez,Niort,05/07/1971,France,pdominguezo4@reference.com,928-557-3863
Cad,Greenmon,Caldono,08/19/1962,Colombia,cgreenmono5@discuz.net,930-983-1976
Clayborn,Dennistoun,Boco,09/08/1988,Portugal,,393-684-5651
Berny,Scemp,Fengyang,04/16/1967,China,bscempo7@sciencedaily.com,691-867-5832
Anthea,Dagleas,Norton,11/17/1978,United Kingdom,adagleaso8@huffingtonpost.com,725-416-2023
Dylan,Turfitt,Dampit,07/03/1959,Indonesia,dturfitto9@studiopress.com,965-528-6723
Ruprecht,Perutto,San Lorenzo,03/17/1956,Guatemala,rperuttooa@mayoclinic.com,797-428-6542
Christa,Mulryan,Novo,06/14/1980,Portugal,cmulryanob@google.it,638-896-1039
Faustine,Keenor,Bolanon,06/28/1984,Philippines,,619-708-6979
Freedman,Geer,Jincheng,11/22/1973,China,fgeerod@howstuffworks.com,437-124-7755
King,Cabel,Huotong,09/11/1988,China,,810-873-3395
Maighdiln,Daice,Beberibe,03/01/1953,Brazil,mdaiceof@nyu.edu,345-737-8821
Abagail,Beardow,San Gabriel,06/11/1962,Ecuador,,919-608-8559
Peri,Tennison,Yinyang,02/21/1954,China,ptennisonoh@oaic.gov.au,477-759-7321
Budd,Arthey,Dan Makham Tia,12/17/1992,Thailand,bartheyoi@elegantthemes.com,307-480-0448
Francklyn,Gutherson,Lutou,01/20/1962,China,fguthersonoj@issuu.com,454-535-5348
Kass,Tuma,Saposoa,08/30/1974,Peru,,779-866-2523
Curry,Nesey,Sadská,05/25/1991,Czech Republic,cneseyol@purevolume.com,609-383-3961
Suzette,Peake,Laiyang,06/20/1988,China,,369-901-1069
Ambrosio,Danielou,Xunhe,05/21/1973,China,adanielouon@mlb.com,676-307-3493
Vonny,Cortnay,Yantang,12/16/1976,China,,869-803-0183
Mildrid,Berkeley,Riosucio,02/19/1958,Colombia,mberkeleyop@1688.com,927-443-3466
Moyra,Kelsow,Kuala Lumpur,05/08/1972,Malaysia,mkelsowoq@nifty.com,718-625-5883
Tresa,Woodhams,Genting,04/12/1952,Indonesia,twoodhamsor@theguardian.com,613-990-1208
Alexei,Fulkes,Dongting,08/15/1995,China,,605-773-5288
Chrysa,Vanyutin,Zavrč,08/29/1981,Slovenia,cvanyutinot@oracle.com,597-247-5638
Theda,Younge,Waru,09/07/1993,Indonesia,tyoungeou@canalblog.com,586-568-8127
Jenine,Oakly,Choma,10/18/1951,Zambia,,720-267-3811
Ingunna,Pena,Dūkštas,03/29/1967,Lithuania,ipenaow@abc.net.au,529-652-8714
Elberta,Rollings,Cayenne,11/15/1993,French Guiana,erollingsox@naver.com,184-483-8438
Darby,Ruben,Sukorejo,10/21/1952,Indonesia,drubenoy@ed.gov,303-848-9897
Claire,Jakubowicz,Kobe,09/18/1984,Japan,cjakubowiczoz@bbb.org,689-556-5615
Harbert,Germain,Khorugh,09/03/1978,Tajikistan,hgermainp0@nps.gov,802-783-8982
Amandy,Dairton,Pathum Rat,09/13/1995,Thailand,adairtonp1@ameblo.jp,246-795-1632
Peterus,Hackey,Três Coroas,07/16/1995,Brazil,phackeyp2@infoseek.co.jp,253-973-3628
Lazar,McArthur,Penalva,07/02/1958,Brazil,lmcarthurp3@facebook.com,135-710-8122
Krystyna,Saberton,Mir,07/31/1996,Belarus,ksabertonp4@wired.com,360-290-4206
Doe,Tellwright,Paisha,04/13/1971,China,dtellwrightp5@google.pl,567-346-6036
Alameda,Le feaver,Chencai,02/12/1989,China,alefeaverp6@omniture.com,328-877-9420
Harmony,Brakespear,Macheng,06/21/1968,China,hbrakespearp7@devhub.com,153-302-4881
Eben,Booth-Jarvis,Hecheng,03/30/1956,China,eboothjarvisp8@mapquest.com,484-362-5135
Laurie,Bart,Yasnogorsk,12/20/1960,Russia,lbartp9@feedburner.com,194-747-9201
Tamqrah,Peinke,Matsubase,03/31/1991,Japan,tpeinkepa@marketwatch.com,743-596-6398
Osmond,Kynge,Artemisa,12/30/1971,Cuba,okyngepb@themeforest.net,280-480-4667
Vidovic,Abramovici,Rū-ye Sang,04/25/1998,Afghanistan,vabramovicipc@abc.net.au,931-518-3578
Holt,Wakelin,Melaka,01/21/1970,Malaysia,hwakelinpd@wsj.com,880-578-0552
Greta,Points,Mtimbira,03/17/1965,Tanzania,,338-891-2440
Rockey,Doohey,Lafia,04/21/1978,Nigeria,rdooheypf@ebay.co.uk,887-765-8018
Base,Cope,Gonghe,06/30/1953,China,bcopepg@infoseek.co.jp,442-146-7267
Tannie,Rouchy,Fermont,02/23/1968,Canada,,180-154-6477
Nikki,Davidowsky,Jombang,11/16/1978,Indonesia,ndavidowskypi@webs.com,508-889-2356
Pamelina,Sharer,Bacong,12/24/1952,Philippines,psharerpj@jalbum.net,675-128-8969
Trev,Cardozo,Perre,04/23/1955,Portugal,,880-969-5190
Patrica,Cremer,Samadua,07/20/1956,Indonesia,pcremerpl@amazon.com,232-356-6691
Bobbye,Casham,Lipník nad Bečvou,11/11/1951,Czech Republic,bcashampm@e-recht24.de,537-194-7792
Roseline,Benkin,Yuncheng,02/25/1977,China,rbenkinpn@kickstarter.com,774-251-9019
Lissie,Hollyman,Cibolang,04/27/1987,Indonesia,lhollymanpo@skype.com,411-553-5651
Margaretta,Ciciura,Rio Branco do Sul,08/12/1999,Brazil,mciciurapp@google.ru,605-555-2958
Claudell,Gilbertson,Tha Ruea,02/19/1969,Thailand,cgilbertsonpq@shinystat.com,307-490-0203
Corri,Wewell,Longwy,03/19/1995,France,cwewellpr@lulu.com,859-456-1772
Natalya,Nevin,Kalilangan,06/21/1986,Philippines,nnevinps@cocolog-nifty.com,542-973-7388
Rich,Scarasbrick,Liushan,05/30/1957,China,rscarasbrickpt@mysql.com,127-514-8275
Tedd,Greig,,,,tgreigpu@fema.gov,
Bealle,Riccardelli,Obryte,07/08/1990,Poland,briccardellipv@umich.edu,937-939-6958
Lynn,Deacock,Serowe,01/01/1999,Botswana,,679-938-3879
Sax,Glackin,Wuxi,12/21/1997,China,sglackinpx@nsw.gov.au,343-850-7215
Kain,Goodlett,Kabarnet,06/06/1972,Kenya,kgoodlettpy@sphinn.com,959-365-1809
Jase,McCritchie,Salamá,10/05/1965,Honduras,jmccritchiepz@storify.com,787-302-5033
Karalynn,Jeffels,Matwaḩ,07/17/1961,Yemen,kjeffelsq0@washington.edu,684-395-5990
Evangelina,Catterell,Kardhiq,10/07/1994,Albania,ecatterellq1@tmall.com,788-766-7613
Kissie,Grunwall,Labrador,04/02/1973,Philippines,kgrunwallq2@linkedin.com,257-422-2976
Penelopa,Pactat,Volta Redonda,06/05/1997,Brazil,ppactatq3@ifeng.com,622-666-1535
Noll,Ghirardi,,,,nghirardiq4@usatoday.com,
Audie,Catling,Bayuin,09/11/1995,Philippines,acatlingq5@t.co,621-166-5990
Berty,Brambell,Łubowo,05/05/1973,Poland,bbrambellq6@indiatimes.com,697-233-7142
Zared,Dransfield,Ostružnica,07/17/1950,Serbia,,666-275-2454
Minor,Throughton,Yanji,02/26/1969,China,mthroughtonq8@free.fr,767-754-8800
Sheri,Mowsdale,Ajdabiya,06/10/1953,Libya,smowsdaleq9@arstechnica.com,532-898-3965
Piotr,Kleinschmidt,Wolfville,05/03/1999,Canada,,224-577-5295
Cullie,Kinge,Tandel,09/22/1952,Luxembourg,ckingeqb@fc2.com,418-333-3739
Lamond,Dolphin,Thị Trấn Sìn Hồ,10/25/1963,Vietnam,ldolphinqc@trellian.com,902-508-7463
Justino,Bordiss,Rulenge,10/19/1962,Tanzania,jbordissqd@quantcast.com,706-753-1128
Redford,Godmar,Chengdong,09/07/1986,China,,940-641-6818
Sloan,Mompesson,Kaélé,11/03/1990,Cameroon,smompessonqf@moonfruit.com,245-516-9994
Valaree,Jasik,Shimoda,10/11/1962,Japan,vjasikqg@chicagotribune.com,391-428-7670
Kristy,Piola,Varjota,12/30/1967,Brazil,,632-616-4288
Fredric,Bohler,Hedong,12/26/1994,China,fbohlerqi@soundcloud.com,320-792-1567
Egon,Galpin,Lapa,08/02/1991,Brazil,egalpinqj@linkedin.com,902-859-7255
Gerhard,Grunnill,Zaoxi,08/09/1968,China,ggrunnillqk@mit.edu,234-408-9289
Hortensia,Rowlinson,Hule,05/04/1986,China,hrowlinsonql@free.fr,825-360-4504
Eleni,Laweles,Nacaome,06/02/1961,Honduras,elawelesqm@google.pl,939-264-9926
Buffy,Evens,Zhangjiafang,05/09/1978,China,bevensqn@icio.us,323-276-8689
Honor,Blore,,,,hbloreqo@china.com.cn,
Nell,Coleman,São João de Meriti,01/12/1970,Brazil,ncolemanqp@instagram.com,996-851-5784
Payton,MacKellar,Rakaia,11/23/1995,New Zealand,pmackellarqq@shutterfly.com,383-330-1301
Lorelle,Patkin,Ts’khinvali,01/25/1976,Georgia,lpatkinqr@amazon.com,452-200-0798
Michell,de Amaya,Al ‘Alamayn,06/08/1978,Egypt,mdeamayaqs@trellian.com,152-642-6457
Arlen,Minty,Chlumec,03/29/1990,Czech Republic,amintyqt@example.com,922-511-8637
Orin,Garrat,Mtwango,06/29/1988,Tanzania,ogarratqu@netvibes.com,681-727-9785
Ron,Shillom,Port Colborne,01/09/1977,Canada,rshillomqv@google.com,893-811-6177
Raquela,Buntine,Orange,12/20/1957,France,,159-864-0623
Leticia,Crump,Chedao,09/14/1989,China,lcrumpqx@symantec.com,960-732-8786
Waylon,Kretchmer,Capela,07/08/1977,Portugal,wkretchmerqy@ihg.com,431-931-2586
Haze,O'Clery,,,,hocleryqz@howstuffworks.com,
Harper,Phlippsen,Eauripik,02/26/1981,Micronesia,hphlippsenr0@dyndns.org,528-734-4229
Cornelia,Tatton,Qiashui,06/01/1981,China,ctattonr1@columbia.edu,569-340-9861
Charlie,Doyle,Breda,07/19/1975,Netherlands,cdoyler2@alexa.com,994-140-5587
Ellen,McCague,Lagoa da Prata,03/28/1973,Brazil,emccaguer3@mlb.com,319-700-7597
Susan,McTrustram,Murça,07/23/1978,Portugal,smctrustramr4@altervista.org,827-364-5160
Myrtle,Edmans,Salcedo,01/25/1984,Dominican Republic,medmansr5@gravatar.com,409-675-6655
Crissy,Spong,Parakanhonje Wetan,04/23/1962,Indonesia,cspongr6@bloomberg.com,138-151-8421
Cyrillus,Abatelli,Yufa,01/24/1951,China,cabatellir7@arizona.edu,613-952-6605
Morten,Dunsire,Osiek,05/31/1999,Poland,mdunsirer8@odnoklassniki.ru,454-858-8655
Bird,Asman,,,,basmanr9@intel.com,
Ely,Noden,Caotang,09/20/1992,China,enodenra@gov.uk,120-884-7674
Aurelie,Mulqueen,Ujazd,05/17/1973,Poland,amulqueenrb@opensource.org,548-366-3421
Brendin,Drains,Kungsbacka,05/08/1951,Sweden,bdrainsrc@woothemes.com,632-516-2715
Keelia,Greves,Lawesigalagala Timur,12/30/1995,Indonesia,kgrevesrd@merriam-webster.com,891-838-2145
Pammy,Sturridge,Palmas,05/21/1953,Brazil,psturridgere@canalblog.com,498-432-2374
Emmey,Kwietek,Sukth,03/13/1971,Albania,ekwietekrf@blogs.com,368-845-2753
Fedora,Trice,Aloleng,07/10/1953,Philippines,ftricerg@example.com,807-622-1533
Del,Forster,Shuizhai,12/08/1974,China,dforsterrh@a8.net,309-600-2674
Robb,Speak,Kunduz,12/24/1979,Afghanistan,rspeakri@creativecommons.org,368-998-1563
Micki,Creber,Stroitel’,09/23/1950,Russia,mcreberrj@nationalgeographic.com,632-367-7168
Martita,Marrion,Wakiso,08/07/1956,Uganda,mmarrionrk@nymag.com,246-718-3650
Helen-elizabeth,Scrase,Aydūn,02/21/1966,Jordan,hscraserl@nature.com,187-325-7688
Frants,Scemp,Cangkreng,03/10/1994,Indonesia,fscemprm@ifeng.com,831-532-0365
Rickard,Schelle,Tanahwurung,05/07/1953,Indonesia,rschellern@github.com,737-885-3490
Eadith,Gerleit,Lingkou,03/30/1984,China,egerleitro@tamu.edu,429-448-7773
Nils,Kolushev,Rakaia,03/01/1975,New Zealand,nkolushevrp@scribd.com,954-987-4955
Woodrow,Coat,Volodymyr-Volyns’kyy,01/25/1998,Ukraine,wcoatrq@google.com.hk,702-805-9651
Hughie,Broske,Binitinan,01/09/1986,Philippines,hbroskerr@google.es,689-256-7509
