first_name,last_name,birth_place,birth_date,country_living_in,email,phone
Justis,MacGeaney,Seroa,06/16/1982,Portugal,jmacgeaney0@usa.gov,991-440-9387
Orson,Karmel,Lidingö,12/29/1988,Sweden,okarmel1@opera.com,427-992-8622
Sol,Radsdale,,,,sradsdale2@yahoo.com,
Aviva,Ginity,Moundou,10/21/1951,Chad,aginity3@shutterfly.com,435-738-1607
Eldredge,Vogeller,Kruisfontein,02/12/1984,South Africa,evogeller4@people.com.cn,773-488-9855
Brandise,Braycotton,Hulu,06/23/1977,China,bbraycotton5@illinois.edu,964-463-3482
Patrice,Linfoot,Nanterre,09/19/1974,France,plinfoot6@buzzfeed.com,589-740-2397
Rana,Clavering,Luleå,08/22/1957,Sweden,rclavering7@earthlink.net,694-451-2727
Karalynn,Dwire,Zargarān,02/28/1987,Afghanistan,kdwire8@google.pl,852-147-6244
Kippie,Dulanty,Maní,08/09/1959,Colombia,kdulanty9@instagram.com,567-495-9389
Carolyn,Candie,Springbok,05/01/1984,South Africa,ccandiea@livejournal.com,356-385-5277
Yetta,Mellodey,Putina,05/06/1965,Peru,ymellodeyb@comsenz.com,924-508-6618
Inge,Jamson,Long Hồ,01/11/1951,Vietnam,,902-337-5334
Perl,de Zamora,Helang,05/13/1968,China,pdezamorad@slate.com,554-463-1092
Ardyce,Andrin,Aplahoué,04/15/1958,Benin,aandrine@csmonitor.com,733-896-6898
Roland,Sully,Kónitsa,04/01/1997,Greece,rsullyf@fastcompany.com,340-968-9849
Antoine,Labern,,,,alaberng@stumbleupon.com,
Dagny,Yantsurev,Tromsø,05/26/1980,Norway,dyantsurevh@mozilla.org,617-468-7855
Gibby,Baldock,Vratsa,12/14/1955,Bulgaria,gbaldocki@vkontakte.ru,803-841-8689
Guenna,Tichelaar,Jember,07/23/1962,Indonesia,gtichelaarj@amazonaws.com,351-546-9652
Mae,Lotherington,Paldit,11/12/1963,Philippines,mlotheringtonk@tripadvisor.com,327-776-3746
Rhys,Blackaby,Yuetang,03/12/1979,China,rblackabyl@miitbeian.gov.cn,356-502-7225
Rhett,Heaney,Ribeirinha,11/19/1954,Portugal,rheaneym@va.gov,230-765-3502
Hy,Steabler,Krajan Sidodadi,06/21/1992,Indonesia,hsteablern@noaa.gov,870-930-7765
Rowland,Boggers,Buje,08/11/1954,Croatia,rboggerso@vk.com,823-720-4280
Hadrian,Reeson,Hushan,07/04/1979,China,hreesonp@fc2.com,632-667-8252
Al,Tewes,Kungshamn,01/23/1998,Sweden,atewesq@ca.gov,841-362-9977
Flossie,Boult,Washington,11/12/1997,United States,fboultr@istockphoto.com,202-908-2300
Shep,Bowling,Youchou,01/05/1961,China,sbowlings@jugem.jp,550-154-3074
Sheff,McVitie,Pomahuaca,01/17/1995,Peru,smcvitiet@posterous.com,378-401-2122
Frederick,Coppock.,Magay,02/12/1978,Philippines,fcoppocku@sohu.com,636-824-4993
Karoline,Albisser,Norman Wells,05/26/1983,Canada,,780-737-8538
Tracee,Hartnup,Zielonki,05/09/1969,Poland,thartnupw@admin.ch,561-119-4617
Kelsey,Hammarberg,Jiaocheng,07/24/1968,China,khammarbergx@flavors.me,972-375-7357
Oliviero,Trembley,El Salitre,07/08/1951,Mexico,otrembleyy@addthis.com,125-216-7113
Webb,Alyukin,Keffin Hausa,09/24/1956,Nigeria,walyukinz@ox.ac.uk,604-930-6930
Corella,Pilkington,,,,cpilkington10@homestead.com,
Giacopo,Paddeley,Novobeysugskaya,12/09/1985,Russia,gpaddeley11@cpanel.net,964-491-8383
Erick,Broadfoot,Chumphon,11/25/1964,Thailand,,602-812-9344
Lucretia,Lightoller,Dushanbe,12/07/1967,Tajikistan,llightoller13@twitpic.com,161-283-7407
Fidel,Strelitzki,Suibara,02/03/1957,Japan,fstrelitzki14@yandex.ru,668-877-4799
Goddart,Hush,Sulaco,11/21/1951,Honduras,ghush15@apple.com,248-236-5720
Thomas,Bowcock,Cempaka,09/10/1996,Indonesia,tbowcock16@dmoz.org,494-303-3417
Marietta,Smeuin,Vide,04/17/1952,Portugal,,740-490-8802
Shena,Domelow,Malausma Kidul,05/05/1987,Indonesia,sdomelow18@amazon.co.jp,739-964-8925
Andros,Chetwynd,Zoumaling,06/19/1998,China,achetwynd19@go.com,511-764-9500
Astrid,McLaverty,Xiangyang,07/28/1989,China,amclaverty1a@simplemachines.org,350-856-0603
Derrik,Thurnham,Zhenkou,09/02/1981,China,dthurnham1b@craigslist.org,318-195-4785
Shelby,Moraleda,Had Kourt,02/02/1983,Morocco,smoraleda1c@ihg.com,242-268-4982
Viki,Delieu,Sergach,01/01/1989,Russia,vdelieu1d@bizjournals.com,593-457-2868
Kara-lynn,Brattell,San Javier,06/20/1953,Uruguay,,913-979-7236
Harold,Vasilevich,Los Angeles,07/27/1965,Mexico,hvasilevich1f@cargocollective.com,284-596-9421
Fredra,Scamadin,,,,fscamadin1g@loc.gov,
Pamelina,MacGarvey,Nirgua,09/14/1954,Venezuela,pmacgarvey1h@photobucket.com,435-477-9589
Kipp,Hollingdale,Darkūsh,08/07/1998,Syria,khollingdale1i@parallels.com,497-834-9676
Gustavus,Matschek,Hrabyně,10/03/1981,Czech Republic,gmatschek1j@state.gov,691-799-4200
Barton,Dollman,Ar Rifā‘,03/10/1986,Bahrain,,870-844-2872
Foster,Bryenton,Karonga,09/11/1979,Malawi,fbryenton1l@blogs.com,628-249-9281
April,Fibbit,Malo,05/17/1983,Indonesia,afibbit1m@nasa.gov,233-570-3993
Cassey,Girdler,Cikendi,08/12/1991,Indonesia,,700-799-4249
Lexis,Trebble,Villanueva,04/03/1961,Philippines,ltrebble1o@smugmug.com,643-381-3718
Mauricio,De Freitas,Kauswagan,02/14/1985,Philippines,mdefreitas1p@csmonitor.com,209-463-6915
Ancell,Emmett,Damnoen Saduak,05/01/1981,Thailand,aemmett1q@loc.gov,227-925-4580
Grange,Eles,Qiaotou,12/06/1991,China,geles1r@icio.us,582-529-4617
Fredia,Loadsman,Fotolívos,10/09/1970,Greece,floadsman1s@so-net.ne.jp,173-752-9996
Hailee,Yurocjkin,La Peña,05/03/1959,Panama,hyurocjkin1t@51.la,504-305-7904
Alyda,Craft,Cam Lâm,09/14/1973,Vietnam,acraft1u@about.me,760-148-6632
Marcelia,Heynel,Salamá,07/31/1976,Honduras,mheynel1v@free.fr,312-348-4638
Olly,Hartzogs,Sirnasari,04/10/1950,Indonesia,ohartzogs1w@hexun.com,993-236-4036
Ana,Unworth,Amarete,03/07/1999,Bolivia,,886-290-0829
Carce,Snelson,Wenfu,04/25/1986,China,csnelson1y@washingtonpost.com,662-845-2882
Elisa,Harber,Winduraja,04/30/1974,Indonesia,eharber1z@indiatimes.com,360-263-9734
Marcile,Kimblin,Sievi,04/30/1974,Finland,mkimblin20@wix.com,564-451-5582
Andriette,Aberkirdo,Casal Novo,10/17/1957,Portugal,aaberkirdo21@mayoclinic.com,279-154-8290
Marieann,Botwright,Gnosjö,08/30/1965,Sweden,mbotwright22@admin.ch,728-805-5453
Camilla,Qusklay,Rabaul,12/28/1982,Papua New Guinea,cqusklay23@google.co.jp,257-561-5752
Reider,Goodbairn,Złotoryja,05/27/1951,Poland,rgoodbairn24@eepurl.com,804-189-6279
Sean,Himsworth,Tukbur,08/18/1976,Indonesia,shimsworth25@usda.gov,159-637-6018
Galina,Oldland,Buchou,03/15/1989,China,goldland26@apple.com,595-214-4077
Ediva,Caulton,Helsingborg,12/16/1973,Sweden,ecaulton27@dell.com,629-488-1068
Nomi,Roskruge,Hexi,02/22/1979,China,nroskruge28@scribd.com,826-104-8384
Angelle,Liley,Köping,09/17/1998,Sweden,aliley29@rambler.ru,861-621-5075
Michal,Tallboy,Thāru Shāh,04/15/1985,Pakistan,mtallboy2a@discuz.net,362-277-1274
Hali,Skacel,Vientiane,06/22/1978,Laos,hskacel2b@hexun.com,961-999-4563
Merwin,Cockman,Jiufang,01/15/1950,China,mcockman2c@list-manage.com,223-941-3952
Kathye,Denecamp,Morbatoh,10/18/1983,Indonesia,kdenecamp2d@hibu.com,336-379-1365
Rolando,Kobiela,Guajará Mirim,10/07/1952,Brazil,rkobiela2e@senate.gov,682-656-8792
Nana,Goodlatt,Nantes,06/16/1952,France,ngoodlatt2f@dion.ne.jp,132-204-0435
Gherardo,Heakey,Palaihari,07/20/1953,Indonesia,gheakey2g@bbb.org,729-583-6493
Genvieve,Danneil,Haishan,08/05/1977,China,gdanneil2h@bandcamp.com,224-610-6052
Loria,Daviot,Alpiarça,09/10/1964,Portugal,ldaviot2i@shinystat.com,918-880-9863
Emyle,Iskov,Pujilí,06/20/1982,Ecuador,,408-430-6164
Giovanna,Matthesius,Sabunçu,03/29/1951,Azerbaijan,,844-315-1091
Marwin,Utterson,Candoni,02/28/1980,Philippines,mutterson2l@jiathis.com,423-833-1084
Rea,Persey,Novki,01/28/1992,Russia,rpersey2m@unicef.org,122-395-4252
Garrott,Foot,Ostojićevo,04/16/1964,Serbia,gfoot2n@usda.gov,281-154-6187
Ferne,Rothermel,Karmai,07/02/1989,China,frothermel2o@google.ru,253-303-1398
Jody,Izac,Ciénaga de Oro,12/15/1954,Colombia,jizac2p@twitpic.com,969-967-1266
Maxine,Cowcha,Bandungsari,03/08/1984,Indonesia,mcowcha2q@joomla.org,277-750-1976
Correy,Koschek,Maebashi-shi,09/09/1969,Japan,ckoschek2r@ed.gov,837-483-2829
Gilligan,Grevatt,Jõgeva,12/09/1958,Estonia,ggrevatt2s@nifty.com,743-355-5515
Alyse,Spacie,Alcoutim,03/03/1998,Portugal,aspacie2t@state.gov,718-877-4505
Aili,Weagener,Uiasa,12/25/1969,Indonesia,aweagener2u@ifeng.com,293-920-2268
Korrie,Trematick,Jām Sāhib,04/13/1974,Pakistan,ktrematick2v@usa.gov,129-564-0273
Ivett,Jerrams,Guiniculalay,06/19/1962,Philippines,ijerrams2w@imdb.com,913-555-7631
Rufus,Dowdney,Mabai,07/29/1965,China,rdowdney2x@ezinearticles.com,535-514-8252
Cordelia,Sallery,Gävle,09/03/1957,Sweden,csallery2y@huffingtonpost.com,204-275-3279
Hanna,Pentycost,Marčelji,01/17/1951,Croatia,hpentycost2z@vistaprint.com,562-788-8673
Virgil,Varnham,Qingu,02/08/1971,China,vvarnham30@washingtonpost.com,932-706-5845
Tiertza,Odger,Weixin,08/29/1980,China,,657-973-3100
Harrison,Castana,Socorro,03/13/1951,Philippines,hcastana32@digg.com,958-477-5672
Roxanne,Websdale,Pingqiao,12/22/1981,China,rwebsdale33@ustream.tv,804-225-8166
Zared,Keneforde,Xike,04/04/1967,China,zkeneforde34@tumblr.com,224-121-4809
Drud,Waddoups,Jagüey Grande,11/22/1959,Cuba,,305-523-1914
Cherilyn,Isenor,Murom,02/04/1965,Russia,cisenor36@ucla.edu,886-154-5200
Rey,Herion,El Corpus,11/14/1974,Honduras,rherion37@feedburner.com,475-163-6368
Krysta,Ottawell,Hongshan,12/08/1975,China,kottawell38@reverbnation.com,575-981-4401
Kerrie,Flecknell,Báguanos,06/24/1977,Cuba,,914-929-0722
Jocelyn,Mote,Texíguat,06/04/1993,Honduras,jmote3a@rakuten.co.jp,744-819-8804
Rae,Butler,Sumuragung,02/02/1968,Indonesia,rbutler3b@soup.io,230-277-8262
Suki,Raphael,Tetaf,09/11/1997,Indonesia,sraphael3c@mapquest.com,510-513-7880
Delmore,Cole,Minneapolis,10/14/1971,United States,dcole3d@microsoft.com,612-828-3975
Anatola,Tivers,Sing Buri,07/14/1975,Thailand,ativers3e@youtube.com,900-277-9618
Opal,Rowena,Oussivo,02/25/1998,Comoros,orowena3f@wordpress.org,221-323-5003
Kippy,Morrant,,,,kmorrant3g@weebly.com,
Shelley,Holt,Jiusi,09/16/1978,China,sholt3h@wordpress.org,748-864-3476
Gusty,Barcke,Manizales,07/03/1989,Colombia,gbarcke3i@blogspot.com,608-285-9180
Cassie,Gandar,Moch,01/04/1984,Micronesia,cgandar3j@walmart.com,249-297-5737
Vasily,Heaton,Gharyan,07/18/1971,Libya,vheaton3k@yellowpages.com,809-180-2831
Sully,Gowen,Uva,10/04/1966,Russia,sgowen3l@meetup.com,279-110-1054
Thia,Levene,Wanasari Baleran,04/07/1989,Indonesia,tlevene3m@prnewswire.com,845-317-1754
Ernesta,Jenner,Póvoa,04/15/1988,Portugal,ejenner3n@linkedin.com,576-420-6290
Case,Hawke,Khāsh,11/02/1979,Afghanistan,chawke3o@chron.com,123-548-1749
Morrie,Knapper,Söderhamn,05/15/1976,Sweden,mknapper3p@illinois.edu,923-180-3040
Erny,Clubb,Hāla,10/17/1965,Pakistan,,676-667-1805
Thornie,Tidswell,Jingxin,06/29/1997,China,ttidswell3r@state.gov,909-653-6814
Regan,Aughtie,Buynaksk,08/08/1952,Russia,raughtie3s@zdnet.com,677-602-1668
Klement,Rosberg,Fenglin,12/17/1986,China,krosberg3t@craigslist.org,238-591-4348
Irvine,Boakes,San Alejandro,04/19/1988,Philippines,iboakes3u@webmd.com,888-116-6727
Jessie,Kingett,Ibarreta,01/21/1955,Argentina,jkingett3v@cbsnews.com,543-182-3186
Marten,Cottee,,,,mcottee3w@sfgate.com,
Loria,Leteurtre,Pepayan,12/10/1954,Indonesia,lleteurtre3x@umn.edu,105-155-1411
Verne,Pipes,Václavovice,05/28/1959,Czech Republic,vpipes3y@apple.com,875-545-6419
Gordan,Wilcott,Seres,02/27/1965,Philippines,gwilcott3z@mapy.cz,688-998-2447
Mab,Taylot,Xishaping,02/21/1965,China,mtaylot40@purevolume.com,167-127-6735
Benyamin,Charlet,Pasar,08/31/1951,Indonesia,bcharlet41@spiegel.de,710-584-8919
Silas,Thal,Plaza Huincul,09/29/1998,Argentina,sthal42@amazon.co.uk,353-251-8633
Nehemiah,Bonner,Przybiernów,03/07/1987,Poland,nbonner43@virginia.edu,373-234-9710
Latrina,Capun,Dobropillya,01/08/1975,Ukraine,,319-228-5620
Tessa,Gravy,Obrera,03/30/1988,Mexico,tgravy45@amazon.co.jp,761-449-4149
Valma,O'Donoghue,Duli,04/27/1980,China,vodonoghue46@purevolume.com,737-435-8909
Ewart,Perutto,Sanli,08/04/1987,China,eperutto47@si.edu,845-395-0199
Anabal,Mennear,Waepana,01/03/1951,Indonesia,amennear48@chron.com,327-510-5253
Nowell,Mowbray,Prusice,09/05/1991,Poland,nmowbray49@sciencedaily.com,586-800-8221
Hollie,Braban,Liutang,05/29/1973,China,hbraban4a@intel.com,878-461-6693
Clem,Capner,Kuantan,10/08/1977,Malaysia,ccapner4b@samsung.com,505-618-7978
Galen,Scrange,Carquefou,01/20/1969,France,gscrange4c@goo.ne.jp,494-605-6209
Correy,Heliar,Tầm Vu,08/19/1964,Vietnam,cheliar4d@wikimedia.org,969-748-0225
Joela,Clemerson,Bilqās,05/30/1961,Egypt,jclemerson4e@nih.gov,501-290-8256
Cicely,Thorne,Ekibastuz,08/04/1952,Kazakhstan,,463-127-3013
Leonie,Gregorowicz,Turka,10/28/1950,Russia,lgregorowicz4g@dion.ne.jp,229-790-1698
Hodge,Gentzsch,Muara Sabak,01/10/1963,Indonesia,hgentzsch4h@so-net.ne.jp,213-170-8689
Jennine,Shellibeer,Zhuhe,05/26/1982,China,jshellibeer4i@bloglovin.com,830-579-2061
Godard,Reddel,Ntungamo,10/08/1998,Uganda,greddel4j@i2i.jp,929-163-8664
Delia,Judkin,Liudu,01/09/1970,China,djudkin4k@hostgator.com,898-621-9046
Bob,Jellicorse,Junín,11/27/1979,Argentina,bjellicorse4l@statcounter.com,228-532-9273
Lorelei,Ameer-Beg,Tanagara,03/13/1970,Indonesia,lameerbeg4m@ow.ly,853-679-4188
Erick,Grzes,Karlskrona,06/20/1964,Sweden,egrzes4n@eepurl.com,875-113-9653
Tybi,Coalburn,Keffi,10/24/1981,Nigeria,tcoalburn4o@apple.com,805-755-8440
Hildegarde,Ioselevich,Minneapolis,12/29/1951,United States,hioselevich4p@diigo.com,763-167-2885
Ali,Giacomo,Lahān,06/21/1991,Nepal,agiacomo4q@diigo.com,834-301-3623
Bryn,Scane,Bakersfield,05/22/1956,United States,bscane4r@dropbox.com,805-356-2227
Kile,Organ,Gabasumdo,02/02/1997,China,korgan4s@nsw.gov.au,685-173-2064
Dionisio,Shillam,Birendranagar,11/12/1982,Nepal,dshillam4t@mapy.cz,196-575-1907
Alejandrina,Peppett,Masindi,08/24/1970,Uganda,,797-514-2734
Murdoch,Fright,Athi River,08/02/1988,Kenya,mfright4v@goo.gl,348-803-9920
Anastassia,Sloley,Batojaran,07/15/1955,Indonesia,asloley4w@upenn.edu,326-223-3113
Marlena,Bramelt,Krousón,03/31/1970,Greece,,687-115-3057
Cad,Grouvel,Changping,01/26/1970,China,cgrouvel4y@cyberchimps.com,974-872-2478
Jozef,Grevile,Soledad,04/01/1961,Colombia,jgrevile4z@csmonitor.com,358-713-5734
Bronny,Ruddle,,,,bruddle50@booking.com,
Charleen,Sully,Laoshawan,07/17/1978,China,csully51@wisc.edu,876-986-0813
Lorne,Bourgour,Tasböget,09/12/1988,Kazakhstan,lbourgour52@fda.gov,677-279-0797
Elliot,Gecks,Lixiqiao,09/19/1953,China,,830-188-8633
Bee,Daddow,Shāhīn Dezh,07/03/1978,Iran,bdaddow54@tinyurl.com,340-168-2841
Nick,Kretchmer,København,11/10/1971,Denmark,,353-564-2254
Jonell,Bisatt,Ciroyom,04/19/1965,Indonesia,jbisatt56@miibeian.gov.cn,741-375-1463
Carolee,Klulicek,Iłowa,05/13/1993,Poland,cklulicek57@bloomberg.com,114-258-2009
Sebastien,Curror,Pomerode,02/02/1992,Brazil,scurror58@google.cn,673-493-2256
Ddene,Ditt,Al Ain,04/12/1998,United Arab Emirates,dditt59@rediff.com,403-971-9060
Standford,Andreotti,Sigavé,12/03/1984,Wallis and Futuna,sandreotti5a@sphinn.com,169-542-3681
Gerta,Digan,Chantal,10/12/1953,Haiti,gdigan5b@dyndns.org,720-584-6272
Chase,Utterson,Shumerlya,12/15/1963,Russia,cutterson5c@reference.com,500-459-5761
Abeu,Borrows,Kafr Zaytā,01/06/1951,Syria,aborrows5d@java.com,738-156-4554
Germain,Speechly,Pacobamba,06/14/1954,Peru,gspeechly5e@techcrunch.com,984-444-7400
Marlin,Rudkin,Fier-Çifçi,06/13/1976,Albania,mrudkin5f@etsy.com,811-616-5287
Teodor,Standfield,Ganquan,10/09/1951,China,tstandfield5g@nifty.com,721-334-8506
Hetty,Vanderplas,Yumbo,08/23/1986,Colombia,hvanderplas5h@npr.org,892-347-8209
Aliza,Hearon,Plottier,09/25/1999,Argentina,ahearon5i@prnewswire.com,283-365-7595
Ferrel,Battyll,El Bagre,05/16/1964,Colombia,,102-853-9889
Wernher,Stanway,Agra,11/03/1962,Portugal,,423-628-1246
Leland,Carmo,San Pedro,06/10/1989,Mexico,,417-666-9780
Neala,Quare,Jinrongjie,04/26/1959,China,nquare5m@blogspot.com,601-987-2750
Rubi,Murty,Bačka Topola,07/25/1964,Serbia,rmurty5n@bloglovin.com,486-740-7950
Amalia,Broadberrie,Bila Tserkva,04/14/1996,Ukraine,abroadberrie5o@dell.com,916-114-8040
Cecelia,Presswell,Shuanghe,11/03/1955,China,cpresswell5p@angelfire.com,277-804-3949
Hobey,Cayette,Jinan,03/09/1974,China,hcayette5q@csmonitor.com,161-967-5516
Juliane,Kingzeth,Sangzhou,01/14/1952,China,jkingzeth5r@umich.edu,261-720-2207
Alisha,Flaunier,Panzhou,08/31/1992,China,aflaunier5s@simplemachines.org,579-918-9069
Angy,Litchmore,Shizuishan,06/22/1989,China,alitchmore5t@blinklist.com,134-300-1642
Filippa,Reddick,Wanlongshan,03/08/1990,China,freddick5u@ameblo.jp,454-235-3907
Dania,Haggarth,Kirovgrad,02/14/1993,Russia,,626-647-8806
Allyson,Gillespie,Pili,03/08/1981,Indonesia,agillespie5w@symantec.com,691-823-1292
Linnea,Dowden,Xiaojian,05/24/1950,China,,409-360-1854
Erinna,Porcher,Karanganyarkrajan,12/26/1955,Indonesia,,335-870-7481
Angel,Daulby,,,,adaulby5z@over-blog.com,
Gleda,Crossan,Chengzhai,09/23/1958,China,gcrossan60@g.co,906-530-6974
Chaddy,Blackah,Linchen,09/01/1959,China,,170-899-7605
Hernando,Woodroff,Lajaluhur,05/12/1968,Indonesia,hwoodroff62@liveinternet.ru,970-378-8714
Lazare,Gregr,Espargos,12/31/1962,Cape Verde,lgregr63@naver.com,211-287-6722
Dayna,Methringham,Potoci,06/29/1962,Bosnia and Herzegovina,dmethringham64@discovery.com,675-385-7744
Gordy,Gatesman,La Libertad,09/18/1966,Honduras,ggatesman65@facebook.com,464-297-6340
Stafford,Mordey,Bizana,12/31/1950,South Africa,smordey66@irs.gov,870-930-3551
Noelle,Vedekhin,Fort-de-France,01/18/1989,Martinique,nvedekhin67@miibeian.gov.cn,712-752-6132
Gilemette,Salvidge,Tianzhou,09/23/1958,China,,203-929-3103
Brade,Arundell,Tangwang,01/08/1953,China,,650-901-4146
Eydie,Hindmore,Zhentian,12/17/1993,China,ehindmore6a@aol.com,428-281-6732
Cyndie,Kornalik,Unawatuna,06/22/1983,Sri Lanka,,929-982-7489
Byrann,Bailes,Cimanggu,03/21/1971,Indonesia,bbailes6c@sina.com.cn,976-375-7816
Mickie,Willson,Cimalati,09/11/1969,Indonesia,mwillson6d@narod.ru,784-599-0858
Guillema,Affron,Sankui,12/25/1992,China,gaffron6e@clickbank.net,430-853-1962
Mehetabel,Bedells,Lidong,03/16/1973,China,mbedells6f@hao123.com,340-791-1403
Bert,Faill,Qukou,04/30/1970,China,,909-268-7415
Ernst,Wingham,Burunday,10/17/1959,Kazakhstan,,971-947-5197
Kermy,Burgum,Muzayri‘,04/25/1955,United Arab Emirates,kburgum6i@netlog.com,131-971-1075
Killian,Knobell,Liangshan,08/12/1963,China,kknobell6j@europa.eu,366-874-9953
Marthena,Geer,Pardesiyya,03/27/1962,Israel,,514-520-5819
Eirena,Lundbech,Tsaritsyno,07/03/1965,Russia,elundbech6l@joomla.org,253-518-4974
Ximenes,Murra,Zavolzh’ye,07/13/1977,Russia,xmurra6m@list-manage.com,254-404-3820
Melany,Marshfield,Marigot,03/07/1990,Saint Martin,mmarshfield6n@imageshack.us,520-969-3984
Roch,Follitt,Cerquilho,05/13/1974,Brazil,rfollitt6o@ucsd.edu,261-428-3353
Tyson,Hanford,Las Toscas,03/10/1981,Argentina,thanford6p@example.com,599-190-4950
Petunia,McInnery,,,,,
Chrotoem,Spottiswood,Kavadarci,03/01/1982,Macedonia,cspottiswood6r@state.gov,390-768-6099
Nita,Mantle,Pengwan,09/15/1984,China,nmantle6s@opensource.org,232-547-9708
Derrek,McCallam,,,,dmccallam6t@drupal.org,
Milly,Cheatle,Krasnogorodskoye,11/26/1959,Russia,mcheatle6u@about.com,997-618-6858
Florentia,Keyser,Zográfos,06/06/1980,Greece,fkeyser6v@clickbank.net,286-281-8841
Genia,Holehouse,Sv. Anton,05/10/1972,Slovenia,gholehouse6w@microsoft.com,405-450-0392
Efrem,Meaddowcroft,Ōno-hara,04/21/1962,Japan,emeaddowcroft6x@devhub.com,941-486-0481
Galvin,Lingner,Pristen’,04/24/1968,Russia,,800-202-9272
Carolyn,Shovlin,Strawczyn,10/15/1993,Poland,cshovlin6z@shutterfly.com,798-408-9441
Tybalt,Panons,Pesochnoye,07/06/1981,Russia,tpanons70@t.co,765-421-3915
Cosmo,Kenaway,Busdi,07/24/1958,Philippines,ckenaway71@domainmarket.com,596-667-0484
Christi,Jasiak,Temanjang,10/28/1987,Indonesia,cjasiak72@blogtalkradio.com,998-312-6859
Kathy,Guiel,Tučepi,11/26/1963,Croatia,kguiel73@aol.com,956-147-1480
Duke,Gershom,Manisi,02/08/1973,China,dgershom74@yolasite.com,949-899-4504
Hodge,Walasik,Amnat Charoen,01/13/1968,Thailand,hwalasik75@jimdo.com,325-886-5210
Sully,Trewhela,Ivouani,06/21/1951,Comoros,strewhela76@ed.gov,708-130-5034
Ray,Grose,Morro do Chapéu,10/28/1993,Brazil,rgrose77@yellowbook.com,452-221-3608
Aubree,Colten,Paraíso,07/29/1994,Portugal,acolten78@wufoo.com,955-585-4393
Florencia,Malan,Fastovetskaya,03/06/1991,Russia,fmalan79@php.net,835-298-7844
Florie,Norquay,Itzig,11/06/1970,Luxembourg,fnorquay7a@typepad.com,158-829-2923
Suki,Pershouse,Świętochłowice,07/28/1955,Poland,spershouse7b@naver.com,393-454-1264
Edna,Frame,Hexi,10/30/1957,China,eframe7c@ox.ac.uk,400-274-9614
Jerad,Jennins,Mananjary,11/23/1984,Madagascar,jjennins7d@hexun.com,613-667-3863
Jenelle,Goford,Huangliang,08/29/1991,China,jgoford7e@blogtalkradio.com,509-336-5350
Starlene,Harbar,Verona,05/15/1989,Italy,sharbar7f@seesaa.net,641-528-5563
Carmella,Barhams,Měřín,05/04/1970,Czech Republic,cbarhams7g@cargocollective.com,247-971-6869
Martainn,Kusick,Creil,10/12/1954,France,mkusick7h@webnode.com,877-961-8502
Tally,Zollner,Natal,03/05/1987,Brazil,tzollner7i@ca.gov,210-409-8645
Mareah,Yosevitz,,,,myosevitz7j@pinterest.com,
Veronica,Longbone,Färgelanda,08/30/1989,Sweden,vlongbone7k@nih.gov,124-605-9173
Gaylor,Montes,Kainantu,05/15/1977,Papua New Guinea,gmontes7l@sbwire.com,791-895-9913
Madalyn,Ossulton,Goodlands,12/22/1960,Mauritius,mossulton7m@hp.com,213-646-3149
Davon,Farres,,,,,
Hobart,Crittal,Soio,10/26/1983,Angola,hcrittal7o@biblegateway.com,456-226-9823
Karl,Darkott,Tiaodeng,07/08/1972,China,kdarkott7p@posterous.com,836-415-8474
Haleigh,Moreing,Krasnyy Profintern,08/21/1991,Russia,hmoreing7q@china.com.cn,354-481-4794
Sherwynd,Richemond,Itaituba,10/15/1979,Brazil,srichemond7r@un.org,944-329-7381
Chaddy,Gable,,,,cgable7s@google.nl,
Carmencita,Skoyles,Bojano,09/15/1967,Poland,cskoyles7t@netlog.com,210-101-0200
Nerti,Stump,Xinfang,10/09/1998,China,nstump7u@vimeo.com,870-794-0319
Maddi,Scholtis,Tanumshede,08/09/1953,Sweden,mscholtis7v@multiply.com,237-808-1168
Avrom,Hegdonne,Bourges,11/22/1978,France,ahegdonne7w@illinois.edu,552-630-1014
Emmett,Walhedd,Taodian,09/14/1983,China,ewalhedd7x@multiply.com,790-949-1440
Venita,Hugonneau,Matagbak,01/14/1979,Philippines,vhugonneau7y@is.gd,785-781-3570
Allyce,Braywood,,,,,
Trixy,Cutbirth,‘Akko,08/20/1961,Israel,tcutbirth80@angelfire.com,967-307-2310
Odelle,Kibbel,Okegawa,12/17/1982,Japan,okibbel81@trellian.com,328-939-7571
Chery,Ikins,Jianchang,06/19/1963,China,cikins82@histats.com,341-705-4252
Ddene,MacSkeagan,Nevel’sk,05/08/1981,Russia,,554-650-0574
Anya,Elsom,Santa María de Ipire,09/16/1990,Venezuela,aelsom84@mozilla.com,347-999-1443
Deena,Scouler,Paraíso das Águas,11/18/1997,Brazil,dscouler85@google.com.au,573-381-7140
Davon,Truse,Talondang,04/16/1953,Indonesia,,654-400-4314
Cate,Ginity,Nyanga,02/09/1953,Zimbabwe,cginity87@yellowbook.com,250-815-6813
Mervin,Tarr,,,,mtarr88@usatoday.com,
Marybelle,Arr,Silae,05/16/1995,Philippines,marr89@photobucket.com,720-464-0640
Colette,Parkes,Khust,07/03/1995,Ukraine,,428-885-0852
Jada,Gosford,Chigasaki,01/11/1992,Japan,jgosford8b@arizona.edu,983-900-5169
Angele,Lishman,Grenoble,09/18/1979,France,alishman8c@uol.com.br,342-238-0942
Ofilia,Kleinlerer,Fanrong,08/23/1975,China,okleinlerer8d@51.la,387-965-1136
Cherrita,Nolder,Baranowo,07/08/1952,Poland,cnolder8e@sina.com.cn,274-822-1516
Ingram,Brood,Berlin,03/12/1959,Germany,ibrood8f@cam.ac.uk,877-299-4578
Annice,Gaskall,Tuzhu,10/03/1964,China,agaskall8g@npr.org,358-464-4812
Zane,Bretland,Napak,10/10/1976,Uganda,,166-895-8048
Phil,Deesly,Ichihara,06/18/1966,Japan,pdeesly8i@bravesites.com,977-705-4670
Wiley,Jeannard,San Vicente,08/23/1994,Philippines,,480-188-2070
Clay,Bulger,Charneca,10/13/1988,Portugal,cbulger8k@elegantthemes.com,870-718-0483
Celka,Jorry,La Eduvigis,05/02/1958,Argentina,cjorry8l@netvibes.com,388-257-6989
Lari,Balcon,Hadayang,12/28/1955,China,lbalcon8m@amazon.de,689-533-5472
Gusella,Oakwood,,,,goakwood8n@studiopress.com,
Everett,Clue,Cinyasag,10/03/1974,Indonesia,eclue8o@youtu.be,987-507-1282
Sosanna,Tracey,Xinan,12/19/1957,China,stracey8p@deviantart.com,918-731-3560
Winifred,Torrijos,Avelinha,02/16/1985,Portugal,wtorrijos8q@java.com,239-563-8839
Datha,Godin,Lai Lai Bisi Kopan,05/08/1956,Indonesia,,690-495-2802
Beret,Cowper,Himaya,01/13/1974,Philippines,bcowper8s@economist.com,415-557-8554
Marielle,Kiddy,Mikulášovice,03/20/1964,Czech Republic,mkiddy8t@theglobeandmail.com,800-772-1448
Lenee,Mongin,Lindavista,08/12/1957,Mexico,,840-313-4301
Cortie,Wixey,Burqah,07/16/1978,Palestinian Territory,cwixey8v@photobucket.com,557-243-5186
Sky,Chaperlin,Abucayan,08/28/1970,Philippines,,176-526-6984
Franny,Islip,Lakhdenpokh’ya,07/09/1950,Russia,fislip8x@reference.com,515-361-9908
Daphne,Bratcher,Tongshan,03/04/1985,China,dbratcher8y@yahoo.com,717-755-0142
Starla,Rayne,Jaunpils,11/27/1955,Latvia,srayne8z@fastcompany.com,899-919-8509
Min,Gladstone,Kansas City,05/29/1967,United States,mgladstone90@sourceforge.net,913-606-6852
Rodie,Golborn,Shixiang,12/09/1974,China,rgolborn91@youtu.be,235-156-0761
Ronalda,Askham,Atap,02/15/1991,Indonesia,raskham92@answers.com,663-735-6967
Indira,Londer,Maputsoe,10/09/1972,Lesotho,ilonder93@vkontakte.ru,623-281-0081
Emalee,Bisp,Yonglong,11/28/1954,China,ebisp94@tinyurl.com,119-495-2061
Mitzi,Murrum,Tver,09/04/1997,Russia,mmurrum95@mayoclinic.com,710-921-3104
Livvyy,Colville,Selishche,01/30/1952,Russia,lcolville96@bing.com,559-602-1055
Rodie,Greep,Koson,07/07/1991,Uzbekistan,rgreep97@china.com.cn,623-811-6469
Lewie,Shenley,Basīrpur,05/14/1970,Pakistan,,645-329-3225
Garner,Groger,Huakoulongtan,03/28/1982,China,ggroger99@domainmarket.com,191-934-0491
Anjanette,Acreman,Patrída,06/02/1997,Greece,,797-894-1851
Kara,Dollin,Soa,05/02/1957,Indonesia,kdollin9b@vistaprint.com,169-180-2181
Briney,Parfett,Panaitólion,10/21/1954,Greece,,307-768-5788
Bert,Robelow,Iturama,08/02/1978,Brazil,brobelow9d@wired.com,517-940-9742
Adrianne,Valentino,Medenychi,12/27/1965,Ukraine,avalentino9e@ted.com,402-517-2805
Drusilla,Disbury,,,,ddisbury9f@google.co.jp,
Nester,Ellingworth,Sueyoshichō-ninokata,09/07/1980,Japan,nellingworth9g@icio.us,852-357-5916
Rafi,Sleath,Mardīān,02/22/1972,Afghanistan,rsleath9h@blogspot.com,773-905-3185
Oralia,Gozney,Phra Phrom,12/25/1958,Thailand,ogozney9i@berkeley.edu,238-749-5453
Morry,Banfield,Roche Terre,07/20/1980,Mauritius,mbanfield9j@amazon.co.jp,720-400-1445
Kahlil,Gunbie,Kasturi,03/07/1982,Indonesia,kgunbie9k@foxnews.com,406-523-5630
Cornela,Blythin,Nizami,04/06/1971,Armenia,cblythin9l@pcworld.com,185-581-6107
Allyce,Fortnon,Mirontsi,07/17/1995,Comoros,afortnon9m@theglobeandmail.com,697-433-7514
Gerrie,Thor,Ziniaré,06/05/1964,Burkina Faso,gthor9n@ehow.com,345-474-7136
Egan,Groocock,Ono,11/10/1980,Japan,egroocock9o@economist.com,179-899-4883
Thadeus,Bunford,Jacareí,04/08/1964,Brazil,tbunford9p@toplist.cz,518-472-1240
Alene,Baraja,Grigiškės,10/26/1996,Lithuania,abaraja9q@cdbaby.com,852-780-0182
Lanny,Rapa,Yên Lạc,02/11/1975,Vietnam,lrapa9r@reuters.com,222-329-1902
Meghan,Gillopp,Bucu Lor,07/17/1961,Indonesia,mgillopp9s@g.co,193-573-7047
Northrop,Midghall,Sanhui,12/29/1978,China,nmidghall9t@shutterfly.com,463-674-3425
Erma,Carolan,Łopuszna,03/31/1964,Poland,ecarolan9u@myspace.com,366-177-1434
Tiler,O' Faherty,Qianzhou,06/15/1987,China,tofaherty9v@ftc.gov,594-122-7796
Jinny,Hankinson,Moulins,05/29/1977,France,jhankinson9w@hibu.com,482-490-0449
Marti,Gludor,,,,,
Aland,Pococke,Själevad,01/04/1997,Sweden,apococke9y@ustream.tv,638-132-6739
Morganica,Greenley,,,,mgreenley9z@example.com,
Cindy,Fealey,Gotse Delchev,05/25/1965,Bulgaria,cfealeya0@ycombinator.com,670-186-0251
Robbie,Dutteridge,,,,rdutteridgea1@ovh.net,
Leonanie,Yon,Yengimahalla,10/02/1978,China,lyona2@dropbox.com,148-820-6990
Michael,Antoniak,Fao Rai,03/22/1991,Thailand,mantoniaka3@bloglovin.com,571-976-9939
Loraine,Nusche,Guayabal,01/09/1974,Venezuela,lnuschea4@businessweek.com,467-116-9026
Bryant,Benezet,Onoda,08/01/1964,Japan,bbenezeta5@archive.org,406-826-0241
Bondon,Perfitt,Yujia,11/28/1977,China,,171-609-0486
Celestina,Coolbear,Luis Donaldo Colosio,04/15/1970,Mexico,ccoolbeara7@list-manage.com,371-187-6284
Ansley,Bellwood,Changmao,04/20/1995,China,,333-971-1113
Waneta,Kinglake,Xiping,07/17/1962,China,,490-714-3098
Gleda,Lardge,Áno Kómi,08/14/1994,Greece,glardgeaa@tinypic.com,912-195-5737
Stirling,Lias,Sapporo,12/02/1998,Japan,,149-686-8837
Neille,Tofts,Kibuku,08/16/1954,Uganda,,577-817-2389
Georas,Petzold,Xinli,06/24/1966,China,gpetzoldad@list-manage.com,677-219-0564
Oralia,Slay,,,,oslayae@meetup.com,
Ulrica,Kennan,Uppsala,03/18/1990,Sweden,ukennanaf@ed.gov,865-538-2432
Flori,Abramsky,Saint Louis,10/17/1988,United States,fabramskyag@si.edu,314-265-4185
Kary,Kiely,Tylicz,04/12/1967,Poland,kkielyah@jiathis.com,999-834-2714
Win,Welsh,Kribi,08/29/1961,Cameroon,wwelshai@nyu.edu,810-179-1759
Bartholemy,Piddick,Huayllati,09/08/1972,Peru,bpiddickaj@dell.com,464-624-5654
Ashli,Ghiroldi,Ivanovskoye,01/08/1988,Russia,aghiroldiak@multiply.com,914-477-3167
Janette,Sexon,Donnybrook,06/24/1982,Ireland,jsexonal@home.pl,456-519-3673
Yoshi,Camois,Chipaque,08/04/1995,Colombia,,924-174-3896
Trudey,Keates,Yangsan,09/12/1998,South Korea,,599-754-7324
Marlowe,Drew,Yucheng,10/21/1973,China,mdrewao@bloomberg.com,194-896-5940
Huntley,Tonry,Lapaz,11/11/1968,Philippines,htonryap@un.org,956-654-8623
Sherilyn,Iannelli,Xumu,02/02/1990,China,,413-995-3725
Evanne,Faber,Sang-e Chārak,10/24/1982,Afghanistan,efaberar@bloglovin.com,427-340-5341
Artemus,Petlyura,Horlivka,10/20/1982,Ukraine,apetlyuraas@reverbnation.com,358-398-0087
Adorne,Ivanchin,Ode,08/01/1950,Nigeria,,492-830-7340
Lethia,Carlyon,Zürich,04/16/1964,Switzerland,lcarlyonau@utexas.edu,385-128-5386
Berni,Bazely,Neietsu,09/22/1969,South Korea,bbazelyav@cocolog-nifty.com,915-141-4019
Bondie,Worthing,Qabqir,05/07/1961,China,,995-489-6834
Charmaine,Fleote,Skatepark,09/05/1981,Canada,cfleoteax@studiopress.com,266-488-9435
Kirsteni,Nerger,Cileueur,04/06/1981,Indonesia,knergeray@altervista.org,525-710-2314
Kaitlynn,Charpin,Shiraoka,09/14/1972,Japan,kcharpinaz@apple.com,443-689-0187
Jacklin,Haill,Rouen,05/03/1953,France,jhaillb0@tinypic.com,918-572-9130
Curtice,Landeaux,Warri,03/06/1968,Nigeria,clandeauxb1@theguardian.com,787-257-5604
Minerva,Morsey,Al Maḩjal,11/28/1954,Yemen,,782-833-1328
Nessy,Hutley,Vila Velha de Ródão,02/21/1989,Portugal,nhutleyb3@yolasite.com,278-643-7057
Yves,Tegler,Phibun Mangsahan,06/29/1967,Thailand,yteglerb4@free.fr,278-497-3068
Betteanne,Braime,Pulau Tiga,07/13/1953,Indonesia,bbraimeb5@about.com,996-821-8127
Florri,Hubert,Uppsala,02/25/1975,Sweden,fhubertb6@huffingtonpost.com,803-474-8334
Gunther,Cloney,Béreldange,01/27/1964,Luxembourg,gcloneyb7@irs.gov,960-646-5751
Erna,Rubenovic,Qinggang,12/02/1987,China,erubenovicb8@deviantart.com,938-626-3632
Kendall,Janaway,Zhouji,07/27/1953,China,kjanawayb9@smh.com.au,382-726-6618
Lemmy,Greguol,Taurage,06/12/1978,Lithuania,lgreguolba@wunderground.com,338-184-8658
Tomasina,Vedeshkin,Koroyo,12/18/1990,Indonesia,tvedeshkinbb@msn.com,558-381-9152
Latia,Beeswing,Perzów,04/05/1995,Poland,lbeeswingbc@accuweather.com,177-287-5163
Quillan,Seagar,Gampengrejo,07/12/1980,Indonesia,qseagarbd@boston.com,179-561-8620
Kendal,Joder,Medina,02/22/1964,Brazil,kjoderbe@bluehost.com,558-818-5216
Kienan,Milstead,Torres,01/21/1964,Brazil,kmilsteadbf@bluehost.com,457-279-6392
Khalil,Canedo,Prosyana,08/12/1989,Ukraine,kcanedobg@homestead.com,903-261-1867
Tiphany,Mucklow,Krasnodon,08/04/1993,Ukraine,tmucklowbh@apple.com,369-749-9127
Magdaia,Enderlein,,,,menderleinbi@reuters.com,
Klarrisa,Solloway,Fukou,06/23/1994,China,ksollowaybj@ft.com,826-940-7621
Lynelle,Twelftree,Aracaju,09/09/1978,Brazil,ltwelftreebk@wiley.com,152-926-6699
Tobye,Graysmark,Pashiya,12/01/1965,Russia,tgraysmarkbl@istockphoto.com,173-894-3796
Joelie,Wiggam,Çalxanqala,05/06/1978,Azerbaijan,jwiggambm@nature.com,269-304-6431
Mal,Poutress,,,,mpoutressbn@wired.com,
Bobinette,Streets,Bombu,08/02/1972,Indonesia,bstreetsbo@businesswire.com,221-811-6302
Eddy,Smieton,Balibagan Oeste,03/30/1966,Philippines,esmietonbp@shutterfly.com,907-700-8622
Alejandrina,Rape,Guandiping,11/09/1992,China,arapebq@china.com.cn,983-491-2329
Ethelbert,Chase,Dumalinao,04/07/1978,Philippines,echasebr@pcworld.com,172-940-9076
Maible,Wynter,Nong Kung Si,05/28/1973,Thailand,mwynterbs@issuu.com,620-391-0625
Onida,Neilson,Zhamao,02/13/1977,China,oneilsonbt@psu.edu,899-158-0271
Wallas,Swane,Jejkowice,01/21/1997,Poland,wswanebu@nba.com,114-457-7873
Kakalina,Botfield,Unisław,06/07/1992,Poland,kbotfieldbv@merriam-webster.com,191-343-8714
Dorris,Yerrill,Luksuhin,03/01/1959,Philippines,dyerrillbw@youtu.be,664-175-2947
Chantal,Farrand,Rakitnoye,05/09/1985,Russia,cfarrandbx@tiny.cc,571-116-4914
Addison,Moralis,,,,amoralisby@vistaprint.com,
Kendal,Garlick,Tuopu,07/13/1970,China,kgarlickbz@washington.edu,561-654-5323
Annemarie,Piegrome,Spas,07/12/1951,Ukraine,apiegromec0@google.de,276-295-7917
Parry,Bice,Bilyarsk,01/22/1976,Russia,pbicec1@jiathis.com,128-633-8270
Page,Mew,,,,pmewc2@hud.gov,
Elyn,Jankovic,Bilian,12/25/1978,China,ejankovicc3@sakura.ne.jp,109-816-5370
Mikel,Bilbie,Kubangkondang,07/11/1965,Indonesia,mbilbiec4@dion.ne.jp,963-300-3023
Winny,Paolini,Feteira Pequena,08/18/1959,Portugal,wpaolinic5@ucoz.ru,669-112-8162
Eadmund,Halkyard,Qaşr al Farāfirah,02/17/1999,Egypt,,818-118-7462
Drucie,Kettridge,Liufu,12/15/1976,China,,900-158-4172
Fannie,Choke,Poteran,06/26/1959,Indonesia,fchokec8@facebook.com,574-519-3893
Iolande,Southgate,Jerez,09/16/1955,Guatemala,isouthgatec9@slashdot.org,447-241-0634
Kennith,Bachelar,Sindangbarang,05/30/1963,Indonesia,kbachelarca@mozilla.com,468-565-9339
D'arcy,Scargill,Aguas del Padre,07/04/1978,Honduras,dscargillcb@oaic.gov.au,222-867-5467
Philippa,Attenburrow,Casa Branca,04/01/1985,Brazil,pattenburrowcc@nydailynews.com,476-682-0156
Gray,Penswick,Dongying,04/19/1973,China,,424-225-6623
Jacquie,Burney,,,,jburneyce@thetimes.co.uk,
Vasilis,Cappel,Budapest,06/29/1963,Hungary,vcappelcf@ebay.com,203-622-8749
Agnes,Atto,San Jerónimo,05/06/1965,Peru,aattocg@wikipedia.org,649-335-3343
Padraig,Grisenthwaite,,,,pgrisenthwaitech@weibo.com,
Olga,Gildroy,Luleå,09/08/1961,Sweden,ogildroyci@meetup.com,948-774-6074
Marlin,Bradie,Pamiers,11/25/1963,France,mbradiecj@usa.gov,712-260-2445
Jania,Echallier,Liushan,11/08/1966,China,jechallierck@addtoany.com,709-801-7421
Alexandro,Tuttle,Salento,02/16/1951,Colombia,atuttlecl@stumbleupon.com,579-846-7017
Deane,McSporrin,Moutfort,02/17/1973,Luxembourg,,408-749-5439
Meredithe,Gaukrodge,Yasnyy,05/12/1966,Russia,mgaukrodgecn@pagesperso-orange.fr,790-664-2009
Karalynn,Stanfield,Apóstoles,11/24/1958,Argentina,kstanfieldco@twitter.com,271-698-2288
Gustaf,Fridlington,Buenaventura,08/17/1960,Colombia,gfridlingtoncp@dailymail.co.uk,964-207-7194
Nikolaos,Coit,Radišići,10/28/1999,Bosnia and Herzegovina,ncoitcq@cdc.gov,285-984-6440
Boigie,Hutcheons,Hongshanyao,03/24/1979,China,bhutcheonscr@nba.com,365-868-5677
Jerad,Flobert,Leśnica,05/05/1959,Poland,jflobertcs@upenn.edu,876-572-8004
Viviyan,Warwick,Novyye Cherëmushki,04/25/1975,Russia,vwarwickct@google.com.br,687-697-4669
Walker,Steutly,Guajará Mirim,04/25/1999,Brazil,,332-975-5094
Walt,Khan,Saskylakh,06/18/1992,Russia,wkhancv@ca.gov,464-681-6863
Rafa,Antuoni,Xingren,06/08/1956,China,rantuonicw@forbes.com,697-357-9047
Gypsy,Bassom,Parumasan,08/08/1989,Indonesia,gbassomcx@amazon.de,724-969-0251
Lela,Stickley,Jixing,12/03/1968,China,lstickleycy@about.com,451-634-0884
Genovera,Copp,Songshu,03/17/1978,China,gcoppcz@techcrunch.com,371-844-7718
Courtney,Bisp,Linares,05/02/1981,Chile,,144-112-7937
Petunia,Hackett,Pasarkayu,08/05/1958,Indonesia,phackettd1@flavors.me,794-588-0804
Dare,Lakes,Yangqiao,07/05/1986,China,dlakesd2@photobucket.com,364-373-7360
Elfie,Odo,Leeuwarden,03/20/1977,Netherlands,,567-196-3108
Niles,Lidyard,Yengimahalla,08/11/1976,China,nlidyardd4@washingtonpost.com,517-176-3804
Susanna,Litherborough,Melati,07/03/1956,Indonesia,slitherboroughd5@weibo.com,539-464-7476
Maye,Udie,Örnsköldsvik,08/27/1961,Sweden,mudied6@symantec.com,240-395-9864
Breena,Worsham,Debrecen,03/16/1979,Hungary,bworshamd7@etsy.com,765-486-6889
Zena,Fawdry,Wairiang,05/20/1955,Indonesia,zfawdryd8@ca.gov,537-732-3211
Godard,MacLise,Mount Darwin,11/05/1964,Zimbabwe,gmaclised9@slashdot.org,179-283-0402
Melina,Barkworth,,,,mbarkworthda@amazonaws.com,
Joelly,Pirot,Zhuji,07/03/1997,China,jpirotdb@taobao.com,987-831-8302
Caroline,Isard,Pogorzyce,03/31/1986,Poland,cisarddc@scientificamerican.com,676-536-1307
Crystal,Hixson,Zhonghe,03/01/1974,China,chixsondd@livejournal.com,127-621-2910
Lucho,Korting,Dolní Libina,04/20/1988,Czech Republic,lkortingde@hexun.com,513-701-2080
Galina,Pheby,Longqiao,02/22/1989,China,gphebydf@macromedia.com,612-440-8229
Chrissie,Nettles,Arcos de Valdevez,12/06/1999,Portugal,cnettlesdg@flickr.com,399-542-7746
Betti,Rosenblath,Gelin,06/10/1979,China,brosenblathdh@nih.gov,435-687-2467
Gwyneth,Drury,Lhakangtang,11/13/1966,China,,204-344-7193
Allin,Tenman,Yacheng,03/24/1964,China,atenmandj@plala.or.jp,403-962-8729
Willy,Sabbins,Umuarama,03/30/1983,Brazil,wsabbinsdk@elegantthemes.com,347-270-3105
Kin,Christensen,Lansing,01/24/1986,United States,kchristensendl@samsung.com,517-747-8432
Eartha,Tolson,Lexington,02/04/1984,United States,etolsondm@opensource.org,606-613-7320
Edouard,Mabe,Gasi,02/22/1952,China,emabedn@bigcartel.com,899-539-3454
Morgen,Huntress,Riachão do Jacuípe,08/12/1953,Brazil,mhuntressdo@123-reg.co.uk,243-741-7573
Chrystel,Caberas,Pulaukijang,05/26/1958,Indonesia,,111-848-3005
Lloyd,Warton,Marang,11/23/1983,Indonesia,lwartondq@youtube.com,296-994-0673
Nathan,Prinnett,Nanchoc,11/30/1979,Peru,nprinnettdr@psu.edu,884-977-6047
Chilton,Ready,Huangduobu,07/09/1979,China,creadyds@washington.edu,299-547-9340
Eldridge,Colleck,Huxi,01/09/1960,China,ecolleckdt@4shared.com,174-173-6733
Ruthie,Wilkerson,Maoyang,02/21/1997,China,,788-582-1924
Lizette,Gowling,Jiaokou,04/04/1973,China,,167-431-6250
Esteban,Smallbone,Krajan Pakel,06/03/1973,Indonesia,esmallbonedw@issuu.com,719-945-9012
Kennett,Bruhke,Mamasa,02/14/1991,Indonesia,kbruhkedx@feedburner.com,418-975-5490
Aurelie,Spowart,Łanięta,11/02/1960,Poland,,373-360-8834
Eddi,Engel,Trai Ngau,07/24/1983,Vietnam,eengeldz@ovh.net,205-378-9805
Oren,Stegers,Krzeczów,09/12/1999,Poland,ostegerse0@twitpic.com,597-209-7170
Lyndsey,Hodgins,Tamorot,07/08/1965,Morocco,lhodginse1@vimeo.com,636-273-2767
Andras,Quiddihy,Niaojin,07/03/1963,China,aquiddihye2@github.com,918-514-9647
Edna,Szach,Doña Remedios Trinidad,06/04/1960,Philippines,eszache3@umich.edu,575-212-4146
Dedie,Ferrino,Haputale,02/25/1996,Sri Lanka,dferrinoe4@surveymonkey.com,154-969-7028
Mark,Hutchence,Avelinha,02/19/1976,Portugal,,525-859-9201
Brita,Pestridge,Lyon,03/23/1991,France,bpestridgee6@studiopress.com,442-534-3053
Tarah,Kittiman,Moriguchi,04/05/1952,Japan,tkittimane7@slideshare.net,426-897-1155
Ernestus,Pedrocchi,Moxi,03/30/1983,China,epedrocchie8@independent.co.uk,473-847-2192
Lettie,Chitter,Hamburg,03/30/1961,Germany,lchittere9@jigsy.com,662-939-1442
Stafani,Botright,Namora,10/20/1970,Peru,sbotrightea@disqus.com,880-975-6702
Maddy,Fowgies,,,,mfowgieseb@xing.com,
Idalia,Petyankin,Nueva Germania,04/26/1965,Paraguay,ipetyankinec@newsvine.com,875-595-0805
Joye,Sleightholm,Rokycany,10/20/1978,Czech Republic,jsleightholmed@studiopress.com,641-245-8376
Leila,Sibbald,,,,lsibbaldee@acquirethisname.com,
Fabiano,Gegay,Telukpakedai,11/10/1965,Indonesia,fgegayef@boston.com,977-345-1329
Obidiah,Kollasch,Zhonghekou,06/03/1979,China,okollascheg@discovery.com,661-659-1026
Benny,Petegree,Thames,09/11/1970,New Zealand,bpetegreeeh@godaddy.com,220-933-1844
Lonee,Silverton,Sơn Tịnh,11/19/1965,Vietnam,,616-859-5812
Elmore,Streak,Luoqi,05/25/1970,China,estreakej@pbs.org,396-781-2008
Crawford,Burgill,Hoolt,04/22/1990,Mongolia,cburgillek@github.io,715-689-8361
Xaviera,Dunkerk,Póvoa,04/25/1964,Portugal,xdunkerkel@technorati.com,263-809-2128
Afton,Duckhouse,Stare Kurowo,06/21/1959,Poland,aduckhouseem@cdc.gov,612-545-9185
Berty,Kirimaa,Luba,05/17/1950,Equatorial Guinea,,823-620-7756
Car,Ambrosini,Baguio,10/29/1970,Philippines,,999-847-1444
Taryn,Currall,Zekou,03/15/1975,China,tcurrallep@so-net.ne.jp,327-616-2198
Prisca,Hancell,Czerniewice,06/14/1972,Poland,phancelleq@fc2.com,622-375-1470
Bengt,Nodes,Villa Santa Rita,10/17/1987,Argentina,bnodeser@spiegel.de,623-431-5649
Langston,Vearncombe,Daejeon,12/10/1974,South Korea,,754-566-5570
Buiron,Batson,Khong,03/24/1986,Thailand,bbatsonet@tripod.com,669-601-1399
Rustie,Hellikes,Al ‘Ayzarīyah,07/06/1994,Palestinian Territory,rhellikeseu@prlog.org,513-505-8217
Neila,Debling,Chengcun,08/09/1975,China,ndeblingev@noaa.gov,766-872-3363
Meredith,Girhard,Chandler,11/22/1968,United States,,602-767-0128
Anne-corinne,Bollands,Xiangying,09/02/1960,China,abollandsex@statcounter.com,420-931-3365
Jennie,Tubridy,,,,jtubridyey@cbsnews.com,
Marylee,Lazonby,Shancheng,01/07/1980,China,mlazonbyez@surveymonkey.com,565-226-5388
Henderson,Aleksandrikin,Baranoa,07/04/1960,Colombia,haleksandrikinf0@alexa.com,624-699-4195
Dedra,Christophe,Weiyuankou,07/03/1990,China,,896-846-2749
Gav,Havesides,Novi Karlovci,11/17/1980,Serbia,ghavesidesf2@cdbaby.com,311-398-7648
Vaughn,Hargreves,Kuršumlija,09/15/1973,Serbia,vhargrevesf3@themeforest.net,608-338-9181
Eb,Menier,Kafr Thulth,12/24/1997,Palestinian Territory,emenierf4@shinystat.com,665-763-0074
Gael,McKern,Villamontes,06/18/1990,Bolivia,gmckernf5@guardian.co.uk,417-581-1093
Shirlee,Brownbill,Hoi,04/29/1987,Indonesia,sbrownbillf6@zdnet.com,720-491-8795
Clerissa,Boyles,Niterói,10/19/1993,Brazil,cboylesf7@discovery.com,368-701-7108
Moira,Paffley,Khantaghy,05/09/1996,Kazakhstan,,870-827-5018
Goldina,Fatharly,Sukadana,10/26/1985,Indonesia,gfatharlyf9@github.com,306-490-9676
Jayson,Ballintyne,Xiangfeng,12/31/1991,China,jballintynefa@parallels.com,840-821-7257
Spencer,Sears,Broby,11/30/1994,Finland,ssearsfb@goodreads.com,332-588-3196
Dix,Frampton,,,,dframptonfc@microsoft.com,
Maureen,Slyne,,,,mslynefd@phoca.cz,
Maisie,Corkel,Dumalinao,11/24/1965,Philippines,mcorkelfe@tinypic.com,946-237-7909
Margalo,Huggett,Pęczniew,07/01/1974,Poland,mhuggettff@xrea.com,947-704-8022
Elliott,Constantine,Old City,05/19/1953,Palestinian Territory,econstantinefg@1688.com,604-246-8964
Johannes,Moorcraft,Cambebba,09/30/1993,Brazil,jmoorcraftfh@godaddy.com,377-668-1483
Duff,Touret,Bangjun,07/17/1996,China,dtouretfi@yolasite.com,933-519-7362
Lauri,Maffiotti,Padasuka,08/16/1995,Indonesia,lmaffiottifj@4shared.com,573-829-1087
Zak,Marmion,Dob,02/23/1973,Slovenia,zmarmionfk@mapquest.com,760-814-0256
Anatollo,Fleeman,Machachi,10/29/1957,Ecuador,,612-826-5853
Sammy,Hindmore,Itabaiana,02/13/1967,Brazil,shindmorefm@jiathis.com,846-947-0640
Amber,McMarquis,Słońsk,05/04/1989,Poland,amcmarquisfn@forbes.com,103-240-8015
Margot,Boadby,Diaopu,01/02/1959,China,,227-716-9839
Cori,Schoenleiter,Suining,12/19/1968,China,cschoenleiterfp@bravesites.com,843-816-8477
Shelley,Galsworthy,Xinkai,07/19/1958,China,sgalsworthyfq@elegantthemes.com,270-797-1921
Phil,Neubigging,Paulba,02/02/1964,Philippines,,169-409-7558
Winnie,Sueter,Samsan,05/26/1992,South Korea,wsueterfs@blogtalkradio.com,224-744-2783
Dotty,Verriour,Steinsel,12/24/1961,Luxembourg,,858-412-5153
Mayor,Whittet,Mutatá,05/14/1961,Colombia,mwhittetfu@cpanel.net,106-123-6197
Carroll,Harpham,Villaviciosa,07/09/1966,Philippines,charphamfv@scientificamerican.com,884-878-5248
Henrietta,Wride,Radocza,05/24/1996,Poland,hwridefw@prlog.org,818-174-9267
Bobinette,Fearby,Santa Maria da Feira,04/10/1975,Portugal,bfearbyfx@example.com,254-371-5754
Dionis,Widdows,Lazarevac,10/02/1983,Serbia,dwiddowsfy@ameblo.jp,264-631-3667
Richmond,Lethley,Birmingham,02/09/1961,United States,,205-100-8236
Chere,Janda,Saskatoon,03/09/1967,Canada,cjandag0@timesonline.co.uk,715-866-0086
Tildie,Capstake,Roblin,05/16/1986,Canada,tcapstakeg1@walmart.com,185-653-1439
Bunny,Issacson,Madrid,08/19/1996,Spain,,271-532-0730
Imojean,Windrus,Neebing,02/26/1969,Canada,iwindrusg3@telegraph.co.uk,643-138-8860
Montague,McGuiness,Keta,04/05/1953,Ghana,mmcguinessg4@unc.edu,633-575-4061
Jude,Monan,Ampelókipoi,02/21/1985,Greece,,672-414-5243
Peterus,Westmarland,Hongmen,04/18/1962,China,pwestmarlandg6@delicious.com,308-703-2419
Karie,Tebbe,Yiánnouli,06/11/1995,Greece,ktebbeg7@123-reg.co.uk,561-222-2206
Jolee,Abry,Arranhó,02/10/1976,Portugal,jabryg8@1und1.de,439-697-3590
Carly,Eschelle,Lobitos,07/09/1961,Peru,ceschelleg9@moonfruit.com,863-990-2068
Chrystel,Batstone,Bintulu,03/03/1962,Malaysia,,285-395-4007
Somerset,Arrell,Puyang,11/13/1973,China,sarrellgb@dedecms.com,269-736-5140
Lenee,Withers,Lagoa do Itaenga,12/26/1954,Brazil,lwithersgc@trellian.com,486-519-9138
Janela,Aprahamian,Lloqan,06/14/1979,Kosovo,japrahamiangd@statcounter.com,542-381-3211
Teddie,Rapp,Koslan,07/21/1965,Russia,,274-177-1158
Gladys,Creighton,Santa Rita,04/08/1982,Mexico,gcreightongf@usnews.com,751-537-4410
Irita,Kuhndel,Vereya,02/27/1977,Russia,ikuhndelgg@columbia.edu,359-965-1477
Malanie,Obin,Nogueira do Cravo,10/03/1964,Portugal,mobingh@disqus.com,146-670-8805
Malinda,Martello,Had Kourt,11/11/1980,Morocco,mmartellogi@hud.gov,814-519-0009
Linea,Ryburn,Jifeng,04/15/1990,China,lryburngj@wired.com,798-763-0726
Fredia,Baskerfield,Yakovlevo,10/12/1950,Russia,fbaskerfieldgk@youku.com,297-306-4675
Maynard,Latchford,Mineralni Bani,09/22/1996,Bulgaria,mlatchfordgl@nhs.uk,955-599-7434
Skip,Speek,Preserje pri Radomljah,01/05/1988,Slovenia,sspeekgm@ow.ly,773-570-3780
Frieda,Sneezum,Devin,01/23/1978,Bulgaria,,321-330-2278
Jaynell,Kuschek,Nürnberg,03/05/1951,Germany,jkuschekgo@vimeo.com,847-156-4902
Kermie,Farlambe,Pitomača,01/31/1961,Croatia,kfarlambegp@imageshack.us,309-224-3390
Farrand,Crangle,Ipoh,08/07/1956,Malaysia,fcranglegq@last.fm,538-505-4731
Bay,Doull,Benešov nad Ploučnicí,04/29/1990,Czech Republic,bdoullgr@google.ca,329-499-2385
Sanson,Philot,Sutton,06/23/1964,Canada,,937-163-0608
Archie,Risebarer,Quintã,09/18/1998,Portugal,arisebarergt@wikimedia.org,416-839-7203
Ayn,Houndesome,Biguaçu,08/08/1967,Brazil,ahoundesomegu@ow.ly,395-907-4791
Mariya,Helleckas,Tanrake Village,08/23/1970,Tuvalu,mhelleckasgv@nih.gov,692-220-1558
Alexina,Kelsey,Luz de Tavira,05/13/1982,Portugal,akelseygw@quantcast.com,702-922-8980
Camey,Campaigne,,,,ccampaignegx@addthis.com,
Darcey,Paulich,Contramaestre,12/08/1987,Cuba,dpaulichgy@geocities.com,123-920-4539
Pascale,Dorkens,Krajan Atas Suger Lor,02/01/1982,Indonesia,pdorkensgz@hhs.gov,290-575-2666
Cord,Bonhill,La Gi,02/04/1972,Vietnam,cbonhillh0@wp.com,564-746-9887
Thedrick,Elstow,Topi,02/03/1962,Pakistan,telstowh1@kickstarter.com,376-194-9480
Aimil,Birtonshaw,,,,abirtonshawh2@barnesandnoble.com,
Lilli,Savary,Baykonyr,06/22/1982,Kazakhstan,lsavaryh3@1688.com,491-941-6733
Aloin,Godlip,Cikeper,11/25/1950,Indonesia,agodliph4@paginegialle.it,227-641-9399
Gertrud,Eskriett,Morelos,07/06/1988,Mexico,geskrietth5@icio.us,557-727-9871
Inna,Panchin,Quşrah,07/12/1984,Palestinian Territory,ipanchinh6@cnn.com,150-448-5802
Waylin,Gathercoal,Kacha,04/15/1969,Ukraine,,802-973-0847
Yevette,Derham,Starokucherganovka,06/27/1997,Russia,yderhamh8@va.gov,721-888-9909
Kinsley,Smartman,Thorold,01/23/1985,Canada,ksmartmanh9@mediafire.com,374-123-6282
Beverley,Popley,Tampocon,02/07/1967,Philippines,bpopleyha@washingtonpost.com,529-709-9888
Odelinda,Lockhart,,,,olockharthb@tmall.com,
Stillman,Wisam,Moorreesburg,03/25/1991,South Africa,,608-991-4501
Durand,Oneal,Qiziltepa Shahri,10/28/1955,Uzbekistan,donealhd@mediafire.com,581-610-9337
Morry,Seelbach,Aiguo,07/05/1974,China,mseelbachhe@reddit.com,976-342-4633
Tito,Wooder,Nogent-le-Rotrou,07/03/1999,France,twooderhf@dell.com,803-534-8378
Tamma,Eliff,Fastiv,02/01/1974,Ukraine,teliffhg@prnewswire.com,252-143-9371
Merwyn,Merrick,Laç,04/30/1955,Albania,mmerrickhh@domainmarket.com,111-438-2435
Anallese,Londing,Baopukang,12/02/1981,Indonesia,,358-695-3037
Zebulon,Buckie,Tabu,12/18/1989,Indonesia,,902-574-2111
Florie,Daughtrey,Atouguia,04/18/1969,Portugal,fdaughtreyhk@so-net.ne.jp,825-425-3032
Merrel,Donnachie,Boynton Beach,03/19/1967,United States,,561-437-9456
Alysia,Hold,Fengyi,05/29/1987,China,,220-438-2260
Ricardo,Hedworth,Soutocico,04/23/1990,Portugal,rhedworthhn@google.it,801-824-2803
Lilla,Moxstead,Vostryakovo,08/08/1999,Russia,lmoxsteadho@dion.ne.jp,183-257-8651
Willem,Jimson,Tartaro,03/13/1995,Philippines,wjimsonhp@huffingtonpost.com,827-872-2462
Birch,Cawthra,Liulang,01/24/1992,China,bcawthrahq@whitehouse.gov,733-914-6597
Granville,Ridsdole,Nanhai,01/04/1998,China,gridsdolehr@t.co,323-996-6750
Prudence,Adamsson,Cahuacho,05/09/1965,Peru,padamssonhs@yahoo.com,802-733-3613
Tabbi,Fendlow,Le Port,06/27/1988,Reunion,tfendlowht@mysql.com,953-442-4701
Lorie,Metterick,Doloplazy,11/06/1978,Czech Republic,lmetterickhu@elpais.com,466-912-4032
Kathe,Tatem,Menara,07/02/1977,Indonesia,ktatemhv@dion.ne.jp,118-206-1104
Kiel,McNamara,Rotunda,01/19/1980,Philippines,kmcnamarahw@mashable.com,468-362-4636
Cheri,Gatfield,Zolotkovo,09/04/1965,Russia,cgatfieldhx@cdc.gov,611-136-0374
Jefferson,Wyllcocks,Nagiba,04/22/1970,Philippines,jwyllcockshy@delicious.com,656-180-3664
Rudie,Hinsche,Chagou,06/14/1980,China,rhinschehz@gmpg.org,130-558-8129
Skyler,Press,Lokwabe,01/14/1972,Botswana,spressi0@salon.com,540-974-8789
Gisella,Ebunoluwa,Akkol’,10/12/1978,Kazakhstan,gebunoluwai1@jigsy.com,694-389-8363
Rhys,Pietersma,Karangmulyo,03/12/1987,Indonesia,rpietersmai2@sitemeter.com,947-806-1777
Selma,Ducket,Mississauga,01/20/1995,Canada,,460-877-9409
Cale,Haddrell,Krajan,11/12/1952,Indonesia,,777-995-5688
Hugibert,Tulloch,Barice,08/27/1982,Bosnia and Herzegovina,htullochi5@ft.com,229-596-1976
Dallas,Pleven,Yacheng,09/18/1985,China,dpleveni6@amazon.co.uk,279-951-0587
Emily,Fransewich,Mainque,08/17/1961,Argentina,,396-965-7279
Mona,Halleday,Oklahoma City,06/02/1955,United States,mhalledayi8@illinois.edu,405-720-7748
Kathlin,Reinhard,Bayanhoshuu,11/04/1981,Mongolia,kreinhardi9@msn.com,238-114-1454
Wilow,Surmeir,Huilong,03/21/1990,China,,798-611-3901
Royall,Franz-Schoninger,Calamba,07/27/1953,Philippines,rfranzschoningerib@hhs.gov,583-105-5271
Nessi,Johnston,,,,njohnstonic@webs.com,
Ira,Whylie,Livadiya,07/25/1964,Russia,iwhylieid@t.co,365-380-0618
Sibley,Riha,Khulo,02/10/1995,Georgia,srihaie@theglobeandmail.com,330-846-2335
Mellisa,Dow,Venlo,06/15/1979,Netherlands,mdowif@answers.com,886-675-7028
Kort,D'eathe,Černošín,11/22/1974,Czech Republic,kdeatheig@vk.com,112-954-6772
Joycelin,Kirdsch,Tifni,04/13/1985,Morocco,jkirdschih@e-recht24.de,588-295-3413
Rodie,Ochiltree,Rogoza,12/11/1963,Slovenia,rochiltreeii@weather.com,272-939-7332
Carney,Hastewell,Tambaksari,03/05/1971,Indonesia,chastewellij@altervista.org,299-190-7855
Justis,Durbin,Nueva Arica,04/30/1985,Peru,jdurbinik@webs.com,106-440-1547
Adria,Worling,Haoguantun,07/14/1973,China,aworlingil@t-online.de,290-355-6355
Oona,Langeley,Kallinge,12/26/1994,Sweden,olangeleyim@feedburner.com,488-723-5053
Northrop,Trace,Sarreguemines,01/31/1976,France,ntracein@domainmarket.com,497-280-8944
Elvis,Dole,Drochia,09/11/1964,Moldova,edoleio@gizmodo.com,739-982-6757
Karine,Lintall,Vília,11/20/1959,Greece,klintallip@census.gov,755-213-0827
Falito,Marchelli,Nanton,06/21/1970,Canada,fmarchelliiq@plala.or.jp,419-956-9299
Lezley,Edds,Olhão,05/16/1951,Portugal,leddsir@desdev.cn,945-744-8908
Larisa,Domniney,Haifa,11/11/1966,Israel,ldomnineyis@theguardian.com,800-229-3192
Elene,Prescote,Isla,11/23/1975,Philippines,eprescoteit@ebay.co.uk,850-814-1646
Sidonia,Taill,Barrosas,07/31/1977,Portugal,stailliu@google.it,716-798-7776
Kyla,Martinelli,Tashtagol,11/29/1953,Russia,kmartinelliiv@gov.uk,432-698-2574
Jenni,Macquire,Petropavlovsk,12/16/1991,Kazakhstan,jmacquireiw@army.mil,526-369-0733
Wake,Griffen,Kraśniczyn,07/27/1994,Poland,wgriffenix@amazon.com,184-307-7439
Dari,Zealander,Razumnoye,10/01/1986,Russia,dzealanderiy@hp.com,750-723-5948
Kerrin,Richarson,Bassar,07/03/1956,Togo,kricharsoniz@biglobe.ne.jp,628-600-8462
Cobbie,Hambrick,Sumbergayam,04/22/1978,Indonesia,chambrickj0@booking.com,266-668-9145
Jerry,Hartnup,,,,jhartnupj1@arizona.edu,
Llewellyn,Alcalde,Jiukou,03/01/1952,China,lalcaldej2@vk.com,575-706-3516
Charissa,Arnowicz,Rukunlima Bawah,12/18/1996,Indonesia,carnowiczj3@flickr.com,765-481-7956
Egon,Cartwright,Kalemie,04/26/1978,Democratic Republic of the Congo,,581-760-6137
Dukey,Karchowski,Tha Mai,08/01/1999,Thailand,dkarchowskij5@nymag.com,670-644-7910
Corney,Ciotti,Shimoda,06/17/1967,Japan,cciottij6@chronoengine.com,156-969-9928
Pollyanna,Cobon,La Unión,11/02/1956,Colombia,pcobonj7@cdc.gov,262-448-5923
Elladine,Storror,Goseong,02/20/1998,South Korea,estorrorj8@addthis.com,470-831-7228
Jamaal,Dowse,Hodošan,05/04/1980,Croatia,jdowsej9@fastcompany.com,356-881-0277
Carri,Scanes,Zorgo,10/02/1974,Burkina Faso,,651-534-1638
Evey,Ubsdell,Georgiyevka,11/22/1995,Russia,eubsdelljb@discovery.com,963-331-5458
Monti,Gasparro,Apucarana,03/01/1980,Brazil,mgasparrojc@bing.com,670-525-7734
Lita,Frape,Yunlong,01/02/1951,China,lfrapejd@uiuc.edu,719-688-1736
Anni,Joyce,Obukhiv,05/06/1970,Ukraine,ajoyceje@xing.com,621-862-8903
Meghann,Kerwen,Kotlyarevskaya,06/13/1955,Russia,mkerwenjf@freewebs.com,900-353-7668
Sayre,Formigli,Vylkove,01/07/1962,Ukraine,sformiglijg@exblog.jp,103-981-4498
Jase,Kennard,Plácido de Castro,08/14/1972,Brazil,jkennardjh@histats.com,320-974-7452
Ezmeralda,Shanahan,San Jerónimo,07/30/1974,Guatemala,eshanahanji@mac.com,633-740-9626
Llewellyn,Wadley,Wadi,01/16/1996,China,lwadleyjj@goo.gl,355-688-0969
Herbie,Trittam,Batu,11/19/1992,Philippines,htrittamjk@ifeng.com,890-475-9703
Beaufort,Jenkins,Kuala Lumpur,09/16/1997,Malaysia,bjenkinsjl@apache.org,941-565-3818
Giselbert,Trinke,Xuanhua,07/04/1994,China,gtrinkejm@blogger.com,779-460-2911
Griff,Gummer,Porosozero,12/18/1979,Russia,,702-553-6100
Vivie,Ceschelli,Pankshin,06/18/1955,Nigeria,vceschellijo@loc.gov,956-506-7328
Orion,Kydde,Rožmitál pod Třemšínem,07/16/1987,Czech Republic,okyddejp@geocities.com,681-996-4173
Cori,MacQuarrie,Fatukanutu,10/26/1998,Indonesia,cmacquarriejq@japanpost.jp,790-308-4525
Vassili,Pail,Göteborg,07/29/1968,Sweden,vpailjr@geocities.com,342-403-3053
Yolane,Choulerton,Purworejo,12/23/1954,Indonesia,ychoulertonjs@w3.org,549-366-4432
Alonzo,McMonnies,Imotski,06/29/1974,Croatia,amcmonniesjt@smugmug.com,883-697-6773
Elizabeth,Congdon,Gandi,07/23/1991,Nigeria,econgdonju@senate.gov,998-937-4662
Oby,Coopey,Kumai,07/10/1991,Indonesia,ocoopeyjv@hibu.com,205-256-8365
Broddie,Gligori,Vũng Tàu,01/03/1990,Vietnam,bgligorijw@barnesandnoble.com,434-521-7067
Goober,Stirley,Adar,08/31/1960,Morocco,gstirleyjx@cmu.edu,402-210-9143
Rodrigo,Fullun,Umuquena,07/18/1951,Venezuela,rfullunjy@example.com,847-649-3692
Barrett,Czajkowski,Kabalen,09/01/1961,Philippines,bczajkowskijz@gnu.org,790-963-8339
Harper,Kee,,,,hkeek0@qq.com,
Winne,Mainds,Xiabaishi,12/26/1983,China,wmaindsk1@usda.gov,854-649-8761
Walker,McGuffog,Bureng,12/03/1987,Gambia,wmcguffogk2@techcrunch.com,540-228-6123
Horatio,Oldroyde,Zhatay,12/07/1981,Russia,holdroydek3@time.com,615-642-0921
Brennan,Tute,Shangyuan,06/30/1968,China,btutek4@nytimes.com,511-494-4963
Candra,Cleef,Tabanan,09/22/1982,Indonesia,ccleefk5@webmd.com,215-849-9182
Angel,Funcheon,Limoges,04/06/1974,France,afuncheonk6@google.ca,198-114-8904
Nissie,Torbard,Beausejour,08/31/1978,Canada,ntorbardk7@washingtonpost.com,449-939-5610
Tildy,Lammie,,,,tlammiek8@sciencedaily.com,
Anastassia,Getcliffe,Midland,02/16/1962,Canada,agetcliffek9@studiopress.com,763-351-6881
Gwendolyn,Eilert,Subic,05/02/1963,Philippines,geilertka@51.la,266-865-8353
Evvy,Barrowcliff,Shifo,01/05/1951,China,ebarrowcliffkb@freewebs.com,973-571-4729
Jobina,Gerlts,Nowa Ruda,01/07/1999,Poland,jgerltskc@cnbc.com,717-810-9821
Monro,Reading,Oro Verde,05/27/1986,Argentina,,714-671-5645
Reese,McMonnies,Ad Dann,05/01/1988,Yemen,rmcmonnieske@cnet.com,216-847-6033
Edita,Acarson,Bielice,07/24/1980,Poland,eacarsonkf@cisco.com,449-781-4033
Garrik,Poytheras,Ketapang,04/24/1980,Indonesia,gpoytheraskg@psu.edu,771-430-3104
Raynell,Aughton,Tsagaan-Ovoo,05/03/1952,Mongolia,raughtonkh@goo.ne.jp,565-311-1661
Shermy,Eliaz,Rajhradice,08/06/1976,Czech Republic,seliazki@zdnet.com,170-431-0728
Rosette,Scala,Hongde,11/25/1981,China,rscalakj@vinaora.com,671-715-0302
Cornela,Georgeson,Welchman Hall,12/01/1954,Barbados,,749-748-7766
Ara,Mattheus,Katy,11/15/1997,United States,amattheuskl@reverbnation.com,281-600-1277
Dena,Hares,Shouyan,05/17/1987,China,dhareskm@ucoz.ru,177-555-8992
Trent,Mc Carroll,Sigli,10/18/1978,Indonesia,,168-718-5422
Suzy,Drew,Lixin,10/31/1978,China,sdrewko@paginegialle.it,429-925-7933
Moreen,Creffield,Beipai,07/15/1968,China,mcreffieldkp@delicious.com,897-128-3562
Vi,Cavan,Villa Ángela,05/23/1962,Argentina,vcavankq@tumblr.com,310-522-0974
Cordy,Diggons,Mulifanua,11/22/1959,Samoa,,742-217-5796
Vivyan,Oxterby,Aktsyabrski,03/01/1975,Belarus,voxterbyks@huffingtonpost.com,629-661-6896
Melody,Hambric,Were Īlu,04/24/1983,Ethiopia,mhambrickt@tripod.com,654-102-7106
Gunter,Birrell,Cineumbeuy,09/13/1961,Indonesia,gbirrellku@acquirethisname.com,101-332-1734
Neville,Halfhead,Xuetian,05/15/1991,China,nhalfheadkv@opensource.org,418-948-8593
Crysta,Patis,La Paz,02/01/1992,Colombia,cpatiskw@plala.or.jp,378-924-3607
Edeline,Brookzie,Wincrange,03/13/1986,Luxembourg,ebrookziekx@jimdo.com,172-757-2495
Merline,Goly,‘Aşīrah ash Shamālīyah,11/03/1957,Palestinian Territory,mgolyky@t-online.de,140-491-1022
Gabbey,Deery,Avignon,11/13/1992,France,gdeerykz@so-net.ne.jp,175-815-1761
Pollyanna,McAulay,Cajolá,11/03/1953,Guatemala,pmcaulayl0@tmall.com,854-488-5069
Jerrine,Pendlenton,,,,jpendlentonl1@yellowpages.com,
Shanan,Dilston,Yanwukou,01/03/1989,China,sdilstonl2@epa.gov,314-632-9313
Malvin,Crebo,Garoua,06/27/1968,Cameroon,mcrebol3@blogs.com,858-358-3551
Twyla,Scarlan,Chantilly,12/26/1957,France,tscarlanl4@jigsy.com,525-243-5452
Rosamond,Dicey,Phoenix,01/26/1950,United States,rdiceyl5@clickbank.net,602-232-5108
Anderson,Stithe,Thị Trấn Phước Bửu,11/26/1976,Vietnam,astithel6@huffingtonpost.com,630-261-8285
Codi,Dublin,Kremenets’,11/11/1966,Ukraine,cdublinl7@t.co,453-519-1402
Barbi,Rendbaek,Baruunsuu,02/27/1998,Mongolia,,667-487-0739
Ilse,Bingham,Khatsyezhyna,03/14/1952,Belarus,,940-678-8133
Bartie,Jedrzejewicz,Cockburn Town,11/25/1954,Bahamas,,855-904-8854
Atalanta,Jeffcoate,Ludvika,03/27/1976,Sweden,ajeffcoatelb@t-online.de,372-319-4237
Taddeo,Hanhard,Zhlobin,03/27/1971,Belarus,thanhardlc@redcross.org,681-656-7039
Tine,Exelby,Nishinoomote,10/30/1959,Japan,texelbyld@earthlink.net,596-266-0139
Cassandra,Imort,Imulolong,02/21/1959,Indonesia,cimortle@disqus.com,219-649-3292
Merna,Senyard,Padaimut,06/10/1967,Indonesia,msenyardlf@livejournal.com,429-719-6399
Constancy,Matthis,Horodnytsya,04/14/1957,Ukraine,cmatthislg@linkedin.com,160-278-1131
Loree,O' Borne,Ljungsbro,07/08/1950,Sweden,,955-623-7570
Felix,Seif,Donghai,10/05/1984,China,fseifli@phpbb.com,923-149-2041
Sonya,Verrell,Zongzhai,02/19/1995,China,sverrelllj@latimes.com,659-571-0518
Myra,Ridgedell,Papelón,11/08/1958,Venezuela,,304-875-7757
Carmon,Crippin,New York City,03/20/1978,United States,ccrippinll@skype.com,917-746-1454
Linn,Spoward,Yegorlykskaya,07/09/1962,Russia,lspowardlm@princeton.edu,901-981-1611
Torey,Lunam,Souto do Meio,02/03/1964,Portugal,tlunamln@amazon.co.uk,759-235-9468
Davina,Hull,Al ‘Ashshah,06/03/1952,Yemen,dhulllo@ning.com,372-600-1625
Conan,Caghy,Pskov,07/08/1956,Russia,ccaghylp@techcrunch.com,461-329-5777
Taber,MacKim,Gualán,11/13/1997,Guatemala,tmackimlq@fastcompany.com,549-234-1543
Pollyanna,Cullivan,Belica,03/10/1992,Croatia,pcullivanlr@kickstarter.com,923-955-3425
Hugibert,Ruzicka,Hecheng,04/16/1999,China,hruzickals@booking.com,353-983-7506
Kathryne,Bates,Ziketan,04/03/1986,China,kbateslt@nih.gov,421-996-9843
Ferrel,Flewett,Emiliano Zapata,03/28/1984,Mexico,fflewettlu@sciencedirect.com,547-604-6914
Michal,Hum,Brejo da Madre de Deus,07/08/1965,Brazil,,735-526-7609
Pip,Ritchard,Omaruru,12/18/1990,Namibia,pritchardlw@people.com.cn,869-353-5521
Deana,Olliffe,Beijie,06/25/1951,China,dolliffelx@360.cn,479-358-1658
Salomi,Darbyshire,Guantang,08/19/1990,China,sdarbyshirely@blogspot.com,985-761-1422
Ade,Openshaw,Potrerillos Arriba,03/14/1994,Panama,aopenshawlz@usda.gov,395-567-7910
Mindy,Viccars,Biharamulo,12/27/1952,Tanzania,mviccarsm0@last.fm,108-768-1877
Kevon,Fylan,Yantang,04/27/1954,China,,245-843-6556
Bryon,Rizzotto,El Hamma,08/02/1957,Tunisia,brizzottom2@state.gov,278-237-5677
Alysia,Lauridsen,Blokdesa Situgede,09/17/1991,Indonesia,alauridsenm3@hao123.com,948-518-7629
Hannie,Phette,Kasukabe,03/13/1967,Japan,hphettem4@auda.org.au,610-764-0509
Matelda,Finder,Changping,09/02/1966,China,mfinderm5@chron.com,242-992-1047
Ebony,Castanie,Seget,06/13/1986,Indonesia,ecastaniem6@wufoo.com,928-181-3247
Linzy,Barrow,Mafra,04/03/1992,Brazil,lbarrowm7@gov.uk,998-526-9862
Portia,Congreve,,,,,
Zebadiah,Grendon,Xiabeisi,03/10/1990,China,zgrendonm9@china.com.cn,230-816-3192
Ermengarde,Roskeilly,Międzybrodzie Bialskie,05/21/1953,Poland,eroskeillyma@topsy.com,859-870-8613
Maureen,Outram,,,,moutrammb@homestead.com,
Bryon,Van Leeuwen,Donghu,09/09/1991,China,bvanleeuwenmc@yellowpages.com,230-708-4093
Vitoria,Davy,Mysiadło,09/09/1973,Poland,vdavymd@posterous.com,474-802-0928
Tana,Ramey,Picoto,12/11/1975,Portugal,,329-862-8112
Nickie,Denyakin,Bayshint,11/24/1993,Mongolia,ndenyakinmf@storify.com,319-579-2252
Harrison,Forster,Famatina,02/10/1950,Argentina,hforstermg@google.es,336-762-4949
Terry,Kneesha,,,,tkneeshamh@jimdo.com,
Link,Galland,Xiashu,03/25/1969,China,lgallandmi@accuweather.com,396-184-9331
Erica,Ely,Guaíra,03/25/1978,Brazil,eelymj@epa.gov,926-133-1827
Grethel,Dachs,Morbatoh,09/22/1969,Indonesia,gdachsmk@163.com,157-319-8757
Kathleen,Truesdale,Tarogong,12/06/1978,Indonesia,ktruesdaleml@github.io,447-263-6414
Irvin,Delicate,Bang Kho Laem,12/18/1982,Thailand,idelicatemm@imgur.com,158-425-3591
Taber,Fenners,Casa Branca,10/14/1996,Brazil,,882-690-8279
Judd,McPeeters,El Dividive,11/08/1968,Venezuela,,703-958-7718
Berty,Fallen,San Marcelino,07/15/1987,Philippines,bfallenmp@npr.org,184-929-1090
Leonora,Reymers,Yunxiang,06/25/1965,China,lreymersmq@msu.edu,177-953-2274
Ario,Wedge,Pasadena,03/04/1997,United States,awedgemr@a8.net,323-912-4756
Lee,Bastide,Benito Juarez,12/10/1994,Mexico,lbastidems@wikipedia.org,331-433-8374
Kale,Tie,Bhairab Bāzār,09/12/1988,Bangladesh,ktiemt@qq.com,822-421-0876
Nonie,Learman,Nouakchott,09/05/1982,Mauritania,nlearmanmu@usda.gov,176-270-7969
Prentice,Rudkin,Leon,10/31/1955,Spain,prudkinmv@mayoclinic.com,898-372-0003
Gayle,Loffill,Chennevières-sur-Marne,11/24/1996,France,gloffillmw@bizjournals.com,492-188-2137
Lind,Steers,Žirovnice,08/17/1984,Czech Republic,,178-386-5122
Wes,Lenihan,,,,wlenihanmy@ifeng.com,
Rosemarie,Droghan,Bajia,07/31/1960,China,rdroghanmz@blogspot.com,458-469-3678
Kandace,Beardshaw,Bailu,09/13/1955,China,kbeardshawn0@nydailynews.com,553-148-6304
Ced,Panks,Dongkeng,06/03/1990,China,cpanksn1@newyorker.com,838-492-9781
Merci,Lymer,La Mesa,01/01/1982,Mexico,,717-827-7152
Werner,Ivanyutin,Ferreiras,08/29/1974,Portugal,wivanyutinn3@tamu.edu,888-689-0177
Alvina,Grahame,Núi Đối,09/26/1952,Vietnam,agrahamen4@ycombinator.com,708-969-0657
Dall,Camsey,Lyon,01/14/1975,France,dcamseyn5@skyrock.com,293-577-8132
Carlynne,Gulliman,Stockholm,10/26/1999,Sweden,cgullimann6@sun.com,357-128-5207
Frank,Dedam,,,,fdedamn7@goo.gl,
Eliot,Adolf,Kemuning,06/24/1990,Indonesia,eadolfn8@oracle.com,690-771-8188
Caryl,Beszant,Cheongju-si,03/11/1976,South Korea,cbeszantn9@google.nl,350-956-2729
Wyatan,Hasley,Libacao,08/21/1961,Philippines,whasleyna@examiner.com,665-912-4621
Lyman,Tugman,Xiaoshun,03/14/1971,China,ltugmannb@shop-pro.jp,656-950-4982
Loren,Weatherburn,Huntington,11/24/1971,United States,lweatherburnnc@123-reg.co.uk,304-432-7241
Keefer,Garwood,Phultala,08/05/1981,Bangladesh,,674-262-3369
Marice,Dampier,Manfalūţ,07/08/1954,Egypt,mdampierne@g.co,702-584-3365
Vanya,Hutcheon,Īlām,04/18/1982,Iran,vhutcheonnf@europa.eu,276-394-7139
Tiler,Klyn,Sharïngol,06/21/1962,Mongolia,tklynng@java.com,433-955-7745
Erick,Edden,,,,eeddennh@epa.gov,
Zeke,Berthe,Lelydorp,12/12/1967,Suriname,zbertheni@rediff.com,323-242-8388
Zebedee,Snipe,Belanting,05/17/1981,Indonesia,,651-146-8495
Aleen,Quinlan,Chyšky,08/08/1988,Czech Republic,,654-171-5174
Sara,Boord,Gensi,07/31/1956,China,sboordnl@stanford.edu,622-763-0721
Flynn,Boerder,Río de Jesús,07/01/1952,Panama,fboerdernm@ihg.com,513-740-0652
Tammie,Few,Maganha,06/28/1975,Portugal,tfewnn@dagondesign.com,933-306-3809
Englebert,Edgar,Osekovo,07/07/1956,Croatia,,172-803-6620
Kathrine,Greenhill,Kafr Kannā,11/14/1968,Israel,kgreenhillnp@digg.com,418-964-2166
Carny,Phillipson,Novoorsk,01/18/1988,Russia,cphillipsonnq@weather.com,106-477-2424
Letitia,Stannus,Nizhneivkino,03/04/1951,Russia,lstannusnr@dropbox.com,501-406-5811
Malvin,Foxen,Goma,07/03/1968,Democratic Republic of the Congo,mfoxenns@about.me,761-137-1753
Jemmie,Nesbeth,Ebute Ikorodu,07/10/1998,Nigeria,jnesbethnt@shareasale.com,893-374-5541
Cass,Akess,,,,cakessnu@howstuffworks.com,
Nels,Borel,Kauswagan,03/08/1969,Philippines,nborelnv@howstuffworks.com,244-556-2842
Tiertza,De Meyer,Shendang,10/11/1958,China,tdemeyernw@github.io,206-403-8241
Isak,Linebarger,Caba,01/04/1960,Philippines,ilinebargernx@google.ru,370-630-4301
Fletch,Lambart,Bršadin,11/17/1958,Croatia,flambartny@fema.gov,579-400-7738
Mackenzie,Brewin,Carolina,09/13/1967,Puerto Rico,mbrewinnz@live.com,709-254-3108
Tova,Durie,São Mateus,11/25/1957,Portugal,tdurieo0@goo.ne.jp,350-843-6080
Sinclair,Zarfai,Jabat,10/16/1963,Marshall Islands,szarfaio1@google.pl,430-222-6844
Baily,Crosetti,Khlong Luang,11/14/1954,Thailand,,778-297-2382
Babara,Schukert,Cova da Iria,09/10/1996,Portugal,bschukerto3@wp.com,287-851-6680
Jamil,Bartram,,,,jbartramo4@kickstarter.com,
Iseabal,Filkov,Costa Nova do Prado,04/22/1985,Portugal,ifilkovo5@bigcartel.com,554-459-4772
Chloe,Beggio,Pittsburgh,07/07/1970,United States,cbeggioo6@merriam-webster.com,412-387-1567
Gayelord,Berkelay,Ramaram,01/04/1998,Indonesia,,317-163-4204
Noel,Cogan,Djounie,08/23/1984,Lebanon,ncogano8@washingtonpost.com,396-377-2852
Jacquetta,Wadhams,Dajianchang,12/06/1971,China,,573-210-3129
Joanna,Oldis,Fort Abbās,04/05/1970,Pakistan,joldisoa@bizjournals.com,184-776-2567
Natalee,Kemmey,Ylihärmä,10/01/1971,Finland,nkemmeyob@craigslist.org,852-882-3363
Thorndike,Fomichyov,Apoya,05/10/1961,Philippines,tfomichyovoc@domainmarket.com,419-633-9748
Peter,Lamba,Pasco,06/16/1962,Argentina,plambaod@ibm.com,581-990-2745
Thorny,Horlock,Pobral,04/22/1964,Portugal,thorlockoe@kickstarter.com,169-695-4868
Regina,Woolliams,Castlepollard,11/17/1974,Ireland,rwoolliamsof@devhub.com,614-682-9123
Elana,Crowth,Tayzhina,11/04/1950,Russia,ecrowthog@multiply.com,741-113-3788
Gertrudis,Brook,Batawa,03/19/1959,Indonesia,gbrookoh@ameblo.jp,185-264-3821
Jakie,Laxon,Beška,01/01/1994,Serbia,jlaxonoi@boston.com,914-780-0679
Shari,Poulsum,Västervik,07/06/1986,Sweden,spoulsumoj@imdb.com,127-755-7641
Jojo,Tschierasche,Phayakkhaphum Phisai,09/08/1992,Thailand,jtschierascheok@taobao.com,400-660-3929
Gabriello,Kopje,Briteiros Santa Leocádia,06/11/1998,Portugal,gkopjeol@blog.com,903-348-2537
Hasheem,Meale,Shapa,11/05/1979,China,hmealeom@printfriendly.com,951-662-3628
Dominick,Martignon,Azun Atme,08/18/1981,Palestinian Territory,,685-213-4658
Cherilyn,Kopman,Dikou,08/21/1975,China,ckopmanoo@nih.gov,902-233-5484
Cookie,Imloch,Pasirnangka,05/11/1960,Indonesia,cimlochop@lycos.com,230-130-9047
Ardith,Kleinhaut,Yermish’,07/27/1958,Russia,akleinhautoq@mit.edu,166-303-3676
Mile,Grise,Isla Verde,05/22/1984,Argentina,mgriseor@cocolog-nifty.com,119-532-5578
Gabi,Shovell,Changwon,03/29/1976,South Korea,,631-147-5795
Cobbie,Stubbings,Robertsport,01/21/1998,Liberia,cstubbingsot@auda.org.au,553-409-2098
Betteann,Scrivener,Xiaolou,01/28/1958,China,bscrivenerou@amazon.com,154-100-0274
Lavena,Ivashov,Mabilog,03/12/1987,Philippines,livashovov@bloomberg.com,839-239-6637
Chrissy,Lapere,Nu’erbage,06/16/1971,China,clapereow@unc.edu,662-251-1093
Magda,Serjeantson,Yaring,02/18/1971,Thailand,mserjeantsonox@quantcast.com,403-488-3640
Kyle,Flindall,Santo Niño,06/22/1995,Philippines,kflindalloy@squarespace.com,966-984-0914
Tonnie,Lewzey,Karbinci,11/06/1992,Macedonia,tlewzeyoz@ezinearticles.com,883-768-2958
Ty,Affuso,Taquaritinga,01/24/1954,Brazil,taffusop0@washington.edu,610-663-7058
Caz,Everit,Kikerino,02/18/1964,Russia,ceveritp1@cbslocal.com,759-975-7056
Pepi,Spurriar,Ongi,06/15/1981,Mongolia,pspurriarp2@census.gov,814-329-5684
Dawna,Swigger,Uurainen,02/09/1995,Finland,dswiggerp3@cafepress.com,966-934-5508
Barbie,Simukov,Verkhnye Syn’ovydne,12/19/1983,Ukraine,bsimukovp4@rambler.ru,859-106-3494
Karim,Sergent,Laboulaye,10/13/1950,Argentina,,206-497-9910
Nappie,Morrieson,Farsta,04/22/1965,Sweden,nmorriesonp6@bizjournals.com,679-298-0487
Armand,Lovart,,,,,
Jerrie,Warboy,Jiangmen,01/14/1956,China,jwarboyp8@360.cn,431-516-2097
Alfie,Curm,Seidu,05/25/1995,Sierra Leone,,225-506-9902
Lovell,McGerraghty,Luyi,08/04/1960,China,lmcgerraghtypa@goo.ne.jp,807-334-5729
Pris,Guinery,Klutuk,08/02/1963,Indonesia,pguinerypb@globo.com,730-177-0010
Cinda,Cestard,Paraćin,05/21/1963,Serbia,ccestardpc@newsvine.com,222-383-2312
Carling,Vasyaev,Saint-Priest-en-Jarez,12/27/1982,France,cvasyaevpd@baidu.com,715-947-8967
Shermy,Cawthorn,Juiz de Fora,11/19/1996,Brazil,scawthornpe@seesaa.net,933-855-3491
Clem,Wardingley,As Saffānīyah,02/13/1964,Saudi Arabia,cwardingleypf@paginegialle.it,925-837-8965
Glendon,Pitchers,,,,gpitcherspg@woothemes.com,
Florinda,Brussell,Panayagan,01/03/1960,Indonesia,fbrussellph@wix.com,800-979-8590
Lorna,Pakeman,,,,lpakemanpi@reddit.com,
Gilles,Cardon,Contramaestre,11/30/1975,Cuba,gcardonpj@abc.net.au,779-738-1528
Hilton,Schwanden,Shijie,01/14/1970,China,,522-376-5713
Livvy,McNeigh,Gaoleshan,07/16/1975,China,,252-288-8421
Kissee,Benois,Tondano,06/19/1966,Indonesia,kbenoispm@cbc.ca,953-475-7955
Morse,Coatsworth,Sanrao,04/09/1972,China,mcoatsworthpn@hhs.gov,399-326-9275
Panchito,Stiger,Ōiso,06/20/1979,Japan,pstigerpo@webeden.co.uk,364-591-6560
Leoline,Vandenhoff,Puerto Asís,01/16/1973,Colombia,lvandenhoffpp@marketwatch.com,951-770-9225
Cyndia,Godwyn,Nghi Xuân,07/13/1996,Vietnam,cgodwynpq@google.com.br,909-465-0101
Jackson,Busse,Shizuishan,06/07/1963,China,jbussepr@unc.edu,984-943-2623
Karlie,Traher,Huixian Chengguanzhen,12/09/1977,China,ktraherps@cnbc.com,897-874-4559
Anett,Vaisey,Turośń Kościelna,10/21/1996,Poland,avaiseypt@wikimedia.org,574-678-3964
Kizzie,McMurty,Adstock,07/05/1957,Canada,kmcmurtypu@va.gov,787-933-4656
Lavinia,Hanner,Vantaa,06/05/1991,Finland,lhannerpv@wisc.edu,638-342-0806
Aleksandr,St. Paul,Maraial,04/02/1962,Brazil,,677-732-1726
Lalo,Plott,Katsina-Ala,05/30/1951,Nigeria,lplottpx@weebly.com,934-913-4165
Carr,Gaymar,,,,cgaymarpy@walmart.com,
Blinny,Garriock,Paracambi,05/17/1952,Brazil,bgarriockpz@nasa.gov,630-335-1814
Agnese,Beatens,Huotian,06/04/1984,China,abeatensq0@cnbc.com,856-577-5745
Adolph,Mewton,Amagarapati,05/14/1957,Indonesia,amewtonq1@marketwatch.com,865-482-2682
Melita,Dublin,,,,mdublinq2@networksolutions.com,
Dennie,Remington,Şānūr,05/02/1983,Palestinian Territory,dremingtonq3@latimes.com,662-563-7782
Kayla,Di Claudio,Mērsrags,04/11/1986,Latvia,,138-749-1605
Catharine,Kmietsch,Meicheng,07/08/1970,China,ckmietschq5@discuz.net,822-725-5805
Lisle,Beseke,Strasbourg,04/25/1964,France,lbesekeq6@lulu.com,694-445-3091
Brittne,Henriques,,,,bhenriquesq7@ted.com,
Edeline,Argile,,,,eargileq8@goo.ne.jp,
Nannette,Myles,Šentrupert,11/24/1999,Slovenia,nmylesq9@usgs.gov,260-831-9242
Linnell,Gras,Chile Chico,10/02/1974,Chile,lgrasqa@yellowbook.com,611-470-2014
Tessie,Knibley,Meicheng,12/24/1975,China,tknibleyqb@businessweek.com,120-665-7328
Charleen,Leebetter,Limbangan,11/15/1993,Indonesia,cleebetterqc@netscape.com,844-866-4250
Homer,Puddin,Akim Oda,01/04/1996,Ghana,,419-287-9061
Jonis,Jarvie,Thị Trấn Na Sầm,01/19/1959,Vietnam,,879-372-5779
Sallyann,Weale,Tiblawan,05/28/1987,Philippines,swealeqf@amazon.de,287-564-1849
Penrod,Ritchie,Ramadi,01/20/1977,Iraq,pritchieqg@vimeo.com,357-115-8162
Stavro,Sends,Libice nad Cidlinou,05/11/1953,Czech Republic,ssendsqh@ovh.net,106-260-7798
Brandon,Scholefield,Sonquil,06/11/1983,Philippines,bscholefieldqi@bbb.org,332-520-6702
Giorgi,Fathers,Doāba,06/30/1969,Pakistan,gfathersqj@cbc.ca,117-950-0211
Dotty,Wilsee,Dzwola,04/26/1999,Poland,dwilseeqk@usatoday.com,861-933-4274
Debera,Buddock,Loma Bonita,07/30/1993,Mexico,dbuddockql@mlb.com,495-946-7990
Jarred,Meiklam,Potoci,06/02/1964,Bosnia and Herzegovina,,871-965-0059
Gustaf,Kinworthy,Watodei,02/05/1959,Indonesia,gkinworthyqn@networkadvertising.org,278-701-0139
Haven,Heinritz,Cabuyaro,04/16/1967,Colombia,,535-537-5765
Adolph,Giacobbo,Gomel,05/30/1971,Belarus,agiacobboqp@biglobe.ne.jp,583-521-3996
Ronni,Simpson,Independencia,06/25/1976,Mexico,rsimpsonqq@hibu.com,510-973-5952
Sydelle,Tace,Padangbatung,03/15/1983,Indonesia,staceqr@sfgate.com,155-689-8628
Vaclav,Atwool,Guantou,03/19/1954,China,vatwoolqs@simplemachines.org,423-135-7454
Georas,Tester,Łącko,07/18/1976,Poland,gtesterqt@istockphoto.com,664-371-3589
Goldy,McKeurton,Banjar Gunungpande,11/03/1953,Indonesia,gmckeurtonqu@mysql.com,189-251-9427
Sonia,Bellino,Anjirserapat,05/31/1970,Indonesia,,782-522-7028
Damara,Aspy,Cabaret,04/04/1997,Haiti,daspyqw@timesonline.co.uk,517-220-9080
Virginie,Schuh,Tangub,05/22/1970,Philippines,vschuhqx@reverbnation.com,359-489-4970
Linet,Camacho,Gąsocin,11/10/1987,Poland,lcamachoqy@google.com.au,329-346-4288
Nev,Rentenbeck,Knoxville,09/24/1999,United States,nrentenbeckqz@liveinternet.ru,865-892-1496
Caleb,Bruster,Los Angeles,07/02/1950,United States,cbrusterr0@wikimedia.org,213-783-6649
Arturo,Yakunin,Rakvere,10/17/1995,Estonia,ayakuninr1@parallels.com,272-792-3908
Grantham,Peedell,San Francisco,02/10/1992,Colombia,gpeedellr2@nydailynews.com,817-802-3884
Evin,Shannahan,Sevsk,06/26/1957,Russia,,297-526-3295
Jojo,Rome,Karangboyo,11/11/1956,Indonesia,,494-782-3684
Vinny,Bibey,Qianhong,02/11/1977,China,vbibeyr5@spiegel.de,380-436-1575
Layton,O'Hern,Wenchang,03/20/1993,China,lohernr6@eventbrite.com,470-941-0244
Sondra,McPhillips,Osapsio,06/13/1950,Indonesia,smcphillipsr7@comcast.net,955-342-6130
Ninette,Commusso,Des Moines,10/07/1952,United States,ncommussor8@google.es,515-717-5330
Alonso,Lyddon,Puyehue,06/21/1970,Chile,,659-820-3742
Ossie,Pogg,Nemby,03/18/1974,Paraguay,opoggra@google.co.jp,389-655-5047
Marlow,Shields,San Ramon,04/28/1976,Philippines,mshieldsrb@businessweek.com,444-915-6526
Reed,Petera,Mafang,02/09/1977,China,rpeterarc@ycombinator.com,707-293-1598
Gustaf,Arnoud,Eiriz,03/02/1977,Portugal,,532-313-6431
Franny,Angeli,Bifeng,04/22/1988,China,fangelire@columbia.edu,789-245-1572
Huntington,Bains,Cikalaces,01/27/1982,Indonesia,hbainsrf@tinyurl.com,223-560-5699
Evan,Postan,Askersund,03/13/1982,Sweden,epostanrg@opensource.org,845-136-8356
Bogey,Beceril,Tonghae,04/12/1950,South Korea,bbecerilrh@tinypic.com,205-965-4433
Rozamond,Chidzoy,Fratar,05/04/1952,Albania,,890-912-8319
Geordie,Brownett,Shihuajian,07/11/1998,China,gbrownettrj@redcross.org,102-410-5505
Art,Megarry,Iyo,03/15/1959,Japan,,875-679-8674
Gerladina,Ciciotti,Xuchang,12/29/1989,China,gciciottirl@qq.com,348-918-1107
Tabbie,Tipperton,Kloulklubed,12/08/1957,Palau,ttippertonrm@list-manage.com,526-894-7663
Sabrina,Gokes,Cartago,12/26/1957,Colombia,sgokesrn@people.com.cn,167-282-8279
Lisette,Pavlata,Marapanim,08/22/1971,Brazil,,671-203-0019
Tawsha,Adamsen,Malianchuan,06/16/1998,China,,741-914-0229
Cecil,Staines,Miasskoye,01/09/1966,Russia,cstainesrq@cam.ac.uk,745-459-8207
Heda,Clines,Gornje Živinice,09/15/1964,Bosnia and Herzegovina,hclinesrr@mit.edu,644-776-4560
