first_name,last_name,birth_place,birth_date,country_living_in,email,phone
Pren,Klimkovich,Qingshu,06/28/1959,China,pklimkovich0@yelp.com,312-287-9356
Gert,Gerrey,Itatskiy,12/18/1964,Russia,ggerrey1@examiner.com,964-238-9333
Celesta,O'Leary,Staraya Toropa,01/27/1974,Russia,coleary2@mozilla.com,170-889-7888
Wally,MacTeggart,Catende,08/29/1973,Brazil,wmacteggart3@nationalgeographic.com,861-667-1568
Cleo,Carville,Songwon,01/10/1959,South Korea,ccarville4@imgur.com,869-821-3144
Lurleen,Lusted,Storozhynets’,10/21/1993,Ukraine,,624-847-4442
Temple,Rzehorz,Migori,12/09/1996,Kenya,trzehorz6@creativecommons.org,653-915-5955
Winna,Selvester,Dodola,08/17/1953,Ethiopia,wselvester7@pen.io,266-503-2868
Fitzgerald,Umbers,Bayambang,04/02/1980,Philippines,fumbers8@toplist.cz,244-377-2674
Adler,Capnor,Shuiyang,02/21/1955,China,acapnor9@liveinternet.ru,729-341-1282
Colet,Shermar,Bilar,09/22/1990,Philippines,cshermara@gnu.org,838-734-0309
Sandor,O'Cullinane,,,,socullinaneb@nasa.gov,
Muriel,Druce,Campamento,01/21/1961,Colombia,,592-537-4260
Corene,Fittall,Sarandë,08/01/1976,Albania,cfittalld@dedecms.com,149-744-6012
Eydie,Erridge,Le Kremlin-Bicêtre,12/10/1978,France,eerridgee@skype.com,676-128-5477
Farrel,Ludlamme,Bontoc,05/30/1960,Philippines,fludlammef@irs.gov,818-747-2842
Quinn,Minshull,Basa,07/02/1963,Indonesia,qminshullg@businesswire.com,741-328-6016
Evyn,Pirrone,Don Carlos,07/13/1963,Philippines,epirroneh@vistaprint.com,225-347-7092
Dag,Coundley,Bābol,08/29/1979,Iran,,502-354-0690
Fiorenze,Keane,Rakvere,02/01/1970,Estonia,fkeanej@geocities.com,295-125-3538
Zabrina,Maha,Lazaro Cardenas,08/17/1994,Mexico,zmahak@ovh.net,575-632-5024
Everard,Pretley,Trinity Ville,03/18/1971,Jamaica,epretleyl@tiny.cc,692-868-8872
Harmonie,Dunnan,Aleksandrów,12/12/1999,Poland,hdunnanm@freewebs.com,468-565-4036
Gideon,Scamel,Xuefeng,01/31/1990,China,,366-272-9041
Barrie,Lante,Kampungbaru,11/15/1962,Indonesia,,149-788-2507
Floris,Bertram,Barrancas,10/01/1991,Colombia,fbertramp@phoca.cz,384-811-0878
Candie,Cabotto,Dzaoudzi,12/15/1964,Mayotte,ccabottoq@bing.com,873-861-2050
Lucky,Worthington,Pocsi,07/16/1980,Peru,lworthingtonr@miibeian.gov.cn,795-922-8478
Corney,Gusticke,Alcanena,02/09/1989,Portugal,,894-111-1171
Ira,Teal,San Ramón,01/11/1978,Nicaragua,itealt@wufoo.com,546-156-0003
Al,Timson,Jīsh,01/21/1965,Israel,atimsonu@opensource.org,369-848-8950
Ansell,Diano,Bagiktinggang,01/18/1952,Indonesia,adianov@opensource.org,803-956-5972
Dov,Sherbrooke,Dukuhmencek Lor,04/14/1961,Indonesia,dsherbrookew@nifty.com,275-121-8864
Max,Westhofer,Nové Sedlo,02/25/1974,Czech Republic,mwesthoferx@booking.com,182-221-0620
Riki,Lude,Kuanping,06/13/1996,China,,992-270-4792
Tally,Lethbridge,Bissorã,12/26/1989,Guinea-Bissau,tlethbridgez@lulu.com,399-578-6478
Hansiain,Churches,Flen,09/11/1976,Sweden,hchurches10@sciencedirect.com,377-930-7151
Tonya,Vondruska,Zherdevka,12/17/1974,Russia,tvondruska11@thetimes.co.uk,555-842-8299
Lucille,Gostall,Mirotice,01/06/1983,Czech Republic,lgostall12@pen.io,358-860-6249
Sandye,Awmack,Yonghe,05/11/1994,China,sawmack13@technorati.com,483-722-6447
Morgen,Bortoletti,Leipzig,10/10/1969,Germany,mbortoletti14@about.com,232-812-8492
Chelsey,Dowman,Xiaping,04/03/1993,China,cdowman15@techcrunch.com,979-382-0532
Goddart,McDiarmid,Kīsh,11/08/1971,Iran,gmcdiarmid16@loc.gov,238-599-4802
Alethea,Wadworth,Pongkor,07/01/1967,Indonesia,awadworth17@g.co,991-622-5500
Amble,Bywaters,Yerofey Pavlovich,01/25/1979,Russia,abywaters18@marriott.com,805-286-4489
Emilee,Coultish,Kraljevo,09/09/1992,Serbia,ecoultish19@sogou.com,775-268-9572
Eleen,Hamblett,Mashui,05/13/1950,China,,678-153-2207
Phil,Christofides,Sabang,11/29/1999,Philippines,pchristofides1b@ovh.net,310-804-8067
Tybie,Kember,Al Quşayr,06/09/1963,Egypt,tkember1c@vinaora.com,191-536-8616
Noll,Kochel,Terjan,05/16/1978,Indonesia,nkochel1d@goo.gl,388-722-5358
Madalyn,Geer,Ilare,10/01/1974,Nigeria,mgeer1e@networksolutions.com,107-922-2552
Doris,Farmer,,,,dfarmer1f@nba.com,
Jocelin,Orts,Ol’gino,11/19/1963,Russia,jorts1g@bandcamp.com,924-726-8482
Allison,Shrubshall,Bello,03/23/1983,Colombia,ashrubshall1h@so-net.ne.jp,227-240-5074
Dilan,Beane,Cabedelo,07/20/1989,Brazil,dbeane1i@tumblr.com,840-894-7174
Arleen,Ferrai,Cimaung Kidul,01/29/1969,Indonesia,aferrai1j@infoseek.co.jp,303-133-4242
Brocky,Blinman,Bandong,10/29/1962,China,bblinman1k@cbslocal.com,965-713-6506
Carlin,Brecknock,Sagud-Bahley,07/19/1988,Philippines,cbrecknock1l@forbes.com,938-426-5394
Kinny,Yes,Khon San,01/15/1989,Thailand,kyes1m@hubpages.com,353-556-7769
Sybila,Wem,La Soledad,02/22/1956,Mexico,swem1n@loc.gov,695-803-9501
Breanne,Girsch,Voznesen’ye,05/29/1969,Russia,bgirsch1o@yellowpages.com,214-888-9242
Halette,MacBain,Radlje ob Dravi,11/03/1975,Slovenia,hmacbain1p@wikimedia.org,664-534-1847
Horton,Gavozzi,Takanosu,12/27/1967,Japan,,818-324-0921
Gloria,Figiovanni,Seixezelo,06/25/1978,Portugal,,937-157-1694
Niel,Enderson,Dongchen,07/04/1972,China,nenderson1s@fastcompany.com,664-342-4985
Twyla,Deverille,Banjar Sebual,10/05/1962,Indonesia,tdeverille1t@utexas.edu,129-213-7249
Myron,Simister,Urcos,09/21/1984,Peru,msimister1u@flavors.me,197-593-7659
Ody,Iacobassi,,,,oiacobassi1v@paypal.com,
Eddie,Mabbott,Xi’an,06/02/1999,China,emabbott1w@taobao.com,421-731-9339
Jerri,Swanston,Loma Bonita,03/26/1976,Mexico,jswanston1x@amazonaws.com,447-436-5898
Isabella,Tofanelli,La Hacienda,02/20/1951,Philippines,itofanelli1y@blog.com,825-834-7183
Ermin,Adamczewski,Eišiškės,09/14/1995,Lithuania,eadamczewski1z@nasa.gov,162-993-4458
Misty,Wyld,Springfield,06/03/1967,United States,mwyld20@mlb.com,781-418-2482
Andria,Pickavance,Purworejo,08/11/1959,Indonesia,apickavance21@exblog.jp,510-568-8997
Ailene,Fearby,Mojokerto,03/16/1983,Indonesia,afearby22@wisc.edu,945-965-3458
Kassey,Borth,Ādilpur,09/20/1988,Pakistan,kborth23@nifty.com,194-284-7848
Rudolph,Gildea,Prigrevica,04/19/1969,Serbia,rgildea24@indiegogo.com,184-627-2129
Rayna,Caps,Fengping,01/14/1992,China,rcaps25@chron.com,920-933-1598
Hurleigh,Noweak,Charlotte,01/30/1971,United States,hnoweak26@wix.com,704-638-5660
Leodora,Christoffe,Trondheim,07/07/1965,Norway,lchristoffe27@un.org,334-604-1953
Neely,Rotherham,Cikou,05/10/1992,China,nrotherham28@pagesperso-orange.fr,652-713-5548
Bonita,Ricardou,Srinjine,03/02/1956,Croatia,,446-128-9740
Glendon,Barwack,Pishaj,06/07/1951,Albania,,372-571-2644
Adelice,Garland,La Jagua de Ibirico,04/03/1995,Colombia,agarland2b@state.gov,793-309-3291
Didi,Boykett,La Esmeralda,10/18/1980,Venezuela,dboykett2c@miitbeian.gov.cn,250-123-3886
Carmel,Bawme,Mandangoa,08/28/1978,Philippines,,655-472-3447
Joyous,Posse,Kasese,09/19/1980,Uganda,jposse2e@ted.com,858-437-1335
Rhodia,Chattock,Uman’,08/17/1962,Ukraine,rchattock2f@flickr.com,756-946-5251
Dulci,Cheeney,Sariwŏn,04/01/1990,North Korea,dcheeney2g@wordpress.com,400-993-4117
Neile,Bainbrigge,Los Angeles,12/10/1973,United States,nbainbrigge2h@home.pl,213-934-7494
Karlan,Islip,Moscow,05/07/1954,Russia,kislip2i@g.co,559-811-6260
Gnni,Alker,Santiago de Cuba,02/27/1967,Cuba,galker2j@accuweather.com,321-940-9495
Geraldine,Bloys,Leiria,08/31/1967,Portugal,gbloys2k@weebly.com,592-549-2703
Irita,O'Deoran,Sapataria,05/06/1954,Portugal,,704-611-2149
Ursala,Jaulme,Gouménissa,04/28/1953,Greece,ujaulme2m@bizjournals.com,581-873-6039
Mora,Newrick,Ḏânan,04/23/1967,Djibouti,mnewrick2n@technorati.com,718-900-3372
Mathias,Braker,Thio,03/03/1995,New Caledonia,mbraker2o@ucoz.com,763-382-0543
Cherrita,Klees,Bugul’ma,06/08/1988,Russia,cklees2p@amazonaws.com,157-668-4872
Alleyn,Holdey,Vacov,11/28/1974,Czech Republic,aholdey2q@google.ca,973-750-6290
Phyllida,Lemm,Mari,08/30/1967,Brazil,plemm2r@wiley.com,235-681-2858
Rochell,Jessop,Keleng,11/17/1962,Indonesia,rjessop2s@bandcamp.com,241-576-8952
Ebba,Rosenfarb,Altavista,07/29/1985,Mexico,erosenfarb2t@elegantthemes.com,270-859-3079
Etheline,Toffanini,Ilhabela,01/24/1992,Brazil,etoffanini2u@sina.com.cn,363-575-7980
Carri,Glowinski,Banatsko Veliko Selo,01/25/1979,Serbia,cglowinski2v@bloomberg.com,690-460-6092
Barbra,Kerry,Kuryłówka,07/22/1954,Poland,bkerry2w@virginia.edu,158-839-0650
Cordi,Von Salzberg,Meiqi,01/12/1998,China,cvonsalzberg2x@naver.com,302-445-3961
Dani,Whistan,Tupesy,02/03/1970,Czech Republic,dwhistan2y@google.com.au,797-728-8735
Peria,Ferres,Pitogo,01/05/1989,Philippines,,116-498-5946
Hattie,Kleis,Aş Şafaqayn,08/23/1995,Yemen,hkleis30@acquirethisname.com,487-613-4104
Claudianus,Mattocks,Jaguaruana,11/08/1992,Brazil,,622-558-5120
Hewett,Attrey,Skärholmen,10/19/1982,Sweden,hattrey32@businesswire.com,495-291-1606
Guillemette,Walles,,,,gwalles33@msu.edu,
Maible,Rafferty,Houyu,12/31/1981,China,mrafferty34@wikipedia.org,387-657-7610
Pet,Jeanin,Boracéia,07/25/1960,Brazil,pjeanin35@multiply.com,457-495-3436
Thacher,McClune,Xinhua,04/20/1983,China,tmcclune36@samsung.com,958-571-0064
Raffaello,Romer,Wręczyca Wielka,08/22/1989,Poland,,738-880-3650
Arman,Cammish,Soacha,10/09/1982,Colombia,acammish38@mail.ru,473-341-8412
Alphard,Goldster,Bálsamo Oriental,10/10/1961,Honduras,agoldster39@shutterfly.com,385-670-6932
Jermaine,Adne,Kučevo,08/25/1979,Serbia,jadne3a@bbb.org,584-335-8329
Kennan,Lidierth,Cabeças Verdes,07/05/1964,Portugal,klidierth3b@printfriendly.com,812-747-0000
Harv,Pigrome,Molde,05/02/1975,Norway,hpigrome3c@ehow.com,978-884-8902
Gun,Kennefick,Sakassou,07/30/1973,Ivory Coast,gkennefick3d@dmoz.org,839-274-9641
Christa,Pimme,Garmeh,08/13/1999,Iran,,185-835-0542
Liz,Plinck,Gaotaizi,07/25/1999,China,lplinck3f@vimeo.com,133-455-6599
Penny,Harlin,Kogota,05/18/1959,Japan,,966-667-0340
Aubrey,Worrall,Trnovska Vas,04/27/1999,Slovenia,aworrall3h@wikispaces.com,106-944-8421
Osborne,Ivanyushkin,Besançon,10/18/1966,France,oivanyushkin3i@over-blog.com,962-450-8624
Queenie,Craxford,Liangcunchang,03/09/1965,China,qcraxford3j@theglobeandmail.com,734-831-1173
Danella,McGeown,Chambellan,03/27/1994,Haiti,,273-635-8158
Liana,Obell,Göteborg,10/21/1979,Sweden,lobell3l@huffingtonpost.com,136-658-3886
Dori,Glanester,Banyuresmi,07/05/1972,Indonesia,dglanester3m@xrea.com,955-949-9924
Linoel,Baldock,Belajen,06/04/1960,Indonesia,lbaldock3n@skyrock.com,953-126-9022
Keri,Drei,Nilópolis,11/16/1961,Brazil,kdrei3o@studiopress.com,259-765-7339
Marissa,Catterill,Krajan,04/28/1964,Indonesia,mcatterill3p@cafepress.com,337-868-6592
Brannon,Gouldthorp,Jiangchuan,05/15/1986,China,bgouldthorp3q@hc360.com,758-461-4631
Emilee,Shakesby,Dolní Bečva,10/07/1961,Czech Republic,eshakesby3r@mysql.com,598-113-2320
Bibby,Wynch,Tapon,04/17/1971,Philippines,bwynch3s@un.org,339-456-4668
Osgood,Scotsbrook,Zhangbagou,11/14/1956,China,oscotsbrook3t@noaa.gov,922-141-0344
Jonas,Pervoe,Shitang,11/17/1965,China,jpervoe3u@about.me,334-449-5865
Andromache,Baus,Jianqiao,12/30/1955,China,abaus3v@issuu.com,485-619-1634
Magnum,Jorger,Stoszowice,10/07/1986,Poland,mjorger3w@indiatimes.com,685-797-9562
Kinsley,Isacsson,Mokolo,10/05/1961,Cameroon,kisacsson3x@npr.org,811-751-1888
Yance,Gourdon,Nyköping,11/04/1951,Sweden,ygourdon3y@woothemes.com,346-697-5337
Chevalier,Ewols,Glushkovo,09/26/1956,Russia,cewols3z@over-blog.com,725-920-6680
Abdul,Durrans,Ngulahan,12/07/1988,Indonesia,,480-392-4730
Alex,Fairlamb,Uralets,05/26/1984,Russia,afairlamb41@bbc.co.uk,932-265-4165
Henrie,Birchill,Karmaskaly,10/22/1972,Russia,,247-390-4767
Chad,Locarno,Ratoath,11/02/1976,Ireland,clocarno43@comcast.net,379-155-0440
Gloria,Liddington,Vacov,12/19/1989,Czech Republic,gliddington44@ed.gov,316-368-2226
Malissa,Eland,Bukedea,06/19/1981,Uganda,meland45@unc.edu,955-294-8338
Alli,Chessell,Jandir,10/03/1965,Indonesia,achessell46@adobe.com,118-997-7371
Sibley,Damant,Wete,07/25/1954,Tanzania,sdamant47@bizjournals.com,348-367-1559
Marleen,Kleinschmidt,Gizo,12/09/1971,Solomon Islands,mkleinschmidt48@4shared.com,607-445-0682
Alyosha,Wernher,Piran,05/31/1976,Slovenia,,735-192-6777
Dur,Drinkale,,,,ddrinkale4a@hp.com,
Aprilette,Milbourne,Luti,03/18/1971,Indonesia,amilbourne4b@imgur.com,590-633-1142
Ara,McCarrison,La Cocha,03/17/1985,Argentina,amccarrison4c@hubpages.com,234-351-6099
Cindie,Mawhinney,Dhībīn,04/15/1952,Syria,cmawhinney4d@booking.com,700-140-9011
Rozelle,Ruddell,Huaniao,02/20/1973,China,rruddell4e@jiathis.com,617-709-8773
Bride,Chestnutt,Mankono,06/01/1977,Ivory Coast,,821-527-9894
Annie,Nutten,Lebak,06/24/1951,Indonesia,anutten4g@ehow.com,870-437-4257
Pat,Mournian,Colmar,09/22/1965,France,pmournian4h@rediff.com,629-576-8606
Cherye,Ivchenko,Tubalan,07/25/1999,Philippines,civchenko4i@ow.ly,496-961-6947
Ryun,Stiant,Pridonskoy,10/30/1979,Russia,rstiant4j@fastcompany.com,703-683-8256
Germain,Blurton,El Alto,07/12/1970,Peru,,691-800-4631
Tracy,Platts,Languan,08/13/1981,China,tplatts4l@huffingtonpost.com,493-798-4942
Jock,Starmont,El Corozal,03/28/1997,Honduras,jstarmont4m@slate.com,103-360-3792
Mycah,Caraher,Shepetivka,01/31/1966,Ukraine,mcaraher4n@sun.com,249-255-7353
Stephenie,Giorgietto,Nungga,04/21/1975,Indonesia,sgiorgietto4o@nymag.com,462-584-3314
Troy,Gilby,Asunción Mita,06/30/1969,Guatemala,tgilby4p@cam.ac.uk,153-818-7433
Blithe,Tonner,Fatualam,06/21/1987,Indonesia,btonner4q@geocities.jp,992-709-6334
Phyllis,Littrick,Loma Bonita,11/01/1958,Mexico,plittrick4r@blog.com,727-484-5015
Dorie,Chidgey,Nagasaki-shi,07/01/1957,Japan,dchidgey4s@com.com,900-795-6926
Anna,Jeanel,Baytīn,04/29/1999,Palestinian Territory,ajeanel4t@google.es,239-713-7422
Darnell,Dansey,Berlin,07/27/1970,Germany,ddansey4u@flavors.me,948-667-8729
Godwin,Govan,Nashtā Rūd,12/17/1980,Iran,ggovan4v@princeton.edu,357-532-2830
Vere,Totterdell,Kawaguchi,08/17/1997,Japan,vtotterdell4w@cnet.com,509-283-1784
Mycah,Cowdroy,Banjar Buahan,02/07/1969,Indonesia,mcowdroy4x@squidoo.com,655-550-0735
Jillana,Flanigan,Leiria,10/11/1957,Portugal,jflanigan4y@cyberchimps.com,229-917-1251
Phillipp,Spikeings,Mós,01/17/1955,Portugal,pspikeings4z@npr.org,890-312-7131
Granger,Westby,Lunel,10/25/1951,France,gwestby50@seattletimes.com,105-424-9036
Damiano,Yeoland,Semang,01/02/1962,Indonesia,dyeoland51@github.com,145-432-5629
Devin,Eveleigh,Kapsan-ŭp,05/30/1987,North Korea,develeigh52@time.com,442-779-6698
Kristien,Halfacree,Sokoto,11/20/1950,Nigeria,,118-563-9442
Lynnet,Pover,Konstantynów Łódzki,12/10/1992,Poland,lpover54@microsoft.com,501-512-9438
Rhodia,Larcher,Ambato Boeny,11/04/1958,Madagascar,rlarcher55@lycos.com,649-392-5254
Dannel,Keepe,Zürich,09/08/1986,Switzerland,dkeepe56@wisc.edu,788-250-3647
Silvia,Accum,Azilal,02/27/1959,Morocco,saccum57@nsw.gov.au,391-598-3714
Gennifer,Ongin,Kolbuszowa,06/01/1971,Poland,gongin58@ezinearticles.com,303-107-9735
Audie,Beacham,Panyarang,01/12/1994,Indonesia,abeacham59@blogs.com,999-132-0781
Eugenia,Beale,Bohutín,07/21/1982,Czech Republic,ebeale5a@cdc.gov,724-533-7606
Tyrone,Fawlo,Zagreb,02/13/1968,Croatia,tfawlo5b@unblog.fr,265-862-4591
Leroi,Whitelaw,Belmullet,02/06/1999,Ireland,lwhitelaw5c@tinypic.com,597-798-3587
Jewell,Hostan,Taoyuan,08/26/1989,China,jhostan5d@canalblog.com,548-131-9295
Fletch,Mordin,Huangmei,04/04/1973,China,fmordin5e@zimbio.com,982-717-1870
Iris,Simoens,Fenkeng,05/14/1996,China,isimoens5f@printfriendly.com,198-672-7523
Maximilian,Bruyns,Kon Tum,12/06/1979,Vietnam,mbruyns5g@irs.gov,441-239-0757
Joseito,Skerrett,Manquiring,05/12/1953,Philippines,jskerrett5h@pen.io,541-602-4177
Lenci,Darth,Astorga,01/31/1956,Brazil,ldarth5i@fema.gov,980-835-4355
Hastings,McTavish,Masumbwe,11/22/1960,Tanzania,hmctavish5j@ustream.tv,766-894-5464
Sibyl,Pycock,Nova Russas,12/23/1964,Brazil,spycock5k@mac.com,115-615-1311
Bryan,Chetham,Kampungdesa,09/08/1963,Indonesia,,217-145-9171
Dory,Hullins,Draguignan,01/02/1954,France,dhullins5m@economist.com,969-899-3619
Natty,Boribal,Mramani,08/08/1986,Comoros,,952-465-2868
Skippy,Prettyjohns,Anniston,04/29/1966,United States,sprettyjohns5o@goo.gl,256-721-9837
Janeva,Dorken,Virbalis,02/21/1994,Lithuania,jdorken5p@chron.com,892-414-2507
Joachim,Copper,,,,jcopper5q@soundcloud.com,
Stormi,McCaughran,Luoping,01/08/1982,China,smccaughran5r@blogger.com,926-423-0652
Brigitte,Volks,,,,bvolks5s@jalbum.net,
Stavros,Kullmann,,,,skullmann5t@discuz.net,
Krishna,Chamberlaine,Rixi,10/12/1976,China,kchamberlaine5u@nationalgeographic.com,196-698-3379
Charlot,Hadley,Nyimba,09/09/1984,Zambia,chadley5v@cnet.com,876-663-4399
Marlowe,Roden,Huangbu,05/16/1998,China,mroden5w@princeton.edu,380-897-0482
Larisa,Stuehmeyer,Kubang,01/17/1953,Indonesia,lstuehmeyer5x@fc2.com,980-744-7201
Alfy,Brewse,Cabeço,05/04/1973,Portugal,abrewse5y@stanford.edu,472-944-8566
Arabella,Tallow,Gore,05/04/1979,New Zealand,atallow5z@state.tx.us,932-132-3028
Clementine,Whitehorn,Thanh Nê,11/06/1963,Vietnam,cwhitehorn60@domainmarket.com,620-379-4355
Eyde,Tillot,Pavliš,10/28/1972,Serbia,etillot61@irs.gov,322-179-7086
Abbie,Wedgbrow,San Antonio Huista,12/15/1956,Guatemala,awedgbrow62@smh.com.au,630-642-5310
Ara,Pragnell,Lužani,12/24/1999,Croatia,,152-296-9684
Zulema,Cowoppe,San Juan,03/11/1968,Philippines,,896-823-6974
Duffie,Casaroli,Pimenta Bueno,06/09/1994,Brazil,,751-317-1756
Trula,Evenett,Lérida,06/17/1953,Colombia,tevenett66@blinklist.com,476-537-5093
Charmian,Hymas,,,,,
Michaela,Blemings,Mojolampir,10/17/1977,Indonesia,mblemings68@wufoo.com,545-243-5210
Derby,Andraud,Borisova Griva,10/14/1953,Russia,dandraud69@1und1.de,378-138-9186
Rebekkah,Derle,Lyudinovo,02/09/1999,Russia,rderle6a@hhs.gov,959-240-3132
Ian,Crichley,Calle Blancos,07/06/1976,Costa Rica,icrichley6b@ycombinator.com,676-331-6347
Irving,Gosse,Kallithéa,05/31/1970,Greece,igosse6c@google.com.hk,335-406-4512
Curtice,Collimore,Baliton,03/12/1995,Philippines,ccollimore6d@house.gov,627-621-1673
Dillie,Thoumas,Minyat an Naşr,08/26/1990,Egypt,,119-968-3408
Tyrone,Lesor,Touama,02/19/1976,Morocco,tlesor6f@rediff.com,964-772-0495
Clem,Woollhead,Kawayan,04/15/1961,Philippines,cwoollhead6g@exblog.jp,606-471-7238
Nicko,Eliyahu,Polešovice,03/29/1983,Czech Republic,neliyahu6h@dailymail.co.uk,276-852-5512
Candida,Raikes,Aldeia da Bela Vista,02/22/1983,Portugal,craikes6i@wisc.edu,847-937-8485
Kath,Stainfield,Cantuk Kidul,02/07/1981,Indonesia,kstainfield6j@a8.net,479-632-1188
Vidovic,Ladell,Lajeado,01/30/1951,Brazil,vladell6k@php.net,590-540-5490
Hershel,Strathdee,Borzęcin,11/19/1965,Poland,hstrathdee6l@naver.com,802-581-1664
Helaina,Cristofanini,Bandundu,04/11/1968,Democratic Republic of the Congo,,694-306-9950
Cameron,Yarrington,Szczecin,09/10/1963,Poland,cyarrington6n@admin.ch,480-198-2263
Sammie,Burcher,Khadīr,04/03/1966,Afghanistan,sburcher6o@imgur.com,819-268-7523
Sharona,Carrane,Swinford,12/07/1983,Ireland,,818-401-2518
Pedro,Nend,,,,pnend6q@dedecms.com,
Stacy,Trillo,Bakov nad Jizerou,05/23/1950,Czech Republic,strillo6r@discuz.net,205-522-6085
Lutero,Redholes,Iksan,09/15/1979,South Korea,lredholes6s@boston.com,628-848-5731
Mina,Caulton,Olejet,02/25/1968,Indonesia,mcaulton6t@smh.com.au,166-406-9199
Irvine,Sutlieff,,,,isutlieff6u@nih.gov,
Richie,Heiss,Tours,11/12/1963,France,rheiss6v@ox.ac.uk,604-540-8482
Erastus,Mc Meekan,Betaf,08/10/1995,Indonesia,emcmeekan6w@admin.ch,367-789-9350
Raff,Meardon,Xishaqiao,12/08/1951,China,rmeardon6x@go.com,168-260-2422
Aldin,Rowth,Kolodeznyy,03/20/1956,Russia,arowth6y@istockphoto.com,212-177-1933
Chelsea,Rummery,Jaworze,06/17/1966,Poland,crummery6z@edublogs.org,300-621-8484
Jacqui,Wrightim,Ledeč nad Sázavou,10/17/1952,Czech Republic,jwrightim70@state.tx.us,772-489-3621
Rosanne,Dunning,Serebryanyye Prudy,01/19/1967,Russia,rdunning71@uiuc.edu,946-612-5367
Dee dee,Downe,Milówka,06/11/1979,Poland,,595-111-7122
Nikki,Davidavidovics,Araguari,01/19/1994,Brazil,ndavidavidovics73@purevolume.com,120-619-4088
Buckie,Haley,Middleton,01/11/1968,Canada,bhaley74@nationalgeographic.com,799-501-2969
Elonore,Staddom,Cipicung,05/24/1950,Indonesia,,516-336-6843
Brendin,Greenin,Metković,03/28/1967,Croatia,bgreenin76@bing.com,423-478-1661
Fanchon,Peddel,Trzebieszów,08/24/1983,Poland,fpeddel77@addtoany.com,132-899-8585
Zolly,Dewbury,Birmingham,08/25/1991,United States,zdewbury78@amazon.co.uk,205-577-5392
Gisele,Beretta,Satte,01/19/1976,Japan,,549-599-3401
Karney,Richardes,Cavadas,11/24/1963,Portugal,krichardes7a@vimeo.com,953-301-3529
Fey,Harrismith,Yupiltepeque,08/04/1977,Guatemala,fharrismith7b@usatoday.com,926-326-7267
Cherry,Cornewall,Ol’ginka,02/09/1953,Russia,ccornewall7c@google.nl,539-362-9550
Basile,Mowsdell,Qijiaxi,09/23/1988,China,bmowsdell7d@dell.com,626-324-2160
Berky,Soonhouse,Barcarena,03/04/1973,Brazil,bsoonhouse7e@about.com,708-789-1615
Rudolph,Loftin,Ichuña,03/03/1978,Peru,rloftin7f@wp.com,507-291-4141
Minnnie,Tillot,Mlandizi,01/07/1970,Tanzania,,682-793-7334
Prescott,MacGahey,,,,pmacgahey7h@prlog.org,
Con,Lafflin,Bocowanti,01/03/1993,Indonesia,,787-173-9645
Fletcher,Janos,Krajan,08/04/1960,Indonesia,fjanos7j@about.com,807-429-5481
Rena,Papaminas,,,,rpapaminas7k@opensource.org,
Chilton,Ewington,Gandekan,04/28/1989,Indonesia,cewington7l@meetup.com,932-563-9404
Amity,Bertolin,Wulijie,12/12/1968,China,abertolin7m@people.com.cn,727-940-3357
Marena,Petrelluzzi,Songlong,03/26/1990,China,mpetrelluzzi7n@123-reg.co.uk,482-828-2570
Nikolos,Somerbell,Novopokrovka,10/28/1975,Russia,nsomerbell7o@princeton.edu,346-167-2084
Isadore,Lasslett,Kant,01/27/1978,Kyrgyzstan,ilasslett7p@samsung.com,131-543-0379
Fionnula,Drioli,Boulsa,03/03/1984,Burkina Faso,fdrioli7q@google.pl,156-983-2221
Brocky,Hanmer,Nová Cerekev,07/18/1954,Czech Republic,bhanmer7r@techcrunch.com,669-147-4144
Worth,Gilstin,Sandaogou,06/15/1951,China,wgilstin7s@nhs.uk,462-246-6661
Abbey,Luttgert,Myrnyy,07/08/1983,Ukraine,aluttgert7t@chron.com,495-332-9281
Stanislaus,Presnall,Kosamphi Nakhon,12/16/1955,Thailand,spresnall7u@loc.gov,480-441-2313
Rog,Martinez,Colonia Yguazú,09/06/1982,Paraguay,,486-388-9285
Kial,Fearnill,Sadek,08/24/1990,Vietnam,kfearnill7w@imgur.com,661-532-2430
Dena,Dee,Xinghua,12/02/1953,China,ddee7x@shareasale.com,305-500-1968
Zahara,Penswick,,,,zpenswick7y@ustream.tv,
Patrick,Kindread,Songyuan,12/03/1957,China,,913-544-9041
Jerri,Baggs,,,,jbaggs80@amazon.co.uk,
Hartley,Olufsen,Tange Zhen,06/01/1980,China,holufsen81@hp.com,594-298-1862
Kandace,Parriss,Pingtan,11/11/1993,China,kparriss82@360.cn,603-133-3381
Bendite,Kattenhorn,Starobelokurikha,02/25/1972,Russia,bkattenhorn83@un.org,386-518-8481
Marya,Mac,Dalongzhan,09/17/1971,China,mmac84@delicious.com,143-964-4248
Di,Zannini,Qarāwat Banī Zayd,08/14/1952,Palestinian Territory,dzannini85@apple.com,490-180-2125
Caitrin,Scanderet,Na Thawi,12/06/1952,Thailand,cscanderet86@cisco.com,664-133-7672
Alida,Woolstenholmes,Al Khānkah,01/06/1983,Egypt,awoolstenholmes87@businesswire.com,154-811-1899
Marty,Pittoli,Huskvarna,04/23/1959,Sweden,mpittoli88@ucoz.com,482-932-6282
Neill,Dugald,Banjar Batuaji Kaja,01/19/1994,Indonesia,,883-719-3837
Arlin,Sitch,Shuangfeng,09/20/1961,China,,194-509-3458
Toby,Meldrum,Mayenne,05/18/1967,France,tmeldrum8b@cbslocal.com,228-700-8207
Orin,Norcutt,Bestovje,06/22/1955,Croatia,onorcutt8c@cnet.com,911-917-6987
Wain,De Winton,Denglong,03/24/1974,China,wdewinton8d@networkadvertising.org,547-727-7899
Brigitta,Fackrell,Senanga,07/05/1981,Zambia,bfackrell8e@feedburner.com,118-765-6416
Savina,Northleigh,Comilla,09/30/1981,Bangladesh,snorthleigh8f@wordpress.com,503-928-1753
Vinny,Tackle,Kokstad,11/26/1988,South Africa,vtackle8g@aboutads.info,613-621-4621
Kristel,Didball,Rio Branco do Sul,03/26/1979,Brazil,kdidball8h@umich.edu,147-103-8783
Wilburt,Guerrazzi,Cikananga,09/06/1998,Indonesia,wguerrazzi8i@constantcontact.com,621-905-5380
Korry,Heinzler,Pushchino,06/28/1954,Russia,kheinzler8j@auda.org.au,682-649-3212
Joeann,Bewfield,Mezhevoy,12/20/1960,Russia,jbewfield8k@4shared.com,497-855-7021
Tanny,Koenraad,Vila Nova de Santo André,07/14/1995,Portugal,tkoenraad8l@networksolutions.com,474-408-9740
Essie,Lennarde,Itaboraí,03/02/1999,Brazil,elennarde8m@utexas.edu,338-975-4367
Valli,O'Mailey,Xingguo,08/23/1967,China,,345-347-5165
Irving,Holsall,,,,iholsall8o@hud.gov,
Loise,Monkton,,,,lmonkton8p@mtv.com,
Garrett,Grattage,Ishim,10/26/1982,Russia,ggrattage8q@discuz.net,464-804-1815
Bettine,Donati,Qacha’s Nek,10/21/1974,Lesotho,bdonati8r@blinklist.com,320-724-2721
Othilia,Rockall,Jinchuan,03/16/1998,China,orockall8s@surveymonkey.com,897-568-0330
Marietta,Derry,Aachen,06/19/1954,Germany,mderry8t@51.la,198-827-3380
Patricia,Smorthit,Hejiaping,08/01/1964,China,psmorthit8u@unicef.org,833-550-4869
Erhard,McGookin,Semīrom,03/28/1989,Iran,emcgookin8v@indiegogo.com,926-979-8697
Mureil,MacLaig,Ujungpangkah,06/25/1995,Indonesia,mmaclaig8w@tmall.com,706-981-3608
Hilliary,Haste,Boca Suno,11/12/1975,Ecuador,hhaste8x@canalblog.com,573-196-8647
Sher,Lockwood,Limoeiro do Norte,11/19/1954,Brazil,slockwood8y@discovery.com,625-607-7853
Kerrie,Basketter,Gucheng,03/11/1977,China,kbasketter8z@flickr.com,849-189-0295
Iorgo,Sayers,Vostryakovo,01/01/1989,Russia,isayers90@angelfire.com,240-604-2052
Brooke,Kibbye,Wiwilí,11/10/1955,Nicaragua,bkibbye91@ebay.co.uk,400-713-6989
Theresina,Berendsen,Qianshan,04/26/1959,China,,523-644-3706
Urban,Macourek,Chimbote,08/18/1971,Peru,umacourek93@msn.com,176-509-7934
Ebony,Burling,Carice,06/06/1951,Haiti,eburling94@infoseek.co.jp,245-732-0200
Davina,Lampard,Ciparakan,12/30/1950,Indonesia,dlampard95@adobe.com,572-849-7698
Hector,Grog,Piraju,06/08/1969,Brazil,,992-270-9445
Annadiana,Nassy,Tanggan,02/28/1984,China,anassy97@indiegogo.com,686-549-2138
Helenka,Greeno,Budzów,03/07/1957,Poland,hgreeno98@networksolutions.com,216-967-4325
Averil,Gleeton,Longba,11/02/1988,China,agleeton99@sohu.com,380-143-3150
Mildrid,Shilstone,Llalli,09/14/1951,Peru,mshilstone9a@europa.eu,425-164-1542
Krispin,Leale,Kiraman,12/11/1996,Indonesia,kleale9b@dedecms.com,511-932-0190
Daren,Braunes,Blama,09/10/1988,Sierra Leone,dbraunes9c@ask.com,129-703-2452
Sonnie,De Bell,Hexi,01/19/1998,China,sdebell9d@altervista.org,296-206-1457
Jared,Southern,Wola Sernicka,01/26/1991,Poland,jsouthern9e@zdnet.com,644-100-0722
Aldridge,Torry,Stockholm,08/27/1986,Sweden,atorry9f@mapquest.com,415-510-9751
Charin,Reasun,Kavýli,07/29/1965,Greece,creasun9g@nydailynews.com,619-228-4894
Ilyssa,Woolaghan,Krajan Tengah,07/14/1980,Indonesia,iwoolaghan9h@weibo.com,236-982-6170
Glynis,Sarson,Reriz,11/16/1977,Portugal,gsarson9i@clickbank.net,229-747-6238
Phylys,Van Dalen,La Esmeralda,11/03/1972,Venezuela,pvandalen9j@goodreads.com,888-892-9033
Nanice,Garnar,Am Djarass,08/27/1953,Chad,ngarnar9k@stumbleupon.com,844-346-7078
Rivalee,Eagan,Helsingborg,10/29/1964,Sweden,reagan9l@craigslist.org,680-154-1030
Miof mela,Stivers,Jakartovice,08/20/1960,Czech Republic,,945-333-7808
Dante,Shepheard,,,,dshepheard9n@google.com.br,
Annabela,Davitt,Bojong,01/27/1973,Indonesia,adavitt9o@comcast.net,433-669-0043
Mahalia,Purchase,Acas,03/02/1959,Peru,mpurchase9p@feedburner.com,385-161-3041
Noni,Waggitt,El Coco,04/05/1990,Panama,nwaggitt9q@list-manage.com,991-806-5225
Frannie,Lymer,Tánh Linh,10/01/1972,Vietnam,flymer9r@washington.edu,470-714-1750
Ulysses,Kells,Yarīm,12/24/1978,Yemen,ukells9s@umich.edu,748-570-9701
Elia,Rozenzweig,Akat Amnuai,03/22/1978,Thailand,erozenzweig9t@addthis.com,245-362-0696
Ofilia,Gurry,Kletek,03/05/1966,Indonesia,ogurry9u@g.co,445-634-2232
Winny,Gravenor,Metsavan,07/21/1993,Armenia,wgravenor9v@psu.edu,757-891-8142
Onida,Marquis,Belén,03/27/1975,Uruguay,omarquis9w@squidoo.com,709-226-6705
Tate,Hakey,Wenshang,10/23/1978,China,thakey9x@exblog.jp,211-738-3784
Anya,Humberston,,,,ahumberston9y@toplist.cz,
Esteban,Reiner,,,,ereiner9z@ihg.com,
Gerome,Dougill,Leiyang,08/08/1952,China,gdougilla0@alibaba.com,602-823-0387
Clevey,Heilds,,,,cheildsa1@homestead.com,
Alvis,Dobbison,Spanish Town,01/27/1978,Jamaica,,664-403-5862
Jerri,Adshead,Berlin,03/31/1993,Germany,jadsheada3@eventbrite.com,162-470-8740
Elijah,Montier,Saint David’s,03/24/1970,Grenada,emontiera4@sbwire.com,425-316-1189
Hyman,Thorp,Goraj,03/13/1977,Poland,hthorpa5@ucsd.edu,285-837-5778
Rosalinde,Switland,Dingle,07/02/1966,Philippines,rswitlanda6@sphinn.com,730-514-6861
Tamra,McCarrick,Wangshi,05/23/1971,China,tmccarricka7@google.ca,926-276-5878
Anastasie,Boness,La Soledad,12/01/1978,Mexico,abonessa8@google.it,880-775-2078
Sherri,Girault,Bandar-e Lengeh,06/14/1988,Iran,sgiraulta9@sun.com,648-536-1222
Jocko,Roxburch,Port Said,05/27/1973,Egypt,jroxburchaa@constantcontact.com,909-423-9278
Arline,Marrill,Jiwuwu,04/30/1950,Indonesia,amarrillab@de.vu,349-309-5908
Cordelia,Ovell,Tazouta,09/02/1957,Morocco,covellac@nifty.com,441-734-2295
Marcos,Borit,Naukot,01/24/1974,Pakistan,mboritad@tripod.com,415-864-9574
Erek,Kenyam,Jinxiang,07/15/1968,China,ekenyamae@odnoklassniki.ru,145-683-1530
Terrance,Adolfsen,Fotolívos,02/25/1998,Greece,tadolfsenaf@drupal.org,762-657-8350
Phip,Avrasin,Kankara,07/21/1996,Nigeria,pavrasinag@slashdot.org,291-607-5489
Hersh,Macauley,Santa Cruz De Tenerife,12/21/1990,Spain,hmacauleyah@wikispaces.com,599-263-0612
Sigismundo,Carless,Jeruk,03/16/1993,Indonesia,scarlessai@thetimes.co.uk,562-823-1570
Aldous,Lorinez,Burunday,02/08/1990,Kazakhstan,alorinezaj@hatena.ne.jp,829-119-9993
Leslie,Mattecot,Ndendé,08/11/1958,Gabon,,652-701-6859
Katine,Minnette,Aráchova,07/05/1953,Greece,,884-150-7040
Martyn,Comolli,Golem,02/08/1989,Albania,mcomolliam@tuttocitta.it,408-514-1692
Violet,Cuttelar,Telouet,08/14/1969,Morocco,vcuttelaran@facebook.com,279-943-6611
Kiel,Castagnaro,Smarhon’,04/13/1990,Belarus,kcastagnaroao@webeden.co.uk,829-671-8857
Serena,Gullivan,Phanom Phrai,09/03/1991,Thailand,sgullivanap@nasa.gov,596-972-2336
Rickard,Golsthorp,Xiongzhang,11/10/1979,China,,783-409-6399
Vivyanne,Gillebride,Nankun,06/15/1971,China,vgillebridear@fema.gov,794-424-9944
Enos,Nanni,Kon Dơng,01/16/1991,Vietnam,enannias@netvibes.com,358-793-1823
Tessi,Hattrick,Labruge,06/11/1963,Portugal,,180-244-9635
Enrika,Gowling,Shilovo,05/19/1964,Russia,egowlingau@cdc.gov,301-263-3739
Clarita,Gowrich,,,,cgowrichav@tamu.edu,
Adrienne,Scarsbrooke,,,,ascarsbrookeaw@hud.gov,
Vonnie,Tulloch,Bol,11/06/1964,Chad,vtullochax@pen.io,858-410-9574
Sib,Fewlass,Laojunpo,09/13/1975,China,,584-430-0614
Marie-jeanne,Tremlett,Newark,04/02/1992,United States,mtremlettaz@statcounter.com,302-595-3783
Darryl,Cosins,Luqiao,12/19/1987,China,dcosinsb0@google.com.hk,380-287-0492
Bengt,Rowbottam,Ţūlkarm,06/30/1992,Palestinian Territory,browbottamb1@gizmodo.com,910-317-3888
Faunie,Fyldes,,,,ffyldesb2@msu.edu,
Koren,Elleyne,Terang,10/25/1969,Indonesia,kelleyneb3@mac.com,674-180-9536
Catina,Shackesby,La Plata,09/18/1983,Colombia,,646-445-1960
Vin,Joutapavicius,Bến Cầu,03/12/1962,Vietnam,vjoutapaviciusb5@woothemes.com,275-411-6959
Magdalen,Warton,,,,mwartonb6@miitbeian.gov.cn,
Benn,Rookes,San Bernardo,03/08/1959,Philippines,,538-742-7957
Keelia,Bonnefin,Novaya Tavolzhanka,10/31/1985,Russia,kbonnefinb8@flavors.me,910-352-5558
Karyn,Botterman,Changuillo,09/14/1950,Peru,kbottermanb9@t-online.de,709-174-6586
Judie,Winchcum,Złocieniec,12/24/1994,Poland,jwinchcumba@wordpress.org,624-167-1716
Neddie,Sineath,Buliu,02/08/1977,China,nsineathbb@columbia.edu,627-244-2509
Cathrine,Moore,Strängnäs,12/27/1970,Sweden,cmoorebc@etsy.com,921-578-4126
Alic,Marriner,Hrvatini,07/15/1983,Slovenia,amarrinerbd@bloglines.com,234-194-0164
Basilio,Perl,Chunxi,09/19/1991,China,bperlbe@lycos.com,600-713-2739
Lacee,Tippett,Gressier,07/30/1972,Haiti,ltippettbf@fda.gov,642-539-2930
Berton,McCusker,Tutem,08/20/1970,Indonesia,bmccuskerbg@ox.ac.uk,882-970-5841
Edyth,Benoist,Cañete,03/30/1985,Chile,ebenoistbh@dyndns.org,722-441-2953
Lina,Seares,Santa Helena de Goiás,08/09/1971,Brazil,,619-922-5147
Storm,Bonelle,Kuczbork-Osada,11/12/1968,Poland,sbonellebj@cornell.edu,271-630-4535
Edi,Noseworthy,,,,,
Irwinn,Maving,Kauswagan,01/18/1958,Philippines,imavingbl@ibm.com,703-172-2295
Mathilda,Petchey,Fraile Pintado,07/18/1950,Argentina,mpetcheybm@sakura.ne.jp,829-997-4434
Johanna,Siderfin,Olinda,07/29/1956,Brazil,jsiderfinbn@omniture.com,269-806-3515
Urbanus,Zanioletti,Vila Maior,09/29/1991,Portugal,uzaniolettibo@a8.net,947-268-5619
Ravid,Rugieri,Xingfu,03/24/1952,China,rrugieribp@chicagotribune.com,183-439-1267
Clywd,Seadon,Almirante Tamandaré,06/18/1969,Brazil,cseadonbq@senate.gov,288-117-0634
Shaine,Barrows,Kajaani,04/16/1979,Finland,sbarrowsbr@cnn.com,704-740-7032
Tillie,Werrilow,Zhangting,12/21/1985,China,twerrilowbs@un.org,435-799-0583
Vittoria,Jancik,,,,vjancikbt@businesswire.com,
Collin,Hebditch,Kwekwe,10/08/1986,Zimbabwe,,770-411-7513
Rodrique,Brinsford,Longmen,04/29/1971,China,rbrinsfordbv@newyorker.com,325-911-9202
Olenolin,Pulver,Vallecillo,04/23/1973,Honduras,,665-506-5346
Yankee,Deane,Próchoma,07/04/1977,Greece,ydeanebx@who.int,869-253-5592
Almira,Pendre,Glugur Krajan,11/01/1975,Indonesia,apendreby@over-blog.com,244-602-8850
Alic,Soane,Mets Parni,07/02/1972,Armenia,,452-641-3372
Amata,Oswald,Cuiabá,11/15/1954,Brazil,aoswaldc0@ftc.gov,172-743-2529
Yuma,Ladds,Kolaka,07/01/1965,Indonesia,yladdsc1@boston.com,366-528-0210
Elisabeth,Kick,Bingawan,10/02/1950,Philippines,ekickc2@purevolume.com,107-260-9330
Terri-jo,Kewzick,Petrolina,04/24/1969,Brazil,tkewzickc3@yelp.com,381-316-4808
Jodee,Musk,Arai,09/27/1978,Japan,,309-836-7870
Melinde,Linley,Obninsk,01/25/1995,Russia,mlinleyc5@mysql.com,524-684-6409
Dickie,Watford,Būrabay,03/08/1966,Kazakhstan,dwatfordc6@shareasale.com,921-735-0097
Ammamaria,Gwyer,Hwangju-ŭp,02/24/1986,North Korea,agwyerc7@skype.com,468-967-1510
Tito,Channing,Kebonagung,05/06/1986,Indonesia,,603-416-4345
Kermy,Tattershall,Bagikkedok Lauk,05/17/1998,Indonesia,ktattershallc9@howstuffworks.com,111-226-0448
Sauveur,Wynrahame,Tsagaan-Olom,10/05/1950,Mongolia,swynrahameca@google.fr,573-323-4947
Laural,Rickword,Ngromo,01/21/1998,Indonesia,lrickwordcb@intel.com,269-784-4292
Tildie,Hillen,,,,thillencc@washingtonpost.com,
Hubey,Dourin,Turt,02/09/1991,Mongolia,,690-311-2774
Cyrillus,Cleminson,Zaragoza,11/23/1981,Spain,ccleminsonce@youtube.com,573-408-6040
Sukey,Olenichev,Bokhan,02/28/1999,Russia,solenichevcf@odnoklassniki.ru,478-855-0628
Ros,Treleaven,Budziszewice,10/05/1990,Poland,rtreleavencg@ox.ac.uk,356-191-0689
Cooper,Cumbes,Cibolang,11/08/1967,Indonesia,ccumbesch@purevolume.com,393-594-8571
Tabbatha,Hoodspeth,Douala,09/30/1974,Cameroon,,310-138-4870
Doroteya,Yersin,Talalora,11/22/1994,Philippines,,245-531-8039
Lorna,Sisse,Kefar Tavor,08/17/1997,Israel,lsisseck@webmd.com,983-348-1935
Jorge,Tomaello,Zombo,06/29/1981,Uganda,jtomaellocl@sciencedaily.com,914-468-1368
Jim,Emeline,Nestório,08/16/1954,Greece,jemelinecm@goodreads.com,681-537-3111
Jaynell,Ambrois,Seleuš,08/20/1995,Serbia,jambroiscn@reddit.com,957-208-4158
Dorian,Cottom,Idhnā,05/16/1978,Palestinian Territory,dcottomco@domainmarket.com,177-649-8916
Artie,Gors,Xinpu,09/28/1956,China,agorscp@jiathis.com,338-660-1218
Stephannie,Kleiser,Luzhang,06/27/1982,China,skleisercq@narod.ru,188-493-9442
Nataline,Hadaway,Štore,12/23/1969,Slovenia,nhadawaycr@prweb.com,655-806-8487
Royal,Tellenbach,North Shore,07/24/1971,New Zealand,,238-423-2826
Evvy,Larner,Santa Elena,04/26/1972,Mexico,elarnerct@elegantthemes.com,222-935-2245
Eben,Querrard,Liufeng,02/25/1988,China,equerrardcu@tripod.com,983-447-4837
Samuel,Hunter,Sundbyberg,01/08/1950,Sweden,,247-133-2645
Julie,Hackwell,Tempe,02/11/1989,United States,jhackwellcw@nba.com,480-171-5942
Herc,Bagnell,Moosomin,01/12/1953,Canada,hbagnellcx@youtu.be,917-711-7231
Sandor,Spours,Enewetak,06/11/1955,Marshall Islands,sspourscy@tumblr.com,231-751-2243
Lexine,Melby,,,,lmelbycz@woothemes.com,
Fredrick,Bootyman,Gaplokan,10/19/1967,Indonesia,fbootymand0@liveinternet.ru,583-495-0458
Skelly,Bushell,Cartagena,01/30/1978,Spain,sbushelld1@feedburner.com,869-406-8233
Gilbertine,Pashbee,Kan’onjichō,06/20/1962,Japan,gpashbeed2@phpbb.com,421-772-5579
Jory,Petrescu,Rosignol,04/25/1978,Guyana,jpetrescud3@ebay.com,135-766-1769
Adorne,Spendley,Chinchero,09/19/1979,Peru,,898-527-6062
Reeba,Bendell,Wąpielsk,11/29/1985,Poland,rbendelld5@reddit.com,410-481-7000
Ingrim,Harriott,Grenoble,04/02/1998,France,iharriottd6@gravatar.com,447-514-3481
Caritta,Cokayne,Pehčevo,12/21/1989,Macedonia,ccokayned7@blogger.com,591-117-6288
Aeriel,Jephcott,Talawakele,08/23/1991,Sri Lanka,ajephcottd8@ed.gov,183-324-4615
Ivy,Bamforth,Düsseldorf,06/05/1967,Germany,,908-484-7226
Monica,Ramalho,Sosnytsya,12/19/1980,Ukraine,,830-517-7054
Iago,Stanbrooke,Davao,05/06/1979,Philippines,istanbrookedb@geocities.com,281-899-2061
Ondrea,Glanester,Matnah,07/30/1970,Yemen,oglanesterdc@sitemeter.com,950-431-5279
Flemming,Babbe,Zhangjiayuan,09/26/1961,China,fbabbedd@java.com,356-189-1597
Felicle,Dekeyser,Digne-les-Bains,12/26/1964,France,,629-270-4439
Kelley,Rassell,Ljubno ob Savinji,02/06/1959,Slovenia,krasselldf@bravesites.com,563-892-0393
Theodoric,Houliston,Shyroke,10/04/1985,Ukraine,,418-146-0557
Erminie,Gilleon,Jingdu,06/15/1983,China,egilleondh@clickbank.net,706-813-2892
Ellerey,Bracher,Alasmalang,04/04/1992,Indonesia,ebracherdi@ibm.com,165-291-7867
Gale,Ambrosoni,Łobodno,12/10/1977,Poland,gambrosonidj@techcrunch.com,819-885-5348
Barbee,Brittain,Winong,12/31/1955,Indonesia,bbrittaindk@hao123.com,869-921-5940
Creighton,Grist,Kota Kinabalu,07/04/1956,Malaysia,,268-806-1602
Garvin,Harce,Jalpatagua,09/25/1982,Guatemala,gharcedm@aboutads.info,480-519-9239
Gregory,Cashford,Lijia,01/28/1986,China,gcashforddn@studiopress.com,566-894-1916
Arther,Berthe,Lindian,11/15/1999,China,aberthedo@irs.gov,577-136-4537
Elvyn,Seacroft,,,,eseacroftdp@irs.gov,
Lois,Teml,Jos,06/18/1970,Nigeria,ltemldq@feedburner.com,132-575-5940
Charmion,Sproat,Timbuktu,06/02/1957,Mali,csproatdr@goo.gl,274-605-0521
Farra,MacMurray,Selmes,11/10/1962,Portugal,fmacmurrayds@ucsd.edu,329-165-6530
Nikki,Herreros,Kansas City,06/17/1990,United States,nherrerosdt@oracle.com,913-732-0848
Myrtle,McKinless,Muting,01/28/1980,Indonesia,mmckinlessdu@marriott.com,260-821-6956
Arman,Piggford,Umeå,07/13/1951,Sweden,,638-586-3152
Blanca,Allflatt,Littleton,05/16/1988,United States,ballflattdw@paginegialle.it,720-296-4655
Janean,Tomaini,Montluel,08/10/1994,France,,528-735-8801
Sean,Bew,Gulod,02/12/1999,Philippines,sbewdy@dedecms.com,805-631-7597
Vinita,Gathwaite,,,,vgathwaitedz@storify.com,
Allix,Casaccio,Eskilstuna,07/26/1982,Sweden,,995-872-3012
Beaufort,Weekly,,,,,
Filip,Jina,Antofagasta,11/18/1970,Chile,fjinae2@nydailynews.com,151-856-0993
Drucill,Balaisot,Huangbayi,05/27/1952,China,dbalaisote3@dot.gov,292-642-0230
Oswald,Falshaw,Rio Grande,04/28/1986,Brazil,ofalshawe4@mayoclinic.com,178-884-4679
Carmel,Broadstock,Belo Blato,09/08/1967,Serbia,,384-223-3438
Garvy,Bonnette,Bhakkar,03/25/1975,Pakistan,gbonnettee6@163.com,337-717-2879
Mag,Galpin,Pandan Niog,06/26/1983,Philippines,,584-786-5697
Shelley,Meake,Hässleholm,07/18/1999,Sweden,smeakee8@netscape.com,894-425-0230
Alphard,Campos,,,,acampose9@oaic.gov.au,
Arvie,McCarroll,Catache,08/15/1993,Peru,amccarrollea@sphinn.com,783-883-2254
Maxy,Vecard,Guayabetal,06/04/1979,Colombia,mvecardeb@digg.com,137-992-6342
Von,Paz,Kajiado,10/31/1964,Kenya,vpazec@qq.com,492-499-3155
Annice,Ravenshear,Canis,01/01/1958,Peru,,973-154-2150
Sashenka,Sharman,,,,ssharmanee@ow.ly,
Christye,Mushett,Thị Trấn Lâm,08/02/1983,Vietnam,cmushettef@statcounter.com,371-426-9653
Alfy,Bau,Laval,03/08/1996,France,,504-436-1185
Magdalene,Barwack,Shuanglong,04/30/1952,China,mbarwackeh@shutterfly.com,701-403-6860
Elsey,Boow,Dallas,06/23/1996,United States,eboowei@ovh.net,214-785-9502
Ashbey,Anstie,Muye,01/15/1950,China,,735-750-2818
Joyann,Satcher,Santa Fe,11/05/1968,Philippines,,357-965-5675
Alyce,Minett,Fengshan,10/30/1967,China,aminettel@nifty.com,709-148-4648
Adrianna,Paton,Abade de Neiva,07/01/1969,Portugal,,362-148-5098
Danell,Snelle,Kościelec,03/10/1953,Poland,dsnelleen@ft.com,219-499-2632
Faith,Tofanelli,Lingsar,12/05/1967,Indonesia,,173-706-2900
Wyn,Fraczak,Kimje,03/14/1972,South Korea,wfraczakep@si.edu,392-607-2707
Irene,Mattecot,Qiqin,08/03/1980,China,imattecoteq@intel.com,797-808-2291
Amery,Kloser,Huancheng,03/13/1991,China,akloserer@google.co.jp,568-208-9196
Tomkin,Cromb,Kongtian,08/09/1954,China,tcrombes@cyberchimps.com,207-227-4636
Nikoletta,Le Marquand,Kengkou,04/02/1982,China,nlemarquandet@amazon.co.jp,394-301-7518
Ximenes,Hengoed,Gangtun,11/14/1992,China,xhengoedeu@xrea.com,149-216-8636
Milena,Littledyke,Nerópolis,04/24/1983,Brazil,mlittledykeev@icio.us,490-927-8836
Ferdy,Lomas,Qozonketkan,01/25/1951,Uzbekistan,,569-868-7469
Katusha,Shrubshall,Kirove,09/27/1977,Ukraine,kshrubshallex@live.com,279-369-9220
Shandee,Dammarell,Farah,11/28/1984,Afghanistan,sdammarelley@samsung.com,385-131-0031
Caresa,Freund,Qiandong,06/26/1988,China,cfreundez@toplist.cz,219-413-0361
Jarad,Haw,Zhenxing,01/31/1951,China,jhawf0@seattletimes.com,159-923-6310
Brook,Dilawey,Tulsa,06/28/1987,United States,,918-815-5716
Mia,Kybird,Kikinda,05/05/1998,Serbia,mkybirdf2@google.nl,450-504-7221
Heddie,Gipp,Sumberan,04/24/1983,Indonesia,,923-131-4773
Andeee,Sollis,Citarik,08/24/1979,Indonesia,asollisf4@privacy.gov.au,294-488-6160
Shandy,Richard,Ageoshimo,05/18/1960,Japan,srichardf5@princeton.edu,100-690-3662
Arnoldo,Easson,Ciburial,05/22/1972,Indonesia,aeassonf6@yellowbook.com,985-583-3211
Mike,Batchelor,Grojec,12/27/1972,Poland,mbatchelorf7@about.me,479-770-6534
Nariko,Tunkin,Terenozek,09/15/1989,Kazakhstan,ntunkinf8@msn.com,282-511-1669
Michel,Hillett,Valle de Ángeles,04/15/1981,Honduras,mhillettf9@baidu.com,882-330-5216
Rebeca,Lemmanbie,Plakhtiyivka,08/11/1953,Ukraine,rlemmanbiefa@unc.edu,853-343-8266
Ellynn,Baugham,Turgenevo,12/18/1957,Russia,ebaughamfb@skyrock.com,443-841-0688
Meghan,Nuth,,,,mnuthfc@wikimedia.org,
Bartolomeo,Kalisch,Soure,07/21/1950,Brazil,,284-822-7957
Amye,Falck,Tirmiz,07/04/1983,Uzbekistan,afalckfe@nymag.com,430-579-4083
Dulsea,Nash,Féres,04/30/1973,Greece,,227-940-5728
Dianne,McGerraghty,Ozalj,02/23/1984,Croatia,dmcgerraghtyfg@barnesandnoble.com,209-440-8997
Syd,Mattei,Manique de Baixo,04/14/1958,Portugal,,599-825-3240
Elene,Branthwaite,Tyresö,10/28/1971,Sweden,ebranthwaitefi@feedburner.com,608-137-5248
Kalindi,Jacquemy,Sanyantang,08/04/1953,China,kjacquemyfj@merriam-webster.com,275-473-4528
Matty,Pargetter,Berëzovskiy,08/12/1953,Russia,,535-791-0173
Claresta,Heinrich,Alto do Estanqueiro,09/10/1957,Portugal,cheinrichfl@trellian.com,299-730-4216
Darcy,Thunnerclef,,,,dthunnercleffm@kickstarter.com,
Carmine,Biddy,Antequera,04/28/1951,Paraguay,cbiddyfn@about.com,922-323-7365
Wynn,Kenwood,Lete,01/07/1973,Indonesia,wkenwoodfo@hibu.com,985-153-9248
Ede,Curnnokk,Itaqui,01/24/1974,Brazil,ecurnnokkfp@noaa.gov,430-244-0905
Gibby,Ilsley,Santiago Nonualco,05/19/1977,El Salvador,gilsleyfq@dagondesign.com,267-984-1491
Isa,Strass,Umeå,06/19/1975,Sweden,istrassfr@opera.com,925-588-6885
Xena,Sommerlie,Velika Kladuša,06/18/1978,Bosnia and Herzegovina,xsommerliefs@mayoclinic.com,592-428-5492
Bird,Mewitt,Hamhŭng,03/13/1951,North Korea,bmewittft@usa.gov,525-978-2853
Jeanie,Riddlesden,Araras,03/17/1999,Brazil,,516-445-2183
Shanda,Goozee,Dingbao,06/03/1964,China,sgoozeefv@sitemeter.com,244-705-8450
Thornie,Maydwell,Kemlya,10/31/1989,Russia,tmaydwellfw@hexun.com,378-972-6534
Ag,Minnette,Xarsingma,11/27/1972,China,aminnettefx@netlog.com,529-439-7317
Reggie,Priest,Dembeni,07/13/1957,Mayotte,,134-915-1318
Linzy,Labrenz,Chełmiec,09/20/1972,Poland,llabrenzfz@baidu.com,247-780-2028
Gradey,Bogie,Oekero,05/24/1981,Indonesia,gbogieg0@wired.com,625-527-4122
Marcie,Ormshaw,Moca,09/09/1984,Dominican Republic,mormshawg1@sbwire.com,443-234-5393
Lanny,Morson,Bantarmangu,11/08/1974,Indonesia,lmorsong2@usa.gov,416-297-5840
Irvin,Deller,Xamtay,02/21/1999,Laos,idellerg3@ihg.com,105-140-7599
Jed,Spowart,Corbeil-Essonnes,02/11/1988,France,jspowartg4@mashable.com,760-647-5594
Simon,Lavigne,Santiago dos Velhos,03/23/1997,Portugal,,726-474-9133
Fletcher,Glason,Purwodadi,11/16/1967,Indonesia,fglasong6@addtoany.com,178-666-6200
Karleen,Bann,Imari,04/08/1962,Japan,kbanng7@senate.gov,869-454-8609
Nani,Bosson,Siaton,07/23/1974,Philippines,nbossong8@nifty.com,621-520-4722
Katlin,Cullity,Pangu,10/30/1983,China,kcullityg9@1688.com,353-117-9101
Dona,Toland,Skalat,07/17/1984,Ukraine,dtolandga@fotki.com,187-347-9542
Gerhardine,Langrick,Mo I Rana,04/17/1964,Norway,glangrickgb@elegantthemes.com,577-333-8422
Susan,Kermannes,Binzhou,02/09/1960,China,,999-349-9658
Ham,Gossipin,Azeitão,04/28/1991,Portugal,hgossipingd@about.me,465-111-1203
Burch,Guillet,Shaxi,01/22/1998,China,bguilletge@fc2.com,622-129-3896
Nobe,Pfeffel,Gaojingzhuang,06/02/1961,China,npfeffelgf@discuz.net,928-548-2805
Rebecca,Fierro,Paris 15,01/01/1966,France,rfierrogg@ibm.com,884-702-8427
Griffith,Runcieman,,,,grunciemangh@archive.org,
Helaine,Carson,Xinxing,02/04/1976,China,,815-497-3413
Gale,Crimp,Bhiria,04/29/1981,Pakistan,gcrimpgj@meetup.com,796-652-6102
Sybil,Ortiga,,,,sortigagk@facebook.com,
Sabine,McNally,Jeziorany,05/18/1973,Poland,smcnallygl@si.edu,157-481-2805
Anett,McPaike,Comalapa,11/07/1993,Nicaragua,amcpaikegm@weather.com,105-536-2162
Brittne,Chippindale,Pantaibesar,12/23/1994,Indonesia,bchippindalegn@samsung.com,394-483-0725
Genevra,Mattock,Dalakovo,01/24/1962,Russia,gmattockgo@discuz.net,233-667-2989
Averill,Lecointe,Nglorogan,07/03/1985,Indonesia,alecointegp@senate.gov,208-829-6899
Giacinta,Bassam,Tianzhou,09/03/1973,China,gbassamgq@nymag.com,377-560-9941
Ruttger,Mccaull,Gagarawa,10/09/1956,Nigeria,rmccaullgr@wufoo.com,633-624-5336
Gideon,Alves,Ereencav,06/20/1971,Mongolia,galvesgs@amazon.co.jp,732-507-4164
Kipp,Ridgley,Xuân Trường,07/22/1977,Vietnam,kridgleygt@engadget.com,583-839-1561
Leila,Morffew,Fenglin,12/02/1991,China,lmorffewgu@seattletimes.com,811-854-4565
Barnie,Hirjak,Karamat,09/13/1997,Indonesia,bhirjakgv@purevolume.com,767-412-2406
Collete,Boothman,Palaiseau,10/30/1960,France,cboothmangw@hibu.com,388-818-6824
Broderic,Bouch,Martinlongo,10/29/1970,Portugal,bbouchgx@nifty.com,341-664-7759
Elisabet,McGrayle,Narva,01/02/1953,Estonia,emcgraylegy@wp.com,289-416-5338
Winslow,Raisbeck,Dengmingsi,08/14/1984,China,wraisbeckgz@cam.ac.uk,159-128-0134
Ros,Dorbon,Providencia,01/10/1971,Colombia,rdorbonh0@usda.gov,937-619-4514
Loralee,Skirving,P’rimorsk’oe,12/23/1959,Georgia,lskirvingh1@vkontakte.ru,753-768-6829
Hoyt,Basant,Sadang Kulon,02/28/1982,Indonesia,,916-283-0690
Findley,Spavon,Stuttgart,01/30/1969,Germany,fspavonh3@bandcamp.com,700-733-3969
Madge,Chicken,Matarraque,07/15/1995,Portugal,,225-740-4806
Maximilien,Berrow,Lincheng,11/23/1988,China,mberrowh5@nps.gov,281-240-3501
Daphene,Dolligon,Jenggawah,11/05/1972,Indonesia,ddolligonh6@forbes.com,761-438-5515
Fallon,O'Kennavain,Sugiharjo,03/30/1999,Indonesia,,298-727-9028
Dyanne,Carvil,La Condamine,05/31/1997,Monaco,dcarvilh8@spiegel.de,752-663-8016
Dalia,Formoy,Cerro Blanco,10/25/1969,Honduras,dformoyh9@istockphoto.com,379-489-5191
Webb,Burker,Limoges,11/10/1973,France,wburkerha@hhs.gov,582-443-1343
Faber,Baxstare,Tatou,08/30/1984,China,fbaxstarehb@chron.com,162-178-3494
Bibbye,Shepherdson,Araras,10/07/1988,Brazil,bshepherdsonhc@redcross.org,612-596-7515
Giacomo,Giannini,Santo Antônio de Jesus,06/07/1972,Brazil,ggianninihd@wufoo.com,382-892-5377
Bastien,Dudenie,Vyritsa,02/14/1981,Russia,bdudeniehe@umich.edu,514-444-2050
Tyson,Mayler,Dom Pedrito,07/28/1970,Brazil,tmaylerhf@admin.ch,586-301-7223
Vlad,Kemmey,Kanye,07/02/1952,Botswana,vkemmeyhg@wisc.edu,647-928-9343
Theodor,Catterson,Ajoyani,06/13/1979,Peru,,871-616-6193
Trisha,MacAlees,Velké Karlovice,04/30/1971,Czech Republic,tmacaleeshi@deviantart.com,816-398-4955
Frederica,Casetta,Rana,10/31/1972,Portugal,fcasettahj@posterous.com,970-232-6335
Denni,Mc Mechan,Dingyan,05/13/1963,China,dmcmechanhk@ca.gov,397-723-4236
Vincenty,Wadley,Tarutung,08/19/1993,Indonesia,vwadleyhl@europa.eu,655-958-5095
Kerrin,Quinsee,Lennec,04/28/1995,Philippines,kquinseehm@google.cn,810-231-6236
Catlaina,Labon,Křenovice,08/17/1956,Czech Republic,clabonhn@weebly.com,827-322-9635
Janelle,Ducker,Zaragoza,05/20/1978,Spain,jduckerho@yelp.com,284-845-4714
Vassily,Pinckstone,Seshcha,03/14/1972,Russia,vpinckstonehp@tinypic.com,907-225-7240
Elle,oldey,Montecristi,11/11/1969,Ecuador,,434-301-4599
Corrina,Gillison,Ilići,02/23/1994,Bosnia and Herzegovina,cgillisonhr@dot.gov,842-976-6485
Kimberly,Blodg,Baqiu,04/19/1984,China,kblodghs@dot.gov,840-881-8999
Marrilee,Woodyer,Humniska,09/21/1961,Poland,mwoodyerht@apache.org,425-707-5093
Mellie,Stuttman,Fezna,09/07/1954,Morocco,mstuttmanhu@ow.ly,895-318-9898
Gideon,Backshaw,Glatik,12/05/1989,Indonesia,gbackshawhv@icq.com,692-582-0007
Rivkah,Francois,Krajan Gebangan,12/05/1950,Indonesia,rfrancoishw@aol.com,668-605-9346
Alma,Seabrocke,Washington,10/11/1986,United States,aseabrockehx@technorati.com,202-992-6835
Aggy,Vasic,Erátyra,02/12/1966,Greece,avasichy@macromedia.com,530-843-2538
Colleen,Zima,Sukarama,08/17/1951,Indonesia,czimahz@narod.ru,139-508-4325
Kelbee,Hulse,La Laguna,01/10/1952,Mexico,khulsei0@google.com.br,741-395-1584
Addie,Jorn,Manglid,07/02/1980,Indonesia,ajorni1@privacy.gov.au,505-697-2381
Brooks,Syms,San Antonio,04/12/1951,Philippines,bsymsi2@sciencedirect.com,540-197-7135
Dorothee,Kemetz,Vodnjan,05/25/1962,Croatia,dkemetzi3@artisteer.com,812-698-8881
Thedrick,Osgorby,,,,,
Jo,Trehearne,Tipolo,10/26/1959,Philippines,jtrehearnei5@hao123.com,682-641-6203
Esther,Rowan,Pingzhuang,08/03/1978,China,,569-969-2128
Nick,Jaqueme,Hartford,04/16/1995,United States,njaquemei7@independent.co.uk,860-399-7854
Nikkie,Orneblow,Sidi Redouane,02/17/1969,Morocco,norneblowi8@blogger.com,835-921-4750
Madonna,Sloey,Mastung,12/24/1964,Pakistan,msloeyi9@unc.edu,698-200-3560
Jedediah,Baroc,Jieguanting,10/13/1969,China,jbarocia@about.me,372-457-8506
Mercie,Tschierasche,Jibu,10/16/1962,China,mtschierascheib@webeden.co.uk,245-247-9812
Schuyler,Budgeon,Jovim,06/15/1981,Portugal,sbudgeonic@wsj.com,483-287-3393
Averill,Scimonelli,Tríkala,10/09/1980,Greece,ascimonelliid@tuttocitta.it,657-347-7648
Coleen,Pree,El Crucero,09/30/1993,Nicaragua,cpreeie@techcrunch.com,793-904-4436
Mareah,Lehrer,Isanlu Itedoijowa,11/23/1995,Nigeria,mlehrerif@google.ru,668-378-6187
Benetta,Dudeney,Mombetsu,12/14/1960,Japan,bdudeneyig@sphinn.com,568-337-0744
Armand,Shemmin,Boca Chica,11/08/1958,Dominican Republic,ashemminih@economist.com,651-885-4952
Torrence,Greening,Iturama,09/01/1951,Brazil,tgreeningii@is.gd,435-222-3676
Sabrina,Biggar,Rio Formoso,11/21/1965,Brazil,sbiggarij@howstuffworks.com,225-873-9028
Hagen,Jameson,Novo,08/07/1996,Portugal,hjamesonik@alibaba.com,286-763-8245
Terese,Tunkin,Longos,06/30/1973,Philippines,ttunkinil@typepad.com,798-814-9841
Korry,Feore,Tournai,02/13/1973,Belgium,kfeoreim@phpbb.com,270-351-4732
Cindee,Ragdale,Weekombaka,07/11/1997,Indonesia,cragdalein@dell.com,541-733-6080
Annabell,Berkely,Thủ Thừa,12/08/1997,Vietnam,,464-682-5964
Bonnee,Kiefer,Bodø,10/06/1989,Norway,bkieferip@rakuten.co.jp,333-628-4633
Rhodia,Percifull,Zborište,08/25/1985,Bosnia and Herzegovina,,630-115-1427
Juliet,Lister,Bitung,01/02/1995,Indonesia,jlisterir@engadget.com,494-605-1677
Antoinette,Viger,Mtimbira,01/30/1995,Tanzania,avigeris@csmonitor.com,213-601-4733
Merrill,Whittier,Pinamalayan,03/30/1978,Philippines,mwhittierit@sciencedaily.com,836-964-3489
Fiona,Lovstrom,Baranoa,01/26/1955,Colombia,flovstromiu@nsw.gov.au,814-284-8754
Kalinda,Baseley,Vannes,08/17/1985,France,kbaseleyiv@woothemes.com,704-180-2475
Errick,McGloughlin,Xishaqiao,05/10/1972,China,,153-676-0382
Lorene,Foyle,Września,04/10/1986,Poland,,758-912-4975
Jasmina,Ruhben,,,,jruhbeniy@live.com,
Gretal,Elies,Saint-Quentin-en-Yvelines,08/02/1985,France,geliesiz@nih.gov,504-436-0268
Layton,Boatman,Donggu,11/21/1953,China,lboatmanj0@webmd.com,447-351-2578
Rhianna,Sparling,Zhongzhai,05/02/1995,China,rsparlingj1@unc.edu,645-303-5232
Richmond,Barizeret,Barurao,10/14/1959,Philippines,,854-961-2524
Alvin,Buckthorp,Xinjiezi,07/03/1970,China,abuckthorpj3@t-online.de,764-245-9061
Olly,Seary,,,,osearyj4@japanpost.jp,
Trina,McGeachie,Palikir - National Government Center,06/16/1985,Micronesia,tmcgeachiej5@wikispaces.com,473-287-5608
Towny,Mattingley,Itapipoca,01/10/1994,Brazil,tmattingleyj6@cnn.com,761-693-1567
Bond,McGeneay,Tours,11/15/1969,France,bmcgeneayj7@dailymail.co.uk,697-806-5593
Nissie,Bondesen,Bartošovice,07/27/1994,Czech Republic,nbondesenj8@boston.com,166-976-6847
Rodrigo,Dumbellow,Garoua,03/06/1992,Cameroon,rdumbellowj9@geocities.jp,699-806-6564
Julina,Syde,Nasielsk,05/06/1991,Poland,jsydeja@netscape.com,333-512-5259
Jenifer,Phelipeaux,Cabo,08/21/1978,Brazil,,113-371-9126
Christabella,D'Alesio,Izborsk,05/06/1959,Russia,cdalesiojc@live.com,267-785-4476
Fayth,Gut,Gaotuan,05/12/1954,China,fgutjd@princeton.edu,160-618-3490
Maritsa,Faircliff,Guanshan,10/11/1962,China,mfaircliffje@netscape.com,255-373-1112
Beau,Eales,Fada,05/02/1962,Chad,bealesjf@unesco.org,538-128-2896
Rurik,Heersma,Binglincha,10/29/1984,China,rheersmajg@bigcartel.com,874-134-0017
Leland,Kubista,Bitica,04/17/1980,Equatorial Guinea,lkubistajh@rambler.ru,515-503-0443
Neysa,Noot,Boulogne-Billancourt,11/08/1995,France,,790-684-4601
Ellsworth,Ammer,Machang,07/31/1962,China,eammerjj@ihg.com,786-252-0440
Dorolice,Berge,Bealanana,11/17/1994,Madagascar,,123-329-1929
Davey,Donizeau,Ḩalāwah,11/07/1959,Jordan,ddonizeaujl@icio.us,731-778-2986
Case,Spacie,Şaqānis,03/16/1966,Tunisia,cspaciejm@guardian.co.uk,791-952-6385
Salvidor,Scrafton,Kerrouchen,03/19/1951,Morocco,sscraftonjn@about.com,869-931-7377
Hilario,Seeney,Palencia,05/10/1979,Spain,hseeneyjo@google.com.au,573-165-8925
Rosa,Muzzollo,Shuangqiaoping,06/17/1956,China,rmuzzollojp@mayoclinic.com,248-259-1862
Jori,Rogier,Joaquín V. González,11/03/1967,Argentina,jrogierjq@merriam-webster.com,989-108-2415
Savina,Toffolini,Bagumbayan,03/06/1991,Philippines,stoffolinijr@blog.com,929-730-3651
Kimble,Garbott,Sadahayu,11/27/1986,Indonesia,kgarbottjs@printfriendly.com,174-349-4744
Pippa,Bremner,Kelapa,03/13/1951,Indonesia,pbremnerjt@123-reg.co.uk,148-161-9830
Emmit,Toplis,Przemyśl,12/07/1980,Poland,etoplisju@wikia.com,472-216-4684
John,Francey,Baturaden,05/07/1979,Indonesia,jfranceyjv@angelfire.com,449-242-0934
Zedekiah,Allsobrook,Gaoliban,09/23/1952,China,zallsobrookjw@rambler.ru,689-643-1682
Francene,Schoenleiter,Gazimurskiy Zavod,11/03/1969,Russia,fschoenleiterjx@amazon.co.jp,246-239-7652
Joel,Wasielewicz,,,,jwasielewiczjy@php.net,
Raynell,McDonogh,Mulhouse,06/21/1971,France,rmcdonoghjz@i2i.jp,897-153-3635
Hogan,Auckland,Santa Magdalena,08/13/1983,Philippines,haucklandk0@godaddy.com,669-216-3615
Clem,Rickwood,Badou,08/02/1998,Togo,crickwoodk1@zdnet.com,720-170-1334
Guenevere,Gallant,Diavatós,11/02/1998,Greece,ggallantk2@ocn.ne.jp,645-122-0167
Zorine,Trahear,Heilbronn,01/08/1980,Germany,ztraheark3@census.gov,780-693-4572
Leonidas,Koppelmann,Mamboma,08/01/1969,Sierra Leone,lkoppelmannk4@macromedia.com,627-263-8212
Maurizia,Hendrichs,Atlantis,10/23/1956,South Africa,mhendrichsk5@newyorker.com,143-231-8321
Rupert,Crocket,,,,rcrocketk6@adobe.com,
Rania,Beszant,Mueang Nonthaburi,10/04/1954,Thailand,,916-889-0935
Saree,Mitcheson,Křenovice,01/18/1978,Czech Republic,,862-710-5832
Peri,Carwithan,Ishikawa,06/09/1997,Japan,pcarwithank9@soundcloud.com,611-416-9898
Kleon,Blucher,Una,12/08/1986,Brazil,kblucherka@rambler.ru,817-458-5791
Honey,Gration,,,,hgrationkb@altervista.org,
Meghan,Elkin,Río Tercero,02/24/1967,Argentina,melkinkc@loc.gov,327-908-5541
Kasper,Provest,Wanfang,03/23/1951,China,kprovestkd@prlog.org,478-345-5755
Abram,Goodsir,Nossebro,12/25/1976,Sweden,agoodsirke@devhub.com,155-119-2324
Milt,Lambricht,Nanterre,12/15/1986,France,mlambrichtkf@independent.co.uk,620-902-5255
Aguste,Saunper,Pasirreungit,11/12/1979,Indonesia,asaunperkg@reference.com,867-391-1537
Meyer,Dahill,Padaran,11/10/1963,Indonesia,mdahillkh@technorati.com,394-233-6122
Cleo,Deeman,Cerrillos,04/18/1950,Argentina,cdeemanki@nyu.edu,762-285-5159
Thacher,Stilliard,Fatukanutu,12/13/1973,Indonesia,tstilliardkj@angelfire.com,725-793-1220
Christabel,Vardie,El Jem,08/11/1954,Tunisia,cvardiekk@foxnews.com,444-303-2813
Sara-ann,Wholesworth,Itu,07/16/1985,Brazil,swholesworthkl@technorati.com,956-313-6387
Randie,Foran,Banjar Laing,05/30/1955,Indonesia,rforankm@mail.ru,259-568-3678
Ricki,Gregersen,Żelistrzewo,01/08/1965,Poland,rgregersenkn@ucoz.com,511-784-4672
Brady,Springthorpe,Krapina,08/11/1983,Croatia,bspringthorpeko@4shared.com,659-832-7171
Keir,Keemar,Puqi,07/21/1975,China,kkeemarkp@google.nl,894-132-4504
Amye,Amar,,,,aamarkq@alexa.com,
Vonni,Davidge,Mabu,07/06/1974,China,vdavidgekr@reuters.com,226-167-1842
Evey,Maben,Baler Baleagung,06/10/1975,Indonesia,emabenks@senate.gov,276-924-8862
Ryon,Minogue,Phùng,08/17/1995,Vietnam,rminoguekt@unblog.fr,158-380-0780
Linzy,MacDunleavy,,,,lmacdunleavyku@histats.com,
Olivette,Matusiak,Kagawasan,11/11/1974,Philippines,omatusiakkv@hc360.com,314-553-4601
Amabelle,Keddy,Mariestad,11/26/1961,Sweden,akeddykw@youtube.com,569-789-9717
Trula,Ogers,Majiang,02/25/1982,China,togerskx@yelp.com,397-316-1583
Berry,Melburg,,,,bmelburgky@jigsy.com,
Artus,Brizell,Petrovskaya,03/07/1955,Russia,,409-699-7934
Israel,Sharpe,Cambebba,01/22/1974,Brazil,isharpel0@elpais.com,559-920-6933
Dalli,Cakes,Citampian,11/07/1969,Indonesia,dcakesl1@nih.gov,652-965-0409
Reagen,Elan,Pangian,09/21/1951,Philippines,relanl2@constantcontact.com,145-144-2119
Randy,Rizzetti,Langpas,11/16/1963,Philippines,rrizzettil3@msn.com,921-432-1807
Nikolia,Whyley,Richmond,12/25/1954,United States,nwhyleyl4@zdnet.com,510-681-0171
Margeaux,Bortolomei,Nong Chik,01/17/1977,Thailand,,526-604-0629
Rickie,Mullord,Plátanos,01/06/1955,Greece,,991-238-6353
Carmina,Folliss,Mýto,10/13/1982,Czech Republic,cfollissl7@infoseek.co.jp,586-424-5540
Dorena,Fasson,Paris 17,01/25/1953,France,,916-615-3370
Brandais,Ludman,,,,bludmanl9@cornell.edu,
Deny,Lempertz,,,,dlempertzla@statcounter.com,
Nannie,Cassedy,Mbocayaty,07/11/1950,Paraguay,ncassedylb@mozilla.org,278-264-0262
Mendy,Gauson,Klatakan,12/03/1952,Indonesia,mgausonlc@t-online.de,851-934-8218
Sherwood,Crudginton,Bungabon,07/14/1978,Philippines,scrudgintonld@salon.com,751-325-9145
Jacintha,Mallall,Miami Beach,03/06/1999,United States,jmallallle@weather.com,305-247-2707
Evie,Meltetal,Klek,04/08/1974,Serbia,emeltetallf@php.net,250-653-8711
Izzy,Thrustle,Chrysoúpolis,08/18/1992,Greece,ithrustlelg@cdbaby.com,624-789-4196
Ronica,Orable,Katrineholm,10/02/1987,Sweden,,746-595-9064
Andros,Saxby,Rato,12/02/1966,Indonesia,,928-993-1544
Christian,Crowcum,Sobeok,10/25/1956,Indonesia,ccrowcumlj@opera.com,521-944-2290
Maddie,Plevin,Headlands,11/14/1975,Zimbabwe,mplevinlk@google.es,333-546-8703
Logan,Rhubottom,Ogden,11/12/1992,United States,lrhubottomll@marriott.com,801-500-4239
Kylynn,Badger,Bringinanom,11/01/1988,Indonesia,kbadgerlm@barnesandnoble.com,110-243-2151
Kassie,Cockrell,Wolfsberg,02/29/1952,Austria,kcockrellln@shop-pro.jp,634-180-7329
Maridel,Cannop,Changping,05/17/1955,China,mcannoplo@1und1.de,512-117-2788
Eulalie,Brickell,Mae Lao,08/13/1995,Thailand,ebrickelllp@berkeley.edu,504-105-9323
Mabel,Cotesford,Qinggou,05/02/1969,China,mcotesfordlq@indiatimes.com,565-103-6094
Jervis,Skedge,Cúa,04/06/1967,Venezuela,jskedgelr@ibm.com,514-917-7345
Zachery,Hatherleigh,Omaha,05/17/1961,United States,zhatherleighls@cdc.gov,402-108-2724
Chen,Rudolfer,Xiaolan,12/19/1969,China,crudolferlt@nifty.com,818-420-2004
Ervin,Tomich,Gudurica,05/09/1997,Serbia,etomichlu@vistaprint.com,824-668-5083
Bruis,Bautiste,Konosha,06/25/1971,Russia,,752-595-2025
Aida,Haacker,,,,ahaackerlw@eventbrite.com,
Lynsey,Lanham,Mariinsk,09/08/1979,Russia,llanhamlx@zimbio.com,979-630-1838
Ron,Pipet,Kunashak,06/15/1970,Russia,rpipetly@sun.com,922-701-5424
Creigh,Bernardeschi,Areado,10/23/1990,Brazil,cbernardeschilz@npr.org,144-242-0222
Roberto,Luttger,Ålesund,08/25/1974,Norway,rluttgerm0@hostgator.com,255-514-6996
Winona,Pavlenkov,Mancos,11/28/1994,Peru,,413-475-8348
Ado,Chidlow,Novo-Peredelkino,08/19/1990,Russia,achidlowm2@sfgate.com,491-853-5816
Vi,Simak,Lokolande,11/17/1953,Indonesia,vsimakm3@is.gd,408-322-7315
Filmore,Slainey,Biljača,12/21/1965,Serbia,fslaineym4@posterous.com,223-693-1528
Nananne,Capes,Augustów,06/17/1996,Poland,ncapesm5@wikipedia.org,764-978-6981
Freddie,Yukhov,Dingchang,08/11/1973,China,fyukhovm6@vistaprint.com,933-300-8690
Gery,Hellin,Muḩammad Āghah Wuluswālī,03/31/1988,Afghanistan,ghellinm7@unicef.org,252-805-2015
Rodie,Scadding,Savyntsi,12/12/1973,Ukraine,,200-831-1588
Chiquia,Edger,Inabaan Sur,03/08/1974,Philippines,cedgerm9@free.fr,732-980-8936
Kristine,Doone,Guaraciaba do Norte,09/30/1993,Brazil,kdoonema@g.co,396-728-8009
Sybilla,Wedgbrow,Maralik,05/25/1972,Armenia,,620-513-2548
Marge,Grunguer,Murcia,10/03/1973,Philippines,mgrunguermc@unicef.org,174-656-1018
Gar,Mathivon,Trondheim,04/30/1987,Norway,gmathivonmd@feedburner.com,156-538-1332
Timothea,Toward,Zelenograd,02/14/1997,Russia,ttowardme@pen.io,176-575-0298
Blanche,Jereatt,Shpola,09/15/1965,Ukraine,bjereattmf@wordpress.org,901-311-5193
Base,Patman,Dushang,09/18/1973,China,bpatmanmg@zdnet.com,132-543-3906
Alyss,Lancastle,Haokou,10/30/1988,China,alancastlemh@dagondesign.com,774-146-2683
Burton,Bener,,,,bbenermi@mayoclinic.com,
Berke,Cansdall,Palmira,02/03/1964,Panama,bcansdallmj@indiegogo.com,864-480-6753
Jacobo,Bumphrey,,,,jbumphreymk@csmonitor.com,
Eldridge,Whitehorn,Weiqi,12/13/1970,China,ewhitehornml@chicagotribune.com,874-700-1746
Maighdiln,McEvay,Khorostkiv,06/15/1972,Ukraine,mmcevaymm@networkadvertising.org,967-162-2196
Marshall,Blachford,Garibaldi,09/22/1995,Brazil,,896-736-9919
Jacintha,Franciottoi,Vil’nyans’k,09/22/1994,Ukraine,jfranciottoimo@businesswire.com,550-679-8330
Delbert,Olivello,Ipoti,01/02/1996,Nigeria,,388-958-5857
Doris,Balma,Jeżów Sudecki,07/28/1971,Poland,,398-557-9584
Nickola,Pantin,Tyrnyauz,03/09/1984,Russia,,504-713-2241
Emylee,Espine,Anticala,08/02/1953,Philippines,eespinems@tinyurl.com,548-795-8929
Genna,Karchewski,Palatine,04/17/1964,United States,,847-123-4970
Yuri,Swalwel,Jajawai,01/11/1969,Indonesia,yswalwelmu@google.com.br,339-924-0474
Anette,Crockatt,Tambobamba,09/19/1996,Peru,acrockattmv@wp.com,270-206-7095
Edith,Colvine,Zarechnyy,11/28/1988,Russia,ecolvinemw@miibeian.gov.cn,623-115-0464
Peri,Clemetts,Renyi,06/21/1975,China,pclemettsmx@51.la,789-351-8112
Kalinda,Lintill,Geser,05/15/1964,Indonesia,klintillmy@newyorker.com,570-166-9830
Porty,Boxhall,Shuanghe,02/13/1993,China,pboxhallmz@kickstarter.com,577-544-3885
Eryn,Winsper,Goraj,12/07/1980,Poland,ewinspern0@reference.com,785-511-6247
Trudi,Goulthorp,Krajan Kinanti,09/17/1988,Indonesia,,867-656-5287
Maible,Spick,Liebu,01/28/1981,China,mspickn2@bizjournals.com,830-456-0427
Burch,Frost,Zhentian,03/20/1980,China,bfrostn3@yale.edu,106-939-4794
Bettina,Bannon,Divo,03/23/1958,Ivory Coast,bbannonn4@mail.ru,925-451-2453
Vannie,Mullarkey,Capitán Solari,01/17/1963,Argentina,vmullarkeyn5@google.it,226-180-8724
Brand,Fernanando,Panguipulli,03/21/1975,Chile,bfernanandon6@angelfire.com,128-399-6558
Muffin,Dell Casa,Varna,04/26/1965,Serbia,mdellcasan7@meetup.com,928-913-9529
Tommie,Brea,Preston,01/10/1963,United Kingdom,,552-386-6975
Emilio,Vondruska,Sieradza,10/11/1998,Poland,evondruskan9@mapy.cz,854-544-3730
Lyn,Handyside,Fovissste,02/03/1953,Mexico,lhandysidena@sourceforge.net,159-722-4619
Jeralee,Flieger,Edéa,02/03/1967,Cameroon,jfliegernb@smugmug.com,990-695-9496
Stace,Lavender,Puńsk,07/22/1986,Poland,slavendernc@gizmodo.com,424-783-2519
Ramon,Ellison,Beauharnois,07/05/1959,Canada,rellisonnd@wix.com,944-857-4504
Lyon,Rohloff,,,,,
Rakel,Spilsted,Pontevedra,11/17/1988,Spain,rspilstednf@unicef.org,957-674-4374
Neely,Coghill,Santa Cruz,11/19/1956,Philippines,ncoghillng@blinklist.com,358-333-1974
Salomo,Brumbie,Manonjaya,06/28/1988,Indonesia,,952-619-7509
Celeste,Martinetto,Hermoso Campo,11/28/1978,Argentina,cmartinettoni@mysql.com,953-211-1841
Reginald,Loffel,Mayanhe,12/17/1994,China,rloffelnj@guardian.co.uk,499-548-8700
Winthrop,Aime,Consolación del Sur,07/27/1960,Cuba,,233-195-1100
Clayson,Gundry,Cergy-Pontoise,06/06/1954,France,,341-703-2591
Keene,Micheli,Gritsovskiy,11/09/1959,Russia,,132-129-0059
Hayward,Fillary,Magaria,03/05/1958,Niger,hfillarynn@wordpress.com,743-246-6667
Raye,Meaders,Bandar Pusat Jengka,06/11/1981,Malaysia,rmeadersno@pinterest.com,894-791-0675
Eugen,Sackur,Guinoaliuan,08/18/1983,Philippines,esackurnp@nhs.uk,237-542-3795
Egon,Godbolt,Neftekamsk,02/24/1986,Russia,,214-595-0759
Chandal,Sirmond,Washington,06/02/1997,United States,csirmondnr@dot.gov,202-523-3320
Clarinda,Fulloway,Javorník,04/12/1999,Czech Republic,cfullowayns@taobao.com,436-988-4706
Reagan,Alban,Aqtoghay,09/01/1975,Kazakhstan,ralbannt@mit.edu,135-583-1855
Irena,Easter,Longxi,02/17/1988,China,ieasternu@alibaba.com,398-930-8350
Abdel,Francecione,Suzuka,09/29/1975,Japan,afrancecionenv@yale.edu,379-177-1282
Robina,Bull,Göteborg,05/21/1993,Sweden,rbullnw@a8.net,769-666-3981
Wadsworth,Hatrick,Zuyevka,09/03/1980,Russia,whatricknx@mit.edu,155-177-7597
Lanita,Barraclough,Vladivostok,09/09/1976,Russia,lbarracloughny@quantcast.com,196-813-2643
Cory,Spraggon,Iles,04/18/1950,Colombia,cspraggonnz@utexas.edu,406-518-5694
Carlin,Dureden,Rusnė,08/05/1976,Lithuania,cduredeno0@loc.gov,437-970-8855
Darn,Chicchelli,Targowisko,04/21/1996,Poland,dchicchellio1@flickr.com,424-312-9397
Carroll,Melloi,Porto Ferreira,05/17/1993,Brazil,,154-760-3887
Em,Niven,Buta,05/29/1952,Democratic Republic of the Congo,eniveno3@livejournal.com,445-540-6344
Gwenora,Ikins,Xunqiao,01/21/1960,China,,612-483-4226
Merrili,Lenaghen,Magarao,05/14/1971,Philippines,mlenagheno5@facebook.com,563-689-2450
Wildon,Hacket,Columbus,07/16/1992,United States,,614-177-3194
Jacenta,MacLaig,Chennevières-sur-Marne,03/08/1976,France,,630-487-5459
Geri,Flexman,Vabalninkas,07/09/1966,Lithuania,gflexmano8@cnn.com,344-790-3065
Malvin,Claridge,San Narciso,02/13/1998,Philippines,mclaridgeo9@google.com.br,590-275-5625
Prent,Addy,Enniskerry,07/29/1975,Ireland,paddyoa@pen.io,109-811-2437
Elwyn,Dominick,Xijiang,01/08/1972,China,,239-744-2568
Reina,Yesichev,Puerto Quijarro,10/30/1995,Bolivia,ryesichevoc@marketwatch.com,655-827-8764
Bibi,Cassimer,Salakuray,03/06/1957,Indonesia,bcassimerod@behance.net,293-845-2728
Franky,Gunn,Debre Sīna,07/29/1966,Ethiopia,fgunnoe@fema.gov,833-672-0690
Thatch,Powe,Tsalka,10/31/1975,Georgia,tpoweof@ezinearticles.com,915-796-6424
Daryle,Surgen,Sidokumpul,09/09/1977,Indonesia,dsurgenog@miibeian.gov.cn,106-639-4632
Fedora,Masding,Pontevedra,11/03/1953,Spain,,400-927-9635
Aurthur,De Winton,Cikadu,01/30/1975,Indonesia,adewintonoi@typepad.com,313-898-2999
Camellia,Maylor,Mojkovac,09/19/1987,Montenegro,cmayloroj@hp.com,232-632-5537
Wynn,Olligan,Parungjawa,06/25/1993,Indonesia,wolliganok@bluehost.com,990-883-5066
Manda,Hars,Matsutō,04/30/1988,Japan,mharsol@umich.edu,323-200-9844
Jay,Auton,Stockholm,09/12/1955,Sweden,jautonom@tmall.com,624-496-0974
Dru,Berkeley,Kaliuda,12/05/1972,Indonesia,dberkeleyon@psu.edu,926-240-0315
Flint,Darling,Damietta,10/12/1975,Egypt,fdarlingoo@alexa.com,219-342-2302
Faber,Haffenden,Conceição da Abóboda,03/19/1971,Portugal,,211-338-2653
Karlan,Horley,Brzyska,03/19/1987,Poland,khorleyoq@virginia.edu,349-814-7720
Rena,Dibnah,Guintubhan,10/27/1979,Philippines,rdibnahor@wikia.com,213-256-0192
Dredi,Romanet,Azua,12/20/1958,Dominican Republic,,497-703-7258
Taddeo,Euston,Libas,10/30/1970,Philippines,teustonot@ebay.com,285-794-1276
Risa,Fihelly,Beiping,10/19/1984,China,rfihellyou@dot.gov,904-935-3666
Lorrin,Shervington,Gaoyao,02/09/1956,China,lshervingtonov@earthlink.net,838-115-1831
Hanny,Matthessen,Adolfo Ruiz Cortines,04/11/1958,Mexico,hmatthessenow@wufoo.com,879-271-9240
Tremaine,Johnstone,Bei,05/09/1975,Indonesia,tjohnstoneox@ftc.gov,548-480-9279
Cindee,Cosby,Göteborg,04/06/1989,Sweden,ccosbyoy@hud.gov,295-917-7323
Ainslie,Gairdner,Brodokalmak,01/02/1974,Russia,agairdneroz@dagondesign.com,239-581-7579
Godiva,Tomsen,Torres Vedras,12/27/1965,Portugal,gtomsenp0@discovery.com,764-339-7393
Alayne,Widdup,Moste,04/01/1973,Slovenia,awiddupp1@paginegialle.it,282-223-2816
Rosco,Kennsley,Concepcion,03/27/1983,Philippines,rkennsleyp2@comcast.net,262-908-3209
Lucas,Spier,Tuanalepe,01/26/1969,Indonesia,,315-529-3339
Beale,Sarney,Ihuari,11/28/1999,Peru,bsarneyp4@storify.com,514-257-7999
Bettina,Duligal,Petaluma,11/03/1970,United States,bduligalp5@netscape.com,707-857-1596
Errick,Beneix,Sa Pá,08/01/1983,Vietnam,ebeneixp6@bloglines.com,947-316-7277
Kiel,Brockwell,Krandil,06/16/1958,Indonesia,,616-104-7747
Merv,Gamlen,Bao’an,02/05/1971,China,mgamlenp8@imageshack.us,688-110-4595
Goldarina,Jakubowsky,Götene,01/13/1954,Sweden,gjakubowskyp9@sphinn.com,972-714-8812
Erastus,Cockshott,Chokwé,10/12/1985,Mozambique,ecockshottpa@histats.com,656-222-5635
Anni,Geram,Lueng Putu,02/20/1973,Indonesia,agerampb@deliciousdays.com,509-509-0197
Murray,Bowcock,Lixu,03/13/1991,China,mbowcockpc@smugmug.com,408-803-2737
Angeli,McGillivray,Orleans,12/03/1986,Brazil,amcgillivraypd@themeforest.net,249-310-1709
Evania,McDavitt,Evinayong,10/26/1974,Equatorial Guinea,emcdavittpe@pagesperso-orange.fr,342-283-6760
Brana,Filippello,Subotica,08/20/1971,Serbia,bfilippellopf@cdbaby.com,135-657-3054
Emlen,Aumerle,Cuauhtemoc,12/16/1991,Mexico,eaumerlepg@github.com,226-110-0810
Jesus,Batters,Baiima,08/15/1993,Sierra Leone,jbattersph@pen.io,869-359-6147
Graehme,Petty,Järfälla,05/11/1974,Sweden,gpettypi@4shared.com,279-893-1327
Adolph,Darby,Lago da Pedra,05/30/1981,Brazil,adarbypj@purevolume.com,824-344-3176
Rolando,Jiggle,Ladysmith,06/25/1968,Canada,rjigglepk@biglobe.ne.jp,970-770-3661
Sander,Patient,Wangba,02/09/1971,China,spatientpl@gravatar.com,965-288-6023
Curry,Bracchi,Benito Juarez,11/08/1982,Mexico,,615-941-6284
Hayley,Silvermann,Kopparberg,02/26/1993,Sweden,hsilvermannpn@hud.gov,954-274-5379
Allistir,Cuchey,Burgos,05/10/1963,Philippines,,385-541-0213
Windy,Hemphall,La Fortuna,07/06/1988,Philippines,whemphallpp@flavors.me,620-237-4625
Carly,Martinolli,Trzebieszów,06/07/1954,Poland,,636-817-1785
Janaya,Chotty,Pelileo,06/24/1966,Ecuador,jchottypr@de.vu,921-283-1371
Nata,Chitson,Bei,11/14/1971,Indonesia,,119-531-0547
Margit,Blacklock,Oslo,11/10/1999,Norway,mblacklockpt@spiegel.de,745-386-6166
Rosco,Reditt,Victoria West,07/07/1959,South Africa,rredittpu@blog.com,608-522-4412
Silvia,Rallings,Gayabaru,11/16/1956,Indonesia,srallingspv@google.com.au,139-242-9239
Ag,Maliphant,San Pedro,10/02/1993,Bolivia,amaliphantpw@cbc.ca,943-644-6945
Tomaso,Cluney,Pontevedra,02/22/1963,Spain,tcluneypx@bravesites.com,520-853-1647
Angeline,Gillam,Buy,08/11/1964,Russia,,588-429-9657
Dana,De Carlo,Capelinha,12/13/1968,Brazil,ddecarlopz@sciencedirect.com,893-111-9769
Elysha,Stuchbury,La Celia,01/05/1996,Colombia,estuchburyq0@com.com,390-824-7807
Ingelbert,Spencers,Murça,02/13/1985,Portugal,ispencersq1@google.nl,671-347-0045
Merlina,Deehan,Panguipulli,10/07/1951,Chile,,259-842-1806
Margaux,Annandale,Fortuna,08/16/1992,Costa Rica,mannandaleq3@bloglovin.com,123-888-8636
Ines,Tiner,San Onofre,06/29/1960,Colombia,itinerq4@latimes.com,882-887-0513
Tawnya,Rivel,Al Manshāh,02/15/1950,Egypt,trivelq5@google.com,893-711-2973
Adrienne,Karpe,Boca Raton,03/06/1981,United States,,561-368-2483
Michael,Efford,Kaliuling,04/24/1950,Indonesia,,638-207-4924
Neal,Damp,,,,ndampq8@dion.ne.jp,
Sherlock,Westfield,Belfort,04/21/1994,France,swestfieldq9@adobe.com,195-997-0133
Iggie,Castellet,,,,,
Floyd,Robjohns,Morje,02/18/1984,Slovenia,,724-245-7674
Franny,Vannucci,Moravská Třebová,09/29/1962,Czech Republic,fvannucciqc@bizjournals.com,257-788-5979
Kaspar,Pinsent,Środa Wielkopolska,07/10/1962,Poland,kpinsentqd@wikipedia.org,853-909-2983
Joete,Matashkin,,,,jmatashkinqe@printfriendly.com,
Claudio,Spear,Khanino,07/20/1958,Russia,cspearqf@quantcast.com,904-155-6821
Alix,Doggerell,Radovitskiy,01/21/1978,Russia,adoggerellqg@boston.com,122-563-9410
Regina,Cannan,Taihe Chengguanzhen,12/19/1981,China,rcannanqh@bandcamp.com,499-410-6127
Porty,Gerran,Namangan Shahri,01/01/1978,Uzbekistan,pgerranqi@usgs.gov,522-262-4995
Garnet,McWilliam,Loikaw,12/24/1990,Myanmar,gmcwilliamqj@photobucket.com,380-822-2861
Allan,Jain,Governador Valadares,01/19/1991,Brazil,ajainqk@phpbb.com,224-285-6448
Fitzgerald,Imlach,Tongyang,05/11/1955,China,fimlachql@illinois.edu,229-842-9183
Darcy,Brockest,Debre Tabor,09/09/1995,Ethiopia,dbrockestqm@samsung.com,290-878-5491
Lizette,Langelaan,Cayang,04/05/1957,Philippines,llangelaanqn@seattletimes.com,760-293-5490
Ollie,O'Suaird,Manolás,04/10/1950,Greece,oosuairdqo@mapy.cz,350-834-4949
Geraldine,Sillick,Lubao,01/25/1984,China,gsillickqp@blogtalkradio.com,883-312-7436
Evelina,Ilott,Saidpur,02/27/1962,Bangladesh,eilottqq@reddit.com,607-283-0871
Sergei,Ryrie,Za‘tarah,11/17/1991,Palestinian Territory,sryrieqr@prweb.com,315-715-0941
Jasper,MacAlroy,Anse Royale,11/03/1958,Seychelles,jmacalroyqs@tripod.com,372-230-9893
Ange,Trimme,Batumi,03/17/1954,Georgia,atrimmeqt@dropbox.com,188-960-3309
Karia,Tomenson,Al Munīrah,05/15/1961,Yemen,ktomensonqu@ow.ly,105-268-5504
Norry,Gepheart,Zhongcheng,11/24/1966,China,ngepheartqv@angelfire.com,151-994-5785
Tomi,Core,Símantra,09/16/1953,Greece,tcoreqw@icio.us,757-675-2604
Hillyer,Dalla,Ngroto,05/17/1981,Indonesia,hdallaqx@uol.com.br,553-223-4341
Dougie,Wilacot,Hulan,10/13/1995,China,dwilacotqy@typepad.com,741-477-7550
Had,Gidden,Oinófyta,03/17/1989,Greece,,175-105-8769
Reuben,Lubeck,Talu,12/19/1967,Indonesia,,762-588-2075
Danica,Vanns,Kamuli,07/15/1985,Uganda,dvannsr1@pen.io,112-778-1884
Matti,Macklin,Balqash,11/25/1995,Kazakhstan,mmacklinr2@ftc.gov,662-567-4883
Corette,Rockell,Boca Suno,04/04/1984,Ecuador,crockellr3@dailymotion.com,745-498-8188
Onfroi,Yggo,Cikuray,04/21/1950,Indonesia,oyggor4@ustream.tv,444-894-3725
Willis,Merredy,La Mesa,08/21/1989,Mexico,wmerredyr5@narod.ru,888-290-0995
Nedi,Puzey,Villa Ojo de Agua,08/11/1999,Argentina,npuzeyr6@discovery.com,565-437-3866
Lodovico,Younger,Hongqiao,12/13/1955,China,,249-375-5633
Gloriane,Wannes,,,,gwannesr8@go.com,
Elsey,Hollows,Yokohama,01/01/1982,Japan,ehollowsr9@t.co,959-493-2494
Reed,Balchen,Úštěk,08/04/1971,Czech Republic,rbalchenra@booking.com,921-668-8787
Inez,Bridgwood,Kenyau,07/21/1961,Indonesia,ibridgwoodrb@feedburner.com,247-419-8246
Preston,Joseph,Nakhon Nayok,09/13/1993,Thailand,pjosephrc@mediafire.com,739-999-7971
Kare,Sandyford,Esquipulas Palo Gordo,01/28/1953,Guatemala,,364-462-2764
Lanna,Eschalotte,Bandar Pusat Jengka,11/26/1989,Malaysia,leschalottere@instagram.com,654-318-8074
Nelle,Easun,Donghuang,03/14/1958,China,neasunrf@4shared.com,261-624-2838
Pen,Critchley,Coronel Martínez,06/04/1960,Paraguay,pcritchleyrg@hexun.com,794-471-4517
Elspeth,McSporrin,,,,emcsporrinrh@omniture.com,
Avrom,Carbin,Danilov,06/04/1971,Russia,acarbinri@admin.ch,241-275-3575
Beatriz,Laverack,Tubajon,12/26/1991,Philippines,blaverackrj@dailymail.co.uk,504-719-5525
Korrie,Coole,Maralal,05/11/1958,Kenya,kcoolerk@google.co.jp,436-809-2014
Murdoch,McCorrie,Prado Siongco,11/29/1995,Philippines,mmccorrierl@economist.com,701-527-2360
Prinz,Hiner,Bellavista,03/28/1965,Peru,phinerrm@google.it,161-114-5842
Joelynn,Palomba,Hongsihu,07/12/1999,China,jpalombarn@yolasite.com,698-380-4745
Celestyna,Schall,San Miguel,08/30/1975,Philippines,cschallro@tamu.edu,571-437-9639
Pippy,McDonnell,Kaytitinga,06/29/1983,Philippines,,608-631-8655
Dick,Dunlap,Fushë-Bulqizë,09/16/1984,Albania,ddunlaprq@state.gov,196-986-3569
Junina,Dacey,Shilovo,08/23/1992,Russia,jdaceyrr@msu.edu,521-247-3168
