first_name,last_name,birth_place,birth_date,country_living_in,email,phone
Garner,Richmond,Puan,04/24/1992,Argentina,grichmond0@usnews.com,883-413-0384
Jerrold,Burchard,Shentong,07/12/1983,China,jburchard1@yelp.com,607-809-9413
Ola,Hanham,,,,,
Rebbecca,Mallon,Baní,09/19/1995,Dominican Republic,rmallon3@forbes.com,461-554-1112
Roz,Cleve,Kakan,09/05/1951,Indonesia,rcleve4@washingtonpost.com,872-265-2570
Aldon,Orviss,Dayton,07/29/1968,United States,aorviss5@tuttocitta.it,937-509-1446
Joelynn,Challiss,Hamilton,09/20/1979,Bermuda,jchalliss6@eventbrite.com,280-286-4041
Winn,Frankel,Xinquan,03/27/1959,China,wfrankel7@123-reg.co.uk,534-471-6754
Tabb,Ruvel,Spanish Wells,05/16/1989,Bahamas,truvel8@com.com,126-614-1388
Helen-elizabeth,Barnwall,Rentian,01/04/1997,China,hbarnwall9@cnbc.com,266-651-8407
Karleen,Goldby,Dobre Miasto,01/04/1995,Poland,kgoldbya@cafepress.com,547-304-9361
Genny,Torrisi,Sambongmulyo,06/28/1955,Indonesia,gtorrisib@wordpress.com,531-823-4100
Britta,Minmagh,Gambo,02/25/1950,Central African Republic,,453-374-2093
Rora,Younger,,,,ryoungerd@xing.com,
Oliy,McVrone,Az Zubaydāt,06/15/1984,Palestinian Territory,omcvronee@economist.com,279-160-8849
Jacquelin,Eberle,Kacha,10/28/1981,Ukraine,jeberlef@businessweek.com,341-501-5358
Amalita,Lowing,Yushu,10/04/1972,China,alowingg@sogou.com,224-522-5390
Larissa,O'Siaghail,Fyllingsdalen,05/09/1992,Norway,losiaghailh@imageshack.us,291-629-0555
Dagny,Venney,Awilega,02/11/1985,Indonesia,,799-395-2524
Lorens,Lynnett,Chongxian,08/12/1975,China,llynnettj@edublogs.org,835-965-5488
Hildagarde,Keys,Corumbá,12/28/1972,Brazil,hkeysk@oaic.gov.au,873-423-0436
Berk,Edgler,Ozerki,11/30/1986,Russia,bedglerl@nba.com,734-251-4153
Emmye,Truelove,Sovetskaya Gavan’,05/28/1996,Russia,etruelovem@uol.com.br,156-966-7055
Reinhold,Bottrell,Toronto,09/16/1954,Canada,rbottrelln@google.ru,834-529-1892
Winonah,Lyster,Melun,02/03/1955,France,wlystero@smugmug.com,249-583-2944
Arlen,Fortescue,Gondar,01/30/1973,Ethiopia,afortescuep@usa.gov,723-857-6574
Tarrance,Martello,Timbuktu,12/12/1981,Mali,tmartelloq@ezinearticles.com,360-916-2338
Waylin,Conwell,Bolaoit,07/06/1994,Philippines,wconwellr@netlog.com,259-526-4526
Demetre,Delgua,Ust’-Dzheguta,02/24/1991,Russia,ddelguas@yellowpages.com,119-137-4146
Amerigo,Marsland,Bangelan,08/23/1988,Indonesia,amarslandt@hibu.com,439-418-6116
Kelsey,O'Dea,Dengyue,08/04/1954,China,kodeau@godaddy.com,885-106-9430
Jacki,Mocher,Vidzy,06/01/1960,Belarus,jmocherv@4shared.com,731-870-4899
Bee,Babbidge,Talldaww,12/02/1956,Syria,bbabbidgew@dailymotion.com,468-174-3204
Van,Maydway,Shaguotun,02/19/1988,China,vmaydwayx@slate.com,606-344-6028
Lorrayne,Warrilow,Feira de Santana,07/01/1956,Brazil,lwarrilowy@cdbaby.com,233-249-8012
Winni,Renals,Wuyang,09/19/1977,China,wrenalsz@blogspot.com,361-190-1082
Fey,Stobie,,,,fstobie10@berkeley.edu,
Julia,Hayer,Privolzhsk,04/15/1986,Russia,jhayer11@gov.uk,560-676-0651
Jami,Holby,Raleigh,03/25/1990,United States,jholby12@upenn.edu,919-172-9158
Alyss,Boater,Bentar Girang,09/14/1968,Indonesia,aboater13@istockphoto.com,189-457-0410
Maurits,Van Castele,Baláo,03/14/1958,Ecuador,mvancastele14@washington.edu,594-638-7426
Jesus,Kilvington,Las Lajas,11/04/1967,Argentina,jkilvington15@census.gov,640-955-8495
Sarita,Snook,Ponoka,03/27/1963,Canada,ssnook16@nasa.gov,616-989-4412
Alwin,Dredge,Solna,10/19/1963,Sweden,adredge17@pen.io,614-142-8417
Cindi,Sussams,Kousséri,02/26/1956,Cameroon,csussams18@furl.net,828-105-2925
Nathanil,Coole,Al Maḩfid,04/02/1951,Yemen,ncoole19@jalbum.net,882-897-0160
Kalina,Gong,Puteaux,06/25/1953,France,kgong1a@comsenz.com,168-240-3017
Mathilda,Sulland,Balykchy,01/17/1960,Kyrgyzstan,msulland1b@usnews.com,371-290-3592
Kaila,Jonson,Varberg,12/20/1980,Sweden,kjonson1c@vinaora.com,447-123-5891
Kym,Belle,Ārifwāla,11/25/1988,Pakistan,kbelle1d@plala.or.jp,513-204-5964
Alice,Pendlington,Topdac,08/31/1996,Philippines,apendlington1e@time.com,518-690-0109
Morris,Swait,Legen,10/09/1955,Slovenia,mswait1f@mtv.com,927-541-4308
Marcelle,Moakes,Motala,02/02/1979,Sweden,,342-843-9408
Brigid,Visick,Al Karāmah,03/29/1959,Syria,bvisick1h@cornell.edu,823-921-2493
Gradey,Hartshorn,Stratford,05/05/1969,Canada,ghartshorn1i@msu.edu,660-732-0033
Norbie,Hearl,,,,nhearl1j@oaic.gov.au,
Cori,Espinola,Tajinan,08/07/1989,Indonesia,cespinola1k@bigcartel.com,692-805-5180
Ly,Mouton,Stara Kiszewa,05/02/1979,Poland,lmouton1l@ovh.net,315-266-4935
Abba,Fazan,Lawesigalagala Timur,05/26/1977,Indonesia,,796-491-9725
Tobit,Warret,Vạn Giã,09/23/1965,Vietnam,twarret1n@admin.ch,876-442-7001
Novelia,Fogg,Yimnón,09/15/1999,Greece,nfogg1o@wikimedia.org,563-125-1408
Celia,Corhard,Prozor,02/28/1976,Bosnia and Herzegovina,ccorhard1p@surveymonkey.com,202-138-0615
Chandler,Ruslin,Kousséri,02/02/1979,Cameroon,cruslin1q@soundcloud.com,142-665-5779
West,Heindrick,Zongjia,03/21/1982,China,wheindrick1r@studiopress.com,255-639-3322
Rodger,Cobain,Lukashin,07/07/1992,Armenia,rcobain1s@liveinternet.ru,168-358-2900
Dan,Talkington,Chang’an,06/27/1963,China,,119-542-3137
Karalee,Giffard,Ramat HaSharon,04/11/1958,Israel,kgiffard1u@com.com,650-225-6757
Benjie,Clavey,Richmond,01/12/1961,United States,bclavey1v@fastcompany.com,804-290-5497
Gladi,Issitt,Sobrosa,03/03/1994,Portugal,gissitt1w@de.vu,542-441-9433
Sibilla,Wickins,Saint-Quentin,08/20/1957,France,swickins1x@goo.ne.jp,256-186-6724
Mirelle,Cockerton,Jingzhou,04/10/1983,China,mcockerton1y@boston.com,983-109-1813
Tedmund,Ratley,Mališevo,11/10/1970,Kosovo,tratley1z@un.org,419-384-2520
Cristina,Coverdill,Qiulu,04/08/1986,China,ccoverdill20@google.com.br,476-784-7236
Winthrop,Fritchley,Rājbirāj,10/26/1967,Nepal,wfritchley21@ustream.tv,879-561-9842
Libbie,Andrewartha,,,,,
Corrinne,D'Alesio,Stockholm,12/14/1978,Sweden,cdalesio23@omniture.com,404-784-4954
Lauri,Brakewell,Kaputian,06/04/1995,Philippines,lbrakewell24@newyorker.com,808-686-8229
Silvano,Noweak,Krasnogorskoye,01/19/1993,Russia,snoweak25@1und1.de,663-411-8825
Morena,Makiver,Mogilany,11/29/1983,Poland,,577-398-5853
Erhard,Sabater,,,,esabater27@tinyurl.com,
Scarface,Phebey,Nanxing,10/25/1975,China,,375-476-6117
Sam,Budd,Bestöbe,07/23/1956,Kazakhstan,,786-719-3269
Ruthi,Reck,Altavista,07/28/1995,Mexico,rreck2a@ustream.tv,674-461-5411
Mikkel,Mapplebeck,Āwash,07/11/1991,Ethiopia,mmapplebeck2b@blogger.com,118-851-7138
Andee,Longley,Bebedouro,02/02/1963,Brazil,alongley2c@wp.com,866-337-0299
Vanni,Brisco,Dorūd,09/14/1967,Iran,vbrisco2d@paginegialle.it,305-868-6544
Eveline,Croll,San Agustín de Valle Fértil,10/23/1958,Argentina,ecroll2e@oakley.com,177-154-3339
Erhart,Chaffey,Cikeper,07/23/1968,Indonesia,echaffey2f@wp.com,561-736-4363
Lon,Sollitt,,,,,
Shelbi,Reade,Liverpool,07/22/1993,United Kingdom,sreade2h@dailymotion.com,739-700-2099
Constantin,Buddleigh,Yaviza,07/19/1998,Panama,cbuddleigh2i@sphinn.com,343-723-2837
Cory,Lownie,Apengjiang,11/10/1966,China,clownie2j@joomla.org,342-891-1368
Ephraim,Coils,Phu Loc,02/27/1966,Vietnam,,742-736-4743
Ariel,Cameli,Yarabamba,01/01/1961,Peru,acameli2l@gravatar.com,306-186-9650
Katerine,Wagge,Paris 07,02/23/1962,France,,576-517-3754
Kathryn,Abotson,Taichung,12/12/1975,Taiwan,kabotson2n@shareasale.com,661-483-5971
Alasteir,Viegas,Tran,07/20/1977,Philippines,aviegas2o@t.co,803-355-9605
Ewart,Serjeantson,Sātkhira,08/26/1977,Bangladesh,,788-880-0762
Lura,Petrovykh,Naikolan,09/09/1990,Indonesia,lpetrovykh2q@flavors.me,532-792-5427
Arabelle,Dawkes,Suso,04/19/1987,Philippines,adawkes2r@shinystat.com,109-717-1677
Eveleen,Mucklestone,,,,emucklestone2s@nymag.com,
Lionello,Coneron,Telouet,07/06/1968,Morocco,lconeron2t@umn.edu,216-256-8924
Faber,Tolman,La Garde,09/15/1997,France,ftolman2u@biblegateway.com,679-187-7844
Ainsley,Stubs,Randuagung,11/14/1969,Indonesia,astubs2v@pen.io,380-183-4121
Berrie,Bartholomaus,Longquan,10/23/1977,China,bbartholomaus2w@t.co,384-136-4100
Jeanette,Twinbrow,,,,,
Dilan,Fassan,Zduńska Wola,11/04/1970,Poland,dfassan2y@ebay.co.uk,338-239-8710
Reilly,Farre,San Alberto,11/20/1962,Colombia,rfarre2z@sohu.com,298-622-2410
Rod,Ades,,,,rades30@usa.gov,
Ursuline,Springham,Ganfang,09/17/1957,China,uspringham31@reverbnation.com,414-846-1785
Elsey,Loveday,Yokotemachi,04/30/1971,Japan,eloveday32@buzzfeed.com,211-363-9594
Angelita,Hartland,Mili,06/25/1997,Marshall Islands,ahartland33@t.co,137-918-7644
Noami,Cornbell,Tolomango,10/17/1981,Indonesia,ncornbell34@histats.com,133-725-4476
Niccolo,Basley,Purral,06/27/1992,Costa Rica,nbasley35@independent.co.uk,995-124-0566
Frederique,Kernes,Sapat,10/10/1982,Indonesia,fkernes36@biblegateway.com,845-371-1025
Shellysheldon,Congrave,Ранковце,08/28/1963,Macedonia,scongrave37@naver.com,443-959-3226
Byram,Haygreen,Mingyue,04/17/1960,China,bhaygreen38@samsung.com,891-332-5511
Pat,Duchant,Maiyema,05/23/1997,Nigeria,pduchant39@imgur.com,938-245-0013
Roarke,Hedden,Qarqaraly,09/21/1966,Kazakhstan,rhedden3a@usgs.gov,880-578-5906
Fons,Rustedge,Leuweheq,04/09/1997,Indonesia,,567-715-7028
Elli,Maruska,Sherbrooke,01/30/1992,Canada,emaruska3c@army.mil,363-186-3314
Kenyon,Suttell,Prince Albert,04/18/1967,Canada,,297-318-5531
Noble,Linn,Taodian,10/11/1995,China,nlinn3e@abc.net.au,165-266-9744
Mariel,Burtt,Haiyanmiao,05/11/1994,China,mburtt3f@de.vu,683-229-4550
Iona,Rucklesse,Paseh,05/11/1952,Indonesia,irucklesse3g@alibaba.com,624-839-4579
Rodrique,Mackley,Mendeleyevskiy,01/11/1951,Russia,rmackley3h@taobao.com,538-205-3288
Humphrey,Rotte,Fak Tha,12/24/1977,Thailand,hrotte3i@purevolume.com,660-613-0011
Ezra,Godsmark,Wuyang,03/05/1993,China,egodsmark3j@yellowpages.com,688-728-3865
Dulcinea,Murrill,Giebułtów,12/21/1953,Poland,,311-177-7376
Fredelia,Clem,Xijiang,05/25/1975,China,fclem3l@un.org,954-168-9206
Wilow,Kuscha,Youxi,05/30/1980,China,wkuscha3m@amazon.co.uk,131-854-6663
Dominga,Eakens,Głuchów,07/04/1957,Poland,deakens3n@eepurl.com,497-909-8292
Kerstin,Bartolacci,Lenningen,01/19/1955,Luxembourg,kbartolacci3o@hatena.ne.jp,843-532-6541
Gardie,O'Currine,Urzuf,11/20/1956,Ukraine,,674-268-7104
Windham,Narey,Yingchengzi,08/27/1968,China,,422-295-7328
Connor,Lapides,Paris 20,05/27/1960,France,clapides3r@omniture.com,917-125-8168
Marti,Devlin,Devnya,09/03/1979,Bulgaria,mdevlin3s@google.fr,803-292-2778
Rodger,Yukhnov,Concepcion,07/24/1994,Philippines,ryukhnov3t@wordpress.com,117-647-1300
Gaelan,MacMarcuis,Chambishi,05/09/1957,Zambia,gmacmarcuis3u@sitemeter.com,118-574-9034
Margeaux,Point,Macapo,05/16/1991,Venezuela,mpoint3v@typepad.com,617-751-0526
Harriott,Sollars,Pasar,08/07/1971,Indonesia,hsollars3w@eepurl.com,591-808-9452
Anne-corinne,Dilger,Wujia,06/14/1952,China,,620-374-2018
Yuri,Mc Cahey,Avignon,01/11/1960,France,ymccahey3y@cloudflare.com,708-587-4585
Lucho,Jancso,San Antonio,05/17/1995,Mexico,ljancso3z@istockphoto.com,998-252-3953
Theodora,McMichael,Watubura,11/16/1983,Indonesia,tmcmichael40@jalbum.net,528-858-6169
Renata,Winslow,Xinghe Chengguanzhen,04/24/1985,China,rwinslow41@dropbox.com,173-661-0120
Sileas,Boam,Gromnik,11/29/1955,Poland,sboam42@constantcontact.com,443-820-5411
Briney,Dahlgren,,,,,
Tamarah,Viccars,Ar Rahad,09/23/1995,Sudan,tviccars44@cbsnews.com,430-972-5389
Maximilian,Harner,Obispos,05/06/1958,Venezuela,mharner45@reuters.com,103-539-9143
Tamarah,Redholes,Boston,05/08/1989,United States,,617-448-0701
Dunn,Chesterfield,Zhuangxing,06/09/1985,China,dchesterfield47@cbslocal.com,135-682-5761
Judon,Ruggiero,Maubasa,08/31/1959,Indonesia,jruggiero48@ow.ly,678-204-0505
Jillene,Side,Wolanów,05/07/1967,Poland,jside49@booking.com,697-731-0984
Alex,Silcox,Tekik Wetan,06/17/1985,Indonesia,asilcox4a@youtube.com,606-181-5738
Gael,MacCleod,Curepipe,01/18/1996,Mauritius,gmaccleod4b@home.pl,575-320-7547
Nancee,Bartalini,Suocheng,05/27/1974,China,nbartalini4c@wordpress.com,553-516-4647
Bobette,Allden,Fovissste,06/14/1971,Mexico,ballden4d@msu.edu,942-461-0447
Babb,Guly,Pogwizdów,09/15/1960,Poland,bguly4e@ask.com,330-827-0068
Willamina,Tofanelli,Sañgay,08/18/1979,Philippines,wtofanelli4f@jiathis.com,851-233-2922
Ronica,Jansa,Lizhai,12/23/1953,China,rjansa4g@goo.gl,814-308-2202
Blaine,Oxbe,Revelstoke,09/20/1989,Canada,boxbe4h@ovh.net,795-608-6961
Elaine,Edsall,Sanana,01/15/1999,Indonesia,eedsall4i@t.co,943-894-4931
Vikky,Tropman,Machachi,04/09/1953,Ecuador,vtropman4j@gmpg.org,791-875-3137
Basilio,Riteley,Kocēni,06/22/1989,Latvia,briteley4k@blogger.com,361-898-6723
Elsi,Maw,Gensi,03/03/1978,China,emaw4l@cbslocal.com,374-238-4923
Delcine,Stronack,Lanchkhuti,12/20/1974,Georgia,dstronack4m@amazon.co.jp,364-943-6108
Lucius,Foxten,Petrolina de Goiás,04/08/1965,Brazil,,752-257-3504
Gareth,Maillard,,,,gmaillard4o@php.net,
Grata,Caulier,Santo Rosario,09/07/1952,Philippines,gcaulier4p@comsenz.com,211-116-3465
Arlee,Pooley,Indramayu,11/14/1960,Indonesia,apooley4q@flickr.com,913-594-4642
Palmer,Baldazzi,Lahad Datu,04/20/1951,Malaysia,pbaldazzi4r@blinklist.com,586-650-0035
Glenine,Windsor,Ágios Spyrídon,08/25/1992,Greece,gwindsor4s@istockphoto.com,619-100-5195
Linus,Wratten,Francisco Villa,02/04/1952,Mexico,lwratten4t@about.me,209-774-9753
Kev,Baldocci,Velyki Sorochyntsi,07/14/1990,Ukraine,kbaldocci4u@geocities.com,605-304-7837
Alano,Wimpey,Xin’an,07/11/1975,China,awimpey4v@devhub.com,662-193-3201
Teriann,Maryott,Ngadri,04/05/1993,Indonesia,tmaryott4w@whitehouse.gov,195-309-6491
Babbette,Machel,Huibu,09/23/1977,China,bmachel4x@state.gov,797-277-4362
Evelyn,Ever,Barili,01/13/1992,Philippines,eever4y@quantcast.com,303-374-2637
York,Chrismas,Dabola,03/27/1970,Guinea,ychrismas4z@ebay.com,627-283-0113
Carmon,Seamen,Nuevo Chamelecón,06/30/1990,Honduras,cseamen50@google.com.hk,751-160-1635
Julienne,Wreath,Grenoble,03/29/1979,France,jwreath51@marketwatch.com,741-820-2441
Wandie,Eatherton,Yuanlin,07/02/1999,China,weatherton52@com.com,456-716-4636
Adolphe,Kennaway,Wobulenzi,05/14/1976,Uganda,,614-144-4373
Pepito,McTavish,Tahe,01/11/1968,China,,861-832-4685
Gayler,Joao,Yasothon,12/25/1990,Thailand,gjoao55@privacy.gov.au,704-561-1534
Valry,Goodwin,Azovo,08/09/1973,Russia,vgoodwin56@hhs.gov,870-716-1075
Dee dee,Dicte,Jinping,11/09/1950,China,ddicte57@businessweek.com,823-106-6860
Cammi,Brenton,Fontenay-sous-Bois,05/29/1968,France,cbrenton58@blogspot.com,147-213-8207
Filmer,Brodest,Stan-Bekhtemir,06/03/1997,Russia,fbrodest59@youtube.com,634-752-0723
Bobbie,Pindell,Nishinoomote,04/29/1951,Japan,bpindell5a@mozilla.com,282-953-4660
Beatriz,Goldes,Taoudenni,02/03/1958,Mali,bgoldes5b@nature.com,616-531-7807
Norton,McWhinnie,Shaba Zhen,04/22/1999,China,nmcwhinnie5c@mozilla.com,769-567-8242
Rosanne,Embling,Sukawaris,01/24/1954,Indonesia,rembling5d@vk.com,681-644-2754
Hulda,Boumphrey,Watangan,04/14/1955,Indonesia,hboumphrey5e@free.fr,458-113-7477
Rowen,Manolov,São Gonçalo do Amarante,11/20/1972,Brazil,rmanolov5f@example.com,979-666-8567
Marvin,Kochlin,Lingyuan,10/01/1953,China,mkochlin5g@ted.com,228-817-5776
Beck,Cocklie,,,,bcocklie5h@tumblr.com,
Pru,Cabral,Água de Pau,11/01/1996,Portugal,,496-206-5657
Emmalyn,Mawford,Gaopu,10/20/1965,China,emawford5j@hugedomains.com,824-568-0303
Paolo,Easey,,,,peasey5k@businessweek.com,
Anna,Irce,Taytay,11/14/1993,Philippines,airce5l@hostgator.com,802-404-3174
Jordanna,Dahlen,Bungkal,04/10/1989,Indonesia,jdahlen5m@feedburner.com,331-421-0552
Remington,Morriss,Randudongkal,05/13/1991,Indonesia,rmorriss5n@1und1.de,311-478-0440
Gretna,McComiskey,Minshan,07/27/1958,China,gmccomiskey5o@phpbb.com,227-171-4970
Angelique,Kelshaw,Cipondok,01/02/1965,Indonesia,,182-982-0394
Lezlie,Lindwasser,Lisewo,07/27/1967,Poland,,786-913-8653
Chevy,Schwant,Bancal,07/12/1982,Philippines,cschwant5r@netscape.com,356-623-3801
Griffith,Vercruysse,,,,gvercruysse5s@purevolume.com,
Warren,Danhel,Tallahassee,01/17/1989,United States,wdanhel5t@qq.com,850-678-3415
Veronika,Pardey,Dębno,12/06/1987,Poland,,500-465-2107
Tabbie,Dealy,København,01/23/1961,Denmark,tdealy5v@cyberchimps.com,145-247-3280
Georgia,Sabbin,Sardasht,09/26/1996,Iran,gsabbin5w@microsoft.com,557-980-7236
Chalmers,Iffe,Sanjiangkou,04/18/1970,China,ciffe5x@nifty.com,567-455-0433
Randa,Jumonet,Suban Jeriji,05/09/1972,Indonesia,rjumonet5y@typepad.com,794-444-6996
Gan,Attack,Yarumal,04/21/1979,Colombia,gattack5z@cornell.edu,846-707-7002
Danika,Scholes,,,,dscholes60@domainmarket.com,
Puff,Coward,Předklášteří,01/16/1955,Czech Republic,,831-121-6909
Aurel,Presley,Tongli,08/03/1985,China,apresley62@networkadvertising.org,462-466-5463
Caterina,Hoff,Ancasti,12/04/1993,Argentina,choff63@nhs.uk,497-268-5758
Wylie,Oxburgh,Temuji,03/08/1955,Indonesia,woxburgh64@php.net,412-151-8182
Sheffy,Matusevich,Pécs,02/26/1991,Hungary,smatusevich65@wikipedia.org,670-781-7751
Devina,Stebbin,Ráquira,01/01/1965,Colombia,dstebbin66@tmall.com,164-590-8003
Raeann,Thrush,,,,,
Arel,Greaterex,Sugcad,08/15/1958,Philippines,agreaterex68@princeton.edu,475-448-4279
Revkah,Paull,Zhangping,07/25/1987,China,,457-881-2403
Hirsch,Cotmore,Svatava,09/04/1959,Czech Republic,hcotmore6a@tiny.cc,645-743-7826
Ann,Seabridge,Lohayong,11/06/1991,Indonesia,aseabridge6b@cbsnews.com,208-893-0682
Daphna,Handforth,Jingxin,09/16/1998,China,dhandforth6c@mysql.com,228-616-3638
Josh,Connock,Capellanía,03/20/1951,Panama,jconnock6d@twitpic.com,716-565-1872
Flossi,Godin,,,,fgodin6e@blog.com,
Ninnette,Sones,Grammatikó,06/09/1963,Greece,nsones6f@economist.com,579-689-2188
Frederick,Casely,Hövsan,05/11/1970,Azerbaijan,fcasely6g@sohu.com,546-357-6189
Daisie,Grattage,,,,dgrattage6h@hibu.com,
Josefa,Craydon,Yueyang,03/05/1966,China,jcraydon6i@geocities.jp,534-987-8392
Salem,Klimuk,Gustavia,04/21/1985,Saint Barthelemy,sklimuk6j@plala.or.jp,778-250-6959
Fields,Jee,Satrejan,02/12/1971,Indonesia,fjee6k@surveymonkey.com,733-821-3422
Marylee,Umbert,,,,mumbert6l@admin.ch,
Stewart,Rannald,Pajala,01/07/1956,Sweden,srannald6m@twitter.com,543-888-1062
Carlynn,Summerside,Maca,05/01/1994,Peru,csummerside6n@chron.com,469-746-1663
Sophie,Bodechon,Faro,03/11/1982,Portugal,sbodechon6o@mapquest.com,767-494-4394
Ogdan,Whitloe,Luanda,02/10/1976,Angola,owhitloe6p@wikimedia.org,449-302-3021
Cyrill,Coaster,Bulianhe,12/26/1976,China,,343-541-9441
Weber,Do,Mirimire,03/03/1983,Venezuela,wdo6r@uol.com.br,522-447-0760
Dave,Rubra,Ludza,01/24/1976,Latvia,drubra6s@sina.com.cn,134-453-2590
Tibold,Mattin,Hecheng,06/25/1988,China,tmattin6t@networksolutions.com,828-444-4156
Esta,Adlard,Renyi,04/24/1976,China,eadlard6u@dell.com,282-874-9458
Danit,Kneesha,Tambillo,08/18/1952,Peru,dkneesha6v@xinhuanet.com,718-371-9039
Hilly,Jarlmann,Shankeng,10/19/1975,China,hjarlmann6w@nba.com,492-470-7300
Lurlene,McDunlevy,Quinta,08/20/1994,Portugal,lmcdunlevy6x@google.de,478-701-4631
Bernadette,Helks,Sokol,06/17/1964,Russia,bhelks6y@salon.com,888-378-3867
Jecho,Norvell,Sukaraja,04/19/1995,Indonesia,,754-762-6216
Renata,Avrahm,Zheyuan,09/26/1991,China,ravrahm70@oracle.com,410-540-1630
Wilona,Alekhov,Bubanza,12/28/1951,Burundi,walekhov71@japanpost.jp,272-316-3100
Justinn,Edowes,Vila Pouca da Beira,09/24/1978,Portugal,jedowes72@about.com,666-474-0763
Lemuel,Lockhurst,Chirongui,02/20/1967,Mayotte,llockhurst73@amazon.co.uk,860-165-7755
Ferris,Barlace,Kurmuk,04/30/1956,Sudan,fbarlace74@bandcamp.com,506-205-0297
Cathy,Marie,Cullalabo del Sur,02/14/1959,Philippines,cmarie75@usa.gov,630-223-7512
Almire,Teare,Monastyryshche,07/01/1999,Ukraine,ateare76@mlb.com,751-447-8513
Pammie,Shucksmith,Sakon Nakhon,09/12/1984,Thailand,pshucksmith77@ed.gov,795-289-4265
Yankee,Wahlberg,Donostia-San Sebastian,09/29/1981,Spain,ywahlberg78@cbslocal.com,183-955-7331
Jeanine,Passie,Oakland,02/19/1979,United States,jpassie79@list-manage.com,650-223-2013
Tommy,Lillicrop,Mujiangping,10/10/1980,China,tlillicrop7a@goodreads.com,850-977-7547
Helenelizabeth,Summerfield,Carson City,10/22/1982,United States,hsummerfield7b@a8.net,775-317-3167
Lin,Allnutt,Tiflet,11/17/1985,Morocco,lallnutt7c@spotify.com,414-501-9558
Thurstan,Ribou,,,,tribou7d@tuttocitta.it,
Kennith,Waitland,Stocksund,12/21/1994,Sweden,kwaitland7e@time.com,175-367-6383
Tabatha,Chasier,Pando,06/16/1987,Philippines,,383-158-2078
Elberta,Robertis,Galižana,08/09/1998,Croatia,erobertis7g@europa.eu,598-597-9496
Nessi,Kells,Täby,01/05/1957,Sweden,nkells7h@nationalgeographic.com,210-618-0666
Beckie,Amyes,Parungjawa,06/30/1968,Indonesia,bamyes7i@ycombinator.com,195-767-0922
Lind,Honeywood,Gaocheng,08/18/1985,China,lhoneywood7j@elpais.com,894-428-1261
Aundrea,Tawton,Huogezhuang,02/19/1975,China,atawton7k@people.com.cn,527-173-1110
Beltran,Winson,Liješnica,11/09/1979,Bosnia and Herzegovina,,354-324-8504
Reggy,Prendiville,Nový Knín,04/08/1961,Czech Republic,,591-934-5478
Thibaud,Linnit,Anlu,08/22/1997,China,tlinnit7n@baidu.com,520-926-9305
Tabina,Cumberledge,Akhaldaba,09/05/1970,Georgia,tcumberledge7o@g.co,162-532-3894
Marve,Kendred,Port Said,05/04/1957,Egypt,,486-712-7984
Angelita,Sivyer,Laval,08/26/1977,Canada,asivyer7q@time.com,479-187-6896
Ransom,Finnemore,Guozhen,10/06/1980,China,rfinnemore7r@dailymail.co.uk,918-263-1609
Linn,Jauncey,Naples,10/19/1959,United States,ljauncey7s@samsung.com,239-768-8451
Milton,Padson,,,,mpadson7t@jiathis.com,
Neysa,Beahan,Dalong,02/13/1975,Indonesia,nbeahan7u@rambler.ru,686-632-0901
Thaddus,Bouzek,Aija,09/17/1950,Peru,tbouzek7v@skyrock.com,782-415-6637
Rock,Basden,Ilmajoki,09/17/1966,Finland,rbasden7w@hatena.ne.jp,515-368-5326
Carolina,McCobb,Heshui,02/24/1982,China,cmccobb7x@latimes.com,348-694-3505
Marianna,Cossar,Le Mans,07/31/1999,France,mcossar7y@bigcartel.com,379-848-6112
Vivian,Sargent,Villanueva,10/03/1992,Philippines,,524-881-5947
Alaine,Hapgood,Ticrapo,03/20/1962,Peru,ahapgood80@multiply.com,912-702-1851
Dana,De Malchar,Tohautu,09/14/1951,French Polynesia,ddemalchar81@state.tx.us,730-563-5841
Gert,Binding,Turmi,09/25/1959,Ethiopia,gbinding82@photobucket.com,747-766-2734
Munmro,Heisman,Mosjøen,07/05/1969,Norway,mheisman83@ehow.com,528-411-5889
Jordon,Brosi,Coronel Martínez,06/20/1969,Paraguay,jbrosi84@cyberchimps.com,625-887-9737
Karena,Devin,Eshowe,07/16/1980,South Africa,kdevin85@macromedia.com,833-541-6477
Katlin,Ioselevich,Al Qiţena,06/30/1974,Sudan,,635-797-3521
Westley,Corrington,General Belgrano,05/26/1990,Argentina,wcorrington87@networksolutions.com,884-691-1500
Mylo,Jaques,Izobil’nyy,08/19/1956,Russia,mjaques88@foxnews.com,152-642-2507
Mic,Skase,Sukamaju,09/26/1994,Indonesia,,561-719-5608
Rheba,Lucy,Tochio-honchō,01/22/1964,Japan,rlucy8a@t-online.de,117-500-2041
Liv,Mayler,Angered,08/13/1991,Sweden,lmayler8b@narod.ru,178-292-0526
Gabbey,Fozzard,Muurla,10/19/1998,Finland,gfozzard8c@ebay.co.uk,675-493-3240
Haleigh,Richfield,Brak,09/09/1952,Libya,hrichfield8d@slashdot.org,862-675-9137
Nannette,Rushworth,Balzers,01/21/1972,Liechtenstein,nrushworth8e@hibu.com,250-613-2980
Dex,Culver,Weixing,03/23/1990,China,dculver8f@desdev.cn,715-900-3480
Jacquette,Jeckells,Kompóti,07/10/1981,Greece,jjeckells8g@oaic.gov.au,989-331-1409
Claudie,Bromidge,,,,,
Toni,Themann,Ukrainka,04/06/1995,Ukraine,tthemann8i@about.com,672-602-0579
Annis,Brixham,Wyszki,07/06/1995,Poland,abrixham8j@parallels.com,198-933-8896
Mike,Littefair,Espinosa,08/12/1978,Brazil,mlittefair8k@scientificamerican.com,639-839-7528
Dorri,Fremantle,Vasylkiv,03/18/1966,Ukraine,dfremantle8l@squarespace.com,703-436-3056
Hadlee,Kevlin,Tala,04/26/1972,Philippines,hkevlin8m@hc360.com,517-386-2182
Konstantine,Lindermann,Wailebe,08/21/1959,Indonesia,,991-593-0514
Carolyne,Semeradova,Terezín,07/09/1984,Czech Republic,csemeradova8o@indiegogo.com,473-566-4440
Jacklin,Giacoppoli,Corujeira,05/04/1999,Portugal,jgiacoppoli8p@cornell.edu,603-887-3907
Jazmin,Louch,Wŏnsan,12/20/1985,North Korea,jlouch8q@com.com,834-148-3706
Valerie,Dumbar,Vitória de Santo Antão,10/21/1983,Brazil,vdumbar8r@ezinearticles.com,720-378-1863
Kakalina,Darlington,Montpellier,02/18/1971,France,kdarlington8s@discuz.net,591-225-0306
Trisha,Haster,Liang,06/19/1980,Indonesia,,567-720-9452
Tammy,Sewill,Ronneby,09/03/1963,Sweden,tsewill8u@mapy.cz,459-442-6063
Danell,Anderton,Kolchikón,08/22/1990,Greece,danderton8v@boston.com,213-408-8209
Nolie,Oosthout de Vree,Sremski Karlovci,02/25/1995,Serbia,noosthoutdevree8w@google.cn,751-753-3895
Farra,Grinikhinov,Goubangzi,03/21/1960,China,fgrinikhinov8x@ifeng.com,281-593-8294
Donielle,Christescu,Sadovo,03/11/1995,Bulgaria,dchristescu8y@buzzfeed.com,202-654-8965
Ambrose,Perrins,,,,aperrins8z@epa.gov,
Herve,Gaythor,Cibogo,12/02/1995,Indonesia,hgaythor90@gmpg.org,197-577-8157
Hieronymus,Fawdry,Chiang Mai,02/19/1978,Thailand,hfawdry91@hexun.com,462-647-8108
Ki,Clemmensen,Xiexiong,07/16/1970,China,kclemmensen92@reuters.com,994-156-1948
Melisandra,Burnsall,Doumen,02/10/1970,China,mburnsall93@paginegialle.it,609-338-7726
Alleyn,Bott,Baltimore,10/22/1979,United States,abott94@i2i.jp,410-808-0621
Liuka,Jeremiah,Jiangna,02/17/1986,China,,259-713-4046
Aubrette,Ocklin,Rūdiškės,11/03/1984,Lithuania,aocklin96@freewebs.com,745-778-8232
Ardra,Coskerry,Gangshangji,11/27/1988,China,acoskerry97@vkontakte.ru,389-909-7335
Prentiss,Vawton,Barbacoas,10/05/1996,Venezuela,pvawton98@bing.com,566-623-3741
Holmes,Deighan,San Jose,07/18/1992,United States,hdeighan99@wikipedia.org,408-333-0170
Jada,Ragat,São Brás de Alportel,06/09/1959,Portugal,jragat9a@google.co.uk,268-304-0898
Delora,Della,Seririt,05/10/1982,Indonesia,ddella9b@ocn.ne.jp,409-921-9672
Christyna,Fantini,Taiyang,06/27/1978,China,cfantini9c@networksolutions.com,699-151-9611
Emily,Alphege,At Tawāhī,06/04/1963,Yemen,ealphege9d@china.com.cn,950-350-1012
Frankie,Hembling,Liushun,02/07/1964,China,fhembling9e@behance.net,109-508-2002
Pammy,Stileman,Phu Kradueng,11/09/1972,Thailand,pstileman9f@skyrock.com,135-154-7883
Zollie,Arnson,,,,,
Tito,Flarity,Arco de Baúlhe,09/05/1965,Portugal,tflarity9h@goodreads.com,730-634-5474
Cari,Clouter,Gaocheng,11/12/1983,China,cclouter9i@marketwatch.com,939-897-2836
Mikkel,Tattershaw,Vođinci,01/15/1973,Croatia,mtattershaw9j@elpais.com,534-946-5037
Hilda,Caig,Krylovskaya,04/04/1986,Russia,,253-296-1781
Jasper,Taborre,Longqiao,04/01/1969,China,jtaborre9l@4shared.com,377-706-7904
Olimpia,Gold,Horta,04/23/1973,Portugal,ogold9m@hc360.com,742-623-9781
Cicily,Landal,Artemisa,09/04/1994,Cuba,,963-512-7485
Noellyn,Stood,Rates,09/30/1983,Portugal,nstood9o@apple.com,896-971-8964
Zondra,Jammes,Nangalisan,01/26/1994,Philippines,zjammes9p@usnews.com,154-247-9491
Dianemarie,Donlon,Yirshi,08/30/1979,China,ddonlon9q@msn.com,637-574-6451
Jodi,Brechin,Oslo,07/10/1959,Norway,jbrechin9r@wunderground.com,898-757-6718
Roselle,Neumann,Martapura,09/29/1951,Indonesia,rneumann9s@twitpic.com,342-613-6776
Georgeanne,Stollenberg,Kuršumlija,05/23/1965,Serbia,gstollenberg9t@360.cn,825-414-1520
Aubrey,Marishenko,,,,amarishenko9u@bandcamp.com,
Katerine,Szymoni,Zongzhai,01/17/1993,China,kszymoni9v@unc.edu,529-855-4678
Vladamir,Lapthorne,Sukamaju,06/14/1975,Indonesia,vlapthorne9w@livejournal.com,138-678-8546
Miner,Erskine Sandys,Bangeran,10/26/1978,Indonesia,merskinesandys9x@privacy.gov.au,481-700-9637
Upton,Greetland,Castro Barros,06/06/1995,Argentina,ugreetland9y@tinypic.com,599-955-7304
Forester,McCloch,Wiwilí,07/15/1998,Nicaragua,fmccloch9z@theglobeandmail.com,637-468-0027
Moina,St Pierre,Santo Tomé,09/11/1984,Argentina,mstpierrea0@europa.eu,935-660-3204
Codee,Reuther,Nkove,05/21/1985,Tanzania,creuthera1@baidu.com,900-896-7977
Whitney,Keveren,Hekou,04/16/1979,China,wkeverena2@tripadvisor.com,866-889-2379
Alfred,Searles,Boyle,03/18/1959,Ireland,asearlesa3@globo.com,907-729-9564
Miltie,O'Quin,Turrialba,07/08/1975,Costa Rica,,888-713-4552
Thalia,Lightwing,Tuymazy,07/10/1951,Russia,tlightwinga5@xrea.com,781-378-7886
Antonina,McKernon,Hasaki,07/29/1956,Japan,amckernona6@state.tx.us,265-287-1257
Cynthea,Norvel,Stockholm,10/21/1964,Sweden,,260-504-3254
Travis,Shepland,Bebandem,06/05/1952,Indonesia,,537-168-3991
Andris,Graveney,Bor Tungge,05/02/1991,China,agraveneya9@nyu.edu,633-126-8154
Gasparo,Nutkin,Retreat,05/26/1961,South Africa,,367-322-8624
Johnath,Lownes,Cortes,02/11/1998,Philippines,jlownesab@alexa.com,960-896-5535
Staffard,Uebel,Penha Longa,07/11/1954,Portugal,suebelac@forbes.com,304-769-1143
Ninnette,Stidson,Huashu,11/30/1981,China,nstidsonad@latimes.com,467-732-0108
Baillie,Covert,Muikamachi,12/03/1996,Japan,bcovertae@csmonitor.com,452-457-0186
Kristyn,Bore,Marina,06/03/1977,Croatia,kboreaf@sogou.com,683-641-4896
Celestia,Blanshard,Rajapeni,06/28/1982,Indonesia,,398-383-6789
Michaela,Waleworke,Ipoh,09/26/1968,Malaysia,mwaleworkeah@baidu.com,622-534-3907
Lacee,Wetherell,Ţammūn,07/16/1960,Palestinian Territory,lwetherellai@360.cn,532-875-8624
Gwendolen,Girardengo,Taihe,04/24/1990,China,ggirardengoaj@constantcontact.com,790-936-3894
Skip,Chapman,Lianglin,01/14/1957,China,schapmanak@census.gov,790-385-7263
Tilly,Karby,Gogosuket,09/26/1971,Indonesia,tkarbyal@flickr.com,828-333-9314
Marianna,Rowdell,Xike,12/14/1995,China,mrowdellam@mozilla.org,974-961-8650
Lion,Dawby,Qingnianlu,12/07/1954,China,,305-387-4022
Dilan,Yarrall,Ipubi,11/28/1977,Brazil,dyarrallao@webnode.com,945-447-0405
Chicky,Poulgreen,Kawerau,09/04/1954,New Zealand,cpoulgreenap@ow.ly,260-687-2905
Morissa,Thunnercliff,Rennes,05/28/1981,France,mthunnercliffaq@1688.com,479-459-0041
Maddy,Bulfoy,Peraía,01/16/1988,Greece,mbulfoyar@indiatimes.com,161-540-5638
Maurita,Borleace,Strängnäs,03/03/1976,Sweden,,264-838-8063
Tally,Brocklehurst,Akron,11/27/1973,United States,tbrocklehurstat@npr.org,330-815-9545
Amalia,Loades,Grande Cache,08/02/1992,Canada,aloadesau@1688.com,175-100-9021
Wendy,Childes,Ad Dujayl,04/01/1978,Iraq,,285-150-1740
Lucius,Heyward,,,,,
Yorgos,Rolfini,Shimonoseki,11/26/1996,Japan,yrolfiniax@jigsy.com,884-354-7933
Ethelin,Barker,Vischongo,08/28/1981,Peru,ebarkeray@edublogs.org,309-233-1635
Murial,Blackly,Chalon-sur-Saône,01/24/1999,France,,787-501-5353
Todd,Brade,Lianyun,04/24/1993,China,tbradeb0@ning.com,688-309-8270
Giordano,Rolance,Al Marsá,08/11/1968,Tunisia,,384-786-1133
Tabitha,Knevet,Içara,01/29/1959,Brazil,,615-563-3320
Wright,Jest,Chironkamba,06/10/1983,Comoros,wjestb3@auda.org.au,388-727-0676
Abbie,Goulbourn,Na Yong,06/11/1960,Thailand,agoulbournb4@shutterfly.com,601-142-5976
Manny,Lovitt,Kezileboyi,02/01/1962,China,mlovittb5@icio.us,779-450-8462
Rosanna,Biskupiak,Kondrovo,03/01/1992,Russia,,991-393-7521
Christina,Ivchenko,Nyíregyháza,02/06/1993,Hungary,,307-305-8316
Prisca,Drain,Supu,03/21/1967,China,pdrainb8@chronoengine.com,678-988-9375
Christian,Hatliff,Yamango,11/08/1965,Peru,chatliffb9@ameblo.jp,458-430-5647
Saunder,Kimmitt,Huzhuang,11/02/1964,China,skimmittba@cdc.gov,542-570-9864
Chen,Orniz,Parungjawa,03/04/1987,Indonesia,cornizbb@fotki.com,203-322-1240
Kristoffer,Brennand,Novogireyevo,07/15/1981,Russia,kbrennandbc@google.com.au,169-562-6293
Jan,Milborn,Mikhaylovskoye,04/27/1973,Russia,jmilbornbd@icq.com,520-783-5628
Ajay,Dilnot,Lutou,08/15/1999,China,adilnotbe@wisc.edu,174-101-8402
Tildi,Jaume,Silab,06/08/1981,Philippines,tjaumebf@fastcompany.com,713-351-0430
Alexia,Prestland,Saint-Lô,09/04/1960,France,aprestlandbg@nsw.gov.au,632-338-5665
Brittney,Gronno,Motge,04/21/1989,China,,995-935-4156
Cleo,Laydel,Calgary,11/14/1964,Canada,,123-548-8529
Ermengarde,Haliburn,Santa Iria de Azóia,04/14/1960,Portugal,ehaliburnbj@e-recht24.de,546-933-1230
Terry,Prater,Igir-igir,07/10/1975,Indonesia,tpraterbk@state.tx.us,725-501-8275
Eleen,Covet,Puntaru,07/03/1958,Indonesia,,648-431-9223
Brandi,Sadd,Södertälje,07/11/1965,Sweden,bsaddbm@pcworld.com,819-758-0707
Koren,Scatchard,Gorjani,03/20/1976,Croatia,kscatchardbn@dedecms.com,698-170-7328
Ellsworth,Carwardine,,,,,
Faunie,Sebyer,Comé,10/28/1978,Benin,fsebyerbp@pcworld.com,597-451-2579
Darla,Garbutt,Mairiporã,11/21/1994,Brazil,dgarbuttbq@clickbank.net,800-185-7851
Hayes,Chilles,Svedala,11/07/1973,Sweden,hchillesbr@example.com,407-780-2103
Bebe,Panons,Sukadana Selatan,10/23/1978,Indonesia,bpanonsbs@chron.com,163-735-7916
Caro,Dinsdale,Portela,06/26/1970,Portugal,cdinsdalebt@japanpost.jp,793-491-5532
Wang,Heape,Voorburg,04/03/1974,Netherlands,wheapebu@smugmug.com,496-274-0902
Sam,Plumer,Colcabamba,04/17/1958,Peru,splumerbv@pcworld.com,967-357-7233
Adria,Searle,Beijie,07/27/1959,China,asearlebw@networksolutions.com,875-343-7092
Nicky,Olivet,Richard-Toll,07/20/1993,Senegal,nolivetbx@marriott.com,701-678-9018
Ingeborg,Conant,Cunha,11/08/1975,Brazil,iconantby@scribd.com,445-659-4115
Beryle,Illingsworth,Sjöbo,05/17/1976,Sweden,,321-290-2777
Carmina,MacGeffen,,,,cmacgeffenc0@opensource.org,
Tobey,Dilleston,Los Fresnos,08/13/1962,Mexico,,888-660-9237
Alyda,Sapwell,Wangmo,09/21/1964,China,asapwellc2@tripadvisor.com,350-579-5297
Rudolf,Janusz,Qingyang,11/05/1970,China,rjanuszc3@spiegel.de,964-991-6199
Ileane,Elgy,Beskolen,01/01/1961,Indonesia,,929-970-9333
Garret,Furber,Zandak,11/20/1994,Russia,gfurberc5@google.co.jp,276-706-6894
Abey,Harrill,Kokaj,10/10/1959,Albania,aharrillc6@buzzfeed.com,781-980-5319
Eloisa,Livens,Al Ma‘baţlī,10/20/1970,Syria,elivensc7@washingtonpost.com,671-290-5754
Kira,Baudou,T’ongch’ŏn-ŭp,04/19/1956,North Korea,kbaudouc8@ucla.edu,802-958-0837
Bernete,East,Eastern Suburbs Mc,09/05/1999,Australia,beastc9@nbcnews.com,610-216-0037
Biron,Cluelow,Balqash,08/10/1983,Kazakhstan,bcluelowca@google.com.au,137-718-1700
Olympie,Jefferies,Brzyska,02/11/1966,Poland,ojefferiescb@soup.io,964-268-9808
Florrie,Elener,Xiakou,04/01/1952,China,felenercc@shareasale.com,362-693-1631
Stillmann,Yitzovicz,Göteborg,03/25/1964,Sweden,syitzoviczcd@behance.net,382-798-7063
Katrine,Jovicic,Vitrolles,04/05/1985,France,kjovicicce@yale.edu,467-126-5030
Janek,Stanyer,Waipare,07/18/1978,Indonesia,jstanyercf@bloomberg.com,339-424-3117
Bink,Fairhall,Bria,04/15/1998,Central African Republic,bfairhallcg@economist.com,431-912-5683
Adan,Bentje,Banaran,09/04/1961,Indonesia,,411-920-8285
Goraud,Jancey,Copa,02/17/1964,Peru,gjanceyci@ovh.net,550-886-5946
Jarrett,McSperron,Aygestan,06/02/1954,Armenia,jmcsperroncj@admin.ch,746-505-6864
Cloe,Finch,Capanema,04/13/1958,Brazil,,101-590-5822
Lindsey,Alcock,Ermida,09/19/1956,Portugal,,969-441-3087
Colan,Royston,Bangan-Oda,03/20/1959,Philippines,croystoncm@dagondesign.com,961-965-3994
Lydon,Canadas,Moutsamoudou,08/10/1997,Comoros,lcanadascn@amazon.co.uk,743-924-7491
Jackqueline,Newarte,Pedra Branca,01/22/1993,Brazil,jnewarteco@reference.com,843-751-4708
Madlen,Lerohan,Diego de Almagro,03/15/1974,Chile,mlerohancp@topsy.com,570-513-3735
Dani,Landy,Vanimo,08/30/1950,Papua New Guinea,dlandycq@etsy.com,633-803-5581
Constantina,Fosdick,Puor,05/16/1998,Indonesia,cfosdickcr@moonfruit.com,312-116-3366
Clementius,Northedge,Jackson,05/23/1951,United States,cnorthedgecs@t.co,601-948-9895
Derek,Hullot,Sake,03/06/1952,Democratic Republic of the Congo,,130-280-9127
Robinetta,Sedge,Taldom,04/20/1989,Russia,rsedgecu@nytimes.com,739-195-0048
Leah,Villa,Picoto,05/24/1975,Portugal,,520-460-4773
Wandie,Ranscombe,Topchikha,06/10/1989,Russia,wranscombecw@ft.com,879-496-7750
Marcela,Worrill,Могила,02/12/1975,Macedonia,,514-990-6086
Viki,McParlin,Terezín,03/25/1980,Czech Republic,vmcparlincy@hostgator.com,219-367-9716
Kimball,Drewell,Uummannaq,04/10/1984,Greenland,kdrewellcz@seattletimes.com,517-401-6545
Northrup,Waight,Söderhamn,06/24/1965,Sweden,nwaightd0@springer.com,107-225-1459
Sandro,Hadden,Jocón,09/17/1978,Honduras,,310-975-9042
Rosella,Jope,Tanjungsari Barat,09/27/1990,Indonesia,,417-507-6930
Ruby,Antcliffe,Gangjia,10/20/1970,China,rantcliffed3@cyberchimps.com,164-141-5194
Cosmo,Stote,Boulogne-Billancourt,03/05/1990,France,cstoted4@hao123.com,405-569-3773
Kay,Monks,Mompós,04/20/1953,Colombia,kmonksd5@livejournal.com,446-173-5242
Marcel,Flear,Taozhou,01/08/1998,China,mfleard6@cmu.edu,686-441-4287
Hamlin,Boldock,Kafr Nubl,10/06/1998,Syria,hboldockd7@wired.com,473-272-0550
Joshia,Herity,Arras,06/18/1991,France,jherityd8@360.cn,520-755-6865
Rosina,Wildash,,,,rwildashd9@dyndns.org,
Lisle,MacCarroll,Malaya Dubna,06/28/1988,Russia,lmaccarrollda@sphinn.com,263-838-1674
Pattin,Whelpton,Visim,11/26/1963,Russia,pwhelptondb@fastcompany.com,539-106-3725
Michaeline,Gilchriest,Lakki Marwat,02/07/1973,Pakistan,mgilchriestdc@paginegialle.it,930-195-8087
Tove,todor,Margoyoso,01/27/1974,Indonesia,ttodordd@squarespace.com,322-847-5763
Boigie,Warmisham,Dongming,08/20/1989,China,bwarmishamde@blog.com,845-261-4881
Brooks,Midden,San Juan de Manapiare,06/19/1957,Venezuela,bmiddendf@myspace.com,969-877-1069
Jaime,Shyram,Sengeti,11/30/1986,Indonesia,,856-580-1124
Terri,Blaschke,Tabor,01/18/1972,Slovenia,tblaschkedh@fotki.com,101-817-0774
Audy,Hungerford,Smedjebacken,12/15/1953,Sweden,,819-836-4673
Noe,Bosch,Xiaozhoushan,08/28/1969,China,nboschdj@tripadvisor.com,391-556-7027
Fianna,Kern,,,,,
Michal,Raysdale,Snegiri,03/06/1971,Russia,mraysdaledl@zimbio.com,309-653-3780
Errol,Kmieciak,Snizhne,10/07/1956,Ukraine,ekmieciakdm@soup.io,131-726-1217
Sky,Bullier,Rodas,09/29/1972,Cuba,sbullierdn@creativecommons.org,164-877-1994
Rahal,McEnteggart,Raejeru,09/05/1995,Indonesia,,786-112-6066
Oren,Shinefield,Qinghe,01/24/1983,China,,194-212-2883
Kendra,Greenhalgh,Sere,04/02/1998,Indonesia,kgreenhalghdq@pen.io,217-473-9571
Birch,Brine,Mailsi,05/10/1990,Pakistan,bbrinedr@domainmarket.com,399-728-7420
Arron,Grenshiels,Provo,05/11/1968,United States,agrenshielsds@etsy.com,801-854-7492
Ofelia,Beincken,,,,,
Elvira,Mullany,Masantol,02/18/1998,Philippines,emullanydu@blogspot.com,306-832-1834
Enos,Thaim,Jargalant,04/04/1993,Mongolia,ethaimdv@tripadvisor.com,748-829-7406
Catarina,Enstone,,,,,
Barnabe,Stroban,Lyon,08/28/1966,France,bstrobandx@unblog.fr,921-456-6689
Maxy,Betton,Del Valle,04/19/1963,Mexico,mbettondy@samsung.com,964-889-9172
Pier,Forsyde,Kute,07/24/1998,Indonesia,pforsydedz@cafepress.com,338-551-7948
Jesse,Blaiklock,,,,jblaiklocke0@netscape.com,
Conrad,McInteer,,,,cmcinteere1@youtube.com,
Elwira,Callcott,Bondo,08/03/1952,Democratic Republic of the Congo,ecallcotte2@blogtalkradio.com,666-348-3618
Ruy,Loft,Tomislavgrad,01/09/1984,Bosnia and Herzegovina,rlofte3@fda.gov,172-491-6737
Jacquelynn,Thewles,Stockholm,09/08/1986,Sweden,jthewlese4@deliciousdays.com,251-430-2035
Vassily,Harsant,Emiliano Zapata,01/06/1975,Mexico,vharsante5@mapy.cz,463-679-4930
Ebony,O'Henery,,,,eohenerye6@wikimedia.org,
Westley,Burchfield,Água Retorta,05/10/1983,Portugal,wburchfielde7@toplist.cz,195-401-8253
Tracie,McQuaid,Bairro,04/23/1955,Portugal,tmcquaide8@meetup.com,349-353-2041
Marve,Lensch,Pidvolochys’k,07/07/1955,Ukraine,mlensche9@twitpic.com,438-370-0190
Niki,Ainsbury,Linqu,06/02/1975,China,,671-680-3200
Padraig,Gocher,Kuala Lumpur,08/12/1951,Malaysia,,188-774-6813
Glyn,Piper,Maszewo Duże,09/16/1980,Poland,gpiperec@msn.com,314-485-3727
Franky,Bristowe,Tobias Fornier,01/16/1980,Philippines,fbristoweed@whitehouse.gov,693-662-1837
Alfy,Pochin,Cayara,02/01/1967,Peru,apochinee@nps.gov,729-515-8683
Aland,Daykin,Zhigulevsk,12/23/1988,Russia,adaykinef@tiny.cc,590-760-5232
Martha,Bettesworth,Raleigh,04/05/1982,United States,mbetteswortheg@w3.org,919-327-5803
Trista,Lopes,Paloh,03/17/1992,Indonesia,tlopeseh@cbc.ca,104-605-5388
Joyous,Rycraft,,,,jrycraftei@imdb.com,
Gertrud,Farryn,Żabbar,03/05/1991,Malta,,636-568-2212
De witt,Trevithick,Stockholm,12/25/1969,Sweden,dtrevithickek@narod.ru,221-891-2015
Julienne,Owlner,Siluko,02/08/1961,Nigeria,jowlnerel@jugem.jp,600-759-9815
Cord,Ebbutt,Pahing Jalatrang,04/01/1991,Indonesia,cebbuttem@seesaa.net,810-352-6491
Desdemona,Abbotson,Mabai,02/07/1967,China,dabbotsonen@google.nl,602-475-9064
Amandy,Domanek,Kabir,11/18/1995,Indonesia,adomanekeo@youku.com,519-574-7124
Elvyn,McPhater,Compiègne,02/10/1975,France,emcphaterep@jalbum.net,832-568-5664
Georgina,Alldis,Kushiro,10/12/1979,Japan,galldiseq@imdb.com,612-785-9378
Lin,Gaymar,Mineralnye Vody,06/24/1988,Russia,,128-997-3987
Ninetta,Smalls,San Luis,04/09/1950,Mexico,nsmallses@geocities.com,994-116-6400
Ryan,Vogelein,Kanturk,10/22/1992,Ireland,rvogeleinet@hatena.ne.jp,731-395-2029
Tessy,Henriquet,,,,thenriqueteu@clickbank.net,
Dar,Ahrens,Sumbergedong,12/22/1956,Indonesia,dahrensev@weibo.com,591-421-1497
Murry,Baumer,Vitória do Mearim,05/06/1978,Brazil,mbaumerew@imdb.com,961-395-9556
Daryle,McGunley,Koudougou,10/27/1974,Burkina Faso,dmcgunleyex@pbs.org,315-597-9639
Cheslie,Bezarra,Jaboatão,01/13/1953,Brazil,cbezarraey@a8.net,504-295-4094
Ben,Scraney,Zhangjia,03/23/1956,China,bscraneyez@google.com.hk,381-609-3910
Carmine,Burburough,Dukay,02/28/1997,Philippines,cburburoughf0@msu.edu,459-856-6424
Sawyer,Bourdas,Santiago del Estero,12/29/1990,Argentina,sbourdasf1@aol.com,709-161-7308
Yorke,Leare,Książki,02/03/1972,Poland,ylearef2@java.com,334-862-6908
Thatch,Chopin,Bentengjawa,08/27/1984,Indonesia,,727-642-9661
Maure,McKelloch,Santa Rosa,01/03/1973,Argentina,,359-237-8439
Ruddy,Cudihy,San Isidro,12/20/1997,Philippines,rcudihyf5@creativecommons.org,135-452-1020
Banky,Labba,Chengguan,07/26/1964,China,blabbaf6@freewebs.com,299-951-6778
Gerik,Matelyunas,Wola Jachowa,05/28/1993,Poland,gmatelyunasf7@phpbb.com,973-708-8940
Sonja,Daudray,Melaka,12/11/1959,Malaysia,sdaudrayf8@amazon.co.uk,752-266-9413
Bartlet,Northern,Kotuń,04/18/1961,Poland,,821-566-0939
Leone,Blunden,Fengyang,11/29/1985,China,lblundenfa@utexas.edu,534-109-2645
Hardy,Bothwell,Niños Heroes,05/19/1952,Mexico,,882-642-8574
Hal,Busswell,Za‘tarah,03/25/1984,Palestinian Territory,hbusswellfc@independent.co.uk,736-226-7436
Vonnie,Berlin,Muara,01/20/1964,Indonesia,vberlinfd@sfgate.com,916-835-6479
Nissie,Leeb,Datar,06/12/1969,Indonesia,nleebfe@twitpic.com,567-244-3516
Debby,Lambell,Ronglong,01/26/1965,China,dlambellff@studiopress.com,562-419-6065
Humfried,Wheeler,Jeremoabo,02/01/1963,Brazil,hwheelerfg@yale.edu,876-586-6051
Hanson,Normavell,Maoping,10/13/1966,China,hnormavellfh@angelfire.com,193-268-1553
Nels,Borzoni,Milove,10/03/1990,Ukraine,nborzonifi@cbc.ca,619-900-9458
Read,Gurnett,Kōnan,07/13/1952,Japan,,769-234-6146
Waneta,Spacie,Belmullet,07/22/1965,Ireland,wspaciefk@storify.com,858-979-8832
Dominica,Revening,Lebahseri,11/05/1999,Indonesia,,595-722-6257
Lacie,Nano,Jerez,06/05/1998,Guatemala,lnanofm@desdev.cn,662-600-3215
Bjorn,Ren,Insua,06/21/1997,Portugal,,424-433-6934
Jobye,Hearnes,Marcara,08/18/1951,Peru,jhearnesfo@google.it,788-907-9551
Kittie,Mayte,Marapat,04/26/1982,Indonesia,kmaytefp@cnbc.com,308-745-8776
Jamil,Melbourn,Jianyangping,06/11/1971,China,jmelbournfq@xrea.com,646-169-3656
Mechelle,Coggen,Pilang,01/25/1952,Indonesia,mcoggenfr@dyndns.org,599-866-9393
Julienne,Kemmet,Amieira,01/17/1971,Portugal,jkemmetfs@tinyurl.com,357-939-8986
Townie,Gitting,Stockholm,04/20/1961,Sweden,tgittingft@pen.io,555-846-2069
Kippie,Shevels,Hengli,09/05/1966,China,kshevelsfu@google.fr,773-242-6762
Yevette,Ferminger,Orhon,06/19/1959,Mongolia,,223-632-2857
Jeremiah,McEwen,Xingyi,05/16/1992,China,jmcewenfw@a8.net,438-672-0437
Orbadiah,Bowser,Al Jīzah,02/08/1963,Egypt,obowserfx@soup.io,260-724-9206
Pietro,Stroud,Boden,02/21/1959,Sweden,pstroudfy@apple.com,367-870-3042
Belinda,Crowche,Garden Grove,10/27/1958,United States,bcrowchefz@livejournal.com,714-126-5149
Leroy,Titherington,El Marañón,07/01/1967,Honduras,ltitheringtong0@surveymonkey.com,437-148-1117
Calhoun,Danshin,Kŭrdzhali,05/02/1983,Bulgaria,cdanshing1@wordpress.com,523-942-7858
Gerick,Cullinan,Gaopai,08/03/1971,China,gcullinang2@nhs.uk,960-215-2079
Martha,Ughetti,Condado,06/22/1965,Cuba,mughettig3@ifeng.com,181-554-3773
Barnabe,Garrigan,San Rafael Oriente,06/01/1976,El Salvador,bgarrigang4@toplist.cz,552-563-7994
Darn,Downe,Täby,07/19/1983,Sweden,ddowneg5@youtu.be,874-609-9779
Allegra,Vagges,Cala,11/29/1960,South Africa,avaggesg6@admin.ch,205-664-7623
Pauly,Thoms,Mabamba,02/09/1965,Tanzania,pthomsg7@creativecommons.org,480-614-2037
Jaquenetta,Lazonby,Voskresensk,05/10/1968,Russia,jlazonbyg8@de.vu,914-346-8468
Dorthea,Millard,Bodø,05/29/1970,Norway,,520-103-4365
Allyce,Heathorn,Muchkapskiy,11/20/1950,Russia,aheathornga@berkeley.edu,350-229-5637
Sal,Kiloh,San Buenaventura,12/21/1985,Honduras,skilohgb@goodreads.com,885-937-0539
Genni,Van Arsdall,Mrzeżyno,09/30/1996,Poland,gvanarsdallgc@yelp.com,630-478-9914
Georgianna,Koenen,Bardiyā,09/12/1962,Nepal,gkoenengd@csmonitor.com,317-824-1346
Gwyneth,Jopp,Stockholm,05/31/1959,Sweden,gjoppge@typepad.com,422-161-7090
Melony,Pordal,Al Fayyūm,10/11/1968,Egypt,mpordalgf@google.de,837-124-2625
Harrie,Billham,Jacarezinho,04/17/1992,Brazil,hbillhamgg@howstuffworks.com,427-895-5611
Waldo,Grimsell,Tomaszów Mazowiecki,04/04/1966,Poland,wgrimsellgh@zimbio.com,966-557-5937
Casie,Docket,Saryaghash,04/09/1971,Kazakhstan,cdocketgi@virginia.edu,792-447-4540
Lamont,Orleton,Donglu,02/02/1993,China,lorletongj@cocolog-nifty.com,896-607-7876
Art,L'Episcopi,Banyulegi,09/13/1986,Indonesia,alepiscopigk@comsenz.com,945-245-3110
Vivianna,Ivshin,Voznesen’ye,11/27/1982,Russia,vivshingl@flavors.me,676-156-9934
Tracey,Webling,Noebana,11/10/1956,Indonesia,tweblinggm@go.com,970-884-2369
Emmit,Andrioli,Kohtla-Järve,02/08/1963,Estonia,eandriolign@desdev.cn,184-795-9667
Sergio,Greenroyd,Vellinge,01/25/1981,Sweden,sgreenroydgo@constantcontact.com,458-396-6948
Kailey,Jelly,Tây Đằng,06/08/1997,Vietnam,kjellygp@mit.edu,157-355-5306
Earvin,Zannelli,Tuwa,02/03/1962,Indonesia,ezannelligq@youku.com,687-127-0957
Alyss,Burtenshaw,Lokuuy,10/28/1972,Indonesia,aburtenshawgr@disqus.com,107-415-3590
Orella,Houson,Kibre Mengist,04/29/1957,Ethiopia,ohousongs@about.me,556-517-5770
Maighdiln,Lethley,Nuyno,01/06/1991,Ukraine,mlethleygt@typepad.com,772-648-0922
Renee,Finlaison,Jintun,07/07/1958,China,rfinlaisongu@tuttocitta.it,199-326-0023
Gamaliel,Boustead,Nangewer,10/03/1953,Indonesia,gbousteadgv@google.com,424-736-2334
Aluin,Corwood,Pirapozinho,02/07/1987,Brazil,acorwoodgw@wunderground.com,527-562-6861
Petrina,Ponde,Njeru,08/10/1965,Uganda,ppondegx@ask.com,615-233-2472
Drucie,Kincaid,Sabóia,02/26/1990,Portugal,dkincaidgy@chronoengine.com,806-353-9429
Aridatha,Brogi,Nunleu,01/02/1985,Indonesia,abrogigz@cnn.com,861-229-5013
Buckie,MacConnulty,Toyonaka,10/21/1982,Japan,bmacconnultyh0@wp.com,271-942-9930
Jobi,Buckam,Flor da Rosa,07/12/1967,Portugal,jbuckamh1@alexa.com,706-645-9704
Jacqui,McAdam,Pawa,03/05/1969,Philippines,jmcadamh2@weather.com,336-981-7642
Evelyn,Giacobilio,Khairpur,11/24/1992,Pakistan,,741-372-1215
Avery,Bein,Xukou,06/03/1952,China,abeinh4@state.gov,812-138-0094
Merna,Burren,Arkalyk,05/07/1999,Kazakhstan,,961-706-2284
Walliw,Davidsohn,Kuala Terengganu,05/28/1982,Malaysia,wdavidsohnh6@ca.gov,546-490-9335
Haven,Kondrachenko,Neópolis,12/07/1988,Brazil,hkondrachenkoh7@eepurl.com,245-242-5483
Gilberto,Farrin,Mahanoro,05/29/1953,Madagascar,gfarrinh8@tumblr.com,376-939-8409
Nikkie,Gomer,Kuripan,04/13/1956,Indonesia,,300-454-8413
Rhona,Spellicy,Yangcun,01/21/1956,China,rspellicyha@comcast.net,503-448-6406
Asher,Terzza,Bakhmach,04/24/1972,Ukraine,aterzzahb@drupal.org,507-572-6655
Rainer,Skellorne,Lyskovo,07/04/1991,Russia,rskellornehc@smugmug.com,279-475-0861
Patrica,Hayhurst,Olho Marinho,07/17/1973,Portugal,,107-241-0554
Ebenezer,O'Shea,Xagqu,01/14/1982,China,eosheahe@disqus.com,848-876-7845
Padraig,Plaschke,Saint-Louis,06/22/1964,Senegal,pplaschkehf@google.fr,521-651-3300
Obed,Marciskewski,Chernelytsya,07/11/1981,Ukraine,omarciskewskihg@shareasale.com,612-854-3650
Benjy,Marvelley,Villa Altagracia,10/30/1953,Dominican Republic,bmarvelleyhh@businessweek.com,923-596-4784
Kally,Plaid,Nanhe,04/05/1993,China,kplaidhi@ft.com,354-776-8762
Gerta,Chupin,Margorejo,06/22/1969,Indonesia,gchupinhj@blogs.com,610-899-4571
Ronnie,Gronou,Tolbazy,05/19/1992,Russia,rgronouhk@usa.gov,420-520-2089
Niccolo,Murrthum,Vratsa,03/12/1964,Bulgaria,nmurrthumhl@macromedia.com,856-465-4976
Eal,Mushrow,Temizhbekskaya,04/09/1955,Russia,emushrowhm@tiny.cc,266-233-2582
Kelsey,McAughtry,Gaotieling,05/14/1963,China,kmcaughtryhn@mysql.com,506-395-0336
Teodoor,Caffin,Huancaray,07/27/1972,Peru,tcaffinho@prlog.org,225-432-1038
Rodolphe,Sibery,Boden,02/08/1955,Sweden,,305-556-5431
Darcee,Vase,Pelasgía,07/06/1960,Greece,dvasehq@ebay.co.uk,534-745-3396
Michaela,Aylett,Kwali,04/11/1958,Nigeria,mayletthr@sciencedaily.com,369-897-9470
Elli,Vittery,Chengcun,08/26/1993,China,evitteryhs@usatoday.com,160-401-2926
Leonora,Greensted,Malczyce,04/15/1953,Poland,lgreenstedht@youtube.com,408-260-7914
Erasmus,Moffet,Babakankadu,12/07/1962,Indonesia,emoffethu@cbsnews.com,799-464-8243
Junia,Broome,Pocora,12/31/1986,Costa Rica,,264-842-4398
Francine,Follitt,København,04/23/1955,Denmark,ffollitthw@economist.com,424-205-4579
Ardenia,Hambleton,Xinquan,04/13/1961,China,ahambletonhx@twitpic.com,465-300-2957
Aindrea,Yersin,Oxbow,10/11/1956,Canada,,775-874-5281
Palmer,Pimblotte,Xinmin,07/28/1977,China,ppimblottehz@delicious.com,144-789-4779
Rosina,Ellerington,Nancy,01/07/1992,France,relleringtoni0@hao123.com,820-634-7770
Lynelle,Tyzack,Paradahan,10/01/1955,Philippines,,676-213-3075
Merralee,Attock,Houmen,05/31/1959,China,mattocki2@wikimedia.org,236-433-7737
Gilli,McFarlane,Kandahār,09/05/1950,Afghanistan,gmcfarlanei3@naver.com,324-512-6252
Odey,Shills,El Ksour,09/10/1978,Tunisia,oshillsi4@narod.ru,763-998-8377
Isadora,Trevascus,Yalagüina,11/10/1959,Nicaragua,itrevascusi5@ucsd.edu,858-293-7260
Shepard,Feetham,Baiyang,10/21/1972,China,sfeethami6@freewebs.com,532-370-3690
Laurice,Montgomery,Taihu,01/10/1994,China,lmontgomeryi7@nytimes.com,337-570-0629
Hermia,Wickenden,Nova Viçosa,01/03/1983,Brazil,hwickendeni8@reddit.com,395-725-2817
Robbi,Ceresa,Tāndo Mittha Khān,06/23/1966,Pakistan,rceresai9@topsy.com,483-414-6788
Clark,Tuckett,,,,ctuckettia@zdnet.com,
Fayre,Navan,,,,fnavanib@sciencedaily.com,
Deane,Grainge,Hutag,09/23/1966,Mongolia,dgraingeic@blinklist.com,233-129-9035
Torin,Worrell,Zhetang,08/31/1956,China,tworrellid@bandcamp.com,807-854-6252
Ingrim,Petticrow,Fort Wayne,12/02/1993,United States,ipetticrowie@g.co,260-183-8094
Britney,Tallach,,,,btallachif@friendfeed.com,
Sammy,Dungey,Gorna Oryakhovitsa,05/06/1996,Bulgaria,sdungeyig@360.cn,391-125-9901
Tarrah,Teodoro,Pantanal,01/06/1979,Brazil,tteodoroih@examiner.com,932-199-9061
Huntley,Pymar,Paarl,10/18/1966,South Africa,hpymarii@canalblog.com,752-119-2058
Sheff,Morilla,Pak Phanang,11/05/1959,Thailand,smorillaij@wunderground.com,256-505-2129
Sauncho,Kingswood,Danyang,09/02/1976,China,skingswoodik@chronoengine.com,978-251-8961
Evered,Loveguard,Zabłocie,03/30/1999,Poland,eloveguardil@who.int,819-333-6475
Vick,Berrane,Andop,01/09/1971,Philippines,vberraneim@wp.com,473-844-1743
Gris,Foyster,Caitang,01/22/1972,China,gfoysterin@wordpress.org,216-988-9283
Rriocard,Barhems,Telaga,11/17/1984,Indonesia,rbarhemsio@netlog.com,301-385-1117
Heddi,Dawtry,Arjasari,02/21/1994,Indonesia,hdawtryip@cyberchimps.com,381-126-4234
Mikaela,Spykings,Pacarkeling,02/05/1998,Indonesia,,550-187-5982
Gideon,Sworn,Zhitan,04/20/1976,China,gswornir@smh.com.au,675-137-3736
Mary,Tabour,Baota,07/08/1987,China,mtabouris@hao123.com,631-702-1458
Corie,Nesfield,Lephalale,11/25/1954,South Africa,cnesfieldit@webeden.co.uk,790-954-8046
Elisa,Dahler,Berdyans’k,03/09/1981,Ukraine,edahleriu@cbslocal.com,932-180-5530
Carolin,Crowden,Taluncemara,02/08/1950,Indonesia,ccrowdeniv@bloomberg.com,539-470-2245
Gilemette,Koppen,Magsaysay,12/30/1979,Philippines,gkoppeniw@eepurl.com,444-187-3615
Rora,Hargey,Chengdong,09/22/1952,China,rhargeyix@accuweather.com,774-938-2456
Maurise,Mithan,Ushuaia,03/05/1967,Argentina,mmithaniy@hhs.gov,807-712-2523
Dun,Jemmett,Bydgoszcz,07/02/1995,Poland,djemmettiz@woothemes.com,133-856-4022
Imogen,Firminger,Carcassonne,05/30/1985,France,ifirmingerj0@theglobeandmail.com,349-956-4612
Merill,O'Scanlan,Düsseldorf,05/27/1967,Germany,,140-135-4477
Ernie,Cockarill,Mpumalanga,03/27/1974,South Africa,ecockarillj2@utexas.edu,169-122-0918
Nefen,Harrad,Valbo,11/16/1985,Sweden,nharradj3@dailymail.co.uk,494-718-9807
Alair,Gollin,Los Angeles,01/04/1967,United States,agollinj4@flavors.me,213-929-0450
Hamil,Ragdale,Anyar,09/16/1951,Indonesia,hragdalej5@blogspot.com,943-574-1257
Danila,Acarson,Tonoas Municipal Building,08/09/1964,Micronesia,dacarsonj6@loc.gov,436-765-9937
Zia,Boorne,Potlot,04/01/1959,Indonesia,zboornej7@blogspot.com,716-311-8167
Phyllis,McConway,Qingxi,03/08/1982,China,pmcconwayj8@spotify.com,634-258-7329
Caroljean,Guage,Fengcheng,04/05/1993,China,cguagej9@cam.ac.uk,416-312-0558
Jessalyn,Roofe,Shiroishi,05/30/1961,Japan,jroofeja@gnu.org,986-640-0149
Wyndham,Hunston,Mustvee,08/27/1954,Estonia,whunstonjb@cdbaby.com,264-386-2362
Augustine,Meece,Fort Worth,02/13/1970,United States,ameecejc@businesswire.com,682-103-1607
Sky,Ravelus,Ceerigaabo,09/03/1981,Somalia,,196-201-2895
Kane,Dosdell,Zhongxin,05/29/1960,China,,821-217-9857
Bernarr,Mosby,Buôn Ma Thuột,07/27/1966,Vietnam,,442-494-6591
Noll,Bosden,Moca,09/19/1959,Dominican Republic,nbosdenjg@bigcartel.com,188-562-4000
Oran,Suthworth,Lubasz,02/21/1959,Poland,osuthworthjh@ycombinator.com,218-142-4448
Fionna,Cordeiro,Soavinandriana,11/21/1972,Madagascar,fcordeiroji@dell.com,650-869-8368
Obidiah,Karpol,Seoul,02/11/1964,South Korea,okarpoljj@mapy.cz,879-787-5617
Yoshi,Lambertazzi,Villa Carlos Paz,08/18/1988,Argentina,ylambertazzijk@answers.com,464-374-3604
Hanna,Januszewicz,Kąty Wrocławskie,08/11/1970,Poland,hjanuszewiczjl@dailymail.co.uk,665-670-1648
Chanda,Dallosso,Lukovica pri Domžalah,12/30/1959,Slovenia,cdallossojm@china.com.cn,383-743-2169
Dmitri,Panketh,Batiovo,03/14/1994,Ukraine,dpankethjn@toplist.cz,869-579-8456
King,Duckerin,Ágio Pnévma,12/11/1972,Greece,kduckerinjo@woothemes.com,896-102-2836
Pedro,Jobbins,Sulbiny Górne,07/17/1992,Poland,pjobbinsjp@posterous.com,902-477-1628
Jermaine,Goodswen,Slovenj Gradec,10/03/1999,Slovenia,jgoodswenjq@senate.gov,268-736-3098
Arleta,Philippon,Savelugu,09/24/1973,Ghana,aphilipponjr@economist.com,761-767-7332
Scarlet,Westoll,San Rafael,12/20/1958,Philippines,,614-365-1994
Lesley,Ruusa,Kaduna,03/24/1986,Nigeria,,519-407-7836
Meryl,Trank,Sigli,04/03/1951,Indonesia,mtrankju@imdb.com,352-459-1085
Olive,Millom,Halinów,06/03/1986,Poland,omillomjv@addtoany.com,730-227-2022
Hollyanne,Hindshaw,Indang,09/14/1998,Philippines,hhindshawjw@ask.com,832-515-8073
Devland,Franiak,Dijon,12/14/1962,France,dfraniakjx@nationalgeographic.com,347-878-3599
Marty,Morad,Sijing,04/03/1970,China,mmoradjy@blinklist.com,302-635-0682
Wyn,Spadelli,Arnhem,06/27/1994,Netherlands,wspadellijz@msu.edu,186-224-8337
Daffi,Godier,El Matama,10/25/1972,Sudan,dgodierk0@rediff.com,202-104-3799
Jocelyn,Kinner,Chornukhyne,12/26/1983,Ukraine,jkinnerk1@sitemeter.com,483-531-9721
Glynn,Imorts,Svay Rieng,04/30/1964,Cambodia,gimortsk2@spotify.com,503-390-4216
Julieta,Camilli,Nida,08/10/1995,Lithuania,,900-542-6658
Gabby,Chasmoor,Libode,03/01/1960,South Africa,gchasmoork4@wordpress.com,730-266-3746
Mehetabel,Teasdale-Markie,Macatuba,09/10/1989,Brazil,mteasdalemarkiek5@goodreads.com,369-859-7207
Ives,Lamblin,Novallas,08/03/1986,Philippines,ilamblink6@cmu.edu,550-546-3116
Karly,Laffin,,,,klaffink7@mail.ru,
Cody,Proger,Tyresö,06/13/1988,Sweden,cprogerk8@google.ca,218-126-0965
Tabatha,Poile,Xizhong,08/26/1965,China,tpoilek9@privacy.gov.au,757-371-0036
Augusta,Camel,Lethbridge,10/15/1976,Canada,acamelka@yale.edu,863-932-0514
Neville,Twelftree,San Diego,11/17/1992,Costa Rica,ntwelftreekb@shareasale.com,913-987-6802
Marybeth,McCloughen,Wulin,01/28/1960,China,,183-901-6298
Odelia,Seide,Borgustanskaya,03/19/1962,Russia,oseidekd@marketwatch.com,212-517-8731
Heidie,Ridsdole,Songkar B,05/26/1992,Indonesia,hridsdoleke@blogger.com,655-175-1885
Calli,Tour,Korçë,04/30/1987,Albania,ctourkf@usnews.com,126-192-7727
Kelsi,Chavrin,El Tablón,05/07/1986,Honduras,kchavrinkg@homestead.com,174-318-3080
Garth,Brose,Ifon,05/27/1973,Nigeria,gbrosekh@independent.co.uk,140-106-6391
Sigvard,Sandercock,Ede,01/03/1988,Netherlands,ssandercockki@google.ca,482-396-5378
Mervin,Gollin,Xinji,11/29/1955,China,mgollinkj@lulu.com,186-274-9205
Sherye,Stuckes,Nkhotakota,04/01/1989,Malawi,,140-238-4481
Barthel,McWard,Fornos,03/09/1951,Portugal,bmcwardkl@hugedomains.com,931-240-4308
Gilberto,Dael,San Isidro,06/22/1992,Argentina,gdaelkm@fastcompany.com,880-997-0316
Brenn,Rider,Kiffa,12/21/1987,Mauritania,briderkn@hexun.com,456-413-4132
Mariejeanne,Greatorex,Chum Phuang,08/01/1978,Thailand,mgreatorexko@123-reg.co.uk,807-829-7130
Twyla,Braghini,Ban Mai,04/25/1965,Thailand,tbraghinikp@ihg.com,731-676-5488
Araldo,Gossipin,Xinzhou,09/18/1955,China,agossipinkq@shinystat.com,689-653-3870
Jessie,Sparham,Bangxi,06/01/1958,China,jsparhamkr@prweb.com,707-484-4899
Nefen,Conibere,Charlotte,01/02/1983,United States,nconibereks@independent.co.uk,704-277-2680
Kathe,Whittlesea,Shimoda,10/27/1977,Japan,kwhittleseakt@ask.com,154-968-1989
Morey,Ridgwell,Bálsamo Oriental,01/21/1955,Honduras,mridgwellku@bandcamp.com,650-720-0753
Konstantine,Tohill,Ryazanskaya,07/14/1952,Russia,ktohillkv@meetup.com,229-905-9428
Michell,Persian,Stará Huť,10/11/1963,Czech Republic,mpersiankw@uiuc.edu,292-621-2304
Robbie,Zealy,Varniai,03/16/1956,Lithuania,rzealykx@epa.gov,453-920-6279
Tyrus,Sugge,Gavião,09/24/1989,Portugal,,627-647-1092
Isabelita,Trunks,Bollstabruk,03/08/1964,Sweden,itrunkskz@tuttocitta.it,260-972-1794
Sashenka,Connerly,Ifanadiana,07/20/1981,Madagascar,,655-411-6127
Ruddie,Jennrich,Gradac,11/22/1953,Croatia,,606-377-0160
Stephan,Thorns,Balauring,06/14/1955,Indonesia,sthornsl2@stumbleupon.com,363-725-0122
Cory,Figin,Burgersdorp,11/10/1979,South Africa,cfiginl3@businesswire.com,506-995-2710
Veriee,Gilfillan,Alunda,09/05/1983,Sweden,vgilfillanl4@nih.gov,539-582-6710
Cindie,Domegan,Bascaron,06/17/1979,Philippines,,740-375-9098
Norine,Struys,Kaffrine,08/21/1977,Senegal,nstruysl6@liveinternet.ru,469-763-9714
Dani,Capinetti,Monywa,11/10/1968,Myanmar,dcapinettil7@sciencedaily.com,875-539-0537
Magdalen,Douty,Kuala Lumpur,03/03/1956,Malaysia,mdoutyl8@dion.ne.jp,629-146-2445
Sherrie,Tomaskunas,Abadou,01/18/1954,Morocco,stomaskunasl9@tiny.cc,122-463-5703
Magdalena,Trigg,Warungbanten,09/16/1999,Indonesia,,875-687-9497
Issy,Chicchelli,Sieroszewice,07/28/1953,Poland,ichicchellilb@wiley.com,862-724-5637
Leland,Bennitt,Barra Bonita,11/09/1978,Brazil,lbennittlc@lulu.com,355-316-8593
Mariam,Strainge,Göteborg,11/25/1957,Sweden,mstraingeld@msn.com,862-510-0161
Wyatt,Berthel,Nam Som,05/26/1957,Thailand,wberthelle@multiply.com,961-941-5308
Leisha,Couth,Tanamiting,06/13/1986,Indonesia,,786-740-8994
Annabela,Greenstock,Tours,01/13/1980,France,,264-552-3801
Anallise,Defont,Haarlem,09/22/1991,Netherlands,adefontlh@github.io,420-653-4411
Betty,Smythe,Parigi,01/22/1997,Indonesia,bsmytheli@bloglovin.com,277-515-5908
Banky,Toombes,Masingbi,07/13/1972,Sierra Leone,btoombeslj@goo.gl,394-750-2101
Zara,Charrington,San Martín,03/26/1987,Colombia,zcharringtonlk@stumbleupon.com,176-680-3627
Lin,MacGorman,Drochia,03/18/1974,Moldova,lmacgormanll@squidoo.com,957-110-5629
Noella,Edmead,Karabudakhkent,08/28/1965,Russia,nedmeadlm@google.ca,800-612-1840
Gianni,Crickmer,Arapongas,08/16/1957,Brazil,gcrickmerln@noaa.gov,172-131-6918
Floyd,Romanetti,Stavanger,04/10/1976,Norway,,979-509-9138
Nancey,Whopples,Çobansığnaq,08/02/1998,Azerbaijan,nwhoppleslp@163.com,617-779-7957
Teressa,Spoerl,Kuantan,04/26/1983,Malaysia,tspoerllq@paginegialle.it,929-714-5985
Englebert,Cockcroft,Zarzis,11/24/1974,Tunisia,ecockcroftlr@usnews.com,805-273-1972
Bebe,Duffett,Surin,08/13/1997,Thailand,bduffettls@upenn.edu,999-652-7132
Caroljean,Cornforth,Sājir,12/15/1979,Saudi Arabia,ccornforthlt@booking.com,786-344-7117
Maury,Rugg,Maanas,03/28/1985,Philippines,mrugglu@themeforest.net,703-818-0907
Serene,Jakoub,Marietta,01/22/1995,United States,sjakoublv@people.com.cn,770-488-2705
Georgeta,Pontin,Yidu,02/26/1981,China,gpontinlw@goodreads.com,913-511-8766
Ethelyn,Wordley,Vukatanë,09/23/1956,Albania,,663-607-8533
Maggi,Henke,Guariba,09/23/1992,Brazil,mhenkely@scribd.com,653-633-5466
Kelsey,McMurthy,Priboj,03/20/1993,Serbia,kmcmurthylz@clickbank.net,970-711-8620
Findlay,Bortolutti,Sanxing,01/17/1951,China,fbortoluttim0@tinypic.com,659-749-8351
Field,Holah,Honghualiangzi,01/25/1968,China,,856-520-2874
Caril,Tomaskov,Yulin,02/04/1981,China,ctomaskovm2@mozilla.org,935-990-3926
Horatia,Peatt,Xianshui,08/14/1952,China,,417-720-0359
Danny,Guidone,Merida,11/11/1952,Philippines,dguidonem4@google.com.hk,438-158-1327
Quinn,Ascroft,Habo,09/12/1976,Sweden,qascroftm5@creativecommons.org,399-440-4427
Cyndie,Raulin,Putrajawa,08/21/1961,Indonesia,craulinm6@shareasale.com,439-529-9894
Linette,Fonso,Gaxung,05/23/1981,China,lfonsom7@businesswire.com,888-124-4145
Alice,Rayner,København,01/12/1986,Denmark,,257-558-3046
Barbee,Butters,Ngampon,09/22/1976,Indonesia,bbuttersm9@privacy.gov.au,990-471-4630
Viviene,Storry,Kedian,08/30/1964,China,,137-323-1951
Mikaela,Birdall,Mayingzhuang,03/21/1956,China,mbirdallmb@phoca.cz,232-294-8906
Marybelle,Pinchon,Krajan Dua Patempuran,10/24/1993,Indonesia,mpinchonmc@tmall.com,513-395-5901
Chilton,O'Grada,Laagri,09/07/1952,Estonia,cogradamd@lulu.com,918-381-9336
Ollie,Trolley,Olho Marinho,05/21/1974,Portugal,otrolleyme@slate.com,236-776-8251
Sibylla,Ledger,Všestary,12/01/1997,Czech Republic,sledgermf@google.com.hk,582-372-6693
Nathaniel,Pococke,Lyon,05/09/1953,France,,342-975-3814
Tyson,Ferrucci,Ambelókipoi,05/20/1981,Greece,tferruccimh@example.com,422-998-4884
Rici,Messitt,Chugay,02/02/1966,Peru,,572-805-7528
Mike,Meharry,Duanjia,09/08/1953,China,,882-368-7410
Marjy,Leaning,Kertanegla,01/11/1970,Indonesia,mleaningmk@mapquest.com,342-888-5035
Garvey,Sills,Al Maḩfid,03/16/1966,Yemen,gsillsml@apache.org,395-856-4621
Florencia,D'Arrigo,Bajomulyo,02/22/1952,Indonesia,fdarrigomm@liveinternet.ru,306-765-1734
Lia,Collomosse,Tabia,09/30/1972,Morocco,,383-232-9707
Nissa,Karppi,Karanyowka,08/13/1971,Belarus,nkarppimo@vk.com,997-599-2568
Bernadine,Pratty,Venezia,07/25/1994,Italy,bprattymp@washington.edu,437-559-9599
Wilt,Startin,Ranua,12/21/1986,Finland,wstartinmq@paginegialle.it,539-949-1444
Barbabra,Blackburn,Varva,02/21/1984,Ukraine,bblackburnmr@woothemes.com,876-705-3439
Horst,Crich,Fatuhilik,02/01/1958,Indonesia,hcrichms@amazon.de,474-334-6605
Morganne,Hawkey,Zgłobień,05/05/1984,Poland,mhawkeymt@ycombinator.com,748-559-3238
Bennie,Rhoades,Zhongling,03/22/1995,China,brhoadesmu@tinypic.com,543-839-8366
Lefty,Guilliatt,San Narciso,09/20/1996,Philippines,,335-315-2605
Ashly,Hegdonne,Vavuniya,08/11/1959,Sri Lanka,ahegdonnemw@google.es,574-894-8692
Leupold,Olive,Klatakan,06/20/1997,Indonesia,lolivemx@nih.gov,401-451-8324
Monika,Ewart,Kout na Šumavě,10/13/1978,Czech Republic,mewartmy@fc2.com,375-704-5011
Rosalie,Brearton,Åby,08/22/1998,Sweden,rbreartonmz@fotki.com,221-258-7179
Lanette,Ollenbuttel,Daytona Beach,02/08/1956,United States,lollenbutteln0@ted.com,386-452-1467
Cullan,Duff,Ventanas,02/15/1955,Ecuador,cduffn1@skype.com,548-900-8634
Sterne,Alennikov,Al Qubbah,03/07/1978,Libya,salennikovn2@hubpages.com,948-228-6194
Orran,Killshaw,Beiguoyuan,12/03/1979,China,okillshawn3@eepurl.com,865-685-8258
Jerry,Spurrier,Aizhai,11/14/1964,China,jspurriern4@engadget.com,752-128-7751
Padgett,Roast,Chesapeake,12/23/1952,United States,proastn5@flickr.com,757-180-6730
Brendan,Wellfare,Envigado,06/19/1964,Colombia,,764-325-3389
Izak,Wilne,Non Sila,09/08/1977,Thailand,iwilnen7@marriott.com,305-925-3910
Eduardo,Grigori,Klenovyy,02/13/1958,Ukraine,,911-520-4101
Blanca,Cavee,Jorong,05/14/1954,Indonesia,bcaveen9@cnbc.com,750-865-2004
Travers,Berrie,Port Maria,08/05/1975,Jamaica,tberriena@jalbum.net,870-133-5230
Bryna,Greendale,Stockholm,12/01/1970,Sweden,,698-585-3406
Valera,Berisford,Čačak,07/08/1969,Serbia,vberisfordnc@msn.com,738-572-2545
Addison,Golton,Kameyama,06/13/1994,Japan,agoltonnd@amazon.de,403-284-0855
Karyl,Hatchett,Tambo,04/10/1976,Peru,,191-126-5746
Bertha,Jirieck,Kengkou,04/20/1992,China,bjiriecknf@opera.com,164-637-4459
Gauthier,Jachimiak,Yangsan,03/14/1972,South Korea,gjachimiakng@skype.com,197-121-9597
Maureen,Philbin,Wangtuan,03/23/1992,China,mphilbinnh@posterous.com,798-562-1610
Urbanus,Sansum,Orocué,01/28/1957,Colombia,usansumni@goodreads.com,856-578-8836
Rodolph,Medford,Santa Cruz,07/06/1991,Chile,rmedfordnj@privacy.gov.au,144-376-2788
Esme,Spores,Markaz al Marīr,10/26/1981,Yemen,esporesnk@oracle.com,548-749-8586
Katherine,Rottenbury,Gubukjero Timuk,07/10/1990,Indonesia,krottenburynl@live.com,460-652-4564
Travus,Ellerbeck,Nanshan,09/19/1973,China,tellerbecknm@opensource.org,511-371-3005
Camila,Serrell,Guishan,06/12/1990,China,cserrellnn@yahoo.co.jp,127-884-2467
Justino,Baudic,Jiangtian,01/04/1972,China,jbaudicno@mit.edu,189-442-7914
Oralia,Heskin,Ben Arous,06/07/1984,Tunisia,oheskinnp@devhub.com,466-614-2675
Rory,Ledwidge,Fangzheng,05/22/1984,China,,300-353-2797
Cleveland,Gounod,Hultsfred,03/09/1981,Sweden,cgounodnr@paypal.com,540-965-7275
Hamish,Barracks,Zhangdu,04/12/1951,China,hbarracksns@example.com,158-371-4489
Eydie,Stainer,Presidencia Roque Sáenz Peña,10/11/1972,Argentina,estainernt@marketwatch.com,990-408-8228
Arleen,Sephton,Kampungraja,05/17/1989,Indonesia,asephtonnu@latimes.com,981-836-7524
Dicky,Wiggins,Chuangwang,06/04/1956,China,dwigginsnv@surveymonkey.com,515-892-0228
Sena,Euler,,,,seulernw@abc.net.au,
Rollin,McGettigan,Kangping,04/18/1985,China,rmcgettigannx@google.com,983-594-0144
Lucais,Gauge,Bo Kluea,03/29/1980,Thailand,lgaugeny@booking.com,180-154-4490
Inga,Palphramand,Wichit,12/25/1952,Thailand,ipalphramandnz@so-net.ne.jp,949-527-6127
Loria,Ellinor,Degerfors,11/06/1993,Sweden,lellinoro0@yahoo.co.jp,516-468-4984
Krispin,Sodo,Caronoan West,05/25/1997,Philippines,ksodoo1@intel.com,326-194-3714
Octavius,Road,Rurrenabaque,10/05/1977,Bolivia,oroado2@netlog.com,617-218-9297
Modesta,Drexel,Vratsa,11/23/1964,Bulgaria,mdrexelo3@fotki.com,943-554-8862
Jocelyn,Copcote,Landvetter,05/18/1994,Sweden,jcopcoteo4@qq.com,301-982-2297
Davis,Pettett,Nakhabino,10/06/1992,Russia,dpettetto5@bandcamp.com,166-728-0719
Beatrice,Petersen,Filabusi,04/20/1996,Zimbabwe,bpeterseno6@gov.uk,477-689-2751
Bary,Lamberth,Wangon,12/03/1964,Indonesia,blambertho7@godaddy.com,756-411-4572
Bear,O'Nion,Sabang,04/01/1968,Philippines,boniono8@g.co,169-114-0786
Philipa,Yu,Velký Újezd,07/18/1999,Czech Republic,pyuo9@craigslist.org,988-919-7345
Glenn,Skyram,Tebingtinggi,11/22/1959,Indonesia,gskyramoa@whitehouse.gov,563-421-9909
Jessie,Buesden,Uglich,09/06/1969,Russia,jbuesdenob@technorati.com,881-663-2536
Novelia,Papes,Kekeran,10/31/1982,Indonesia,,491-346-3639
Galina,Cobelli,Kang-neung,05/25/1978,South Korea,gcobelliod@goo.gl,726-777-7968
Kinna,Necrews,Shaliangzi,09/07/1983,China,knecrewsoe@shareasale.com,228-427-0782
Fletcher,Jearum,Curvelo,09/01/1991,Brazil,,771-136-2584
Bianka,Snelman,Midoun,01/10/1998,Tunisia,bsnelmanog@miitbeian.gov.cn,720-803-8195
Miriam,McMurdo,Radzanów,10/01/1950,Poland,mmcmurdooh@free.fr,255-630-8389
Mada,Allaway,Krapivna,08/30/1971,Russia,mallawayoi@icq.com,637-549-6785
Erina,Twiddle,Langsepan,02/28/1999,Indonesia,etwiddleoj@bravesites.com,363-974-9600
Ludwig,Monkton,Chelbasskaya,07/27/1980,Russia,lmonktonok@printfriendly.com,639-151-5019
Alexis,January 1st,Balrothery,07/29/1967,Ireland,ajanuarystol@list-manage.com,835-924-4346
Kit,Onions,Cential,12/11/1982,Portugal,konionsom@usgs.gov,875-294-5180
Georgianne,Frogley,Blatnica,03/14/1980,Bosnia and Herzegovina,gfrogleyon@noaa.gov,771-799-1808
Mackenzie,Robinette,Kamenjane,12/08/1969,Macedonia,mrobinetteoo@craigslist.org,864-756-6929
Marilin,Jozefczak,Alençon,04/16/1992,France,mjozefczakop@example.com,523-988-4798
Hyacinthie,Canada,Long Beluah,10/14/1966,Indonesia,hcanadaoq@psu.edu,510-702-0989
Averell,Oldall,Salamá,06/01/1988,Guatemala,aoldallor@acquirethisname.com,181-287-0890
Georgie,Maunton,Pergamos,10/07/1964,Cyprus,gmauntonos@jimdo.com,957-469-2314
Becka,Woodcraft,Cachoeiras de Macacu,10/07/1963,Brazil,bwoodcraftot@mozilla.com,128-189-7890
Hermie,Burge,Acarigua,03/16/1962,Venezuela,,296-692-8921
Juana,Borrington,Lakota,04/16/1984,Ivory Coast,jborringtonov@alibaba.com,760-797-4589
Ronalda,Gencke,Yabuli,04/16/1997,China,rgenckeow@netscape.com,311-673-5030
Vanya,Spriggin,Monastyrshchina,05/02/1957,Russia,vsprigginox@cpanel.net,817-701-8097
Maurise,Carillo,Barrhead,09/03/1987,Canada,,968-315-1682
Christiana,Tapin,Tarata,12/24/1984,Peru,,400-321-2880
Ange,Kielty,,,,akieltyp0@taobao.com,
Ardene,Skentelbury,Valtimo,08/07/1991,Finland,askentelburyp1@hud.gov,701-139-3228
Theresa,Wickmann,Santa Catarina,06/07/1988,Portugal,twickmannp2@cnbc.com,357-157-4277
Pierce,Turpin,Allen,11/19/1974,Philippines,pturpinp3@statcounter.com,496-745-3247
Yolane,Ranklin,Livadiya,03/03/1984,Ukraine,yranklinp4@parallels.com,990-265-5869
Gabby,Whisker,Shuitianhe,09/07/1967,China,gwhiskerp5@parallels.com,996-107-8550
Evyn,Summerrell,Maastricht,06/03/1968,Netherlands,esummerrellp6@jigsy.com,473-576-8443
Sela,Deveril,Ciénega,07/31/1987,Colombia,sdeverilp7@gov.uk,741-712-8553
Issy,Pavis,,,,ipavisp8@bluehost.com,
Lauretta,Glandfield,Ruteng,08/24/1989,Indonesia,lglandfieldp9@t-online.de,205-291-0746
Abigale,Faireclough,Pandakan,02/23/1962,Philippines,afairecloughpa@wordpress.org,850-431-1957
Gabe,Cristofari,Al Burayqah,12/30/1988,Libya,,873-685-9079
Glyn,Brentnall,Kalloní,12/19/1970,Greece,gbrentnallpc@macromedia.com,970-914-2247
Wendeline,Dupoy,Orsk,09/02/1997,Russia,,369-451-8548
Belva,Yeld,Yangirabot,02/05/1951,Uzbekistan,byeldpe@google.pl,811-415-2371
Scotti,Doxey,Saguday,02/19/1970,Philippines,,970-477-6220
Allis,Yegoshin,Heping,07/11/1964,China,ayegoshinpg@digg.com,985-725-1120
Allys,Breddy,Xizhong,05/09/1967,China,abreddyph@rakuten.co.jp,626-730-0165
Francois,Brazur,Esperanza,12/22/1969,Dominican Republic,fbrazurpi@umn.edu,766-366-4748
Stan,Clapham,Pasirbitung,10/27/1959,Indonesia,sclaphampj@google.es,724-610-9217
Rollo,Mohun,Tococ East,02/19/1980,Philippines,rmohunpk@cbslocal.com,579-961-5477
Antonetta,Franzotto,Apače,12/31/1969,Slovenia,afranzottopl@businessinsider.com,995-488-9112
Ranna,Fellgate,Paruro,04/25/1952,Peru,rfellgatepm@bandcamp.com,614-785-7483
Corie,Lytle,Samaro,04/23/1991,Pakistan,clytlepn@reuters.com,537-331-6145
Flemming,Durrans,Deán Funes,07/17/1960,Argentina,fdurranspo@arstechnica.com,655-190-0635
Hansiain,Springtorp,Bergen,07/20/1967,Norway,hspringtorppp@icq.com,470-722-5836
Pattie,Ummfrey,Chenjiaba,11/06/1982,China,pummfreypq@ihg.com,148-329-8464
Yorgos,Ciric,Piribebuy,05/02/1968,Paraguay,yciricpr@salon.com,772-697-7662
Calla,Willbourne,Visby,02/12/1989,Sweden,cwillbourneps@xrea.com,722-862-9905
Trey,Scarlet,Skrzyszów,06/06/1951,Poland,tscarletpt@unblog.fr,969-788-9502
Lyndsey,Croall,Al ‘Awjah,08/10/1999,Iraq,lcroallpu@weather.com,545-827-2684
Margery,Muttitt,Muqui,11/29/1975,Peru,mmuttittpv@salon.com,944-920-9335
Hyatt,Keir,Punākha,10/29/1958,Bhutan,,805-484-9491
Christyna,Oury,San Luis,11/16/1990,Colombia,courypx@free.fr,243-470-0338
Tabitha,Plaistowe,Sarpang,06/10/1970,Bhutan,tplaistowepy@pbs.org,828-593-5857
Kara,Birckmann,Ħamrun,01/29/1978,Malta,kbirckmannpz@flavors.me,458-194-3215
Heda,Briscow,Shimada,12/10/1970,Japan,hbriscowq0@vkontakte.ru,269-324-1619
Lolita,Dionisii,Yefremov,07/06/1956,Russia,ldionisiiq1@nps.gov,488-647-3886
Shannan,Bartot,Fangqiang,06/25/1955,China,sbartotq2@earthlink.net,232-707-6846
Findley,Gages,Gawul,01/09/1985,Indonesia,,332-307-1045
Durante,Murison,Svoge,01/17/1952,Bulgaria,dmurisonq4@is.gd,868-572-7470
Lorne,Swainsbury,Las Yaras,04/30/1991,Peru,lswainsburyq5@gov.uk,633-718-6542
Ralina,Twinborough,,,,rtwinboroughq6@upenn.edu,
Antoinette,De la Barre,Shantoudian,12/09/1950,China,adelabarreq7@qq.com,209-212-9181
Lilli,Maso,Longgao,09/10/1982,China,lmasoq8@ameblo.jp,345-924-7714
Shayne,Maghull,Damatulan,06/26/1962,Philippines,smaghullq9@admin.ch,549-788-7470
Cynde,Pitrollo,'s-Hertogenbosch,11/26/1987,Netherlands,cpitrolloqa@zimbio.com,147-611-6028
Gracia,Acors,Latung,01/21/1963,Philippines,gacorsqb@amazon.de,399-173-8324
Erika,Pinkett,Guatimozín,04/03/1984,Argentina,epinkettqc@usatoday.com,820-223-1615
Correna,Nyland,Mojomulyokrajan,07/09/1991,Indonesia,cnylandqd@creativecommons.org,360-365-5506
Dolorita,Gussie,Panyindangan,07/06/1959,Indonesia,dgussieqe@sphinn.com,172-512-9140
Clerkclaude,Belfit,,,,cbelfitqf@google.com,
Verla,Tynan,Ylöjärvi,10/20/1992,Finland,vtynanqg@baidu.com,737-783-3297
Boonie,Ewens,Libu,01/28/1994,China,bewensqh@archive.org,889-732-6519
Garvy,Garett,Shimada,10/22/1960,Japan,,855-251-7603
Moreen,Cheel,Dubiecko,12/11/1990,Poland,mcheelqj@studiopress.com,419-493-6014
Hugues,Hargraves,Ekpoma,08/03/1960,Nigeria,hhargravesqk@time.com,261-789-6097
Dulciana,Robshaw,Shchūchīnsk,07/07/1953,Kazakhstan,drobshawql@so-net.ne.jp,532-810-2287
Tull,Golby,Ampelákia,08/07/1984,Greece,tgolbyqm@baidu.com,240-928-5450
Cello,Facer,Chimoio,11/28/1955,Mozambique,cfacerqn@economist.com,406-371-1163
Madge,Onele,Cinyumput,11/07/1957,Indonesia,moneleqo@va.gov,115-842-4019
Judas,Lysons,Megion,12/05/1968,Russia,jlysonsqp@redcross.org,924-342-5416
Easter,Rough,Almaznyy,03/15/1993,Russia,eroughqq@123-reg.co.uk,752-590-4475
Evelyn,Union,Seattle,07/16/1972,United States,,206-725-4511
Veda,Reynolds,Dār Kulayb,02/13/1982,Bahrain,vreynoldsqs@google.cn,969-185-1268
Ludvig,Teenan,Wolanów,05/19/1999,Poland,lteenanqt@ihg.com,617-905-9830
Katuscha,Chittim,Victoria,11/28/1966,Philippines,kchittimqu@comsenz.com,906-312-7748
Uta,Harling,Ibarra,11/07/1986,Ecuador,uharlingqv@privacy.gov.au,438-396-9004
Gaylene,McPake,Sypniewo,06/08/1950,Poland,gmcpakeqw@spotify.com,881-173-8003
Peri,Tripe,San Quintin,01/01/1955,Philippines,,800-615-4677
Abramo,Cawdron,Lue Amnat,08/23/1961,Thailand,acawdronqy@fotki.com,118-356-9304
Baudoin,Dandison,Purwasari,02/09/1965,Indonesia,bdandisonqz@ustream.tv,577-512-2752
Skip,Borsi,Iwanai,01/21/1979,Japan,sborsir0@myspace.com,837-131-3333
Jobey,Averies,Taldyqorghan,10/21/1994,Kazakhstan,javeriesr1@qq.com,912-970-7857
Lester,Renish,,,,lrenishr2@desdev.cn,
Kamila,Willden,Zásmuky,12/25/1991,Czech Republic,kwilldenr3@istockphoto.com,274-661-7959
Manolo,Claisse,Kaiyun,01/23/1977,China,mclaisser4@hibu.com,166-904-8333
Helli,Earp,Qiagai,06/04/1982,China,hearpr5@bloomberg.com,677-971-6635
Kaye,Lowy,Bene 'Ayish,09/03/1978,Israel,klowyr6@exblog.jp,806-356-4542
Marisa,Haward,Ḩalabjah,05/10/1968,Iraq,mhawardr7@infoseek.co.jp,260-559-3898
Ram,Tindle,Sandefjord,12/15/1965,Norway,rtindler8@epa.gov,544-711-8929
Candace,Kiwitz,Song’ao,06/19/1966,China,ckiwitzr9@topsy.com,143-247-8584
Benedicto,Itskovitz,Rongkou,05/09/1990,China,bitskovitzra@auda.org.au,921-377-2999
Rancell,Conyer,Rembes,01/09/1967,Indonesia,,738-601-0903
Portie,Reast,Huangsha,07/08/1984,China,preastrc@homestead.com,210-703-1528
Raddie,Elliff,,,,relliffrd@usda.gov,
Evelyn,Widd,Bonriki Village,08/28/1972,Kiribati,ewiddre@youtube.com,568-802-8879
Wolfgang,Tolomio,Oju,03/31/1976,Nigeria,wtolomiorf@godaddy.com,600-409-7727
Katusha,Benn,Putrajaya,02/27/1969,Malaysia,kbennrg@storify.com,126-680-2407
Alina,Ughini,Jugezhuang,10/10/1985,China,aughinirh@springer.com,362-966-1205
Pace,Dysert,Castro Daire,08/07/1963,Portugal,pdysertri@bizjournals.com,139-447-1408
Bibbie,Millin,Padre Las Casas,01/06/1979,Dominican Republic,bmillinrj@washingtonpost.com,961-220-5170
Micheline,Durnford,Brataj,02/04/1973,Albania,mdurnfordrk@census.gov,564-513-7887
Meier,Kornilov,Albanel,10/15/1964,Canada,mkornilovrl@amazon.de,324-339-9943
Dorice,Englefield,Mandesan,11/04/1957,Indonesia,,718-704-6819
Myca,Verner,Waiwukak,11/08/1962,Indonesia,mvernerrn@msn.com,947-486-0210
Teddie,Tooting,Thio,12/13/1954,New Caledonia,ttootingro@com.com,761-337-8603
Kristyn,Denton,,,,kdentonrp@samsung.com,
Farand,Gergely,Nurabelen,09/28/1971,Indonesia,,741-775-9412
Aaron,Nethercott,Sobreira,05/25/1963,Portugal,anethercottrr@pagesperso-orange.fr,292-633-4830
