first_name,last_name,birth_place,birth_date,country_living_in,email,phone
Brett,Fearon,Tanenofunan,12/13/1981,Indonesia,bfearon0@cam.ac.uk,863-706-2858
Riobard,Blogg,Shanmu,08/25/1970,China,rblogg1@hatena.ne.jp,901-962-4930
Willi,Beaushaw,Dún Laoghaire,12/21/1977,Ireland,wbeaushaw2@bluehost.com,307-277-8423
Giorgi,Bulle,Daying,09/14/1987,China,gbulle3@cdc.gov,848-487-3932
Cozmo,Poland,Portland,04/10/1958,United States,cpoland4@flickr.com,971-869-1870
Waylin,Thies,Pyrgetós,06/28/1993,Greece,wthies5@craigslist.org,719-477-7718
Langston,Do Rosario,Dordrecht,08/07/1974,Netherlands,ldorosario6@wired.com,522-803-3330
Berna,McLaughlin,Yiqi,04/29/1968,China,bmclaughlin7@blogspot.com,831-743-0588
Griz,Gething,Huazhou,12/24/1991,China,,597-358-3188
Daron,Gravie,Urrao,08/12/1963,Colombia,dgravie9@nasa.gov,920-208-4724
Kara,Wanstall,Itabaiana,07/15/1963,Brazil,kwanstalla@newsvine.com,306-596-9139
Amelita,Goundrill,Na Chaluai,02/24/1979,Thailand,,461-908-4989
Felice,Pinhorn,Carlton,12/22/1997,United Kingdom,,100-377-5227
Nickie,Alennikov,Urrao,05/03/1997,Colombia,nalennikovd@fastcompany.com,912-227-1040
Damon,Kenninghan,Zhishan,02/02/1952,China,dkenninghane@answers.com,607-895-1405
Meyer,Alway,Feteira Pequena,03/08/1955,Portugal,malwayf@wsj.com,112-391-6493
Archie,Beavors,Krajan Pundungsari,05/26/1987,Indonesia,abeavorsg@eepurl.com,580-292-3775
Huey,Innerstone,,,,hinnerstoneh@utexas.edu,
Jaquenette,Caldairou,Sutysky,07/17/1969,Ukraine,jcaldairoui@google.com.au,504-471-9210
Giuditta,Birch,Labuhanlalar,04/19/1986,Indonesia,gbirchj@usnews.com,802-900-2111
Orran,Jendas,Tomdibuloq,07/13/1991,Uzbekistan,ojendask@fema.gov,232-198-9460
Waverly,Dougher,Genova,07/28/1978,Italy,wdougherl@chronoengine.com,419-517-4801
Mayne,Korneev,Guachucal,02/16/1960,Colombia,mkorneevm@lulu.com,851-362-7025
Julie,Margery,Yambol,03/31/1978,Bulgaria,jmargeryn@livejournal.com,780-117-8679
Hayes,Crews,,,,hcrewso@google.com.br,
Ashlan,Wortman,Tupiza,04/07/1953,Bolivia,awortmanp@ox.ac.uk,278-246-6060
Kellia,Wimpeney,Wangjing,07/05/1963,China,kwimpeneyq@indiatimes.com,297-858-4643
Blaire,Jellico,,,,bjellicor@yahoo.com,
Raine,Pohls,Azovo,09/06/1995,Russia,,826-155-4146
Fabiano,Kernar,Arcos,09/18/1968,Brazil,fkernart@cyberchimps.com,757-287-5769
Eolanda,Coo,Kaum,09/09/1970,Indonesia,ecoou@engadget.com,573-695-2617
Coretta,Sartain,Kajisara,03/23/1958,Indonesia,csartainv@umich.edu,463-636-9484
Tildi,Levis,Charlotte Amalie,07/20/1955,U.S. Virgin Islands,tlevisw@example.com,498-201-8044
Chet,Nesbeth,Dębno,03/11/1985,Poland,cnesbethx@gizmodo.com,706-540-7406
Idalina,Smolan,San Ignacio,09/22/1964,Honduras,,694-741-7353
Con,Portsmouth,Xinxiang,09/21/1981,China,cportsmouthz@bandcamp.com,750-665-2443
Edlin,Beardsley,Anding,08/27/1953,China,,633-458-3117
Ellyn,Pinck,,,,,
Dani,Pea,Ōkawa,05/19/1977,Japan,dpea12@exblog.jp,534-189-1510
Barry,Blades,Meipu,11/25/1965,China,,777-433-8904
Velvet,Fain,Stamford,08/09/1977,United States,vfain14@walmart.com,203-540-1841
Zed,Petigrew,Lesnoy,09/23/1985,Russia,,895-864-4945
Ricoriki,Heard,Meizhuang,06/06/1971,China,rheard16@seattletimes.com,398-414-2484
Cristine,Alsop,Śródmieście,02/27/1987,Poland,,885-334-5453
Alyssa,Meeland,Francisco Villa,07/13/1986,Mexico,ameeland18@opera.com,334-343-5127
Duncan,Yeldham,,,,dyeldham19@imdb.com,
Franny,O'Codihie,Hukvaldy,07/25/1972,Czech Republic,focodihie1a@msn.com,919-856-9915
Titus,Korneluk,Bayanhongor,07/27/1986,Mongolia,tkorneluk1b@hostgator.com,184-860-5091
Oona,Fullilove,Ribeiro,04/26/1956,Portugal,ofullilove1c@macromedia.com,979-889-9066
Caresse,MacAless,Wydminy,04/09/1965,Poland,cmacaless1d@huffingtonpost.com,244-740-0600
Broddie,Scammell,,,,bscammell1e@ifeng.com,
Dale,Read,Jincheng,06/21/1957,China,dread1f@freewebs.com,732-253-3960
Ivar,Watton,Tây Hồ,08/31/1953,Vietnam,iwatton1g@shinystat.com,307-850-2823
Arlin,Hanvey,Peterhof,08/02/1987,Russia,,521-209-4255
Idalia,Dutchburn,Krajan Demit,06/14/1990,Indonesia,idutchburn1i@wsj.com,874-133-5740
Marietta,Carratt,Lila,07/15/1989,Philippines,mcarratt1j@google.de,204-944-5366
Margaretha,Quincey,Kāleke Mandi,09/07/1975,Pakistan,mquincey1k@netlog.com,790-962-3788
Auberta,Cordier,Bataiporã,08/23/1956,Brazil,acordier1l@nifty.com,926-502-8369
Korie,Fawthrop,Skopin,07/09/1999,Russia,kfawthrop1m@bluehost.com,924-367-8124
Ulrich,Kettel,Hiji,06/27/1972,Japan,ukettel1n@wikipedia.org,388-583-2199
Thekla,Heliot,,,,theliot1o@pen.io,
Kevyn,Jodlkowski,Weihai,08/02/1971,China,kjodlkowski1p@sphinn.com,419-219-1269
Emalia,Beningfield,Fenshui,09/27/1986,China,ebeningfield1q@opera.com,191-949-1294
Anton,Straniero,,,,astraniero1r@dell.com,
Graehme,Whales,Neyagawa,03/07/1957,Japan,gwhales1s@ed.gov,612-146-0938
Josy,Cuthbert,Kaffrine,01/23/1969,Senegal,,261-888-6369
Terrance,Betham,Qianchuan,04/19/1996,China,,428-144-4817
Bird,Khosa,Maythalūn,12/23/1995,Palestinian Territory,bkhosa1v@answers.com,882-720-2968
Rory,Paternoster,Sale,10/01/1984,Indonesia,rpaternoster1w@buzzfeed.com,378-493-8929
Desiri,Marlow,Tocota,08/12/1963,Peru,dmarlow1x@networksolutions.com,822-288-0587
Maureen,Capps,Oratorio,08/12/1953,Guatemala,,564-120-2560
Ev,Fewtrell,Poá,04/24/1960,Brazil,efewtrell1z@surveymonkey.com,206-554-8636
Joceline,Loveman,Sarimukti Kaler,03/03/1979,Indonesia,jloveman20@hatena.ne.jp,147-142-6515
Hailey,Grimestone,,,,,
Joceline,Pummell,Nofoali‘i,06/24/1958,Samoa,jpummell22@slideshare.net,951-669-6707
Abby,Klink,San Miguel,10/17/1966,Mexico,aklink23@usa.gov,166-888-7486
Marilin,Exon,Tsinandali,10/25/1973,Georgia,mexon24@boston.com,980-625-9092
Prinz,Bareford,Santa Cruz,07/06/1992,Philippines,pbareford25@si.edu,183-346-0866
Ingaberg,Edgerton,Balkh,12/29/1998,Afghanistan,iedgerton26@1und1.de,336-549-5076
Kacey,Sapseed,Salaspils,03/12/1980,Latvia,ksapseed27@tuttocitta.it,516-580-9579
Dougy,Cossem,La Mula,08/30/1982,Venezuela,dcossem28@123-reg.co.uk,135-781-7871
Mead,Kohnemann,Xialiao,01/04/1970,China,mkohnemann29@cocolog-nifty.com,325-190-7546
Cchaddie,Purdy,Tugulym,12/07/1992,Russia,cpurdy2a@uol.com.br,738-625-4310
Urson,Fuggles,Eastern Suburbs Mc,01/14/1971,Australia,ufuggles2b@disqus.com,974-760-9129
Akim,Liddiard,Ipaba,06/10/1965,Brazil,aliddiard2c@odnoklassniki.ru,286-131-6710
Vidovik,Gallymore,Muzidian,02/10/1979,China,vgallymore2d@howstuffworks.com,460-689-9507
Kylen,Bassill,Mae Hi,11/13/1971,Thailand,kbassill2e@vinaora.com,939-237-1575
Eulalie,Klehn,Jevišovice,05/01/1974,Czech Republic,eklehn2f@japanpost.jp,221-201-8872
Inge,Freed,Ōmuta,02/18/1952,Japan,,112-374-4999
Jennee,Howroyd,Cagnes-sur-Mer,03/17/1991,France,jhowroyd2h@ed.gov,123-591-6653
Patty,Meineking,Loma Bonita,11/28/1950,Mexico,pmeineking2i@mtv.com,716-467-6517
Nesta,Slater,,,,,
Beverly,Blakey,,,,bblakey2k@patch.com,
Lucien,Tanswell,Sindangheula,09/03/1969,Indonesia,ltanswell2l@amazon.co.uk,734-749-6551
Ronny,Royan,Helsingborg,10/18/1951,Sweden,rroyan2m@sciencedaily.com,641-511-7741
Maddie,Kither,Nová Role,10/25/1955,Czech Republic,mkither2n@stumbleupon.com,339-494-5773
Hastie,Dibden,Jocotenango,08/25/1971,Guatemala,,695-877-5847
Aubine,Verrall,Metz,03/04/1965,France,averrall2p@mac.com,191-234-3530
Bill,Remnant,Librazhd-Qendër,04/19/1966,Albania,bremnant2q@sun.com,421-568-5102
Lyn,Halsey,Hulitu,07/23/1968,China,lhalsey2r@imgur.com,313-652-1840
Etan,Loiterton,Mashi,08/25/1996,China,eloiterton2s@ucsd.edu,379-122-1959
Bronnie,Port,Amiens,01/16/1975,France,bport2t@sfgate.com,429-809-0228
Glyn,Cool,Koanara,01/19/1983,Indonesia,gcool2u@icio.us,280-754-6410
Gerianne,Casotti,Ghār al Milḩ,12/17/1959,Tunisia,gcasotti2v@europa.eu,859-980-5525
Drusy,Dawson,Banatski Dvor,09/29/1966,Serbia,,538-501-3554
Denys,Pearn,Miki,11/26/1968,Japan,dpearn2x@canalblog.com,731-212-8066
Lynnette,Salvador,Ujazd,09/28/1955,Poland,lsalvador2y@typepad.com,946-995-3006
Kim,Humes,Çepan,12/29/1960,Albania,khumes2z@list-manage.com,988-877-5654
Garik,Skillicorn,Beibei,03/06/1996,China,gskillicorn30@stumbleupon.com,764-189-3871
Nickie,Brizland,Dundbürd,05/21/1977,Mongolia,nbrizland31@msn.com,587-281-9410
Lannie,Eustanch,Bethanie,12/17/1956,Namibia,leustanch32@dion.ne.jp,540-889-2623
Harlie,Mews,Pajung,02/28/1999,Indonesia,hmews33@dell.com,819-844-3201
Abbey,Sawnwy,Davydovo,11/15/1954,Russia,asawnwy34@mashable.com,826-835-5293
Kyrstin,Mannie,San Andres,05/04/1972,Philippines,kmannie35@bigcartel.com,679-973-1831
Melisande,Pinwill,Langtad,01/01/1998,Philippines,,666-887-7798
Abbye,Brazil,,,,abrazil37@cpanel.net,
Cleavland,Sollam,Vales,06/12/1983,Portugal,csollam38@shinystat.com,621-579-3817
Berny,Quadrio,Bulgan,10/25/1955,Mongolia,,946-515-2309
Hernando,Zoellner,Vágia,03/07/1972,Greece,hzoellner3a@cbslocal.com,538-241-8554
Val,Treasaden,Cisadap,12/12/1990,Indonesia,vtreasaden3b@gov.uk,996-387-0298
Gertruda,Kaszper,Huai’an,07/06/1994,China,gkaszper3c@nsw.gov.au,831-118-3780
Cordy,Jedrys,La Gacilly,08/27/1995,France,cjedrys3d@cafepress.com,822-310-4707
Cathee,Fauguel,Nong Kung Si,10/26/1986,Thailand,cfauguel3e@dot.gov,619-865-0263
Harriett,Mazdon,Strasbourg,02/04/1957,France,hmazdon3f@hao123.com,120-741-8342
Farleigh,Winram,Abnūb,07/04/1980,Egypt,fwinram3g@phpbb.com,638-899-0116
Merry,Gronno,Farsta,08/15/1996,Sweden,mgronno3h@hp.com,905-271-5086
Hewie,Musprat,,,,hmusprat3i@bing.com,
Elisabeth,Skeemer,Huangshi,06/22/1970,China,eskeemer3j@google.co.uk,818-382-6749
Barbaraanne,Gomar,Laboulaye,04/14/1977,Argentina,bgomar3k@wiley.com,841-321-5581
Yvon,Bales,Gort,02/12/1990,Ireland,ybales3l@webeden.co.uk,882-646-9595
Toddy,Burgott,Viking,10/17/1974,Canada,tburgott3m@ted.com,803-793-5473
Olenolin,Dwane,Mszana Dolna,07/24/1967,Poland,,142-356-0084
Rosemonde,O'Carrol,Mandráki,04/07/1962,Greece,,240-744-8490
Faustine,Eddis,,,,feddis3p@facebook.com,
Danny,Sunner,Chengzi,01/29/1956,China,dsunner3q@imgur.com,686-736-2499
Normy,Swains,Jiaoxiyakou,06/20/1981,China,nswains3r@comsenz.com,486-501-9053
Maddi,Charrette,Saint-Lô,08/12/1954,France,mcharrette3s@bloomberg.com,731-426-9316
Donnell,Sharman,Wassa-Akropong,03/13/1972,Ghana,,721-759-0223
Lazaro,Bodemeaid,Gračac,07/02/1959,Croatia,lbodemeaid3u@time.com,413-215-4851
Bentlee,Rudman,Moncton,04/03/1997,Canada,brudman3v@unblog.fr,916-357-2114
Pavia,Lethcoe,Sainyabuli,06/30/1956,Laos,plethcoe3w@ucsd.edu,698-111-2798
Hadleigh,Arnson,Mirandopólis,07/17/1967,Brazil,harnson3x@loc.gov,867-173-3899
Vivienne,Aikin,Aral,10/16/1969,Kazakhstan,vaikin3y@spiegel.de,873-534-7647
Aili,Berlin,Trelew,07/26/1971,Argentina,aberlin3z@economist.com,622-402-9587
Lazar,Ruf,Fairbanks,10/14/1950,United States,lruf40@mediafire.com,907-860-8905
Ellery,Durrans,Vyshhorod,05/02/1956,Ukraine,edurrans41@unesco.org,857-573-3586
Christoffer,Begley,San Antonio,02/25/1992,Honduras,,518-609-6539
Base,Valencia,Sampacho,08/31/1953,Argentina,bvalencia43@nps.gov,109-790-4549
Chrystal,Ties,Diego de Almagro,12/10/1965,Chile,cties44@gizmodo.com,844-139-7939
Karim,McGunley,Bella Unión,04/09/1986,Uruguay,kmcgunley45@gov.uk,251-510-9603
Andreas,Roizn,Néma,07/22/1967,Mauritania,aroizn46@simplemachines.org,737-102-4435
Emmet,Hazlehurst,Daduo,12/08/1987,China,ehazlehurst47@addthis.com,238-515-4529
York,Findlater,Werangere,01/16/1950,Indonesia,yfindlater48@tamu.edu,672-391-5527
Shirleen,Rushton,Jiaoxie,07/09/1965,China,srushton49@discovery.com,954-803-8043
Abe,Sebrens,,,,asebrens4a@clickbank.net,
Natalie,Plesing,Ban Rangsit,11/03/1973,Thailand,nplesing4b@joomla.org,595-724-5951
Bonnibelle,Birkwood,Marfino,08/21/1989,Russia,bbirkwood4c@sciencedaily.com,231-755-0894
Dyanna,Anderton,Maturín,02/04/1960,Venezuela,danderton4d@about.com,763-770-8572
Tirrell,Themann,Ludgeřovice,07/23/1981,Czech Republic,tthemann4e@google.com,621-796-7462
Ronnie,Jent,Radekhiv,05/18/1987,Ukraine,rjent4f@usda.gov,270-681-4967
Genna,Longbothom,Kafr Mandā,03/28/1975,Israel,glongbothom4g@nydailynews.com,147-407-6183
Lock,Sucre,Al Buţayḩah,08/07/1953,Syria,lsucre4h@ted.com,312-477-6831
Hall,Doucette,Atlanta,08/18/1980,United States,hdoucette4i@yandex.ru,404-158-4732
Gerhardine,Denyukhin,Shinshiro,04/15/1972,Japan,gdenyukhin4j@hubpages.com,665-203-8717
Linnell,Cluley,Chabu,07/24/1989,China,lcluley4k@bloglovin.com,899-932-5351
Guillermo,Antushev,Stockholm,08/28/1969,Sweden,,467-347-1744
Harriott,Midlane,,,,,
Mariam,Skrzynski,Warudoyong,01/03/1968,Indonesia,mskrzynski4n@hugedomains.com,250-226-6509
Red,Schneidau,Ayía Triás,07/12/1994,Greece,rschneidau4o@vkontakte.ru,549-974-3311
Kathrine,Pregel,Nancy,02/21/1951,France,kpregel4p@psu.edu,768-132-8129
Enoch,Lyvon,Yuping,08/09/1982,China,,163-745-7436
Siffre,Owbrick,Tacoma,12/29/1979,United States,sowbrick4r@chronoengine.com,253-850-4299
Harriette,Licas,Dainan,03/11/1991,China,hlicas4s@pcworld.com,733-174-7968
Thom,Shardlow,Huangliu,02/13/1961,China,tshardlow4t@craigslist.org,903-254-3343
Raynell,Treby,Levashi,06/05/1992,Russia,rtreby4u@google.ca,602-404-7391
Art,Duffrie,Grästorp,07/16/1993,Sweden,aduffrie4v@elpais.com,347-785-4640
Marwin,Prince,Ōzu,07/24/1987,Japan,mprince4w@ameblo.jp,305-550-3700
Maiga,Mahady,Piaocao,04/24/1992,China,,424-291-4338
Anselma,McTear,Guinabsan,08/19/1976,Philippines,,320-249-2382
Torey,Kynan,Longquan,11/18/1990,China,tkynan4z@facebook.com,903-816-4207
Marlyn,Anersen,San Marcos,06/24/1960,Guatemala,manersen50@ca.gov,716-951-2356
Shurlocke,Cribbin,Taisen-ri,08/29/1990,South Korea,scribbin51@gizmodo.com,123-805-4338
Mortie,O'Lunny,Akron,03/08/1951,United States,molunny52@google.ru,330-408-0335
Garwood,Shelsher,Las Higueras,09/13/1963,Argentina,,899-454-7903
Yettie,Giuron,Shitan,08/23/1991,China,ygiuron54@yellowbook.com,468-547-6086
Skipton,Bittlestone,Sneek,12/18/1990,Netherlands,sbittlestone55@state.gov,545-642-9428
Madalena,Dinnington,Levin,05/31/1996,New Zealand,,623-180-5779
Noelyn,Edridge,Ngawi,02/14/1964,Indonesia,,524-933-2870
Morlee,Vickery,Canha,12/28/1969,Portugal,mvickery58@vistaprint.com,902-496-6062
Cordelia,Damiral,Koszęcin,06/30/1999,Poland,,537-733-8891
Teri,Lorek,Bartniczka,02/25/1996,Poland,tlorek5a@goo.gl,512-785-5056
Redd,Odlin,Tucheng,12/27/1967,China,,985-268-8195
Adelle,Yesson,Vallentuna,11/28/1988,Sweden,ayesson5c@cnbc.com,595-335-7207
Adelice,Duckitt,Severnyy,12/02/1957,Russia,aduckitt5d@barnesandnoble.com,119-543-0846
Matilda,Caff,Santa Eulalia,01/27/1976,Peru,mcaff5e@wikimedia.org,460-895-7447
Kennett,Paydon,Sydney,05/01/1989,Australia,,144-659-1235
Nevil,Brambley,Sóc Trăng,10/22/1971,Vietnam,nbrambley5g@illinois.edu,931-869-7213
Ellerey,Dumphy,Budapest,05/29/1974,Hungary,edumphy5h@hostgator.com,582-445-9792
Jody,Stidworthy,Narsingdi,10/23/1985,Bangladesh,jstidworthy5i@tinypic.com,390-696-2742
Romonda,Carruth,Lianozovo,04/05/1968,Russia,rcarruth5j@foxnews.com,727-656-9542
Nissy,Guerreau,Yaosai,05/01/1976,China,nguerreau5k@cnet.com,373-981-7474
Hannah,Pelham,Paraguaçu Paulista,05/01/1978,Brazil,hpelham5l@163.com,805-628-0185
Dennison,Keling,Uinskoye,11/24/1963,Russia,dkeling5m@jimdo.com,948-163-4818
Janot,Leatt,Rudnichnyy,07/18/1962,Russia,jleatt5n@ft.com,325-780-6054
Thomasine,Astie,Jidd Ḩafş,12/31/1972,Bahrain,tastie5o@rambler.ru,106-678-3560
Forester,Thornally,Leninsk,02/10/1981,Russia,fthornally5p@wufoo.com,468-692-6615
Rozalin,MacPeice,Xinshiba,01/09/1984,China,rmacpeice5q@wikimedia.org,181-444-0079
Enrichetta,Schurig,Chicago,04/10/1969,United States,eschurig5r@si.edu,773-414-5783
Teodoro,Carress,Nurabelen,12/02/1993,Indonesia,tcarress5s@ebay.com,269-767-3249
Othilie,Slamaker,Mananjary,05/03/1999,Madagascar,oslamaker5t@studiopress.com,993-266-6573
Siouxie,Paddefield,,,,spaddefield5u@mlb.com,
Eada,Mackelworth,Georgiyevsk,09/19/1978,Russia,emackelworth5v@columbia.edu,488-774-5651
Shelley,Durbyn,San Antonio de los Baños,10/13/1960,Cuba,,859-908-1692
Noelani,Shivell,Nechanice,01/20/1963,Czech Republic,nshivell5x@topsy.com,100-650-0880
Freddy,Wiffen,Eling,12/17/1975,China,fwiffen5y@1688.com,624-400-5040
Shina,Brevitt,Pinillos,02/14/1953,Colombia,,789-173-2863
Allen,Krystek,Kalān Deh,01/11/1988,Afghanistan,akrystek60@usda.gov,152-909-4414
Mozes,Coulter,Tielu,08/23/1995,China,mcoulter61@adobe.com,474-520-2940
Rickey,Heisham,Roczyny,09/12/1994,Poland,rheisham62@xing.com,400-323-3461
Beth,Phipard-Shears,Nice,06/12/1978,France,,741-775-0482
Nels,Rabbage,Alilem,09/08/1964,Philippines,nrabbage64@lulu.com,226-352-8561
Jeannette,Palley,Idalolong,02/06/1987,Indonesia,,500-206-7753
Gusta,Shill,,,,gshill66@google.cn,
Annabal,Perryman,Tagta,11/19/1956,Turkmenistan,aperryman67@google.com.hk,650-774-3675
Orin,MacCallester,Partizansk,08/28/1981,Russia,omaccallester68@people.com.cn,487-351-2466
Shanie,Isac,Jinzhuang,02/16/1977,China,sisac69@scribd.com,863-912-3554
Faith,Roth,Intipucá,08/13/1970,El Salvador,froth6a@hhs.gov,851-261-3908
Saraann,Elstone,Taldan,06/19/1951,Russia,selstone6b@dot.gov,947-622-0961
Jamie,Camis,Barreiras,04/19/1993,Portugal,jcamis6c@360.cn,275-823-4224
Tymothy,Lane,Vyshchetarasivka,05/10/1975,Ukraine,tlane6d@oaic.gov.au,452-724-3651
Oralla,Beatty,Banayoyo,12/17/1967,Philippines,obeatty6e@csmonitor.com,867-305-3374
Rosana,Cracknell,Graikochóri,12/23/1960,Greece,rcracknell6f@bloglines.com,231-761-2018
Norry,Rockey,Solntsevo,03/06/1956,Russia,nrockey6g@gnu.org,571-247-5693
Charlotte,Sterte,Yvetot,06/23/1995,France,csterte6h@slashdot.org,587-289-8642
Giffy,Paulon,Kīsh,08/28/1969,Iran,gpaulon6i@unblog.fr,691-658-8666
Lefty,Gleaves,Wola Jachowa,08/06/1976,Poland,lgleaves6j@imageshack.us,627-980-1702
Darcee,Gave,,,,dgave6k@hc360.com,
Glyn,Feldstern,Gião,02/21/1992,Portugal,gfeldstern6l@vk.com,168-788-2676
Andrea,Redley,Baiyin,09/27/1964,China,aredley6m@un.org,422-546-7680
Raquela,Bothie,,,,rbothie6n@tinyurl.com,
Myriam,Tregensoe,Josefův Důl,05/06/1965,Czech Republic,mtregensoe6o@taobao.com,359-647-1694
Vittorio,Noye,Misau,07/17/1976,Nigeria,vnoye6p@imgur.com,537-548-6129
Yuri,Pitkins,Baykalovo,02/23/1980,Russia,,838-934-1389
Loretta,Pedler,Cikiray,03/11/1967,Indonesia,,192-529-0101
Orlan,Patient,Umabay,12/31/1977,Philippines,opatient6s@1und1.de,507-390-4709
Waylan,Terrelly,Huifeng,12/27/1967,China,wterrelly6t@disqus.com,748-510-3152
Randal,Haken,Donnycarney,09/02/1992,Ireland,rhaken6u@phpbb.com,229-419-8106
Jennica,Eaglesham,Calilegua,12/05/1971,Argentina,jeaglesham6v@naver.com,892-884-3243
Heriberto,Downage,Chester,04/08/1960,Canada,hdownage6w@printfriendly.com,229-329-7879
Milzie,Hodge,Чегране,09/04/1955,Macedonia,mhodge6x@tripadvisor.com,373-650-6339
Elliott,Huyghe,Mthatha,06/25/1968,South Africa,ehuyghe6y@blogspot.com,306-706-6009
Rustie,Crosgrove,Baoxing,09/19/1958,China,rcrosgrove6z@360.cn,489-187-9692
Alfreda,Costar,Khāngāh Dogrān,01/09/1954,Pakistan,acostar70@google.es,947-239-9859
Aidan,Milmo,Shalakusha,11/04/1950,Russia,amilmo71@rediff.com,564-460-5236
Jacquetta,Houtbie,Shatoja,01/26/1977,Peru,,552-840-5237
Ginnifer,Marielle,Maumbawa,10/10/1957,Indonesia,gmarielle73@cloudflare.com,872-522-5757
Saw,Footer,Soavinandriana,12/07/1980,Madagascar,sfooter74@dailymail.co.uk,109-510-8159
Fenelia,Ramas,Cilegi,05/13/1996,Indonesia,framas75@accuweather.com,720-330-2717
Heall,Astie,Pilar do Sul,05/14/1993,Brazil,hastie76@home.pl,796-715-2054
Dante,Ratcliffe,Changning,01/08/1963,China,dratcliffe77@upenn.edu,845-361-1788
Ulysses,Cavanagh,Gaozhou,06/20/1987,China,,773-815-1057
Vanny,Hearnshaw,Clarence-Rockland,09/13/1985,Canada,vhearnshaw79@indiegogo.com,896-451-0488
Britta,Collister,Jangkungkusumo,07/08/1991,Indonesia,bcollister7a@constantcontact.com,369-403-4472
Armstrong,Le Provost,Chuandao,01/17/1956,China,aleprovost7b@twitpic.com,974-100-4754
Bethanne,Daingerfield,Agrínio,04/23/1984,Greece,bdaingerfield7c@yolasite.com,752-308-4991
Holden,Stutt,Baraba,03/29/1985,Russia,hstutt7d@oracle.com,120-689-2307
Umberto,Del Checolo,Parungjawa,01/14/1970,Indonesia,udelchecolo7e@google.com.br,950-827-1074
Gabriel,Dillinton,Konice,08/15/1984,Czech Republic,,493-901-9368
Bab,Guilliland,Barda,08/16/1977,Azerbaijan,bguilliland7g@hubpages.com,883-506-6617
Codi,Howick,Fuchang,03/30/1965,China,chowick7h@vistaprint.com,994-200-7132
Perceval,Fenney,Tembeling,03/10/1977,Indonesia,pfenney7i@photobucket.com,237-116-9090
Morna,Routhorn,,,,mrouthorn7j@ning.com,
Esdras,Rumsby,Loures,03/06/1977,Portugal,erumsby7k@illinois.edu,740-851-2519
Cilka,Gottschalk,Ladysmith,06/27/1974,Canada,cgottschalk7l@parallels.com,113-580-4572
Betti,Loynes,Longhua,06/28/1992,China,bloynes7m@topsy.com,772-772-6731
Ravi,Goodlip,Talata Mafara,11/18/1989,Nigeria,rgoodlip7n@utexas.edu,360-633-4146
Teresina,De La Hay,Jiuhua,06/05/1964,China,tdelahay7o@google.com.hk,821-857-6161
Ervin,Vanne,Kudus,04/26/1973,Indonesia,evanne7p@odnoklassniki.ru,714-462-5004
Kristien,Gavin,Diré,03/29/1997,Mali,,731-551-7319
Barbra,Brozsset,Alcantara,04/24/1974,Philippines,bbrozsset7r@wordpress.com,277-300-1153
Iain,Ferrarin,Pagatan,05/20/1950,Indonesia,iferrarin7s@mayoclinic.com,782-331-6648
Opal,Cops,Shigony,02/10/1952,Russia,ocops7t@nytimes.com,118-165-2759
Marleah,Cicullo,,,,mcicullo7u@prlog.org,
Karon,VanBrugh,Kenyau,09/19/1956,Indonesia,kvanbrugh7v@utexas.edu,500-407-2942
Celinda,Haxby,União da Vitória,02/07/1967,Brazil,chaxby7w@flickr.com,684-534-1194
Daniele,Tilliard,Longjing,09/25/1962,China,dtilliard7x@xinhuanet.com,176-560-4463
Bonnibelle,Duffield,Bujanovac,04/11/1958,Serbia,,754-771-8514
Laryssa,Woolfall,Raychikhinsk,03/06/1999,Russia,lwoolfall7z@usgs.gov,636-184-3942
Bank,Causbey,Mulhouse,09/02/1955,France,,865-945-7229
Osbourn,Glascott,Ketangi,08/02/1996,Indonesia,oglascott81@photobucket.com,176-885-9656
Archambault,Fant,Al Qarmadah,01/11/1961,Tunisia,,826-834-1796
Antonella,Fowlds,Krajan,11/13/1961,Indonesia,,189-192-0902
Dorthea,Bevan,Nong Yai,02/03/1994,Thailand,dbevan84@chronoengine.com,417-227-8835
Nico,Inchcomb,Santiago Nonualco,03/29/1957,El Salvador,ninchcomb85@cam.ac.uk,370-204-2814
Boonie,McAuslene,Węgry,06/10/1952,Poland,,304-974-6058
Milo,Minghi,Krajan Selatan,10/13/1987,Indonesia,,420-713-4307
Leslie,Dairton,Tugulym,06/09/1965,Russia,ldairton88@godaddy.com,516-422-6334
Maryann,Schaben,Sucre,12/07/1977,Peru,,395-863-5976
Fax,Blasetti,Arroyo Naranjo,07/22/1981,Cuba,fblasetti8a@columbia.edu,656-704-8576
Midge,Eadmead,Kadusimbar,09/09/1987,Indonesia,meadmead8b@devhub.com,418-336-9576
Bernadette,Barkess,San Marcos,04/24/1999,El Salvador,bbarkess8c@wikipedia.org,372-820-0398
Denna,Dreier,Faīẕābād,08/31/1951,Afghanistan,ddreier8d@google.ca,152-472-7476
La verne,Lamps,Effium,05/12/1995,Nigeria,,106-536-4643
Hadlee,Simoncelli,Winschoten,12/01/1996,Netherlands,hsimoncelli8f@opera.com,706-203-7695
Hildagard,Ogelbe,Johanneshov,01/27/1997,Sweden,hogelbe8g@noaa.gov,531-800-2422
Catherina,Pritty,Puerto Eldorado,08/01/1970,Argentina,,584-400-8556
Eberhard,Ellif,Szklarska Poręba,08/22/1976,Poland,eellif8i@woothemes.com,407-785-1745
Alysa,Sturror,Şalākhid,11/27/1969,Syria,asturror8j@blog.com,119-177-3526
Palmer,Bolles,Porvenir,01/01/1951,Uruguay,,236-630-4576
Guillema,Weson,Gon’ba,07/04/1978,Russia,gweson8l@dedecms.com,389-483-5428
Glenda,Pacheco,Krasnyye Barrikady,03/22/1960,Russia,gpacheco8m@dropbox.com,103-611-3968
Rey,Tibalt,Miskolc,03/08/1968,Hungary,rtibalt8n@unicef.org,659-622-6974
Gertrud,Callum,Siparia,05/17/1987,Trinidad and Tobago,gcallum8o@hubpages.com,343-368-6708
Joya,Bartosek,Krugersdorp,02/22/1971,South Africa,,587-604-1159
Jud,Rivitt,Muranovo,03/30/1999,Russia,jrivitt8q@youku.com,970-738-7327
Lilli,Allmen,Mytishchi,09/12/1974,Russia,lallmen8r@amazon.de,269-935-9624
Bendite,Liggins,,,,bliggins8s@people.com.cn,
Buddy,Westnedge,Xiangshan,09/13/1976,China,bwestnedge8t@slideshare.net,775-697-1775
Had,Inch,Verkhniy Kurkuzhin,09/05/1995,Russia,hinch8u@baidu.com,335-234-2757
Clevey,Kohnemann,Gweru,10/29/1989,Zimbabwe,ckohnemann8v@eventbrite.com,741-958-2267
Derril,Caldow,Ingarö,01/11/1951,Sweden,dcaldow8w@psu.edu,596-189-6179
Olenolin,Djakovic,Wyśmierzyce,05/06/1964,Poland,odjakovic8x@usa.gov,784-866-8205
Grantley,Westhead,Vostryakovo,09/17/1997,Russia,gwesthead8y@sourceforge.net,581-770-9311
Adelbert,Dumberell,Xiashitai,07/12/1969,China,adumberell8z@unc.edu,103-683-9207
Harlene,Jiras,Rosário do Sul,11/30/1980,Brazil,,986-553-1666
Libbey,Vaulkhard,Bernal,06/10/1950,Peru,lvaulkhard91@homestead.com,357-210-9027
Shannen,Limerick,Puerto San José,06/28/1971,Guatemala,slimerick92@fastcompany.com,793-742-2568
Catriona,Nursey,Satu Nou,02/21/1958,Romania,cnursey93@bizjournals.com,566-443-4386
Eugen,Duffill,Bin Yauri,05/21/1950,Nigeria,eduffill94@dion.ne.jp,172-467-7228
Kelley,Van Castele,Karanglo,11/09/1969,Indonesia,kvancastele95@nps.gov,939-363-3296
Glenda,Castanone,Sahagún,06/04/1974,Colombia,gcastanone96@google.it,464-325-7351
Dilly,Kornes,,,,dkornes97@salon.com,
Chelsie,Loxly,Barcelona,03/16/1954,Spain,cloxly98@auda.org.au,744-661-8652
Viviana,Mityushin,Dayan,06/17/1996,China,,241-248-9384
Fanechka,Pedrollo,Hotsk,11/30/1976,Belarus,fpedrollo9a@nba.com,855-798-5837
Bard,Yashnov,Dadiharja,03/13/1972,Indonesia,byashnov9b@fc2.com,310-859-6533
Claudia,Francioli,Spartanburg,01/16/1952,United States,cfrancioli9c@auda.org.au,864-831-3061
Lila,Blackway,,,,lblackway9d@csmonitor.com,
Jerrylee,McLardie,Longueuil,08/15/1994,Canada,jmclardie9e@statcounter.com,506-989-5379
Avis,Headley,,,,aheadley9f@thetimes.co.uk,
Kirstin,Siward,Mondim de Basto,10/19/1971,Portugal,,946-634-8261
Idalina,Parade,Las Mercedes,09/26/1975,Venezuela,iparade9h@photobucket.com,510-308-1145
Ruby,Merner,Hongzhou,02/09/1963,China,rmerner9i@mapy.cz,645-169-7305
Leshia,Labba,Skovorodino,05/02/1984,Russia,llabba9j@example.com,282-299-6243
Bayard,Wimpenny,Soroca,01/21/1997,Moldova,bwimpenny9k@washingtonpost.com,458-219-9822
Etti,Ortas,Mosta,03/07/1981,Malta,eortas9l@princeton.edu,112-308-6692
Orton,Eckart,,,,oeckart9m@comsenz.com,
Val,Chumley,Huangtukuang,07/15/1953,China,vchumley9n@csmonitor.com,916-841-5745
Micheil,Tilliards,Gaiyang,04/10/1955,China,mtilliards9o@illinois.edu,544-635-8306
Bartolomeo,Mozzini,Pergan,11/30/1997,Indonesia,bmozzini9p@squidoo.com,590-978-5940
Ailee,Biasotti,,,,abiasotti9q@blogger.com,
Suzi,Ber,San Francisco de Coray,06/15/1961,Honduras,sber9r@skyrock.com,103-779-5081
Rosamond,Wheatcroft,Orvault,06/09/1996,France,rwheatcroft9s@reddit.com,316-136-7999
Livvy,Thackray,Volzhsk,09/22/1989,Russia,lthackray9t@aol.com,626-825-3765
Scot,Roos,Paris 05,07/29/1981,France,sroos9u@trellian.com,238-345-2916
Edie,Howieson,Al Burayqah,06/04/1956,Libya,,993-973-0187
Gerry,Kohler,Chak Two Hundred Forty-Nine TDA,02/23/1996,Pakistan,gkohler9w@buzzfeed.com,466-982-7475
Gerek,Beacon,Vrbno pod Pradědem,08/03/1958,Czech Republic,gbeacon9x@google.es,208-467-9826
Joby,Limeburn,Cikole,05/09/1996,Indonesia,,293-122-0256
Richy,Lippitt,Vannes,05/12/1997,France,,749-877-7463
Janith,Cavendish,Qiaotou,11/08/1958,China,jcavendisha0@va.gov,458-964-9112
Flss,Merle,Sātkhira,01/24/1977,Bangladesh,,294-697-2922
Hewe,Vose,Đồng Mỏ,10/09/1969,Vietnam,hvosea2@twitter.com,951-422-7521
Sandy,Braisted,Shijing,05/29/1996,China,sbraisteda3@ycombinator.com,423-420-1642
Emlynn,Martynikhin,Timbó,08/18/1955,Brazil,emartynikhina4@webnode.com,913-641-6643
Kennett,Cainey,Iwaki,02/29/1976,Japan,kcaineya5@upenn.edu,150-163-3193
Diane-marie,Grocott,Pawili,11/03/1952,Philippines,dgrocotta6@msu.edu,197-838-8961
Barbara,Gurko,Sibubuhan,03/19/1959,Indonesia,bgurkoa7@usgs.gov,420-185-5819
Layney,Aaronsohn,Carodok,05/22/1952,Indonesia,laaronsohna8@myspace.com,835-490-2310
Merrick,Alyoshin,Đưc Trọng,06/22/1964,Vietnam,malyoshina9@omniture.com,792-858-9763
Enrique,Tomczykiewicz,Jadowniki Mokre,10/24/1951,Poland,etomczykiewiczaa@phoca.cz,678-832-8396
Pavel,Vallintine,Biên Hòa,01/12/1971,Vietnam,pvallintineab@amazonaws.com,464-342-0813
Jemmie,Ellett,Guodu,01/11/1971,China,jellettac@bloomberg.com,446-743-5510
Poul,Ferrolli,Azul,10/21/1961,Argentina,pferrolliad@ameblo.jp,433-497-5742
Virginia,Chaudhry,Mayfa‘ah,12/06/1997,Yemen,vchaudhryae@theatlantic.com,653-515-7304
Drusie,McCudden,Colima,01/28/1984,Costa Rica,dmccuddenaf@hao123.com,838-663-8868
Lori,Kochl,Serravalle,07/25/1968,San Marino,,172-410-7399
Ketty,Doran,Tanout,06/10/1973,Niger,kdoranah@epa.gov,789-758-7783
Nevil,Labin,Roanoke,11/08/1953,United States,nlabinai@ebay.com,540-713-3362
Kirsteni,Kemer,Sandakan,09/08/1957,Malaysia,,778-787-0626
Meridith,Ellick,Vila Alva,06/04/1970,Portugal,mellickak@tripod.com,307-172-2035
Gwenette,Gilson,,,,ggilsonal@salon.com,
Fanechka,Dzenisenka,Shchuchin,02/12/1952,Belarus,fdzenisenkaam@cnbc.com,163-488-2953
Barrie,Fergusson,Chuanpu,06/21/1995,China,bfergussonan@bizjournals.com,174-444-7915
Gerard,Findley,Seattle,11/24/1995,United States,gfindleyao@usda.gov,206-797-9981
Sabina,Claybourn,Gaocheng,07/04/1964,China,sclaybournap@si.edu,216-145-0609
Laverne,Mulrenan,Shangju,04/04/1977,China,lmulrenanaq@intel.com,225-741-7284
Maisey,Rackley,Enjiang,06/18/1951,China,mrackleyar@time.com,222-931-5952
Muffin,Leavey,Utabi,04/17/1957,Philippines,mleaveyas@soup.io,339-624-9153
Dodie,Toombs,Ordem,05/31/1969,Portugal,dtoombsat@cmu.edu,836-667-8929
Clarabelle,McClifferty,Dapawan,03/31/1979,Philippines,cmccliffertyau@netvibes.com,185-974-3588
Rosene,Carnson,Dajie,11/08/1966,China,,224-588-3976
Datha,Shurlock,Stoczek Łukowski,02/20/1969,Poland,dshurlockaw@nyu.edu,815-776-9333
Emilee,Dameisele,,,,edameiseleax@facebook.com,
Tyson,Merigon,Tiền Hải,07/30/1959,Vietnam,tmerigonay@google.co.jp,721-124-3296
Albertina,Kennham,Kota Bharu,09/10/1990,Malaysia,akennhamaz@hao123.com,213-969-0879
Norri,Lawee,Etten-Leur,06/17/1969,Netherlands,nlaweeb0@theguardian.com,440-716-5734
Maggie,Heiden,San Francisco,06/22/1970,United States,mheidenb1@deliciousdays.com,858-725-8281
Jaine,Gorch,Klášterec nad Ohří,01/30/1962,Czech Republic,jgorchb2@biglobe.ne.jp,802-378-8912
Brita,Sundin,Panawuan,03/27/1995,Indonesia,bsundinb3@shop-pro.jp,413-840-8146
Donavon,Le Friec,Xishanzui,04/07/1997,China,dlefriecb4@hugedomains.com,345-951-7007
Yettie,Courtes,Cruces de Anorí,03/10/1964,Colombia,ycourtesb5@dot.gov,988-555-8869
Keefer,Gossington,,,,kgossingtonb6@unicef.org,
Basilio,Dinnis,Daqiao,10/09/1955,China,,566-413-0151
Antonella,Davison,Guanta,03/30/1955,Venezuela,adavisonb8@chicagotribune.com,790-889-0392
Tibold,Gayther,Ipauçu,10/17/1980,Brazil,tgaytherb9@twitter.com,301-618-0581
Massimiliano,Pilmore,Finzes,09/28/1973,Portugal,mpilmoreba@flickr.com,965-370-9035
Davide,Klampt,Arroteia,11/30/1957,Portugal,dklamptbb@archive.org,493-368-1677
Harrie,Wintersgill,Ganyan,05/09/1986,China,hwintersgillbc@senate.gov,360-944-1674
Vivien,Montfort,Heilongkou,11/01/1985,China,vmontfortbd@engadget.com,551-192-6256
Alano,Mapham,Xibu,09/21/1954,China,amaphambe@wired.com,194-169-5343
Maurice,Whysall,Pakembangan,09/17/1970,Indonesia,mwhysallbf@marketwatch.com,925-215-4394
Shelby,Bage,Hamburg,04/11/1967,Germany,sbagebg@w3.org,485-779-7873
Rafe,Grier,Hongjiazui,09/20/1991,China,rgrierbh@prnewswire.com,796-362-4662
Emlynn,Whitmore,Montbrison,07/15/1994,France,ewhitmorebi@bbb.org,269-276-0106
Dolly,Woodhall,Namballe,08/15/1985,Peru,dwoodhallbj@over-blog.com,844-338-0181
Matthus,Kemsley,,,,,
Deck,Meletti,Olenyok,09/29/1977,Russia,dmelettibl@harvard.edu,726-526-7314
Mattie,Baines,Gijon,05/05/1956,Spain,mbainesbm@wikipedia.org,531-125-5242
Nataline,Tebbutt,Batiano,09/05/1986,Philippines,,251-217-1545
Gray,Oertzen,Stockholm,09/16/1988,Sweden,goertzenbo@phoca.cz,683-852-6843
Manda,Pettie,Cojata,11/30/1981,Peru,mpettiebp@patch.com,930-235-8979
Antonio,Cholton,Quankou,11/10/1966,China,acholtonbq@guardian.co.uk,348-444-7271
Philippe,Esgate,Dashkawka,07/30/1964,Belarus,pesgatebr@twitpic.com,850-976-5231
Leicester,Ackwood,Konstantinovskoye,09/19/1974,Russia,lackwoodbs@yahoo.com,683-265-3065
Goldia,Heino,San Miguel,04/02/1979,Mexico,gheinobt@ameblo.jp,789-761-0782
Orsola,Scorthorne,,,,oscorthornebu@unesco.org,
Carmela,Edgeson,Fatubia,04/11/1960,Indonesia,cedgesonbv@dailymotion.com,439-197-9823
Pall,Stopps,Now Zād,12/22/1987,Afghanistan,pstoppsbw@twitpic.com,284-503-4769
Godart,Filipowicz,Cennan,11/30/1971,China,gfilipowiczbx@tinyurl.com,283-525-2297
Prisca,Yarwood,,,,pyarwoodby@weibo.com,
Joela,Lamers,,,,,
Vinny,Platts,Atlanta,02/04/1990,United States,vplattsc0@ca.gov,770-780-7451
Cherilynn,Goldby,,,,,
Gonzalo,Skeath,,,,gskeathc2@wunderground.com,
Liana,Britian,Khārān,04/30/1993,Pakistan,lbritianc3@salon.com,370-154-8660
Bridie,Bevir,Hilversum,08/27/1998,Netherlands,bbevirc4@sourceforge.net,113-629-1483
Mickie,Arnaudot,Yuwang,03/03/1997,China,marnaudotc5@istockphoto.com,807-793-5689
Abbey,Rigglesford,Pasanggrahan,01/22/1955,Indonesia,arigglesfordc6@washingtonpost.com,592-891-6631
Jennette,Mighele,,,,jmighelec7@wisc.edu,
Sybilla,Hambrook,,,,shambrookc8@google.com.hk,
Dru,Hanhard,Taixi,03/21/1990,China,dhanhardc9@ehow.com,287-609-6073
Larissa,Tissell,Gradac,01/28/1951,Croatia,ltissellca@trellian.com,255-362-5283
Bertina,Comberbeach,Cervantes,02/17/1991,Philippines,bcomberbeachcb@guardian.co.uk,450-799-7747
Cara,Barnham,Chagang,12/08/1982,China,,768-859-4849
Marillin,MacDermot,Izhmorskiy,03/19/1998,Russia,mmacdermotcd@usa.gov,823-810-9024
Silva,Sundin,,,,ssundince@psu.edu,
Olympie,Nash,Cipari,05/05/1976,Indonesia,onashcf@geocities.jp,781-481-7208
Odilia,Hedlestone,Orzu,05/07/1973,Tajikistan,ohedlestonecg@weibo.com,390-825-7907
Beth,Aronowicz,Altıağac,02/02/1987,Azerbaijan,baronowiczch@spiegel.de,781-225-8151
Carly,Coultish,Baykit,03/07/1979,Russia,ccoultishci@merriam-webster.com,160-752-5688
Marty,Bowstead,Stockholm,08/17/1976,Sweden,,299-887-2962
Garrard,Pittendreigh,Yuzhou,04/01/1968,China,,307-431-1144
Englebert,Turney,Huiwen,10/08/1962,China,eturneycl@1und1.de,117-451-6865
Noreen,Hatwells,,,,nhatwellscm@disqus.com,
Patrick,Scrowby,Đình Lập,02/13/1974,Vietnam,pscrowbycn@illinois.edu,671-793-3728
Dru,Lyptrit,San José Acatempa,09/30/1986,Guatemala,dlyptritco@independent.co.uk,102-840-6659
Daffy,Stanesby,Quiches,03/26/1977,Peru,,541-341-4735
Tristan,Grinter,Krajan Alastengah,02/02/1959,Indonesia,tgrintercq@biblegateway.com,484-246-0662
Merwyn,Jakubski,Quba,05/08/1994,Azerbaijan,mjakubskicr@sogou.com,739-981-3094
Marty,Duckels,Oromocto,11/13/1974,Canada,,294-363-8351
Garv,Standeven,Chartres,11/07/1956,France,gstandevenct@1688.com,484-382-9504
Wain,Episcopi,Amagarapati,08/07/1968,Indonesia,wepiscopicu@reference.com,429-772-1839
Zollie,McKomb,Bohdalov,08/29/1972,Czech Republic,zmckombcv@zimbio.com,491-577-5955
Cristy,Petrecz,Budagovo,05/10/1972,Russia,cpetreczcw@google.cn,874-567-2488
Errick,Dunstall,Itatuba,06/16/1974,Brazil,edunstallcx@yellowpages.com,348-772-3247
Chaunce,Janosevic,Wubao,08/26/1991,China,cjanoseviccy@seattletimes.com,423-806-4299
Othello,Storton,Dondo,04/29/1958,Mozambique,ostortoncz@booking.com,266-487-3802
Iona,Morcom,Dofa,08/28/1983,Indonesia,,979-646-7816
Anestassia,Northidge,Połajewo,09/03/1953,Poland,anorthidged1@nps.gov,812-418-9285
Markus,Ivison,Naranjal,03/11/1997,Paraguay,mivisond2@alibaba.com,942-666-7215
Patricia,Edgeworth,Bernal,05/08/1997,Peru,pedgeworthd3@networksolutions.com,262-910-5665
Charley,Gilders,Buynaksk,05/27/1958,Russia,cgildersd4@furl.net,480-758-7798
Matthieu,Driuzzi,Costeira do Pirajubae,07/19/1975,Brazil,mdriuzzid5@boston.com,602-985-9029
Agneta,MacNamee,Liboran,08/11/1962,Philippines,amacnameed6@squidoo.com,695-412-1083
Siegfried,Cristou,Douba,01/18/1981,China,scristoud7@google.co.uk,792-308-4104
Shana,Pedreschi,Tambalisa,06/07/1995,Philippines,spedreschid8@xinhuanet.com,421-636-3380
Galvan,Menichillo,San Felipe Old,08/19/1950,Philippines,,977-759-1421
Magdalena,Fink,Springfield,10/15/1975,United States,mfinkda@arstechnica.com,217-309-1583
Sandy,Roocroft,Sankoutang,05/23/1998,China,sroocroftdb@cbsnews.com,508-516-7785
Lukas,Ginity,Huimin,12/05/1987,China,lginitydc@weibo.com,923-893-6152
Gilly,Grogona,Tarīm,09/30/1980,Yemen,ggrogonadd@tripod.com,833-622-3175
Glynn,Owthwaite,El Refugio,02/04/1958,Mexico,gowthwaitede@virginia.edu,366-452-4574
Magdalena,Cassie,Qandala,12/10/1966,Somalia,mcassiedf@alibaba.com,961-249-8248
Shepherd,Habgood,Węgrzce Wielkie,02/11/1960,Poland,shabgooddg@sina.com.cn,652-251-4804
Dolorita,Mallon,Socorro,08/15/1977,Colombia,dmallondh@columbia.edu,542-462-6119
Clovis,Causier,Pawitan,04/03/1975,Indonesia,ccausierdi@intel.com,321-773-3577
Correna,Bunch,Vallentuna,12/29/1959,Sweden,cbunchdj@blinklist.com,102-290-9252
Freeland,Buckler,Freire,06/26/1964,Chile,fbucklerdk@ftc.gov,724-855-5182
Mireielle,Kearton,Batgrām,01/18/1986,Pakistan,mkeartondl@cnet.com,502-131-5806
Joann,Colbeck,,,,jcolbeckdm@over-blog.com,
Leicester,Kelsey,Liulin,06/09/1997,China,lkelseydn@uol.com.br,985-954-2419
Deanne,Skaife,Pinayagan Norte,07/15/1990,Philippines,dskaifedo@yale.edu,321-457-0803
Boonie,Truswell,Vojkovice,12/07/1962,Czech Republic,btruswelldp@chron.com,432-440-4597
Faustine,Lundy,Podol’sk,08/11/1991,Russia,flundydq@furl.net,494-857-5217
Kilian,Doblin,Doumé,05/12/1961,Cameroon,kdoblindr@globo.com,902-917-9256
Mada,Martensen,Koło,09/25/1966,Poland,mmartensends@naver.com,597-801-9066
Perice,Payton,Chengjiao,08/05/1957,China,ppaytondt@desdev.cn,324-207-5977
Rodrigo,Fessier,Łąka Prudnicka,07/13/1987,Poland,rfessierdu@nasa.gov,763-772-5984
Christophe,Yakebovitch,Ludza,05/23/1999,Latvia,cyakebovitchdv@plala.or.jp,264-837-0393
Anestassia,Bang,Ricardo Palma,10/31/1986,Peru,abangdw@blogger.com,461-702-2548
Nelson,Greest,Gagah,03/09/1971,Indonesia,,830-428-1415
Enrika,Bater,Kuaidamao,06/27/1957,China,ebaterdy@delicious.com,719-739-1095
Trever,Greyes,Arkalyk,12/08/1994,Kazakhstan,tgreyesdz@xing.com,668-360-5323
Jolie,Harsnep,Frei Paulo,09/10/1976,Brazil,jharsnepe0@omniture.com,590-823-9351
Benedicto,Long,Não Me Toque,07/19/1952,Brazil,,817-846-8094
Analiese,McNally,Oetuke,06/11/1978,Indonesia,amcnallye2@omniture.com,653-541-2083
Audre,Linay,Masindi,11/07/1957,Uganda,,192-350-5406
Shayne,Riolfo,Haiyang,07/13/1958,China,sriolfoe4@topsy.com,474-792-9495
Alexis,Keuneke,Yongchang,06/09/1960,China,akeunekee5@hibu.com,864-269-6376
Adrien,Christoforou,Hayes,02/24/1990,Jamaica,achristoforoue6@ucsd.edu,778-184-3723
Viviana,Swettenham,20 de Noviembre,04/07/1997,Mexico,vswettenhame7@yahoo.com,735-332-1600
Ransell,Pagram,Dayou,03/11/1993,China,rpagrame8@fc2.com,877-124-9747
Rafaela,Hateley,Zhouxi,02/17/1951,China,,477-720-5914
Tarrah,Balloch,Oslo,05/31/1968,Norway,tballochea@drupal.org,898-954-3789
Mady,Calderon,Maydolong,09/27/1996,Philippines,mcalderoneb@omniture.com,246-684-4167
Robbert,Leport,Ciampea,10/13/1983,Indonesia,rleportec@tripadvisor.com,646-962-2962
Annnora,Barenskie,Sūrīān,04/13/1956,Iran,abarenskieed@lycos.com,374-906-2460
Silvan,Ongin,Oslo,05/16/1972,Norway,songinee@cafepress.com,959-315-5486
Derby,Skone,Chiţcani,10/08/1984,Moldova,dskoneef@zdnet.com,959-718-0586
Rollin,Hebbs,Gaigeturi,10/31/1993,South Korea,rhebbseg@illinois.edu,969-214-9521
Marchelle,Ferreri,Novoselë,02/12/1984,Albania,,885-881-1405
Gillie,Blindt,Xuezhen,06/04/1979,China,gblindtei@jimdo.com,427-222-0788
Edi,Hercules,Barrancas,04/09/1979,Venezuela,eherculesej@kickstarter.com,395-506-8234
Perren,Mulvihill,Ciomas,07/17/1952,Indonesia,pmulvihillek@vkontakte.ru,571-898-8104
Heath,Darby,Vayk’,05/11/1961,Armenia,,872-328-3508
Noreen,Skingley,Colonias Unidas,01/19/1975,Argentina,nskingleyem@buzzfeed.com,590-216-2422
Evonne,Domleo,Wolowona,05/08/1961,Indonesia,edomleoen@who.int,879-270-5130
Pattie,Sansum,Guanqian,12/26/1989,China,,674-946-9528
Feliks,Cucuzza,Yulao,04/17/1955,China,fcucuzzaep@dion.ne.jp,187-464-1852
Archibold,Varndall,Situsari,12/22/1984,Indonesia,avarndalleq@sfgate.com,950-334-2178
Rosabel,Gilbert,Podporozh’ye,07/21/1955,Russia,,493-978-1447
Dillon,Lishman,,,,dlishmanes@google.fr,
Maria,Dent,Kitchener,02/24/1989,Canada,mdentet@usnews.com,459-955-7677
Carmelina,Ace,Dashi,02/09/1984,China,,663-904-9283
Barde,Dumbleton,Cateel,04/29/1991,Philippines,,853-432-6864
Sandye,Prose,Khotsimsk,01/13/1987,Belarus,sproseew@sogou.com,923-216-6988
Garnet,Cordery,Buenos Aires,02/18/1950,Mexico,gcorderyex@uiuc.edu,898-291-7815
Sergent,Jurgensen,Puerto Bello,02/24/1994,Philippines,sjurgenseney@eepurl.com,929-948-4485
Ermentrude,Aldred,Cork,10/23/1952,Ireland,ealdredez@nasa.gov,200-302-9906
Thea,Durno,Pringgabaya,09/18/1982,Indonesia,tdurnof0@ucla.edu,314-674-0012
Charyl,Heeps,Manggu,06/12/1996,Indonesia,cheepsf1@wordpress.com,728-650-9486
Fidelity,Vedishchev,Pestovo,07/27/1985,Russia,fvedishchevf2@livejournal.com,639-606-2912
Chick,Rootes,Jeong,03/13/1985,Indonesia,crootesf3@ycombinator.com,238-792-2911
Mikol,Beardsworth,Kirovsk,12/14/1978,Russia,mbeardsworthf4@earthlink.net,691-484-8329
Benoit,Vampouille,Cawalo,09/16/1989,Indonesia,bvampouillef5@cdc.gov,867-997-7147
Oneida,Cremer,Ngunguru,03/01/1987,New Zealand,ocremerf6@linkedin.com,539-149-3320
Monti,Duley,Ponoka,01/28/1981,Canada,mduleyf7@ask.com,764-709-3877
Candis,de Keep,Pomacanchi,02/01/1986,Peru,cdekeepf8@ustream.tv,813-706-8135
Jamesy,Saddleton,Dongtian,11/02/1973,China,,477-794-1393
Maribeth,Godar,Yilongyong,10/18/1964,China,,571-957-9548
Phillie,Hazlehurst,Wielgie,12/16/1965,Poland,phazlehurstfb@harvard.edu,182-775-7524
Lorrie,Scad,Condado,09/22/1997,Brazil,lscadfc@house.gov,578-320-9096
Perceval,Guyan,Kavarna,06/04/1950,Bulgaria,pguyanfd@google.it,421-684-7082
Mable,Waldron,Wojaszówka,09/05/1965,Poland,mwaldronfe@a8.net,692-202-7802
Zacharia,Ramel,El Cortezo,02/01/1981,Panama,zramelff@topsy.com,873-754-2128
Estelle,Hedge,Radymno,08/20/1980,Poland,,474-556-7107
Selinda,Athelstan,Myhove,10/14/1975,Ukraine,sathelstanfh@usda.gov,797-460-1926
Johannes,Thain,Samokov,10/03/1963,Bulgaria,jthainfi@example.com,405-916-5489
Valencia,Cuddehy,Suya,08/03/1970,Nigeria,vcuddehyfj@discovery.com,677-546-1327
Jorry,Wordsworth,Probolinggo,04/12/1971,Indonesia,jwordsworthfk@exblog.jp,310-871-5878
Marlowe,Hasloch,Tyresö,05/10/1976,Sweden,mhaslochfl@samsung.com,478-452-8625
Dale,Blunderfield,Gandiaye,06/21/1968,Senegal,dblunderfieldfm@bloomberg.com,523-547-7068
Leroy,Twede,Frýdlant,02/16/1967,Czech Republic,ltwedefn@earthlink.net,747-378-0973
Wade,Markwell,,,,wmarkwellfo@house.gov,
Charleen,Dunkerton,Salacgrīva,09/06/1956,Latvia,cdunkertonfp@homestead.com,970-915-3332
Natalie,Blackley,Río Blanquito,06/16/1964,Honduras,nblackleyfq@cbsnews.com,352-293-2002
Alfred,Hindmore,,,,,
Christopher,Clissett,Yur’yevets,11/04/1998,Russia,cclissettfs@unc.edu,559-788-7126
Sara,O'Mailey,Narva,11/19/1964,Estonia,somaileyft@adobe.com,944-558-3375
Elwyn,Leuren,Razvanje,10/06/1968,Slovenia,eleurenfu@wired.com,671-316-4219
Winni,De Anesy,Paringin,10/16/1978,Indonesia,wdeanesyfv@illinois.edu,809-696-3656
Evvy,Shurville,,,,eshurvillefw@aboutads.info,
Leanna,Yuryatin,Novyy Uoyan,12/30/1959,Russia,lyuryatinfx@t-online.de,563-669-5189
Lyn,Patkin,Hayes,01/30/1963,Jamaica,lpatkinfy@howstuffworks.com,489-572-1992
Marena,Pittway,Léfka,03/10/1998,Cyprus,mpittwayfz@bbb.org,234-595-2102
Efren,Biss,Sa Pá,08/29/1986,Vietnam,ebissg0@cocolog-nifty.com,423-379-1684
Dael,Franceschelli,Fumin,02/12/1972,China,dfranceschellig1@cafepress.com,281-664-7293
Jere,Levesque,Freiria,04/29/1957,Portugal,jlevesqueg2@netlog.com,387-622-4389
Tamera,Hassewell,Seia,11/26/1982,Portugal,thassewellg3@unesco.org,343-698-4210
Dulcy,Clapham,Tugdan,07/18/1999,Philippines,dclaphamg4@vimeo.com,854-486-7534
Juliane,Imos,Hexi,06/05/1957,China,jimosg5@hhs.gov,265-939-1229
Rupert,Redborn,Czarne,11/09/1986,Poland,rredborng6@multiply.com,583-852-1724
Jackie,Stranieri,Lingion,09/15/1962,Philippines,jstranierig7@census.gov,721-635-5975
Diane-marie,Heald,Słupno,11/18/1965,Poland,dhealdg8@forbes.com,113-622-5208
Guendolen,Rapinett,,,,grapinettg9@dropbox.com,
Stirling,Thon,Xinhuang,04/23/1977,China,sthonga@quantcast.com,697-610-2021
Corbett,Sharrock,Karabash,09/15/1974,Russia,csharrockgb@phpbb.com,357-404-7810
Sylvester,Ferreira,Minshan,10/27/1964,China,sferreiragc@blogtalkradio.com,866-536-4471
Fabe,Pridmore,Sanyang,05/23/1956,China,fpridmoregd@bloomberg.com,254-150-4569
Guglielmo,Echalie,Mégara,10/21/1957,Greece,gechaliege@ox.ac.uk,656-751-4825
Minne,Samper,Xinhe,05/16/1991,China,msampergf@virginia.edu,439-386-6579
Jephthah,Bache,Yug,12/28/1961,Russia,jbachegg@phpbb.com,767-945-9299
Moises,Zellick,Longshan,02/13/1974,China,mzellickgh@elpais.com,442-584-1079
Irvin,Hubeaux,Zwedru,03/28/1986,Liberia,ihubeauxgi@uiuc.edu,528-551-7047
Heidi,Shimon,Tianhu,10/17/1977,China,hshimongj@163.com,962-923-4337
Lorelei,Loffill,Jaú,09/03/1967,Brazil,lloffillgk@altervista.org,799-849-3672
Arabel,Thundercliffe,,,,athundercliffegl@baidu.com,
Emilie,Springford,Capacmarca,07/04/1967,Peru,espringfordgm@europa.eu,581-992-8092
Denver,Tetther,Áno Sýros,04/01/1973,Greece,dtetthergn@dyndns.org,228-730-3587
Leonard,Sute,Qiandian,11/25/1967,China,lsutego@bluehost.com,663-683-5560
Mignonne,McGunley,Kedungbang,02/15/1972,Indonesia,mmcgunleygp@uol.com.br,429-667-5311
Elnora,Moneti,San Juan de Mata,05/29/1977,Philippines,emonetigq@home.pl,531-280-6025
Rowen,MacArthur,Pomar,06/02/1974,Portugal,rmacarthurgr@cisco.com,792-604-7492
Olympie,Lindermann,Xinxian,11/03/1955,China,olindermanngs@ibm.com,473-624-7010
Goldarina,Groveham,Pontevedra,04/28/1964,Philippines,ggrovehamgt@spotify.com,364-371-3298
Raina,Hoggan,Fangzheng,06/06/1981,China,,966-570-6995
Melisent,Kann,Bor Tungge,04/14/1979,China,mkanngv@cam.ac.uk,685-620-5783
Loren,Sterricks,,,,lsterricksgw@ifeng.com,
Anny,Lidster,San José,04/18/1965,Guatemala,alidstergx@netlog.com,892-862-9665
Robinia,Lingfoot,Vista Hermosa,07/09/1974,Mexico,rlingfootgy@nsw.gov.au,406-271-2681
Dirk,Dawidowicz,Meishan,11/07/1989,China,ddawidowiczgz@princeton.edu,926-484-5544
Grantham,De Banke,Mloko,03/22/1960,Indonesia,gdebankeh0@craigslist.org,127-337-5683
Efren,Merrall,Oak Bay,11/05/1995,Canada,emerrallh1@edublogs.org,313-418-1054
Chad,Artrick,Banjeru,06/30/1980,Indonesia,cartrickh2@yale.edu,892-973-2805
Koenraad,Rosettini,Zhabagly,09/26/1952,Kazakhstan,krosettinih3@washingtonpost.com,870-586-3489
Krysta,Ventura,Cardona,04/26/1959,Philippines,kventurah4@cisco.com,760-153-5047
Bradney,McClune,Pirojpur,11/21/1996,Bangladesh,bmccluneh5@desdev.cn,561-264-9500
Padgett,Leming,Fullerton,11/17/1982,United States,plemingh6@slashdot.org,714-227-6196
Mathew,Mars,Jilma,10/02/1968,Tunisia,mmarsh7@hubpages.com,700-226-6905
Page,Posner,Longjumeau,02/17/1967,France,pposnerh8@accuweather.com,977-486-5741
Care,Arran,Giesteira,11/11/1995,Portugal,carranh9@kickstarter.com,677-537-4144
Bebe,Flohard,Uddevalla,08/05/1991,Sweden,bflohardha@sciencedaily.com,142-896-4061
Dolph,Zahor,Antsohimbondrona,06/18/1957,Madagascar,dzahorhb@posterous.com,283-961-6561
Yehudi,Manntschke,Ta Phraya,12/23/1960,Thailand,ymanntschkehc@php.net,396-241-5738
Rozelle,Siburn,Xiangdong,04/20/1990,China,rsiburnhd@dailymotion.com,795-551-5968
Paul,Rheaume,Wuxiang,08/26/1999,China,prheaumehe@icq.com,376-502-3678
Giacobo,Sevin,Guanzhuang,10/11/1985,China,gsevinhf@discuz.net,524-136-8566
Hewitt,Redihough,Wanghu,02/02/1966,China,hredihoughhg@angelfire.com,697-577-8362
Engelbert,Bougen,,,,ebougenhh@ovh.net,
Mirilla,Crombie,Grigiškės,03/28/1966,Lithuania,mcrombiehi@squidoo.com,415-489-4782
Egbert,Nestor,Maesan,01/11/1960,Indonesia,enestorhj@nps.gov,876-409-2346
Rivy,Rishworth,Jiaoxiyakou,07/12/1967,China,rrishworthhk@tripod.com,881-252-4112
Conrade,Fayter,Jand,10/16/1979,Pakistan,,162-118-8458
Kale,Elsworth,Baiqi,05/16/1997,China,kelsworthhm@bandcamp.com,503-828-5529
Andra,Stallybrass,Muhoroni,04/29/1958,Kenya,astallybrasshn@dion.ne.jp,434-839-6879
Beltran,Hanny,Ząbkowice Śląskie,11/14/1978,Poland,bhannyho@home.pl,505-119-5964
Caye,Panchen,Takeshiken,03/19/1958,China,cpanchenhp@tuttocitta.it,757-673-7546
Lilah,Beedell,Sambogunung,04/06/1973,Indonesia,lbeedellhq@reuters.com,383-621-8400
Marika,Reolfi,Semamung,04/03/1977,Indonesia,mreolfihr@berkeley.edu,236-228-8603
Annabelle,Dibson,Pingpu,12/29/1972,China,adibsonhs@php.net,325-745-2516
Titus,Columbine,Peliyagoda,12/16/1983,Sri Lanka,tcolumbineht@admin.ch,227-211-0902
Trina,Slyne,Vilnius,01/24/1999,Lithuania,tslynehu@pinterest.com,833-249-0573
Jeannie,Braidford,Charyshskoye,03/03/1964,Russia,jbraidfordhv@nifty.com,375-489-0046
Garfield,Son,Erba,02/24/1999,China,gsonhw@loc.gov,624-532-6071
Olag,Melarkey,Mbuji-Mayi,07/24/1999,Democratic Republic of the Congo,omelarkeyhx@uiuc.edu,905-459-2074
Westley,Staddom,Poggio di Chiesanuova,04/04/1967,San Marino,wstaddomhy@cloudflare.com,304-114-1290
Pierce,Guy,,,,pguyhz@auda.org.au,
Amalie,Pinder,Belene,12/09/1955,Bulgaria,apinderi0@parallels.com,203-268-8854
Chiarra,Churms,Bozkow,10/10/1982,Poland,,346-659-1206
Julianna,Jan,Dakoutun,05/27/1984,China,,972-753-0091
Cherry,Brandts,Nanchoc,11/02/1959,Peru,cbrandtsi3@huffingtonpost.com,524-629-6168
Rubia,Lillicrop,Murici,09/03/1993,Brazil,,554-438-3096
Tobi,Woodings,Utabi,10/18/1998,Philippines,,845-541-0970
Neron,Gilfoy,Chandra,03/18/1955,Comoros,ngilfoyi6@baidu.com,104-800-1382
Burch,Lathwell,Taishihe,03/23/1969,China,,533-184-0334
Berte,Fitchett,Pingqiao,12/28/1984,China,bfitchetti8@freewebs.com,577-983-5948
Heywood,Kibbey,Denver,01/10/1981,United States,hkibbeyi9@wsj.com,303-344-3599
Milena,Astridge,Štítná nad Vláří,03/30/1990,Czech Republic,mastridgeia@reuters.com,324-772-2997
Carlen,Gwinn,Būsh,09/06/1953,Egypt,cgwinnib@so-net.ne.jp,634-656-7289
Kat,Duddell,Iwierzyce,01/12/1982,Poland,kduddellic@people.com.cn,300-261-6720
Trix,Akid,Hino,03/13/1958,Japan,takidid@bandcamp.com,594-582-4377
Birgitta,Bulward,Tekeli,06/05/1963,Kazakhstan,bbulwardie@smh.com.au,139-779-1868
Elfreda,Duckit,Cabo,12/16/1962,Brazil,,259-345-6799
Georgie,Cardnell,Liminka,02/08/1982,Finland,gcardnellig@columbia.edu,953-423-5817
Garrett,Fernely,Tayginka,06/29/1992,Russia,gfernelyih@businessinsider.com,679-288-8831
Marcia,Greschke,Arcos,11/02/1978,Portugal,mgreschkeii@bing.com,696-412-9984
Wilmette,Eastbrook,Baturinggit Kaja,09/09/1953,Indonesia,weastbrookij@economist.com,100-312-6489
Lonni,Blakeman,Saint-Eustache,09/07/1972,Canada,lblakemanik@gizmodo.com,769-628-1626
Bibbie,Ailsbury,Glagahan,02/14/1983,Indonesia,bailsburyil@blinklist.com,677-189-6425
Eva,Fenning,Kamyshevka Vtoraya,12/04/1983,Ukraine,efenningim@simplemachines.org,285-873-6346
Skipton,Yakuntsov,Urung,11/07/1981,Indonesia,syakuntsovin@shareasale.com,427-955-9814
Vernor,Bassingden,Loyew,12/21/1995,Belarus,vbassingdenio@cmu.edu,925-882-8505
Eleen,Sherbrook,Guyancourt,01/11/1956,France,esherbrookip@sogou.com,335-287-4852
Giraud,Jersh,Det Udom,07/16/1963,Thailand,gjershiq@sourceforge.net,822-776-5004
Wallie,Bartoli,Comalapa,04/17/1991,Guatemala,wbartoliir@xing.com,234-142-2147
Nikkie,Roloff,Şuwayr,12/03/1954,Yemen,nroloffis@mac.com,372-869-5932
Cami,Quail,San Jose,06/06/1976,Mexico,cquailit@prweb.com,360-834-7874
Friedrick,Bointon,Bigoudine,01/16/1952,Morocco,fbointoniu@jiathis.com,617-441-1977
Marven,MacTavish,Santa Maria da Vitória,07/31/1951,Brazil,mmactavishiv@symantec.com,555-164-4235
Orelle,Fagan,Pak Chong,05/30/1983,Thailand,ofaganiw@adobe.com,836-304-6198
Kenny,Fullylove,Sundsvall,02/09/1985,Sweden,kfullyloveix@linkedin.com,982-256-5125
Rosanne,Eric,,,,rericiy@icio.us,
Matilde,Howling,Debelets,01/22/1983,Bulgaria,mhowlingiz@artisteer.com,963-354-7423
Tansy,Fayre,Juncheng,10/29/1972,China,tfayrej0@homestead.com,412-541-2563
Eward,Goakes,Baños,07/02/1973,Ecuador,egoakesj1@google.it,468-296-8867
Suellen,Lown,Mulchén,08/19/1982,Chile,slownj2@mozilla.org,546-175-5285
Garvin,Lemar,Bedinje,06/30/1988,Macedonia,glemarj3@rediff.com,215-407-7398
Jamie,Dearle-Palser,,,,jdearlepalserj4@multiply.com,
Kaleb,Fourman,Dortmund,05/27/1963,Germany,kfourmanj5@tripadvisor.com,787-931-7517
Cynde,Rapp,,,,crappj6@newsvine.com,
Toby,Llewellyn,Konstantynów,08/17/1999,Poland,tllewellynj7@google.es,177-937-0784
Cherey,Casacchia,,,,ccasacchiaj8@house.gov,
Berkie,Jeffress,Sapiranga,10/22/1968,Brazil,bjeffressj9@google.co.uk,177-268-5822
Roz,Donald,Aygezard,02/27/1955,Armenia,rdonaldja@live.com,293-745-6170
Maggie,Ambrozewicz,Mealhada,08/21/1971,Portugal,mambrozewiczjb@discovery.com,513-793-1713
Leonidas,Dyble,São Gabriel da Cachoeira,08/10/1970,Brazil,ldyblejc@yellowpages.com,808-956-8477
Nathanial,Chaman,Cincinnati,08/31/1981,United States,nchamanjd@free.fr,513-162-7940
Tristam,Baford,Trambalan,08/14/1987,Indonesia,tbafordje@webs.com,926-650-4394
Ara,Murney,Shapa,02/08/1955,China,amurneyjf@opensource.org,716-151-7923
Filia,Chazelle,Kruisfontein,01/27/1963,South Africa,fchazellejg@webs.com,878-286-1063
Danette,McWhan,Pingpu,08/13/1985,China,dmcwhanjh@reverbnation.com,330-769-6187
Leela,Medina,Goshogawara,10/12/1970,Japan,lmedinaji@ucsd.edu,359-973-5935
Roderic,East,Umeå,02/17/1996,Sweden,reastjj@list-manage.com,933-853-0268
Raine,Rozycki,Lodwar,12/09/1995,Kenya,rrozyckijk@blogtalkradio.com,692-718-2869
Joell,Idney,Vicente Guerrero,11/02/1974,Mexico,jidneyjl@ftc.gov,837-807-6517
Fitzgerald,Andraud,Tân Hưng,09/04/1967,Vietnam,fandraudjm@google.it,289-741-2566
Celestina,Sandifer,Nizhnyaya Maktama,10/10/1986,Russia,csandiferjn@ning.com,642-259-8728
Dedra,Radke,Bulag,04/07/1969,Mongolia,dradkejo@cam.ac.uk,299-653-8826
Bernadette,Crosston,Shuiyang,06/12/1954,China,bcrosstonjp@sohu.com,955-614-8931
Lucho,Castillon,Kraslice,06/22/1955,Czech Republic,lcastillonjq@privacy.gov.au,779-926-4107
Ozzie,Lindenboim,Guilherand-Granges,12/19/1975,France,olindenboimjr@ox.ac.uk,761-286-3619
Renault,De la Yglesia,Souto do Meio,05/24/1999,Portugal,rdelayglesiajs@un.org,946-160-8121
Yule,Barrie,Laingsburg,01/24/1967,South Africa,ybarriejt@archive.org,293-400-0997
Granny,Mayze,Muye,01/09/1997,China,gmayzeju@irs.gov,566-612-0043
Albie,Barrowclough,Moita,11/17/1998,Portugal,abarrowcloughjv@deviantart.com,168-631-2317
Ketty,Lafayette,,,,,
Theodor,Luck,Shatian,10/01/1977,China,tluckjx@pbs.org,703-869-2123
Charlean,Oxley,Boulogne-Billancourt,09/18/1996,France,coxleyjy@apple.com,877-721-8515
Libbey,Blakey,Stráž,07/01/1968,Czech Republic,lblakeyjz@netlog.com,414-278-6980
Judd,Garie,Guyam Malaki,10/31/1969,Philippines,jgariek0@youku.com,459-328-8287
Margalo,Stitson,Nyaunglebin,06/27/1950,Myanmar,mstitsonk1@jimdo.com,339-550-1402
Salmon,Waldron,Idah,03/17/1974,Nigeria,swaldronk2@comsenz.com,106-391-3004
Glori,Winkle,,,,gwinklek3@dailymail.co.uk,
Bev,Hourstan,Kruševac,11/03/1960,Serbia,bhourstank4@nature.com,745-145-6979
Elnore,Ferronier,Ampanihy,08/17/1951,Madagascar,eferronierk5@disqus.com,965-668-0702
Sharon,Yukhnev,Angkimang,05/27/1955,Indonesia,syukhnevk6@loc.gov,754-916-0483
Meghann,Berthelet,Täby,01/21/1985,Sweden,mbertheletk7@mit.edu,453-633-1604
Tonie,Boxill,Xinmin,08/22/1999,China,tboxillk8@netvibes.com,500-516-1631
Tami,Harmes,Prince Edward,04/19/1978,Canada,tharmesk9@eepurl.com,653-964-1221
Etty,Caldera,Taoyuan,10/12/1962,China,ecalderaka@altervista.org,711-720-0726
Tiebold,Winnett,Kampungbajo,02/08/1974,Indonesia,twinnettkb@illinois.edu,791-115-4564
Jasmina,Arton,Utrecht (stad),10/21/1955,Netherlands,,876-149-8341
Flem,Symper,,,,fsymperkd@jiathis.com,
Chloe,Esgate,Kuala Pilah,10/02/1962,Malaysia,,786-284-1292
Tremayne,Demschke,La Hacienda,11/20/1999,Philippines,tdemschkekf@artisteer.com,515-917-3392
Noble,Triebner,Puerres,06/30/1973,Colombia,ntriebnerkg@e-recht24.de,779-651-0005
Bebe,Chiene,Haimen,05/07/1970,China,bchienekh@usnews.com,136-195-3896
Clareta,Kleinbaum,Périgny,03/12/1993,France,ckleinbaumki@princeton.edu,843-980-7505
Mychal,Connow,Stoszowice,10/10/1984,Poland,mconnowkj@tumblr.com,848-958-5766
John,Hurlston,Glagahan,08/19/1952,Indonesia,jhurlstonkk@networkadvertising.org,150-442-4745
Netti,Brach,Hegeng,01/27/1952,China,nbrachkl@gnu.org,750-640-5077
Prinz,Wardell,Kermānshāh,01/25/1989,Iran,pwardellkm@surveymonkey.com,916-472-6855
Tynan,Brooker,Alberton,01/25/1983,Canada,tbrookerkn@eepurl.com,164-167-2616
Boothe,Gouge,Lyon,04/25/1983,France,bgougeko@constantcontact.com,118-995-5229
Efrem,Castillou,Caçapava do Sul,01/18/1972,Brazil,ecastilloukp@princeton.edu,172-956-1023
Davey,Callard,Minien East,12/16/1990,Philippines,dcallardkq@wordpress.org,808-766-4295
Rickie,Easom,Żarnów,02/05/1984,Poland,reasomkr@icq.com,328-671-4391
Ora,Callan,Quartier Militaire,10/21/1951,Mauritius,ocallanks@facebook.com,172-431-2670
Normand,Bocock,Talodi,06/22/1975,Sudan,nbocockkt@yahoo.co.jp,367-320-8797
Bern,Klimus,Cikijing,03/04/1985,Indonesia,bklimusku@weibo.com,421-630-1363
Vince,Boller,Citambal,09/11/1953,Indonesia,vbollerkv@about.com,293-818-5821
Faythe,Fishbourne,Porvoo,08/25/1959,Finland,ffishbournekw@usgs.gov,974-670-9173
Andriette,Siddeley,Kafr az Zayyāt,11/19/1975,Egypt,asiddeleykx@bloglovin.com,552-790-2586
Salvador,Clubb,Andekantor,09/07/1994,Indonesia,,746-121-9611
Pincas,Penbarthy,Cintawana,07/25/1954,Indonesia,ppenbarthykz@mozilla.org,931-126-0713
Margot,Rocca,Ban Talat Nua,09/22/1998,Thailand,mroccal0@statcounter.com,391-871-2395
Asa,Tribe,Steinkjer,10/31/1983,Norway,atribel1@blogger.com,590-990-4530
Keriann,Dovey,Mayo Belwa,04/01/1980,Nigeria,kdoveyl2@yolasite.com,297-542-3087
Maje,Filchagin,Mar del Plata,05/05/1993,Argentina,mfilchaginl3@smh.com.au,489-838-7559
Vinni,Quick,Eaton,12/27/1999,United Kingdom,vquickl4@rakuten.co.jp,575-643-6904
Tomi,Petrillo,Delingha,05/31/1966,China,tpetrillol5@mtv.com,563-936-5517
Barbe,Cruickshank,Blantyre,08/23/1954,Malawi,bcruickshankl6@usatoday.com,576-347-1711
Bethanne,Le Prevost,Tonghae,02/17/1983,South Korea,bleprevostl7@mayoclinic.com,744-142-0103
Nero,Chiene,Tisno,07/08/1975,Croatia,nchienel8@yahoo.co.jp,930-103-3111
Matilde,Skirven,Headlands,05/15/1995,Zimbabwe,mskirvenl9@jimdo.com,861-659-1092
Jeni,Overil,Koh Kong,06/10/1967,Cambodia,joverilla@gravatar.com,257-948-3704
Marley,Sollis,Liudaogou,08/23/1999,China,msollislb@reference.com,902-835-3039
Giovanna,Flancinbaum,Ciechocin,12/28/1974,Poland,gflancinbaumlc@blog.com,225-467-4582
Roxy,Chantree,Segoro,08/05/1974,Indonesia,rchantreeld@shinystat.com,172-835-9273
Kort,Padberry,Santa Cruz das Flores,08/26/1961,Portugal,kpadberryle@businessweek.com,688-599-2819
Huntlee,Risebarer,Ombarade,02/22/1995,Indonesia,hrisebarerlf@hp.com,946-178-3435
Bibby,Cawley,Khafizan,07/18/1980,Afghanistan,bcawleylg@miibeian.gov.cn,560-994-2190
Bea,Elmes,,,,,
Benita,Hedingham,Sochaux,10/27/1957,France,,301-589-9303
Urbano,Oldfield-Cherry,Dashahe,08/06/1968,China,uoldfieldcherrylj@usda.gov,818-280-7291
Trudey,Whatson,General Arenales,03/27/1997,Argentina,twhatsonlk@quantcast.com,504-886-9760
Veradis,Bradbury,San Pedro,03/31/1952,Argentina,vbradburyll@spiegel.de,227-731-1165
Prentiss,Wonter,Dzvinogrud,01/03/1954,Ukraine,,870-495-1528
Ashton,Braithwaite,Monte Alegre,05/18/1977,Brazil,abraithwaiteln@sogou.com,912-654-4502
Barr,Leppingwell,Faqīrwāli,12/23/1958,Pakistan,bleppingwelllo@jigsy.com,726-148-8236
Hilliary,Marjoribanks,Staraya Mayna,08/18/1988,Russia,hmarjoribankslp@sun.com,353-885-7892
Iseabal,Wallach,Labangka Satu,01/28/1955,Indonesia,,143-485-7241
Ulrich,Dod,,,,udodlr@dion.ne.jp,
Adina,Slee,Kladi,12/07/1963,Indonesia,,638-707-8501
Ignatius,Soigoux,Xiaozhen,07/22/1953,China,,773-417-1183
Gilles,Bromilow,Donggaocun,01/06/1994,China,gbromilowlu@meetup.com,792-932-3481
Maximilianus,Keveren,Padre Paraíso,12/06/1989,Brazil,mkeverenlv@earthlink.net,335-797-3778
Aldric,Mongain,Omsukchan,12/21/1985,Russia,amongainlw@microsoft.com,246-843-6409
Dayna,Cartner,Kuantan,03/11/1987,Malaysia,,781-530-4422
Ethel,Glasscott,Portachuelo,07/30/1994,Bolivia,,369-814-9512
Nertie,Febvre,Vecpiebalga,06/14/1993,Latvia,nfebvrelz@youtu.be,226-649-7659
Lyndel,Jan,Huangzhawan,10/02/1971,China,ljanm0@photobucket.com,994-885-6181
Janine,Stockley,,,,jstockleym1@apple.com,
Hedi,Roskruge,Casilda,12/06/1968,Argentina,hroskrugem2@patch.com,482-712-9184
Perkin,Ghiotto,Byera Village,07/17/1950,Saint Vincent and the Grenadines,,990-720-9293
Jo-anne,Sheara,Skulsk,07/20/1980,Poland,jshearam4@amazon.com,228-967-1894
Lanny,Davidson,Harrisburg,04/28/1980,United States,,717-202-6121
Cristian,MacCafferky,Mỹ Xuyên,07/17/1969,Vietnam,cmaccafferkym6@dmoz.org,514-808-7710
Ange,Yurlov,Kasungu,11/03/1967,Malawi,,662-631-3577
Ernest,Renahan,Troyan,01/24/1960,Bulgaria,erenahanm8@flavors.me,886-858-8336
Nertie,Feedham,Norrtälje,10/30/1993,Sweden,nfeedhamm9@nps.gov,324-932-5873
Gilli,Bernasek,Olofström,01/28/1963,Sweden,gbernasekma@theglobeandmail.com,864-722-9504
Mireielle,Wakeford,Novonukutskiy,06/07/1968,Russia,mwakefordmb@globo.com,669-467-5151
Jermayne,O'Nions,Conselheiro Lafaiete,12/13/1951,Brazil,jonionsmc@sciencedirect.com,415-927-7453
Chiquita,Griffitts,Talzemt,08/08/1967,Morocco,,644-167-1545
Gretel,Saddington,Shezhu,02/16/1960,China,gsaddingtonme@ovh.net,519-617-4095
Jonathon,Botwright,Xinhua,11/07/1990,China,jbotwrightmf@sbwire.com,785-702-2866
Abbey,Genney,Barengkok,02/19/1975,Indonesia,agenneymg@edublogs.org,305-961-9314
Webb,Moretto,Hoçisht,08/05/1950,Albania,wmorettomh@technorati.com,466-967-7251
Mei,Alf,Villeurbanne,12/22/1985,France,malfmi@webnode.com,651-394-1304
Shurlock,Heigho,Billdal,05/31/1993,Sweden,sheighomj@amazonaws.com,167-458-8774
Vincenz,Bonsul,,,,vbonsulmk@virginia.edu,
Elfrieda,Worland,Ngou,10/12/1966,Cameroon,eworlandml@prlog.org,434-474-6131
Marja,Ivanusyev,Göteborg,05/25/1963,Sweden,mivanusyevmm@slideshare.net,433-250-8079
Ludovico,Quirk,Itapuí,01/05/1960,Brazil,,249-881-9738
Walton,Leachman,Rzgów,10/02/1997,Poland,wleachmanmo@ted.com,535-231-9320
Aubry,Kinchington,Bergen,03/03/1997,Norway,akinchingtonmp@people.com.cn,798-284-0823
Maurine,Vauls,Jeremoabo,11/01/1997,Brazil,mvaulsmq@amazonaws.com,807-477-8365
Lizbeth,Dri,Nancun,03/30/1971,China,,279-378-4933
Enrico,Rapson,Canillo,03/05/1984,Andorra,erapsonms@qq.com,370-848-6577
Kimberley,Baxendale,Bílina Kyselka,10/16/1995,Czech Republic,kbaxendalemt@oaic.gov.au,275-138-0914
Brodie,de Tocqueville,Masaran,03/17/1986,Indonesia,,554-310-6461
Germaine,Sevitt,Boac,07/19/1977,Philippines,gsevittmv@youku.com,841-434-8796
Karolina,Perigeaux,Karangsari,11/01/1957,Indonesia,kperigeauxmw@tuttocitta.it,678-862-4463
Augie,Broster,Butajīra,02/01/1963,Ethiopia,abrostermx@wordpress.com,570-669-8367
Gwenore,Spelwood,Zushi,10/27/1980,Japan,gspelwoodmy@youtu.be,548-722-4554
Corrinne,Langsbury,Avignon,02/18/1977,France,clangsburymz@jigsy.com,357-712-4647
Eudora,Linstead,Karpinsk,01/21/1950,Russia,elinsteadn0@google.com.au,598-172-4128
Loralie,Heynen,Tongshan,01/21/1962,China,lheynenn1@weather.com,667-948-7033
Gavin,McCluskey,Suchań,08/23/1956,Poland,gmccluskeyn2@tinyurl.com,657-329-6213
Paulie,Samudio,Raoshi,02/10/1980,China,psamudion3@themeforest.net,672-499-7894
Ninon,Kollach,Yotala,12/23/1977,Bolivia,nkollachn4@zimbio.com,319-894-3658
Gerri,Di Meo,Shicheng,09/19/1999,China,,730-388-7462
Clarence,Tarpey,Hengshui,03/28/1988,China,ctarpeyn6@tiny.cc,860-618-5485
Susanne,Adey,Sơn Tây,01/01/1953,Vietnam,sadeyn7@jigsy.com,182-731-4228
Buck,Scarrott,Longka,10/17/1986,Indonesia,bscarrottn8@jalbum.net,542-401-2339
Reeba,Alwell,Wangyi Zhendian,06/24/1980,China,ralwelln9@devhub.com,604-699-5486
Hastie,Guwer,Hamburg Bramfeld,01/20/1984,Germany,hguwerna@so-net.ne.jp,532-892-9910
Penny,Stryde,Taloqan,06/23/1987,Afghanistan,pstrydenb@1und1.de,359-873-5208
Maggy,Nutbeam,Pura,06/16/1982,Philippines,mnutbeamnc@intel.com,569-125-5359
Ambrosi,Krolman,San Rafael,06/13/1974,Philippines,akrolmannd@si.edu,625-537-4627
Stephana,Cale,Yiqi,01/04/1994,China,scalene@bloglines.com,325-796-9391
Margarette,Guilder,Bibis,05/21/1954,Indonesia,mguildernf@tamu.edu,178-110-3468
Harlene,Llewellin,Cartagena,04/13/1984,Chile,hllewellinng@a8.net,731-110-7027
Helsa,Alpin,Nanmu,05/11/1980,China,halpinnh@ovh.net,620-515-4902
Loni,Nehls,Birinci Aşıqlı,02/21/1965,Azerbaijan,lnehlsni@canalblog.com,687-119-5482
Delaney,Josefowicz,Anchau,12/31/1951,Nigeria,djosefowicznj@goo.gl,631-968-5021
Christoffer,Fairlie,Lagoa,07/04/1987,Portugal,,605-679-6858
Maure,Gildroy,Várzea,07/14/1973,Portugal,mgildroynl@people.com.cn,550-283-0809
Nanete,Forrestor,Atlanta,07/03/1951,United States,nforrestornm@biblegateway.com,770-162-3284
Thorny,Panchin,Carazinho,10/10/1959,Brazil,,574-275-9037
Marc,Edelheit,Kosiv,05/08/1960,Ukraine,medelheitno@bloglovin.com,939-732-9394
Riva,Warrilow,Jianli,10/20/1967,China,rwarrilownp@intel.com,196-368-4192
Dulcia,Marmon,Bandung,01/29/1960,Indonesia,dmarmonnq@timesonline.co.uk,817-925-7769
Lucy,Olligan,Yezhi,10/30/1991,China,lolligannr@newyorker.com,422-850-2979
Tull,Valentino,Flórina,03/08/1954,Greece,,518-853-5063
Bobby,Feitosa,Clearwater,04/20/1953,United States,bfeitosant@ucla.edu,786-400-8987
Cesare,Walch,Cabanas de Viriato,04/02/1950,Portugal,,927-324-3667
Neils,Hulse,Matam,03/31/1993,Senegal,nhulsenv@sina.com.cn,425-782-6769
Valentia,Hellis,Santa Bárbara,04/03/1969,Venezuela,vhellisnw@taobao.com,108-553-8361
Sammie,Roughley,Ten’gushevo,07/15/1994,Russia,sroughleynx@fc2.com,517-556-2072
Carter,Glossup,,,,cglossupny@wordpress.org,
Alexine,Trimmill,Caohe,04/07/1977,China,atrimmillnz@berkeley.edu,837-865-0615
Belicia,Matuszinski,,,,,
Mathew,O'Sheerin,Isheyevka,10/02/1990,Russia,mosheerino1@fda.gov,345-405-3966
Louisette,Bonass,Hengtanggang,08/29/1951,China,lbonasso2@google.co.jp,170-905-6149
Teirtza,Ferrar,Dežanovac,07/22/1981,Croatia,,536-876-2970
John,Trencher,Janeng,06/25/1952,Botswana,,842-334-8781
Emalia,Calladine,Emiliano Zapata,06/16/1975,Mexico,,243-968-0798
Kelley,Tancock,Berģi,04/14/1960,Latvia,ktancocko6@techcrunch.com,370-205-2910
Corrie,Borrington,Agen,05/19/1984,France,cborringtono7@telegraph.co.uk,983-195-7120
Daisy,Rosenthaler,Genteng,10/28/1968,Indonesia,drosenthalero8@mayoclinic.com,468-634-6555
Eleanore,Bythell,Ullubiyaul,02/06/1996,Russia,ebythello9@privacy.gov.au,770-152-5374
Woodman,Bridie,Sastöbe,07/30/1981,Kazakhstan,wbridieoa@scribd.com,332-883-7471
Clo,Bowdler,Chezhan,12/08/1997,China,,880-792-5935
Nickie,Ratledge,Carigara,04/08/1963,Philippines,nratledgeoc@sourceforge.net,386-184-1294
Cristabel,Clementel,Orlando,12/05/1958,United States,cclementelod@tmall.com,407-587-6298
Robinet,Izkovicz,Xinglongjie,03/16/1986,China,rizkoviczoe@printfriendly.com,800-172-5761
Ursulina,Stimson,Santo Niño,12/09/1990,Philippines,ustimsonof@princeton.edu,795-862-3133
Shayla,Royden,Sanshan,11/10/1989,China,sroydenog@weibo.com,286-542-5341
Tammy,Pourvoieur,Votkinsk,12/03/1986,Russia,tpourvoieuroh@scribd.com,124-372-9158
Rafaello,Pavlata,Portalegre,06/11/1961,Portugal,rpavlataoi@chron.com,230-688-4443
Mignonne,Kristiansen,Xibu,05/18/1998,China,mkristiansenoj@yahoo.com,941-687-9770
Nikoletta,Troy,Chernomorets,07/12/1963,Bulgaria,ntroyok@forbes.com,394-569-7910
Stefanie,Dennant,Glatik,06/09/1994,Indonesia,,771-805-4059
Dorthea,Willerson,Houston,03/30/1975,United States,dwillersonom@blogs.com,281-901-9076
Brennan,Glozman,Nanterre,09/04/1965,France,,828-990-7869
Lamont,McNuff,Huangcun,10/05/1982,China,lmcnuffoo@utexas.edu,465-189-9486
Lissa,Sheringham,Barda,12/28/1983,Azerbaijan,,566-840-2244
Leta,Lokier,Minamata,10/16/1960,Japan,llokieroq@scribd.com,391-431-7798
Bert,Kealey,Al Maḩfid,01/16/1997,Yemen,bkealeyor@hugedomains.com,545-411-0806
Jennifer,Griffen,Zagora,11/27/1963,Morocco,jgriffenos@e-recht24.de,763-472-9461
Jessamine,Winsome,Xihe,03/10/1959,China,,737-860-6134
Rupert,Noah,São Miguel,11/15/1958,Portugal,,143-193-9782
Vito,Skoggings,Shewopo,05/14/1980,China,vskoggingsov@apache.org,441-104-2536
Joelie,Neate,Ma’ao,11/08/1968,China,jneateow@youtu.be,937-748-4817
Erinna,Giraldez,Nîmes,03/24/1987,France,egiraldezox@engadget.com,776-273-1458
Doralynn,Roseveare,Aseri,12/17/1980,Estonia,droseveareoy@creativecommons.org,304-714-4458
Susannah,Brownett,Puerto Rico,06/13/1987,Peru,sbrownettoz@goo.ne.jp,361-437-9758
Arielle,Rylett,,,,arylettp0@xrea.com,
Jennifer,Ollie,Konče,05/19/1964,Macedonia,jolliep1@csmonitor.com,908-825-2470
Vaughn,Custard,Sobreira,11/03/1956,Portugal,vcustardp2@weebly.com,823-416-3107
Kendall,Fargie,Liwan,02/21/1968,Philippines,kfargiep3@toplist.cz,929-948-0933
Kelvin,Hanhard,Volodymyr-Volyns’kyy,03/07/1964,Ukraine,khanhardp4@whitehouse.gov,379-143-6726
Estella,Zorener,Krasnyy Yar,07/16/1954,Russia,ezorenerp5@vimeo.com,442-483-0141
Cass,Groundwater,Wenwusha,03/16/1995,China,cgroundwaterp6@slate.com,395-428-7681
Corette,Dorning,Yangong,01/16/1962,China,,271-410-6107
Carolina,Dudbridge,Fryazino,04/07/1959,Russia,cdudbridgep8@rakuten.co.jp,768-775-6360
Engelbert,Mellers,Banjar Dukuh,06/30/1963,Indonesia,emellersp9@epa.gov,211-567-9012
Donal,Redmille,Lakateng,10/02/1987,Indonesia,dredmillepa@un.org,670-963-5648
Madelaine,Grabert,Psevdás,04/28/1986,Cyprus,,808-425-9362
Julie,O'Lennane,Bov,11/01/1980,Bulgaria,jolennanepc@samsung.com,618-114-9123
Field,Billanie,Malishka,10/10/1975,Armenia,fbillaniepd@bloglovin.com,770-710-5164
Ailis,Brandsen,Yanmen,10/13/1969,China,abrandsenpe@dailymail.co.uk,934-446-7293
Katuscha,Tutt,Xingfeng,12/26/1998,China,ktuttpf@msu.edu,298-670-5005
Wilfred,Cosby,Soritor,10/29/1965,Peru,,429-638-4463
Charlene,Bowdler,Putatbasiun,01/01/1959,Indonesia,cbowdlerph@sogou.com,648-193-7183
Steffi,Deering,Kumagaya,04/28/1973,Japan,,106-476-0697
Karyn,Gascoyen,Ichinohe,10/16/1964,Japan,,955-140-4257
Nolana,Folshom,Houston,05/21/1966,United States,nfolshompk@elegantthemes.com,832-288-2276
Dorena,Clawley,As Samawah,08/17/1958,Iraq,dclawleypl@dot.gov,222-787-8659
Dacie,Loffhead,Tumba,04/26/1981,Sweden,,570-504-4377
Amye,Edgeson,Huangtian,10/04/1991,China,aedgesonpn@buzzfeed.com,118-211-0019
Cletis,Bjorkan,Bothaville,10/20/1951,South Africa,cbjorkanpo@msn.com,263-974-7763
Cam,Wakelin,Toulouse,06/30/1964,France,cwakelinpp@hubpages.com,508-763-3619
Derek,Tebbutt,Stupsk,07/02/1989,Poland,,922-374-1210
Bentlee,Beldan,Kujang-ŭp,06/13/1992,North Korea,,322-924-0981
Brinn,Hearty,Zall-Herr,07/26/1957,Albania,bheartyps@istockphoto.com,148-855-6574
Ash,Lantoph,San José El Ídolo,01/13/1958,Guatemala,alantophpt@dedecms.com,659-595-2910
Pascal,Reddish,Bringinanom,06/16/1967,Indonesia,preddishpu@tripadvisor.com,999-767-7633
Ed,Dutton,Al ‘Awjā,04/09/1994,Palestinian Territory,eduttonpv@reuters.com,505-142-3122
Gil,Medford,Wanmingang,03/02/1989,China,gmedfordpw@earthlink.net,329-451-4878
Robbie,Georgeau,Wuyo,12/17/1969,Nigeria,rgeorgeaupx@walmart.com,762-160-0480
Margaretta,Raccio,Ādilpur,06/04/1967,Pakistan,,735-258-1251
Cristie,Butt Gow,Wang Nam Yen,12/02/1988,Thailand,cbuttgowpz@jalbum.net,371-259-2069
Kirstin,Darwin,Chengzhai,03/23/1950,China,kdarwinq0@economist.com,889-308-7053
Osborne,Chastan,Hushi,08/06/1988,China,,858-688-1903
Olga,Woolpert,Huddinge,11/08/1954,Sweden,owoolpertq2@statcounter.com,112-472-9786
Kit,Brisset,Thị Trấn Than Uyên,05/12/1953,Vietnam,kbrissetq3@dropbox.com,744-786-6333
Jere,Upstell,Huili Chengguanzhen,12/03/1967,China,jupstellq4@vinaora.com,125-832-9503
Duffy,O'Carroll,Jönköping,04/24/1970,Sweden,docarrollq5@networksolutions.com,633-146-9283
Orel,Davitashvili,São Roque,06/12/1996,Portugal,odavitashviliq6@wix.com,717-387-7089
Cory,Petheridge,Qagan Obo,10/22/1953,China,cpetheridgeq7@icq.com,569-501-9147
Jock,Surr,Timiryazevskoye,08/25/1999,Russia,,855-443-2920
Ursula,Galletley,Hrvace,01/17/1997,Croatia,,537-171-5125
Darci,Delgardo,Asker,09/11/1966,Norway,,672-330-7043
Ulises,Dessaur,Nunsena,03/10/1996,Indonesia,udessaurqb@ovh.net,617-759-0004
Elyse,Petras,Paris 03,01/13/1980,France,epetrasqc@businessweek.com,399-289-1417
Toby,Dradey,Futang,12/27/1996,China,,900-234-7744
Alysia,MacDearmid,Nürnberg,03/15/1998,Germany,amacdearmidqe@netvibes.com,975-279-4883
Kip,Magnus,Jingdu,07/30/1965,China,kmagnusqf@qq.com,177-232-2873
Vernor,Vasilischev,Maguilling,02/22/1966,Philippines,vvasilischevqg@sfgate.com,953-975-5920
Gusta,Lumpkin,Sîngerei,09/09/1952,Moldova,glumpkinqh@ifeng.com,879-171-2650
Dillon,Vice,Longping,02/02/1985,China,dviceqi@nationalgeographic.com,166-743-6821
Caleb,Tassaker,Lobito,06/07/1968,Angola,ctassakerqj@ucoz.ru,976-426-9475
Alexis,Gommes,Kaliasin,08/24/1986,Indonesia,agommesqk@linkedin.com,653-120-4161
Isadora,Lindenberg,,,,ilindenbergql@slate.com,
Artemus,Jarritt,Hezhang,12/09/1993,China,,795-328-4665
Querida,Leddie,Nice,12/09/1962,France,,701-913-8706
Ginelle,Styan,Kłoczew,03/22/1959,Poland,,278-627-2561
Cosetta,Hicken,Gobernador Ingeniero Valentín Virasoro,01/14/1989,Argentina,chickenqp@amazonaws.com,578-232-2821
Joyous,Fetherstan,Santa Rosa,08/30/1962,Peru,jfetherstanqq@webmd.com,740-485-6419
Midge,Dreger,Jiuxi,03/29/1993,China,,225-810-3815
Jessa,Jonczyk,Oodweyne,02/07/1950,Somalia,jjonczykqs@google.pl,178-959-2068
Rosetta,McComish,Pérez,11/26/1954,Argentina,rmccomishqt@mit.edu,598-601-2507
Katinka,Rockcliff,Ninh Giang,09/02/1966,Vietnam,krockcliffqu@posterous.com,991-366-3573
Isidoro,Jeannenet,Ciénaga,06/16/1997,Colombia,ijeannenetqv@nih.gov,469-304-3598
Hadria,Galgey,Mŭglizh,08/28/1987,Bulgaria,hgalgeyqw@constantcontact.com,984-253-0564
Mariquilla,Lowfill,Kajatian,09/08/1996,Philippines,mlowfillqx@unesco.org,317-115-1981
Sayre,Beardwood,Bangeran,10/10/1985,Indonesia,sbeardwoodqy@tmall.com,632-501-8501
Rodolph,Hairs,Lyon,12/28/1958,France,,182-596-7790
Gilbertine,Baugham,Oakland,01/19/1988,United States,gbaughamr0@hud.gov,510-486-7813
Katey,Vanyukhin,Revolucion,08/07/1968,Mexico,kvanyukhinr1@dion.ne.jp,372-328-8342
Liana,Stocken,Outing,06/20/1992,China,lstockenr2@privacy.gov.au,372-483-8687
Mathias,Hendrichs,Campbellton,07/31/1971,Canada,mhendrichsr3@networksolutions.com,544-405-6774
Louie,Atton,Novikovo,09/05/1979,Russia,lattonr4@slideshare.net,878-181-9965
Devin,Gaitskill,Gentilly,07/03/1985,France,dgaitskillr5@dmoz.org,300-529-1485
Gun,Collings,,,,gcollingsr6@arizona.edu,
Aeriela,Giuroni,Umuarama,06/17/1966,Brazil,,970-152-0841
Paten,Gutridge,Tangjia,09/26/1982,China,pgutridger8@webnode.com,145-380-8844
Georg,Dankov,Masḩah,01/03/1957,Palestinian Territory,gdankovr9@ow.ly,278-556-1168
Doro,Manna,Tegalagung,05/24/1961,Indonesia,dmannara@columbia.edu,627-720-3360
Anthiathia,Voss,Zhoujiaba,05/06/1973,China,avossrb@etsy.com,652-840-8995
Brian,Mioni,Mircze,04/25/1992,Poland,bmionirc@amazon.de,246-521-1084
April,Sindle,Farnham,02/23/1975,Canada,asindlerd@reddit.com,453-544-1784
Olivier,Blacklock,,,,oblacklockre@hubpages.com,
Harli,Stonard,Arras,02/09/1997,France,hstonardrf@whitehouse.gov,946-961-3652
Sebastian,Devin,Cafarnaum,10/23/1997,Brazil,,846-728-8678
Valentijn,Caberas,Salerno,06/01/1953,Italy,vcaberasrh@sitemeter.com,574-878-3851
Nico,Gyse,,,,ngyseri@statcounter.com,
Doll,Ollivierre,Mehendiganj,06/14/1981,Bangladesh,dollivierrerj@phoca.cz,603-738-1788
Di,Farherty,Xinzha,06/25/1988,China,dfarhertyrk@spiegel.de,489-352-8686
Kirbee,Rillatt,Krajan Rowokangkung,10/06/1996,Indonesia,krillattrl@furl.net,386-424-7953
Alfreda,Hedylstone,Teslić,04/22/1967,Bosnia and Herzegovina,ahedylstonerm@sphinn.com,631-151-4627
Sela,Alenshev,Guangyi,05/11/1957,China,salenshevrn@google.co.jp,184-735-9416
Janel,Lesor,Matabao,08/10/1968,Philippines,,545-733-3879
Delmore,Machan,Zaragoza,04/01/1996,Philippines,,822-484-9110
Andrey,Geale,Radlje ob Dravi,08/23/1991,Slovenia,agealerq@netscape.com,325-266-3708
Evin,Gover,Hemudu,04/02/1997,China,egoverrr@washington.edu,160-630-3991
