first_name,last_name,birth_place,birth_date,country_living_in,email,phone
Laverne,Fielder,Lipno,12/23/1982,Poland,lfielder0@sina.com.cn,748-296-4917
Karolina,Blakeway,Nowe Miasto,08/02/1964,Poland,,471-568-5232
Lexis,Holley,Tangwei,11/09/1950,China,lholley2@multiply.com,682-460-2425
Dulcie,Boydle,Santa Rosa,08/23/1955,Mexico,,170-483-4763
Shaylynn,Coltart,Phlapphla Chai,12/13/1976,Thailand,scoltart4@bigcartel.com,799-913-8986
Randie,Trusse,,,,rtrusse5@altervista.org,
Jarred,May,Settat,03/22/1990,Morocco,jmay6@indiegogo.com,959-294-1227
Ema,Gubbin,Saint-Jérôme,05/13/1953,Canada,egubbin7@wunderground.com,225-757-6144
Karyn,Findlay,Frederiksberg,07/09/1996,Denmark,kfindlay8@tamu.edu,725-149-1018
Jodi,Farry,Jianchang,12/23/1981,China,jfarry9@dot.gov,743-809-2508
Lucho,Rogers,Novokuz’minki,06/18/1961,Russia,lrogersa@umn.edu,148-612-3397
Turner,Pautot,Kotikawatta,04/19/1999,Sri Lanka,tpautotb@mozilla.org,108-542-9996
Hershel,Kubecka,Banjar Bau Kawan,07/03/1957,Indonesia,hkubeckac@auda.org.au,810-198-7504
Cory,Mohan,Roma,02/03/1958,Italy,cmohand@apple.com,925-663-4917
Forrest,Critten,,,,fcrittene@phpbb.com,
Vilma,Probin,Sedatiagung,09/11/1957,Indonesia,,749-258-6127
Kippar,Fortun,Anna Regina,11/15/1998,Guyana,kfortung@storify.com,385-382-8058
Ardella,Bangley,,,,abangleyh@technorati.com,
Catharine,Harber,Koubia,09/02/1969,Guinea,,383-835-2585
Jacob,Grimmett,,,,jgrimmettj@hao123.com,
Dru,Boustred,Áno Kastrítsion,08/24/1998,Greece,,776-716-2916
Nealy,Delion,Daojiang,09/28/1995,China,,600-249-7036
Christian,Raitie,Masiga,02/05/1969,Philippines,craitiem@t.co,542-420-4049
Cloris,Teasell,Qinjia,03/18/1988,China,cteaselln@sphinn.com,799-861-1477
Kesley,Dufaur,Otuzco,04/16/1997,Peru,kdufauro@amazon.com,249-265-3835
Mel,Carloni,Homa Bay,11/13/1999,Kenya,mcarlonip@rediff.com,194-562-7517
Konstance,Brazenor,Santa Rita Village,07/10/1964,Guam,kbrazenorq@wired.com,119-482-7351
Gilli,Taffrey,Hougong,01/08/1986,China,gtaffreyr@prweb.com,513-984-7326
Brockie,Pawsey,Kanália,11/13/1976,Greece,,415-657-1618
Irena,Dayton,Melbourne,12/18/1979,Australia,idaytont@prlog.org,607-530-0097
Violette,Aronovich,Chakwāl,10/29/1966,Pakistan,varonovichu@hexun.com,196-446-9447
Rosy,Barracks,Granada,02/04/1973,Spain,,233-151-4175
Montgomery,Winthrop,Zhangjiayuan,10/22/1966,China,mwinthropw@flavors.me,463-245-3810
Korrie,Rusling,Luotang,03/17/1965,China,kruslingx@plala.or.jp,587-302-4027
Elsi,Fasson,Datong,05/30/1955,China,efassony@archive.org,570-781-2943
Patrizio,Earnshaw,Zonghan,01/19/1967,China,,925-115-5618
Bengt,Baignard,Paris La Défense,12/02/1954,France,bbaignard10@howstuffworks.com,612-653-1121
Salvatore,Simmins,Koper,10/30/1964,Slovenia,ssimmins11@dailymail.co.uk,654-282-1856
Thornton,Illyes,Guaíra,09/23/1982,Brazil,tillyes12@alibaba.com,499-623-5781
Ilaire,Butting,Klapagading,11/27/1952,Indonesia,ibutting13@fda.gov,993-312-3053
Parsifal,Aupol,Margarita,09/24/1996,Colombia,paupol14@imdb.com,802-464-8064
Aldin,Cotterell,Lianzhou,01/22/1965,China,,446-186-9981
Den,McGarry,Ampara,10/30/1968,Sri Lanka,dmcgarry16@vkontakte.ru,621-588-3259
Lezley,Cutbirth,Klang,12/06/1983,Malaysia,lcutbirth17@mayoclinic.com,433-166-4940
Dew,Roden,Farranacoush,10/03/1973,Ireland,droden18@ed.gov,554-574-0343
Augustin,Bisley,Wolong,06/27/1996,China,abisley19@fema.gov,312-522-5989
Vale,Litzmann,Yaojiaji,03/23/1998,China,vlitzmann1a@weebly.com,458-959-0838
Kat,Beek,Fuerte,12/19/1986,Philippines,kbeek1b@bloglines.com,407-792-9408
Garrott,Hook,Handaqi,05/09/1992,China,ghook1c@imgur.com,468-708-6307
Nalani,Pezey,Dalmacio Vélez Sársfield,01/25/1963,Argentina,,100-826-7931
Smitty,Mussen,Dashiren,04/03/1962,China,,521-129-4103
Cyrus,Calvey,Imbang,02/21/1983,Philippines,ccalvey1f@flavors.me,768-537-7550
Simonette,Grief,Ōzu,05/24/1962,Japan,sgrief1g@ehow.com,146-982-4846
Naoma,Cinelli,Nizhniy Dzhengutay,06/20/1989,Russia,,396-500-9093
Gerhard,Silver,Lazaro Cardenas,07/20/1961,Mexico,gsilver1i@histats.com,626-768-6835
Jacqui,Westrey,Araras,08/03/1984,Brazil,jwestrey1j@storify.com,753-376-3014
Glynis,Cassely,Shuixi,01/08/1998,China,gcassely1k@yahoo.com,128-714-2097
Lyndel,Buey,Eséka,10/30/1959,Cameroon,lbuey1l@reuters.com,597-527-3291
Ilsa,Linden,Tianning,11/01/1998,China,,121-444-5412
Elwood,Sinyard,Tianfen,01/01/1980,China,esinyard1n@intel.com,145-577-9688
Cris,Callar,,,,ccallar1o@xinhuanet.com,
Korella,Brierton,Alès,05/23/1994,France,,942-973-9538
Karlan,Crim,Vohipaho,12/04/1991,Madagascar,kcrim1q@ovh.net,333-712-7199
Page,Adicot,,,,padicot1r@homestead.com,
Frederica,Bales,Jalapa,12/01/1953,Nicaragua,,111-533-3541
Juanita,Frostick,Wenceslau Braz,04/09/1977,Brazil,jfrostick1t@un.org,226-707-4423
Georgeta,Lewzey,Serrana,05/15/1971,Brazil,glewzey1u@sogou.com,179-920-0966
Skyler,Lydiard,Tianfu,05/10/1969,China,slydiard1v@ustream.tv,639-889-7928
Rustin,Coldicott,Lille,06/11/1960,France,rcoldicott1w@earthlink.net,239-454-4732
Collie,Rosindill,Karangwaru,01/04/1952,Indonesia,crosindill1x@nhs.uk,816-384-8689
Matthaeus,Guitte,Yushugou,12/03/1951,China,,269-206-1727
David,Rannie,Ash Shajarah,12/17/1967,Syria,drannie1z@nature.com,503-310-6356
Boone,Erington,Slobodka,06/01/1997,Russia,berington20@cdc.gov,870-972-3872
Loria,Jakoviljevic,Huangshi,05/07/1987,China,ljakoviljevic21@ihg.com,384-544-6461
Bastian,Millhouse,Kende,04/14/1990,Nigeria,bmillhouse22@usa.gov,655-433-4930
Jacinda,Salleir,Qinghe,11/11/1986,China,jsalleir23@rakuten.co.jp,478-821-6811
Pier,Grinnikov,Moosomin,06/11/1977,Canada,pgrinnikov24@engadget.com,653-694-4907
Collette,Joselevitch,Gaotai,12/19/1955,China,cjoselevitch25@usatoday.com,864-256-8300
Glynis,Coltart,Golacir,12/14/1983,Indonesia,gcoltart26@yelp.com,996-335-8160
Gearalt,Bedell,Kruševo,09/03/1959,Croatia,gbedell27@topsy.com,365-885-0780
Romy,Erridge,Svyetlahorsk,07/17/1971,Belarus,rerridge28@cocolog-nifty.com,705-500-0564
Haily,Bool,Novyy Svit,11/28/1978,Ukraine,hbool29@dion.ne.jp,386-549-0159
Arnaldo,Thomasset,Quintães,06/24/1958,Portugal,athomasset2a@prnewswire.com,326-928-8427
Carleton,McCrachen,Shimen,06/26/1978,China,cmccrachen2b@virginia.edu,230-345-2463
Manny,Cyster,Antequera,09/12/1963,Paraguay,mcyster2c@wikispaces.com,673-922-0999
Marlo,Dixcey,Puteran Kidul,04/19/1960,Indonesia,,146-338-1933
Marissa,di Rocca,Dasol,06/26/1979,Philippines,,842-412-8182
Juline,Minci,Krajan,04/29/1967,Indonesia,jminci2f@vinaora.com,224-776-8811
Mathe,Maric,Druju,08/31/1989,Indonesia,mmaric2g@yandex.ru,625-638-5180
Roxanna,Kunath,Ciangir,02/01/1994,Indonesia,,832-241-7996
Tabbi,Dodd,Vacha,01/02/1976,Russia,tdodd2i@forbes.com,976-700-7637
Garvy,Rolinson,Anna Regina,07/03/1994,Guyana,grolinson2j@webmd.com,300-858-7938
Farand,Unworth,Hengli,03/10/1957,China,funworth2k@usatoday.com,894-783-8412
Gavrielle,Florentine,Atyrau,09/25/1967,Kazakhstan,gflorentine2l@hostgator.com,275-608-5850
Shirley,Craigs,Sindangsari,01/26/1983,Indonesia,scraigs2m@symantec.com,193-249-1319
Tam,Bengtson,Churubamba,10/22/1972,Peru,tbengtson2n@freewebs.com,289-888-3238
Donnajean,Borman,Davydovo,10/17/1999,Russia,dborman2o@businessweek.com,594-518-0032
Abagail,Abilowitz,Abengourou,10/30/1961,Ivory Coast,,308-337-0731
Estele,Thomazin,Al Jubayhah,03/05/1967,Jordan,ethomazin2q@weebly.com,847-774-5923
Coraline,Bidmead,Changchuan,03/20/1993,China,,152-603-4931
Fara,Feenan,Chuarrancho,06/20/1991,Guatemala,ffeenan2s@earthlink.net,908-866-7289
Filberte,Clay,Xiaba,08/22/1982,China,fclay2t@opera.com,996-159-5880
Mattheus,Di Batista,Areia Branca,04/08/1988,Brazil,,744-308-7655
Ronnica,Habershon,Jiquinlaca,01/30/1971,Honduras,rhabershon2v@1und1.de,184-141-3382
Loleta,Posner,Pentaplátano,03/04/1953,Greece,lposner2w@bigcartel.com,371-130-8562
Kirby,Cops,Villa Yapacaní,12/18/1966,Bolivia,kcops2x@gizmodo.com,885-550-5294
Cristionna,Thomasen,Bayanbulag,05/25/1987,Mongolia,,580-136-4710
Aubrey,Longstreet,Zhudian,08/26/1954,China,alongstreet2z@hao123.com,717-139-2132
Myrilla,Reilly,Pancur,10/30/1951,Indonesia,mreilly30@tripod.com,714-641-4452
Krispin,Olliffe,Bongouanou,05/31/1958,Ivory Coast,kolliffe31@linkedin.com,594-205-8507
Aurilia,Vickars,Diyarb Najm,09/29/1977,Egypt,avickars32@google.it,723-958-5810
Amalea,Whiscard,,,,,
Nil,Zanelli,Shigou,12/28/1989,China,,618-367-2946
Elden,Crewes,,,,ecrewes35@myspace.com,
Kerr,Rowcliffe,Novo-Peredelkino,12/13/1991,Russia,krowcliffe36@shinystat.com,902-621-2183
Katine,Selwin,Xinglin,08/29/1984,China,kselwin37@google.com.au,793-138-3585
Vita,Bertomier,Ceres,08/13/1982,South Africa,vbertomier38@nba.com,329-361-7587
Jami,Snowsill,Colombo,02/19/1966,Sri Lanka,jsnowsill39@admin.ch,289-161-9083
Pate,Menicomb,Shuangshipu,05/20/1961,China,pmenicomb3a@vkontakte.ru,791-322-7699
Dora,Schrir,Åtvidaberg,05/25/1998,Sweden,dschrir3b@joomla.org,757-710-4155
Raphael,Raffels,,,,rraffels3c@ebay.com,
Nicolea,Jaqueme,Sharkawshchyna,09/18/1989,Belarus,,238-969-0328
Norma,Ivers,Viimsi,07/06/1951,Estonia,nivers3e@tripod.com,761-481-4974
Aprilette,Eliasen,,,,aeliasen3f@nature.com,
Eldredge,Smeaton,Bertioga,07/06/1960,Brazil,esmeaton3g@economist.com,820-914-1827
Miguela,Heugh,Lokavec,08/24/1975,Slovenia,mheugh3h@lulu.com,616-328-4821
Ev,Poetz,Newark,01/02/1975,United States,epoetz3i@vk.com,973-227-6854
Marcos,Coots,Hostomice,06/12/1966,Czech Republic,mcoots3j@sina.com.cn,989-506-6527
Shandie,Stangroom,Sungaipuntik,02/17/1972,Indonesia,sstangroom3k@eepurl.com,203-538-8623
Chadd,Manuelli,Vicente Guerrero,10/20/1999,Mexico,,352-784-8745
Rory,Hendrik,Jelcz,04/02/1966,Poland,rhendrik3m@jigsy.com,298-831-1491
Skell,Gebby,Yuquan,12/29/1981,China,sgebby3n@pcworld.com,901-433-1541
Barrie,Dodell,Tilcara,06/10/1955,Argentina,bdodell3o@usatoday.com,741-698-4699
Orion,Scamp,Minh Lương,04/27/1982,Vietnam,oscamp3p@diigo.com,296-941-0442
Joycelin,Cowins,Aţ Ţīrah,07/28/1985,Palestinian Territory,jcowins3q@tuttocitta.it,690-222-2768
Harwell,Langelaan,Northern Suburbs Mc,09/07/1965,Australia,,800-830-6353
Tasia,Rouse,Sölvesborg,12/23/1957,Sweden,trouse3s@yahoo.co.jp,306-789-6718
Trixie,Rawlcliffe,La Rochelle,02/27/1956,France,,313-789-9358
Ferdie,Winsley,Yantan,06/26/1963,China,,221-327-1839
Addia,Hulles,Aghsu,08/25/1960,Azerbaijan,ahulles3v@redcross.org,864-463-7119
Johann,Coltan,Mārupe,04/13/1964,Latvia,jcoltan3w@imgur.com,777-152-6281
Clemens,Ferrige,Dayton,02/19/1982,United States,,937-662-3854
Norbie,Hellis,Thorpe,05/18/1965,United Kingdom,nhellis3y@cbc.ca,129-614-0135
Lorain,Dibble,Baishi,10/21/1950,China,ldibble3z@google.co.uk,571-308-9537
Audre,Tomasz,Urrao,04/20/1962,Colombia,atomasz40@craigslist.org,192-335-8148
Flory,Asple,Proletar,12/09/1998,Tajikistan,fasple41@stanford.edu,103-732-6812
Sherri,Spacy,Qızılhacılı,04/25/1965,Azerbaijan,sspacy42@stumbleupon.com,649-386-7660
Iain,Checketts,Liren,06/28/1951,China,ichecketts43@dion.ne.jp,536-360-3216
Coleman,Stanier,,,,,
Renado,Cello,Moshiyi,03/06/1992,China,rcello45@techcrunch.com,864-100-0946
Ax,Chessum,Taytayan,10/11/1991,Philippines,achessum46@blog.com,198-693-5888
Ive,Volk,Huangcun,07/26/1958,China,ivolk47@icq.com,299-187-7464
Francisco,Zorzutti,Znamenka,11/19/1959,Russia,fzorzutti48@parallels.com,316-534-1685
Reinold,Espin,Cahuac,04/18/1979,Peru,respin49@newyorker.com,330-963-3136
Graeme,Woolfenden,Uhniv,02/12/1965,Ukraine,gwoolfenden4a@mysql.com,926-838-5390
Raddy,Falk,Naranjos,01/10/1965,Peru,,157-675-4156
Berthe,Mecozzi,Bralin,03/08/1975,Poland,bmecozzi4c@yandex.ru,749-269-8568
Elyssa,Zuenelli,,,,ezuenelli4d@joomla.org,
Nikaniki,Cromly,Changleng,05/17/1986,China,ncromly4e@so-net.ne.jp,745-475-8707
Edita,Proske,Xilin Hot,06/04/1983,China,eproske4f@creativecommons.org,904-686-9891
Clair,Corbett,Couva,08/06/1954,Trinidad and Tobago,ccorbett4g@techcrunch.com,850-220-8810
Hasty,Ledrane,Troitsk,07/31/1980,Russia,,226-989-2247
Chickie,Stonestreet,Khodasy,09/06/1990,Belarus,,490-822-9844
Lillis,Kingsly,Fada,01/03/1981,Chad,lkingsly4j@lulu.com,525-368-5719
Meade,Rusk,New Orleans,01/10/1994,United States,mrusk4k@wikimedia.org,504-527-9765
Ernesto,Hattrick,Xinpu,02/06/1984,China,ehattrick4l@cisco.com,653-646-0486
Milena,Ferre,Ode,03/09/1954,Nigeria,mferre4m@washingtonpost.com,545-854-7888
Egan,Caress,Presnenskiy,10/17/1957,Russia,ecaress4n@hp.com,922-801-2735
Wally,Achurch,Murfreesboro,07/20/1951,United States,wachurch4o@google.com.au,615-144-1917
Grazia,Niesegen,Mundri,12/04/1979,Indonesia,gniesegen4p@nationalgeographic.com,752-579-2064
Caralie,Struss,Shichuan,08/24/1958,China,cstruss4q@berkeley.edu,481-241-2812
Callean,Hallatt,Akropong,12/12/1951,Ghana,challatt4r@pcworld.com,600-597-5457
Sibyl,Oxlee,Olleros,03/13/1994,Peru,soxlee4s@nydailynews.com,592-237-1489
Maggy,Stow,Bendorubuh,01/29/1962,Indonesia,mstow4t@storify.com,597-710-1759
Gael,Girke,Bungursari,08/10/1981,Indonesia,ggirke4u@harvard.edu,703-490-5089
Elga,Aslam,Knoxville,03/08/1992,United States,easlam4v@parallels.com,865-277-5516
Charlean,Rottery,Příbram,02/26/1992,Czech Republic,,768-894-3578
Haleigh,Jorry,Quận Năm,04/23/1971,Vietnam,hjorry4x@cloudflare.com,118-399-3672
Matthus,Averay,Obiaruku Quarters,05/27/1966,Nigeria,maveray4y@youtube.com,733-583-5492
Gerard,Tubridy,Zheshan,02/08/1961,China,gtubridy4z@wp.com,671-119-7538
Camellia,Keyse,San Francisco,09/01/1970,Colombia,ckeyse50@ft.com,155-168-3328
Mel,Wintringham,Matur,06/20/1962,Indonesia,mwintringham51@mit.edu,800-691-3908
Carola,Bridgement,Bogorejo,02/14/1976,Indonesia,cbridgement52@usa.gov,343-760-8738
Carmelle,Vany,Daxi,12/27/1992,Taiwan,cvany53@gravatar.com,271-752-5870
Cole,Rich,Sumpur Kudus,08/17/1983,Indonesia,crich54@blogs.com,810-670-5573
Jerri,Vile,La Palma,03/11/1996,Panama,jvile55@vistaprint.com,743-845-6668
Coralie,Randals,Dayou,01/25/1966,China,crandals56@addthis.com,210-279-1887
Mano,Schenfisch,Shankeng,03/14/1966,China,mschenfisch57@opera.com,445-350-4096
Virgina,Weatherall,Sarongan,11/17/1974,Indonesia,vweatherall58@dell.com,282-506-7273
Annissa,Dollard,Aleshtar,12/24/1998,Iran,adollard59@cisco.com,983-545-6864
Sonia,Bellchamber,Lom Kao,09/27/1966,Thailand,sbellchamber5a@baidu.com,844-123-5658
Thadeus,Milksop,Iturama,07/18/1981,Brazil,tmilksop5b@si.edu,480-760-2492
Christophe,Fitzsymon,Wu’erbu Baolige,07/27/1973,China,cfitzsymon5c@usatoday.com,525-117-7949
Emanuele,Zamorano,Kidangbang,01/02/1950,Indonesia,,134-227-5675
Tiffanie,Savatier,Hongqiao,03/01/1963,China,tsavatier5e@zdnet.com,709-419-9541
Shoshana,Richings,Lyubertsy,08/10/1991,Russia,srichings5f@tinypic.com,386-276-9406
Randa,Hurkett,Mueang Suang,09/06/1957,Thailand,,853-392-8003
Codi,McNickle,Guanajuato,12/07/1955,Mexico,,511-432-4967
Ronald,Hawton,Pakel,03/04/1988,Indonesia,,221-665-6631
Xaviera,Danihel,Tanūmah,11/22/1993,Saudi Arabia,,246-367-0445
Alyss,Shapera,Kotovsk,10/01/1982,Russia,ashapera5k@foxnews.com,655-703-8450
Zabrina,Cornforth,Piripiri,04/02/1990,Brazil,zcornforth5l@bing.com,476-300-7552
Hiram,Veltman,Srunikrajan,10/09/1983,Indonesia,hveltman5m@t-online.de,665-107-2520
Mozelle,Breazeall,Ajax,10/22/1999,Canada,mbreazeall5n@va.gov,199-527-9705
Patty,Duckels,Novouzensk,06/26/1973,Russia,pduckels5o@dedecms.com,523-284-2414
Sheryl,Cafferty,Dongjiang Matoukou,09/01/1974,China,scafferty5p@google.pl,765-539-9619
Baxie,Gelderd,Leon Postigo,08/17/1992,Philippines,bgelderd5q@cyberchimps.com,750-702-6704
Estrellita,Sansam,Kekeri,04/16/1999,Indonesia,,792-402-4964
Lewie,Admans,Parnaíba,01/21/1965,Brazil,ladmans5s@cmu.edu,111-224-4536
Emma,Kasbye,Belén de Escobar,02/21/1971,Argentina,ekasbye5t@gmpg.org,655-208-6741
Leanora,Garnam,Xinmin,11/03/1968,China,lgarnam5u@infoseek.co.jp,833-776-4984
Hervey,Schuster,Lutun,11/01/1986,China,hschuster5v@opera.com,732-586-5004
Mackenzie,Bourdon,Hekou,01/08/1993,China,mbourdon5w@businesswire.com,271-938-7264
Lorrin,Samuel,Altavista,09/15/1970,Mexico,lsamuel5x@gmpg.org,491-659-0998
Haley,Beisley,Petäjävesi,03/25/1959,Finland,hbeisley5y@smh.com.au,602-934-3476
Warner,Cawthery,,,,,
Juliette,Coxon,,,,jcoxon60@joomla.org,
Basil,Shovlin,Liushutun,09/19/1954,China,bshovlin61@lycos.com,369-533-7918
Yorgo,Barme,Yinjiang,10/11/1980,China,,935-168-6353
Ailene,Rubinsaft,Nonsan,03/28/1993,South Korea,arubinsaft63@freewebs.com,874-396-7616
Nicolina,Loney,Valença do Douro,01/30/1986,Portugal,nloney64@adobe.com,382-843-0658
Odelinda,Rymour,Wuci,09/20/1965,China,orymour65@ocn.ne.jp,227-579-4243
Effie,Wrefford,Las Palomas,11/27/1971,Paraguay,ewrefford66@rakuten.co.jp,229-954-3059
Rois,Lax,Nowe Miasto nad Pilicą,09/29/1987,Poland,rlax67@loc.gov,353-218-1027
Eli,Lacrouts,Yong’an,09/23/1999,China,,711-245-6608
Maximilianus,Buick,Izvestkovyy,07/16/1993,Russia,,806-929-7202
Andreas,Windebank,Gampengrejo,08/04/1978,Indonesia,awindebank6a@istockphoto.com,620-497-9613
Grannie,Bartholomew,Barras,04/20/1977,Brazil,gbartholomew6b@behance.net,449-338-4291
Alyson,Itscowics,Marteleira,12/05/1981,Portugal,aitscowics6c@vimeo.com,453-904-3901
Omar,Haversum,Ōmihachiman,07/13/1984,Japan,ohaversum6d@addthis.com,154-127-6381
Natty,Cesaric,Södertälje,11/25/1951,Sweden,ncesaric6e@china.com.cn,593-686-0141
Miranda,Creek,Ebetsu,04/05/1991,Japan,mcreek6f@youtu.be,452-430-6186
Caresse,Chittem,Karangtanjung,09/23/1975,Indonesia,cchittem6g@sourceforge.net,356-948-3773
Ceciley,Frend,Osielec,05/19/1980,Poland,,422-588-5847
Trace,Sidle,Lis,09/14/1985,Albania,tsidle6i@exblog.jp,956-811-5401
Brig,Waddington,Nürnberg,09/03/1950,Germany,bwaddington6j@liveinternet.ru,454-200-8231
Hardy,Rivitt,Sājir,07/27/1999,Saudi Arabia,hrivitt6k@fotki.com,522-109-9302
Ashton,Garretson,Lille,08/27/1978,France,,140-209-9143
Elizabet,Yitzhok,Meizhuang,11/08/1983,China,eyitzhok6m@wired.com,246-199-4324
Barry,Burrill,Changzhi,11/06/1978,China,bburrill6n@devhub.com,525-522-0589
Giulio,Bourdon,Guanqing,11/05/1988,China,gbourdon6o@mayoclinic.com,594-726-0484
Uri,Schistl,San Francisco,08/03/1970,United States,uschistl6p@technorati.com,415-630-3872
Mickie,Whettleton,Sumberagung,06/19/1999,Indonesia,mwhettleton6q@yale.edu,664-945-7307
Adrianne,McCallister,Hagerstown,02/21/1983,United States,amccallister6r@booking.com,240-457-0699
Cyril,Simmill,Sanzao,07/19/1980,China,csimmill6s@eventbrite.com,380-103-0883
Broderic,Probin,Paso de Carrasco,11/02/1954,Uruguay,,479-322-1397
Janis,Parrett,La Rochelle,06/13/1954,France,jparrett6u@spotify.com,892-862-1012
Gabriello,Falla,Srono,01/08/1981,Indonesia,,139-925-3966
Shep,Ventam,Nice,10/26/1994,France,,813-759-4998
Avram,Mewis,Bom Conselho,11/21/1984,Brazil,,221-745-5249
Virgie,Lydon,Lopandino,03/06/1958,Russia,vlydon6y@cnet.com,494-565-6159
Gloriane,Cossum,Wysokie Mazowieckie,12/05/1969,Poland,gcossum6z@yale.edu,950-627-4966
Adey,Portriss,Zhangatas,03/29/1979,Kazakhstan,aportriss70@springer.com,442-497-1598
Roxie,Bourrel,Krajan Dua Dawuan Wetan,05/05/1994,Indonesia,rbourrel71@cocolog-nifty.com,538-250-9821
Martica,Densun,Zhangping,02/22/1963,China,,364-565-4783
Jameson,Mellows,Velikiye Luki,01/14/1990,Russia,jmellows73@ustream.tv,920-332-0925
Dael,Feild,Kuala Lumpur,08/24/1979,Malaysia,,310-855-2578
Ardyth,Rault,Aranđelovac,03/31/1999,Serbia,arault75@globo.com,986-191-5795
Lynette,Artindale,General Lavalle,05/06/1987,Argentina,lartindale76@addtoany.com,283-838-5904
Rozamond,Bernardos,Nyköping,07/15/1971,Sweden,rbernardos77@networksolutions.com,155-717-5599
Toddy,Fanstone,Wolomarang,11/20/1961,Indonesia,tfanstone78@trellian.com,252-155-3802
Myles,Kliemchen,Cigaras,03/01/1961,Philippines,mkliemchen79@ibm.com,587-144-2074
Odilia,Paike,Wau,05/24/1984,Papua New Guinea,opaike7a@1688.com,974-630-6494
Waylan,Guidera,Qijiaxi,12/23/1956,China,wguidera7b@naver.com,440-959-9603
Blanch,Harris,Bongsri,08/21/1961,Indonesia,bharris7c@ft.com,125-568-5675
Gina,Antonomolii,Turan,04/22/1993,Russia,,725-795-7692
Arleta,Jollie,Chuchkovo,07/04/1965,Russia,ajollie7e@webnode.com,772-705-3833
Yasmin,Abdy,Apoya,07/26/1966,Philippines,yabdy7f@whitehouse.gov,371-198-5949
Rem,Siemens,Tonggoh,06/22/1971,Indonesia,rsiemens7g@cafepress.com,202-765-7513
Amble,Rumney,Mashui,02/22/1969,China,arumney7h@so-net.ne.jp,603-656-4816
Sadella,Barkway,Baro,12/11/1973,Philippines,sbarkway7i@fastcompany.com,787-967-4887
Adamo,Skillitt,Rogowo,08/23/1980,Poland,askillitt7j@webnode.com,184-165-8572
Kathleen,Wrathmall,Luxor,09/26/1994,Egypt,kwrathmall7k@nsw.gov.au,833-755-7327
Winnah,Newlands,Huangmao,12/20/1980,China,,861-426-0605
Filmer,Grantham,Yessentuki,10/23/1977,Russia,fgrantham7m@ucsd.edu,519-395-0664
Ashlen,Pigdon,Timashëvsk,04/13/1995,Russia,apigdon7n@aboutads.info,870-876-9451
Kala,Venning,Benjamín Aceval,09/17/1973,Paraguay,kvenning7o@wunderground.com,245-133-7785
Pattie,Wrey,,,,pwrey7p@etsy.com,
Tiffie,Panner,Yosowilangun,11/06/1972,Indonesia,tpanner7q@friendfeed.com,757-696-7829
Jaymee,Favelle,Bukovany,09/20/1991,Czech Republic,jfavelle7r@abc.net.au,966-924-3534
Vitoria,Clementet,Wenxian Chengguanzhen,03/20/1998,China,vclementet7s@amazon.de,252-924-9963
Emiline,McNaughton,Harrison Brook,12/08/1998,Canada,emcnaughton7t@cbc.ca,484-951-6665
Son,Maxstead,Calangain,04/13/1956,Philippines,smaxstead7u@cnet.com,700-148-3284
Hedvig,Ventom,Äänekoski,04/30/1964,Finland,hventom7v@house.gov,953-649-0881
Fancy,Lathe,Paiçandu,05/01/1969,Brazil,flathe7w@ustream.tv,167-409-4556
Rafaela,Sedgmond,Gongrong,08/01/1972,China,rsedgmond7x@cdbaby.com,603-101-1257
Gwyn,Franzke,Bressuire,07/03/1985,France,,973-634-2147
Shari,Gladeche,Shangbahe,07/21/1976,China,sgladeche7z@yandex.ru,755-760-0777
Stacey,Calcut,Rejasa Kaja,09/30/1994,Indonesia,scalcut80@statcounter.com,591-800-8705
Leola,Jimes,Leeuwarden,12/10/1988,Netherlands,,922-836-9100
Theodora,Chaundy,,,,tchaundy82@upenn.edu,
Hortensia,Leech,Baoping,10/12/1975,China,hleech83@hibu.com,922-601-7373
Kay,Kleehuhler,Vũ Quang,07/20/1971,Vietnam,kkleehuhler84@yahoo.co.jp,314-359-9175
Les,Paradis,Thị Trấn Trùng Khánh,05/23/1998,Vietnam,,683-234-6426
Duffie,Hillin,Oslo,05/24/1992,Norway,dhillin86@dell.com,694-880-5482
Crista,Balden,Barrancas,08/18/1998,Colombia,,496-248-8383
Jamaal,Byron,Kardzhin,11/25/1990,Russia,jbyron88@indiatimes.com,764-297-4896
Randene,Barfitt,,,,rbarfitt89@oaic.gov.au,
Timofei,McMeyler,Aného,08/16/1974,Togo,tmcmeyler8a@businessweek.com,944-719-5417
Tracee,Booeln,Vingåker,04/17/1956,Sweden,tbooeln8b@domainmarket.com,117-591-4217
Genovera,Esler,Calamba,02/21/1976,Philippines,gesler8c@apache.org,550-546-6132
Clair,Laybourne,Jacura,11/08/1985,Venezuela,claybourne8d@t-online.de,825-474-4833
Jenn,Antonazzi,Dłutów,09/30/1967,Poland,jantonazzi8e@privacy.gov.au,252-787-1855
Ruddy,Kearton,Landivisiau,07/02/1960,France,rkearton8f@hud.gov,763-319-9977
Melli,Pech,Taiping,01/27/1953,China,,631-156-4036
Sandy,Kirkman,Yangdian,05/04/1958,China,skirkman8h@google.fr,106-453-6829
Loni,Handrik,Paço,03/05/1970,Portugal,lhandrik8i@go.com,514-838-4952
Teodor,Cossey,,,,tcossey8j@japanpost.jp,
Stavros,Robbings,,,,srobbings8k@behance.net,
Cirillo,Kienlein,Ikey,03/18/1959,Russia,ckienlein8l@earthlink.net,343-698-9245
Burtie,Mollin,Almalaguês,03/20/1952,Portugal,bmollin8m@typepad.com,103-877-2086
Dannel,Norster,Shuixi,12/15/1958,China,,245-408-3358
Liza,De Gregorio,Tangzhai,08/27/1960,China,ldegregorio8o@gov.uk,208-928-1064
Vitoria,Lomasna,Xinkaikou,02/12/1962,China,vlomasna8p@ted.com,107-277-8056
Wilbur,Towse,Raglan,08/17/1989,New Zealand,wtowse8q@nationalgeographic.com,472-424-3259
Nicholas,Brain,Huzhen,10/18/1975,China,nbrain8r@cpanel.net,967-912-9947
Rozamond,Scintsbury,Talisay,01/28/1975,Philippines,,140-236-4024
Drugi,Revett,Xinjiebu,07/08/1971,China,drevett8t@flickr.com,404-836-5659
Madelin,Arguile,Tanjungbatu,12/09/1989,Indonesia,marguile8u@fastcompany.com,591-764-0393
Boote,Smyley,Guiwu,06/01/1960,China,bsmyley8v@wikispaces.com,458-125-1446
Edee,Hrishchenko,Murovanoye,02/10/1952,Ukraine,ehrishchenko8w@yellowpages.com,364-304-4349
Ashlie,Doleman,Reims,08/28/1965,France,,475-841-9804
Gothart,Ruger,Musashino,12/11/1967,Japan,gruger8y@webnode.com,617-198-0892
Robby,Gauntley,Ābdānān,11/05/1959,Iran,rgauntley8z@hao123.com,609-866-0283
Lesli,Ortler,Jetis,08/28/1952,Indonesia,lortler90@ftc.gov,514-510-0996
Dorthea,Ferguson,Xia Dawo,05/01/1961,China,dferguson91@naver.com,124-723-3529
Ryun,Chappel,Sumberpucung,03/10/1950,Indonesia,rchappel92@yahoo.co.jp,108-935-2072
Aharon,Jonson,Vysokogornyy,06/30/1982,Russia,,248-565-5814
Winston,Belliard,Myeik,12/20/1988,Myanmar,wbelliard94@myspace.com,631-851-7186
Tom,Benjafield,Krajan Siki,06/19/1966,Indonesia,tbenjafield95@dell.com,338-343-1533
Fania,Beeden,Danzao,07/04/1995,China,fbeeden96@amazon.co.jp,834-538-2930
Charmain,Clampe,Besuki,10/21/1998,Indonesia,cclampe97@people.com.cn,670-127-4656
Wylma,Vonderdell,Qiting,08/04/1989,China,wvonderdell98@gmpg.org,473-151-5422
Alvinia,Ticic,San Jerónimo,01/20/1966,Peru,,483-865-5326
Denys,Leech,Stavanger,09/13/1950,Norway,,397-118-2701
Wendy,Benech,Palayan City,07/16/1985,Philippines,wbenech9b@ucoz.ru,934-791-1304
Bernette,Udale,,,,,
Shalom,Regan,Rudnogorsk,01/27/1973,Russia,sregan9d@dagondesign.com,261-705-9521
Maxim,Oldacres,Tabogon,10/19/1956,Philippines,moldacres9e@nhs.uk,724-625-3821
Heddie,Cadamy,Rio Claro,08/21/1964,Brazil,hcadamy9f@amazon.co.jp,644-715-1289
Royce,Exer,Alingsås,07/18/1977,Sweden,rexer9g@cbc.ca,547-285-8121
Hasheem,Quinnelly,Cambuga,09/17/1952,Philippines,,397-744-8296
Kikelia,Paget,,,,,
Olwen,Bettam,Moravský Krumlov,05/01/1977,Czech Republic,obettam9j@businessweek.com,795-923-1073
Geri,Littlejohns,Wenhe,01/28/1969,China,,862-234-2105
Cayla,Jeffcock,Sadao,04/02/1984,Thailand,cjeffcock9l@kickstarter.com,747-220-2919
Adore,Mawd,Banes,12/10/1980,Cuba,amawd9m@issuu.com,520-727-0918
Kali,Damp,Banda Layung,12/04/1951,Indonesia,kdamp9n@tinyurl.com,346-709-9845
Orran,Glaze,Pontevedra,12/31/1998,Spain,oglaze9o@mtv.com,525-384-7913
Rafael,Fieller,Libertad,01/24/1988,Philippines,rfieller9p@networkadvertising.org,636-231-1241
Nikita,Tulk,Shuiyuesi,09/09/1980,China,ntulk9q@nsw.gov.au,363-661-1529
Clementius,Janiszewski,Lubenec,12/09/1998,Czech Republic,cjaniszewski9r@edublogs.org,304-255-3291
Deloris,Correa,São Mamede,06/28/1991,Portugal,dcorrea9s@tripod.com,573-303-6635
Bryn,Audritt,,,,baudritt9t@elegantthemes.com,
Yance,Tink,,,,ytink9u@google.com.br,
Eileen,Perton,Limoeiro do Ajuru,09/04/1989,Brazil,eperton9v@sciencedaily.com,125-576-4908
Gabbi,Flipek,Lom Sak,02/07/1957,Thailand,,880-576-2958
Dukey,Seamen,,,,,
Amory,Durbann,Taguisa,07/06/1977,Philippines,,984-252-5915
Jania,Haberjam,Topory,05/15/1999,Ukraine,jhaberjam9z@wufoo.com,556-937-8796
Arlyne,MacGinley,Ishurdi,07/03/1990,Bangladesh,amacginleya0@lycos.com,822-888-5819
Birch,Mebius,Topchikha,07/02/1992,Russia,bmebiusa1@google.it,196-864-8318
Pammy,Durston,Beiqijia,07/20/1994,China,pdurstona2@ft.com,595-882-5070
Clevie,Riseam,Bertelhe,10/12/1964,Portugal,criseama3@arizona.edu,574-293-9075
Gussie,Baddow,Kwakoa,01/24/1991,Tanzania,gbaddowa4@miibeian.gov.cn,746-132-7477
Roger,Kirkbride,Oliveira de Frades,02/05/1958,Portugal,rkirkbridea5@addtoany.com,695-965-6242
Domini,Bedbrough,Koten,02/19/1958,Indonesia,dbedbrougha6@hibu.com,276-769-5817
Darcey,Jossel,Abakaliki,11/04/1975,Nigeria,djossela7@list-manage.com,448-178-0396
Lisabeth,Berrigan,Skála Oropoú,06/23/1966,Greece,lberrigana8@dailymotion.com,320-869-7487
Malchy,Harvett,Cikalong,03/29/1980,Indonesia,,528-131-6087
Garvin,Nordass,Stare Pole,07/16/1988,Poland,gnordassaa@chronoengine.com,110-674-8095
Martica,Merveille,Iquique,04/02/1982,Chile,mmerveilleab@bbc.co.uk,177-540-1523
Carlos,Scaysbrook,Best,01/19/1994,Netherlands,cscaysbrookac@ezinearticles.com,424-439-7921
Pooh,Polin,Shijing,01/25/1986,China,,174-411-7904
Elsa,Gillham,Cibinong,01/17/1954,Indonesia,egillhamae@cmu.edu,551-167-9621
Emlyn,Orry,Markova,02/07/1987,Ukraine,,968-359-5462
Edythe,Caunt,Yug,07/10/1979,Russia,ecauntag@myspace.com,701-766-7867
Madelene,Flannery,São Miguel do Araguaia,12/19/1994,Brazil,mflanneryah@pagesperso-orange.fr,781-782-1525
Shane,Patshull,Chironkamba,01/18/1996,Comoros,spatshullai@mayoclinic.com,943-816-7953
Goldia,Rosle,Inkerman,10/19/1964,Ukraine,grosleaj@comsenz.com,485-491-3637
Lesley,Ditter,,,,,
Sacha,Cholton,Gunungkendeng,06/27/1982,Indonesia,,199-502-0144
Elsie,Copland,Yangping,06/29/1985,China,,407-153-3513
Phylis,Cashley,Sibucao,06/11/1984,Philippines,pcashleyan@rediff.com,920-602-9540
Karlotte,Sreenan,Liaoyang,05/11/1979,China,ksreenanao@sphinn.com,787-426-6940
Pennie,Rait,,,,praitap@cbslocal.com,
Allx,Twiddle,Piggotts,08/06/1955,Antigua and Barbuda,atwiddleaq@mail.ru,284-435-7186
Raquel,Kensley,Xinpo,02/17/1959,China,rkensleyar@digg.com,983-598-1956
Clo,Allot,Buray,02/07/1954,Philippines,callotas@cornell.edu,562-470-0500
Tuesday,Janaszewski,Nakhabino,07/24/1965,Russia,,108-976-4264
Glad,Stroulger,Santana,04/08/1954,Brazil,gstroulgerau@who.int,958-170-7655
Gayle,Hampshaw,Fakaifou Village,01/30/1972,Tuvalu,ghampshawav@tumblr.com,832-847-8157
Jordana,Hawksley,Itsandra,07/15/1950,Comoros,jhawksleyaw@skyrock.com,418-689-6952
Sigfried,Andreia,Shuangxiqiao,12/17/1989,China,,196-853-7300
Cindelyn,Naptin,Dois Córregos,06/21/1979,Brazil,cnaptinay@arstechnica.com,637-204-8929
Bobbie,Covert,Solidaridad,07/24/1973,Mexico,bcovertaz@slashdot.org,739-951-4218
Waylon,Biagioni,San José Acatempa,07/05/1965,Guatemala,wbiagionib0@newsvine.com,229-513-4832
Colin,Banbrook,Penglai,07/16/1968,China,,234-314-5398
Dov,Olivera,Samho-rodongjagu,04/06/1987,North Korea,doliverab2@vk.com,499-572-7736
Cinnamon,Kobus,Ziyuan,06/17/1954,China,,670-332-1789
Catlin,Ripper,Luziânia,04/30/1986,Brazil,cripperb4@liveinternet.ru,779-256-3732
Sidonnie,Papaccio,Yayva,11/03/1975,Russia,spapacciob5@cbc.ca,843-171-4568
Sybyl,Thornally,‘Uqayribāt,10/15/1986,Syria,sthornallyb6@xrea.com,734-609-2003
Aryn,Lapping,Thành Phố Ninh Bình,04/05/1996,Vietnam,alappingb7@who.int,139-753-6557
Carolan,Hazael,Bertioga,08/07/1978,Brazil,chazaelb8@cpanel.net,685-694-3885
Creighton,Neave,Hammam Sousse,02/20/1969,Tunisia,cneaveb9@mayoclinic.com,531-110-9556
Marleen,Housbie,Yakymivka,11/01/1971,Ukraine,mhousbieba@accuweather.com,683-113-8795
Melisent,Dorgon,Anningqu,05/03/1962,China,mdorgonbb@microsoft.com,171-643-4626
Suki,Dammarell,Ōnojō,07/25/1950,Japan,sdammarellbc@bbc.co.uk,243-498-8395
Ernesto,Guerrin,Santa Rosa de Viterbo,10/26/1950,Brazil,eguerrinbd@slate.com,704-982-6183
Georgeanne,Al Hirsi,Cinyumput,02/11/1987,Indonesia,galhirsibe@php.net,244-102-6232
Currie,Andrea,Juntang,05/30/1976,China,candreabf@princeton.edu,790-512-8680
Laurice,Crooks,Chon Daen,01/31/1980,Thailand,,454-819-9747
Cobbie,Farfoot,Guantian,10/27/1986,China,cfarfootbh@imageshack.us,728-457-4406
Adela,Starmore,Nkove,03/06/1964,Tanzania,astarmorebi@wunderground.com,561-900-6102
Rickard,Stetson,Skuhrov nad Bělou,03/17/1975,Czech Republic,,323-534-9007
Corri,Arent,Shakhty,10/19/1978,Russia,carentbk@fda.gov,769-192-4526
Josee,McVitie,Sutton,01/04/1990,Ireland,,504-525-6279
Farris,Nellies,Cluses,10/30/1983,France,fnelliesbm@macromedia.com,395-478-8960
Laure,Napthine,Bošovice,12/19/1990,Czech Republic,lnapthinebn@earthlink.net,851-637-5937
Maison,Smewing,Amphawa,03/13/1957,Thailand,msmewingbo@mail.ru,357-508-0113
Billie,Callender,Dongying,01/14/1996,China,bcallenderbp@g.co,809-882-7415
Melantha,Nadin,,,,mnadinbq@wufoo.com,
Vania,Onele,Ögöömör,01/27/1950,Mongolia,vonelebr@bloomberg.com,250-732-7490
Berkie,Gouldeby,Kitob,11/07/1964,Uzbekistan,bgouldebybs@salon.com,588-220-5460
Mirabella,Pettwood,Al Bīrah,02/06/1983,Palestinian Territory,mpettwoodbt@tripadvisor.com,808-224-0443
Sarena,Toothill,Lalig,11/19/1965,Philippines,stoothillbu@vimeo.com,632-432-6421
Engracia,Maddox,Skulsk,02/09/1951,Poland,emaddoxbv@independent.co.uk,115-342-4052
Jeff,Ausiello,Bardīyah,03/26/1986,Libya,jausiellobw@msn.com,141-538-2843
Tybi,Angood,Fayaoué,01/04/1959,New Caledonia,tangoodbx@wikimedia.org,936-163-4760
Jourdain,Mowle,Uppsala,04/23/1993,Sweden,,386-330-4189
Zora,Beddard,Nnewi,11/19/1980,Nigeria,,937-469-6956
Ebenezer,Lequeux,Kajatian,12/04/1972,Philippines,elequeuxc0@google.co.uk,716-610-6420
Terrance,Coulsen,Miramar,05/27/1982,Argentina,tcoulsenc1@comsenz.com,392-819-9926
Ramon,Paddick,Jackson,12/27/1967,United States,rpaddickc2@aol.com,601-544-3582
Philippe,Garley,Bromma,07/12/1996,Sweden,pgarleyc3@usatoday.com,947-217-3653
Kyrstin,Banbridge,Suresnes,10/29/1999,France,,877-498-9692
Cherye,Liven,Bamnet Narong,11/10/1956,Thailand,clivenc5@marriott.com,384-847-1579
Damon,McElrath,Bilaran,01/29/1987,Philippines,dmcelrathc6@rambler.ru,505-865-8401
Mari,Dyment,Cabodiongan,12/29/1980,Philippines,mdymentc7@huffingtonpost.com,185-636-9248
Isabella,Bouskill,Osiek,01/11/1952,Poland,ibouskillc8@cornell.edu,900-329-9519
Shirlee,Degue,Araranguá,01/29/1977,Brazil,,765-472-2529
Rayshell,Birdwhistell,San Emilio,03/22/1986,Philippines,rbirdwhistellca@who.int,673-799-0101
Arleyne,Fivey,Karatau,04/23/1982,Kazakhstan,afiveycb@surveymonkey.com,719-319-5221
Shalna,Nuschke,Henglin,04/08/1957,China,snuschkecc@amazonaws.com,865-869-5806
Shannen,Simpkins,Jeffrey’s Bay,07/13/1975,South Africa,,156-508-6191
Krissie,Slocumb,Dębica,06/14/1967,Poland,kslocumbce@europa.eu,954-818-2342
Claudie,Elldred,Pingqiao,11/23/1984,China,celldredcf@hao123.com,173-841-7611
Agosto,Skechley,Yantal’,02/05/1988,Russia,askechleycg@usa.gov,793-536-2152
Lanie,Kosiada,Kotli Lohārān,01/07/1973,Pakistan,lkosiadach@addthis.com,384-296-9466
Veda,Regardsoe,Banes,12/10/1997,Cuba,vregardsoeci@typepad.com,615-918-2074
Johnny,Ajean,Cikiwul Satu,06/25/1984,Indonesia,jajeancj@ucoz.ru,509-172-8415
Cary,Fennell,Gapyeong,05/09/1976,South Korea,,819-560-5380
Beatrix,Sharkey,Solor,08/30/1972,Indonesia,bsharkeycl@vimeo.com,371-870-2630
Guillema,Mellody,Žirovnice,08/22/1978,Czech Republic,gmellodycm@rambler.ru,287-719-3570
Algernon,Foxton,Baru,06/22/1983,Indonesia,afoxtoncn@redcross.org,688-737-6778
Meredith,Harrald,Santa Elena,05/07/1997,Mexico,mharraldco@fotki.com,596-513-5738
Jarad,Gandey,Kalininskiy,05/25/1989,Russia,jgandeycp@upenn.edu,186-615-3502
Sam,Dilks,Aachen,12/02/1978,Germany,sdilkscq@tmall.com,901-414-6830
Marcelline,Wainscoat,Xijiao,05/02/1990,China,mwainscoatcr@samsung.com,532-654-1953
Traci,Verrell,Jabal os Saraj,03/27/1955,Afghanistan,tverrellcs@msu.edu,871-259-4485
Palm,Dibbs,Jalālpur Pīrwāla,08/20/1958,Pakistan,pdibbsct@lulu.com,586-728-3320
Ely,Ryson,Luanshya,02/08/1963,Zambia,erysoncu@psu.edu,973-235-4641
Gill,Wix,Arnhem,04/13/1966,Netherlands,,680-342-6937
Thatcher,Browncey,Sułów,07/18/1952,Poland,tbrownceycw@livejournal.com,586-650-6439
Barbara-anne,Josovitz,Shuangshi,02/02/1976,China,bjosovitzcx@ebay.com,248-614-6517
Lise,Brangan,Miami,08/27/1991,United States,lbrangancy@instagram.com,786-110-3964
Connie,Ghidoni,Parabcan,05/17/1984,Philippines,cghidonicz@cisco.com,345-399-7623
Simonette,Pietruszka,Flórina,08/04/1998,Greece,spietruszkad0@ow.ly,799-950-8774
Doretta,Bidgod,Kribi,06/11/1997,Cameroon,dbidgodd1@mlb.com,709-128-6897
Ailyn,Sayle,Shaliangzi,05/25/1997,China,,286-578-1193
Obadias,Sikora,La Unión,08/25/1994,Guatemala,osikorad3@elegantthemes.com,815-287-7321
Forest,Penticoot,Bulihan,05/17/1999,Philippines,fpenticootd4@dagondesign.com,108-234-8983
Laurie,Norgan,Tanzhou,10/26/1966,China,lnorgand5@umn.edu,733-725-5104
Ezmeralda,Dory,Pantukan,08/27/1984,Philippines,edoryd6@miibeian.gov.cn,116-694-2868
Kalila,Fidgett,Luoshanchuan,01/13/1951,China,kfidgettd7@jimdo.com,309-752-5708
Gram,Locard,Cristalina,07/09/1952,Brazil,glocardd8@chronoengine.com,771-673-7412
Orsa,Loughney,Beidajie,11/06/1994,China,oloughneyd9@chron.com,525-378-9933
Stephie,Clyne,Bojonggaling,06/04/1964,Indonesia,sclyneda@go.com,645-772-2488
Laurette,Triggle,Strabychovo,04/14/1960,Ukraine,ltriggledb@trellian.com,113-411-3221
Agata,Roxbee,Tucson,12/25/1968,United States,aroxbeedc@goo.ne.jp,520-535-6396
Marcos,Mufford,Karanglo,11/30/1968,Indonesia,,238-154-0018
Kelila,Limbrick,Paradahan,05/23/1960,Philippines,klimbrickde@census.gov,402-973-4884
Ivar,Doucette,El Retiro,10/20/1951,Colombia,idoucettedf@vk.com,591-719-2439
Annis,Falco,,,,,
Binni,Blissitt,,,,bblissittdh@sfgate.com,
Gweneth,MacDearmaid,Ziliang,11/04/1983,China,gmacdearmaiddi@marketwatch.com,159-478-9573
Averill,Blackhurst,Aserrí,08/21/1973,Costa Rica,ablackhurstdj@google.com,374-308-4293
Candy,Burgill,,,,cburgilldk@i2i.jp,
Wash,Irdale,Edissiya,07/23/1976,Russia,,727-634-1921
Garfield,Cossam,Jaciara,03/14/1957,Brazil,gcossamdm@foxnews.com,477-590-3611
Delinda,Ashman,La Mesa,07/24/1966,Mexico,dashmandn@arstechnica.com,212-322-4392
Gillan,Gabitis,Sokol,08/10/1959,Russia,ggabitisdo@desdev.cn,489-169-0609
Fina,Jerson,Radzanów,09/15/1994,Poland,fjersondp@cdbaby.com,812-568-5818
Hedvige,Lovick,Trinidad,08/03/1982,Uruguay,hlovickdq@cbslocal.com,540-402-2063
Luke,Mariel,Hitura,10/20/1955,Nepal,,628-425-8617
Vite,Lerven,Áno Sýros,04/15/1986,Greece,,106-945-4256
Fleur,Skeldinge,‘Irbīn,04/08/1979,Syria,fskeldingedt@sphinn.com,296-825-7731
Giordano,Murgatroyd,Calais,05/07/1994,France,gmurgatroyddu@unicef.org,940-512-2528
Linette,Chrestien,,,,lchrestiendv@360.cn,
Cloris,Dreher,Lindavista,12/03/1966,Mexico,cdreherdw@yahoo.com,700-517-7469
Sherlock,Kingdon,Ar Riqqah,07/10/1958,Kuwait,,467-523-3757
Durward,Meneghi,,,,dmeneghidy@un.org,
Rebekkah,Stonary,Bonriki Village,02/19/1992,Kiribati,rstonarydz@fema.gov,958-273-6354
Steffi,Kernock,Staraya Stanitsa,09/29/1997,Russia,skernocke0@bandcamp.com,112-610-6541
Ame,Adams,Maraã,10/21/1978,Brazil,aadamse1@parallels.com,502-888-1733
Darill,Pawlik,Arcueil,05/30/1967,France,dpawlike2@ehow.com,248-752-5272
Tallie,Kerfod,Ulaan-Ereg,07/20/1951,Mongolia,tkerfode3@dailymail.co.uk,326-775-8851
Gardiner,Darington,Coelho Neto,03/08/1985,Brazil,gdaringtone4@flickr.com,317-612-7454
Ambur,Phin,Watari,06/20/1993,Japan,aphine5@over-blog.com,595-496-9160
Davey,Shucksmith,Calvinia,06/07/1997,South Africa,dshucksmithe6@pcworld.com,669-361-7583
Vincenty,Banaszczyk,Quebradas,11/15/1958,Honduras,vbanaszczyke7@devhub.com,203-776-8498
Rollo,Curl,Nalus,12/15/1984,Philippines,rcurle8@webmd.com,761-520-1601
Erinn,Stuckey,Shimen,06/06/1993,China,,769-163-7555
Salvador,Ingledow,Sima,10/12/1984,Comoros,singledowea@shop-pro.jp,907-350-9617
Henrik,Badby,Gataivai,07/05/1961,Samoa,hbadbyeb@wikipedia.org,852-384-6020
Calli,Cammis,Le Lamentin,04/19/1987,Martinique,ccammisec@shop-pro.jp,354-558-0792
Ailbert,Lamswood,,,,alamswooded@1und1.de,
Ely,Huegett,Zuogaimanma,10/26/1970,China,ehuegettee@nbcnews.com,223-294-9264
Julissa,Gainor,Mar’ina Roshcha,06/02/1995,Russia,jgainoref@prlog.org,277-324-6788
Birgit,Bathow,Al ‘Alamayn,01/14/1958,Egypt,bbathoweg@fotki.com,475-758-7159
Kiel,Glazier,Vilca,05/06/1971,Peru,kglaziereh@mapy.cz,583-477-8279
See,Barling,Zhangjia,08/31/1954,China,,688-625-6633
Brennen,Venditto,Zaysan,09/23/1980,Kazakhstan,,177-917-9043
Barbee,Hawkridge,Paris 08,12/02/1964,France,bhawkridgeek@hp.com,172-619-2800
Holmes,O'Crevy,Ulcinj,05/23/1976,Montenegro,hocrevyel@people.com.cn,399-667-3637
Hoyt,Dunley,Huancheng,10/29/1989,China,hdunleyem@csmonitor.com,797-708-5116
Matias,Pennaman,Yokohama,01/08/1963,Japan,mpennamanen@bbc.co.uk,897-523-1621
Jehu,Jeakins,Pontal,03/11/1997,Brazil,jjeakinseo@guardian.co.uk,377-582-9714
Reggie,Bricksey,Wysoka,04/14/1958,Poland,rbrickseyep@theglobeandmail.com,636-672-3228
Sofie,Neely,Zhangdian,12/03/1970,China,sneelyeq@baidu.com,753-805-6164
Binni,Saylor,Qingshui,01/22/1997,China,bsaylorer@stumbleupon.com,149-257-5407
Job,Gonnely,Ongkharak,02/24/1966,Thailand,jgonnelyes@prlog.org,213-832-7936
Rochella,Norssister,Chaiwan,01/20/1959,China,rnorssisteret@google.com.br,612-970-3678
Debby,Bucknell,Yefimovskiy,10/26/1954,Russia,,427-628-0112
Marc,Lethabridge,Gualeguay,09/10/1970,Argentina,,586-787-1710
Kimberlyn,Helsdon,Milano,12/25/1993,Italy,,390-386-6263
Cobb,Tillman,Rimpeso,12/16/1959,Philippines,ctillmanex@wikimedia.org,842-928-9832
Deeann,Pady,Jinrongjie,04/03/1999,China,dpadyey@over-blog.com,156-569-6503
Harman,Dacks,Hannover,04/06/1971,Germany,hdacksez@oakley.com,777-890-5027
Pammie,Knowlton,Kebonsari,10/03/1958,Indonesia,pknowltonf0@spotify.com,766-664-2380
Pearle,Stearndale,Karuri,03/06/1966,Kenya,pstearndalef1@netvibes.com,963-949-5670
Tammie,Giovannacci,Gyumri,11/26/1970,Armenia,,921-390-9457
Ingemar,Basford,Biaoxi,04/09/1975,China,,568-487-5441
Kelsi,Peatman,Jincheng,08/06/1952,China,kpeatmanf4@fc2.com,696-378-1574
Deirdre,Winterborne,Venta,11/07/1994,Lithuania,dwinterbornef5@huffingtonpost.com,329-891-4724
Reinhold,Filkov,Carumas,04/22/1999,Peru,rfilkovf6@oaic.gov.au,718-489-8010
Ansel,Simic,Fangzheng,04/15/1952,China,asimicf7@amazonaws.com,579-681-5858
Elinor,Guislin,Dahay,12/20/1990,Philippines,eguislinf8@marriott.com,282-452-9780
Jase,Watchorn,Montpellier,05/25/1958,France,,630-365-0642
Kippy,Linklet,Washington,03/25/1954,United States,klinkletfa@facebook.com,202-535-4061
Karoly,Schleswig-Holstein,Bodø,05/14/1998,Norway,kschleswigholsteinfb@ca.gov,391-973-8732
Bevin,Challinor,Świeradów-Zdrój,09/08/1951,Poland,bchallinorfc@wiley.com,672-528-5111
Michele,Ketteringham,Kaliska,09/19/1999,Poland,mketteringhamfd@ftc.gov,869-283-4186
Holly-anne,Harrisson,Sacramento,08/11/1998,United States,hharrissonfe@merriam-webster.com,916-964-7004
Yoshiko,Lattos,Royan,03/11/1958,France,ylattosff@umn.edu,759-976-8738
Muire,Auton,Bergerac,03/14/1950,France,,349-117-1724
Carita,Courvert,Budapest,04/18/1978,Hungary,,938-908-1957
Aurilia,Bosket,,,,abosketfi@slideshare.net,
Melantha,Lauderdale,Périgueux,04/22/1955,France,mlauderdalefj@mapquest.com,561-806-3815
Christy,Palister,,,,cpalisterfk@rakuten.co.jp,
Kasey,Backshell,Gopaan,11/16/1978,Indonesia,kbackshellfl@storify.com,957-905-3654
Worthington,Wettern,Boise,07/28/1967,United States,wwetternfm@google.ru,208-790-0734
Trude,Foy,Ulapes,07/24/1980,Argentina,tfoyfn@last.fm,184-737-3820
Liva,Tilio,Zarszyn,05/15/1996,Poland,ltiliofo@cpanel.net,852-587-8980
Avigdor,Relph,Aluminé,08/11/1997,Argentina,arelphfp@wufoo.com,625-485-8813
Patsy,Tebbutt,Uglegorsk,08/20/1970,Russia,ptebbuttfq@over-blog.com,525-367-7220
West,Sully,Siemiatycze,07/30/1981,Poland,wsullyfr@irs.gov,126-310-7662
Carmon,Cowle,Alexandria,04/03/1967,Jamaica,ccowlefs@nydailynews.com,765-914-4134
Brenn,Chislett,Buôn Ma Thuột,09/16/1970,Vietnam,bchislettft@vkontakte.ru,384-978-5611
Frasquito,Gerard,Černošín,11/12/1972,Czech Republic,fgerardfu@scientificamerican.com,696-453-8244
Tatiania,Stronach,Jianjun,11/07/1968,China,tstronachfv@timesonline.co.uk,202-998-3260
Mylo,Spiaggia,Athi River,02/22/1950,Kenya,mspiaggiafw@surveymonkey.com,870-130-7894
Christean,Line,Wunat,04/01/1956,Indonesia,clinefx@noaa.gov,569-143-5022
Sutherlan,Patridge,Sukacai Tengah,01/11/1992,Indonesia,spatridgefy@weather.com,510-146-2004
Gradeigh,Prawle,Albany,05/29/1967,United States,gprawlefz@lycos.com,518-955-4870
Chick,Giannazzo,Aveiro,07/11/1983,Portugal,cgiannazzog0@nasa.gov,142-260-6930
Petronille,Tisor,Quisao,05/23/1956,Philippines,ptisorg1@exblog.jp,961-840-1670
Rodina,Lenoir,Kute,06/24/1991,Indonesia,,830-417-2462
Vitoria,Winsome,,,,vwinsomeg3@harvard.edu,
Kata,Brickhill,Fartura,05/08/1990,Brazil,,635-890-3344
Emyle,Deny,Feijó,07/30/1961,Brazil,,476-250-5060
Laird,Scotter,Anton,07/27/1959,Bulgaria,lscotterg6@microsoft.com,501-621-2090
Alexa,Gumb,Enköping,05/09/1992,Sweden,agumbg7@gov.uk,940-656-9252
Hale,Rowth,Huizhai,09/01/1962,China,hrowthg8@topsy.com,705-555-8998
Saidee,Cronk,,,,,
Hillie,Lapsley,Kalnibolotskaya,08/10/1992,Russia,hlapsleyga@moonfruit.com,500-495-4761
Obidiah,Scholtz,Muara,10/29/1992,Indonesia,oscholtzgb@uiuc.edu,509-406-3993
Sydelle,Comettoi,Yaohua,02/08/1990,China,scomettoigc@google.ca,210-151-5866
Reena,Talloe,Vedène,07/09/1960,France,rtalloegd@google.es,200-951-3456
Jena,Landeg,,,,jlandegge@dagondesign.com,
Arlin,Ledner,,,,,
Dayle,Willshear,Gondang,02/02/1958,Indonesia,dwillsheargg@privacy.gov.au,972-404-7802
Dian,Gosnall,Vicente Guerrero,07/14/1956,Mexico,dgosnallgh@cocolog-nifty.com,561-232-3035
Isahella,Newbigging,Aix-en-Provence,11/05/1957,France,inewbigginggi@mapy.cz,590-361-6492
Kerstin,Niece,Yangjia,12/30/1989,China,kniecegj@tripod.com,781-442-6345
Conroy,Shoebridge,Rio Piracicaba,02/28/1998,Brazil,cshoebridgegk@indiatimes.com,295-293-4497
Rolf,Sedman,Liulin,11/25/1978,China,rsedmangl@sogou.com,956-390-9263
Gail,Doram,New York City,09/05/1990,United States,,212-612-3807
Druci,Duesberry,Đưc Trọng,04/25/1984,Vietnam,dduesberrygn@usda.gov,493-988-3600
Lukas,Fones,Miraflores,01/02/1977,Peru,,881-534-9121
Calla,Boam,Zangbi,05/24/1978,China,cboamgp@mit.edu,306-242-0538
Enoch,Alelsandrovich,Bantacan,09/30/1979,Philippines,ealelsandrovichgq@pcworld.com,271-697-0151
Aloise,Warwicker,Dahe,03/03/1992,China,awarwickergr@barnesandnoble.com,830-342-1571
Raquela,Kineton,Golina,03/29/1958,Poland,rkinetongs@istockphoto.com,408-628-0014
Jaquith,Cronin,Ayamaru,06/21/1976,Indonesia,jcroningt@deliciousdays.com,463-991-4794
Bryn,Navein,Jiangluo,01/20/1958,China,bnaveingu@google.es,741-240-6100
Cindi,Humerstone,Köln,11/29/1960,Germany,chumerstonegv@altervista.org,250-133-9795
Modesta,Feenan,Henglan,07/18/1998,China,mfeenangw@uol.com.br,749-837-8416
Eddie,Aveson,Lousado,02/27/1962,Portugal,eavesongx@mit.edu,588-823-5651
Elly,Dominguez,Tāndo Mittha Khān,10/24/1980,Pakistan,edominguezgy@friendfeed.com,817-681-5497
Meridel,Pauley,Goz Béïda,04/06/1993,Chad,mpauleygz@bloglines.com,180-879-6179
Rickie,Taylo,Guri-si,05/13/1971,South Korea,rtayloh0@desdev.cn,196-169-8935
Starlin,Butten,Montalegre,07/03/1972,Portugal,sbuttenh1@webnode.com,551-703-3221
Merrily,Learman,Pefkochóri,02/18/1953,Greece,mlearmanh2@marriott.com,193-664-2910
Sabina,Daspar,,,,sdasparh3@yale.edu,
Gian,Draco,Peñarrubia,02/12/1996,Philippines,gdracoh4@buzzfeed.com,486-792-2180
Flor,Darco,Dikson,11/07/1962,Russia,fdarcoh5@apple.com,417-588-6392
Kalvin,MacVagh,Quy Đạt,05/24/1959,Vietnam,,522-432-3831
Waring,Gonthard,Canindé,09/05/1999,Brazil,,687-162-0797
Noell,Leatherland,Anserma,11/26/1951,Colombia,nleatherlandh8@youtube.com,423-321-0548
Tiffany,Itzchaki,Uacon,07/24/1967,Philippines,titzchakih9@istockphoto.com,146-633-9312
Cindee,Bringloe,Naberera,05/20/1986,Tanzania,cbringloeha@mapy.cz,308-716-8165
Aube,Bazley,Khun Han,10/24/1961,Thailand,abazleyhb@constantcontact.com,187-851-9084
Leonerd,Stenyng,Bijaepasu,02/14/1985,Indonesia,lstenynghc@wp.com,925-909-2483
Tamas,Spratling,Agua Buena,04/18/1963,Panama,tspratlinghd@uol.com.br,336-534-1989
Paxton,Treneman,Lucerna,09/09/1966,Honduras,ptrenemanhe@soup.io,427-329-4855
Crawford,Frostdick,Charlotte,12/21/1970,United States,cfrostdickhf@studiopress.com,704-492-3380
Petronia,Franzetti,Tongjin,11/14/1969,South Korea,pfranzettihg@arizona.edu,471-407-2141
Neale,Auletta,28 de Noviembre,02/06/1950,Argentina,naulettahh@dmoz.org,425-117-1692
Zacherie,Hadgraft,Nguigmi,07/14/1955,Niger,,550-368-7516
Doti,Utridge,Zengtian,05/19/1981,China,,979-342-5695
Ludvig,Wenden,,,,lwendenhk@purevolume.com,
Kiel,Kleynermans,Huoshaoping,08/02/1980,China,kkleynermanshl@jiathis.com,606-245-1729
Neil,Luesley,,,,nluesleyhm@icq.com,
Berna,Barling,Hefu,06/20/1956,China,bbarlinghn@google.com.br,603-620-4216
Onfre,Eastham,Przelewice,02/15/1990,Poland,oeasthamho@constantcontact.com,102-360-4626
Jilleen,Atcock,,,,jatcockhp@51.la,
Patti,De Zuani,Ourtzagh,11/26/1984,Morocco,pdezuanihq@amazon.co.uk,422-744-5904
Dione,Livingstone,Haramgai,08/13/1990,China,dlivingstonehr@nsw.gov.au,630-586-8788
Rosemonde,Carass,Horní Počaply,10/15/1974,Czech Republic,rcarasshs@reuters.com,215-263-7657
Channa,Fricker,Thakhèk,05/05/1964,Laos,,827-917-9982
Falito,Scain,Bojen Kulon,06/07/1961,Indonesia,fscainhu@spiegel.de,405-881-4906
Cynthie,Prosch,Herby,04/06/1967,Poland,,903-981-5706
Hersh,Grimsdith,Himeville,05/02/1993,South Africa,hgrimsdithhw@netlog.com,481-509-9912
Beryl,Squires,Puerto Berrío,08/09/1966,Colombia,bsquireshx@dell.com,299-209-4026
Cinderella,Radley,Baru,02/03/1961,Indonesia,cradleyhy@imdb.com,361-580-9944
Terrie,Husselbee,Diaowei,03/02/1985,China,thusselbeehz@amazonaws.com,652-591-3863
Binny,Dawe,Shuangta,05/24/1976,China,bdawei0@wp.com,719-470-2217
Vikki,Sibbons,Banjaranyar,05/16/1986,Indonesia,vsibbonsi1@msn.com,266-109-6676
Giovanni,Danko,Huangwan,08/21/1999,China,gdankoi2@ebay.com,805-133-5275
Jerrilyn,Rodenborch,Ágios Efstrátios,11/15/1973,Greece,jrodenborchi3@aboutads.info,317-904-1076
Edan,Maryet,Tianhe,11/22/1999,China,emaryeti4@alexa.com,397-509-7343
Wilt,Wagg,Yaviza,07/25/1997,Panama,wwaggi5@intel.com,190-644-1965
Ariana,Balling,Mixco,08/11/1954,Guatemala,aballingi6@tamu.edu,581-422-9717
Adolpho,Dowyer,Fort Worth,07/02/1996,United States,adowyeri7@over-blog.com,817-452-2862
Vevay,Idenden,,,,videndeni8@tumblr.com,
Dominique,Hechlin,Bāsawul,03/18/1978,Afghanistan,,454-489-9747
Ardith,Sloane,Mae Charim,08/21/1979,Thailand,,759-616-6531
Maje,Kersaw,Heshengbao,01/09/1966,China,mkersawib@umn.edu,889-137-0050
Ailee,Gorini,Sovetskiy,04/18/1999,Russia,agoriniic@addthis.com,334-579-2354
Sue,Hann,Riga,10/15/1958,Latvia,shannid@shareasale.com,232-409-9833
Ellerey,Cotty,Hamburg,05/27/1997,Germany,ecottyie@godaddy.com,192-749-8838
Shell,Portugal,Macon,09/16/1984,United States,sportugalif@berkeley.edu,478-233-0575
Alica,Hilhouse,Prosvet,10/06/1993,Russia,ahilhouseig@weebly.com,664-848-0161
Darren,Snowsill,Solidaridad,08/27/1988,Mexico,dsnowsillih@intel.com,995-819-7617
Davita,MacLaughlin,Rijswijk,11/08/1999,Netherlands,dmaclaughlinii@nydailynews.com,479-146-3025
Karel,McMenamie,Roma,03/31/1975,Italy,kmcmenamieij@sitemeter.com,688-906-6871
Saunder,Krysztowczyk,Bīleh Savār,11/09/1997,Iran,skrysztowczykik@ustream.tv,144-454-6757
Rey,Molloy,Shuigou,10/15/1996,China,rmolloyil@live.com,419-962-4452
Heindrick,Moodie,Caraballeda,10/17/1967,Venezuela,hmoodieim@tmall.com,901-343-7644
Lisha,Tregidga,Sepulu,10/04/1957,Indonesia,ltregidgain@webmd.com,316-287-3428
Andros,Brackenbury,Liuhe,03/22/1995,China,abrackenburyio@friendfeed.com,514-938-8434
Lotti,Sandeland,Munjul,11/22/1973,Indonesia,lsandelandip@chronoengine.com,954-400-6901
Coop,Gillogley,Sarapul,11/18/1954,Russia,cgillogleyiq@lulu.com,647-899-3473
Vernice,Del Dello,Qümong,03/20/1986,China,vdeldelloir@oaic.gov.au,652-311-5181
Chaddie,Ehlerding,Calumpit,08/11/1985,Philippines,cehlerdingis@hugedomains.com,868-995-8436
Hobie,Shortland,Midleton,07/12/1959,Ireland,hshortlandit@cbslocal.com,788-809-6748
Tiffi,Korneluk,Frederiksberg,08/14/1995,Denmark,tkornelukiu@statcounter.com,932-403-4232
Alethea,Diggens,Sibay,02/23/1950,Russia,adiggensiv@miitbeian.gov.cn,608-730-6667
Yasmin,Givens,Sobang,11/26/1958,Indonesia,ygivensiw@dailymotion.com,899-510-1189
Larissa,Heinke,Longbo,04/14/1995,China,lheinkeix@istockphoto.com,892-223-5723
Bobbye,Calver,Chimen,09/12/1950,China,bcalveriy@netscape.com,510-764-6825
Hilario,Elnaugh,Malinta,01/08/1962,Philippines,helnaughiz@google.es,456-894-8911
Arlin,Perle,Bungalaleng,03/22/1998,Indonesia,aperlej0@eepurl.com,558-931-2679
Nicko,Gaw,Bang Na,01/14/1972,Thailand,ngawj1@deliciousdays.com,298-916-0013
Barris,Stonehouse,,,,bstonehousej2@comsenz.com,
Ezra,Wagge,Satu Nou,11/04/1969,Romania,ewaggej3@homestead.com,705-734-3623
Katlin,Bignall,Macau,10/07/1994,Brazil,,723-400-6872
Kathleen,Whiting,Yamaranguila,05/10/1986,Honduras,,174-482-4733
Britta,Walder,Saint Petersburg,10/07/1967,Russia,bwalderj6@networksolutions.com,547-629-6996
Hedvige,Helgass,Stockholm,03/13/1994,Sweden,hhelgassj7@seesaa.net,637-312-0020
Francklin,Robertsson,Kurnia,02/19/1973,Indonesia,frobertssonj8@wordpress.com,640-660-1969
Khalil,Twyning,Przesmyki,02/21/1968,Poland,ktwyningj9@mozilla.com,800-861-8564
Noach,Kopf,,,,nkopfja@constantcontact.com,
Rosco,Sowerbutts,Barru,01/15/1983,Indonesia,,637-757-8437
Harlan,Ginnell,Léfka,08/14/1959,Cyprus,hginnelljc@wufoo.com,551-326-0566
Kaye,Dugood,Santiago del Torno,11/24/1962,Bolivia,kdugoodjd@discuz.net,528-745-9294
Valentia,Kearsley,,,,vkearsleyje@nytimes.com,
Nikolaos,MacLeod,Pag-asa,01/20/1962,Philippines,nmacleodjf@addtoany.com,521-638-0019
Pinchas,Harrower,Mirzāpur,07/02/1964,Bangladesh,pharrowerjg@mac.com,546-881-9222
Mable,Vasilyevski,Grecheskoye,07/12/1984,Russia,mvasilyevskijh@nasa.gov,505-389-6073
Richardo,Govenlock,Porto Seguro,05/31/1998,Brazil,rgovenlockji@diigo.com,563-181-8859
Roma,Tanser,Sokarame,10/01/1954,Indonesia,rtanserjj@paypal.com,406-582-5683
Devora,Small,Jēkabpils,01/03/1965,Latvia,dsmalljk@imageshack.us,223-222-8566
Coreen,Meeus,Eséka,02/09/1951,Cameroon,cmeeusjl@cdc.gov,121-983-9486
Anneliese,Gaywood,,,,agaywoodjm@lycos.com,
Gunilla,Dorrance,Paris 17,06/23/1996,France,,218-843-4694
Susi,Fenna,Nogueira,03/22/1953,Portugal,sfennajo@cbslocal.com,949-520-3357
Bryna,Woodham,Ziway,09/05/1993,Ethiopia,bwoodhamjp@nymag.com,945-302-1561
Cathee,Roddam,Ladoeiro,11/24/1956,Portugal,croddamjq@google.fr,238-180-7666
Farrel,Lukacs,Niort,10/16/1975,France,flukacsjr@cnbc.com,205-478-6549
Welch,Frichley,Harding,04/08/1962,South Africa,wfrichleyjs@ifeng.com,251-166-1919
Faythe,Yarrow,Medellín,09/05/1970,Colombia,fyarrowjt@google.cn,765-156-0161
Alaric,Syde,Bishan,01/05/1999,China,asydeju@mit.edu,393-578-1817
Lezley,Larchier,Vineuil,11/28/1955,France,llarchierjv@squarespace.com,485-555-6679
Erl,Veighey,Antofagasta,12/27/1984,Chile,eveigheyjw@ifeng.com,852-191-9692
Cristiano,Busher,Všeruby,06/16/1986,Czech Republic,cbusherjx@google.com.hk,689-577-3842
Brina,Josilevich,Kultuk,01/22/1988,Russia,bjosilevichjy@admin.ch,482-665-5350
Abbe,Yearne,Jelbuk,01/24/1959,Indonesia,ayearnejz@cbc.ca,567-739-1404
Godart,Nana,Masjid,03/29/1989,Indonesia,gnanak0@surveymonkey.com,780-590-2456
Noell,Wycliffe,Vinhas,06/28/1965,Portugal,nwycliffek1@smh.com.au,725-288-3319
Ernaline,Cuffe,Stonewall,01/14/1972,Canada,ecuffek2@epa.gov,641-168-5447
Claudie,Barrat,Gaopeng,03/01/1981,China,cbarratk3@cnet.com,174-898-2632
Lynna,Tamblingson,Pili,11/27/1967,Indonesia,,577-973-7763
Linnet,Gownge,San Francisco,09/01/1988,Philippines,lgowngek5@google.ru,305-722-8850
Maxwell,Jansa,Ganggawang,05/08/1992,Indonesia,mjansak6@hugedomains.com,732-504-8342
Gal,Bunnell,Werang,06/06/1991,Indonesia,gbunnellk7@goodreads.com,157-276-9596
Bridget,Calvey,Chakwāl,05/25/1969,Pakistan,,299-532-8478
Jasun,Kennady,Ansan-si,07/22/1994,South Korea,jkennadyk9@webnode.com,266-614-4210
Jameson,Rasmus,Szczawno-Zdrój,05/21/1968,Poland,jrasmuska@elegantthemes.com,491-587-0289
Conrad,Andreu,Moreno,12/15/1995,Brazil,candreukb@creativecommons.org,280-178-6458
Theobald,Idle,Saraza,03/19/1956,Philippines,,571-373-5045
Harv,Leffek,Divača,11/15/1960,Slovenia,hleffekkd@reference.com,635-941-3432
Zia,Tiesman,Lingkou,11/21/1980,China,ztiesmanke@slate.com,273-252-1108
Georgia,McGrory,Bergen,04/19/1962,Norway,gmcgrorykf@chicagotribune.com,748-556-4481
Zita,Gatiss,Villaba,04/17/1961,Philippines,,683-289-0578
Stevana,Trouncer,Kroya,06/21/1975,Indonesia,strouncerkh@huffingtonpost.com,857-418-6049
Donni,Lokier,Huicheng,06/14/1951,China,dlokierki@upenn.edu,585-915-6734
Bevon,Morteo,Bajina Bašta,05/04/1973,Serbia,,147-578-7452
Clyve,Lodden,Sumuragung,07/14/1970,Indonesia,cloddenkk@mashable.com,237-889-4886
Emera,Blackstone,Bubanza,09/16/1976,Burundi,eblackstonekl@time.com,477-687-4215
Farris,Guyer,Shalushka,05/25/1987,Russia,,768-583-2633
Alastair,Strathdee,Houjiachuan,09/07/1991,China,astrathdeekn@list-manage.com,532-222-1727
Mariellen,Bonin,Ödeshög,09/03/1973,Sweden,,715-546-4744
Cristi,Burnsides,Fatukanutu,08/22/1972,Indonesia,cburnsideskp@paginegialle.it,887-557-9108
Fletcher,Elwel,Maunuri,03/11/1967,Indonesia,felwelkq@naver.com,157-229-3063
Barbaraanne,Priddie,San Jerónimo,01/16/1977,Honduras,,312-220-0654
Imelda,Chestnutt,Ciheras,02/10/1998,Indonesia,ichestnuttks@netvibes.com,713-378-1438
Janaye,Kop,Argotirto Krajan,04/03/1979,Indonesia,jkopkt@ca.gov,187-870-0703
Valma,Kirman,Zaraysk,07/22/1994,Russia,vkirmanku@pbs.org,601-672-4246
Juieta,Dawney,Mafinga,01/19/1993,Tanzania,jdawneykv@t-online.de,236-112-5093
Sianna,Choke,Tanggung,09/25/1960,Indonesia,schokekw@soup.io,467-389-5735
Betsey,Jerrome,Motrico,04/10/1979,Philippines,,513-729-5102
Madison,Ponting,Cijengkol,10/07/1989,Indonesia,mpontingky@facebook.com,351-493-3447
Merrile,Scamel,Novopodrezkovo,12/14/1997,Russia,mscamelkz@paginegialle.it,774-421-1717
Ware,O'Driscoll,Maco,06/02/1976,Philippines,,834-824-2852
Miner,Smallwood,Umbultanjung,07/18/1975,Indonesia,msmallwoodl1@rakuten.co.jp,622-153-9723
Melony,Pemble,Kuala Terengganu,03/13/1986,Malaysia,mpemblel2@storify.com,821-385-5033
Zea,Boddymead,Cheqiao,08/17/1984,China,zboddymeadl3@bizjournals.com,718-631-6482
Melisa,Voff,Dīvāndarreh,06/16/1957,Iran,mvoffl4@google.de,371-649-9460
Eustace,Huthart,Santiago,10/11/1988,Mexico,ehuthartl5@barnesandnoble.com,114-621-3449
Evin,Newcomen,Xiaocheng,10/13/1955,China,enewcomenl6@jalbum.net,228-592-2715
Daron,Edmand,Zhangjiafang,08/06/1993,China,,336-454-9090
Emlynn,Fenne,Yuqunweng,06/11/1981,China,efennel8@sphinn.com,955-290-5950
Marris,Donnett,Nusajaya,11/11/1999,Indonesia,mdonnettl9@businesswire.com,601-398-2593
Olly,Sugge,Margara,09/24/1995,Armenia,,215-280-2361
Wit,Kobiela,Huashi,05/06/1969,China,wkobielalb@reddit.com,242-891-6334
Theresa,O'Regan,Senglea,10/29/1979,Malta,,670-862-7491
Jada,Licari,Temorlorong,12/06/1981,Indonesia,jlicarild@myspace.com,969-337-3655
Karla,Hannibal,Huangtudian,06/05/1963,China,khanniballe@bbc.co.uk,904-773-0116
Fabian,Trowbridge,Omboué,01/15/1952,Gabon,ftrowbridgelf@fc2.com,867-269-9653
Marwin,Massard,Rietavas,07/27/1966,Lithuania,mmassardlg@fc2.com,598-504-5293
Carilyn,Drinkel,Cumadcad,12/27/1951,Philippines,cdrinkellh@arizona.edu,711-776-6800
Berny,Clelland,Terek,01/22/1980,Russia,bclellandli@goo.ne.jp,849-423-0005
Kaia,Curtiss,San Antonio,10/13/1971,Philippines,kcurtisslj@reddit.com,451-767-6066
Jocelyn,Mertel,Rashaant,11/19/1953,Mongolia,jmertellk@amazon.com,196-620-9379
Gweneth,Doyley,Guatraché,12/22/1988,Argentina,gdoyleyll@yahoo.com,237-144-7574
Romona,Belcham,Bang Pahan,01/08/1977,Thailand,rbelchamlm@about.com,346-638-5386
Talbert,Flather,Los Angeles,06/29/1971,United States,tflatherln@nba.com,562-543-4716
Leoine,Cragoe,Perho,11/11/1958,Finland,lcragoelo@vk.com,194-974-7094
Oona,Stooders,Juranalas,07/13/1970,Indonesia,ostooderslp@bing.com,634-432-3303
Kaia,Blackburne,Aubergenville,02/16/1998,France,kblackburnelq@cdbaby.com,320-218-3723
Ofella,Seyers,Summerland,05/02/1975,Canada,oseyerslr@behance.net,281-313-5471
Mortimer,Sarfatti,Zhangjiapan,07/07/1967,China,msarfattils@virginia.edu,695-709-2279
Trudy,Johnsson,Parlilitan,06/24/1992,Indonesia,tjohnssonlt@smh.com.au,483-316-6954
Rosabella,Chittem,Tim,07/25/1984,Russia,rchittemlu@adobe.com,875-643-9814
Ruperto,Giannazzi,Babatngon,09/05/1993,Philippines,rgiannazzilv@netvibes.com,547-466-1030
Sadie,Human,Piracanjuba,05/12/1989,Brazil,,939-627-4823
Darelle,Bodley,Balice,07/08/1961,Poland,dbodleylx@japanpost.jp,545-295-1948
Luisa,Sartain,Watuagung,11/24/1993,Indonesia,lsartainly@github.io,142-209-5057
Estrellita,Guisby,Llusco,05/19/1974,Peru,eguisbylz@youku.com,395-300-1242
Almeria,Gammet,Parumaan,02/23/1966,Indonesia,agammetm0@spiegel.de,966-139-3642
Erika,Bankes,Chubek,02/09/1989,Tajikistan,,787-832-8367
Nico,Deering,Rizokárpaso,12/11/1966,Cyprus,ndeeringm2@google.it,919-839-8682
Graehme,Grisenthwaite,Göteborg,03/13/1954,Sweden,ggrisenthwaitem3@soundcloud.com,848-117-5761
Arvin,Lowery,Vratsa,09/01/1956,Bulgaria,alowerym4@unesco.org,709-793-6229
Aloysia,Cockson,Linao,01/15/1961,Philippines,acocksonm5@oracle.com,390-886-1463
Whitby,Waggatt,Albufeira,10/08/1954,Portugal,wwaggattm6@bloglines.com,231-800-2927
Agace,Insall,Bum Bum,02/16/1958,Venezuela,,717-650-0808
Evanne,Gollop,Saint Louis,02/19/1963,United States,egollopm8@yolasite.com,314-266-6437
Vivie,Lambirth,Guilmaro,04/11/1955,Benin,vlambirthm9@mapy.cz,796-167-8313
Maddy,Ballister,Zhelin,05/11/1994,China,mballisterma@sphinn.com,587-697-7317
Tony,Pendleberry,Jangkungkusumo,05/12/1961,Indonesia,tpendleberrymb@xrea.com,781-379-6653
Osbourne,Pixton,Pangani,07/30/1988,Tanzania,opixtonmc@exblog.jp,728-748-5899
Ysabel,Jewell,,,,yjewellmd@buzzfeed.com,
Carin,Klassmann,Minh Lương,09/18/1952,Vietnam,cklassmannme@bandcamp.com,892-617-0375
Winnie,Ciccotto,Plateliai,05/17/1958,Lithuania,wciccottomf@bbb.org,642-307-3432
Fredericka,Jerrans,,,,fjerransmg@hc360.com,
Melly,Harefoot,Enskededalen,11/12/1985,Sweden,mharefootmh@google.es,465-546-2885
Koralle,Depper,Chanhe,04/21/1992,China,kdeppermi@yellowbook.com,558-693-5062
Charisse,Yare,Santa Cruz,07/22/1961,Mexico,cyaremj@desdev.cn,796-592-8459
Arley,Budgeon,Rafael Perazza,05/15/1957,Uruguay,abudgeonmk@npr.org,450-712-2811
Brennen,Haxley,Mosul,03/30/1999,Iraq,bhaxleyml@apple.com,242-614-8757
Tome,Cramb,Patalan,08/19/1997,Indonesia,tcrambmm@nbcnews.com,143-674-8573
Willi,Voaden,Fangxi,12/18/1986,China,wvoadenmn@google.com.hk,159-856-6802
Loise,Fobidge,Escada,11/08/1978,Brazil,lfobidgemo@slideshare.net,294-950-6984
Shawn,Van den Broek,Mama,07/10/1955,Russia,svandenbroekmp@weebly.com,141-615-0371
Meredeth,Kerr,Ongandjera,10/27/1958,Namibia,mkerrmq@fda.gov,315-133-9778
Brooke,Tremblett,,,,,
Rhett,Bohlens,,,,,
Wyatt,Millican,Morioka-shi,11/03/1977,Japan,wmillicanmt@apple.com,125-455-9518
Denice,Galsworthy,Aguadulce,05/19/1985,Panama,dgalsworthymu@paypal.com,511-159-9383
Kattie,Meller,,,,kmellermv@cbslocal.com,
Peria,Kedwell,Open Stage,02/24/1990,Maldives,pkedwellmw@sina.com.cn,115-868-6764
Onida,Lothlorien,Zongzhai,01/11/1975,China,olothlorienmx@ibm.com,452-772-2271
Jervis,Slowley,Las Vegas,08/05/1981,United States,jslowleymy@economist.com,702-668-1232
Sal,Ramel,Nonoichi,03/25/1984,Japan,sramelmz@google.com.au,322-683-9496
Carolan,Potteridge,Biny Selo,07/02/1982,Azerbaijan,cpotteridgen0@themeforest.net,371-123-0951
Laraine,Fieldhouse,Segovia,03/12/1983,Colombia,lfieldhousen1@jalbum.net,601-252-4588
Heloise,Klink,Ijero-Ekiti,05/21/1981,Nigeria,hklinkn2@livejournal.com,819-376-5914
Veronike,Proudler,Hengzhou,06/28/1978,China,vproudlern3@163.com,605-279-8840
Cosetta,Ivanisov,Atafu Village,08/24/1960,Tokelau,civanisovn4@sogou.com,542-759-8233
Baxie,Creeghan,Pilzno,05/03/1969,Poland,bcreeghann5@sakura.ne.jp,603-487-3736
Raina,Glanester,Unaí,01/12/1963,Brazil,rglanestern6@angelfire.com,251-705-9208
Killian,Sisnett,Kasserine,05/18/1979,Tunisia,ksisnettn7@istockphoto.com,153-632-6016
Luelle,Iveans,Panzhou,04/12/1964,China,liveansn8@dion.ne.jp,739-562-4113
Ruggiero,Peacocke,Resende,05/20/1972,Brazil,rpeacocken9@skype.com,143-220-1553
Shannon,Bragge,Kertasari,08/25/1959,Indonesia,sbraggena@uiuc.edu,523-655-3353
Noland,Seiffert,Fuyong,08/22/1967,China,nseiffertnb@ox.ac.uk,288-892-8533
Reider,Helversen,Ostrów Lubelski,08/19/1950,Poland,rhelversennc@bloomberg.com,588-876-3427
Richie,Brome,Лабуништа,02/04/1955,Macedonia,rbromend@imgur.com,848-602-8960
Carlynn,Vaan,Souziqiu,12/02/1988,China,,482-107-1376
Dallas,Leaming,Dahe,08/30/1965,China,dleamingnf@chron.com,443-493-4177
Neilla,Brugemann,Georgīevka,06/04/1998,Kazakhstan,nbrugemannng@dailymail.co.uk,795-248-4604
Saloma,Gallihawk,Jamalteca,02/08/1996,Honduras,,813-634-8387
Virgil,Llewellyn,San Juan del Cesar,09/30/1997,Colombia,,127-260-2871
Parry,Helix,Calingcing,04/10/1967,Indonesia,phelixnj@hc360.com,144-615-4576
Lee,Vynoll,Malabago,12/04/1993,Philippines,lvynollnk@yahoo.co.jp,382-900-9146
Sutherlan,Rottger,Aleksandrovac,08/15/1981,Serbia,srottgernl@cargocollective.com,207-996-7292
Wilhelmina,Huster,Effium,09/16/1971,Nigeria,whusternm@furl.net,206-774-9624
Klaus,Quant,Wan’an,10/10/1983,China,kquantnn@storify.com,621-356-5431
Elianora,Orritt,Bagarmossen,05/14/1987,Sweden,eorrittno@topsy.com,724-367-9205
Georges,Truitt,Sochi,10/12/1954,Russia,gtruittnp@shop-pro.jp,513-273-1359
Cameron,Thredder,Santa Monica,06/28/1997,Philippines,cthreddernq@sina.com.cn,945-560-9836
Archibold,Hoggan,,,,ahoggannr@illinois.edu,
Merralee,Dunbar,Annecy,09/20/1964,France,mdunbarns@wikimedia.org,734-634-9842
Pincas,Rothwell,San Francisco de Macorís,10/20/1957,Dominican Republic,prothwellnt@smugmug.com,592-805-3429
Chrissie,Colqueran,Tawun,09/04/1967,Indonesia,,721-989-1022
Spence,Colquhoun,Port Hawkesbury,12/03/1979,Canada,scolquhounnv@list-manage.com,273-441-1484
Romain,Hickinbottom,Acarigua,01/05/1988,Venezuela,rhickinbottomnw@printfriendly.com,188-438-8731
Sara-ann,Hess,Wangkung,05/03/1974,Indonesia,shessnx@harvard.edu,218-764-6403
Sarah,Viner,Havre-Saint-Pierre,05/18/1959,Canada,svinerny@unesco.org,172-166-0143
Griz,Ornils,Xinheng,01/30/1976,China,gornilsnz@cocolog-nifty.com,818-216-2222
Alberik,Pagett,Daojiang,11/02/1971,China,apagetto0@vinaora.com,687-391-7220
Vick,Ioannidis,Wielichowo,09/10/1990,Poland,vioannidiso1@wiley.com,600-904-5600
Rozelle,Scay,Songmuping,05/02/1976,China,,357-880-8484
Hobey,Halliday,Vanadzor,02/28/1973,Armenia,hhallidayo3@smh.com.au,462-659-2649
Nerta,Perfect,Dinahican,08/12/1979,Philippines,nperfecto4@slashdot.org,211-834-3237
Teriann,Carwithim,Caomiao,12/08/1974,China,,821-787-5052
Huntlee,Maso,Angol,08/10/1951,Chile,hmasoo6@parallels.com,203-139-8562
Humbert,Lannen,Sadananya,08/16/1995,Indonesia,hlanneno7@booking.com,674-808-1972
Obediah,Ready,Shitang,08/20/1960,China,,145-877-6497
Hube,Follan,Kemil,09/12/1995,Indonesia,hfollano9@cdbaby.com,826-600-9152
Broderick,Caudrelier,Bechyně,12/28/1981,Czech Republic,,444-659-3742
Godwin,Hindrich,Tuapse,10/29/1991,Russia,ghindrichob@pen.io,659-519-9998
Rosamond,Lindwall,Dateng,06/20/1967,Indonesia,rlindwalloc@washington.edu,196-229-7440
Chick,Dymocke,Ilembula,11/14/1972,Tanzania,,407-402-2500
Jecho,Tebbs,Ambar,07/13/1980,Peru,jtebbsoe@mit.edu,914-165-9528
Ibbie,Woolager,Mojorembun,01/30/1952,Indonesia,iwoolagerof@123-reg.co.uk,549-917-9561
Lane,Baulch,San Isidro,04/23/1953,Philippines,lbaulchog@deviantart.com,358-165-7737
Sawyer,Handford,San Gregorio,07/18/1967,Philippines,shandfordoh@usnews.com,807-914-8019
Toiboid,Gentric,Cuauhtemoc,05/24/1958,Mexico,tgentricoi@1688.com,661-645-0284
Kamila,Ingreda,Jiulian,10/25/1961,China,,329-682-0651
Mireielle,Cheesley,Gelatik,05/04/1956,Indonesia,mcheesleyok@cocolog-nifty.com,839-114-3708
Jan,Gerrish,Aksu,06/09/1981,Kazakhstan,jgerrishol@zdnet.com,202-971-8646
Barclay,Scorthorne,Berck,02/03/1999,France,bscorthorneom@spotify.com,196-420-0074
Georgena,Bullingham,Sundsvall,07/01/1994,Sweden,gbullinghamon@gov.uk,803-709-2406
Baird,Bissell,Sagaing,02/08/1980,Myanmar,bbisselloo@bluehost.com,711-390-6514
Codie,Paridge,Longgang,01/13/1959,China,cparidgeop@cocolog-nifty.com,745-748-6984
Rem,Binny,Néa Magnisía,04/17/1992,Greece,,881-951-0383
Kerr,Arnaez,Shangyang,08/30/1967,China,karnaezor@ox.ac.uk,231-968-4975
Vin,Lumm,Balkanabat,11/26/1979,Turkmenistan,vlummos@un.org,679-287-9771
Darelle,Seif,Aoqiao,03/24/1950,China,dseifot@house.gov,714-153-4204
Boycey,Mariot,Lyon,03/28/1985,France,bmariotou@privacy.gov.au,494-878-5111
Mervin,Cleveley,Mojoroto,04/18/1983,Indonesia,mcleveleyov@usda.gov,704-498-8390
Adolphe,Hubbuck,Melchor Ocampo,02/14/1993,Mexico,ahubbuckow@patch.com,540-701-8834
Roze,Chalcraft,Oslo,07/01/1971,Norway,rchalcraftox@yahoo.com,327-826-3288
Arabelle,Philbrick,Hongor,05/25/1986,Mongolia,aphilbrickoy@go.com,848-875-0585
Mathilde,Randal,La Montañita,01/19/1976,Colombia,mrandaloz@rakuten.co.jp,956-532-8229
Tamara,Cordle,,,,tcordlep0@nasa.gov,
Rickert,Lowes,Būr Safājah,01/19/1962,Egypt,rlowesp1@newsvine.com,103-944-4511
Brennen,Eynald,Potelych,08/28/1990,Ukraine,beynaldp2@over-blog.com,798-293-8172
Gretchen,Ciccotto,Pasauran,06/30/1996,Indonesia,gciccottop3@miibeian.gov.cn,838-905-2748
Nicolle,Faux,Viale,12/10/1970,Argentina,,174-826-5902
Klarika,Kopfen,Wujiayao,08/19/1955,China,kkopfenp5@china.com.cn,768-105-9599
Leslie,Marklew,Srinjine,04/17/1964,Croatia,lmarklewp6@mac.com,815-598-9923
Alisun,Bellenger,Sunne,08/23/1967,Sweden,abellengerp7@opera.com,825-103-2327
Colene,Woolford,Masindi,01/19/1989,Uganda,cwoolfordp8@sakura.ne.jp,200-218-5297
Susanne,Daventry,Sonzacate,06/25/1963,El Salvador,sdaventryp9@tinypic.com,472-830-1934
Emera,Ierland,Huo’erqi,10/21/1972,China,eierlandpa@cnet.com,715-274-7218
Heall,Hakeworth,,,,hhakeworthpb@nydailynews.com,
Antonin,Sylett,Zolotkovo,06/08/1989,Russia,asylettpc@symantec.com,866-888-7743
Estevan,Burgess,Qilong,09/05/1979,China,eburgesspd@technorati.com,863-963-4481
Michal,Giral,Visby,08/07/1988,Sweden,,328-409-0866
Shell,Cantua,Trat,11/25/1960,Thailand,scantuapf@mozilla.org,617-863-1049
Cleveland,Jakuszewski,Bangued,06/19/1988,Philippines,cjakuszewskipg@hostgator.com,318-989-0168
Alyse,Seals,Ḩajjah,06/02/1969,Yemen,asealsph@patch.com,863-403-3580
Zak,Hissett,Bishan,05/15/1976,China,zhissettpi@craigslist.org,242-666-3135
Kimbra,Tugman,Plalar,06/08/1977,Indonesia,,258-149-9998
Gusta,Swinburne,,,,gswinburnepk@alexa.com,
Haleigh,Butcher,Montluel,03/25/1967,France,,138-446-4074
Giusto,Metcalf,,,,gmetcalfpm@cyberchimps.com,
Eadie,Pledge,Ndendé,01/06/1950,Gabon,epledgepn@hubpages.com,627-368-0686
Kelci,Basini-Gazzi,Los Aquijes,03/07/1987,Peru,kbasinigazzipo@vimeo.com,955-137-0948
Bourke,Kirkman,Krasnoarmeysk,11/12/1951,Russia,bkirkmanpp@eventbrite.com,656-592-9398
Zane,Pridmore,Sukamaju,07/06/1955,Indonesia,zpridmorepq@home.pl,654-656-1668
Hester,Gigg,Ágios Vasíleios,09/13/1996,Greece,hgiggpr@irs.gov,484-282-8930
Corinne,Dicey,Smederevo,05/21/1959,Serbia,cdiceyps@furl.net,450-275-8285
Whitney,Gloves,Wugong,03/25/1950,China,wglovespt@redcross.org,237-848-1471
Tildy,Vasilchenko,El Carmen,05/07/1993,Colombia,tvasilchenkopu@deliciousdays.com,409-394-5955
Eddy,Goodlake,Nan’ao,08/06/1996,China,egoodlakepv@bbc.co.uk,502-482-3353
Rhianon,Turnpenny,Telnice,08/07/1981,Czech Republic,rturnpennypw@nifty.com,232-985-8122
Allianora,Feyer,Camacupa,01/24/1971,Angola,afeyerpx@hexun.com,606-946-1395
Monroe,Benton,Solo,12/11/1981,Philippines,mbentonpy@reverbnation.com,963-843-6842
Chantalle,Earsman,Mingelchaur,08/03/1979,Azerbaijan,cearsmanpz@linkedin.com,458-867-2754
Aurthur,Pigdon,Riang Tengah,12/08/1971,Indonesia,apigdonq0@barnesandnoble.com,542-120-8042
Jecho,Pryell,Nobinobi,05/30/1980,Indonesia,jpryellq1@cbsnews.com,702-707-4527
Chris,Olander,Mahajanga,10/31/1999,Madagascar,colanderq2@wix.com,540-868-3908
Brenda,Edmund,Little Rock,06/18/1964,United States,bedmundq3@wix.com,501-687-8682
Chrissie,Sharvell,Panaytayon,01/12/1998,Philippines,csharvellq4@naver.com,865-321-2108
Desiree,Dolbey,San Juan de Limay,01/07/1963,Nicaragua,ddolbeyq5@mit.edu,674-440-3604
Dennis,Bollom,Jincheng,03/29/1964,China,dbollomq6@amazon.co.uk,147-472-5740
Ardyth,Eccleshare,Roubaix,12/07/1964,France,aeccleshareq7@google.com.au,524-476-0329
Myrtie,Ambrosoni,Ciénega,04/05/1957,Colombia,mambrosoniq8@amazonaws.com,854-712-2517
Jakob,Norvill,Biała,04/13/1989,Poland,,592-428-9716
Conway,Meldon,Longgao,07/31/1984,China,cmeldonqa@umn.edu,653-995-8346
Isaiah,Creaven,Nueva Arica,12/17/1981,Peru,icreavenqb@latimes.com,295-574-8135
Norry,Foxley,Hongguang,06/20/1979,China,nfoxleyqc@dailymotion.com,556-124-0603
Candice,Kolodziej,La Virgen,07/11/1987,Mexico,ckolodziejqd@cdbaby.com,575-705-2078
Dacia,Ide,Qingqu,03/01/1970,China,dideqe@youtu.be,131-662-8913
Ephraim,Sheavills,Dayr Sāmit,12/11/1977,Palestinian Territory,esheavillsqf@wix.com,978-437-6517
Demetre,Cockhill,Mariana,07/24/1969,Brazil,dcockhillqg@cbc.ca,245-226-2250
Marchelle,Paxforde,Uddevalla,06/12/1996,Sweden,mpaxfordeqh@ca.gov,962-936-4330
Glennie,Capelow,Azurduy,07/06/1992,Bolivia,gcapelowqi@google.com.br,836-411-8818
Worth,Driutti,Peterborough,10/28/1984,Canada,wdriuttiqj@over-blog.com,474-378-3393
Constanta,Rushmare,Zandak,01/31/1977,Russia,crushmareqk@ftc.gov,329-425-7718
Meryl,Finci,,,,mfinciql@mail.ru,
Quillan,Jersh,Sosnovka,05/18/1971,Russia,qjershqm@goo.ne.jp,294-262-5482
Marissa,Masarrat,San Luis,11/08/1955,Guatemala,,673-925-5014
Gabriel,Gurnell,Skołyszyn,03/24/1984,Poland,ggurnellqo@bbb.org,249-148-5408
Winston,Sothern,,,,,
Gilli,Ondrus,Eksjö,10/09/1994,Sweden,gondrusqq@nyu.edu,173-301-5516
Gabriellia,Couvet,Rerawere,09/25/1976,Indonesia,gcouvetqr@nps.gov,370-505-8561
Valencia,Vasic,Potongan,02/13/1953,Indonesia,vvasicqs@posterous.com,382-639-6901
Nicolais,Abbitt,,,,nabbittqt@reuters.com,
Maryann,Chasmoor,Butungan,03/09/1957,Indonesia,mchasmoorqu@wiley.com,856-819-1666
Whitney,Layfield,Amberd,06/12/1964,Armenia,,414-846-1758
Sibley,Marcussen,Tireman Timur,03/31/1999,Indonesia,smarcussenqw@dedecms.com,825-421-0300
Lia,Burrow,Kangani,05/31/1965,Comoros,lburrowqx@paginegialle.it,722-583-8501
Pernell,Grzegorek,Santa Rita do Passa Quatro,05/18/1966,Brazil,,947-987-1740
Roch,Billingsly,Hovås,10/31/1951,Sweden,,671-198-2632
Dyann,Huston,Ijūin,11/23/1962,Japan,dhustonr0@house.gov,508-162-8399
Ardath,Duxbarry,Xarag,12/26/1950,China,aduxbarryr1@tinypic.com,394-848-5496
Constancia,Clatworthy,Åstorp,04/25/1984,Sweden,,397-187-9924
Betsey,Skeldinge,Luoqiao,08/23/1979,China,,735-867-6858
Hamish,Hehl,Kolsko,06/03/1991,Poland,hhehlr4@ask.com,351-513-3225
Lotta,Wincer,Tonggakjati,09/27/1970,Indonesia,lwincerr5@godaddy.com,608-217-3917
Zaneta,Frantzen,Lesnoye,06/15/1993,Russia,zfrantzenr6@wikia.com,143-267-0058
Normand,Anear,Majiao,11/07/1977,China,nanearr7@unc.edu,598-784-6781
Swen,Learie,Sadananya,03/27/1956,Indonesia,slearier8@goo.gl,663-675-5079
Darcie,Mingaye,Ponta Delgada,03/15/1955,Portugal,dmingayer9@geocities.jp,987-200-8378
Wolfie,Kidson,Xiatang,03/03/1951,China,wkidsonra@goo.ne.jp,469-158-9642
Mark,Biaggi,Timon,08/07/1993,Brazil,mbiaggirb@tumblr.com,991-653-9256
Janek,Woolcocks,Masaran,01/11/1963,Indonesia,jwoolcocksrc@comsenz.com,604-915-9158
Gregory,Paternoster,Guanqing,10/31/1969,China,gpaternosterrd@jugem.jp,903-372-7347
Wilbert,Mechell,Longfengba,03/16/1969,China,wmechellre@china.com.cn,723-153-7858
Scarlett,Venes,Stockholm,08/03/1958,Sweden,svenesrf@mashable.com,126-647-4839
Raynard,Selwyne,Xunhe,07/07/1986,China,rselwynerg@trellian.com,718-908-7288
Tedi,Clutram,Bangangté,01/29/1975,Cameroon,tclutramrh@tmall.com,935-668-5412
Concordia,Elington,Antsohihy,02/27/1990,Madagascar,celingtonri@hhs.gov,655-425-7106
Sonny,Dwane,Dayong,03/04/1956,China,sdwanerj@hao123.com,403-719-7216
Devora,Challiner,Xike,04/16/1957,China,dchallinerrk@guardian.co.uk,675-613-8213
Carroll,Tett,Antas,05/07/1990,Portugal,ctettrl@seesaa.net,724-875-5792
Erma,Stichel,Tanlad,11/09/1956,Philippines,estichelrm@dailymotion.com,813-906-7677
Kamila,Lello,Nueva Guinea,12/09/1952,Nicaragua,klellorn@virginia.edu,689-673-1313
Lindsay,Coxon,Pahārpur,04/23/1964,Pakistan,lcoxonro@aboutads.info,423-100-9203
Ginelle,Summerbell,Anliang,04/01/1958,China,gsummerbellrp@hubpages.com,655-936-7774
Chen,Eastgate,San Cristóbal Totonicapán,01/22/1998,Guatemala,ceastgaterq@skype.com,389-264-3315
Nalani,Janse,Puqian,04/11/1998,China,njanserr@paginegialle.it,348-942-5409
