first_name,last_name,birth_place,birth_date,country_living_in,email,phone
Adorne,Loads,Jiaozhou,07/15/1960,China,aloads0@webnode.com,825-734-2063
Giralda,Goodding,Sukaratu,10/02/1987,Indonesia,ggoodding1@acquirethisname.com,938-504-7534
Lonnard,Paris,Binangun,10/08/1971,Indonesia,lparis2@dot.gov,963-832-3633
Haslett,Brannon,Bosanski Novi,08/14/1971,Bosnia and Herzegovina,hbrannon3@house.gov,164-269-1578
Jehanna,Rawe,Rossosh’,09/17/1988,Russia,jrawe4@slate.com,690-754-3315
Tory,Cockayne,Kętrzyn,06/21/1974,Poland,tcockayne5@umich.edu,263-637-4251
Lorna,Attkins,Daixi,02/12/1953,China,,866-933-3021
Melinda,Vergo,Pouébo,08/07/1956,New Caledonia,mvergo7@tumblr.com,228-717-7798
Emiline,Sherwyn,,,,esherwyn8@reverbnation.com,
Dorthy,McTeggart,Gapyeong,08/08/1976,South Korea,dmcteggart9@kickstarter.com,543-921-3807
Dew,Ewert,Buka,07/27/1960,Indonesia,dewerta@washingtonpost.com,600-870-5859
Rodrigo,Skaife d'Ingerthorpe,,,,rskaifedingerthorpeb@woothemes.com,
Ellery,Yakunchikov,,,,eyakunchikovc@wikia.com,
Trescha,Haycraft,Thị Trấn Cao Lộc,10/03/1967,Vietnam,thaycraftd@networkadvertising.org,703-527-7986
Jaye,Fairhead,Vol’nyy Aul,11/02/1992,Russia,jfairheade@friendfeed.com,376-825-5246
Howie,Haitlie,Palmitas,06/26/1957,Uruguay,hhaitlief@dion.ne.jp,422-485-7588
Clarey,Vearncombe,Youngstown,01/30/1956,United States,cvearncombeg@exblog.jp,330-268-0970
Tiebout,Careswell,Kropotkin,05/04/1960,Russia,tcareswellh@hostgator.com,655-315-9913
Luciano,Joselevitz,Taibai,06/11/1951,China,ljoselevitzi@booking.com,300-957-8480
Hamid,Guidi,Xinquan,06/28/1966,China,hguidij@surveymonkey.com,894-867-2945
Sonja,Tirone,,,,stironek@moonfruit.com,
Oralla,Sooper,Pingpo,11/15/1952,China,osooperl@uol.com.br,778-432-4425
Idalina,Vesque,Camperdown,09/10/1999,South Africa,ivesquem@cloudflare.com,269-851-0708
Quintina,Josovitz,Kotli Lohārān,12/23/1998,Pakistan,qjosovitzn@opensource.org,261-684-0841
Thia,Dalgarnowch,Watoona,01/13/1983,Indonesia,tdalgarnowcho@wordpress.com,347-968-6481
Karel,Kwietek,Gondanglegi Wetan,05/05/1959,Indonesia,kkwietekp@biblegateway.com,424-487-1287
Libbie,Stanford,Beni Khiar,09/15/1954,Tunisia,lstanfordq@redcross.org,937-114-4623
Chevy,Cooksey,Qiaozhuang,07/16/1968,China,ccookseyr@un.org,408-688-5108
Chauncey,Delle,Daejeon,10/26/1985,South Korea,cdelles@stumbleupon.com,864-100-4975
Tamarra,Kardos,Rattanaburi,09/15/1974,Thailand,tkardost@ezinearticles.com,426-147-4353
Clem,Durdy,Hudson,04/04/1998,Canada,cdurdyu@vimeo.com,680-554-7636
Clarita,Goulthorp,Magatos,09/29/1956,Philippines,cgoulthorpv@ask.com,483-433-7434
Enrico,Godbald,Kasugai,04/01/1991,Japan,,689-856-6990
Everett,Hartshorne,Koper,09/06/1952,Slovenia,ehartshornex@blinklist.com,785-778-6309
Merwyn,Netti,Växjö,12/20/1966,Sweden,mnettiy@cdbaby.com,558-806-7305
Anne-corinne,Pyke,Jiawu,11/08/1950,China,,849-965-2968
Dianemarie,MacMichael,Yelizavetinskaya,01/20/1984,Russia,dmacmichael10@nydailynews.com,995-131-5429
Lizbeth,Wynrahame,Koslan,12/07/1976,Russia,lwynrahame11@fc2.com,533-680-9983
Nonie,de Keyser,Viçosa,10/03/1988,Brazil,ndekeyser12@printfriendly.com,225-165-1571
Stacia,Backman,Shkotovo,10/02/1972,Russia,sbackman13@walmart.com,620-832-1836
Moyra,Clymo,Kandi,09/04/1967,Benin,mclymo14@ftc.gov,212-318-9052
Jourdan,Isaak,Igoumenítsa,07/17/1972,Greece,jisaak15@g.co,687-904-5741
Garreth,McRonald,Marne-la-Vallée,10/20/1964,France,gmcronald16@google.co.jp,237-847-8958
Farley,Januszewicz,Pas Pul,06/27/1971,Afghanistan,fjanuszewicz17@elpais.com,233-275-9316
Cynthia,Klimecki,Mandala,03/31/1987,Indonesia,cklimecki18@mediafire.com,558-896-9138
Celestia,Louiset,Yangqiao,08/26/1985,China,clouiset19@sun.com,660-461-2143
Hyacinth,Seers,Monte Alegre,08/01/1974,Brazil,hseers1a@samsung.com,282-846-0914
Clayborne,Winney,Baozhu,01/27/1987,China,cwinney1b@wix.com,820-173-2935
Knox,Myles,Baishigou,01/09/1982,China,kmyles1c@abc.net.au,354-884-8216
Jayme,Gianneschi,Dhalie,10/01/1962,Yemen,jgianneschi1d@github.com,952-892-4736
Jules,Winfred,Yedun,12/05/1987,China,jwinfred1e@drupal.org,374-651-4450
Analise,Fullerd,,,,,
Freeland,Sanney,Suklayin,03/01/1956,Philippines,fsanney1g@si.edu,819-778-1328
Fannie,Ashby,Vale de Rolas,01/05/1956,Portugal,,966-368-7154
Leigha,Wortman,Rakvere,11/08/1977,Estonia,lwortman1i@sbwire.com,244-220-5896
Winna,De Ruggero,Miami Beach,07/11/1973,United States,wderuggero1j@mtv.com,305-426-5365
Katina,Sunock,Ramon’,08/29/1963,Russia,ksunock1k@meetup.com,283-815-3432
Fedora,Gerrish,Haocun,09/30/1980,China,fgerrish1l@latimes.com,703-918-9916
Westbrook,Jurca,Nkwerre,06/28/1952,Nigeria,wjurca1m@europa.eu,360-642-5143
Vivianne,Antham,Wasquehal,01/24/1988,France,vantham1n@mit.edu,514-434-1294
Simonne,Damper,Medveđa,03/29/1992,Serbia,,642-965-9336
Burr,Wadworth,Januszkowice,03/23/1988,Poland,bwadworth1p@blinklist.com,902-845-3389
Daloris,Bedo,Putrajaya,04/15/1958,Malaysia,dbedo1q@phpbb.com,802-600-4033
Edsel,Barlace,Tranca,06/12/1980,Philippines,,635-991-8006
Sharai,Durdle,Paris 20,02/20/1958,France,sdurdle1s@tinyurl.com,842-100-8295
Ainslie,Flatt,Solotcha,08/27/1990,Russia,,317-376-3597
Shanta,Masserel,Wisła,10/26/1982,Poland,smasserel1u@rediff.com,326-531-5950
Taber,Daton,Rosario de Mora,02/28/1984,El Salvador,,294-497-6790
Ferrel,Harborow,Karlskoga,08/10/1960,Sweden,fharborow1w@whitehouse.gov,932-165-5169
Samuele,Phalp,Castleblayney,12/25/1959,Ireland,sphalp1x@google.nl,504-658-7130
Valentin,Simmonds,,,,vsimmonds1y@columbia.edu,
Orton,Feighney,Messíni,08/11/1995,Greece,ofeighney1z@wix.com,654-905-2570
Mallory,Bush,Mnogoudobnoye,07/25/1987,Russia,mbush20@adobe.com,433-285-8000
Sarette,Milsap,Jinhe,10/05/1976,China,smilsap21@disqus.com,745-349-0080
Marcela,Hedgeley,Shuangqiaoping,02/13/1954,China,mhedgeley22@blogtalkradio.com,917-766-6031
Jamie,Finlayson,Barranca,03/26/1975,Peru,jfinlayson23@princeton.edu,168-366-7580
Gilberte,Pavel,Naili,08/13/1950,Philippines,,380-261-7220
Erwin,Saipy,Ishkhoy-Yurt,08/07/1964,Russia,esaipy25@microsoft.com,829-256-3617
Zorina,Pougher,,,,zpougher26@walmart.com,
Timothy,Smallcomb,Phra Phutthabat,05/05/1958,Thailand,tsmallcomb27@arstechnica.com,476-324-2952
Lynea,Blackley,Kabalo,01/11/1997,Democratic Republic of the Congo,,902-302-7557
Correy,Sebrens,Mosquera,10/04/1966,Colombia,csebrens29@51.la,402-973-9294
Skippie,Legrice,Mompós,11/10/1965,Colombia,slegrice2a@washingtonpost.com,290-272-6206
Kerri,Amort,Sibaté,01/11/1986,Colombia,kamort2b@pbs.org,395-523-3619
Stan,Merrell,Izobil’nyy,04/29/1957,Russia,smerrell2c@exblog.jp,607-614-9780
Maximilian,Braven,Itapuí,12/31/1991,Brazil,mbraven2d@theatlantic.com,374-964-6106
Kristi,Frick,Spassk,04/18/1981,Russia,kfrick2e@ted.com,217-454-7061
Mata,Haselwood,Silveiros,10/06/1992,Portugal,mhaselwood2f@theguardian.com,557-223-2643
Sandra,Lissemore,Lubień Kujawski,08/15/1970,Poland,slissemore2g@acquirethisname.com,485-171-5316
Hervey,Vasyutin,Postira,01/21/1972,Croatia,hvasyutin2h@tuttocitta.it,341-939-0594
Hayden,Labin,Roa,08/06/1954,Indonesia,hlabin2i@51.la,659-688-3243
Koralle,Zuppa,Duncans,01/01/1981,Jamaica,kzuppa2j@squidoo.com,370-528-8315
Teodora,Richings,Drakhtik,04/30/1971,Armenia,trichings2k@nifty.com,827-911-4049
Findley,Ephgrave,Baidoa,04/22/1993,Somalia,fephgrave2l@mediafire.com,998-571-7888
Vivia,Money,Liberia,04/14/1989,Costa Rica,vmoney2m@ft.com,741-335-1910
Aristotle,O' Mullane,Baleagung,05/12/1966,Indonesia,aomullane2n@blogger.com,181-460-9592
Grissel,Allsepp,Pende,02/08/1976,Indonesia,gallsepp2o@devhub.com,422-653-2775
Dorene,Langelaan,Täby,12/22/1961,Sweden,dlangelaan2p@businessinsider.com,260-112-8486
Carilyn,Chopy,Qingzhou,05/31/1973,China,cchopy2q@goodreads.com,297-787-7664
Barret,Mousley,Manchester,03/23/1964,United Kingdom,bmousley2r@woothemes.com,731-667-1655
Shaine,Van Rembrandt,Jicomé,12/19/1988,Dominican Republic,svanrembrandt2s@symantec.com,711-372-4043
Esdras,Critchell,Orlando,05/03/1955,United States,ecritchell2t@slideshare.net,407-342-4586
Swen,McKechnie,Liuhou,10/21/1986,China,smckechnie2u@npr.org,716-455-3231
Cissy,Erswell,Huancheng,12/10/1968,China,cerswell2v@nationalgeographic.com,915-445-7694
Arlene,Inman,Caohe,05/27/1995,China,ainman2w@timesonline.co.uk,928-816-5918
Aggy,Cordingley,Jiangyi,12/06/1958,China,acordingley2x@cbsnews.com,698-676-7871
Sheba,Kitchinghan,San Isidro,07/01/1996,Mexico,skitchinghan2y@toplist.cz,389-427-3537
Aurea,MacNeish,Bác Ái,06/19/1998,Vietnam,amacneish2z@webmd.com,911-439-2673
Stepha,Herrieven,Shtip,07/12/1989,Macedonia,sherrieven30@soundcloud.com,720-962-3737
Dalston,Duinkerk,Salem,08/04/1998,Indonesia,dduinkerk31@mashable.com,478-524-3843
Terri,Langstrath,Mulandoro,09/18/1955,Indonesia,tlangstrath32@engadget.com,271-584-9984
Christian,Webb,,,,cwebb33@hc360.com,
Anallese,Kilian,Punata,05/21/1954,Bolivia,akilian34@samsung.com,169-404-1639
Jolynn,Zanneli,Changshou,07/02/1959,China,jzanneli35@blogtalkradio.com,139-333-9792
Anica,Paulitschke,Shangtian,08/25/1955,China,apaulitschke36@last.fm,111-133-0281
Schuyler,Hatry,Cililitan,09/26/1980,Indonesia,shatry37@arizona.edu,525-992-4579
Alvera,Jeffels,Pasaco,03/28/1994,Guatemala,ajeffels38@1688.com,976-333-8976
Kendall,McIleen,Concepcion,10/13/1977,Philippines,kmcileen39@usa.gov,526-663-5960
Fredrika,Pymm,Xinchang,12/23/1962,China,fpymm3a@theglobeandmail.com,423-328-3547
Grannie,Judron,Feričanci,01/02/1952,Croatia,,375-400-9996
Winslow,Skowcraft,Sixi,07/26/1993,China,wskowcraft3c@constantcontact.com,566-380-2468
Jackquelin,Jordison,Bukabu,08/14/1963,Indonesia,,596-806-0625
Ermanno,Stobbs,Cergy-Pontoise,02/18/1988,France,estobbs3e@zimbio.com,538-337-7777
Burnaby,Senechell,Tongle,07/19/1979,China,,331-351-4548
Mikaela,Swinfon,Tucheng,03/17/1980,China,mswinfon3g@tamu.edu,658-178-9777
Welbie,Faloon,Kigoma,10/23/1990,Tanzania,wfaloon3h@slashdot.org,645-583-9263
Nicole,McCalister,Dera Murād Jamāli,03/11/1971,Pakistan,nmccalister3i@cnet.com,373-761-9566
Daisie,Ateridge,Isnā,04/22/1955,Egypt,dateridge3j@bluehost.com,870-253-0453
Collie,Brawley,Maxixe,02/01/1976,Mozambique,cbrawley3k@furl.net,984-153-8412
Dal,Steckings,Little Rock,11/12/1985,United States,dsteckings3l@alexa.com,501-793-3460
Sharron,Elgram,Casuguran,12/13/1987,Philippines,selgram3m@dagondesign.com,757-542-1370
Florry,Twaits,San Benito,05/07/1994,Guatemala,ftwaits3n@cnn.com,570-928-3208
Clari,Marqyes,Gapuk,07/03/1955,Indonesia,cmarqyes3o@cbsnews.com,187-975-9970
Flss,Black,Sacanta,11/05/1970,Argentina,fblack3p@cnn.com,218-817-0774
Delly,Plett,Kosino,12/01/1995,Russia,dplett3q@booking.com,505-938-4321
Claire,Blowick,Otofuke,08/21/1954,Japan,cblowick3r@eepurl.com,318-915-8412
Megen,Andreasen,Pedro Miguel,09/05/1987,Portugal,mandreasen3s@macromedia.com,601-803-3482
Colly,Nice,,,,cnice3t@bigcartel.com,
Skipp,McIndoe,Zásmuky,09/18/1975,Czech Republic,smcindoe3u@dropbox.com,514-614-1902
Hi,Oldroyde,,,,,
Corty,Rolland,Postřelmov,06/08/1956,Czech Republic,,155-272-8810
Jo-ann,Wyldish,Killorglin,05/04/1989,Ireland,jwyldish3x@dedecms.com,687-785-3659
Moina,Bolduc,Telagasari,07/01/1955,Indonesia,mbolduc3y@mozilla.com,425-498-5659
Earlie,Tunnow,Skrunda,12/11/1984,Latvia,,326-566-4334
Ingunna,Thirtle,Lazaro Cardenas,12/07/1991,Mexico,ithirtle40@stumbleupon.com,539-287-0110
Bevan,Tabourin,Mursaba,10/25/1954,Indonesia,,528-219-6126
Emile,Morrid,Ouaoula,11/18/1989,Morocco,emorrid42@homestead.com,489-666-9164
Burton,Pummery,Khlong Hat,02/10/1973,Thailand,bpummery43@hubpages.com,211-278-3155
Freddy,Baxstare,Leon,09/14/1950,Spain,fbaxstare44@nih.gov,576-894-2511
Gay,Birtonshaw,Uzunovo,04/22/1989,Russia,gbirtonshaw45@infoseek.co.jp,656-657-6991
Allianora,Mahaffey,,,,amahaffey46@ucoz.com,
Brooke,Bergen,Lela,02/17/1993,Indonesia,bbergen47@freewebs.com,380-948-5037
Gale,Winsborrow,Tangub,04/12/1991,Philippines,,436-980-7478
Ania,Grigolashvill,Qufu,11/29/1970,China,agrigolashvill49@go.com,211-961-6753
Buck,Currer,Duma,10/07/1996,China,bcurrer4a@squidoo.com,641-617-2005
Lionel,Hacard,Ban Na,08/26/1972,Thailand,lhacard4b@photobucket.com,646-301-9224
Aindrea,Jenks,Straldzha,04/03/1980,Bulgaria,,156-311-2043
Rolland,Smyth,Launceston,04/10/1955,Australia,rsmyth4d@tmall.com,725-643-6915
Jehanna,Kremer,,,,,
Lane,Briskey,Maslovka,11/22/1952,Russia,,659-379-9429
Britni,Boggon,Praga Północ,12/13/1991,Poland,,568-857-8187
Webster,Losselyong,Bangeran,10/26/1984,Indonesia,wlosselyong4h@sciencedirect.com,893-268-5738
Marsiella,Duncklee,Arroyo Seco,04/25/1977,Argentina,mduncklee4i@biglobe.ne.jp,814-726-4717
Sheba,Webbe,Baofeng,04/25/1971,China,swebbe4j@sitemeter.com,756-983-4077
Barris,Morford,Useldange,07/23/1984,Luxembourg,bmorford4k@aol.com,495-441-7785
Reinwald,Erdes,Vani,01/10/1963,Georgia,rerdes4l@xrea.com,755-305-0408
My,Elphinstone,Walenrang,07/16/1986,Indonesia,melphinstone4m@nih.gov,200-625-7017
Ailbert,Marcinkowski,Libao,05/04/1984,China,amarcinkowski4n@w3.org,344-657-7570
Aile,Cuncliffe,Przyborów,06/02/1984,Poland,acuncliffe4o@photobucket.com,967-451-3514
Wenonah,Mulhill,,,,wmulhill4p@mayoclinic.com,
Angus,Darrigone,Xiatuanpu,09/02/1977,China,adarrigone4q@wikia.com,651-963-0468
Donia,Jeannon,Qiancang,11/23/1980,China,djeannon4r@harvard.edu,424-238-6624
Caesar,Abson,Nangang,05/28/1997,China,cabson4s@last.fm,434-352-3116
Albrecht,Wellings,Heping,04/06/1971,China,awellings4t@ft.com,859-158-1996
Antone,MacDermott,Temeke,11/16/1981,China,amacdermott4u@gov.uk,322-688-2546
Paulette,Stoggell,Karlstad,09/10/1961,Sweden,pstoggell4v@yolasite.com,890-962-0313
Perry,Petrowsky,Kinel’-Cherkassy,01/27/1976,Russia,ppetrowsky4w@chicagotribune.com,967-740-2344
Annetta,Arckoll,Mezhdurechensk,06/07/1990,Russia,aarckoll4x@feedburner.com,434-686-9688
Shem,Laweles,Barisāl,08/29/1989,Bangladesh,slaweles4y@disqus.com,913-116-7058
Xymenes,Nancarrow,Annaka,08/03/1965,Japan,,578-879-3734
Gloria,Harwood,Berekum,05/08/1958,Ghana,gharwood50@sourceforge.net,494-194-0131
Staford,Bettison,Yantian,04/29/1983,China,sbettison51@themeforest.net,174-330-6222
Heloise,Winspurr,Klenica,01/01/1976,Poland,hwinspurr52@yandex.ru,666-673-8811
Buddy,Sowman,Kruševica,05/14/1953,Croatia,bsowman53@epa.gov,942-106-2889
Kally,Sabbatier,San Antonio,04/01/1993,Mexico,ksabbatier54@acquirethisname.com,847-551-4089
Vernen,Dutnell,Kandangsapi,01/17/1998,Indonesia,vdutnell55@ovh.net,790-736-7134
Dulciana,Congreve,Logovskoye,11/06/1986,Russia,dcongreve56@mac.com,530-961-4724
Armstrong,Neames,Sufang,07/10/1994,China,,159-486-4529
Merilee,Rown,Elektrėnai,09/28/1960,Lithuania,mrown58@umn.edu,104-593-0255
Netty,Delia,Bojen Kulon,03/28/1970,Indonesia,ndelia59@google.com.au,343-681-9067
William,Peffer,New Pandanon,01/13/1973,Philippines,wpeffer5a@a8.net,385-788-4402
Ari,Stote,Gävle,06/12/1981,Sweden,astote5b@wikia.com,970-177-8394
Riva,Dahlgren,Taguisa,11/22/1972,Philippines,rdahlgren5c@prweb.com,697-481-1447
Heida,Battaille,Ấp Tân Ngãi,05/26/1957,Vietnam,hbattaille5d@cornell.edu,406-541-0259
Sheree,Scobbie,Al Qūşīyah,10/07/1973,Egypt,sscobbie5e@hatena.ne.jp,533-957-5395
Zara,Jemmett,Lluchubamba,03/31/1953,Peru,zjemmett5f@dion.ne.jp,328-686-6157
Dougie,Starrs,Dayr Mawās,05/27/1966,Egypt,,913-213-3388
Barn,Drinan,Haoxinying,02/06/1962,China,bdrinan5h@pen.io,744-205-9748
Frannie,Kunat,Pamyat’ Parizhskoy Kommuny,09/09/1976,Russia,fkunat5i@furl.net,993-411-0535
Dorthea,Deakins,Le Blanc-Mesnil,01/02/1982,France,ddeakins5j@nydailynews.com,609-665-3398
Anselm,Castagneri,Araçatuba,03/31/1963,Brazil,acastagneri5k@moonfruit.com,524-435-0637
Missy,Leehane,Zboriv,04/07/1963,Ukraine,,343-799-9473
Emelen,McCafferky,Mingfeng,04/03/1990,China,,175-698-4171
Elnore,Trueman,Châtellerault,09/19/1954,France,etrueman5n@skype.com,895-544-2216
Kakalina,McGeechan,Combapata,05/11/1961,Peru,kmcgeechan5o@1und1.de,444-604-6875
Alair,O'Neill,Nankou,10/09/1990,China,aoneill5p@drupal.org,868-906-8980
Junina,Carletto,Lubrza,05/12/1954,Poland,jcarletto5q@si.edu,986-982-1271
Corbet,Kezourec,Piraí do Sul,12/09/1962,Brazil,ckezourec5r@comcast.net,500-375-8461
Baudoin,Lechmere,Mertert,03/07/1953,Luxembourg,blechmere5s@yellowpages.com,351-975-8780
Cordi,Bestwall,Ngkiong,04/23/1974,Indonesia,cbestwall5t@cbslocal.com,117-414-3298
Lauren,Dorsett,Kibre Mengist,11/24/1997,Ethiopia,ldorsett5u@de.vu,485-367-6867
Caro,Labbet,Songgang,03/30/1990,China,clabbet5v@mashable.com,569-384-4420
Andras,Dominici,Picassinos,01/30/1994,Portugal,adominici5w@alexa.com,632-674-2034
Batsheva,Franceschi,Xintang,08/14/1995,China,bfranceschi5x@bloomberg.com,396-461-0695
Giulia,Melling,Jiangshan,04/13/1970,China,gmelling5y@google.com.hk,312-727-7174
Burke,Okker,Tyre,07/07/1983,Lebanon,bokker5z@bandcamp.com,765-331-8747
Graham,Powton,Göteborg,06/22/1950,Sweden,gpowton60@yellowpages.com,822-942-7780
Jermaine,Margerison,Ostrov,07/04/1989,Czech Republic,jmargerison61@skyrock.com,422-258-1247
Grace,Rubbens,Luodian,10/28/1982,China,grubbens62@uol.com.br,271-843-7934
Hubey,Sedgefield,Daqingshan,12/08/1977,China,hsedgefield63@feedburner.com,225-291-1150
Hynda,Carayol,Sasar,04/25/1954,Indonesia,hcarayol64@auda.org.au,308-320-4902
Hurleigh,Trevain,Gajah,08/19/1967,Indonesia,htrevain65@mail.ru,549-436-1813
Malissa,Cawse,Zonghan,01/10/1975,China,mcawse66@cdbaby.com,112-933-5402
Erie,Allonby,Palencia,08/26/1984,Spain,eallonby67@wikimedia.org,948-515-3049
Corny,Senyard,Causwagan,07/28/1967,Philippines,csenyard68@bloglines.com,538-157-2309
Rayna,Hewlings,Mauren,05/05/1970,Liechtenstein,rhewlings69@usnews.com,319-455-5570
Hope,Powlesland,Abricots,05/25/1988,Haiti,hpowlesland6a@skyrock.com,565-454-9586
Elisa,Bellefant,Sabinópolis,12/07/1959,Brazil,,942-658-9878
Bucky,Hoodspeth,Jindřichov,02/28/1997,Czech Republic,bhoodspeth6c@acquirethisname.com,266-881-0355
Web,Harford,Charlton,06/28/1976,United Kingdom,wharford6d@wikipedia.org,199-828-9647
Loleta,Baterip,Carvalho,06/24/1990,Portugal,lbaterip6e@imgur.com,889-100-7053
Kacey,Liveley,Cacoal,05/23/1990,Brazil,,383-214-6745
Nathanial,Binton,Komatsushimachō,10/20/1974,Japan,nbinton6g@pen.io,537-279-5625
Sandy,Caldera,London,12/30/1963,United Kingdom,scaldera6h@sun.com,926-214-2032
Bertram,Gellan,Rurrenabaque,02/27/1953,Bolivia,bgellan6i@umich.edu,255-355-6995
Ingelbert,Ebourne,Koga,06/13/1974,Japan,iebourne6j@usatoday.com,425-960-0801
Isabel,Poundford,Pehuajó,05/01/1951,Argentina,ipoundford6k@mlb.com,742-839-5904
Boniface,Tomasini,Boulsa,12/04/1987,Burkina Faso,btomasini6l@sciencedirect.com,403-313-2292
Sybyl,Leere,Tqibuli,09/16/1973,Georgia,sleere6m@addthis.com,749-638-9655
Aluin,Dodding,Binangun,12/20/1985,Indonesia,adodding6n@reverbnation.com,695-210-9439
Otes,De Bell,Predavac,06/09/1997,Croatia,odebell6o@sogou.com,297-698-6822
Bernie,Brimner,Chibuto,04/17/1969,Mozambique,bbrimner6p@amazon.com,870-942-0590
Dana,Malpass,Inashiki,03/23/1991,Japan,,275-282-4060
Charmaine,Beslier,Örnsköldsvik,09/09/1999,Sweden,,925-153-9618
Denise,Alessandrucci,Hultsfred,09/27/1974,Sweden,dalessandrucci6s@theguardian.com,485-378-0549
Karil,Chattelaine,,,,kchattelaine6t@4shared.com,
Tammie,Simonato,Kaffrine,09/22/1959,Senegal,,126-534-6516
Ogdon,Presshaugh,Charagua,05/01/1969,Bolivia,opresshaugh6v@seattletimes.com,533-912-2257
Felicio,Galilee,Ahar,10/23/1962,Iran,fgalilee6w@weather.com,834-366-8773
Maure,Anshell,Karlstad,09/07/1958,Sweden,manshell6x@xrea.com,866-516-7704
Stuart,Asipenko,Allada,12/11/1985,Benin,,243-843-2454
Cookie,Olivella,Besançon,01/20/1969,France,colivella6z@tuttocitta.it,304-354-6627
Sigismundo,Kennifeck,Pategi,07/29/1992,Nigeria,skennifeck70@tiny.cc,381-205-1942
Logan,Brealey,Valbo,12/10/1987,Sweden,,623-654-2163
Maris,Baysting,Rovnoye,07/14/1986,Russia,mbaysting72@tuttocitta.it,433-986-0715
Patrick,Weeds,Fuenlabrada,11/01/1955,Spain,pweeds73@usda.gov,117-347-2603
Ivy,Cassels,Itinga,09/12/1969,Brazil,,327-570-6391
Drucie,Abrashkov,Vyshneve,05/01/1974,Ukraine,dabrashkov75@usatoday.com,316-951-3510
Aldin,Savil,Trostyanets’,06/04/1953,Ukraine,asavil76@hibu.com,357-252-9743
Leon,Yakovitch,Dalan,11/25/1964,China,,610-462-2123
Lissy,Cuthill,Itapetininga,07/25/1997,Brazil,lcuthill78@globo.com,923-934-2363
Kerwin,Chatband,Usicayos,03/28/1998,Peru,kchatband79@i2i.jp,103-593-6218
Zola,Wille,Krasnopillya,09/25/1963,Ukraine,zwille7a@google.fr,963-809-8039
Aubry,Dike,Yantianhe,09/25/1971,China,adike7b@purevolume.com,756-763-6183
Milissent,Laidler,Chayek,02/23/1980,Kyrgyzstan,mlaidler7c@bravesites.com,429-933-3148
Cosimo,Sheaf,Virje,03/14/1999,Croatia,csheaf7d@opensource.org,711-675-1500
Clarence,Karby,Talzemt,02/10/1982,Morocco,ckarby7e@nationalgeographic.com,741-330-1047
Brenden,Goodlatt,Bašaid,06/10/1995,Serbia,bgoodlatt7f@istockphoto.com,831-810-1910
Sharla,Rathke,Bojonegoro,05/03/1980,Indonesia,srathke7g@wordpress.com,138-709-6749
Jackelyn,Bleby,Hilversum,02/23/1978,Netherlands,jbleby7h@blinklist.com,144-468-8028
D'arcy,Rubertelli,Hultsfred,04/19/1968,Sweden,drubertelli7i@miitbeian.gov.cn,428-993-1606
Micky,Lewty,Imrīsh,11/19/1957,Palestinian Territory,,810-642-6417
Jimmy,Matoshin,Norfolk,09/27/1972,United States,jmatoshin7k@mashable.com,757-227-7593
Leonie,Cocklin,Bilovods'k,12/06/1999,Ukraine,,208-800-5346
Merrielle,Shakspeare,Borehbangle,07/29/1954,Indonesia,mshakspeare7m@sitemeter.com,212-895-0786
Peyton,Pennaman,Ramos,02/01/1980,Philippines,ppennaman7n@admin.ch,858-889-4036
Paxton,Colleran,Makarov,02/08/1951,Russia,pcolleran7o@hatena.ne.jp,427-481-9723
Amerigo,Oman,Novokhopërsk,04/03/1950,Russia,aoman7p@weather.com,863-844-4556
Bamby,Crookshanks,Lantian,12/17/1975,China,bcrookshanks7q@aboutads.info,384-848-4748
Maddy,Lindley,Gaoping,11/16/1981,China,mlindley7r@rambler.ru,246-984-3632
Holly,Simo,Phumĭ Véal Srê,04/20/1996,Cambodia,hsimo7s@goo.ne.jp,489-142-7433
Edy,Cull,Cibojong,10/03/1965,Indonesia,,711-246-6683
Sylvester,Breache,Dongxi,05/03/1965,China,sbreache7u@ihg.com,874-196-5286
Doloritas,Dunhill,Surulangun Rawas,07/27/1957,Indonesia,ddunhill7v@blog.com,489-469-4526
Boycie,Strawbridge,Perístasi,09/10/1978,Greece,bstrawbridge7w@ovh.net,560-316-4063
Dion,Fatharly,Basud,07/21/1999,Philippines,,481-245-9173
Waldon,Asche,Žeravice,05/01/1981,Czech Republic,wasche7y@wikimedia.org,388-605-5493
Stacy,Markie,Boulogne-Billancourt,12/30/1983,France,smarkie7z@pinterest.com,687-518-5133
Arlen,Brandt,Káto Dhiminió,07/12/1983,Greece,abrandt80@engadget.com,169-513-0232
Brigg,Iorizzo,Gutian,06/16/1972,China,biorizzo81@instagram.com,113-686-8101
Sam,Chapelle,Petiga,11/28/1960,Indonesia,,133-698-4796
Sheilakathryn,Preddy,Mutum Biyu,06/21/1960,Nigeria,spreddy83@unblog.fr,390-752-7529
Marylee,Ishaki,Dubrovka,11/06/1998,Russia,mishaki84@house.gov,184-151-8060
Frazer,Edgar,Södertälje,06/11/1988,Sweden,fedgar85@netlog.com,255-691-1764
Ardeen,Cicchitello,Sangzhou,01/21/1992,China,acicchitello86@adobe.com,326-418-3813
Steffen,Alecock,Priob’ye,09/12/1951,Russia,salecock87@toplist.cz,701-964-7739
Estell,Polglaze,,,,epolglaze88@aboutads.info,
Angel,Childes,Sabi,08/28/1950,Gambia,achildes89@tinypic.com,545-648-3447
Katleen,Bernhardt,Cholargós,09/22/1970,Greece,,681-856-9467
Diandra,Rubenov,Żabieniec,03/09/1982,Poland,drubenov8b@cornell.edu,726-603-9258
Gaylord,Mulqueeny,Iława,10/25/1978,Poland,gmulqueeny8c@yahoo.com,508-291-1187
Rhona,Bristoe,Aral,04/27/1978,Kazakhstan,rbristoe8d@eepurl.com,613-979-6029
Jobyna,Runnacles,Babice,12/17/1990,Poland,,186-256-6607
Shir,Jenicek,Chaihu,10/08/1983,China,sjenicek8f@amazon.de,282-368-0244
Vance,McKirdy,Gaofeng,09/18/1962,China,vmckirdy8g@cafepress.com,890-564-7166
Marice,Dykes,Tunguang,07/08/1967,China,mdykes8h@dailymail.co.uk,482-839-7420
Doralynn,Attwill,,,,dattwill8i@blogtalkradio.com,
Sheila-kathryn,Brownhill,,,,sbrownhill8j@globo.com,
Drucy,Pooke,Citatah Kaler,12/01/1991,Indonesia,dpooke8k@shinystat.com,474-361-5688
Binni,Coulling,Gandra,12/08/1998,Portugal,bcoulling8l@cyberchimps.com,924-223-6776
Terrie,Parffrey,Jajaway,01/31/1982,Indonesia,tparffrey8m@ebay.com,681-827-5522
Raquela,Valero,Dongxiao,03/30/1985,China,rvalero8n@surveymonkey.com,930-124-7112
Khalil,Favill,Vynohradivka,10/07/1976,Ukraine,kfavill8o@google.ru,804-348-1756
Shamus,Raper,Ribeira Grande,05/06/1996,Portugal,sraper8p@dell.com,580-505-1872
Jacklyn,Stanney,Makadi Bay,10/30/1953,Egypt,,456-173-4762
Jemima,Tschursch,Zhangcunping,01/22/1951,China,jtschursch8r@skype.com,997-281-5054
Honoria,Botcherby,Beisijia,10/01/1976,China,hbotcherby8s@hc360.com,685-653-8594
Dael,MacGilrewy,Fasi,10/07/1975,China,dmacgilrewy8t@hao123.com,982-912-2885
Bert,Butterwick,Huliao,09/07/1974,China,,138-909-5047
Fitz,Oldale,Babakanlapang,05/08/1986,Indonesia,,125-288-1742
Lory,Koba,Sanbao,07/18/1980,China,lkoba8w@miibeian.gov.cn,964-334-5826
Noe,Casine,,,,ncasine8x@nsw.gov.au,
Perkin,Morefield,Itaparica,05/05/1983,Brazil,pmorefield8y@japanpost.jp,491-749-1367
Rahal,O'Cuddie,Huangtan,07/18/1955,China,rocuddie8z@devhub.com,924-428-8902
Julienne,Dundredge,Xiaomei,01/26/1987,China,jdundredge90@berkeley.edu,400-222-5928
Derrick,Tight,Jingdezhen,10/04/1975,China,dtight91@instagram.com,435-469-8504
Laney,Webburn,Constantia,06/26/1955,South Africa,lwebburn92@tuttocitta.it,232-391-3684
Hamlin,Geal,,,,hgeal93@sfgate.com,
Dev,Havis,Tripoli,12/04/1963,Libya,,636-589-6361
Tim,Tolwood,Jieshou,04/08/1954,China,ttolwood95@qq.com,326-262-0829
Kelci,Gorgen,Al Ḩīlah,07/25/1982,Palestinian Territory,kgorgen96@deliciousdays.com,328-779-6526
Yuma,Shorey,Jinping,01/12/1979,China,yshorey97@biblegateway.com,920-669-0067
Paulo,D'Aubney,Gémeos,03/22/1966,Portugal,pdaubney98@europa.eu,660-686-8264
Auria,Van Driel,Romny,06/10/1994,Russia,avandriel99@ebay.co.uk,966-566-8839
Fernandina,Strathern,Usagara,02/01/1999,Tanzania,fstrathern9a@epa.gov,672-546-7198
Myer,Carlet,Jetis,04/07/1975,Indonesia,mcarlet9b@mac.com,930-511-1219
Windy,Matejka,Cimo de Vila,08/19/1972,Portugal,wmatejka9c@nature.com,892-933-3974
Dana,Martinez,,,,dmartinez9d@arizona.edu,
Aldridge,Boocock,Lewin Kłodzki,07/21/1964,Poland,aboocock9e@latimes.com,798-273-3092
Caren,Agates,T’azagyugh,10/23/1985,Armenia,cagates9f@unblog.fr,384-403-7785
Amye,Girdwood,Courtaboeuf,10/16/1976,France,,554-382-7730
Penni,Grcic,Montreuil,11/26/1964,France,,994-314-5225
Silvain,Starling,Cergy-Pontoise,11/19/1983,France,sstarling9i@virginia.edu,548-487-8725
Nickolai,Griffin,Tabasalu,06/06/1954,Estonia,ngriffin9j@creativecommons.org,754-159-3161
Ogden,Anand,Bīrganj,07/20/1999,Nepal,oanand9k@etsy.com,264-520-6788
Siffre,Trobe,Kembangkerang Satu,08/16/1970,Indonesia,,455-221-6418
Parker,Renvoys,Huangwan,02/13/1969,China,prenvoys9m@disqus.com,536-485-3325
Lea,Willsmore,Orda,07/12/1983,Russia,lwillsmore9n@guardian.co.uk,264-641-3427
Cos,Coath,Kokubu-matsuki,07/24/1988,Japan,ccoath9o@sakura.ne.jp,534-893-3580
L;urette,Alman,Wuxi,09/25/1951,China,lalman9p@youtu.be,966-928-0335
Margot,Parradye,Saitama,01/05/1981,Japan,mparradye9q@booking.com,771-818-3363
Deck,Jori,Sananduva,08/22/1964,Brazil,djori9r@java.com,362-741-2515
Ulrick,Gludor,Kariat Arkmane,06/16/1962,Morocco,ugludor9s@unblog.fr,802-176-3788
Marin,Annon,Manoc-Manoc,01/11/1988,Philippines,mannon9t@w3.org,159-540-5088
Luther,Baskerfield,Olleros,12/19/1986,Peru,lbaskerfield9u@qq.com,820-245-7080
Patton,Cottey,Liulin,12/06/1992,China,pcottey9v@homestead.com,372-581-7172
Alessandro,Dring,Maradabangga,04/06/1998,Indonesia,adring9w@mapquest.com,942-725-7451
Flossy,Connealy,København,09/28/1983,Denmark,fconnealy9x@liveinternet.ru,117-104-5597
Hasty,Channing,Colotenango,03/17/1992,Guatemala,,433-965-8783
Chloris,Cuckoo,Matsue-shi,11/20/1985,Japan,ccuckoo9z@statcounter.com,811-900-3409
Lincoln,MacGinlay,Maninihon,02/14/1981,Philippines,lmacginlaya0@sun.com,772-816-4734
Valene,Conwell,Petropavlovsk,02/08/1982,Kazakhstan,vconwella1@eventbrite.com,477-599-3278
Heriberto,Neesam,Akouda,09/06/1975,Tunisia,hneesama2@economist.com,875-993-2008
Billie,Barr,Queluz de Baixo,11/26/1956,Portugal,bbarra3@people.com.cn,423-529-4382
Lydia,Hansman,Paris 18,09/10/1961,France,lhansmana4@wufoo.com,439-607-6953
Randy,Cottham,Cap Malheureux,12/14/1972,Mauritius,rcotthama5@photobucket.com,951-707-1383
Helli,Wellsman,Kunri,12/13/1978,Pakistan,hwellsmana6@wikipedia.org,467-373-3563
Anallese,Speir,Herrera,07/14/1987,Argentina,aspeira7@techcrunch.com,952-797-1768
Kessiah,Faichney,Bayḩān,11/03/1977,Yemen,,932-309-3168
Kerrie,Halvorsen,Semikarakorsk,09/27/1990,Russia,khalvorsena9@macromedia.com,880-197-0707
Meade,Tuttiett,Minas de Oro,11/19/1994,Honduras,,292-736-5575
Martica,Nolleth,Xingzhen,03/02/1970,China,,631-156-0580
Vittorio,Heijne,Kiel,11/26/1981,Germany,,126-429-7606
Erma,Acey,Zhangzhen,08/31/1963,China,eaceyad@opensource.org,560-570-7654
Alf,Escale,Gorno Orizari,09/11/1956,Macedonia,aescaleae@bbc.co.uk,734-560-8453
Arley,Stringer,Lārkāna,05/03/1962,Pakistan,,915-924-8224
Traver,Dudleston,Gandusari,10/27/1950,Indonesia,tdudlestonag@last.fm,827-880-3783
Fiorenze,Grigoire,Pau,10/24/1985,France,fgrigoireah@thetimes.co.uk,168-740-7022
Gavrielle,Bowdery,Zhongying,06/22/1959,China,gbowderyai@a8.net,842-363-1102
Jerrie,Redgate,Ljungskile,01/18/1982,Sweden,jredgateaj@java.com,347-374-5622
Fowler,Melody,Norrköping,11/03/1984,Sweden,fmelodyak@lycos.com,123-193-4826
Trudie,Siccombe,Batulawang,11/13/1989,Indonesia,,285-349-9719
Hi,Yakebovitch,Sofiyivka,06/02/1975,Ukraine,hyakebovitcham@barnesandnoble.com,287-206-6242
Rhetta,Siret,Villeneuve-d'Ascq,06/05/1965,France,rsiretan@parallels.com,154-845-9127
Danya,Yakebowitch,Dzüünkharaa,02/03/1987,Mongolia,dyakebowitchao@angelfire.com,237-510-1972
Arabella,Emmot,Sparks,05/18/1984,United States,aemmotap@mapquest.com,775-463-5257
Shem,Echallier,Emiliano Zapata,05/16/1956,Mexico,sechallieraq@webnode.com,853-532-1797
Ransom,Baytrop,Chemnitz,08/29/1978,Germany,rbaytropar@alexa.com,252-530-8165
Jacki,Norkett,Tambov,12/09/1980,Russia,jnorkettas@github.io,504-640-6716
Malia,Purcell,Guolemude,09/16/1961,China,mpurcellat@wix.com,316-749-8885
Reinaldos,Hucquart,Kemiri,05/28/1999,Indonesia,rhucquartau@hexun.com,806-235-6964
Janean,Joslyn,Arjasari,01/11/1979,Indonesia,jjoslynav@dagondesign.com,955-493-5034
Renell,Florence,Petrolera,04/02/1952,Mexico,,213-601-3103
Gertruda,Giacomini,Tembladera,11/24/1953,Peru,ggiacominiax@mit.edu,942-978-7914
Bone,Kalinowsky,Kamenskiy,02/20/1981,Russia,bkalinowskyay@bizjournals.com,930-485-3958
Karyl,Ivanishin,Kalidung,05/31/1998,Indonesia,kivanishinaz@cmu.edu,119-823-9294
Webster,Buney,Tashla,02/19/1988,Russia,wbuneyb0@state.tx.us,983-487-3672
Clarke,Merrifield,Blumenau,02/20/1958,Brazil,cmerrifieldb1@purevolume.com,121-888-8997
Corty,Hemmingway,Pio,12/21/1999,Philippines,chemmingwayb2@state.tx.us,652-490-8367
Cassandre,Baylis,Sim,09/15/1965,Russia,cbaylisb3@slashdot.org,826-467-3727
Wittie,Aronstein,Juazeiro do Norte,10/25/1953,Brazil,waronsteinb4@google.com.br,566-835-4486
Anallese,De Roeck,Tadotsu,01/19/1988,Japan,aderoeckb5@geocities.com,812-614-4691
Lothario,Catterill,Jinkou,04/12/1988,China,lcatterillb6@skyrock.com,120-411-0567
Harli,Bigglestone,Carigara,05/15/1970,Philippines,hbigglestoneb7@quantcast.com,809-287-6025
Melloney,Whines,Tarauacá,09/07/1959,Brazil,mwhinesb8@slashdot.org,313-835-7688
Smitty,Larciere,Stari Grad,05/25/1952,Croatia,,457-546-8557
Myrvyn,Swindin,Verkhniy Mamon,09/30/1993,Russia,mswindinba@ox.ac.uk,230-622-5027
Wilek,Ortiger,Ngedhubasa,06/30/1967,Indonesia,,185-241-6374
Fifine,Corneljes,Sidomulyo,12/04/1966,Indonesia,,460-460-6622
Glenn,Branscomb,Mugan,11/01/1965,China,gbranscombbd@yellowpages.com,294-981-7265
Giffie,Mc Corley,Rassvet,11/11/1984,Russia,gmccorleybe@intel.com,901-502-1194
Kendell,Walkinshaw,North Bay,09/30/1963,Canada,kwalkinshawbf@webnode.com,417-450-2917
Bessie,Gabrieli,Garunggang,06/18/1986,Indonesia,bgabrielibg@geocities.com,830-510-0089
Malia,Orbell,Shengao,03/01/1954,China,morbellbh@cisco.com,613-610-9157
Margery,Steedman,San Fernando de Monte Cristi,07/05/1991,Dominican Republic,msteedmanbi@smh.com.au,648-292-2128
Mill,Leigh,Mezhdurechensk,08/17/1968,Russia,mleighbj@squidoo.com,598-341-2313
Frederique,Casebourne,Videira,02/02/1981,Brazil,fcasebournebk@timesonline.co.uk,733-360-2847
Eddi,McArthur,Guyancourt,12/16/1998,France,emcarthurbl@hud.gov,166-518-4730
Erwin,Dinnies,Xiayang,02/09/1985,China,edinniesbm@liveinternet.ru,623-499-5735
Wilhelmina,Crucetti,Brzeszcze,10/11/1994,Poland,,972-901-4678
Rhianna,Beamish,Minien East,10/12/1983,Philippines,rbeamishbo@e-recht24.de,861-449-9160
Carmine,Orchart,Castelo,04/19/1965,Portugal,corchartbp@cpanel.net,584-658-7479
Slade,Clementson,María la Baja,11/29/1971,Colombia,sclementsonbq@weebly.com,786-180-5464
Shirl,Embury,Phúc Yên,04/08/1955,Vietnam,semburybr@webeden.co.uk,641-453-2702
Arvin,Bent,Altamira,03/10/1954,Venezuela,abentbs@51.la,210-544-9530
Winni,Wannell,Seogeom-ri,08/13/1968,South Korea,wwannellbt@admin.ch,470-374-8387
Kerrill,Teale,,,,ktealebu@jiathis.com,
Hunter,Feltham,Byera Village,01/27/1978,Saint Vincent and the Grenadines,,780-694-7295
Devondra,Treadaway,Lindesberg,01/30/1966,Sweden,dtreadawaybw@thetimes.co.uk,794-897-1114
Halimeda,Hanwright,Wanmao,11/21/1963,China,hhanwrightbx@yellowpages.com,813-812-4533
Zebedee,Piel,Lingbei,12/13/1970,China,,248-713-6496
Tad,Craigs,Calsib,10/08/1964,Philippines,tcraigsbz@mysql.com,362-802-8058
Menard,Copin,,,,mcopinc0@prweb.com,
Rhett,Claridge,Buenos Aires,07/25/1958,Mexico,rclaridgec1@mozilla.com,496-674-9702
Colin,Boddis,Kolodeznyy,02/25/1969,Russia,cboddisc2@cbsnews.com,119-850-5162
Rikki,Geane,Creil,10/12/1981,France,rgeanec3@constantcontact.com,169-105-4921
Edithe,Tremlett,Maoyang,11/16/1977,China,etremlettc4@free.fr,720-960-8638
Wernher,Noto,Santa Cruz,11/20/1974,Chile,wnotoc5@independent.co.uk,623-993-1610
Kahlil,Deacock,Shimen,10/08/1963,China,kdeacockc6@utexas.edu,821-782-7473
Dolley,Luppitt,El Salitre,11/29/1974,Mexico,dluppittc7@miibeian.gov.cn,515-591-1740
Keefer,Gecks,Hengshui,05/07/1980,China,,618-576-4081
Christy,Livett,El Soberbio,11/06/1979,Argentina,,576-400-3608
Margie,Ollerhead,Sundsvall,11/17/1955,Sweden,mollerheadca@163.com,310-508-9380
Eldredge,Yakobovitz,,,,eyakobovitzcb@zimbio.com,
Alan,O'Daly,Frydrychowice,01/28/1961,Poland,aodalycc@barnesandnoble.com,726-105-1361
Denny,Cheeke,Al ‘Āliyah,02/02/1958,Tunisia,dcheekecd@foxnews.com,896-515-9882
Fawnia,Pipet,Dubki,01/12/1980,Russia,fpipetce@dell.com,757-157-3319
Vasili,Scotland,La Unión,11/07/1953,Colombia,vscotlandcf@so-net.ne.jp,963-196-2149
Goran,Weddell,Skoura,04/01/1958,Morocco,gweddellcg@ucsd.edu,356-863-3088
Roseanne,Stenet,Lemland,12/31/1963,Aland Islands,rstenetch@posterous.com,271-500-0985
Gothart,Mussotti,,,,gmussottici@hc360.com,
Aaren,Anniwell,Kampokpok,07/10/1960,Philippines,,341-804-5284
Elita,Mordy,Olsztyn,06/23/1960,Poland,emordyck@yahoo.co.jp,190-730-1041
Renaud,Crocken,Chernomorets,08/03/1950,Bulgaria,rcrockencl@altervista.org,487-437-1753
Jeno,Coathup,Shouzhan,04/03/1956,China,jcoathupcm@bandcamp.com,104-909-0222
Cassandra,Giles,Qianxu Zhen,06/17/1997,China,cgilescn@networksolutions.com,372-347-9508
Lian,Huxster,Quitilipi,02/27/1971,Argentina,lhuxsterco@jalbum.net,942-556-0318
Tess,Davidow,Tierralta,11/15/1989,Colombia,tdavidowcp@biglobe.ne.jp,806-897-3410
Marjie,Rylands,,,,mrylandscq@globo.com,
Gib,Ivanenkov,Ra’s Bayrūt,05/15/1986,Lebanon,givanenkovcr@ifeng.com,599-361-1330
Eli,Bridges,Benito Juarez,06/10/1979,Mexico,ebridgescs@wikipedia.org,457-299-1466
Erda,Routledge,Bollstabruk,02/20/1960,Sweden,eroutledgect@reference.com,331-181-1387
Perla,Petzolt,Vinhais,10/09/1981,Portugal,ppetzoltcu@fotki.com,350-638-0944
Mellisa,O'Hara,Shumikha,04/14/1952,Russia,moharacv@amazon.de,287-362-5832
Alain,Hadlee,Padangcermin,01/07/1975,Indonesia,,445-655-0931
Mela,Cribbott,San Miguel Chicaj,11/18/1975,Guatemala,mcribbottcx@mediafire.com,639-984-9636
Emyle,Cominotti,Sulūk,03/12/1965,Syria,ecominotticy@youku.com,893-424-3048
Alfredo,Gulliford,Quillabamba,01/25/1956,Peru,agullifordcz@archive.org,288-151-1230
Phil,Dallaway,Karasuk,03/12/1963,Russia,pdallawayd0@ftc.gov,982-373-7021
Bill,Jills,Kyrenia,10/22/1981,Cyprus,bjillsd1@ted.com,778-508-8554
Diann,Pask,,,,dpaskd2@springer.com,
Brew,Brigge,Blumbang,10/01/1950,Indonesia,bbrigged3@paginegialle.it,139-571-1650
Joellen,Dene,Hněvotín,06/30/1957,Czech Republic,,940-329-7951
Sibby,Dysart,Vanderbijlpark,02/25/1979,South Africa,sdysartd5@typepad.com,566-549-2805
Harriot,Gaiford,Blois,11/13/1962,France,hgaifordd6@fc2.com,720-654-8375
Marena,Crocken,Miracema,10/29/1991,Brazil,mcrockend7@rambler.ru,827-739-1054
Jennie,Mingauld,Wongka,04/07/1989,Indonesia,jmingauldd8@youku.com,801-935-7091
Garner,Chittem,Millerovo,09/15/1977,Russia,,494-656-5505
Mikel,Dobbie,No Kunda,10/28/1995,Gambia,,413-522-2204
Hammad,Moscon,Khorixas,04/20/1950,Namibia,hmoscondb@usatoday.com,172-554-5067
Katie,Pasek,Schiedam postbusnummers,05/19/1989,Netherlands,kpasekdc@live.com,262-253-1870
Jojo,Kensall,Нераште,10/26/1984,Macedonia,,835-559-1043
Rebeka,Saffin,Kotauneng,09/24/1993,Indonesia,rsaffinde@dmoz.org,777-344-3026
Kassandra,Jacquemy,Montor Timur,11/05/1993,Indonesia,kjacquemydf@telegraph.co.uk,550-465-1161
Tim,McCreary,Huesca,11/10/1987,Spain,,419-292-6430
Gregoire,Boatwright,Sho’rchi,06/08/1969,Uzbekistan,gboatwrightdh@php.net,195-163-8660
Tobin,Bowling,Kaabong,08/15/1967,Uganda,tbowlingdi@alibaba.com,897-572-3422
Aidan,Betje,Karlskoga,05/09/1987,Sweden,,436-425-4000
Wes,McGready,Otukpa,10/13/1983,Nigeria,wmcgreadydk@1und1.de,469-978-6507
Theodor,Tissier,Presidente Bernardes,02/07/1986,Brazil,ttissierdl@goo.ne.jp,233-390-6428
Mohandis,Asp,Vestmanna,10/26/1953,Faroe Islands,maspdm@discuz.net,374-906-9823
Creigh,Tilley,Lizhai,07/08/1969,China,ctilleydn@shinystat.com,871-837-6940
Gunilla,Carass,Phlapphla Chai,07/13/1963,Thailand,gcarassdo@sciencedaily.com,905-406-7748
Brendin,Chaffer,Wujiao,06/01/1979,China,bchafferdp@dailymotion.com,654-895-6492
Stoddard,Heersema,Mazamet,05/28/1966,France,sheersemadq@fema.gov,821-896-9887
Dulsea,Harbinson,Nurlat,01/31/1981,Russia,dharbinsondr@imdb.com,348-471-2072
Haleigh,Sich,Valdemarsvik,04/01/1950,Sweden,hsichds@ow.ly,189-196-0818
Barbabas,Quincey,Kuznechikha,12/20/1965,Russia,bquinceydt@newsvine.com,955-996-0189
Will,Rouse,Shangping,06/07/1987,China,wrousedu@jigsy.com,240-452-7689
Humphrey,Roelvink,Baraya,10/14/1970,Colombia,hroelvinkdv@blogspot.com,134-984-4839
Findley,Tomadoni,Banikoara,09/14/1952,Benin,ftomadonidw@nydailynews.com,107-737-3553
Feliza,Lemery,East London,05/22/1982,South Africa,flemerydx@seesaa.net,635-233-5084
Kariotta,Gethen,Mintian,06/27/1960,China,kgethendy@theatlantic.com,890-641-1421
Reynolds,Ritmeier,Zibu,01/04/1953,China,rritmeierdz@issuu.com,884-607-5366
Tasha,Smewing,Moulay Abdallah,05/04/1963,Morocco,,346-709-8591
Bertine,Cuttler,Sumberwaru,10/24/1963,Indonesia,bcuttlere1@feedburner.com,574-868-3777
Saba,Whitters,Hämeenkoski,12/02/1981,Finland,swhitterse2@digg.com,536-319-9869
Cherilyn,Cadell,Birinci Aşıqlı,07/22/1976,Azerbaijan,ccadelle3@arizona.edu,543-881-4193
Carena,Tibb,,,,ctibbe4@nytimes.com,
Abdel,Saddleton,Kista,07/21/1973,Sweden,asaddletone5@rediff.com,301-946-7185
Axel,Lampaert,Trà Vinh,02/15/1966,Vietnam,alampaerte6@tinyurl.com,394-914-2985
Jimmie,Bamlett,Banī Walīd,05/19/1977,Libya,jbamlette7@fema.gov,547-270-8528
Sayre,Furmonger,Pervomayskoye,10/22/1994,Russia,sfurmongere8@canalblog.com,331-422-5163
Barry,Marriner,Kawage,12/12/1979,Japan,bmarrinere9@alexa.com,622-564-8455
Karyl,Quaif,,,,kquaifea@hibu.com,
Eachelle,Coxwell,Gunung Sugih,03/26/1995,Indonesia,ecoxwelleb@php.net,383-524-8638
Jordain,Gelletly,Nové Město pod Smrkem,04/08/1972,Czech Republic,jgelletlyec@ow.ly,474-378-2773
Wanids,Perse,Dazhangzhuang,09/06/1999,China,wperseed@blogs.com,796-589-4592
Marjy,Greensall,Isheyevka,08/26/1970,Russia,mgreensallee@gov.uk,964-690-3865
Nydia,Yoskowitz,Petřvald,06/11/1964,Czech Republic,nyoskowitzef@delicious.com,401-833-0918
Carolyne,Priddey,,,,cpriddeyeg@aboutads.info,
Tammy,Iacovaccio,Masaguisi,06/21/1958,Philippines,tiacovaccioeh@marriott.com,452-399-4094
Wiatt,Doyle,Antioquia,04/11/1957,Colombia,,441-695-3218
Avram,Bainbrigge,Jalatrang,03/19/1959,Indonesia,abainbriggeej@soup.io,495-908-0753
Almeta,Duckworth,,,,aduckworthek@typepad.com,
Reggis,Dorot,Colombia,10/30/1987,Cuba,rdorotel@blogger.com,296-966-3860
Maurine,Deveral,Tân Châu,03/05/1989,Vietnam,,593-737-5486
Sky,Daveran,Nowa Góra,09/10/1978,Poland,sdaveranen@ustream.tv,264-799-9373
Neysa,Balloch,Anhai,03/18/1980,China,nballocheo@list-manage.com,252-775-0406
Cooper,Blaschek,Nové Město pod Smrkem,02/26/1996,Czech Republic,cblaschekep@quantcast.com,805-997-0173
Peder,Fanning,San Pablo,11/13/1960,Peru,pfanningeq@microsoft.com,511-528-5712
Kerr,Farahar,Sandweiler,06/19/1994,Luxembourg,kfaraharer@bizjournals.com,274-546-5712
Gracie,Kettlesing,Chuantang,12/06/1966,China,gkettlesinges@stumbleupon.com,323-282-4940
Pier,Grindall,Saint-Laurent-du-Var,11/09/1985,France,pgrindallet@yahoo.com,265-634-6770
Pam,Boys,Alavus,11/09/1968,Finland,pboyseu@irs.gov,599-457-9516
Elsbeth,Lighten,Kuching,07/14/1976,Malaysia,,806-865-6196
Ulrich,Finby,Menampukrajan,03/04/1951,Indonesia,ufinbyew@surveymonkey.com,964-915-5030
Boony,Beetham,Vale,08/06/1982,Georgia,bbeethamex@fc2.com,264-361-8906
Estele,Brightman,Chilmāri,07/08/1986,Bangladesh,ebrightmaney@t-online.de,414-321-8154
Zak,Northcott,Richmond,07/10/1977,United States,,804-883-3157
Miguela,Deveral,Richmond,09/04/1983,United States,mdeveralf0@bbc.co.uk,804-440-1923
Don,Althrope,Shumerlya,02/14/1959,Russia,dalthropef1@e-recht24.de,705-867-0555
Benji,Itzcak,Raglan,04/06/1990,New Zealand,bitzcakf2@amazon.com,903-117-0481
Gaylor,Rickardsson,Saint-Laurent-du-Var,10/15/1964,France,grickardssonf3@mapquest.com,208-929-8175
Karlen,Simeone,Gujiang,04/24/1991,China,ksimeonef4@harvard.edu,680-866-1830
Carree,Lovat,Duczki,05/09/1953,Poland,clovatf5@bandcamp.com,721-644-4973
Brady,Itzchaky,Hetou,06/14/1978,China,bitzchakyf6@photobucket.com,176-924-1948
Dian,Delacroux,Kobeřice,04/30/1997,Czech Republic,ddelacrouxf7@yandex.ru,845-732-0090
Markos,Megarrell,Sobhādero,08/22/1989,Pakistan,,182-901-2993
Madelin,Zisneros,Kajanan,01/29/1953,Indonesia,mzisnerosf9@weibo.com,723-202-2977
Peyton,Pockey,Kista,07/22/1955,Sweden,ppockeyfa@bigcartel.com,303-329-0662
Ginnifer,Belward,Potrerillos,05/19/1962,Honduras,gbelwardfb@themeforest.net,635-575-7401
Lannie,Wogan,Imsil,05/06/1968,South Korea,lwoganfc@themeforest.net,490-128-5454
Alexandros,Corfield,,,,acorfieldfd@pen.io,
Osgood,Mozzi,Padre Bernardo,03/02/1987,Brazil,omozzife@flavors.me,296-253-7748
Timmie,Bengtsson,Marau,03/11/1998,Brazil,tbengtssonff@pcworld.com,575-316-4437
Theodoric,Nottingam,Clarin,04/07/1995,Philippines,,790-863-0759
Jerome,Knowlson,,,,jknowlsonfh@joomla.org,
Gallagher,Whelpdale,Ḩalwān,12/18/1975,Egypt,gwhelpdalefi@nyu.edu,848-900-0161
Chan,Reyna,Toledo,08/24/1984,United States,creynafj@xing.com,419-592-5320
Gwynne,Pattle,Pristen’,12/14/1996,Russia,gpattlefk@typepad.com,693-181-0301
Adriaens,Ridley,Kertosari,09/27/1986,Indonesia,aridleyfl@privacy.gov.au,295-737-6137
Sheryl,Colbeck,Kyparissía,08/26/1952,Greece,scolbeckfm@deliciousdays.com,406-944-4820
Denys,Jacomb,El Calvario,07/27/1950,Mexico,djacombfn@bloglovin.com,530-883-8904
Clarice,Clemenceau,Gudermes,10/28/1957,Russia,cclemenceaufo@go.com,976-938-4823
Queenie,Trosdall,Créteil,07/15/1987,France,,182-768-1128
Idette,Veschambes,,,,iveschambesfq@usgs.gov,
Tony,Nottingham,Konispol,09/18/1987,Albania,tnottinghamfr@google.com.au,609-426-6802
Tonnie,Dockerty,Mariana,09/24/1984,Brazil,tdockertyfs@comcast.net,145-312-8490
Shane,Wilbor,Mojokerto,09/26/1972,Indonesia,swilborft@wordpress.org,996-508-5020
Gabriel,Siebart,Voinjama,06/21/1953,Liberia,gsiebartfu@deliciousdays.com,145-442-4495
Timmy,Waldie,Īz̄eh,03/09/1951,Iran,twaldiefv@1und1.de,203-127-4605
Holmes,Tanton,Las Yaras,09/11/1993,Peru,htantonfw@clickbank.net,710-376-1313
Emogene,Donneely,Suining,04/11/1977,China,edonneelyfx@opera.com,205-304-9535
Sadella,Kilfedder,Santa Inês,04/22/1970,Brazil,skilfedderfy@state.gov,187-259-7241
Kipp,Tomaino,Chengzhong,03/08/1981,China,ktomainofz@usa.gov,607-445-7927
Ivette,Dupree,Xue’an,06/30/1993,China,,741-926-3042
Sharity,Albrooke,Onokivtsi,10/09/1960,Ukraine,salbrookeg1@php.net,639-257-8835
Darcie,Bothie,Sumberjo,09/15/1994,Indonesia,dbothieg2@vkontakte.ru,421-821-0708
Raoul,Stannislawski,Damiku,11/19/1984,China,rstannislawskig3@slate.com,557-718-5160
Verina,Greneham,Baizhifang,12/23/1996,China,vgrenehamg4@xinhuanet.com,944-427-4199
Esme,Quan,Margarita,10/31/1976,Colombia,equang5@slashdot.org,995-309-0119
Helen-elizabeth,Forsyth,Skýros,12/10/1960,Greece,hforsythg6@independent.co.uk,789-271-1479
Clarinda,Weighell,Rząśnik,10/30/1955,Poland,cweighellg7@free.fr,921-429-4581
Dorella,Jamme,Xinle,03/01/1987,China,djammeg8@nytimes.com,308-977-4081
Mackenzie,Eccott,,,,,
Meriel,Cookson,Taubaté,11/01/1969,Brazil,,887-698-9792
Briggs,Emmines,El Hamma,12/03/1977,Tunisia,bemminesgb@java.com,848-183-2852
Adrien,Petrushka,Badong,12/06/1982,Indonesia,apetrushkagc@baidu.com,405-465-9891
Archibold,Dundridge,Dlemer,06/02/1955,Indonesia,adundridgegd@nih.gov,682-840-9071
Virgie,Giacovelli,Maundai,07/01/1984,Indonesia,vgiacovellige@indiatimes.com,694-684-8841
Carlos,Ickovicz,Hậu Nghĩa,05/26/1978,Vietnam,cickoviczgf@sogou.com,864-109-7014
Olivia,Million,Xinsheng,08/05/1990,China,omilliongg@about.com,988-460-8914
Dehlia,O' Ronan,,,,doronangh@1und1.de,
Salli,Dutt,Göteborg,07/22/1969,Sweden,sduttgi@huffingtonpost.com,116-501-7124
Anna-maria,Somner,Quintães,08/25/1988,Portugal,asomnergj@mit.edu,270-144-6969
Fawn,McAlinden,Shuanghe,03/11/1966,China,fmcalindengk@smugmug.com,623-932-3588
Clari,Goldstone,Karanggeneng,01/26/1995,Indonesia,cgoldstonegl@redcross.org,975-416-9845
Janeta,Turley,Tabuc Pontevedra,07/13/1954,Philippines,,485-326-0457
Lelah,McGragh,Rizári,01/04/1982,Greece,lmcgraghgn@yahoo.com,206-503-7848
Mickie,Mattschas,Aguiar da Beira,04/15/1976,Portugal,,848-938-7984
Wes,Polland,Miraflores,06/12/1969,Portugal,wpollandgp@sfgate.com,625-668-5258
Edythe,Rassell,Kashima-shi,01/22/1970,Japan,erassellgq@ycombinator.com,691-156-5322
Lynelle,Lisett,,,,,
Kim,Vel,Bontoc,12/19/1975,Philippines,kvelgs@istockphoto.com,850-976-5319
Nicolea,Hatwells,Ambovombe,06/26/1957,Madagascar,,884-305-1711
Ervin,Gooch,Sainte-Anne-de-Bellevue,07/04/1957,Canada,egoochgu@aol.com,349-642-4217
Evelina,Surmeyer,Arbaoua,08/21/1954,Morocco,esurmeyergv@ucla.edu,954-563-1075
Baxie,Abrahmovici,Makoba,02/17/1988,Botswana,babrahmovicigw@xinhuanet.com,908-894-8713
Cassie,Reubens,Knyaginino,08/14/1999,Russia,,303-411-2583
Molli,Brimner,Uyo,09/16/1994,Nigeria,mbrimnergy@reverbnation.com,303-333-3037
Cosme,MacWhirter,Damulog,07/19/1976,Philippines,cmacwhirtergz@foxnews.com,345-350-9603
Fifine,Craine,São Paio de Gramaços,01/04/1995,Portugal,,272-560-8786
Kathleen,Kidds,Gusau,05/05/1950,Nigeria,kkiddsh1@purevolume.com,496-340-3804
Isabelle,Fewtrell,Limbo,04/19/1961,Philippines,ifewtrellh2@bloglovin.com,266-398-7915
Freemon,Nisby,Ombul Barat,08/09/1988,Indonesia,fnisbyh3@livejournal.com,204-522-0118
Romona,Glenwright,Songfeng,06/25/1958,China,rglenwrighth4@earthlink.net,745-384-1455
Lothario,Yesenin,Besançon,06/07/1954,France,lyeseninh5@cnbc.com,542-554-2670
Almira,Haskew,Al Jarrāḩī,01/26/1952,Yemen,,889-920-4269
Cecil,Coe,Fengshou,11/19/1987,China,ccoeh7@rediff.com,819-963-9954
Veda,Gegay,Nkandla,09/04/1995,South Africa,vgegayh8@alexa.com,433-349-5915
Adam,Sighard,Repušnica,10/08/1957,Croatia,asighardh9@amazon.com,745-433-0261
Olin,Bumpass,Benito Juarez,05/12/1972,Mexico,obumpassha@yandex.ru,532-301-7393
Nike,Phillipp,Changning,08/26/1988,China,nphillipphb@ask.com,688-259-1712
Hana,Gatlin,Syracuse,09/30/1998,United States,hgatlinhc@php.net,315-966-4712
Reilly,Le Houx,Figueiras,01/01/1983,Portugal,rlehouxhd@cbsnews.com,343-680-1809
Teddie,Neary,Ariz,12/13/1988,Portugal,tnearyhe@furl.net,987-508-4525
Wilona,Maxfield,Suzuka,11/11/1962,Japan,wmaxfieldhf@yahoo.co.jp,261-595-5079
Oralia,Lidster,Vale Boeiro,04/27/1961,Portugal,olidsterhg@goo.ne.jp,562-854-8175
Calhoun,Sains,Tonoas Municipal Building,04/08/1963,Micronesia,csainshh@state.tx.us,544-876-6085
Mil,McNeillie,Mundolsheim,08/10/1975,France,mmcneilliehi@chron.com,563-180-6987
Kleon,Heindle,Póvoa de Santo António,02/21/1992,Portugal,kheindlehj@cnn.com,204-612-8238
Leesa,Canedo,Babice,04/02/1953,Poland,lcanedohk@cdbaby.com,869-812-8780
Timi,Butlin,Faḩmah,06/21/1976,Palestinian Territory,tbutlinhl@miibeian.gov.cn,544-867-3806
Lotty,Ferreiro,Sandakan,07/11/1979,Malaysia,lferreirohm@statcounter.com,544-116-5436
Leontyne,Bootell,Tall Rif‘at,06/21/1971,Syria,lbootellhn@gnu.org,655-255-9164
Issiah,Zanazzi,Shizikeng,03/29/1984,China,izanazziho@discovery.com,909-231-6140
Roxy,Gearty,Changle,07/12/1985,China,rgeartyhp@dailymotion.com,856-910-6591
Starlene,Bruna,Gaoua,06/02/1987,Burkina Faso,sbrunahq@devhub.com,389-728-6270
Rodolfo,Methven,Stockholm,12/21/1957,Sweden,rmethvenhr@mac.com,376-922-3785
Jamie,Fawdry,Bergen,11/14/1999,Norway,jfawdryhs@mit.edu,606-420-4390
Kristi,Gallahue,Maras,08/30/1969,Peru,kgallahueht@youku.com,805-977-7416
Timmy,Reuss,Kota Kinabalu,01/24/1975,Malaysia,treusshu@opensource.org,404-898-0719
Baxter,Kittless,Buenos Aires,04/07/1997,Mexico,bkittlesshv@tuttocitta.it,852-705-2904
Waverley,Sowray,Wutumeiren,12/30/1998,China,wsowrayhw@archive.org,422-345-1672
Tiebold,Kintzel,Karangtengah Lor,11/21/1990,Indonesia,tkintzelhx@nps.gov,143-983-1429
Quintina,Scryne,Solkan,04/24/1972,Slovenia,qscrynehy@pagesperso-orange.fr,707-655-8030
Chery,Fasse,Shangzhang,09/08/1983,China,cfassehz@angelfire.com,984-966-9557
Julieta,Vause,,,,jvausei0@va.gov,
Isador,Lauga,Dongshi,08/28/1962,China,ilaugai1@wisc.edu,742-112-7970
Franky,Petto,Yangchao,08/24/1973,China,fpettoi2@domainmarket.com,743-485-7718
Paige,Burgne,Qal‘at Bīshah,01/07/1962,Saudi Arabia,,781-987-3980
Colver,Rubie,Hongjiang,11/12/1983,China,crubiei4@google.de,623-505-2512
Peri,Stredwick,,,,pstredwicki5@issuu.com,
Lauren,Harnes,Tuqiao,07/28/1959,China,,575-266-5839
Ebony,Simmings,Lille,01/18/1985,France,esimmingsi7@eventbrite.com,187-785-0685
Mervin,Cunniffe,Yanghuxiang,12/08/1973,China,mcunniffei8@nba.com,573-917-5839
Salomo,Kenningham,Erie,07/16/1990,United States,skenninghami9@addthis.com,814-847-1707
Bryn,Benka,Juiz de Fora,05/26/1962,Brazil,bbenkaia@ucoz.com,404-825-7782
Kylen,Van Hesteren,Providencia,04/13/1954,Peru,kvanhesterenib@ucsd.edu,235-978-5257
Templeton,Swarbrick,Uppsala,03/08/1977,Sweden,tswarbrickic@oracle.com,401-821-2107
Dennie,Gronaver,Tsirang,08/22/1981,Bhutan,dgronaverid@goo.ne.jp,706-783-9005
Lorenza,Sheffield,Sebuku,05/13/1986,Indonesia,lsheffieldie@hexun.com,974-254-2990
Adrianne,Firmin,,,,afirminif@themeforest.net,
Prescott,Oliva,Timrat,09/06/1961,Israel,polivaig@fema.gov,537-427-7160
Carmina,Pendre,Daliyuan,02/26/1968,China,cpendreih@forbes.com,968-293-0508
Ondrea,Greasley,Nova Petrópolis,11/13/1953,Brazil,ogreasleyii@canalblog.com,220-438-3210
Shandy,Derdes,Krajan Suko Kidul,01/14/1969,Indonesia,sderdesij@imageshack.us,167-480-4096
Danette,Van der Merwe,,,,dvandermerweik@hao123.com,
Merridie,Ovenell,,,,movenellil@google.de,
Evie,Isoldi,Zhongfeng,05/14/1960,China,eisoldiim@pen.io,917-940-7601
Danica,Andreichik,Yanglong,12/30/1995,China,dandreichikin@cdbaby.com,369-610-3383
Bethina,Blacket,Reims,12/24/1973,France,bblacketio@soundcloud.com,963-414-3166
Allyson,Loveridge,Klishkivtsi,01/06/1958,Ukraine,aloveridgeip@uiuc.edu,434-308-7263
Marjorie,Habergham,Baicheng,02/05/1974,China,,700-356-2667
Lois,Jahnke,Stykkishólmur,05/05/1999,Iceland,ljahnkeir@state.tx.us,520-939-6233
Georgi,Jakuszewski,Bofuer,02/04/1950,Indonesia,,659-200-2557
Leontyne,Comley,Kruty,05/11/1981,Ukraine,lcomleyit@sbwire.com,872-715-4362
Durant,Devote,Brnaze,12/31/1955,Croatia,,978-188-1736
Elysha,Maas,Gangkou,12/28/1954,China,emaasiv@sciencedaily.com,783-103-2262
Annabella,Boken,Cockburn Town,03/09/1990,Bahamas,abokeniw@purevolume.com,862-807-2028
Bell,Lewins,Dumingag,07/05/1979,Philippines,blewinsix@latimes.com,790-717-1917
Clarita,Taks,Katur,04/17/1971,Indonesia,ctaksiy@trellian.com,450-825-7666
Hilda,Dombrell,Liufeng,04/23/1951,China,hdombrelliz@moonfruit.com,768-392-7703
Jessica,Feehily,Cergy-Pontoise,01/20/1953,France,jfeehilyj0@imdb.com,679-708-6188
Rona,Yarnold,Umm Sa‘īd,09/16/1982,Qatar,ryarnoldj1@admin.ch,953-316-0958
Roman,Gillett,Mayang,03/27/1962,Indonesia,,426-678-4802
Lily,Kleinsinger,Lianfa,03/31/1979,China,,227-513-8208
Shermy,Tonbye,,,,stonbyej4@yahoo.co.jp,
Everett,Smallsman,Cairima,08/06/1967,China,,813-999-4571
Lesley,Grimm,Borlänge,03/29/1965,Sweden,lgrimmj6@bravesites.com,138-556-2474
Tyrus,Attenburrow,Krajan Langenharjo,07/07/1965,Indonesia,tattenburrowj7@quantcast.com,700-398-1764
Corene,Rechert,Olbramovice,05/03/1975,Czech Republic,crechertj8@yahoo.com,842-295-2034
Rodie,Wolffers,San Nicolas,12/03/1955,Philippines,rwolffersj9@indiegogo.com,664-624-2395
Arch,Gallahar,Da Nang,10/07/1965,Vietnam,agallaharja@va.gov,427-754-6199
Paulo,Sprasen,Skutskär,12/11/1958,Sweden,psprasenjb@hhs.gov,700-374-8005
Danell,Patkin,Brejo da Madre de Deus,01/22/1995,Brazil,dpatkinjc@toplist.cz,697-521-3387
Malynda,MacConnel,Tovarkovskiy,10/30/1988,Russia,mmacconneljd@marriott.com,346-563-5583
Mill,Fletham,Aguilares,03/16/1960,Argentina,mflethamje@issuu.com,864-569-1008
Celeste,Saill,San Sebastian,04/27/1980,Mexico,csailljf@telegraph.co.uk,773-518-6640
Lurlene,Triner,Vallentuna,07/10/1996,Sweden,ltrinerjg@xing.com,328-679-6522
Marjorie,Piper,Pantian,06/05/1993,China,mpiperjh@census.gov,214-599-1750
Joyce,Aizikov,Abade de Neiva,02/12/1964,Portugal,jaizikovji@cnbc.com,703-793-8460
Evered,Broz,Trollhättan,04/19/1985,Sweden,ebrozjj@boston.com,215-914-2998
Deni,Ratray,Suresnes,12/01/1963,France,dratrayjk@wix.com,457-738-8761
Tobi,Koppel,Vojnić,10/13/1952,Croatia,tkoppeljl@virginia.edu,607-382-1282
Abbie,Honeyghan,Tanniu,12/17/1958,China,ahoneyghanjm@livejournal.com,940-606-4911
Clarance,Wilsdon,El Viejo,10/29/1968,Nicaragua,cwilsdonjn@whitehouse.gov,985-811-2048
Matt,Agate,Poitiers,07/31/1966,France,,794-173-6961
Melvin,Pawsey,Rama,11/10/1971,Nicaragua,mpawseyjp@example.com,121-447-5858
Jena,Brenton,,,,,
Gill,Osbourne,Karangpeton,08/09/1955,Indonesia,,590-167-4839
Yvette,Fairbrass,Birmingham,01/07/1954,United Kingdom,yfairbrassjs@geocities.jp,513-923-0846
Keary,Enser,Alue Glumpang,09/10/1961,Indonesia,kenserjt@dailymotion.com,198-434-4702
Marina,Dandison,Ljubuški,06/26/1993,Bosnia and Herzegovina,mdandisonju@blog.com,248-129-4425
Kamilah,Bendare,Sinajana Village,03/06/1956,Guam,kbendarejv@yale.edu,165-397-0432
Consalve,Crangle,Porto Velho,01/16/1996,Brazil,ccranglejw@fema.gov,983-374-1431
Amberly,Rosenzveig,Pandian,11/26/1952,Indonesia,arosenzveigjx@imageshack.us,128-751-0626
Moses,Krop,Orurillo,04/13/1996,Peru,mkropjy@eepurl.com,868-174-3688
Billie,Runciman,Shimeitang,12/30/1972,China,bruncimanjz@youku.com,152-616-7940
Filip,Durno,Psevdás,11/12/1997,Cyprus,,339-428-7229
Merl,Carass,Huallanca,06/25/1959,Peru,mcarassk1@cbc.ca,234-227-4598
Dominique,Bonson,,,,dbonsonk2@cbsnews.com,
Corrinne,Adenot,Muli,03/30/1980,Maldives,cadenotk3@mozilla.org,713-999-7790
Urbain,Barabich,Ongabelen,01/09/1957,Indonesia,,660-660-4521
Emalia,Higginbottam,Anau,07/29/1959,French Polynesia,ehigginbottamk5@who.int,246-836-9940
Ernesto,Chitson,Jinqiao,05/09/1970,China,echitsonk6@wikispaces.com,769-870-2546
Melantha,Omond,Jadów,03/11/1965,Poland,momondk7@360.cn,750-405-3085
Samantha,Aggott,Mapalacsiao,08/23/1980,Philippines,saggottk8@bigcartel.com,422-729-2877
Skip,Goard,Dumbéa,12/16/1984,New Caledonia,sgoardk9@wix.com,426-713-2125
Perren,Iamittii,Birmingham,03/11/1964,United States,piamittiika@samsung.com,205-372-8259
Grenville,Bamell,Smolensk,05/18/1994,Russia,gbamellkb@tumblr.com,535-561-7766
Beau,Hagergham,Hongqiao,07/06/1953,China,,848-697-4436
Will,Peatt,Heemstede,01/17/1982,Netherlands,wpeattkd@google.com.br,794-836-5362
Abbe,Rothery,Krumvíř,03/05/1962,Czech Republic,arotheryke@accuweather.com,625-284-7237
Aurelie,Rosenfelt,Pergan,11/22/1960,Indonesia,,554-287-5094
Seline,Lunney,Shanhou,07/04/1992,China,slunneykg@furl.net,340-964-8805
Emmerich,Gilbeart,Astara,01/31/1983,Azerbaijan,egilbeartkh@issuu.com,489-717-7721
Francois,Phillott,Lichengdao,12/25/1991,China,fphillottki@umich.edu,892-795-7482
Adella,Casserley,Longquan,07/04/1959,China,acasserleykj@census.gov,424-735-7798
Abbey,Kitteman,Kugesi,06/04/1997,Russia,akittemankk@bandcamp.com,611-998-5600
Mandel,Weatherburn,Seiça,01/27/1959,Portugal,mweatherburnkl@taobao.com,565-871-0837
Kynthia,Jansik,San Diego,02/11/1956,United States,,858-815-6785
Tracey,Royden,Carleton Place,11/11/1982,Canada,,622-936-3257
Rosemaria,Annwyl,Ibaté,04/12/1975,Brazil,rannwylko@bigcartel.com,232-313-0024
Marcello,Masterman,Spitsevka,04/27/1995,Russia,mmastermankp@howstuffworks.com,652-869-1605
Jareb,Castanie,San Rafael,06/25/1961,Philippines,jcastaniekq@mapquest.com,809-296-2574
Bianka,Aikett,Birzai,07/06/1987,Lithuania,baikettkr@bigcartel.com,584-166-3712
Billy,Memory,Balekersukamaju,03/22/1955,Indonesia,bmemoryks@yahoo.co.jp,535-200-8173
Edgar,Samwell,Xiali,11/27/1969,China,esamwellkt@friendfeed.com,626-195-3642
Sadella,Romao,Mondorf-les-Bains,03/10/1982,Luxembourg,sromaoku@paginegialle.it,609-384-1806
Ari,Fazakerley,Dapitan,12/07/1989,Philippines,afazakerleykv@vk.com,428-205-8034
Thekla,Bradtke,Curridabat,08/04/1984,Costa Rica,tbradtkekw@craigslist.org,158-150-4484
Philomena,Thews,Dougang,02/02/1976,China,pthewskx@sina.com.cn,538-573-7326
Tobi,Jowle,Dobra,02/09/1961,Poland,tjowleky@springer.com,611-465-0031
Kassia,Deneve,Tomigusuku,03/03/1959,Japan,kdenevekz@tumblr.com,337-581-5977
Huntley,Beacham,Broshniv-Osada,07/21/1997,Ukraine,hbeachaml0@google.pl,900-893-5361
Opaline,Nelsen,Quichuay,09/28/1986,Peru,onelsenl1@unc.edu,729-178-0380
Shara,Itzhaki,Isanlu Itedoijowa,08/23/1977,Nigeria,sitzhakil2@ifeng.com,170-711-0243
Emma,Flann,Dzhetygara,03/21/1963,Kazakhstan,eflannl3@dion.ne.jp,486-899-7216
Desirae,Fodden,Kaset Sombun,05/25/1983,Thailand,,325-770-2106
Zonnya,Janaway,Sancha,06/27/1979,China,zjanawayl5@harvard.edu,106-356-7220
Anastasia,Dillamore,Sukošan,01/16/1992,Croatia,,754-411-4920
Rodolfo,Sellen,Muhos,06/13/1970,Finland,rsellenl7@amazon.co.jp,803-806-4794
Ly,Hort,Cubará,04/03/1994,Colombia,lhortl8@epa.gov,359-500-0257
Barbie,Gue,Puro Pinget,05/12/1964,Philippines,bguel9@fda.gov,210-939-8316
Garwin,Najafian,Al Jaghbūb,08/10/1964,Libya,gnajafianla@qq.com,498-927-1732
Odette,Kayne,Mizunami,11/14/1980,Japan,okaynelb@1und1.de,353-254-1247
Analise,Eatock,Sano,04/18/1952,Japan,,337-169-4830
Rollie,McFadyen,Virden,11/25/1978,Canada,rmcfadyenld@pcworld.com,288-648-5160
Marleah,Earland,Dob,06/14/1981,Slovenia,mearlandle@imgur.com,686-878-4809
Amabel,Northage,Fort Worth,02/05/1998,United States,,682-163-9412
Bond,Yon,Łęki,12/26/1990,Poland,byonlg@cdc.gov,415-825-2013
Ingra,Cremer,Torslanda,11/04/1980,Sweden,icremerlh@shop-pro.jp,213-638-9011
Sonny,Snelson,Maracanaú,01/24/1990,Brazil,,857-805-4811
Mario,Doorey,,,,mdooreylj@google.co.uk,
Heddie,Crehan,Berlin,01/10/1953,Germany,hcrehanlk@zimbio.com,613-126-0226
Elke,Danhel,Ambar,03/11/1982,Peru,edanhelll@sourceforge.net,996-177-2440
Darcey,Garden,Tepal,12/01/1998,Indonesia,dgardenlm@live.com,499-394-2351
Ange,Worrall,Shuqiao,09/23/1953,China,aworrallln@purevolume.com,165-333-1139
Sidoney,Treweela,Xiaxihao,04/28/1979,China,streweelalo@g.co,236-607-0473
Kellia,Askew,Uherský Brod,04/25/1960,Czech Republic,,383-186-1862
Boy,Pilsworth,Biyang,05/20/1954,China,,315-274-6888
Darrelle,Hitcham,Shirbīn,11/19/1991,Egypt,dhitchamlr@discuz.net,829-180-0853
Staci,Hugnot,Mompós,03/09/1991,Colombia,,491-287-7831
Josephina,Ivons,Sepit,08/06/1972,Indonesia,jivonslt@de.vu,794-192-4056
Ermengarde,Beranek,Moutnice,10/17/1992,Czech Republic,eberaneklu@privacy.gov.au,178-357-9348
Dena,MacGeaney,Milići,08/02/1986,Bosnia and Herzegovina,,882-865-6105
Mallorie,Bird,Tianjiazhai,06/10/1961,China,mbirdlw@google.de,764-192-8356
Rollin,McBrearty,Brodósqui,09/21/1953,Brazil,,919-485-9510
Waylin,Slimmon,Bāglung,03/30/1993,Nepal,wslimmonly@seesaa.net,259-406-2476
Genna,Lemm,Mqabba,08/01/1968,Malta,,179-430-9324
Claretta,Tupling,Ashikaga,09/24/1996,Japan,,748-597-3712
Cathrine,Siggers,Alexandria,10/16/1999,United States,csiggersm1@mac.com,202-897-3195
Junie,Rowdell,Upper San Mateo,08/05/1989,Philippines,,617-915-2732
Atlante,Klimmek,Brzeg Dolny,10/20/1980,Poland,aklimmekm3@friendfeed.com,825-599-5836
Frederico,Thurlborn,Tanggungrejo,02/21/1990,Indonesia,fthurlbornm4@addthis.com,499-126-9547
Pearla,Vassay,Kabar Utara,06/25/1969,Indonesia,pvassaym5@ibm.com,417-723-8700
Samuele,Trueman,Mādārīpur,04/08/1951,Bangladesh,,545-383-1391
Melisa,Ing,Phra Phrom,09/15/1981,Thailand,mingm7@google.nl,908-866-9991
Claudia,Fergie,Novotroitsk,02/19/1974,Russia,cfergiem8@chicagotribune.com,181-486-3663
Paten,Barrell,Costa Rica,04/04/1955,Brazil,pbarrellm9@ocn.ne.jp,601-255-6260
Ethelin,Whimpenny,Jimaguayú,07/29/1963,Cuba,ewhimpennyma@usgs.gov,726-842-7529
Federica,Dignam,Clisson,08/07/1965,France,fdignammb@about.me,872-127-9564
Orland,Jump,Ratilangi,01/31/1955,Indonesia,ojumpmc@taobao.com,477-549-1322
Barney,Pennick,Cihaur,01/05/1967,Indonesia,bpennickmd@simplemachines.org,610-292-9455
Jerald,Binner,Malaḩ,10/21/1994,Syria,jbinnerme@feedburner.com,959-890-0710
Matt,Rennels,Sanok,07/19/1991,Poland,mrennelsmf@merriam-webster.com,440-402-9116
Laurice,Trayling,Jauja,06/03/1995,Peru,ltraylingmg@webeden.co.uk,629-882-7437
Don,Chasmar,Monteros,05/21/1980,Argentina,dchasmarmh@harvard.edu,821-855-3172
Bella,Casterton,Xinshi,12/28/1996,China,bcastertonmi@harvard.edu,893-671-8532
Cilka,Benyon,Povedniki,12/20/1984,Russia,,454-131-1098
Elizabeth,Worrall,Perivóli,10/09/1992,Greece,eworrallmk@bbb.org,950-271-1272
Selina,Flahy,Sleman,11/15/1990,Indonesia,sflahyml@who.int,890-375-6045
Ddene,Hazell,Šalovci,11/03/1978,Slovenia,dhazellmm@cdc.gov,270-965-9504
Arman,Matten,Aganan,01/22/1950,Philippines,,250-617-2828
Rickey,Crookshanks,Sidi Moussa,02/22/1952,Morocco,rcrookshanksmo@tumblr.com,855-718-5514
Paulita,Gentiry,Loufan,08/03/1987,China,pgentirymp@washington.edu,109-627-7626
Ilse,Beche,San Gil,12/07/1957,Colombia,ibechemq@yahoo.co.jp,748-404-6499
Shanie,Labro,Bethlehem,03/02/1990,South Africa,slabromr@rediff.com,742-704-3989
Rochelle,Cunnell,Katsina-Ala,02/26/1988,Nigeria,rcunnellms@i2i.jp,566-551-2344
Lilah,Swafield,Shiren,05/28/1965,China,lswafieldmt@php.net,962-218-4372
Thurston,Birkett,Velký Újezd,04/03/1974,Czech Republic,tbirkettmu@usnews.com,361-404-1029
Theresa,Pirdue,Nangka,09/28/1983,Philippines,tpirduemv@prlog.org,298-180-8554
Sofie,Shimmings,Těšetice,07/11/1962,Czech Republic,sshimmingsmw@cbsnews.com,944-944-5848
Cristiano,Ducastel,Silvares,11/08/1952,Portugal,cducastelmx@stumbleupon.com,468-365-3084
Duffie,Semerad,Hexiangqiao,05/29/1994,China,dsemeradmy@opensource.org,200-729-8674
Cal,Gowan,Shurugwi,04/12/1969,Zimbabwe,cgowanmz@weebly.com,964-866-3096
Hermie,Larkby,Boniewo,07/21/1985,Poland,,842-652-5609
Larisa,Ayerst,Sukadana,08/17/1965,Indonesia,layerstn1@forbes.com,450-676-0298
Lucias,Goghin,,,,lgoghinn2@examiner.com,
Sascha,Hutcheons,Kargasok,03/09/1973,Russia,,769-666-8631
Paola,Bucknell,,,,pbucknelln4@jimdo.com,
Grantley,Hutchings,Coromandel,02/08/1981,New Zealand,ghutchingsn5@devhub.com,764-257-7477
Felipe,Beall,Örebro,10/25/1994,Sweden,fbealln6@dell.com,870-500-1966
Kiley,Lines,Maszkienice,04/11/1982,Poland,,906-683-3540
Tarra,Strewther,Lantian,03/17/1998,China,tstrewthern8@i2i.jp,547-369-1392
Moses,Primo,Boston,09/07/1956,United States,mprimon9@istockphoto.com,617-215-5406
Hedda,Gilhouley,Knjazevac,02/08/1955,Serbia,hgilhouleyna@epa.gov,834-968-1201
Steffi,Blaik,,,,sblaiknb@google.nl,
Nola,Broxholme,Dijon,08/05/1986,France,nbroxholmenc@angelfire.com,551-622-9689
Petra,Petheridge,Zabierzów,10/09/1967,Poland,ppetheridgend@webnode.com,741-283-4784
Debor,Huddy,Lianhua,08/21/1972,China,dhuddyne@earthlink.net,833-991-5324
Ottilie,Messer,Évora,03/08/1952,Portugal,omessernf@skyrock.com,515-173-3780
Harvey,Willcot,Makīnsk,12/16/1963,Kazakhstan,,878-968-2987
Mara,Lenoir,Khlong Khuean,07/27/1961,Thailand,mlenoirnh@xrea.com,558-519-0891
Arther,Giamo,Tegalsari,10/26/1951,Indonesia,agiamoni@statcounter.com,491-952-4166
Bobbye,Harper,Ila Orangun,11/14/1997,Nigeria,bharpernj@auda.org.au,302-937-9618
Colas,Byard,Pamplona/Iruña,02/23/1960,Spain,cbyardnk@gmpg.org,576-454-6517
Elston,Biggs,Ban Phaeo,05/29/1999,Thailand,ebiggsnl@ted.com,489-458-1864
Tobe,Robertsson,,,,trobertssonnm@mayoclinic.com,
Lisha,Boote,Charleville-Mézières,09/24/1981,France,lbootenn@reuters.com,104-362-1926
Wildon,Di Francecshi,Jindui,06/22/1999,China,wdifrancecshino@ucoz.com,924-739-6557
Wat,Smouten,Proletar,12/04/1957,Tajikistan,wsmoutennp@i2i.jp,410-445-7245
Alwyn,Eyre,San Antonio,12/20/1962,Mexico,aeyrenq@arizona.edu,522-758-9054
Doreen,Schwieso,Muzi,11/16/1950,China,dschwiesonr@cocolog-nifty.com,201-248-8839
Garrett,Kennedy,Bangko,02/08/1953,Indonesia,gkennedyns@bloglines.com,333-478-7765
Carmelia,Bogays,Taketoyo,02/23/1979,Japan,cbogaysnt@biglobe.ne.jp,831-194-1215
Matti,Chomicki,Belos Ares,09/04/1985,Portugal,mchomickinu@domainmarket.com,482-745-8513
Lem,Lenahan,,,,llenahannv@acquirethisname.com,
Rachele,Agostini,Longtou,06/08/1989,China,,879-613-3130
Jean,Feron,Sri Jayewardenepura Kotte,12/05/1951,Sri Lanka,,100-437-2267
Kettie,Poytheras,Sihe,09/26/1987,China,kpoytherasny@smugmug.com,720-191-0633
Kori,Skellen,Guihulñgan,10/14/1974,Philippines,kskellennz@canalblog.com,507-962-3578
Roscoe,Winship,Iturama,07/06/1994,Brazil,rwinshipo0@surveymonkey.com,938-334-6826
Annalise,Brookshaw,Yongding,06/28/1977,China,abrookshawo1@uiuc.edu,628-835-2406
Hayley,Clandillon,,,,hclandillono2@diigo.com,
Tonia,Walton,Radnice,07/03/1967,Czech Republic,twaltono3@github.io,792-187-7636
Lia,Fautly,Pelópion,01/12/1961,Greece,lfautlyo4@un.org,421-182-9771
Corly,Baldry,Ningzhong,04/16/1973,China,cbaldryo5@wikipedia.org,335-242-6420
Aidan,Dongall,Changqing,05/16/1979,China,adongallo6@discuz.net,137-802-0280
Duane,Gear,,,,,
Flin,Noquet,,,,fnoqueto8@usa.gov,
Reinold,Prator,,,,rpratoro9@reference.com,
Ferguson,Brenston,El Tránsito,10/20/1987,Honduras,fbrenstonoa@amazon.co.jp,366-861-4364
Keven,Mebes,Longqiao,01/14/1999,China,kmebesob@slideshare.net,838-603-5230
Blondie,Stoppard,Hamanoichi,01/03/1959,Japan,bstoppardoc@alexa.com,517-789-8981
Stephine,Slobom,,,,sslobomod@wp.com,
Osbourne,Goalby,Markaryd,06/11/1977,Sweden,ogoalbyoe@instagram.com,562-236-0343
Trixie,Ferronier,Perovo,09/01/1998,Russia,tferronierof@usnews.com,960-142-0721
Merrilee,McAuslan,,,,mmcauslanog@slashdot.org,
Drucy,Ledes,Poříčany,02/20/1960,Czech Republic,dledesoh@china.com.cn,509-925-0021
Bayard,Keitley,Kembangkerang Lauk Timur,11/29/1960,Indonesia,,699-227-1099
Cammy,Wilsone,Arys,06/23/1971,Kazakhstan,cwilsoneoj@ted.com,984-881-8488
Alverta,McGillivrie,Krajan Tanjungrejo,11/30/1978,Indonesia,amcgillivrieok@nhs.uk,273-712-2224
Lemmie,McKinlay,Labney,02/15/1987,Philippines,lmckinlayol@parallels.com,946-769-1351
Maury,Aven,Saint John’s,07/18/1972,Antigua and Barbuda,mavenom@ameblo.jp,507-490-1433
Emlynne,Cardon,Preobrazhenka,02/15/1968,Ukraine,ecardonon@prweb.com,506-276-9671
Purcell,Sprackling,Strasbourg,03/08/1959,France,pspracklingoo@newsvine.com,873-743-0988
Ogden,Cammocke,Sanjing,05/23/1954,China,ocammockeop@ovh.net,318-932-3087
Christian,Edson,Saint-Ambroise,12/01/1998,Canada,cedsonoq@w3.org,682-830-6807
Rowland,Jensen,Seshcha,09/14/1974,Russia,rjensenor@microsoft.com,764-132-4215
Aindrea,Nelsen,Paris 05,11/02/1975,France,,716-357-7732
Bron,Gresser,Sishiba,08/17/1966,China,bgresserot@digg.com,186-262-2111
Loise,Bristowe,Emiliano Zapata,02/09/1959,Mexico,lbristoweou@ca.gov,755-760-8706
Sheba,Rennicks,Idenao,08/28/1977,Cameroon,srennicksov@tuttocitta.it,152-633-4989
Lisbeth,Smeaton,Göteborg,05/22/1970,Sweden,,516-543-0683
Jasmine,Dunley,Huangjing,06/03/1972,China,jdunleyox@myspace.com,380-146-3881
Tess,Kelner,Tanbu,11/05/1980,China,tkelneroy@skyrock.com,681-693-6500
Oralia,Challiner,Boshan,04/13/1981,China,ochallineroz@ca.gov,145-813-3737
Marjie,Heffy,Qitan,04/09/1969,China,mheffyp0@skype.com,729-289-9572
Lorrin,Fulop,Montaneza,07/12/1970,Philippines,lfulopp1@japanpost.jp,527-411-6052
Camel,Wootton,Monaghan,05/23/1972,Ireland,cwoottonp2@flickr.com,418-875-3242
Dugald,Vose,Barmash,09/09/1960,Albania,,376-720-0956
Dominique,Walisiak,Vertientes,06/20/1990,Cuba,dwalisiakp4@cafepress.com,295-933-0597
Ardra,Possell,Cincinnati,09/28/1992,United States,apossellp5@wikipedia.org,513-846-4114
Jayne,McCurley,Badean,03/09/1986,Indonesia,jmccurleyp6@disqus.com,500-397-9304
Mei,Aisman,,,,maismanp7@liveinternet.ru,
Philly,Landrick,Benito Juarez,11/27/1975,Mexico,plandrickp8@multiply.com,600-366-5572
Burch,Blowin,Redondos,12/20/1978,Portugal,bblowinp9@yelp.com,976-866-2156
Demetria,Standall,Rainis,08/24/1955,Indonesia,dstandallpa@cbsnews.com,642-213-0578
Kirbie,O'Heneghan,Maromme,02/08/1964,France,koheneghanpb@dagondesign.com,388-440-5632
Merle,Corro,,,,mcorropc@stanford.edu,
Clementine,East,Ranot,08/30/1989,Thailand,ceastpd@instagram.com,155-821-3988
Leland,Estcourt,Na Chueak,03/02/1992,Thailand,lestcourtpe@cyberchimps.com,248-148-0653
Harlie,Tampion,Guang’an,06/12/1957,China,htampionpf@sohu.com,257-675-0851
Esdras,Spittal,Barra do Bugres,10/22/1993,Brazil,espittalpg@ocn.ne.jp,767-581-7975
Myrtice,Hinz,Asahikawa,03/01/1951,Japan,mhinzph@mysql.com,600-497-4811
Dianne,Blumfield,Seattle,06/30/1983,United States,dblumfieldpi@ezinearticles.com,206-119-3104
Erasmus,Stebbing,,,,,
Edin,Mc Cahey,Tasböget,01/18/1977,Kazakhstan,emccaheypk@issuu.com,960-628-3394
Joelle,Overpool,Rozhniv,06/26/1997,Ukraine,joverpoolpl@hibu.com,144-124-2210
Jannelle,Conradsen,Bzou,03/02/1951,Morocco,,282-702-1157
Parsifal,Gratrex,Wenquan,03/16/1979,China,pgratrexpn@bizjournals.com,676-735-4142
Ulick,Silber,,,,usilberpo@howstuffworks.com,
Witty,Rigts,Kemlya,12/06/1962,Russia,wrigtspp@ask.com,260-297-1715
Vale,Rickets,Konongo,08/20/1971,Ghana,vricketspq@wunderground.com,381-261-2248
Tracie,Gerrels,Bočar,03/08/1978,Serbia,tgerrelspr@umich.edu,123-805-8603
Bradford,Arnett,Qiangqinxue,02/21/1994,China,barnettps@usnews.com,527-859-5393
Dante,Densey,Energeticheskiy,06/21/1954,Kazakhstan,ddenseypt@economist.com,121-315-6733
Sissy,Cannicott,Depapre,09/14/1986,Indonesia,scannicottpu@nifty.com,539-282-0694
Andriana,Fordy,Liberia,02/01/1998,Costa Rica,,864-590-7005
Eula,Nellen,Hargeysa,10/22/1966,Somalia,enellenpw@statcounter.com,679-351-9307
Leeland,Bramble,Jiujie,08/02/1978,China,lbramblepx@wix.com,285-168-9630
Waverley,Vany,Puutura,01/21/1959,Indonesia,wvanypy@mediafire.com,488-675-7723
Henriette,Lardner,Yanling,11/01/1987,China,hlardnerpz@wix.com,961-615-4875
Alyse,Eliff,Hufang,04/09/1981,China,aeliffq0@psu.edu,440-245-3858
Corette,McGookin,Tramandaí,03/14/1973,Brazil,cmcgookinq1@hc360.com,588-221-7236
Hewet,Haward,Haputale,10/28/1994,Sri Lanka,hhawardq2@prweb.com,419-149-6232
Rockie,Blanpein,Torrance,09/24/1983,United States,rblanpeinq3@loc.gov,310-953-1818
Oswald,Robuchon,Rancagua,07/30/1999,Chile,orobuchonq4@cisco.com,970-886-0467
Vidovik,Kesey,Hezhi,01/09/1998,China,vkeseyq5@weibo.com,328-210-8083
Hillary,Jacomb,Wugong,02/03/1973,China,hjacombq6@angelfire.com,756-794-4378
Joana,Caistor,Oka,10/21/1958,Canada,jcaistorq7@dropbox.com,609-895-4620
Bert,Edrich,Saribudolok,08/23/1959,Indonesia,bedrichq8@huffingtonpost.com,946-337-8419
Ephrem,Brusby,Iperu,08/22/1993,Nigeria,ebrusbyq9@dropbox.com,126-939-9951
Kaycee,Domican,,,,kdomicanqa@reddit.com,
Karylin,Menichillo,Santa Lucía,06/17/1997,Colombia,kmenichilloqb@nba.com,679-377-0710
Donal,Morl,Ozerne,07/18/1982,Ukraine,,455-239-1937
Leicester,Flowers,Pereira Barreto,01/13/1985,Brazil,lflowersqd@psu.edu,452-293-8903
Corina,Lissandre,Sahavato,12/12/1980,Madagascar,clissandreqe@jimdo.com,903-799-7667
Trula,Byford,Saryshaghan,09/29/1999,Kazakhstan,tbyfordqf@hugedomains.com,744-224-4331
Annmaria,Goddard,Las Americas,04/26/1953,Mexico,agoddardqg@wired.com,741-377-9890
Lewie,Leggis,Zhengchang,03/08/1957,China,,113-633-1309
Donavon,Viscovi,Solţānābād,08/15/1995,Iran,dviscoviqi@skyrock.com,922-987-6185
Andeee,Spain,Shimonoseki,01/21/1985,Japan,aspainqj@sina.com.cn,911-312-7769
Demetris,Houlison,Mezhdurechensk,01/01/1963,Russia,dhoulisonqk@blogger.com,434-947-1526
Linet,Feirn,Deqing,10/21/1972,China,lfeirnql@spotify.com,126-665-5631
Iorgo,Ruff,Siikainen,08/27/1950,Finland,iruffqm@va.gov,756-731-8820
Lorine,Brayn,Zhoujiang,02/02/1972,China,lbraynqn@usnews.com,431-221-8275
Read,Pridding,,,,rpriddingqo@hud.gov,
Osbourn,Ashfield,Yuanhou,02/16/1987,China,oashfieldqp@com.com,558-628-2945
Benni,Dmitriev,,,,bdmitrievqq@jimdo.com,
Annabal,Ort,,,,aortqr@feedburner.com,
Neile,Ellaway,Kandang Timur,05/09/1989,Indonesia,,346-651-5821
Claudell,Fitter,Rengasdengklok,06/08/1989,Indonesia,cfitterqt@hubpages.com,258-597-2329
Sheri,Duester,Onitsha,12/19/1966,Nigeria,,514-438-1363
Gail,Etock,Dulangan,10/22/1987,Philippines,getockqv@addthis.com,793-605-5459
Brose,Tivnan,Pelabuhanratu,05/28/1960,Indonesia,btivnanqw@scribd.com,584-475-7520
Erina,Hasard,Portela,08/04/1995,Portugal,,246-934-6639
Lizabeth,Maestrini,Český Těšín,03/10/1953,Czech Republic,lmaestriniqy@twitter.com,283-265-8883
Adele,Kenrat,Merdeka,04/20/1965,Indonesia,akenratqz@tinypic.com,636-963-6380
Randy,Moine,,,,rmoiner0@msn.com,
Dylan,Trump,Rybnaya Sloboda,10/30/1993,Russia,dtrumpr1@amazon.co.uk,909-306-7809
Gerry,Eglaise,Jianqiao,03/23/1984,China,geglaiser2@omniture.com,823-886-8494
Gwen,Ferroli,,,,gferrolir3@buzzfeed.com,
Robin,Easom,Bago City,12/30/1960,Philippines,reasomr4@reference.com,433-332-4467
Lynda,Lodwig,Rukem,08/08/1965,Indonesia,,289-313-1751
Jaquith,Towne,Siliana,11/06/1998,Tunisia,jtowner6@answers.com,849-955-1961
Miguela,Callum,Ormož,10/11/1999,Slovenia,mcallumr7@meetup.com,742-448-2639
Anestassia,Conibere,Damanhūr,10/21/1964,Egypt,,386-749-1929
Matelda,Brixey,Sovetskoye,02/01/1964,Russia,mbrixeyr9@ycombinator.com,511-404-9544
Cayla,Nanson,Matriz de Camaragibe,09/03/1951,Brazil,cnansonra@list-manage.com,272-378-4546
Marietta,Brayshaw,,,,,
Donetta,Heffron,Naḩḩālīn,11/05/1973,Palestinian Territory,,106-582-7561
Bartie,Keenleyside,Yuqunweng,04/08/1996,China,bkeenleysiderd@ftc.gov,415-829-6627
Jacynth,Jee,Créteil,05/14/1971,France,jjeere@godaddy.com,276-471-1632
Adriaens,Patullo,Tola,06/07/1969,Nicaragua,apatullorf@livejournal.com,919-589-2040
Isacco,Hegarty,Ciemas,11/19/1993,Indonesia,ihegartyrg@un.org,268-442-2730
Samuele,Sidebottom,Del Rosario,01/19/1950,Philippines,ssidebottomrh@chicagotribune.com,240-992-7869
Neils,Shackelton,Akim Swedru,03/12/1957,Ghana,nshackeltonri@gnu.org,897-231-5212
Jammie,Bavage,Hollola,03/18/1954,Finland,jbavagerj@xing.com,576-501-6221
Marcella,Snead,Mungging,05/03/1967,Indonesia,msneadrk@360.cn,520-414-4969
Jacobo,Bridgnell,Abangay,10/09/1960,Philippines,jbridgnellrl@devhub.com,358-863-2138
Susanna,Fussen,Beizi,08/27/1984,China,sfussenrm@smugmug.com,336-792-9918
Nedda,Bownas,Teplice,11/07/1963,Czech Republic,nbownasrn@phoca.cz,699-880-7869
Esme,Ioan,Blagnac,04/19/1953,France,eioanro@people.com.cn,290-897-2209
Burgess,McNevin,Oelaba,11/13/1966,Indonesia,bmcnevinrp@ftc.gov,615-376-6277
Sonny,Weiss,Phú Thái,02/28/1962,Vietnam,sweissrq@ebay.com,727-624-6105
Tobey,Radford,Knivsta,09/01/1988,Sweden,tradfordrr@cmu.edu,702-204-9434
