first_name,last_name,birth_place,birth_date,country_living_in,email,phone
Lenka,Bevans,Chavusy,05/14/1997,Belarus,lbevans0@jiathis.com,954-973-9811
Boris,Chesman,Huntington,07/31/1974,United States,bchesman1@ning.com,304-265-7784
Adey,Dugget,Larangan,12/12/1950,Indonesia,adugget2@netlog.com,469-827-3727
Melloney,Reardon,Shkotovo,04/30/1962,Russia,mreardon3@vkontakte.ru,778-684-7391
Orelia,Rubenovic,Lapa,03/08/1990,Brazil,orubenovic4@businessweek.com,989-459-6388
Elsie,Petworth,Kobleve,02/16/1993,Ukraine,epetworth5@quantcast.com,556-618-7549
Cyrillus,Meak,Carlos Barbosa,06/10/1992,Brazil,cmeak6@aboutads.info,899-831-2617
Robbi,Begwell,Las Lajas,12/04/1950,Honduras,,823-746-8877
Clementine,Haw,Heshui,12/25/1972,China,chaw8@dot.gov,710-422-8887
Rafaelia,Tompkin,Niigata-shi,02/19/1990,Japan,rtompkin9@moonfruit.com,894-612-9898
Denver,Brownill,Māymay,11/27/1951,Afghanistan,dbrownilla@hibu.com,467-463-8463
Gregor,Jentgens,Marigot,01/16/1956,Saint Martin,gjentgensb@howstuffworks.com,271-250-4753
Boigie,Takos,Priboj,07/01/1979,Serbia,,857-834-9744
Hillier,Pollicatt,Lubomierz,07/21/1977,Poland,hpollicattd@moonfruit.com,561-361-3606
Wenonah,Geydon,Freiria,06/01/1958,Portugal,wgeydone@washingtonpost.com,723-192-2049
Lynn,Thying,Vagos,01/30/1958,Portugal,lthyingf@squarespace.com,170-257-5190
Yelena,Hanrott,Phra Phutthabat,11/24/1956,Thailand,yhanrottg@typepad.com,179-990-2823
Waverley,Iacovucci,Zhongxing,11/22/1973,China,wiacovuccih@csmonitor.com,101-492-4910
Dulcea,Gaine of England,El Paso,01/14/1995,United States,dgaineofenglandi@sitemeter.com,915-859-0004
Lindy,Benedict,Vaasa,06/18/1988,Finland,lbenedictj@ftc.gov,750-730-7659
Mada,Klimshuk,Lang,09/20/1987,China,mklimshukk@so-net.ne.jp,202-155-8542
Janel,Page,Siumate,10/23/1963,Indonesia,jpagel@flickr.com,509-569-8672
Orelee,Rumbold,Dongtou,06/27/1999,China,orumboldm@pinterest.com,145-800-9563
Halimeda,Matelyunas,Čapljina,12/17/1993,Bosnia and Herzegovina,,636-861-5680
Gunar,Gierhard,København,09/02/1999,Denmark,ggierhardo@symantec.com,229-316-8050
Lorne,Barratt,,,,lbarrattp@dot.gov,
Neron,McEttigen,Cete,02/21/1959,Portugal,nmcettigenq@answers.com,609-335-1205
Bertina,Munsey,Menzel Bourguiba,03/18/1991,Tunisia,,366-298-3935
Shoshana,Rosekilly,Cabinda,06/06/1977,Angola,,408-733-9562
Ludwig,Guyton,Proença-a-Nova,12/26/1959,Portugal,lguytont@google.de,539-640-7366
Carri,Scotter,,,,,
Drusy,Skipper,Sremska Mitrovica,06/09/1987,Serbia,,490-182-0661
Lona,Schukraft,Dallas,08/24/1993,United States,lschukraftw@weibo.com,214-429-8887
Huntlee,Botterell,Yunmeng Chengguanzhen,05/20/1976,China,,196-195-5306
Enrico,Bog,Ewarton,06/05/1984,Jamaica,ebogy@scientificamerican.com,780-220-5807
Gerry,Farrington,Rurrenabaque,04/07/1965,Bolivia,gfarringtonz@yahoo.co.jp,424-220-8790
Timmi,Haug,Johor Bahru,05/06/1974,Malaysia,thaug10@i2i.jp,435-538-7285
Arlana,Attenborough,Emin,05/09/1997,China,aattenborough11@oakley.com,531-408-3319
Brandon,Cadwell,,,,,
Margo,Ridges,Pingpo,08/09/1978,China,mridges13@examiner.com,640-929-2940
Ogdon,Rubinfajn,Santander,08/22/1961,Spain,orubinfajn14@disqus.com,731-406-1436
Rosaline,Marzelli,Pule,07/05/1955,Indonesia,rmarzelli15@google.cn,894-729-5033
Eliot,Figura,Toksovo,03/14/1999,Russia,efigura16@alibaba.com,112-669-6153
Delphinia,Huffer,Uujim,11/11/1992,Mongolia,dhuffer17@vistaprint.com,612-920-8464
Viole,Stott,Kultuk,03/19/1979,Russia,vstott18@privacy.gov.au,905-148-8582
Winifred,Howbrook,Tampekan,04/23/1966,Indonesia,,358-306-0918
Nealy,Tetlow,Krasnoarmiys’k,07/19/1970,Ukraine,ntetlow1a@tuttocitta.it,705-691-4245
Marya,Jickles,Qiganjidie,01/09/1972,China,mjickles1b@nationalgeographic.com,602-701-3570
Adolphe,Wannell,Changjiang,01/22/1982,China,awannell1c@squidoo.com,776-220-1066
Marybelle,Kennelly,El Coco,03/15/1980,Panama,mkennelly1d@umich.edu,344-393-3061
Gennifer,McNab,Limoges,02/20/1991,France,gmcnab1e@epa.gov,959-339-9027
Lauren,Secombe,Pingli,01/17/1968,China,lsecombe1f@amazonaws.com,476-114-0286
Ernesta,Daveridge,Northern Suburbs Mc,08/30/1988,Australia,edaveridge1g@bloglovin.com,156-317-6281
Maurene,Larive,Dainan,12/24/1977,China,mlarive1h@independent.co.uk,129-946-4211
Lynnet,Poulton,Amarillo,11/20/1978,United States,lpoulton1i@yandex.ru,713-727-7605
Karleen,Meikle,Fresno,01/28/1957,United States,kmeikle1j@archive.org,310-926-7715
Agretha,Dono,Atabayan,05/23/1965,Philippines,adono1k@artisteer.com,517-857-0516
Inge,Juara,Cikaludan,12/03/1966,Indonesia,ijuara1l@printfriendly.com,205-174-6032
Byron,Puden,Qiulu,09/10/1992,China,bpuden1m@newyorker.com,288-999-3727
Dalston,Rehorek,Danao,06/18/1986,Philippines,,414-366-2454
Marylee,Morrowe,Eloy Alfaro,03/06/1978,Ecuador,mmorrowe1o@meetup.com,920-654-5201
Othella,Yesson,Río de Oro,09/01/1986,Colombia,oyesson1p@ucsd.edu,596-796-6533
Legra,Olekhov,,,,lolekhov1q@fotki.com,
Jasmin,Coping,Loanda,09/15/1991,Brazil,,825-260-6197
Roselle,Vaudre,Songkeng,10/02/1973,China,rvaudre1s@desdev.cn,797-372-6837
Sarajane,Meany,Casa Nova,10/21/1950,Portugal,smeany1t@nyu.edu,619-465-4301
Codi,Carren,Stockholm,10/22/1996,Sweden,,511-909-5189
Shana,Cowlin,Baytā al Fawqā,02/20/1991,Palestinian Territory,,688-673-1242
Selby,Creeber,Vilppula,11/22/1993,Finland,screeber1w@gnu.org,127-288-5956
Eloise,Batrim,Yeghvard,08/26/1996,Armenia,ebatrim1x@discuz.net,746-276-3822
Kermy,Freeth,Toksovo,07/07/1968,Russia,kfreeth1y@kickstarter.com,940-449-1911
Ellissa,Moncey,Chotepe,05/06/1974,Honduras,,496-918-2303
Viviyan,Rudkin,Fangjun,01/05/1987,China,vrudkin20@eepurl.com,369-470-0070
Starlene,Bosher,Idvor,04/09/1974,Serbia,sbosher21@twitpic.com,927-330-0578
Gavra,Wethered,Mahong,11/24/1950,China,,280-492-5802
Chaddy,Stalf,Kisarawe,04/01/1981,Tanzania,cstalf23@disqus.com,420-976-7235
Hermy,Rosenwasser,Banawang,05/25/1958,Philippines,hrosenwasser24@devhub.com,766-567-4306
Debora,Degoe,,,,ddegoe25@tmall.com,
Scottie,McCready,Viçosa do Ceará,07/06/1950,Brazil,smccready26@howstuffworks.com,766-478-6199
Erny,Bridson,Otukpa,12/16/1960,Nigeria,ebridson27@unblog.fr,713-236-9353
Donelle,Aisthorpe,Ilaya,06/05/1984,Philippines,daisthorpe28@bizjournals.com,210-463-2895
Scotty,Aaronsohn,Gelatik,03/02/1950,Indonesia,saaronsohn29@paginegialle.it,403-724-5094
Starlin,Poile,Munturkaju,05/06/1983,Indonesia,spoile2a@ameblo.jp,195-594-8164
Myranda,Pridie,Huantuo,07/29/1989,China,mpridie2b@networkadvertising.org,951-111-3333
Waly,Marking,Temorlorong,04/20/1983,Indonesia,wmarking2c@rambler.ru,810-407-5188
Rudy,Cownden,Asino,02/27/1999,Russia,rcownden2d@tinypic.com,138-101-6027
Durant,Sandercroft,Taremskoye,11/04/1985,Russia,dsandercroft2e@noaa.gov,744-587-0261
Atlante,Sooper,Las Matas de Farfán,10/19/1954,Dominican Republic,asooper2f@google.com,250-446-3436
Abdel,Baguley,Dongming,06/02/1980,China,abaguley2g@cnet.com,670-246-4837
Robby,Barthel,Mekarjaya,04/27/1965,Indonesia,,653-601-1146
Berne,Cowl,Berezovo,01/11/1993,Ukraine,bcowl2i@icio.us,178-786-4205
Trevar,Ravilus,Castanheira de Pêra,05/04/1956,Portugal,travilus2j@economist.com,715-174-6907
Alasteir,Exall,Shuangcheng,11/14/1969,China,aexall2k@dropbox.com,304-458-7309
Kate,Skaid,Léchovo,03/29/1954,Greece,kskaid2l@alexa.com,746-191-0082
Winifield,Hessay,Zbrosławice,04/16/1996,Poland,whessay2m@discovery.com,284-138-4213
Marnia,Hobgen,,,,mhobgen2n@newsvine.com,
Blane,Kynson,Nianpan,05/25/1983,China,bkynson2o@yellowpages.com,150-403-3908
Witty,Worts,El Puente,01/23/1978,Honduras,wworts2p@opensource.org,103-655-6388
Oswald,Quin,Masindi,01/15/1971,Uganda,,337-904-7374
Melisent,Hlavecek,Riihimäki,12/21/1950,Finland,mhlavecek2r@1und1.de,910-495-8163
Xaviera,Tyrwhitt,Canedo,07/08/1986,Portugal,xtyrwhitt2s@dagondesign.com,374-235-5097
Evelyn,Mazdon,Zhanaozen,05/01/1997,Kazakhstan,,947-635-8133
Diena,Drain,Tras Cerros,05/18/1958,Honduras,ddrain2u@netscape.com,527-219-7103
Emogene,Skottle,Tambir,12/04/1970,Indonesia,eskottle2v@wsj.com,193-822-6056
Robbie,Rawet,Aoluguya Ewenke Minzu,12/29/1979,China,rrawet2w@ucla.edu,949-397-1724
Adel,Diment,Miaojie,07/23/1997,China,,583-352-7158
Abey,Hovy,Kawm Umbū,04/22/1957,Egypt,ahovy2y@google.com,966-584-0778
Aveline,Randles,Boac,06/25/1963,Philippines,arandles2z@who.int,938-228-2987
Les,Berthomier,Jiaqu,11/30/1961,China,,238-205-6420
Val,Kobierski,Huagang,09/03/1986,China,vkobierski31@soup.io,512-519-4893
Buck,Millward,Candelaria,04/06/1971,Philippines,bmillward32@wufoo.com,587-566-9873
Carolynn,Beaudry,Kotatengah,01/07/1970,Indonesia,cbeaudry33@utexas.edu,905-250-0488
Hall,Treadwell,Saryshaghan,05/10/1978,Kazakhstan,htreadwell34@phoca.cz,385-642-2090
Christian,Punchard,Huế,01/03/1975,Vietnam,cpunchard35@nymag.com,337-332-0212
Dulcie,O'Heffernan,Kawaliwu,10/03/1961,Indonesia,doheffernan36@miibeian.gov.cn,882-647-5046
Hanan,Lambis,,,,hlambis37@tripod.com,
Jacquie,Denzey,Bočar,01/04/1985,Serbia,jdenzey38@theguardian.com,642-187-4511
Zoe,Chazelas,Vingåker,07/23/1990,Sweden,zchazelas39@amazonaws.com,595-877-9691
Porter,Buckler,Cincinnati,03/02/1971,United States,pbuckler3a@miibeian.gov.cn,513-502-5516
Paquito,Lewington,Shangjia,07/05/1976,China,,745-897-6949
Jobie,Hugnet,Nabeul,12/04/1961,Tunisia,jhugnet3c@cnet.com,976-120-3200
Tandi,Turvey,Bílovice,03/06/1950,Czech Republic,tturvey3d@smh.com.au,935-848-8250
Charles,Eastway,Mārupe,12/26/1960,Latvia,ceastway3e@npr.org,964-218-6604
Jeri,Mewhirter,Zhangzhu,08/30/1950,China,jmewhirter3f@google.nl,114-662-7229
Lucian,Josum,Hovorany,11/08/1998,Czech Republic,ljosum3g@google.es,438-540-1957
Baird,Buckoke,Dallas,05/19/1989,United States,bbuckoke3h@4shared.com,214-860-3579
Camellia,Kirkland,Pianling,11/30/1956,China,ckirkland3i@statcounter.com,916-713-7666
Arney,Clothier,Hägersten,04/29/1976,Sweden,aclothier3j@photobucket.com,604-359-2138
Blanca,Ellar,Haradok,07/06/1974,Belarus,bellar3k@furl.net,271-795-7760
Gabriel,Bessett,,,,gbessett3l@dell.com,
Muffin,Hegel,,,,,
Jason,Rimbault,Thị Trấn Thọ Xuân,11/15/1954,Vietnam,jrimbault3n@purevolume.com,109-168-8161
Beauregard,Riceards,Cisaro,10/19/1954,Indonesia,briceards3o@ycombinator.com,343-810-2202
Beck,Snowling,Sanandaj,07/16/1981,Iran,,677-112-2149
Jay,Trevena,Divnoye,10/21/1976,Russia,jtrevena3q@scientificamerican.com,138-540-1037
Elisa,Braban,Mabasa,11/08/1985,Philippines,,359-222-8578
Austin,Simonelli,Gujō,08/13/1963,Japan,asimonelli3s@hp.com,447-802-8368
Noak,Winman,Xiaohe,01/19/1959,China,nwinman3t@wordpress.com,209-595-4652
Gaylor,Pendreigh,Berezayka,08/07/1995,Russia,gpendreigh3u@yandex.ru,214-246-3358
Felicity,Cosby,Saint-Paul,11/18/1952,Reunion,fcosby3v@reuters.com,254-581-2216
Cale,Curtis,Aegela,07/08/1961,Indonesia,ccurtis3w@lulu.com,561-952-5820
Westbrook,Klimshuk,Ust’-Isha,10/16/1976,Russia,wklimshuk3x@myspace.com,777-202-4306
Tanney,Barnett,Samut Songkhram,06/06/1994,Thailand,,711-840-8792
Hamish,Phlippsen,,,,hphlippsen3z@goo.gl,
Damien,Hitschke,,,,dhitschke40@arstechnica.com,
Mill,Dreinan,Cizhu,07/14/1980,China,mdreinan41@macromedia.com,166-824-2790
Jenni,Bestar,Helsingborg,08/29/1993,Sweden,jbestar42@ucla.edu,960-609-1226
Guido,Matskevich,Ráječko,11/06/1993,Czech Republic,gmatskevich43@arstechnica.com,557-546-2774
Melany,Tinker,Velyka Lepetykha,07/13/1974,Ukraine,,427-767-7612
Olivier,Ansteys,Chuoyuan,09/02/1968,China,oansteys45@samsung.com,952-192-3315
Tina,Dannel,Hengqu,11/12/1989,China,tdannel46@comsenz.com,633-987-9465
Garvin,Brakewell,Atikokan,08/12/1974,Canada,gbrakewell47@weibo.com,923-451-3181
Harman,Boij,Al Hāshimīyah,11/02/1994,Palestinian Territory,hboij48@multiply.com,133-252-2449
Cordi,Yegorchenkov,Sabana Grande de Boyá,03/28/1997,Dominican Republic,cyegorchenkov49@guardian.co.uk,981-182-0188
Tucker,Batters,Penang,03/26/1972,Indonesia,tbatters4a@people.com.cn,579-527-6507
Mathew,Minichi,Xuri,02/12/1976,China,mminichi4b@flickr.com,502-689-3729
Sherri,Skarr,Grindavík,03/21/1960,Iceland,sskarr4c@rambler.ru,812-593-7287
Loise,Chatell,Pejibaye,11/18/1988,Costa Rica,lchatell4d@unblog.fr,176-710-7103
Hope,Hurleston,Zhongying,05/09/1960,China,hhurleston4e@goo.gl,489-964-3100
Grata,Gleeson,Taganak,09/12/1999,Philippines,ggleeson4f@boston.com,550-946-2044
Jeffry,Zelley,Lewo,11/10/1961,Indonesia,jzelley4g@nsw.gov.au,906-899-8421
Stanly,Probate,Mangge,12/31/1960,Indonesia,sprobate4h@omniture.com,478-406-6245
Persis,Pinsent,Clifden,07/20/1963,Ireland,ppinsent4i@163.com,885-878-1425
Fidel,Castagna,Montceau-les-Mines,06/21/1950,France,fcastagna4j@va.gov,823-975-7928
Ryley,Copnell,Trá Mhór,04/20/1981,Ireland,rcopnell4k@fastcompany.com,532-510-1488
Gaile,Crowthe,Kokagax,04/01/1982,China,gcrowthe4l@canalblog.com,382-576-6489
Mela,Tinn,Atalhada,01/01/1950,Portugal,mtinn4m@princeton.edu,497-870-4251
Dannie,Courtese,Siem Reap,01/29/1984,Cambodia,dcourtese4n@ted.com,603-541-4950
Prescott,Lovering,Mujur Satu,05/30/1960,Indonesia,plovering4o@webs.com,280-354-8208
Marnia,Over,Draginje,12/14/1964,Serbia,mover4p@sbwire.com,475-177-2204
Mickey,O'Hengerty,Aikmel,10/09/1984,Indonesia,mohengerty4q@surveymonkey.com,834-991-0633
Adrian,Sherwin,Ciyun,02/03/1998,China,asherwin4r@netvibes.com,738-821-7274
Alvan,Winear,Sande São Martinho,12/21/1960,Portugal,awinear4s@google.nl,571-548-7989
Thalia,Bastard,Randuboto,04/10/1999,Indonesia,tbastard4t@deviantart.com,575-886-6037
Bobine,Cockroft,Mount Pearl,06/21/1998,Canada,bcockroft4u@sbwire.com,680-395-6579
Mikel,Smogur,Guanshan,12/09/1998,China,msmogur4v@google.it,207-587-9220
Shell,Blesli,Zhaocun,01/02/1996,China,sblesli4w@gmpg.org,537-964-7148
Kellia,Zorro,Loujiadian,09/06/1970,China,,698-767-4601
Llewellyn,Layburn,Frederiksberg,04/02/1958,Denmark,llayburn4y@cdbaby.com,409-189-0647
Norri,Mohring,Concepción,02/20/1986,Bolivia,nmohring4z@ibm.com,656-375-6733
Des,Holborn,Yongfeng,09/07/1991,China,dholborn50@domainmarket.com,113-570-4671
Margy,Grinin,Erling,05/02/1998,China,mgrinin51@discovery.com,771-135-7630
Serge,Gland,Gulou,04/03/1973,China,,629-724-6917
Carena,Guidotti,,,,cguidotti53@nyu.edu,
Myer,Grellis,Tall aḑ Ḑamān,05/20/1956,Syria,,808-214-8380
Reube,Mosedall,Ōmura,02/07/1951,Japan,,720-538-9495
Brant,Middlebrook,,,,,
Jayson,Gummary,Jiangduo,06/28/1991,China,jgummary57@imgur.com,152-849-4412
Padget,Cristoforetti,Staroyur’yevo,07/17/1955,Russia,pcristoforetti58@cmu.edu,914-490-2748
Candy,Harness,Pamoyanan,08/31/1995,Indonesia,charness59@topsy.com,188-872-2684
Garth,Cudby,Pajannangger,05/12/1991,Indonesia,gcudby5a@myspace.com,789-575-9456
Sharron,Mounsey,Whittier,12/10/1963,United States,,626-277-5647
Dominique,Griffey,El Playón,08/31/1960,Colombia,,224-602-9529
Reginauld,Bootman,Sukasari,08/21/1953,Indonesia,rbootman5d@techcrunch.com,955-189-3571
Lorraine,Archell,,,,larchell5e@example.com,
Jackie,Lindstrom,Datarkadu,10/19/1982,Indonesia,jlindstrom5f@aboutads.info,670-368-4048
Emelita,Drackford,Bula,10/22/1989,Philippines,edrackford5g@prnewswire.com,679-327-1481
Derby,Russo,Arrën,09/23/1974,Albania,drusso5h@zimbio.com,286-468-1546
Christi,MacClure,Carcassonne,06/20/1952,France,cmacclure5i@disqus.com,994-457-6766
Raymond,Furney,Longshan,07/20/1995,China,rfurney5j@usatoday.com,236-758-8772
Nerte,Diter,Santa Isabel,06/02/1975,Brazil,nditer5k@sohu.com,186-346-2983
Nicolina,Blacksland,Timiryazevskiy,11/10/1961,Russia,nblacksland5l@economist.com,568-956-2308
Dag,Kunkler,Albi,06/12/1966,France,dkunkler5m@surveymonkey.com,318-399-5115
Dulcy,Schwant,Puubheto,02/02/1991,Indonesia,,155-886-2273
Dav,Prettyman,Oumiao,05/28/1977,China,,133-285-3184
Brynn,Wloch,,,,bwloch5p@g.co,
Jillana,Archambault,Divichibazar,12/01/1980,Azerbaijan,jarchambault5q@fc2.com,753-860-9779
Hadlee,Pingstone,Chunmuying,01/25/1974,China,hpingstone5r@discuz.net,332-819-1288
Alexander,Starrs,Zavet,06/22/1998,Bulgaria,,415-153-1987
Novelia,Noden,Ballina,05/04/1998,Ireland,nnoden5t@flickr.com,298-160-4122
Abba,Raigatt,Cork,01/22/1987,Ireland,araigatt5u@pagesperso-orange.fr,813-105-7538
Hinze,Dudliston,Rathwire,10/31/1970,Ireland,hdudliston5v@bloglovin.com,268-615-9518
Barnabas,Buney,Gunungangka,05/24/1951,Indonesia,bbuney5w@thetimes.co.uk,458-985-6781
Bobina,Courteney,Motala,11/28/1991,Sweden,bcourteney5x@google.co.uk,471-316-0786
Dominik,Dummigan,Junbu,12/02/1972,China,ddummigan5y@boston.com,817-955-2271
Kara,Beathem,Conceição do Araguaia,02/19/1956,Brazil,kbeathem5z@pinterest.com,675-102-3245
Charmion,Cavey,Cerro Corá,10/30/1981,Argentina,ccavey60@blinklist.com,203-565-3256
Melosa,People,Faraulep,01/24/1996,Micronesia,mpeople61@ft.com,913-726-0030
Suzann,Allard,San Pedro,10/13/1972,Mexico,,318-611-6714
Colly,Woolstenholmes,Xingfeng,02/16/1951,China,cwoolstenholmes63@blogtalkradio.com,298-165-9255
Cristian,Lassey,Farap,02/05/1985,Turkmenistan,classey64@time.com,732-279-4510
Charissa,Gonoude,Neftegorsk,10/18/1950,Russia,cgonoude65@slideshare.net,938-354-5943
Arly,Brewitt,Zawiya,11/12/1990,Libya,abrewitt66@google.com,877-339-6905
Tudor,Moxstead,Terek,10/22/1983,Russia,tmoxstead67@bbc.co.uk,601-545-7013
Glen,Happer,Felege Neway,10/25/1988,Ethiopia,ghapper68@csmonitor.com,837-968-1159
Barrie,Pilipyak,Nam Som,04/13/1977,Thailand,bpilipyak69@rakuten.co.jp,473-255-6876
Harrison,Polon,Kansas City,02/14/1959,United States,,816-454-2196
Tomaso,Michelmore,Dayin,09/04/1976,China,tmichelmore6b@constantcontact.com,243-558-2271
Dallis,Norridge,Baishan,09/30/1960,China,,472-494-7395
Minta,Roiz,Madison,08/14/1989,United States,mroiz6d@unesco.org,608-818-2706
Darya,Binks,Kidodi,10/02/1990,Tanzania,dbinks6e@dailymotion.com,578-581-3168
Patrizius,McConway,Derbent,01/22/1999,Russia,pmcconway6f@google.co.jp,335-761-3010
Thoma,D'Ambrosi,Saravia,05/05/1999,Philippines,tdambrosi6g@cdbaby.com,934-952-8332
Sacha,Gooke,Odrinhas,11/27/1998,Portugal,sgooke6h@mac.com,616-330-0034
Delbert,Mersh,Bahe,02/22/1986,China,,677-310-6909
Milton,Gierck,Darungan,10/23/1972,Indonesia,mgierck6j@google.pl,984-610-9629
Lisetta,Bispham,Mayuge,06/09/1982,Uganda,lbispham6k@house.gov,490-395-7648
Sarajane,Abbis,Vasylkiv,08/14/1995,Ukraine,sabbis6l@storify.com,678-625-7184
Sabrina,McKennan,Livadiya,10/08/1978,Russia,smckennan6m@merriam-webster.com,755-763-8153
Kylie,Leming,San José de Barlovento,09/13/1965,Venezuela,kleming6n@vistaprint.com,936-333-4264
Kellen,M'Chirrie,Ketanen,04/15/1978,Indonesia,kmchirrie6o@rambler.ru,396-897-6302
Madelin,Childerley,Núi Đối,12/21/1972,Vietnam,,825-954-5617
Max,Simo,Alca,11/27/1974,Peru,,363-734-6164
Aldwin,McIlwraith,Sucre,09/04/1994,Peru,amcilwraith6r@shutterfly.com,145-825-8896
Zane,McGloughlin,,,,zmcgloughlin6s@paypal.com,
Madelina,Laughnan,Qingsong,05/10/1973,China,mlaughnan6t@blog.com,221-722-8525
Darwin,Syseland,Khovaling,09/01/1966,Tajikistan,dsyseland6u@addtoany.com,108-234-9286
Julita,Musgrove,Barra Cheia,09/07/1991,Portugal,jmusgrove6v@chronoengine.com,718-212-2815
Mac,Wippermann,Mandesan,10/01/1954,Indonesia,mwippermann6w@theglobeandmail.com,978-241-9974
Coop,Lakey,Dikou,01/01/1979,China,clakey6x@jugem.jp,518-346-2969
Ted,Unwin,Aisai,06/22/1984,Japan,tunwin6y@unblog.fr,128-558-3549
Archibaldo,Honisch,Gnojnica,06/14/1990,Bosnia and Herzegovina,ahonisch6z@webs.com,283-320-4813
Rozele,Rummery,Karabash,03/17/1981,Russia,,463-174-9130
Lewie,Scala,Paris 15,12/30/1977,France,,771-312-9200
Velma,Kassman,Zibreira,02/11/1978,Portugal,vkassman72@ca.gov,620-848-3521
Valeda,Pirie,Spokoynaya,12/01/1992,Russia,,407-534-0420
Doro,Cawse,Xikou,08/13/1973,China,dcawse74@gnu.org,945-106-0386
Nobe,Ends,Pyay,01/10/1963,Myanmar,,858-821-9805
Manuel,Dutnell,Podhum,06/12/1992,Bosnia and Herzegovina,,734-832-9470
Patrizio,O' Ronan,Emmeloord,08/26/1992,Netherlands,poronan77@prlog.org,597-598-5234
Jock,McLafferty,Maria,01/29/1951,Indonesia,jmclafferty78@odnoklassniki.ru,445-612-7996
Shena,Pendrey,Mirandopólis,02/12/1987,Brazil,spendrey79@newyorker.com,713-346-9025
Elliott,Joll,Jiucaizhuang,02/25/1963,China,ejoll7a@google.nl,421-457-1801
Carmelita,Goodlatt,Mastaiciai,02/04/1967,Lithuania,cgoodlatt7b@bing.com,331-434-3510
Molli,Dickman,,,,mdickman7c@biblegateway.com,
King,Geffe,Mantalongon,01/28/1998,Philippines,kgeffe7d@1688.com,496-513-8564
Frieda,Corck,Ra’s Bayrūt,08/26/1992,Lebanon,,194-650-4941
Sileas,Alderson,Bogovarovo,07/03/1984,Russia,,851-941-6196
Antone,Bealing,Sulechów,04/05/1962,Poland,abealing7g@statcounter.com,846-783-1909
Drugi,Peet,Guicheng,02/01/1964,China,,314-575-3049
Lelia,Heads,Gorzów Śląski,05/07/1974,Poland,lheads7i@hugedomains.com,857-355-4357
Chad,Beetlestone,Panenggoede,10/23/1967,Indonesia,cbeetlestone7j@phpbb.com,166-947-7873
Larine,De Zamudio,Yong’an,06/24/1980,China,ldezamudio7k@disqus.com,695-463-5637
Lela,Griggs,Aldana,02/07/1996,Colombia,lgriggs7l@alibaba.com,476-592-1439
Alane,Bewshire,Golmud,04/23/1984,China,abewshire7m@google.com,507-757-6545
Almira,Legerwood,Jianshan,10/28/1953,China,alegerwood7n@github.io,730-598-9299
Pia,Davenhall,Milltown,04/23/1998,Ireland,pdavenhall7o@cnet.com,189-874-6380
Riccardo,Eneas,Evinayong,03/09/1981,Equatorial Guinea,reneas7p@yellowpages.com,910-629-0023
Jessy,Onyon,São Bento,10/24/1992,Brazil,jonyon7q@ft.com,561-846-2938
Ulrica,Troman,Marapat,10/15/1992,Indonesia,utroman7r@sourceforge.net,451-166-7549
Broddie,Soldner,Eirado,09/21/1974,Portugal,,250-527-8959
Hewett,Gulberg,Edgeworthstown,11/12/1987,Ireland,hgulberg7t@wsj.com,118-603-1735
Claudina,Craighill,Ol’ginka,01/27/1960,Russia,ccraighill7u@un.org,417-755-5174
Faina,Patkin,Gromnik,09/14/1964,Poland,,686-282-9700
Jeffy,Chelley,Áno Kastrítsion,09/23/1987,Greece,jchelley7w@usatoday.com,422-598-3470
Tonye,Keavy,Tintafor,07/20/1978,Sierra Leone,tkeavy7x@flickr.com,645-335-2633
Kasper,Bolesma,Sampaloc,03/08/1996,Philippines,kbolesma7y@seattletimes.com,637-439-2072
Lianna,Ganforth,Gračec,12/25/1999,Croatia,lganforth7z@eventbrite.com,267-593-2000
Brade,Pettiford,La Unión,11/06/1963,Chile,bpettiford80@amazon.com,297-922-4301
Enrika,Lindemann,Vrbovec,08/22/1976,Czech Republic,elindemann81@unesco.org,124-788-7253
Margit,Beeson,Doibang,08/16/1962,Indonesia,mbeeson82@wufoo.com,996-658-4300
Jacklin,Elcoat,Songshi,01/05/1965,China,,116-414-4296
Sonny,Yukhnev,Cililitan,12/23/1982,Indonesia,syukhnev84@privacy.gov.au,264-498-2533
Emelia,Billo,Pandanrejokrajan,05/29/1968,Indonesia,,423-812-3213
Davie,Fincke,Korhogo,05/05/1957,Ivory Coast,,327-107-2752
Hally,Lowne,Bārah,08/02/1962,Sudan,,999-617-3790
Wilden,Hambric,Cilangla,11/02/1968,Indonesia,whambric88@homestead.com,437-613-3742
Yasmin,Levicount,Mendī,08/24/1964,Ethiopia,,940-296-4033
Alameda,Diggin,Polepy,04/18/1976,Czech Republic,adiggin8a@nsw.gov.au,881-272-4997
Julee,Shuard,Sundbyberg,02/07/1994,Sweden,jshuard8b@latimes.com,910-387-6055
Kelbee,Battin,Dłutów,11/20/1988,Poland,,698-440-5276
Kial,Halfacree,Cihaur,08/19/1950,Indonesia,khalfacree8d@godaddy.com,725-174-4191
Krisha,Armsby,Ambato,02/02/1985,Ecuador,karmsby8e@sbwire.com,436-243-3821
Clarey,Pavlenkov,Russeifa,09/21/1964,Jordan,cpavlenkov8f@arstechnica.com,188-904-6390
Kori,Halliburton,Oehaunu,12/09/1969,Indonesia,khalliburton8g@independent.co.uk,656-111-2900
Fedora,Dore,Azacualpa,08/15/1982,Honduras,fdore8h@sohu.com,543-483-9729
Minerva,Bausor,Ibara,11/03/1961,Japan,mbausor8i@wunderground.com,483-230-9500
Carmita,Dowbakin,Nantes,11/12/1994,France,cdowbakin8j@lulu.com,704-964-1677
Wake,Kordt,Temirgoyevskaya,09/18/1962,Russia,wkordt8k@guardian.co.uk,956-785-4279
Traver,Morde,Niny,09/02/1968,Russia,tmorde8l@opensource.org,326-131-4542
Zahara,Shailer,Langxi,02/27/1976,China,,855-842-0491
Naoma,Schimoni,Revava,11/03/1993,Israel,,439-897-9850
Trude,McMickan,Quinocay,02/16/1986,Peru,tmcmickan8o@netvibes.com,820-689-9522
Jarrod,Percifer,Talghar,08/30/1990,Kazakhstan,jpercifer8p@china.com.cn,558-199-3776
Reyna,Riall,Hekou,03/09/1975,China,rriall8q@eepurl.com,649-480-9930
Randi,Duinbleton,Khuean Ubonrat,11/18/1985,Thailand,rduinbleton8r@cyberchimps.com,323-462-6939
Garwood,La Wille,Baisangguan,09/06/1999,China,,829-841-9653
Elora,McGlade,Yangyu,02/20/1961,China,emcglade8t@w3.org,394-108-9191
Jesse,Fairfoull,Banjar Pekandelan,03/17/1972,Indonesia,jfairfoull8u@home.pl,225-113-4781
Hartley,Castagne,Aoji-ri,01/30/1987,North Korea,hcastagne8v@opera.com,393-684-0991
Aryn,Ellick,Šoštanj,03/01/1984,Slovenia,aellick8w@msn.com,316-982-6569
Yorgo,Jumeau,Bolesławiec,08/09/1976,Poland,yjumeau8x@buzzfeed.com,890-682-7547
Moses,Doxey,Laxiong,08/28/1972,China,mdoxey8y@nydailynews.com,390-825-5609
Chloris,Maun,Kampungbaru,06/16/1985,Indonesia,cmaun8z@g.co,865-338-1654
Salome,Beardwood,,,,sbeardwood90@un.org,
Raul,Heinle,Mělník,05/21/1955,Czech Republic,rheinle91@cbslocal.com,170-700-6600
Dorrie,Bayldon,Dayu,10/03/1999,China,dbayldon92@netscape.com,483-260-1727
Ronnica,Pentecust,Esparza,09/05/1960,Costa Rica,rpentecust93@cdc.gov,440-761-0416
Aguste,Fisbburne,Plakhtiyivka,04/05/1970,Ukraine,afisbburne94@fotki.com,233-928-3124
Loreen,Tatlowe,Da’an,10/25/1973,China,ltatlowe95@youku.com,753-965-6658
Humbert,Tropman,Gurbuki,08/04/1978,Russia,htropman96@ibm.com,957-471-1258
Erastus,Nardi,Corpus Christi,10/13/1990,United States,,361-673-6612
Timothy,Kamien,Weibin,01/16/1952,China,tkamien98@pcworld.com,937-758-9387
Dmitri,Carvil,Bondo,05/06/1972,Democratic Republic of the Congo,,793-997-6063
Pearline,Brewers,Tambac,06/08/1966,Philippines,pbrewers9a@alexa.com,499-536-4619
Kylila,Shernock,Yakymivka,08/20/1970,Ukraine,kshernock9b@prnewswire.com,382-384-2992
Odey,Monni,Gerong,09/11/1950,Indonesia,omonni9c@adobe.com,373-625-7607
Adelaida,Learmont,Lakkha Nëvre,08/19/1956,Russia,alearmont9d@vistaprint.com,338-831-7508
Sergeant,Crates,Las Lajas,07/18/1987,Argentina,scrates9e@barnesandnoble.com,264-195-1940
Blakeley,Lanney,Palmeira,04/26/1991,Brazil,blanney9f@cbslocal.com,454-270-3330
Bartholomew,Phlippi,Buritizeiro,09/29/1987,Brazil,bphlippi9g@washington.edu,656-521-8094
Lucais,Egdal,Werang,09/25/1965,Indonesia,legdal9h@jimdo.com,967-885-4010
Gerick,Farfoot,Sokol’niki,02/06/1960,Russia,,108-364-4960
Eda,Payton,Sinyavino,06/08/1978,Russia,epayton9j@mail.ru,574-235-9184
Virginia,Bowra,Cabreúva,09/12/1999,Brazil,vbowra9k@vistaprint.com,340-323-3666
Lyell,Siebart,Chowki Jamali,04/02/1976,Pakistan,lsiebart9l@pagesperso-orange.fr,846-102-9559
Marysa,Blackburn,Cravinhos,04/07/1995,Brazil,mblackburn9m@admin.ch,364-788-5622
Vonny,Fugere,,,,vfugere9n@chron.com,
Stan,Starmer,Hutang,04/06/1955,China,sstarmer9o@freewebs.com,574-371-5636
Kissee,Tiler,Gayam,07/12/1971,Indonesia,ktiler9p@dropbox.com,367-492-0080
Callie,Jeanel,Xiangyun,10/17/1994,China,cjeanel9q@weather.com,514-716-5014
Carmencita,Dumbelton,Kota Bharu,09/11/1994,Malaysia,cdumbelton9r@merriam-webster.com,458-548-8257
Gael,Haddow,Strängnäs,01/04/1982,Sweden,ghaddow9s@soup.io,762-334-2828
Marinna,Asmus,Caicedonia,01/31/1972,Colombia,masmus9t@lycos.com,709-133-3466
Jedd,Gartenfeld,Panji,04/22/1988,Indonesia,jgartenfeld9u@vkontakte.ru,376-429-8605
Sampson,Anglish,Čačak,10/12/1998,Serbia,sanglish9v@apache.org,607-121-1315
Kimbra,Caramuscia,Ludu,03/13/1950,China,kcaramuscia9w@gmpg.org,186-677-6853
Tye,Bumphrey,Buerarema,09/18/1986,Brazil,tbumphrey9x@guardian.co.uk,249-957-0430
Sean,Tune,Da-an Sur,12/07/1965,Philippines,stune9y@altervista.org,183-376-2045
Clarance,Lottrington,Kalāt-e Nāderī,12/14/1988,Iran,clottrington9z@tumblr.com,417-452-6678
Esdras,Woodall,Ninh Giang,06/06/1981,Vietnam,ewoodalla0@networksolutions.com,128-259-5056
Ellary,Jedrachowicz,Pęczniew,04/04/1961,Poland,ejedrachowicza1@imdb.com,460-166-0524
Lucho,Dutt,Campinho,04/22/1987,Portugal,ldutta2@wired.com,752-412-5508
Karylin,Jacobbe,Furmanov,09/15/1991,Russia,kjacobbea3@sitemeter.com,502-958-6913
Friederike,Trembley,Vila Franca de Xira,12/05/1967,Portugal,ftrembleya4@cdbaby.com,214-276-6829
Sonja,Heber,Waco,01/03/1958,United States,shebera5@oaic.gov.au,254-932-3989
Freeland,Antoniottii,Dongshi,10/05/1963,China,fantoniottiia6@cdbaby.com,178-133-5129
Axel,Smithe,Huanan,10/10/1970,China,asmithea7@desdev.cn,250-660-3875
Juana,Zellick,Patrída,09/27/1975,Greece,jzellicka8@ning.com,787-249-2797
Bernette,Truin,Cane,02/09/1960,Honduras,btruina9@furl.net,545-392-4883
Jessica,Marlowe,Lucma,03/26/1959,Peru,,865-436-4265
Noella,Broy,Mao,11/29/1996,Chad,,976-422-2478
Ashlie,Marks,Pimbalayan,03/31/1990,Philippines,amarksac@japanpost.jp,756-537-5278
Kerrie,Cheales,Marseille,06/08/1960,France,kchealesad@mapquest.com,913-380-9344
Kaylil,Calvard,San Francisco,01/31/1985,Colombia,,319-590-1414
Allistir,Mourgue,Sila Lat,06/05/1974,Thailand,amourgueaf@over-blog.com,824-230-8200
Fredi,Hammant,Wierzchosławice,07/19/1986,Poland,fhammantag@bloomberg.com,548-321-6758
Evyn,Perez,,,,eperezah@icq.com,
Lenore,Gavozzi,Antipolo,08/11/1961,Philippines,lgavozziai@de.vu,964-715-3160
Aryn,Kunert,Outeiro de Polima,12/16/1965,Portugal,akunertaj@auda.org.au,774-277-5732
Thea,Rostron,Pueblo Nuevo Viñas,12/03/1981,Guatemala,trostronak@xrea.com,174-464-8681
Erskine,Beecroft,Kosino,05/18/1974,Russia,ebeecroftal@networksolutions.com,764-251-2397
Jedidiah,Gorsse,Mabini,10/09/1998,Philippines,jgorsseam@networksolutions.com,671-661-8128
Karlyn,De Witt,Kabuynan,01/18/1993,Philippines,kdewittan@flavors.me,876-233-1194
Chastity,Hellyar,Bratislava,08/25/1967,Slovakia,chellyarao@google.nl,955-456-1055
Donalt,Bullman,Zhiletovo,04/20/1956,Russia,dbullmanap@fema.gov,212-518-6494
Cecilla,Osboldstone,Palana,09/01/1984,Russia,,821-329-3813
Lesli,Muzzini,Trubchevsk,07/16/1970,Russia,lmuzziniar@apache.org,332-490-5021
Nariko,Walsom,Ḩabūr,05/13/1997,Yemen,,608-716-7976
Ernestine,Nagle,Arcangel,08/21/1997,Philippines,enagleat@fema.gov,816-798-0673
Gianna,Arnfield,Chilmāri,10/03/1969,Bangladesh,garnfieldau@flavors.me,855-189-4135
Hortense,Kleeborn,Mogi das Cruzes,12/18/1985,Brazil,hkleebornav@tuttocitta.it,338-971-7601
Bren,Rumin,Tonshayevo,09/05/1957,Russia,bruminaw@myspace.com,527-488-0951
Ileane,Bence,Zhanbei,04/24/1958,China,ibenceax@discuz.net,682-607-6299
Cassandre,Springell,Brakas,05/17/1959,Indonesia,,146-745-0807
Read,Geekin,Beitan,12/18/1962,China,rgeekinaz@w3.org,335-911-9246
Rozina,Turbern,Choibalsan,04/12/1966,Mongolia,rturbernb0@yandex.ru,276-114-5271
Wesley,Grinikhin,La Palma,11/15/1954,Panama,,921-897-7986
Bertrando,Hallet,Capão da Canoa,01/11/1973,Brazil,bhalletb2@salon.com,493-885-5360
Quent,Noe,Cernache do Bonjardim,07/28/1973,Portugal,qnoeb3@nifty.com,378-155-6220
Tracy,Aldie,Zhangdun,04/11/1980,China,taldieb4@guardian.co.uk,385-649-2807
Egan,Molloy,Carson City,07/17/1963,United States,emolloyb5@addthis.com,775-918-5750
Cristi,Korlat,Galatás,07/16/1972,Greece,ckorlatb6@etsy.com,555-263-0285
Robinette,Angelini,,,,rangelinib7@reddit.com,
Barbara,Golton,Pantanal,08/29/1995,Brazil,bgoltonb8@senate.gov,379-183-2934
Gennie,Bartholat,Lebu,12/25/1999,Chile,gbartholatb9@clickbank.net,937-528-2295
Burnard,Wyldish,Albany,01/04/1968,United States,,518-636-9435
Alexandrina,MacTrusty,Freiburg im Breisgau,10/03/1968,Germany,amactrustybb@prweb.com,459-179-2489
Leicester,Lochran,Darhan,03/26/1976,Mongolia,llochranbc@economist.com,275-220-5766
Raye,Elen,Rawasan,02/08/1986,Indonesia,relenbd@icio.us,283-858-8956
Jackie,Brient,San Andros,02/01/1956,Bahamas,jbrientbe@cornell.edu,768-868-6209
Royal,Feehan,Layo,06/13/1992,Peru,,337-253-4990
Allison,Kochl,Isabela,08/25/1994,Philippines,akochlbg@addtoany.com,756-933-8518
Marcelia,Beagles,Linköping,06/18/1975,Sweden,mbeaglesbh@networkadvertising.org,604-974-4788
Ferguson,Kirkman,Cikalong,04/09/1982,Indonesia,fkirkmanbi@youtube.com,948-739-6007
Jefferson,MacDonell,Lukulu,01/19/1996,Zambia,jmacdonellbj@illinois.edu,129-356-6703
Kliment,Elgar,,,,kelgarbk@i2i.jp,
Sabra,Bathow,Bitica,03/01/1979,Equatorial Guinea,sbathowbl@prlog.org,607-101-5487
Neille,Leupold,Ipojuca,02/28/1981,Brazil,nleupoldbm@behance.net,846-828-4685
Darcy,Agass,Imtarfa,08/18/1954,Malta,dagassbn@digg.com,680-662-2579
Mahalia,Tomsen,Cinangka,11/16/1954,Indonesia,mtomsenbo@pinterest.com,750-149-9317
Prudy,Yousef,Bayt Sāḩūr,08/18/1983,Palestinian Territory,pyousefbp@berkeley.edu,808-936-8812
Chantal,Gadman,Casa Quemada,05/23/1998,Honduras,cgadmanbq@mashable.com,731-377-1144
Tadd,Pyser,Waegwan,10/29/1978,South Korea,tpyserbr@google.fr,958-838-7226
Marina,Beatens,Loufan,12/12/1959,China,mbeatensbs@sina.com.cn,818-842-2799
Moselle,Kinchington,Tambalisa,09/06/1996,Philippines,mkinchingtonbt@state.gov,682-643-8187
Eilis,Gue,Hāgere Selam,09/19/1990,Ethiopia,eguebu@techcrunch.com,814-516-2924
Olimpia,Klaaassen,Louredo,08/15/1998,Portugal,oklaaassenbv@fema.gov,642-113-6572
Arden,Deerr,Guadalupe Victoria,12/20/1992,Mexico,adeerrbw@webmd.com,114-506-9907
Emilio,Hoodspeth,Linköping,07/18/1987,Sweden,ehoodspethbx@nymag.com,374-726-4505
Paulie,Orrin,Addiet Canna,04/04/1978,Ethiopia,porrinby@360.cn,800-486-9154
Afton,Terron,Solčava,09/14/1986,Slovenia,aterronbz@va.gov,716-718-2094
Renaldo,Baelde,Kitamilo,03/25/1989,Uganda,rbaeldec0@mac.com,462-484-4819
Waring,Peachey,Poço Verde,12/04/1972,Brazil,wpeacheyc1@hugedomains.com,174-215-9053
Eda,Logesdale,Drohobych,07/22/1970,Ukraine,elogesdalec2@mac.com,425-823-4600
Elsey,Duer,Boden,02/01/1985,Sweden,eduerc3@alexa.com,531-892-4700
Kristi,Degoe,Mokwa,08/27/1956,Nigeria,kdegoec4@utexas.edu,546-490-5370
Elysee,Entwisle,Port-Vila,12/28/1995,Vanuatu,,635-882-3890
Clare,Sobey,Parajara,09/14/1960,Indonesia,csobeyc6@yale.edu,600-562-6629
Fidelity,Martinot,Toulon,09/09/1950,France,fmartinotc7@youtu.be,723-316-7014
Yovonnda,Philler,Lakateng,03/06/1985,Indonesia,yphillerc8@networksolutions.com,325-590-7050
Fancie,Duncanson,Shreveport,06/12/1973,United States,fduncansonc9@ovh.net,318-882-8673
Basia,Berrow,Gelang,04/28/1990,Indonesia,bberrowca@dell.com,371-212-6336
Nestor,Bruyntjes,Gracias,07/01/1966,Honduras,nbruyntjescb@macromedia.com,419-209-3104
Zorah,Sex,Beauvais,08/22/1977,France,zsexcc@theglobeandmail.com,743-551-2532
Eolande,Geall,,,,egeallcd@last.fm,
Wilma,Heimes,Pitogo,03/01/1995,Philippines,wheimesce@netscape.com,924-161-6601
Bond,Wolsey,,,,,
Sherwin,Shambrook,Na Tan,07/20/1958,Thailand,sshambrookcg@usnews.com,129-841-2865
Fayina,Kleinhaus,Kieta,09/27/1965,Papua New Guinea,fkleinhausch@homestead.com,657-941-1059
Phoebe,Loudon,Laholm,09/29/1970,Sweden,ploudonci@mapquest.com,229-426-1124
Nerti,Dunmore,Naukšēni,10/21/1962,Latvia,,809-825-4332
Minni,Troillet,Malesína,05/27/1995,Greece,mtroilletck@samsung.com,623-742-4078
Myles,Lorait,Yisuhe,01/01/1978,China,,102-603-4656
Devlen,Farnan,Minnedosa,06/15/1967,Canada,dfarnancm@mit.edu,268-100-6822
Juliana,Stout,Simpang,11/19/1977,Indonesia,jstoutcn@theglobeandmail.com,812-631-2037
Thain,Pullin,Cilongkrang,09/14/1987,Indonesia,,852-647-2361
Bastian,Callan,Mukō,12/10/1988,Japan,bcallancp@state.gov,391-558-5231
Melany,Gellion,Dengjia,11/08/1954,China,mgellioncq@ihg.com,493-474-7801
Gibby,Van't Hoff,,,,gvanthoffcr@nbcnews.com,
Lionello,Wessel,Chunyang,02/15/1989,China,lwesselcs@wikia.com,420-848-9646
Darcie,Jewster,El Puente,04/26/1965,Honduras,djewsterct@apache.org,956-526-2802
Ricoriki,Farlambe,Yuewan,12/04/1985,China,rfarlambecu@ning.com,340-108-5206
Barrie,Unitt,Kertahayu,07/30/1974,Indonesia,bunittcv@craigslist.org,205-773-8523
Renado,Beckitt,Kapinango,10/21/1970,Indonesia,,498-555-7486
Josephina,Chastan,,,,jchastancx@reddit.com,
Rebecka,Cleall,,,,rcleallcy@php.net,
Athene,Brownsmith,Tola,12/17/1982,Nicaragua,,645-929-1095
Lenora,Westby,Bogoria,04/26/1995,Poland,lwestbyd0@bluehost.com,619-814-7068
Rowland,Hibling,Kuala Pilah,12/14/1970,Malaysia,rhiblingd1@umich.edu,639-708-0809
Isador,Sugge,Karagandy,06/01/1994,Kazakhstan,isugged2@spotify.com,741-620-3375
Domingo,Paye,Stockholm,05/20/1962,Sweden,dpayed3@soundcloud.com,975-732-3604
Cyrillus,Jedryka,Yingpu,06/16/1987,China,cjedrykad4@ucla.edu,347-331-0047
Shelli,Cicero,Al Quţayfah,01/14/1993,Syria,scicerod5@github.io,951-412-6185
Timmi,Pinwell,Svetlyy,12/27/1991,Russia,tpinwelld6@baidu.com,844-118-4231
Angela,Bernath,Pojok,02/18/1988,Indonesia,abernathd7@sciencedirect.com,549-495-9582
Melicent,Haffner,Bunda,01/04/1959,Tanzania,mhaffnerd8@cbc.ca,125-614-8633
Laverna,Kefford,Paccho,03/18/1995,Peru,lkeffordd9@sourceforge.net,733-372-6671
Mignonne,Luppitt,Liucheng,09/17/1967,China,mluppittda@hugedomains.com,932-257-0056
Anatollo,Manders,Huanggang,03/27/1957,China,amandersdb@mediafire.com,172-277-3278
Sher,Evensden,Daytona Beach,07/09/1967,United States,sevensdendc@soundcloud.com,386-283-0326
Nicolis,Robertshaw,Porto Alegre,08/16/1973,Brazil,nrobertshawdd@xinhuanet.com,268-561-7192
Rebeka,Petrolli,Dalun,11/09/1983,China,,683-778-4633
Mindy,de Vaen,San Antonio,03/17/1959,Chile,mdevaendf@diigo.com,871-132-2919
Katrina,Duckering,Matsuyama,05/24/1987,Japan,kduckeringdg@rakuten.co.jp,341-267-8772
Lucine,Chavrin,Baishan,11/09/1975,China,lchavrindh@huffingtonpost.com,251-509-0155
Halette,Cressingham,Shuiyuan,02/22/1963,China,hcressinghamdi@dedecms.com,936-699-0928
Elyn,Mathevon,Raychikhinsk,06/02/1961,Russia,emathevondj@goo.gl,255-567-8701
Gualterio,Jollands,Xiaotang,03/05/1977,China,gjollandsdk@elpais.com,170-746-0627
Zacherie,Cokly,Purda,02/17/1981,Poland,,217-295-9395
Annis,Medler,Huochang,05/08/1967,China,amedlerdm@redcross.org,946-412-7866
Shari,Daens,Kostrzyn nad Odrą,07/07/1956,Poland,sdaensdn@buzzfeed.com,861-723-9793
Hanni,Damato,Al Başrah,08/08/1965,Iraq,hdamatodo@clickbank.net,323-288-3036
Selby,Danilovitch,Basa,03/05/1985,Indonesia,sdanilovitchdp@shop-pro.jp,416-795-2792
Deerdre,Millmore,Wojcieszków,10/21/1988,Poland,,131-584-6740
Reube,Gammons,Józefów,12/26/1967,Poland,rgammonsdr@ucsd.edu,239-961-9606
Ervin,Paddington,,,,,
Lin,Janacek,Kalinovskaya,10/09/1976,Russia,ljanacekdt@hibu.com,847-355-8877
Aube,Butterley,Richmond,09/02/1955,South Africa,abutterleydu@shop-pro.jp,673-368-5212
Tootsie,Wace,Taradale,03/07/1954,New Zealand,,746-342-3007
Flo,Sambals,Phichai,08/07/1980,Thailand,,124-831-7556
Florella,Coult,Kérkyra,01/27/1972,Greece,,296-493-6070
Mommy,Ismead,Bandong,06/04/1954,China,mismeaddy@paypal.com,142-652-4467
Merrile,Bortolomei,Tegallega,11/22/1971,Indonesia,mbortolomeidz@tripod.com,991-512-6490
Montgomery,Pearmain,Wanmingang,09/15/1994,China,,394-564-7659
Hunt,MacMichael,Sumbawa Besar,06/22/1989,Indonesia,hmacmichaele1@prlog.org,525-489-8231
Massimo,Dunlop,Dolna Banya,01/07/1989,Bulgaria,mdunlope2@wufoo.com,869-122-9478
Gianni,Fellis,Sztum,05/13/1992,Poland,gfellise3@xinhuanet.com,616-172-2206
Brana,Balch,Marki,12/16/1990,Poland,bbalche4@zdnet.com,627-625-7545
George,Krabbe,Montería,03/28/1986,Colombia,gkrabbee5@zdnet.com,319-674-7512
Barby,Michelin,San Cristóbal,01/16/1954,Venezuela,bmicheline6@cafepress.com,924-730-0708
Shurlock,Oventon,Diónysos,04/17/1985,Greece,soventone7@senate.gov,603-905-0363
Kai,Brockton,Catalina,10/28/1987,Canada,kbrocktone8@naver.com,725-156-3808
Car,Lambol,Milanów,07/19/1967,Poland,clambole9@japanpost.jp,177-459-0163
Minna,Olander,Pa Phayom,06/09/1968,Thailand,molanderea@admin.ch,726-975-9667
Lurlene,Gillaspy,El Limón,11/16/1984,Venezuela,lgillaspyeb@goodreads.com,637-544-6966
Maddalena,Moreside,Jinshanwei,10/06/1956,China,mmoresideec@opera.com,217-799-6440
Brantley,Gaspard,Wojcieszków,10/02/1987,Poland,,509-407-7402
Flory,D'Alessandro,Tulsa,07/06/1966,United States,fdalessandroee@wsj.com,918-284-4291
Benji,Bigg,La Unión,01/20/1966,Colombia,bbiggef@hibu.com,658-668-5739
Allie,Brettell,Haishan,12/27/1969,China,abrettelleg@is.gd,735-956-5772
Darrel,Pattrick,Grenoble,12/13/1974,France,dpattrickeh@foxnews.com,723-195-6183
Booth,MacKintosh,Gadzhiyevo,01/18/1969,Russia,bmackintoshei@trellian.com,973-622-6185
Domini,Cootes,Vale da Serra,11/03/1969,Portugal,,858-226-6154
Mar,Gleadle,Boden,06/28/1994,Sweden,mgleadleek@yandex.ru,704-760-8679
Randi,Potapczuk,San Jerónimo,06/20/1957,Peru,,320-368-3311
Bernie,Mityushkin,Berovo,05/29/1995,Macedonia,bmityushkinem@psu.edu,366-153-4043
Rahal,Gorrie,Hezhi,07/05/1966,China,rgorrieen@icq.com,212-898-7430
Nero,Gimbrett,Huizhai,09/04/1970,China,ngimbretteo@seattletimes.com,517-107-5164
Roland,Sute,Jiujiang,02/26/1961,China,rsuteep@salon.com,897-272-5891
Louis,Rikard,Jiadingzhen,09/18/1970,China,lrikardeq@pcworld.com,779-479-9578
Alfonso,Neeves,Daphu,11/05/1950,Bhutan,aneeveser@seesaa.net,465-739-9076
Stanislas,Oganesian,Zernograd,04/10/1971,Russia,soganesianes@chronoengine.com,367-516-9169
Lenci,Melato,Boshi,02/01/1960,China,lmelatoet@networksolutions.com,761-516-2980
Yule,Bartlam,,,,,
Jilli,Hrishchenko,Jixi,08/20/1954,China,jhrishchenkoev@discovery.com,574-577-7846
Freda,Lob,Derjan,04/24/1992,Albania,,540-239-8530
Ardenia,Malling,Saitama,10/31/1956,Japan,amallingex@over-blog.com,318-449-2089
Germain,Asty,Chuarrancho,07/02/1967,Guatemala,gastyey@posterous.com,208-495-0865
Billye,Piechnik,Srinjine,04/16/1986,Croatia,bpiechnikez@hhs.gov,410-733-9310
Abdul,Alison,Sutukoba,09/22/1981,Gambia,aalisonf0@fastcompany.com,520-583-0620
Brunhilde,Tomley,Shuangfeng,01/11/1975,China,btomleyf1@meetup.com,106-533-1855
Hollie,Cassy,Qianshan,03/18/1996,China,,363-784-9788
Phelia,Aaron,Carlsbad,09/19/1997,United States,paaronf3@wisc.edu,760-140-5727
Jillana,McGrudder,Kiambu,02/11/1973,Kenya,jmcgrudderf4@census.gov,787-166-2737
Conn,Labbati,København,05/15/1961,Denmark,clabbatif5@plala.or.jp,600-900-2315
Darsie,Sidon,Nizhniy Novgorod,03/13/1969,Russia,dsidonf6@state.tx.us,501-727-4399
Anderson,Palfrie,Wuping,06/28/1972,China,apalfrief7@deliciousdays.com,629-704-2937
Dick,Rose,Guifões,12/09/1969,Portugal,drosef8@europa.eu,232-310-9066
Travis,Mullane,Syktyvkar,08/05/1979,Russia,tmullanef9@elpais.com,570-829-3885
Sibella,Cowgill,Ciklapa,09/16/1950,Indonesia,scowgillfa@com.com,803-664-7472
Elsworth,Lintill,Paris 13,09/27/1992,France,,646-131-4083
Alina,McDonagh,Sakhnīn,08/07/1972,Israel,amcdonaghfc@adobe.com,208-779-4576
Bert,Greig,,,,bgreigfd@washingtonpost.com,
Whitaker,Lumpkin,Yantian,10/18/1990,China,wlumpkinfe@bluehost.com,913-272-6273
Morganne,Marston,Yokotemachi,11/08/1967,Japan,,433-665-7878
Tate,Hesse,Vitória,01/14/1984,Brazil,thessefg@ftc.gov,874-767-1252
James,Marmion,Amolatar,06/14/1987,Uganda,jmarmionfh@elpais.com,967-498-1393
Shirlene,Fairchild,Wanganui,02/12/1954,New Zealand,sfairchildfi@mediafire.com,136-695-2209
Eadith,Scriver,Trenton,07/29/1979,United States,,609-149-8715
Quintus,Pounds,Phetchabun,07/15/1973,Thailand,qpoundsfk@sakura.ne.jp,826-306-4747
Gabrielle,Menure,Lühua,04/27/1961,China,gmenurefl@redcross.org,780-604-9728
Jamie,Maceur,,,,jmaceurfm@uol.com.br,
Nelly,Howes,Przyborów,05/08/1957,Poland,,847-348-7782
Regan,Toogood,Yevlakh,09/04/1958,Azerbaijan,rtoogoodfo@pinterest.com,522-405-9526
Lainey,Grebert,Paupanda Bawah,09/15/1994,Indonesia,,273-705-7897
Lulu,Rocco,Caozhen,02/02/1999,China,lroccofq@cargocollective.com,219-803-0219
Michale,Mattiassi,Qijiang,08/02/1965,China,mmattiassifr@scribd.com,433-845-9257
Nancie,Arnison,Urho,01/25/1976,China,narnisonfs@paginegialle.it,647-529-1111
Fanya,Bumphrey,Zushi,05/19/1975,Japan,fbumphreyft@zdnet.com,908-732-9053
Carleen,Proudler,Bilshivtsi,11/19/1998,Ukraine,cproudlerfu@4shared.com,638-393-8098
Eadith,Thornebarrow,Burgos,09/16/1980,Philippines,ethornebarrowfv@washingtonpost.com,327-618-7594
Bernie,Twiggins,Tunasbaru,02/27/1994,Indonesia,btwigginsfw@auda.org.au,984-436-2971
Joanie,Turbern,,,,jturbernfx@sphinn.com,
Edith,Shewon,Seredyna-Buda,06/03/1976,Ukraine,eshewonfy@com.com,373-574-9057
Wynny,Pittendreigh,,,,wpittendreighfz@google.fr,
Salaidh,Botterman,Senj,09/09/1966,Croatia,sbottermang0@marketwatch.com,145-689-5492
Miran,Muschette,Hennenman,08/23/1964,South Africa,mmuschetteg1@sina.com.cn,741-851-6897
Taddeo,Brisset,Tangcun,05/22/1980,China,tbrissetg2@unc.edu,860-269-3523
Rasla,Cauthra,Atengmelang,07/08/1980,Indonesia,,865-297-5918
Kellia,Radeliffe,,,,kradeliffeg4@posterous.com,
Heidie,Cave,Yaruchel,07/09/1979,Honduras,,348-833-0388
Corabel,Hannant,Chixi,05/19/1996,China,,532-858-6462
Kristopher,Baugh,Bertelhe,04/29/1950,Portugal,,396-453-7766
Nona,Durrand,Minneapolis,01/19/1994,United States,ndurrandg8@google.de,952-139-4575
Adrienne,Romero,Walakeri,07/05/1959,Indonesia,aromerog9@tinyurl.com,740-953-9678
Newton,Mazzia,Kungsbacka,11/05/1955,Sweden,nmazziaga@unicef.org,903-911-7550
Terrence,Delacroux,Tianning,09/30/1969,China,,499-255-9447
Richie,Meechan,,,,rmeechangc@harvard.edu,
Farica,Jagson,Sula,09/28/1986,Philippines,fjagsongd@usda.gov,304-961-4272
Mame,Sabathe,Panjakent,12/11/1963,Tajikistan,,226-983-9627
Carey,Pridding,Paris 08,07/18/1950,France,cpriddinggf@cmu.edu,683-126-9964
Stacia,O'Noland,Papineauville,03/08/1967,Canada,,146-454-9646
Fletcher,Kellar,Luoshe,09/13/1997,China,fkellargh@apache.org,594-337-4557
Bethina,Rickerd,Brades,04/29/1951,Montserrat,brickerdgi@nationalgeographic.com,677-581-2849
Lannie,Glendining,Bajiao,09/10/1968,China,lglendininggj@seattletimes.com,703-333-5891
Khalil,Oleshunin,Radom,03/31/1966,Poland,koleshuningk@bravesites.com,136-919-7756
Clemmy,Cordell,Namballe,02/20/1976,Peru,ccordellgl@businesswire.com,862-239-9814
Cull,Bosquet,Lorena,06/21/1994,Brazil,cbosquetgm@loc.gov,970-291-5132
Cybil,Stroder,,,,cstrodergn@zdnet.com,
Der,McCoughan,Bolilao,02/19/1953,Philippines,dmccoughango@slashdot.org,902-487-7277
Gib,Anniwell,Barbacena,07/24/1960,Brazil,ganniwellgp@npr.org,853-488-4486
Tonie,Troy,Libertad,02/26/1964,Philippines,,504-374-0922
Filippa,Dentith,Masākin,12/18/1985,Tunisia,fdentithgr@nps.gov,153-785-9995
Nessy,Braddon,Jiujianfang,10/02/1983,China,nbraddongs@alibaba.com,888-232-4866
Darb,Merigeau,Asmara,08/20/1995,Eritrea,dmerigeaugt@behance.net,206-992-1504
Verene,Clitherow,Sam Khok,06/12/1997,Thailand,vclitherowgu@moonfruit.com,803-404-1349
Gale,Braidley,Trzebnica,07/17/1978,Poland,gbraidleygv@reference.com,715-227-0953
Christyna,Hatzar,20 de Noviembre,07/20/1973,Mexico,chatzargw@wsj.com,729-273-1011
Kiley,Packwood,Rueil-Malmaison,09/11/1961,France,kpackwoodgx@163.com,220-505-5835
Onofredo,Clawley,Valence,08/11/1954,France,,367-227-5099
Vinny,Dunks,Golek,03/23/1986,Indonesia,vdunksgz@yale.edu,617-111-8701
Goldy,Renish,Pyu,04/24/1995,Myanmar,grenishh0@nba.com,959-130-8012
Victoria,Clingoe,Vozuća,10/28/1999,Bosnia and Herzegovina,vclingoeh1@guardian.co.uk,446-465-6091
Dag,Granville,,,,dgranvilleh2@tiny.cc,
Johannah,Arminger,Cát Bà,10/01/1960,Vietnam,jarmingerh3@comsenz.com,515-120-7183
Nissy,Dudderidge,Vila Chã,02/22/1962,Portugal,ndudderidgeh4@usatoday.com,332-512-3086
Nessa,Shaw,Llocllapampa,05/31/1961,Peru,nshawh5@nba.com,637-761-8769
Allianora,Airey,Zalesnoye,05/01/1963,Ukraine,aaireyh6@com.com,356-907-9660
Myranda,Tarren,La Courneuve,03/01/1968,France,mtarrenh7@naver.com,866-193-7901
Lorianna,Mickleburgh,Lendan,02/26/1959,Indonesia,lmickleburghh8@google.nl,386-895-2081
Felicle,Walthew,Standerton,04/22/1960,South Africa,fwalthewh9@domainmarket.com,447-215-5102
Fiann,Rigler,Yuyapichis,09/19/1959,Peru,,520-765-3326
Robbie,Jacobsohn,Kobayashi,01/06/1999,Japan,rjacobsohnhb@google.com.hk,547-900-6226
Curtice,Terris,Taishihe,08/07/1991,China,cterrishc@booking.com,487-528-6909
Roxana,Epelett,,,,repeletthd@1und1.de,
Adelbert,Marzello,Kebon,05/07/1967,Indonesia,amarzellohe@mail.ru,120-468-1490
Leighton,Talbot,Nowe Miasto,10/28/1992,Poland,ltalbothf@stanford.edu,884-371-9385
Theodora,Grimes,Iwaki,10/06/1988,Japan,tgrimeshg@europa.eu,358-291-3696
Caralie,Lishmund,Yangji,07/02/1980,China,,599-954-5608
Corby,Raithby,Huazangsi,02/22/1962,China,craithbyhi@cnet.com,677-758-4301
Jayson,Frantzen,Baie-Comeau,11/22/1972,Canada,jfrantzenhj@boston.com,910-340-5561
Ava,Giovanazzi,Kuching,01/10/1964,Malaysia,agiovanazzihk@imdb.com,926-637-4347
Benita,Eppson,Pappadátes,11/27/1996,Greece,beppsonhl@github.io,611-868-6886
Dorry,Reeders,Pico Truncado,03/14/1955,Argentina,dreedershm@businessweek.com,436-278-8738
Clevie,Sprouls,Bruxelles,10/21/1995,Belgium,csproulshn@typepad.com,939-566-0457
Lianne,Durgan,,,,,
Danyelle,Farnsworth,San Marcos,11/20/1990,Guatemala,dfarnsworthhp@cbsnews.com,748-998-9728
Stearn,Jirzik,,,,sjirzikhq@arstechnica.com,
Quinn,Romanetti,Liangshuihe,11/04/1982,China,qromanettihr@netlog.com,188-602-9241
Lily,Catchpole,Guanting,01/01/1996,China,,593-621-8083
Lexie,Pohling,Pluak Daeng,11/23/1968,Thailand,lpohlinght@flickr.com,817-283-8297
Cristie,Spridgeon,,,,cspridgeonhu@ask.com,
Merry,Takle,San Agustín,08/26/1976,El Salvador,mtaklehv@people.com.cn,528-829-8921
Arnaldo,Lyttle,Dijon,06/29/1970,France,alyttlehw@dell.com,645-587-5906
Blakelee,Thowes,Nowa Ruda,10/22/1957,Poland,bthoweshx@is.gd,523-451-4772
Iolande,Woodyer,Dallas,04/08/1987,United States,,214-656-8540
Earle,Tredinnick,Lalig,06/19/1970,Philippines,etredinnickhz@chronoengine.com,737-913-1775
Howie,Torfin,Nevesinje,07/14/1966,Bosnia and Herzegovina,htorfini0@dot.gov,396-459-8440
Georg,Gilham,Kromasan,05/09/1979,Indonesia,ggilhami1@tumblr.com,294-296-0839
Elberta,King,Besteiros,05/20/1993,Portugal,,436-225-8183
Cristy,Charles,Przemków,02/04/1997,Poland,ccharlesi3@cnn.com,707-121-0643
Toni,Lunck,Jacksonville,12/21/1952,United States,tluncki4@desdev.cn,904-519-9324
Eve,Twiname,,,,etwinamei5@blogs.com,
Leigh,Cawthry,Białołeka,02/13/1965,Poland,lcawthryi6@tripadvisor.com,169-368-2540
Estella,Nother,Yushu,05/06/1995,China,,901-205-7569
Dniren,Harly,Boldumsaz,10/14/1956,Turkmenistan,dharlyi8@fotki.com,561-570-1176
Perkin,Hacquard,Shimiaozi,06/17/1972,China,phacquardi9@cdc.gov,948-678-6897
Remington,Fidge,,,,rfidgeia@naver.com,
Vivianna,Sailer,Hexi,05/12/1966,China,vsailerib@businessinsider.com,965-303-0194
Cosette,Harling,Jibiya,07/11/1957,Nigeria,,944-775-4564
Filide,Wotherspoon,Lidzbark,10/30/1951,Poland,fwotherspoonid@fotki.com,634-904-1175
Serge,Angeau,Lasi Dua,05/05/1953,Indonesia,,389-597-9253
Clayton,Hatherley,Santa Bárbara,05/11/1960,Venezuela,chatherleyif@amazon.co.uk,214-865-3574
Yolanthe,Gillum,Slavuta,12/06/1998,Ukraine,ygillumig@blog.com,917-345-0225
Randene,Ousley,Köneürgench,05/29/1989,Turkmenistan,,493-112-2575
Elianora,Restill,Koch'ang,12/22/1984,South Korea,erestillii@imdb.com,123-207-3047
Torry,Franciskiewicz,Chojnów,03/29/1952,Poland,tfranciskiewiczij@sitemeter.com,852-418-5693
Eden,Gibard,Los Andes,11/06/1966,Colombia,egibardik@merriam-webster.com,106-102-6283
Nicholas,Danett,Dehī,06/15/1977,Afghanistan,ndanettil@abc.net.au,529-400-0309
Risa,Hamsley,Gambarjati,04/04/1991,Indonesia,rhamsleyim@apple.com,120-929-7423
Hilary,Lambrook,Coronda,01/28/1962,Argentina,hlambrookin@noaa.gov,728-182-7336
Randal,Ervine,Los Santos,03/10/1966,Panama,,793-354-5777
Dianemarie,Franceschelli,Lingyang,09/23/1982,China,,356-518-8591
Jessey,Swenson,Zhouji,04/19/1950,China,jswensoniq@typepad.com,776-625-7144
Holly-anne,Tangye,,,,htangyeir@cocolog-nifty.com,
Normy,Felstead,,,,nfelsteadis@skyrock.com,
Blair,Banting,Rego,12/02/1962,Portugal,bbantingit@csmonitor.com,875-149-4237
Garvin,Alekhov,San Miguel,07/01/1961,Mexico,galekhoviu@amazon.com,202-154-3331
Constantine,Fay,Guisguis,01/02/1950,Philippines,cfayiv@webeden.co.uk,300-939-7890
Carlyn,Riddall,Andkhōy,07/13/1959,Afghanistan,criddalliw@biglobe.ne.jp,438-797-2760
Chelsea,Fortnam,Marull,12/16/1995,Argentina,cfortnamix@eventbrite.com,472-925-8601
Maryanna,Schustl,Vân Đình,10/17/1999,Vietnam,mschustliy@mozilla.com,503-829-4249
Web,Courtney,Dupnitsa,10/13/1991,Bulgaria,wcourtneyiz@topsy.com,737-277-4438
Orton,Philbin,Tutup,07/03/1999,Indonesia,ophilbinj0@nasa.gov,980-725-5661
Gallagher,Stallan,Banyue,07/06/1952,China,gstallanj1@nydailynews.com,153-556-8567
Waylin,Flew,Templeogue,08/20/1985,Ireland,wflewj2@indiatimes.com,461-133-6971
Lula,Ditter,Sandefjord,03/09/1963,Norway,lditterj3@indiegogo.com,292-883-5712
Dana,Cambling,Franceville,03/25/1957,Gabon,dcamblingj4@bbb.org,122-526-8979
Shalne,Matzen,Vestmanna,01/28/1980,Faroe Islands,smatzenj5@wordpress.com,384-396-2904
Nevile,McCarly,Águas,02/04/1956,Portugal,nmccarlyj6@yelp.com,785-102-2510
Prescott,Beathem,Chenhu,09/05/1973,China,,541-304-5351
Hayes,Skocroft,Quebracho,06/25/1973,Uruguay,hskocroftj8@taobao.com,549-380-5559
Dag,Grimm,Muyi,09/01/1955,China,dgrimmj9@thetimes.co.uk,163-255-0863
Flossie,Shepcutt,Goba,03/28/1953,Ethiopia,fshepcuttja@chicagotribune.com,743-852-7317
Camellia,Shirtcliffe,,,,cshirtcliffejb@sourceforge.net,
Natassia,Mourant,Arbuzynka,12/25/1956,Ukraine,nmourantjc@msu.edu,514-156-0020
Sarene,Sumers,Bjelovar,01/08/1955,Croatia,ssumersjd@amazon.de,811-184-7335
Emelyne,Genner,Kolodeznyy,07/12/1962,Russia,egennerje@webmd.com,172-924-4108
Aretha,Laudham,New Westminster,03/30/1950,Canada,alaudhamjf@loc.gov,784-464-7056
Gae,Pyson,Ergong,04/25/1984,China,gpysonjg@free.fr,859-467-4215
Zacharie,Featherstonhaugh,Fuchūchō,03/02/1975,Japan,zfeatherstonhaughjh@twitpic.com,936-823-4288
Richmond,Guiraud,San José de Feliciano,08/11/1984,Argentina,rguiraudji@adobe.com,784-872-2394
Roberta,Goodhew,Gul’cha,07/08/1986,Kyrgyzstan,rgoodhewjj@zimbio.com,527-475-5543
Alverta,Kretchmer,Taraan,03/02/1964,Indonesia,akretchmerjk@networksolutions.com,105-240-3606
Marlow,Gullick,,,,mgullickjl@pbs.org,
Baird,Meir,Mt Peto,08/17/1952,Jamaica,bmeirjm@nps.gov,133-719-2079
Phillipe,McGlaughn,Kaiyuan,08/07/1952,China,pmcglaughnjn@dedecms.com,127-428-2636
Conrado,Pakes,Logung,06/13/1953,Indonesia,cpakesjo@etsy.com,447-472-1166
Elicia,Wandrey,Caitang,02/20/1978,China,,203-636-2685
Keelia,Diano,Pervomays’k,08/24/1985,Ukraine,kdianojq@psu.edu,349-494-1143
Debbi,Streeting,,,,dstreetingjr@google.com.au,
Electra,Masding,Sanhe,09/11/1970,China,,279-775-6201
Lennard,Maillard,Taoudenni,01/17/1976,Mali,lmaillardjt@stanford.edu,840-346-9295
Beth,Linny,Uyo,09/05/1956,Nigeria,blinnyju@feedburner.com,450-553-1101
Madlin,Franchyonok,Iḩsim,08/15/1955,Syria,mfranchyonokjv@ihg.com,247-290-7879
Chelsae,Prawle,Soissons,05/19/1950,France,cprawlejw@hexun.com,733-625-0922
Marilin,Brandreth,Taraju,07/07/1966,Indonesia,mbrandrethjx@fda.gov,257-766-5215
Doria,Lowres,Galižana,10/08/1956,Croatia,dlowresjy@behance.net,533-281-2291
Silvia,Sherrum,Baton Rouge,02/08/1998,United States,ssherrumjz@nbcnews.com,225-126-4365
Phil,Custed,Kamakura,07/12/1965,Japan,pcustedk0@gnu.org,892-361-7866
Orel,Aishford,Krajan Pundungsari,04/12/1991,Indonesia,oaishfordk1@cocolog-nifty.com,276-248-8531
Hamnet,Shower,,,,hshowerk2@livejournal.com,
Jenica,Gasgarth,Karak City,02/16/1995,Jordan,jgasgarthk3@webnode.com,645-800-7284
Jen,Luckham,Barcelona,05/11/1990,Spain,jluckhamk4@stanford.edu,459-832-5943
Grete,Darrach,Bačka Topola,07/07/1983,Serbia,,605-436-3197
Ewen,Breit,Canis,08/08/1962,Peru,ebreitk6@bandcamp.com,320-543-3165
Thedric,Sorel,Pangani,09/22/1969,Tanzania,,687-150-0795
Ester,Tolemache,Kudang,09/11/1970,Indonesia,etolemachek8@springer.com,113-654-1225
Byron,Sevitt,Sävedalen,04/27/1984,Sweden,bsevittk9@wisc.edu,264-106-8958
Shayne,Lillico,Horten,02/12/1998,Norway,slillicoka@hexun.com,198-779-1221
Annelise,Smeuin,Sączów,10/24/1973,Poland,asmeuinkb@woothemes.com,544-980-5936
Erin,Pellatt,Dongshan,09/07/1970,China,,119-427-1679
Betsy,Biagioni,Hastings,12/31/1990,New Zealand,bbiagionikd@chronoengine.com,896-947-5748
Gisela,Benedidick,Preston,11/11/1963,United Kingdom,gbenedidickke@amazon.co.jp,759-422-0040
Edsel,Meddemmen,Vakhrushi,12/17/1972,Russia,emeddemmenkf@elpais.com,982-434-2098
Violante,Castellet,,,,vcastelletkg@behance.net,
Skye,Seifert,Greenville,02/24/1981,Liberia,sseifertkh@wordpress.org,600-113-0970
Jareb,Rumsey,Banjar Beratan,03/01/1981,Indonesia,jrumseyki@upenn.edu,295-845-0149
Alejoa,Mackiewicz,Alicia,02/23/1996,Philippines,amackiewiczkj@jimdo.com,255-740-3972
Rustie,Venart,Konakridee,01/21/1987,Sierra Leone,rvenartkk@un.org,480-273-1250
Leslie,Jeskins,Yuanjue,07/16/1999,China,ljeskinskl@nih.gov,241-169-1468
Chastity,Deering,Bintang,03/07/1994,Indonesia,cdeeringkm@sina.com.cn,930-125-4159
Bradley,Petti,Karangturi,06/15/1979,Indonesia,,426-729-2936
Florance,Tagg,Dubrava,12/08/1994,Croatia,ftaggko@loc.gov,497-306-3009
Nathan,Munton,Strömsund,04/14/1976,Sweden,nmuntonkp@comcast.net,448-289-8769
Corene,MacCaig,Novonikol’sk,08/26/1988,Russia,cmaccaigkq@state.gov,664-740-6447
Helge,Dwane,Alderetes,06/07/1972,Argentina,,726-890-1935
Tildi,Emons,Bayuin,06/23/1950,Philippines,,252-406-4564
Laurens,Echallie,,,,,
Otes,Bampforth,Dado,05/18/1979,Philippines,obampforthku@wikipedia.org,770-856-6974
Frederich,Lemerle,Kangshan,06/07/1952,China,flemerlekv@webs.com,168-595-2897
Doy,Sparks,Tournavista,09/15/1955,Peru,dsparkskw@furl.net,768-376-8110
Catrina,Sawart,Gustavsberg,09/28/1954,Sweden,csawartkx@scientificamerican.com,110-400-4496
Meghann,Pethybridge,Llama,01/12/1984,Peru,mpethybridgeky@uiuc.edu,437-866-2819
Ulrika,Offield,Saint-Louis,05/21/1983,France,,146-614-2984
Forbes,Ellerey,Köping,12/27/1977,Sweden,fellereyl0@dedecms.com,833-994-4310
Crin,Clinton,Gouping,09/21/1955,China,,364-498-4388
Neron,Proudler,Fenglin,12/21/1991,China,nproudlerl2@sphinn.com,897-441-6660
Vikki,Glison,Furong,02/17/1974,China,vglisonl3@who.int,360-772-8884
Belva,Collicott,Lotoshino,11/19/1991,Russia,bcollicottl4@yandex.ru,936-941-4530
Alexandros,Terbrugge,Bahir Dar,11/14/1966,Ethiopia,,806-211-4807
Elsy,Mechem,Xiaolin,12/29/1983,China,emecheml6@globo.com,932-349-1159
Libbey,Doniso,Rybache,06/09/1967,Ukraine,ldonisol7@google.com.au,118-698-3238
Durand,Brandrick,Jiangshan,06/04/1996,China,,570-595-7343
Merola,Cary,Santiago,08/15/1986,Philippines,mcaryl9@addtoany.com,983-614-9956
Frederich,Parvin,Shuanglongchang,11/04/1984,China,fparvinla@phoca.cz,865-393-6280
Marje,Rabjohns,Broska,07/24/1965,Ukraine,,950-658-9423
Conrado,Giffard,Bagong Pagasa,08/08/1952,Philippines,cgiffardlc@smh.com.au,931-271-2862
Gertrude,Harflete,Lysogorskaya,09/02/1975,Russia,gharfleteld@weebly.com,632-463-3292
Nady,Bowry,Charleston,10/19/1956,United States,nbowryle@dot.gov,304-207-9639
Findlay,Hodge,,,,fhodgelf@macromedia.com,
Edik,Matz,Tabinay,03/03/1953,Philippines,ematzlg@mozilla.com,952-328-7673
Jewel,Giacomelli,Torre do Pinhão,05/02/1989,Portugal,jgiacomellilh@goo.gl,565-457-2094
Kim,Mc Carrick,Sultan Kudarat,01/12/1968,Philippines,,410-122-8632
Nevsa,Coupland,Kabardinka,02/11/1965,Russia,ncouplandlj@hugedomains.com,389-429-4996
Nadiya,Nicholls,Los Dos Caminos,05/23/1986,Venezuela,nnichollslk@msn.com,101-219-9430
Hamid,Swancock,Manggissari,06/26/1993,Indonesia,,525-606-3030
Lucita,Braybrook,Chachoengsao,01/23/1995,Thailand,,190-737-3385
Leonelle,D'eye,Marneuli,12/26/1952,Georgia,ldeyeln@jimdo.com,700-182-3707
Daryl,Osgarby,Suchań,02/08/1953,Poland,dosgarbylo@reverbnation.com,585-416-7771
Benedicto,Fronsek,Albarraque,12/03/1972,Portugal,bfronseklp@1688.com,473-398-4506
Augustin,Hollow,Juxing,03/02/1989,China,ahollowlq@un.org,113-254-7858
Ty,Fockes,Guadalupe,06/30/1982,Mexico,tfockeslr@yellowbook.com,595-338-1871
Norbert,Godart,Zdovbytsya,11/04/1950,Ukraine,ngodartls@vistaprint.com,423-663-8559
Bert,Giacomuzzi,Phu Khiao,09/30/1958,Thailand,,412-908-0155
Rabbi,Mancktelow,Kruengraya,02/29/1952,Indonesia,rmancktelowlu@census.gov,289-744-8204
Sidnee,Tomczynski,Carrazeda de Ansiães,10/30/1989,Portugal,stomczynskilv@goo.gl,330-948-2497
Randall,Cheesley,Clarin,03/18/1957,Philippines,rcheesleylw@rediff.com,971-416-2946
Kerianne,cornhill,Monte Novo,11/12/1995,Portugal,kcornhilllx@bravesites.com,849-181-6726
Jobie,Rumble,Fuhe,05/26/1995,China,,365-388-8897
Chelsy,Dorrance,Sudislavl’,10/24/1963,Russia,,730-493-5801
Paulo,Shelley,,,,pshelleym0@weebly.com,
Roman,Lapthorn,Kansas City,11/20/1984,United States,rlapthornm1@examiner.com,816-891-3421
Cecile,Beggs,Viçosa do Ceará,11/22/1956,Brazil,cbeggsm2@devhub.com,130-306-3648
Jedidiah,Penrice,Shinaihai,01/08/1988,China,jpenricem3@goo.gl,232-763-5520
Welbie,Clist,Jiangjiazui,11/22/1985,China,wclistm4@pagesperso-orange.fr,544-590-6224
Hazel,Bedburrow,Taivalkoski,01/30/1991,Finland,hbedburrowm5@devhub.com,867-686-5229
Thomasina,Arrighi,Nässjö,05/25/1956,Sweden,,951-804-7978
Marianna,MacDuffie,Tuusula,03/23/1986,Finland,mmacduffiem7@nifty.com,753-992-3998
Koenraad,Brass,Dingyan,04/23/1995,China,kbrassm8@prweb.com,200-720-9581
Shoshanna,Cullon,Sufang,03/16/1988,China,,415-848-1358
Shurwood,Egerton,Kirovskiy,10/07/1982,Russia,segertonma@discovery.com,965-627-5807
Francisca,O'Duggan,Taekas,10/20/1972,Indonesia,,803-254-7923
Claudie,Kasparski,Shiyang,11/26/1961,China,ckasparskimc@slideshare.net,963-870-7363
Kassie,Wilsey,Nidek,05/26/1966,Poland,kwilseymd@twitter.com,635-577-7470
Milly,Darville,Karangkancana,04/10/1981,Indonesia,mdarvilleme@trellian.com,860-980-4237
Pavla,Orrick,Xuedian,04/10/1959,China,porrickmf@umich.edu,970-717-6968
Berri,Prydden,Elvas,05/23/1952,Portugal,bpryddenmg@newsvine.com,681-408-6510
Joelle,McKeever,Chiba,05/23/1978,Japan,jmckeevermh@wix.com,925-875-8757
Ginny,Cockshott,Tsu-shi,05/02/1984,Japan,gcockshottmi@ow.ly,372-496-8721
Dorine,Lidgely,Pombos,09/04/1961,Brazil,,424-762-7617
Charo,Martinuzzi,Tangier,08/04/1990,Morocco,cmartinuzzimk@desdev.cn,391-616-8759
Royce,Dixson,Vierzon,07/03/1972,France,rdixsonml@sbwire.com,210-141-6554
Bertrando,Butchers,Puerto Princesa,10/15/1999,Philippines,bbutchersmm@wunderground.com,810-168-1235
Obidiah,Labusch,Kesamben,10/29/1957,Indonesia,olabuschmn@over-blog.com,253-337-4581
Martin,McQuilty,Limbaži,03/22/1965,Latvia,mmcquiltymo@pcworld.com,148-245-5676
Jacquetta,Whorton,Kherson,03/03/1978,Ukraine,jwhortonmp@independent.co.uk,713-873-5976
Shirline,Heymann,Butiá,04/04/1957,Brazil,sheymannmq@furl.net,995-476-2416
Cynthie,Jancik,Rozwadza,03/08/1978,Poland,,608-248-3092
Clarke,Ferrarini,Kunheda Woerzu Manzu,10/11/1993,China,cferrarinims@godaddy.com,416-913-4595
Mable,Duffrie,Tempe,05/26/1981,United States,mduffriemt@vistaprint.com,602-250-3083
Kalil,Kobiera,Krajan,05/27/1959,Indonesia,kkobieramu@altervista.org,438-894-0843
Rhiamon,Roiz,Rio de Janeiro,11/27/1972,Brazil,rroizmv@nifty.com,753-948-6534
Josepha,Yerrill,Victoria,09/18/1989,Grenada,jyerrillmw@merriam-webster.com,830-712-2487
Laetitia,Duny,Zhoukou,08/08/1981,China,ldunymx@angelfire.com,124-821-5225
Belle,Zemler,Trollhättan,10/06/1966,Sweden,bzemlermy@wufoo.com,513-816-0698
Kaleena,Bernade,Aktau,03/24/1982,Kazakhstan,kbernademz@nsw.gov.au,308-526-6965
Minnnie,Nannetti,Prestea,05/25/1974,Ghana,,715-334-5965
Cecilius,Burnip,,,,cburnipn1@engadget.com,
Renado,Tuffin,Starobachaty,11/27/1981,Russia,rtuffinn2@blogtalkradio.com,706-596-1565
Doris,Trussler,Pongkor,11/07/1979,Indonesia,,225-887-2454
Sibel,Brislan,Trudovoye,01/28/1991,Russia,sbrislann4@domainmarket.com,650-306-5808
Nicolle,Narramor,Cerro de Pasco,07/05/1968,Peru,nnarramorn5@privacy.gov.au,295-777-3497
Sapphire,Hanselmann,Santana do Ipanema,06/25/1991,Brazil,shanselmannn6@alibaba.com,922-442-6447
Amber,Gimblet,Mercedes,04/13/1976,Philippines,agimbletn7@rakuten.co.jp,703-596-9592
Devon,Maxted,Goz Beïda,04/10/1977,Chad,dmaxtedn8@ameblo.jp,140-268-8521
Linc,Albers,Chãos,01/16/1969,Portugal,lalbersn9@china.com.cn,991-809-4826
Massimo,Beeswing,,,,mbeeswingna@miibeian.gov.cn,
Perla,Knowler,Arcena,08/06/1972,Portugal,pknowlernb@shinystat.com,139-291-3155
Tania,Bisacre,,,,,
Marlow,Bernini,Lugang,04/23/1958,China,mberninind@phoca.cz,130-534-6708
Dulcy,Vose,Estombar,04/02/1988,Portugal,dvosene@1und1.de,608-977-1962
Brit,Marcum,Shuiyin,04/23/1965,China,bmarcumnf@princeton.edu,627-461-8067
Lorette,Rannigan,Niños Heroes,03/31/1977,Mexico,lranniganng@state.tx.us,456-935-8892
Abramo,Beecker,Jabungsisir,03/12/1953,Indonesia,abeeckernh@paypal.com,507-481-8295
Sheff,Anten,Buenavista,04/19/1977,Philippines,santenni@oakley.com,986-109-5533
Davidson,Donner,Xihu,06/05/1982,China,,766-148-9340
Kit,Stithe,Crumlin,10/18/1998,Ireland,kstithenk@nhs.uk,766-139-5048
Tiler,Kapiloff,Wan Yai,06/19/1999,Thailand,tkapiloffnl@hud.gov,861-983-5104
Katherine,Denington,Hanyin Chengguanzhen,05/09/1971,China,kdeningtonnm@ehow.com,420-541-3375
Marita,Bauser,Santa Teresa First,01/04/1983,Philippines,mbausernn@vinaora.com,770-400-8033
Allistir,Van Schafflaer,Gezan,02/14/1993,China,avanschafflaerno@netlog.com,446-965-9716
Hodge,Jolin,Chengqu,06/10/1958,China,,655-721-9617
Nadine,Fellibrand,Yelets,09/05/1964,Russia,nfellibrandnq@about.com,282-698-5653
Rey,Trower,Châteauroux,08/31/1950,France,rtrowernr@technorati.com,745-796-4209
Hillyer,Abden,Tyresö,09/21/1989,Sweden,habdenns@163.com,359-277-7989
Craggy,Grigolli,Cajabamba,12/12/1981,Peru,cgrigollint@sun.com,212-981-7416
Richmond,Heggie,Senangkhanikhom,08/26/1972,Thailand,rheggienu@edublogs.org,874-248-7500
Giraud,Hawket,Taraan,08/05/1974,Indonesia,ghawketnv@acquirethisname.com,656-470-4723
Modestia,Batty,Kadubera,10/13/1987,Indonesia,mbattynw@cyberchimps.com,958-347-9761
Johna,Balls,Bom Jesus da Lapa,10/18/1973,Brazil,jballsnx@nymag.com,870-686-7385
Penny,Rablin,Viñales,12/30/1970,Cuba,prablinny@columbia.edu,672-544-1438
Karleen,Bausmann,Dallas,01/06/1953,United States,kbausmannnz@home.pl,214-622-8918
Sheppard,Darlasson,Santa Marcela,05/06/1999,Philippines,sdarlassono0@amazon.com,900-221-6113
Madalena,Drysdale,Niafunké,04/16/1953,Mali,mdrysdaleo1@blogs.com,448-388-8948
Les,Gostall,,,,lgostallo2@patch.com,
Benjamin,Morant,Frei Paulo,04/16/1988,Brazil,bmoranto3@facebook.com,385-594-3581
Ronni,Petrushanko,El Tambo,08/05/1967,Peru,rpetrushankoo4@nhs.uk,863-534-4429
Hazel,Manneville,Fangshan,02/27/1963,China,,523-679-3649
Trista,Starmont,Chemnitz,10/01/1993,Germany,tstarmonto6@list-manage.com,363-997-5327
Philipa,MacDonell,Agbor,11/29/1988,Nigeria,,613-697-2822
Derk,Gosnell,Las Americas,01/09/1993,Mexico,dgosnello8@marriott.com,798-511-6995
Tierney,Cowie,Berlin,05/24/1999,Germany,,553-651-5859
Inness,Gulston,Oeba,06/04/1975,Indonesia,,843-222-5390
Paddie,Amsden,Shinjō,03/18/1989,Japan,,929-131-6666
Nancee,Meekin,Babah Rot,08/09/1960,Indonesia,nmeekinoc@csmonitor.com,539-343-8869
Trever,Streeting,Baraçais,01/25/1985,Portugal,tstreetingod@webs.com,494-274-7666
Katinka,Gosswell,Golug,05/05/1958,China,kgosswelloe@printfriendly.com,284-738-7412
Jill,Botler,Dahedian,06/03/1968,China,jbotlerof@moonfruit.com,981-324-5837
Elly,Ingyon,Fengxizhai,08/11/1968,China,eingyonog@jimdo.com,922-866-6783
Davon,Cubberley,Jianyangping,02/05/1994,China,dcubberleyoh@weebly.com,524-690-2412
Harold,Wickenden,Lyon,06/23/1990,France,hwickendenoi@netvibes.com,662-885-7814
Alfonse,Alishoner,Koshigaya,07/01/1958,Japan,aalishoneroj@bing.com,636-493-3884
Wash,Pepys,Kiernozia,07/24/1979,Poland,wpepysok@nasa.gov,371-435-2858
Frederick,Rove,Otavi,08/29/1994,Namibia,froveol@gnu.org,886-989-8141
Maiga,Warbys,Viga,10/08/1956,Philippines,mwarbysom@macromedia.com,227-704-6961
Johnnie,Cocci,Nijmegen,08/25/1984,Netherlands,jcoccion@dmoz.org,500-940-4510
Rudy,Bakes,Pirogovo,05/06/1977,Russia,,599-197-9113
Yetta,Peat,Xiangqiao,05/12/1958,China,ypeatop@soundcloud.com,482-920-2346
Cthrine,Redolfi,Sañgay,09/17/1959,Philippines,credolfioq@rediff.com,221-197-7391
Isacco,Jobb,Tha Ruea,01/04/1963,Thailand,ijobbor@chicagotribune.com,799-862-2021
Marsh,Kardos,Qiqing,03/26/1986,China,,482-383-5754
Emlyn,Sellor,Saynshand,07/20/1961,Mongolia,esellorot@cdc.gov,665-434-6504
Wittie,Huikerby,Monteros,10/06/1999,Argentina,whuikerbyou@vkontakte.ru,434-800-9820
Percival,Slack,Matango,05/09/1989,Indonesia,pslackov@dropbox.com,933-254-8852
Trisha,Simmon,Pulau Pinang,10/06/1969,Malaysia,tsimmonow@fema.gov,873-338-5650
Cletis,Hancke,Puamata,02/22/1959,Indonesia,chanckeox@nhs.uk,722-659-0115
Aigneis,Mewha,Xiaruyue,01/11/1965,China,amewhaoy@amazon.co.uk,861-438-7099
Gage,Santon,Drakino,08/22/1993,Russia,gsantonoz@nytimes.com,833-583-4263
Max,Ockleshaw,Brodokalmak,09/18/1988,Russia,mockleshawp0@flavors.me,118-586-7278
Pattie,Bolus,Téra,04/11/1962,Niger,pbolusp1@washington.edu,581-978-2866
Hanan,Langelay,Xiaoshi,09/17/1996,China,,290-383-5055
Karoline,Syne,Pangpang,02/20/1982,Philippines,ksynep3@paypal.com,623-114-8796
Tabb,Meedendorpe,Tranås,07/14/1979,Sweden,tmeedendorpep4@phoca.cz,279-527-7769
Randolph,Pee,Aghsu,12/30/1971,Azerbaijan,rpeep5@vimeo.com,763-867-0712
Janet,Church,Gananoque,02/28/1991,Canada,,341-154-3808
Dael,Nadin,Cidahu,08/20/1980,Indonesia,dnadinp7@cnbc.com,840-835-6982
Regan,Blundell,Pejë,02/28/1952,Kosovo,rblundellp8@naver.com,933-722-1504
Erinna,Crace,Albergaria,01/28/1985,Portugal,ecracep9@marriott.com,528-504-5479
Gilda,O'Duilleain,Fryčovice,03/06/1979,Czech Republic,goduilleainpa@51.la,589-907-0462
Marve,Snelgrove,Dusit,01/12/1974,Thailand,msnelgrovepb@cam.ac.uk,703-126-9270
Christopher,Cardow,Amahusu,09/29/1978,Indonesia,ccardowpc@indiatimes.com,895-228-5035
Witty,Paling,Cabeço de Vide,02/06/1963,Portugal,wpalingpd@acquirethisname.com,948-517-7641
Cecile,Grisard,Taavetti,02/14/1992,Finland,cgrisardpe@reverbnation.com,620-460-6198
Emmett,Richardet,Balice,12/25/1959,Poland,,476-951-0145
Carlin,Theseira,Amuru,01/25/1972,Uganda,ctheseirapg@nytimes.com,222-386-1523
Florenza,Aldrin,Sucha,04/17/1968,Poland,,199-751-3422
Elyse,Feacham,Abbottābād,11/21/1951,Pakistan,efeachampi@npr.org,173-559-6993
Gabe,Howselee,,,,ghowseleepj@photobucket.com,
Norman,Noraway,Goussainville,01/08/1995,France,nnorawaypk@pinterest.com,470-797-4352
Hogan,Griffithe,Nanae,12/13/1960,Japan,hgriffithepl@answers.com,574-254-8246
Ardyce,Gale,Sidrolândia,01/26/1981,Brazil,agalepm@tinyurl.com,842-139-0111
Merwin,Burle,Hualin,04/10/1998,China,mburlepn@vistaprint.com,582-438-4700
Corri,Rapin,Gogaran,12/19/1988,Armenia,crapinpo@cnn.com,836-584-9766
Windham,Sinnett,Pumaqangtang,01/22/1991,China,wsinnettpp@arstechnica.com,457-112-7596
Dalton,McKag,Radviliskis,09/11/1971,Lithuania,dmckagpq@scribd.com,881-221-0710
Tove,Skiplorne,Sidomulyo,06/29/1977,Indonesia,tskiplornepr@privacy.gov.au,168-752-3854
Christal,Tristram,Krajan Sumurtawang,06/23/1953,Indonesia,,115-279-9100
Jeromy,Stacy,Göteborg,02/23/1978,Sweden,jstacypt@miitbeian.gov.cn,644-585-9628
Gabrielle,Zimmermanns,Winangun,12/10/1951,Indonesia,gzimmermannspu@barnesandnoble.com,206-329-2407
Cris,Bernardoni,,,,cbernardonipv@toplist.cz,
Shirleen,Corking,Bétérou,04/23/1974,Benin,scorkingpw@opera.com,819-218-5172
Glenda,Willmetts,Al Wajh,06/25/1972,Saudi Arabia,gwillmettspx@bigcartel.com,350-804-1731
Annora,O'Brien,Guojiaba,01/16/1954,China,aobrienpy@rambler.ru,350-473-4212
Madelene,Niche,Carmen,03/29/1984,Philippines,,520-952-1090
Bent,Belsher,San Mateo,11/05/1995,Philippines,bbelsherq0@odnoklassniki.ru,372-944-1201
Mahalia,Diack,Blois,04/15/1997,France,mdiackq1@businessweek.com,712-681-3559
Durant,Dulling,Xiawa,10/29/1991,China,,326-450-0949
Enrica,Dwane,,,,edwaneq3@usatoday.com,
Javier,Chedgey,Domaradz,02/10/1987,Poland,jchedgeyq4@oakley.com,654-316-2259
Conn,Sangra,Mahajanga,01/19/1952,Madagascar,csangraq5@cmu.edu,938-670-4012
Merrill,Gillicuddy,,,,,
Nataniel,Josiah,Capivari,04/22/1970,Brazil,njosiahq7@123-reg.co.uk,963-437-6132
Devlen,Gricewood,Kanuma,02/11/1961,Japan,dgricewoodq8@dot.gov,872-608-2093
Effie,Furness,Guaimaca,07/03/1989,Honduras,efurnessq9@upenn.edu,959-610-2417
Wilmette,Lamb-shine,Zhendong,06/18/1968,China,,391-529-8158
Alonzo,Chess,San Diego,02/28/1983,United States,,619-415-6738
Currie,Confait,Tsaghveri,10/05/1951,Georgia,cconfaitqc@technorati.com,615-222-2569
Pandora,Auchinleck,Cambarus,06/28/1996,Philippines,pauchinleckqd@mapquest.com,684-917-9441
Lanie,Marchetti,Jiazhuang,01/13/1982,China,lmarchettiqe@4shared.com,844-715-3041
Jarid,Braidman,Marseille,11/02/1982,France,jbraidmanqf@simplemachines.org,723-909-9515
Darn,Heatley,Pancol,06/11/1991,Philippines,dheatleyqg@globo.com,954-126-3969
Yorke,Kiley,,,,ykileyqh@exblog.jp,
Mallory,Kettridge,Nilanapo,07/15/1965,Indonesia,mkettridgeqi@blog.com,609-775-9288
Nada,Lathwood,Mambusao,04/14/1961,Philippines,nlathwoodqj@infoseek.co.jp,558-948-8797
Marigold,Imms,Nikol’sk,01/15/1958,Russia,,553-631-7612
Joshia,Beagley,Princeton,01/27/1963,Canada,jbeagleyql@telegraph.co.uk,482-742-9558
Cece,Romagosa,Taotang,05/15/1958,China,,837-491-0258
Daphene,Peschke,Urcos,06/30/1967,Peru,dpeschkeqn@netlog.com,689-461-8724
Odell,Morten,Woloara,12/23/1952,Indonesia,omortenqo@theatlantic.com,341-820-4277
Lionello,Livick,Temyasovo,10/14/1972,Russia,llivickqp@marketwatch.com,781-139-8736
Patton,Oxenham,Tangzang,05/28/1983,China,poxenhamqq@dagondesign.com,587-226-8180
Dacey,Waryk,Liuheng,08/14/1969,China,dwarykqr@wikispaces.com,799-317-8190
Townsend,Trime,Hyattsville,07/31/1977,United States,,301-722-0886
Davis,Errichiello,Xiaochi,10/23/1972,China,derrichielloqt@tinyurl.com,437-485-9884
Flossie,McVity,Tegalrejo,06/05/1965,Indonesia,fmcvityqu@intel.com,307-356-6012
Sande,Chappelle,Luwu,01/17/1964,China,,747-668-0443
Elene,Pounder,Yanqian,05/26/1974,China,epounderqw@oracle.com,173-809-9887
Hugues,Carme,Nizhniy Ufaley,04/19/1988,Russia,hcarmeqx@vk.com,563-568-5382
Kally,Titford,Suisan,08/10/1988,South Korea,ktitfordqy@wufoo.com,448-584-2707
Brandise,Limbourne,Ikata-chō,05/22/1980,Japan,blimbourneqz@github.io,308-438-2017
Lena,Wieprecht,Bến Cầu,12/30/1966,Vietnam,lwieprechtr0@bandcamp.com,226-847-9756
Jameson,Georghiou,Marco de Canaveses,02/14/1951,Portugal,jgeorghiour1@e-recht24.de,727-734-8462
Son,Payn,Gur’yevsk,05/02/1954,Russia,spaynr2@so-net.ne.jp,473-638-2904
Suzette,Checkley,Pýrgos,08/06/1983,Greece,scheckleyr3@blogs.com,365-542-9552
Carlen,Lempertz,Xiangdian,11/10/1989,China,clempertzr4@google.com.hk,142-679-6933
Deborah,Coggin,Dangbigih,04/10/1973,Indonesia,,927-949-4101
Damien,Lightbown,Lubenec,05/30/1976,Czech Republic,dlightbownr6@so-net.ne.jp,946-845-4814
Rebekah,Bristoe,Guanambi,03/08/1982,Brazil,,527-539-9921
Jenica,Jarvie,Sukorejo,11/25/1960,Indonesia,jjarvier8@livejournal.com,962-937-5816
Eli,Chorley,Surazh,08/12/1985,Russia,echorleyr9@samsung.com,318-141-4056
Chaunce,Rollason,Loma,06/12/1968,Sierra Leone,crollasonra@zdnet.com,291-130-5073
Stefania,Witter,Wakiso,03/08/1950,Uganda,switterrb@sohu.com,547-871-5824
Carlene,Rawdall,Farshūţ,02/10/1981,Egypt,crawdallrc@drupal.org,291-410-0959
Holmes,Bellenie,Santa Vitória do Palmar,07/16/1997,Brazil,hbellenierd@ebay.co.uk,359-300-3622
Rea,Streeten,Kota Bharu,07/14/1972,Malaysia,rstreetenre@google.com.hk,642-382-0018
Morly,Archdeckne,Congas,04/20/1989,Peru,,601-792-9017
Nonna,Raatz,Masuda,10/10/1965,Japan,nraatzrg@upenn.edu,907-494-0675
Elle,Championnet,Degeberga,03/09/1993,Sweden,,391-346-8271
Lise,Pietrowski,Maji,02/22/1958,China,lpietrowskiri@flavors.me,671-418-1891
Hynda,Cruickshanks,Yantian,12/04/1964,China,hcruickshanksrj@quantcast.com,641-153-0960
Faydra,Stuckow,Sujiatun,03/03/1958,China,fstuckowrk@over-blog.com,270-731-6443
Ivonne,Creese,Santa Maria do Souto,08/07/1965,Portugal,icreeserl@ibm.com,197-576-5616
Kurtis,Sanpher,Campo Largo,10/29/1966,Argentina,ksanpherrm@mayoclinic.com,146-104-9784
Rubetta,Bohje,Buyun,08/05/1990,China,rbohjern@123-reg.co.uk,960-983-8463
Adrea,Keable,Ushiku,10/19/1959,Japan,,423-258-1400
Aleksandr,Klimko,Al Fashn,11/15/1983,Egypt,aklimkorp@senate.gov,637-476-9925
Korry,Garraway,Mkushi,12/12/1982,Zambia,kgarrawayrq@behance.net,739-407-9363
Ernest,Cobleigh,Castro Daire,02/18/1984,Portugal,ecobleighrr@pagesperso-orange.fr,758-552-9067
