first_name,last_name,birth_place,birth_date,country_living_in,email,phone
Kara-lynn,Caffrey,Jalālpur Pīrwāla,1964-05-07T22:25:03Z,Pakistan,,+92 (541) 648-1312
Nananne,Eagle,Đưc Trọng,1963-07-17T23:50:35Z,Vietnam,neagle1@over-blog.com,+84 (553) 351-4019
Anatole,Fountian,Wenping,1952-08-02T10:59:17Z,China,afountian2@sphinn.com,+86 (805) 128-8454
Melisande,Halahan,Spånga,1951-03-28T23:54:50Z,Sweden,mhalahan3@mysql.com,+46 (765) 526-9594
Heidie,Hanscombe,Mullagh,1952-10-04T03:18:15Z,Ireland,hhanscombe4@archive.org,+353 (308) 406-1758
Malanie,Lebel,Norsborg,1997-01-02T07:04:37Z,Sweden,,+46 (867) 762-9901
Idette,Barlas,Ashtarak,1973-12-07T19:19:51Z,Armenia,ibarlas6@baidu.com,+374 (119) 118-1432
Elton,Beumant,Cuiabá,1955-04-21T06:02:32Z,Brazil,ebeumant7@salon.com,+55 (429) 671-6838
Marjory,Nelligan,Porto Salvo,1972-07-08T12:53:24Z,Portugal,mnelligan8@baidu.com,+351 (226) 400-5107
Cecile,Kalaher,Gesikan,1970-06-15T11:22:31Z,Indonesia,ckalaher9@geocities.com,+62 (760) 525-8421
Nils,Quadrio,Blois,1975-05-28T04:36:00Z,France,nquadrioa@un.org,+33 (591) 547-0820
Arlyne,Paddemore,Hua Sai,1954-11-23T09:31:56Z,Thailand,apaddemoreb@google.cn,+66 (228) 655-6727
Dorri,Eskrigg,Sneek,1982-10-13T12:50:49Z,Netherlands,,+31 (867) 155-0882
Mikey,Rosier,Guankou,1999-07-19T00:09:48Z,China,mrosierd@cloudflare.com,+86 (487) 721-2734
Susy,Bartelet,Tānk,1975-03-23T21:38:57Z,Pakistan,sbartelete@google.co.uk,+92 (276) 881-0284
Dulce,Carlan,Bat Khela,1996-01-16T17:10:33Z,Pakistan,dcarlanf@jalbum.net,+92 (775) 443-0288
Anett,Batson,Vladivostok,1961-03-07T04:54:13Z,Russia,abatsong@mapquest.com,+7 (204) 997-9504
Bobina,Josefovic,Swindon,1974-03-20T22:25:54Z,United Kingdom,bjosefovich@wp.com,+44 (559) 583-4162
Hewet,Baumert,Austin,1959-12-13T06:21:27Z,United States,hbaumerti@123-reg.co.uk,+1 (512) 764-2891
Russ,Hannent,,,,rhannentj@arstechnica.com,
Brynn,Bowdidge,Wojnicz,1988-11-18T16:08:05Z,Poland,bbowdidgek@squidoo.com,+48 (322) 269-7003
Rivi,Prazer,Chervyen’,1963-07-16T10:37:04Z,Belarus,rprazerl@timesonline.co.uk,+375 (960) 884-3467
Alister,Shawley,Morcolla,1954-02-05T20:27:39Z,Peru,ashawleym@geocities.jp,+51 (774) 807-2291
Jocelyne,Andrzejewski,Ampasimanolotra,1962-10-28T17:51:40Z,Madagascar,jandrzejewskin@theatlantic.com,+261 (406) 512-9872
Dulcy,Cannicott,Teixoso,1953-09-19T12:58:09Z,Portugal,dcannicotto@constantcontact.com,+351 (313) 415-8847
Karlik,Curle,Pujiang,1967-09-03T22:52:13Z,China,kcurlep@techcrunch.com,+86 (343) 936-0939
Robers,Egell,Laba Goumen,1996-05-08T20:36:19Z,China,regellq@walmart.com,+86 (405) 106-4114
Jilleen,Mackerness,Gachalá,1972-02-08T17:02:16Z,Colombia,jmackernessr@umn.edu,+57 (205) 338-7177
Clara,Jerrim,,,,cjerrims@auda.org.au,
Arty,Bentham3,Ha’erlong,1969-03-19T15:56:37Z,China,abenthamt@pcworld.com,+86 (823) 701-2740
Hyacinthie,Beasant,Hudson,1964-07-18T19:15:52Z,Canada,hbeasantu@cdbaby.com,+1 (555) 401-0037
Erinna,Dummigan,El Fureidīs,1960-01-21T05:52:03Z,Israel,edummiganv@ovh.net,+972 (942) 353-5011
Tab,Gallymore,Madimba,1995-09-27T21:29:48Z,Tanzania,tgallymorew@xrea.com,+255 (176) 740-6295
Bernie,Biasini,Černý Most,1962-09-20T06:42:19Z,Czech Republic,bbiasinix@answers.com,+420 (966) 724-7388
Brett,Witch,Hongmen,1957-08-30T06:52:55Z,China,,+86 (754) 230-5799
Galvin,Skedge,Tanda,1959-01-18T23:15:28Z,Ivory Coast,gskedgez@weather.com,+225 (755) 976-8043
Julina,Lukas,Bayan Hot,1955-11-17T15:56:54Z,China,jlukas10@vimeo.com,+86 (982) 286-6434
Neron,Reyner,Gopaan,1971-12-07T00:28:17Z,Indonesia,nreyner11@baidu.com,+62 (728) 512-0382
Todd,Iddy,Palena,1977-08-03T00:31:42Z,Chile,,+56 (906) 866-4939
Nalani,Bavridge,Huai’an,1996-12-16T02:30:09Z,China,nbavridge13@vimeo.com,+86 (219) 172-7073
Dannie,Kemmish,Hangou,1996-05-17T14:50:27Z,China,dkemmish14@reverbnation.com,+86 (920) 174-0629
Ingamar,Gueny,Caotang,1960-04-26T23:32:20Z,China,igueny15@mayoclinic.com,+86 (752) 106-3365
Quinn,Perigo,Bokino,1962-12-20T21:14:59Z,Russia,qperigo16@miitbeian.gov.cn,+7 (908) 742-8018
Jessie,Clemmen,Ylämaa,1975-03-28T21:58:53Z,Finland,jclemmen17@mysql.com,+358 (394) 950-3452
Cordy,Nesby,Aucallama,1982-04-02T12:41:30Z,Peru,cnesby18@woothemes.com,+51 (445) 114-2613
Janaya,Goolding,Picungbera,1983-10-01T00:04:47Z,Indonesia,jgoolding19@globo.com,+62 (816) 697-2337
Sydel,Clemenzi,San Jacinto,1968-05-19T12:15:58Z,Philippines,sclemenzi1a@is.gd,+63 (633) 286-1206
Myrtle,Giovanetti,Abéché,1987-10-19T06:44:21Z,Chad,,+235 (302) 555-0387
Maddy,Igoe,Dongjiao,1974-01-26T17:01:38Z,China,migoe1c@cafepress.com,+86 (750) 849-0319
Eolanda,Willshear,Yantang,1953-08-21T04:57:14Z,China,ewillshear1d@hc360.com,+86 (800) 233-8169
Axel,Hansana,Hammam-Lif,1995-06-26T13:42:05Z,Tunisia,ahansana1e@oaic.gov.au,+216 (467) 102-6186
Alexio,Boase,Tyrnyauz,1991-04-05T02:28:43Z,Russia,aboase1f@odnoklassniki.ru,+7 (761) 769-4695
Itch,Hover,Xianghua,1977-08-07T00:14:08Z,China,ihover1g@google.fr,+86 (882) 688-0495
Rene,Dimitresco,Xarag,1957-10-30T04:09:20Z,China,rdimitresco1h@examiner.com,+86 (937) 732-5931
Salomi,Dinley,Xiangshan,1960-12-19T09:16:21Z,China,sdinley1i@ning.com,+86 (641) 336-6345
Sauveur,Cotelard,,,,scotelard1j@fc2.com,
Siusan,Kurth,Cibinong Satu,1954-08-09T19:38:56Z,Indonesia,skurth1k@time.com,+62 (583) 951-0518
Merilyn,Main,Karanggedang,1967-05-05T00:52:33Z,Indonesia,mmain1l@admin.ch,+62 (253) 154-2534
Yolanthe,Omand,Litibakul,1997-03-21T12:43:15Z,Indonesia,,+62 (140) 582-4133
Halette,McGrail,,,,hmcgrail1n@marketwatch.com,
Lon,Sponder,Oeoh,1955-11-28T12:15:17Z,Indonesia,lsponder1o@webeden.co.uk,+62 (715) 855-6789
Kellyann,Helix,Petrodvorets,1980-12-02T05:53:10Z,Russia,,+7 (444) 657-1598
Ludwig,Ledger,Budapest,1960-10-25T04:01:43Z,Hungary,lledger1q@constantcontact.com,+36 (983) 666-5217
Geralda,Longfellow,Si Bun Rueang,1950-07-23T03:04:59Z,Thailand,glongfellow1r@rediff.com,+66 (660) 592-8413
Pablo,Jedryka,Mount Darwin,1997-11-25T21:51:12Z,Zimbabwe,pjedryka1s@mozilla.com,+263 (649) 369-8253
Virgie,MacFarlane,,,,vmacfarlane1t@sitemeter.com,
Catherine,Ellacott,Camp Ithier,1972-03-28T14:18:54Z,Mauritius,,+230 (209) 865-3706
Boyce,Sagar,Lalupon,1998-12-02T13:02:23Z,Nigeria,bsagar1v@rambler.ru,+234 (544) 781-0698
Gaye,Espin,Uppsala,1990-08-22T17:35:23Z,Sweden,,+46 (668) 236-0746
Rebecka,Dilrew,Skellefteå,1956-11-26T08:56:52Z,Sweden,rdilrew1x@examiner.com,+46 (263) 824-2877
Colman,Wilde,Takarazuka,1952-07-01T16:47:55Z,Japan,cwilde1y@chron.com,+81 (618) 788-7478
Manya,Demicoli,Jiahe,1958-10-12T06:26:02Z,China,mdemicoli1z@mtv.com,+86 (684) 746-7437
Tatiania,Josefson,Monte Branco,1992-05-29T20:05:16Z,Portugal,tjosefson20@facebook.com,+351 (969) 349-2647
Tarra,Pietz,Troyan,1953-03-14T09:40:19Z,Bulgaria,tpietz21@imageshack.us,+359 (886) 423-6649
Timmy,Fayer,Lae,1997-10-06T21:20:19Z,Marshall Islands,tfayer22@ibm.com,+692 (283) 284-8498
Dav,Eathorne,Balesari,1992-06-20T06:25:59Z,Indonesia,deathorne23@flickr.com,+62 (945) 236-9897
Lockwood,Milburn,Kalebun,1984-03-13T12:01:15Z,Indonesia,lmilburn24@oracle.com,+62 (588) 493-8161
Vite,Conibear,Louredo,1987-03-16T04:16:23Z,Portugal,vconibear25@fastcompany.com,+351 (415) 856-0764
Paco,Pring,Uptar,1976-10-10T01:59:45Z,Russia,ppring26@so-net.ne.jp,+7 (366) 736-8860
Sadye,Siebert,Enriquillo,1955-01-03T15:45:11Z,Dominican Republic,,+1 (657) 724-3044
Eli,Forson,Chistopol’,1996-10-07T22:22:54Z,Russia,eforson28@dot.gov,+7 (770) 195-0912
Marielle,Gurling,Ożarów,1978-01-23T22:55:44Z,Poland,mgurling29@yellowpages.com,+48 (913) 359-2594
Lonny,Dorgan,Tanout,1966-04-05T04:14:17Z,Niger,,+227 (707) 195-5734
Rhetta,Teodorski,,,,rteodorski2b@state.tx.us,
Nariko,Mosedale,,,,nmosedale2c@xinhuanet.com,
Levy,Capineer,Guadalupe,1978-05-08T20:17:53Z,Mexico,lcapineer2d@artisteer.com,+52 (775) 494-7791
Lucio,Silcocks,Zhyrovichy,1960-10-13T12:28:33Z,Belarus,lsilcocks2e@cnet.com,+375 (554) 576-3220
Lars,Dunnett,Lučko,1973-02-04T20:17:17Z,Croatia,ldunnett2f@unicef.org,+385 (406) 243-3603
Orelie,Nuth,Jiangshan,1952-07-25T12:29:42Z,China,,+86 (181) 560-1309
Karylin,Casado,Vitry-le-François,1967-05-03T05:55:37Z,France,,+33 (320) 668-2779
Katerine,Saltwell,Tiemen,1975-02-23T08:29:49Z,China,ksaltwell2i@nationalgeographic.com,+86 (988) 441-7499
Myron,Clampett,Baoli,1998-06-10T17:37:29Z,China,mclampett2j@sfgate.com,+86 (354) 805-6431
Mil,Sudran,Wanhu,1990-08-21T19:45:23Z,China,msudran2k@chronoengine.com,+86 (720) 209-2376
Herbert,Runcie,Louveira,1952-07-14T00:08:45Z,Brazil,,+55 (457) 482-0417
Eugenia,Checo,Ciudian,1980-03-03T05:42:49Z,Indonesia,echeco2m@webnode.com,+62 (886) 304-3145
Pall,Dalla,Gang,1971-06-14T02:57:17Z,Philippines,pdalla2n@storify.com,+63 (573) 554-7787
Clarabelle,Geale,Ongi,1972-07-22T18:55:16Z,Mongolia,cgeale2o@oracle.com,+976 (647) 697-3638
Zacherie,Pepper,Banyo,1979-03-16T07:25:42Z,Cameroon,,+237 (422) 336-9129
Shane,Prevett,Koszyce Wielkie,1985-10-23T06:26:11Z,Poland,,+48 (855) 379-1838
Constantia,Bachura,Guilmaro,1977-08-09T12:22:19Z,Benin,cbachura2r@canalblog.com,+229 (622) 283-1671
Iggy,Sparks,Maiduguri,1991-10-06T06:17:44Z,Nigeria,isparks2s@jalbum.net,+234 (963) 585-7831
Perrine,Blabber,Warri,1963-06-12T21:58:36Z,Nigeria,pblabber2t@over-blog.com,+234 (935) 994-3475
Meryl,Kibel,Krasnogorskoye,1981-09-16T08:33:14Z,Russia,,+7 (989) 933-9765
Amby,Dayly,Södra Sandby,1965-01-02T07:45:13Z,Sweden,,+46 (683) 397-6594
Rahel,Ruslen,Santa Cruz do Sul,1967-02-13T06:42:51Z,Brazil,rruslen2w@miibeian.gov.cn,+55 (193) 807-4523
Aveline,Ormistone,Tuburan,1986-09-28T02:35:45Z,Philippines,aormistone2x@etsy.com,+63 (953) 423-3321
Amelia,Ades,Maomiaoji,1993-10-25T11:09:05Z,China,aades2y@dailymail.co.uk,+86 (609) 352-6018
Roarke,Bilbrey,Bollnäs,1958-09-22T23:23:24Z,Sweden,rbilbrey2z@flickr.com,+46 (643) 564-7083
Jonis,Levin,Bulan,1964-05-12T10:55:07Z,Philippines,jlevin30@mail.ru,+63 (958) 287-7546
Zach,Kersey,Mufulira,1961-09-21T20:03:37Z,Zambia,zkersey31@go.com,+260 (162) 632-2910
Robinet,Henningham,Lebahseri,1994-04-09T01:19:28Z,Indonesia,rhenningham32@typepad.com,+62 (340) 489-6440
Gerianne,Pauleau,Urambo,1974-04-02T09:21:50Z,Tanzania,gpauleau33@salon.com,+255 (509) 238-9645
Dianne,Gunthorpe,Tiancheng,1994-05-27T20:26:20Z,China,dgunthorpe34@state.tx.us,+86 (891) 269-8843
Rodrick,Loakes,Huayucachi,1976-02-15T06:33:30Z,Peru,rloakes35@pcworld.com,+51 (689) 940-0459
Bella,Sterry,Qasr Abu Hadi,1951-07-03T19:00:21Z,Libya,bsterry36@uiuc.edu,+218 (352) 927-9390
Angelia,Phalp,Rio Real,1991-03-09T02:49:59Z,Brazil,,+55 (351) 708-6007
Josiah,Perryn,Bandundu,1950-06-06T17:41:26Z,Democratic Republic of the Congo,jperryn38@salon.com,+242 (327) 641-4350
Lovell,Coots,Victoria West,1977-10-12T07:22:24Z,South Africa,lcoots39@cnbc.com,+27 (327) 878-0803
Tedmund,Wanstall,Bukedea,1963-01-06T04:37:10Z,Uganda,,+256 (535) 689-4453
Lionello,Coysh,Lipahan,1973-08-19T04:48:44Z,Philippines,lcoysh3b@com.com,+63 (997) 173-2603
Derek,Beiderbeck,Bordeaux,1964-12-31T15:08:41Z,France,dbeiderbeck3c@berkeley.edu,+33 (537) 893-9006
Etienne,Spavins,Tumba,1988-05-10T03:02:46Z,China,espavins3d@instagram.com,+86 (383) 590-3809
Joni,Cline,Kayan Hulu,1961-04-21T00:05:34Z,Indonesia,,+62 (401) 262-7118
Neille,Fryatt,Tyresö,1952-09-04T12:36:26Z,Sweden,nfryatt3f@oakley.com,+46 (489) 690-8483
Ingar,Garric,San Jose,1980-02-26T04:17:29Z,Mexico,igarric3g@phpbb.com,+52 (251) 707-2920
Jeffie,Dullaghan,Masiga,1985-09-23T23:39:25Z,Philippines,jdullaghan3h@google.cn,+63 (997) 242-8248
Henrietta,Moorwood,Rudna,1993-05-17T12:29:23Z,Poland,hmoorwood3i@symantec.com,+48 (240) 782-9184
Donn,Shovelin,Yabēlo,1961-03-08T10:04:07Z,Ethiopia,dshovelin3j@usnews.com,+251 (982) 990-3163
Loreen,Czaple,Saint-Lô,1976-05-07T21:54:38Z,France,lczaple3k@cloudflare.com,+33 (719) 784-4987
Cherilynn,Lambrecht,Oumiao,1982-10-04T00:44:26Z,China,clambrecht3l@homestead.com,+86 (247) 109-0333
Danya,Brixey,Žlutava,1982-12-07T15:56:52Z,Czech Republic,,+420 (343) 933-7970
Gerrie,Varga,Palocabildo,1959-10-15T20:07:52Z,Colombia,gvarga3n@sfgate.com,+57 (725) 567-0035
Cortney,Pendry,Daxing,1987-12-14T02:47:13Z,China,cpendry3o@mlb.com,+86 (421) 633-9095
Dan,Haggeth,Gia Nghĩa,1971-06-24T22:16:07Z,Vietnam,dhaggeth3p@addthis.com,+84 (852) 629-0603
Ulberto,Janek,Remscheid,1977-07-22T23:48:31Z,Germany,ujanek3q@freewebs.com,+49 (921) 586-8603
Minna,Luciano,Yutsa,1952-02-03T01:49:03Z,Russia,mluciano3r@wikimedia.org,+7 (304) 577-0299
Alysa,Maso,Manuel Cavazos Lerma,1991-05-26T02:40:11Z,Mexico,amaso3s@mediafire.com,+52 (801) 526-1912
Vail,Martello,Marly,1963-08-17T22:28:06Z,France,vmartello3t@wikispaces.com,+33 (560) 871-1933
Hugh,Ruvel,Naranjos,1950-05-07T09:41:59Z,Peru,hruvel3u@wired.com,+51 (729) 428-0924
Garald,Seeks,Zhongluotan,1972-08-21T04:27:26Z,China,gseeks3v@examiner.com,+86 (921) 597-3685
Samuel,Artist,Susuman,1960-08-31T09:20:46Z,Russia,sartist3w@infoseek.co.jp,+7 (470) 940-4922
Lydon,Wilhelmy,Bouças,1990-03-06T17:49:29Z,Portugal,lwilhelmy3x@blogs.com,+351 (736) 434-0264
Helena,Sagerson,,,,hsagerson3y@google.com,
Kathy,Robker,Santana,1970-06-11T10:34:53Z,Brazil,krobker3z@pinterest.com,+55 (140) 902-2012
Breena,Kobke,Kiyawa,1992-11-22T22:06:00Z,Nigeria,bkobke40@cpanel.net,+234 (660) 470-2289
Virgina,Fairclough,Nijemci,1957-11-16T18:00:15Z,Croatia,vfairclough41@ezinearticles.com,+385 (452) 447-1248
Hal,O'Donohue,Puračić,1977-03-13T07:19:14Z,Bosnia and Herzegovina,hodonohue42@bbb.org,+387 (935) 542-8165
Phillipp,Clulow,Al Majāridah,1975-08-15T18:15:02Z,Saudi Arabia,pclulow43@boston.com,+966 (133) 901-4959
Evey,Malthouse,Monte Azul Paulista,1981-03-01T23:30:55Z,Brazil,emalthouse44@last.fm,+55 (741) 892-7083
Joelly,Wheelton,Lyon,1978-06-20T02:23:38Z,France,jwheelton45@fc2.com,+33 (617) 898-0533
Travis,Kondrachenko,Lampuyang,1959-11-20T03:01:45Z,Indonesia,tkondrachenko46@google.co.jp,+62 (720) 952-3099
Cirilo,Thomas,Tocota,1990-10-21T10:21:57Z,Peru,cthomas47@ovh.net,+51 (293) 444-0370
Bernardine,Santo,Boulsa,1978-08-26T21:48:35Z,Burkina Faso,bsanto48@meetup.com,+226 (562) 313-1585
Ranna,Kanzler,Tugdan,1998-05-24T03:05:10Z,Philippines,,+63 (638) 774-2609
Abigail,Dunning,Olutanga,1992-09-28T22:11:49Z,Philippines,adunning4a@exblog.jp,+63 (835) 392-4273
Harwell,Fawdry,Ngembel,1959-08-23T09:19:22Z,Indonesia,hfawdry4b@amazon.de,+62 (509) 922-6008
Eada,Adriaan,Sumuragung,1971-01-22T05:10:46Z,Indonesia,eadriaan4c@smh.com.au,+62 (287) 503-8995
Franny,Slyman,Ludu,1983-06-10T22:07:17Z,China,fslyman4d@miitbeian.gov.cn,+86 (630) 675-9049
Zorina,Luten,Ambovombe,1967-06-25T05:36:12Z,Madagascar,zluten4e@google.com,+261 (958) 592-8215
Chen,McReidy,Khon Kaen,1967-05-17T01:46:26Z,Thailand,cmcreidy4f@sciencedaily.com,+66 (319) 357-7036
Leigh,Jutson,Horodok,1982-12-06T17:59:23Z,Ukraine,,+380 (154) 816-1375
Neala,Folk,Mělník,1956-05-31T03:08:25Z,Czech Republic,nfolk4h@icq.com,+420 (559) 966-7020
Annamarie,Epsley,Yingchun,1974-03-12T06:27:10Z,China,aepsley4i@freewebs.com,+86 (983) 568-1342
Finn,Hodgen,,,,,
Nowell,Valentino,Ichinoseki,1997-03-03T11:16:57Z,Japan,nvalentino4k@tmall.com,+81 (900) 453-1069
Tuesday,Paulat,Maebaru,1964-02-26T22:35:27Z,Japan,,+81 (989) 688-0534
Alisha,MacTavish,Moravský Písek,1966-01-12T13:24:50Z,Czech Republic,amactavish4m@nationalgeographic.com,+420 (249) 779-0051
Mead,Redmayne,Armash,1982-08-03T19:28:29Z,Armenia,mredmayne4n@google.ru,+374 (787) 689-9467
Kev,Ewart,Moneague,1999-04-06T09:15:29Z,Jamaica,kewart4o@statcounter.com,+1 (987) 765-1143
Keely,Garlee,Chigoré,1952-05-26T12:02:25Z,Panama,,+507 (557) 877-4448
Dagny,Jachimczak,San Cristóbal,1965-04-21T06:41:39Z,Dominican Republic,djachimczak4q@chron.com,+1 (628) 393-0018
Morten,Blankau,Rennes,1997-01-09T03:23:55Z,France,mblankau4r@google.com.br,+33 (929) 898-8229
Ax,Maffini,Pingwang,1977-11-07T15:31:10Z,China,amaffini4s@taobao.com,+86 (800) 951-5292
Nalani,Brideau,Montpellier,1986-05-23T09:52:44Z,France,nbrideau4t@wix.com,+33 (736) 499-0249
Brocky,Coffee,Dū Qal‘ah,1963-12-07T04:47:30Z,Afghanistan,,+93 (853) 542-0063
Way,Feldberg,Changlu,1990-09-06T10:09:40Z,China,wfeldberg4v@arizona.edu,+86 (994) 971-7417
Rahal,Laxton,Krzyżanów,1962-01-22T02:47:36Z,Poland,rlaxton4w@51.la,+48 (831) 258-1975
Borden,Ropkes,Göteborg,1994-10-31T12:42:51Z,Sweden,bropkes4x@reference.com,+46 (275) 505-5335
Jess,Ley,Rudong,1978-09-09T18:04:15Z,China,jley4y@state.gov,+86 (958) 623-1049
Caryn,MacMaykin,Chandra,1978-03-15T14:11:15Z,Comoros,cmacmaykin4z@dyndns.org,+269 (196) 894-8186
Win,Kleimt,Sendangagung,1971-11-30T05:02:48Z,Indonesia,wkleimt50@altervista.org,+62 (876) 922-7303
Maiga,Lambillion,La Estrella,1971-02-25T20:59:57Z,Colombia,mlambillion51@oracle.com,+57 (427) 269-2040
Pansie,Farfolomeev,Argalastí,1989-09-06T07:21:43Z,Greece,pfarfolomeev52@elegantthemes.com,+30 (788) 650-0767
Nikolaos,Ipgrave,Awka,1986-06-21T09:31:04Z,Nigeria,nipgrave53@redcross.org,+234 (684) 717-2486
Nealson,Kyles,Tân Trụ,1996-03-25T01:53:46Z,Vietnam,,+84 (683) 572-9277
Ronnie,Toping,Chengguan,1962-09-03T14:34:44Z,China,,+86 (662) 159-7482
Edie,Elcum,Nakhon Ratchasima,1973-09-05T20:43:13Z,Thailand,eelcum56@creativecommons.org,+66 (174) 945-4148
Marijo,Tomeo,Butwāl,1970-08-11T06:25:26Z,Nepal,mtomeo57@biglobe.ne.jp,+977 (283) 595-2957
Walker,Skaid,Aracruz,1981-06-04T09:51:34Z,Brazil,wskaid58@archive.org,+55 (558) 301-7325
Ailis,De La Haye,Oussivo,1990-12-28T02:31:10Z,Comoros,adelahaye59@vk.com,+269 (761) 708-2355
Dicky,Danilchik,Fao Rai,1980-04-26T04:49:31Z,Thailand,ddanilchik5a@unc.edu,+66 (291) 556-8846
Sigismundo,Allport,Zelenodolsk,1956-12-21T18:16:02Z,Russia,sallport5b@printfriendly.com,+7 (476) 143-3363
Carolyn,Bassford,Jarabacoa,1972-05-31T17:01:15Z,Dominican Republic,cbassford5c@vk.com,+1 (288) 540-2631
Aguie,Cubuzzi,Wąwolnica,1982-06-05T02:32:45Z,Poland,acubuzzi5d@soundcloud.com,+48 (829) 756-8323
Benedikta,Yanshin,Wangge’ertang,1958-12-07T22:36:29Z,China,,+86 (735) 884-3587
Matilda,Antognazzi,,,,,
Estelle,Kach,Chanika,1958-09-12T11:03:02Z,Tanzania,ekach5g@godaddy.com,+255 (691) 999-3804
Collie,Undrill,,,,cundrill5h@archive.org,
Broddie,Ginty,São Lourenço do Sul,1980-06-22T23:38:06Z,Brazil,bginty5i@vk.com,+55 (170) 880-9071
Lorrin,Boyes,Zhangjiapan,1993-06-03T08:33:41Z,China,lboyes5j@wisc.edu,+86 (230) 523-7339
Con,Philippe,Dongsheng,1967-11-26T08:18:53Z,China,cphilippe5k@g.co,+86 (947) 286-7559
Vannie,Birchett,Soutelo,1982-03-15T17:28:03Z,Portugal,vbirchett5l@altervista.org,+351 (337) 429-6568
Natalya,Bondar,Kahrīz,1954-04-27T10:02:35Z,Iran,nbondar5m@blog.com,+98 (248) 376-7302
Harri,Scawen,Herzliyya,1977-11-20T09:31:24Z,Israel,hscawen5n@usnews.com,+972 (596) 173-5647
Osborne,Dillestone,Rio Novo do Sul,1972-10-02T08:58:46Z,Brazil,odillestone5o@people.com.cn,+55 (722) 812-6400
Arther,Eastbrook,Sioux Falls,1973-12-13T01:23:16Z,United States,,+1 (605) 104-0165
Rora,McEllen,Kaytitinga,1992-09-12T18:21:38Z,Philippines,rmcellen5q@exblog.jp,+63 (398) 903-6291
Liesa,Hyndes,Rattanawapi,1991-05-01T12:43:00Z,Thailand,lhyndes5r@blogger.com,+66 (462) 203-1936
Karol,Tommen,Betong,1983-11-10T07:05:20Z,Thailand,ktommen5s@amazon.com,+66 (227) 739-0605
Shirlene,Goulder,Xikou,1975-01-23T10:46:09Z,China,sgoulder5t@state.gov,+86 (453) 421-3338
Romonda,Merrell,Perstorp,1966-01-28T12:32:37Z,Sweden,,+46 (138) 362-8847
Ora,Karpushkin,Harstad,1978-09-21T03:03:01Z,Norway,,+47 (266) 470-6192
Abbe,Kern,Austin,1979-02-21T01:42:01Z,United States,akern5w@hao123.com,+1 (512) 799-3776
Dermot,McCourt,Klutuk,1969-08-04T11:36:12Z,Indonesia,dmccourt5x@amazon.co.uk,+62 (757) 407-7480
Ruggiero,Durbyn,Västra Frölunda,1960-11-25T21:38:12Z,Sweden,rdurbyn5y@epa.gov,+46 (734) 380-1615
Homere,O'Feeney,El Águila,1975-08-29T21:44:32Z,Colombia,hofeeney5z@cbc.ca,+57 (606) 740-9093
Seline,Axston,Xinzhuang,1975-07-16T19:05:10Z,China,saxston60@shareasale.com,+86 (201) 966-2320
Kristopher,Montier,Mandal,1996-11-01T06:34:34Z,Mongolia,kmontier61@hao123.com,+976 (352) 752-4884
Kayley,MacDonogh,Niu,1969-07-20T16:07:40Z,China,kmacdonogh62@pcworld.com,+86 (278) 498-0281
Isahella,Maltster,Bojszowy Nowe,1995-12-09T01:03:12Z,Poland,imaltster63@nifty.com,+48 (784) 429-1514
Darn,Baford,Oslo,1963-11-28T00:17:04Z,Norway,dbaford64@goo.ne.jp,+47 (252) 847-6085
Virginia,Caldaro,Ban Phai,1952-08-10T21:46:46Z,Thailand,vcaldaro65@vistaprint.com,+66 (305) 286-6558
Bailie,Muston,Uruçuca,1998-06-12T11:27:03Z,Brazil,bmuston66@microsoft.com,+55 (481) 685-1744
Timothy,Dumphry,El Corozo,1977-05-22T03:58:08Z,Venezuela,tdumphry67@oakley.com,+58 (319) 418-3010
Trev,Labram,Lupon,1982-09-12T17:03:06Z,Philippines,tlabram68@skype.com,+63 (941) 876-2937
Idette,Morgan,Casa Branca,1954-04-26T05:29:59Z,Brazil,imorgan69@miitbeian.gov.cn,+55 (530) 384-6752
Ermengarde,Oldam,,,,eoldam6a@barnesandnoble.com,
Feliza,Guillon,Yinchuan,1961-06-12T07:52:39Z,China,fguillon6b@accuweather.com,+86 (793) 275-3304
Willamina,Berends,Birmingham,1960-06-03T08:37:11Z,United States,wberends6c@smugmug.com,+1 (205) 695-1373
Tiphany,McCaghan,Niugan,1956-11-20T01:21:53Z,Philippines,tmccaghan6d@rakuten.co.jp,+63 (926) 857-1674
Kiri,Bruyett,Al Bīrah,1972-12-14T08:55:20Z,Palestinian Territory,kbruyett6e@mozilla.org,+970 (469) 315-8412
Brenden,Scobbie,Vimmerby,1960-08-14T05:25:46Z,Sweden,bscobbie6f@usgs.gov,+46 (102) 555-8148
Robina,Guyers,,,,rguyers6g@mapquest.com,
Ketti,Stoltz,Alvaro Obregon,1998-01-13T22:11:54Z,Mexico,kstoltz6h@bbc.co.uk,+52 (254) 412-8681
Frances,Mayze,Gaowu,1982-10-09T10:24:28Z,China,fmayze6i@netvibes.com,+86 (135) 964-1655
Elston,Grassin,Rangah,1980-10-31T05:35:44Z,Indonesia,egrassin6j@youku.com,+62 (613) 239-4398
Car,Manolov,Donglai,1998-10-09T06:43:59Z,China,cmanolov6k@wordpress.org,+86 (343) 289-3780
Carlynne,Midner,Mosty,1950-05-14T12:24:20Z,Poland,cmidner6l@go.com,+48 (201) 539-6242
Zackariah,Roseblade,Sibut,1960-10-04T02:30:01Z,Central African Republic,zroseblade6m@tripadvisor.com,+236 (428) 685-2503
Tibold,Tunney,Iganga,1972-07-01T01:47:34Z,Uganda,,+256 (217) 444-8907
Edvard,Luther,Roshal’,1998-02-02T04:46:11Z,Russia,eluther6o@un.org,+7 (955) 652-4302
Hamlen,Brotherwood,Houston,1976-11-11T09:23:49Z,United States,,+1 (832) 554-3529
Kelsi,Stirland,Trondheim,1962-01-30T04:06:04Z,Norway,kstirland6q@clickbank.net,+47 (278) 758-3751
Sabine,Belitz,Hechuan,1968-06-26T21:49:55Z,China,sbelitz6r@blog.com,+86 (533) 102-4860
Fernando,Reedman,Zhangdian,1971-01-26T11:11:13Z,China,freedman6s@twitpic.com,+86 (138) 119-1079
Gerrilee,Etienne,Kusŏng,1997-07-06T15:29:15Z,North Korea,getienne6t@patch.com,+850 (521) 785-6230
Bernadina,Bennis,Limoeiro do Norte,1998-03-15T08:57:52Z,Brazil,bbennis6u@biglobe.ne.jp,+55 (861) 896-0666
Ferdinande,Cholerton,Bigaa,1998-04-19T11:55:48Z,Philippines,fcholerton6v@ning.com,+63 (457) 775-1676
Marcie,Kiffin,Narach,1959-11-06T23:09:02Z,Belarus,,+375 (282) 869-3794
Bowie,MacNeely,Sovetskoye,1960-08-28T08:27:29Z,Russia,bmacneely6x@multiply.com,+7 (317) 261-1444
Ken,Wymer,Languan,1994-06-22T09:51:53Z,China,kwymer6y@npr.org,+86 (159) 732-8193
Sheilakathryn,Seiler,Álftanes,1999-12-04T19:17:23Z,Iceland,sseiler6z@oakley.com,+354 (668) 115-6391
Averil,Dubery,Puan,1959-01-07T13:35:02Z,Argentina,adubery70@i2i.jp,+54 (763) 189-9430
Ricardo,Forsyde,Sanchahe,1997-09-17T16:45:05Z,China,rforsyde71@storify.com,+86 (918) 965-5732
Gretna,Vlasin,Hrochův Týnec,1953-12-16T16:40:31Z,Czech Republic,gvlasin72@acquirethisname.com,+420 (541) 163-7820
Bria,Hidderley,Al ‘Azīzīyah,1973-04-17T04:14:51Z,Libya,bhidderley73@google.nl,+218 (276) 368-1998
Morten,Brazener,Jiawu,1959-07-04T05:40:36Z,China,mbrazener74@yandex.ru,+86 (610) 383-1533
Merrily,Eastcourt,Machala,1958-09-21T02:42:02Z,Ecuador,meastcourt75@dagondesign.com,+593 (646) 636-2275
Langston,Van der Kruis,,,,lvanderkruis76@tinyurl.com,
Shalna,Perring,Nantang,1975-09-14T15:02:11Z,China,sperring77@nasa.gov,+86 (476) 643-5860
Antoni,Cogzell,Halmstad,1963-11-04T13:23:52Z,Sweden,acogzell78@wp.com,+46 (790) 964-3535
Blinny,Wileman,Fuhai,1983-02-26T14:29:47Z,China,,+86 (963) 354-5837
Melantha,Baudon,Omutninsk,1996-03-08T03:49:04Z,Russia,mbaudon7a@si.edu,+7 (336) 299-9151
Robinette,Wallworke,Gribanovskiy,1979-12-19T06:41:06Z,Russia,rwallworke7b@adobe.com,+7 (243) 359-6509
Aaren,Signori,Kufayrit,1983-04-07T22:25:13Z,Palestinian Territory,asignori7c@nsw.gov.au,+970 (737) 624-0470
Edee,Gatward,Loma Bonita,1991-09-03T05:50:23Z,Mexico,egatward7d@discovery.com,+52 (468) 633-7822
Korrie,Hoggin,Margita,1966-06-25T23:30:41Z,Serbia,khoggin7e@is.gd,+381 (382) 440-2447
Cecile,Jacobowits,,,,cjacobowits7f@youku.com,
Yvette,Ornelas,Morawica,1956-06-21T17:47:05Z,Poland,yornelas7g@de.vu,+48 (316) 248-4359
Gerardo,Estevez,Tiouli,1956-01-19T11:19:58Z,Morocco,gestevez7h@wunderground.com,+212 (890) 341-4804
Jenny,Davidi,Gizel’,1962-04-30T11:54:30Z,Russia,jdavidi7i@booking.com,+7 (589) 776-1180
Clevie,Rocca,Pogonsili,1994-08-19T13:41:51Z,Philippines,crocca7j@fotki.com,+63 (435) 229-1694
Ricki,Kingsbury,Būr Safājah,1976-12-20T07:42:10Z,Egypt,rkingsbury7k@foxnews.com,+20 (325) 541-6644
Arlette,Reedyhough,Quzhou,1971-12-15T22:44:09Z,China,areedyhough7l@comsenz.com,+86 (297) 316-3429
Bartlet,Luto,San Isidro,1975-12-20T11:53:30Z,Mexico,bluto7m@bluehost.com,+52 (992) 276-3160
Benni,Ellams,Tarusa,1988-11-30T21:43:48Z,Russia,bellams7n@census.gov,+7 (285) 828-2109
Karna,Frowde,Zolotonosha,1952-10-13T10:42:23Z,Ukraine,kfrowde7o@un.org,+380 (738) 851-6286
Barbette,Collinwood,Ipoh,1981-02-04T11:52:03Z,Malaysia,bcollinwood7p@simplemachines.org,+60 (571) 548-8262
Yancey,Dielhenn,Gŭlŭbovo,1965-09-06T02:59:40Z,Bulgaria,ydielhenn7q@angelfire.com,+359 (330) 779-6240
Talia,Bartleman,Priboj,1977-11-17T03:05:54Z,Serbia,tbartleman7r@barnesandnoble.com,+381 (119) 228-5347
Gwenneth,Cuniam,Kuniran,1992-07-25T11:41:20Z,Indonesia,gcuniam7s@reuters.com,+62 (973) 536-8066
Janene,Emby,Iracemápolis,1971-03-29T20:16:01Z,Brazil,jemby7t@ifeng.com,+55 (984) 591-3950
Rupert,Stanlick,Krasnogvardeyets,1966-12-17T23:46:16Z,Russia,rstanlick7u@nbcnews.com,+7 (319) 686-3484
Guy,Habden,Igbeti,1951-05-24T04:52:58Z,Nigeria,ghabden7v@flickr.com,+234 (213) 160-8516
Matthias,Cramphorn,Puteaux,1952-08-27T21:58:10Z,France,mcramphorn7w@angelfire.com,+33 (504) 287-3922
Reggis,Cumes,Balekersukamaju,1960-05-31T08:50:36Z,Indonesia,rcumes7x@parallels.com,+62 (534) 944-4708
Nomi,Winborn,Wyszki,1984-11-03T22:33:20Z,Poland,nwinborn7y@quantcast.com,+48 (332) 869-8616
Cyrille,Dumke,Paoay,1988-03-11T16:33:48Z,Philippines,cdumke7z@dot.gov,+63 (419) 217-6933
Kelley,Perfitt,Praimarada,1950-06-04T00:15:53Z,Indonesia,kperfitt80@godaddy.com,+62 (483) 133-6113
Levey,Isted,Gaoxiang,1980-02-01T11:18:23Z,China,listed81@earthlink.net,+86 (608) 544-6223
Sula,Raggett,Dingcheng,1999-11-10T19:05:14Z,China,,+86 (535) 446-3953
Addy,Marder,Seremban,1981-04-12T20:23:27Z,Malaysia,amarder83@networkadvertising.org,+60 (814) 299-3025
Carolyne,Huitson,Scarborough,1977-07-05T12:39:31Z,Trinidad and Tobago,chuitson84@csmonitor.com,+1 (396) 661-6312
Bambie,Siddons,Sindangrasa,1979-12-19T15:28:27Z,Indonesia,bsiddons85@imdb.com,+62 (292) 671-9513
Aeriell,Scargill,Babakan,1958-09-16T14:30:20Z,Indonesia,ascargill86@goo.gl,+62 (732) 175-8233
Anette,Pressnell,Dongshi,1981-03-30T21:02:56Z,China,apressnell87@cnbc.com,+86 (226) 438-4927
Kissie,Stucksbury,Chŏngju,1956-02-07T15:51:52Z,North Korea,kstucksbury88@delicious.com,+850 (252) 488-6921
Van,Elphinston,Vršac,1972-12-15T07:37:23Z,Serbia,velphinston89@sakura.ne.jp,+381 (195) 274-3087
Jackson,Gilhouley,Saint-Maur-des-Fossés,1958-10-15T09:07:54Z,France,jgilhouley8a@alibaba.com,+33 (748) 492-7086
Samara,Middell,Zabrat,1999-12-14T22:00:26Z,Azerbaijan,smiddell8b@timesonline.co.uk,+994 (439) 636-9899
Aguistin,Ricco,Setanggor,1973-07-01T01:25:49Z,Indonesia,aricco8c@blinklist.com,+62 (837) 503-4591
Pollyanna,Mulvihill,Jutiapa,1985-12-28T07:00:01Z,Guatemala,pmulvihill8d@rediff.com,+502 (325) 922-1675
Stanislas,Gorstidge,Ōmuta,1995-04-25T14:48:47Z,Japan,sgorstidge8e@smugmug.com,+81 (144) 566-8503
Kylynn,Gosker,Bujanovac,1990-11-27T12:11:33Z,Serbia,kgosker8f@hexun.com,+381 (957) 315-4882
Giusto,Pooley,Campo,1993-06-24T01:28:06Z,Portugal,gpooley8g@cnn.com,+351 (820) 727-1135
Vevay,Redhole,Tây Hồ,1957-04-29T06:29:30Z,Vietnam,vredhole8h@java.com,+84 (500) 571-8034
Randal,Gouny,Lixi,1990-02-25T21:17:34Z,China,rgouny8i@theguardian.com,+86 (804) 314-4721
Dinah,Pohling,Uchimaru,1995-01-12T22:47:54Z,Japan,dpohling8j@whitehouse.gov,+81 (812) 641-9986
Kayley,Simla,Wang Noi,1996-04-16T02:56:01Z,Thailand,ksimla8k@github.com,+66 (679) 520-1911
Kerstin,Lehr,Bāmyān,1984-11-08T06:40:30Z,Afghanistan,klehr8l@eepurl.com,+93 (968) 661-7787
Averell,Bodega,Soeng Sang,1951-08-31T11:30:51Z,Thailand,abodega8m@noaa.gov,+66 (803) 172-2774
Danielle,Wille,Maliang,1962-06-17T19:50:14Z,Indonesia,dwille8n@creativecommons.org,+62 (349) 334-6585
Ambros,Jurgenson,Milot,1976-05-28T01:53:46Z,Haiti,ajurgenson8o@hao123.com,+509 (387) 928-6821
Elyssa,Speir,Masaran,1955-03-20T17:36:19Z,Indonesia,espeir8p@ifeng.com,+62 (813) 989-1497
Bealle,Munro,Tol’yatti,1999-05-06T21:17:29Z,Russia,bmunro8q@csmonitor.com,+7 (623) 802-2020
Aaron,Cavaney,Quchanghī,1956-03-15T01:39:46Z,Afghanistan,acavaney8r@examiner.com,+93 (772) 420-9022
Minny,Blythe,Amarillo,1959-06-24T02:37:35Z,United States,mblythe8s@examiner.com,+1 (713) 638-3614
Lilas,Durman,Kéfalos,1980-02-16T14:39:01Z,Greece,ldurman8t@hhs.gov,+30 (615) 215-8893
Ara,Cowlishaw,Shaba,1999-10-28T13:05:54Z,China,acowlishaw8u@mail.ru,+86 (577) 164-8531
Hyacinthie,Izakoff,,,,,
Jobie,Ianinotti,Mnichovo Hradiště,1997-07-07T22:11:41Z,Czech Republic,,+420 (580) 144-8861
Karola,Ranns,Agenebode,1963-11-07T14:46:11Z,Nigeria,kranns8x@upenn.edu,+234 (158) 122-6909
Batholomew,Stollwerck,Ängelholm,1974-11-23T06:15:52Z,Sweden,bstollwerck8y@prlog.org,+46 (552) 500-6326
Alexandra,Van der Spohr,Changgang,1988-07-06T02:18:11Z,China,avanderspohr8z@arizona.edu,+86 (623) 261-0293
Richart,Iglesia,Pakokku,1951-06-29T12:41:55Z,Myanmar,riglesia90@usatoday.com,+95 (245) 175-3656
Puff,Simoneschi,La Paz Centro,1996-03-12T02:03:20Z,Nicaragua,psimoneschi91@pcworld.com,+505 (177) 316-8563
Ezri,Ebbitt,Firavitoba,1995-02-04T00:24:35Z,Colombia,eebbitt92@icq.com,+57 (713) 897-2623
Bebe,Ondrasek,Benchu,1953-06-06T11:39:52Z,China,bondrasek93@narod.ru,+86 (386) 915-6583
Rosaline,Batha,,,,rbatha94@nbcnews.com,
Arlinda,Issard,Jardin,1992-09-18T06:38:52Z,Mexico,aissard95@hugedomains.com,+52 (165) 466-7210
Octavia,Syson,Donglai,1986-09-07T16:24:35Z,China,osyson96@java.com,+86 (197) 412-6250
Anetta,Rummins,Kostyantynivka,1988-12-23T08:39:15Z,Ukraine,arummins97@cisco.com,+380 (938) 830-7162
Hertha,Gobbett,Nioro du Rip,1951-03-31T08:02:24Z,Senegal,hgobbett98@economist.com,+221 (520) 892-6508
Sinclare,Roncelli,Lanhe,1980-06-15T11:14:42Z,China,sroncelli99@hhs.gov,+86 (912) 244-9300
Martin,Blaise,Almelo,1998-04-24T17:44:25Z,Netherlands,mblaise9a@ox.ac.uk,+31 (345) 914-4492
Ricca,Maffeo,Caridade,1968-12-26T06:45:04Z,Portugal,rmaffeo9b@prnewswire.com,+351 (404) 476-1134
Hardy,Cazalet,Majdal Banī Fāḑil,1990-09-17T10:14:46Z,Palestinian Territory,hcazalet9c@businessinsider.com,+970 (789) 821-5765
Davidde,Quartley,Braço do Norte,1966-03-22T11:57:25Z,Brazil,dquartley9d@cam.ac.uk,+55 (498) 305-3225
Georgina,Durbann,Hidalgo,1973-05-04T04:28:46Z,Mexico,gdurbann9e@ted.com,+52 (729) 273-0371
Diego,Hedingham,Bridgetown,1962-10-19T08:19:31Z,Barbados,,+1 (958) 183-0708
Tyrone,Arnaudot,Fengqiao,1958-03-13T06:53:30Z,China,tarnaudot9g@admin.ch,+86 (859) 260-2737
Sarine,Amery,Douliu,1988-04-02T16:10:07Z,Taiwan,samery9h@timesonline.co.uk,+886 (460) 741-0202
Garrick,Seagood,Quiling,1965-06-09T22:29:12Z,Philippines,gseagood9i@alexa.com,+63 (206) 958-1869
Wren,Boddy,Lipinki Łużyckie,1961-12-12T17:12:35Z,Poland,,+48 (843) 258-0977
Desiri,Dymoke,Digby,1954-12-14T15:35:16Z,Canada,ddymoke9k@google.co.uk,+1 (526) 325-0861
Bren,McGinney,Bo Phloi,1967-02-12T15:00:49Z,Thailand,bmcginney9l@flavors.me,+66 (629) 102-0713
Codi,Dorian,Jimaguayú,1979-02-06T20:59:56Z,Cuba,cdorian9m@china.com.cn,+53 (907) 543-7406
Llywellyn,Basilone,Pemba,1958-11-20T01:40:23Z,Mozambique,lbasilone9n@yellowbook.com,+258 (765) 477-1114
Durant,Besque,El Retiro,1954-12-23T13:55:19Z,Colombia,dbesque9o@last.fm,+57 (498) 787-0823
Reube,McAuslene,Muqi,1977-03-31T01:10:47Z,China,rmcauslene9p@epa.gov,+86 (579) 434-6766
Broderick,Waszczykowski,Immātīn,1955-02-03T20:42:27Z,Palestinian Territory,bwaszczykowski9q@symantec.com,+970 (117) 905-4808
Lorne,Faulkner,Orléans,1964-02-28T14:02:39Z,France,lfaulkner9r@addthis.com,+33 (585) 204-0609
Sidney,Son,Asbest,1990-06-17T00:28:58Z,Russia,sson9s@123-reg.co.uk,+7 (193) 526-0346
Myrna,Faulkes,Kalilangan,1961-01-18T07:17:05Z,Philippines,mfaulkes9t@theatlantic.com,+63 (512) 266-3571
Palm,Tousy,Chiquimulilla,1955-10-08T22:59:24Z,Guatemala,ptousy9u@google.com.hk,+502 (194) 971-3253
Lenka,Garling,Kavála,1950-09-13T21:30:42Z,Greece,lgarling9v@squidoo.com,+30 (489) 650-1303
Tally,Castel,Lovisa,1958-09-18T05:22:31Z,Finland,tcastel9w@nifty.com,+358 (140) 883-8238
Rowland,Dugald,Buinsk,1998-06-10T15:50:17Z,Russia,rdugald9x@typepad.com,+7 (972) 486-0949
Monique,Ellacombe,Barranca de Upía,1982-06-14T12:09:57Z,Colombia,mellacombe9y@bluehost.com,+57 (100) 247-3621
Gaultiero,Summerlee,Kasaoka,1961-06-24T15:12:50Z,Japan,gsummerlee9z@sourceforge.net,+81 (518) 884-2112
Merrill,Rogez,Nova Praha,1970-06-25T07:43:26Z,Ukraine,mrogeza0@cnet.com,+380 (469) 126-2679
Addy,Checkley,Cafarnaum,1966-04-24T08:50:08Z,Brazil,acheckleya1@fc2.com,+55 (223) 616-4882
Julianne,Lohrensen,Jiukeng,1961-01-01T13:36:45Z,China,jlohrensena2@intel.com,+86 (694) 531-6464
Evangelin,Ashworth,Nggesa,1981-11-15T06:16:20Z,Indonesia,eashwortha3@ucoz.com,+62 (503) 653-1871
Grove,Brown,Jinzipai,1964-05-09T12:07:54Z,China,,+86 (585) 425-4159
Virginia,Posthill,Pećigrad,1977-02-13T12:40:50Z,Bosnia and Herzegovina,vposthilla5@google.de,+387 (146) 914-2513
Genny,Jorez,Sepīdān,1972-01-09T00:49:10Z,Iran,gjoreza6@reference.com,+98 (344) 365-0797
Lawrence,Kobieriecki,Dzel,1966-05-26T19:26:10Z,Mongolia,lkobierieckia7@go.com,+976 (190) 753-3308
Burlie,Sandry,Žrnovo,1991-03-04T20:13:21Z,Croatia,bsandrya8@wordpress.com,+385 (548) 511-6918
Tildy,Antonsen,Mardā,1984-09-01T12:54:13Z,Palestinian Territory,,+970 (935) 602-5854
Gloriana,Jina,Vynohradiv,1953-08-10T16:28:55Z,Ukraine,gjinaaa@oaic.gov.au,+380 (721) 820-7835
Megan,Rollings,Zhangxiang,1958-09-14T03:29:37Z,China,mrollingsab@1und1.de,+86 (129) 413-2600
Hagen,Penni,Dolores,1968-08-19T03:33:19Z,Philippines,hpenniac@samsung.com,+63 (543) 260-4138
Jaquelyn,Arnaldo,Lebu,1954-05-07T11:52:18Z,Chile,jarnaldoad@example.com,+56 (725) 118-2563
Vonnie,Kimberly,Burrel,1959-11-17T19:47:24Z,Albania,vkimberlyae@skype.com,+355 (284) 699-2047
Katharina,Sandeson,Toyohama,1980-03-01T01:59:10Z,Japan,ksandesonaf@reference.com,+81 (671) 152-4406
Trev,Gladdolph,Krajan Alastengah,1964-09-20T13:58:05Z,Indonesia,tgladdolphag@about.com,+62 (783) 676-4444
Michale,Logue,Skomlin,1991-01-28T16:32:51Z,Poland,,+48 (782) 460-9858
Mervin,Forrestor,Bangbayang,1956-10-28T17:15:11Z,Indonesia,mforrestorai@google.it,+62 (817) 162-1276
Shoshanna,Renfree,Demir Hisar,1974-06-16T11:12:46Z,Macedonia,,+389 (962) 272-7344
Charmion,Gulberg,"Villa Presidente Frei, Ñuñoa, Santiago, Chile",1986-04-17T17:22:20Z,Chile,cgulbergak@amazonaws.com,+56 (957) 810-3309
Ludovico,Breacher,Beijiang,1955-05-10T22:44:49Z,China,lbreacheral@wikia.com,+86 (428) 217-0449
Marketa,Gasnell,Banpu,1973-07-19T15:44:29Z,China,mgasnellam@google.com.au,+86 (759) 326-2461
Ernestus,Heild,Xinmen,1957-06-10T03:52:06Z,China,eheildan@loc.gov,+86 (464) 371-4100
Martainn,Errett,Reggada,1958-09-20T07:02:24Z,Morocco,,+212 (440) 746-4098
Homer,Celloni,Stepanivka,1952-02-22T23:03:08Z,Ukraine,hcelloniap@istockphoto.com,+380 (122) 909-3816
Verla,Byard,Gongbuxue,1968-04-23T01:26:39Z,China,vbyardaq@freewebs.com,+86 (701) 646-5609
Sandro,McCourt,Bato,1961-05-06T09:14:25Z,Philippines,smccourtar@printfriendly.com,+63 (141) 511-2025
Tibold,O'Looney,Yangtan,1996-11-12T17:38:40Z,China,tolooneyas@va.gov,+86 (691) 461-9376
Fernanda,Magee,Primorsko,1984-02-23T12:37:35Z,Bulgaria,,+359 (236) 238-4266
Alexandra,Flahy,Maastricht,1976-03-24T06:04:52Z,Netherlands,aflahyau@gravatar.com,+31 (397) 106-1875
Hunfredo,Linny,Mġarr,1961-04-03T04:39:22Z,Malta,hlinnyav@netlog.com,+356 (718) 911-0337
Rosabella,Glazebrook,Bulihan,1983-02-24T00:04:23Z,Philippines,rglazebrookaw@yahoo.co.jp,+63 (136) 818-2321
Eden,MacDougall,Janowiec,1970-04-22T17:07:11Z,Poland,emacdougallax@reddit.com,+48 (367) 333-2887
Ranna,Cowterd,Pigcawayan,1987-03-01T22:28:38Z,Philippines,rcowterday@vinaora.com,+63 (566) 311-2811
Jerome,Gianuzzi,Şūr,1955-10-26T08:30:24Z,Oman,jgianuzziaz@paginegialle.it,+968 (494) 387-8832
Aleen,Lanceley,Natakoli,1967-01-31T18:47:03Z,Indonesia,,+62 (440) 388-5917
Allister,Robelin,Kaliwates,1980-01-18T05:50:39Z,Indonesia,arobelinb1@marketwatch.com,+62 (486) 859-7076
Brandy,Wohler,Susapaya,1967-04-29T19:03:31Z,Peru,bwohlerb2@si.edu,+51 (658) 516-7193
Ingrim,Strothers,Tajumulco,1995-01-17T22:11:18Z,Guatemala,istrothersb3@webmd.com,+502 (870) 522-3916
Gearalt,Fidele,Águas,1954-12-27T09:59:25Z,Portugal,gfideleb4@epa.gov,+351 (367) 352-4225
Shel,Bagehot,Kisesa,1997-06-03T04:38:07Z,Tanzania,sbagehotb5@google.com,+255 (154) 806-0835
Appolonia,McKeighen,,,,amckeighenb6@mit.edu,
Channa,Nono,Shiree,1967-11-13T06:04:19Z,Mongolia,,+976 (386) 859-9941
Gill,Gorbell,,,,ggorbellb8@redcross.org,
La verne,Cowcha,Repatriación,1999-02-15T19:50:28Z,Paraguay,lcowchab9@google.com,+595 (369) 775-5033
Annabell,Twells,Preiļi,1990-02-08T01:06:11Z,Latvia,,+371 (895) 388-9651
Elysia,Hele,Salerno,1969-08-29T16:03:57Z,Italy,ehelebb@purevolume.com,+39 (594) 555-5239
Lelah,Kyngdon,Al Muharraq,1953-12-25T18:56:20Z,Bahrain,lkyngdonbc@alexa.com,+973 (956) 521-7315
Kristyn,Chestle,Oklahoma City,1987-11-18T09:13:30Z,United States,kchestlebd@furl.net,+1 (405) 833-7203
Bambi,Gregorio,Kezilei,1990-10-01T14:32:34Z,China,,+86 (561) 671-0905
Vin,Mudge,San Francisco de Macorís,1997-03-30T07:34:56Z,Dominican Republic,vmudgebf@jigsy.com,+1 (472) 471-1532
Cherida,Mosedill,Nonggunong,1992-12-02T13:05:01Z,Indonesia,cmosedillbg@sphinn.com,+62 (797) 119-9602
Carol,Pfeifer,Dasht-e Lati,1965-10-24T23:13:11Z,Iran,cpfeiferbh@bravesites.com,+98 (938) 269-8805
Bowie,Thonger,San Pablo,1986-09-10T08:26:33Z,Costa Rica,bthongerbi@psu.edu,+506 (850) 349-1171
Adolf,Michelotti,Grängesberg,1993-06-29T01:28:28Z,Sweden,amichelottibj@de.vu,+46 (312) 598-1889
Celene,Beecroft,Kyaukse,1985-12-13T15:51:38Z,Myanmar,cbeecroftbk@1688.com,+95 (606) 371-6915
Keefer,Knowles,Gouxaria,1967-04-13T18:36:32Z,Portugal,kknowlesbl@google.de,+351 (997) 767-0960
Morissa,Mosedill,Bugarama,1989-10-03T10:32:40Z,Tanzania,mmosedillbm@lycos.com,+255 (378) 747-7134
Inness,Gopsell,Kauswagan,1956-09-05T21:37:40Z,Philippines,igopsellbn@sakura.ne.jp,+63 (679) 494-1199
Verney,Adey,Xia’ertai,1980-06-24T11:37:16Z,China,,+86 (119) 638-2478
Ode,Redmire,Lengkongsari,1987-12-12T13:35:22Z,Indonesia,oredmirebp@comsenz.com,+62 (263) 865-9908
Johnnie,Hinder,Novotroitsk,1971-10-08T12:50:57Z,Russia,jhinderbq@fc2.com,+7 (389) 555-7298
Bearnard,Loachhead,Touho,1974-02-01T23:18:26Z,New Caledonia,bloachheadbr@tamu.edu,+687 (221) 738-7143
Neysa,Fisby,Hongjiazui,1990-02-07T03:56:35Z,China,nfisbybs@reverbnation.com,+86 (225) 758-2181
Tab,Marvell,Ñuñoa,1970-07-09T06:45:34Z,Peru,tmarvellbt@samsung.com,+51 (963) 938-8531
Joyann,Curman,Bremen,1957-08-22T07:06:13Z,Germany,,+49 (505) 327-4606
Ulysses,Woodard,Matagalpa,1999-09-26T00:45:24Z,Nicaragua,uwoodardbv@mail.ru,+505 (751) 127-0627
Caralie,Quogan,Bukuru,1988-05-21T22:49:44Z,Nigeria,cquoganbw@yahoo.co.jp,+234 (336) 283-3493
Madel,Corby,Sidoaji,1982-10-21T18:24:08Z,Indonesia,mcorbybx@amazon.co.jp,+62 (383) 481-0256
Corny,Ricciardelli,Bayān,1963-02-19T06:31:51Z,Kuwait,cricciardelliby@oracle.com,+965 (833) 594-1026
Elbert,Oxtoby,Linjiang,1989-05-28T11:06:49Z,China,eoxtobybz@so-net.ne.jp,+86 (246) 649-9090
Paulina,Eames,Khasht’arrak,1987-06-05T13:48:46Z,Armenia,peamesc0@hp.com,+374 (293) 114-1066
Esra,Fine,Ibagué,1977-07-02T18:13:15Z,Colombia,efinec1@usnews.com,+57 (498) 625-9156
Odilia,Rider,Chenguang,1953-06-15T12:23:14Z,China,oriderc2@amazon.co.uk,+86 (717) 856-0865
Huntley,Gascoyne,Wutan,1990-04-24T19:23:21Z,China,hgascoynec3@ifeng.com,+86 (503) 146-3702
Micky,Hullin,Gelang,1976-01-17T03:06:50Z,Indonesia,mhullinc4@w3.org,+62 (644) 307-2861
Karalynn,Petrou,Jabal os Saraj,1980-01-04T15:59:40Z,Afghanistan,kpetrouc5@yellowbook.com,+93 (123) 685-4658
Joelle,Halson,Wangying,1957-07-14T15:15:53Z,China,jhalsonc6@unicef.org,+86 (863) 401-8534
Wilfred,Mc Caghan,Skerries,1985-09-19T03:45:38Z,Ireland,wmccaghanc7@cnet.com,+353 (222) 174-6329
Adrien,Robbie,Ipoti,1984-07-19T00:38:55Z,Nigeria,arobbiec8@census.gov,+234 (738) 390-5009
Kellsie,Rizzi,Caidian,1961-11-17T03:00:14Z,China,krizzic9@bravesites.com,+86 (242) 820-4251
Roxana,Wilmut,,,,rwilmutca@wiley.com,
Mariejeanne,Bartomeu,Abéché,1983-11-17T13:47:28Z,Chad,mbartomeucb@ihg.com,+235 (286) 419-2025
Anita,Sudell,,,,asudellcc@cdc.gov,
Jami,Illsley,Araguaiana,1957-12-11T23:15:43Z,Brazil,jillsleycd@ibm.com,+55 (689) 402-1533
Hagan,Warde,Xiaoshan,1956-09-16T17:09:45Z,China,hwardece@japanpost.jp,+86 (398) 782-8613
Shem,Sabathe,Henan’an,1973-11-24T00:38:23Z,China,,+86 (677) 356-1174
Daffie,Order,Horad Barysaw,1952-05-09T10:51:12Z,Belarus,dordercg@comcast.net,+375 (105) 930-5329
Reece,Burmaster,Baykit,1986-12-12T11:44:21Z,Russia,,+7 (752) 876-4220
Kelcy,Lefort,Cà Mau,1982-09-17T00:38:44Z,Vietnam,klefortci@cdc.gov,+84 (820) 314-0595
Sydel,Teodori,Lianyuan,1964-09-12T11:21:23Z,China,steodoricj@histats.com,+86 (518) 312-0477
Ario,Simononsky,Guandu,1981-04-04T19:08:38Z,China,asimononskyck@hatena.ne.jp,+86 (796) 962-4666
Carl,Tunney,Malonty,1975-08-13T22:35:29Z,Czech Republic,ctunneycl@sohu.com,+420 (488) 906-4022
Geordie,Reiach,Bárrio,1963-04-21T09:19:18Z,Portugal,greiachcm@rambler.ru,+351 (755) 944-6216
Saundra,Pusey,Zadawa,1970-04-13T16:36:21Z,Nigeria,spuseycn@tinyurl.com,+234 (127) 534-1006
Ingeberg,Woodruffe,Amga,1957-10-09T20:13:04Z,Russia,iwoodruffeco@pcworld.com,+7 (706) 108-1874
Tori,Edgeley,Cagliari,1994-08-01T13:00:23Z,Italy,tedgeleycp@merriam-webster.com,+39 (842) 372-2157
Zena,Rawlin,Shiyuan,1962-02-04T22:32:45Z,China,zrawlincq@apple.com,+86 (699) 333-2216
Claudetta,Andrey,Kamenka,1990-04-20T18:50:03Z,Russia,candreycr@ibm.com,+7 (984) 742-1028
Carlene,Normansell,,,,cnormansellcs@earthlink.net,
Alida,Featherstone,Duwayr Raslān,1977-04-28T10:12:14Z,Syria,afeatherstonect@fema.gov,+963 (200) 814-6323
Alameda,Kinneally,Meishan,1961-12-21T17:33:45Z,China,akinneallycu@soundcloud.com,+86 (210) 568-4652
Helli,Pitfield,Jeleuk,1961-07-11T07:24:08Z,Indonesia,hpitfieldcv@rediff.com,+62 (268) 931-9537
Lethia,Koppeck,Osekovo,1964-02-02T07:44:06Z,Croatia,lkoppeckcw@dropbox.com,+385 (851) 914-8316
Bernard,Knill,Qiwen,1968-09-08T23:58:55Z,China,bknillcx@bloglovin.com,+86 (588) 846-6501
Justinn,Priel,Sukamaju,1952-06-10T18:18:22Z,Indonesia,,+62 (523) 834-4183
Derron,Girardey,Tongchuan,1970-06-22T16:30:54Z,China,dgirardeycz@mapquest.com,+86 (600) 196-1690
Phebe,Crassweller,Cipicung,1980-11-12T20:53:35Z,Indonesia,pcrasswellerd0@huffingtonpost.com,+62 (667) 874-0087
Mariam,Allbrook,Maych’ew,1966-10-23T07:53:17Z,Ethiopia,mallbrookd1@fda.gov,+251 (344) 734-8471
Imelda,Towriss,Ya‘bad,1998-07-22T00:45:43Z,Palestinian Territory,itowrissd2@netscape.com,+970 (969) 953-3309
Cami,Elsdon,Sumberan,1980-09-01T00:59:43Z,Indonesia,celsdond3@princeton.edu,+62 (330) 924-3969
Julissa,Queripel,Pandan,1967-07-28T16:19:27Z,Philippines,jqueripeld4@senate.gov,+63 (115) 287-9439
Babbette,Hunstone,Santiago de Baney,1958-05-27T15:17:01Z,Equatorial Guinea,,+240 (205) 219-0177
Zena,Bodesson,Kašperské Hory,1965-11-25T19:57:36Z,Czech Republic,,+420 (549) 768-8703
Marcella,Lain,Yihe,1977-05-03T02:29:48Z,China,mlaind7@instagram.com,+86 (122) 154-6459
Odille,Hollebon,Margahayukencana,1996-07-02T22:28:29Z,Indonesia,ohollebond8@yale.edu,+62 (978) 645-1989
Lucias,Whales,Sandouping,1955-12-26T00:52:03Z,China,lwhalesd9@amazonaws.com,+86 (749) 855-7283
Merola,Brew,Shinshiro,1978-10-28T00:27:22Z,Japan,mbrewda@addthis.com,+81 (552) 828-3549
Clemmy,Josselson,Östhammar,1956-02-12T10:56:26Z,Sweden,cjosselsondb@gizmodo.com,+46 (594) 176-4395
Vivyanne,Wanden,Itinga,1964-12-23T19:57:18Z,Brazil,vwandendc@dagondesign.com,+55 (543) 221-6562
Eden,Eddoes,Baizhu,1959-05-06T02:05:19Z,China,,+86 (596) 415-2637
Danny,Fordy,Brniště,1960-09-26T10:36:26Z,Czech Republic,dfordyde@e-recht24.de,+420 (283) 714-4199
Benton,Collar,Ringinrejo,1973-04-19T18:59:15Z,Indonesia,,+62 (157) 541-7345
Madelon,Cowely,Ifo,1956-03-18T19:07:58Z,Nigeria,mcowelydg@ucsd.edu,+234 (157) 955-4446
Artemus,Valois,Bangassou,1973-06-06T04:44:03Z,Central African Republic,,+236 (417) 862-7192
Pedro,Rowly,Chlumčany,1992-02-23T21:07:26Z,Czech Republic,prowlydi@bluehost.com,+420 (753) 874-6469
Babara,Ruppel,El Sombrero,1999-02-24T07:42:13Z,Venezuela,bruppeldj@accuweather.com,+58 (514) 269-8687
Lyndy,Milmoe,Złoczew,1957-08-17T02:17:06Z,Poland,,+48 (179) 873-7547
Findlay,Campey,Jackson,1984-03-24T07:13:38Z,United States,fcampeydl@huffingtonpost.com,+1 (601) 588-9757
Zack,Merriton,Anlu,1954-12-05T22:22:41Z,China,zmerritondm@altervista.org,+86 (214) 612-3547
Leanna,Churchward,,,,lchurchwarddn@shutterfly.com,
Adrian,Broadstock,Cabo Frio,1968-12-14T15:45:42Z,Brazil,,+55 (733) 164-7523
Darcy,Gabbidon,Tsenher,1971-02-07T07:01:49Z,Mongolia,dgabbidondp@vinaora.com,+976 (130) 800-5746
Ortensia,O' Gara,Sake,1964-03-11T03:01:19Z,Democratic Republic of the Congo,oogaradq@ask.com,+242 (894) 445-1398
Phedra,Arrighi,Shaoguan,1973-06-21T23:51:31Z,China,parrighidr@prweb.com,+86 (280) 204-3434
Welbie,Kahn,L'Île-Perrot,1980-12-09T03:19:54Z,Canada,,+1 (165) 716-4689
Aimee,Castiello,Vila Flor,1977-06-23T15:34:37Z,Portugal,acastiellodt@nymag.com,+351 (515) 375-6144
Clive,Truggian,Erie,1974-07-20T18:09:41Z,United States,,+1 (814) 857-8975
Any,Reeve,Kandi,1970-07-03T20:11:38Z,Benin,areevedv@360.cn,+229 (197) 726-3175
Dorthea,Cossar,Kalety,1979-10-05T10:52:43Z,Poland,dcossardw@wordpress.com,+48 (299) 555-6149
Chic,Featherby,Armentières,1975-02-19T22:56:22Z,France,cfeatherbydx@amazon.de,+33 (119) 881-1848
Cristen,Devey,Antou,1957-05-07T03:43:10Z,China,cdeveydy@last.fm,+86 (348) 861-8077
Alec,Parcells,Hwawŏn,1985-06-26T20:00:07Z,South Korea,aparcellsdz@reddit.com,+82 (199) 931-6842
Clem,Teulier,Sidamulya Satu,1982-09-17T07:55:00Z,Indonesia,cteuliere0@fastcompany.com,+62 (301) 349-2795
Myca,Milsted,Filabusi,1997-07-24T03:51:32Z,Zimbabwe,,+263 (673) 512-5147
Lanette,Learmouth,Khovd,1965-07-31T08:32:47Z,Mongolia,llearmouthe2@51.la,+976 (369) 814-2547
Karin,Bathurst,Wololele A,1952-06-05T00:32:57Z,Indonesia,,+62 (366) 128-8882
Abbie,Stud,Phichit,1968-09-22T06:46:15Z,Thailand,,+66 (342) 158-6298
Meredith,Wilsher,Phayuha Khiri,1952-03-03T22:24:50Z,Thailand,,+66 (998) 596-4634
Jania,Ransom,Dzhebariki-Khaya,1995-05-26T13:56:10Z,Russia,,+7 (702) 117-4586
Floyd,Chantler,Kushnarënkovo,1967-08-22T13:13:12Z,Russia,fchantlere7@ocn.ne.jp,+7 (160) 482-0400
Xenos,Barosch,Hai’an,1989-10-12T05:19:52Z,China,xbarosche8@wired.com,+86 (560) 723-9182
Mercy,Feldmus,Xarrë,1978-01-02T23:44:09Z,Albania,,+355 (712) 317-3443
Sheppard,Thewles,Jomsom,1999-06-02T17:44:36Z,Nepal,sthewlesea@canalblog.com,+977 (907) 823-0290
Dorena,Yakutin,Shibukawa,1988-01-05T22:56:44Z,Japan,,+81 (494) 507-5071
Christi,Wingeat,Surubim,1964-03-16T11:25:54Z,Brazil,cwingeatec@moonfruit.com,+55 (845) 975-2256
Andi,Mulvihill,Fengniancun,1986-09-28T07:37:04Z,China,amulvihilled@google.fr,+86 (166) 430-0641
Natka,Gribbon,Gaptsakh,1987-12-31T01:42:26Z,Russia,ngribbonee@addthis.com,+7 (669) 524-5557
Roldan,Swaby,Basel,1972-11-19T04:06:15Z,Switzerland,rswabyef@about.me,+41 (481) 152-3066
Curtis,Looby,North Cowichan,1988-10-29T01:55:24Z,Canada,cloobyeg@economist.com,+1 (317) 169-6344
Sandra,Rushby,Lappi,1993-09-06T21:49:50Z,Finland,srushbyeh@meetup.com,+358 (849) 945-8733
Sabina,Isaak,Wutan,1974-03-31T20:11:08Z,China,sisaakei@edublogs.org,+86 (571) 144-7160
Aurora,Heffer,,,,ahefferej@kickstarter.com,
Franky,Lattie,Nanmuping,1953-04-28T17:30:15Z,China,flattieek@ftc.gov,+86 (823) 767-4004
Benton,Hargate,Shushenskoye,1999-04-12T15:24:34Z,Russia,,+7 (498) 531-3230
Adeline,Reddlesden,Campoalegre,1960-05-01T05:53:24Z,Colombia,areddlesdenem@youku.com,+57 (974) 898-9168
Lanni,Dayes,Río Segundo,1953-02-14T12:29:37Z,Argentina,ldayesen@tumblr.com,+54 (444) 998-7544
Luci,Lloyd-Williams,Kabin Buri,1957-06-15T09:08:52Z,Thailand,llloydwilliamseo@wisc.edu,+66 (848) 411-9618
Charmane,Heephy,Ganting,1975-06-03T16:00:33Z,China,cheephyep@quantcast.com,+86 (784) 311-1365
Grethel,Kempe,Halat,1999-04-25T11:34:39Z,Indonesia,gkempeeq@woothemes.com,+62 (121) 471-0890
Hartwell,Mersh,Chornomors’ke,1988-02-22T10:40:19Z,Ukraine,hmersher@apple.com,+380 (549) 790-1836
Marin,Brickham,Presidente Epitácio,1982-08-01T04:11:32Z,Brazil,mbrickhames@gmpg.org,+55 (552) 296-1198
Bertrand,Fuke,,,,bfukeet@springer.com,
Marris,Ladbury,Quimistán,1961-04-12T04:36:02Z,Honduras,,+504 (962) 767-0936
Elbert,Camacke,Pelaya,1972-04-22T14:06:38Z,Colombia,ecamackeev@who.int,+57 (164) 399-7760
Felizio,Guillot,Karavan,1998-12-09T14:57:02Z,Kyrgyzstan,,+996 (296) 403-4146
Delphinia,Vaulkhard,Nabire,1986-04-09T19:42:58Z,Indonesia,dvaulkhardex@google.cn,+62 (708) 993-6784
Merrile,Folcarelli,Gugark’,1962-03-23T20:13:04Z,Armenia,mfolcarelliey@auda.org.au,+374 (457) 954-8831
Dominique,Wicks,Surup,1997-08-13T00:23:13Z,Philippines,dwicksez@usatoday.com,+63 (553) 379-7764
Giusto,Rolfe,Sumberpitu,1996-08-02T23:26:25Z,Indonesia,grolfef0@artisteer.com,+62 (229) 271-5714
Timmy,Devonshire,Akita,1992-04-01T00:00:33Z,Japan,tdevonshiref1@ovh.net,+81 (384) 338-5104
Trescha,Colecrough,Bailu,1989-10-19T01:10:04Z,China,tcolecroughf2@infoseek.co.jp,+86 (606) 333-8105
Hill,Tersay,Kampungdesa,1964-12-15T01:41:23Z,Indonesia,htersayf3@csmonitor.com,+62 (477) 558-2263
Lesley,Plackstone,Aix-en-Provence,1986-07-27T22:31:59Z,France,lplackstonef4@wufoo.com,+33 (635) 809-7010
Amandi,Langlois,Nowy Sącz,1953-08-14T08:47:36Z,Poland,alangloisf5@rediff.com,+48 (832) 821-0957
Berne,Guiver,Capitán Solari,1964-08-28T17:24:20Z,Argentina,bguiverf6@ning.com,+54 (332) 182-7943
Torrin,Ricioppo,Az̧ Z̧a‘āyin,1965-08-07T01:26:50Z,Qatar,,+974 (871) 569-0107
Maury,Baterip,Cesson-Sévigné,1972-08-06T04:32:51Z,France,mbateripf8@cdbaby.com,+33 (153) 686-0357
Faulkner,McGiffin,Bilopillya,1996-05-24T16:39:49Z,Ukraine,fmcgiffinf9@jiathis.com,+380 (880) 524-6527
Thadeus,O'Cleary,Emmen,1979-04-25T18:06:15Z,Netherlands,toclearyfa@altervista.org,+31 (294) 903-1362
Andris,Gymblett,Hewan,1998-09-07T23:04:26Z,China,agymblettfb@booking.com,+86 (726) 963-6057
Denis,Clelle,Santiago,1955-12-29T22:26:20Z,Chile,dclellefc@hatena.ne.jp,+56 (988) 566-5940
Aubree,Impy,Selasari,1957-07-15T19:12:26Z,Indonesia,aimpyfd@home.pl,+62 (923) 797-8844
Val,Beals,København,1998-06-10T07:22:50Z,Denmark,,+45 (229) 825-1395
Consolata,Blackledge,Rialma,1953-09-03T18:50:36Z,Brazil,cblackledgeff@clickbank.net,+55 (142) 430-2099
Madelon,Bernardot,Pashiya,1984-02-20T22:10:21Z,Russia,mbernardotfg@usgs.gov,+7 (889) 467-2750
Ortensia,Rozenbaum,Dayuan,1998-01-27T21:29:03Z,China,orozenbaumfh@amazon.co.uk,+86 (828) 437-6964
Trescha,Brambley,Gaotuo,1979-01-26T03:57:34Z,China,tbrambleyfi@pen.io,+86 (156) 990-1017
Terrance,Fidler,,,,tfidlerfj@ocn.ne.jp,
Grace,Ankers,Altay,1992-08-19T23:54:46Z,China,gankersfk@e-recht24.de,+86 (853) 644-4566
Gerladina,Eltun,Salento,1992-02-25T10:37:43Z,Colombia,,+57 (534) 503-7658
Rora,MacGraith,Mancos,1997-09-03T05:29:13Z,Peru,rmacgraithfm@jugem.jp,+51 (664) 582-7695
Rosalia,Maddicks,Qiandian,1972-12-10T17:39:57Z,China,rmaddicksfn@discuz.net,+86 (599) 885-9849
Tisha,Bavester,Ronfe,1961-04-06T22:09:34Z,Portugal,tbavesterfo@usgs.gov,+351 (369) 210-3587
Luciana,Spada,Tarīm,1980-09-27T22:56:57Z,Yemen,,+967 (850) 954-1190
Jesse,Troy,Gonayiv,1981-12-27T02:23:53Z,Haiti,jtroyfq@epa.gov,+509 (918) 282-1905
Valaria,Lidgely,Nazrēt,1969-12-21T22:26:56Z,Ethiopia,,+251 (901) 348-4833
Carrol,Bellis,Logovskoye,1994-03-23T21:22:03Z,Russia,cbellisfs@engadget.com,+7 (118) 605-1390
Kore,Di Pietro,Nuyno,1974-03-30T17:36:30Z,Ukraine,,+380 (532) 520-1492
Elfie,Hardisty,Thomastown,1966-03-07T18:34:39Z,Ireland,ehardistyfu@washington.edu,+353 (800) 223-0663
Cassi,Coggings,San Diego,1958-03-19T22:41:12Z,United States,ccoggingsfv@webs.com,+1 (619) 269-6790
Nedda,Whittle,Ralung,1964-10-06T02:01:47Z,China,nwhittlefw@chicagotribune.com,+86 (325) 453-7094
Halette,Lapidus,Viana,1958-11-16T06:54:33Z,Brazil,,+55 (105) 955-0526
Alvinia,Pover,Naikolan,1967-09-01T18:27:18Z,Indonesia,apoverfy@forbes.com,+62 (192) 567-7802
Fernanda,Oulet,,,,,
Anabel,Prendergrast,Kavallári,1968-01-20T14:37:15Z,Greece,,+30 (247) 330-1368
Fernande,Randlesome,Isperikh,1976-10-07T07:26:04Z,Bulgaria,frandlesomeg1@bing.com,+359 (528) 995-7625
Aila,Marsh,Soutelo,1989-10-15T10:07:10Z,Portugal,,+351 (263) 758-9803
Mickie,Kaindl,Rawuk,1970-08-30T12:26:03Z,Indonesia,mkaindlg3@state.tx.us,+62 (384) 337-9609
Angelita,Grey,Komono,1960-08-19T13:26:02Z,Japan,agreyg4@state.gov,+81 (921) 689-5606
Tabb,Dowd,,,,,
Corrianne,Whitehall,Xinqiao,1981-02-20T13:55:52Z,China,cwhitehallg6@japanpost.jp,+86 (286) 778-7061
Bryana,Lambal,Jabranti,1999-10-10T15:33:11Z,Indonesia,blambalg7@go.com,+62 (139) 314-7262
Rhiamon,Pallent,Barkol,1986-09-26T20:42:27Z,China,rpallentg8@fda.gov,+86 (201) 631-1764
Abbey,Capey,Lipa City,1990-04-17T19:50:29Z,Philippines,,+63 (845) 645-7905
Karylin,Dobbings,Kimhae,1969-04-24T23:22:05Z,South Korea,kdobbingsga@cdbaby.com,+82 (989) 864-7913
Gerick,Whitemarsh,Zavoronezhskoye,1972-07-29T04:47:57Z,Russia,gwhitemarshgb@clickbank.net,+7 (482) 286-6643
Rip,Charrington,Obikiik,1991-03-16T15:20:59Z,Tajikistan,rcharringtongc@multiply.com,+992 (774) 353-9334
Anallese,Tivolier,Mpika,1983-09-21T22:03:04Z,Zambia,ativoliergd@dailymail.co.uk,+260 (387) 802-1125
Devin,Olivey,Xinhua,1978-09-17T17:36:45Z,China,doliveyge@apache.org,+86 (618) 977-3430
Cassy,Robert,,,,crobertgf@wsj.com,
Herold,Hanshawe,Balibago,1981-08-31T22:17:56Z,Philippines,hhanshawegg@lycos.com,+63 (422) 335-9991
Corrine,Betancourt,Abade de Vermoim,1968-09-05T20:41:31Z,Portugal,cbetancourtgh@drupal.org,+351 (973) 922-6695
Frieda,Nowick,Colombes,1970-01-19T12:26:28Z,France,fnowickgi@t-online.de,+33 (780) 856-4969
Grethel,Pardon,Jianping,1969-03-07T18:18:10Z,China,gpardongj@nps.gov,+86 (503) 967-6181
Emmett,Halleday,Raychikhinsk,1997-07-17T12:19:46Z,Russia,ehalledaygk@pen.io,+7 (471) 881-8930
Augustine,Uppett,Corzuela,1952-08-03T10:50:39Z,Argentina,auppettgl@webs.com,+54 (552) 105-1378
Maybelle,Olivet,Antsirabe,1976-02-10T11:44:21Z,Madagascar,molivetgm@dmoz.org,+261 (802) 973-1161
Corly,Clibbery,Wangqingtuo,1975-06-24T21:15:31Z,China,,+86 (458) 171-9377
Oswald,De Bischof,Zhaolingpu,1956-01-05T12:20:44Z,China,odebischofgo@pbs.org,+86 (287) 733-1764
Lilian,Tompkiss,Taoyuan,1980-01-11T21:42:21Z,China,ltompkissgp@cam.ac.uk,+86 (177) 508-8950
Rich,Eglaise,Fontenay-sous-Bois,1959-08-11T18:05:13Z,France,reglaisegq@cisco.com,+33 (516) 338-6543
Jule,Korn,Troitsk,1991-10-29T06:04:08Z,Russia,,+7 (356) 927-5503
Emalee,Busse,Örnsköldsvik,1954-04-02T00:04:47Z,Sweden,ebussegs@wikispaces.com,+46 (803) 114-0941
Rabbi,Rawsthorne,Durazno,1981-12-16T02:05:15Z,Uruguay,,+598 (557) 958-3765
Urbain,Riseam,Limenária,1993-08-31T11:43:07Z,Greece,uriseamgu@epa.gov,+30 (495) 301-5903
Cherry,Anstis,Fushë-Muhurr,1958-03-10T16:59:20Z,Albania,canstisgv@rediff.com,+355 (543) 991-3620
Skippy,Wash,Castro,1962-02-18T22:50:35Z,Brazil,swashgw@sitemeter.com,+55 (287) 386-5120
Alie,Wackley,Waihi Beach,1969-05-21T23:21:07Z,New Zealand,,+64 (838) 960-9690
Kristofor,Faulkner,Bal Chirāgh,1975-08-21T14:28:57Z,Afghanistan,kfaulknergy@epa.gov,+93 (321) 550-4702
Kimberlee,Kivell,Maunuri,1967-06-30T16:46:18Z,Indonesia,kkivellgz@wired.com,+62 (494) 381-1781
Chaim,Ludovico,Kharabali,1997-02-09T01:05:33Z,Russia,cludovicoh0@timesonline.co.uk,+7 (660) 106-1467
Stuart,Emilien,Ube,1997-06-05T14:29:46Z,Japan,semilienh1@wp.com,+81 (462) 367-6706
Matelda,Hammarberg,Hongshanzui,1985-07-14T04:26:09Z,China,mhammarbergh2@zdnet.com,+86 (596) 265-7242
Shawn,Kment,,,,skmenth3@prlog.org,
Westley,Danilovich,Priyutovo,1999-05-21T07:16:52Z,Russia,,+7 (991) 970-7185
Edith,Persse,Shanxi,1998-02-23T00:00:39Z,China,,+86 (608) 541-0417
Kalie,Halksworth,Nagrog Wetan,1994-06-29T07:47:03Z,Indonesia,khalksworthh6@washingtonpost.com,+62 (955) 501-1459
Chrisse,Bousler,Igbo-Ukwu,1994-03-04T08:05:44Z,Nigeria,cbouslerh7@ask.com,+234 (184) 603-7250
Myca,Mongain,Chengyue,1958-08-04T03:52:00Z,China,mmongainh8@histats.com,+86 (696) 955-1354
Cati,Faivre,Pérama,1987-01-20T17:10:16Z,Greece,cfaivreh9@booking.com,+30 (405) 452-4174
Brook,Gracewood,Jiangfeng,1962-11-09T20:16:53Z,China,bgracewoodha@about.me,+86 (991) 291-7435
Marylinda,Mays,Kikuchi,1974-05-22T06:02:14Z,Japan,mmayshb@scientificamerican.com,+81 (773) 887-6342
Ogdan,Knapman,,,,oknapmanhc@time.com,
Kelby,Itzhaiek,Caohe,1990-11-12T20:21:01Z,China,kitzhaiekhd@is.gd,+86 (562) 928-7717
Leroi,Quartly,Slavyansk-na-Kubani,1991-11-09T10:36:50Z,Russia,lquartlyhe@chronoengine.com,+7 (274) 199-8474
Baily,Atwel,Madalena,1961-06-12T08:09:27Z,Portugal,batwelhf@woothemes.com,+351 (126) 753-5933
Eugenio,Klug,Austin,1986-12-21T08:11:46Z,United States,eklughg@virginia.edu,+1 (512) 430-1908
Corney,Churching,Bangkal,1988-01-27T00:58:39Z,Indonesia,cchurchinghh@usnews.com,+62 (124) 623-4083
Maribel,Maliphant,Las Breñas,1957-01-05T18:00:25Z,Argentina,,+54 (937) 801-5704
Kara,Simla,Tunasbaru,1999-06-13T10:38:11Z,Indonesia,,+62 (294) 125-5404
Kate,Kinsey,Huangnihe,1964-05-12T02:30:56Z,China,kkinseyhk@usda.gov,+86 (493) 955-2480
Gordy,Matusevich,Youssoufia,1982-06-28T17:03:22Z,Morocco,,+212 (467) 241-7833
Rochell,De Angelis,Val-d'Or,1953-06-18T07:39:43Z,Canada,rdeangelishm@irs.gov,+1 (465) 918-2745
Mildrid,Sherborne,Songyuan,1960-04-01T06:37:52Z,China,msherbornehn@answers.com,+86 (115) 195-0023
Missie,Lestrange,Strawberry Hills,1975-03-25T02:10:34Z,Australia,mlestrangeho@apache.org,+61 (637) 731-8335
Priscilla,Kennealy,Pakis,1971-12-06T02:06:50Z,Indonesia,pkennealyhp@moonfruit.com,+62 (940) 998-3167
Selig,Klambt,Songdong,1962-01-28T11:17:11Z,China,sklambthq@merriam-webster.com,+86 (641) 634-2890
Jodie,Jenne,Xin’an,1976-11-16T14:06:48Z,China,jjennehr@bbc.co.uk,+86 (573) 666-6130
Rasla,McFarland,Xin’an,1967-12-24T14:46:21Z,China,rmcfarlandhs@senate.gov,+86 (225) 621-0117
Elle,Schimmang,'s-Hertogenbosch,1994-12-08T07:23:42Z,Netherlands,eschimmanght@gmpg.org,+31 (810) 382-0635
Angelina,McKeown,Wakimachi,1960-07-18T21:48:21Z,Japan,amckeownhu@cnn.com,+81 (259) 857-5725
Oswell,Janton,Independencia,1987-01-20T08:55:26Z,Mexico,ojantonhv@taobao.com,+52 (690) 262-4742
Umberto,Hallet,Ḩawsh ‘Īsá,1983-07-24T09:36:16Z,Egypt,uhallethw@nsw.gov.au,+20 (522) 585-1717
Arabel,Fuchs,Perpignan,1961-02-22T00:03:17Z,France,afuchshx@umn.edu,+33 (228) 313-1933
Mariel,Winterflood,Jistebník,1961-02-21T03:10:59Z,Czech Republic,mwinterfloodhy@friendfeed.com,+420 (471) 862-3659
Cirillo,FitzAlan,Santa Helena,1991-10-31T01:23:58Z,Brazil,cfitzalanhz@reuters.com,+55 (232) 172-1112
Thomasin,Rosita,Tsurusaki,1975-06-08T18:22:56Z,Japan,trositai0@dedecms.com,+81 (274) 555-5407
Cortney,Lancaster,Vanino,1994-06-07T09:20:39Z,Russia,clancasteri1@csmonitor.com,+7 (909) 389-7029
Paulita,Biaggi,Kovel’,1974-08-19T06:17:25Z,Ukraine,pbiaggii2@free.fr,+380 (725) 388-8362
Boyd,Joselin,Sumurgung,1970-12-09T13:30:35Z,Indonesia,bjoselini3@fema.gov,+62 (365) 353-5543
Florri,Matthensen,Savannah,1953-03-03T13:38:55Z,United States,fmatthenseni4@bigcartel.com,+1 (912) 469-4567
Martha,Flowers,Shinjō,1990-06-13T22:36:58Z,Japan,,+81 (555) 323-9064
Kaye,Gwyllt,Lenger,1951-09-06T09:42:41Z,Kazakhstan,,+7 (522) 252-4734
Maxi,Kupis,Verdun,1961-12-20T23:50:50Z,France,mkupisi7@example.com,+33 (598) 851-6073
Elliott,Commin,Seattle,1957-07-31T16:58:45Z,United States,ecommini8@t.co,+1 (253) 641-5096
Cissy,Lindenfeld,Shixiang,1975-04-02T17:55:11Z,China,clindenfeldi9@google.de,+86 (892) 956-9963
Chrissy,Jendrach,Mikstat,1953-08-25T17:29:03Z,Poland,cjendrachia@nbcnews.com,+48 (123) 602-0131
Krystle,Bott,Balangonan,1951-01-19T20:28:32Z,Philippines,,+63 (480) 407-3993
Sherm,Waliszewski,Buzovna,1984-11-12T21:05:20Z,Azerbaijan,swaliszewskiic@rakuten.co.jp,+994 (819) 321-2374
Tabbie,Lyall,,,,tlyallid@omniture.com,
Vernon,Wasbey,Tallahassee,1956-01-18T02:35:44Z,United States,vwasbeyie@etsy.com,+1 (850) 433-8180
Atlanta,Tomaello,Xinglong,1971-09-13T13:24:48Z,China,atomaelloif@google.pl,+86 (690) 589-7315
Kathe,Dukelow,Mashtūl as Sūq,1965-05-28T08:20:16Z,Egypt,kdukelowig@wikipedia.org,+20 (435) 512-1989
Guenevere,Shefton,Aryiropoúlion,1965-02-26T03:38:54Z,Greece,,+30 (544) 822-0170
Bernie,Bedwell,Montpellier,1988-01-19T23:26:15Z,France,,+33 (190) 702-6281
Ruthann,Ballintime,San Sebastian,1997-09-21T18:05:40Z,Mexico,rballintimeij@quantcast.com,+52 (334) 668-6506
Raynard,Eudall,Zhaobei,1987-12-15T20:08:06Z,China,reudallik@netvibes.com,+86 (960) 205-8047
Miranda,Hadgkiss,Izobil’nyy,1984-04-06T08:57:25Z,Russia,mhadgkissil@imdb.com,+7 (574) 454-2638
Nettle,Endon,Kudang,1980-05-15T10:37:53Z,Indonesia,nendonim@omniture.com,+62 (575) 325-3774
Hazel,Pell,Pittsburgh,1964-12-12T21:03:13Z,United States,hpellin@imageshack.us,+1 (412) 346-1401
Dallon,Minget,,,,dmingetio@qq.com,
Jermain,Beeres,Latung,1956-05-22T09:14:56Z,Philippines,jbeeresip@statcounter.com,+63 (767) 391-7987
Alanson,Ivanuschka,Biru,1982-04-16T10:06:41Z,China,aivanuschkaiq@va.gov,+86 (961) 171-7118
Claresta,Guare,Praia das Maçãs,1985-07-23T20:05:33Z,Portugal,,+351 (926) 769-0311
Colette,North,Soritor,1966-02-24T01:23:11Z,Peru,cnorthis@tripod.com,+51 (835) 706-8604
Nichole,Longland,Kaliwates,1967-04-20T11:04:23Z,Indonesia,,+62 (778) 651-2751
Corrie,Kennford,Cervantes,1999-02-15T16:33:15Z,Philippines,ckennfordiu@foxnews.com,+63 (565) 417-4323
Adela,Rangle,Margahayukencana,1966-01-17T23:32:50Z,Indonesia,arangleiv@spiegel.de,+62 (944) 911-9299
Desdemona,Blockley,Olyshivka,1973-04-20T17:26:27Z,Ukraine,dblockleyiw@jigsy.com,+380 (628) 840-6311
Bertha,Lesmonde,,,,blesmondeix@friendfeed.com,
Lura,Gaucher,Bieqiao,1975-04-08T08:16:53Z,China,lgaucheriy@sourceforge.net,+86 (958) 502-1202
Leonanie,Harkess,Matias Olímpio,1988-08-18T17:21:15Z,Brazil,,+55 (201) 739-7202
Roshelle,Figures,Liulin,1980-01-16T16:32:35Z,China,rfiguresj0@dyndns.org,+86 (513) 729-3744
Elsinore,Jonk,Baiguo,1979-07-17T15:25:00Z,China,,+86 (319) 752-1748
Nannie,Tethacot,Groningen,1963-04-08T03:36:57Z,Netherlands,ntethacotj2@bing.com,+31 (598) 330-7435
Sari,Nafziger,Kuching,1990-05-30T07:24:20Z,Malaysia,snafzigerj3@google.com.br,+60 (900) 248-5956
Jaine,Leathem,Bar-le-Duc,1969-08-22T03:34:18Z,France,jleathemj4@storify.com,+33 (838) 866-2303
Cathee,Bastistini,Tongole,1976-09-19T20:23:46Z,Sierra Leone,cbastistinij5@cnn.com,+232 (812) 313-7485
Austin,Lundon,Pung-Pang,1958-07-22T11:06:08Z,Philippines,alundonj6@toplist.cz,+63 (662) 485-1626
Kean,Curd,Agía Triáda,1972-10-11T09:16:02Z,Greece,kcurdj7@hhs.gov,+30 (514) 594-9797
Cobb,Clemintoni,Tungor,1996-09-15T14:56:54Z,Russia,cclemintonij8@indiatimes.com,+7 (351) 188-6720
Constantin,Kennet,Arroteia,1967-03-06T10:34:07Z,Portugal,,+351 (547) 995-2191
Ingram,O'Spellissey,Tatsunochō-tominaga,1967-07-31T03:09:49Z,Japan,,+81 (537) 708-7018
Hewe,Boman,Bagaces,1995-08-29T05:06:12Z,Costa Rica,hbomanjb@mozilla.com,+506 (523) 249-9225
Lynnette,Pudden,Sbo’o,1966-07-01T18:43:12Z,Indonesia,lpuddenjc@home.pl,+62 (781) 138-7535
Frazer,Huchot,Shuijiang,1986-06-09T02:16:20Z,China,fhuchotjd@scribd.com,+86 (691) 765-0402
Jamison,Ladley,La Jutosa,1992-02-13T05:48:19Z,Honduras,jladleyje@ihg.com,+504 (659) 911-8752
Kaylil,Culleton,Kurnia,1955-08-16T22:03:35Z,Indonesia,kculletonjf@mail.ru,+62 (750) 186-4566
Tabatha,Cockcroft,Dabai,1971-03-01T17:24:52Z,Nigeria,tcockcroftjg@businesswire.com,+234 (404) 816-3235
Elmer,Michiel,Jaša Tomić,1990-06-27T21:46:52Z,Serbia,emichieljh@ow.ly,+381 (967) 387-1144
Mar,Binne,Hengtanggang,1971-12-01T15:44:22Z,China,mbinneji@tripadvisor.com,+86 (479) 192-7591
Arlen,Lupson,,,,alupsonjj@wp.com,
Carmita,Stonhouse,No Kunda,1951-09-13T03:48:17Z,Gambia,cstonhousejk@vk.com,+220 (629) 854-5576
Federica,Gilling,Krasnodar,1956-08-22T02:03:49Z,Russia,,+7 (610) 929-5296
Sigfrid,Danev,Banyumas,1955-05-19T16:57:01Z,Indonesia,sdanevjm@spotify.com,+62 (257) 405-6283
Aurlie,Avard,Chichibu,1989-12-31T15:12:28Z,Japan,aavardjn@last.fm,+81 (673) 697-2512
Electra,Brimilcombe,Carpentras,1989-09-24T04:32:46Z,France,,+33 (952) 122-2782
Trina,Meadley,Bungereng,1986-06-28T00:34:41Z,Indonesia,tmeadleyjp@upenn.edu,+62 (885) 835-3149
Heinrick,Naylor,Río Grande,1998-03-06T20:02:49Z,Argentina,hnaylorjq@yahoo.co.jp,+54 (891) 571-7656
Brod,Paxeford,Pacanga,1973-10-24T16:52:13Z,Peru,bpaxefordjr@vistaprint.com,+51 (200) 678-5104
Leann,Kauble,Tayu,1952-07-31T21:27:54Z,Indonesia,,+62 (885) 491-9277
Granger,Girauld,Tagoloan,1971-02-05T04:28:38Z,Philippines,ggirauldjt@scientificamerican.com,+63 (881) 555-3599
Lazare,Marcone,Bobojong,1965-08-24T02:21:17Z,Indonesia,,+62 (437) 747-4180
Jeannine,Tarbox,Kamenka,1987-06-20T06:32:16Z,Russia,,+7 (644) 992-1735
Orel,Aughtie,Uuemõisa,1991-05-09T16:09:41Z,Estonia,oaughtiejw@feedburner.com,+372 (936) 393-5301
Westleigh,Corley,København,1969-12-26T01:28:31Z,Denmark,wcorleyjx@columbia.edu,+45 (271) 176-8551
Sapphire,Wedlake,Campo Belo,1961-02-02T20:18:32Z,Brazil,swedlakejy@prweb.com,+55 (142) 904-1322
Demetre,Alton,Bokhan,1999-03-17T12:52:27Z,Russia,daltonjz@youtu.be,+7 (722) 753-3121
Gerri,Pierce,Krajan Sidodadi,1963-12-09T22:04:38Z,Indonesia,gpiercek0@gnu.org,+62 (128) 780-2461
Selie,Santarelli,Leiguan,1971-02-01T16:32:25Z,China,,+86 (113) 885-5707
Carolin,Cutteridge,Rixinhe,1954-07-12T09:27:17Z,China,ccutteridgek2@mediafire.com,+86 (507) 378-0001
Selby,Henrionot,Takefu,1963-12-12T21:04:26Z,Japan,shenrionotk3@spotify.com,+81 (667) 245-9614
Stormie,Cohani,Luchingu,1981-03-03T20:50:39Z,Tanzania,scohanik4@tripod.com,+255 (642) 861-8241
Spike,Iorio,Chatturat,1951-07-19T12:18:04Z,Thailand,sioriok5@telegraph.co.uk,+66 (209) 289-7325
Hasty,McRonald,Pai do Vento,1964-02-29T02:43:42Z,Portugal,,+351 (724) 806-7345
Kenneth,Siege,Cambebba,1987-12-27T15:33:50Z,Brazil,ksiegek7@newsvine.com,+55 (158) 914-2015
Walt,Van Vuuren,Yaogou,1990-07-27T16:45:18Z,China,wvanvuurenk8@ucla.edu,+86 (304) 490-0528
Lane,Canniffe,Komarno,1962-09-12T08:51:30Z,Ukraine,lcanniffek9@youku.com,+380 (437) 640-6749
Dorena,Pieterick,Cherepovets,1951-12-20T00:44:15Z,Russia,,+7 (212) 812-6267
Katerine,Danzelman,Pāshmūl,1985-10-22T22:46:50Z,Afghanistan,kdanzelmankb@paypal.com,+93 (663) 415-1433
Frederica,Trathen,Talodi,1972-04-11T12:37:06Z,Sudan,ftrathenkc@quantcast.com,+249 (407) 652-3442
Herold,Dyer,Vodnyy,1959-04-12T13:15:44Z,Russia,hdyerkd@hostgator.com,+7 (800) 393-7650
Tandy,Olney,Xiashixiang,1953-07-18T16:24:26Z,China,tolneyke@wiley.com,+86 (461) 717-9251
Celia,Breewood,Křížová,1996-06-17T05:09:19Z,Czech Republic,cbreewoodkf@house.gov,+420 (958) 723-2496
Joshuah,Madison,San Francisco,1966-03-10T14:11:05Z,Bolivia,jmadisonkg@flickr.com,+591 (855) 250-7878
Torre,Barkley,Mūdīyah,1991-04-04T23:42:31Z,Yemen,,+967 (735) 770-5958
Marci,Fuchs,,,,mfuchski@over-blog.com,
Myrtia,Francom,,,,mfrancomkj@sakura.ne.jp,
Caitlin,Yegorchenkov,Paris 03,1961-11-15T09:40:33Z,France,cyegorchenkovkk@typepad.com,+33 (220) 372-6018
Fae,Roger,Cimara,1984-09-13T22:02:33Z,Indonesia,,+62 (274) 902-6724
Malia,Creeboe,Sayyān,1994-08-13T08:45:58Z,Yemen,,+967 (840) 785-8265
Hillier,Sherburn,Sadar Bazar,1977-04-02T06:20:34Z,India,hsherburnkn@fda.gov,+91 (560) 636-2113
Irvin,Fernley,Jing’an,1981-05-01T08:28:13Z,China,,+86 (540) 622-9619
Colet,Mulvy,Gusinoozyorsk,1991-10-29T11:54:52Z,Russia,cmulvykp@harvard.edu,+7 (808) 103-8657
Moira,Tittletross,Pukkila,1959-08-11T06:08:48Z,Finland,mtittletrosskq@g.co,+358 (586) 240-5096
Melinde,Dollin,Brodnica,1987-07-01T06:36:39Z,Poland,mdollinkr@ucla.edu,+48 (651) 485-2846
Wandie,McGahey,Limoges,1967-07-25T10:36:12Z,France,wmcgaheyks@marriott.com,+33 (798) 517-4274
Leo,Corley,As Sulayyil,1973-09-01T05:17:07Z,Saudi Arabia,lcorleykt@kickstarter.com,+966 (233) 203-8554
Lolita,Dallyn,Oof,1979-02-18T11:47:52Z,Indonesia,,+62 (484) 149-6689
Katuscha,Degoey,San Gabriel,1968-11-20T14:52:56Z,Ecuador,kdegoeykv@w3.org,+593 (142) 758-8494
Dalenna,McBayne,Simo,1990-08-25T17:39:56Z,Finland,dmcbaynekw@myspace.com,+358 (930) 610-2737
Terrence,Oulner,Tuateta,1967-11-14T09:08:30Z,Indonesia,toulnerkx@oaic.gov.au,+62 (247) 370-2836
Celle,Golder,Krajan,1983-12-22T00:43:05Z,Indonesia,cgolderky@sina.com.cn,+62 (101) 600-8521
Lavinie,Veltman,Chenārān,1953-04-06T09:48:38Z,Iran,lveltmankz@ocn.ne.jp,+98 (916) 795-6134
Kattie,Francino,Kota Ternate,1964-10-12T00:47:07Z,Indonesia,kfrancinol0@netvibes.com,+62 (893) 796-4349
Agnesse,Dimock,Malinovskiy,1954-06-24T16:20:38Z,Russia,,+7 (857) 929-2134
Jimmie,Stuckley,Envira,1963-03-20T13:21:08Z,Brazil,jstuckleyl2@umich.edu,+55 (876) 274-1933
Natalya,Hullah,Zelenodolsk,1998-05-12T10:38:25Z,Russia,nhullahl3@omniture.com,+7 (104) 878-5177
Erny,Flight,Mitrovicë,1961-02-18T18:00:59Z,Kosovo,eflightl4@google.cn,+383 (580) 432-9246
Niki,McWhorter,Taihe,1973-08-31T15:47:32Z,China,nmcwhorterl5@sciencedirect.com,+86 (976) 940-5498
Ramsey,Magne,Yunmeng Chengguanzhen,1962-04-20T18:50:30Z,China,rmagnel6@yellowpages.com,+86 (218) 969-2267
Shellysheldon,Kerkham,San Vicente,1952-02-01T19:35:16Z,Philippines,,+63 (826) 669-4776
Ardelia,Yapp,Madura,1990-12-03T16:21:27Z,Indonesia,ayappl8@cisco.com,+62 (410) 556-5293
Ariel,Bernardin,Juazeiro do Norte,1963-07-14T20:56:51Z,Brazil,abernardinl9@sina.com.cn,+55 (254) 795-1578
Arluene,Plumridge,Abreu e Lima,1969-02-09T04:07:22Z,Brazil,aplumridgela@github.com,+55 (719) 943-8012
Arron,Chawkley,Palencia,1979-09-26T02:20:07Z,Guatemala,achawkleylb@imdb.com,+502 (262) 601-7662
Normand,Colgrave,Chinhoyi,1953-12-16T23:09:02Z,Zimbabwe,ncolgravelc@mapquest.com,+263 (311) 426-7281
Woodman,Caulket,Broto,1973-01-10T19:28:27Z,Indonesia,wcaulketld@nyu.edu,+62 (993) 952-8868
Lewie,Ambrus,,,,lambrusle@google.it,
Nestor,Battista,Messina,1951-11-04T23:05:50Z,South Africa,nbattistalf@kickstarter.com,+27 (183) 478-6982
Brockie,Oscroft,Zhouhu,1995-06-04T13:34:46Z,China,boscroftlg@buzzfeed.com,+86 (287) 426-6420
Gawain,Monni,Palestina,1964-04-30T23:05:34Z,Colombia,,+57 (662) 338-0414
Artus,Brundle,Changyŏn,1977-06-03T23:59:12Z,North Korea,,+850 (696) 836-0514
Kleon,Heasly,Bijaepasu,1997-06-27T06:17:44Z,Indonesia,kheaslylj@artisteer.com,+62 (748) 558-7227
Stefania,Bithany,Gachalá,1964-05-02T19:37:54Z,Colombia,sbithanylk@1und1.de,+57 (613) 834-4912
Bryn,Itchingham,Nizhniye Achaluki,1992-12-17T11:12:58Z,Russia,bitchinghamll@illinois.edu,+7 (843) 293-4179
Charline,Jeandot,Wang Nam Yen,1985-10-07T04:56:00Z,Thailand,cjeandotlm@discovery.com,+66 (653) 343-3124
Dora,Glabach,Bombarral,1990-07-20T02:04:55Z,Portugal,dglabachln@alibaba.com,+351 (631) 596-6691
Farrell,Kells,Zbarazh,1975-09-26T13:54:10Z,Ukraine,,+380 (925) 482-6463
Ursulina,Hirschmann,Cruzeiro do Sul,1988-01-21T18:53:23Z,Brazil,uhirschmannlp@mozilla.org,+55 (918) 366-6678
Dag,Anchor,Chanika,1991-08-02T03:44:12Z,Tanzania,danchorlq@engadget.com,+255 (656) 537-5247
Alvis,Ilott,Sharga,1988-02-12T13:15:16Z,Mongolia,ailottlr@fastcompany.com,+976 (518) 984-7646
Winni,Brunini,Shicha,1957-05-01T10:16:15Z,China,,+86 (873) 884-8409
Dicky,Santo,Munggang,1965-08-01T14:36:38Z,Indonesia,dsantolt@nydailynews.com,+62 (905) 710-5593
Bond,Sheridan,Barajevo,1957-08-07T07:29:16Z,Serbia,bsheridanlu@ucsd.edu,+381 (410) 568-2687
Shae,Eglaise,Chayek,1981-04-27T23:24:19Z,Kyrgyzstan,,+996 (668) 178-6018
Lew,Hasluck,Prior Velho,1965-04-04T16:22:16Z,Portugal,lhaslucklw@theatlantic.com,+351 (490) 709-7713
Durward,Punch,Krasnodon,1992-10-31T22:26:37Z,Ukraine,dpunchlx@livejournal.com,+380 (425) 859-6109
Frayda,McCrachen,Frampol,1983-09-07T19:40:43Z,Poland,fmccrachenly@edublogs.org,+48 (609) 223-4688
Dorena,Pideon,Tozeur,1977-04-06T07:53:47Z,Tunisia,dpideonlz@google.com,+216 (556) 319-5544
Nicoli,Sprott,San Juan de Manapiare,1951-03-31T03:31:42Z,Venezuela,nsprottm0@miibeian.gov.cn,+58 (785) 169-2944
Peria,Matteoli,Miami,1983-07-16T12:35:14Z,United States,pmatteolim1@51.la,+1 (305) 700-2445
Corabel,Rathe,Chiclayo,1961-07-11T00:56:54Z,Peru,crathem2@dyndns.org,+51 (361) 383-2716
Arnoldo,Ottery,Tsalka,1952-05-30T06:18:42Z,Georgia,aotterym3@shareasale.com,+995 (151) 511-3975
Roscoe,Goodlip,Wakduwa’ Barat,1985-07-03T19:24:30Z,Indonesia,rgoodlipm4@dion.ne.jp,+62 (911) 595-8777
Micheline,Grigorini,Tangpu,1988-07-20T07:43:44Z,China,,+86 (338) 784-4954
Marsiella,Logsdail,Sukamenak,1958-02-10T04:41:56Z,Indonesia,mlogsdailm6@purevolume.com,+62 (438) 934-4706
Lonnard,Mansion,Petite Rivière de Nippes,1994-07-01T14:01:18Z,Haiti,lmansionm7@phpbb.com,+509 (412) 977-3417
Amber,Dumingo,Ijuw,1981-06-09T08:06:09Z,Nauru,adumingom8@goo.gl,+674 (730) 557-4703
Trisha,Seddon,Simunul,1998-10-22T22:10:39Z,Philippines,tseddonm9@ucoz.ru,+63 (439) 487-2259
Hewitt,Gimber,Nagornyy,1998-06-23T00:24:18Z,Russia,hgimberma@technorati.com,+7 (899) 721-8421
Berny,Hugill,Pio Duran,1965-10-29T20:36:47Z,Philippines,bhugillmb@comcast.net,+63 (743) 222-3409
Jada,Rohmer,Vanves,1978-02-03T07:56:08Z,France,jrohmermc@reuters.com,+33 (921) 432-5722
Taite,Beenham,Châteauroux,1960-07-24T03:11:29Z,France,tbeenhammd@phoca.cz,+33 (950) 737-7200
Patti,Franz,Angkimang,1982-09-18T21:43:49Z,Indonesia,pfranzme@merriam-webster.com,+62 (230) 381-4441
Woodie,Sowten,Sehwān,1957-07-14T20:00:53Z,Pakistan,wsowtenmf@discuz.net,+92 (466) 708-7195
Perkin,Brickell,Anyama,1988-12-08T18:58:56Z,Ivory Coast,pbrickellmg@redcross.org,+225 (599) 727-0315
Dixie,Stopher,Karangsari,1958-04-06T22:44:13Z,Indonesia,dstophermh@abc.net.au,+62 (979) 223-3839
Elvin,Andryushin,Sembabule,1958-08-25T15:10:39Z,Uganda,eandryushinmi@netvibes.com,+256 (736) 802-3374
Hube,Doughty,Kagadi,1988-10-31T20:26:20Z,Uganda,hdoughtymj@desdev.cn,+256 (219) 140-2201
Sybil,MacKilroe,Mamanguape,1962-07-30T12:42:29Z,Brazil,,+55 (383) 733-9308
Freddie,Ketts,Soraya,1993-01-10T06:10:24Z,Peru,fkettsml@wisc.edu,+51 (194) 260-1540
Brandise,Kelland,Barberena,1954-10-26T15:57:13Z,Guatemala,bkellandmm@zdnet.com,+502 (742) 367-3396
Haroun,Hilland,Ngô Đồng,1950-10-02T11:05:47Z,Vietnam,,+84 (176) 304-9982
Francisca,Brouard,Xinlin,1989-09-11T22:03:05Z,China,fbrouardmo@wufoo.com,+86 (855) 649-5441
Falkner,Yuryshev,Air Bangis,1966-04-07T17:53:58Z,Indonesia,fyuryshevmp@nbcnews.com,+62 (833) 121-0772
Ruthe,Sangar,Lianga,1959-10-28T11:35:37Z,Philippines,rsangarmq@msn.com,+63 (585) 700-6212
Carlo,Silversmidt,Birnin Kebbi,1999-11-20T01:10:11Z,Nigeria,,+234 (908) 300-6922
Bill,Goodisson,Torslanda,1994-12-23T20:11:51Z,Sweden,bgoodissonms@nydailynews.com,+46 (512) 752-5026
Briano,Caldicott,Kaolack,1978-09-10T18:32:42Z,Senegal,bcaldicottmt@163.com,+221 (278) 441-3106
Padraig,Bloschke,Omurtag,1966-01-29T09:43:41Z,Bulgaria,,+359 (433) 847-4960
Shana,Bragge,Nuoxizhi,1978-10-02T01:25:57Z,China,,+86 (443) 785-4632
Lyndell,Gilstoun,Kuching,1986-02-02T18:44:57Z,Malaysia,,+60 (236) 518-6456
Gina,Reinhardt,Carayaó,1954-03-07T08:44:32Z,Paraguay,,+595 (459) 515-0350
Marcellina,Andrichuk,Tucuran,1958-07-31T10:42:19Z,Philippines,mandrichukmy@com.com,+63 (153) 203-5833
Roland,Weston,Kuchurhan,1983-07-18T02:19:34Z,Ukraine,rwestonmz@wikispaces.com,+380 (316) 780-0177
Merl,Loins,Valeirinha,1964-09-08T05:50:23Z,Portugal,mloinsn0@mail.ru,+351 (223) 959-3294
Donetta,Shovel,Port Washington,1995-03-26T14:27:31Z,United States,,+1 (516) 487-4896
Burgess,Hurleston,,,,bhurlestonn2@google.com.hk,
Becca,Crusham,Beixiaoying,1964-02-09T05:39:57Z,China,bcrushamn3@macromedia.com,+86 (804) 660-9413
Ingram,Shanklin,Ikeja,1969-10-14T07:25:00Z,Nigeria,,+234 (604) 126-2718
Noelani,Saphin,Quinjalca,1984-06-27T19:19:54Z,Peru,nsaphinn5@aboutads.info,+51 (519) 747-3205
Xylina,Creggan,Saint-Jérôme,1962-02-07T13:49:10Z,Canada,xcreggann6@trellian.com,+1 (801) 400-1992
Zebadiah,Gehrels,Yifaquan,1997-03-14T04:16:57Z,China,zgehrelsn7@macromedia.com,+86 (434) 927-2618
Scarlet,Gallamore,Emplak,1977-02-10T02:44:29Z,Indonesia,sgallamoren8@tinyurl.com,+62 (189) 128-5643
Dominga,Cornew,,,,,
Seth,Fitzjohn,Zykovo,1973-01-07T09:24:48Z,Russia,sfitzjohnna@php.net,+7 (694) 534-6256
Lynnell,Rodders,San Juan Ermita,1954-06-25T01:06:59Z,Guatemala,lroddersnb@chicagotribune.com,+502 (872) 983-9337
Margaux,Hawksley,Blois,1979-11-29T11:41:04Z,France,mhawksleync@csmonitor.com,+33 (907) 449-7403
Aimee,Athelstan,Pavlovskaya,1968-11-13T00:19:44Z,Russia,aathelstannd@cbsnews.com,+7 (869) 217-9356
Fremont,Leijs,,,,,
Helenelizabeth,Sarginson,,,,hsarginsonnf@go.com,
Renard,Poppleton,Norton,1986-05-14T12:10:52Z,Zimbabwe,rpoppletonng@uiuc.edu,+263 (860) 235-5956
Sergent,Lendrem,København,1985-05-24T10:57:06Z,Denmark,,+45 (952) 973-1663
Sarge,Farfalameev,Phu Kam Yao,1985-05-31T00:45:24Z,Thailand,sfarfalameevni@live.com,+66 (387) 843-3480
Johnette,Lowmass,Dongfanghong,1967-01-18T08:37:25Z,China,jlowmassnj@skype.com,+86 (570) 222-9927
Ira,Garnsworth,Rousínov,1960-01-22T23:17:44Z,Czech Republic,igarnsworthnk@cbsnews.com,+420 (589) 570-6637
Dorie,Hebard,,,,dhebardnl@cisco.com,
Lazarus,Greder,Biała,1959-01-03T13:56:19Z,Poland,lgredernm@usatoday.com,+48 (847) 690-6266
Sinclair,Mazzilli,Bojawa,1958-07-30T18:00:18Z,Indonesia,smazzillinn@mail.ru,+62 (872) 466-3235
Brier,Moyler,Washington,1972-10-10T10:00:17Z,United States,bmoylerno@comcast.net,+1 (202) 652-1015
Chastity,Yanyshev,Karobokan,1958-09-28T18:11:35Z,Indonesia,cyanyshevnp@lycos.com,+62 (815) 984-2865
Maureen,Alker,Pensilvania,1970-10-15T09:21:45Z,Colombia,malkernq@addthis.com,+57 (495) 791-4818
Eleonora,Lewzey,Извор,1959-06-04T05:48:23Z,Macedonia,,+389 (760) 948-6808
Dusty,Vella,,,,,
Marianne,Mouser,Marianowo,1993-06-18T13:02:24Z,Poland,,+48 (803) 812-3538
Jackson,Mungane,Basseterre,1996-06-11T05:43:49Z,Saint Kitts and Nevis,jmunganenu@businesswire.com,+1 (414) 141-1598
Loella,Castillou,Mykolayiv,1950-08-01T02:33:03Z,Ukraine,,+380 (715) 243-3642
Carr,Gostridge,,,,cgostridgenw@people.com.cn,
Quintilla,Laroux,Temaiku Village,1968-05-01T07:13:06Z,Kiribati,,+686 (111) 603-0477
Marijo,Cullagh,Novospasskoye,1986-05-21T10:54:02Z,Russia,mcullaghny@narod.ru,+7 (122) 146-0349
Odell,Nobles,El Cantón de San Pablo,1974-10-26T17:46:16Z,Colombia,onoblesnz@comcast.net,+57 (561) 769-8433
Arman,Boynes,Bohai,1980-11-15T13:58:16Z,China,aboyneso0@acquirethisname.com,+86 (170) 253-9683
Quentin,Jarrett,Jimenez,1964-04-25T08:43:38Z,Philippines,qjarretto1@gmpg.org,+63 (707) 381-6447
Phylys,Valentine,Jilong,1962-01-17T13:23:12Z,China,pvalentineo2@jiathis.com,+86 (801) 330-4199
Rosanne,Wheater,Palca,1958-02-13T20:20:06Z,Peru,rwheatero3@symantec.com,+51 (248) 429-3509
Gilburt,Hadwin,Cruz del Eje,1998-02-06T07:59:57Z,Argentina,ghadwino4@exblog.jp,+54 (576) 342-6041
Georgianne,Husselbee,Paloh,1990-10-30T13:36:20Z,Indonesia,,+62 (518) 275-1110
Pooh,Wilfinger,Bremen,1981-05-01T12:45:29Z,Germany,pwilfingero6@jalbum.net,+49 (499) 150-0772
Candace,Verne,Mokotów,1952-02-21T21:36:18Z,Poland,cverneo7@weibo.com,+48 (104) 263-2909
Delano,Spedding,Nanqiu,1963-12-18T17:25:03Z,China,,+86 (431) 495-4067
Isaak,Ambrogioni,Ospina,1975-05-25T00:18:54Z,Colombia,iambrogionio9@sbwire.com,+57 (477) 227-7093
Dell,Trehearne,Indianapolis,1975-03-22T19:58:08Z,United States,dtrehearneoa@aboutads.info,+1 (317) 908-5494
Marice,MacTerrelly,Bornu Yassu,1969-04-27T10:22:02Z,Nigeria,mmacterrellyob@sbwire.com,+234 (846) 414-0323
Claudio,Cockrem,Tivat,1958-05-31T03:16:25Z,Montenegro,ccockremoc@woothemes.com,+382 (323) 994-6068
Shana,Riddel,Emar,1971-01-05T13:13:50Z,Russia,,+7 (907) 419-3848
Karyl,Cage,Choma,1995-09-04T01:28:17Z,Zambia,kcageoe@seattletimes.com,+260 (886) 560-9992
Osborn,Mouatt,,,,omouattof@tripadvisor.com,
Frankie,Slyvester,Colón,1983-03-17T16:36:14Z,Panama,fslyvesterog@alexa.com,+507 (879) 848-8448
Tod,Mapston,,,,,
Denys,Tremathack,La Unión,1993-07-07T18:02:58Z,Guatemala,dtremathackoi@prnewswire.com,+502 (567) 312-3394
Fairlie,Leisk,Mino,1998-07-21T07:43:53Z,Japan,fleiskoj@google.com.au,+81 (311) 691-2422
Dennie,Kiss,Dimitrovgrad,1983-03-13T21:55:03Z,Serbia,dkissok@printfriendly.com,+381 (672) 719-5991
Dodie,Kindred,Maguyam,1984-10-12T15:52:53Z,Philippines,dkindredol@free.fr,+63 (530) 549-5603
Ailyn,Lardier,Yermolayevo,1983-03-11T16:23:25Z,Russia,alardierom@hibu.com,+7 (219) 740-6333
Livvie,Montgomery,Vilarinho das Cambas,1999-01-01T18:13:50Z,Portugal,lmontgomeryon@tiny.cc,+351 (434) 749-4815
Hortensia,Allkins,Wintzenheim,1976-10-06T15:58:49Z,France,,+33 (383) 360-8880
Cathyleen,Shalders,Dongji,1993-01-13T13:25:14Z,China,cshaldersop@state.tx.us,+86 (145) 460-9690
Lilas,Wither,Dembī Dolo,1999-07-17T20:57:36Z,Ethiopia,lwitheroq@slashdot.org,+251 (976) 459-1496
Shel,Easterling,Pokhvistnevo,1965-10-22T09:20:00Z,Russia,seasterlingor@dropbox.com,+7 (558) 688-1601
Lacey,Heijne,Dongshan,1961-06-10T07:46:54Z,China,lheijneos@list-manage.com,+86 (520) 432-8526
Xenia,Ayling,Moche,1977-10-13T22:35:01Z,Peru,xaylingot@uiuc.edu,+51 (326) 668-2652
Willdon,Oatley,San Juan,1968-11-25T17:16:37Z,Philippines,woatleyou@simplemachines.org,+63 (564) 525-6363
Florencia,Dibley,Krajan,1983-08-13T14:15:16Z,Indonesia,fdibleyov@sakura.ne.jp,+62 (653) 474-8504
Peyton,Guild,Chlói,1978-05-26T10:14:56Z,Greece,pguildow@deviantart.com,+30 (569) 567-6082
Clare,Talby,Dapitan,1981-07-12T23:03:44Z,Philippines,ctalbyox@goo.ne.jp,+63 (847) 635-9768
Ashlen,Harridge,Mobara,1998-03-29T07:35:32Z,Japan,aharridgeoy@yale.edu,+81 (916) 718-1679
Giulietta,Hacquard,Brnaze,1953-07-12T23:59:28Z,Croatia,,+385 (633) 749-2251
Jojo,Strete,João Pessoa,1954-08-24T12:15:31Z,Brazil,jstretep0@xing.com,+55 (308) 459-6818
Livvy,Snepp,Cikuray,1979-03-28T13:19:26Z,Indonesia,lsneppp1@mapy.cz,+62 (161) 907-8337
Justis,Muddimer,Chita,1990-04-10T14:40:45Z,Russia,jmuddimerp2@blinklist.com,+7 (522) 471-2080
Bar,Haspineall,Gornji Grad,1962-12-18T11:28:06Z,Slovenia,bhaspineallp3@constantcontact.com,+386 (200) 308-1869
Cammy,Gitting,‘Eilabun,1971-11-24T22:18:17Z,Israel,cgittingp4@loc.gov,+972 (281) 820-3990
Vida,Deakes,,,,vdeakesp5@delicious.com,
Nana,Lenham,Oujiangcha,1954-06-15T20:20:32Z,China,nlenhamp6@amazon.co.uk,+86 (480) 332-1780
Hayden,Londer,Xifengshan,1959-08-14T16:13:35Z,China,hlonderp7@dailymotion.com,+86 (306) 673-0691
Sutton,Stitle,San Isidro,1973-07-31T16:18:11Z,Philippines,,+63 (431) 695-2711
Giraldo,Halpin,Paso de los Libres,1984-05-26T06:40:40Z,Argentina,ghalpinp9@t.co,+54 (906) 813-1552
Britni,Yegorshin,Arauquita,1964-05-06T10:54:23Z,Colombia,byegorshinpa@cnbc.com,+57 (971) 955-7813
Tove,Podd,Sernur,1968-10-18T10:08:27Z,Russia,tpoddpb@senate.gov,+7 (190) 931-9334
Lowell,Dugood,Volkhovskiy,1999-02-21T22:39:04Z,Russia,ldugoodpc@mayoclinic.com,+7 (312) 843-1807
Torry,Rye,Pabean,1993-03-14T22:17:45Z,Indonesia,tryepd@plala.or.jp,+62 (865) 975-2157
Liva,Spadotto,Mölndal,1967-01-25T16:44:47Z,Sweden,lspadottope@marketwatch.com,+46 (768) 680-5762
Cher,Bouts,Tukan,1969-06-28T15:40:49Z,Russia,cboutspf@nydailynews.com,+7 (519) 846-7176
Lisetta,Dow,Lipsko,1995-05-12T16:46:46Z,Poland,ldowpg@google.ca,+48 (280) 935-1569
Lotte,Edmonds,Biharamulo,1951-11-06T09:23:53Z,Tanzania,ledmondsph@tiny.cc,+255 (561) 651-9918
Garfield,Epp,Viškovci,1978-03-26T05:46:19Z,Croatia,gepppi@smh.com.au,+385 (576) 946-1883
Ward,Stivens,Massaranduba,1955-04-08T23:17:25Z,Brazil,wstivenspj@over-blog.com,+55 (913) 823-3927
Berny,Twiname,Toulouse,1970-12-17T13:04:13Z,France,,+33 (577) 358-5972
Rooney,Fisbey,Norrtälje,1972-02-01T22:40:29Z,Sweden,rfisbeypl@zdnet.com,+46 (533) 245-3942
Gabbie,Cissell,Roriz,1977-12-09T02:40:49Z,Portugal,gcissellpm@list-manage.com,+351 (571) 966-0295
Phillie,Ivankov,Zhongzhai,1992-04-27T19:00:19Z,China,,+86 (820) 874-3852
Winny,Crichmere,Parakou,1991-04-08T09:31:10Z,Benin,wcrichmerepo@examiner.com,+229 (383) 627-3098
Kailey,Bools,Buenavista,1972-06-19T09:58:36Z,Colombia,,+57 (694) 684-1715
Salomo,Hallitt,Laç,1988-01-16T04:37:28Z,Albania,,+355 (242) 524-4887
Jeff,Wisby,Kamigyō-ku,1983-12-29T07:42:12Z,Japan,jwisbypr@bluehost.com,+81 (229) 481-7302
Findley,Sommersett,Ondo,1966-03-27T10:13:08Z,Nigeria,fsommersettps@chron.com,+234 (878) 164-6714
Hope,Carlos,Ar Rawḑah,1995-10-01T13:47:08Z,Yemen,hcarlospt@qq.com,+967 (513) 576-2547
Roland,Danter,Solina,1978-04-18T19:46:46Z,Bosnia and Herzegovina,rdanterpu@4shared.com,+387 (820) 590-7096
Gilli,Melrose,Helsingborg,1976-09-19T05:22:46Z,Sweden,gmelrosepv@cmu.edu,+46 (569) 776-5596
Delbert,Harlett,Baliton,1973-12-31T23:11:44Z,Philippines,dharlettpw@pen.io,+63 (235) 913-2209
Issi,Peploe,Aracataca,1955-11-21T14:40:18Z,Colombia,ipeploepx@biglobe.ne.jp,+57 (311) 800-6303
Aleda,Drinkall,Best,1974-09-08T10:33:52Z,Netherlands,,+31 (642) 898-1207
Hilde,Jinkin,Nuevo Arraiján,1992-10-15T07:29:29Z,Panama,hjinkinpz@uol.com.br,+507 (100) 834-1126
Abner,Collecott,Kidangbang,1967-10-23T02:17:24Z,Indonesia,acollecottq0@smh.com.au,+62 (740) 390-0877
Maire,Causon,Milicz,1994-09-20T08:25:41Z,Poland,mcausonq1@dailymotion.com,+48 (892) 824-1216
Carlene,Garrow,Ust-Kamenogorsk,1981-04-30T14:53:03Z,Kazakhstan,cgarrowq2@google.es,+7 (134) 416-9912
Rooney,Sacker,Malambo,1982-08-21T04:52:46Z,Colombia,,+57 (955) 188-0069
Cyril,Lambot,Krasnoarmiys’k,1997-05-09T15:41:47Z,Ukraine,clambotq4@canalblog.com,+380 (794) 733-5922
Birk,Ridout,Shangcun,1997-04-20T12:40:51Z,China,bridoutq5@gov.uk,+86 (721) 103-2684
Aloise,Dallmann,Dajianchang,1998-06-09T05:03:10Z,China,adallmannq6@twitter.com,+86 (840) 700-9338
Lambert,Howgate,Dongfeng,1972-03-28T02:42:04Z,China,lhowgateq7@smh.com.au,+86 (920) 734-9303
Tessie,Behn,Pajagan,1987-07-17T08:02:11Z,Indonesia,tbehnq8@dailymotion.com,+62 (920) 505-2066
Caryn,Butt Gow,Quankou,1953-06-06T05:13:26Z,China,cbuttgowq9@samsung.com,+86 (123) 843-7892
Gabbie,Zeplin,Sindangrasa,1991-07-09T16:44:00Z,Indonesia,gzeplinqa@scribd.com,+62 (728) 923-3925
Auroora,Spear,Qili,1953-06-06T17:17:13Z,China,aspearqb@geocities.jp,+86 (874) 996-4701
Corella,Denisyev,Ouranoupolis,1953-03-20T00:14:54Z,Greece,cdenisyevqc@slashdot.org,+30 (560) 175-8073
Baxy,Peniman,Trinaterra,1963-05-07T18:38:13Z,Portugal,bpenimanqd@scientificamerican.com,+351 (274) 850-4386
Adina,Drew,Dongdajie,1998-08-13T19:18:20Z,China,adrewqe@smh.com.au,+86 (960) 889-7236
Gregor,Menault,Al Khānkah,1981-04-18T15:27:23Z,Egypt,gmenaultqf@msu.edu,+20 (145) 475-2692
Cheslie,Harrhy,Tigil’,1984-02-21T03:17:29Z,Russia,charrhyqg@bandcamp.com,+7 (755) 207-0582
Cordy,Farnill,Yingcheng,1993-09-27T05:38:49Z,China,cfarnillqh@samsung.com,+86 (146) 213-3527
Kahaleel,Ohm,Anxiang,1996-11-23T13:51:49Z,China,,+86 (525) 513-9552
Mei,Gammill,Wangba,1996-10-08T22:06:30Z,China,,+86 (148) 483-9823
Ealasaid,Dillinger,Chantilly,1984-10-17T18:35:11Z,France,edillingerqk@technorati.com,+33 (477) 331-0359
Ave,Sanham,Baratleke,1973-06-30T11:00:03Z,Indonesia,asanhamql@ihg.com,+62 (703) 937-6951
Jeffry,Tumbelty,Pingdingshan,1970-11-24T03:54:56Z,China,jtumbeltyqm@cafepress.com,+86 (622) 815-7381
Carey,Pele,Penghu,1953-05-22T14:43:32Z,China,cpeleqn@oaic.gov.au,+86 (916) 730-3391
Del,Vinau,Balice,1952-09-27T19:10:36Z,Poland,dvinauqo@ucoz.ru,+48 (397) 668-0822
Abra,Woolfitt,Retorta,1984-10-01T22:36:01Z,Portugal,awoolfittqp@forbes.com,+351 (109) 493-4709
Fiorenze,Guage,Kebili,1984-11-02T00:41:40Z,Tunisia,fguageqq@mac.com,+216 (751) 558-2128
Regine,Gulland,Takedamachi,1987-12-29T05:56:53Z,Japan,rgullandqr@smh.com.au,+81 (196) 464-5714
Brunhilda,Petracchi,Carbonear,1964-11-15T15:16:40Z,Canada,bpetracchiqs@cisco.com,+1 (692) 400-7990
Leeann,Hughlock,Longhua,1951-09-29T00:36:02Z,China,lhughlockqt@fastcompany.com,+86 (282) 618-2908
Gregorius,Mahony,Muncar,1955-06-10T07:56:51Z,Indonesia,gmahonyqu@nasa.gov,+62 (110) 602-0036
Laughton,Whightman,Cache Creek,1959-05-05T13:24:47Z,Canada,,+1 (332) 295-9730
Ida,Erwin,Grahamstown,1995-09-29T23:43:23Z,South Africa,ierwinqw@cloudflare.com,+27 (458) 179-9761
Andris,Harpin,Terpsithéa,1950-03-16T09:33:04Z,Greece,aharpinqx@oracle.com,+30 (512) 248-9961
Edmund,Dagwell,Longtang,1997-03-21T01:51:34Z,China,,+86 (549) 146-9837
Parsifal,D'Orsay,Parnamirim,1972-10-10T20:58:43Z,Brazil,pdorsayqz@ameblo.jp,+55 (605) 571-8591
Evaleen,Yakebovich,Ganchazi,1967-02-20T01:53:38Z,China,eyakebovichr0@over-blog.com,+86 (477) 674-9186
Kristan,Lambregts,Kislovodsk,1999-12-06T19:06:06Z,Russia,klambregtsr1@ftc.gov,+7 (330) 385-3131
Gerrard,Golston,Glamang,1978-09-10T02:28:12Z,Philippines,ggolstonr2@reference.com,+63 (292) 216-7781
Ray,Gilliver,Acheng,1988-08-11T06:11:13Z,China,rgilliverr3@pbs.org,+86 (357) 567-9606
Jany,Gething,Esperanza,1973-08-28T16:45:31Z,Dominican Republic,,+1 (507) 226-4402
Rubetta,Chastaing,Ōkawa,1959-07-17T19:00:11Z,Japan,rchastaingr5@cyberchimps.com,+81 (228) 552-8862
Llewellyn,Bredee,Ladushkin,1991-11-11T13:42:03Z,Russia,,+7 (561) 606-8226
Collete,Engel,Al Mazzūnah,1975-07-07T10:59:22Z,Tunisia,cengelr7@walmart.com,+216 (664) 887-6490
Stephie,McOnie,Phu Phiang,1986-05-24T02:51:33Z,Thailand,,+66 (877) 425-1360
Hersh,Lyfield,Érd,1960-04-20T22:16:55Z,Hungary,hlyfieldr9@theatlantic.com,+36 (611) 594-9555
Bartie,Arthey,Masākin,1980-01-20T16:08:28Z,Tunisia,,+216 (135) 192-5652
Misha,Ainley,Cergy-Pontoise,1960-02-05T04:57:16Z,France,mainleyrb@chron.com,+33 (939) 921-4324
Georgie,Manthroppe,Chiclayo,1951-03-18T00:19:50Z,Peru,gmanthropperc@pcworld.com,+51 (676) 629-7371
Aleece,Macguire,Aksu,1965-06-30T10:53:20Z,Kazakhstan,amacguirerd@yellowpages.com,+7 (362) 421-7538
Desmond,Summerside,Magdeburg,1955-08-19T21:08:26Z,Germany,dsummersidere@google.pl,+49 (195) 380-5795
Aldus,Calterone,Metz,1994-10-22T09:35:16Z,France,acalteronerf@theguardian.com,+33 (106) 947-3796
Cecilio,Treslove,Daveluyville,1958-04-19T17:18:09Z,Canada,ctresloverg@netlog.com,+1 (757) 950-5332
Aurie,Matthius,Manogay,1988-03-24T17:38:59Z,Afghanistan,amatthiusrh@prlog.org,+93 (129) 592-0906
Vale,Jeckells,Majzar,1975-11-12T17:20:54Z,Yemen,vjeckellsri@sakura.ne.jp,+967 (426) 691-5842
Robinet,Gerling,Genisséa,1964-08-25T20:01:51Z,Greece,rgerlingrj@wunderground.com,+30 (617) 304-8648
Miguel,Baynes,Haishan,1969-07-14T11:51:47Z,China,mbaynesrk@ycombinator.com,+86 (126) 303-7118
Hillie,Mealand,Pende,1954-09-17T15:31:10Z,Indonesia,hmealandrl@pbs.org,+62 (685) 197-2027
Ezra,Ormshaw,Shu,1957-04-15T07:22:35Z,Kazakhstan,eormshawrm@google.com,+7 (993) 268-7504
Der,Kiehne,Bendilwungu Lor,1996-01-26T01:45:29Z,Indonesia,dkiehnern@soup.io,+62 (441) 484-0483
Merlina,Sehorsch,Nejo,1993-04-23T13:08:59Z,Ethiopia,msehorschro@nydailynews.com,+251 (245) 894-2325
Gavan,Nulty,Ichinoseki,1977-04-13T11:49:34Z,Japan,gnultyrp@artisteer.com,+81 (466) 909-1631
Rebekah,Eliasson,Zhengcun,1985-09-30T22:31:57Z,China,reliassonrq@weather.com,+86 (770) 522-7918
Rudolfo,Romanetti,,,,rromanettirr@yahoo.co.jp,
