first_name,last_name,birth_place,birth_date,country_living_in,email,phone
Libbi,Smewings,El Hajeb,05/26/1993,Morocco,,573-519-4452
Bertrando,Tidey,Kyosai,04/03/1957,South Korea,,888-341-0191
Berget,Alennikov,Sasovo,05/10/1980,Russia,balennikov2@artisteer.com,938-400-3752
Willabella,Doore,,,,wdoore3@sphinn.com,
Thekla,Trengove,Oro Verde,01/20/1970,Argentina,ttrengove4@walmart.com,587-341-7529
Agustin,Lomond,Al ‘Ashshah,01/01/1958,Yemen,alomond5@dagondesign.com,398-525-7447
Sal,Jenik,Dongshan,09/27/1959,China,,949-268-2975
Korella,O' Dooley,Dhī as Sufāl,06/10/1996,Yemen,kodooley7@globo.com,656-309-0919
Ines,Wegner,,,,,
Jamie,Purchase,San Andrés,07/17/1989,Panama,jpurchase9@pen.io,183-545-4478
Linell,Eagell,Xinqiao,06/27/1981,China,leagella@163.com,896-186-5267
Yardley,Halfhead,Чегране,02/26/1959,Macedonia,,786-581-0396
Andres,Motherwell,San Jorge,11/17/1993,Nicaragua,amotherwellc@cam.ac.uk,524-370-4801
Pierette,Pettingill,Artur Nogueira,06/26/1970,Brazil,ppettingilld@blogger.com,318-740-4634
Hetty,Zavattieri,Sabinópolis,10/02/1988,Brazil,,837-672-2560
Wyn,McMarquis,Stapleford,05/09/1979,United Kingdom,wmcmarquisf@rediff.com,813-658-5581
Hephzibah,Joel,Siaya,08/04/1980,Kenya,hjoelg@elpais.com,915-601-5308
Selina,Stuther,Hefei,02/18/1998,China,sstutherh@noaa.gov,583-528-1245
Neysa,Hammond,Port Elizabeth,05/23/1976,Saint Vincent and the Grenadines,nhammondi@domainmarket.com,118-175-3703
Gloriana,Sheeres,Jagabaya Dua,07/28/1961,Indonesia,gsheeresj@unc.edu,394-279-4349
Luigi,Stalman,Tianzhuang,02/08/1965,China,lstalmank@rediff.com,496-533-5298
Zebulen,Kirton,Mekon,10/18/1970,Indonesia,zkirtonl@canalblog.com,981-903-1446
Dalenna,Stringman,Salyan,03/19/1950,Azerbaijan,dstringmanm@nasa.gov,142-867-7566
Nari,Edkins,Kolochava,10/19/1980,Ukraine,nedkinsn@techcrunch.com,666-827-6005
Bordie,Fullbrook,Miyazu,11/06/1991,Japan,bfullbrooko@abc.net.au,963-532-7513
Theodora,Branscomb,Owen Sound,07/21/1951,Canada,tbranscombp@icio.us,828-895-2342
Wenonah,Hiscocks,Bocos,03/25/1958,Philippines,whiscocksq@technorati.com,307-653-3567
Sofie,Locker,Kebon,01/03/1963,Indonesia,slockerr@moonfruit.com,957-959-1316
Ibbie,Gullen,Raciążek,06/06/1991,Poland,igullens@microsoft.com,135-595-8545
Malissa,Leggon,Norton,12/08/1978,United Kingdom,,591-603-8319
Nehemiah,Dalziel,Belopa,09/27/1956,Indonesia,,890-151-6045
Kristen,Cullivan,Warlubie,10/10/1972,Poland,kcullivanv@ted.com,943-766-1396
Vivi,Bilston,Xindu,05/04/1963,China,,613-637-7695
Erick,Daintree,,,,edaintreex@statcounter.com,
Joelle,McLinden,Al Balyanā,11/19/1980,Egypt,jmclindeny@ucsd.edu,899-854-8779
Keen,Boffey,Nejo,11/21/1995,Ethiopia,kboffeyz@pagesperso-orange.fr,960-835-0476
Binky,Haylock,Lyaskovets,06/09/1953,Bulgaria,bhaylock10@aboutads.info,136-746-5427
Lyndy,Cicco,Hong Kong,05/23/1950,Hong Kong,lcicco11@domainmarket.com,740-550-5196
Robbin,Gyse,Ravne na Koroškem,08/16/1973,Slovenia,rgyse12@ameblo.jp,632-252-6831
Tremaine,Shambroke,Junglinster,09/07/1973,Luxembourg,tshambroke13@webnode.com,642-611-3452
Jodie,Shakesby,Beishan,11/14/1952,China,jshakesby14@google.cn,828-296-7769
Roscoe,Philler,Sifala,01/23/1987,Indonesia,rphiller15@thetimes.co.uk,946-693-4734
Adelbert,Gatfield,São José de Ribamar,05/29/1976,Brazil,agatfield16@independent.co.uk,524-626-1501
Gal,Kerrich,Wailiang,08/04/1957,Indonesia,gkerrich17@marriott.com,435-235-1395
Consuelo,Scholer,Sydney,12/02/1960,Australia,,177-802-8998
Konstance,Dudley,Guantun,10/02/1974,China,kdudley19@ebay.co.uk,889-478-5889
Timi,Harberer,Ciketak,03/08/1950,Indonesia,tharberer1a@wunderground.com,951-674-0162
Curr,Samson,Sendangagung,08/08/1968,Indonesia,,659-557-1114
Geraldine,Dunks,Pesucen,09/14/1951,Indonesia,gdunks1c@go.com,866-205-3459
Jacquelyn,Groucutt,Jiudian,08/18/1988,China,jgroucutt1d@amazon.de,383-217-1057
Chery,Swalwel,Sam Chuk,07/29/1993,Thailand,,502-770-4460
Dal,Kalinsky,Roma,10/11/1971,Italy,dkalinsky1f@bravesites.com,576-639-7156
Elinore,Kilgrove,Vovchans’k,10/08/1995,Ukraine,ekilgrove1g@biglobe.ne.jp,619-151-2526
Rory,Shemilt,Pskov,08/11/1989,Russia,rshemilt1h@irs.gov,943-303-2223
Meghann,Siverns,Liuhao,09/22/1997,China,,462-954-5859
Arlena,Tuttiett,Conceição das Alagoas,03/07/1962,Brazil,atuttiett1j@wired.com,415-247-4651
Rici,Monelli,Tuanai,01/18/1986,Indonesia,,976-386-8641
Marcie,Solesbury,Xinshichang,07/12/1970,China,msolesbury1l@blog.com,102-820-4976
Suzanne,Toma,Quisao,07/02/1977,Philippines,stoma1m@odnoklassniki.ru,971-995-2073
Augusto,Coulthard,Posse,11/10/1976,Brazil,acoulthard1n@hugedomains.com,616-242-9902
Sal,Kubas,Palaiseau,09/08/1973,France,skubas1o@cnbc.com,938-153-1878
Garnette,Warwicker,Levandeira,04/11/1993,Portugal,gwarwicker1p@yellowbook.com,766-983-0152
Loree,Gecks,Pasirpanjang,03/08/1971,Indonesia,,883-778-7661
Myron,Dunlop,,,,mdunlop1r@domainmarket.com,
Halli,Roseblade,Qorao’zak,08/27/1961,Uzbekistan,hroseblade1s@webs.com,419-578-3914
Tudor,Gannon,Luftinjë,09/21/1957,Albania,tgannon1t@fc2.com,413-202-2655
Pietro,Woodhead,Xibu,09/09/1968,China,pwoodhead1u@soup.io,917-335-4335
Carol,Kettlesting,Banjar Kertasari,02/27/1999,Indonesia,,233-813-7431
Chrysa,Matoshin,Mealhada,06/19/1953,Portugal,cmatoshin1w@mit.edu,814-241-9692
Felicity,Veasey,Zhongshan Donglu,12/21/1959,China,fveasey1x@constantcontact.com,685-149-1946
Burl,Carrigan,Beddeng,11/23/1950,Philippines,bcarrigan1y@goo.gl,424-530-2100
Darda,Lomax,Ağdam,12/19/1990,Azerbaijan,dlomax1z@yelp.com,955-822-9086
Ula,O'Curneen,Nurlat,02/16/1977,Russia,uocurneen20@php.net,109-631-7077
Felipe,O'Carran,Lebedyan’,01/13/1970,Russia,,994-991-4431
Ruby,Greenroa,Cadiz,08/12/1990,Spain,rgreenroa22@scientificamerican.com,294-755-2301
Erina,Massingberd,‘Alī al Gharbī,11/21/1975,Iraq,emassingberd23@geocities.com,548-779-9798
August,Androck,Suhong,03/12/1968,China,aandrock24@amazonaws.com,754-446-6997
Bibi,Begbie,Beidao,04/14/1960,China,bbegbie25@cocolog-nifty.com,242-467-0446
Jacob,Quick,La Punta,10/28/1998,Argentina,jquick26@godaddy.com,463-270-4497
Kimberley,Dowles,Hot,03/30/1954,Albania,kdowles27@ycombinator.com,717-734-8978
Carlin,Rutland,Balaklava,06/13/1989,Ukraine,crutland28@seesaa.net,696-784-0827
Delcine,Gouldthorp,Knurów,06/04/1996,Poland,dgouldthorp29@columbia.edu,583-145-9131
Klarika,Teas,Rayong,06/24/1958,Thailand,kteas2a@xinhuanet.com,394-933-6435
Meade,Farnan,Pombal,11/30/1991,Brazil,mfarnan2b@flavors.me,175-925-2085
Lind,Melross,Shangyi,12/29/1984,China,lmelross2c@histats.com,804-241-0353
Grove,Mayor,,,,,
Silva,Carcas,Artashat,09/25/1983,Armenia,scarcas2e@storify.com,732-113-1876
Allyson,Chesshire,Monte Alto,04/08/1959,Brazil,achesshire2f@admin.ch,390-953-2338
Fergus,Sturr,Dongfanghong,06/16/1958,China,fsturr2g@vk.com,261-857-3824
Vince,Gibbett,Macaíba,02/25/1982,Brazil,vgibbett2h@illinois.edu,242-373-7512
Lenard,Huey,Xueshan,02/08/1962,China,lhuey2i@techcrunch.com,531-715-8231
Gertruda,Doerr,Göteborg,08/21/1990,Sweden,gdoerr2j@bigcartel.com,389-760-8124
Korie,Boswell,Meybod,01/22/1994,Iran,kboswell2k@imdb.com,466-911-0958
Barr,Brobak,Sawahan,12/27/1957,Indonesia,bbrobak2l@issuu.com,971-669-0284
Alene,Brinsford,Chợ Gạo,12/19/1969,Vietnam,abrinsford2m@flavors.me,242-489-7505
Carlyn,Gibbins,Agía Foteiní,03/18/1980,Greece,cgibbins2n@scribd.com,937-436-9858
Ina,Thirsk,Siding,11/14/1964,Indonesia,ithirsk2o@hhs.gov,935-473-9605
Olwen,Yellep,Salinópolis,08/20/1956,Brazil,oyellep2p@wix.com,140-935-4253
Iona,Rowsel,Guanting,01/24/1958,China,irowsel2q@dedecms.com,743-710-7089
Turner,Farndale,Pensacola,11/23/1977,United States,tfarndale2r@bbb.org,850-389-2496
Meagan,Tuff,Hongshan,08/19/1950,China,mtuff2s@woothemes.com,330-970-3105
Delainey,Geake,Hodkovice nad Mohelkou,07/27/1954,Czech Republic,,179-586-3229
Mose,Diche,Béthune,01/26/1953,France,mdiche2u@exblog.jp,224-761-6223
Conrado,Chesshyre,Houston,02/25/1998,United States,,936-374-3176
Loella,Scemp,,,,lscemp2w@theatlantic.com,
Gwynne,Gaynsford,‘Abs,07/14/1996,Yemen,ggaynsford2x@zimbio.com,120-286-8109
Gabie,Deaville,Samadua,02/14/1954,Indonesia,gdeaville2y@myspace.com,673-951-0617
Effie,McKeveney,Krzyżowice,01/30/1975,Poland,emckeveney2z@ning.com,621-170-6520
Deerdre,Stovold,Juyuan,05/19/1963,China,dstovold30@live.com,244-580-3522
Ole,Benzing,Al Maḩfid,10/17/1994,Yemen,obenzing31@ebay.co.uk,534-488-6856
Spenser,Hainsworth,Dianbu,06/16/1952,China,shainsworth32@mit.edu,681-263-8719
Janek,Treversh,Ourense,07/22/1966,Spain,jtreversh33@techcrunch.com,602-633-9784
Ferne,Semorad,Sabanalarga,09/01/1954,Colombia,fsemorad34@upenn.edu,358-690-2036
Jenine,Handes,Fagersta,11/16/1995,Sweden,jhandes35@google.ca,420-455-1759
Tammy,Lapham,Verkhniy Landekh,08/25/1996,Russia,tlapham36@yellowpages.com,423-927-9950
Kacie,Petracco,Venlo,06/25/1992,Netherlands,kpetracco37@zimbio.com,289-912-9141
Pattie,Moukes,Mingshuihe,01/12/1972,China,pmoukes38@comsenz.com,614-683-1522
Lanae,Shale,,,,lshale39@wunderground.com,
Dodie,Caughey,Balangiga,06/12/1973,Philippines,dcaughey3a@statcounter.com,962-730-0827
Jessica,Duns,Kapyl’,10/08/1978,Belarus,,272-673-3861
Valenka,Dunham,Litan,02/19/1980,China,vdunham3c@wix.com,853-239-2530
Sarina,Toulson,Nanhai,12/11/1977,China,stoulson3d@seattletimes.com,140-221-8098
Bertha,Pancast,Torbeyevo,04/05/1976,Russia,bpancast3e@google.com.br,814-895-6227
Kerry,Stanning,Vohibinany,09/22/1984,Madagascar,kstanning3f@sun.com,981-422-0718
Doloritas,Van de Vlies,Warungawi,04/05/1977,Indonesia,dvandevlies3g@posterous.com,595-621-0137
Abie,Sacase,Hongqi,05/20/1981,China,asacase3h@angelfire.com,673-772-4934
Stephie,Willoughway,Wucun,12/16/1951,China,,636-225-3736
Flo,Yerborn,Riosucio,05/09/1984,Colombia,fyerborn3j@thetimes.co.uk,252-365-2515
Wallie,Forsdicke,Qinglin,02/20/1986,China,wforsdicke3k@comcast.net,481-774-1946
Cob,Dismore,Igreja,11/06/1996,Portugal,cdismore3l@wikispaces.com,578-988-5080
Libbie,Rappport,Kenzhe,05/11/1970,Russia,lrappport3m@bluehost.com,737-283-3274
Trstram,Revie,Yuxarı Aran,11/24/1952,Azerbaijan,trevie3n@ebay.com,506-551-5466
Teodorico,Gamble,Maipú,08/22/1979,Argentina,tgamble3o@cisco.com,727-372-7557
Ira,Drewery,Beidao,02/10/1997,China,idrewery3p@ted.com,236-711-2596
Clair,Cansdale,Babakandesa,01/22/1986,Indonesia,ccansdale3q@go.com,743-733-4943
Audi,Cuvley,,,,acuvley3r@psu.edu,
Kermit,Iveagh,,,,kiveagh3s@desdev.cn,
Marijn,Standell,Chãos,07/02/1976,Portugal,mstandell3t@weibo.com,506-959-8508
Juan,Damarell,Barranqueras,06/12/1982,Argentina,jdamarell3u@npr.org,427-572-4162
Sergei,Allonby,Kristiansund N,07/24/1982,Norway,sallonby3v@surveymonkey.com,457-383-2193
Clara,Altree,Tabia,12/13/1950,Morocco,caltree3w@marriott.com,854-257-0993
Oberon,Kubat,Raposos,09/20/1981,Brazil,okubat3x@arizona.edu,413-442-3409
Silvie,Bywaters,Kadupayung,12/12/1951,Indonesia,,297-942-0042
Silvester,Shrigley,Pirapora do Bom Jesus,05/31/1968,Brazil,sshrigley3z@ycombinator.com,951-840-9379
Etan,Barnhill,Pouébo,02/21/1970,New Caledonia,ebarnhill40@youtu.be,887-718-4534
Steffane,Brockton,Lomintsevskiy,03/11/1953,Russia,sbrockton41@cargocollective.com,315-165-5861
Randi,Veivers,Conceição das Alagoas,09/05/1959,Brazil,rveivers42@webs.com,653-554-4140
Kort,Leaves,Cullalabo del Sur,03/15/1994,Philippines,kleaves43@booking.com,207-107-2589
Rosemary,Garvan,Kunwi,06/03/1981,South Korea,rgarvan44@netvibes.com,713-463-6752
Freemon,Millett,Incheon,08/20/1993,South Korea,fmillett45@vistaprint.com,533-782-2973
Vinita,Janew,Moss,07/25/1965,Norway,vjanew46@usnews.com,357-104-9660
Mort,Gadaud,Simunul,11/09/1954,Philippines,mgadaud47@sohu.com,987-921-9702
Jacklyn,Covert,Miaojie,05/24/1968,China,,293-476-4719
Emmet,Ducker,Xiguantun Muguzu Manzuxiang,10/05/1981,China,educker49@youtu.be,250-493-5310
Spense,Cossentine,Tanjungsari Barat,07/20/1967,Indonesia,scossentine4a@taobao.com,942-781-2737
Laney,Brodie,Manjo,07/07/1995,Cameroon,lbrodie4b@vinaora.com,900-286-4569
Ferdinande,Suttell,Haifa,08/18/1973,Israel,fsuttell4c@epa.gov,365-857-9823
Tammara,Elverston,Chita,07/31/1971,Russia,telverston4d@ning.com,157-645-5972
Elisa,Golsby,Paclolo,05/20/1985,Philippines,egolsby4e@usa.gov,615-529-1004
Eugene,Acors,,,,eacors4f@xrea.com,
Tasha,Rosenbaum,Port-à-Piment,09/04/1965,Haiti,trosenbaum4g@hibu.com,377-278-5790
Cassaundra,Kamenar,Viejo Daan Banua,11/24/1977,Philippines,ckamenar4h@sciencedaily.com,375-699-6717
Martino,Mansfield,Suizhong,03/20/1969,China,mmansfield4i@netlog.com,791-884-3049
Eli,Jakubovski,Gedongmulyo,06/23/1957,Indonesia,ejakubovski4j@icq.com,142-838-8790
Gibb,Tresise,Kladno,04/02/1958,Czech Republic,gtresise4k@unblog.fr,919-919-8272
Deirdre,McFetridge,Haixing,03/10/1969,China,dmcfetridge4l@independent.co.uk,579-840-3943
Nevsa,Pochet,Urrô,07/03/1953,Portugal,,272-234-0624
Caralie,Rustan,Sabon Gari-Nangere,11/16/1969,Nigeria,crustan4n@npr.org,563-832-7032
Mar,Jansema,,,,mjansema4o@tripadvisor.com,
Duke,Evennett,Edinburgh of the Seven Seas,05/11/1950,Saint Helena,,378-183-2911
Kevyn,Illem,Chenhu,01/31/1962,China,killem4q@ning.com,373-164-7792
Guendolen,Ketchell,Mel’nikovo,10/13/1987,Russia,gketchell4r@fema.gov,114-490-8217
Caressa,Ipsly,São Paio Merelim,07/30/1959,Portugal,cipsly4s@pbs.org,328-738-5839
Bordy,Dibble,Randu,03/17/1987,Indonesia,bdibble4t@ihg.com,404-568-0429
Haley,Plott,Vlachovice,03/15/1985,Czech Republic,hplott4u@amazonaws.com,559-173-1834
Nata,Chotty,Nacka,12/30/1972,Sweden,nchotty4v@guardian.co.uk,171-710-4352
Marlene,Godding,Zhangdun,09/05/1974,China,mgodding4w@vinaora.com,651-860-5744
Colline,Medgwick,,,,cmedgwick4x@nhs.uk,
Noelyn,Rowley,Banjar Desa,12/01/1950,Indonesia,,396-924-8149
Eustace,Carsberg,Santisimo Rosario,11/12/1977,Philippines,ecarsberg4z@irs.gov,325-150-8994
Obadiah,De Antoni,Lushikeng,08/15/1951,China,,690-682-3125
Alano,Spurr,Milotice,02/19/1953,Czech Republic,aspurr51@apple.com,423-526-4490
Veronique,Doutch,Yingcheng,12/21/1981,China,vdoutch52@sakura.ne.jp,779-233-8770
Revkah,Baldam,Budapest,02/25/1980,Hungary,rbaldam53@walmart.com,895-436-2626
Sigrid,Vian,Los Andes,11/28/1967,Colombia,,463-544-2478
Isabel,Caberas,Banaybanay,03/29/1953,Philippines,,150-214-2265
Ryann,Belford,Oklahoma City,05/24/1988,United States,rbelford56@acquirethisname.com,405-361-2340
Paquito,Crossley,Banī Zayd,04/09/1973,Palestinian Territory,pcrossley57@prnewswire.com,544-785-4251
Kerry,Valdes,Gonghe,07/19/1987,China,kvaldes58@google.com,777-573-1010
Evelina,Bamling,Dijon,11/25/1967,France,ebamling59@cpanel.net,741-139-3141
Legra,Agget,Zhangjiawan,05/20/1967,China,lagget5a@t-online.de,415-215-7623
Clement,Eyckel,Nuevo Berlín,07/01/1991,Uruguay,,275-375-7658
Laryssa,Leser,Qiaonan,02/17/1956,China,lleser5c@sina.com.cn,114-251-5912
Orel,Kennon,Santarém,02/26/1964,Portugal,okennon5d@360.cn,871-426-5920
Kristian,Buckeridge,Bungkal,10/18/1991,Indonesia,kbuckeridge5e@live.com,598-115-3403
Jane,Kennealy,Jingdu,04/20/1990,China,,523-366-8242
Phineas,Ludwell,Uwajima,04/29/1977,Japan,,528-680-5427
Yale,Dene,Shuangpu,05/21/1955,China,ydene5h@hugedomains.com,716-761-6553
Bartholomew,Grzesiak,Krzczonów,07/02/1966,Poland,,410-498-9269
Clifford,Graysmark,Potosí,11/07/1955,Colombia,cgraysmark5j@plala.or.jp,338-957-5022
Wadsworth,Strafen,Aranđelovac,08/25/1971,Serbia,wstrafen5k@i2i.jp,594-171-5571
Colman,Billitteri,Macaíba,02/04/1974,Brazil,cbillitteri5l@weibo.com,794-885-6197
Porter,Goneau,Unión,07/30/1963,Argentina,pgoneau5m@netscape.com,602-743-8358
Irene,Wycliff,Amiens,09/28/1990,France,iwycliff5n@nasa.gov,964-683-6561
Carmina,Menpes,Ziyang Chengguanzhen,07/21/1983,China,cmenpes5o@foxnews.com,333-190-5670
Bill,Etherson,Besançon,09/23/1978,France,,985-930-6042
Renell,Knellen,Surat Thani,05/21/1979,Thailand,rknellen5q@unblog.fr,330-727-6556
Fawn,MacFadin,Xinjie,04/24/1952,China,fmacfadin5r@engadget.com,528-807-0159
Weidar,Entwisle,Simpang,07/01/1972,Indonesia,wentwisle5s@mysql.com,110-898-6942
Jerome,Brockie,,,,,
Catherina,Le Leu,Qingshu,11/06/1985,China,cleleu5u@imgur.com,766-303-3612
Eustace,Stilly,Jacobina,02/05/1959,Brazil,estilly5v@mlb.com,443-634-2177
Xymenes,Dobell,Damiao,09/22/1965,China,xdobell5w@webeden.co.uk,354-535-3009
Annemarie,Kime,Bouça,04/14/1985,Portugal,akime5x@squarespace.com,627-602-3415
Rod,Hulmes,Santa Lucia,04/02/1961,Philippines,rhulmes5y@yahoo.co.jp,980-901-4596
Nicola,Blaszczak,Paranho,05/10/1974,Portugal,nblaszczak5z@harvard.edu,374-514-1904
Regan,Fairholme,Azeitão,05/24/1996,Portugal,rfairholme60@yelp.com,426-659-7325
Jasmina,Foden,Toong,05/05/1996,Philippines,,912-323-3409
Margot,Devonald,Wattala,12/10/1992,Sri Lanka,mdevonald62@utexas.edu,610-288-6563
Merci,Stickler,Mentaras,05/28/1979,Indonesia,mstickler63@hatena.ne.jp,527-651-1958
Mannie,Claricoats,Shali,01/07/1990,Russia,,512-571-6758
Nona,Gaffon,Sukhobuzimskoye,06/17/1966,Russia,ngaffon65@booking.com,267-740-0428
Deck,Lively,Mae Ramat,09/16/1998,Thailand,dlively66@sciencedaily.com,526-760-0143
Bobbie,Pearton,Pimenta Bueno,06/10/1992,Brazil,bpearton67@dropbox.com,492-901-4649
Tallou,Higgan,Göteborg,05/15/1955,Sweden,thiggan68@example.com,710-303-3887
Manda,Berrey,Sfax,08/30/1995,Tunisia,mberrey69@lulu.com,532-622-9795
Lucais,Doumic,Changjiang,05/15/1956,China,ldoumic6a@squarespace.com,539-231-2109
Coriss,Guerra,Oke Ila,01/08/1956,Nigeria,cguerra6b@trellian.com,286-788-3249
Vida,Dunnet,Besuki Dua,01/20/1966,Indonesia,vdunnet6c@columbia.edu,268-317-3114
Brody,Delouch,Jönköping,10/06/1985,Sweden,bdelouch6d@cmu.edu,198-999-5035
Sonnie,Kuhne,Nonoichi,04/24/1974,Japan,,237-497-7270
Shoshanna,Kreber,,,,skreber6f@craigslist.org,
Benedick,Gatiss,Dabai,09/22/1985,Nigeria,bgatiss6g@netscape.com,459-361-9788
Terrijo,Valder,Houndé,08/28/1996,Burkina Faso,tvalder6h@plala.or.jp,188-705-6050
Karoly,Ziehm,Ongi,10/18/1997,Mongolia,,769-548-2248
Rina,Bourgourd,Chattanooga,07/30/1961,United States,rbourgourd6j@istockphoto.com,423-836-4544
Eustacia,Harses,Yako,06/02/1957,Burkina Faso,,298-428-6653
Corena,Solman,Zevgolateió,03/18/1958,Greece,csolman6l@networksolutions.com,403-271-1306
Charissa,Brauninger,Aíyira,03/13/1999,Greece,,111-967-7503
Tymon,Le Marquand,Qianjia,11/29/1982,China,tlemarquand6n@acquirethisname.com,299-795-4394
Ashla,Woolbrook,Seattle,07/30/1983,United States,awoolbrook6o@google.fr,206-497-1429
Robbie,Sneath,Salimbalan,09/23/1968,Philippines,rsneath6p@usgs.gov,766-732-6483
Evangelin,Dallimore,Novyye Kuz’minki,07/10/1984,Russia,edallimore6q@lycos.com,308-341-0574
Goldi,Dee,Särö,05/20/1972,Sweden,gdee6r@ox.ac.uk,599-264-7488
Gabrila,Trainer,Jinsha,02/23/1976,China,gtrainer6s@constantcontact.com,810-628-0938
Jennie,Raiston,Chaniá,12/31/1999,Greece,,558-629-2723
Tobe,Ternouth,Nginokrajan,11/09/1962,Indonesia,tternouth6u@eepurl.com,481-530-9218
Tracey,Strevens,Sotouboua,03/31/1966,Togo,tstrevens6v@nhs.uk,484-528-5867
Jacquelin,Juorio,,,,jjuorio6w@dyndns.org,
Jessalin,Wands,Tongxing,10/10/1994,China,jwands6x@dailymotion.com,882-447-8551
Enrique,Tarbath,,,,etarbath6y@tripadvisor.com,
Taylor,Preble,Jaen,09/03/1997,Spain,tpreble6z@ftc.gov,626-812-8319
Beckie,Dwane,Brandýs nad Labem-Stará Boleslav,03/30/1971,Czech Republic,bdwane70@domainmarket.com,895-321-1307
Flossy,Keitley,Changbai,03/29/1969,China,fkeitley71@godaddy.com,926-690-3992
Gregg,Sones,Hässleholm,02/02/1982,Sweden,,603-236-8853
Briney,Maxwaile,Buçimas,01/03/1991,Albania,bmaxwaile73@qq.com,368-897-4007
Lib,Danigel,Yinjiacheng,08/09/1988,China,ldanigel74@mac.com,565-548-7793
Lester,Sporgeon,Santa Clara La Laguna,04/19/1985,Guatemala,lsporgeon75@time.com,317-662-0953
Chelsae,Delgadillo,Beiqiao,07/19/1966,China,,851-854-7697
Gordie,Lynagh,Saint-Quentin-Fallavier,03/14/1999,France,glynagh77@rediff.com,793-981-3922
Jarrid,Bittlestone,Baykit,03/12/1976,Russia,jbittlestone78@irs.gov,364-710-7561
Daffi,Briand,High River,09/27/1998,Canada,dbriand79@posterous.com,840-486-0454
Bud,Syms,Hirara,10/29/1968,Japan,bsyms7a@biblegateway.com,855-649-3896
Yvonne,Opfer,Getung,08/12/1990,Indonesia,yopfer7b@tinypic.com,185-416-7332
Dorolisa,Bennis,Patani,12/26/1968,Nigeria,dbennis7c@mediafire.com,391-263-6276
Maritsa,Piolli,Mtinko,11/14/1953,Tanzania,mpiolli7d@tamu.edu,769-973-9474
Bessy,Mineghelli,Hiratsuka,07/22/1994,Japan,bmineghelli7e@addtoany.com,248-898-8113
Megan,Howlett,Jinshiqiao,11/13/1993,China,mhowlett7f@hp.com,981-184-3763
Donnie,D'Aeth,Örebro,12/02/1953,Sweden,ddaeth7g@elpais.com,743-905-6907
Maddy,Bucham,Umeå,05/03/1975,Sweden,mbucham7h@theatlantic.com,469-222-4523
Ingunna,Coles,Khodzhi-Gasan,02/17/1996,Azerbaijan,,435-119-0605
Kristos,Boncore,Cancela,05/14/1971,Portugal,kboncore7j@twitter.com,756-825-1655
Monique,Rodd,MacArthur,07/14/1974,Philippines,,351-780-8547
Zorana,Halgarth,Trollhättan,05/20/1984,Sweden,zhalgarth7l@usatoday.com,499-371-0328
Kale,Edmands,Shnogh,08/27/1990,Armenia,kedmands7m@nyu.edu,653-563-0139
Matti,Millins,Zeleneč,10/02/1973,Czech Republic,mmillins7n@free.fr,767-656-9585
Grayce,Feldmesser,Lianhua,12/21/1964,China,gfeldmesser7o@illinois.edu,280-964-2007
Ashlin,Pyne,Bayantal,04/18/1978,Mongolia,,808-914-0544
Clari,Freyn,Bogo,09/19/1969,Cameroon,cfreyn7q@a8.net,914-582-2464
Marcile,Tapscott,Kampen (Overijssel),04/10/1989,Netherlands,mtapscott7r@opera.com,384-219-9471
Basile,Boman,Djibo,04/14/1980,Burkina Faso,bboman7s@diigo.com,739-666-8166
Ariel,Witherdon,Liulin,04/22/1957,China,awitherdon7t@deliciousdays.com,534-102-2809
Eugenie,Turvie,Ararat,09/16/1973,Armenia,eturvie7u@plala.or.jp,593-491-0999
Christie,Bullion,Ximapo,02/20/1962,China,cbullion7v@etsy.com,356-285-4428
Lucy,Rentalll,Cibalung,06/09/1995,Indonesia,,325-299-2080
Jeremie,Mulrenan,Guinsadan,10/18/1963,Philippines,jmulrenan7x@ning.com,554-417-9546
Hynda,Guilder,,,,hguilder7y@vistaprint.com,
Vicki,Geane,Lüfeng,10/10/1999,China,vgeane7z@clickbank.net,244-290-7898
Costa,Duddle,Itapevi,12/12/1987,Brazil,cduddle80@meetup.com,581-535-8910
Anabel,Cleminson,Tieba,09/30/1999,China,acleminson81@vk.com,424-530-0029
Aube,Wibberley,Žlutava,01/22/1987,Czech Republic,,743-693-8993
Cordy,Harsant,Pagelaran,08/05/1986,Indonesia,charsant83@cam.ac.uk,928-440-8842
Jojo,Ricart,Suifenhe,05/10/1957,China,jricart84@technorati.com,841-268-0768
Bruno,Middlemass,Nacimiento,07/14/1997,Chile,,882-827-7597
Romain,Bennis,,,,rbennis86@squarespace.com,
Brandi,Scudder,San José del Guaviare,09/18/1992,Colombia,bscudder87@chronoengine.com,630-513-6656
Micaela,Brower,Miami,06/20/1989,United States,mbrower88@free.fr,786-448-4819
Jaimie,Arnaud,Cimişlia,09/12/1982,Moldova,jarnaud89@360.cn,461-895-4183
Tito,Listone,Tengah,11/11/1969,Indonesia,tlistone8a@adobe.com,909-739-2640
Cyril,Hagston,Hezuo,03/05/1958,China,chagston8b@seattletimes.com,224-192-7690
Burtie,Ranklin,Sallanches,02/13/1975,France,,453-738-9421
Helli,Winders,Rušanj,07/24/1991,Serbia,hwinders8d@cyberchimps.com,181-441-5696
Dana,Strand,Palaiochóri,10/03/1969,Greece,dstrand8e@bandcamp.com,526-634-2775
Ardith,Jeannequin,Pensacola,11/02/1960,United States,,407-217-0467
Svend,Ringer,Ribeiro,02/25/1978,Portugal,sringer8g@digg.com,359-288-1684
Bendite,MacDonell,Kliteh,09/21/1966,Indonesia,bmacdonell8h@hibu.com,448-851-1241
Babette,Truter,Dambarta,08/15/1995,Nigeria,btruter8i@google.com.br,527-411-1199
Rachael,Bidder,Weixin,01/18/1952,China,rbidder8j@angelfire.com,545-766-5984
Joletta,Beekman,Muñoz East,04/12/1958,Philippines,,717-224-1045
Aguste,Hasley,Chadian,02/06/1971,China,ahasley8l@kickstarter.com,611-873-8037
Ardeen,Elstow,Youwei,09/02/1983,China,aelstow8m@amazon.co.jp,200-739-3919
Salvidor,Keener,La Motte-Servolex,09/25/1979,France,skeener8n@bloglovin.com,616-212-3086
Kilian,Cattermull,Bali,05/27/1969,Cameroon,kcattermull8o@jigsy.com,410-971-7264
Malissia,Champneys,Tashi,11/09/1972,China,mchampneys8p@squarespace.com,753-189-2313
Rebbecca,Saich,Xingnong,01/26/1980,China,rsaich8q@elpais.com,440-169-0010
Randene,Arnowicz,Nice,03/21/1977,France,rarnowicz8r@geocities.jp,170-803-2899
Berget,Caron,Njivice,11/03/1974,Croatia,bcaron8s@pcworld.com,315-342-2601
Dudley,Pendleton,Chizhou,01/21/1989,China,dpendleton8t@shop-pro.jp,714-236-0417
Fowler,Tigwell,Gurgurnica,12/26/1987,Macedonia,ftigwell8u@intel.com,488-558-1503
Davie,Beteriss,San Isidro,07/09/1977,Mexico,dbeteriss8v@simplemachines.org,511-338-5476
Dena,Tupman,Kargowa,11/18/1980,Poland,dtupman8w@free.fr,643-321-2723
Josepha,Rawdall,Bang Krathum,04/25/1967,Thailand,,284-909-5598
Tailor,Kirkwood,Linton,04/27/1963,United Kingdom,tkirkwood8y@uiuc.edu,874-833-8262
Nada,Jannings,Klippan,03/31/1983,Sweden,njannings8z@tumblr.com,160-938-6665
Cicely,BoHlingolsen,Wangji,10/18/1987,China,,342-335-0852
Reece,Gethouse,Soweto,02/01/1969,South Africa,rgethouse91@nature.com,970-886-0141
Doe,Poynter,Peixing,06/14/1961,China,dpoynter92@accuweather.com,469-841-0708
Jed,Skirvane,Akouda,02/24/1977,Tunisia,jskirvane93@oaic.gov.au,947-319-4685
Michele,Scallan,Shangjia,04/12/1996,China,mscallan94@psu.edu,791-402-1544
Marylee,Heddon,Kujang-ŭp,04/11/1956,North Korea,mheddon95@nhs.uk,834-425-3811
Cyrille,Geal,Tīkāpur,07/01/1962,Nepal,cgeal96@shareasale.com,693-140-0762
Noak,Vivian,Buckland,08/20/1975,United Kingdom,nvivian97@earthlink.net,763-220-9432
Hilda,Burnet,Wolometang,02/25/1999,Indonesia,hburnet98@goo.gl,390-319-4472
Valry,Shier,Sabon Gari-Nangere,05/22/1964,Nigeria,vshier99@ovh.net,187-878-1562
Werner,Berntsson,Xiashitai,09/29/1962,China,wberntsson9a@about.me,454-635-0518
Min,Dowrey,Mourelos,02/03/1968,Portugal,mdowrey9b@example.com,587-317-8768
Pammy,Huey,Niños Heroes,02/28/1955,Mexico,phuey9c@nationalgeographic.com,213-488-6353
Jozef,Jedras,Bojonggenteng,11/19/1954,Indonesia,,678-574-9553
Meaghan,Lapham,,,,,
Lorant,Sibbit,Boise,08/21/1994,United States,,208-202-5841
Demetre,Pottell,Huangcai,09/25/1971,China,dpottell9g@stumbleupon.com,692-639-5321
Lorraine,Binns,Francisco Beltrão,08/15/1960,Brazil,lbinns9h@hexun.com,201-850-3201
Cesaro,Tufts,Bhāndāria,06/23/1993,Bangladesh,ctufts9i@fotki.com,993-260-6959
Janel,Rutigliano,Denver,11/29/1955,United States,jrutigliano9j@addtoany.com,720-261-3733
Sherilyn,Marques,Liucheng,07/05/1958,China,smarques9k@chronoengine.com,693-199-8937
Kayle,Winsley,Punta de Piedra,05/18/1964,Venezuela,kwinsley9l@icio.us,738-648-9779
Zandra,Poulson,Amashca,10/08/1972,Peru,zpoulson9m@blogger.com,942-922-6997
Rochella,Heisler,Malandag,09/21/1983,Philippines,,965-131-0353
Nanete,Gronaver,Candelaria,10/21/1965,Colombia,ngronaver9o@craigslist.org,503-656-6466
Latisha,Hannabuss,Watoona,09/19/1963,Indonesia,lhannabuss9p@tinyurl.com,159-150-1116
Madeline,Blackden,Fatubia,10/09/1996,Indonesia,mblackden9q@vk.com,855-194-4821
Huey,Argabrite,Pinrang,06/03/1973,Indonesia,,825-938-0146
Gerick,Yackiminie,Jedlová,07/22/1995,Czech Republic,,973-659-5640
Cordula,Malkie,Cayenne,10/31/1964,French Guiana,cmalkie9t@yandex.ru,922-381-7155
Gabbey,Hulles,Dongji,10/15/1982,China,,244-547-3409
Henrie,Titterell,Jemielno,10/23/1994,Poland,htitterell9v@mit.edu,257-782-2078
Madelaine,Kynge,,,,mkynge9w@free.fr,
Constancy,Emanuel,Tyresö,10/16/1954,Sweden,,403-950-5178
Ebba,Tothacot,Santa Cecília,05/17/1958,Brazil,etothacot9y@uol.com.br,335-343-9785
Adan,Lorne,Toksovo,10/10/1994,Russia,alorne9z@networkadvertising.org,604-143-1792
Adele,Inkpen,Thul,01/02/1978,Pakistan,ainkpena0@gravatar.com,348-651-0290
Hildegarde,Beccera,Biasong,07/03/1966,Philippines,hbecceraa1@who.int,861-887-6304
Inga,Gregorowicz,Kota Kinabalu,06/19/1962,Malaysia,igregorowicza2@cdc.gov,865-880-6404
Happy,McKleod,San Luis,09/05/1950,Honduras,,128-799-7473
Ralph,Nunan,Dubăsari,05/14/1983,Moldova,rnunana4@vk.com,433-384-9964
Nert,Higgan,Chilly-Mazarin,12/31/1971,France,,749-290-3225
Gayleen,Stares,Tanshan,04/06/1980,China,gstaresa6@deviantart.com,913-575-0835
Devon,Hellens,Skövde,05/05/1991,Sweden,dhellensa7@cdc.gov,982-286-3164
Mellie,Ottam,Caçador,11/06/1991,Brazil,mottama8@godaddy.com,821-188-7549
Jock,Middle,Lama,09/21/1961,Portugal,jmiddlea9@weibo.com,867-182-2881
Joice,Blackbrough,Bagalangit,09/05/1958,Philippines,jblackbroughaa@utexas.edu,411-206-0997
Frazier,Webburn,Al Fūlah,12/03/1973,Sudan,fwebburnab@networksolutions.com,469-888-1413
Eberhard,Moncrefe,Naran Bulag,09/26/1968,China,emoncrefeac@forbes.com,730-462-0883
Jada,Fedynski,Ampeleíes,11/23/1958,Greece,jfedynskiad@npr.org,764-290-6848
Marni,Rosekilly,Saint-Jean-de-Védas,08/25/1979,France,mrosekillyae@mayoclinic.com,437-548-6374
Brod,McKenzie,Rachanie,06/29/1956,Poland,bmckenzieaf@fda.gov,499-944-6751
Sonnie,MacCombe,Cercal,03/04/1966,Portugal,smaccombeag@1und1.de,614-236-0976
Tadeo,Caldecot,Vargön,04/26/1962,Sweden,tcaldecotah@usa.gov,556-845-2667
Greer,Lowndesbrough,Guachetá,09/13/1985,Colombia,glowndesbroughai@narod.ru,294-859-8087
Christian,Pallatina,Ar Rahad,12/24/1988,Sudan,cpallatinaaj@vinaora.com,942-648-7051
Ailene,Wille,Quzi,03/10/1981,China,awilleak@1688.com,165-911-8027
Mack,Doyley,Munggang,04/27/1961,Indonesia,mdoyleyal@biblegateway.com,945-338-8769
Royce,Bullivant,Cachón,05/04/1973,Dominican Republic,rbullivantam@wikipedia.org,922-655-6407
Sybila,Landman,Rūdiškės,06/08/1990,Lithuania,slandmanan@pinterest.com,398-304-1797
Minor,Oleshunin,Phong Điền,10/09/1962,Vietnam,moleshuninao@irs.gov,866-761-5044
Maryann,Hopewell,Rancaerang,04/12/1994,Indonesia,mhopewellap@cnbc.com,847-727-8180
Aviva,McGarvie,Chaguaní,03/01/1950,Colombia,amcgarvieaq@disqus.com,982-699-4631
Deina,Pruckner,Goubétto,04/23/1961,Djibouti,dprucknerar@prweb.com,109-928-7662
Bert,Danilyak,Isanlu Itedoijowa,01/15/1964,Nigeria,bdanilyakas@dion.ne.jp,246-708-7791
Clarita,Saphin,Strenči,07/21/1996,Latvia,csaphinat@usgs.gov,716-607-7614
Jackie,Martyntsev,Ambo Village,02/08/1996,Kiribati,,698-759-3390
Collie,Beig,Dacun,01/08/1993,China,cbeigav@webs.com,298-490-8169
Killie,Huyche,Heba,04/07/1956,China,khuycheaw@pagesperso-orange.fr,423-644-0204
Deana,Follan,Kruševac,12/08/1980,Serbia,dfollanax@ezinearticles.com,328-370-4417
Harlen,Leggon,Taipingchuan,01/24/1956,China,hleggonay@intel.com,100-828-3919
Bessy,Wilmot,Krasnaya Polyana,03/20/1957,Russia,bwilmotaz@tuttocitta.it,852-120-9802
Izabel,Coleridge,Sananduva,08/20/1988,Brazil,icoleridgeb0@mozilla.org,923-272-9479
Lexie,Vicary,Shilaoren,06/23/1986,China,lvicaryb1@cpanel.net,297-404-3667
Tera,Catterall,,,,tcatterallb2@ca.gov,
Donny,Redwing,Mirsíni,01/28/1981,Greece,dredwingb3@bizjournals.com,150-104-4549
Gianna,Menchenton,Mujiangping,07/08/1968,China,gmenchentonb4@globo.com,756-749-9449
Cloe,Swain,Silveiros,09/20/1987,Portugal,cswainb5@tmall.com,696-178-5778
Patten,Stibbs,Ayapel,06/28/1999,Colombia,pstibbsb6@utexas.edu,241-252-9974
Tanya,Girodin,Sabóia,02/11/1989,Portugal,tgirodinb7@istockphoto.com,750-925-4739
Leeann,Markson,Yangambi,12/19/1978,Democratic Republic of the Congo,lmarksonb8@t-online.de,604-502-8431
Giavani,Dottrell,Wolowiro,03/08/1993,Indonesia,gdottrellb9@fc2.com,341-882-8371
Falito,Carlaw,Dzięgielów,05/05/1994,Poland,fcarlawba@timesonline.co.uk,791-145-4667
Hartwell,De Caroli,Pura,05/25/1986,Philippines,hdecarolibb@theatlantic.com,675-832-4878
Salim,Nutkin,Muzambinho,04/28/1965,Brazil,snutkinbc@house.gov,491-389-9311
Tommie,Norcross,Calapan,10/09/1996,Philippines,tnorcrossbd@naver.com,383-857-1929
Amara,Godard,Köpingsvik,01/29/1997,Sweden,agodardbe@skype.com,516-560-2176
Lisabeth,Bilbee,Tanjiaqiao,12/07/1976,China,lbilbeebf@europa.eu,909-222-6543
Corinne,Andriss,Lagunas,07/27/1956,Peru,candrissbg@statcounter.com,666-774-3938
Nancie,Tigner,Gandu,01/03/1974,Indonesia,ntignerbh@pbs.org,760-123-4325
Herrick,Chalfain,Nurlat,10/19/1968,Russia,hchalfainbi@webs.com,448-580-6266
Ulrica,Blaiklock,Bendorubuh,09/10/1961,Indonesia,ublaiklockbj@cbsnews.com,473-947-1743
Leontyne,Echalie,Roanne,09/10/1968,France,lechaliebk@photobucket.com,739-634-5654
Adolphus,Mardall,Lengshui,04/22/1952,China,amardallbl@typepad.com,935-720-9739
Jaymie,Borham,Schifflange,01/26/1987,Luxembourg,jborhambm@plala.or.jp,402-403-0936
Husein,Demschke,Yingtan,12/29/1989,China,hdemschkebn@nps.gov,587-870-0463
Lorraine,Theunissen,Głubczyce,10/27/1990,Poland,ltheunissenbo@answers.com,634-528-5307
Helen,Meco,Serzedo,01/15/1978,Portugal,hmecobp@chron.com,416-971-7329
Prissie,Bischof,Byumba,08/10/1989,Rwanda,,833-915-5945
Corty,Bosence,Magapit,09/02/1983,Philippines,cbosencebr@sina.com.cn,298-278-8355
Basia,Thecham,,,,bthechambs@archive.org,
Hyman,Mowles,,,,hmowlesbt@twitter.com,
Marcelline,Winsome,Palilula,03/29/1954,Serbia,mwinsomebu@github.io,730-508-3034
Meris,Phare,Palapye,05/30/1950,Botswana,mpharebv@aboutads.info,804-442-6369
Mano,Hamer,Novorossiysk,03/12/1980,Russia,mhamerbw@tripod.com,481-808-4872
Joannes,Petican,El Bálsamo,10/22/1967,Honduras,jpeticanbx@google.de,937-856-9364
Saundra,Abrahamsen,Wirodayan,05/14/1963,Indonesia,,336-266-8530
Daron,Budge,Mahong,04/12/1970,China,dbudgebz@51.la,380-555-2622
Livy,Duggen,Yangping,11/24/1954,China,lduggenc0@yolasite.com,611-305-2315
Georgi,Grigoliis,Jobabo,02/02/1952,Cuba,ggrigoliisc1@godaddy.com,830-867-4926
Gertruda,Sherrington,Linao,10/17/1951,Philippines,,609-238-1997
Shalne,Randal,Taisen-ri,03/04/1996,South Korea,srandalc3@blogger.com,633-325-1280
Hoebart,Reynold,Melioratyvne,03/16/1956,Ukraine,hreynoldc4@squidoo.com,265-524-5407
Culver,McEwen,Budziszewice,09/06/1988,Poland,cmcewenc5@pbs.org,375-654-9875
Mason,Nemchinov,Kisai,05/06/1977,Japan,mnemchinovc6@indiegogo.com,956-960-5962
Ulick,Wales,Saint-Avold,08/02/1985,France,uwalesc7@princeton.edu,106-250-9696
Page,Wymer,Al Wardānīn,08/26/1979,Tunisia,pwymerc8@i2i.jp,933-384-3312
Sig,Ealden,Ağdaş,08/09/1984,Azerbaijan,,664-207-1053
Mirabel,Jillins,Danan,01/12/1970,China,mjillinsca@youtu.be,951-994-8585
Rebekkah,Heintzsch,Nam Som,07/29/1959,Thailand,,249-638-4837
Dorotea,Chalfain,Luofang,03/09/1971,China,dchalfaincc@seesaa.net,217-161-0847
Noella,Camp,Larangan,12/19/1981,Indonesia,,626-769-5850
Gaultiero,Barensen,Itapira,10/20/1996,Brazil,gbarensence@dyndns.org,173-493-7836
Sascha,St. Aubyn,Pardelhas,12/01/1950,Portugal,sstaubyncf@un.org,687-578-0948
Shirleen,Piggin,Luga,10/09/1978,Russia,spiggincg@skyrock.com,103-272-3032
Ronny,Olivella,Balakhta,04/13/1962,Russia,rolivellach@nasa.gov,950-513-4145
Jonis,Tyreman,Santa Teresita,03/12/1964,Philippines,jtyremanci@craigslist.org,706-733-9967
Jeffrey,Jacobbe,Takanabe,01/17/1987,Japan,jjacobbecj@sciencedaily.com,356-972-2217
Gaye,Touhig,Kangin,02/08/1950,Indonesia,gtouhigck@npr.org,358-811-0730
Artur,Lantuffe,Mporokoso,05/21/1999,Zambia,alantuffecl@github.io,810-109-9827
Kissiah,Treat,Cergy-Pontoise,11/01/1951,France,ktreatcm@youtube.com,884-295-7280
Efren,Widdison,Gaoqiao,12/22/1979,China,ewiddisoncn@soup.io,527-823-8647
Chelsy,Redwing,Apurawan,09/01/1997,Philippines,,232-910-1327
Jerry,Porrett,Grenoble,07/14/1985,France,,552-572-3428
Bogart,Vaissiere,Balbalan,05/03/1985,Philippines,bvaissierecq@webmd.com,435-850-6483
Craggie,Pavolillo,Guanlu,12/02/1950,China,cpavolillocr@fda.gov,607-564-3084
Connie,Fogarty,Kadoma,05/28/1979,Japan,cfogartycs@hp.com,486-402-7166
Clarita,Poyzer,,,,cpoyzerct@mtv.com,
Elianora,Patnelli,Hangbu,04/22/1958,China,epatnellicu@java.com,915-947-4424
Guglielma,Vargas,Banbalah,10/15/1998,Tunisia,gvargascv@paginegialle.it,800-525-3522
Miran,Herrero,Heshengbao,05/18/1950,China,,503-436-9895
Knox,Adacot,Hudson Bay,02/05/1985,Canada,kadacotcx@fema.gov,670-555-6725
Lindsey,Mityakov,Potlot,08/30/1997,Indonesia,lmityakovcy@princeton.edu,104-519-9893
Johnnie,Stuttard,Francisco I Madero,01/30/1990,Mexico,jstuttardcz@usa.gov,520-117-3425
Anni,Pullinger,Tigil’,08/21/1957,Russia,apullingerd0@list-manage.com,830-949-4113
Maura,Edelheid,Alexandria,11/14/1966,Egypt,,114-155-2518
Roselin,Cullon,Impalutao,04/07/1974,Philippines,rcullond2@sitemeter.com,720-639-1028
Mic,Sutheran,Xintaimen,05/13/1995,China,msutherand3@sitemeter.com,205-376-9678
Angeline,Karpol,Nerchinsk,01/20/1962,Russia,akarpold4@ted.com,857-188-0478
Redd,Plessing,Yarumela,03/25/1982,Honduras,rplessingd5@shareasale.com,437-796-3224
Carol-jean,Varns,Nangerang,06/22/1950,Indonesia,cvarnsd6@squarespace.com,732-567-2114
Marsh,Meneghelli,Lagoaça,10/11/1998,Portugal,mmeneghellid7@example.com,311-291-4872
Valina,Bailiss,San Francisco,10/27/1976,Mexico,vbailissd8@mediafire.com,128-895-0661
Catrina,Tincknell,Bayt Ūlā,06/09/1954,Palestinian Territory,ctincknelld9@reference.com,589-145-7231
Winni,Legion,Pregrada,11/25/1989,Croatia,wlegionda@wufoo.com,954-659-6797
Flss,Brimm,Thymianá,08/07/1980,Greece,,458-206-5776
Carlyle,Mercy,Lyubim,02/20/1978,Russia,cmercydc@boston.com,595-928-7683
Tristam,Boribal,Trzebinia,06/07/1977,Poland,,566-396-4273
Jacquenetta,Conville,Rosebank,11/06/1960,South Africa,jconvillede@yolasite.com,740-152-5657
Nadiya,Tweede,Privlaka,04/25/1975,Croatia,ntweededf@photobucket.com,627-147-3505
Risa,Jurick,Pridraga,02/23/1961,Croatia,rjurickdg@unc.edu,890-769-3573
Pearce,Bickers,Balading,07/04/1970,Philippines,pbickersdh@npr.org,927-717-8741
Abbott,Kalkofen,St. Thomas,07/29/1976,Canada,,330-888-8798
Abeu,Carragher,Kaélé,03/15/1988,Cameroon,acarragherdj@netvibes.com,781-975-2053
Ekaterina,Tegeller,Lirung,03/06/1990,Indonesia,etegellerdk@google.ca,432-484-9009
Larina,Fogt,Sadar Bazar,09/28/1968,India,lfogtdl@sun.com,760-899-0003
Elnora,Phillp,Marseille,04/12/1952,France,ephillpdm@sitemeter.com,554-978-2774
Agosto,Simmons,Gombe,06/20/1976,Uganda,asimmonsdn@youku.com,157-721-8321
Bonita,Killock,Kotablolong,08/03/1996,Indonesia,bkillockdo@github.com,709-488-4965
Payton,Leary,Krasnodon,09/28/1993,Ukraine,plearydp@mozilla.com,485-609-4874
Dwayne,Trinbey,Lidoríki,05/11/1979,Greece,dtrinbeydq@amazonaws.com,727-282-9731
Ruben,Shimmans,Ngã Bảy,10/12/1970,Vietnam,rshimmansdr@dailymotion.com,582-385-2994
Florentia,Rhydderch,San Isidro,09/14/1994,Mexico,frhydderchds@artisteer.com,474-634-7861
Ryley,Sharpless,Obita,08/29/1986,Japan,rsharplessdt@newsvine.com,109-450-4560
Durward,Sweet,Chiquinquirá,01/09/1956,Colombia,dsweetdu@ehow.com,762-181-0542
Roscoe,Lonnon,Ganjiachang,09/06/1952,China,rlonnondv@yellowpages.com,674-267-8714
Merilee,Keeney,Nemyriv,06/21/1965,Ukraine,mkeeneydw@google.es,800-256-6943
Kania,Gimbrett,Orléans,05/08/1966,France,kgimbrettdx@reverbnation.com,268-871-0846
Terrye,Mancell,Roma,10/25/1986,Italy,tmancelldy@imgur.com,943-907-2071
Aguie,Simion,Marcala,07/27/1977,Honduras,,701-377-1934
Brenn,Redwall,Kotlovka,01/11/1969,Russia,bredwalle0@netlog.com,360-214-1151
Amelina,Wrightim,Borucin,01/15/1971,Poland,awrightime1@myspace.com,293-284-9395
Shannon,Garham,Baffa,02/01/1989,Pakistan,sgarhame2@cnn.com,735-264-6257
Sheilakathryn,Turgoose,Kugri,05/20/1999,China,sturgoosee3@xing.com,724-946-0864
Jamal,Southway,Parang,08/22/1972,Philippines,jsouthwaye4@posterous.com,403-336-0807
Emilia,Boffin,,,,eboffine5@salon.com,
Broderick,Bull,Laxiong,01/04/1951,China,bbulle6@elegantthemes.com,221-211-0232
Tamas,Perello,Burgaltay,08/11/1952,Mongolia,tperelloe7@forbes.com,336-149-5837
Jewelle,Gossage,Pengjia Zhaizi,10/16/1981,China,jgossagee8@youku.com,493-591-5481
Alena,MacGilpatrick,Budapest,05/18/1979,Hungary,,562-849-1387
Bili,Bimson,Järfälla,06/29/1999,Sweden,bbimsonea@wsj.com,803-792-7026
Isak,Gunner,Oyo,10/11/1970,Nigeria,igunnereb@jalbum.net,702-557-1171
Janey,Ballsdon,Ngozi,09/20/1979,Burundi,jballsdonec@ustream.tv,293-836-3990
Cecilia,O'Quin,Kaga Bandoro,06/13/1951,Central African Republic,coquined@csmonitor.com,613-949-1127
Nicol,Greeve,Lovran,07/07/1966,Croatia,,916-696-6264
Dru,Swinn,Bokor,02/10/1950,Indonesia,,422-495-8958
Albertine,Shepherd,Auna,01/14/1961,Nigeria,ashepherdeg@spiegel.de,879-866-0274
Doll,Ainsley,Bijie,11/21/1954,China,dainsleyeh@ft.com,424-756-2813
Lianne,Brastead,Imrīsh,07/01/1965,Palestinian Territory,lbrasteadei@statcounter.com,916-619-9908
Ring,Drewes,Nisporeni,11/22/1969,Moldova,rdrewesej@domainmarket.com,325-535-1507
Sauveur,Peet,Zaytā,03/22/1978,Palestinian Territory,speetek@wiley.com,850-620-9340
Cordula,Ketts,Encañada,03/28/1960,Peru,ckettsel@clickbank.net,577-849-9423
Gabrielle,Lockie,,,,glockieem@nps.gov,
Bentlee,Micah,Haurpanggung,05/17/1960,Indonesia,bmicahen@miibeian.gov.cn,685-523-2832
Aleece,Physick,Morez,04/12/1970,France,,864-739-0371
Gabriell,Crummie,,,,,
Antonin,Fasson,Musan-ŭp,12/16/1965,North Korea,,136-545-6883
Zollie,Fillgate,Zdenci,11/03/1951,Croatia,zfillgateer@msn.com,956-716-9687
Dniren,Dillow,Laâyoune / El Aaiún,10/11/1965,Western Sahara,ddillowes@telegraph.co.uk,576-869-4870
Halley,Salliss,Wanzhai,09/09/1956,China,hsallisset@hubpages.com,531-256-6038
Kory,Welton,Thị Trấn Sìn Hồ,05/30/1958,Vietnam,kweltoneu@google.pl,452-514-4470
Augustine,Ashfold,,,,aashfoldev@sogou.com,
Gaylene,Rubinivitz,Ambarakaraka,03/21/1985,Madagascar,,686-702-2214
Mathilda,Veronique,Ljukovo,12/02/1956,Serbia,mveroniqueex@storify.com,996-806-7533
Shel,Reddish,Marystown,12/12/1953,Canada,sreddishey@arstechnica.com,500-491-2228
Gwenni,Pauncefort,"Hospitalet De Llobregat, L'",10/16/1976,Spain,gpauncefortez@constantcontact.com,791-806-5596
Rahal,Brazener,Mariestad,10/05/1970,Sweden,,270-683-2663
Aurie,Menicomb,,,,amenicombf1@cam.ac.uk,
Vera,Proud,Itauguá,10/22/1985,Paraguay,vproudf2@tmall.com,465-875-9038
Van,Gronauer,Shibganj,05/13/1985,Bangladesh,vgronauerf3@behance.net,482-227-6964
Ainsley,Kirley,Vazhiny,03/12/1972,Russia,akirleyf4@pinterest.com,553-525-1020
Caresa,Libby,Bangko,01/15/1966,Indonesia,clibbyf5@t.co,621-126-4662
Koenraad,Mellmoth,,,,kmellmothf6@npr.org,
Eben,Callaway,Oriximiná,07/07/1962,Brazil,ecallawayf7@businesswire.com,626-411-6192
Peyton,Patesel,Avignon,11/13/1977,France,ppateself8@statcounter.com,804-641-0665
Karie,Longden,El Paso,10/12/1963,United States,klongdenf9@ihg.com,915-891-2904
Kerry,Rubinovitsch,Calatrava,07/13/1951,Philippines,krubinovitschfa@google.com.hk,110-768-6852
Aarika,Guinness,Vila Nova,07/31/1986,Portugal,aguinnessfb@apache.org,151-820-7168
Ninnette,Sowter,Artur Nogueira,05/07/1953,Brazil,nsowterfc@imdb.com,969-470-1794
Philippine,Cowerd,Longcun,03/16/1996,China,pcowerdfd@youku.com,568-918-3313
Frasquito,Simpole,Alderetes,04/10/1984,Argentina,fsimpolefe@xinhuanet.com,734-713-5409
Hilary,Bonafant,Gambiran,11/01/1993,Indonesia,,601-610-8524
Oliver,MacCoughen,Xiangying,01/06/1966,China,omaccoughenfg@gmpg.org,845-274-4110
Leda,Gasquoine,Voskopojë,04/26/1963,Albania,lgasquoinefh@aol.com,236-996-2266
Gregg,Constantinou,Taiping,12/19/1961,China,,201-825-4353
Nicky,Wretham,Mugango,04/09/1972,Tanzania,nwrethamfj@unicef.org,425-361-7335
Karel,Fever,Xilu,11/04/1991,China,kfeverfk@360.cn,631-444-6946
Neall,Gritskov,Uzlovaya,03/17/1978,Russia,ngritskovfl@auda.org.au,385-584-8965
Tessa,Abels,,,,tabelsfm@google.cn,
Ivette,Lared,,,,ilaredfn@cisco.com,
Leonerd,Lincke,Llazicë,08/27/1977,Kosovo,llinckefo@storify.com,893-260-1293
Lucila,Iowarch,Mionica,09/13/1979,Bosnia and Herzegovina,liowarchfp@pen.io,457-982-7648
Margaretta,McFarlan,Nova Petrópolis,02/13/1973,Brazil,,971-487-4717
Hort,Braz,Hongmiao,05/19/1977,China,hbrazfr@moonfruit.com,335-976-9959
Pavlov,Kime,Damanhūr,01/09/1952,Egypt,pkimefs@devhub.com,814-493-4644
Farr,Kerridge,,,,fkerridgeft@woothemes.com,
Felicio,Cornell,Bagusan,12/28/1994,Indonesia,fcornellfu@admin.ch,288-558-2803
Inglebert,Cranmere,Wujiao,04/14/1962,China,icranmerefv@wufoo.com,697-876-0358
Dacey,Gircke,Livramento,10/04/1971,Portugal,dgirckefw@xinhuanet.com,526-185-6346
Gary,Gaine of England,Torres Novas,05/15/1989,Portugal,ggaineofenglandfx@delicious.com,774-816-4684
Elsa,Sambles,Mangseng,06/10/1967,Indonesia,esamblesfy@cafepress.com,436-386-0181
Abramo,Felderer,Xinzheng,02/15/1962,China,afeldererfz@dyndns.org,535-214-5624
Ron,Bock,Nice,08/03/1961,France,rbockg0@apache.org,799-310-2292
Adelice,Sevior,Libuganon,07/19/1979,Philippines,,643-137-5264
Nicolais,Matis,Yanahuanca,01/15/1963,Peru,nmatisg2@twitter.com,544-123-0744
Shirlene,Standell,Cincinnati,02/08/1970,United States,,513-721-7019
Sonny,Fley,Lanzhong,04/02/1974,China,sfleyg4@fema.gov,134-257-6247
Rochell,Roskell,Lagos da Beira,09/24/1952,Portugal,rroskellg5@tripadvisor.com,380-963-4912
Waldemar,Shelmerdine,Buenavista,12/19/1951,Mexico,wshelmerdineg6@cnet.com,173-676-2687
Sarine,Gipp,Camias,08/31/1963,Philippines,,450-470-8844
Tildie,Sherwood,Chengjiang,11/24/1965,China,tsherwoodg8@liveinternet.ru,186-939-9284
Seward,Volant,Zyukayka,07/09/1965,Russia,svolantg9@wordpress.org,755-614-5667
Claudio,Phettis,Enewetak,10/11/1974,Marshall Islands,cphettisga@nps.gov,779-944-4024
Briana,Tombs,Czarnocin,06/09/1998,Poland,btombsgb@about.me,997-547-0818
Darda,Hounsham,San Agustín,05/17/1959,El Salvador,,292-653-2751
Albie,Wharlton,Caçador,01/08/1988,Brazil,,355-530-7647
Edith,Gherarducci,Issoudun,07/24/1995,France,egherarduccige@google.cn,644-791-0127
Cammy,Parish,El Bolsón,06/05/1984,Argentina,cparishgf@google.co.jp,676-247-0199
Vail,Slyvester,Châlons-en-Champagne,06/06/1984,France,vslyvestergg@zimbio.com,187-691-9097
Krysta,Juzek,Salitral,07/13/1957,Costa Rica,kjuzekgh@marketwatch.com,254-909-0958
Letta,Twiddle,Jahrom,02/09/1970,Iran,ltwiddlegi@ustream.tv,128-875-0213
Tait,Plampin,Wu’erqihan,04/30/1957,China,tplampingj@amazon.co.uk,659-185-0660
Anabelle,Bountiff,København,12/11/1989,Denmark,abountiffgk@infoseek.co.jp,591-380-1326
Rafaela,Kitto,Zhoutie,03/01/1999,China,,248-163-4040
Letta,Balcers,,,,lbalcersgm@live.com,
Celka,Boatwright,Montonggamang,06/28/1956,Indonesia,cboatwrightgn@globo.com,856-561-7398
Aurelea,McGonnell,Jiulonggang,06/07/1988,China,amcgonnellgo@marketwatch.com,290-700-5451
Constantine,Champerlen,Sakai,08/16/1957,Japan,cchamperlengp@barnesandnoble.com,775-624-9596
Meredith,Dohrmann,Vidin,09/15/1951,Bulgaria,mdohrmanngq@dell.com,110-324-4513
Mame,Dorkin,,,,mdorkingr@dyndns.org,
Roseanne,Kinnoch,Kassiri,02/27/1979,Sierra Leone,rkinnochgs@ucoz.ru,350-744-3977
Hedvig,Duiguid,Föglö,11/18/1970,Aland Islands,hduiguidgt@ycombinator.com,866-209-1853
Ammamaria,Follit,Barkly East,04/15/1990,South Africa,afollitgu@homestead.com,896-667-5845
Danila,Delgadillo,Bertioga,03/10/1977,Brazil,ddelgadillogv@dedecms.com,109-558-3379
Killie,Pietzner,Salinópolis,07/15/1951,Brazil,kpietznergw@weibo.com,710-333-5896
Sandy,Girke,Tsarychanka,07/01/1989,Ukraine,sgirkegx@bloomberg.com,710-659-6438
Aurlie,Frosdick,Kolumbug,08/22/1984,Philippines,afrosdickgy@bloglines.com,274-773-0243
Stephen,Hassekl,Masaran,06/02/1989,Indonesia,,259-493-3124
Leroi,Grishaev,Barranca de Upía,04/30/1968,Colombia,lgrishaevh0@newyorker.com,703-958-1498
Thain,Kerfoot,Laguilayan,08/26/1979,Philippines,tkerfooth1@qq.com,739-559-1114
Marius,Siebart,Palatine,12/16/1951,United States,msiebarth2@usda.gov,847-382-6855
Fredra,Nuscha,San Buenaventura,07/09/1969,Peru,,928-774-5586
Dannye,Oxlade,Xinli,10/28/1982,China,doxladeh4@howstuffworks.com,671-948-8913
Alyosha,Smail,Nekhayevskiy,11/24/1957,Russia,asmailh5@angelfire.com,720-312-2645
Ferdy,Matuszynski,Changuillo,01/30/1964,Peru,fmatuszynskih6@goo.ne.jp,174-259-5849
Merrie,Fiske,Vannes,06/22/1950,France,mfiskeh7@themeforest.net,647-217-5775
Liesa,Golda,Kramarzówka,06/15/1982,Poland,lgoldah8@economist.com,545-946-4265
Susi,Brookwell,Huntsville,12/18/1975,United States,sbrookwellh9@ca.gov,256-859-4151
Ajay,Geldard,Pindangan Centro,06/18/1977,Philippines,,273-729-0925
Roseann,Jorge,Barão de São Miguel,01/19/1998,Portugal,,270-467-5560
Trina,Remon,Andilamena,12/19/1964,Madagascar,,266-736-2715
Gina,Bleue,Xintang,04/12/1952,China,gbleuehd@businessweek.com,188-265-1920
Chrissy,Glass,Vigo,10/31/1958,Spain,cglasshe@google.co.jp,925-613-7214
Pall,Willshaw,Floda,08/27/1976,Sweden,pwillshawhf@hibu.com,758-116-7281
Eulalie,Winckle,Borodinskiy,05/14/1978,Russia,ewincklehg@senate.gov,176-731-1272
Sianna,Malster,San Jacinto,09/08/1995,Philippines,smalsterhh@flavors.me,356-738-7091
Joshuah,Hatley,Beylagan,05/16/1962,Azerbaijan,jhatleyhi@gov.uk,833-720-6794
Sandro,Fakeley,Jinshandian,11/23/1981,China,sfakeleyhj@shop-pro.jp,908-478-4492
Scotti,Rickwood,Blumbang,04/13/1983,Indonesia,srickwoodhk@discovery.com,967-738-6908
Suzy,Thunderchief,"Laikit, Laikit II (Dimembe)",07/31/1957,Indonesia,sthunderchiefhl@globo.com,143-906-4918
Pegeen,Elmhirst,Xujia,07/06/1990,China,pelmhirsthm@nih.gov,735-819-3012
Wallie,McCulley,Lazaro Cardenas,11/29/1997,Mexico,,335-267-5932
Lucais,Hassewell,Azilal,12/14/1961,Morocco,lhassewellho@dailymail.co.uk,820-938-6741
Emmerich,Grice,Bayt ‘Adhāqah,05/16/1953,Yemen,egricehp@51.la,920-255-5612
Margeaux,Gregorowicz,Tubigan,05/07/1965,Philippines,mgregorowiczhq@wix.com,735-464-1472
Jeromy,Dickey,Kabukarudi,01/31/1970,Indonesia,jdickeyhr@digg.com,723-213-6746
Hesther,Creegan,Ban Na,09/09/1950,Thailand,hcreeganhs@t.co,376-924-4785
Kora,May,Itapecerica da Serra,02/02/1977,Brazil,kmayht@gov.uk,770-600-9838
Levon,Alldred,Gœsdorf,11/02/1984,Luxembourg,lalldredhu@bigcartel.com,254-517-4567
Harwilll,Mowbury,Nanzamu,11/10/1952,China,hmowburyhv@bloglines.com,170-526-8183
Shae,Sills,Spas’ke,08/28/1957,Ukraine,ssillshw@redcross.org,124-441-3539
Denys,Collier,Tumu’ertai,03/01/1952,China,dcollierhx@mac.com,732-315-7690
Bonnee,Aindrais,Pitanga,04/03/1970,Brazil,baindraishy@discovery.com,951-399-4824
Jacob,Sarchwell,,,,jsarchwellhz@php.net,
Monty,Cumes,Buracan,01/26/1975,Philippines,mcumesi0@newyorker.com,847-735-5787
Petunia,Mingaud,Kota Kinabalu,06/28/1971,Malaysia,pmingaudi1@360.cn,572-546-6118
Sebastien,Tommasuzzi,Wates,02/22/1950,Indonesia,stommasuzzii2@vinaora.com,216-822-6512
Emyle,Emmerson,Jetis,06/26/1988,Indonesia,eemmersoni3@meetup.com,362-346-1721
Helenka,Foyle,Sasebo,09/27/1958,Japan,hfoylei4@plala.or.jp,444-190-9302
Letty,Lechelle,Tangkou,10/08/1991,China,llechellei5@dmoz.org,963-880-6744
Ruben,Beard,El Paso,08/24/1980,United States,rbeardi6@telegraph.co.uk,915-285-9460
Ralph,Aspital,At Tall al Kabīr,06/23/1995,Egypt,raspitali7@1und1.de,130-638-6364
Jillane,McClounan,Al Marj,10/03/1973,Libya,jmcclounani8@walmart.com,113-703-6605
Sara-ann,Housin,Mahalapye,06/26/1953,Botswana,shousini9@google.com.au,347-896-6462
Yvor,Challace,Levandeira,08/02/1963,Portugal,ychallaceia@people.com.cn,370-205-8719
Donal,Gieraths,Castanhal,10/10/1995,Brazil,dgierathsib@google.com.au,739-229-0715
Page,Gillion,Binjiang,11/30/1979,China,pgillionic@facebook.com,315-809-7113
Morgan,Giacobillo,,,,mgiacobilloid@merriam-webster.com,
Josh,Lemmens,Ngetkib,09/13/1953,Palau,jlemmensie@paypal.com,777-271-6910
Skippy,Jobke,Neob,12/31/1996,Indonesia,sjobkeif@dmoz.org,218-703-9952
Aliza,Brasher,San Antonio,01/31/1991,United States,abrasherig@behance.net,210-449-5520
Andriette,Winship,Chita,05/01/1982,Russia,awinshipih@liveinternet.ru,155-180-6118
Cybil,Brackenridge,,,,cbrackenridgeii@privacy.gov.au,
Laurella,Dows,La Guata,05/19/1979,Honduras,ldowsij@yellowpages.com,484-995-7002
Mal,Delgardillo,Solnechnyy,10/13/1957,Russia,mdelgardilloik@tmall.com,704-207-5661
Leontine,Gogan,Aţ Ţaybah,12/23/1968,Palestinian Territory,lgoganil@mtv.com,952-483-3081
Hannis,Etuck,Lysekil,02/05/1999,Sweden,,275-933-8362
Merline,Jansie,Choma,05/29/1968,Zambia,mjansiein@yolasite.com,381-730-5389
Florette,Roffey,Winterthur,12/09/1952,Switzerland,froffeyio@jalbum.net,238-359-5458
Ariella,Lafflin,Thị Trấn Mường Khến,12/20/1990,Vietnam,alafflinip@fema.gov,823-987-7236
Guillemette,Boldt,Pangradin Satu,12/08/1989,Indonesia,gboldtiq@imdb.com,453-162-0060
Clerissa,Sommer,Laliki,01/20/1984,Poland,csommerir@china.com.cn,764-347-7297
Kaycee,Reavell,Kletek,05/06/1954,Indonesia,kreavellis@reference.com,321-370-0667
Gerry,Jugging,Novocherkassk,04/21/1974,Russia,,745-978-0937
Tommie,Kondratyuk,Yara,10/12/1995,Cuba,,363-556-0633
Merwin,Pinnere,Tuusula,11/05/1958,Finland,mpinnereiv@sohu.com,997-332-7928
Davine,McCreery,Heiiyugou,08/09/1967,China,dmccreeryiw@seesaa.net,887-719-3602
Dunc,Kestle,,,,dkestleix@csmonitor.com,
Sarene,Benedtti,Bungsuan,09/19/1959,Philippines,sbenedttiiy@walmart.com,549-961-2248
Locke,McEnteggart,Maszkienice,05/22/1980,Poland,lmcenteggartiz@youku.com,729-213-8422
Alexa,Grigoryov,Dayton,10/12/1988,United States,agrigoryovj0@icio.us,937-951-4145
Janith,Conaboy,Zouérat,09/28/1965,Mauritania,jconaboyj1@indiegogo.com,653-861-0386
Saundra,Clemenceau,Jatirejo,08/08/1950,Indonesia,sclemenceauj2@hud.gov,967-280-8803
Valencia,Hurich,Laiyang,09/28/1973,China,vhurichj3@purevolume.com,767-962-4287
Findley,Jopson,Kiuteta,12/29/1971,Indonesia,fjopsonj4@ted.com,874-166-1682
Arlyn,Kauble,Targanice,12/28/1951,Poland,akaublej5@yolasite.com,383-707-0373
Melita,Stansell,Yueyang,10/16/1987,China,mstansellj6@zdnet.com,940-484-9360
Durward,Kyd,Gongnong,03/23/1994,China,dkydj7@prnewswire.com,309-885-4304
Victor,Fauning,Nogueira da Regedoura,11/21/1955,Portugal,vfauningj8@nytimes.com,750-700-8539
Aura,Deerr,Jatisari,03/20/1999,Indonesia,adeerrj9@reuters.com,171-168-2280
Waylen,Babin,Merdeka,06/13/1992,Indonesia,wbabinja@hostgator.com,969-513-0711
Theodor,Ballach,Illela,03/14/1986,Nigeria,tballachjb@cornell.edu,730-552-2247
Lyon,Oldershaw,,,,loldershawjc@europa.eu,
Aylmer,Haime,Tanda,12/09/1951,Egypt,ahaimejd@wiley.com,476-223-6652
Raffaello,O'Hoolahan,Groblersdal,11/13/1990,South Africa,rohoolahanje@domainmarket.com,882-601-7326
Shirleen,Tolcher,Al Mijlad,04/04/1997,Sudan,stolcherjf@typepad.com,959-422-3479
Leena,Kolczynski,Slovenj Gradec,11/20/1953,Slovenia,lkolczynskijg@wix.com,563-126-2773
Monro,Palffy,Крушево,02/28/1978,Macedonia,,917-443-8802
Ethel,Loveless,Svenljunga,02/29/1964,Sweden,,851-453-4124
Frederic,Whinray,Calceta,06/30/1975,Ecuador,fwhinrayjj@cafepress.com,471-849-2258
Aloin,Offen,Nyagan,10/10/1975,Russia,aoffenjk@who.int,691-677-8535
Horacio,Perrone,Esperanza,11/12/1989,Argentina,hperronejl@indiatimes.com,249-416-1209
Nevins,Tisun,Balangpule,03/19/1990,Indonesia,ntisunjm@123-reg.co.uk,440-500-6065
Krista,Roisen,Wuli,05/29/1989,China,kroisenjn@vk.com,887-190-1621
Gerick,McGrae,Melgar,08/02/1960,Colombia,gmcgraejo@scientificamerican.com,218-335-2188
Asher,Pascall,Qiaotou,01/19/1979,China,apascalljp@dropbox.com,941-678-4622
Annissa,Basnett,Yandun,02/27/1991,China,abasnettjq@ted.com,133-338-2408
Christian,Dunnaway,Gościeradów,11/06/1966,Poland,cdunnawayjr@netvibes.com,465-255-6603
Ase,Kornyshev,Goiana,12/18/1972,Brazil,akornyshevjs@admin.ch,752-480-7453
Leslie,Shingler,Buenavista,01/15/1990,Philippines,lshinglerjt@imgur.com,867-467-5680
Chaunce,Doveston,Fort Pierce,01/24/1967,United States,cdovestonju@github.io,772-862-9807
Athena,Treppas,Bonneville,11/22/1961,France,atreppasjv@nsw.gov.au,375-890-2234
Olly,Boath,Ōbu,11/27/1996,Japan,oboathjw@who.int,877-324-3255
Meridith,Vagges,Serrana,02/13/1987,Brazil,mvaggesjx@netscape.com,527-312-8474
Gerek,Dahlberg,Grojec,04/11/1987,Poland,,611-232-4944
Phil,Lalonde,Margorejo,03/19/1954,Indonesia,plalondejz@multiply.com,176-257-5710
Stevena,Ruprich,Cavinti,04/24/1971,Philippines,,880-610-8824
Fremont,Tackle,Velké Němčice,01/02/1995,Czech Republic,ftacklek1@smh.com.au,372-675-6610
Gregorius,Bassano,Sernovodsk,06/29/1971,Russia,gbassanok2@clickbank.net,863-713-9998
Silvie,Farran,Yamagata-shi,05/22/1956,Japan,sfarrank3@nifty.com,991-485-3586
Brady,Roman,Bilajer,08/27/1997,Azerbaijan,bromank4@prweb.com,931-464-1183
Carmel,Say,Mocajuba,11/03/1950,Brazil,csayk5@youku.com,888-847-4898
Dael,Sambrook,Vailoa,02/27/1986,Samoa,dsambrookk6@imgur.com,310-372-4090
Launce,Manoelli,Concordia,11/30/1975,Peru,lmanoellik7@php.net,656-494-4406
Evie,Whayman,Mugumu,07/01/1988,Tanzania,ewhaymank8@cdc.gov,180-481-1766
Herbert,Dooler,Saint-Jean-de-Védas,07/22/1975,France,,226-402-5592
Chlo,Kingwell,Druju,10/27/1978,Indonesia,ckingwellka@mtv.com,392-960-2821
Blair,Bazley,Caringin,01/28/1998,Indonesia,,980-127-7488
Danita,Kemish,Andir,11/19/1964,Indonesia,dkemishkc@alexa.com,542-287-9633
Elysia,Sneesbie,Jiulong,10/07/1981,China,esneesbiekd@merriam-webster.com,521-588-9595
Augie,Ianinotti,Sindong,09/26/1984,South Korea,aianinottike@indiatimes.com,116-921-3109
Ede,Addicote,Zárate,11/02/1954,Argentina,eaddicotekf@webnode.com,484-324-8095
Susann,Sawley,Cikaso,08/11/1987,Indonesia,ssawleykg@ebay.com,469-521-0721
Darrelle,Iamittii,Lavezares,06/30/1993,Philippines,,880-314-0657
Laure,Penniall,Val-de-Reuil,06/06/1983,France,lpenniallki@vkontakte.ru,788-767-3023
Maurise,Ninotti,Balas,11/21/1968,Philippines,mninottikj@ycombinator.com,981-400-1044
Lu,Livesley,Voyutychi,05/11/1974,Ukraine,llivesleykk@i2i.jp,487-948-4468
Elyse,Birkin,Palayan City,05/22/1967,Philippines,,453-944-7258
Gerick,Nutty,Wang’er,06/27/1974,China,gnuttykm@biglobe.ne.jp,846-747-2602
Cecilius,Johns,Strömsnäsbruk,01/23/1990,Sweden,cjohnskn@xrea.com,690-411-6772
Elke,Bartkiewicz,Piquete,03/21/1993,Brazil,ebartkiewiczko@cbslocal.com,214-503-1655
Lilia,Furman,Xinhua,06/06/1953,China,,100-632-7085
Rodi,Hatzar,Alemanguan,10/21/1983,Philippines,rhatzarkq@rakuten.co.jp,124-846-4820
Sharity,Yewdale,Nagutskoye,10/22/1959,Russia,syewdalekr@harvard.edu,963-593-8487
Damara,Langelaan,Opinogóra Górna,08/11/1963,Poland,dlangelaanks@google.it,214-478-3628
Selie,Donavan,Thuận Nam,07/15/1960,Vietnam,sdonavankt@pinterest.com,521-875-7935
Conni,Winder,Liverpool,04/04/1978,United Kingdom,cwinderku@chron.com,675-871-1477
Sigismondo,Clews,La Dorada,01/18/1952,Colombia,sclewskv@istockphoto.com,974-352-2979
Quintilla,Iredell,Hekou,03/23/1981,China,qiredellkw@ustream.tv,496-353-9521
Sondra,Grinaway,Tingsiqiao,10/15/1968,China,sgrinawaykx@feedburner.com,560-687-3624
Jo ann,Kleyn,Nikulino,10/19/1953,Russia,jkleynky@posterous.com,966-953-4652
Hailee,Haythorne,Ayabaca,04/13/1964,Peru,hhaythornekz@narod.ru,764-268-1131
Jedidiah,Aumerle,Orléans,07/10/1961,France,jaumerlel0@patch.com,738-734-8665
Seward,Antonescu,Gao,03/30/1963,Mali,santonescul1@twitpic.com,502-938-7716
Noella,Rockwill,Paris 16,10/14/1995,France,,173-551-6618
Riordan,Wicks,Ciro Redondo,06/12/1963,Cuba,rwicksl3@yale.edu,465-151-0252
Luz,Birchenhead,Pinggang,12/08/1962,China,lbirchenheadl4@marriott.com,641-480-2257
Granville,Dangl,Yulao,06/04/1957,China,gdangll5@spotify.com,121-326-5242
Brant,ffrench Beytagh,Sirib,11/05/1979,Philippines,bffrenchbeytaghl6@cornell.edu,310-778-5919
Benjamin,Etuck,Clogherhead,01/23/1953,Ireland,betuckl7@google.es,461-570-3741
Gusty,Bowhay,Zhugentan,04/05/1988,China,gbowhayl8@jugem.jp,317-717-5195
Avie,Pinniger,Kranuan,09/12/1998,Thailand,apinnigerl9@amazon.co.uk,254-855-7889
Barbaraanne,Samms,Tojeira,09/13/1955,Portugal,bsammsla@sbwire.com,799-930-8307
Guinna,Polsin,Ananindeua,09/17/1975,Brazil,gpolsinlb@is.gd,729-239-1154
Dane,Lobb,,,,dlobblc@tumblr.com,
Helaine,Hilldrup,Minzheng,11/28/1991,China,hhilldrupld@japanpost.jp,683-631-5885
Marcile,Tilne,Lille,07/15/1953,France,mtilnele@ca.gov,181-294-4319
Noreen,Cheeke,Buenavista,05/31/1995,Philippines,,723-548-4114
Maryrose,Kilford,Wuyang,06/29/1978,China,,206-258-5414
Herc,Hughlock,Doropayung,09/15/1968,Indonesia,hhughlocklh@narod.ru,156-484-9663
Augustin,Baudy,Lajarik,09/08/1964,Indonesia,abaudyli@about.com,244-589-2207
Stacey,Hedin,,,,shedinlj@netvibes.com,
Bonnie,Tampen,Tumpang Satu,11/22/1978,Indonesia,btampenlk@sbwire.com,969-888-0674
Stanislaus,Tackell,Petrovice u Karviné,07/14/1968,Czech Republic,stackellll@prnewswire.com,712-519-2876
Felita,Got,Las Toscas,12/05/1970,Argentina,fgotlm@cisco.com,599-672-3108
Derrek,Bettley,Paraíso de Chabasquén,08/14/1973,Venezuela,dbettleyln@360.cn,979-711-8758
Stanfield,Rawlin,Mataigou,08/11/1956,China,srawlinlo@stanford.edu,957-530-6274
Gayla,Schelle,Aizhai,01/27/1968,China,gschellelp@spiegel.de,196-360-4385
Livy,Mirfield,Murcia,12/14/1958,Philippines,,135-472-2912
Bernita,Robyns,Montluel,12/25/1956,France,brobynslr@spotify.com,477-182-7965
Tommie,Metheringham,Campoalegre,10/27/1999,Colombia,tmetheringhamls@nsw.gov.au,595-838-7647
Genevra,Knipe,Santa Cruz,06/17/1952,United States,gknipelt@amazon.co.uk,831-778-4169
Tamiko,Dunridge,Vardablur,03/02/1954,Armenia,,951-802-1666
Rowen,Rozec,Auxerre,10/01/1954,France,rrozeclv@google.com.au,453-615-3402
Cassandre,Rubica,,,,,
Corrina,Darinton,Kingston,12/27/1990,Canada,cdarintonlx@imdb.com,940-863-7319
Agathe,Beddin,Ust’-Dzheguta,12/18/1973,Russia,abeddinly@google.fr,443-366-6497
Sawyere,Poure,Porciúncula,02/09/1979,Brazil,spourelz@squidoo.com,390-942-2394
Adelle,Meers,Panggulan,04/12/1999,Indonesia,ameersm0@miitbeian.gov.cn,228-997-9062
Caitlin,Kidde,Xiaosong,02/10/1979,China,ckiddem1@gnu.org,586-107-6219
Fleur,MacGorman,Baoxu,01/08/1997,China,fmacgormanm2@si.edu,964-976-7402
Mabelle,Gonzalez,La Libertad,10/07/1960,Philippines,mgonzalezm3@sun.com,784-604-0920
Gerty,Esplin,Bangko,06/20/1979,Indonesia,gesplinm4@tuttocitta.it,478-183-9202
Gina,McComiskie,Mölndal,04/23/1987,Sweden,gmccomiskiem5@cargocollective.com,728-650-7687
Shurlock,Gohn,Himensulan,07/26/1961,Philippines,sgohnm6@goo.ne.jp,238-500-9743
Gerek,Brusle,,,,gbruslem7@unc.edu,
Etti,Tilliards,Adamstown,05/14/1978,Pitcairn,etilliardsm8@example.com,540-532-4868
Chloette,Somers,Kochani,04/04/1950,Macedonia,csomersm9@diigo.com,567-615-1746
Maynard,Cardello,Nakajah,04/20/1972,Indonesia,mcardelloma@twitter.com,830-857-4587
Nessy,Landor,Tabuny,07/24/1967,Russia,nlandormb@dot.gov,459-567-4354
Kristoffer,Scimone,,,,kscimonemc@sun.com,
Crissie,de Juares,Nanyuan,10/21/1958,China,cdejuaresmd@marriott.com,630-128-5698
Bertie,Wholesworth,Kuala Terengganu,03/03/1987,Malaysia,bwholesworthme@sogou.com,531-120-1142
Constance,Corneliussen,Malvinas Argentinas,09/22/1957,Argentina,ccorneliussenmf@jugem.jp,807-685-5206
Tammie,Laffranconi,Amsterdam Noord west,09/27/1991,Netherlands,tlaffranconimg@examiner.com,435-799-2859
Monika,Aspey,Terter,09/06/1972,Azerbaijan,maspeymh@ifeng.com,519-153-5411
Nicola,Gino,Litian,08/09/1954,China,nginomi@google.pl,941-530-7221
Margalo,Carus,Dardhas,09/20/1983,Albania,mcarusmj@bravesites.com,952-691-4434
Birdie,Benneton,Fastovetskaya,10/03/1996,Russia,bbennetonmk@flickr.com,564-450-0890
Kirby,Shillitto,pamas,05/30/1976,Iran,kshillittoml@clickbank.net,643-591-1160
Grace,Snoxill,Manggis,10/10/1951,Indonesia,gsnoxillmm@ocn.ne.jp,961-833-0342
Harwell,Burman,Taunggyi,09/26/1965,Myanmar,hburmanmn@trellian.com,313-771-6390
Mariya,Partridge,Wensu,02/11/1981,China,mpartridgemo@buzzfeed.com,146-316-1790
Edward,Ortells,Sumberkindagan,02/15/1999,Indonesia,eortellsmp@usatoday.com,286-575-6489
Theodora,Karlsson,Shiyu,07/30/1965,China,tkarlssonmq@hubpages.com,631-863-9079
Kellyann,Quelch,Alcabideche,09/07/1994,Portugal,kquelchmr@mysql.com,569-976-4266
Urbain,Malamore,Santa Cruz,10/18/1966,Mexico,,849-157-7452
Borden,Stollsteimer,Tangal,01/06/1954,Philippines,bstollsteimermt@hud.gov,731-547-0207
Marigold,Sumnall,Prokuplje,01/01/1974,Serbia,msumnallmu@illinois.edu,589-605-2969
Hilarius,McKew,Calubcub Dos,07/19/1997,Philippines,hmckewmv@printfriendly.com,270-862-3889
Eberto,Clappson,Perbaungan,12/21/1966,Indonesia,eclappsonmw@4shared.com,954-243-1784
Cleo,Hellewell,Khe Tre,07/01/1973,Vietnam,chellewellmx@people.com.cn,341-742-3587
Khalil,Darcey,Várzea,10/18/1971,Portugal,,455-640-5699
Alie,Bradneck,San Antonio,10/12/1997,Chile,,467-256-9253
Meyer,Lydden,,,,mlyddenn0@vinaora.com,
Clayborn,Grumell,Choros,04/23/1968,Peru,cgrumelln1@smugmug.com,271-226-3904
Gerri,Trighton,Nantai,07/07/1956,China,gtrightonn2@scientificamerican.com,532-287-3019
Bill,Willment,Turpay,07/17/1950,Peru,bwillmentn3@chicagotribune.com,971-638-6511
Aubine,Orr,Olivia,07/24/1992,Mauritius,aorrn4@posterous.com,942-580-7255
Gavan,Isakovic,Bigaan,12/17/1963,Philippines,gisakovicn5@ca.gov,527-828-6884
Sherline,Dimelow,Chiţcani,03/11/1984,Moldova,,272-830-6733
Kaja,Stuehmeyer,Nyahururu,01/08/1999,Kenya,kstuehmeyern7@tuttocitta.it,660-782-5870
Thorstein,Elflain,Malindi,02/14/1959,Kenya,telflainn8@newsvine.com,364-296-4097
Orin,Padkin,Labuan,09/05/1979,Malaysia,,815-747-8020
Jonis,Moreing,Ugbokpo,09/04/1962,Nigeria,,871-728-2373
Katherina,Brislan,Jönköping,11/11/1973,Sweden,kbrislannb@list-manage.com,878-854-6897
Jack,Duffitt,Santa Teresita,01/02/1950,Philippines,jduffittnc@w3.org,716-489-1997
Harlen,Littrell,Marne-la-Vallée,11/01/1975,France,hlittrellnd@merriam-webster.com,866-963-9843
Yehudit,Pundy,Kliteh,01/28/1978,Indonesia,ypundyne@house.gov,582-298-1597
Flint,Godmar,Ashkāsham,03/02/1995,Afghanistan,fgodmarnf@ustream.tv,285-102-1779
Blakeley,Marshalleck,Ganhe,04/23/1980,China,bmarshalleckng@php.net,706-945-5619
Shell,Henricsson,Daga,07/05/1980,Bhutan,,259-171-3761
Moll,Shera,Amado Nervo,04/21/1976,Mexico,msherani@wikimedia.org,837-896-3520
Sonnie,Pinnocke,Kanchanaburi,05/05/1962,Thailand,spinnockenj@bbb.org,370-669-7605
Darleen,Diamond,Sumber,10/08/1997,Indonesia,ddiamondnk@diigo.com,969-960-4687
Angus,Wheelwright,,,,awheelwrightnl@privacy.gov.au,
Noah,Kirsop,Ciranca Satu,03/03/1993,Indonesia,nkirsopnm@php.net,590-859-7827
Angelo,Doumerc,Santa Cruz do Rio Pardo,12/26/1981,Brazil,adoumercnn@yellowpages.com,914-238-8819
Patrizio,Massen,,,,pmassenno@vimeo.com,
Amii,Steinor,Zhongdeng,07/13/1958,China,asteinornp@fc2.com,555-104-3823
Osmond,McBay,Peña,01/05/1971,Philippines,omcbaynq@icio.us,325-473-9156
Homere,Broadhead,Rietavas,01/18/1972,Lithuania,hbroadheadnr@amazon.co.uk,783-887-5568
Saul,Vanyushkin,Shuiting,03/21/1993,China,svanyushkinns@telegraph.co.uk,918-802-8622
Magdalene,Lindhe,Imaan,07/04/1957,Indonesia,mlindhent@eventbrite.com,314-515-9528
De witt,Di Giacomettino,Şūr,01/29/1963,Oman,ddigiacomettinonu@harvard.edu,599-433-1904
Bogart,Allsworth,,,,ballsworthnv@live.com,
Krishna,Puddephatt,Peicheng,08/20/1971,China,kpuddephattnw@theglobeandmail.com,641-452-0257
Kathryne,Lidell,Pravdinsk,05/16/1997,Russia,,734-898-1198
Wenda,Sheer,Sidem,08/05/1989,Indonesia,wsheerny@nyu.edu,643-927-4135
Dennet,Naisey,Quisao,10/21/1978,Philippines,dnaiseynz@blinklist.com,736-179-8424
Oona,McGibbon,Wotan,04/15/1951,Indonesia,,770-175-7852
Theodoric,Egglestone,Ouadda,01/25/1978,Central African Republic,tegglestoneo1@npr.org,506-250-5274
Ally,Twigger,Datuan,09/28/1951,China,atwiggero2@blog.com,483-811-7332
Sissie,Denham,Malko Tŭrnovo,12/19/1965,Bulgaria,sdenhamo3@cbslocal.com,553-598-1043
Sid,Biskup,Severo-Zadonsk,02/03/1957,Russia,sbiskupo4@mlb.com,796-101-7196
Colet,Steutly,,,,,
Clea,MacAndie,Chishui,04/23/1968,China,cmacandieo6@drupal.org,241-887-7447
Norina,McAviy,Zdiby,02/11/1995,Czech Republic,nmcaviyo7@bluehost.com,387-562-4662
Olimpia,Wauchope,Peristerona,01/09/1968,Cyprus,owauchopeo8@zdnet.com,335-242-5808
Linnet,Gornal,Belung Satu,10/15/1972,Indonesia,,551-353-6347
Lane,McGregor,Gugark’,02/29/1992,Armenia,lmcgregoroa@cafepress.com,887-492-4072
Denyse,Glasser,Sabang,01/04/1962,Philippines,dglasserob@reverbnation.com,346-398-4671
Locke,Mc Caghan,Digne-les-Bains,04/07/1969,France,lmccaghanoc@whitehouse.gov,226-719-5662
Huntley,Pascoe,Blama,05/21/1991,Sierra Leone,hpascoeod@tinypic.com,802-856-9405
Darwin,Cruwys,Mýrina,04/23/1993,Greece,dcruwysoe@comsenz.com,362-389-1980
Marjy,Frizzell,Azun Atme,12/12/1967,Palestinian Territory,,904-502-9376
Helga,Webborn,,,,hwebbornog@yale.edu,
Selig,de Broke,Tokmok,03/30/1993,Kyrgyzstan,sdebrokeoh@posterous.com,878-850-5048
Alejoa,Spurriar,Montasik,05/01/1951,Indonesia,aspurriaroi@latimes.com,757-746-1153
Chet,Billiard,Xiaopu,11/25/1950,China,cbilliardoj@amazon.co.jp,340-829-4411
Kean,Curbishley,Tehetu,05/09/1984,China,kcurbishleyok@spotify.com,945-566-8216
Mill,Denman,Barqueiro,09/09/1997,Portugal,mdenmanol@a8.net,954-321-4440
Gerome,Angless,Pindobaçu,04/04/1973,Brazil,ganglessom@npr.org,827-767-6696
Kiah,Beck,Lamía,09/09/1976,Greece,kbeckon@jiathis.com,998-795-8927
Evvie,Southernwood,,,,esouthernwoodoo@i2i.jp,
Erin,McGillivray,Yangcun,04/19/1986,China,emcgillivrayop@pcworld.com,948-317-1440
Hal,De Beneditti,Dera Bugti,06/05/1962,Pakistan,hdebenedittioq@webmd.com,622-807-6689
Mattie,Uttridge,Krajan Satu,04/17/1962,Indonesia,muttridgeor@symantec.com,965-617-3548
Felicia,Cutchie,Jianba,04/18/1956,China,fcutchieos@who.int,227-294-6304
Meagan,Barthelet,Xiheshan,05/07/1958,China,,515-138-3035
Moreen,Manthorpe,Itaperuçu,11/28/1989,Brazil,mmanthorpeou@sitemeter.com,143-440-8863
Verge,Florence,Mandaguari,05/31/1966,Brazil,vflorenceov@umich.edu,417-703-0146
Maryjo,Chapellow,Tarkastad,06/13/1995,South Africa,mchapellowow@sphinn.com,485-347-6740
Ganny,Peacock,Suchen,04/02/1981,China,gpeacockox@psu.edu,807-219-6111
Lesley,Wortman,,,,lwortmanoy@aboutads.info,
Erv,Organ,Stari Grad,12/11/1986,Serbia,eorganoz@ocn.ne.jp,290-549-4912
Irvin,Lugden,Malvern,07/13/1995,Jamaica,ilugdenp0@qq.com,462-775-9044
Valentia,Scahill,Andahuaylas,07/27/1959,Peru,vscahillp1@ning.com,789-406-2361
Dimitry,Vern,Lorena,07/01/1964,Brazil,,923-369-4314
Mel,Masarrat,Sūq Şirwāḩ,03/21/1965,Yemen,mmasarratp3@blinklist.com,279-815-8468
Lalo,Woolpert,Wenxing,09/15/1996,China,,334-568-9915
Lavina,Brion,Bellavista,08/21/1965,Peru,lbrionp5@google.ca,242-153-8847
Mommy,Pagett,Hongshan,02/28/1955,China,mpagettp6@opensource.org,651-482-6508
Birk,Spedding,Agiásos,05/22/1995,Greece,bspeddingp7@imdb.com,338-748-8921
Hy,Janes,La Goulette,03/13/1999,Tunisia,hjanesp8@printfriendly.com,165-196-5822
Camille,Whaymand,Jixing,06/27/1982,China,,713-396-0393
Hamish,Fowgies,Hanau,04/30/1991,Germany,hfowgiespa@aol.com,967-531-0445
Tana,Rennard,Shakhty,11/21/1959,Russia,trennardpb@friendfeed.com,493-490-5264
Riobard,Barnsdale,Rucheng Chengguanzhen,06/19/1994,China,rbarnsdalepc@reuters.com,656-141-5365
Elva,Reston,Los Pinos,02/28/1983,Mexico,erestonpd@uiuc.edu,506-753-7721
Saraann,Shalloo,Oranjestad,10/27/1984,"Bonaire, Saint Eustatius and Saba ",sshalloope@walmart.com,445-223-2319
Fitzgerald,Beaston,Jiyizhuang,11/18/1953,China,fbeastonpf@eventbrite.com,102-500-6583
Reyna,Edden,Sarulla,10/20/1976,Indonesia,reddenpg@usatoday.com,670-710-4282
Donal,Lukins,Mubo,07/02/1969,China,dlukinsph@angelfire.com,156-700-7287
Marilyn,Curcher,Tuanai,09/10/1966,Indonesia,mcurcherpi@google.ca,998-953-2456
Mar,Humbles,Belozërskoye,03/17/1953,Russia,mhumblespj@shinystat.com,365-883-2331
Karlyn,Demageard,Piteå,08/03/1973,Sweden,kdemageardpk@usgs.gov,998-199-3770
Luciano,Olley,Sanjiang,09/26/1993,China,lolleypl@intel.com,550-121-4661
Marcelle,Wais,Hořice,09/08/1992,Czech Republic,mwaispm@wired.com,215-476-2732
Dana,Balsdon,San Luis,04/08/1984,Mexico,dbalsdonpn@cmu.edu,722-524-4339
Odell,Tatford,Kagoro,04/18/1958,Nigeria,,893-453-5645
Nevins,Gallyon,Cacocum,09/04/1986,Cuba,,939-547-1272
Sydelle,Venart,Aniva,02/19/1957,Russia,svenartpq@barnesandnoble.com,318-483-3233
Hector,Colthard,Kota Kinabalu,05/22/1970,Malaysia,hcolthardpr@drupal.org,333-685-3527
Karlotta,Hay,Ḩabūr,07/14/1952,Yemen,khayps@sun.com,552-801-3501
Mendie,Seth,Boracéia,06/27/1951,Brazil,msethpt@google.com,863-162-7559
Felike,Yakovliv,Torslanda,11/17/1991,Sweden,,570-628-0153
Nady,McJerrow,Simbal,01/19/1973,Peru,nmcjerrowpv@independent.co.uk,918-856-3389
Aeriela,Pagett,Vera,07/25/1961,Argentina,apagettpw@adobe.com,129-452-5736
Pia,Ruprich,Gonbad-e Kāvūs,04/25/1975,Iran,pruprichpx@nsw.gov.au,152-465-6237
Chanda,Tschiersch,Pukekohe East,01/23/1988,New Zealand,ctschierschpy@about.me,562-214-0377
Wilfred,Hartle,Xilinji,08/21/1955,China,,866-590-3321
Daphna,Woollcott,Slatina,06/27/1975,Croatia,dwoollcottq0@cyberchimps.com,288-992-9733
Sayre,Doncaster,Maple Plain,01/11/1990,United States,sdoncasterq1@i2i.jp,952-888-0098
Eileen,Leathe,Gurgurnica,06/15/1980,Macedonia,eleatheq2@reddit.com,575-860-4385
Edgard,Kalinowsky,Temorlorong,04/14/1981,Indonesia,ekalinowskyq3@dmoz.org,704-733-5944
Jarrad,Stuckes,Katuli,11/30/1964,Philippines,jstuckesq4@guardian.co.uk,343-992-0690
Genovera,Wintersgill,Chai Nat,03/30/1980,Thailand,gwintersgillq5@tripod.com,473-944-2529
Hamlen,Haig,Macau,12/15/1989,Macao,hhaigq6@businessweek.com,544-252-8354
Kizzie,Joris,Cartago,01/23/1966,Colombia,kjorisq7@forbes.com,213-600-1782
Steffen,Goosnell,Kedungbulu,02/04/1959,Indonesia,sgoosnellq8@wikia.com,958-828-9959
Della,Vivers,,,,dviversq9@newsvine.com,
Ava,Beattie,Xishanzui,03/23/1950,China,abeattieqa@samsung.com,706-440-8571
Ephrayim,Castellone,Iksha,11/25/1991,Russia,ecastelloneqb@domainmarket.com,380-113-9510
Kalila,Hallewell,Jiujie,09/14/1958,China,,590-220-1583
Mechelle,Beining,Yutsa,09/22/1961,Russia,mbeiningqd@artisteer.com,462-957-5942
Karia,MacHostie,Diamantino,09/25/1964,Brazil,kmachostieqe@google.com.au,862-439-9793
Rhodie,Buten,Richmond,10/21/1975,United States,rbutenqf@google.com,571-417-2079
Mozes,Pringley,,,,mpringleyqg@cam.ac.uk,
Leandra,Cressar,Grand Junction,01/20/1970,United States,lcressarqh@arstechnica.com,970-329-6907
Rora,Resun,Ngrambitan,05/21/1962,Indonesia,rresunqi@prnewswire.com,708-940-8856
Celle,Phripp,Ḩammām Damt,02/27/1956,Yemen,cphrippqj@buzzfeed.com,632-407-1964
Sebastiano,Sabbins,Bagacay,03/08/1987,Philippines,ssabbinsqk@canalblog.com,285-778-4774
Miguelita,Fernehough,Aso,08/21/1994,Japan,mfernehoughql@linkedin.com,482-307-9785
Virgilio,Kenwood,Bernardo Larroudé,01/04/1972,Argentina,,710-690-0907
Arly,Easlea,Luoyuan,05/27/1967,China,aeasleaqn@opensource.org,577-712-8520
Gaspard,Weinberg,Storvik,06/15/1959,Sweden,gweinbergqo@comsenz.com,840-572-3804
Roddy,Eagle,Longmen,10/04/1953,China,,648-814-4996
Ginnie,Sangwin,Tonghae,12/28/1996,South Korea,gsangwinqq@bizjournals.com,781-819-9862
Stewart,Adkins,Eloy Alfaro,10/16/1987,Ecuador,sadkinsqr@sciencedirect.com,822-619-0176
Flore,Dossett,Montemor-o-Velho,01/31/1956,Portugal,fdossettqs@altervista.org,887-616-8710
Tracy,Gleave,Mólos,04/19/1985,Greece,tgleaveqt@cornell.edu,489-114-2997
Sam,Tunny,Ágios Vasíleios,04/26/1955,Greece,,667-471-3777
Allyce,Singleton,Viana,01/14/1993,Brazil,asingletonqv@purevolume.com,318-721-2942
Alys,Townson,Regidor,06/14/1975,Colombia,atownsonqw@nsw.gov.au,301-239-0482
Orly,Speddin,Gorē,08/24/1998,Ethiopia,ospeddinqx@epa.gov,115-158-3059
Eartha,Wickardt,La Viña,02/16/1998,Argentina,,257-822-3885
Jefferey,Reubel,Hongshan,02/08/1978,China,,541-798-5268
Ermin,Fairhead,Nanzhao Chengguanzhen,08/15/1961,China,,462-130-3891
Davin,Glynne,Pukhavichy,03/27/1954,Belarus,dglynner1@themeforest.net,375-630-7273
Jessika,Goodenough,Falköping,07/27/1998,Sweden,,107-125-2669
Tracie,Hairsine,Sambong,05/21/1988,Indonesia,,627-609-8235
Carolyne,Corbridge,Karanganyar,01/23/1990,Indonesia,ccorbridger4@etsy.com,766-342-9664
Maddie,McShane,Batulawang,01/07/1992,Indonesia,,700-963-3246
Miles,Nizard,Tambulatana,08/21/1963,Indonesia,mnizardr6@networkadvertising.org,277-968-6460
Abelard,Stonebanks,Kameyama,03/08/1971,Japan,,687-590-3135
Etienne,Josephi,Hostomice,10/09/1953,Czech Republic,ejosephir8@digg.com,879-482-5987
Simone,McGaughay,Muskegon,09/29/1958,United States,,231-698-6128
Ruthy,Radband,Ervedosa do Douro,02/15/1980,Portugal,rradbandra@jugem.jp,657-499-7211
Fritz,Allman,Quimper,08/15/1957,France,fallmanrb@scientificamerican.com,851-912-2169
Hillary,Banck,Fotolívos,06/24/1959,Greece,hbanckrc@geocities.com,284-583-8082
Ottilie,Chiplin,Ambelókipoi,02/04/1979,Greece,ochiplinrd@miibeian.gov.cn,502-743-0215
Fedora,Paramore,Jianfeng,07/05/1955,China,fparamorere@wsj.com,226-810-5611
Brewster,Mulles,Sumberngerjat,09/23/1969,Indonesia,bmullesrf@nifty.com,541-493-5536
Erda,Caldicott,Kagawasan,04/04/1997,Philippines,ecaldicottrg@themeforest.net,311-643-0217
Kaine,Kennedy,Salvacion,05/17/1975,Philippines,,573-471-4596
Xavier,Windebank,Quba,12/03/1980,Azerbaijan,xwindebankri@theglobeandmail.com,918-153-5428
Yovonnda,Sollars,Moulay Bouchta,05/18/1970,Morocco,ysollarsrj@linkedin.com,466-203-1410
Cate,Naptin,Huangge,09/01/1984,China,,907-599-1216
Vyky,Aird,Kudus,04/24/1997,Indonesia,,709-552-5705
Tommi,Tunuy,Lyon,02/14/1967,France,ttunuyrm@amazon.co.jp,332-503-9891
Tomas,Fortie,Cisompet,01/12/1993,Indonesia,tfortiern@ow.ly,373-891-1094
Sara-ann,Ivey,Curibaya,01/01/1987,Peru,siveyro@quantcast.com,770-198-3625
Aloisia,Etheridge,Gaizhou,10/23/1972,China,aetheridgerp@amazon.co.jp,504-697-9883
Galvan,Quayle,Bulihan,09/25/1990,Philippines,gquaylerq@zimbio.com,836-390-4216
Gib,Fallens,Aizkraukle,03/17/1956,Latvia,gfallensrr@go.com,415-779-2405
