first_name,last_name,birth_place,birth_date,country_living_in,email,phone
Rooney,Joy,,,,rjoy0@phpbb.com,
Bondy,Beausang,Engenho,12.12.1993,Portugal,bbeausang1@businessinsider.com,+351-620-619-8113
Marlee,Keymer,Anshan,05.03.1996,China,,+86-452-758-7891
Gwendolen,Kinzel,Madīnat Ḩamad,16.03.1988,Bahrain,gkinzel3@uol.com.br,+973-431-944-3825
Gertie,Ingleston,Agenebode,14.08.1957,Nigeria,gingleston4@ovh.net,+234-367-906-5610
Dilan,Shyram,Pontevedra,10.07.1989,Argentina,dshyram5@imgur.com,+54-475-999-9972
Tiffi,Siddle,Citeguh,11.02.1979,Indonesia,,+62-771-954-6117
Herve,Savaage,Krupka,25.07.1984,Czech Republic,hsavaage7@liveinternet.ru,+420-414-817-9849
Miguelita,Burgh,,,,,
Conchita,Middlemist,Poxin,29.06.1963,China,,+86-549-961-7499
Dorothee,Glendenning,Keratéa,01.03.1987,Greece,dglendenninga@mediafire.com,+30-302-185-9164
George,Regardsoe,Wufeng,03.12.1955,China,gregardsoeb@ovh.net,+86-532-344-2069
Lydon,Rawlinson,Coronel Vivida,13.07.1985,Brazil,lrawlinsonc@aol.com,+55-180-590-6593
Jacklin,Kleinzweig,Mikhaylovka,17.08.1999,Russia,jkleinzweigd@cbc.ca,+7-676-943-6126
Silvana,Jaeggi,Yangcun,10.08.1997,China,sjaeggie@army.mil,+86-533-613-9854
Britt,Rzehor,Wellington,03.07.1952,New Zealand,brzehorf@google.co.uk,+64-681-670-6376
Gilles,Bothen,Lawa-an,22.11.1992,Philippines,gbotheng@de.vu,+63-954-325-0213
Rawley,Greenhowe,Golubac,16.12.1962,Serbia,rgreenhoweh@eepurl.com,+381-505-453-0797
Editha,Novik,,,,,
Elizabeth,Killich,Kuala Lumpur,22.08.1983,Malaysia,ekillichj@edublogs.org,+60-750-324-1066
Edin,Ledwith,São Joaquim da Barra,15.06.1963,Brazil,eledwithk@google.co.uk,+55-144-703-3874
Lilia,Cordsen,Mizi,12.02.1983,China,lcordsenl@rediff.com,+86-408-785-7917
Rhona,Sare,Giebułtów,24.09.1976,Poland,rsarem@parallels.com,+48-644-353-3028
Jeremie,Aphale,Mbanga,20.04.1997,Cameroon,japhalen@4shared.com,+237-137-311-2212
Alexia,Corkill,,,,acorkillo@weather.com,
Salome,Hopkyns,Sioguí Arriba,22.01.1959,Panama,shopkynsp@altervista.org,+507-565-644-6182
Enrichetta,Rossi,Leśna Podlaska,14.03.1994,Poland,erossiq@odnoklassniki.ru,+48-877-661-5239
Guss,McMichan,Horní Suchá,26.04.1996,Czech Republic,gmcmichanr@ebay.co.uk,+420-749-788-8964
Rees,Shireff,Raciążek,20.06.1983,Poland,rshireffs@hao123.com,+48-483-901-4002
Linette,Mountcastle,Rungis,01.03.1989,France,lmountcastlet@foxnews.com,+33-181-942-0283
Filbert,Shawyer,Baisha,03.09.1964,China,,+86-511-197-3668
Bill,Girardoni,Tougan,04.11.1965,Burkina Faso,bgirardoniv@bizjournals.com,+226-533-645-9791
Victor,Emerine,Áno Kastrítsion,21.03.1952,Greece,vemerinew@nsw.gov.au,+30-958-813-1660
Chelsea,Kippins,Pehuajó,12.12.1983,Argentina,ckippinsx@phpbb.com,+54-452-291-9414
Whit,Bradder,Kishk-e Nakhūd,03.01.1964,Afghanistan,wbraddery@dropbox.com,+93-608-412-4290
Claudelle,Gehrtz,Yumbo,27.01.1973,Colombia,cgehrtzz@icio.us,+57-698-939-4069
Penny,Lening,Boca Chica,04.10.1984,Dominican Republic,,+1-515-149-5712
Reta,Spileman,Liloy,21.07.1969,Philippines,rspileman11@hao123.com,+63-562-335-5317
Netta,Rakestraw,Eṭ Ṭaiyiba,21.10.1960,Israel,nrakestraw12@qq.com,+972-405-205-9908
Dan,Sjollema,Bagacay,03.07.1978,Philippines,,+63-990-113-6700
Easter,Goldstraw,Laoshawan,06.12.1972,China,egoldstraw14@topsy.com,+86-566-865-9303
Lyndel,Kinney,Taza,20.10.1995,Morocco,lkinney15@liveinternet.ru,+212-689-227-3966
Simeon,Clamo,Itagibá,03.08.1998,Brazil,sclamo16@tmall.com,+55-998-989-2319
Domingo,Mathonnet,Şānūr,23.07.1995,Palestinian Territory,dmathonnet17@list-manage.com,+970-412-744-1268
Bengt,McCotter,Masvingo,17.02.1961,Zimbabwe,bmccotter18@un.org,+263-790-922-5555
Renie,Paish,Victoria,21.04.1990,Philippines,rpaish19@cdc.gov,+63-993-862-7319
Rafaellle,McDonnell,Renyi,13.02.1993,China,rmcdonnell1a@toplist.cz,+86-550-593-5929
Inga,Ugoletti,Vallentuna,24.12.1974,Sweden,iugoletti1b@netscape.com,+46-319-237-4573
Cariotta,Chartre,Baranovichi,23.03.1986,Belarus,cchartre1c@ca.gov,+375-576-521-3612
Wilden,Huby,Jinhe,01.05.1965,China,whuby1d@linkedin.com,+86-324-885-4609
Clarance,Florio,Khao Khitchakut,01.07.1955,Thailand,cflorio1e@imageshack.us,+66-324-450-4563
Rockie,Mixhel,San Roque,18.10.1988,Philippines,rmixhel1f@netscape.com,+63-129-683-7587
Cari,Rillett,Molagavita,19.09.1969,Colombia,crillett1g@xing.com,+57-500-759-2765
Dione,McParland,Huyuan,04.08.1964,China,dmcparland1h@usatoday.com,+86-659-613-4769
Brok,Saphir,Bafatá,14.05.1954,Guinea-Bissau,bsaphir1i@spotify.com,+245-469-141-0754
Alexandros,Belhome,Tiexi,26.05.1953,China,abelhome1j@php.net,+86-907-825-0081
Alanson,Rosone,Satinka,31.12.1955,Russia,arosone1k@prlog.org,+7-572-147-1013
Gillie,Doberer,Gaoyan,30.12.1955,China,gdoberer1l@google.ca,+86-749-996-3269
Kellby,Karran,Tarub,07.06.1961,Indonesia,kkarran1m@fotki.com,+62-206-964-9096
Wolfie,Coffin,Saryaghash,23.07.1984,Kazakhstan,wcoffin1n@fema.gov,+7-352-495-0138
Edsel,Asel,,,,easel1o@census.gov,
Reuben,Gingles,At Tāj,19.03.1961,Libya,rgingles1p@typepad.com,+218-610-822-3351
Hal,Ruckman,Krajan,25.08.1960,Indonesia,hruckman1q@marriott.com,+62-992-200-1311
Fleming,Norcliff,Gaowu,18.10.1973,China,fnorcliff1r@earthlink.net,+86-588-886-4382
Kristos,Dytham,Ad Dawḩah,21.02.1959,Palestinian Territory,kdytham1s@multiply.com,+970-924-606-2812
Louis,Morgans,Moroto,30.12.1950,Uganda,lmorgans1t@mozilla.org,+256-742-214-6198
Crawford,Mayger,Géfyra,12.04.1958,Greece,cmayger1u@hostgator.com,+30-484-838-0989
Rodge,Puddefoot,Kosh-Agach,26.12.1980,Russia,rpuddefoot1v@independent.co.uk,+7-979-584-5865
Millard,Segar,Akropong,13.01.1998,Ghana,,+233-407-938-0589
Darnall,Braden,Palmares,19.04.1990,Brazil,dbraden1x@theatlantic.com,+55-294-164-8305
Collete,Benoey,‘Ābūd,12.06.1984,Palestinian Territory,cbenoey1y@yahoo.com,+970-720-476-1344
Hoebart,Cheeseman,Amarillo,23.08.1986,United States,hcheeseman1z@phpbb.com,+1-865-862-3453
Jeannie,Sommerland,Gareba,02.09.1952,Indonesia,jsommerland20@t-online.de,+62-270-418-8590
Brnaby,Bollands,Palaiseau,13.05.1963,France,bbollands21@uol.com.br,+33-444-589-1686
Maurise,Guillond,Golubinci,24.08.1983,Serbia,,+381-549-663-0756
Gustav,Batteson,Rucheng Chengguanzhen,26.11.1979,China,gbatteson23@vkontakte.ru,+86-860-982-9567
Morgan,O' Timony,Milići,15.04.1992,Bosnia and Herzegovina,motimony24@narod.ru,+387-523-829-7411
Amabel,Angrave,Amaraji,13.03.1970,Brazil,aangrave25@bloomberg.com,+55-591-443-5026
Karna,Bathoe,Jinbi,28.11.1974,China,kbathoe26@simplemachines.org,+86-889-468-8916
Lise,Casperri,Bigaa,29.04.1989,Philippines,,+63-291-460-8238
Blondell,Boame,Tsarychanka,11.04.1962,Ukraine,bboame28@fc2.com,+380-724-550-6666
Miof mela,Meecher,Séguéla,03.01.1999,Ivory Coast,,+225-105-350-8656
Boone,Garvill,Ladoeiro,06.09.1954,Portugal,bgarvill2a@homestead.com,+351-321-696-5417
Prentiss,Longworthy,Laval,08.04.1987,France,plongworthy2b@usa.gov,+33-176-938-6483
Daffie,Itzkovwitch,Nanyuki,04.02.1982,Kenya,ditzkovwitch2c@mail.ru,+254-767-223-3333
Lurlene,Warlawe,Sabtang,01.07.1957,Philippines,lwarlawe2d@vinaora.com,+63-331-298-5779
Wheeler,Matussow,Salcedo,01.06.1961,Dominican Republic,wmatussow2e@mail.ru,+1-994-265-2562
Wilbert,Pexton,Petaling Jaya,29.02.1976,Malaysia,wpexton2f@washingtonpost.com,+60-522-742-0372
Nanete,Fitzsymonds,São José de Ribamar,06.05.1968,Brazil,nfitzsymonds2g@oracle.com,+55-947-967-4412
Lula,Kinforth,,,,lkinforth2h@bandcamp.com,
Yardley,Spens,Shoushan,04.08.1997,China,yspens2i@joomla.org,+86-582-183-8228
Thurston,Burnell,Złocieniec,01.05.1959,Poland,tburnell2j@phoca.cz,+48-736-948-3707
Lindsey,Martellini,Migrate,21.12.1988,United States,lmartellini2k@last.fm,+1-314-450-7317
Innis,Tremathack,Samaipata,06.08.1999,Bolivia,itremathack2l@mysql.com,+591-347-134-6106
Valentijn,Flockhart,Rodez,04.01.1972,France,vflockhart2m@springer.com,+33-802-182-2061
Maurizio,Garnett,Makungu,03.05.1985,Tanzania,mgarnett2n@constantcontact.com,+255-301-299-7458
Kelcey,Headon,Longmen,31.08.1951,China,kheadon2o@omniture.com,+86-972-901-5441
Tracey,Staff,Lomintsevskiy,28.11.1965,Russia,tstaff2p@scientificamerican.com,+7-219-215-3632
Rustie,Pember,Ron Phibun,12.01.1975,Thailand,rpember2q@istockphoto.com,+66-989-754-9010
Marya,Giovannoni,Medina,12.01.1958,Brazil,mgiovannoni2r@imdb.com,+55-438-131-3940
Quentin,Guinane,Longwei,01.05.1975,China,qguinane2s@ask.com,+86-551-650-2687
Derwin,Rowles,Pyapon,02.05.1979,Myanmar,drowles2t@yahoo.com,+95-144-505-0862
Morgan,Somerton,Pondaguitan,02.12.1954,Philippines,msomerton2u@smugmug.com,+63-529-401-8164
Jermain,Heinle,San Luis,06.05.1998,Philippines,jheinle2v@nps.gov,+63-784-548-8406
Jilly,Ventris,Dalarik,14.02.1982,Armenia,jventris2w@cpanel.net,+374-985-813-1893
Anthe,Akister,Ciloa,27.10.1954,Indonesia,aakister2x@over-blog.com,+62-255-802-5742
Kathie,Derrington,Knivsta,07.02.1983,Sweden,kderrington2y@youtube.com,+46-764-604-1197
Arlan,McGibbon,Doroslovo,30.05.1965,Serbia,amcgibbon2z@merriam-webster.com,+381-539-183-0879
Barbey,Chisholm,Zhangqing,13.07.1952,China,,+86-823-242-7697
Carr,Cattermole,Hohhot,13.11.1967,China,ccattermole31@1688.com,+86-367-857-9711
Bran,Gunston,Łubnice,25.12.1978,Poland,bgunston32@4shared.com,+48-769-401-0636
Pris,Hindrick,Afanas’yeva,07.04.1976,Russia,phindrick33@odnoklassniki.ru,+7-975-153-6272
Zilvia,McCarroll,Santol,20.10.1985,Philippines,zmccarroll34@sun.com,+63-576-557-6287
Shelba,Aire,Novohrad-Volyns’kyy,10.05.1956,Ukraine,saire35@nationalgeographic.com,+380-938-314-7547
Emmi,Geelan,Karlstad,24.07.1989,Sweden,egeelan36@examiner.com,+46-250-193-0367
Lynda,Klimkovich,Vysočany,25.06.1980,Czech Republic,lklimkovich37@washingtonpost.com,+420-333-869-8041
Kareem,Dodridge,Havana,04.12.1955,Cuba,kdodridge38@parallels.com,+53-743-166-2350
Chrisy,Knell,Inglewood,06.03.1967,United States,cknell39@businessinsider.com,+1-310-879-1189
Adriaens,Parres,Wuhe Chengguanzhen,19.06.1959,China,aparres3a@github.com,+86-108-975-5906
Dewain,Gavozzi,,,,dgavozzi3b@flickr.com,
Erich,Monger,Tangkolo,01.10.1976,Indonesia,emonger3c@npr.org,+62-105-795-0639
Urson,Purcell,Bekwai,12.02.1957,Ghana,upurcell3d@imgur.com,+233-849-179-6383
Abbey,Rootes,Villa Altagracia,19.07.1951,Dominican Republic,arootes3e@oakley.com,+1-348-481-8071
Cloe,Nerger,Bobigny,15.11.1954,France,cnerger3f@google.es,+33-730-415-7774
Pamelina,Hanna,San Juan,16.11.1994,Philippines,,+63-239-418-2082
Mayne,Shoebridge,,,,mshoebridge3h@dailymail.co.uk,
Glory,Duthie,Margasana,09.09.1951,Indonesia,gduthie3i@drupal.org,+62-634-164-6444
Ash,Krishtopaittis,Kỳ Anh,13.07.1986,Vietnam,akrishtopaittis3j@github.io,+84-782-805-7646
Osmond,Poulson,Pucara,20.05.1992,Peru,opoulson3k@i2i.jp,+51-826-354-1114
Kelvin,Zylbermann,Novais,25.12.1992,Portugal,kzylbermann3l@marriott.com,+351-959-950-4352
Shayla,Varsey,Paty do Alferes,26.03.1994,Brazil,svarsey3m@altervista.org,+55-529-923-9294
Schuyler,Jammet,Gongjiang,20.08.1974,China,sjammet3n@marketwatch.com,+86-677-942-3892
Rhianon,Newberry,Höshigiyn-Ar,03.09.1974,Mongolia,rnewberry3o@icq.com,+976-407-983-3055
Hank,Gaspero,Fort Wayne,15.09.1969,United States,hgaspero3p@com.com,+1-260-745-7384
Dael,Heintzsch,Sámi,16.05.1955,Greece,dheintzsch3q@issuu.com,+30-532-208-2534
Davide,Kleinstein,Mutā Khān,28.03.1957,Afghanistan,,+93-387-296-7400
Nate,Warburton,Huangshapu,03.04.1972,China,nwarburton3s@ustream.tv,+86-716-450-6242
Lucina,Monery,Aknoul,28.09.1969,Morocco,lmonery3t@i2i.jp,+212-456-437-8307
Linnell,Bartholomieu,Stara Błotnica,03.08.1966,Poland,lbartholomieu3u@weather.com,+48-230-589-7684
Morgan,MacPaik,Ropcha,15.10.1953,Ukraine,mmacpaik3v@imgur.com,+380-859-311-1582
Kerrill,Bryer,Stryszawa,23.03.1962,Poland,kbryer3w@bloomberg.com,+48-744-644-7899
Zedekiah,Assender,Kafr Şaqr,01.02.1972,Egypt,zassender3x@gravatar.com,+20-321-938-8391
Laughton,Peto,Gonbad-e Kāvūs,19.05.1955,Iran,lpeto3y@columbia.edu,+98-866-412-6413
Felicio,Raddish,Dafundo,28.07.1970,Portugal,,+351-405-680-9421
Sybila,Ianniello,Balong,12.12.1961,Indonesia,sianniello40@businessinsider.com,+62-824-596-6182
Norby,Kennagh,Pinheiral,06.01.1984,Portugal,,+351-511-572-1418
Forrester,Pierro,Shangtuhai,22.04.1987,China,fpierro42@google.nl,+86-991-332-3978
Loria,Frosdick,Were,26.08.1988,Indonesia,,+62-182-457-1192
Cherilynn,Nacci,Hollola,29.10.1980,Finland,cnacci44@slate.com,+358-481-828-5052
Bron,Joutapaitis,Triolet,17.03.1992,Mauritius,bjoutapaitis45@1und1.de,+230-974-718-8221
Alexandra,Guitte,Gus’-Zheleznyy,25.09.1972,Russia,aguitte46@cpanel.net,+7-513-608-9959
Amble,Davidge,Hodkovice nad Mohelkou,25.02.1984,Czech Republic,adavidge47@networksolutions.com,+420-641-523-5069
Berkly,Tome,Lucaya,17.12.1953,Bahamas,btome48@adobe.com,+1-747-329-4276
Maggi,South,Tucano,06.01.1965,Brazil,,+55-439-808-1656
Jdavie,Clayhill,Urpay,26.08.1963,Peru,jclayhill4a@blog.com,+51-707-299-6901
Dimitri,Townson,La Mohammedia,05.09.1964,Tunisia,dtownson4b@ning.com,+216-774-950-8738
Alida,Henden,Le Bourget-du-Lac,26.07.1959,France,ahenden4c@sciencedaily.com,+33-778-770-5169
Melony,Gabitis,Vaxholm,15.01.1974,Sweden,mgabitis4d@list-manage.com,+46-634-749-0955
Stewart,Himpson,Leles,10.06.1966,Indonesia,shimpson4e@ovh.net,+62-179-811-5708
Syd,Davion,Fradelos,21.04.1958,Portugal,sdavion4f@cyberchimps.com,+351-524-572-3700
Udall,Kmietsch,Huangascar,17.06.1972,Peru,ukmietsch4g@loc.gov,+51-752-149-9656
Missie,Corrett,Xianju,06.08.1991,China,mcorrett4h@ustream.tv,+86-598-399-0975
Sapphire,Curteis,Al Hilāliyya,13.12.1952,Sudan,,+249-131-742-4261
Mycah,Streets,Banjar Desa,11.03.1991,Indonesia,mstreets4j@discovery.com,+62-311-531-6483
Dominga,Gotter,Vanino,21.09.1951,Russia,dgotter4k@fc2.com,+7-283-388-7871
Malynda,Melhuish,Macau,18.11.1992,Macao,mmelhuish4l@globo.com,+853-359-980-6860
Bron,Labden,Anin,12.09.1998,Indonesia,,+62-469-920-3740
Alice,Sebborn,Sankera,28.03.1976,Nigeria,asebborn4n@baidu.com,+234-132-980-8315
Randene,McAvaddy,Panikian,29.12.1951,Philippines,rmcavaddy4o@zdnet.com,+63-382-703-6014
Alex,Coleby,Richmond,28.10.1961,United States,acoleby4p@edublogs.org,+1-510-877-8185
Siffre,Garforth,Mashui,17.07.1992,China,sgarforth4q@nytimes.com,+86-920-598-2508
Gabriel,Loynes,Kumla,31.12.1984,Sweden,gloynes4r@va.gov,+46-204-552-4294
Charissa,Organer,Velyka Pysarivka,07.04.1980,Ukraine,corganer4s@cbc.ca,+380-325-156-4335
Wilmer,Patrie,Coronel Martínez,30.09.1974,Paraguay,wpatrie4t@marriott.com,+595-690-310-2957
Lauri,Lohde,Solna,10.10.1979,Sweden,llohde4u@163.com,+46-824-803-3589
Donaugh,Gout,Město,10.06.1996,Czech Republic,dgout4v@microsoft.com,+420-996-952-5652
Kenyon,Gulberg,Orillia,15.05.1967,Canada,,+1-419-175-3670
Gearard,Keene,Bāgh-e Maīdān,16.09.1993,Afghanistan,gkeene4x@alibaba.com,+93-184-768-4441
Keenan,Martell,Yukou,19.04.1962,China,kmartell4y@imgur.com,+86-123-645-5165
Lucho,Cortese,Severnyy,03.02.1957,Russia,lcortese4z@bing.com,+7-350-234-1342
Amaleta,Plows,Canedo,29.05.1961,Portugal,aplows50@joomla.org,+351-731-462-0775
Rivi,Groarty,Karítsa,23.09.1989,Greece,rgroarty51@cloudflare.com,+30-982-623-6182
Gerda,Heinschke,Beixiang,16.03.1966,China,gheinschke52@goo.ne.jp,+86-660-738-9564
Persis,Fardy,Cisaro,06.12.1954,Indonesia,pfardy53@tripod.com,+62-538-368-7632
Park,Sulman,Bezerros,23.02.1957,Brazil,psulman54@barnesandnoble.com,+55-779-162-2308
Ann,Ficken,Badong,28.01.1988,Indonesia,aficken55@taobao.com,+62-878-836-9368
Tobe,Gillopp,Filótion,18.10.1961,Greece,tgillopp56@toplist.cz,+30-126-579-1403
Chuck,Dogerty,Rupe,14.09.1985,Indonesia,cdogerty57@icq.com,+62-524-723-0855
Gus,Elam,Pingpu,26.10.1973,China,gelam58@51.la,+86-238-993-3275
Janina,Tadd,Tucumã,05.02.1995,Brazil,jtadd59@earthlink.net,+55-947-308-3487
Elnore,Lauks,,,,,
Theo,Barfitt,Buda-Kashalyova,22.11.1973,Belarus,tbarfitt5b@techcrunch.com,+375-724-211-9754
Petronille,Jamrowicz,Jiaoxie,11.04.1975,China,,+86-440-726-3703
Haley,Coultass,Waddān,13.04.1965,Libya,hcoultass5d@va.gov,+218-556-878-0298
Lil,Heningam,Kwaluseni,06.10.1964,Swaziland,lheningam5e@cornell.edu,+268-112-963-1569
Vonny,Steynor,,,,vsteynor5f@sina.com.cn,
Jeri,Costin,Tongjiaxi,26.10.1974,China,jcostin5g@independent.co.uk,+86-625-855-5740
Gearalt,MacDonnell,Llazicë,04.09.1964,Kosovo,gmacdonnell5h@pen.io,+383-439-442-8352
Gino,Oley,Tân Hiệp,14.09.1990,Vietnam,goley5i@ask.com,+84-580-437-4641
Valaree,Keneford,Rio Branco do Sul,23.04.1984,Brazil,,+55-442-158-0676
Hodge,Wein,Mamonovo,02.10.1994,Russia,,+7-130-792-4829
Giovanna,Ashlee,Monteros,06.07.1990,Argentina,gashlee5l@omniture.com,+54-403-927-9508
Eugenia,Belf,Zhukovskiy,13.09.1957,Russia,ebelf5m@businessweek.com,+7-778-852-7390
Nadiya,Parsisson,,,,nparsisson5n@slideshare.net,
Debor,Dowsing,San Remigio,19.06.1993,Philippines,,+63-353-295-5741
Jewel,Dingley,Arrifes,01.02.1968,Portugal,jdingley5p@gnu.org,+351-527-348-6343
Robinia,Chartres,Manas,20.06.1982,Russia,,+7-546-283-3488
Natale,Hickin,Kuala Baru,22.03.1950,Indonesia,nhickin5r@blogtalkradio.com,+62-384-311-0892
Rosalia,Vasichev,Zhaizigou,23.06.1993,China,rvasichev5s@bigcartel.com,+86-494-176-9402
Ulla,Tait,Zambujal,11.06.1999,Portugal,utait5t@friendfeed.com,+351-689-760-4561
Chantal,Cristofvao,Carpalho,23.03.1974,Portugal,ccristofvao5u@amazon.de,+351-269-605-3557
Sybil,Renard,Xinzhou,27.01.1984,China,srenard5v@earthlink.net,+86-967-835-9468
Bentley,Becarra,Grabica,16.04.1963,Poland,bbecarra5w@gravatar.com,+48-704-552-8237
Herb,Amsden,Aguitu,28.08.1961,China,hamsden5x@twitter.com,+86-641-433-5663
Flem,Dellar,Volgograd,20.03.1964,Russia,fdellar5y@prlog.org,+7-350-666-6937
Bjorn,Poleye,Jand,01.07.1969,Pakistan,,+92-451-274-8026
Jamie,Zanitti,Foundiougne,17.11.1978,Senegal,jzanitti60@arstechnica.com,+221-601-301-8249
Hetty,Gaines,Zapolyarnyy,10.07.1999,Russia,hgaines61@cafepress.com,+7-941-755-0868
Paula,Eccleshall,Oslo,16.04.1969,Norway,peccleshall62@google.com.au,+47-499-993-3354
Fifi,Creffeild,Termas de Río Hondo,24.09.1998,Argentina,,+54-276-183-0538
Geordie,Gobert,Tangzi,24.06.1966,China,ggobert64@washington.edu,+86-553-921-6272
Carolina,Jennions,Patalan,09.07.1979,Indonesia,,+62-696-668-7985
Alberik,Mouatt,Lorino,09.08.1970,Russia,amouatt66@dot.gov,+7-570-268-4952
Evangeline,Pole,Jianjun,27.01.1955,China,epole67@pinterest.com,+86-813-394-0686
Lucilia,Evennett,Tulusmulyo,09.12.1965,Indonesia,levennett68@instagram.com,+62-729-582-1204
Claudius,Espinheira,President Roxas,21.02.1979,Philippines,cespinheira69@freewebs.com,+63-405-852-8068
Humbert,Abate,Changling,27.09.1955,China,habate6a@angelfire.com,+86-210-936-6670
Susanne,Burras,Rāmsar,02.09.1966,Iran,sburras6b@naver.com,+98-114-434-4018
Shelley,Emmanueli,Haczów,29.03.1957,Poland,semmanueli6c@goodreads.com,+48-395-407-5190
Orin,Yoodall,Xiamazhuang,01.05.1956,China,oyoodall6d@businessweek.com,+86-445-923-7669
Chere,Dickons,Maungatapere,10.10.1997,New Zealand,cdickons6e@europa.eu,+64-929-642-1330
Lilllie,Crassweller,El Banco,20.10.1993,Colombia,lcrassweller6f@toplist.cz,+57-926-303-3764
Gilbertina,Dohrmann,Hubynykha,29.06.1986,Ukraine,gdohrmann6g@parallels.com,+380-729-234-2902
Tynan,Sabater,Longba,29.05.1951,China,tsabater6h@illinois.edu,+86-122-827-8400
Thorin,Mateus,Inowrocław,29.08.1968,Poland,tmateus6i@admin.ch,+48-975-462-8692
Mikey,Becconsall,Cherkasskoye,24.11.1983,Russia,mbecconsall6j@yahoo.com,+7-244-543-4086
Elihu,Lowndesbrough,Rrasa e Sipërme,14.08.1973,Albania,,+355-687-989-5736
Clari,Inglefield,Graneros,07.02.1980,Chile,cinglefield6l@discuz.net,+56-304-441-0126
Gannie,Columbine,Budrus,18.04.1969,Palestinian Territory,gcolumbine6m@vinaora.com,+970-919-736-5893
Katti,Wapple,Yufrus,22.01.1993,Yemen,kwapple6n@blogtalkradio.com,+967-380-785-1679
Vasili,Commins,Waxi,04.12.1976,China,vcommins6o@google.com.br,+86-463-271-5241
Nicki,Briereton,,,,nbriereton6p@hostgator.com,
Cass,Keyson,Ansheng,25.08.1965,China,ckeyson6q@techcrunch.com,+86-450-500-4891
Ricard,Scantleberry,Khorinsk,18.05.1965,Russia,rscantleberry6r@upenn.edu,+7-584-187-1990
Olenolin,Lohering,Yitulihe,17.06.1972,China,olohering6s@creativecommons.org,+86-414-538-5066
Prentiss,Pallent,Zibreira,27.01.1993,Portugal,ppallent6t@discuz.net,+351-132-482-5037
Mathe,Linkin,Fangqiang,05.08.1953,China,mlinkin6u@europa.eu,+86-258-793-5291
Theresina,Bigglestone,Vrtojba,05.11.1993,Slovenia,tbigglestone6v@fotki.com,+386-121-634-9250
Chickie,Jickles,Ráječko,12.01.1957,Czech Republic,cjickles6w@imageshack.us,+420-228-378-1630
Fanchon,Finnigan,,,,ffinnigan6x@de.vu,
Cooper,Batts,Kỳ Anh,24.01.1981,Vietnam,cbatts6y@1688.com,+84-334-899-1017
Debora,Oxenbury,Majia,21.02.1968,China,doxenbury6z@mashable.com,+86-726-566-0620
Arvy,Oehm,Tigaon,31.12.1972,Philippines,aoehm70@youtube.com,+63-198-319-9700
Gaby,Hanscombe,Gaoyi,23.04.1969,China,ghanscombe71@java.com,+86-677-948-8219
Bradford,Birkett,Šoštanj,25.11.1958,Slovenia,bbirkett72@skype.com,+386-234-629-3617
Cristiano,Plinck,Valle San Francisco,16.12.1957,Nicaragua,cplinck73@phpbb.com,+505-323-325-8246
Lane,Ibbison,Kanlagay,29.04.1954,Philippines,libbison74@delicious.com,+63-575-217-8435
Trev,O'Corrane,Las Lajas,11.01.1995,Honduras,tocorrane75@gravatar.com,+504-662-866-7168
Barrie,Dawtrey,,,,bdawtrey76@imageshack.us,
Martica,Pretti,Skuhrov nad Bělou,17.07.1988,Czech Republic,mpretti77@technorati.com,+420-911-367-7423
Wenonah,Noulton,Petaluma,15.01.1957,United States,wnoulton78@vinaora.com,+1-707-498-2936
Ulrick,Cassell,Pampierstad,03.12.1981,South Africa,ucassell79@craigslist.org,+27-744-872-4538
Aurelea,Valintine,Lubień Kujawski,22.11.1953,Poland,avalintine7a@bravesites.com,+48-905-813-2331
Bonnibelle,Hagan,Huiwan,08.12.1999,China,,+86-714-362-1549
Bidget,Brickner,Enskede,24.12.1996,Sweden,bbrickner7c@economist.com,+46-806-449-8753
Paton,Dandy,Williamsfield,02.02.1962,Jamaica,pdandy7d@flickr.com,+1-128-974-8135
Leila,Rushmere,As Suqaylibīyah,15.02.1995,Syria,lrushmere7e@ehow.com,+963-330-728-6483
Alta,Morritt,Hajeom,21.03.1983,South Korea,amorritt7f@google.fr,+82-978-741-6457
Fred,Fitzsimon,Ongi,26.01.1978,Mongolia,ffitzsimon7g@toplist.cz,+976-203-717-7651
Valentia,Kohler,‘Alāqahdārī Gēlān,24.10.1996,Afghanistan,vkohler7h@wisc.edu,+93-581-577-0658
Eal,Summerell,Viesīte,28.09.1958,Latvia,esummerell7i@so-net.ne.jp,+371-615-800-1904
Mahmoud,Jojic,Shiqiao,11.10.1970,China,,+86-871-216-5063
Suellen,Revens,Lộc Bình,24.01.1963,Vietnam,,+84-845-932-1823
Gibbie,Tumioto,Yongning,13.04.1973,China,gtumioto7l@nba.com,+86-860-102-3969
Woodie,Audrey,Salt Lake City,11.04.1997,United States,waudrey7m@tinypic.com,+1-801-696-3568
Nettie,Wiskar,Huangtan,20.07.1991,China,nwiskar7n@google.ca,+86-459-133-3651
Kacy,McCreary,Khodzha-Maston,26.07.1973,Tajikistan,kmccreary7o@baidu.com,+992-871-562-7561
Sophronia,Elsby,Xinshidu,30.07.1972,China,selsby7p@hostgator.com,+86-183-509-7622
Marlee,Blaydes,Donja Brela,25.12.1988,Croatia,mblaydes7q@parallels.com,+385-601-599-1387
Tarra,Elphey,Gostilitsy,25.07.1964,Russia,telphey7r@angelfire.com,+7-516-811-9968
Kory,Elston,Totness,02.07.1980,Suriname,kelston7s@joomla.org,+597-244-833-5220
Agosto,Granger,Guatire,01.05.1990,Venezuela,agranger7t@miitbeian.gov.cn,+58-602-703-0005
Felice,Muckeen,Sungaikakap,13.09.1989,Indonesia,fmuckeen7u@facebook.com,+62-681-557-0451
Travus,Connold,Beiling,10.07.1972,China,tconnold7v@irs.gov,+86-325-603-6542
Donia,McIlwrath,La Unión,26.11.1986,Colombia,dmcilwrath7w@wix.com,+57-121-350-4830
Conni,Scuffham,San Miguel,05.02.1973,Peru,cscuffham7x@europa.eu,+51-505-662-0202
Alexandros,Drayton,Castilla,03.03.1967,Philippines,,+63-862-649-1637
Gene,Imorts,Pulau Pinang,10.02.1956,Malaysia,gimorts7z@opensource.org,+60-543-522-8172
Gisella,Eliaz,Jagna,24.11.1965,Philippines,geliaz80@creativecommons.org,+63-758-166-7805
Riley,Smowton,Lâm Thao,11.01.1971,Vietnam,rsmowton81@nsw.gov.au,+84-308-508-1641
Dacey,Godin,Pembroke,24.07.1950,Canada,dgodin82@naver.com,+1-408-670-4111
Valentina,Stanborough,Korotych,04.05.1979,Ukraine,vstanborough83@ed.gov,+380-138-677-5557
Fleurette,Newiss,Oriximiná,26.09.1992,Brazil,fnewiss84@dagondesign.com,+55-995-481-5057
Starla,Yarwood,,,,syarwood85@miibeian.gov.cn,
Willey,MacGibbon,Pateh Sam,27.12.1990,Gambia,wmacgibbon86@imgur.com,+220-785-689-9768
Laryssa,Falconer-Taylor,Cocachacra,22.09.1991,Peru,lfalconertaylor87@independent.co.uk,+51-759-414-2063
Ruggiero,De Gouy,Maubasa,25.09.1996,Indonesia,rdegouy88@e-recht24.de,+62-295-853-5984
Stormi,Jiricka,Hwaseong-si,09.06.1955,South Korea,sjiricka89@de.vu,+82-981-834-4813
Merline,Piddocke,Gedongmulyo,12.12.1953,Indonesia,mpiddocke8a@usnews.com,+62-351-739-1522
Cloe,Vigar,La Soledad,26.10.1974,Mexico,cvigar8b@disqus.com,+52-728-887-1894
Glendon,Stebbings,Sincé,20.02.1982,Colombia,gstebbings8c@mashable.com,+57-646-161-4556
Muriel,Allmond,Faqīrwāli,30.05.1959,Pakistan,mallmond8d@ovh.net,+92-451-118-8307
Sheryl,Duxbarry,Yanchi,30.03.1988,China,sduxbarry8e@cnbc.com,+86-373-622-5442
Lorrayne,Gresham,Gagah,20.02.1955,Indonesia,lgresham8f@cdbaby.com,+62-575-953-6892
Bradan,Selwood,Iwai,01.06.1956,Japan,bselwood8g@bloglines.com,+81-543-677-6846
Boy,Broadhead,,,,bbroadhead8h@moonfruit.com,
Jamima,Huxter,,,,jhuxter8i@posterous.com,
Braden,Baruch,Tanjungpecinan Utara,22.01.1996,Indonesia,bbaruch8j@livejournal.com,+62-682-844-8870
Elsi,Dunks,Brumado,03.07.1963,Brazil,,+55-507-961-0020
Bancroft,Wadie,Cocieri,03.05.1994,Moldova,bwadie8l@deviantart.com,+373-619-520-4676
Dorice,Everall,Xingxi,16.12.1983,China,,+86-200-621-9536
Sophey,Wermerling,Vitez,15.01.1977,Bosnia and Herzegovina,swermerling8n@cloudflare.com,+387-316-802-5154
Gerrie,Eaglestone,Gus’-Zheleznyy,12.01.1989,Russia,geaglestone8o@vimeo.com,+7-538-233-7051
Harmonie,Rabbatts,Fushan,23.09.1990,China,hrabbatts8p@blogtalkradio.com,+86-912-561-8367
Dorree,Richmond,Suisan,14.09.1963,South Korea,,+82-288-356-6283
Carolann,Ramelet,Bethanie,16.01.1967,Namibia,cramelet8r@noaa.gov,+264-218-705-3197
Charlene,Pedroli,Calgary,01.02.1987,Canada,cpedroli8s@marketwatch.com,+1-993-389-6813
Alfons,Rablin,,,,,
Hayley,Harriss,Facatativá,17.06.1971,Colombia,hharriss8u@diigo.com,+57-699-258-8004
Heywood,Barcke,Colón,10.09.1961,Cuba,hbarcke8v@virginia.edu,+53-562-468-0926
Virgil,Nice,Jinglongqiao,23.07.1966,China,,+86-783-780-1802
Mattie,Aloshkin,Biên Hòa,15.01.1980,Vietnam,maloshkin8x@goo.ne.jp,+84-716-203-2829
Charlene,Blurton,Staryy Sambor,11.12.1966,Ukraine,cblurton8y@cnbc.com,+380-920-817-5623
Annelise,Bownas,Batallas,09.10.1966,Bolivia,abownas8z@facebook.com,+591-531-896-6902
Stephie,McPeeters,,,,,
Julina,Blackaller,Alastaro,29.04.1976,Finland,jblackaller91@arstechnica.com,+358-991-511-7827
Katha,Stokey,Zhentian,11.11.1961,China,kstokey92@github.com,+86-207-849-8901
Adele,Wigelsworth,Kunyang,10.05.1962,China,awigelsworth93@sciencedaily.com,+86-616-917-8323
Rockey,Filipiak,Sotteville-lès-Rouen,14.08.1995,France,,+33-908-631-7870
Deina,McKissack,Xitou,21.11.1953,China,,+86-884-944-1452
Yetty,Woolland,Nanterre,11.06.1962,France,,+33-403-360-9222
Rossy,Pleaden,Heřmanova Huť,05.07.1955,Czech Republic,rpleaden97@ibm.com,+420-804-626-7653
Jodi,Cardwell,Mrzeżyno,09.10.1997,Poland,jcardwell98@house.gov,+48-732-903-9194
Haydon,Kapelhof,Bagong Pagasa,25.08.1979,Philippines,hkapelhof99@addthis.com,+63-626-995-2226
Arabella,Scorah,Manalu,03.04.1959,Indonesia,ascorah9a@nydailynews.com,+62-635-487-7248
Emile,Duchart,Ulbroka,27.07.1987,Latvia,educhart9b@craigslist.org,+371-576-257-5834
Ninetta,Ivantsov,Sterlitamak,18.11.1993,Russia,,+7-356-370-8976
Rayna,Orbon,København,24.06.1973,Denmark,rorbon9d@youku.com,+45-855-938-2492
Gino,Rowland,Succha,17.10.1989,Peru,growland9e@hp.com,+51-990-742-8319
Curr,Glencrash,Tipo-Tipo,19.02.1992,Philippines,,+63-743-254-9783
Desdemona,Broadbridge,,,,dbroadbridge9g@springer.com,
Adelind,Dorber,Sacramento,15.09.1999,United States,adorber9h@army.mil,+1-916-423-3219
Ellynn,Kirkland,Tvrdonice,11.08.1979,Czech Republic,ekirkland9i@fda.gov,+420-914-779-9909
Davidde,Woolager,Skórcz,22.12.1956,Poland,dwoolager9j@360.cn,+48-630-150-1410
Julie,Bowdrey,Qingshan,11.04.1962,China,jbowdrey9k@telegraph.co.uk,+86-687-274-7169
Farrell,Westoff,Kakan,18.02.1967,Indonesia,fwestoff9l@seesaa.net,+62-984-900-5452
Rickert,Denisot,La Jicaral,25.03.1998,Nicaragua,rdenisot9m@i2i.jp,+505-756-921-7827
Raphaela,Mioni,Andop,06.01.1991,Philippines,rmioni9n@github.io,+63-240-135-8597
Galven,Gilfillan,Akim Oda,11.12.1970,Ghana,,+233-387-964-6307
Roxanna,Probets,Duko,24.08.1977,Indonesia,rprobets9p@squidoo.com,+62-899-310-9755
Raynell,MacCroary,Gameleira,03.02.1999,Brazil,rmaccroary9q@parallels.com,+55-887-597-2527
Roana,Barbrook,Mała Wieś,21.04.1982,Poland,,+48-219-854-3975
Tully,Overington,Coromandel,01.06.1954,New Zealand,toverington9s@chronoengine.com,+64-454-994-6361
Sheppard,Yukhin,Eqlīd,10.06.1965,Iran,syukhin9t@multiply.com,+98-399-643-6592
Florella,Enoksson,Pineleng,13.08.1961,Indonesia,fenoksson9u@infoseek.co.jp,+62-532-811-5566
Kameko,Twentyman,Slunj,18.06.1966,Croatia,ktwentyman9v@webs.com,+385-452-529-1227
Wyatt,Towle,Nancheng,04.05.1968,China,wtowle9w@mit.edu,+86-926-736-6638
Teodor,Kybird,Urho,02.04.1952,China,,+86-446-141-6036
Shelly,Beceril,Tangdukou,25.08.1999,China,sbeceril9y@disqus.com,+86-545-351-7958
Annabella,McIntee,Bududa,18.10.1983,Uganda,,+256-756-755-5147
Jamaal,Gillyett,Caldas da Rainha,25.11.1999,Portugal,jgillyetta0@guardian.co.uk,+351-362-847-6871
Michal,Le Moucheux,Alvaiázere,12.09.1959,Portugal,,+351-116-810-0954
Gallard,Rollins,Mar’ina Roshcha,12.05.1961,Russia,grollinsa2@cargocollective.com,+7-859-118-9309
Norma,Hilland,Burgas,04.02.1971,Bulgaria,,+359-657-477-5943
Val,Cerith,Xiamujiao,08.09.1994,China,vceritha4@multiply.com,+86-175-457-1258
Lishe,Cuttle,Matou,03.12.1971,China,lcuttlea5@paypal.com,+86-224-764-0137
Jodie,Mantripp,Quva,16.02.1972,Uzbekistan,jmantrippa6@mysql.com,+998-522-308-1913
Jilly,Oliveira,San Pedro,03.05.1985,Philippines,joliveiraa7@parallels.com,+63-823-885-4947
Cindee,Kew,Buyun,27.12.1972,China,ckewa8@stanford.edu,+86-215-956-2925
Cesare,Jakel,Sarāb,12.04.1951,Iran,,+98-331-622-2707
Elora,Custed,Changping,01.08.1966,China,ecustedaa@naver.com,+86-245-883-9965
Bobbie,Delacoste,San José del Guaviare,24.04.1982,Colombia,bdelacosteab@jugem.jp,+57-756-451-6046
Early,Stavers,Balaoang,12.01.1988,Philippines,estaversac@nsw.gov.au,+63-361-466-2188
Lexis,Volonte,Jargalant,03.09.1984,Mongolia,lvolontead@printfriendly.com,+976-593-675-0351
Andrej,Montgomery,Skuhrov nad Bělou,02.05.1980,Czech Republic,amontgomeryae@ow.ly,+420-969-636-8709
Emiline,Hesse,Sępopol,09.03.1971,Poland,,+48-433-233-7197
Daven,Lawther,Huangtang,28.04.1950,China,dlawtherag@github.io,+86-971-885-8025
Kenna,Denyagin,Pazin,04.06.1981,Croatia,kdenyaginah@goo.ne.jp,+385-758-433-1889
Adelina,Siegertsz,Cergy-Pontoise,17.01.1983,France,asiegertszai@woothemes.com,+33-775-601-8849
Alexandros,Tarpey,Martigues,05.12.1976,France,,+33-829-452-1674
Berkeley,Flisher,Vilhelmina,28.08.1955,Sweden,bflisherak@tmall.com,+46-679-461-8445
Twila,Fawley,Gereshk,20.12.1958,Afghanistan,tfawleyal@timesonline.co.uk,+93-814-994-8443
Ronni,Concannon,Kamárai,04.08.1996,Greece,rconcannonam@edublogs.org,+30-825-815-1074
Noelyn,Snell,Concepción,09.07.1964,Colombia,nsnellan@so-net.ne.jp,+57-607-946-7421
Fernandina,Lesslie,Chimtāl,01.05.1961,Afghanistan,flesslieao@live.com,+93-545-286-8714
Moyra,Pyke,Kuala Lumpur,27.06.1971,Malaysia,mpykeap@ihg.com,+60-944-628-2432
Paloma,McWilliams,Shuidun,28.09.1967,China,pmcwilliamsaq@macromedia.com,+86-692-383-7726
Montague,Wait,Yeoju,03.06.1964,South Korea,mwaitar@joomla.org,+82-872-514-7605
Brittaney,Tutchener,Sirnasari,15.01.1967,Indonesia,btutcheneras@aboutads.info,+62-624-740-7415
Yetty,Summerson,Limbe,13.05.1970,Cameroon,ysummersonat@google.cn,+237-858-415-3271
Lianne,Kielty,Malandag,20.10.1973,Philippines,lkieltyau@purevolume.com,+63-872-644-8731
Andres,Villar,Rafaï,24.06.1962,Central African Republic,avillarav@dropbox.com,+236-390-291-5261
Debee,Cristofalo,Daleman,19.04.1954,Indonesia,dcristofaloaw@google.es,+62-355-709-3790
Vanni,Reedy,Hendala,02.10.1953,Sri Lanka,vreedyax@reverbnation.com,+94-946-622-7079
Harald,Moggle,Hede,25.05.1995,China,hmoggleay@tripadvisor.com,+86-631-827-9483
Modestine,Dundin,Batán,15.05.1980,Costa Rica,mdundinaz@webs.com,+506-186-208-1173
Carver,Hillock,Muladbucad,21.04.1965,Philippines,,+63-141-311-7814
Earl,Berens,Kassándreia,02.12.1991,Greece,,+30-683-191-9047
Georgette,Goodwyn,Järfälla,28.10.1987,Sweden,ggoodwynb2@odnoklassniki.ru,+46-152-724-5884
Abner,Pyrah,Aksakovo,15.03.1971,Bulgaria,apyrahb3@unesco.org,+359-972-947-5350
Joel,Chifney,San Pedro Sacatepéquez,04.11.1964,Guatemala,jchifneyb4@telegraph.co.uk,+502-115-979-3697
Burg,Vennart,,,,bvennartb5@buzzfeed.com,
Ruby,Le Friec,Castelsarrasin,27.08.1992,France,rlefriecb6@businessweek.com,+33-220-660-7076
Nelson,Hovert,,,,nhovertb7@google.fr,
Livia,Lacaze,Eira da Pedra,22.05.1954,Portugal,,+351-824-733-6807
Loella,Simione,Eskifjörður,09.08.1984,Iceland,lsimioneb9@ft.com,+354-288-585-1104
Sibylle,Pankhurst.,Telêmaco Borba,31.05.1980,Brazil,spankhurstba@twitpic.com,+55-810-123-7385
Tabitha,Spafford,Santa Rosa de Cabal,29.12.1976,Colombia,tspaffordbb@com.com,+57-675-858-5775
Brant,Stibbs,Senadan,17.07.1956,Indonesia,bstibbsbc@surveymonkey.com,+62-166-658-2866
Ermentrude,Scripture,Pugeran,30.09.1988,Indonesia,escripturebd@fda.gov,+62-304-883-8498
Carlynne,Hansbury,Pedra Branca,15.02.1971,Brazil,chansburybe@mapy.cz,+55-980-436-4098
Collete,Denyagin,Saga-shi,14.09.1979,Japan,cdenyaginbf@yale.edu,+81-767-177-8298
Antonina,Lumley,Tondano,21.02.1960,Indonesia,alumleybg@nbcnews.com,+62-471-329-4259
Cordell,Weight,Burgaltay,10.07.1960,Mongolia,cweightbh@businessweek.com,+976-295-961-8420
Gregoor,Milliere,Barakī Barak,17.11.1983,Afghanistan,gmillierebi@bravesites.com,+93-104-982-6729
Daria,Care,Yangliu,03.10.1966,China,,+86-510-639-2510
Doralynn,Ennew,Chrastava,01.09.1980,Czech Republic,dennewbk@mysql.com,+420-739-408-6713
Knox,Feckey,Cassilândia,17.05.1995,Brazil,kfeckeybl@reverbnation.com,+55-198-364-4330
Adler,Swyer-Sexey,Igarapé Miri,22.11.1974,Brazil,aswyersexeybm@networkadvertising.org,+55-785-794-2807
Babbette,Node,Cawayan,25.08.1954,Philippines,bnodebn@geocities.com,+63-732-627-6645
Shae,Perigoe,Dana,14.02.1986,China,sperigoebo@squidoo.com,+86-122-529-2418
Farlay,Ravilious,Cibetung Dua,01.10.1991,Indonesia,,+62-991-693-8302
Lulu,Durante,Piedrancha,11.10.1960,Colombia,ldurantebq@usnews.com,+57-928-643-1659
Graeme,Talloe,Shangshaleng,28.03.1993,China,gtalloebr@jiathis.com,+86-477-895-8863
Adrian,Ruppeli,Dingcheng,11.01.1981,China,aruppelibs@tiny.cc,+86-841-432-8621
Cathlene,Ormshaw,Boa Viagem,10.05.1981,Brazil,cormshawbt@google.com.hk,+55-235-945-5296
Marion,McCauley,Nagrumbuan,07.02.1993,Philippines,mmccauleybu@paypal.com,+63-775-994-1135
Ines,Cluatt,El Real,27.08.1973,Venezuela,icluattbv@amazon.de,+58-564-981-3712
Rhetta,Perse,Le Mans,13.09.1989,France,rpersebw@dyndns.org,+33-413-743-1445
Harmony,Heath,Tadrart,02.04.1995,Morocco,hheathbx@rediff.com,+212-893-554-7921
Tadd,Kittman,Lage,06.09.1987,Portugal,tkittmanby@blogger.com,+351-262-587-6587
Ernesto,Keerl,Ban Fang,15.11.1957,Thailand,ekeerlbz@virginia.edu,+66-250-877-0059
Otes,Cuttell,Takahata,10.08.1958,Japan,ocuttellc0@homestead.com,+81-270-973-9991
Bron,Cantua,Qiansuo,07.01.1954,China,bcantuac1@sun.com,+86-500-604-9410
Katharine,Battill,Goba,25.05.1970,Ethiopia,kbattillc2@lycos.com,+251-218-102-1894
Eric,Stainton - Skinn,Yokosuka,28.02.1951,Japan,estaintonskinnc3@huffingtonpost.com,+81-804-302-8611
Allissa,Snufflebottom,Enskede,02.08.1985,Sweden,asnufflebottomc4@statcounter.com,+46-710-713-7668
Ashby,Loader,Bắc Kạn,26.01.1959,Vietnam,aloaderc5@samsung.com,+84-261-518-0883
Fancie,Candlin,Shalakusha,20.04.1976,Russia,fcandlinc6@wikia.com,+7-470-424-4051
Grenville,Gorelli,Korolevo,20.02.1990,Ukraine,ggorellic7@marketwatch.com,+380-245-584-8811
Rosy,Sorbie,Asenovgrad,08.06.1990,Bulgaria,,+359-193-967-4109
Kevina,Gladdolph,Heyou,16.09.1984,China,kgladdolphc9@smh.com.au,+86-180-611-2859
Alonso,Scargle,Maseru,25.01.1955,Lesotho,ascargleca@salon.com,+266-808-239-0270
Susette,Durkin,,,,sdurkincb@ebay.com,
Sonia,Stedman,Pineleng,29.03.1950,Indonesia,sstedmancc@webs.com,+62-346-192-6056
Gratia,Negri,Barra de Carrasco,06.06.1985,Uruguay,gnegricd@dailymail.co.uk,+598-957-849-5311
Margaux,Ballister,Brétigny-sur-Orge,15.03.1980,France,mballisterce@google.cn,+33-492-134-4501
Lanita,Kleinhaut,Salento,15.04.1977,Colombia,,+57-752-548-5527
Josephina,Goodchild,Lorient,03.06.1975,France,jgoodchildcg@nyu.edu,+33-165-471-7354
Adele,Matthai,Jabat,03.03.1998,Marshall Islands,amatthaich@cloudflare.com,+692-607-998-7039
Paten,Goodbur,Haljala,21.09.1966,Estonia,pgoodburci@comsenz.com,+372-242-184-0068
Lori,Pinchback,Xinyang,12.11.1980,China,lpinchbackcj@google.com,+86-804-825-1917
Walther,MacNish,Revolucion,08.11.1990,Mexico,wmacnishck@shinystat.com,+52-643-230-8016
Cordie,Smyth,Wucun,29.11.1957,China,csmythcl@shop-pro.jp,+86-308-626-8113
Winna,Kerins,Omutninsk,17.04.1987,Russia,wkerinscm@ihg.com,+7-868-285-5130
Ailina,Hills,,,,ahillscn@yahoo.com,
Margarete,Bohden,Qukës-Skënderbe,30.04.1991,Albania,mbohdenco@liveinternet.ru,+355-772-878-8187
Durand,Galbreath,Chicago,29.10.1989,United States,,+1-312-692-2040
Stearne,Garn,Ciampea,17.11.1970,Indonesia,sgarncq@blinklist.com,+62-275-828-9999
Flemming,Vittle,Fontinha,22.10.1989,Portugal,fvittlecr@utexas.edu,+351-799-656-4359
Adriaens,Colles,Bitam,06.08.1980,Gabon,acollescs@ameblo.jp,+241-844-495-4124
Kevon,Danet,Jatobá,07.03.1991,Brazil,kdanetct@feedburner.com,+55-567-326-9094
Cornell,Dallicott,Uthai Thani,21.06.1987,Thailand,cdallicottcu@histats.com,+66-109-454-4061
Virgie,Ashford,Cesson-Sévigné,26.07.1961,France,vashfordcv@sina.com.cn,+33-806-399-6608
Conant,Potten,,,,cpottencw@themeforest.net,
Phillie,Skey,Narol,04.06.1964,Poland,pskeycx@washingtonpost.com,+48-112-895-0498
Ruddy,Oldroyde,Maurisu,03.04.1994,Indonesia,roldroydecy@tripod.com,+62-560-168-6105
Langston,MacDwyer,Graz,23.02.1973,Austria,,+43-136-852-2200
Mikel,Natte,Banjar Delodrurung,09.09.1958,Indonesia,mnatted0@people.com.cn,+62-817-965-7233
Russ,Rickarsey,Pidigan,19.11.1964,Philippines,rrickarseyd1@unicef.org,+63-176-819-1633
Delaney,Marron,Gävle,22.11.1961,Sweden,dmarrond2@nbcnews.com,+46-857-628-7970
Alissa,Porson,Lukou,19.05.1989,China,aporsond3@domainmarket.com,+86-744-471-9314
Odelia,Nashe,Gangkoujie,06.08.1998,China,,+86-295-911-5236
Lauretta,Weall,Semerak,24.07.1963,Indonesia,lwealld5@pbs.org,+62-806-487-3868
Mathias,Jaukovic,Ōi,08.07.1971,Japan,,+81-329-194-3857
Rikki,O'Mullally,Miami,29.08.1983,United States,romullallyd7@independent.co.uk,+1-305-387-5837
Joshua,Bills,Baimi,03.11.1989,China,jbillsd8@yelp.com,+86-833-994-6616
Arni,Brunke,Bijie,01.02.1992,China,abrunked9@shinystat.com,+86-426-750-5816
Elissa,Marzella,Longwantun,16.10.1981,China,emarzellada@statcounter.com,+86-831-492-1069
Hyacinthia,Iban,,,,hibandb@nih.gov,
Holly,Tippler,,,,htipplerdc@xing.com,
Blake,Dudley,Nelas,31.07.1982,Portugal,bdudleydd@wikispaces.com,+351-578-715-0942
Way,Ludye,Rappang,29.06.1962,Indonesia,wludyede@google.pl,+62-763-542-5137
Melloney,Gibby,Malhou,14.03.1960,Portugal,mgibbydf@aol.com,+351-798-716-7759
Farr,Toomey,Guanjiabao,01.07.1978,China,ftoomeydg@nih.gov,+86-250-556-2003
Marchall,Kohnert,Noormarkku,07.05.1961,Finland,,+358-516-493-6530
Craig,O'Hara,Jianggao,27.01.1967,China,coharadi@lycos.com,+86-773-662-7707
Hammad,Capstick,Laotai,04.06.1968,China,hcapstickdj@naver.com,+86-316-373-9512
Nonie,Stanmore,Sarpsborg,02.08.1976,Norway,nstanmoredk@about.com,+47-724-787-3741
Carmela,Twells,Pagatin,10.12.1955,Philippines,ctwellsdl@behance.net,+63-111-377-5162
Vicki,Ewebank,Gbarnga,21.12.1967,Liberia,vewebankdm@dmoz.org,+231-329-612-7242
Courtnay,Whitloe,Lyon,10.01.1998,France,cwhitloedn@bizjournals.com,+33-821-177-8399
Jilli,Hidderley,Karmai,17.06.1997,China,jhidderleydo@samsung.com,+86-562-880-7592
Vaughn,Brabender,Xiabaishi,10.08.1966,China,vbrabenderdp@unicef.org,+86-760-562-7796
Marcelle,Ife,Göteborg,31.03.1991,Sweden,mifedq@homestead.com,+46-538-705-2614
Maryann,Robiou,,,,mrobioudr@mashable.com,
Luigi,Billany,,,,,
Allard,Viger,Pasirtundun,01.10.1960,Indonesia,avigerdt@sohu.com,+62-587-882-3825
Buiron,Marflitt,Az Zuwaytīnah,26.10.1964,Libya,bmarflittdu@so-net.ne.jp,+218-216-242-6065
Lorry,Guisot,Rosebank,08.03.1964,South Africa,lguisotdv@cafepress.com,+27-182-808-4417
Ode,Senescall,Toguchin,16.10.1975,Russia,osenescalldw@gnu.org,+7-357-405-6889
Alexei,Jakobsson,Nanning,26.06.1980,China,,+86-465-823-3151
Theodoric,Lathaye,Tumaco,21.10.1995,Colombia,,+57-323-960-5377
Gwyn,Truluck,Tonekābon,22.12.1955,Iran,gtruluckdz@msu.edu,+98-773-168-9380
Harley,O'Daly,,,,hodalye0@ibm.com,
Ingrim,Grime,Vodstroy,17.10.1952,Russia,igrimee1@mayoclinic.com,+7-883-466-2285
Cherin,Ismirnioglou,Lakkha Nëvre,05.06.1992,Russia,cismirniogloue2@desdev.cn,+7-480-261-4561
Renell,Vitet,Huangyang,10.07.1989,China,rvitete3@mapquest.com,+86-617-282-3680
Ibby,Carnilian,,,,icarniliane4@lycos.com,
Kippy,Neggrini,Ayacucho,01.05.1956,Peru,kneggrinie5@va.gov,+51-699-862-4666
Dillon,Lodo,Babakandesa,25.11.1976,Indonesia,dlodoe6@t.co,+62-108-375-7626
Madlen,Fessier,Le Havre,19.09.1954,France,mfessiere7@symantec.com,+33-133-326-9462
Gard,Tavener,General Roca,04.02.1989,Argentina,gtavenere8@vinaora.com,+54-713-314-5464
Lauralee,Armour,Borgarnes,03.06.1951,Iceland,,+354-668-615-9505
Kelsi,Broggini,Memphis,01.02.1998,United States,kbrogginiea@nih.gov,+1-901-913-0436
Mayor,Jest,Huashu,26.12.1954,China,mjesteb@amazon.de,+86-949-123-4380
Euphemia,Braga,Bayan Hot,26.04.1971,China,,+86-943-751-5722
Joelie,Olenikov,Nantes,03.04.1960,France,jolenikoved@earthlink.net,+33-238-112-5853
Catlaina,Pally,Huangbu,10.09.1992,China,cpallyee@google.it,+86-298-307-7352
Charmane,Hamill,Valence,10.01.1970,France,chamillef@wunderground.com,+33-782-136-7762
Jeri,Marlow,Cabannungan Second,03.09.1967,Philippines,jmarloweg@loc.gov,+63-453-477-7967
Sheffie,Ivanets,,,,sivanetseh@ucsd.edu,
Shawna,Eagers,Xugu,02.11.1957,China,seagersei@illinois.edu,+86-899-456-0240
Denny,Veillard,Alençon,07.11.1968,France,,+33-239-110-1978
Chrysler,Honacker,Ayabe,25.08.1962,Japan,,+81-834-263-9173
Shari,Sidden,Puerto Natales,19.09.1983,Chile,,+56-460-772-6217
Mikol,Weekes,Penza,27.08.1973,Russia,mweekesem@washington.edu,+7-375-530-3900
Arlana,Jeanet,Boawae,26.11.1982,Indonesia,ajeaneten@who.int,+62-402-571-8645
Rorke,McPeeters,Dubrovka,28.01.1983,Russia,,+7-794-107-0852
Blanca,Thoumasson,Kamphaeng Phet,28.12.1964,Thailand,bthoumassonep@oracle.com,+66-661-654-8710
Shaina,Gotecliffe,Zelenogorsk,20.01.1950,Russia,sgotecliffeeq@mayoclinic.com,+7-512-377-4553
Mendy,Hanna,Wang Noi,30.10.1990,Thailand,mhannaer@is.gd,+66-521-658-9621
Mady,Dyers,Joutsa,10.06.1971,Finland,mdyerses@bbb.org,+358-930-132-8665
Mable,Havard,Hägersten,05.10.1954,Sweden,mhavardet@lulu.com,+46-825-786-0397
Beauregard,Lockney,Baltimore,18.10.1988,United States,blockneyeu@globo.com,+1-443-845-4981
Deeanne,Clutterbuck,,,,dclutterbuckev@cargocollective.com,
Wainwright,Leggon,Katyr-Yurt,21.05.1950,Russia,wleggonew@wordpress.org,+7-359-641-6492
Raychel,Vigers,Dongxi,11.02.1977,China,rvigersex@globo.com,+86-420-415-0498
Henriette,Kyngdon,Elekmonar,30.12.1963,Russia,,+7-505-113-7498
Venus,Ondrusek,Kerep Wetan,06.11.1989,Indonesia,vondrusekez@nifty.com,+62-579-137-6965
Gayla,Saltsberger,Jikamshi,04.08.1967,Nigeria,,+234-685-321-8681
Arman,Godrich,Poços de Caldas,13.05.1996,Brazil,agodrichf1@oracle.com,+55-830-416-6065
Melli,Older,Pātan,15.06.1950,Nepal,molderf2@booking.com,+977-108-468-3439
Jayme,Stealfox,Jiamaying,06.10.1999,China,jstealfoxf3@cargocollective.com,+86-152-517-4065
Jocelyn,Stollmeyer,Stoney Ground,14.05.1972,Anguilla,jstollmeyerf4@macromedia.com,+1-361-758-4741
Sadella,Guterson,Palmar de Varela,16.08.1993,Colombia,sgutersonf5@symantec.com,+57-466-542-4012
Crichton,Bidewell,Katipunan,01.10.1968,Philippines,cbidewellf6@bbc.co.uk,+63-721-316-5447
D'arcy,Pashan,,,,dpashanf7@cargocollective.com,
Marty,Adrienne,Otaru,06.07.1973,Japan,madriennef8@com.com,+81-547-847-9736
Jarvis,Odger,Kholmsk,29.09.1986,Russia,jodgerf9@people.com.cn,+7-686-998-1171
Ellie,Huitt,Bessonovka,03.06.1974,Russia,ehuittfa@elegantthemes.com,+7-189-816-5964
Yves,Troctor,Ujae,27.06.1979,Marshall Islands,ytroctorfb@google.nl,+692-219-485-1630
Barnaby,Trevarthen,,,,btrevarthenfc@indiegogo.com,
Elisha,Simon,Längelmäki,18.01.1979,Finland,esimonfd@timesonline.co.uk,+358-386-968-1789
Fredericka,Shankster,Wiyayu Barat,04.08.1960,Indonesia,fshanksterfe@jugem.jp,+62-635-893-9052
Arlette,Sallinger,Aleksandrovac,26.09.1979,Serbia,,+381-440-927-8627
Alyse,Novotna,Doña Remedios Trinidad,15.06.1969,Philippines,anovotnafg@vimeo.com,+63-507-360-1194
Konstance,Blatchford,,,,,
Eugenius,Osant,Turpay,30.06.1978,Peru,eosantfi@dropbox.com,+51-875-497-5079
Lora,Ioannou,Edéa,13.06.1974,Cameroon,,+237-332-891-4936
Anders,Willatts,Dongcun,17.08.1971,China,awillattsfk@huffingtonpost.com,+86-829-506-4761
Rodrigo,Barnardo,Muñoz East,02.09.1951,Philippines,rbarnardofl@engadget.com,+63-611-775-9758
Doralin,Itzhaiek,Ikryanoye,26.06.1952,Russia,ditzhaiekfm@va.gov,+7-239-941-3133
Leopold,Carlson,Yukuriawat,16.12.1963,China,lcarlsonfn@free.fr,+86-779-160-4666
Jewel,Goldingay,Alingsås,09.04.1961,Sweden,,+46-488-112-2720
Putnem,Dicker,Tuscaloosa,29.11.1958,United States,pdickerfp@digg.com,+1-205-439-4251
Eduardo,Johanning,Savannah,06.03.1977,United States,ejohanningfq@nifty.com,+1-912-529-1433
Latrina,Lowsely,Shazikou,07.01.1969,China,llowselyfr@livejournal.com,+86-907-724-3096
Cordy,Richichi,Dao,26.10.1975,Philippines,crichichifs@engadget.com,+63-133-970-8418
Pearline,Basilotta,Chuandao,14.03.1968,China,pbasilottaft@google.com.au,+86-315-796-7284
Hubie,Saer,Sidomukti,17.11.1972,Indonesia,hsaerfu@drupal.org,+62-326-780-8023
Quinta,Gitthouse,Aldeia,16.11.1986,Portugal,qgitthousefv@biglobe.ne.jp,+351-474-146-8247
Starlene,Sibthorp,,,,ssibthorpfw@loc.gov,
Minette,Haeslier,Xom Tan Long,11.04.1964,Vietnam,mhaeslierfx@a8.net,+84-459-254-7223
Caressa,Savage,Kotido,24.02.1974,Uganda,csavagefy@ask.com,+256-436-611-5415
Chryste,Bonder,Pamedilan,14.06.1984,Indonesia,,+62-772-844-4451
Brad,Ladbury,Koramlik,06.12.1994,China,bladburyg0@bizjournals.com,+86-282-145-8020
Casey,Parramore,Jiuting,17.06.1955,China,,+86-698-636-4282
Lillis,Rudall,Fudian,17.08.1974,China,lrudallg2@xrea.com,+86-444-972-2904
Catlee,Gowlett,Tijão,01.05.1979,Portugal,cgowlettg3@bizjournals.com,+351-768-713-1165
Valentina,Shakeshaft,Cikotok,04.07.1964,Indonesia,vshakeshaftg4@redcross.org,+62-757-596-1576
Laurene,Twamley,Kota Kinabalu,22.09.1962,Malaysia,ltwamleyg5@nps.gov,+60-890-805-3995
Bernardo,Stent,Shuidong,21.10.1989,China,bstentg6@boston.com,+86-204-611-8318
My,Gieraths,Riosucio,17.04.1953,Colombia,,+57-639-202-6250
Pooh,Ahlf,Tiyuguan,19.07.1987,China,pahlfg8@freewebs.com,+86-644-435-8491
Fulvia,Doul,Vichy,25.03.1975,France,fdoulg9@ycombinator.com,+33-685-666-8597
Torie,Swadon,Los Frentones,04.02.1976,Argentina,tswadonga@state.tx.us,+54-246-683-7884
Durand,Hardinge,Novoorsk,16.01.1953,Russia,dhardingegb@jiathis.com,+7-702-249-0409
Betsy,Duling,Bacolod,20.06.1989,Philippines,bdulinggc@theglobeandmail.com,+63-237-631-8828
Millard,Aylen,Hovd,25.01.1969,Mongolia,maylengd@unesco.org,+976-120-427-2261
Sherill,Battle,Paris 19,15.11.1962,France,sbattlege@disqus.com,+33-879-762-9684
Kellsie,Bratt,Gradići,10.08.1967,Croatia,kbrattgf@purevolume.com,+385-749-953-8212
Sigvard,Inott,Dhanot,31.03.1964,Pakistan,sinottgg@ovh.net,+92-237-740-3654
Haslett,Dulieu,Wenceslao Escalante,09.04.1995,Argentina,hdulieugh@pcworld.com,+54-727-324-0194
Alberik,Cristofanini,Mel’nikovo,18.12.1958,Russia,acristofaninigi@hostgator.com,+7-670-160-0399
Orazio,Di Franceschi,Gyodong,23.01.1982,South Korea,odifranceschigj@xinhuanet.com,+82-508-773-6720
Orsa,Grimmett,Visby,14.12.1967,Sweden,,+46-668-905-0748
Konstance,Fumagall,La Uvita,13.10.1977,Colombia,kfumagallgl@godaddy.com,+57-126-475-6842
Maurise,Zumbusch,Bayanan,18.08.1974,Philippines,mzumbuschgm@ovh.net,+63-483-960-4634
Albertine,Paddison,Shicang,18.12.1963,China,apaddisongn@comsenz.com,+86-616-979-3858
Amelina,Castello,Xinxu,28.04.1980,China,acastellogo@tripadvisor.com,+86-637-252-1397
Lynea,Ary,Sigay,17.03.1982,Philippines,larygp@about.com,+63-402-159-9363
Emmi,Sillett,Shushenskoye,28.10.1965,Russia,esillettgq@cargocollective.com,+7-329-803-3309
Ailsun,O'Scannill,,,,aoscannillgr@fda.gov,
Violette,Dunton,Linjiang,25.09.1957,China,vduntongs@devhub.com,+86-825-687-0888
Trista,Lanceter,Ketanggi,09.01.1958,Indonesia,tlancetergt@51.la,+62-969-900-7763
Cathyleen,Linnett,Dārān,24.02.1974,Iran,clinnettgu@tripadvisor.com,+98-478-313-5774
Mohammed,Clemetts,Randuagung,09.04.1998,Indonesia,mclemettsgv@zdnet.com,+62-183-239-5902
Blair,Banting,Potrero Grande,14.03.1999,Panama,,+507-993-800-8771
Franzen,Weeden,Dubreuil,29.08.1981,Mauritius,fweedengx@umn.edu,+230-339-613-1421
Colman,Swabey,Langxi,14.04.1985,China,,+86-414-698-7932
Thatcher,Barlee,Dordrecht,27.02.1953,Netherlands,tbarleegz@bing.com,+31-655-435-5608
Michaeline,Driffill,Conchagua,26.02.1976,El Salvador,mdriffillh0@yolasite.com,+503-273-367-4432
Horton,Allabush,Villa Florida,24.08.1972,Paraguay,hallabushh1@tinypic.com,+595-867-494-5038
Cinderella,Shimon,Qiucun,26.03.1969,China,,+86-691-623-6331
Janean,Greenhill,Nugas,11.01.1961,Philippines,jgreenhillh3@arizona.edu,+63-999-570-7367
Alisa,Chugg,Nuevo Chamelecón,26.10.1972,Honduras,achuggh4@blogger.com,+504-874-994-2173
Kimberlee,Belk,Juazeiro do Norte,27.04.1977,Brazil,,+55-863-374-3767
Pamela,Whittingham,,,,pwhittinghamh6@irs.gov,
Ganny,Risbie,María la Baja,22.03.1956,Colombia,grisbieh7@mozilla.com,+57-900-223-5116
Pippo,Lapre,Cauayan,28.11.1972,Philippines,plapreh8@businessinsider.com,+63-611-183-7237
Tana,Beer,Ribafria,21.01.1964,Portugal,,+351-583-606-5681
Guillema,McBratney,,,,gmcbratneyha@yelp.com,
Gustie,MacKintosh,Kon Tum,09.10.1984,Vietnam,gmackintoshhb@japanpost.jp,+84-113-567-8209
Tadeas,Hardwicke,Mukayrās,13.09.1980,Yemen,thardwickehc@boston.com,+967-362-503-9313
Stavros,Propper,Kalebun,03.08.1964,Indonesia,spropperhd@ox.ac.uk,+62-827-745-1753
Nathanil,Dyet,Kokemäki,14.10.1964,Finland,ndyethe@livejournal.com,+358-314-498-5019
Adeline,Bithell,Ganlin,05.10.1987,China,abithellhf@microsoft.com,+86-416-312-1829
Esdras,Telfer,Brejo da Madre de Deus,16.12.1969,Brazil,etelferhg@upenn.edu,+55-838-742-8477
Noel,Chatenet,Zhaoxiang,22.11.1962,China,,+86-411-691-3855
Lurlene,Yerson,Bilian,13.04.1956,China,lyersonhi@jimdo.com,+86-894-999-5690
Wandis,Matskevich,Monteros,02.02.1966,Argentina,wmatskevichhj@buzzfeed.com,+54-540-970-2722
Lynnet,Foyster,,,,lfoysterhk@macromedia.com,
Fredelia,Whitecross,Konice,31.08.1994,Czech Republic,fwhitecrosshl@aboutads.info,+420-222-690-4240
Frants,Tanton,Haveliān,07.02.1978,Pakistan,ftantonhm@i2i.jp,+92-104-237-2449
Candie,Heibel,Newport,12.05.1952,United Kingdom,cheibelhn@wikimedia.org,+44-880-992-8842
Nomi,Paddock,Xiaogang,25.11.1951,China,npaddockho@sphinn.com,+86-695-109-0928
Jeff,Fassbindler,Horta,07.01.1975,Portugal,jfassbindlerhp@census.gov,+351-953-794-8704
Timmie,Lattie,Bol,09.10.1993,Chad,tlattiehq@house.gov,+235-875-482-7063
Jewel,Hyndes,Sukamaju,07.05.1963,Indonesia,,+62-157-151-1251
Winslow,Burles,Cergy-Pontoise,04.05.1999,France,wburleshs@webeden.co.uk,+33-847-780-9543
Lian,Camacho,San Antonio,12.06.1996,United States,lcamachoht@disqus.com,+1-210-483-1034
Ginni,O'Day,Vischongo,05.12.1982,Peru,godayhu@vistaprint.com,+51-301-854-4128
Marj,MacCumiskey,Złotów,26.08.1961,Poland,mmaccumiskeyhv@miitbeian.gov.cn,+48-471-820-0710
King,Todari,Binglincha,08.10.1971,China,,+86-277-993-9110
Dierdre,Spottiswood,San Isidro,26.05.1978,Mexico,dspottiswoodhx@yandex.ru,+52-603-262-3316
Adria,Gallahue,Saint-Laurent-Blangy,23.10.1997,France,agallahuehy@loc.gov,+33-852-930-7839
Lebbie,Littleton,Aix-en-Provence,16.10.1971,France,llittletonhz@opensource.org,+33-555-152-1033
Kristan,Tortis,Quintães,07.11.1988,Portugal,ktortisi0@theglobeandmail.com,+351-154-819-4365
Jennica,Wharfe,Sukhobezvodnoye,14.06.1956,Russia,jwharfei1@hexun.com,+7-913-711-9943
Emmi,Duncombe,Qiaoshi,22.02.1988,China,eduncombei2@cbc.ca,+86-345-663-4433
Julienne,Heineken,Seren Barat,17.12.1971,Indonesia,jheinekeni3@sitemeter.com,+62-678-718-7681
Sharla,Steptoe,Матејче,29.04.1988,Macedonia,ssteptoei4@gnu.org,+389-498-305-8125
Marigold,Weatherill,Kruty,31.10.1953,Ukraine,mweatherilli5@chronoengine.com,+380-182-890-5171
Gabriela,Merkel,Huyunxiang,19.01.1998,China,gmerkeli6@naver.com,+86-728-465-8445
Margarette,Elderidge,Timóteo,09.07.1951,Brazil,,+55-727-643-6475
Stillman,Rodliff,Balakasap,25.03.1991,Indonesia,srodliffi8@stanford.edu,+62-677-555-9462
Etty,Gymlett,Licheng,07.12.1990,China,egymletti9@shutterfly.com,+86-998-732-3722
Silvie,Whitehead,Siluko,19.04.1993,Nigeria,swhiteheadia@mozilla.com,+234-499-164-7525
Nikita,Zammett,Miramar,09.07.1963,Argentina,nzammettib@mozilla.com,+54-944-132-0440
Billie,Swayland,Outeirô,23.02.1968,Portugal,bswaylandic@state.gov,+351-201-347-4323
Elsy,Gaiter,Thul,02.01.1970,Pakistan,,+92-666-466-3648
Glad,Fone,Khong,31.10.1990,Thailand,,+66-331-288-0776
Danette,Ingall,Roubaix,13.10.1964,France,dingallif@meetup.com,+33-257-447-8914
Lotti,Joye,Argivai,25.08.1962,Portugal,ljoyeig@berkeley.edu,+351-611-809-5431
Neda,Hindge,Gujiang,20.08.1982,China,nhindgeih@cdbaby.com,+86-489-944-2169
Cordelie,Cranidge,Palena,20.05.1986,Chile,ccranidgeii@weibo.com,+56-158-971-3111
Giuseppe,Priestnall,Boulaide,02.01.1951,Luxembourg,gpriestnallij@cnbc.com,+352-133-752-1769
Arnie,Cruise,Palaiseau,23.12.1991,France,acruiseik@google.com.hk,+33-658-614-6770
Fawne,Duckwith,Makuyuni,18.04.1974,Tanzania,fduckwithil@booking.com,+255-248-872-7719
Gael,Verheijden,,,,gverheijdenim@webs.com,
Hillary,Bole,Montpellier,13.04.1978,France,hbolein@123-reg.co.uk,+33-459-527-9893
Rose,Spadelli,Qiaozi,09.11.1982,China,,+86-921-403-5953
Kurtis,Armistead,Zeleneč,30.01.1964,Czech Republic,karmisteadip@go.com,+420-525-670-5522
Micki,Brian,Harding,05.10.1957,South Africa,mbrianiq@washingtonpost.com,+27-196-550-6949
Berti,Moylane,Tiandeng,06.06.1987,China,bmoylaneir@edublogs.org,+86-922-347-6954
Neel,Eastope,Cartí Suitupo,23.05.1956,Panama,neastopeis@prweb.com,+507-502-993-4689
Bendite,Dudney,Morales,15.11.1992,Colombia,bdudneyit@mysql.com,+57-733-549-5555
Romy,MacSkeagan,Suresnes,28.02.1976,France,rmacskeaganiu@addthis.com,+33-117-745-6937
Selma,Izakovitz,Roun Satu,17.04.1967,Indonesia,sizakovitziv@spiegel.de,+62-355-876-3295
Charlot,Rouke,Iralaya,12.10.1966,Honduras,croukeiw@moonfruit.com,+504-333-617-7780
Violetta,Sansbury,Nangalimang,19.08.1972,Indonesia,vsansburyix@imageshack.us,+62-742-599-5173
Valery,Mancell,Antwerpen,04.04.1985,Belgium,vmancelliy@cdc.gov,+32-859-390-2453
Barri,Brocks,Tazhuang,19.04.1952,China,bbrocksiz@cargocollective.com,+86-749-663-6559
Cheslie,Axon,Lewotola,24.08.1975,Indonesia,,+62-716-389-4129
Jehu,Doylend,Daohe,31.03.1957,China,jdoylendj1@123-reg.co.uk,+86-130-748-1839
Alta,Tincknell,,,,atincknellj2@1und1.de,
Marquita,Fetherston,Sabanalarga,12.10.1980,Colombia,mfetherstonj3@adobe.com,+57-887-566-1493
Dougy,Wisniewski,Hyesan-si,04.09.1987,North Korea,dwisniewskij4@hao123.com,+850-866-783-6870
Torrey,Shervil,,,,tshervilj5@mozilla.org,
Laurella,Swainger,Tankhoy,26.01.1975,Russia,lswaingerj6@youtube.com,+7-172-513-2388
Fidelio,Robel,Saaban,22.04.1950,Philippines,,+63-289-426-2822
Lyndell,Hogbin,Guashe,18.04.1996,China,lhogbinj8@oaic.gov.au,+86-693-405-4595
Lidia,Zannini,Budziszewice,20.06.1971,Poland,lzanninij9@purevolume.com,+48-666-375-5201
Helena,Oldale,Baruunturuun,23.01.1987,Mongolia,holdaleja@archive.org,+976-155-464-0450
Galvin,Donnersberg,Shangyu,30.04.1953,China,gdonnersbergjb@wordpress.org,+86-449-232-9668
Georas,McCathay,Karpinsk,02.08.1987,Russia,gmccathayjc@mit.edu,+7-605-989-9381
Clayborne,Trusdale,Huaping,03.04.1995,China,ctrusdalejd@ezinearticles.com,+86-429-763-5714
Tabby,Toffolini,Norzagaray,15.03.1977,Philippines,ttoffolinije@tamu.edu,+63-433-987-0412
Erroll,Scandroot,San Juan,11.01.1995,Philippines,,+63-946-188-1266
Deirdre,Goodsal,La Vega,16.04.1958,Colombia,,+57-674-862-2796
Perl,Sawood,Lahishyn,25.03.1954,Belarus,psawoodjh@xing.com,+375-374-346-3220
Ford,Drexel,Dongchong,14.12.1964,China,fdrexelji@hugedomains.com,+86-444-730-5887
Rabi,Cannaway,Větřní,03.04.1978,Czech Republic,rcannawayjj@wiley.com,+420-783-791-4099
Guido,McComiskie,Maymana,28.07.1951,Afghanistan,gmccomiskiejk@alibaba.com,+93-971-685-2039
Guthrie,Lecount,Espinosa,22.05.1988,Brazil,,+55-765-466-0895
Gillian,Foddy,Luoting,03.02.1982,China,,+86-717-565-8781
Jean,Durram,Banqiao,19.07.1958,China,,+86-656-106-9947
Karlotte,De Vuyst,Rungis,01.04.1956,France,kdevuystjo@zdnet.com,+33-131-564-0293
Ludwig,Chapelle,Sri Jayewardenepura Kotte,14.08.1952,Sri Lanka,lchapellejp@usnews.com,+94-640-454-7440
Amargo,Pucknell,Vairão,06.05.1974,Portugal,apucknelljq@indiatimes.com,+351-198-443-2695
Tarrance,Robardey,Gunungkendeng,24.06.1997,Indonesia,trobardeyjr@java.com,+62-443-107-9611
Noe,Pershouse,Chirongui,04.09.1957,Mayotte,npershousejs@51.la,+269-237-342-6657
Marsh,Oughtright,Besançon,29.04.1979,France,moughtrightjt@domainmarket.com,+33-301-765-9164
Early,Wey,,,,eweyju@tiny.cc,
Dinnie,Spragge,Tamot,05.09.1991,Thailand,dspraggejv@answers.com,+66-198-710-9600
Arney,Greenstead,Choushui,23.11.1998,China,agreensteadjw@sogou.com,+86-625-729-0072
Robby,Collcutt,Siedlce,18.08.1966,Poland,rcollcuttjx@ebay.com,+48-414-643-6729
Zachary,Raubenheimer,Funchal,03.01.1977,Portugal,zraubenheimerjy@1und1.de,+351-825-496-8874
Allie,Gosart,Västerås,02.10.1992,Sweden,agosartjz@purevolume.com,+46-178-898-9496
Davis,Jira,Uzhhorod,02.06.1996,Ukraine,djirak0@sun.com,+380-704-420-6531
Dehlia,Chomicz,Kraaifontein,13.01.1953,South Africa,dchomiczk1@cloudflare.com,+27-569-728-9470
Keelia,Abotson,Donetsk,10.02.1956,Russia,kabotsonk2@cmu.edu,+7-490-512-5521
Allyn,Hearon,Krajenka,01.08.1973,Poland,ahearonk3@slashdot.org,+48-509-274-4913
Mycah,Snibson,Maliang,25.04.1969,Indonesia,msnibsonk4@qq.com,+62-413-141-9692
Corbie,Pennock,Rejoso,28.03.1950,Indonesia,,+62-565-369-6841
Elden,Woolliams,,,,ewoolliamsk6@smugmug.com,
Anica,Ellinor,,,,aellinork7@oakley.com,
Pamella,Chene,Shihudang,27.04.1996,China,pchenek8@privacy.gov.au,+86-691-168-9234
Zelma,Ivchenko,Leuwayang,15.02.1993,Indonesia,zivchenkok9@usda.gov,+62-608-435-2543
Corbie,Le Jean,Mosoc Llacta,13.08.1978,Peru,clejeanka@discovery.com,+51-665-725-5273
Vina,Tomet,Vojnić,15.06.1965,Croatia,vtometkb@devhub.com,+385-315-724-1780
Avis,Haps,,,,ahapskc@surveymonkey.com,
Dacia,Antonioni,Ostrów Lubelski,10.11.1978,Poland,dantonionikd@slideshare.net,+48-463-866-9327
Conney,Hayer,Balabag,07.04.1970,Philippines,chayerke@google.pl,+63-528-840-9221
Sisely,Dalley,Urukh,18.02.1957,Russia,sdalleykf@state.gov,+7-959-821-3229
Darby,Laverick,Contagem,06.09.1985,Brazil,dlaverickkg@blogspot.com,+55-109-105-9055
Tamma,Parres,Tizgane,09.01.1974,Morocco,tparreskh@google.pl,+212-273-676-4334
Cymbre,Matthews,,,,cmatthewski@illinois.edu,
Hogan,Birrell,Yefremov,07.07.1966,Russia,hbirrellkj@uol.com.br,+7-648-635-3176
Jeddy,Ney,Topi,11.05.1990,Pakistan,jneykk@cdbaby.com,+92-969-283-2016
Ottilie,Pigden,Washington,20.02.1985,United States,opigdenkl@dmoz.org,+1-202-360-1152
Timotheus,Austen,Viso,10.05.1960,Portugal,taustenkm@soup.io,+351-394-695-1103
Edgar,Tremblett,Ágios Spyrídon,25.08.1989,Greece,etremblettkn@booking.com,+30-689-894-2096
Siana,Scimone,Caramay,31.03.1998,Philippines,sscimoneko@accuweather.com,+63-923-841-0772
Ninnetta,Straw,Sekarjalak,08.06.1961,Indonesia,,+62-618-288-9442
Lamont,Vakhrushev,Sanli,21.07.1983,China,lvakhrushevkq@webmd.com,+86-578-783-5975
Boot,Hamblyn,Zhaolingpu,12.08.1980,China,bhamblynkr@squarespace.com,+86-174-309-0816
Gratiana,Deluca,Tapilon,27.08.1983,Philippines,gdelucaks@fema.gov,+63-473-180-5202
Lonni,Readshaw,Puolanka,19.08.1954,Finland,lreadshawkt@wikimedia.org,+358-274-578-1129
Renae,Myles,,,,rmylesku@google.com.hk,
Selinda,Korbmaker,Nyagan,16.12.1974,Russia,skorbmakerkv@e-recht24.de,+7-708-836-4361
Asa,Guiduzzi,Quvasoy,29.11.1965,Uzbekistan,aguiduzzikw@a8.net,+998-915-929-4858
Leodora,Aupol,New York City,09.07.1997,United States,laupolkx@surveymonkey.com,+1-212-538-1156
Bette,Jepp,Manorhamilton,23.02.1975,Ireland,bjeppky@cnbc.com,+353-952-167-1003
Shalna,Britian,Neikeng,24.09.1997,China,sbritiankz@cnn.com,+86-350-951-3320
Audy,Jervoise,Priozërsk,30.04.1988,Russia,ajervoisel0@youku.com,+7-985-439-6098
Chaunce,Cridlan,,,,ccridlanl1@ucoz.com,
Abel,Sorsbie,Uozu,23.06.1951,Japan,asorsbiel2@shareasale.com,+81-949-942-2953
Heida,Moreinu,Kroonstad,15.08.1950,South Africa,,+27-480-324-4718
Cole,Simmings,Shiwan,09.01.1976,China,csimmingsl4@cafepress.com,+86-584-747-7648
Dolley,Robertis,Tawaran,25.03.1985,Indonesia,drobertisl5@nytimes.com,+62-305-617-9305
Sibylle,Eltringham,Pananaw,12.09.1974,Philippines,seltringhaml6@cisco.com,+63-318-837-2096
Sashenka,Aire,Lhakangtang,10.05.1958,China,sairel7@ox.ac.uk,+86-801-335-3946
Ariana,Wilks,Otok,16.09.1987,Croatia,awilksl8@usa.gov,+385-650-359-7678
Crista,Casone,Hekou,17.01.1985,China,ccasonel9@ustream.tv,+86-454-322-1929
Jerrold,Wallman,Los Aquijes,22.05.1982,Peru,,+51-260-695-1735
Stephenie,Gover,Yuefeng,05.03.1991,China,sgoverlb@gnu.org,+86-132-823-4280
Lynsey,Haslock(e),Caicara,04.04.1996,Venezuela,lhaslockelc@ed.gov,+58-596-494-0810
Toma,Dumingo,Behābād,23.10.1950,Iran,,+98-301-768-9230
Giffard,Senyard,Slawharad,22.10.1973,Belarus,gsenyardle@addtoany.com,+375-281-750-8745
Otis,Hellmer,Balazar,24.09.1975,Portugal,ohellmerlf@soundcloud.com,+351-898-509-2883
Allistir,Largen,Monywa,02.03.1994,Myanmar,alargenlg@usatoday.com,+95-997-692-2962
Samantha,Spaunton,Heshi,06.08.1998,China,sspauntonlh@theguardian.com,+86-915-985-5809
Sigmund,Saynor,,,,,
Aloise,Tynan,Gulou,04.02.1959,China,atynanlj@epa.gov,+86-303-629-0823
Danice,Husby,Honghua’erji,29.07.1971,China,dhusbylk@joomla.org,+86-390-139-7508
Linnea,Finan,Bektemir,14.02.1978,Uzbekistan,lfinanll@webnode.com,+998-343-855-0377
Tome,Kingzeth,Tunja,10.09.1956,Colombia,tkingzethlm@house.gov,+57-141-731-1328
Giffard,Kick,Jayaraga Kaler,01.02.1955,Indonesia,gkickln@g.co,+62-848-554-0961
Merill,Hothersall,Młynary,14.08.1977,Poland,mhothersalllo@woothemes.com,+48-102-989-1507
Ree,Looby,Los Cedrales,21.03.1957,Paraguay,,+595-266-109-8044
Marquita,Byllam,Sidomulyo,21.08.1985,Indonesia,mbyllamlq@wikipedia.org,+62-792-355-8366
Cecilius,MacGray,Keluke,28.03.1987,China,cmacgraylr@tmall.com,+86-658-664-7651
Elbertine,Dahlbom,,,,edahlbomls@smugmug.com,
Janeta,Stork,Douala,24.03.1975,Cameroon,jstorklt@angelfire.com,+237-460-220-9308
Lek,Birrell,Williamsfield,16.06.1977,Jamaica,lbirrelllu@indiegogo.com,+1-248-961-9964
Rory,Livingstone,Santa Bernardina,10.09.1968,Uruguay,rlivingstonelv@jugem.jp,+598-519-851-1484
Sheffield,Gynn,Ad Dawḩah,16.12.1983,Palestinian Territory,,+970-918-116-7606
Simmonds,Smither,Bajiao,13.06.1995,China,ssmitherlx@symantec.com,+86-214-262-9475
Phebe,Strongitharm,Sukamaju,21.09.1972,Indonesia,pstrongitharmly@reuters.com,+62-437-513-6646
Sophie,Charette,Liuyuan,16.02.1956,China,scharettelz@nifty.com,+86-865-233-6601
Dana,Belliss,Huta Stara B,22.04.1999,Poland,,+48-137-119-7619
Drusie,Lawther,Hrabyně,23.10.1965,Czech Republic,dlawtherm1@virginia.edu,+420-852-199-1335
Mallorie,Eglaise,Suwatu,06.06.1970,Indonesia,meglaisem2@bbc.co.uk,+62-265-483-4176
Thaddeus,Hattersley,Solna,18.03.1962,Sweden,thattersleym3@ted.com,+46-443-149-0906
Auberon,Coils,Houston,09.06.1973,United States,acoilsm4@flavors.me,+1-713-171-4014
Mikkel,Farress,Tsurusaki,22.03.1970,Japan,mfarressm5@mapy.cz,+81-956-805-7582
Bernadina,Vequaud,Angus,15.04.1982,Canada,,+1-645-126-5802
Ezra,Straine,Stockholm,16.09.1988,Sweden,estrainem7@networksolutions.com,+46-821-185-7146
Colby,Putland,,,,cputlandm8@hp.com,
Hyacintha,Macourek,Cortinhas,22.06.1988,Portugal,hmacourekm9@china.com.cn,+351-626-288-3066
Riccardo,Sponer,,,,rsponerma@ucoz.com,
Myrwyn,Stanbridge,Paitan Norte,14.12.1978,Philippines,mstanbridgemb@ow.ly,+63-722-577-7500
Nathalie,Fegan,Cuauhtemoc,04.08.1979,Mexico,nfeganmc@sourceforge.net,+52-342-361-1753
Vere,Winship,Pondokwungu,05.08.1988,Indonesia,vwinshipmd@weebly.com,+62-609-471-1657
Sauveur,Boorer,Maswa,06.11.1964,Tanzania,sboorerme@imgur.com,+255-614-488-6825
Parsifal,Burtwhistle,Sumbergayam,13.05.1961,Indonesia,pburtwhistlemf@netscape.com,+62-419-155-5321
Alexis,Laybourne,Matias Olímpio,28.02.1952,Brazil,alaybournemg@bing.com,+55-664-830-7210
Dare,Muttitt,Paghmān,31.03.1980,Afghanistan,dmuttittmh@linkedin.com,+93-596-573-7691
Harbert,Farren,Vabalninkas,10.10.1965,Lithuania,,+370-561-169-2647
Fredek,Bigrigg,Turbo,22.02.1995,Colombia,fbigriggmj@guardian.co.uk,+57-159-404-0500
Travis,Lailey,Banjar Taro Kelod,09.08.1963,Indonesia,tlaileymk@eepurl.com,+62-370-670-9446
Wynny,Gillyett,Tanjung Palas,19.03.1974,Indonesia,wgillyettml@elpais.com,+62-951-794-4322
Katey,Harbor,Metlika,10.04.1981,Slovenia,kharbormm@nasa.gov,+386-263-768-9939
Neddy,Shurlock,Mae Chan,12.02.1995,Thailand,,+66-697-484-2697
Bel,Rollingson,Huoxian,12.11.1983,China,brollingsonmo@newsvine.com,+86-207-279-6137
Carlota,Antosch,Bakalang,16.11.1991,Indonesia,cantoschmp@amazon.co.uk,+62-555-499-0949
Arnie,Challiss,Ponoka,10.08.1955,Canada,achallissmq@xrea.com,+1-106-843-4642
Melody,Fero,,,,,
Janenna,Brabbins,Tula,10.10.1987,Russia,jbrabbinsms@t.co,+7-232-434-2329
Vitia,Pargetter,Jinqu,13.02.1963,China,vpargettermt@sphinn.com,+86-307-277-4940
Ogdon,Larive,Orange,18.03.1995,France,olarivemu@geocities.jp,+33-330-253-9595
Marleen,Ferreira,Jardinópolis,03.08.1977,Brazil,mferreiramv@shutterfly.com,+55-409-943-2249
Helaine,Renault,Kuala Lumpur,09.04.1956,Malaysia,hrenaultmw@cisco.com,+60-586-434-8555
Michele,Salvin,Zhongshi,30.11.1975,China,msalvinmx@mashable.com,+86-850-463-1430
Edward,Terran,Joutseno,28.09.1963,Finland,eterranmy@wp.com,+358-858-392-6261
Rollie,Gamon,Shinyanga,05.09.1961,Tanzania,rgamonmz@so-net.ne.jp,+255-316-731-9086
Cherish,Richie,Chasŏng,17.11.1974,North Korea,crichien0@pbs.org,+850-844-580-9067
Jecho,Fibbit,Owczarnia,24.03.1989,Poland,jfibbitn1@de.vu,+48-354-730-5607
Damiano,Lampart,Uddevalla,16.08.1994,Sweden,dlampartn2@newyorker.com,+46-320-890-1185
Gretel,Kinnett,Ganquan,15.12.1962,China,gkinnettn3@lulu.com,+86-435-663-0027
Oates,Ranby,Czerwin,22.09.1999,Poland,oranbyn4@mediafire.com,+48-552-852-4037
Rhianna,Wortman,,,,rwortmann5@wordpress.com,
Shandie,Ead,Azogues,01.03.1989,Ecuador,seadn6@cdbaby.com,+593-159-518-5093
Dyann,McDirmid,Hongguang,26.10.1986,China,dmcdirmidn7@gravatar.com,+86-809-750-1521
Leora,Fader,,,,lfadern8@chronoengine.com,
Kennith,Castagnasso,Manorhamilton,28.05.1960,Ireland,kcastagnasson9@123-reg.co.uk,+353-396-567-3852
Torrin,Galilee,Xingxi,12.03.1981,China,tgalileena@ocn.ne.jp,+86-254-562-1306
El,Labdon,Esquipulas,31.01.1999,Guatemala,elabdonnb@example.com,+502-684-747-2654
Alejoa,Sokell,Tsuruga,14.03.1983,Japan,asokellnc@barnesandnoble.com,+81-287-381-9359
Donn,Kynd,Caringin,05.05.1965,Indonesia,dkyndnd@yandex.ru,+62-205-634-4924
Ingaborg,Awde,Ovidiopol’,25.10.1965,Ukraine,iawdene@mac.com,+380-438-950-2429
Almira,Cosgrove,Szprotawa,06.02.1952,Poland,,+48-788-561-8811
Kellie,Reynoollds,Qiujia,21.09.1996,China,,+86-499-141-7430
Larisa,Purry,Panjiawan,29.12.1959,China,lpurrynh@jalbum.net,+86-456-663-2499
Garrott,Chretien,Itapissuma,10.01.1970,Brazil,gchretienni@fotki.com,+55-367-495-3695
Claybourne,Adel,Asarum,13.04.1959,Sweden,cadelnj@boston.com,+46-598-397-3345
Guntar,Joscelyn,Santa Ana,21.06.1999,United States,gjoscelynnk@mlb.com,+1-714-396-1136
Mellisent,Pyrah,Arbaoua,17.11.1980,Morocco,,+212-597-231-5922
Donelle,McCauley,Amiens,21.07.1970,France,,+33-958-378-5202
Tarra,Shoesmith,Qiaotou,21.05.1966,China,tshoesmithnn@tripod.com,+86-162-549-9660
Becka,Redgewell,Vidzy,22.10.1970,Belarus,bredgewellno@google.nl,+375-339-489-2158
Karim,Pixton,Dębica,14.05.1970,Poland,kpixtonnp@wp.com,+48-442-112-2569
Dermot,Seaborn,Randu,17.02.1982,Indonesia,dseabornnq@blogger.com,+62-715-465-7573
Auguste,Oldroyd,Itaí,25.12.1959,Brazil,aoldroydnr@sitemeter.com,+55-656-731-0950
Karleen,Karpol,Vrbas,08.08.1983,Serbia,kkarpolns@state.tx.us,+381-358-495-2511
Katya,Garter,Hongshi,19.08.1964,China,,+86-803-202-9845
Genia,Hinkins,Zhetian,18.09.1986,China,ghinkinsnu@live.com,+86-798-499-1916
Dexter,Stobo,Quwa,25.10.1966,China,,+86-759-795-3862
Bekki,Wilmore,,,,bwilmorenw@people.com.cn,
Suzanne,Ricardet,Sukamulya,19.10.1999,Indonesia,sricardetnx@gov.uk,+62-256-962-4733
Sidonia,Start,Paris 16,31.07.1965,France,sstartny@macromedia.com,+33-472-151-7992
Gennifer,Maxweell,Santa Cruz,01.10.1956,Mexico,,+52-231-651-7841
Oby,Lockhurst,Pisan,23.05.1982,Indonesia,olockhursto0@ovh.net,+62-874-964-1311
Nerissa,Rymell,Domampot,15.06.1961,Philippines,nrymello1@sina.com.cn,+63-154-299-6875
Sarine,Dunmore,Shuikou,02.11.1970,China,sdunmoreo2@stumbleupon.com,+86-763-880-2878
Buck,Shaw,Pameungpeuk,02.06.1986,Indonesia,bshawo3@sun.com,+62-871-459-0810
Willow,Jochen,Lagunas,20.05.1989,Peru,wjocheno4@tamu.edu,+51-879-986-7106
Clarance,Woolston,Krajan Alasdowo,31.01.1966,Indonesia,cwoolstono5@topsy.com,+62-111-407-6137
Paulita,Olwen,Catriel,20.08.1991,Argentina,polweno6@booking.com,+54-798-122-2024
Cordie,Laye,Maintang,24.02.1974,China,,+86-324-776-0544
Neille,MacIlhagga,Cigaluh,23.05.1963,Indonesia,,+62-517-681-8764
Merill,Norsworthy,Giesteira,16.09.1994,Portugal,mnorsworthyo9@multiply.com,+351-318-513-2522
Mella,Magner,Gwadabawa,19.01.1997,Nigeria,mmagneroa@phoca.cz,+234-222-220-5246
Serge,Bullivant,Černožice,15.10.1968,Czech Republic,sbullivantob@jugem.jp,+420-270-209-0215
Conrad,Wasbey,Tyoply Stan,22.06.1973,Russia,cwasbeyoc@scientificamerican.com,+7-948-109-6603
Doyle,Geibel,Nantuo,12.09.1987,China,dgeibelod@hud.gov,+86-407-322-1653
De witt,Norquay,Genova,24.08.1998,Italy,dnorquayoe@ycombinator.com,+39-722-799-5697
Emmalynne,Petr,Fangshan,13.01.1982,China,,+86-853-756-6631
Willis,Milazzo,Dioknisi,10.03.1984,Georgia,wmilazzoog@t-online.de,+995-760-102-5365
Colin,Haburne,Druju,01.01.1979,Indonesia,chaburneoh@bloomberg.com,+62-103-546-5830
Thorin,Boschmann,Thionville,15.10.1959,France,tboschmannoi@weather.com,+33-459-186-6071
Padraic,Yanov,Ginir,17.02.1973,Ethiopia,pyanovoj@tuttocitta.it,+251-502-709-3890
Amitie,Webberley,Ibung,11.03.1960,Philippines,awebberleyok@reference.com,+63-929-893-8835
Stefano,Bryer,Titab,21.10.1980,Indonesia,sbryerol@goodreads.com,+62-331-192-8764
Sol,Daville,Ijuí,21.07.1989,Brazil,sdavilleom@hatena.ne.jp,+55-962-158-1705
Quinn,Horsley,Hong’an,01.05.1975,China,qhorsleyon@surveymonkey.com,+86-879-578-2474
Trent,Ashleigh,Sosándra,01.01.1971,Greece,,+30-186-994-2998
Erina,Goodrum,Balong,09.08.1983,Indonesia,egoodrumop@simplemachines.org,+62-873-271-8023
Hugo,Ochiltree,Grodków,02.03.1962,Poland,,+48-416-200-9457
Ivor,Collick,Baranovichi,11.12.1991,Belarus,icollickor@hp.com,+375-213-725-5318
Niccolo,Attenborough,Laholm,26.06.1993,Sweden,nattenboroughos@wikia.com,+46-731-262-7627
Kikelia,Calrow,Tranca,19.03.1950,Philippines,kcalrowot@hugedomains.com,+63-557-352-0160
Osborn,Chaldecott,Kuźnia Raciborska,27.05.1984,Poland,ochaldecottou@gov.uk,+48-124-601-3547
Chastity,Walliker,Podhum,29.04.1997,Croatia,cwallikerov@tumblr.com,+385-602-121-3601
Katheryn,Jaquest,Vilufushi,30.07.1985,Maldives,kjaquestow@dot.gov,+960-659-765-0219
Sabrina,Trosdall,Moncada,22.04.1994,Philippines,strosdallox@trellian.com,+63-518-212-6915
Shaylyn,Rasor,Gujrāt,30.07.1967,Pakistan,,+92-827-488-9538
Wood,Russell,Nizhneivkino,01.05.1983,Russia,wrusselloz@shop-pro.jp,+7-297-589-4953
Sigfrid,Schirach,Xianxi,05.06.1977,China,sschirachp0@apple.com,+86-336-465-3030
Abbot,Danilewicz,Lanas,18.01.1998,Philippines,,+63-820-809-1032
Emmett,McCahill,Tõrva,08.06.1965,Estonia,emccahillp2@huffingtonpost.com,+372-571-561-1205
Sheilah,Ludford,,,,sludfordp3@deliciousdays.com,
Trixie,Cornborough,Bograd,16.03.1952,Russia,tcornboroughp4@a8.net,+7-448-602-4447
Dael,Docherty,Ejmiatsin,18.01.1966,Armenia,ddochertyp5@creativecommons.org,+374-838-607-8410
Jesus,Drescher,Shangyanzhuang,19.12.1982,China,jdrescherp6@cmu.edu,+86-868-582-6535
Janet,Scartifield,Boshchorbogh,13.04.1968,Tajikistan,jscartifieldp7@home.pl,+992-730-644-4444
Aymer,Pretsell,Xinming,26.04.1984,China,apretsellp8@yolasite.com,+86-532-903-6753
Chance,Hurich,,,,churichp9@a8.net,
Domeniga,Dowson,Taesal-li,05.02.1970,South Korea,,+82-677-605-6714
Cointon,Servant,Stavanger,01.10.1994,Norway,cservantpb@businesswire.com,+47-617-689-9211
Heddi,Scholey,Kacangan Lor,22.01.1962,Indonesia,hscholeypc@a8.net,+62-593-351-0138
Emlyn,Jobbins,Medalem,16.02.1955,Indonesia,ejobbinspd@usgs.gov,+62-247-829-9149
Nanon,Bernardeschi,Dukuhturi,06.11.1964,Indonesia,nbernardeschipe@dailymotion.com,+62-716-188-2979
Danni,Jodrelle,Azeitão,14.07.1999,Portugal,,+351-472-979-9825
Chantal,Panas,Tominian,14.06.1987,Mali,cpanaspg@comsenz.com,+223-710-254-2979
Ileane,Gary,Bangunharja,20.07.1972,Indonesia,igaryph@nydailynews.com,+62-212-385-3542
Danyelle,Loveridge,Tiout,01.11.1985,Morocco,,+212-191-355-5131
Lizette,Diggons,Pacho,22.05.1977,Colombia,,+57-559-356-3868
Mano,Youd,Ghormach,15.05.1968,Afghanistan,myoudpk@bbc.co.uk,+93-635-657-4841
Carolina,Settle,Carpalho,07.05.1989,Portugal,csettlepl@wisc.edu,+351-716-893-0132
Eda,Powling,Dongjiahe,04.09.1961,China,,+86-871-705-4355
Ula,Campey,Huskvarna,24.09.1999,Sweden,ucampeypn@pagesperso-orange.fr,+46-298-427-8910
Deeann,Hane,Pontevedra,11.12.1971,Spain,dhanepo@photobucket.com,+34-701-870-8325
Wang,Parmer,Conima,26.08.1971,Peru,wparmerpp@chicagotribune.com,+51-531-758-1430
Doralyn,Purslow,Sada,15.06.1963,Mayotte,dpurslowpq@1688.com,+269-421-679-0337
Lilly,Eastby,Bokor,02.04.1991,Indonesia,leastbypr@yandex.ru,+62-694-816-4195
Charlotte,Dozdill,,,,cdozdillps@geocities.com,
Jana,Parsonage,Korsze,16.08.1993,Poland,,+48-132-371-8105
Cornelle,Pudsall,Chengzi,03.06.1986,China,cpudsallpu@domainmarket.com,+86-726-477-9266
Bruis,Kubiczek,Knivsta,29.05.1981,Sweden,bkubiczekpv@google.pl,+46-670-419-1236
Niven,Niccolls,Willowdale,05.01.1958,Canada,nniccollspw@a8.net,+1-585-661-1709
Ezra,Causton,Lamawalang,10.06.1995,Indonesia,ecaustonpx@yellowbook.com,+62-566-525-6904
Raddy,Sedgemond,Liutang,16.01.1965,China,rsedgemondpy@canalblog.com,+86-916-825-4213
Antonetta,Connikie,Taozhuang,28.07.1991,China,aconnikiepz@merriam-webster.com,+86-996-590-3589
Lotte,Szymonowicz,Bhamdoun,08.11.1993,Lebanon,lszymonowiczq0@ifeng.com,+961-618-377-0096
Elberta,Noades,Masatepe,20.10.1984,Nicaragua,enoadesq1@dmoz.org,+505-521-871-6022
Maritsa,Bolstridge,,,,mbolstridgeq2@guardian.co.uk,
Cesaro,Nisius,Issia,08.04.1976,Ivory Coast,cnisiusq3@earthlink.net,+225-609-381-7234
Timothee,Bett,Jinqiao,25.05.1996,China,tbettq4@histats.com,+86-232-952-1983
Dud,Jedraszek,Az Zarqā,07.12.1954,Egypt,djedraszekq5@elpais.com,+20-410-242-6239
Sibella,Fuggles,Sedati,14.01.1957,Indonesia,sfugglesq6@nymag.com,+62-742-194-9177
Tiertza,Ungerechts,Zama,10.01.1964,Japan,tungerechtsq7@nymag.com,+81-841-241-9295
Gertrude,Piper,Tralee,25.08.1993,Ireland,,+353-718-679-1486
Desiree,Luparti,Lazaro Cardenas,06.01.1994,Mexico,dlupartiq9@indiatimes.com,+52-259-440-8478
Alfonso,Wroughton,,,,awroughtonqa@uiuc.edu,
Allsun,Oakman,Lyakhovtsy,30.07.1991,Ukraine,aoakmanqb@rakuten.co.jp,+380-278-440-8209
Lauretta,Franklen,,,,,
Ganny,Watton,Selce,27.09.1985,Macedonia,gwattonqd@phoca.cz,+389-930-332-4486
Pennie,Nichols,Mirriah,30.11.1992,Niger,pnicholsqe@columbia.edu,+227-897-859-8114
Mireille,Besantie,Louisville,16.07.1967,United States,mbesantieqf@ustream.tv,+1-502-386-9503
Jacky,Annesley,Uyuni,26.02.1970,Bolivia,jannesleyqg@mtv.com,+591-342-852-4987
Alfi,Lewisham,Tsubame,18.01.1995,Japan,alewishamqh@home.pl,+81-383-102-6261
Berkie,Trayford,Sucun,19.07.1970,China,btrayfordqi@google.de,+86-216-666-2952
Aldon,Wilmington,Devon,06.10.1975,Canada,,+1-970-779-0092
Lazar,Yarwood,Concepción,14.12.1950,Paraguay,,+595-424-712-9327
Ingmar,Scouler,Al Ghandūrah,01.03.1954,Syria,,+963-280-441-0328
Hesther,Tither,Maţāy,22.12.1972,Egypt,htitherqm@techcrunch.com,+20-170-491-3213
Dur,Carlick,İsmayıllı,30.04.1974,Azerbaijan,,+994-390-156-0956
Hyacinthia,Cohen,São João da Barra,03.05.1988,Brazil,hcohenqo@cornell.edu,+55-411-485-8362
Ulrike,Turvey,General Guido,16.05.1976,Argentina,uturveyqp@parallels.com,+54-746-264-2978
Jessey,Nassie,Liuzikou,01.02.1991,China,jnassieqq@51.la,+86-929-133-9714
Hakeem,Mariner,Sukatani,22.04.1962,Indonesia,hmarinerqr@indiatimes.com,+62-175-126-6641
Jocelin,Kibblewhite,Sinhyeon,28.11.1963,South Korea,jkibblewhiteqs@facebook.com,+82-701-549-5960
Malinde,Spurrett,Castlebridge,01.05.1980,Ireland,mspurrettqt@cpanel.net,+353-557-515-8880
Hercules,Brabender,Shixi,02.10.1961,China,hbrabenderqu@delicious.com,+86-618-663-3715
Emory,Sidry,Sarkand,10.08.1992,Kazakhstan,,+7-948-486-2943
Neall,Hullyer,El Progreso,03.03.1951,Mexico,nhullyerqw@usgs.gov,+52-368-936-2498
Piotr,Arnauduc,Tomilino,19.02.1991,Russia,parnauducqx@adobe.com,+7-869-944-5942
Kipp,Veltman,Cihaurbeuti,19.09.1958,Indonesia,,+62-479-177-8392
Vivia,Blasdale,Osasco,04.11.1997,Brazil,vblasdaleqz@hatena.ne.jp,+55-757-899-7659
Midge,Grishkov,Beo,30.07.1966,Indonesia,mgrishkovr0@twitpic.com,+62-470-241-2919
Brynna,Grece,Oslo,06.10.1973,Norway,bgrecer1@samsung.com,+47-873-106-0528
Ode,Donke,,,,,
Frederic,Messer,Kandangsapi,18.08.1996,Indonesia,fmesserr3@sphinn.com,+62-675-486-6157
Gwenette,Laviss,Verin Artashat,26.04.1970,Armenia,glavissr4@oracle.com,+374-623-295-5183
Lari,Wigginton,Kildare,23.12.1958,Ireland,lwiggintonr5@adobe.com,+353-499-420-8218
Finn,Coll,Belene,25.07.1998,Bulgaria,fcollr6@mac.com,+359-716-462-4108
Evita,Moorhouse,Medina,19.05.1953,Brazil,emoorhouser7@feedburner.com,+55-794-998-1086
Terrel,Mouse,Messina,17.12.1983,Italy,tmouser8@cyberchimps.com,+39-969-625-2045
Maynard,Skerme,Elato,20.03.1952,Micronesia,mskermer9@mtv.com,+691-851-414-6591
Jodi,Jelfs,Zwierzyniec,19.08.1981,Poland,jjelfsra@wired.com,+48-930-482-5462
Gaven,De Laci,Negeriagung,08.04.1957,Indonesia,gdelacirb@geocities.jp,+62-758-748-2076
Amii,Burkwood,Mikulovice,15.02.1985,Czech Republic,aburkwoodrc@cornell.edu,+420-919-984-0995
Hunt,Garett,Riangblolong,18.01.1972,Indonesia,hgarettrd@is.gd,+62-371-745-2699
Lillian,Casserley,Raman,02.11.1962,Thailand,lcasserleyre@tiny.cc,+66-686-237-8148
Ethan,Eayrs,Taclobo,15.08.1996,Philippines,eeayrsrf@upenn.edu,+63-107-511-9929
Charita,Rennolds,Santa Nino,24.12.1987,Philippines,crennoldsrg@pagesperso-orange.fr,+63-232-395-4886
Krissy,Ackrill,Petit Raffray,28.12.1996,Mauritius,kackrillrh@alibaba.com,+230-963-684-0877
Nicola,Asher,Yudai,02.11.1953,China,nasherri@opera.com,+86-476-495-5560
Dannie,Wiz,Jianshan,29.08.1989,China,dwizrj@1und1.de,+86-313-874-5443
Maryjane,Lydiatt,Arjona,01.09.1974,Colombia,,+57-367-727-5041
Jean,Abbison,Ar Rujum,01.10.1969,Yemen,jabbisonrl@narod.ru,+967-337-201-9425
Fredelia,Duckit,Changpo,22.07.1972,China,fduckitrm@delicious.com,+86-705-931-6451
Elizabeth,Orhrt,Alexandria,24.07.1979,United States,eorhrtrn@purevolume.com,+1-318-189-6762
Wayland,Biffen,Kaduseeng,30.07.1966,Indonesia,wbiffenro@cisco.com,+62-171-122-5637
Lurleen,Paolinelli,Long Thành,27.06.1966,Vietnam,lpaolinellirp@discovery.com,+84-421-861-4200
Linc,Kenton,Novosibirsk,22.08.1960,Russia,,+7-406-252-0873
Jdavie,Grubbe,,,,jgrubberr@creativecommons.org,
