first_name,last_name,birth_place,birth_date,country_living_in,email,phone
Deborah,Eastmond,Luka nad Jihlavou,20.05.1986,Czech Republic,deastmond0@umn.edu,+420-415-643-2149
Catriona,Crotty,Kunshan,22.12.1969,China,ccrotty1@china.com.cn,+86-230-150-1142
Roselia,Butchers,,,,rbutchers2@ucoz.com,
Tucky,Bloxsome,Rendeng,11.03.1987,Indonesia,tbloxsome3@cbc.ca,+62-706-618-7051
Holly-anne,Mathys,Yanqian,18.10.1973,China,,+86-170-516-0479
Alfie,Jimmison,Calape,19.06.1957,Philippines,ajimmison5@salon.com,+63-469-674-6130
Melitta,Waulker,Cojutepeque,19.12.1989,El Salvador,mwaulker6@edublogs.org,+503-379-571-9511
Fara,Clothier,Halamendu,18.08.1957,China,fclothier7@jalbum.net,+86-308-328-0670
Eudora,Carass,Zouila,21.01.1960,Tunisia,,+216-941-414-2928
Carena,Storck,Lâm Thao,10.02.1962,Vietnam,cstorck9@weibo.com,+84-182-555-7910
Daniele,Byrnes,Gongping,16.03.1998,China,dbyrnesa@sciencedirect.com,+86-675-613-0592
Fernando,Warde,Dallas,02.04.1974,United States,,+1-214-913-8533
Luz,Bushby,La Paloma,26.10.1984,Uruguay,lbushbyc@hc360.com,+598-618-106-9683
Albrecht,Beddon,Boden,17.07.1961,Sweden,,+46-274-595-1912
Harrietta,Blizard,Parada de Pinhão,15.01.1952,Portugal,,+351-459-946-6859
Winn,Whilder,Šabac,09.05.1959,Serbia,wwhilderf@naver.com,+381-884-531-2779
Jacquenette,Walcar,Huangtugang,02.01.1991,China,jwalcarg@cocolog-nifty.com,+86-680-494-1206
Guinna,Peasegod,,,,gpeasegodh@phpbb.com,
Tracey,Spooner,Saint Louis,14.02.1961,United States,,+1-314-840-1166
Karissa,Pitkaithly,La Paz,05.09.1976,Argentina,kpitkaithlyj@omniture.com,+54-527-761-3308
Chrisy,Campanelle,Mandōl,15.02.1968,Afghanistan,ccampanellek@joomla.org,+93-850-414-7837
Sib,Hargitt,Olavarría,18.09.1959,Argentina,shargittl@chicagotribune.com,+54-522-207-6440
Shae,Beeden,Manisi,01.07.1956,China,sbeedenm@apple.com,+86-445-293-4942
Mandel,Offell,Alastaro,28.05.1991,Finland,moffelln@prweb.com,+358-571-172-4823
Ozzy,Kalinsky,Zhangpu,07.08.1953,China,okalinskyo@soup.io,+86-617-590-6486
Etan,Danielian,Yefremov,21.07.1976,Russia,edanielianp@ow.ly,+7-710-762-5782
Alane,Alliban,Pindangan Centro,19.11.1966,Philippines,,+63-545-755-3538
Herrick,Calton,Caieiras,11.08.1997,Brazil,hcaltonr@narod.ru,+55-806-198-7597
Olivette,Westphalen,Saint-Maurice-l'Exil,26.09.1969,France,owestphalens@last.fm,+33-697-537-8209
Piotr,Kellard,Ankazoabo,02.01.1967,Madagascar,pkellardt@msu.edu,+261-114-586-3274
Mose,Jackalin,Yayao,28.09.1991,China,mjackalinu@omniture.com,+86-308-549-6713
Emlynne,Dummigan,Putina,08.02.1953,Peru,edummiganv@51.la,+51-689-289-4389
Ivory,Bridgen,Greater Napanee,15.08.1972,Canada,,+1-400-468-3666
Del,Cardon,Qitao,02.05.1959,China,dcardonx@photobucket.com,+86-230-675-6331
Benedict,Caltun,Yong’an,13.07.1984,China,bcaltuny@smugmug.com,+86-893-695-7713
Batholomew,Ackenhead,Gaoshan,17.12.1974,China,backenheadz@chronoengine.com,+86-987-838-1685
Cecelia,Bergen,Luka nad Jihlavou,17.07.1963,Czech Republic,cbergen10@google.com.au,+420-636-488-6136
Normy,Cocklie,Bacun,15.07.1990,China,ncocklie11@answers.com,+86-952-955-9602
Hugh,Kits,Huayuanli,21.05.1966,China,hkits12@europa.eu,+86-446-158-1001
Ives,Duro,Chancay,25.04.1981,Peru,iduro13@businessinsider.com,+51-177-331-7755
Steward,Hordle,Antsohihy,17.04.1990,Madagascar,shordle14@netscape.com,+261-964-873-8863
Burlie,Lymbourne,20 de Noviembre,20.05.1951,Mexico,blymbourne15@cbslocal.com,+52-181-274-9932
Tatum,Birk,Orlando,30.06.1991,United States,,+1-407-520-3419
Kaela,Raper,Marigot,10.07.1981,Haiti,kraper17@topsy.com,+509-208-365-4017
Berthe,Coye,,,,bcoye18@vimeo.com,
Hadlee,Thewless,Jiulong,08.01.1998,China,hthewless19@xinhuanet.com,+86-770-214-7046
Addie,Giordano,,,,agiordano1a@qq.com,
Engelbert,Trump,Baleber,25.07.1950,Indonesia,etrump1b@rediff.com,+62-232-633-8591
Nolie,Kester,Jinsha,25.08.1991,China,nkester1c@skype.com,+86-930-375-4522
Lulita,Essberger,Burunday,31.08.1965,Kazakhstan,lessberger1d@redcross.org,+7-324-374-9366
Celle,Huckleby,Tlumach,20.03.1974,Ukraine,,+380-878-372-1133
Val,Kleinschmidt,Övertorneå,11.10.1955,Sweden,vkleinschmidt1f@dot.gov,+46-780-485-3977
Angelina,Douthwaite,Zhuangbu,19.11.1974,China,adouthwaite1g@free.fr,+86-540-467-0787
Norina,Kuhlmey,,,,nkuhlmey1h@g.co,
Franny,Dachs,Kurumoch,08.05.1965,Russia,fdachs1i@xing.com,+7-316-791-7939
Catriona,Caseley,Mor Laok,27.03.1983,Indonesia,ccaseley1j@mapy.cz,+62-721-913-4016
Chris,Kale,Yanahuanca,31.08.1986,Peru,,+51-490-357-8416
Roze,Falshaw,Vänersborg,17.09.1975,Sweden,,+46-828-955-2738
Harlen,Lloyd-Williams,Yangzhong,20.06.1996,China,hlloydwilliams1m@drupal.org,+86-114-294-8928
Wenona,Kitchinghan,Sneek,27.02.1982,Netherlands,wkitchinghan1n@youtube.com,+31-327-761-3915
Sheelah,Headech,Hesi,25.01.1985,China,sheadech1o@japanpost.jp,+86-616-230-6300
Francisco,Birdseye,Leskovac,27.07.1987,Serbia,fbirdseye1p@trellian.com,+381-782-844-3859
Sollie,Geertsen,Voyinka,24.03.1988,Ukraine,sgeertsen1q@telegraph.co.uk,+380-208-662-7721
Sigmund,Izaac,Wręczyca Wielka,12.03.1963,Poland,sizaac1r@pagesperso-orange.fr,+48-250-669-3009
Hillard,Hutcheon,Dmanisi,11.08.1954,Georgia,hhutcheon1s@t.co,+995-227-687-4142
Darren,Limpkin,Diaoluoshan,18.02.1981,China,dlimpkin1t@ebay.co.uk,+86-897-845-9764
Ginny,Scini,Venilale,20.06.1959,East Timor,gscini1u@google.es,+670-506-330-9681
Yale,Goney,Shensuo,20.09.1969,China,ygoney1v@imageshack.us,+86-934-448-4873
Cordy,Tinto,Imatra,22.11.1989,Finland,ctinto1w@chron.com,+358-435-585-7657
Sandor,Chetwind,Pongola,23.08.1987,South Africa,schetwind1x@prlog.org,+27-513-106-5005
Marmaduke,Keveren,Asenovgrad,22.04.1956,Bulgaria,mkeveren1y@vistaprint.com,+359-120-576-9608
Keelia,Vanichkin,Jishui,14.09.1978,China,kvanichkin1z@imdb.com,+86-150-885-3744
Lynn,Keitch,La Agustina,24.11.1980,Dominican Republic,,+1-137-458-8970
Sal,Goschalk,Kopayhorod,04.05.1965,Ukraine,sgoschalk21@who.int,+380-388-902-3798
Cedric,Ludford,Leiria,22.11.1991,Portugal,cludford22@seattletimes.com,+351-515-799-0197
Oralie,Sumsion,Mbouda,18.02.1966,Cameroon,osumsion23@blogtalkradio.com,+237-433-625-6891
Charissa,Messager,,,,cmessager24@walmart.com,
Lisa,Dayley,Pingyang,10.05.1983,China,ldayley25@weibo.com,+86-332-326-9923
Randy,Loftie,Portland,07.10.1981,United States,rloftie26@china.com.cn,+1-971-882-0576
Patience,Nind,Kool Tengah,14.03.1974,Indonesia,pnind27@qq.com,+62-255-893-8876
Pippa,Simpkin,Xinghua,28.06.1989,China,psimpkin28@yahoo.co.jp,+86-648-727-2572
Erv,Jovey,Požarevac,08.09.1989,Serbia,ejovey29@npr.org,+381-220-793-5387
Lydia,Groll,Yueshan,11.03.1967,China,lgroll2a@booking.com,+86-278-407-7439
Claude,Lambarth,,,,clambarth2b@census.gov,
Olly,Gaisford,Xinshan,03.01.1983,China,ogaisford2c@digg.com,+86-960-388-0089
Bryanty,Beresford,Ishikawa,27.08.1997,Japan,bberesford2d@sohu.com,+81-127-166-1252
Janos,Crack,,,,jcrack2e@flavors.me,
Sayre,Mapp,Sabang,02.02.1991,Philippines,smapp2f@technorati.com,+63-355-732-1410
Nigel,Lerwell,Pingshui,11.05.1995,China,nlerwell2g@drupal.org,+86-842-120-7489
Letti,Dowyer,San Antonio,14.07.1967,Philippines,ldowyer2h@cnet.com,+63-880-730-4296
Cora,North,,,,cnorth2i@icio.us,
Woodie,Kelwaybamber,,,,,
Ev,Windrus,Krandil,24.09.1987,Indonesia,ewindrus2k@taobao.com,+62-654-316-9725
Kirk,MacInherney,Midland,25.10.1963,Canada,,+1-674-886-7282
Gearard,Hannent,,,,,
Rorie,Loade,Lazaro Cardenas,28.10.1971,Mexico,rloade2n@redcross.org,+52-359-367-8655
Abran,Eickhoff,Ruchihe,01.03.1978,China,,+86-145-215-9966
Hashim,Landsbury,Caballococha,10.01.1980,Peru,hlandsbury2p@webnode.com,+51-580-997-9244
Delmor,Horsley,Xiaoyan,01.07.1980,China,dhorsley2q@vkontakte.ru,+86-480-910-7573
Abra,Absolon,Butterworth,03.07.1977,Malaysia,,+60-922-582-8755
Alexandro,Petkov,Chã Grande,01.12.1990,Brazil,apetkov2s@elegantthemes.com,+55-934-997-4588
Hollie,Misken,Mentoro Wetan,31.05.1955,Indonesia,hmisken2t@360.cn,+62-843-275-5044
Yardley,Forgan,Banana Village,14.08.1960,Kiribati,yforgan2u@netvibes.com,+686-768-817-6705
Willetta,Nevinson,Nubma,16.04.1975,China,wnevinson2v@sogou.com,+86-744-818-9324
Ashli,Tesimon,Arosbaya,02.04.1963,Indonesia,atesimon2w@paginegialle.it,+62-279-780-6817
Kiley,Thorouggood,Nairobi,25.02.1991,Kenya,kthorouggood2x@diigo.com,+254-636-719-8336
Vasili,Lantry,Níkaia,01.11.1952,Greece,vlantry2y@ask.com,+30-724-591-6267
Sophey,Kidstone,,,,skidstone2z@skype.com,
Vale,Al Hirsi,Rusip,24.11.1970,Indonesia,,+62-175-427-3498
Emmie,Brassington,Mirriah,25.11.1978,Niger,ebrassington31@last.fm,+227-376-973-0236
Vina,Morriarty,Birmingham,02.05.1990,United States,vmorriarty32@joomla.org,+1-205-680-6126
Roddy,Cassam,Aguadas,23.07.1984,Colombia,rcassam33@parallels.com,+57-409-987-7532
Mark,Waddam,Broska,11.06.1957,Ukraine,mwaddam34@reference.com,+380-983-429-1556
Rochell,MacKinnon,Seremban,30.05.1995,Malaysia,rmackinnon35@list-manage.com,+60-349-457-4101
Nehemiah,Inchboard,Orneta,23.02.1964,Poland,ninchboard36@sakura.ne.jp,+48-512-293-1693
Adlai,Josham,Tangcun,07.12.1964,China,,+86-438-409-3786
Brenna,Steffens,Caihua,09.05.1959,China,bsteffens38@chicagotribune.com,+86-264-666-3744
Mallissa,Regitz,Polzela,27.12.1987,Slovenia,mregitz39@wiley.com,+386-376-914-7890
Teador,Davidge,Ballinteer,26.04.1981,Ireland,tdavidge3a@blogtalkradio.com,+353-415-495-9777
Ruthann,Everit,Kożuchów,30.08.1992,Poland,reverit3b@ovh.net,+48-628-309-6281
Brietta,Dysart,Plaeng Yao,04.06.1963,Thailand,bdysart3c@nydailynews.com,+66-813-751-9355
Siffre,Routley,Zhijiang,05.11.1997,China,,+86-823-346-3814
Wittie,Cleere,Eleftheroúpolis,27.02.1990,Greece,wcleere3e@mozilla.com,+30-592-223-2291
Verene,Hawke,Porangatu,19.06.1995,Brazil,vhawke3f@twitter.com,+55-254-698-8952
Laurent,Derbyshire,Shreveport,27.03.1966,United States,lderbyshire3g@so-net.ne.jp,+1-318-813-5907
Emanuele,Wyeth,Dapuchaihe,02.06.1989,China,ewyeth3h@w3.org,+86-933-884-9910
Archibald,Dutton,Sabana Grande,24.01.1987,Venezuela,adutton3i@sfgate.com,+58-591-203-6857
Cullin,Vaz,Chengxi,30.05.1996,China,cvaz3j@soundcloud.com,+86-575-233-2820
Chicky,Wind,San Francisco Zapotitlán,18.11.1991,Guatemala,cwind3k@amazon.co.jp,+502-180-118-4690
Malanie,Assel,Orissaare,16.06.1987,Estonia,,+372-951-332-2864
Maryjane,Kittles,Coromoro,21.01.1965,Colombia,mkittles3m@1688.com,+57-412-312-2920
Tomlin,Whimper,Kawangu,13.06.1985,Indonesia,twhimper3n@miitbeian.gov.cn,+62-987-269-8271
Cicely,Kingsbury,Timashëvsk,18.11.1968,Russia,ckingsbury3o@reuters.com,+7-244-269-3955
Gayla,Shellcross,Enrile,16.07.1994,Philippines,gshellcross3p@ucsd.edu,+63-980-362-4452
Marin,Millea,Oslo,16.05.1997,Norway,mmillea3q@posterous.com,+47-473-847-7593
Perkin,Hoggetts,Holboo,23.06.1973,Mongolia,phoggetts3r@istockphoto.com,+976-634-150-8866
Nolly,Fumagall,Janowiec,19.06.1994,Poland,nfumagall3s@w3.org,+48-389-338-3364
Crichton,Bladder,Sicaya,19.03.1999,Peru,cbladder3t@bluehost.com,+51-949-283-1423
Claretta,Hardin,Bukomansimbi,28.11.1958,Uganda,chardin3u@usa.gov,+256-221-462-7675
Bibby,Massimo,Leonidovo,25.12.1983,Russia,bmassimo3v@zimbio.com,+7-803-790-7307
Faun,Izkovicz,Miejska Górka,30.08.1965,Poland,fizkovicz3w@hc360.com,+48-514-132-8284
Alvis,Scottini,Gijon,07.04.1972,Spain,,+34-193-212-2572
Cara,Limprecht,Xiaohekou,28.04.1981,China,climprecht3y@washington.edu,+86-763-214-4432
Reid,Rapinett,Kuwait City,16.09.1970,Kuwait,rrapinett3z@usatoday.com,+965-598-229-1330
Shela,Giacobo,Yiánnouli,17.04.1986,Greece,,+30-248-710-9417
Gradeigh,Corona,Amvrosiyivka,25.11.1978,Ukraine,gcorona41@ning.com,+380-808-698-2408
Herrick,Ferns,Chongmin,29.01.1993,China,hferns42@blogspot.com,+86-319-990-6127
Natty,Krysiak,Fort Abbās,14.07.1989,Pakistan,nkrysiak43@linkedin.com,+92-746-817-5998
Giovanna,Pepler,Stockholm,16.04.1983,Sweden,gpepler44@typepad.com,+46-809-172-2415
Astrid,Penning,Villa Mercedes,07.10.1964,Argentina,apenning45@wordpress.org,+54-377-238-7154
Nicko,Long,Žďár nad Sázavou,14.07.1995,Czech Republic,nlong46@baidu.com,+420-192-965-3660
Hyacinth,Pritchard,Tekik Wetan,12.02.1998,Indonesia,hpritchard47@noaa.gov,+62-602-698-9832
Nikos,de Leon,Sigou,03.03.1952,China,ndeleon48@nyu.edu,+86-395-907-5962
Enrique,Mugglestone,Wangjiahe,19.10.1983,China,emugglestone49@biglobe.ne.jp,+86-379-577-8124
Phineas,Freschi,Riachão das Neves,04.06.1985,Brazil,pfreschi4a@delicious.com,+55-652-838-7130
Thorstein,Missen,,,,tmissen4b@columbia.edu,
Maritsa,Cissell,Tsuruoka,23.04.1985,Japan,mcissell4c@flavors.me,+81-835-432-4066
Lyndel,Cottel,Hudiksvall,25.02.1950,Sweden,lcottel4d@walmart.com,+46-840-122-6902
Valaria,Levecque,Maindang,17.07.1996,Philippines,,+63-634-402-3081
Gussi,Commings,Keratéa,01.06.1976,Greece,gcommings4f@nih.gov,+30-559-514-7418
Lilia,Wrigglesworth,Zhangjiapan,27.10.1963,China,lwrigglesworth4g@epa.gov,+86-223-494-9262
Jennine,Colvine,Arnhem,05.05.1950,Netherlands,jcolvine4h@moonfruit.com,+31-358-514-2939
Menard,Haestier,Tiang,21.12.1973,Indonesia,mhaestier4i@tripod.com,+62-821-547-1456
Boonie,Orpwood,Sendangagung,20.05.1953,Indonesia,borpwood4j@altervista.org,+62-988-334-5942
Lindsey,Glayzer,Крива Паланка,02.11.1996,Macedonia,,+389-293-873-2211
Euphemia,Farrey,Jiaocheng,04.11.1987,China,efarrey4l@themeforest.net,+86-372-627-8269
Jandy,Nairn,Mayapusi,03.05.1979,Philippines,jnairn4m@oakley.com,+63-151-350-4133
Hubert,Melladew,Paphos,06.03.1981,Cyprus,hmelladew4n@histats.com,+357-482-744-3801
Janaya,Ebbers,Zinder,27.05.1987,Niger,jebbers4o@nsw.gov.au,+227-242-696-4743
Sheena,Elvidge,Igede-Ekiti,26.04.1985,Nigeria,selvidge4p@mapy.cz,+234-456-182-4151
Alana,Legge,Zhengyangshan,23.09.1992,China,alegge4q@umn.edu,+86-599-526-8421
Yale,Karadzas,Baiguo,13.06.1994,China,ykaradzas4r@nationalgeographic.com,+86-470-373-1280
Adolpho,Pentony,Meixi,23.09.1979,China,apentony4s@blogspot.com,+86-539-308-3136
Emili,Gentry,Vinsady,06.10.1992,Russia,egentry4t@timesonline.co.uk,+7-505-798-0324
Brad,Paaso,Wujiashan,11.03.1956,China,bpaaso4u@about.com,+86-157-232-5918
Shamus,Brind,Hujigou,04.05.1990,China,sbrind4v@msn.com,+86-127-218-9079
Abbott,Newcom,Barras,10.09.1970,Brazil,anewcom4w@eventbrite.com,+55-440-899-2398
Bordie,Fairnie,Banjar Parekan,27.08.1992,Indonesia,bfairnie4x@hp.com,+62-701-951-5468
Jacky,Moniker,Gaohe,18.06.1993,China,jmoniker4y@cnn.com,+86-651-644-2426
Nara,Latham,Polyarnyye Zori,14.05.1982,Russia,nlatham4z@go.com,+7-916-818-4266
Aleda,Dytham,Hamm,23.01.1955,Germany,adytham50@domainmarket.com,+49-395-908-2122
Anallise,Brocklebank,Baiima,25.08.1968,Sierra Leone,abrocklebank51@elpais.com,+232-590-463-0236
Jerrome,Woollcott,Lorient,29.02.1984,France,jwoollcott52@dedecms.com,+33-494-824-4678
Claudine,Taylorson,Tamiso,06.02.1995,Philippines,ctaylorson53@multiply.com,+63-410-853-0626
Dion,Meineken,Ajung,01.12.1953,Indonesia,dmeineken54@live.com,+62-768-992-4441
Ulla,Scarman,Rucava,13.05.1985,Latvia,uscarman55@1688.com,+371-918-540-3331
Brenda,Moehle,Knoxville,26.03.1994,United States,bmoehle56@amazon.de,+1-865-570-8773
Cordelie,Jellings,Kuala Baru,17.09.1950,Indonesia,cjellings57@bloglovin.com,+62-519-797-2896
Alberta,Gaylord,Thị Trấn Bắc Yên,26.08.1960,Vietnam,agaylord58@paypal.com,+84-751-310-2958
Jacklin,Evangelinos,Concepción,27.04.1986,Chile,jevangelinos59@sciencedaily.com,+56-493-422-4315
Albrecht,Pendrill,Bistrica ob Sotli,10.01.1959,Slovenia,apendrill5a@ask.com,+386-531-795-9627
Isaak,Persent,Ningde,17.10.1953,China,ipersent5b@alibaba.com,+86-184-535-6151
Wilbert,Tzuker,Korenëvo,02.11.1966,Russia,,+7-904-697-1509
Jaquith,Klossmann,Brovary,14.03.1999,Ukraine,,+380-817-985-5134
Wheeler,Corradini,Areado,14.11.1989,Brazil,wcorradini5e@bbc.co.uk,+55-640-221-2553
Eldin,Musprat,Union,22.09.1952,Philippines,emusprat5f@ibm.com,+63-206-405-2091
Britney,Winders,Zhenqian,07.06.1993,China,bwinders5g@umich.edu,+86-208-604-8931
Orran,Denison,Boden,25.08.1993,Sweden,odenison5h@psu.edu,+46-293-293-9675
Whitney,Probin,Thị Trấn Cẩm Thủy,20.06.1994,Vietnam,wprobin5i@hugedomains.com,+84-219-269-2668
Calli,Whitney,Shengci,14.11.1971,China,cwhitney5j@prweb.com,+86-890-663-0024
Bernhard,Calyton,El Limon,17.10.1966,Mexico,bcalyton5k@nhs.uk,+52-917-959-0049
Boot,Hakonsson,Daping,26.12.1994,China,bhakonsson5l@naver.com,+86-633-248-6530
Stanislaus,Glader,Xiaoweizhai,22.09.1978,China,sglader5m@printfriendly.com,+86-109-806-2003
Brendan,Avramovitz,Pejë,20.09.1994,Kosovo,bavramovitz5n@booking.com,+383-286-582-9447
Raphael,Deluca,San Miguel,12.10.1985,Philippines,rdeluca5o@uiuc.edu,+63-130-925-6488
Victor,Stonnell,Ignalina,23.10.1978,Lithuania,vstonnell5p@indiegogo.com,+370-826-481-0314
Raynor,Aleveque,Nizwá,30.12.1990,Oman,raleveque5q@de.vu,+968-813-198-0585
Cly,Earp,Reina Mercedes,23.02.1965,Philippines,cearp5r@creativecommons.org,+63-558-193-2540
Russell,Nijs,Jatiklampok,25.03.1973,Indonesia,rnijs5s@addtoany.com,+62-339-908-2621
Alvy,Arndt,Santiago del Estero,24.08.1977,Argentina,aarndt5t@cdbaby.com,+54-880-610-6306
Albertina,Spinney,Villa María,08.03.1978,Argentina,,+54-622-543-1353
Herculie,Dikes,Bokino,29.01.1966,Russia,hdikes5v@pen.io,+7-958-586-1353
Evan,Pepon,Bendungan,09.01.1999,Indonesia,,+62-957-122-0713
Natala,Lynnitt,Khodasy,26.09.1987,Belarus,,+375-486-442-3008
Chen,Sharrock,Guachucal,11.01.1966,Colombia,csharrock5y@berkeley.edu,+57-969-907-8297
Con,Orth,Songhae,13.01.1998,South Korea,corth5z@tripadvisor.com,+82-778-394-7855
Donica,Myhill,Junliangcheng,16.05.1958,China,dmyhill60@dmoz.org,+86-126-936-6917
Dorella,Files,Bukovany,16.09.1972,Czech Republic,dfiles61@jalbum.net,+420-494-565-4825
Alexina,Duval,Esperanza,18.09.1984,Philippines,aduval62@ovh.net,+63-617-129-3121
Hailee,Physick,Tangwāni,13.05.1997,Pakistan,hphysick63@ycombinator.com,+92-596-600-8974
Manya,Gerbel,Bunog,13.04.1969,Philippines,,+63-302-675-7168
Glennie,McKeaney,Vargem Grande Paulista,29.01.1962,Brazil,gmckeaney65@over-blog.com,+55-950-767-7632
Gregorio,Phebey,Dunkerque,19.01.1979,France,gphebey66@msu.edu,+33-714-811-8029
Jeno,Casarino,Xiangxi,24.03.1967,China,jcasarino67@toplist.cz,+86-315-589-6785
Deane,McGeaney,Kolor,05.09.1972,Indonesia,dmcgeaney68@sciencedirect.com,+62-522-106-1829
Yard,Blaiklock,Antigonish,25.04.1985,Canada,yblaiklock69@wordpress.org,+1-249-725-2061
Brandy,Stearns,Succha,08.06.1989,Peru,bstearns6a@dailymotion.com,+51-120-788-8971
Cherrita,Davidovits,Luoting,15.10.1959,China,cdavidovits6b@sourceforge.net,+86-686-438-4623
Kizzee,Bovey,Agodim,19.10.1982,Portugal,,+351-457-279-6290
Ranice,Nyssen,Komsomol’sk,04.07.1957,Russia,rnyssen6d@reddit.com,+7-883-362-0230
Sansone,Vasyunkin,,,,svasyunkin6e@tuttocitta.it,
Pattin,De Brett,Postira,03.02.1956,Croatia,pdebrett6f@canalblog.com,+385-888-872-7223
Carlotta,Crooke,Boulsa,08.11.1996,Burkina Faso,ccrooke6g@spotify.com,+226-950-922-0297
Karoly,St Clair,Terong,23.02.1974,Indonesia,kstclair6h@microsoft.com,+62-288-394-8151
Shirleen,Parmer,Cheqiao,20.02.1969,China,sparmer6i@blinklist.com,+86-349-342-5973
Ruthanne,Fransson,Layo,05.12.1960,Peru,,+51-645-717-5437
Suellen,Holmyard,Ngulangan,22.12.1992,Indonesia,sholmyard6k@booking.com,+62-386-752-6867
Nilson,Breed,Kitāf,01.02.1988,Yemen,nbreed6l@wikispaces.com,+967-345-423-8548
Brigitte,O'Lyhane,Volzhskiy,13.07.1965,Russia,bolyhane6m@dmoz.org,+7-622-811-9272
Vito,Trees,Bairro Assunção Piedade,17.08.1993,Portugal,,+351-424-460-9525
Haslett,Harmar,Jiangkou,04.06.1955,China,hharmar6o@omniture.com,+86-544-994-1844
Raymund,Weatherell,Nanaimo,05.02.1998,Canada,rweatherell6p@pen.io,+1-618-355-5910
Domingo,Taye,Ochobo,08.03.1958,Nigeria,dtaye6q@go.com,+234-343-182-0573
Nerta,Earengey,Novosibirsk,09.12.1990,Russia,,+7-820-803-0940
Ansley,Ainger,Faḩmah,06.01.1997,Palestinian Territory,,+970-987-260-0858
Gerardo,Niche,Chengui,24.12.1980,China,gniche6t@csmonitor.com,+86-222-170-0090
Maxim,Tidmarsh,Deje,24.05.1950,Sweden,,+46-835-381-6233
Juliana,Johnikin,Owen Sound,14.10.1971,Canada,jjohnikin6v@china.com.cn,+1-648-362-2099
Francesco,Ferrini,Zhonghouhe,05.10.1956,China,fferrini6w@berkeley.edu,+86-186-972-4236
Ev,Lohde,Łanięta,24.10.1959,Poland,elohde6x@csmonitor.com,+48-671-103-5638
Pippa,Herreran,São José,12.01.1992,Brazil,pherreran6y@china.com.cn,+55-319-832-9128
Vernor,Forrester,Göteborg,07.08.1960,Sweden,vforrester6z@cloudflare.com,+46-927-332-7575
Grace,Blodgett,Teruel,18.02.1987,Spain,,+34-370-220-8595
Wainwright,Shilvock,Kuala Terengganu,19.04.1966,Malaysia,wshilvock71@independent.co.uk,+60-378-864-3647
Zacherie,Caughey,Coratatal,01.04.1983,Indonesia,zcaughey72@facebook.com,+62-823-239-0770
Farrah,Castanaga,Shaping,25.11.1952,China,fcastanaga73@kickstarter.com,+86-369-983-6530
Letisha,Tumber,Keelung,25.03.1999,Taiwan,ltumber74@ow.ly,+886-620-292-3984
Cassandry,Rake,Xinjiang,31.01.1999,China,crake75@seesaa.net,+86-220-449-0864
Clio,Cutteridge,Songdong,02.01.1998,China,ccutteridge76@time.com,+86-336-474-3946
Frasco,Botger,Dalianhe,02.03.1972,China,fbotger77@buzzfeed.com,+86-299-643-3518
Giffer,Mulqueen,La Palma,20.02.1975,Panama,gmulqueen78@sitemeter.com,+507-211-282-5101
Gabriell,Enderby,Jaboticabal,16.06.1973,Brazil,genderby79@businessweek.com,+55-729-386-9958
Claus,Trewinnard,Zemun,28.07.1977,Serbia,,+381-200-689-7371
Elsa,Deas,Hanji,28.07.1995,China,edeas7b@nifty.com,+86-407-667-1770
Ella,Lambertazzi,Laï,22.04.1952,Chad,elambertazzi7c@biglobe.ne.jp,+235-842-403-2999
Juliana,Bhatia,Sok Kwu Wan,10.01.1955,Hong Kong,jbhatia7d@disqus.com,+852-707-847-5734
Dode,Rowledge,Giv'on HaHadasha,15.10.1980,Israel,drowledge7e@goo.gl,+972-681-217-5572
Gaylor,Ennals,Cabagan,20.01.1991,Philippines,gennals7f@ameblo.jp,+63-222-453-4850
Danella,Forbear,Tonggoh,18.12.1967,Indonesia,dforbear7g@disqus.com,+62-757-543-7860
Rozamond,Gooderidge,Youcheng,12.10.1959,China,,+86-151-520-1508
Jase,Orrow,Daytona Beach,18.12.1971,United States,jorrow7i@eepurl.com,+1-386-362-2844
Rolph,Vergine,Bakadagy,02.08.1979,Gambia,rvergine7j@cdc.gov,+220-228-404-0460
Ced,Haddick,Molina,22.11.1992,Chile,chaddick7k@vinaora.com,+56-322-555-5185
Kaila,Spaice,Issoire,02.08.1978,France,kspaice7l@dyndns.org,+33-810-412-2539
Gil,Wingfield,Huntington,25.04.1995,United States,gwingfield7m@theatlantic.com,+1-304-806-0316
Heidie,Tiffany,Krzyżanów,25.08.1990,Poland,htiffany7n@blogs.com,+48-719-176-0428
Dietrich,Robus,Damawato,21.10.1971,Philippines,drobus7o@slashdot.org,+63-235-704-3159
James,Adam,Lintan Chengguanzhen,21.06.1980,China,jadam7p@biglobe.ne.jp,+86-958-939-8110
Nickolaus,Greyes,Viļāni,12.12.1984,Latvia,ngreyes7q@tumblr.com,+371-374-878-4393
Debbie,Gertz,Bayangol,08.05.1985,Russia,dgertz7r@zdnet.com,+7-418-383-1894
Lotty,Dreus,Antes,12.03.1954,Portugal,ldreus7s@alibaba.com,+351-594-633-5306
Kevyn,O'Dowd,Montague,14.05.1988,Canada,kodowd7t@msu.edu,+1-493-540-4910
Wheeler,Towriss,Aiquile,30.11.1976,Bolivia,,+591-998-282-2363
Clemente,Ivins,Sabanalarga,23.06.1980,Colombia,civins7v@tinypic.com,+57-428-634-5382
Saloma,Pilmer,Velyki Kopany,08.09.1985,Ukraine,spilmer7w@newsvine.com,+380-577-457-7031
Ansell,March,Shuiyuan,04.10.1992,China,,+86-854-394-1178
Licha,Lapenna,Luže,13.04.1979,Czech Republic,llapenna7y@illinois.edu,+420-525-101-4923
Phyllida,Pache,Xuetian,22.04.1996,China,ppache7z@soup.io,+86-936-858-7272
Lynnea,Wyson,Arroio Grande,16.09.1982,Brazil,lwyson80@ibm.com,+55-880-219-0659
Bobbie,Keri,Luau,26.02.1951,Angola,bkeri81@gravatar.com,+244-933-535-8442
Adriane,Lebbon,Yabrūd,29.07.1978,Syria,alebbon82@xrea.com,+963-489-671-9438
Freeland,Berndt,Bintulu,30.10.1996,Malaysia,fberndt83@artisteer.com,+60-590-567-6426
Gaye,Bhatia,Serzedo,29.12.1991,Portugal,gbhatia84@ihg.com,+351-312-256-9281
Clo,Erskine Sandys,Palmeira,04.06.1979,Brazil,cerskinesandys85@wp.com,+55-589-701-8807
Leela,Clout,Panenjoan,26.10.1961,Indonesia,lclout86@wp.com,+62-865-154-9817
Mireille,Rablen,Charlestown,12.02.1979,Saint Kitts and Nevis,mrablen87@odnoklassniki.ru,+1-717-607-6426
Ethelyn,Batchelar,Abomey,16.11.1973,Benin,ebatchelar88@storify.com,+229-267-339-3017
Willette,Glasebrook,Saint-Rémy-de-Provence,24.01.1970,France,wglasebrook89@t-online.de,+33-953-766-7334
Arte,Szymczyk,Acevedo,18.09.1968,Colombia,aszymczyk8a@sfgate.com,+57-835-424-7484
Rikki,Cowdrey,Huagu,15.04.1988,China,rcowdrey8b@yandex.ru,+86-731-122-9119
Caitlin,Madden,Timiryazevo,08.09.1980,Kazakhstan,cmadden8c@spiegel.de,+7-392-927-8294
Juan,Liccardo,Tijucas,23.05.1996,Brazil,jliccardo8d@google.co.jp,+55-343-234-4541
Kassia,Sappell,Onueke,13.04.1969,Nigeria,ksappell8e@live.com,+234-412-836-4102
Tedda,Klimczak,Tamahú,18.01.1976,Guatemala,tklimczak8f@mozilla.org,+502-421-404-7971
Joshuah,Breitler,Priozërsk,24.06.1970,Russia,jbreitler8g@aboutads.info,+7-542-438-7262
Loren,Lombardo,Karlsruhe,11.07.1960,Germany,,+49-238-670-4557
Trenna,Woodcroft,Siuna,20.04.1956,Nicaragua,twoodcroft8i@ezinearticles.com,+505-350-183-5938
Prentiss,Kobisch,Renhe,10.11.1961,China,,+86-606-483-2858
Jason,Nequest,Huntsville,06.02.1953,United States,jnequest8k@pinterest.com,+1-256-689-1966
Selie,Eadie,Batukuta,12.05.1995,Indonesia,seadie8l@dyndns.org,+62-784-881-1696
Claretta,Greenig,Atyrau,21.02.1967,Kazakhstan,cgreenig8m@examiner.com,+7-190-183-7261
Trudi,Brunt,Bābol,09.04.1999,Iran,tbrunt8n@uol.com.br,+98-323-441-6937
Tammie,Yabsley,Olocuilta,22.12.1986,El Salvador,tyabsley8o@myspace.com,+503-974-641-8537
Page,Goatcher,Mó,09.05.1972,Portugal,,+351-502-786-9486
Winifred,Rowet,Owase,20.01.1962,Japan,wrowet8q@telegraph.co.uk,+81-851-137-6898
Glad,O'Gleasane,Qozonketkan,30.03.1989,Uzbekistan,gogleasane8r@cafepress.com,+998-482-543-6327
Ariel,Lendrem,Dunmanway,04.09.1974,Ireland,alendrem8s@tinyurl.com,+353-764-868-8470
Scotti,Errol,Laspezia,09.08.1983,Italy,serrol8t@cam.ac.uk,+39-646-977-7047
Diena,Di Giacomo,Santo Antônio do Amparo,10.10.1991,Brazil,ddigiacomo8u@example.com,+55-701-163-6003
Lloyd,Ganter,Phùng,07.07.1973,Vietnam,lganter8v@istockphoto.com,+84-534-929-7791
Sadye,Kighly,Atlanta,12.06.1980,United States,,+1-404-500-8342
Reinaldo,Ruddock,Benito Juarez,05.10.1981,Mexico,rruddock8x@cornell.edu,+52-779-108-2167
Denny,Cannaway,Banjar Bucu,11.03.1997,Indonesia,dcannaway8y@nifty.com,+62-518-924-2683
Aloise,Scrace,Guwoterus,24.06.1952,Indonesia,ascrace8z@is.gd,+62-761-818-6583
Chicky,Baynam,San Antonio,04.05.1967,Peru,cbaynam90@businesswire.com,+51-550-101-2955
Helenelizabeth,Seabourne,Maulawin,10.11.1992,Philippines,hseabourne91@mit.edu,+63-209-611-8881
Martelle,Kemshell,Upton,10.01.1975,United Kingdom,mkemshell92@imdb.com,+44-644-140-9794
Crissy,Simonsen,Bajia,22.09.1991,China,csimonsen93@tinyurl.com,+86-126-813-1995
Joana,Phizakarley,Lubień,01.12.1979,Poland,jphizakarley94@yellowpages.com,+48-887-402-9397
Traver,Cushworth,Arboga,09.04.1995,Sweden,tcushworth95@google.co.uk,+46-840-339-0101
Morie,Cecil,Santo Tomé,19.12.1973,Argentina,,+54-616-595-7385
Robinet,MacCaghan,,,,rmaccaghan97@yolasite.com,
Grover,Thies,,,,gthies98@digg.com,
Emily,Corssen,Banjar Baleagung,31.07.1957,Indonesia,ecorssen99@google.es,+62-787-803-6792
Moina,McGenis,Honglan,17.11.1998,China,,+86-810-794-4417
Iona,Farman,San Pablo,06.09.1985,Peru,ifarman9b@bloglovin.com,+51-242-409-3166
Mellicent,Gaskin,Ardabīl,11.04.1964,Iran,mgaskin9c@privacy.gov.au,+98-716-895-2953
Ursola,Coote,San Antonio,12.09.1968,Chile,ucoote9d@mit.edu,+56-108-831-2897
Ephrem,O' Cuolahan,,,,eocuolahan9e@economist.com,
Siobhan,Lapidus,Shanghudi,30.01.1952,China,slapidus9f@amazon.co.jp,+86-741-642-0887
Laverne,Cottel,Qorovulbozor Shahri,14.05.1989,Uzbekistan,lcottel9g@yolasite.com,+998-715-401-3114
Adara,Sharpe,Monamon,14.04.1988,Philippines,asharpe9h@upenn.edu,+63-347-309-0395
Thor,Klaaasen,Shatian,08.07.1956,China,tklaaasen9i@php.net,+86-461-331-9779
Bryon,Moynham,Nong Hin,17.02.1959,Thailand,bmoynham9j@auda.org.au,+66-524-641-6822
Brennen,Custard,Sunagawa,29.11.1973,Japan,bcustard9k@liveinternet.ru,+81-512-632-1286
Leoine,Winger,Dong’ao,02.01.1972,China,lwinger9l@loc.gov,+86-832-764-4810
Timoteo,Duggleby,Grammatikó,10.10.1958,Greece,tduggleby9m@addtoany.com,+30-329-396-1754
Obed,Roughan,Nowe Skalmierzyce,24.03.1959,Poland,oroughan9n@seesaa.net,+48-347-212-6193
Ezekiel,Risbridge,Strängnäs,13.05.1999,Sweden,erisbridge9o@rakuten.co.jp,+46-751-915-2629
Yoshiko,Andreini,,,,,
Bernardina,Moyler,Birmingham,28.09.1975,United States,,+1-205-116-9266
Nadiya,Addekin,Sumberrojokrajan,27.02.1969,Indonesia,naddekin9r@cnn.com,+62-662-588-9354
Glynn,Fellowes,Roudnice nad Labem,01.01.1957,Czech Republic,gfellowes9s@1und1.de,+420-575-383-1574
Farand,Samwayes,,,,fsamwayes9t@oakley.com,
Griffith,Petrelluzzi,Soasio,05.01.1977,Indonesia,gpetrelluzzi9u@apache.org,+62-762-790-6531
Corrianne,Blest,Dianzi,20.11.1954,China,,+86-601-212-2233
Abbi,Eilers,Alacaygan,27.12.1953,Philippines,aeilers9w@exblog.jp,+63-298-481-4023
Salmon,Seebert,Yinji,30.06.1977,China,sseebert9x@google.com.au,+86-966-645-4984
Clary,Shaddock,,,,cshaddock9y@ebay.co.uk,
Bernardina,Braganca,Coroico,02.01.1975,Bolivia,bbraganca9z@skyrock.com,+591-610-450-1062
Vittorio,Deguara,Xike,19.06.1962,China,vdeguaraa0@cornell.edu,+86-108-415-5446
Florencia,Luff,Lityn,27.01.1959,Ukraine,fluffa1@google.pl,+380-823-883-4708
Cherrita,Sacks,Hòa Bình,22.02.1994,Vietnam,csacksa2@fc2.com,+84-735-456-3799
Jean,Fawley,Thymianá,19.10.1977,Greece,jfawleya3@elegantthemes.com,+30-543-721-4438
Hesther,McVeigh,Hubei,21.08.1992,China,hmcveigha4@tiny.cc,+86-180-453-2300
Cris,Baudts,,,,cbaudtsa5@shareasale.com,
Timofei,Pinsent,Yongyang,21.09.1956,China,tpinsenta6@discovery.com,+86-320-748-4387
Kristoffer,McVie,Tinumpuk,18.09.1973,Indonesia,,+62-535-810-8436
Chiquita,Abraham,Guanlu,11.02.1977,China,cabrahama8@chicagotribune.com,+86-310-774-5506
Garrik,Keating,Ḩabūr,11.03.1962,Yemen,gkeatinga9@msn.com,+967-845-640-9848
Blinnie,Marco,Kovernino,09.01.1959,Russia,,+7-282-530-5387
Boniface,Frift,Colquechaca,26.11.1976,Bolivia,bfriftab@friendfeed.com,+591-575-361-8409
Web,Hellmer,El Rancho,28.10.1952,Honduras,whellmerac@hexun.com,+504-121-200-7651
Phebe,Josefer,Giraldo,10.07.1966,Colombia,pjoseferad@fotki.com,+57-962-313-5588
Brigid,Morgans,Ponte,10.08.1994,Portugal,bmorgansae@go.com,+351-661-906-4828
Tim,Babidge,Vogan,19.04.1984,Togo,tbabidgeaf@biglobe.ne.jp,+228-679-283-7757
Roselin,Freyne,Jati,04.10.1953,Indonesia,rfreyneag@slate.com,+62-675-915-8021
Megan,Hogbin,Orsay,10.04.1962,France,mhogbinah@twitpic.com,+33-890-516-5120
Griz,Houlaghan,Koffiefontein,22.04.1991,South Africa,ghoulaghanai@tamu.edu,+27-815-136-2337
Frannie,McGrouther,Buyende,10.03.1993,Uganda,fmcgroutheraj@umn.edu,+256-888-613-4402
Jean,Biset,Brzączowice,13.05.1980,Poland,jbisetak@princeton.edu,+48-489-707-4337
Vickie,Mallall,Cholet,14.02.1950,France,,+33-442-462-7766
Vita,Pearcehouse,Ćićevac,09.12.1987,Serbia,vpearcehouseam@edublogs.org,+381-707-455-9750
Bryanty,Farahar,Geneng,12.07.1980,Indonesia,bfaraharan@aol.com,+62-364-834-1491
Agathe,Mullen,,,,,
Garreth,Macbeth,Jipijapa,21.03.1956,Ecuador,gmacbethap@hao123.com,+593-474-793-8579
Teirtza,Jedrzejczak,Gobabis,12.01.1973,Namibia,tjedrzejczakaq@bandcamp.com,+264-488-206-1503
Bartolomeo,Rekes,Lethem,25.07.1963,Guyana,brekesar@ucoz.com,+592-519-226-5919
Latrina,Chevalier,Dukhovnitskoye,10.08.1960,Russia,lchevalieras@e-recht24.de,+7-871-280-2485
Davide,Rudland,Gränna,03.06.1990,Sweden,drudlandat@webeden.co.uk,+46-914-989-7401
Yuma,Klimentyonok,,,,yklimentyonokau@geocities.jp,
Rube,Steeples,,,,rsteeplesav@cargocollective.com,
Ferdinanda,Isaac,Shentang,14.06.1973,China,fisaacaw@alexa.com,+86-877-456-5929
Esdras,Inge,Houping,28.06.1973,China,eingeax@imdb.com,+86-894-363-9904
Eleanore,Hevner,Settat,13.08.1963,Morocco,ehevneray@t-online.de,+212-109-398-0527
Dino,Clews,Am Djarass,12.09.1994,Chad,dclewsaz@craigslist.org,+235-583-133-3900
Cherlyn,Bussy,,,,cbussyb0@netlog.com,
Pippa,Yashanov,,,,pyashanovb1@cisco.com,
Libby,Cockton,Uenohara,11.01.1994,Japan,lcocktonb2@xrea.com,+81-257-981-4671
Pippa,Curness,Shizi,14.05.1955,China,pcurnessb3@unicef.org,+86-441-719-4998
Chrissie,Baline,Yigo Village,19.09.1964,Guam,cbalineb4@moonfruit.com,+1-297-568-3049
Clarence,Bolzmann,Popovice,25.10.1964,Czech Republic,,+420-572-404-0488
Julianne,Etchell,Kými,26.03.1971,Greece,jetchellb6@goodreads.com,+30-545-787-4941
Filia,Grassin,Digkilaan,02.04.1963,Philippines,,+63-834-373-2462
Julio,McMurray,Dongcheng,06.03.1964,China,,+86-590-161-2550
Dacia,Crellin,Mbalmayo,13.09.1996,Cameroon,dcrellinb9@printfriendly.com,+237-866-684-7706
Hanson,Themann,Vale Covo,22.12.1952,Portugal,hthemannba@ca.gov,+351-417-117-9442
Armand,Tatlowe,Xiang Ngeun,09.05.1964,Laos,atatlowebb@slideshare.net,+856-511-673-5717
Aylmar,Leddy,Walakeri,05.02.1961,Indonesia,aleddybc@cmu.edu,+62-829-876-9051
Fulvia,Polamontayne,Nova Praha,09.10.1953,Ukraine,,+380-980-953-3207
Laure,Rushforth,Haruman,25.07.1996,Indonesia,lrushforthbe@eepurl.com,+62-983-737-5882
Celestina,Sealy,Narawayong,21.07.1979,Indonesia,csealybf@pbs.org,+62-861-115-9585
Ario,Haughton,Topeka,03.01.1953,United States,,+1-785-537-5697
Josh,Deakes,Soe,10.07.1987,Indonesia,jdeakesbh@europa.eu,+62-232-595-0419
Lari,Sunshine,Shatalovo,17.05.1953,Russia,lsunshinebi@hostgator.com,+7-777-407-7039
Josey,Lamminam,Rayside-Balfour,05.07.1962,Canada,jlamminambj@opensource.org,+1-615-663-0561
Vonni,Robroe,Chandler,17.03.1977,United States,,+1-602-507-8444
Charita,Charlot,Paris 02,18.02.1953,France,ccharlotbl@businessweek.com,+33-662-516-5498
Carlee,Grigorey,Limonade,23.08.1980,Haiti,cgrigoreybm@google.com.au,+509-778-358-3652
Temp,Coppo,El Zulia,05.05.1955,Colombia,,+57-463-483-1115
Tedi,Blackbrough,,,,tblackbroughbo@tmall.com,
Sylvester,Gascoine,As Sūq al Jadīd,23.12.1951,Yemen,sgascoinebp@oakley.com,+967-294-427-9833
Herminia,Stodd,Caracal,17.02.1973,Philippines,,+63-880-581-2063
Tye,Dench,Carmen,10.06.1992,Philippines,,+63-459-462-9944
Phillipe,Godsell,Kōchi-shi,11.10.1972,Japan,pgodsellbs@yahoo.co.jp,+81-560-307-8425
Madelle,Bysouth,Huimin,10.11.1987,China,mbysouthbt@umich.edu,+86-605-749-0352
Jodi,Pirdue,Cijambe,21.04.1990,Indonesia,jpirduebu@sakura.ne.jp,+62-444-660-0119
Derrik,Allebone,Menghe,13.09.1978,China,dallebonebv@huffingtonpost.com,+86-990-113-3454
Laurens,Reasun,Xizhong,22.04.1971,China,lreasunbw@noaa.gov,+86-751-502-5884
Jabez,Szymanowski,Glencoe,24.04.1953,South Africa,jszymanowskibx@mayoclinic.com,+27-553-337-7078
Dinnie,Itzkovwitch,Namwala,24.12.1972,Zambia,,+260-220-531-2036
Sanders,De Moreno,Niquelândia,25.08.1969,Brazil,sdemorenobz@china.com.cn,+55-701-508-7341
Demetra,Moon,Puor,06.02.1999,Indonesia,dmoonc0@virginia.edu,+62-109-483-8548
Daria,Dadson,Nusajaya,29.10.1951,Malaysia,ddadsonc1@wired.com,+60-238-418-6458
Malissa,Labon,Zhaike,30.08.1999,China,mlabonc2@clickbank.net,+86-363-534-7366
Jacki,Costy,Yŏnmu,08.06.1992,South Korea,jcostyc3@dagondesign.com,+82-161-460-9500
Kitty,Halsey,Baratã,05.01.1975,Portugal,khalseyc4@lulu.com,+351-269-524-7719
Elsey,Creber,Santa Lucia,30.06.1982,Philippines,ecreberc5@people.com.cn,+63-817-991-2807
Bernardo,Moughton,Cihurip Satu,03.04.1992,Indonesia,,+62-637-959-3530
Maynord,Lathleiff,Kuwumkumambal,05.11.1977,Indonesia,,+62-685-605-7092
Jonis,Withull,Karlivka,10.01.1986,Ukraine,jwithullc8@forbes.com,+380-270-187-9863
Anastassia,Ambrogiotti,Khlung,18.02.1951,Thailand,aambrogiottic9@php.net,+66-179-826-1326
Sauveur,Stapleford,Banes,07.10.1961,Cuba,sstaplefordca@samsung.com,+53-605-500-6510
Ariela,Yakunin,Kampungbaru,09.08.1982,Indonesia,ayakunincb@java.com,+62-904-483-0452
Arlina,Lowdiane,Bantengan,07.07.1985,Indonesia,alowdianecc@buzzfeed.com,+62-934-665-7690
Leigh,Anten,Dijon,12.02.1972,France,lantencd@dmoz.org,+33-802-477-6273
Nellie,MacKissack,Helsingborg,05.12.1965,Sweden,nmackissackce@shareasale.com,+46-997-261-2882
Tammy,Panton,Rajadesa,19.07.1993,Indonesia,tpantoncf@dion.ne.jp,+62-618-355-9410
Addy,Nibloe,Longonjo,15.11.1985,Angola,anibloecg@uol.com.br,+244-795-693-3664
Glenna,Jerrams,Lere,18.08.1979,Nigeria,gjerramsch@cocolog-nifty.com,+234-959-431-1658
Colver,Goering,Kurmanayevka,21.04.1982,Russia,cgoeringci@constantcontact.com,+7-883-650-2878
Ynes,Lorence,Shuikou,25.05.1969,China,ylorencecj@purevolume.com,+86-634-486-6730
Aindrea,Farland,Desnogorsk,18.11.1956,Russia,afarlandck@psu.edu,+7-844-913-2886
Lamond,Adney,Shihua,02.07.1987,China,ladneycl@google.fr,+86-666-208-8449
Freddie,Stack,Gunung,03.10.1962,Indonesia,,+62-689-195-9571
Shir,Luckhurst,Slawharad,21.01.1962,Belarus,sluckhurstcn@hibu.com,+375-107-749-8565
Derk,Olerenshaw,Fangtai,08.10.1967,China,dolerenshawco@mayoclinic.com,+86-907-588-1678
Malory,Handling,Banjar Medura,19.03.1986,Indonesia,mhandlingcp@shutterfly.com,+62-292-221-4925
Gabriel,Flintoft,,,,gflintoftcq@smugmug.com,
Benyamin,Laven,Sandefjord,10.10.1956,Norway,blavencr@hibu.com,+47-563-850-9047
Yuri,Maker,La Dicha,11.01.1977,Philippines,ymakercs@smh.com.au,+63-724-660-3177
Calv,Larter,Vidče,09.05.1971,Czech Republic,clarterct@wix.com,+420-240-294-8833
Wake,Stratten,Kloangpopot,12.06.1982,Indonesia,wstrattencu@123-reg.co.uk,+62-436-774-0481
Bennett,Orrice,Xieshui,30.04.1976,China,borricecv@bigcartel.com,+86-254-186-5237
Vachel,Bennedsen,Mooka,22.02.1962,Japan,vbennedsencw@addthis.com,+81-618-971-2865
Anneliese,McCory,Xindian,28.10.1953,China,amccorycx@intel.com,+86-958-906-4751
Willem,Carnew,Kitcharao,03.03.1981,Philippines,wcarnewcy@hud.gov,+63-999-854-3693
Danell,Klaggeman,Guanambi,08.07.1980,Brazil,dklaggemancz@i2i.jp,+55-910-857-1853
Tammara,Poser,Red Hill,10.11.1956,New Zealand,tposerd0@usgs.gov,+64-441-239-9496
Thadeus,Pattesall,Pangligaran,24.03.1976,Indonesia,tpattesalld1@sfgate.com,+62-297-767-9982
Connor,Begwell,Petro-Slavyanka,26.04.1954,Russia,cbegwelld2@ebay.com,+7-901-937-5885
Justina,Joseland,Gongrong,30.12.1954,China,jjoselandd3@exblog.jp,+86-787-462-5166
Katrina,Galsworthy,H̱olon,10.04.1951,Israel,kgalsworthyd4@printfriendly.com,+972-954-121-8855
Maureene,Renowden,Casimiro de Abreu,01.03.1994,Brazil,mrenowdend5@tinyurl.com,+55-414-457-2015
Bondon,Borzone,Rappang,11.11.1953,Indonesia,bborzoned6@tamu.edu,+62-807-107-3443
Arny,Clemitt,Acarigua,01.01.1995,Venezuela,aclemittd7@google.ca,+58-678-497-0766
Kelci,Sara,Itaperuna,26.02.1960,Brazil,ksarad8@home.pl,+55-298-486-4092
Phylis,Sketchley,Deir Ḥannā,06.09.1972,Israel,,+972-182-880-8340
Kim,Barr,Kalinovo,03.01.1950,Russia,kbarrda@hp.com,+7-297-260-9176
Jamal,Proffitt,Voloshka,19.11.1973,Russia,jproffittdb@berkeley.edu,+7-871-962-5196
Archambault,Foakes,,,,afoakesdc@virginia.edu,
Munmro,Beirne,Potet,14.05.1966,Indonesia,mbeirnedd@xrea.com,+62-383-425-8111
Flin,Brosenius,Daqin Tal,02.02.1992,China,,+86-917-884-3402
Belia,Winskill,Sundbyberg,01.12.1972,Sweden,bwinskilldf@skyrock.com,+46-473-615-7650
Edsel,Astlet,Abū Sunbul,03.03.1957,Egypt,eastletdg@bing.com,+20-126-802-3123
Josias,Lemon,Złotniki,20.07.1961,Poland,jlemondh@stanford.edu,+48-569-708-7071
Flossi,Tromans,Conception Bay South,16.01.1985,Canada,ftromansdi@shinystat.com,+1-572-836-1709
Gladys,Merwede,,,,gmerwededj@theatlantic.com,
Dalt,Welbeck,Springfield,02.03.1969,United States,dwelbeckdk@reddit.com,+1-413-219-7731
Perry,Littler,,,,plittlerdl@miitbeian.gov.cn,
Corrine,Maginot,Sępólno Krajeńskie,13.10.1991,Poland,cmaginotdm@cisco.com,+48-823-263-1803
Kittie,Toma,,,,ktomadn@mozilla.org,
Aubert,Wabb,Janūb as Surrah,05.03.1986,Kuwait,awabbdo@gizmodo.com,+965-689-446-4174
Row,Danels,Alexandria,21.01.1982,Jamaica,rdanelsdp@google.pl,+1-870-999-0351
Craggie,Joannic,Arauca,14.08.1992,Colombia,cjoannicdq@paypal.com,+57-511-908-8772
Desmond,Romei,Shemonaīkha,19.08.1958,Kazakhstan,dromeidr@devhub.com,+7-313-131-8680
Gal,Kimblin,Ārt Khwājah,26.12.1980,Afghanistan,gkimblinds@chron.com,+93-101-328-9794
Del,Columbine,Phoenix,01.07.1987,United States,dcolumbinedt@wordpress.org,+1-602-367-3652
Rollin,O'Bradain,Oetutulul,14.12.1954,Indonesia,robradaindu@ucsd.edu,+62-680-994-0885
Gaston,Bendson,Donji Vakuf,03.10.1986,Bosnia and Herzegovina,,+387-646-845-0446
Goddart,Keyme,Beberon,18.04.1958,Philippines,gkeymedw@chronoengine.com,+63-519-100-8914
Mychal,Courage,Ngeru,13.03.1998,Indonesia,mcouragedx@berkeley.edu,+62-695-777-1033
Beck,Phifer,Hénin-Beaumont,13.03.1979,France,bphiferdy@comcast.net,+33-186-931-5074
Hart,Nodes,Omišalj,22.12.1991,Croatia,hnodesdz@comcast.net,+385-191-491-7896
Kearney,Zima,,,,kzimae0@tuttocitta.it,
Mureil,Leyband,,,,,
Amabel,Gervaise,Concordia,22.08.1961,Argentina,agervaisee2@addtoany.com,+54-966-191-4127
Guendolen,Nansom,Taldyqorghan,30.10.1960,Kazakhstan,gnansome3@meetup.com,+7-832-784-5713
Griselda,Thornally,Santa Fe,17.08.1990,Mexico,gthornallye4@wikispaces.com,+52-921-734-8006
Cyrus,Fidgin,Naguilian,12.05.1990,Philippines,cfidgine5@usgs.gov,+63-431-570-4326
Eugine,Tombling,Garešnica,26.06.1984,Croatia,etomblinge6@hao123.com,+385-246-212-1782
Cobb,Brendish,Bagenalstown,10.08.1987,Ireland,cbrendishe7@ow.ly,+353-926-774-8733
Drucy,Caslane,Trąbki,13.06.1999,Poland,dcaslanee8@thetimes.co.uk,+48-566-297-0593
Merrill,Lukianovich,Ribeiro,25.10.1974,Portugal,mlukianoviche9@hibu.com,+351-581-806-9453
Duffy,Grigorini,Jianqiao,17.12.1961,China,dgrigoriniea@sakura.ne.jp,+86-337-871-7934
Lon,Payler,Andahuaylillas,20.04.1977,Peru,lpaylereb@cyberchimps.com,+51-686-249-0133
Vita,Tubbs,Panitan,01.05.1959,Philippines,vtubbsec@netlog.com,+63-180-509-1781
Rozina,Gyppes,Cisiih,21.11.1954,Indonesia,rgyppesed@linkedin.com,+62-920-312-0606
Sheppard,George,Habartov,01.01.1957,Czech Republic,sgeorgeee@macromedia.com,+420-681-183-7192
Lonni,Steart,Nanger,11.02.1960,Indonesia,lsteartef@vkontakte.ru,+62-270-334-8464
Quintana,Teese,Pribrezhnyy,22.07.1983,Russia,qteeseeg@live.com,+7-406-877-5385
Glendon,Rentilll,Guia,10.02.1996,Portugal,grentillleh@pbs.org,+351-996-953-8406
Cassandry,Basil,Chiriguaná,31.10.1997,Colombia,cbasilei@google.com,+57-174-855-9853
Galvin,Keeffe,Boncis,09.09.1950,Indonesia,gkeeffeej@stumbleupon.com,+62-148-675-4854
Wade,Grindle,Jēkabpils,02.12.1970,Latvia,wgrindleek@constantcontact.com,+371-507-108-6107
Karena,MacWhan,Heby,26.09.1980,Sweden,kmacwhanel@spiegel.de,+46-474-272-9421
Hill,Stoyell,Tuqiao,11.07.1987,China,hstoyellem@java.com,+86-731-902-6595
Terrance,Padmore,Štěnovice,07.09.1963,Czech Republic,tpadmoreen@tripod.com,+420-566-174-9970
Garv,McClary,‘Attīl,28.09.1960,Palestinian Territory,gmcclaryeo@topsy.com,+970-118-355-6256
Joelly,Dimitrie,Nova Venécia,15.03.1966,Brazil,jdimitrieep@ucsd.edu,+55-355-364-9815
Konstantin,Packington,Moussoro,22.06.1968,Chad,kpackingtoneq@instagram.com,+235-165-857-6532
Regina,Fockes,Abiko,22.10.1978,Japan,rfockeser@hugedomains.com,+81-336-757-0750
Melisse,Eard,Dome,18.07.1955,Ghana,,+233-498-990-4377
Marco,Theunissen,Huangjia,19.10.1997,China,mtheunissenet@bbc.co.uk,+86-367-106-2977
Gaven,Barthod,Moglicë,21.05.1972,Albania,gbarthodeu@freewebs.com,+355-374-268-7272
Windy,Pithcock,Rodas,14.04.1995,Cuba,wpithcockev@salon.com,+53-175-661-3932
Katerina,Panniers,San Rafael,26.03.1966,Philippines,kpanniersew@nature.com,+63-682-837-6922
Rayshell,Conley,Kowo,11.05.1995,Indonesia,rconleyex@i2i.jp,+62-693-326-5932
Harli,Stitt,Tabira,13.01.1976,Brazil,hstittey@addthis.com,+55-618-644-9238
Juliann,Standering,Minami-rinkan,20.12.1983,Japan,,+81-949-602-0569
Maurice,Revington,Qingguang,13.02.1979,China,mrevingtonf0@springer.com,+86-323-141-1168
Chrisy,Freschini,Yongping,01.07.1955,China,cfreschinif1@odnoklassniki.ru,+86-458-740-9920
Roscoe,Ruppelin,Pasiragung,03.09.1994,Indonesia,rruppelinf2@usgs.gov,+62-755-719-8171
Staci,Clothier,Huagu,11.04.1988,China,sclothierf3@virginia.edu,+86-513-508-8400
Roda,Sturmey,Sanchahe,20.03.1964,China,rsturmeyf4@prweb.com,+86-537-431-7249
Westbrooke,Brevetor,Rongai,21.05.1952,Kenya,wbrevetorf5@opensource.org,+254-981-221-6398
Tabina,Semor,Māsāl,04.08.1985,Iran,tsemorf6@dyndns.org,+98-353-950-1628
Marilee,Walasik,Steinkjer,29.09.1966,Norway,,+47-840-561-3440
Nara,Stutte,Quillabamba,07.08.1985,Peru,nstuttef8@telegraph.co.uk,+51-570-416-9217
Konstantine,Beauchop,Ludishan,01.03.1982,China,kbeauchopf9@desdev.cn,+86-742-120-6324
Darill,Vanyard,San Diego,06.04.1982,Costa Rica,dvanyardfa@example.com,+506-524-365-8128
Arnaldo,Lantuff,Shimodate,14.01.1982,Japan,alantufffb@dropbox.com,+81-470-252-0599
Cornell,Cuddon,Salaza,07.03.1954,Philippines,ccuddonfc@wordpress.com,+63-445-675-9967
Lonnie,Arrington,Thatta,16.03.1973,Pakistan,,+92-487-832-8686
Waldo,Littleton,Magdalena,08.06.1951,Philippines,wlittletonfe@nyu.edu,+63-572-263-0796
Tommy,Le Gassick,Boguszów-Gorce,03.02.1977,Poland,tlegassickff@mapquest.com,+48-173-658-0535
Dominica,Boddymead,Tangba,08.09.1970,China,dboddymeadfg@tumblr.com,+86-895-875-9409
Anna-diana,Jeschner,Mozi,08.08.1952,China,ajeschnerfh@un.org,+86-780-587-6189
Vally,Waggett,Gaula,14.10.1954,Portugal,vwaggettfi@youtu.be,+351-395-112-6726
Nedda,Brazener,Daja,13.04.1983,Indonesia,nbrazenerfj@mlb.com,+62-852-781-1643
Tyson,Dimitriades,Katipunan,09.01.1996,Philippines,tdimitriadesfk@time.com,+63-648-719-8580
Gene,Lindro,Biting,11.04.1966,Indonesia,glindrofl@msu.edu,+62-832-487-7070
Conroy,Topliss,Alapayevsk,17.12.1970,Russia,ctoplissfm@bbc.co.uk,+7-645-688-8449
Alwyn,Bartalot,Sułkowice,07.06.1960,Poland,abartalotfn@infoseek.co.jp,+48-713-121-9926
Herbie,Fincken,Rochester,17.12.1983,United States,hfinckenfo@gnu.org,+1-585-303-6491
Latisha,Dumbreck,Tessaoua,28.10.1968,Niger,ldumbreckfp@wiley.com,+227-732-468-8534
Adlai,Rapp,Shchastya,25.07.1952,Ukraine,arappfq@dion.ne.jp,+380-406-268-9742
Donal,Fowden,Néma,11.09.1986,Mauritania,dfowdenfr@home.pl,+222-922-364-1027
Aurel,Duffy,Priiskovyy,23.08.1955,Russia,aduffyfs@sourceforge.net,+7-200-995-3282
Rebe,Barajaz,Tandzut,09.03.1979,Armenia,rbarajazft@umich.edu,+374-130-481-1167
Maris,Blowin,Tongzha,01.06.1952,China,mblowinfu@hatena.ne.jp,+86-709-403-0670
Janith,Heugel,Pau,15.09.1965,Philippines,jheugelfv@netvibes.com,+63-686-892-5728
Hermina,Dowdam,Szprotawa,13.12.1989,Poland,hdowdamfw@businessweek.com,+48-617-341-1859
Jasper,Tussaine,Tianmuhu,07.04.1994,China,jtussainefx@tinypic.com,+86-625-747-5920
Melanie,De Paoli,Caihe,18.06.1996,China,mdepaolify@home.pl,+86-648-179-3039
Nita,Bernlin,Heshui,14.10.1992,China,nbernlinfz@amazon.de,+86-620-441-0108
Keeley,Jordan,Alquízar,05.09.1965,Cuba,kjordang0@unicef.org,+53-932-633-2308
Gilles,Giorgini,Lisovi Sorochyntsi,14.12.1973,Ukraine,,+380-892-134-9390
Livvie,Swannell,Järfälla,28.10.1974,Sweden,lswannellg2@businessweek.com,+46-156-856-2364
Emmit,Dawks,Cidadap,07.07.1960,Indonesia,edawksg3@usgs.gov,+62-812-396-1968
Gwen,Abramovici,Pathein,25.09.1955,Myanmar,gabramovicig4@prweb.com,+95-607-322-5278
Ky,Clee,San Antonio Ilotenango,10.12.1993,Guatemala,kcleeg5@google.nl,+502-814-540-4887
Carmen,Gaule,Buchach,18.06.1950,Ukraine,cgauleg6@google.cn,+380-775-793-9879
Sigismund,Croix,Marília,13.04.1966,Brazil,scroixg7@miitbeian.gov.cn,+55-807-869-2822
Kaitlynn,Gurley,La Victoria,08.02.1954,Mexico,kgurleyg8@taobao.com,+52-866-953-7826
Vasilis,Ayscough,Wufu,05.11.1995,China,vayscoughg9@wikipedia.org,+86-132-507-0236
Cherilynn,Lackmann,Huskvarna,05.09.1972,Sweden,clackmannga@time.com,+46-251-457-9699
Adrianna,Eastabrook,Yongfeng,17.05.1980,China,,+86-789-991-2378
Vasilis,Dell,,,,vdellgc@bloglovin.com,
Tris,Telfer,Port Antonio,03.07.1994,Jamaica,,+1-775-198-3962
Belinda,Lebourn,Moutfort,14.08.1987,Luxembourg,blebournge@indiegogo.com,+352-731-485-1743
Stormie,Craske,Angoulême,04.02.1964,France,scraskegf@sphinn.com,+33-792-201-7417
Giavani,Mattingson,San Pedro,08.02.1978,Belize,gmattingsongg@netvibes.com,+501-318-676-5268
Wayne,Sanday,Andrézieux-Bouthéon,11.07.1956,France,wsandaygh@nps.gov,+33-746-804-6800
Bay,Bewsey,Klonowa,31.03.1967,Poland,bbewseygi@acquirethisname.com,+48-172-463-9572
Aleksandr,Potzold,Lyuban’,13.01.1950,Russia,,+7-248-553-0860
Gladi,Crosbie,Lishu,27.05.1984,China,,+86-472-473-1450
Lenee,Agutter,Nieying,19.07.1950,China,laguttergl@sfgate.com,+86-957-537-2632
Malynda,Fratson,Canggetelo,22.11.1972,Indonesia,mfratsongm@patch.com,+62-811-329-1861
Jeramie,Varley,Karnobat,26.06.1961,Bulgaria,jvarleygn@bluehost.com,+359-707-774-2475
Rebe,Mazonowicz,München,16.07.1973,Germany,rmazonowiczgo@vk.com,+49-417-261-8731
Parsifal,Fyfield,Čeladná,09.07.1963,Czech Republic,pfyfieldgp@foxnews.com,+420-408-391-8076
Dorian,Kubatsch,La Dorada,06.07.1960,Colombia,,+57-691-920-8699
Freeman,Jeafferson,Lijiazui,07.08.1973,China,fjeaffersongr@eepurl.com,+86-285-670-9777
Meghann,Milvarnie,Chaoshui,12.06.1981,China,mmilvarniegs@xing.com,+86-407-656-2446
Roxane,Stibbs,Huancabamba,09.05.1973,Peru,rstibbsgt@tripod.com,+51-367-294-4942
Antonio,Nottingham,Shaxi,28.10.1965,China,anottinghamgu@constantcontact.com,+86-807-982-2792
Demetri,Degoy,Yaguajay,11.10.1963,Cuba,ddegoygv@ycombinator.com,+53-124-928-2820
Darill,Agirre,Lujing Zhen,06.11.1956,China,dagirregw@51.la,+86-874-687-5475
Mickie,Skamal,Mocajuba,19.09.1987,Brazil,mskamalgx@sohu.com,+55-741-410-7987
Marna,Louth,Rizhao,14.09.1987,China,mlouthgy@shop-pro.jp,+86-419-214-3701
Ellen,Ousbie,Peterborough,27.03.1966,Canada,,+1-227-635-6993
Tammara,Senecaux,Lyon,27.10.1997,France,tsenecauxh0@prnewswire.com,+33-211-100-6420
Eden,Schapero,Monteros,03.10.1994,Argentina,eschaperoh1@amazon.co.jp,+54-419-158-3820
Humberto,McCloughlin,,,,hmccloughlinh2@discuz.net,
Annalee,Minchindon,São João dos Montes,29.12.1978,Portugal,aminchindonh3@fastcompany.com,+351-482-397-6846
Gertruda,Schuler,Stockholm,07.11.1961,Sweden,gschulerh4@soundcloud.com,+46-139-418-4310
John,Dives,Yongxing,17.03.1966,China,jdivesh5@purevolume.com,+86-571-530-9757
Lavina,Dadds,Somorpenang,11.09.1950,Indonesia,,+62-316-974-0423
Joaquin,Swalowe,Bacelo,15.05.1979,Portugal,jswaloweh7@ted.com,+351-862-194-4807
Tyson,Gorioli,Sijiu,28.01.1997,China,tgoriolih8@economist.com,+86-532-354-2696
Annabal,Bemwell,Ungus-Ungus,08.08.1986,Philippines,abemwellh9@parallels.com,+63-686-921-0097
Reginauld,Emmanuel,Shemonaīkha,29.10.1984,Kazakhstan,remmanuelha@ocn.ne.jp,+7-195-913-6208
Andria,Braun,Meilisi,31.10.1956,China,abraunhb@so-net.ne.jp,+86-586-685-9010
Kristel,Kulis,Cibodas,22.03.1950,Indonesia,kkulishc@ibm.com,+62-126-383-3316
Rozamond,Antyukhin,Zaghouan,14.03.1967,Tunisia,rantyukhinhd@a8.net,+216-542-768-8740
Gayle,Careless,Opuwo,09.06.1983,Namibia,,+264-106-248-7765
Ludwig,Isitt,Drogomyśl,17.09.1955,Poland,lisitthf@zimbio.com,+48-415-938-8956
Leif,Simoneau,Mbanza Congo,19.08.1975,Angola,lsimoneauhg@economist.com,+244-299-802-8937
Brook,Cockroft,Stockholm,27.01.1987,Sweden,bcockrofthh@abc.net.au,+46-279-277-4160
Elaine,Mauchlen,Telangi Satu,22.12.1967,Indonesia,emauchlenhi@alexa.com,+62-945-751-5260
Claudine,Shitliff,Chong’ansi,08.07.1956,China,cshitliffhj@tamu.edu,+86-742-452-4305
Waylin,Prewer,Ninomiya,05.11.1965,Japan,wprewerhk@diigo.com,+81-192-296-9960
Chico,Beagan,Krajan Caluk,16.11.1981,Indonesia,cbeaganhl@paginegialle.it,+62-388-161-8678
Grace,Spitaro,Stepojevac,25.06.1991,Serbia,gspitarohm@chron.com,+381-577-163-0062
Salome,Hanse,Genet,13.02.1986,Ethiopia,shansehn@webs.com,+251-431-169-5718
Kelwin,Bordman,Krasne,19.02.1971,Poland,kbordmanho@columbia.edu,+48-159-825-6137
Frederik,Filipov,Frederiksberg,24.06.1970,Denmark,ffilipovhp@creativecommons.org,+45-875-238-7440
Aldo,Filyakov,Belovodskoye,01.02.1951,Kyrgyzstan,afilyakovhq@wp.com,+996-171-339-2761
Tate,Laker,Likasi,27.05.1966,Democratic Republic of the Congo,tlakerhr@boston.com,+242-530-203-7726
Etti,Ambrodi,Pizarrete,15.01.1953,Dominican Republic,eambrodihs@linkedin.com,+1-737-105-9799
Stefania,Royl,Tarnowiec,11.07.1959,Poland,sroylht@unesco.org,+48-378-633-6073
Goddard,Mackrell,Berlín,01.08.1974,Honduras,gmackrellhu@zimbio.com,+504-607-958-4840
Dara,Tolmie,Bollnäs,22.12.1970,Sweden,dtolmiehv@dion.ne.jp,+46-933-204-0238
Elijah,Dike,Akouda,23.05.1977,Tunisia,edikehw@yahoo.com,+216-834-648-7854
Christiane,Hundal,Colquemarca,07.12.1959,Peru,chundalhx@mit.edu,+51-651-519-9149
Carlye,Tanby,Angao,02.12.1961,China,ctanbyhy@woothemes.com,+86-978-988-6779
Cilka,Michurin,Morden,12.11.1950,Canada,cmichurinhz@ebay.co.uk,+1-115-118-2855
Melvyn,Niles,,,,,
Thornton,Tellwright,Paoua,25.08.1991,Central African Republic,ttellwrighti1@marriott.com,+236-594-587-8276
Dalila,Brothers,Nam Sách,19.05.1954,Vietnam,dbrothersi2@ebay.com,+84-752-951-3304
Ynes,Deniskevich,Bršadin,07.11.1976,Croatia,ydeniskevichi3@china.com.cn,+385-382-262-7341
Lazarus,Byfford,Belle-Anse,16.07.1971,Haiti,lbyffordi4@mozilla.com,+509-935-368-4881
Alejandrina,Fold,Dalgān,06.03.1996,Iran,afoldi5@bloglines.com,+98-121-800-7937
Georgeanna,Maliffe,Kudang,21.01.1980,Indonesia,gmaliffei6@aol.com,+62-734-191-5561
Loralie,Griss,La Tinguiña,20.12.1979,Peru,lgrissi7@csmonitor.com,+51-704-937-5711
Filippo,Sobieski,Załuski,19.08.1970,Poland,fsobieskii8@over-blog.com,+48-479-448-6137
Carr,Schooley,Ambatolampy,18.05.1973,Madagascar,cschooleyi9@home.pl,+261-397-168-2087
Boyd,Tue,,,,btueia@about.com,
Editha,Redsall,São Francisco,15.06.1970,Brazil,eredsallib@parallels.com,+55-362-473-6357
Tobi,Cuthill,Loandjili,08.01.1981,Republic of the Congo,tcuthillic@cam.ac.uk,+242-269-801-6455
Raven,Rudeforth,Hanjianglu,03.05.1950,China,rrudeforthid@indiegogo.com,+86-552-507-7634
Ring,Smidmoor,Dve Mogili,17.08.1963,Bulgaria,rsmidmoorie@drupal.org,+359-123-485-0062
Sumner,Ephson,,,,sephsonif@theatlantic.com,
Lorena,Skakunas,Pilawa,01.04.1982,Poland,lskakunasig@hugedomains.com,+48-565-692-1584
Claudine,Mattiello,Himensulan,07.05.1962,Philippines,cmattielloih@timesonline.co.uk,+63-486-759-9442
Winthrop,Faughnan,Sauga,26.09.1957,Estonia,,+372-471-795-9557
Katharyn,Blunsen,Itzig,19.11.1962,Luxembourg,kblunsenij@seesaa.net,+352-948-282-4162
Hashim,Rosenkrantz,Serikbuya,03.08.1989,China,hrosenkrantzik@admin.ch,+86-776-764-5991
Flemming,Depke,Gros Morne,22.03.1974,Haiti,fdepkeil@baidu.com,+509-381-264-6893
Frankie,Jerzycowski,Opařany,05.09.1957,Czech Republic,fjerzycowskiim@weather.com,+420-777-397-3534
Derek,Napoleon,Mersa Matruh,30.09.1973,Egypt,dnapoleonin@nbcnews.com,+20-212-423-8131
Lovell,Flewan,Benhong,03.08.1965,China,lflewanio@squidoo.com,+86-831-995-8273
Barr,Sterricks,Łopuszna,18.10.1961,Poland,bsterricksip@squidoo.com,+48-123-761-2927
Arvin,Sappy,,,,asappyiq@barnesandnoble.com,
Anabel,Woodison,Lezhë,11.12.1951,Albania,,+355-921-190-9931
Kaela,Fernyhough,Camden,21.11.1984,United States,kfernyhoughis@japanpost.jp,+1-856-286-5278
Pepe,Wharf,Inčukalns,11.08.1985,Latvia,pwharfit@e-recht24.de,+371-430-505-7121
Joelie,Menel,Tierralta,23.04.1980,Colombia,jmeneliu@mediafire.com,+57-253-354-8038
Bartholomeo,Childes,Hanjianglu,17.09.1969,China,bchildesiv@fda.gov,+86-235-781-1480
Mellicent,de Wilde,Abade de Vermoim,20.01.1955,Portugal,mdewildeiw@webmd.com,+351-434-312-3864
Stillman,Poschel,Temayang,11.02.1986,Indonesia,sposchelix@apple.com,+62-277-232-2255
Verna,Giacobillo,Izyaslav,01.03.1978,Ukraine,,+380-299-823-0952
Julio,Rootham,Primorskiy,30.04.1999,Russia,jroothamiz@ehow.com,+7-325-311-8365
Jacky,Charter,Lanlongkou,25.08.1975,China,jcharterj0@hibu.com,+86-113-557-7863
Burnard,Stewart,,,,bstewartj1@deviantart.com,
Sheree,Melland,Chaviña,06.01.1956,Peru,smellandj2@ftc.gov,+51-323-420-8807
Garek,Dello,Tidili Mesfioua,01.05.1989,Morocco,gdelloj3@4shared.com,+212-945-132-0985
Imogen,MacDearmont,Cuauhtemoc,15.06.1950,Mexico,imacdearmontj4@hugedomains.com,+52-673-516-8006
Lynn,Gendrich,Lanxi,09.12.1963,China,lgendrichj5@chronoengine.com,+86-759-977-8352
Harmonie,Howatt,Maastricht,31.12.1998,Netherlands,hhowattj6@mail.ru,+31-814-487-0735
Ulrica,Keningham,Tejakalapa,22.12.1950,Indonesia,ukeninghamj7@hostgator.com,+62-540-960-3527
Phillida,Kahen,,,,pkahenj8@liveinternet.ru,
Katie,Karadzas,Tokmok,30.06.1962,Kyrgyzstan,,+996-434-414-3028
Gualterio,Gregoli,São Roque,01.08.1972,Brazil,,+55-129-549-3439
Noel,Havesides,Parral,16.06.1968,Chile,nhavesidesjb@1688.com,+56-510-968-8124
Trista,Szanto,Napierville,13.06.1955,Canada,,+1-578-249-9253
Sophia,MacLardie,Buruanga,04.05.1952,Philippines,smaclardiejd@exblog.jp,+63-534-973-4975
Bar,Doble,Wangba,06.08.1977,China,bdobleje@who.int,+86-170-765-3937
Cooper,Posse,Cikupa,23.06.1994,Indonesia,cpossejf@edublogs.org,+62-458-388-4689
Diann,Aizik,Yallahs,30.03.1999,Jamaica,,+1-149-365-3698
Christian,Esbrook,Salamina,30.10.1958,Colombia,cesbrookjh@zdnet.com,+57-118-890-0312
Crystal,Rogan,Kalininaul,01.11.1959,Russia,,+7-452-555-0781
Tracey,Callan,Végueta,15.08.1972,Peru,tcallanjj@de.vu,+51-642-337-5429
Colin,Gwilliam,Tagapul-an,08.02.1972,Philippines,cgwilliamjk@ucoz.com,+63-290-397-3462
Orelia,McGeechan,Kendari,21.02.1963,Indonesia,,+62-600-682-6276
Jerrilyn,Sulter,Duma,26.09.1974,China,jsulterjm@usgs.gov,+86-955-328-5100
Margi,Linney,Urus-Martan,16.10.1980,Russia,,+7-545-374-3316
Brande,De Vuyst,El Limon,12.06.1960,Mexico,,+52-993-290-2048
Lorenza,Kernocke,Kristianstad,05.04.1970,Sweden,lkernockejp@slashdot.org,+46-956-967-4356
Micheil,Butt Gow,Jiaomingsi,14.02.1954,China,mbuttgowjq@cyberchimps.com,+86-283-898-2691
Abigael,Anfusso,Maddela,27.04.1998,Philippines,aanfussojr@shutterfly.com,+63-664-363-2276
Elsy,Brasted,Kanekomachi,03.05.1998,Japan,,+81-726-674-4572
Odelle,Murrow,Uvarovo,16.08.1987,Russia,omurrowjt@nymag.com,+7-630-448-5455
Heather,Hardingham,Trảng Bom,07.04.1988,Vietnam,hhardinghamju@msu.edu,+84-443-945-8987
Brig,Campana,Sunampe,28.11.1978,Peru,,+51-584-891-3559
Clementius,Serck,Chynów,17.02.1997,Poland,cserckjw@google.ca,+48-287-739-8276
Justis,McGeouch,Jawf al Maqbābah,28.03.1999,Yemen,jmcgeouchjx@ustream.tv,+967-491-614-8767
Fielding,Smullen,Ostrogozhsk,11.01.1983,Russia,fsmullenjy@uiuc.edu,+7-406-191-5895
Holmes,Guirau,Tabatinga,13.09.1993,Brazil,hguiraujz@wikispaces.com,+55-938-195-1643
Abie,Le land,Prozor,10.12.1963,Bosnia and Herzegovina,alelandk0@ebay.co.uk,+387-468-538-6436
Ingelbert,Vandenhoff,Крива Паланка,08.03.1977,Macedonia,ivandenhoffk1@ask.com,+389-548-790-0121
Bartholemy,Oslar,Johor Bahru,16.08.1990,Malaysia,boslark2@e-recht24.de,+60-377-397-3900
Alano,Porte,Dongyangzhen,21.01.1974,China,aportek3@telegraph.co.uk,+86-173-350-3007
Cristabel,Zannini,Non Sila,06.10.1967,Thailand,,+66-865-893-5402
Hortensia,Madre,Laboulaye,18.12.1958,Argentina,hmadrek5@4shared.com,+54-494-692-6317
Michal,Rolance,Puyung,12.02.1956,Indonesia,mrolancek6@economist.com,+62-672-824-2517
Cristina,Kubera,Dzel,26.06.1986,Mongolia,ckuberak7@barnesandnoble.com,+976-136-180-6084
Rustie,Corkett,,,,rcorkettk8@devhub.com,
Nikolai,Richardin,Medzhibozh,12.01.1982,Ukraine,nrichardink9@vinaora.com,+380-492-877-4616
Al,Edsell,Uitiuhtuan,09.05.1968,Indonesia,aedsellka@about.com,+62-221-844-5429
Marieann,Salan,,,,msalankb@bloglovin.com,
Morgana,Cordingly,Cordova,07.06.1984,Philippines,mcordinglykc@redcross.org,+63-554-632-1849
Quinton,Klebes,Kan,13.02.1951,China,qklebeskd@wp.com,+86-382-585-7176
Amalle,Probets,Floresta,26.03.1974,Brazil,aprobetske@ft.com,+55-401-547-2672
Audi,Ilyunin,Dabao,15.07.1987,China,ailyuninkf@surveymonkey.com,+86-580-199-6010
Claretta,Sheepy,Ponta do Sol,10.02.1996,Cape Verde,csheepykg@goo.ne.jp,+238-621-463-8926
Julio,Janisson,Prochowice,12.09.1957,Poland,,+48-233-161-9941
Kira,Jozsa,,,,kjozsaki@shutterfly.com,
Fielding,Yates,Katsuyama,17.10.1958,Japan,fyateskj@engadget.com,+81-576-350-6664
Sarah,Whitchurch,Mae Wang,02.10.1984,Thailand,swhitchurchkk@dropbox.com,+66-845-375-2914
Shepperd,Kyne,Zhangdan,27.11.1961,China,skynekl@meetup.com,+86-234-813-8049
Joni,Castro,Helsingborg,18.06.1984,Sweden,jcastrokm@sfgate.com,+46-779-158-8801
Faydra,Liddel,Örebro,05.10.1960,Sweden,fliddelkn@yale.edu,+46-734-238-1877
Nikolas,Brozsset,Gouxaria,30.05.1993,Portugal,,+351-768-103-2766
Ryon,Fakeley,Samdrup Jongkhar,04.04.1980,Bhutan,rfakeleykp@imgur.com,+975-451-278-9781
Yovonnda,De Michetti,Quinta de Valadares,17.03.1988,Portugal,ydemichettikq@unblog.fr,+351-670-340-8060
Smitty,Bithany,Kongtian,02.07.1951,China,sbithanykr@themeforest.net,+86-861-759-7695
Sharlene,Hallyburton,Sandnes,29.02.1956,Norway,shallyburtonks@tamu.edu,+47-437-101-0610
Alphard,Kettley,Sop Moei,03.02.1976,Thailand,akettleykt@weather.com,+66-591-282-5261
Prudy,Yakebowitch,Longtan,25.10.1980,China,pyakebowitchku@last.fm,+86-513-669-2104
Tedman,Theunissen,Sandu,28.09.1988,China,ttheunissenkv@cornell.edu,+86-731-360-6354
Nehemiah,Kiddy,Ketawang,02.03.1975,Indonesia,nkiddykw@taobao.com,+62-268-221-6997
Lolita,Esmead,Mateur,11.11.1977,Tunisia,lesmeadkx@google.com.br,+216-179-979-6519
Ira,Rebanks,Ad Dīwānīyah,18.04.1995,Iraq,irebanksky@uiuc.edu,+964-130-947-3171
Shelby,Snelman,Joyabaj,29.01.1956,Guatemala,ssnelmankz@smh.com.au,+502-228-564-8539
Lorette,Klimontovich,Magdalena,17.07.1959,Peru,lklimontovichl0@blinklist.com,+51-672-811-7287
Talia,Vlach,Australia Square,20.11.1995,Australia,tvlachl1@redcross.org,+61-963-145-3509
Marcello,Betun,Dallas,20.02.1959,United States,mbetunl2@adobe.com,+1-972-190-1397
Myron,Newdick,Murindó,04.08.1950,Colombia,mnewdickl3@ucsd.edu,+57-593-272-4045
Jenilee,Lorans,Yijing,17.05.1975,China,jloransl4@geocities.jp,+86-706-325-2603
Flinn,Sidary,Abbeville,05.05.1954,France,fsidaryl5@live.com,+33-198-106-5709
Lawton,Ovendon,Hicksville,03.07.1975,United States,lovendonl6@ibm.com,+1-516-675-6351
Prudi,Rowth,Karlstad,12.06.1966,Sweden,,+46-227-618-8860
Skye,Ruprich,Purworejo,04.07.1998,Indonesia,sruprichl8@mapquest.com,+62-954-688-8470
Claire,Crafter,Xiangying,25.10.1959,China,ccrafterl9@elegantthemes.com,+86-476-772-2630
Paton,Frodsam,Pyongyang,28.05.1959,North Korea,pfrodsamla@berkeley.edu,+850-542-700-6663
Chiquia,Puttrell,Fonte da Aldeia,18.09.1986,Portugal,cputtrelllb@moonfruit.com,+351-371-191-6179
Fredric,Phelps,Bapska,07.09.1998,Croatia,,+385-936-830-8880
Kerry,Rustich,Sañgay,28.08.1960,Philippines,krustichld@symantec.com,+63-642-733-9526
Winny,Benedetti,Trikora,04.12.1991,Indonesia,wbenedettile@umich.edu,+62-881-592-9979
Dur,Chiswell,La Azulita,07.03.1951,Venezuela,dchiswelllf@dedecms.com,+58-256-715-5138
Brittany,Winwood,Bogotá,24.01.1995,Colombia,,+57-417-165-7637
Wendel,Flacke,Ćićevac,01.07.1974,Serbia,wflackelh@cdc.gov,+381-432-641-9882
Quintina,Churchouse,Kladruby,14.12.1979,Czech Republic,qchurchouseli@google.com.hk,+420-260-832-1823
Giles,Hinchshaw,Shuangzhong,17.11.1960,China,ghinchshawlj@printfriendly.com,+86-177-567-6478
Petunia,Jentgens,,,,pjentgenslk@yahoo.co.jp,
Roze,Davydoch,Muraloka,15.04.1985,Indonesia,rdavydochll@mozilla.com,+62-832-883-0885
Merrie,Raoul,Tenggun Dajah,20.03.1954,Indonesia,,+62-597-745-3333
Cleavland,Crips,Alebtong,03.09.1970,Uganda,ccripsln@chronoengine.com,+256-690-380-6760
Sheridan,Elves,Oneop,12.07.1963,Micronesia,selveslo@blogger.com,+691-659-267-7319
Bree,McKinnon,Yaroslavl,15.11.1993,Russia,bmckinnonlp@desdev.cn,+7-605-585-1600
Kelvin,Gudd,Huogezhuang,27.05.1958,China,kguddlq@apple.com,+86-335-427-1488
Isaak,Whetnall,Yamen,30.05.1986,China,iwhetnalllr@vkontakte.ru,+86-384-583-2287
Maurene,Trayes,Hengbanqiao,07.01.1953,China,mtrayesls@google.cn,+86-975-662-1556
Jerad,Kobpal,Yangyuan,04.12.1986,China,jkobpallt@yolasite.com,+86-669-797-0071
Caria,Sallan,Mosal’sk,20.02.1996,Russia,csallanlu@multiply.com,+7-493-305-7882
Melinda,Toffts,Kazanskoye,20.05.1957,Russia,mtofftslv@shop-pro.jp,+7-171-526-0269
Winn,Bleckly,Urcos,31.03.1952,Peru,wblecklylw@reddit.com,+51-572-593-6795
Virginia,Sibbert,Beishan,19.10.1952,China,,+86-781-811-8379
Zach,Beaumont,Vitali,04.07.1951,Philippines,zbeaumontly@deviantart.com,+63-842-640-5502
Dorolisa,Poff,Kisoro,27.05.1973,Uganda,dpofflz@smh.com.au,+256-178-535-8895
Asia,While,Fier,10.06.1976,Albania,awhilem0@bigcartel.com,+355-880-773-2604
Gwenneth,Corryer,Bologna,01.04.1965,Italy,gcorryerm1@japanpost.jp,+39-694-147-2867
Ediva,Stud,Kastornoye,07.06.1969,Russia,estudm2@about.me,+7-715-564-2127
Meagan,Tschirschky,Isakly,10.11.1983,Russia,,+7-304-444-5874
Boycey,Edmons,Suchen,04.01.1975,China,bedmonsm4@comsenz.com,+86-306-466-1953
Wanids,Allmond,,,,wallmondm5@squarespace.com,
Nadia,Rimer,Moissy-Cramayel,11.07.1974,France,,+33-662-940-5005
Janie,Sorsby,,,,jsorsbym7@nature.com,
Zelig,Rikkard,Cachadinha,28.04.1952,Portugal,zrikkardm8@pcworld.com,+351-574-243-5584
Purcell,Hanfrey,Nabunturan,27.02.1973,Philippines,phanfreym9@typepad.com,+63-216-216-3504
Rhody,Campanelli,,,,rcampanellima@ow.ly,
Rowan,Rodman,Wangcun,10.02.1955,China,rrodmanmb@usnews.com,+86-161-959-0001
Ezechiel,Chipps,Xijiao,02.01.1952,China,echippsmc@bandcamp.com,+86-310-619-6041
Norean,Borwick,,,,nborwickmd@newyorker.com,
Betty,Vigors,Pili,11.10.1985,Indonesia,,+62-667-666-4371
Kally,Pietrowicz,Getazat,13.02.1973,Armenia,kpietrowiczmf@cisco.com,+374-286-212-4859
Thibaud,Gamell,Hostěradice,17.06.1989,Czech Republic,tgamellmg@photobucket.com,+420-895-316-5248
Petr,Palumbo,Guanmiao,22.08.1970,China,ppalumbomh@mit.edu,+86-690-296-5021
Olenolin,Smallpeice,Ampera,15.02.1984,Indonesia,osmallpeicemi@is.gd,+62-780-629-2360
Kaye,Dimberline,Saint Louis,14.01.1977,United States,kdimberlinemj@guardian.co.uk,+1-314-611-5908
Enid,Thunders,Méru,30.11.1970,France,ethundersmk@geocities.jp,+33-208-710-6490
Arlinda,Linster,Gręboszów,07.03.1983,Poland,alinsterml@washingtonpost.com,+48-235-468-4485
Nikolia,Petracco,Cihaur,21.11.1951,Indonesia,npetraccomm@apple.com,+62-635-125-5041
Giavani,MacRinn,,,,gmacrinnmn@google.ca,
Darn,Pashby,Carrigtwohill,10.09.1989,Ireland,dpashbymo@skype.com,+353-549-581-8151
Zarla,Sorro,Bakan,18.03.1980,Indonesia,zsorromp@indiatimes.com,+62-721-794-4250
Roderich,Ogdahl,Bissen,22.10.1995,Luxembourg,,+352-224-508-6627
Cherish,Bourget,Bulongji,10.05.1997,China,cbourgetmr@360.cn,+86-613-269-0314
Ferrell,Dorwood,Shilovo,02.10.1964,Russia,fdorwoodms@linkedin.com,+7-793-165-9604
Gian,Vineall,Gunungsari,24.06.1994,Indonesia,gvineallmt@mysql.com,+62-456-381-3110
Paco,Blackesland,Atsugi,30.08.1961,Japan,pblackeslandmu@bandcamp.com,+81-928-389-4422
Eduardo,Brockie,Pasauran,15.02.1981,Indonesia,ebrockiemv@shutterfly.com,+62-576-700-1319
Patricio,Biffin,Cangkringan,16.09.1987,Indonesia,pbiffinmw@newyorker.com,+62-612-708-2297
Estel,Meddows,Starobelokurikha,07.04.1983,Russia,,+7-802-410-1264
Donnell,Chainey,Kupu,01.12.1959,China,dchaineymy@go.com,+86-696-376-9316
Emiline,Huntington,Loreto,07.08.1998,Argentina,,+54-211-366-0831
Giovanni,Nenci,Khilok,13.10.1996,Russia,gnencin0@dailymotion.com,+7-447-350-8584
Raffarty,Fellenor,Yevpatoriya,27.03.1968,Ukraine,rfellenorn1@ifeng.com,+380-642-790-4116
Carrol,Sandercock,Rauna,08.05.1958,Latvia,csandercockn2@soup.io,+371-213-832-1227
Lorain,Riseborough,Guanli,26.10.1989,China,lriseboroughn3@kickstarter.com,+86-871-179-7828
Winny,Walbrun,Al Majāridah,30.04.1997,Saudi Arabia,wwalbrunn4@delicious.com,+966-276-111-4774
Cornela,Whitters,Touying,05.02.1972,China,cwhittersn5@youtube.com,+86-791-768-1604
Martie,Tayspell,,,,,
Gauthier,Kerwen,Stavropol’,18.07.1959,Russia,gkerwenn7@php.net,+7-431-955-5683
Malena,Cleugh,Carapo,03.01.1995,Peru,mcleughn8@wp.com,+51-366-233-3818
Trish,Braunthal,Dinskaya,29.05.1995,Russia,tbraunthaln9@ca.gov,+7-252-949-6916
Phillipe,Wybron,Zhihe,12.05.1994,China,,+86-540-925-8654
Ricki,Hulance,Yujiao,20.07.1969,China,rhulancenb@scientificamerican.com,+86-235-788-7433
Vivyanne,Vaudin,Qingkou,30.08.1978,China,vvaudinnc@usda.gov,+86-216-177-1979
Retha,Fothergill,Peruíbe,19.06.1975,Brazil,rfothergillnd@fotki.com,+55-851-698-2287
Hebert,Gallagher,Atamanovka,17.06.1992,Russia,,+7-808-484-1569
Piggy,Hambribe,Paobokol,08.03.1991,Indonesia,phambribenf@lulu.com,+62-166-558-8860
Chrotoem,Habishaw,Cukanguncal,26.03.1998,Indonesia,chabishawng@indiatimes.com,+62-890-467-3720
Lauryn,Beecker,Yaozhou,07.01.1987,China,lbeeckernh@canalblog.com,+86-447-675-0841
Diandra,Folkard,Horta,09.06.1951,Portugal,dfolkardni@scientificamerican.com,+351-650-376-5942
Ailene,Boothe,Niuzhuang,16.09.1970,China,aboothenj@acquirethisname.com,+86-515-740-5483
Granthem,Jiroudek,Ōi,10.01.1962,Japan,gjiroudeknk@trellian.com,+81-819-350-0100
Donelle,Bisiker,Fujiayan,17.04.1996,China,dbisikernl@walmart.com,+86-706-969-6423
Jen,Disbrey,Yuanshanzi,23.09.1991,China,jdisbreynm@bravesites.com,+86-717-443-1710
Palmer,Hymer,Sanok,18.06.1970,Poland,phymernn@flickr.com,+48-504-176-0287
Dulcine,Bridgeman,Puerto San José,05.02.1970,Guatemala,dbridgemanno@vimeo.com,+502-316-775-6267
Andromache,Bastow,Cipari,10.08.1976,Indonesia,abastownp@github.io,+62-403-197-6301
Terri,Paddington,San Remigio,14.01.1965,Philippines,tpaddingtonnq@unicef.org,+63-991-534-5786
Malachi,Tue,Străşeni,05.06.1968,Moldova,mtuenr@edublogs.org,+373-891-582-0230
Sally,Stanbrooke,Krajan Srigonco,15.04.1960,Indonesia,sstanbrookens@addtoany.com,+62-138-856-3961
Zackariah,Saker,Ben Arous,02.06.1982,Tunisia,zsakernt@globo.com,+216-985-902-8145
Dalston,Gowling,Baixo Guandu,25.02.1953,Brazil,,+55-199-589-0961
Jennee,Zannutti,Ventspils,06.06.1962,Latvia,jzannuttinv@rakuten.co.jp,+371-165-692-5436
Katie,Winship,Söderhamn,13.08.1966,Sweden,kwinshipnw@youtu.be,+46-673-303-3178
Pandora,Motte,Mỹ Tho,25.10.1954,Vietnam,,+84-571-429-3971
Theda,Fleetham,Telnice,27.06.1999,Czech Republic,tfleethamny@hao123.com,+420-711-493-2329
Felicle,Ackermann,Fāqūs,06.03.1968,Egypt,fackermannnz@pinterest.com,+20-294-725-6393
Meara,Oguz,Texistepeque,10.11.1956,El Salvador,moguzo0@phoca.cz,+503-352-230-3156
Alyosha,Rehn,Paragominas,15.07.1995,Brazil,arehno1@addthis.com,+55-378-294-8352
Julissa,Springett,Banjar Asahduren,01.05.1985,Indonesia,jspringetto2@blogtalkradio.com,+62-754-464-7249
Daryle,Zorzutti,Tosno,08.02.1990,Russia,dzorzuttio3@cocolog-nifty.com,+7-914-776-9869
Leeann,Vezey,Saint-Nazaire,14.04.1979,France,lvezeyo4@mozilla.org,+33-787-932-3002
Cilka,Strodder,Dahe,01.08.1987,China,cstroddero5@mozilla.com,+86-280-724-7979
Ailene,Burfoot,Auch,28.11.1971,France,aburfooto6@google.com.au,+33-687-728-6074
Rooney,Pavolillo,Wat Bot,14.02.1965,Thailand,rpavolilloo7@reference.com,+66-205-566-9893
Georgeanna,Cutbush,,,,gcutbusho8@hugedomains.com,
Malynda,Lowis,Khānewāl,18.10.1988,Pakistan,,+92-518-930-1052
Alessandro,Lefever,Huotian,28.05.1980,China,alefeveroa@buzzfeed.com,+86-412-300-0403
Garey,Avieson,Urazovka,26.03.1977,Russia,gaviesonob@who.int,+7-701-461-7933
Oswell,Grazier,,,,ograzieroc@google.it,
Selestina,Chaff,Sośnicowice,03.11.1967,Poland,schaffod@hao123.com,+48-306-753-5909
Uriel,Pescod,Kungälv,04.03.1950,Sweden,upescodoe@theatlantic.com,+46-177-518-9693
Benoite,Featherstonhaugh,Huping,07.08.1958,China,bfeatherstonhaughof@upenn.edu,+86-845-252-9188
Adrian,Coenraets,Māmu Kānjan,17.01.1989,Pakistan,acoenraetsog@imdb.com,+92-851-579-5097
Major,Lapthorn,Daoxian,06.05.1997,China,mlapthornoh@free.fr,+86-400-263-3790
Maribel,Fennelow,Bergen,10.09.1992,Norway,,+47-369-414-3999
Siouxie,Gaishson,Macamic,22.03.1953,Canada,sgaishsonoj@vimeo.com,+1-590-333-7288
Lucho,Bleaden,Śniadowo,09.05.1969,Poland,lbleadenok@seattletimes.com,+48-722-989-9369
Patton,Renyard,Rachanie,04.01.1992,Poland,prenyardol@lycos.com,+48-507-417-0667
Cassandre,Giottini,Dorchester,22.01.1971,Canada,cgiottiniom@booking.com,+1-287-698-2312
Emmerich,Threader,Shaghat,09.02.1993,Armenia,ethreaderon@buzzfeed.com,+374-906-736-6758
Elsa,Hubbuck,Banyuurip,24.09.1968,Indonesia,ehubbuckoo@wp.com,+62-418-677-4094
Mitzi,Rosbottom,Giv'on HaHadasha,24.08.1987,Israel,mrosbottomop@ask.com,+972-571-826-2996
Lynne,Tomblett,Mizi,12.10.1982,China,ltomblettoq@360.cn,+86-869-211-6267
Waly,Tinman,Lundazi,31.03.1950,Zambia,wtinmanor@facebook.com,+260-943-841-0353
Nefen,Maslen,Luofang,15.05.1990,China,,+86-472-457-1881
Eva,Gilstoun,Stamáta,21.05.1993,Greece,,+30-988-892-5513
Davidson,Filmer,Dingjia,04.08.1998,China,dfilmerou@bbb.org,+86-885-718-2921
Chev,Cleare,Linggamanik,16.10.1956,Indonesia,ccleareov@dell.com,+62-509-138-4502
Erv,Dudderidge,Karangsari,17.10.1984,Indonesia,edudderidgeow@twitter.com,+62-871-778-4090
Sonni,Nowell,Gigant,20.08.1962,Russia,snowellox@taobao.com,+7-771-970-4197
Benito,Simison,Hedong,23.06.1987,China,,+86-895-467-3496
Burt,Langfat,Kieta,18.06.1993,Papua New Guinea,blangfatoz@amazonaws.com,+675-482-668-7316
Edi,Boler,,,,ebolerp0@goo.gl,
Colan,Aspinal,Lacabamba,24.12.1998,Peru,caspinalp1@amazon.de,+51-751-497-6547
Vivia,Dawidsohn,San Antonio Ilotenango,22.03.1961,Guatemala,vdawidsohnp2@newyorker.com,+502-469-684-9595
Lelah,Gianettini,Ribeirão,16.11.1989,Brazil,lgianettinip3@webnode.com,+55-540-231-0450
Nicole,Kleanthous,Yasnogorsk,28.05.1999,Russia,nkleanthousp4@squarespace.com,+7-795-221-1209
Colby,Boxer,Turku,22.10.1956,Finland,cboxerp5@360.cn,+358-369-725-3972
Elvina,Blyth,Chengzhong,14.05.1991,China,eblythp6@sogou.com,+86-675-746-9084
Eric,Attril,,,,,
Morey,McShirrie,Lysyanka,17.09.1970,Ukraine,mmcshirriep8@usnews.com,+380-236-407-0851
Arny,Scurlock,Presidente Médici,27.10.1951,Brazil,ascurlockp9@constantcontact.com,+55-483-580-4535
Nike,Lober,Tomilino,09.01.1997,Russia,nloberpa@google.fr,+7-211-286-9810
Eustace,oldey,Nezvěstice,28.05.1998,Czech Republic,eoldeypb@google.ru,+420-410-718-3996
Lacie,Drillingcourt,Klutuk,08.01.1968,Indonesia,ldrillingcourtpc@wisc.edu,+62-148-308-3259
Georgette,Aldie,Pong,26.12.1995,Thailand,galdiepd@51.la,+66-557-648-1721
Carmita,Setterfield,Pombas,25.09.1986,Cape Verde,csetterfieldpe@tinyurl.com,+238-435-861-3688
Averil,Perigeaux,Baqiao,20.10.1989,China,aperigeauxpf@fastcompany.com,+86-951-876-2460
Lorne,Dominick,Novyy,08.03.1975,Russia,,+7-964-252-2951
Cchaddie,Maytum,Jaqué,19.02.1953,Panama,cmaytumph@hostgator.com,+507-309-390-3156
Harwilll,Iacavone,Dadeldhurā,20.10.1993,Nepal,hiacavonepi@discuz.net,+977-301-802-0871
Gerti,Clinning,Shināş,06.11.1979,Oman,gclinningpj@statcounter.com,+968-316-667-4661
Boone,Revel,Chuzhou,10.12.1962,China,,+86-605-529-9977
Darleen,Kelner,Karipidita,09.02.1952,Indonesia,dkelnerpl@house.gov,+62-791-655-6991
Hermy,Stickens,Gaplokan,18.05.1992,Indonesia,hstickenspm@oakley.com,+62-912-164-4681
Nye,Mingus,Bazar-Korgon,15.01.1986,Kyrgyzstan,nminguspn@parallels.com,+996-753-457-9164
Jacquetta,Rosenbush,Pananaw,05.03.1969,Philippines,jrosenbushpo@ehow.com,+63-116-192-3316
Sarene,Trulocke,Vyerkhnyadzvinsk,05.12.1982,Belarus,strulockepp@biglobe.ne.jp,+375-904-283-8805
Agna,Franz-Schoninger,Qianshan,08.12.1981,China,afranzschoningerpq@toplist.cz,+86-732-402-6705
Jody,Ever,Pristen’,18.04.1972,Russia,jeverpr@feedburner.com,+7-990-682-0513
Marcile,Storr,Ketawang,14.11.1959,Indonesia,mstorrps@nature.com,+62-756-861-4168
Clareta,Scutt,Pajé,01.11.1950,Comoros,cscuttpt@fda.gov,+269-134-313-8909
Correy,Aguirre,Sumurasin,20.11.1973,Indonesia,caguirrepu@example.com,+62-354-216-0749
Forest,Widmore,Aldeia da Mata,20.03.1975,Portugal,fwidmorepv@de.vu,+351-313-863-7372
Dorry,Robez,Dongxiaokou,16.03.1975,China,drobezpw@time.com,+86-420-237-1848
Godiva,Bein,Vannes,03.02.1978,France,gbeinpx@posterous.com,+33-546-154-7313
Jud,Ingleton,Oyabe,11.11.1969,Japan,jingletonpy@nps.gov,+81-966-436-6365
Dorella,McTavish,,,,dmctavishpz@g.co,
Abel,Furby,Ramon’,14.10.1970,Russia,afurbyq0@woothemes.com,+7-500-609-7838
Vincents,Coatman,Nebug,05.12.1980,Russia,vcoatmanq1@shutterfly.com,+7-121-860-8781
Anett,Barnaclough,Lantian,23.12.1994,China,abarnacloughq2@bbc.co.uk,+86-108-652-6045
Maryann,Bocken,Dianya,04.06.1983,China,mbockenq3@wired.com,+86-143-198-8380
Debora,Zettler,Aqaba,09.07.1961,Jordan,dzettlerq4@dailymotion.com,+962-518-841-4494
Shell,Burg,Xiaoya,20.05.1999,China,sburgq5@theglobeandmail.com,+86-520-462-4300
Lona,Creboe,Fresno,23.12.1952,United States,,+1-714-716-8419
Fonsie,Fuke,Nueva Loja,19.07.1999,Ecuador,ffukeq7@amazon.co.uk,+593-640-966-1522
Rory,Gillmor,Corinto,15.11.1958,Colombia,rgillmorq8@sina.com.cn,+57-308-815-4188
Zorine,Houltham,Juru,11.02.1994,Brazil,zhoulthamq9@google.ru,+55-926-362-9063
Junie,Kubat,Kivertsi,09.02.1989,Ukraine,jkubatqa@amazon.co.uk,+380-844-373-6236
Mill,Oldnall,Battaramulla South,11.07.1978,Sri Lanka,moldnallqb@example.com,+94-972-346-8951
Yuma,MacDermot,Costa Rica,16.03.1983,Brazil,ymacdermotqc@sogou.com,+55-848-889-4281
Ewen,Van Velden,Miasteczko Śląskie,04.08.1969,Poland,evanveldenqd@printfriendly.com,+48-533-999-1852
Alex,Braidley,Xiongshan,27.06.1993,China,,+86-306-188-6295
Osbourn,Livzey,Shijia,04.05.1994,China,olivzeyqf@java.com,+86-796-310-6047
Alair,MacKomb,Dong’an,26.05.1985,China,amackombqg@github.com,+86-271-711-1114
Kennie,Maslen,Duwayr Raslān,12.05.1987,Syria,kmaslenqh@theatlantic.com,+963-228-385-2721
Finlay,Smythe,Kembé,31.10.1972,Central African Republic,fsmytheqi@aboutads.info,+236-289-558-6853
Dona,Cotte,Kolambugan,09.09.1964,Philippines,dcotteqj@gov.uk,+63-339-380-1955
Hobie,Comberbach,Mizhhir’ya,02.07.1985,Ukraine,hcomberbachqk@pinterest.com,+380-734-274-7756
Webster,O' Donohue,Manturovo,20.07.1952,Russia,wodonohueql@plala.or.jp,+7-728-364-0124
Germana,Cartledge,Nyanga,06.12.1975,Zimbabwe,,+263-452-815-2909
Georg,Crystal,Xiangshun,29.04.1971,China,gcrystalqn@chronoengine.com,+86-183-950-5598
Berky,Weare,Albion,19.09.1966,Mauritius,bweareqo@stumbleupon.com,+230-743-666-1522
Phip,Lovelady,Xiangshui,26.11.1964,China,ploveladyqp@jugem.jp,+86-138-274-9388
Gillan,Stelli,Ode,21.03.1952,Nigeria,gstelliqq@ucsd.edu,+234-213-705-2358
Franzen,Kirgan,Xingguo,12.04.1998,China,fkirganqr@shareasale.com,+86-239-319-9769
Stanislas,Bagnall,Charyshskoye,02.06.1982,Russia,sbagnallqs@tinyurl.com,+7-209-568-1521
Paige,Keyse,Pandangan Kulon,01.12.1953,Indonesia,pkeyseqt@cyberchimps.com,+62-143-244-0679
Maridel,Cochran,Finspång,11.11.1972,Sweden,mcochranqu@goo.ne.jp,+46-582-718-9118
Louisa,Moizer,Xianyuan,25.01.1954,China,lmoizerqv@freewebs.com,+86-564-216-7404
Romain,Kedward,Budzów,29.01.1998,Poland,rkedwardqw@artisteer.com,+48-391-547-4983
Rockie,Swinn,Shengshan,10.03.1976,China,rswinnqx@edublogs.org,+86-182-841-8228
Flori,Bwy,Huainan,18.08.1961,China,,+86-994-124-4196
Alasdair,MacCahee,Moyynkum,10.10.1992,Kazakhstan,amaccaheeqz@bbc.co.uk,+7-841-169-9277
Moses,Shoesmith,Da’an,13.03.1960,China,,+86-836-138-0626
Marten,Wehden,Bacheng,05.08.1954,China,mwehdenr1@springer.com,+86-528-604-4610
Jacynth,Lusty,Sanok,09.01.1961,Poland,jlustyr2@ucoz.ru,+48-297-183-9585
Colene,Ginman,Xigaoshan,11.04.1986,China,cginmanr3@ftc.gov,+86-406-690-2427
Gerta,Redhouse,Jimaguayú,18.02.1976,Cuba,,+53-937-104-9179
Nonnah,Landor,,,,nlandorr5@wordpress.org,
Caryn,Janecki,Shuiying,30.07.1976,China,cjaneckir6@kickstarter.com,+86-359-439-1662
Lemar,Grassett,Mangai,18.05.1960,Democratic Republic of the Congo,lgrassettr7@forbes.com,+242-792-912-6074
Minerva,Cutmare,Wierzchucino,04.11.1954,Poland,mcutmarer8@dailymotion.com,+48-441-268-1378
Issi,Biddiss,Pensacola,16.06.1978,United States,ibiddissr9@freewebs.com,+1-850-848-4156
Carly,Tondeur,Saint John,14.02.1970,Malta,ctondeurra@tiny.cc,+356-643-672-2162
Ody,Pennacci,Ralevka,06.03.1975,Ukraine,opennaccirb@usatoday.com,+380-998-524-0512
Brooks,Syplus,Mo I Rana,01.12.1955,Norway,bsyplusrc@e-recht24.de,+47-965-385-9990
Arielle,Minithorpe,Kstovo,12.01.1991,Russia,aminithorperd@ask.com,+7-620-795-6519
Licha,Kirwan,Irirum,16.12.1995,Philippines,lkirwanre@fda.gov,+63-571-284-7517
Calley,Holme,Batubantar,05.03.1952,Indonesia,,+62-308-171-2559
Elena,Arnould,Düsseldorf,27.04.1960,Germany,earnouldrg@flavors.me,+49-932-316-0490
Vita,Malitrott,Batou,27.06.1987,China,vmalitrottrh@vinaora.com,+86-618-288-2032
Selby,Nattrass,Villa Bustos,04.05.1991,Argentina,,+54-395-350-1196
Anatollo,Hercock,Ust’-Kalmanka,19.12.1980,Russia,ahercockrj@uol.com.br,+7-150-786-1390
Junie,Martinetto,Gobernador Gálvez,19.04.1993,Argentina,jmartinettork@blogspot.com,+54-215-941-7861
Town,Makinson,Ngetkib,17.08.1975,Palau,tmakinsonrl@booking.com,+680-392-574-4803
Maura,Benka,Nieying,06.02.1954,China,mbenkarm@nature.com,+86-878-959-3022
Upton,Bette,Nevers,30.01.1955,France,ubettern@etsy.com,+33-731-179-4586
Jordon,Chaston,Semampirbarat,20.05.1963,Indonesia,,+62-863-164-4115
Mendel,Ide,Kulpin,19.03.1997,Serbia,miderp@wisc.edu,+381-371-964-4840
Arlin,Kennefick,Västerås,07.05.1974,Sweden,akennefickrq@webmd.com,+46-177-819-5158
Sammy,Gorey,Numata,01.01.1974,Japan,sgoreyrr@washington.edu,+81-805-682-0073
