first_name,last_name,birth_place,birth_date,country_living_in,email,phone
Jehu,Draysey,Aleksandrów,06/09/1978,Poland,jdraysey0@chicagotribune.com,629-461-0952
Alaric,Coyne,Mao,07/07/1970,Chad,acoyne1@who.int,468-619-2850
Katee,Snoding,Skuratovskiy,07/11/1983,Russia,ksnoding2@bbb.org,145-402-9214
Terrye,Lorenzo,Buyant,10/01/1961,Mongolia,tlorenzo3@army.mil,408-406-2667
Darla,Duchenne,,,,,
Tudor,Furniss,Escada,08/06/1972,Brazil,tfurniss5@example.com,579-500-6849
Carlee,Beaney,Hispania,07/31/1960,Colombia,cbeaney6@usda.gov,138-664-6922
Shauna,Fagence,Banjar,10/14/1972,Indonesia,sfagence7@reddit.com,871-269-8299
Sherlock,Lodder,Newark,11/07/1996,United States,slodder8@digg.com,302-400-8091
Mannie,Frick,Zhenjiang,07/26/1958,China,mfrick9@miitbeian.gov.cn,761-718-0344
Alfons,Tyrrell,Kvasy,08/01/1987,Ukraine,atyrrella@arizona.edu,149-459-0960
Betteanne,Provest,Tlogoagung,03/11/1970,Indonesia,bprovestb@google.com.br,484-873-3500
Tye,Tiesman,Balengbeng,01/21/1978,Indonesia,ttiesmanc@cnbc.com,816-916-6091
Guillermo,Wardhough,Midland,03/06/1965,Canada,gwardhoughd@acquirethisname.com,497-837-9178
Ivar,Brose,Čajetina,01/18/1989,Serbia,ibrosee@imgur.com,689-847-0293
Camilla,Skewis,Flying Fish Cove,10/12/1970,Christmas Island,cskewisf@liveinternet.ru,986-927-8926
Melantha,Scutchin,Oslo,12/23/1972,Norway,mscutching@senate.gov,951-594-7898
Baillie,Riepl,Valencia,03/19/1965,Philippines,brieplh@jimdo.com,974-169-7354
Gilberto,Castro,Pułtusk,06/14/1967,Poland,gcastroi@list-manage.com,164-700-1616
Pacorro,Duffyn,Buga,10/15/1963,Mongolia,,875-469-5058
Barbi,Fearnley,Wuxi,11/22/1981,China,bfearnleyk@thetimes.co.uk,775-334-0758
Sandye,Fewings,Tamiso,09/25/1990,Philippines,sfewingsl@trellian.com,189-140-4640
Elton,Folds,Tokorozawa,03/11/1959,Japan,,545-384-1385
Yuri,Suttell,Peresvet,10/06/1984,Russia,ysuttelln@globo.com,907-774-0952
Lexi,Windmill,Murici,01/20/1988,Brazil,lwindmillo@infoseek.co.jp,142-764-4764
Nara,McSporon,Aguilares,08/13/1977,Argentina,nmcsporonp@qq.com,598-606-7498
Ginni,Anselm,Lampari,07/09/1979,Philippines,ganselmq@imageshack.us,216-635-2131
Mata,Grabeham,Karlovy Vary,04/20/1952,Czech Republic,,150-975-6866
Rudy,Wemm,Banjarejo,01/17/1992,Indonesia,rwemms@mit.edu,737-382-4337
Johnna,Capper,Quilmes,02/20/1975,Argentina,jcappert@ebay.co.uk,919-601-0558
Thomasina,Scardifeild,Juwana,03/21/1991,Indonesia,tscardifeildu@4shared.com,659-155-0098
Natalya,Ellgood,Kuragaki-kosugi,10/24/1986,Japan,,435-478-5911
Luise,Muddle,Jackson,03/12/1951,United States,lmuddlew@weather.com,601-538-1885
Ralf,Standingford,Kikinda,12/04/1983,Serbia,,538-136-5750
Humphrey,Alexsandrev,Sardasht,09/30/1974,Iran,halexsandrevy@theglobeandmail.com,671-855-5797
Elbertina,Beckley,Ayabe,09/14/1981,Japan,ebeckleyz@tamu.edu,506-973-2227
Emalee,Polo,Korenëvo,01/17/1973,Russia,epolo10@fotki.com,251-933-1239
Caryn,Pickrell,Tolotangga,09/22/1970,Indonesia,cpickrell11@123-reg.co.uk,582-814-3875
Sampson,Royal,Glugur Krajan,10/27/1962,Indonesia,sroyal12@comsenz.com,531-370-7449
Kliment,Measor,Capelinha,08/31/1966,Brazil,kmeasor13@examiner.com,879-470-4010
Dalis,Stadding,Tambawel,01/14/1973,Nigeria,dstadding14@redcross.org,593-324-9427
Johnny,Kenton,Malilipot,04/08/1962,Philippines,jkenton15@berkeley.edu,136-925-1959
Seline,Fawlks,Miami Beach,07/09/1985,United States,sfawlks16@soundcloud.com,305-728-7657
Coralie,Roger,Lubień,04/09/1977,Poland,croger17@yahoo.co.jp,280-105-6963
Dolli,Halso,Zhukovo,10/19/1971,Russia,dhalso18@xrea.com,689-625-8873
Rheba,Wolfinger,Masantol,12/03/1987,Philippines,rwolfinger19@exblog.jp,183-995-9928
Lizzy,Sandaver,Pa Phayom,03/16/1972,Thailand,lsandaver1a@wp.com,157-448-6755
Dallas,Birtwisle,Liuji,10/15/1999,China,dbirtwisle1b@phpbb.com,575-888-7116
Robinetta,Klammt,Minyue,11/15/1978,China,rklammt1c@europa.eu,168-994-6855
Jimmy,Llewellyn,Phong Điền,05/28/1969,Vietnam,jllewellyn1d@harvard.edu,971-486-0136
Lezley,Kiffin,Palermo,08/14/1971,Italy,lkiffin1e@vimeo.com,653-693-9565
Chico,Werrit,Londiani,12/13/1951,Kenya,cwerrit1f@toplist.cz,923-706-9585
Hoebart,Whitwood,Yangjiaqiao,01/18/1952,China,hwhitwood1g@wired.com,962-205-1986
Melesa,Corradino,Łubnice,01/13/1953,Poland,mcorradino1h@ameblo.jp,825-140-6153
Lorianne,Codling,Lyubeshiv,08/23/1984,Ukraine,lcodling1i@dailymail.co.uk,640-297-7841
Brenn,Roller,Brumadinho,11/21/1963,Brazil,broller1j@smugmug.com,795-534-5212
Port,Mathieson,Capim Grosso,12/29/1962,Brazil,pmathieson1k@ucoz.com,978-412-7783
Arabel,Verrick,Ngã Bảy,07/02/1964,Vietnam,averrick1l@nps.gov,422-968-1852
Vasili,Lathee,,,,vlathee1m@istockphoto.com,
Lotty,Cotilard,Tianxingchang,08/10/1966,China,lcotilard1n@google.de,653-650-5590
Darnall,Alves,Saint-Brieuc,09/07/1957,France,dalves1o@bluehost.com,939-943-0160
Yorker,O'Roan,Zhouling,07/08/1968,China,yoroan1p@reuters.com,310-431-5208
Jethro,Garfirth,Rešetari,02/19/1995,Croatia,jgarfirth1q@tinyurl.com,436-176-9741
Gill,Croci,Gasi,12/17/1953,China,gcroci1r@house.gov,678-472-6619
Ermentrude,Doody,Kuncen,12/10/1991,Indonesia,edoody1s@drupal.org,505-113-6220
Ariel,Thunders,Xinyuan,02/26/1992,China,athunders1t@mysql.com,682-710-5239
Cobbie,Rentelll,,,,crentelll1u@parallels.com,
Georgiana,Aubray,Vellinge,12/05/1966,Sweden,gaubray1v@sciencedirect.com,947-557-9210
Marcellus,Valdes,Lendangara Satu,06/21/1976,Indonesia,,543-716-9287
Letty,Katt,Shangsha,12/29/1974,China,lkatt1x@hp.com,506-906-9850
Floris,MacHostie,,,,,
Paul,Brazil,Ramanavichy,09/13/1969,Belarus,,349-635-8268
Sherri,Riches,Quetta,12/13/1996,Pakistan,,438-658-9630
Weston,Abelevitz,Yueyang,12/01/1971,China,wabelevitz21@quantcast.com,278-529-5741
Belvia,Durbin,Markaz Mudhaykirah,06/23/1964,Yemen,bdurbin22@blinklist.com,761-695-7259
Ferrel,Bradnocke,Osan,06/16/1972,South Korea,fbradnocke23@pinterest.com,167-653-2904
Alvie,Dreus,Banqiao,03/16/1989,China,adreus24@privacy.gov.au,265-753-4937
Axel,Bernardelli,Vohipaho,05/25/1969,Madagascar,abernardelli25@tinyurl.com,533-991-7141
Beau,Kun,Rancasadang,09/22/1951,Indonesia,bkun26@t.co,941-291-9913
Olenolin,Morriss,Vyshniy Volochëk,11/21/1986,Russia,omorriss27@yahoo.co.jp,363-200-0759
Charmaine,Garrard,Vila Fria,07/01/1983,Portugal,cgarrard28@sina.com.cn,681-769-5968
Conney,Antonias,Wilkes Barre,01/18/1954,United States,,570-620-1196
Vitoria,Prall,Muritiba,12/06/1980,Brazil,,168-884-3046
Keefe,Breston,Redange-sur-Attert,11/24/1960,Luxembourg,kbreston2b@scribd.com,990-292-1229
Julio,Ivers,Fenkeng,05/03/1967,China,jivers2c@a8.net,589-709-4775
Web,Braun,Youwei,08/14/1967,China,wbraun2d@imgur.com,517-241-8067
Gregor,Bulter,Surcubamba,09/05/1961,Peru,gbulter2e@sogou.com,424-827-7790
Solly,Revening,,,,,
Reider,Duchant,Ikedachō,12/16/1972,Japan,rduchant2g@umich.edu,479-513-6956
Madelina,Lowy,Qing’an,02/27/1987,China,mlowy2h@nba.com,544-273-8998
Dacey,Brittles,Nong Muang Khai,10/07/1956,Thailand,dbrittles2i@sbwire.com,559-816-5829
Valeria,Baddoe,Kumba,10/07/1991,Cameroon,vbaddoe2j@arizona.edu,574-266-5608
Sebastiano,Inchbald,Sagua de Tánamo,04/02/1956,Cuba,sinchbald2k@timesonline.co.uk,260-632-9237
Lexy,Crocket,,,,lcrocket2l@washington.edu,
Rab,Hagley,Nonghe,06/14/1970,China,rhagley2m@amazon.com,714-530-5523
Sigmund,Brickett,Sindanghayu,02/16/1963,Indonesia,sbrickett2n@youtube.com,236-351-7312
Danya,Crose,Lutowiska,07/23/1997,Poland,dcrose2o@google.nl,834-729-9369
Sawyer,Leggon,Phitsanulok,04/19/1997,Thailand,sleggon2p@wufoo.com,897-733-7457
Tammi,Bewshaw,Évry,10/07/1994,France,,788-895-1237
Owen,Haensel,Potrerillos,02/27/1950,Honduras,ohaensel2r@about.com,436-832-6197
Netty,Arnaez,Jangas,01/17/1951,Peru,narnaez2s@patch.com,600-470-7659
Man,Fereday,Shang Boingor,03/12/1964,China,mfereday2t@sciencedirect.com,157-255-1474
Coletta,Jagielski,Nang Rong,07/22/1972,Thailand,cjagielski2u@vinaora.com,787-573-5392
Skipp,Ketch,Vranje,10/21/1996,Serbia,sketch2v@intel.com,327-226-4070
Pooh,De Laspee,Jiezi,02/11/1988,China,pdelaspee2w@ftc.gov,483-625-4589
Gonzalo,De Banke,Petaling Jaya,08/10/1959,Malaysia,gdebanke2x@skyrock.com,543-704-2661
Gorden,Durston,Pervomayskiy,11/03/1964,Russia,gdurston2y@princeton.edu,200-464-1271
Joelly,Zanetello,,,,jzanetello2z@webnode.com,
Reeta,Sarl,Manggu,08/02/1990,Indonesia,rsarl30@paypal.com,672-603-8035
Hartwell,Brittlebank,Cayur,11/13/1997,Indonesia,hbrittlebank31@reuters.com,592-293-7614
Dolli,Mowne,Pantukan,02/12/1989,Philippines,dmowne32@apple.com,989-722-2953
Marni,Dabinett,Lumatil,01/22/1952,Philippines,mdabinett33@csmonitor.com,538-117-6596
Silvie,Kahen,Si That,10/16/1983,Thailand,skahen34@apache.org,397-639-7616
Moishe,Harverson,El Sombrero,11/04/1987,Venezuela,mharverson35@wunderground.com,636-360-7287
Corny,Piwall,Nonsan,10/01/1956,South Korea,cpiwall36@japanpost.jp,619-904-9521
Claudio,Kimbrough,Camarate,08/27/1988,Portugal,ckimbrough37@domainmarket.com,297-784-2480
Ezmeralda,Spurdens,Velyka Bilozerka,11/25/1974,Ukraine,espurdens38@gizmodo.com,566-599-7324
Emeline,Maulden,Ketovo,07/14/1967,Russia,emaulden39@ibm.com,723-573-9535
Sherm,Gerretsen,Salmi,09/10/1952,Russia,sgerretsen3a@eepurl.com,323-118-4080
Caitrin,Georg,Roldanillo,09/12/1954,Colombia,cgeorg3b@china.com.cn,967-154-1365
Esme,Swithenby,Xinmin,04/21/1969,China,eswithenby3c@stanford.edu,314-396-5775
Aidan,Westcar,Ryazan’,07/12/1959,Russia,awestcar3d@vistaprint.com,716-145-4031
Saxon,Deveral,Marseille,10/06/1966,France,sdeveral3e@acquirethisname.com,479-374-6161
Cordi,Autin,Wilmington,04/09/1961,United States,cautin3f@wp.com,302-466-0543
Nial,Belson,Milwaukee,06/13/1955,United States,nbelson3g@comsenz.com,414-891-7640
Hartley,Flanaghan,General Cabrera,11/13/1983,Argentina,hflanaghan3h@dot.gov,562-103-2185
Broderick,Koles,,,,bkoles3i@about.com,
Kimberlyn,Galbreath,Salamnunggal,08/06/1993,Indonesia,kgalbreath3j@cyberchimps.com,429-143-0139
Flora,Ancliffe,Las Parejas,04/17/1977,Argentina,fancliffe3k@auda.org.au,251-276-9746
Vallie,Beel,Pore,07/31/1999,Colombia,vbeel3l@cmu.edu,301-820-8898
Magdalene,Brigg,Jiesheng,07/27/1983,China,mbrigg3m@bravesites.com,436-835-4976
Gratiana,Navaro,Kaga Bandoro,09/20/1979,Central African Republic,gnavaro3n@ox.ac.uk,500-726-7681
Janenna,Crocombe,Tampekan,06/12/1990,Indonesia,jcrocombe3o@networkadvertising.org,311-621-4750
Derril,Hawkes,Mapinrea,04/11/1976,Indonesia,,194-130-3497
Craggy,Schust,Ifo,09/15/1973,Nigeria,cschust3q@arizona.edu,278-214-8859
Evered,Ingley,Rączna,04/18/1983,Poland,eingley3r@usnews.com,617-904-1363
Barnebas,Pettko,Erhe,08/20/1976,China,bpettko3s@utexas.edu,963-669-0033
Persis,Loffhead,Terpsithéa,06/28/1977,Greece,ploffhead3t@github.io,525-649-0112
Josias,Brunelleschi,Paris La Défense,11/04/1994,France,jbrunelleschi3u@shutterfly.com,609-777-8445
Gallard,Wandrack,Jega,12/29/1982,Nigeria,gwandrack3v@homestead.com,602-894-2318
Lyell,Cordel,Aracaju,05/04/1975,Brazil,lcordel3w@thetimes.co.uk,952-180-2178
Giusto,Kingswood,Muyi,03/11/1964,China,gkingswood3x@unicef.org,362-372-6904
Belle,Halleday,Dongli,07/17/1950,China,bhalleday3y@dmoz.org,471-544-0293
Fonz,Fairbeard,Shchigry,07/07/1961,Russia,ffairbeard3z@pagesperso-orange.fr,160-670-5964
Finley,Ahearne,Criciúma,03/26/1976,Brazil,fahearne40@gravatar.com,258-858-4864
Mattias,Hallowell,Garoua,07/07/1977,Cameroon,mhallowell41@foxnews.com,407-247-6270
Jilly,Stearley,Amsterdam Nieuw West,09/23/1970,Netherlands,jstearley42@mashable.com,964-944-2761
Vi,Trighton,Zhapu,06/09/1967,China,vtrighton43@is.gd,376-458-1958
Morganica,Ditch,Lagoa Seca,03/23/1987,Brazil,mditch44@de.vu,104-262-7396
Claiborn,Runsey,Stare Pole,11/01/1960,Poland,crunsey45@marketwatch.com,561-331-3791
Tove,McNellis,Piskavica,11/20/1959,Bosnia and Herzegovina,,180-641-9781
Roland,Arcase,Hazlov,10/01/1954,Czech Republic,rarcase47@army.mil,108-929-7848
Fee,Borgnet,Liangshui,06/08/1998,China,,534-230-5567
Creigh,Deshon,Kalýves Polygýrou,09/04/1961,Greece,cdeshon49@telegraph.co.uk,362-100-3710
Carmita,McCuaig,Idi Rayeuk,08/15/1985,Indonesia,cmccuaig4a@illinois.edu,965-298-9063
Milly,Garrood,Macatuba,12/08/1982,Brazil,mgarrood4b@stanford.edu,289-332-2624
Melvyn,O'Shaughnessy,Tumu’ertai,09/05/1985,China,moshaughnessy4c@gizmodo.com,128-367-7105
Cordie,Tomicki,,,,ctomicki4d@forbes.com,
Chicky,Dachs,Berlin,01/06/1981,Germany,cdachs4e@ebay.com,500-127-7501
Baily,Dubbin,Collingwood,10/30/1981,Canada,bdubbin4f@ycombinator.com,655-764-3475
Spence,Alcott,Karlskoga,05/10/1972,Sweden,salcott4g@go.com,430-787-4644
Kyrstin,Bellas,Hope,07/29/1978,Canada,kbellas4h@twitpic.com,150-740-7811
Robinet,Sleightholm,Trảng Bàng,08/05/1971,Vietnam,rsleightholm4i@sakura.ne.jp,513-785-7866
Shantee,Bodell,Apaga,12/18/1955,Armenia,sbodell4j@howstuffworks.com,958-473-4941
Frasco,Weddeburn - Scrimgeour,San Isidro,08/31/1951,Mexico,fweddeburnscrimgeour4k@domainmarket.com,491-100-7927
Betsey,Derle,Guanba,01/11/1955,China,bderle4l@constantcontact.com,743-990-2944
Mathilde,Stobbs,Pérama,02/10/1982,Greece,mstobbs4m@arstechnica.com,716-926-6998
Kristy,Collinette,Zhangzhen,04/24/1971,China,kcollinette4n@51.la,239-939-2137
Thatch,Edson,Golug,05/18/1958,China,tedson4o@newsvine.com,776-484-8202
Dianna,Gervaise,Stoszowice,10/10/1989,Poland,dgervaise4p@oaic.gov.au,670-855-2803
Von,Dinneen,Xiaping,07/04/1979,China,,190-346-9364
Jaclyn,Mousby,Hepu,02/22/1983,China,jmousby4r@angelfire.com,331-283-0759
Robinet,Slimming,Mozhga,07/07/1977,Russia,rslimming4s@cbslocal.com,943-514-9467
Maure,Hablet,Stockholm,09/24/1957,Sweden,mhablet4t@joomla.org,815-265-9695
Polly,Matuszkiewicz,Verkhneye Kazanishche,04/16/1988,Russia,pmatuszkiewicz4u@unblog.fr,784-449-8226
Udale,Lincoln,Sumberdadi,04/21/1998,Indonesia,ulincoln4v@shareasale.com,368-155-0906
Merna,Chippin,Fermont,01/04/1969,Canada,mchippin4w@epa.gov,994-275-6954
Darsie,Djuricic,Shināş,08/03/1974,Oman,ddjuricic4x@goo.ne.jp,597-768-9012
Dominga,Minchinton,,,,,
Gil,Ormond,La Libertad,07/24/1972,Ecuador,gormond4z@hhs.gov,928-895-7043
Cybill,Plewright,Berlin,01/14/1989,Germany,,940-342-6558
Jerrie,Uphill,Glotovka,08/30/1992,Russia,,347-784-8781
Athene,Iacomelli,Tirlyanskiy,04/17/1996,Russia,aiacomelli52@blogs.com,476-188-0005
Gerda,Lewsley,Yinghua,07/30/1978,China,glewsley53@sohu.com,292-190-6903
Ferrell,Kilbee,Plyeshchanitsy,08/01/1999,Belarus,fkilbee54@usa.gov,612-981-7074
Heloise,Trussler,Panineungan,07/14/1988,Indonesia,htrussler55@wisc.edu,153-533-0970
Kermie,Wherton,El Vigía,08/24/1952,Venezuela,kwherton56@163.com,629-977-1327
Mirilla,Gane,Changqing,06/11/1965,China,,566-453-3285
Ariella,Redford,Kunów,09/23/1957,Poland,aredford58@t.co,444-132-7086
Debbi,Sibbert,Chuquitira,01/13/1972,Peru,,361-826-1136
Trudie,Hacquel,Eirado,04/12/1997,Portugal,thacquel5a@youtube.com,365-566-1533
Virgilio,MacCawley,Pokrovka,05/28/1960,Kyrgyzstan,vmaccawley5b@cargocollective.com,713-501-3193
Germain,Back,Changping,02/06/1956,China,gback5c@ameblo.jp,191-327-7805
Tiffy,Maylott,Barmash,10/11/1996,Albania,tmaylott5d@answers.com,939-409-1032
Hasheem,Backson,Dalongdong,10/01/1987,China,hbackson5e@jalbum.net,595-996-9506
Merla,Humbatch,Gangu Chengguanzhen,10/28/1995,China,mhumbatch5f@chron.com,159-152-3149
Cesaro,Kilday,,,,ckilday5g@printfriendly.com,
Romain,Juara,Alor Setar,09/07/1984,Malaysia,rjuara5h@gnu.org,113-682-9882
Sile,Spickett,Rana,10/05/1982,Portugal,sspickett5i@edublogs.org,935-605-2844
Edan,Engley,,,,eengley5j@yellowpages.com,
Regine,Frazer,Jiangkou,06/01/1989,China,rfrazer5k@com.com,255-296-0812
Lorilee,Irvine,Melgar,08/04/1987,Colombia,lirvine5l@hatena.ne.jp,620-266-9540
Carole,Vasyunin,Khairpur,03/05/1950,Pakistan,cvasyunin5m@youku.com,314-629-2822
Mackenzie,Sells,Xinglong,01/20/1968,China,,848-170-5938
Andria,Snelgar,Itagibá,10/06/1992,Brazil,asnelgar5o@live.com,783-279-8464
Shena,Feltham,Miaofengshan,11/09/1967,China,sfeltham5p@naver.com,532-632-5620
Lyndsey,Boundey,Nanmuping,05/30/1971,China,,832-972-4651
Roby,Walbrun,,,,rwalbrun5r@purevolume.com,
Letisha,Trahair,Chegutu,10/06/1954,Zimbabwe,ltrahair5s@jugem.jp,786-335-2986
Genevieve,Derham,Muldersdriseloop,07/29/1988,South Africa,gderham5t@webmd.com,577-924-5563
Dee dee,Sammars,Grand Rapids,01/05/1980,United States,dsammars5u@godaddy.com,616-679-1283
Christel,Lankham,Dundee,01/06/1951,South Africa,clankham5v@sina.com.cn,149-311-7638
Pepito,Sutty,Quintã,05/05/1988,Portugal,,983-614-2382
Lauritz,Bilbee,Sempu,04/19/1961,Indonesia,,254-475-6313
Sibyl,Gillions,,,,sgillions5y@gmpg.org,
Marchelle,Stenbridge,,,,mstenbridge5z@walmart.com,
Ulrike,Djurisic,Tulaghi,07/13/1997,Solomon Islands,udjurisic60@vistaprint.com,202-140-1254
Jack,Chevers,Ouahigouya,04/22/1971,Burkina Faso,jchevers61@w3.org,720-997-5960
Danette,Court,Chiantla,12/27/1990,Guatemala,dcourt62@mashable.com,911-731-7524
Pepita,McWhin,Anseong,01/30/1995,South Korea,pmcwhin63@youku.com,804-133-8592
Palm,Dodding,,,,pdodding64@cnn.com,
Thorn,Bortolutti,Gaojiabu,04/26/1961,China,tbortolutti65@printfriendly.com,160-785-7477
Jenda,Berendsen,Dongfeng,08/11/1973,China,jberendsen66@networkadvertising.org,445-531-4021
Frasco,Laydel,Gostovići,05/18/1968,Bosnia and Herzegovina,flaydel67@ucla.edu,647-297-9587
Zarla,Colegrove,Yanbei,02/04/1952,China,zcolegrove68@weibo.com,182-495-1336
Rafferty,Bellon,Zhireken,02/26/1960,Russia,rbellon69@cam.ac.uk,758-234-9637
Selestina,Cudbertson,Junik,08/12/1950,Kosovo,scudbertson6a@mozilla.org,332-119-2197
Alexine,Nathan,Nusajaya,03/19/1958,Malaysia,anathan6b@w3.org,282-911-5072
Brandy,O'Dogherty,Malāyer,05/22/1995,Iran,bodogherty6c@ftc.gov,113-551-2045
Valeda,Codling,,,,vcodling6d@sun.com,
Vonni,Sandison,Qijiaxi,01/10/1951,China,vsandison6e@va.gov,945-163-6896
Agnesse,Harteley,Las Flores,01/26/1983,Mexico,aharteley6f@soup.io,573-112-4968
Larisa,Birrel,Akune,10/30/1968,Japan,lbirrel6g@51.la,789-699-8688
Constanta,Satchell,Masarayao,05/16/1976,Philippines,csatchell6h@dion.ne.jp,361-971-3254
Bryana,Parncutt,Linjiang,01/22/1999,China,bparncutt6i@scientificamerican.com,133-499-6828
Patty,Seale,Sim,05/20/1959,Russia,,883-250-6113
Cleveland,Peterkin,Byuravan,07/22/1987,Armenia,cpeterkin6k@upenn.edu,977-981-7135
Reine,Leijs,Žlutice,01/06/1965,Czech Republic,rleijs6l@opensource.org,403-198-2409
Iris,Brady,Tanggungrejo,01/05/1960,Indonesia,ibrady6m@nyu.edu,843-674-8196
Vasily,Gorsse,Trzebunia,08/29/1997,Poland,vgorsse6n@oaic.gov.au,877-102-6134
Bruno,Cosins,Itapé,08/29/1993,Paraguay,bcosins6o@china.com.cn,445-197-4771
Lanie,Axford,Lajaluhur,05/18/1965,Indonesia,laxford6p@tmall.com,617-986-2082
Forster,Outibridge,Orocuina,05/17/1995,Honduras,,284-611-1066
Violante,Sepey,Babo-Pangulo,01/22/1974,Philippines,vsepey6r@epa.gov,141-764-1420
Leonerd,Kingsley,Boston,04/22/1969,United States,lkingsley6s@dailymail.co.uk,617-274-6542
Pippa,McVeigh,Wufeng,03/01/1991,China,,888-212-1234
Darda,Speirs,Mengxi,12/04/1969,China,dspeirs6u@nps.gov,643-686-9882
Pepita,Spillman,General San Martín,10/21/1971,Argentina,pspillman6v@wikia.com,567-656-4775
Poppy,Haukey,San Isidro,06/13/1972,Philippines,,118-651-1756
Tybie,Dudbridge,Duogongma,06/22/1962,China,,438-322-9328
Waldon,Calafate,Pelasgía,05/01/1978,Greece,,674-708-1393
Glenda,Kibble,Palompon,09/15/1970,Philippines,,530-739-6628
Crystie,O'Crowley,Stockholm,06/24/1959,Sweden,cocrowley70@lulu.com,669-532-9995
Mar,McCard,Pirca,10/22/1953,Peru,mmccard71@pbs.org,863-401-7696
Lib,Grizard,Pointe-à-Pitre,07/23/1974,Guadeloupe,lgrizard72@storify.com,944-973-2979
Bar,Kinder,Buga,12/18/1960,Philippines,bkinder73@feedburner.com,255-306-6395
Virgil,Jamson,Rizokárpaso,08/16/1979,Cyprus,vjamson74@wufoo.com,115-716-4188
Gayelord,Pittway,Khlung,09/02/1981,Thailand,gpittway75@geocities.jp,375-384-4767
Alexei,Peret,Iza,05/05/1979,Ukraine,aperet76@qq.com,368-920-2427
Dagny,Bartolommeo,Sindangheula,06/10/1991,Indonesia,dbartolommeo77@jimdo.com,627-461-2161
Mario,Ierland,Ibarra,02/21/1965,Ecuador,mierland78@europa.eu,594-168-8742
Siouxie,Kempson,Hinthada,04/23/1999,Myanmar,skempson79@trellian.com,672-980-3571
Gwenni,Trencher,Paulínia,02/24/1980,Brazil,gtrencher7a@zdnet.com,935-141-8892
Lolly,Sarll,As Sayyānī,06/06/1967,Yemen,lsarll7b@ucoz.com,481-671-7642
Sutherland,Gatrell,Kota Kinabalu,04/22/1957,Malaysia,sgatrell7c@sitemeter.com,379-564-7139
Killian,Ilyas,Lodwar,09/01/1976,Kenya,kilyas7d@techcrunch.com,551-990-1212
Emilio,Kirkwood,Bengga,02/01/1967,Indonesia,ekirkwood7e@sogou.com,872-804-7766
Randi,Bert,San Juan,01/29/1991,Puerto Rico,,505-463-4851
Putnem,Brinsford,Sarāqib,06/23/1961,Syria,pbrinsford7g@dedecms.com,135-196-5238
Arluene,O'Hannay,Jiuhua,09/10/1998,China,aohannay7h@mlb.com,462-299-3537
Stevana,Hindenburg,Zelenoborskiy,02/25/1985,Russia,shindenburg7i@digg.com,815-635-5951
Sebastiano,Atrill,Nailung,01/21/1951,China,,518-353-5866
Parsifal,Titmuss,Bŭstonqal’a,11/02/1989,Tajikistan,ptitmuss7k@list-manage.com,799-881-3683
Corly,Radden,Ōmagari,05/19/1972,Japan,cradden7l@jimdo.com,993-202-1900
Charlotta,Colville,San Pedro Sacatepéquez,01/26/1983,Guatemala,ccolville7m@businesswire.com,171-243-0346
Jonell,Sango,Kanazawa-shi,11/26/1981,Japan,jsango7n@taobao.com,141-131-8317
Hiram,Vest,Dijon,02/09/1982,France,hvest7o@ihg.com,302-374-1411
Niccolo,Swales,,,,nswales7p@senate.gov,
Juana,Wittier,Tamatam,03/12/1965,Micronesia,jwittier7q@prlog.org,457-701-5266
Robin,Muzzullo,Rājshāhi,05/19/1954,Bangladesh,,640-785-8144
Elwira,Louedey,Changping,10/21/1953,China,elouedey7s@mapy.cz,775-594-8352
Amara,Inkle,Créteil,05/02/1980,France,ainkle7t@imdb.com,542-246-9443
Otto,Coulman,‘Afula ‘Illit,10/10/1968,Israel,ocoulman7u@hao123.com,695-769-3306
Purcell,Ells,Palon,10/03/1964,Indonesia,pells7v@list-manage.com,159-429-9902
Chastity,Maasze,Rosh Pinna,09/23/1992,Israel,,673-784-0462
Frasquito,Agent,Al Khirāb,11/01/1955,Yemen,fagent7x@wikimedia.org,302-825-7741
Bjorn,Crews,Cubatão,12/24/1984,Brazil,bcrews7y@yandex.ru,970-528-3570
Andras,Raggitt,København,08/14/1980,Denmark,,330-957-8008
Lolita,Thornbarrow,San Antonio,05/20/1968,Peru,lthornbarrow80@theglobeandmail.com,253-541-1256
Willi,Saunderson,Tielu,08/18/1979,China,wsaunderson81@cafepress.com,291-612-4732
Caril,Franciotti,Satis,10/30/1958,Russia,cfranciotti82@biblegateway.com,420-567-2530
Robby,Stubbeley,Indianapolis,11/29/1955,United States,rstubbeley83@sciencedaily.com,317-409-2392
Xylia,Larose,Volovets,01/31/1980,Ukraine,,625-682-3012
Hugues,Ullrich,Longfeng,01/24/1982,China,,499-847-5643
Coralyn,Strotton,New York City,02/25/1950,United States,,212-142-8821
Johan,Verna,Hongxing,03/23/1956,China,jverna87@huffingtonpost.com,510-428-6131
Maribelle,Allaway,Pangal Sur,07/22/1987,Philippines,mallaway88@npr.org,549-298-6465
Teodoor,Rekes,Borzna,04/30/1984,Ukraine,trekes89@sfgate.com,736-810-2261
Eduardo,Wilsee,San Juan de Colón,11/14/1975,Venezuela,ewilsee8a@e-recht24.de,700-650-6047
Persis,Byrcher,Saint Louis,03/11/1986,United States,pbyrcher8b@eventbrite.com,314-852-9106
Ophelia,Basili,Ketanen,02/25/1996,Indonesia,obasili8c@omniture.com,717-931-3468
Rozanne,Willisch,Gobō,01/09/1991,Japan,rwillisch8d@telegraph.co.uk,356-803-3213
Flora,McQuillen,Svyatogorsk,05/21/1998,Ukraine,fmcquillen8e@naver.com,364-682-2586
Marilin,Aleksankov,Wielki Kack,09/29/1986,Poland,maleksankov8f@scientificamerican.com,432-377-0586
Blakelee,Crawcour,Liulin,03/23/1973,China,bcrawcour8g@army.mil,330-874-6499
Evyn,Hubeaux,Midões,03/01/1967,Portugal,ehubeaux8h@un.org,122-103-6931
Hazel,Drinkeld,Tawau,09/02/1999,Malaysia,hdrinkeld8i@paypal.com,295-259-5323
Quintina,Boustred,Alor Setar,07/10/1985,Malaysia,qboustred8j@weather.com,420-248-7370
Jocko,Selwyne,Ad Darbāsīyah,11/23/1960,Syria,,766-217-5934
Lennard,Bessent,Vermelha,12/15/1968,Portugal,lbessent8l@washington.edu,220-492-5667
Merna,Waterman,Tuupovaara,05/31/1969,Finland,mwaterman8m@army.mil,693-333-3371
Linzy,Saltwell,Kapitanivka,10/18/1986,Ukraine,lsaltwell8n@friendfeed.com,873-100-2250
Cleo,Masse,Itigi,11/14/1995,Tanzania,cmasse8o@mysql.com,675-324-0113
Pamella,Benka,Klang,10/24/1981,Malaysia,pbenka8p@npr.org,785-189-2480
Gage,Fotherby,Älvsjö,06/23/1998,Sweden,,742-852-3689
Tate,Padilla,Hrušica,01/14/1962,Slovenia,tpadilla8r@google.cn,748-892-4333
Rory,Ferrierio,Pimian,05/30/1951,China,rferrierio8s@ning.com,505-860-2766
Natividad,Layson,Ouro Sogui,04/08/1981,Senegal,nlayson8t@mashable.com,673-359-4934
Geri,Kynsey,Kalianget,06/15/1990,Indonesia,gkynsey8u@paginegialle.it,434-692-1034
Raina,Esh,Bërxull,02/22/1966,Albania,resh8v@w3.org,214-241-5014
Jasper,Asplin,Daping,10/25/1987,China,,538-858-4460
Adamo,Shawl,El Paso,04/06/1990,United States,ashawl8x@ca.gov,915-880-2954
Chelsie,Crosson,Pacatuba,04/12/1950,Brazil,ccrosson8y@wikia.com,194-530-4440
Raquela,Goodliffe,Fuwayriţ,08/02/1961,Qatar,rgoodliffe8z@amazonaws.com,762-620-0804
Sandro,Sonier,Jiangduo,12/15/1953,China,ssonier90@google.fr,289-651-6235
Kilian,Stapleford,Čelinac,02/08/1966,Bosnia and Herzegovina,kstapleford91@hugedomains.com,818-188-2945
Silvanus,Pearlman,Yoro,06/15/1968,Honduras,spearlman92@springer.com,207-706-5287
Roddy,Collingridge,Zalaegerszeg,05/15/1964,Hungary,,903-646-8988
Mortie,Blanket,Lagunas,01/25/1993,Peru,mblanket94@miitbeian.gov.cn,738-578-1386
Lorne,Twopenny,Centre de Flacq,05/09/1989,Mauritius,ltwopenny95@foxnews.com,777-906-4262
Tracey,Caws,Triteh,09/29/1973,Indonesia,tcaws96@amazon.co.jp,950-826-5584
Euphemia,Birdsey,Lidingö,01/11/1970,Sweden,ebirdsey97@macromedia.com,233-896-3797
Ashleigh,Esmond,Phoenix,01/11/1964,United States,aesmond98@topsy.com,480-516-2752
Rockey,Meriguet,Fencheng,06/15/1956,China,rmeriguet99@theguardian.com,794-599-3159
Normy,MacNalley,Zhongling,06/03/1953,China,nmacnalley9a@sciencedirect.com,794-118-1781
Nerita,Di Giacomettino,Largo,10/27/1970,United States,,863-898-9829
Zarla,Lilley,,,,zlilley9c@cyberchimps.com,
Oona,Joisce,Aghavnatun,12/03/1982,Armenia,ojoisce9d@macromedia.com,148-687-8902
Sindee,Glasgow,Cibeureum,03/18/1993,Indonesia,sglasgow9e@arstechnica.com,112-431-8248
Nathaniel,Stonehouse,Dougou,04/16/1994,China,nstonehouse9f@ameblo.jp,914-997-9626
Arel,Stanlike,Kuybyshev,06/01/1977,Russia,astanlike9g@vistaprint.com,881-116-3424
Uriel,Guppy,Novo Aripuanã,11/13/1976,Brazil,,584-841-4851
Wells,Probbing,Chattanooga,03/16/1985,United States,wprobbing9i@psu.edu,423-637-2211
Ginevra,Postgate,Compiègne,07/20/1986,France,gpostgate9j@ezinearticles.com,996-399-0705
Peterus,Marchant,Puqi,02/27/1979,China,pmarchant9k@ning.com,565-137-4211
Ashley,Helm,General Viamonte,12/25/1963,Argentina,ahelm9l@scribd.com,668-707-3155
Lanie,Fenton,Sabhā,02/20/1972,Libya,lfenton9m@scribd.com,108-707-2727
Cleon,Bruster,Lafayette,11/08/1981,United States,cbruster9n@devhub.com,337-219-0850
Ainslee,Almey,Bājitpur,04/05/1999,Bangladesh,aalmey9o@rediff.com,666-655-7499
Moira,Byer,Kaom,02/09/1977,Indonesia,,953-819-4862
Timothea,Cescon,At-Bashi,03/26/1975,Kyrgyzstan,tcescon9q@nature.com,614-288-7738
Nessy,Slucock,Laxiong,03/30/1988,China,,490-454-5169
Cherilynn,Yoakley,Nakatsugawa,12/11/1965,Japan,cyoakley9s@indiegogo.com,677-257-3568
Cleon,Peckett,Dafeng,03/28/1990,China,cpeckett9t@europa.eu,992-780-8605
Candace,Pagelsen,Vorontsovka,07/25/1980,Russia,,707-467-4209
Tracey,Frail,,,,,
Arch,Lafond,Angasmarca,06/10/1982,Peru,alafond9w@creativecommons.org,255-421-7762
Eziechiele,Strettle,Ozherel’ye,10/18/1965,Russia,,992-442-4032
Lurline,Stiggers,,,,lstiggers9y@mozilla.com,
Ganny,Luto,Micoud,02/18/1965,Saint Lucia,gluto9z@netlog.com,803-185-2010
Catriona,Yanyushkin,Shishan,12/30/1976,China,,693-658-7421
Creight,Mallows,Dziergowice,11/18/1987,Poland,cmallowsa1@elegantthemes.com,885-592-3651
Lewes,Bevar,Logroño,12/26/1965,Spain,lbevara2@wordpress.com,376-495-9143
Hodge,Wheelband,Meliau,01/18/1981,Indonesia,,544-161-0316
Dion,Froome,,,,dfroomea4@whitehouse.gov,
Saba,Castelletto,Kyzyldzhar,02/26/1963,Uzbekistan,scastellettoa5@typepad.com,253-923-1469
Webster,Midgley,Fonte,08/08/1998,Portugal,wmidgleya6@house.gov,135-176-7737
Marcelline,Akerman,Loma Bonita,06/09/1973,Mexico,makermana7@blogger.com,343-664-2062
Trevar,Thyer,Sukorejo,12/09/1979,Indonesia,tthyera8@harvard.edu,969-399-9025
Antoine,Tweede,Erbil,04/11/1989,Iraq,,937-459-7093
Gil,Kosel,Zhongzhai,04/28/1969,China,gkoselaa@nymag.com,389-568-3467
Kamila,Rzehorz,Samut Prakan,01/20/1951,Thailand,krzehorzab@sitemeter.com,457-164-2261
Ingmar,Posselwhite,Santo Rosario,01/13/1978,Philippines,,660-412-3871
Liv,Allward,Birinci Aşıqlı,04/29/1989,Azerbaijan,lallwardad@yellowpages.com,905-317-5192
Forster,Lightman,Mapalad,07/29/1987,Philippines,flightmanae@networkadvertising.org,860-195-4068
Gay,Ducarel,Taurija,03/08/1985,Peru,gducarelaf@t.co,869-494-7288
Bord,Palfery,Moba,12/20/1986,China,bpalferyag@ask.com,913-909-4469
Eadith,Strodder,Trmice,03/05/1973,Czech Republic,estrodderah@blogtalkradio.com,261-170-7965
Rustin,Falco,Qiaodi,07/20/1970,China,rfalcoai@rakuten.co.jp,470-852-5653
Maximo,Leason,Taounate,06/18/1994,Morocco,mleasonaj@free.fr,133-888-7803
Cassie,Hanhardt,Mojoagung,05/23/1953,Indonesia,chanhardtak@independent.co.uk,872-357-0642
Janos,Sinclaire,Guinsadan,05/25/1962,Philippines,jsinclaireal@google.es,463-177-6961
Margette,Wennington,,,,mwenningtonam@google.ca,
Nanon,Celli,Štoky,08/23/1964,Czech Republic,,643-264-6067
Sven,Haryngton,Maksatikha,08/08/1979,Russia,sharyngtonao@mozilla.org,876-657-8467
Xenia,Gredden,Ipoh,11/16/1994,Malaysia,xgreddenap@netlog.com,313-544-0250
Jeanna,Broggini,Cuogang,02/13/1985,China,jbrogginiaq@nba.com,700-254-4227
Aubrey,Anniwell,Xinwu,08/05/1962,China,aanniwellar@merriam-webster.com,254-926-5466
Brinna,McGreary,Yanyang,01/14/1982,China,,919-152-6401
Harlen,Ephson,Cumanayagua,12/20/1978,Cuba,,611-380-1858
Alain,Killik,Leyuan,01/26/1998,China,akillikau@scribd.com,844-649-9572
Reilly,Benedikt,Tucuran,08/04/1998,Philippines,rbenediktav@symantec.com,164-333-8363
Violette,Woolmer,,,,vwoolmeraw@domainmarket.com,
Seka,Boyle,Telagasari,09/05/1987,Indonesia,sboyleax@sourceforge.net,322-884-7201
Patton,Geck,Saint Petersburg,06/03/1952,Russia,,525-787-8248
Ceciley,Richen,Huangma,07/25/1953,China,crichenaz@over-blog.com,337-420-9930
Ilise,Gomm,Peso da Régua,01/16/1977,Portugal,igommb0@ning.com,389-416-1341
Henrik,Rossant,Il’ka,10/26/1998,Russia,hrossantb1@edublogs.org,331-250-2104
Hallsy,Paliser,,,,hpaliserb2@tumblr.com,
Janeva,Barnicott,Concordia,12/25/1977,Argentina,jbarnicottb3@godaddy.com,966-852-6823
Barbey,Dinsey,Sabana de Parra,03/23/1960,Venezuela,bdinseyb4@123-reg.co.uk,903-801-3789
Red,Gadie,San Simon,11/02/1974,Philippines,,356-702-2736
Lauren,Domelaw,Seropédica,09/08/1980,Brazil,ldomelawb6@parallels.com,466-675-4934
Dun,Munning,Danao,06/18/1950,Philippines,dmunningb7@dedecms.com,569-457-6507
Marna,Cossum,Cha-am,11/19/1986,Thailand,mcossumb8@ehow.com,665-750-2847
Dannie,Nevin,Dzvinogrud,01/23/1994,Ukraine,dnevinb9@youku.com,256-533-9098
Damita,Kendall,Ipoh,09/20/1995,Malaysia,dkendallba@stanford.edu,522-731-0238
Jen,Rable,Helsingborg,08/01/1973,Sweden,jrablebb@ycombinator.com,201-382-1661
Lombard,Sedgeworth,Tirapata,08/30/1958,Peru,lsedgeworthbc@theguardian.com,228-111-9045
Don,Grombridge,Pila,02/04/1956,Philippines,dgrombridgebd@omniture.com,404-879-3705
Meg,Sharpe,Bang Mun Nak,01/10/1989,Thailand,msharpebe@omniture.com,289-715-4416
Emerson,Wernher,Pomacanchi,05/25/1958,Peru,ewernherbf@delicious.com,314-901-2207
Brit,Cale,Dong’an,12/10/1983,China,bcalebg@163.com,828-872-9901
Teriann,Getcliffe,Bošovice,03/14/1998,Czech Republic,tgetcliffebh@newsvine.com,571-916-2002
Carlynne,Wavish,Ormstown,08/02/1976,Canada,cwavishbi@thetimes.co.uk,800-282-3270
Dalston,Tingly,Blatná,02/21/1984,Czech Republic,dtinglybj@time.com,746-187-0464
Guenna,Blackborne,,,,gblackbornebk@soup.io,
Maureene,Goady,,,,mgoadybl@google.co.uk,
Alexandro,O' Mahony,Dartang,07/28/1968,China,aomahonybm@mozilla.com,168-696-0599
Agneta,Gulliford,,,,agullifordbn@nyu.edu,
Blanche,Clifton,Ruchihe,07/15/1987,China,bcliftonbo@multiply.com,756-989-7072
Pattie,De Luna,Koška,12/17/1982,Croatia,,268-489-3137
Nilson,Rowston,,,,,
Weber,Strowger,Skellefteå,12/24/1968,Sweden,wstrowgerbr@rambler.ru,136-362-2137
Adolphe,Brackpool,Węgry,11/22/1978,Poland,abrackpoolbs@comsenz.com,345-468-0630
Petunia,Rayment,Rače,08/12/1980,Slovenia,praymentbt@oaic.gov.au,876-950-8478
Hadlee,Ovington,Shucheng Chengguanzhen,11/14/1994,China,hovingtonbu@fotki.com,233-847-3137
Lemuel,Cullon,Piketberg,04/15/1967,South Africa,,139-628-5219
Giorgia,Janecek,Concord,04/10/1962,Canada,gjanecekbw@ameblo.jp,306-164-8043
Trace,Betts,Pyhäsalmi,10/26/1977,Finland,tbettsbx@feedburner.com,834-364-5653
Hildagarde,MacCarroll,Bombardopolis,06/28/1956,Haiti,,527-766-5489
Viviana,Machans,As Sālimīyah,12/01/1965,Kuwait,vmachansbz@ftc.gov,423-683-8574
Arnoldo,Guerre,La Gi,07/23/1990,Vietnam,,218-421-4667
Lilla,Ricardin,Imari,09/13/1984,Japan,lricardinc1@disqus.com,647-274-3775
Early,Keming,,,,,
Donia,Dislee,Xuanhua,05/07/1975,China,ddisleec3@alexa.com,496-588-8630
Derick,Basten,San Felipe,01/20/1997,Chile,dbastenc4@t.co,935-714-7854
Bobbe,Grist,Loen,07/28/1978,Marshall Islands,,829-947-4769
Tybalt,Lesaunier,Ordino,03/30/1994,Andorra,tlesaunierc6@wordpress.com,713-775-8510
Giustina,Ebbins,Farasān,09/10/1969,Saudi Arabia,,500-529-7338
Gwenore,Winspire,Novoaleksandrovsk,09/21/1986,Russia,gwinspirec8@cbsnews.com,293-839-5390
Maddi,De Maria,Bagok,04/07/1963,Indonesia,mdemariac9@usda.gov,885-520-7871
Rowney,Twort,Eskilstuna,12/30/1990,Sweden,rtwortca@elpais.com,348-195-9338
Evvie,Strathe,Custóias,02/24/1964,Portugal,,571-831-5698
Jennica,Haggie,Maoya,01/07/1967,China,jhaggiecc@twitter.com,808-280-4885
Christoph,Pavyer,Duobaoshan,01/09/1983,China,cpavyercd@cnbc.com,909-196-2116
Douglas,Leppington,Jaboatão,05/06/1994,Brazil,dleppingtonce@cdc.gov,874-681-4142
Catha,Puden,Mâcon,07/09/1986,France,cpudencf@nature.com,420-617-8745
Rubia,Dreinan,Johor Bahru,10/07/1951,Malaysia,rdreinancg@springer.com,572-178-3264
Kimberlee,Grundy,Dunkerque,08/07/1955,France,,115-974-2622
Terry,Tremayle,Binangun,03/10/1951,Indonesia,ttremayleci@geocities.jp,331-965-9773
Van,Kearsley,Podbrdo,12/28/1967,Bosnia and Herzegovina,vkearsleycj@china.com.cn,702-362-9807
Tarra,Darragh,Fastovetskaya,11/28/1958,Russia,tdarraghck@wikispaces.com,465-278-6872
Dorolice,Dinnis,Schiedam postbusnummers,05/09/1984,Netherlands,ddinniscl@google.co.uk,978-331-3092
Etienne,Orbell,Alingsås,02/15/1961,Sweden,eorbellcm@acquirethisname.com,451-919-8262
Judah,Dickin,Wangying,11/21/1970,China,jdickincn@alexa.com,407-158-5283
Murvyn,Gauvin,Lalapanzi,12/24/1995,Zimbabwe,mgauvinco@smh.com.au,455-214-6834
Barbaraanne,Petyakov,Albania,11/10/1970,Colombia,bpetyakovcp@ow.ly,328-521-0021
Franzen,Pinilla,,,,fpinillacq@webeden.co.uk,
Reinold,Tyzack,Khallat ad Dār,04/05/1970,Palestinian Territory,rtyzackcr@infoseek.co.jp,263-426-1462
Amalita,Chatenier,São Pedro da Aldeia,12/20/1985,Brazil,achateniercs@oaic.gov.au,685-364-2465
Felice,Skevington,Velké Hoštice,10/30/1960,Czech Republic,fskevingtonct@scientificamerican.com,871-847-6995
Archie,Montilla,Amga,05/19/1994,Russia,,497-481-4720
Marshal,Shephard,Tsybulevka,04/24/1953,Ukraine,mshephardcv@cnn.com,562-911-2216
Tillie,Clendennen,Marianowo,01/14/1980,Poland,tclendennencw@wikispaces.com,675-765-0483
Aymer,Eveling,Ilioúpoli,08/24/1957,Greece,aevelingcx@homestead.com,300-807-8036
Leonid,Pevreal,Tomakomai,08/18/1963,Japan,lpevrealcy@xrea.com,230-494-0743
Mill,Anyene,Huaqiao,11/05/1992,China,manyenecz@bloglines.com,682-821-2647
Bobinette,Foucar,Nianba,11/11/1996,China,bfoucard0@g.co,703-506-7240
Lorinda,Mandrier,Yukhnov,11/09/1966,Russia,lmandrierd1@seesaa.net,466-989-3279
Vernor,Fass,Jiexiu,03/14/1994,China,vfassd2@statcounter.com,219-227-3433
Dalila,Gallihawk,Ymittos,03/18/1998,Greece,dgallihawkd3@cdc.gov,616-788-4779
Eustace,Parradine,Naushki,02/14/1957,Russia,eparradined4@unblog.fr,774-924-6991
Dyna,Rookes,Gizałki,08/29/1991,Poland,drookesd5@jigsy.com,436-170-1248
Jermaine,Sayre,Masachapa,10/16/1997,Nicaragua,jsayred6@cloudflare.com,472-322-4711
Brose,Heard,Paracambi,03/02/1951,Brazil,,554-151-9849
Blanca,Reap,,,,breapd8@statcounter.com,
Anita,Hyland,San Clemente,02/23/1962,Peru,ahylandd9@opera.com,667-141-1670
Quinlan,Surman,Guatire,06/19/1964,Venezuela,qsurmanda@independent.co.uk,319-849-9719
Blanca,Moseby,,,,bmosebydb@psu.edu,
Faustine,Drust,Gostagayevskaya,08/21/1988,Russia,fdrustdc@virginia.edu,884-268-4719
Alyse,Shergill,Birinci Aşıqlı,01/08/1954,Azerbaijan,,680-160-9071
Brandise,Hernik,Hefu,04/08/1991,China,bhernikde@nytimes.com,233-492-7277
Ashely,Kellet,Casais,11/11/1986,Portugal,akelletdf@nytimes.com,662-682-3341
Denny,Cauthra,Samran,04/24/1973,Thailand,dcauthradg@toplist.cz,946-461-9862
Odille,Hawkslee,,,,,
Ernestus,Miskelly,Ljungskile,10/09/1985,Sweden,emiskellydi@blogger.com,281-801-8333
Gerrie,Sapena,Haoyi,07/01/1999,China,gsapenadj@cnbc.com,941-816-1647
Lizette,Meaking,Añatuya,12/21/1964,Argentina,lmeakingdk@so-net.ne.jp,278-894-1144
Olivette,Picken,São Martinho de Árvore,04/10/1988,Portugal,opickendl@php.net,743-151-7429
Diannne,Decourcy,Annino,10/15/1995,Russia,ddecourcydm@ibm.com,486-181-2628
Yurik,Pawson,Pasarnangka,09/05/1969,Indonesia,ypawsondn@bigcartel.com,781-309-5878
Trenton,Craw,Yuanqiao,09/06/1995,China,tcrawdo@studiopress.com,948-680-1904
Fonz,Dumper,Shidong,01/07/1981,China,fdumperdp@upenn.edu,419-465-6206
Dolores,Zollner,Al Midyah,12/16/1957,Palestinian Territory,dzollnerdq@issuu.com,596-464-5851
Homere,Febry,Aldana,08/11/1962,Colombia,hfebrydr@1688.com,140-104-7755
Dory,January,Manquiring,04/29/1963,Philippines,djanuaryds@scribd.com,887-455-3256
Kristal,Crowne,Bakung Utara,07/29/1969,Indonesia,,717-503-4838
Noam,Vaud,Zhongwei,04/23/1991,China,nvauddu@usgs.gov,780-681-0565
Adan,Beardon,Suzdal’,10/03/1979,Russia,abeardondv@wsj.com,180-713-8455
Tobie,Effnert,Louisville,12/03/1997,United States,teffnertdw@csmonitor.com,502-163-8165
Shannon,Smedmoor,Hongling,09/01/1952,China,ssmedmoordx@si.edu,478-503-4612
Lucais,Rabb,Santo Domingo,08/27/1973,Philippines,lrabbdy@japanpost.jp,897-569-1329
Clywd,Sawfoot,Tekstil’shchiki,07/24/1996,Russia,,353-102-6054
Dominique,Benninck,,,,dbennincke0@prweb.com,
Giavani,Malmar,Naghalin,10/13/1968,Philippines,gmalmare1@hud.gov,285-122-2589
Mavra,Choldcroft,Krajan Dua Padomasan,08/05/1980,Indonesia,,353-758-7464
Kinsley,Flaonier,Kandava,09/13/1956,Latvia,kflaoniere3@gnu.org,765-426-5422
Arabella,Clemerson,Yipeng,06/09/1977,China,aclemersone4@ucla.edu,242-924-0384
Misha,Berkely,Washington,11/06/1976,United States,mberkelye5@typepad.com,202-216-8908
Ajay,Croker,Nurlat,08/14/1989,Russia,acrokere6@multiply.com,605-325-5689
Fawn,Franzelini,San Pedro,05/16/1987,Philippines,ffranzelinie7@illinois.edu,902-627-4147
Debbie,Lutz,Thị Trấn Mường Khến,08/02/1953,Vietnam,,869-929-7731
Stavro,Coldham,Jelisavac,12/22/1980,Croatia,scoldhame9@marriott.com,150-377-3395
Shaylyn,Anshell,Angus,11/07/1952,Canada,sanshellea@bbc.co.uk,280-693-6622
Porty,Maggorini,At Tall al Kabīr,08/18/1975,Egypt,pmaggorinieb@un.org,436-126-0020
Esmeralda,Killingback,Maştağa,02/18/1962,Azerbaijan,ekillingbackec@barnesandnoble.com,998-622-4198
Dory,Knoton,Banjar,01/28/1960,Indonesia,dknotoned@businessweek.com,986-330-5351
Derwin,Gonnet,Quirinópolis,10/17/1982,Brazil,dgonnetee@mapy.cz,795-361-7234
Bobette,Gerren,Cariamanga,08/02/1960,Ecuador,bgerrenef@earthlink.net,563-271-3506
Lynnea,Dyble,Kamennyye Potoki,06/03/1963,Ukraine,ldybleeg@hexun.com,761-592-9975
Derby,Carlett,Chillia,10/08/1986,Peru,dcarletteh@facebook.com,808-375-4076
Asher,Tandey,Keren,08/05/1980,Eritrea,atandeyei@imageshack.us,542-240-0054
Lonnie,Gosson,Cergy-Pontoise,05/29/1956,France,,365-479-3719
Coraline,Demageard,Sezimovo Ústí,02/03/1986,Czech Republic,cdemageardek@woothemes.com,671-279-2710
Dena,Ferneley,Bocos,06/12/1996,Philippines,dferneleyel@mit.edu,241-468-6988
Stephanus,McGauhy,Tieling,10/24/1976,China,smcgauhyem@latimes.com,219-226-2519
Em,Grewar,Älvsjö,03/02/1984,Sweden,,449-223-0548
Audra,Lawes,Jiuzhen,12/08/1966,China,alaweseo@nps.gov,608-453-1297
Cyrus,Rodolico,Mīrpur Māthelo,04/06/1950,Pakistan,crodolicoep@a8.net,225-198-4673
Gwenny,Ivasyushkin,Saiki,10/31/1995,Japan,givasyushkineq@hao123.com,782-651-1603
Barron,Brockie,Ordóñez,09/23/1961,Argentina,,446-597-2320
Blakelee,Tabour,Anávra,05/12/1983,Greece,btaboures@surveymonkey.com,601-975-7380
Henri,Austing,Tidili Mesfioua,07/11/1993,Morocco,haustinget@yale.edu,195-989-4600
Tiebout,Vasilmanov,Sinisian,04/10/1961,Philippines,tvasilmanoveu@quantcast.com,743-369-1414
Udell,Laybourne,Lankaran,01/02/1980,Azerbaijan,ulaybourneev@indiatimes.com,665-656-8530
Free,Sollett,Lyon,03/31/1959,France,fsollettew@nationalgeographic.com,218-601-7030
Anstice,Brachell,Bohicon,07/07/1994,Benin,,204-911-7497
Cecil,Whatling,Virginia,08/04/1978,South Africa,cwhatlingey@paginegialle.it,761-508-3341
Meredeth,Clapham,Metz,10/04/1971,France,mclaphamez@newsvine.com,838-825-7428
Gleda,Yedall,Zárate,08/01/1961,Argentina,gyedallf0@furl.net,282-134-7233
Dionne,Rounding,Longping,03/29/1952,China,droundingf1@jiathis.com,717-712-3761
Evelin,Burgon,Ursynów,04/25/1954,Poland,eburgonf2@xinhuanet.com,534-393-0968
Hervey,Gaye,Orda,06/13/1952,Russia,hgayef3@purevolume.com,740-880-2689
Alyce,Gascoine,Solnechnogorsk,04/07/1973,Russia,agascoinef4@dot.gov,316-512-8924
Sonya,Giorgielli,Bayabas,08/24/1963,Philippines,sgiorgiellif5@4shared.com,921-806-1646
Abigail,Scandrite,Al Maḩfid,05/08/1972,Yemen,,138-579-0916
Birgit,Marcu,Tha Muang,06/19/1986,Thailand,bmarcuf7@ucoz.ru,732-796-4564
Lucia,Lankham,Boncong,10/15/1983,Indonesia,llankhamf8@canalblog.com,393-704-8649
Fraze,Sterte,Ijuí,12/11/1962,Brazil,,721-603-8085
Fin,Drohun,Emnambithi-Ladysmith,07/10/1999,South Africa,fdrohunfa@boston.com,456-235-6572
Dick,Haggus,Lanlongkou,06/03/1980,China,dhaggusfb@deviantart.com,880-166-8468
Alayne,Rudinger,Svetlogorsk,03/12/1985,Russia,arudingerfc@google.com.hk,761-412-1664
Ansley,Mapletoft,Sande São Lourenço,08/13/1998,Portugal,amapletoftfd@so-net.ne.jp,231-558-2462
Erhard,Adriaan,Filabusi,03/15/1967,Zimbabwe,eadriaanfe@drupal.org,108-562-5283
Nicoli,Posten,Morelos,11/01/1967,Mexico,,900-379-6660
Flory,Faich,Zbiroh,07/30/1989,Czech Republic,ffaichfg@toplist.cz,954-607-2478
Corny,Winspire,Stung Treng,04/29/1960,Cambodia,cwinspirefh@vk.com,676-110-2042
Brigham,Ohrt,Lian,02/28/1991,China,bohrtfi@loc.gov,882-191-5520
Findlay,Marquiss,Tabio,12/10/1989,Philippines,fmarquissfj@ifeng.com,623-891-2141
Florrie,Birt,Mehona,04/23/1974,Indonesia,fbirtfk@ca.gov,988-580-8628
Dorice,Grundell,Huya,02/13/1953,China,dgrundellfl@home.pl,113-330-4280
Keeley,McCorkindale,Banyubang,06/26/1983,Indonesia,,241-741-6291
Leigha,Clemes,Lagoa,05/26/1961,Portugal,lclemesfn@studiopress.com,896-330-2911
Nell,Crofthwaite,Augustów,04/15/1954,Poland,,420-677-2289
Ilse,Skune,Naifalo,04/30/1983,Indonesia,iskunefp@phoca.cz,761-397-8872
Tish,Brunning,Unanu,12/27/1999,Micronesia,tbrunningfq@bluehost.com,745-247-7526
Brent,Sandercock,Pulangbato,07/21/1998,Philippines,bsandercockfr@mac.com,751-746-9922
Melessa,Kitchenman,Krasnyy Oktyabr’,07/01/1969,Russia,mkitchenmanfs@vkontakte.ru,286-877-5497
Ursulina,Gredden,Sedlarevo,11/13/1963,Macedonia,ugreddenft@soup.io,390-629-8555
Jess,Matisse,Paris 14,08/14/1999,France,jmatissefu@vinaora.com,386-630-9589
Morena,Bertson,,,,mbertsonfv@berkeley.edu,
Bea,Soares,Menzel Jemil,05/20/1995,Tunisia,bsoaresfw@blog.com,626-900-0961
Auria,Sloat,Independencia,02/05/1995,Mexico,asloatfx@cdbaby.com,214-864-4676
Lissy,Millmoe,Cachoeiro de Itapemirim,01/31/1952,Brazil,,148-504-8344
Gaile,Millward,Ciranca Satu,05/31/1991,Indonesia,gmillwardfz@vinaora.com,927-970-1413
Roxane,Bandiera,Lešná,12/26/1962,Czech Republic,rbandierag0@github.io,537-124-7316
Homer,Buddington,Kilju,04/30/1993,North Korea,,515-323-8720
Carmel,Kruse,Mombetsu,07/02/1962,Japan,ckruseg2@topsy.com,513-295-5595
Patric,Lindman,Huambo,07/22/1965,Peru,plindmang3@furl.net,957-953-6263
Mayor,Farge,Dūrā al Qar‘,09/08/1959,Palestinian Territory,mfargeg4@msu.edu,447-815-6223
Mariam,Cancelier,Bagumbayan,01/25/1976,Philippines,mcancelierg5@over-blog.com,543-498-2214
Dniren,Cawston,Granada,12/02/1980,Colombia,dcawstong6@bloglovin.com,903-827-2134
Pembroke,Lutton,Zheleznovodsk,11/22/1960,Russia,pluttong7@tiny.cc,923-849-9263
Enrique,Leyson,Wulan Hada,04/30/1983,China,eleysong8@hubpages.com,923-660-0884
Sonny,Catterill,Sabandia,05/07/1953,Peru,,780-904-1590
Curran,Boake,Thị Trấn Ngọc Lặc,10/27/1991,Vietnam,cboakega@nyu.edu,767-353-9580
Stefania,Shipman,Yuanzhou,12/16/1953,China,sshipmangb@smh.com.au,970-896-5377
Geoffrey,Abramsky,Santa Anita,02/16/1953,Mexico,,646-754-5296
Kristyn,Wolfarth,Keroak,03/25/1956,Indonesia,kwolfarthgd@si.edu,356-350-0173
Kalil,Vampouille,Hongqi,04/30/1966,China,kvampouillege@hc360.com,327-759-1091
Dacey,Wattam,Jiachuan,03/16/1962,China,dwattamgf@miitbeian.gov.cn,169-219-7904
Tabina,Newcomen,Paulínia,11/28/1974,Brazil,tnewcomengg@g.co,815-190-3576
Almira,Croizier,Galovac,05/21/1996,Croatia,,462-713-7058
Smitty,Draxford,Thung Khru,12/26/1986,Thailand,sdraxfordgi@woothemes.com,942-724-3784
Emmanuel,Grossman,La Libertad,11/15/1982,Ecuador,egrossmangj@behance.net,327-661-5141
Kevan,Redihough,Kalá Déndra,04/23/1978,Greece,,315-690-0458
Chrotoem,Hearnah,Choma,03/21/1973,Zambia,chearnahgl@twitpic.com,717-515-0408
Marline,Goodhew,Mombasa,02/21/1969,Kenya,mgoodhewgm@purevolume.com,931-987-4385
Tatum,Coopper,Ghār al Milḩ,04/17/1974,Tunisia,tcooppergn@weebly.com,197-266-1303
Pasquale,Hudless,Kanie,06/28/1975,Japan,,254-467-7367
Electra,Ivery,El Retén,09/17/1952,Colombia,eiverygp@networksolutions.com,288-200-5676
Alverta,Mulvenna,Frederico Westphalen,05/29/1985,Brazil,amulvennagq@cbsnews.com,933-114-7934
Lalo,O'Hanley,Longaví,03/16/1964,Chile,lohanleygr@webnode.com,332-617-2876
Georgena,Mowles,Pétange,05/02/1974,Luxembourg,gmowlesgs@yelp.com,556-142-9003
Bo,Thirlwall,Trinaterra,01/02/1988,Portugal,bthirlwallgt@chicagotribune.com,657-616-3289
Ferdy,Yexley,Montbéliard,09/26/1958,France,fyexleygu@google.cn,385-330-6894
Saundra,Essex,Zafarwāl,08/27/1987,Pakistan,sessexgv@salon.com,684-894-6987
Liv,Ambroz,Ogwashi-Uku,03/30/1996,Nigeria,lambrozgw@hao123.com,365-698-0554
Fonz,Wafer,Drezdenko,09/10/1994,Poland,fwafergx@cornell.edu,383-831-7132
Odele,Nieass,Gjegjan,04/25/1965,Albania,onieassgy@photobucket.com,620-398-4103
Prisca,Larner,Simao,01/27/1986,China,plarnergz@ask.com,303-586-0692
Ava,Petri,Paraty,06/28/1975,Brazil,,649-584-3252
Ossie,Surgison,Ueki,04/17/1978,Japan,osurgisonh1@dedecms.com,790-574-0318
Claybourne,MacAlpine,Kurbnesh,06/26/1991,Albania,cmacalpineh2@diigo.com,384-888-5555
Gage,Baglan,Būrkah,07/23/1963,Afghanistan,gbaglanh3@paypal.com,186-451-5815
Zed,Saxon,Farafenni,12/11/1977,Gambia,zsaxonh4@utexas.edu,376-287-9862
Annalise,Beckett,,,,,
Hadlee,Kelleher,Kislovodsk,10/04/1998,Russia,hkelleherh6@aol.com,285-514-6681
Joelly,Collcutt,,,,,
Thacher,Maroney,Vaiamonte,02/16/1956,Portugal,tmaroneyh8@wufoo.com,653-956-4706
Wiatt,Brickham,Jiangkou,10/12/1962,China,wbrickhamh9@google.com,688-930-1183
Samantha,Petkens,Qiaodi,12/28/1985,China,spetkensha@wikimedia.org,474-231-4481
Clementia,Garthside,Qaxa,12/04/1988,China,cgarthsidehb@dedecms.com,278-453-5460
Diandra,Micka,Pābna,06/17/1994,Bangladesh,dmickahc@sun.com,946-871-7747
Corrinne,Shepley,,,,cshepleyhd@techcrunch.com,
Rosemonde,Brea,,,,rbreahe@i2i.jp,
Nat,Byron,Nīkshahr,02/13/1986,Iran,nbyronhf@themeforest.net,125-221-6049
Yvonne,Kofax,Leticia,02/01/1969,Colombia,ykofaxhg@livejournal.com,966-393-4979
Jozef,Babon,Druju,12/16/1980,Indonesia,jbabonhh@dailymotion.com,872-399-5811
Catherin,Lehrer,Töreboda,04/02/1970,Sweden,clehrerhi@tinypic.com,454-936-9535
Nanni,Abbys,Dabagou,01/18/1970,China,nabbyshj@umich.edu,398-422-8045
Theodora,Holborn,Imbituva,05/15/1993,Brazil,tholbornhk@timesonline.co.uk,213-987-2186
Gill,Crosetto,Xingbin,08/08/1996,China,gcrosettohl@istockphoto.com,427-549-3880
Belicia,Dibben,Aghada,10/28/1996,Ireland,bdibbenhm@mapy.cz,564-786-5759
Dwight,Zipsell,Bertoua,05/23/1972,Cameroon,,103-950-4390
Darren,Hilliam,Hanting,03/07/1951,China,dhilliamho@twitter.com,316-396-2194
Corabelle,Anetts,Antanifotsy,03/20/1959,Madagascar,canettshp@businessweek.com,888-888-4053
Beale,Branney,Mengenkrajan,07/09/1997,Indonesia,bbranneyhq@paginegialle.it,697-671-1840
Ashleigh,Posselt,Wonokerto,11/24/1973,Indonesia,aposselthr@si.edu,777-607-9540
Pepita,Hurling,Ḩuwwārah,02/01/1959,Palestinian Territory,phurlinghs@cisco.com,726-140-9515
Calley,Slinger,Monteros,04/05/1998,Argentina,cslingerht@bloomberg.com,363-972-3462
Catrina,Vautrey,Troitskiy,03/02/1970,Russia,,567-246-9601
Arline,Scotney,Perre,02/12/1981,Portugal,ascotneyhv@dyndns.org,224-749-2325
Caryl,Fleckno,Huancheng,05/16/1989,China,cflecknohw@amazon.co.jp,223-398-6443
Joann,Chetwynd,Saint Paul,09/22/1977,United States,jchetwyndhx@washington.edu,651-547-9036
Myron,Abramino,Bila Tserkva,11/26/1953,Ukraine,,267-516-2055
Tom,McOmish,Dodu Dua,09/09/1971,Indonesia,,477-768-6506
Bjorn,Metzing,Czemierniki,05/05/1992,Poland,bmetzingi0@samsung.com,201-653-0662
Blythe,Phillins,Marataizes,09/02/1952,Brazil,bphillinsi1@illinois.edu,808-207-1444
Justen,Nathon,Fu’an,05/17/1970,China,,300-997-2966
Isabel,MacClay,Tuntum,10/05/1974,Brazil,,380-917-2799
Sorcha,Roizn,Duntou,09/30/1974,China,sroizni4@vistaprint.com,577-935-3778
Eulalie,Warrillow,Changjiang,07/26/1990,China,ewarrillowi5@loc.gov,255-673-4349
Gae,Appleby,,,,,
Liesa,Jesper,Dafeng,10/08/1991,China,ljesperi7@wikipedia.org,658-635-8829
Carleen,Durdan,Hodkovičky,04/17/1960,Czech Republic,,733-574-6803
Huntlee,Bruna,Pietà,12/20/1953,Malta,hbrunai9@cisco.com,789-651-7023
Reese,Langmuir,Mauraro,02/10/1988,Philippines,rlangmuiria@chicagotribune.com,606-417-5605
Hercules,Hirsthouse,,,,hhirsthouseib@theglobeandmail.com,
Kathryn,Thandi,General Galarza,09/13/1950,Argentina,kthandiic@usda.gov,184-688-6132
Georges,Teaze,La Jutosa,11/18/1967,Honduras,,439-777-2391
Sigrid,Breadon,Třinec,02/15/1996,Czech Republic,sbreadonie@unblog.fr,512-784-5748
Constantine,Chatwin,Bumba,12/12/1959,Democratic Republic of the Congo,cchatwinif@netlog.com,368-252-7305
Ulrika,Tubby,San Miguel de Tucumán,08/31/1973,Argentina,utubbyig@yelp.com,206-192-3097
Rozalin,McClean,Lindian,07/27/1967,China,,809-312-8357
Johnette,Cathel,Ibeto,06/07/1958,Nigeria,jcathelii@thetimes.co.uk,378-136-7556
Rena,Whatling,Nice,12/29/1957,France,rwhatlingij@europa.eu,913-194-8186
Eddy,Kristoffersson,Longra,03/30/1997,Portugal,ekristofferssonik@newsvine.com,835-454-3448
Jedediah,Cosslett,Colmar,02/09/1992,France,jcosslettil@simplemachines.org,806-554-3067
Vicky,Healing,Muararupit,10/22/1979,Indonesia,vhealingim@bloomberg.com,265-436-3585
Koren,Bilbee,Qiaotou,10/13/1993,China,kbilbeein@soundcloud.com,120-213-3065
Isa,Semrad,Daixi,04/07/1992,China,isemradio@fastcompany.com,877-113-6576
Desiree,Kempe,Wartburg,04/06/1962,South Africa,dkempeip@globo.com,378-118-6135
Jeremy,Mitkin,,,,jmitkiniq@prweb.com,
Frank,Ditchfield,Quilo-quilo,08/19/1974,Philippines,fditchfieldir@acquirethisname.com,147-623-3588
Gerti,Siggers,Umeå,08/27/1997,Sweden,gsiggersis@dedecms.com,931-744-1914
Davidson,Mirfin,Nasilava,03/08/1965,Belarus,,137-603-7342
Griffy,Danielot,Sumbe,11/01/1951,Angola,gdanielotiu@usatoday.com,392-535-7799
Dwayne,Mattiuzzi,Machala,10/14/1988,Ecuador,,480-917-7635
Thurston,Osgar,Stara Kiszewa,01/01/1969,Poland,tosgariw@disqus.com,822-123-5515
Farica,Wase,Stanisław Górny,11/13/1965,Poland,fwaseix@eepurl.com,320-503-6030
Thedrick,McNeilley,Quebracho,12/19/1992,Uruguay,tmcneilleyiy@youtu.be,703-655-6049
Dannie,Iacoboni,Karelichy,10/25/1999,Belarus,diacoboniiz@fastcompany.com,881-414-3989
Martin,Boyen,Razumnoye,04/21/1957,Russia,mboyenj0@gizmodo.com,850-914-9909
Valentine,Manolov,Nangaroro,04/03/1996,Indonesia,,787-716-9309
Jilly,Hazelton,Vale de Santarém,03/30/1981,Portugal,jhazeltonj2@ovh.net,723-653-1741
Raff,Cahani,Megati Kelod,06/01/1978,Indonesia,,245-395-7515
Madeline,St Clair,Evxinoúpolis,10/30/1971,Greece,mstclairj4@webnode.com,598-813-5959
Scottie,Reims,Ostrowsko,05/24/1960,Poland,sreimsj5@sourceforge.net,809-207-6552
Darya,Capper,Haizigou,04/30/1981,China,dcapperj6@oakley.com,236-156-5060
Dyna,Minithorpe,Xinzhou,06/18/1966,China,dminithorpej7@deliciousdays.com,510-709-1735
Jessi,Matveichev,Bhamdoun,09/24/1962,Lebanon,jmatveichevj8@unesco.org,271-279-7144
Briney,Quested,Sidomekar,06/26/1979,Indonesia,bquestedj9@1und1.de,515-531-3925
Davis,Hebburn,Saint-Jean-de-Braye,11/02/1952,France,dhebburnja@etsy.com,349-534-8282
Evita,Field,Novi Zagreb,08/17/1977,Croatia,efieldjb@timesonline.co.uk,996-312-8703
Cale,Wehner,Kaduketug,10/19/1970,Indonesia,cwehnerjc@ftc.gov,921-672-1710
Ariel,Padrick,Sophia Antipolis,11/02/1960,France,apadrickjd@springer.com,780-276-3781
Kathie,Horley,Werangere,06/16/1966,Indonesia,khorleyje@google.it,290-939-5949
Lynda,Innerstone,Burgau,03/18/1971,Portugal,linnerstonejf@ustream.tv,357-271-8454
Chloris,Pettipher,,,,cpettipherjg@chronoengine.com,
Etheline,Blanpein,Oemollo,09/10/1998,Indonesia,eblanpeinjh@illinois.edu,213-850-2856
Lishe,Mummery,Jimaguayú,09/01/1960,Cuba,,727-535-6921
Annnora,Tyler,Yangiqo‘rg‘on,08/02/1997,Uzbekistan,atylerjj@msu.edu,123-511-5877
Budd,Ferraro,Cascais,08/18/1985,Portugal,bferrarojk@360.cn,145-222-1439
Dyana,Farnsworth,Jasaan,10/12/1950,Philippines,,368-289-4459
Clemmy,Karlsen,Borisovka,08/26/1999,Russia,,647-791-7277
Cathy,Blaxeland,Mataraben,06/03/1968,Indonesia,cblaxelandjn@weebly.com,588-870-9373
Johan,Naisey,Yanghe,05/18/1958,China,jnaiseyjo@imgur.com,999-270-0238
Devon,Bownde,Gobernador Costa,07/21/1967,Argentina,dbowndejp@github.com,952-181-4553
Andre,Brusle,Cournon-d'Auvergne,04/04/1998,France,abruslejq@mayoclinic.com,337-367-7079
Jayme,Colkett,,,,jcolkettjr@uiuc.edu,
Tanny,Kowalski,Chiscas,11/24/1956,Colombia,tkowalskijs@xinhuanet.com,732-368-3037
Theobald,Duerden,Bealanana,06/22/1961,Madagascar,tduerdenjt@harvard.edu,603-603-6474
Hilarius,Prestwich,Prozor,05/11/1977,Bosnia and Herzegovina,hprestwichju@xinhuanet.com,168-752-7617
Evin,Pettisall,Melenki,06/10/1955,Russia,epettisalljv@mit.edu,687-800-5206
Kristofer,Taborre,Chepes,11/03/1976,Argentina,ktaborrejw@umn.edu,806-222-8707
Bambie,Vitet,Calancuasan Norte,10/10/1958,Philippines,,803-374-3211
Irv,Joron,San Carlos de Bariloche,03/03/1997,Argentina,ijoronjy@usda.gov,608-237-8044
Stewart,Skill,Blyznyuky,02/06/1963,Ukraine,sskilljz@cnbc.com,530-495-2588
Tommy,Lount,Xagqu,12/15/1986,China,tlountk0@hc360.com,234-806-4740
Marilin,Van Hove,Ambian,10/28/1979,Indonesia,mvanhovek1@google.com,815-235-2053
Arny,Hellings,Amparafaravola,12/02/1984,Madagascar,ahellingsk2@stumbleupon.com,408-384-6877
Giselbert,Cordie,Australia Square,12/21/1965,Australia,gcordiek3@360.cn,226-982-8601
Brook,Hannum,Zibu,06/28/1998,China,bhannumk4@fotki.com,435-330-9702
Hermina,Cush,Canton,07/06/1956,United States,hcushk5@xing.com,330-364-8618
Rudie,Kaley,Ferbane,04/10/1976,Ireland,rkaleyk6@barnesandnoble.com,508-430-8745
Emmalynne,Zorzin,Cisewu,10/28/1959,Indonesia,ezorzink7@netscape.com,353-777-1240
Noel,Woolens,Sidikalang,04/15/1984,Indonesia,nwoolensk8@bizjournals.com,297-755-5635
Pate,Sergeant,Aytos,01/19/1984,Bulgaria,psergeantk9@g.co,502-212-5327
Celene,Reicherz,Purral,10/22/1956,Costa Rica,,787-437-0007
Cherilyn,Halliday,Huangchi,04/15/1975,China,challidaykb@odnoklassniki.ru,887-957-7884
Dorothea,Eakin,Tentúgal,07/13/1995,Portugal,deakinkc@huffingtonpost.com,355-576-4009
Stillmann,Longina,Svyetlahorsk,05/26/1971,Belarus,slonginakd@drupal.org,937-952-8684
Berte,Gribbell,Tilamuta,02/02/1973,Indonesia,bgribbellke@dot.gov,463-104-5312
Morris,MacKenney,Xin’andu,06/21/1974,China,mmackenneykf@indiatimes.com,769-521-6773
Dagny,Girth,,,,dgirthkg@ca.gov,
Roddie,Menichini,Kamaishi,11/15/1968,Japan,,605-257-1802
Marty,Geockle,Kostomuksha,04/06/1959,Russia,mgeockleki@opensource.org,318-509-1124
Cynthy,Dufoure,Talambung Laok,05/16/1986,Indonesia,cdufourekj@japanpost.jp,165-371-9244
Jesus,Peebles,Kuvandyk,02/06/1990,Russia,,642-600-0411
Paige,Petchey,Sufālat Samā’il,11/28/1967,Oman,ppetcheykl@bluehost.com,540-684-3388
Etan,Allerton,Paris La Défense,09/29/1951,France,eallertonkm@walmart.com,729-708-5770
Rivkah,Rivel,Belsk Duży,08/24/1965,Poland,rrivelkn@sbwire.com,298-266-3185
Tyson,Sudworth,Chimoio,02/15/1965,Mozambique,tsudworthko@umn.edu,856-802-5413
Dael,Gillease,San Celestio,12/11/1953,Philippines,,448-498-7867
Michael,Standfield,Zasip,04/15/1988,Slovenia,mstandfieldkq@slate.com,341-260-2264
Tyne,Boost,,,,tboostkr@opensource.org,
Camila,Gullivan,Xin’e,04/07/1978,China,cgullivanks@indiatimes.com,545-876-1030
Ruy,Root,Qijiazuo,01/19/1984,China,rrootkt@sciencedaily.com,950-988-7245
Sumner,Adkin,Laoshawan,01/19/1952,China,sadkinku@multiply.com,798-378-0038
Vivyan,Birtles,Guta,06/01/1953,China,vbirtleskv@123-reg.co.uk,554-707-9865
Anatollo,Stainland,Kiltamagh,02/01/1966,Ireland,,502-819-4008
Claudetta,Zoppo,San Rafael,01/03/1969,Argentina,czoppokx@aol.com,741-566-8663
Lance,Menary,Guay,09/05/1972,Indonesia,lmenaryky@latimes.com,260-621-4913
Thornton,Yalden,Dowr-e Rabāţ,03/12/1991,Afghanistan,,848-368-9993
Frederigo,Ditty,Chigang,08/12/1995,China,fdittyl0@usda.gov,244-211-9165
Jamaal,Alejandri,Dongshui,09/15/1951,China,jalejandril1@smh.com.au,145-459-7734
Cornie,Glasheen,Stockholm,08/31/1997,Sweden,cglasheenl2@typepad.com,905-432-3975
Leland,Radclyffe,Vyšší Brod,09/09/1991,Czech Republic,lradclyffel3@accuweather.com,223-519-4605
Rem,Grioli,Cherëmukhovo,03/22/1964,Russia,,271-746-8887
Rachel,Lichfield,Zhizhong,02/19/1990,China,rlichfieldl5@ifeng.com,363-403-0974
Felita,Bithell,Jiangzhang,06/01/1983,China,fbithelll6@twitpic.com,594-914-7372
Wilmar,Farloe,Inderka,10/13/1958,Russia,wfarloel7@businesswire.com,495-315-1606
Shayla,Omond,Kawakawa,12/05/1988,New Zealand,somondl8@liveinternet.ru,248-564-6374
Ingaborg,Benezeit,Karangranjong,12/19/1962,Indonesia,ibenezeitl9@tamu.edu,531-933-0399
Marieann,Scraggs,,,,,
Gorden,Caffery,Ouani,04/10/1970,Comoros,gcafferylb@taobao.com,739-993-0970
Reyna,Basilone,Korem,01/26/1959,Ethiopia,rbasilonelc@indiegogo.com,765-465-7308
Miof mela,Willmot,Miyang,10/09/1994,China,mwillmotld@imgur.com,570-637-1797
Keslie,Baxendale,Shuanghe,11/02/1978,China,kbaxendalele@miibeian.gov.cn,604-605-2831
Portie,Phetteplace,Yekimovichi,04/29/1976,Russia,pphetteplacelf@icio.us,569-235-2716
Rurik,Scrane,Fangjun,12/04/1977,China,rscranelg@behance.net,973-974-5748
Ricard,Souch,Dongfeng,03/31/1952,China,rsouchlh@alexa.com,826-999-0243
Philippine,Trays,Wantian,01/29/1981,China,,459-694-7165
Blair,Murgatroyd,Buenos Aires,09/20/1986,Peru,bmurgatroydlj@cbc.ca,319-598-2783
Willow,Dobbyn,,,,wdobbynlk@businesswire.com,
Brynn,Jeanes,Dzikowiec,09/21/1954,Poland,bjeanesll@domainmarket.com,861-691-6504
Kalil,Banville,Liangshan,01/10/1987,China,kbanvillelm@alibaba.com,339-340-1681
Taddeusz,Rois,Bydgoszcz,06/18/1957,Poland,,560-776-1451
Coleen,Bushaway,,,,cbushawaylo@unesco.org,
Henriette,Papa,Innoshima,05/28/1968,Japan,hpapalp@smh.com.au,968-514-1827
Zolly,Beumant,Zabukovica,06/17/1960,Slovenia,zbeumantlq@ihg.com,983-677-7256
Penn,McEvilly,,,,pmcevillylr@cbslocal.com,
Remy,Schoffler,Tromsø,11/30/1980,Norway,rschofflerls@ameblo.jp,155-286-9118
Annabal,Ivakhno,Klatakan,11/11/1987,Indonesia,aivakhnolt@admin.ch,176-833-0468
Ethelyn,Elnough,Bryansk,06/28/1964,Russia,eelnoughlu@apple.com,108-749-9706
Germaine,Eilers,Kao Liao,06/26/1975,Thailand,geilerslv@netlog.com,819-596-8637
Koral,Cornall,Aksu,02/21/1995,Kazakhstan,kcornalllw@exblog.jp,139-310-3389
Lanie,Loughnan,Proboštov,03/01/1983,Czech Republic,lloughnanlx@1688.com,281-676-0867
Galvan,Chasle,Ciudad Bolívar,12/20/1951,Colombia,gchaslely@upenn.edu,139-803-8501
Marian,Pinsent,Progër,06/15/1989,Albania,mpinsentlz@harvard.edu,893-255-6475
Donalt,Gatehouse,Gandoang,12/19/1951,Indonesia,dgatehousem0@networksolutions.com,860-286-1646
Rowe,Durrant,Jammā‘īn,04/16/1961,Palestinian Territory,rdurrantm1@umn.edu,975-744-0883
Nealson,Booth-Jarvis,Västerås,09/11/1989,Sweden,nboothjarvism2@about.me,473-193-9008
Nathanael,Ashenhurst,Navan,10/23/1969,Ireland,nashenhurstm3@pinterest.com,489-827-6808
Viva,Presslee,Cawayan,02/26/1975,Philippines,vpressleem4@csmonitor.com,842-145-4392
Ive,Magauran,Sélestat,04/27/1980,France,imagauranm5@1688.com,353-806-9898
Celine,Darko,La Soledad,07/08/1955,Mexico,,981-580-9596
Liana,Ramel,Sinanju,02/01/1998,North Korea,lramelm7@xinhuanet.com,450-729-4307
Astrid,Serraillier,Bettendorf,02/24/1984,Luxembourg,aserraillierm8@reuters.com,872-304-5935
Christan,Silman,Nyachera,04/22/1957,Uganda,csilmanm9@yolasite.com,243-847-0713
Tracie,Jentin,Gapuk,03/06/1985,Indonesia,tjentinma@smugmug.com,525-432-0505
Matti,O'Fallowne,Nova Kakhovka,02/13/1956,Ukraine,mofallownemb@hibu.com,252-706-3241
Chico,Middlebrook,Kao Liao,05/12/1992,Thailand,cmiddlebrookmc@shareasale.com,642-471-2654
Con,Sissland,As Sālimīyah,11/06/1966,Kuwait,csisslandmd@opera.com,620-215-5615
Dame,Karolovsky,Tarica,03/20/1982,Peru,dkarolovskyme@examiner.com,773-644-1663
Ilka,Swafford,Zhufo,01/15/1961,China,iswaffordmf@ebay.co.uk,683-663-7798
Jason,Pennini,Omišalj,09/15/1991,Croatia,jpenninimg@nba.com,435-443-8388
Kory,Mattecot,Tugu,07/23/1997,Indonesia,kmattecotmh@bing.com,309-490-0324
Opal,Baudon,Waepau,02/11/1952,Indonesia,obaudonmi@jimdo.com,258-473-4300
Fredericka,Hubbard,Jingtou,11/04/1996,China,fhubbardmj@bravesites.com,276-716-1692
Charil,Venney,Kolondiéba,11/16/1978,Mali,cvenneymk@prnewswire.com,549-793-6884
Oberon,Base,Yazykovo,09/05/1999,Russia,obaseml@mit.edu,580-148-5044
Yurik,Iddins,Dhrosiá,11/03/1969,Greece,yiddinsmm@google.com.hk,310-368-7747
Katinka,Lifton,Budapest,06/19/1976,Hungary,,722-883-2308
Roderich,Scirman,Jianfeng,12/15/1996,China,rscirmanmo@fotki.com,393-805-3231
Mason,Stedmond,Bijie,07/08/1970,China,mstedmondmp@webnode.com,277-654-0633
Sandi,Romushkin,Sadar Bazar,03/20/1952,India,,130-476-5027
Templeton,Stubbeley,Garunggang,01/29/1978,Indonesia,,189-603-0261
Ruben,Thurborn,Skeldon,03/27/1983,Guyana,rthurbornms@rambler.ru,514-985-5943
Darbee,Limbrick,Cartagena,11/29/1972,Colombia,dlimbrickmt@wired.com,825-868-0780
Livvy,Moulson,Esposende,05/13/1998,Portugal,,759-382-4839
Nanice,Limbrick,Mġarr,02/05/1972,Malta,nlimbrickmv@flickr.com,571-121-7902
Delbert,Fairhurst,Genet,12/12/1988,Ethiopia,dfairhurstmw@acquirethisname.com,638-970-9615
Wiley,Bradborne,Pupiales,12/06/1964,Colombia,wbradbornemx@surveymonkey.com,294-431-8830
Clarie,Tisor,Fornelos,07/09/1999,Portugal,ctisormy@unc.edu,857-179-4179
Catherina,Scogings,Shuidong,11/29/1951,China,cscogingsmz@soup.io,473-732-0463
Anthea,Josiah,Basing,08/24/1962,Philippines,ajosiahn0@aol.com,669-545-4100
Cullan,Denyakin,Marjayoûn,06/21/1988,Lebanon,cdenyakinn1@google.pl,161-366-4233
Verna,Foote,Dūāb,06/08/1986,Afghanistan,vfooten2@mac.com,408-984-5557
Richmond,Fittes,Ōita,07/07/1968,Japan,rfittesn3@sun.com,881-127-8443
Suzette,Aveline,Lousa,11/12/1969,Portugal,savelinen4@unicef.org,509-913-4505
Chan,Lawless,,,,clawlessn5@hexun.com,
Annalee,Mar,Jun’an,10/19/1954,China,amarn6@twitpic.com,412-627-4991
Leona,Huguenet,Alue Glumpang,01/30/1994,Indonesia,,537-524-1214
Nehemiah,Ilyinykh,Khvastovichi,06/02/1953,Russia,nilyinykhn8@instagram.com,315-701-4148
Pattie,Poynser,Bremen,05/31/1965,Germany,,695-813-6331
Sayer,Quinet,Jiulian,06/07/1994,China,,398-146-3738
Ruprecht,Goretti,Sukasada,07/24/1984,Indonesia,rgorettinb@cnn.com,349-438-3331
Marty,Byart,Dongxi,08/12/1973,China,mbyartnc@cbslocal.com,608-245-1474
Karylin,Cammoile,Negara,06/09/1970,Indonesia,kcammoilend@usa.gov,821-333-9766
Rani,Ecclestone,Sīnah,03/14/1955,Iraq,recclestonene@nifty.com,911-976-9265
Lenore,Cisneros,Guantouzui,12/29/1999,China,,659-121-2257
Magdalene,Eickhoff,Petropavlivka,09/21/1990,Ukraine,meickhoffng@usda.gov,601-210-5416
Aleksandr,Barstock,Irshava,06/30/1999,Ukraine,abarstocknh@sourceforge.net,523-668-3545
Bone,Fingleton,Luna,06/11/1977,Philippines,bfingletonni@wired.com,462-989-0953
Chryste,Barmby,Kangle,01/21/1963,China,cbarmbynj@cbsnews.com,658-945-0335
Jeremiah,Pritchard,Zhentou,04/01/1982,China,jpritchardnk@netlog.com,496-926-6832
Orelle,Euels,Përmet,07/13/1954,Albania,oeuelsnl@shop-pro.jp,422-812-2732
Tricia,Ladds,Fullerton,08/07/1969,United States,,714-300-3340
Anett,Karle,Villa Regina,11/26/1952,Argentina,,843-597-7375
Cortney,Kempshall,Matozinhos,01/21/1974,Brazil,ckempshallno@yellowbook.com,762-430-3902
Sydel,Desantis,Thị Trấn Thanh Lưu,02/22/1968,Vietnam,sdesantisnp@tmall.com,450-543-3847
Delainey,Loble,Taloqan,11/08/1997,Afghanistan,,339-924-2900
Ashley,Hevner,Igcocolo,08/24/1950,Philippines,ahevnernr@usa.gov,709-854-8095
Neddie,Childs,Kafir Yasif,06/12/1998,Israel,nchildsns@zimbio.com,617-318-9421
Ileane,Tremain,Barice,11/04/1986,Bosnia and Herzegovina,itremainnt@opensource.org,163-988-5755
Rheta,Magrannell,Comillas Norte,04/29/1994,Philippines,rmagrannellnu@scribd.com,581-666-1857
Will,Shier,Banjar Bucu,07/11/1978,Indonesia,wshiernv@last.fm,402-998-2112
Ira,Aspray,,,,iaspraynw@youtube.com,
Lonnie,Liell,Lijiaxiang,10/05/1965,China,lliellnx@ted.com,347-742-7312
Alexio,Scudamore,Yuchi,02/19/1987,China,ascudamoreny@360.cn,745-760-0983
Pepita,Lorain,Namp’o,12/19/1965,North Korea,plorainnz@shop-pro.jp,496-381-7806
Boris,Guard,Baki,04/14/1961,Indonesia,bguardo0@ehow.com,556-113-3938
Tommy,Chessor,Hualgayoc,07/11/1967,Peru,tchessoro1@instagram.com,622-552-0728
Sheelagh,Duling,Bangad,06/30/1984,Philippines,sdulingo2@de.vu,342-890-2008
Mikaela,Willicott,Lokorae,05/19/1991,Indonesia,mwillicotto3@tripod.com,784-125-7280
Anjanette,Philippsohn,Juxing,04/18/1990,China,aphilippsohno4@yelp.com,482-774-3400
Gayleen,Dovidian,Shangdongjie,11/27/1965,China,gdovidiano5@freewebs.com,421-520-6957
Rebekkah,Worpole,Rybatskoye,04/29/1962,Russia,rworpoleo6@sciencedaily.com,996-256-2793
Kipper,Guthrum,Santo Domingo Este,04/17/1961,Dominican Republic,kguthrumo7@addtoany.com,170-389-7399
Eva,Sowood,Jiḩānah,07/09/1997,Yemen,esowoodo8@chron.com,588-576-4742
Robbie,Saberton,Sibanicú,01/13/1978,Cuba,,519-587-8357
Salomone,Waller-Bridge,,,,swallerbridgeoa@skype.com,
Onfroi,Rawlinson,Arrentela,01/21/1979,Portugal,orawlinsonob@shutterfly.com,784-697-0768
Audra,Weldrake,Linton,11/02/1983,United Kingdom,aweldrakeoc@skyrock.com,706-618-8687
Tab,Huxstep,Ash Shāmīyah,05/16/1986,Kuwait,thuxstepod@state.tx.us,120-884-3208
Ewen,Restill,,,,erestilloe@spiegel.de,
Mollie,Waleworke,Morohongō,07/11/1993,Japan,mwaleworkeof@ibm.com,843-469-1149
Georgeanna,Ivushkin,Eixo,05/05/1983,Portugal,,321-987-2678
Georgie,Henken,Macau,03/08/1989,Brazil,ghenkenoh@intel.com,526-615-6725
Dennie,Lomis,,,,dlomisoi@shinystat.com,
Bliss,Shirley,Jhingergācha,07/23/1996,Bangladesh,,572-264-5927
Mabel,Woloschin,Lushnjë,11/12/1965,Albania,mwoloschinok@yellowbook.com,658-569-9386
Marlowe,Hauch,,,,mhauchol@shareasale.com,
Jefferson,Defont,Patenongan,09/08/1983,Indonesia,jdefontom@accuweather.com,820-480-7739
Alecia,McCormick,Flers,06/08/1955,France,amccormickon@symantec.com,381-325-9565
Danni,Dalinder,Perpignan,10/25/1977,France,,694-659-1668
Egor,Paddingdon,El Hamma,08/19/1957,Tunisia,epaddingdonop@state.gov,803-566-4589
Garret,Formilli,Tandahimba,06/03/1965,Tanzania,gformillioq@usda.gov,966-429-5563
Gabbey,Lehr,Río Cauto,02/02/1958,Cuba,glehror@buzzfeed.com,836-617-4926
Alison,Costanza,Emporeío,10/17/1950,Greece,acostanzaos@plala.or.jp,449-629-3758
Anastasia,Vasser,Melaka,07/17/1994,Malaysia,avasserot@behance.net,789-886-3613
Donny,Bennetto,Bato,02/14/1974,Philippines,dbennettoou@tamu.edu,250-461-0310
Jerad,Kohrt,Qaţanah,10/29/1982,Palestinian Territory,jkohrtov@yahoo.com,157-655-6414
Shanie,Venner,Tipolo,08/28/1989,Philippines,svennerow@umn.edu,537-360-2156
Susana,Dicte,Krivodanovka,06/10/1981,Russia,sdicteox@prnewswire.com,270-341-5961
Grant,Nayer,Saint-Égrève,01/13/1998,France,gnayeroy@slideshare.net,174-629-1537
Caressa,Lillie,Roma,10/14/1972,Italy,clillieoz@wikipedia.org,236-962-6827
Lauren,Boxe,Ta‘izz,07/28/1975,Yemen,lboxep0@moonfruit.com,947-677-9722
Lezlie,Statefield,Moulay Bouchta,02/05/1976,Morocco,lstatefieldp1@privacy.gov.au,919-259-7811
Sydel,Puig,Metz,05/12/1958,France,spuigp2@usatoday.com,902-214-0897
Ranice,Emloch,Hamburg,01/25/1996,Germany,remlochp3@trellian.com,534-247-8687
Ara,Avon,Gorskaya,04/02/1979,Russia,aavonp4@cpanel.net,407-183-6781
Lew,Halshaw,Beilun,11/20/1970,China,,996-680-2036
Cassaundra,Kingaby,Markušica,08/14/1962,Croatia,,532-601-0679
Bil,Fortnum,Xijiadian,12/21/1973,China,bfortnump7@ustream.tv,891-868-7313
Mario,Alden,Uścimów Stary,01/06/1968,Poland,maldenp8@altervista.org,805-537-0761
Julieta,Sponer,Karlstad,07/06/1961,Sweden,jsponerp9@reuters.com,635-888-4531
Ginger,Dachey,Baishigou,02/11/1994,China,gdacheypa@domainmarket.com,698-621-1145
Dougy,Lomax,San José Poaquil,09/10/1955,Guatemala,dlomaxpb@mlb.com,493-355-8351
Wendell,Brittoner,Huaguoshan,05/24/1983,China,wbrittonerpc@blog.com,221-302-1469
Isobel,Dance,El Zapotal del Norte,08/28/1989,Honduras,idancepd@163.com,508-532-1251
Yehudi,Samwell,Tambo,10/11/1965,Philippines,ysamwellpe@goo.gl,717-595-0751
Sumner,Brickner,Shikou,07/31/1991,China,,244-676-7577
Nealon,Tombling,Gombong,06/13/1968,Indonesia,,967-154-6096
Charlot,Scorah,Abu Dhabi,02/21/1980,United Arab Emirates,cscorahph@japanpost.jp,853-448-8030
Carney,Markovich,Montpellier,03/02/1972,France,cmarkovichpi@fda.gov,896-743-2125
Ursulina,Pude,Salas,07/09/1996,Peru,upudepj@businessweek.com,407-786-9866
Ailina,Habbijam,Hudong,12/09/1996,China,ahabbijampk@nba.com,502-554-8910
Francisco,Aynsley,Dahe,08/18/1982,China,faynsleypl@redcross.org,647-251-2294
Jeana,Bidgod,Moncton,03/16/1995,Canada,jbidgodpm@mail.ru,108-438-2454
Faye,Hamlin,,,,,
Benedicto,Simoes,Mossoró,05/16/1965,Brazil,,418-284-2046
Sharon,Ralestone,Parrita,06/23/1959,Costa Rica,sralestonepp@mapquest.com,447-389-6834
Montgomery,Jiroudek,Machala,06/15/1956,Ecuador,mjiroudekpq@over-blog.com,292-188-3293
Lief,Rushby,Prosperous,03/14/1960,Ireland,,959-863-1715
Meagan,Regitz,Ilama,03/08/1982,Honduras,,939-423-5131
Sascha,Morrid,Bāqim as Sūq,02/28/1993,Yemen,smorridpt@eventbrite.com,626-870-2679
Crista,Sherrett,Tembau,03/13/1958,Indonesia,csherrettpu@scientificamerican.com,189-415-1052
Malva,Sample,Bonneuil-sur-Marne,01/12/1994,France,msamplepv@cbsnews.com,812-467-8280
Russ,Daouze,Bang Nam Priao,10/14/1953,Thailand,rdaouzepw@vinaora.com,158-382-4967
Vaughan,Clowley,Yeni Suraxanı,12/26/1952,Azerbaijan,,305-940-3555
Rasla,Catonnet,,,,rcatonnetpy@wp.com,
Mischa,Boon,Egindiköl,11/13/1974,Kazakhstan,mboonpz@disqus.com,725-720-7084
Rivi,Deek,Thành Phố Hạ Long,04/06/1980,Vietnam,rdeekq0@ft.com,759-201-0653
Lucie,Dunning,Baipenzhu,11/16/1979,China,ldunningq1@hatena.ne.jp,782-953-8571
Shannon,Pyford,Koh Kong,11/22/1965,Cambodia,spyfordq2@google.com.au,309-136-7737
Robin,Berry,Babice,04/20/1994,Poland,rberryq3@house.gov,724-505-7412
Natka,Dunphy,Bangunsari,09/29/1987,Indonesia,ndunphyq4@twitpic.com,679-292-3864
Prudence,Maybery,Qiqing,06/12/1961,China,pmayberyq5@howstuffworks.com,960-895-2110
Alvie,Thurner,Tecka,02/11/1983,Argentina,,990-835-8591
Nicolea,Bromet,Phrae,07/07/1966,Thailand,nbrometq7@rakuten.co.jp,191-802-2415
Cate,Bennallck,Drnje,07/10/1985,Croatia,cbennallckq8@gov.uk,488-569-5552
Debor,Hartnell,Neyagawa,03/20/1998,Japan,dhartnellq9@linkedin.com,469-352-1053
Lelia,Merigot,,,,,
Andy,Howat,Pujocucho,01/13/1960,Peru,ahowatqb@ycombinator.com,735-198-0764
Clarance,Hallick,Santa Cruz del Quiché,03/26/1950,Guatemala,,819-436-8140
Wendi,Stonner,Káto Glikóvrisi,10/28/1965,Greece,wstonnerqd@myspace.com,980-621-2774
Frederica,Bernocchi,Bogolyubovo,04/27/1987,Russia,fbernocchiqe@spiegel.de,458-111-5053
Zebulon,Jeffress,Kasba Tadla,11/08/1990,Morocco,zjeffressqf@unc.edu,281-100-9450
Larine,Matts,Tasböget,03/04/1999,Kazakhstan,,295-920-2001
Erhart,Gormally,Trollhättan,03/01/1979,Sweden,,973-547-5278
Jeremie,Jaskiewicz,Senduro,09/19/1982,Indonesia,jjaskiewiczqi@amazon.com,251-143-7260
Skipton,Linzee,Cruces de Anorí,05/13/1966,Colombia,slinzeeqj@google.pl,887-785-8307
John,Muncie,Ina,10/31/1974,Japan,jmuncieqk@phoca.cz,178-554-9240
Manon,Simic,Calaya,12/20/1973,Philippines,msimicql@deviantart.com,488-862-6248
Rosella,Tribbeck,,,,rtribbeckqm@theatlantic.com,
Bella,Starte,Oktyabr’skiy,10/25/1997,Russia,bstarteqn@ustream.tv,633-241-4397
Bibbye,Beekman,Kandi,10/05/1952,Benin,bbeekmanqo@ted.com,620-607-7743
Cindra,Leyband,Berthierville,10/14/1979,Canada,,421-278-5474
Reginald,Discombe,Londres,01/22/1977,Argentina,rdiscombeqq@businessinsider.com,342-758-8632
Dorthy,Grantham,Stockholm,09/14/1991,Sweden,dgranthamqr@xrea.com,665-262-8836
Major,Benedtti,Al Mazār,07/26/1983,Jordan,,101-200-6521
Lauretta,Rolin,Huangshan,06/06/1961,China,lrolinqt@mediafire.com,493-786-8976
Floris,Cinelli,Carandaí,06/26/1989,Brazil,fcinelliqu@dyndns.org,150-151-4919
Rupert,Muckleston,Jiangshan,08/16/1957,China,,809-907-4015
Diann,Jaram,Sudoměřice,08/20/1994,Czech Republic,djaramqw@alexa.com,268-630-7116
Jae,Cuolahan,Dongfanghong,07/08/1983,China,jcuolahanqx@webnode.com,833-897-3416
Bran,Stebbings,Saint-Pierre,10/18/1973,Reunion,bstebbingsqy@theatlantic.com,599-879-4497
Franny,Trapp,Krojo,08/25/1993,Indonesia,ftrappqz@alibaba.com,719-122-1650
Leta,Pendreigh,,,,lpendreighr0@123-reg.co.uk,
Tami,Tollit,Stockholm,07/28/1974,Sweden,ttollitr1@wikipedia.org,959-221-7759
Gabriello,Allonby,Daxindian,03/23/1971,China,gallonbyr2@quantcast.com,775-970-6980
Stormi,Farenden,Cachadinha,05/15/1990,Portugal,,708-409-0378
Johannes,Knowlson,Kengkou,02/28/1974,China,jknowlsonr4@qq.com,634-442-7682
Neda,Carne,New Panamao,09/12/1972,Philippines,ncarner5@trellian.com,344-162-9094
Sabine,Awdry,Cartagena,01/14/1972,Philippines,sawdryr6@godaddy.com,271-972-3694
Aloise,Valente,Irecê,10/05/1972,Brazil,avalenter7@squidoo.com,828-358-5596
Omero,Tatnell,Goulmima,03/03/1960,Morocco,,343-632-9549
Durward,Fettiplace,Charleville-Mézières,09/06/1962,France,dfettiplacer9@sun.com,437-768-3537
Fenelia,Gurg,Mehrābpur,01/15/1963,Pakistan,fgurgra@cam.ac.uk,833-930-7688
Nathalie,Willatt,Yujia’ao,05/12/1970,China,nwillattrb@latimes.com,859-199-3779
Terrie,Chant,Hongqi,06/15/1985,China,tchantrc@canalblog.com,595-374-0791
Becka,Ternent,Huancheng,03/12/1999,China,bternentrd@earthlink.net,186-881-4235
Honey,Atthow,,,,,
Tybalt,De Zuani,Paranavaí,09/15/1994,Brazil,tdezuanirf@linkedin.com,601-905-8667
Bing,Frankland,Baru,01/08/1998,Indonesia,bfranklandrg@1688.com,285-124-2060
Linnie,Ropkes,Yilkiqi,11/03/1989,China,lropkesrh@shop-pro.jp,867-380-9475
Saxe,Badrick,Omaha,11/23/1970,United States,sbadrickri@vkontakte.ru,712-189-8440
Jess,Gaylard,Port Hawkesbury,09/27/1987,Canada,jgaylardrj@chronoengine.com,431-677-0553
Glenn,Castellan,Porsgrunn,06/26/1988,Norway,gcastellanrk@eepurl.com,845-423-4416
Corty,Gumbrell,Maguwon,10/06/1952,Indonesia,cgumbrellrl@bbb.org,961-958-2191
Elvera,Rogister,Huangtukuang,12/06/1984,China,erogisterrm@google.pl,271-179-4640
Malvin,Pearn,Pingshan,05/11/1957,China,,540-463-8297
Abigail,de Mullett,Ciudian,02/22/1971,Indonesia,ademullettro@cocolog-nifty.com,644-633-4823
Mabelle,Buxsey,Vođinci,05/16/1974,Croatia,mbuxseyrp@epa.gov,914-328-9507
Lizzie,Cartmale,Youxi,07/02/1961,China,lcartmalerq@ebay.co.uk,423-632-3194
Courtenay,Radley,Slovenska Bistrica,09/08/1959,Slovenia,cradleyrr@sakura.ne.jp,151-420-9677
