first_name,last_name,birth_place,birth_date,country_living_in,email,phone
Reinhard,Furse,Zhangdan,10/11/1958,China,rfurse0@hud.gov,884-208-6299
Lucina,Linzee,Flin Flon,09/07/1974,Canada,llinzee1@a8.net,354-108-3403
Clerc,Flattman,Krajan,01/18/1966,Indonesia,cflattman2@tripod.com,457-178-5527
Barnie,Ludewig,Kvasiny,09/27/1987,Czech Republic,bludewig3@ihg.com,430-939-0824
Ashla,Danielsson,Zhireken,10/26/1955,Russia,adanielsson4@hhs.gov,192-393-3004
Ethelred,Shutler,Kattaqo’rg’on,07/13/1955,Uzbekistan,eshutler5@hatena.ne.jp,905-428-2709
Aimee,Keesman,Borjomi,07/30/1995,Georgia,akeesman6@com.com,570-189-6045
Lock,Duny,Houston,05/08/1979,United States,lduny7@barnesandnoble.com,713-960-5732
Kissie,Pesek,Lais,12/28/1950,Philippines,kpesek8@webmd.com,440-331-6924
Erica,Seneschal,Sabanalarga,04/10/1969,Colombia,eseneschal9@oracle.com,477-475-5755
Putnem,Burds,Parry Sound,04/08/1993,Canada,,398-927-2318
Rhianna,Lindhe,Yong’an,03/28/1979,China,,824-842-1892
Dunc,Ligertwood,Kokubunji,10/07/1990,Japan,dligertwoodc@loc.gov,144-415-3234
Shae,Parke,Tōbetsu,09/23/1974,Japan,sparked@sakura.ne.jp,972-212-2225
Berk,Tunnow,Point Pedro,10/14/1988,Sri Lanka,btunnowe@yellowpages.com,554-179-5002
Wesley,Kornilov,Mamu,09/09/1981,China,wkornilovf@redcross.org,777-711-5858
Krisha,McIndrew,Los Patios,08/07/1956,Colombia,kmcindrewg@thetimes.co.uk,222-548-2559
Martita,Topling,,,,mtoplingh@gov.uk,
Charmain,Idwal Evans,Anchorage,06/27/1981,United States,cidwalevansi@w3.org,907-811-9349
Andreas,Bowater,Mossendjo,04/26/1978,Republic of the Congo,,124-923-9827
Cecilla,Ciric,Sarband,11/24/1981,Tajikistan,ccirick@google.com.br,198-944-7579
Jacinta,Baseley,Lhuentse,02/26/1954,Bhutan,jbaseleyl@tmall.com,190-846-6984
Vasily,Touhig,Calauan,05/03/1994,Philippines,vtouhigm@canalblog.com,581-584-6592
Meghann,Lombard,Xinying,02/21/1979,Taiwan,mlombardn@imageshack.us,347-562-7488
Roldan,Spieck,Qingzhou,02/26/1954,China,rspiecko@pbs.org,172-542-8964
Chickie,Vanetti,Heqian,01/26/1986,China,cvanettip@arizona.edu,906-686-9692
Lurleen,Gores,Järfälla,05/04/1950,Sweden,lgoresq@technorati.com,925-846-7948
Amil,Ray,,,,arayr@addthis.com,
Pat,Ricson,Trinidad,05/13/1990,Bolivia,pricsons@sun.com,971-301-2183
Adrienne,Pattisson,Wadi Kidul,09/08/1987,Indonesia,apattissont@macromedia.com,410-779-4621
Xenia,Piggot,Dongxiaokou,01/05/1984,China,xpiggotu@vimeo.com,320-108-3503
Clara,Gilbride,Jalālpur,02/13/1993,Pakistan,cgilbridev@wired.com,369-950-3675
Lannie,Sabathe,Basarabeasca,10/22/1984,Moldova,lsabathew@buzzfeed.com,890-342-2052
Pammy,Barkus,White City,08/21/1963,Canada,,840-740-8364
Alick,Kidby,Delmiro Gouveia,04/03/1997,Brazil,,824-785-3558
Caril,Forrester,Andongwei,02/23/1984,China,cforresterz@nps.gov,832-262-8041
Hort,Maasz,Aragua de Barcelona,03/15/1966,Venezuela,hmaasz10@bloglines.com,224-158-1385
Dael,Sawford,Kurchatov,03/22/1984,Russia,dsawford11@tinypic.com,369-694-2743
Tish,McKinn,Mayorga,06/28/1966,Philippines,,884-253-7216
Tera,Ginley,Paccha,10/24/1983,Peru,tginley13@qq.com,437-803-8193
Gregorius,Weddell,Al Kittah,10/20/1950,Jordan,gweddell14@geocities.com,773-126-2787
Trista,Mamwell,Xianghe,06/06/1975,China,tmamwell15@theatlantic.com,489-663-2676
Tanney,Finlan,Gangmei,12/30/1983,China,tfinlan16@nba.com,275-224-5527
Madalena,Beresford,Pushchino,04/10/1964,Russia,,263-103-3299
Tania,Trigwell,Quwa,03/02/1952,China,ttrigwell18@apple.com,916-767-5403
Onfroi,Gillet,Yingtou,07/03/1979,China,ogillet19@elegantthemes.com,381-501-3276
Aldous,Mullally,Mulyosari,01/08/1965,Indonesia,amullally1a@cornell.edu,163-770-3029
Reese,Reye,Taklale,05/16/1980,Indonesia,rreye1b@a8.net,256-199-4724
Nathanial,Pawelke,Nackawic,08/21/1998,Canada,npawelke1c@nature.com,260-655-9913
Fabe,Eunson,Wilmington,09/01/1964,United States,feunson1d@gnu.org,910-888-2238
Emalia,Aubrey,Pedaringan,09/15/1978,Indonesia,eaubrey1e@tiny.cc,886-712-3965
Kellen,Abbati,Kolbano,03/18/1961,Indonesia,kabbati1f@sina.com.cn,947-120-7576
Husein,Hardiker,Reutlingen,08/12/1984,Germany,hhardiker1g@e-recht24.de,398-870-2370
Sawyere,Adshad,Monkayo,01/07/1979,Philippines,sadshad1h@goo.ne.jp,463-807-5636
Ondrea,Jovanovic,Huurch,07/09/1994,Mongolia,ojovanovic1i@state.tx.us,103-321-2724
Dena,Curling,Ursk,06/23/1963,Russia,dcurling1j@ucsd.edu,667-522-2201
Obadias,Glowinski,,,,oglowinski1k@washington.edu,
Sile,Krysztofowicz,Emplak,06/03/1960,Indonesia,skrysztofowicz1l@i2i.jp,341-896-2278
Alvie,Cartman,Huaguo,02/24/1955,China,acartman1m@liveinternet.ru,812-750-3121
Ella,Macallam,Tingloy,09/04/1983,Philippines,emacallam1n@csmonitor.com,784-873-6424
Harri,Penhall,,,,hpenhall1o@gravatar.com,
Rosetta,Chalcot,Kangar,01/03/1972,Malaysia,rchalcot1p@bloglines.com,240-498-7740
Gayel,Haslam,Huanggexi,12/14/1995,China,,305-168-5872
Truda,Candlish,Famagusta,04/24/1982,Cyprus,tcandlish1r@nationalgeographic.com,530-383-8400
Eachelle,Tout,Yirga ‘Alem,06/10/1955,Ethiopia,etout1s@upenn.edu,600-885-1839
Brent,Prazor,Besukrejo,04/14/1965,Indonesia,bprazor1t@godaddy.com,659-550-2331
Kelley,Wolffers,Miranda,03/09/1993,Colombia,kwolffers1u@go.com,624-973-5004
Timmy,Tumbridge,Seoam,02/19/1991,Indonesia,ttumbridge1v@imgur.com,377-957-5952
Cesar,Caldera,Namie,02/26/1951,Japan,ccaldera1w@google.cn,481-111-7968
Kincaid,Wasiel,Shumikhinskiy,08/09/1956,Russia,kwasiel1x@globo.com,592-584-4627
Mady,Heeks,Independencia,06/08/1967,Mexico,mheeks1y@webmd.com,626-982-1190
Maxim,Normavell,Koblain,04/06/1985,Indonesia,mnormavell1z@istockphoto.com,707-651-9531
Maggi,McKerron,Kefar Shemaryahu,10/22/1967,Israel,mmckerron20@nature.com,647-137-9540
Bevon,Tuerena,Jijia,04/08/1982,China,btuerena21@drupal.org,637-183-2090
Ianthe,Jirousek,Oujda,02/07/1987,Morocco,ijirousek22@sciencedirect.com,249-815-4353
Jakie,April,,,,,
Karyn,Olyonov,Wuli,12/21/1964,China,kolyonov24@nytimes.com,519-822-1235
Lyn,Guillotin,Colosó,03/17/1961,Colombia,,139-796-9897
Leigha,Blore,Muñoz East,11/08/1995,Philippines,lblore26@house.gov,140-757-3501
Dante,Banyard,Girang,07/09/1958,Indonesia,dbanyard27@go.com,394-350-8186
Isak,McFadyen,Quiruvilca,04/23/1953,Peru,imcfadyen28@bigcartel.com,558-616-3275
Clemmy,Chorley,Staroutkinsk,11/09/1984,Russia,cchorley29@live.com,720-606-6486
Pierrette,Iwanowski,Kaminoyama,09/10/1982,Japan,piwanowski2a@fda.gov,472-486-4577
Rubi,Giorio,Meylan,08/19/1955,France,rgiorio2b@paypal.com,289-939-4748
Marlee,Bricham,Tushi,01/27/1978,China,mbricham2c@bbc.co.uk,570-410-8482
Darbee,Dixon,Lamía,03/16/1954,Greece,ddixon2d@rakuten.co.jp,673-717-8860
Minerva,Ogley,Uruaçu,07/29/1962,Brazil,,797-592-9780
Reggi,Barreau,Jiangcun,01/05/1979,China,rbarreau2f@kickstarter.com,766-849-3169
Debi,Scotsbrook,Hexi,06/14/1981,China,dscotsbrook2g@google.nl,436-485-6424
Vernor,Redolfi,Riolândia,08/19/1956,Brazil,vredolfi2h@wordpress.org,741-979-5518
Claude,Attow,Beishan,09/07/1954,China,cattow2i@amazon.co.jp,317-798-0015
Doyle,Blencoe,Tianning,04/16/1981,China,dblencoe2j@msn.com,690-424-8448
Claudelle,Hartness,Quintã,11/20/1992,Portugal,,890-754-5215
Buckie,Cogan,Bang Klam,10/31/1960,Thailand,,324-740-8824
Brita,Kohrsen,Putukrejo,06/27/1989,Indonesia,bkohrsen2m@topsy.com,480-588-2204
Constantina,Dinneges,Yumbel,02/06/1960,Chile,cdinneges2n@yahoo.com,572-883-7199
Farica,Padwick,Chichaoua,03/11/1963,Morocco,fpadwick2o@ucla.edu,505-660-1539
Quill,Boatwright,Petrolina,10/24/1955,Brazil,qboatwright2p@soundcloud.com,256-805-4680
Cherilynn,Ottley,Gävle,11/07/1968,Sweden,cottley2q@engadget.com,908-503-8936
Aleece,Lafoy,Stari Bar,03/16/1975,Montenegro,alafoy2r@abc.net.au,129-233-7887
Joela,Spriggin,Neos Voutzás,05/25/1997,Greece,,477-712-3152
Gerrie,Lovick,Dzięgielów,03/11/1975,Poland,glovick2t@delicious.com,767-966-9166
Boniface,Harrow,Barmash,03/06/1971,Albania,bharrow2u@eventbrite.com,797-178-8942
Gusta,Trenouth,Semongkat,03/27/1993,Indonesia,gtrenouth2v@nsw.gov.au,110-100-6287
Consuela,Billison,Novyy Oskol,12/05/1981,Russia,cbillison2w@salon.com,531-478-2383
Aileen,Overstone,Cabimas,05/15/1990,Venezuela,aoverstone2x@reference.com,475-242-0968
Kamila,Kaufman,Mostovskoy,06/28/1987,Russia,kkaufman2y@google.de,307-597-7183
Alvina,Haward,Binucayan,12/20/1980,Philippines,ahaward2z@google.es,685-140-8060
Shanna,Shakelade,Roanoke,02/04/1959,United States,,540-114-6461
Sandy,Jalland,Iwatsuki,05/08/1991,Japan,sjalland31@bbb.org,306-416-3398
Justinn,Iveans,Huazhaizi,04/15/1963,China,jiveans32@huffingtonpost.com,849-917-8238
Danyette,Bernini,Ceadîr-Lunga,01/13/1954,Moldova,dbernini33@yellowpages.com,709-158-8529
Hope,Palombi,Zielonki,08/11/1963,Poland,hpalombi34@icio.us,162-626-3322
Rogerio,Obin,Calebasses,03/24/1968,Mauritius,robin35@ox.ac.uk,355-735-3017
Rubie,Points,Guotan,08/14/1960,China,rpoints36@dot.gov,399-918-3659
Kali,Harsnipe,Arlington,02/27/1971,United States,kharsnipe37@yandex.ru,571-324-6518
Linn,Budnik,Viña del Mar,05/09/1962,Chile,lbudnik38@mlb.com,816-179-8690
Benny,Shuter,Santiago de las Vegas,01/24/1965,Cuba,bshuter39@themeforest.net,267-802-8423
Nike,Siege,Kunčina,02/16/1960,Czech Republic,nsiege3a@smugmug.com,912-743-6701
Jacques,Tack,Neochóri,02/16/1999,Greece,jtack3b@elpais.com,135-878-8732
Nealy,Ganford,Rawang,09/08/1996,Malaysia,nganford3c@live.com,998-881-3603
Godwin,Corrigan,Zuru,05/02/1985,Nigeria,gcorrigan3d@yolasite.com,208-944-6813
Alister,Skepper,Santa Praxedes,09/08/1991,Philippines,,493-834-2556
Rowney,Wegenen,Krutinka,03/04/1956,Russia,rwegenen3f@bloglovin.com,942-879-5632
Alexi,Ivanin,Semeljci,05/21/1951,Croatia,aivanin3g@adobe.com,591-488-6500
Deloris,Roffey,Magdalena,08/12/1991,Peru,droffey3h@hatena.ne.jp,879-782-1507
Robbie,Radband,Manjiang,08/01/1971,China,rradband3i@wired.com,727-698-9934
Jeniece,O'Cannavan,Vannes,02/05/1970,France,jocannavan3j@technorati.com,851-294-8258
Mitchell,Yearby,Degan,06/09/1976,China,myearby3k@icq.com,887-675-8828
Frederique,Burnes,La Serena,05/11/1962,Chile,,859-607-1515
Vince,Swaile,Iparia,05/01/1975,Peru,,544-233-2134
Randy,Rainey,Peremyshl’,06/30/1963,Russia,rrainey3n@wikipedia.org,494-122-1445
Waldo,Moxstead,Sokolov,05/13/1986,Czech Republic,,330-309-2110
Cherie,Antonijevic,Pangani,05/18/1995,Tanzania,cantonijevic3p@google.cn,306-473-8297
Gussy,Buttrick,Hammam-Lif,10/02/1988,Tunisia,gbuttrick3q@bloglovin.com,854-251-8841
Garry,Pallis,Matsubara,12/19/1985,Japan,gpallis3r@so-net.ne.jp,381-503-2218
Boyd,Toothill,Labuhansumbawa,01/19/1966,Indonesia,btoothill3s@chron.com,851-432-5146
Vanya,Hunt,Lelkowo,09/24/1994,Poland,vhunt3t@irs.gov,460-758-5290
Alfred,Tooker,Pinara,06/30/1977,Indonesia,atooker3u@amazon.co.uk,396-750-8720
Giulia,Manger,Jianyi,11/06/1961,China,gmanger3v@latimes.com,167-106-1096
Dougy,L'oiseau,Bayt ‘Īnūn,08/15/1994,Palestinian Territory,dloiseau3w@youku.com,409-740-2047
Elaine,Kroll,Vilque,08/10/1978,Peru,ekroll3x@netscape.com,438-241-6231
Kris,Hasney,Benito Juarez,08/17/1975,Mexico,khasney3y@zimbio.com,342-288-5983
Melosa,Povele,Siqiao,12/01/1989,China,mpovele3z@cafepress.com,702-900-5053
Roslyn,Tofpik,Dobrošte,06/08/1968,Macedonia,rtofpik40@123-reg.co.uk,437-714-3929
Else,Chippendale,Tiguion,05/05/1969,Philippines,echippendale41@simplemachines.org,814-660-4282
Felix,Grimestone,Abadou,03/04/1994,Morocco,fgrimestone42@mac.com,775-622-4838
Demetri,Mantripp,Spas-Zaulok,12/26/1950,Russia,dmantripp43@imdb.com,524-572-6489
Julietta,Harrower,Canauay,09/15/1955,Philippines,jharrower44@adobe.com,605-238-2001
Cornelia,Cranshaw,Wonocolo,09/10/1977,Indonesia,ccranshaw45@nationalgeographic.com,344-315-6457
Dori,Ingray,Pasirpanjang,01/03/1983,Indonesia,dingray46@cargocollective.com,818-216-2495
Godart,Mynett,Shakhty,05/28/1955,Russia,,708-729-6596
Maighdiln,Auchterlonie,Ljusdal,05/09/1957,Sweden,mauchterlonie48@purevolume.com,412-845-3012
Parke,Purkiss,Eslāmābād,12/18/1995,Iran,ppurkiss49@google.fr,590-106-4034
Skippy,Softley,Tongchuan,09/22/1988,China,ssoftley4a@example.com,138-198-2886
Kelcie,Abramof,Pasarkayu,03/20/1968,Indonesia,kabramof4b@engadget.com,420-269-1917
Simone,Hawkswood,Siheyuan,02/01/1990,China,shawkswood4c@google.co.uk,563-960-4269
Jilli,Swanger,Xinji,07/28/1991,China,jswanger4d@usatoday.com,145-178-7086
Theda,Neising,Yiyang,06/25/1972,China,tneising4e@google.co.jp,124-452-6839
Blaire,Oldfield,Cuispes,11/27/1957,Peru,boldfield4f@aol.com,516-289-6675
Bradan,Seakin,Masaran,12/20/1987,Indonesia,bseakin4g@pagesperso-orange.fr,804-578-0974
Philippe,Stanaway,Susapaya,07/27/1967,Peru,,561-494-6547
Anastassia,Ravenscroft,Riachão do Jacuípe,03/10/1983,Brazil,aravenscroft4i@is.gd,394-199-0552
Jean,Savins,Bajiao,08/22/1990,China,jsavins4j@uiuc.edu,323-324-3015
Davidde,Giddens,Panoongan,05/19/1970,Indonesia,dgiddens4k@irs.gov,515-465-3771
Nathalie,Topling,Strängnäs,05/03/1975,Sweden,ntopling4l@hp.com,192-866-3659
Elnar,Varley,Thap Than,05/16/1968,Thailand,evarley4m@ucla.edu,302-347-2659
Colver,Stealy,Gaïtánion,12/14/1976,Greece,cstealy4n@linkedin.com,533-770-1391
Trueman,Putland,Bagangan,07/17/1964,Indonesia,tputland4o@bizjournals.com,138-904-6386
Jeniffer,Stollen,Kyra,10/10/1985,Russia,jstollen4p@sourceforge.net,448-740-5067
Drona,Wallace,Cakran,05/01/1956,Albania,dwallace4q@mayoclinic.com,878-289-9019
Thaxter,Lawland,Claveria,11/30/1997,Philippines,tlawland4r@sciencedirect.com,557-389-8070
Graeme,Kislingbury,Kamen’-na-Obi,06/26/1989,Russia,gkislingbury4s@nymag.com,104-757-1362
Fredrick,Wardale,Wuxia,10/25/1952,China,fwardale4t@fastcompany.com,319-472-6161
Ariella,Cherrie,Vila Chã do Monte,11/27/1984,Portugal,,835-713-6192
Gaven,Gilgryst,Mirandela,03/04/1995,Portugal,,573-169-7059
Jenelle,Absalom,Guangdu,04/13/1972,China,jabsalom4w@blogger.com,917-698-8520
Godwin,Ungaretti,Huangxikou,09/24/1962,China,gungaretti4x@ebay.com,651-900-1010
Sandro,Pichmann,Peremyshl’,10/24/1956,Russia,spichmann4y@fda.gov,702-541-7865
Sandye,Hattam,Domaradz,03/10/1989,Poland,,174-539-1639
Pernell,Twiggins,Zhangjia,06/11/1961,China,ptwiggins50@engadget.com,530-433-0187
Lacie,Yankin,Chvalšiny,07/20/1960,Czech Republic,lyankin51@economist.com,580-660-1957
Romeo,Hughman,Martil,11/19/1966,Morocco,,284-327-8224
Lishe,Turland,,,,lturland53@themeforest.net,
Lennard,Milsom,Zhangaqorghan,07/30/1961,Kazakhstan,lmilsom54@hp.com,234-589-8101
Aggie,Mathonnet,Pingdu,07/18/1995,China,amathonnet55@whitehouse.gov,658-686-4641
Esmeralda,Alejandri,Pariaman,03/24/1957,Indonesia,,592-376-5832
Monti,Murt,Olszówka,12/08/1962,Poland,mmurt57@dot.gov,894-844-3832
Baron,Dyas,Ji’ergele Teguoleng,12/30/1965,China,bdyas58@reuters.com,205-801-7435
Ferdinande,McQuie,Cergy-Pontoise,08/13/1968,France,fmcquie59@youtube.com,145-360-5122
Queenie,Newtown,Yungay,09/13/1981,Peru,qnewtown5a@reference.com,710-407-6796
Con,Iacomini,Maicao,12/29/1951,Colombia,ciacomini5b@google.ca,865-498-7508
Zorine,Fullalove,,,,zfullalove5c@delicious.com,
Parsifal,Ginger,Kolsko,07/20/1955,Poland,pginger5d@yale.edu,651-486-0511
Sallyann,Crosskell,Buaran,05/14/1999,Indonesia,scrosskell5e@etsy.com,156-437-5529
Micky,Haydn,Jiangkou,01/30/1955,China,mhaydn5f@google.nl,744-360-9537
Delano,Morrall,Hengshitang,05/15/1968,China,dmorrall5g@shop-pro.jp,452-432-8763
Auberon,Geerits,Göteborg,04/12/1995,Sweden,ageerits5h@histats.com,339-991-6243
Blakeley,Stubbins,Baishan,06/26/1960,China,,661-340-0357
Alexandre,Tourne,Ganjiangtou,10/06/1993,China,atourne5j@tripadvisor.com,696-332-2867
Thibaut,Kemp,Yên Lạc,05/30/1962,Vietnam,tkemp5k@e-recht24.de,271-377-6757
Laney,Eberdt,Chotcza,07/04/1995,Poland,leberdt5l@cargocollective.com,800-711-2976
Neddy,Pedel,Aguaí,10/01/1981,Brazil,npedel5m@google.de,628-877-3865
Donnajean,Aylward,Xuebu,07/07/1999,China,,452-102-8474
Kipp,Rhodef,Nicosia,05/04/1971,Cyprus,krhodef5o@howstuffworks.com,244-887-9328
Clarey,Rapin,Zhendong,05/19/1991,China,crapin5p@last.fm,158-271-6194
Granville,Jeaffreson,Tapayan,10/14/1999,Philippines,gjeaffreson5q@networksolutions.com,119-806-5897
Gilberte,Hainsworth,Icononzo,03/12/1998,Colombia,ghainsworth5r@last.fm,555-743-1247
Jorgan,Fewlass,Bontoc,03/18/1954,Philippines,jfewlass5s@harvard.edu,655-814-5225
Ibbie,Mc Andrew,Sangkalputung,12/01/1967,Indonesia,imcandrew5t@google.fr,204-343-5826
Giffy,Ruske,Isiro,10/12/1951,Democratic Republic of the Congo,gruske5u@nbcnews.com,712-971-3757
Anetta,Sellstrom,Huancheng,10/02/1956,China,asellstrom5v@cnbc.com,803-819-8840
Tully,Ondra,Morelos,02/16/1983,Mexico,tondra5w@gravatar.com,957-600-1648
Kandy,Sywell,,,,ksywell5x@printfriendly.com,
Jere,Raddon,Bai’e,11/28/1957,China,,498-206-4639
Shirlee,Iacavone,Moulins,05/26/1999,France,siacavone5z@php.net,486-745-7303
Marin,McOwan,Jinjing,05/15/1964,China,,859-745-8365
Tamarah,Belvin,Béré,12/08/1997,Chad,tbelvin61@feedburner.com,133-455-7879
Barbaraanne,Creebo,Velykyy Klyuchiv,02/05/1968,Ukraine,bcreebo62@privacy.gov.au,747-152-7399
Luce,Kilday,Bertioga,09/14/1954,Brazil,lkilday63@sciencedirect.com,304-129-8495
Ranique,Lanmeid,Svoboda nad Úpou,12/31/1993,Czech Republic,rlanmeid64@51.la,460-553-3413
Jock,Honatsch,Gaozhai,05/20/1968,China,,361-497-8289
Nicko,Keyzor,Saint-Louis du Sud,07/07/1998,Haiti,nkeyzor66@globo.com,441-973-3866
Parsifal,Nurny,San Vicente,06/07/1997,Philippines,,482-690-9178
Emmi,Lindblad,Dihtyari,06/12/1956,Ukraine,elindblad68@de.vu,114-860-0243
Leesa,Stebbings,Campurrejo,12/05/1957,Indonesia,lstebbings69@twitpic.com,103-596-8007
Nicko,Spavon,Hanfeng,06/03/1999,China,nspavon6a@xrea.com,252-872-2110
Mahmoud,Zmitrovich,Xiongjia,01/16/1962,China,mzmitrovich6b@va.gov,639-338-7108
Jerrylee,Tydd,Ordem,11/08/1998,Portugal,jtydd6c@aol.com,429-367-8348
Jeremiah,Rousby,Toyohashi,01/29/1972,Japan,jrousby6d@usda.gov,519-893-4531
Dayna,Chappel,Lipnik,03/23/1982,Poland,dchappel6e@youku.com,845-749-5752
Lora,Kettow,Wan’an,02/03/1978,China,lkettow6f@sphinn.com,935-756-5195
Dee dee,Hinchon,Puerto Padre,10/18/1958,Cuba,dhinchon6g@spiegel.de,376-726-2872
Ferrell,Blanning,Cumanacoa,12/26/1964,Venezuela,fblanning6h@newyorker.com,718-322-5647
Worthington,Vance,,,,wvance6i@time.com,
Rozelle,Brasner,Marija Bistrica,07/13/1959,Croatia,rbrasner6j@theguardian.com,423-730-4653
Ambrosio,Eger,Changuillo,01/03/1998,Peru,aeger6k@symantec.com,630-874-7930
Maurene,Basant,Kulutan,07/21/1992,Indonesia,,760-250-4099
Roma,Snalum,,,,rsnalum6m@pbs.org,
Jacquenette,O'Shesnan,Stare Kurowo,06/06/1997,Poland,joshesnan6n@com.com,215-690-2266
Cherri,Mellsop,Włoszakowice,02/05/1977,Poland,,317-173-3305
Charlene,Franzewitch,Zhangqiang,09/17/1971,China,cfranzewitch6p@issuu.com,565-660-0916
Carolee,Ianniello,Busan,09/30/1970,South Korea,cianniello6q@dailymail.co.uk,811-366-6103
Regan,How,Ti-n-Essako,01/26/1992,Mali,rhow6r@opera.com,743-377-3879
Wiley,McGrorty,Singapore,04/27/1952,Singapore,wmcgrorty6s@google.com,721-111-1529
Jaine,Ganter,Grzmiąca,07/30/1959,Poland,,804-860-1770
Katheryn,Daveran,San Jacinto,01/13/1971,Philippines,kdaveran6u@parallels.com,373-939-7073
Jackqueline,Anthill,Bokkos,10/30/1991,Nigeria,,299-405-0639
Dagny,Rentilll,Bafoulabé,11/07/1984,Mali,drentilll6w@fastcompany.com,250-399-8171
Brinna,Shillom,Ceres,10/22/1976,South Africa,bshillom6x@deliciousdays.com,670-430-4568
Wilt,Rauprich,Tver,05/13/1999,Russia,wrauprich6y@dot.gov,386-327-7887
Leticia,Dawdary,Gunziying,05/29/1994,China,ldawdary6z@vk.com,278-312-2231
Nelly,Jaggard,Casablanca,06/14/1994,Morocco,njaggard70@rambler.ru,648-959-8226
Nathanial,Maggi,Mont-Royal,12/19/1993,Canada,,279-568-7092
Darcee,Houndsom,Luodong,06/19/1970,China,dhoundsom72@princeton.edu,619-166-1019
Cecilius,Sommers,Cachoeira do Sul,11/01/1954,Brazil,csommers73@360.cn,945-854-7087
Karly,Livzey,Paniówki,09/23/1961,Poland,klivzey74@telegraph.co.uk,529-527-1347
Erin,Preddy,La Uvita,08/02/1990,Colombia,epreddy75@ed.gov,748-849-6797
Grantham,Antoniades,Xingnong,09/04/1957,China,gantoniades76@sakura.ne.jp,798-414-8062
Nickola,Scheffel,Yangjiaqiao,09/15/1987,China,nscheffel77@google.com,712-514-1391
Munmro,Stiger,Chuanbu,07/17/1977,China,mstiger78@fda.gov,660-440-1220
Scotti,Vescovini,Guangshun,05/21/1973,China,svescovini79@twitter.com,804-308-8912
Goldi,Bonnavant,,,,,
Faina,Davenall,Gaomiaoji,09/28/1973,China,fdavenall7b@noaa.gov,179-627-0566
Mike,Platt,Revolucion,09/18/1983,Mexico,mplatt7c@nymag.com,101-334-2609
Leroi,Springthorp,Coalaque,12/16/1974,Peru,lspringthorp7d@tuttocitta.it,953-731-3549
Keven,Deuss,Holoriang,07/20/1966,Indonesia,kdeuss7e@fotki.com,970-478-5034
Lek,Minett,Calamba,12/12/1951,Philippines,lminett7f@oaic.gov.au,196-605-4149
Mozes,Sukbhans,Saint-Maur-des-Fossés,05/07/1956,France,,994-828-3935
Fenelia,McDuffie,Roczyny,03/05/1976,Poland,fmcduffie7h@tuttocitta.it,875-427-3537
Ekaterina,Wait,G‘azalkent,04/02/1964,Uzbekistan,,601-247-6681
Andie,Comer,Rūdiškės,12/17/1960,Lithuania,,426-966-6506
Willy,McCahill,Yanhe,10/20/1997,China,wmccahill7k@wunderground.com,257-119-6530
Denny,McGillreich,Yiwa,09/13/1971,China,dmcgillreich7l@devhub.com,133-738-5095
Joelly,McGuirk,Kalbugan,06/25/1977,Philippines,jmcguirk7m@mayoclinic.com,792-750-3334
Deanne,July,Jieshi,12/09/1964,China,djuly7n@purevolume.com,874-873-2000
Trenna,Wozencroft,Bodø,04/10/1970,Norway,twozencroft7o@yandex.ru,982-474-3472
Charlotte,Peggs,,,,,
Dru,Wedderburn,Bamenda,10/08/1954,Cameroon,,685-282-5309
Radcliffe,Thay,Tengjia,09/06/1985,China,rthay7r@mashable.com,831-490-4383
Selene,Gabbotts,Kawakawa,03/05/1982,New Zealand,sgabbotts7s@nydailynews.com,203-727-9872
Marian,Thorold,Kute,04/02/1966,Indonesia,,167-465-0064
Deanne,Sevier,Candon,11/23/1987,Philippines,,304-330-7875
Davey,Polini,Fengmu,01/29/1958,China,dpolini7v@yahoo.com,278-226-4326
Terri-jo,Cars,Zhamao,11/29/1984,China,,943-854-9147
Kris,Mantle,Wagar,12/07/1951,Sudan,kmantle7x@noaa.gov,169-524-7119
Zelig,Spurryer,Makale,05/04/1964,Indonesia,zspurryer7y@list-manage.com,492-511-9261
Barbie,Gradwell,Glagahdowo,09/26/1958,Indonesia,bgradwell7z@sfgate.com,440-588-2115
Ebeneser,Chugg,Temuji,02/09/1959,Indonesia,echugg80@mail.ru,866-295-0997
Thorsten,Whebell,Lillers,03/09/1952,France,,661-195-0041
Myrah,Fairfull,Corpus Christi,03/19/1965,United States,,361-660-9740
Andrea,Bockin,Guantang,02/28/1991,China,abockin83@mail.ru,198-880-6254
Judye,Kedie,Otjimbingwe,05/08/1965,Namibia,jkedie84@360.cn,909-857-4567
Weider,Boseley,,,,wboseley85@homestead.com,
Hannis,Rickis,Mhlambanyatsi,03/21/1987,Swaziland,hrickis86@fc2.com,838-116-6196
Morley,Blasdale,Fougamou,10/08/1991,Gabon,mblasdale87@yolasite.com,964-425-8656
Edith,Zappel,Nueva Gorgona,01/16/1994,Panama,ezappel88@usa.gov,140-625-8164
Appolonia,Twatt,Assiniboia,01/30/1982,Canada,atwatt89@merriam-webster.com,103-916-0758
Essie,Kernes,Yongtai,03/02/1990,China,ekernes8a@stumbleupon.com,346-101-9071
Jada,Fomichyov,Tartagal,01/29/1960,Argentina,jfomichyov8b@paginegialle.it,744-358-4739
Josy,Forber,Gondang,05/18/1990,Indonesia,jforber8c@hugedomains.com,586-503-0334
Allegra,Lebbon,Yangshufang,04/16/1959,China,alebbon8d@tripadvisor.com,403-243-5003
Audie,Wallenger,Xiadian,08/09/1970,China,awallenger8e@amazon.co.uk,660-760-6872
Michal,Klaes,Noshiro,07/30/1989,Japan,mklaes8f@jugem.jp,746-193-9155
Suzanna,Nolleth,Mukō,02/14/1990,Japan,snolleth8g@com.com,427-763-9140
Traci,Silkstone,Banjar Jabejero,11/19/1969,Indonesia,tsilkstone8h@furl.net,818-770-9570
Russell,Banaszczyk,Krajanbaturno,10/18/1963,Indonesia,,434-572-8337
Ofilia,Blinckhorne,Matala,12/22/1970,Philippines,oblinckhorne8j@dedecms.com,739-532-6451
Glennis,Tart,Mobara,09/24/1953,Japan,gtart8k@list-manage.com,114-481-9720
Faydra,Wilton,Kalidawe,04/28/1960,Indonesia,fwilton8l@cbslocal.com,473-513-9646
Ivett,Vinecombe,Łanięta,03/22/1960,Poland,ivinecombe8m@hibu.com,938-733-2575
Margot,Tompion,Llocllapampa,04/17/1977,Peru,mtompion8n@earthlink.net,598-815-0820
Trenna,Rozalski,Rîbniţa,05/10/1984,Moldova,trozalski8o@networksolutions.com,206-810-0269
Ivette,Dilgarno,Russeifa,06/14/1985,Jordan,idilgarno8p@hostgator.com,988-271-7125
Nadya,Rawlison,,,,nrawlison8q@ucsd.edu,
Cathie,Dinnington,Hobart,05/23/1955,Australia,cdinnington8r@t-online.de,148-614-9898
Petr,Frake,Đắk Glei,07/07/1980,Vietnam,pfrake8s@taobao.com,503-964-8331
Nissa,Roston,Caohezhang,03/19/1979,China,nroston8t@bandcamp.com,473-663-2671
Brandais,Margarson,Armenta,01/27/1970,Honduras,bmargarson8u@joomla.org,296-812-1314
Jenelle,Struttman,Luntas,11/16/1962,Indonesia,jstruttman8v@bbb.org,922-257-0808
Miguel,Grigoletti,Graikochóri,06/26/1969,Greece,mgrigoletti8w@cnet.com,434-208-0186
Marlene,Titford,Kawungsari,03/11/1990,Indonesia,mtitford8x@purevolume.com,218-212-7367
Jermaine,Betun,Kakata,12/08/1950,Liberia,jbetun8y@weibo.com,968-446-4125
Jorie,Leel,Beaufort,07/24/1965,United States,,843-334-4562
Maiga,Richin,Bāndarban,04/01/1987,Bangladesh,,505-905-2972
Gerrard,Whannel,Kabulusan,01/12/1991,Philippines,gwhannel91@harvard.edu,897-218-9621
Susette,Postan,Claver,05/27/1990,Philippines,spostan92@simplemachines.org,595-149-2781
Lulu,Strelitz,Teuva,10/19/1994,Finland,lstrelitz93@rediff.com,533-597-2832
Gaynor,Maxstead,Xishaqiao,02/13/1960,China,gmaxstead94@youtube.com,796-974-3830
Caressa,Tanti,Yag La,05/11/1978,China,ctanti95@technorati.com,658-678-6271
Deny,Leatherborrow,Karlovy Vary,10/23/1975,Czech Republic,dleatherborrow96@soundcloud.com,898-519-9953
Amalie,Grebert,Kampala,09/17/1972,Uganda,agrebert97@vistaprint.com,807-619-7398
Malory,Giovanetti,Grenoble,01/11/1973,France,mgiovanetti98@tiny.cc,350-673-3053
Marylou,Atack,Gaopeng,03/12/1976,China,matack99@homestead.com,733-531-7392
Ardella,Whylie,Simpang,06/17/1962,Indonesia,awhylie9a@ow.ly,805-922-8700
Nelle,Alliot,Danyang,03/13/1967,China,,677-639-0186
Mickie,Cumbes,Guanzhuang,05/05/1951,China,mcumbes9c@t.co,101-759-1420
Eb,Bimson,Zhongxin,03/28/1953,China,,771-747-8885
Tallia,Pagan,Walakeri,04/11/1989,Indonesia,,449-650-4824
Hugues,Maddaford,Kolsko,11/08/1976,Poland,hmaddaford9f@theglobeandmail.com,854-597-8050
Dario,Paszek,Kwangmyŏng,02/10/1972,South Korea,dpaszek9g@twitpic.com,284-683-5816
Othelia,Corbert,Suzdal’,07/23/1989,Russia,ocorbert9h@i2i.jp,117-392-9736
Saloma,Learoyde,,,,,
Jory,Thinn,Skinnskatteberg,11/10/1978,Sweden,jthinn9j@photobucket.com,962-915-3732
Reggis,Rands,Linshi,02/05/1978,China,rrands9k@storify.com,755-603-5954
Sylvester,Miliffe,Évry,04/05/1989,France,smiliffe9l@seesaa.net,395-915-8092
Ike,Hizir,Klippan,05/04/1982,Sweden,,143-689-2581
Lorine,Burgane,Cabatuan,11/18/1971,Philippines,,303-925-3173
Gizela,Pelz,Jeżów Sudecki,08/25/1959,Poland,gpelz9o@columbia.edu,733-292-7079
Ginger,Huzzey,Zhouhu,05/11/1986,China,ghuzzey9p@bluehost.com,868-185-0161
Cassius,Brockett,Jingtailu,10/13/1986,China,,505-979-9096
Paolina,Noor,Pétange,05/25/1998,Luxembourg,pnoor9r@archive.org,175-412-7227
Ula,Pooke,Obernai,02/18/1952,France,upooke9s@cnet.com,778-449-8850
Sheffie,Veldstra,Bulumulyo,09/17/1997,Indonesia,sveldstra9t@godaddy.com,260-413-9754
Jamima,Peskin,Rudnichnyy,04/10/1952,Russia,jpeskin9u@canalblog.com,117-707-5058
Gus,Naden,Tīrān,10/16/1963,Iran,gnaden9v@gov.uk,506-151-8588
West,Bernaldez,Ciputih,11/01/1985,Indonesia,,117-740-2901
Devan,Playfair,Toledo,03/26/1961,United States,dplayfair9x@bluehost.com,419-589-6950
Gilbert,Ricarde,El Paso,09/14/1972,United States,gricarde9y@dailymail.co.uk,915-376-0497
Yule,McKerley,Changsha,09/01/1978,China,ymckerley9z@chronoengine.com,514-725-0285
Yorgos,Dashkovich,Yongjiu,01/13/1977,China,ydashkovicha0@360.cn,395-617-6506
Lorenza,Nardoni,Summerside,01/02/1960,Canada,lnardonia1@sbwire.com,790-157-7194
Osgood,Flescher,Xiejia,01/02/1958,China,ofleschera2@discuz.net,886-909-1855
Wylma,Mullane,Colombes,03/04/1968,France,wmullanea3@altervista.org,432-898-6658
Barny,Shuttle,Chapayeve,05/03/1966,Ukraine,,346-364-1010
Blinni,Frugier,Moss,10/03/1963,Norway,bfrugiera5@about.me,122-667-1146
Uriel,Pye,Angoulême,10/05/1991,France,upyea6@plala.or.jp,734-361-6475
Marcelia,Bolens,Nakhon Nayok,11/08/1996,Thailand,mbolensa7@arstechnica.com,419-117-5716
Halette,Bimson,Firenze,05/21/1971,Italy,hbimsona8@utexas.edu,449-602-1420
Therine,Eton,Cimaragas,06/22/1986,Indonesia,tetona9@domainmarket.com,783-478-7267
Orelia,Kauschke,Changle,05/29/1995,China,okauschkeaa@vkontakte.ru,390-757-7592
Toinette,Kubis,Boca de Uchire,07/13/1997,Venezuela,tkubisab@seattletimes.com,989-934-3593
Drake,Skipperbottom,Chimbas,04/15/1960,Argentina,dskipperbottomac@cisco.com,853-116-1166
Cece,Swapp,Arcos,03/04/1962,Brazil,cswappad@mit.edu,627-804-8100
Jessie,Durrand,Cabañas,11/17/1962,Guatemala,jdurrandae@elpais.com,773-121-9952
Abby,Toffano,Al Midyah,06/02/1998,Palestinian Territory,atoffanoaf@hostgator.com,585-617-7568
Edi,Deeming,Kushikino,12/12/1961,Japan,,748-951-8579
Ky,Sterricker,Fusagasuga,05/31/1996,Colombia,ksterrickerah@oracle.com,711-864-7667
Cherida,Drillot,Pacatuba,07/27/1965,Brazil,cdrillotai@usa.gov,941-133-9410
Niel,Devericks,Kamphaeng Phet,05/25/1951,Thailand,,725-528-7055
Mitch,Skewis,Monguno,11/08/1986,Nigeria,mskewisak@networkadvertising.org,971-406-0806
Karena,Davidovitch,Shirone,03/29/1993,Japan,,762-676-7730
Sheri,Fry,Casimiro de Abreu,06/11/1964,Brazil,,784-772-2631
Aubrie,Ulster,Luar,12/21/1990,Indonesia,aulsteran@ucoz.ru,132-749-6817
Blisse,Winterbourne,Sainte-Martine,05/04/1970,Canada,bwinterbourneao@apple.com,180-867-7316
Gwyneth,Coleiro,,,,gcoleiroap@typepad.com,
Charin,McPeck,Caçapava,08/13/1991,Brazil,cmcpeckaq@bbb.org,757-285-9277
Krysta,Huelin,Mahalapye,01/18/1960,Botswana,khuelinar@infoseek.co.jp,893-612-7904
Mandy,Snoxall,Fonte Boa,03/22/1984,Brazil,msnoxallas@mediafire.com,720-843-2866
Alis,Fincham,Zhukovo,07/13/1978,Russia,afinchamat@shinystat.com,895-590-5514
Dick,Musicka,Corgo,12/07/1953,Portugal,dmusickaau@wikispaces.com,979-810-7799
Lanae,Spaven,Haiyan,10/29/1992,China,lspavenav@sfgate.com,627-631-0281
Florina,Shute,Quận Bốn,07/05/1997,Vietnam,,155-932-1714
Cherry,McMeeking,Paobokol,07/06/1984,Indonesia,cmcmeekingax@engadget.com,972-695-5676
Harlin,Fockes,Cergy-Pontoise,04/08/1993,France,hfockesay@tmall.com,303-102-8682
Cassie,Covendon,Itamaraju,09/20/1983,Brazil,ccovendonaz@deliciousdays.com,426-134-5502
Meier,Duce,Sredno Konjare,06/06/1996,Macedonia,mduceb0@kickstarter.com,327-145-9210
Bryce,Robillart,Andongrejo,02/09/1989,Indonesia,brobillartb1@unblog.fr,674-590-0893
William,Tilford,Ciudad Nueva,05/04/1992,Dominican Republic,wtilfordb2@webnode.com,375-561-8722
Viviyan,Bulluck,Suzhou,05/21/1999,China,,473-852-7618
Hurleigh,Belly,Pārūn,09/26/1987,Afghanistan,,991-316-7309
Tam,Soppit,Slavgorod,11/09/1976,Russia,tsoppitb5@whitehouse.gov,215-937-2611
Yolanthe,Glastonbury,Miskindzha,05/17/1964,Russia,yglastonburyb6@aol.com,411-263-1397
Cam,Kaman,Göteborg,04/25/1979,Sweden,ckamanb7@e-recht24.de,536-708-9113
Lyndsie,Slixby,Herrljunga,09/03/1963,Sweden,lslixbyb8@unc.edu,446-880-8159
Moritz,Tapper,Clermont-Ferrand,07/29/1962,France,mtapperb9@smh.com.au,330-488-1759
Buckie,Bartlam,Yurimaguas,06/14/1993,Peru,bbartlamba@merriam-webster.com,265-522-8743
Hoyt,Scroyton,,,,hscroytonbb@mtv.com,
Brande,Duggan,El Carmen,12/14/1982,Mexico,,700-756-2951
Phyllis,Pettman,Yangzhong,06/12/1988,China,ppettmanbd@pinterest.com,341-500-4891
Rennie,Gibke,Dijon,12/09/1967,France,,651-606-8193
Gerrilee,Ambrus,Paris 19,07/14/1989,France,gambrusbf@dmoz.org,612-961-2348
Brear,Allchin,Xiahan,02/14/1981,China,ballchinbg@cafepress.com,245-917-3974
Alex,Yurygyn,Alcácer do Sal,05/17/1994,Portugal,ayurygynbh@wiley.com,378-894-9853
Edy,Haggidon,Paços,06/26/1976,Portugal,ehaggidonbi@usnews.com,208-285-8058
Bryon,Timperley,Jiaozhou,10/09/1957,China,,690-114-4221
Freeland,Rydzynski,Katsuyama,09/10/1992,Japan,frydzynskibk@prnewswire.com,397-412-7699
Billye,Phil,Tílisos,01/11/1991,Greece,bphilbl@free.fr,862-674-4466
Guthry,Faustin,Miaofengshan,05/04/1999,China,gfaustinbm@squidoo.com,767-748-5339
Sandy,MacFarlane,Malaḩ,11/05/1958,Syria,smacfarlanebn@dot.gov,554-943-1221
Othello,Buchan,Bununu Kasa,03/02/1977,Nigeria,obuchanbo@abc.net.au,861-961-3487
Diahann,Longbone,Petrolina de Goiás,12/30/1996,Brazil,dlongbonebp@businessweek.com,765-293-1531
Fanya,Cardoso,Puan,01/13/1994,South Korea,fcardosobq@hud.gov,370-672-5716
Ugo,Tillot,Kuroiso,09/13/1968,Japan,,722-807-8413
Carlen,Canfer,Ganxi,10/30/1964,China,ccanferbs@bloglines.com,512-299-0051
Sibylle,Belch,Campo Alegre,11/20/1975,Brazil,sbelchbt@google.co.uk,655-750-5281
Glad,Hamil,Matanzas,02/11/1965,Cuba,ghamilbu@si.edu,906-969-7561
Gwynne,Chartman,San Jose,01/30/1984,United States,gchartmanbv@ted.com,408-452-3956
Iona,Hartburn,Quintãs,05/12/1989,Portugal,ihartburnbw@tinypic.com,293-916-0904
Edie,Cheatle,Zakan-Yurt,09/20/1977,Russia,echeatlebx@army.mil,600-422-1967
Yvonne,Whiterod,Knoxville,09/21/1971,United States,ywhiterodby@globo.com,865-124-8271
Winn,Ingraham,Sarongan,02/08/1999,Indonesia,wingrahambz@networkadvertising.org,396-638-3865
Candide,Tregensoe,Donghui,10/05/1986,China,ctregensoec0@eepurl.com,777-195-8535
Melinda,Gallatly,Ludbreg,11/15/1971,Croatia,mgallatlyc1@blogspot.com,191-731-8390
Evelina,Gush,Tilamuta,09/16/1955,Indonesia,egushc2@merriam-webster.com,832-654-0852
Say,Penhearow,Doyong,06/20/1984,Philippines,spenhearowc3@over-blog.com,192-986-0925
Lois,Britt,Lashma,01/22/1987,Russia,lbrittc4@prweb.com,365-781-7918
Gay,Polfer,Staraya Derevnya,07/18/1981,Russia,gpolferc5@amazonaws.com,443-924-2850
Cale,Janks,‘Awaj,10/15/1959,Syria,cjanksc6@google.ru,104-990-2074
Lennie,Ixor,Ghormach,03/24/1960,Afghanistan,lixorc7@delicious.com,438-766-6834
Modesty,Regardsoe,Nueva Imperial,12/24/1972,Chile,,989-836-0627
Andy,Gammage,Undurkhaan,04/06/1991,Mongolia,agammagec9@privacy.gov.au,695-966-8019
Zarah,Jillions,Sungaiduri,07/31/1954,Indonesia,zjillionsca@tumblr.com,631-234-7596
Keith,McLice,Nikkō,01/26/1954,Japan,kmclicecb@upenn.edu,785-274-9778
Stephani,Kornel,Sanli,02/09/1967,China,skornelcc@diigo.com,587-345-8866
Alexander,Fearey,Xiaxi,05/31/1960,China,afeareycd@twitter.com,884-260-9837
Adolphus,Sellick,Beichengqu,12/27/1985,China,,767-161-9494
Stephen,Denacamp,Qinjiang,06/28/1967,China,sdenacampcf@latimes.com,412-297-5325
Deena,Bleiman,Shigu,11/05/1983,China,,375-419-5478
Kathie,Swift,Ngawi,03/25/1990,Indonesia,kswiftch@ted.com,427-321-2612
Alida,Scemp,Trujillo,07/30/1963,Honduras,ascempci@tinypic.com,551-179-5368
Clayborne,Murden,Yartsevo,01/03/1981,Russia,cmurdencj@dmoz.org,987-777-7921
Sansone,Chisnall,Del Monte,03/20/1979,Philippines,schisnallck@163.com,268-688-5806
Dulcie,Roughley,Emiliano Zapata,06/06/1986,Mexico,droughleycl@apple.com,248-219-3197
Harper,Carrell,Kamen’-na-Obi,12/29/1994,Russia,hcarrellcm@bloomberg.com,599-200-5252
Chickie,Cumberledge,La Virgen,11/24/1986,Costa Rica,,786-901-8717
Salomi,Enriques,Burujul,07/18/1950,Indonesia,senriquesco@marriott.com,298-255-3224
Charyl,Murt,Nanxing,11/30/1958,China,cmurtcp@about.me,825-140-6568
Bibbye,O'Sherin,Shangqing,10/04/1986,China,bosherincq@accuweather.com,430-546-7701
Anna-diane,Rubinovitsch,Caen,12/01/1981,France,arubinovitschcr@washington.edu,375-734-8419
Goldie,Mattusov,Glazov,09/26/1991,Russia,,997-987-3633
Pearce,Gooddy,Sioux Falls,07/09/1960,United States,pgooddyct@acquirethisname.com,605-222-8723
Amanda,MacRorie,Matagbak,06/26/1981,Philippines,amacroriecu@cdbaby.com,964-143-1986
Lotti,Revell,Haixing,05/17/1954,China,lrevellcv@netscape.com,322-846-7351
Nicoli,Jiracek,,,,njiracekcw@pcworld.com,
Camellia,Farrier,Imġarr,11/25/1986,Malta,cfarriercx@sciencedirect.com,351-570-9063
Dulcie,Branford,Lomba do Loução,01/17/1963,Portugal,dbranfordcy@livejournal.com,387-454-0276
Kimmi,Miche,Slovenske Konjice,03/08/1961,Slovenia,kmichecz@sohu.com,274-178-2325
Tristan,Melan,Udon Thani,02/12/1957,Thailand,,193-849-8240
Ariela,Foale,Hamburg Winterhude,04/04/1950,Germany,afoaled1@dailymotion.com,581-997-1035
Stacy,Jore,Podgórzyn,01/22/1988,Poland,sjored2@drupal.org,785-735-9776
Dagmar,Ivakhno,Pacaembu,06/07/1980,Brazil,divakhnod3@deviantart.com,142-810-7146
Angel,Emanueli,Sujji,12/26/1959,Mongolia,aemanuelid4@simplemachines.org,228-188-3789
Kyle,Craft,Oripää,08/22/1953,Finland,kcraftd5@ovh.net,615-187-0636
Minor,Sworder,Fenggao,04/20/1969,China,msworderd6@bloomberg.com,580-810-4968
Nathanil,Chesson,Besisahar,01/15/1996,Nepal,nchessond7@yandex.ru,685-781-6254
Aguste,Padbury,Xinjiang,04/16/1979,China,apadburyd8@soup.io,478-392-9893
Luce,Mar,Dordrecht,11/15/1978,Netherlands,lmard9@blogtalkradio.com,519-982-1712
Berty,Stellman,Stockton,02/11/1972,United States,bstellmanda@sun.com,209-888-4621
Delmar,Swinn,Ngluwuk,09/15/1992,Indonesia,dswinndb@wix.com,591-455-9609
Ulises,Dumberell,Sokolovo,03/08/1972,Russia,,622-995-0042
Delbert,Dankov,Karinë,03/08/1979,Albania,ddankovdd@usda.gov,683-686-7248
Agata,Volkers,Medang,01/21/1971,Indonesia,avolkersde@dell.com,241-105-2990
Katrina,Olivello,Wiri,04/15/1987,New Zealand,kolivellodf@microsoft.com,169-636-8387
Stanfield,Scriver,,,,sscriverdg@nsw.gov.au,
Ulrich,Huckle,Rouen,02/06/1964,France,uhuckledh@utexas.edu,268-346-4205
Warde,Korb,Dambulla,04/22/1979,Sri Lanka,wkorbdi@indiatimes.com,791-513-1251
Dottie,Di Gregorio,,,,ddigregoriodj@census.gov,
Reggie,Blencoe,Tegallega,12/16/1963,Indonesia,rblencoedk@bizjournals.com,354-162-1814
Adams,Duckels,Zhouling,09/26/1958,China,,423-329-1597
Lonny,Asmus,Taung,06/10/1994,South Africa,lasmusdm@naver.com,398-164-2771
Caren,Fancott,,,,cfancottdn@acquirethisname.com,
Karel,Ramard,Shangani,10/08/1952,Zimbabwe,kramarddo@imgur.com,270-577-9162
Ferdinand,Gwillyam,Diepsloot,02/19/1950,South Africa,fgwillyamdp@walmart.com,862-180-0138
Kandy,Halligan,Owase,07/28/1984,Japan,khalligandq@ebay.co.uk,753-219-4180
Florry,Edgett,Figueiras,09/26/1980,Portugal,fedgettdr@amazon.co.uk,156-457-8444
Evangelia,Mouncey,Amagasaki,03/26/1996,Japan,emounceyds@technorati.com,868-872-3081
Essy,Sleney,Klokot,06/03/1990,Kosovo,esleneydt@unicef.org,392-505-8754
Jamill,Di Franceshci,Pyapon,07/22/1963,Myanmar,jdifranceshcidu@yolasite.com,467-156-4298
Desiree,Ebanks,Kongtian,06/01/1965,China,debanksdv@elegantthemes.com,395-210-8757
Hermina,Mattedi,Benjamín Aceval,03/22/1997,Paraguay,,930-535-5644
Thom,Spenley,Sima,05/13/1990,Comoros,tspenleydx@bing.com,762-147-9301
Talyah,Castel,Huangbei,11/28/1967,China,tcasteldy@1688.com,616-337-6644
Gian,Maggiore,Jabłonica Polska,02/19/1973,Poland,gmaggioredz@mlb.com,951-296-9843
Hulda,Frend,Le Blanc-Mesnil,10/15/1996,France,hfrende0@bandcamp.com,965-234-6234
Stoddard,Desvignes,Huilong,08/31/1969,China,sdesvignese1@mail.ru,939-844-6412
Burk,Gingel,Welkom,04/11/1950,South Africa,bgingele2@discuz.net,190-854-2816
Theodor,Garrould,Temaiku Village,01/15/1980,Kiribati,tgarroulde3@sphinn.com,459-492-2838
Lelia,Rubanenko,Dadus,05/03/1977,Philippines,lrubanenkoe4@indiegogo.com,109-419-9818
Dael,Colson,Bigoudine,05/04/1982,Morocco,dcolsone5@hexun.com,571-135-0047
Waldo,Christofle,San Pedro Pinula,07/06/1961,Guatemala,,752-555-4479
Fulvia,Manktelow,Jandir,03/10/1968,Indonesia,fmanktelowe7@printfriendly.com,379-696-1679
Lianna,Yeulet,Karangsari,08/21/1969,Indonesia,lyeulete8@imdb.com,377-274-8302
Pierson,Ronisch,Estancia,10/24/1992,Philippines,,746-210-2235
Graehme,Falconar,Springfield,11/22/1955,United States,gfalconarea@reddit.com,217-718-1408
Winne,Bosher,Vahdat,05/20/1988,Tajikistan,wboshereb@vistaprint.com,769-203-9671
Lon,McPheat,Sabtang,02/26/1981,Philippines,lmcpheatec@ucsd.edu,973-330-3416
Selig,Sheasby,West Palm Beach,08/20/1994,United States,ssheasbyed@walmart.com,772-119-1883
Blair,Gepp,Kotri,06/13/1987,Pakistan,bgeppee@photobucket.com,345-898-2182
Darrin,Gontier,Donggong,11/26/1983,China,dgontieref@google.ca,178-280-8658
Trix,Iacobetto,Newtown,10/07/1981,United Kingdom,tiacobettoeg@tripod.com,621-220-1353
Knox,Nettle,Sarnia,11/23/1975,Canada,knettleeh@amazon.co.uk,477-660-1081
Kissie,Cosgrave,Shangdundu,07/14/1964,China,,488-892-4558
Lockwood,Crackett,Otse,11/11/1950,Botswana,lcrackettej@sohu.com,637-557-2504
Lorens,Fussie,‘Alāqahdārī Gēlān,07/20/1950,Afghanistan,lfussieek@storify.com,411-573-0980
Violetta,Kisar,Qixingtai,12/06/1971,China,vkisarel@rediff.com,496-144-1922
Cyndi,Vasilechko,Padangbatung,01/21/1951,Indonesia,cvasilechkoem@slate.com,841-934-4384
Kristos,Spadollini,Qarah Bāgh Bāzār,08/26/1977,Afghanistan,kspadollinien@springer.com,181-605-0844
Maia,Farriar,Gaopi,02/01/1969,China,mfarriareo@alibaba.com,929-947-8658
Tana,Kett,Lauro de Freitas,01/20/1983,Brazil,tkettep@soup.io,276-121-6972
Brynna,Careless,Dyurtyuli,01/20/1979,Russia,bcarelesseq@admin.ch,283-139-8687
Melody,Clyant,Il’ichëvo,03/13/1987,Russia,mclyanter@wordpress.com,345-845-1587
Clarinda,Mannooch,Limbuš,12/06/1984,Slovenia,cmannooches@bigcartel.com,835-556-9658
Deanne,Harrhy,Solidaridad,12/10/1969,Mexico,dharrhyet@sohu.com,884-286-1680
Sheree,Berg,Cácota,06/19/1962,Colombia,sbergeu@de.vu,380-165-8727
Niki,Harkness,Baleagung,01/02/1997,Indonesia,nharknessev@gizmodo.com,897-369-8815
Yevette,Dumphy,Nālchiti,03/05/1962,Bangladesh,ydumphyew@123-reg.co.uk,394-358-4074
Faulkner,Atrill,Huantuo,01/14/1959,China,,659-818-1547
Ulrike,Bartram,Konispol,03/18/1991,Albania,ubartramey@cdc.gov,966-127-5169
Stephani,McKirton,Mafinga,04/18/1976,Tanzania,smckirtonez@ameblo.jp,534-665-7031
Sonni,Langeley,Naju,07/29/1997,South Korea,slangeleyf0@nyu.edu,389-656-1836
Gaile,Golder,Owczarnia,04/13/1996,Poland,ggolderf1@vk.com,105-763-6940
Carole,Soldi,Sa Kaeo,04/02/1972,Thailand,csoldif2@illinois.edu,387-281-0371
Fredia,Prinnett,Varennes,12/20/1974,Canada,fprinnettf3@ovh.net,541-381-7065
Rawley,Shapcote,Srono,06/23/1961,Indonesia,rshapcotef4@sbwire.com,351-899-5094
Anton,Dalling,Pong,10/12/1975,Thailand,adallingf5@shutterfly.com,346-283-0388
Tansy,Di Domenico,Pervomayskaya,05/12/1961,Russia,tdidomenicof6@biglobe.ne.jp,185-117-1213
Jule,Scantlebury,Guaçuí,09/27/1994,Brazil,,353-249-5981
Alejandrina,Dooland,Bungsuan,09/06/1958,Philippines,adoolandf8@wikipedia.org,660-583-8171
Gui,Blankhorn,Karangwungu Lor,02/06/1993,Indonesia,gblankhornf9@sourceforge.net,377-160-5779
Perkin,Meere,São João de Caparica,09/02/1955,Portugal,pmeerefa@spotify.com,780-236-2064
Barbara-anne,McKenna,Old Kilcullen,02/09/1981,Ireland,bmckennafb@studiopress.com,601-196-5943
Sherye,Ryburn,Payao,05/23/1956,Philippines,sryburnfc@craigslist.org,862-100-5229
Wernher,Gino,Beitan,03/03/1961,China,wginofd@privacy.gov.au,880-646-6873
Terri,Martin,Moa,05/16/1982,Cuba,,678-265-6959
Alfi,Seckington,Psygansu,12/31/1970,Russia,aseckingtonff@yellowbook.com,897-952-7852
Eldredge,Karlicek,Tongqing,02/15/1964,China,,553-998-2902
Krishna,Embury,Sacramento,07/28/1966,United States,kemburyfh@apple.com,916-680-4693
Jordon,Gentle,Wiśniewo,06/04/1969,Poland,jgentlefi@chicagotribune.com,540-603-7044
Curcio,Hufton,Caraballeda,12/02/1990,Venezuela,chuftonfj@addtoany.com,791-832-8484
Raeann,Klemke,Trubchevsk,07/19/1961,Russia,,440-466-9572
Hattie,Grizard,Kemuning,02/19/1979,Indonesia,hgrizardfl@amazon.de,167-298-4567
Koenraad,Yakobowitz,Lomma,05/23/1981,Sweden,kyakobowitzfm@google.it,224-385-8423
Silvia,Shedd,Biryulëvo Zapadnoye,04/02/1968,Russia,ssheddfn@hexun.com,554-311-1839
Morgen,Webbe,Fort Liberté,03/28/1982,Haiti,,284-612-0247
Esme,Haggith,Sobue,02/02/1985,Japan,ehaggithfp@com.com,378-118-0369
Christalle,Pizer,Huangpu,03/10/1989,China,cpizerfq@stumbleupon.com,589-820-1366
Otha,Ball,Kristiansund N,10/30/1986,Norway,oballfr@marriott.com,986-220-2234
Siana,Rohan,,,,srohanfs@techcrunch.com,
Ashely,Osmond,Marataizes,07/09/1973,Brazil,aosmondft@macromedia.com,103-922-2805
Minetta,Gallant,Hondo,01/29/1982,Japan,mgallantfu@gnu.org,722-815-3158
Alleen,Cochern,,,,acochernfv@microsoft.com,
Frieda,Hulmes,Lexington,04/19/1988,United States,fhulmesfw@ameblo.jp,859-723-4001
Leonerd,Ambrosch,,,,lambroschfx@51.la,
Daryn,Richford,Buikwe,01/27/1955,Uganda,drichfordfy@state.gov,605-688-0926
Glad,Croisdall,Bene 'Ayish,09/17/1963,Israel,gcroisdallfz@mlb.com,321-648-0612
Hollis,Cicculini,Halamendu,12/15/1972,China,hcicculinig0@smugmug.com,731-297-7516
Abelard,Ruddell,Grigoropolisskaya,09/02/1994,Russia,aruddellg1@tinypic.com,748-754-9904
Althea,Strongitharm,,,,astrongitharmg2@hatena.ne.jp,
Madalyn,Rogan,Torreira,06/02/1967,Portugal,mrogang3@howstuffworks.com,107-332-6811
Isabelita,Kunes,Reykjanesbær,06/30/1987,Iceland,ikunesg4@ucoz.com,406-434-0403
Gerardo,Grane,Vista Hermosa,10/08/1975,Panama,ggraneg5@devhub.com,839-519-3414
Port,Form,Beichengqu,08/05/1998,China,,247-266-3812
Jedediah,Alecock,Ferreira do Alentejo,06/10/1953,Portugal,jalecockg7@storify.com,184-146-2331
Catina,Dudny,Altamira,10/29/1991,Brazil,,401-657-2248
Corliss,Skones,Ferreira do Zêzere,04/09/1969,Portugal,cskonesg9@bloglovin.com,456-800-3058
Shawn,Powland,Machala,05/28/1950,Ecuador,spowlandga@mapquest.com,402-265-2898
Gabe,Wybourne,Chillán,11/20/1989,Chile,gwybournegb@fema.gov,548-641-4233
Tobiah,Daouze,Port Saint John’s,10/08/1955,South Africa,,779-641-0360
Doro,Guerro,Ufa,11/29/1962,Russia,dguerrogd@wordpress.com,480-884-1814
Joela,Chessun,Kandi,04/29/1958,Benin,jchessunge@jigsy.com,587-235-5760
Katerina,Guinnane,Erfurt,04/01/1975,Germany,kguinnanegf@hhs.gov,792-240-5237
Rolland,Skirling,Zürich,10/09/1964,Switzerland,rskirlinggg@privacy.gov.au,313-395-4173
Dill,Mulqueeny,Muang Phôn-Hông,10/19/1989,Laos,,735-591-2002
Madel,Dyett,Ipoh,08/03/1977,Malaysia,,305-700-8557
Sherwood,Cawston,Jianxin,11/03/1955,China,,297-983-2769
Sterling,Pickford,Ko Chan,04/03/1995,Thailand,spickfordgk@mysql.com,554-757-7176
Arturo,Nattriss,Grenoble,11/24/1991,France,,226-822-1062
Nara,Thyng,,,,,
Pietra,Pighills,Pompéu,03/11/1973,Brazil,ppighillsgn@taobao.com,626-754-9340
Guy,Jimmison,Nice,09/20/1983,France,gjimmisongo@nbcnews.com,382-732-8502
Francis,Liffey,Glondong,07/06/1962,Indonesia,fliffeygp@ustream.tv,622-615-2549
Creight,Whilder,Cikuray,06/13/1957,Indonesia,cwhildergq@thetimes.co.uk,794-948-1562
Devland,Roads,Bayart Huxu,07/16/1992,China,droadsgr@statcounter.com,592-763-1252
Fitzgerald,Hancell,Tchaourou,07/07/1985,Benin,fhancellgs@reuters.com,568-134-1948
Lauritz,Wyldbore,Cinunjang,09/08/1982,Indonesia,lwyldboregt@printfriendly.com,217-462-9126
Brendon,Lemary,Sangju,09/07/1976,South Korea,blemarygu@java.com,660-536-7701
Gayla,Cranshaw,Chartres,07/11/1985,France,gcranshawgv@umich.edu,195-791-2187
Eloisa,Richfield,Velká Dobrá,02/06/1969,Czech Republic,erichfieldgw@admin.ch,472-756-5718
Nettle,Tombling,Hvar,01/11/1963,Croatia,ntomblinggx@addtoany.com,100-212-9970
Lay,Drabble,Huntington,01/02/1950,United States,ldrabblegy@hhs.gov,304-732-6274
Glenna,Jurek,Jequié,05/17/1967,Brazil,gjurekgz@ehow.com,753-511-7967
Bartholomeus,Faughnan,Maliiha,12/30/1952,Indonesia,bfaughnanh0@is.gd,620-156-8387
Dahlia,Jacson,Pendiqing,06/08/1986,China,djacsonh1@youtube.com,780-278-9420
Christiano,Ducarne,Kstovo,06/05/1969,Russia,cducarneh2@imdb.com,417-431-9484
Pinchas,Wylder,Ketangi,07/10/1992,Indonesia,pwylderh3@infoseek.co.jp,629-578-6788
Patrica,Cowell,Obukhiv,10/27/1953,Ukraine,,107-593-8235
Tamarra,Howels,Kota Kinabalu,04/09/1963,Malaysia,thowelsh5@businesswire.com,400-315-7812
Granville,Newbigging,Ubrub,01/13/1983,Indonesia,,931-168-5253
Chuck,Othick,Winterthur,04/19/1971,Switzerland,,569-435-7471
Gamaliel,Bauman,Garoua,07/19/1969,Cameroon,gbaumanh8@usnews.com,659-930-3502
Roland,Simonin,Guadalupe,07/19/1999,Costa Rica,rsimoninh9@yellowpages.com,109-394-5336
Cherri,Rosendorf,Xinning,12/22/1962,China,,911-291-7761
Maryl,Finker,Pereira,03/20/1950,Portugal,mfinkerhb@yellowbook.com,708-349-9305
Cinderella,Grummitt,Oyam,09/18/1960,Uganda,cgrummitthc@mtv.com,477-793-6378
Fanchette,Rabat,Baykonyr,12/01/1981,Kazakhstan,frabathd@msu.edu,850-233-2309
Gleda,Luter,Gaozhuang,12/31/1953,China,,827-762-2078
Gaye,Lob,Sokol,08/26/1974,Russia,globhf@acquirethisname.com,474-445-1359
Lyndel,Pooley,Sainte-Geneviève-des-Bois,07/24/1974,France,lpooleyhg@amazonaws.com,173-639-3833
Debbi,Haddinton,Karuk,01/06/1962,Indonesia,dhaddintonhh@theglobeandmail.com,504-716-0631
Filip,Bonanno,Kembang,02/27/1956,Indonesia,,309-278-6198
Judi,Moyer,Lonya Chico,03/30/1954,Peru,jmoyerhj@earthlink.net,655-220-2077
Elisha,Wannop,,,,,
Warner,Landells,Gromnik,07/05/1998,Poland,,761-458-8301
Alena,Holdall,Kolobovo,08/06/1957,Russia,aholdallhm@yellowbook.com,635-762-1160
Towny,Slayton,Pedra Azul,08/22/1990,Brazil,,775-954-6134
Kele,Battill,Mae Charim,05/09/1955,Thailand,kbattillho@friendfeed.com,259-526-8037
Karalee,Cliffe,Nova Prata,11/15/1990,Brazil,kcliffehp@php.net,464-768-7943
Rheta,Renak,,,,rrenakhq@irs.gov,
Drusilla,O'Mahoney,Pumai,07/18/1985,Indonesia,domahoneyhr@theglobeandmail.com,133-145-6673
Emyle,Tellesson,Da’an,04/05/1996,China,,542-156-0425
Josepha,Leppo,Jinghai,03/22/1992,China,jleppoht@cnbc.com,218-133-5905
Chad,Ordelt,Solec-Zdrój,08/31/1997,Poland,cordelthu@123-reg.co.uk,622-975-4696
Retha,Cay,Kuvandyk,09/11/1999,Russia,rcayhv@mozilla.com,929-405-0759
Averyl,Brookzie,Krajanpagowan,01/12/1999,Indonesia,abrookziehw@ow.ly,315-316-1817
Leonidas,Irnys,Mensalong,01/22/1975,Indonesia,,787-391-8609
Ag,Keble,Greensboro,08/23/1981,United States,akeblehy@hc360.com,336-501-9811
Lolly,Warhurst,Oton,08/12/1955,Philippines,,952-840-9084
Jeramey,Ackred,Santa Cruz da Graciosa,02/09/1992,Portugal,,690-780-2897
Shandeigh,Wyleman,Stříbro,10/26/1976,Czech Republic,swylemani1@skyrock.com,909-854-8367
Vail,Harrold,Turgun,03/18/1998,China,vharroldi2@wikia.com,591-424-0711
Goraud,Matuska,Sendang,08/05/1965,Indonesia,gmatuskai3@tuttocitta.it,347-507-7520
Lilly,Skill,Shaozhai,12/13/1965,China,lskilli4@constantcontact.com,125-934-8437
Costanza,Gunther,Amsterdam,11/23/1984,Netherlands,cguntheri5@microsoft.com,365-108-2471
Peggie,Lourens,Haveliān,01/10/1976,Pakistan,plourensi6@skype.com,732-940-0863
Derrick,Clacey,Angeghakot’,10/23/1986,Armenia,dclaceyi7@google.com.br,402-814-3290
Algernon,Aitchinson,Yinchuan,03/10/1955,China,aaitchinsoni8@skyrock.com,365-551-2723
Fitzgerald,Saur,Lycksele,04/01/1978,Sweden,fsauri9@timesonline.co.uk,369-164-7539
Ignaz,Kahan,Mouzáki,12/24/1977,Greece,ikahania@hubpages.com,465-966-0878
Wilfrid,Page,Dogbo,05/04/1959,Benin,wpageib@wiley.com,279-590-5581
Maynard,Dovydenas,Tuchoměřice,09/04/1977,Czech Republic,mdovydenasic@phpbb.com,985-281-1939
Dunstan,Abbatt,,,,dabbattid@vimeo.com,
Aubry,Tigwell,Bořetice,05/05/1975,Czech Republic,atigwellie@vinaora.com,124-685-0961
Olivette,Shippey,Vlycháda,02/26/1953,Greece,oshippeyif@chronoengine.com,359-849-2265
Eleen,Caen,Piskivka,04/11/1978,Ukraine,ecaenig@mac.com,236-491-6582
Bowie,McLeary,Lago dos Rodrigues,11/14/1982,Brazil,bmclearyih@bloglines.com,379-782-6048
Oren,Charnick,Třešť,06/22/1977,Czech Republic,ocharnickii@webs.com,183-486-7817
Glenda,Kynder,Kildare,04/27/1973,Ireland,gkynderij@slashdot.org,572-792-4153
Linn,Coldbathe,,,,lcoldbatheik@instagram.com,
Annamarie,Papes,Bandarbeyla,02/03/1992,Somalia,apapesil@is.gd,242-243-6404
Florentia,Robertet,,,,frobertetim@soup.io,
Astrix,Laurisch,Banī Ḩassān,02/02/1983,Tunisia,alaurischin@opera.com,652-703-5631
Allie,Hansbury,Ningxin,05/23/1991,China,ahansburyio@vistaprint.com,731-138-5300
Nathanael,Pheasant,,,,npheasantip@ucoz.ru,
Fonzie,De Meis,Addiet Canna,10/10/1972,Ethiopia,fdemeisiq@miibeian.gov.cn,272-789-5930
Alfy,Tether,Valdice,04/30/1963,Czech Republic,atetherir@canalblog.com,759-500-2654
Drucy,Devenny,Karanganyar,05/31/1998,Indonesia,ddevennyis@si.edu,933-127-3213
Rudolph,Hodgen,Muara Sabak,02/09/1972,Indonesia,rhodgenit@dmoz.org,591-539-4484
Broddie,Riepl,Xiawuqi,02/11/1991,China,briepliu@ucoz.com,389-398-8401
Glenn,Byway,Laixi,03/10/1999,China,gbywayiv@csmonitor.com,818-804-9916
Jessika,Oliveira,Feuknoni,08/10/1960,Indonesia,joliveiraiw@cpanel.net,535-726-1882
Sophie,Tolchar,Megalópoli,09/29/1979,Greece,stolcharix@mail.ru,710-904-9783
Caryl,Burds,Brämhult,01/14/1984,Sweden,cburdsiy@google.com.au,500-605-0122
Angeli,Feuell,Pinagsibaan,12/10/1984,Philippines,afeuelliz@networksolutions.com,621-468-5336
Gilligan,Vasyushkhin,Siguiri,11/10/1961,Guinea,gvasyushkhinj0@nytimes.com,615-462-1183
Janella,Souten,Sanjia,01/22/1991,China,jsoutenj1@craigslist.org,848-496-8594
Darwin,O'Mara,Itaperuçu,02/12/1969,Brazil,,987-937-5618
Carline,Dring,Budapest,06/02/1954,Hungary,cdringj3@php.net,337-578-0556
Westbrooke,Finney,Tabinay,06/20/1966,Philippines,wfinneyj4@blogs.com,842-161-0213
Hermon,Bishop,Getazat,03/21/1970,Armenia,hbishopj5@wired.com,700-156-3896
Melony,Toor,Shunling,05/08/1952,China,mtoorj6@nsw.gov.au,832-144-4591
Briana,McSaul,Keyinhe,07/08/1988,China,bmcsaulj7@china.com.cn,147-438-3682
Parke,Dumbleton,Villa Ángela,04/21/1971,Argentina,pdumbletonj8@nyu.edu,259-276-5428
Alicea,Slemming,Watulimo,04/16/1993,Indonesia,aslemmingj9@webmd.com,762-554-3887
Arther,Fradson,Parigi,06/14/1961,Indonesia,afradsonja@huffingtonpost.com,967-517-8208
Haroun,Eliaz,Jiangzhou,11/29/1968,China,heliazjb@hibu.com,703-673-3344
Stuart,Becraft,Malesína,01/26/1989,Greece,sbecraftjc@engadget.com,543-190-1073
Valeria,McAdam,Shang Boingor,12/15/1994,China,vmcadamjd@eepurl.com,944-208-2001
Warner,Dressell,Pavino,05/24/1985,Russia,wdressellje@studiopress.com,207-948-5516
Donelle,Coppenhall,Łapczyca,08/22/1971,Poland,dcoppenhalljf@amazon.com,130-332-5957
Lorinda,Childes,Nariño,03/18/1970,Colombia,,715-176-1332
Myrtle,Grigoriscu,Ocucaje,06/25/1995,Peru,mgrigoriscujh@reverbnation.com,154-878-0111
Callida,Gosart,Diriamba,08/06/1966,Nicaragua,cgosartji@house.gov,568-259-7512
Tamera,Pauly,Carpiquet,04/02/1985,France,,992-284-3873
Emmye,Bridden,Makueni,07/15/1964,Kenya,ebriddenjk@jugem.jp,762-182-4114
Murielle,Heaps,Jarinu,10/27/1953,Brazil,mheapsjl@omniture.com,743-433-9105
Cathie,Edwicke,Jinshanzui,04/28/1980,China,,499-138-0804
Judye,Quick,,,,jquickjn@statcounter.com,
Halli,Brosio,Hatsukaichi,02/17/1999,Japan,hbrosiojo@moonfruit.com,679-519-3106
Lanny,Bazelle,Lichinga,09/19/1966,Mozambique,lbazellejp@yale.edu,222-983-2591
Leighton,Whittenbury,Stare Kurowo,02/07/1988,Poland,,806-411-8828
Lind,Lyptrit,Longsheng,02/16/1961,China,,606-490-5145
Stan,Cardero,Kebon,01/13/1960,Indonesia,,571-110-3050
Mike,Beccera,Xizhong,06/28/1978,China,mbeccerajt@angelfire.com,963-102-4910
Aldwin,Kenshole,Opol,08/19/1970,Philippines,akensholeju@creativecommons.org,336-479-3356
Rolando,Shirtcliffe,Ospina,07/09/1984,Colombia,rshirtcliffejv@theguardian.com,163-953-6651
Sandy,Matterdace,Sigiriya,10/23/1990,Sri Lanka,smatterdacejw@mediafire.com,330-372-8451
Ignatius,Lowne,Tasikona,01/11/1950,Indonesia,ilownejx@mit.edu,581-152-0679
Judy,Goodhew,Cacoal,01/22/1982,Brazil,jgoodhewjy@cbsnews.com,496-248-1631
Issie,Rolfe,Acheng,09/17/1993,China,irolfejz@whitehouse.gov,197-383-1189
Nanci,Renackowna,Mount Darwin,10/04/1981,Zimbabwe,nrenackownak0@123-reg.co.uk,442-494-6008
Dru,Caville,Gang,04/24/1962,Philippines,,388-820-4161
Shepherd,Hindsberg,,,,shindsbergk2@auda.org.au,
Willem,Gamblin,Paris 07,12/08/1962,France,,978-541-1193
Norrie,Brundill,Olafulihaa,08/04/1955,Indonesia,nbrundillk4@tinypic.com,790-609-0448
Gerick,Craik,Makale,10/22/1966,Indonesia,,222-207-6739
Marie,Cahn,Ulcinj,01/16/1957,Montenegro,mcahnk6@unesco.org,830-805-3591
Gary,Dumbare,Ringin Kembar,12/09/1961,Indonesia,gdumbarek7@chronoengine.com,420-292-5573
Vera,Muzzall,Hwado,06/24/1984,South Korea,,888-330-8127
Hirsch,Gregoletti,Bålsta,04/19/1955,Sweden,,154-317-9757
Corella,Sabie,Sherwood Park,07/26/1966,Canada,csabieka@tinyurl.com,924-199-9304
Hewett,Astupenas,Donghe,02/12/1984,China,hastupenaskb@cam.ac.uk,385-289-1421
Harwilll,Filyashin,Mmaaf,11/04/1966,Indonesia,hfilyashinkc@cisco.com,587-158-8804
Germain,Bothie,Cloyne,04/10/1971,Ireland,gbothiekd@hibu.com,950-481-7603
Stanfield,Strutz,Boston,06/14/1980,United States,sstrutzke@123-reg.co.uk,617-336-7870
Constantino,Shepherdson,Fornos,02/05/1959,Portugal,cshepherdsonkf@pcworld.com,459-535-8779
Stephen,Smithson,Pinega,02/05/1987,Russia,ssmithsonkg@mail.ru,360-771-0159
Quintin,Badder,Seredka,10/10/1989,Russia,,566-707-2872
Idell,Gammons,Bertioga,07/09/1962,Brazil,igammonski@seesaa.net,671-680-3411
Pincus,Lunnon,Liangzeng,01/23/1994,China,plunnonkj@addtoany.com,486-710-1720
Fee,Trawin,Wolbrom,02/01/1992,Poland,ftrawinkk@edublogs.org,985-879-0810
Zandra,Paulusch,Kaloyanovo,04/10/1968,Bulgaria,zpauluschkl@printfriendly.com,380-348-2887
Joellyn,Rudgerd,Kalāleh,01/06/1952,Iran,jrudgerdkm@fastcompany.com,325-174-4083
Thatcher,Britland,Masaran,01/09/1962,Indonesia,tbritlandkn@google.com.au,309-437-2293
Delia,Errigo,Montfavet,07/22/1998,France,derrigoko@ftc.gov,434-760-3621
Malanie,Itschakov,Aguelmous,06/24/1968,Morocco,mitschakovkp@sbwire.com,440-888-0142
Bryn,Klasing,Xiaruyue,05/15/1958,China,bklasingkq@yahoo.com,249-941-0232
Pincus,Pearmain,Palca,02/04/1962,Peru,ppearmainkr@independent.co.uk,877-777-5926
Klarrisa,Wollers,Venilale,01/10/1985,East Timor,kwollersks@opera.com,462-746-0356
Janelle,Shyre,Chinandega,07/19/1996,Nicaragua,jshyrekt@reddit.com,991-824-3446
Denny,Maxfield,El Mida,08/30/1971,Tunisia,dmaxfieldku@gov.uk,436-721-6030
Caldwell,Postance,Meilin,11/19/1972,China,,279-611-2834
Lizzy,Ollis,Charlotte,05/04/1982,United States,lolliskw@wufoo.com,704-520-4519
Jordanna,Romi,San Miguel,05/25/1978,Paraguay,,700-567-7514
Arri,Conklin,Hangji,10/30/1994,China,aconklinky@blinklist.com,485-958-9647
Helene,Sangwine,Zhangxiong,01/23/1992,China,,447-152-9849
Carrie,Milella,Casal do Conde,01/23/1959,Portugal,cmilellal0@pbs.org,948-877-2575
Tallia,Halburton,Jinsha,01/22/1976,China,thalburtonl1@nytimes.com,908-928-4544
Arni,McGroarty,Qingxi,09/04/1988,China,amcgroartyl2@deliciousdays.com,579-387-3233
Ahmed,Trevan,Elat,11/17/1989,Indonesia,atrevanl3@cdbaby.com,759-220-0326
Ellyn,Arsmith,Limatambo,11/22/1988,Peru,earsmithl4@scribd.com,439-107-4129
Addi,Giff,Portet-sur-Garonne,04/16/1971,France,agiffl5@apple.com,399-759-1649
Eileen,Bartelet,Shatoja,04/04/1955,Peru,ebarteletl6@theguardian.com,443-423-7935
Sybille,Hovee,Vacaria,10/06/1970,Brazil,,282-656-9998
Lucais,Carlsen,Viekšniai,05/10/1988,Lithuania,lcarlsenl8@china.com.cn,877-953-9865
Margalit,McKniely,Asheville,03/15/1959,United States,mmcknielyl9@facebook.com,828-858-1406
Lorant,Tripe,Yuezhao,09/25/1952,China,ltripela@discovery.com,166-690-4422
Jacqueline,Sainte Paul,Montonggamang,08/08/1984,Indonesia,jsaintepaullb@icq.com,441-349-1366
Alene,MacFarlane,Tempaling,10/06/1994,Indonesia,,121-953-4599
Ivar,Lowles,Vila Velha de Ródão,03/20/1980,Portugal,ilowlesld@abc.net.au,583-305-0465
Harley,Hauxley,Bocana de Paiwas,08/25/1968,Nicaragua,hhauxleyle@npr.org,971-437-6061
Gustaf,Makeswell,Mempawah,04/02/1958,Indonesia,gmakeswelllf@google.com.au,633-767-0545
Reggi,Melan,Hualin,01/12/1982,China,rmelanlg@oracle.com,926-103-6069
Nedda,Huband,Nakhchivan,03/24/1957,Azerbaijan,,872-824-9695
Armin,Indgs,Saint David’s,03/02/1963,Grenada,aindgsli@nbcnews.com,952-728-0572
Liam,Strother,Pervomays’ke,05/27/1961,Ukraine,lstrotherlj@csmonitor.com,184-671-4410
Winona,Alps,Rambatan,08/10/1956,Indonesia,walpslk@about.com,778-858-4108
Hy,Dust,Thị Trấn Hát Lót,04/25/1966,Vietnam,hdustll@harvard.edu,212-629-4297
Ansley,Boltwood,Carquefou,02/20/1977,France,aboltwoodlm@github.io,695-927-3683
Mina,Wemm,Selikhino,07/21/1998,Russia,mwemmln@abc.net.au,735-666-9656
Winona,Gresly,Iłowa,12/24/1953,Poland,wgreslylo@japanpost.jp,480-439-1726
Alberik,Thomton,Zhengdonglu,08/26/1962,China,,325-748-5957
Mathew,Zoppo,Sanli,02/10/1980,China,mzoppolq@netvibes.com,383-775-6858
Chrissie,MacAlaster,Daliciasao,05/18/1989,Philippines,cmacalasterlr@blogtalkradio.com,951-476-9061
Ellswerth,Lascell,Saint-Péray,05/22/1962,France,elascellls@bbb.org,344-856-4200
Chris,Glason,Ladozhskaya,12/25/1965,Russia,cglasonlt@google.com,519-734-1866
Doralyn,Callicott,Xunqiao,07/24/1982,China,dcallicottlu@netvibes.com,837-716-7184
Cecilia,Esposi,Djibouti,06/20/1956,Djibouti,cesposilv@xinhuanet.com,294-322-8161
Brenda,Grimsley,Lukhovka,09/20/1970,Russia,bgrimsleylw@abc.net.au,534-905-3472
Dania,Ottam,Lijiang,07/17/1986,China,dottamlx@friendfeed.com,831-400-9819
Irene,O'Bruen,Cisek,11/01/1978,Poland,iobruenly@phoca.cz,746-977-4884
Cecil,Lottrington,Tancheng,12/17/1963,China,clottringtonlz@storify.com,321-507-5746
Afton,Cutler,,,,acutlerm0@prlog.org,
Gabriel,Boyet,Pazarić,10/29/1970,Bosnia and Herzegovina,gboyetm1@about.me,470-402-5313
Prentice,Daughton,Cuenca,06/11/1958,Ecuador,,614-803-7788
Brandyn,Paintain,Kristinehamn,12/24/1971,Sweden,bpaintainm3@usda.gov,190-883-4342
Ignace,Rhoades,Amouguer,10/03/1971,Morocco,irhoadesm4@etsy.com,126-470-3230
Brewster,Jantzen,Stenungsund,03/28/1970,Sweden,,588-563-1465
Leese,Ruffles,Hutou,09/30/1954,China,lrufflesm6@wikia.com,388-599-8824
Maggie,Feares,Castelsarrasin,03/02/1955,France,mfearesm7@illinois.edu,475-850-8168
Gail,Elverston,Fangbu,01/26/1995,China,gelverstonm8@scientificamerican.com,107-994-6031
Patty,Annesley,Marumori,02/20/1972,Japan,,458-268-6336
Wanda,Burnsyde,Dolod,07/28/1985,China,wburnsydema@vistaprint.com,495-565-4702
Julian,Pring,Citalahab,10/15/1992,Indonesia,jpringmb@howstuffworks.com,332-752-5518
Susanna,Lindeman,Kusŏng,08/13/1991,North Korea,slindemanmc@yandex.ru,378-318-6135
Obadias,Beaney,Gaphatshwe,05/29/1959,Botswana,obeaneymd@oakley.com,975-849-0803
Deerdre,Chrstine,Beloeil,07/23/1989,Canada,dchrstineme@jiathis.com,233-261-5395
Heriberto,Cotterrill,Mamponteng,06/08/1971,Ghana,,438-848-3080
Crysta,Elix,,,,celixmg@dropbox.com,
Doe,McLugaish,Watuagung,07/30/1987,Indonesia,dmclugaishmh@cdc.gov,756-221-3274
Kory,Banck,Sumber Tengah,02/23/1985,Indonesia,,294-607-8850
Colette,Brislan,Laḩij,05/29/1968,Yemen,cbrislanmj@mayoclinic.com,860-339-7578
Delmor,Tinson,Demuk,08/15/1971,Indonesia,dtinsonmk@cloudflare.com,552-531-2017
Wanda,Corps,Sancha,06/25/1972,China,wcorpsml@va.gov,364-425-1865
Saudra,Arthurs,Barentu,10/05/1963,Eritrea,sarthursmm@eepurl.com,205-516-2840
Staci,Ludwikiewicz,,,,sludwikiewiczmn@storify.com,
Iona,Vaz,São Félix do Xingu,11/04/1997,Brazil,ivazmo@ocn.ne.jp,854-353-2273
Britteny,Lording,Chafé,12/31/1958,Portugal,blordingmp@tinypic.com,197-262-0228
Johann,Ratchford,Kara Suu,11/26/1963,Kyrgyzstan,jratchfordmq@tiny.cc,201-992-4741
Allen,Alabastar,Funtua,05/26/1978,Nigeria,aalabastarmr@parallels.com,578-407-2717
Wilfred,Lutwyche,Kauniainen,03/12/1966,Finland,wlutwychems@mayoclinic.com,788-109-5940
Derrick,Roston,,,,drostonmt@biblegateway.com,
Maddie,Jillett,Sapu Padidu,08/17/1966,Philippines,mjillettmu@eventbrite.com,494-103-9102
Innis,Johananoff,Baru,12/09/1985,Indonesia,,248-756-1440
Vinnie,Ricciardello,Runjin,10/10/1972,China,vricciardellomw@sakura.ne.jp,100-993-2912
Hetty,Leaming,Raphoe,08/31/1962,Ireland,,299-831-7157
Desiree,Mussen,Dem’yanovo,06/27/1951,Russia,dmussenmy@harvard.edu,586-274-8185
Justina,Blasing,Saraqinishtë,08/23/1996,Albania,jblasingmz@freewebs.com,260-316-4217
Alanah,Rosettini,Tobias Barreto,07/26/1959,Brazil,arosettinin0@nhs.uk,637-728-3354
Ronnica,Esland,Alemanguan,12/24/1968,Philippines,reslandn1@cornell.edu,146-353-1346
Christie,Davidsen,Moravský Krumlov,05/24/1951,Czech Republic,cdavidsenn2@booking.com,980-577-3981
Flora,Goatcher,Puerto Montt,08/09/1979,Chile,,803-679-7478
Mandi,Dunseith,Kuching,08/26/1963,Malaysia,mdunseithn4@edublogs.org,958-219-5455
Marcille,Annatt,,,,mannattn5@comcast.net,
Moss,Handyside,Stoczek,01/26/1981,Poland,mhandysiden6@chicagotribune.com,830-956-8055
Darryl,Petche,Xinó Neró,03/29/1974,Greece,dpetchen7@dyndns.org,286-728-1703
Major,Beldon,Kizlyar,12/09/1985,Russia,mbeldonn8@cnbc.com,184-742-4611
Casar,Craythorn,Al Qardāḩah,11/10/1968,Syria,ccraythornn9@multiply.com,505-542-3352
Amabelle,Northen,Shangshaleng,09/12/1969,China,anorthenna@google.com,678-321-9807
Troy,Prendiville,Songjianghe,04/27/1954,China,tprendivillenb@comsenz.com,550-315-1151
Haze,Dunn,Fizuli,01/27/1966,Azerbaijan,hdunnnc@state.gov,135-639-5699
Claudell,Middlebrook,Batawa,09/25/1965,Indonesia,cmiddlebrooknd@sitemeter.com,176-547-5617
Minda,Halm,Chervyen’,06/05/1974,Belarus,mhalmne@a8.net,214-930-5756
Shaughn,Snoxall,Kokkári,01/07/1961,Greece,ssnoxallnf@yahoo.com,235-411-5116
Dory,Pask,Kabba,12/31/1972,Nigeria,dpaskng@marriott.com,354-306-9357
Erminie,Theodore,Vanadzor,05/22/1961,Armenia,etheodorenh@sitemeter.com,757-762-7689
Holly,Cooksley,Lyon,03/30/1992,France,hcooksleyni@accuweather.com,532-768-9873
Jaquelyn,Rainard,Irkliyevskaya,02/20/1975,Russia,jrainardnj@marketwatch.com,136-433-8528
Ettie,Gumm,Edéa,09/23/1951,Cameroon,egummnk@barnesandnoble.com,765-669-0612
Ramsey,Hyde,,,,rhydenl@studiopress.com,
Hailey,Fardy,Oepuah,02/18/1951,Indonesia,hfardynm@nyu.edu,156-725-3759
Gabie,Weine,Kuybyshevo,02/28/1950,Russia,gweinenn@miibeian.gov.cn,509-806-0179
Giulietta,Puttan,São Sebastião do Caí,01/05/1962,Brazil,gputtanno@nhs.uk,827-164-0993
Berri,Ledeker,Vale Flores,08/29/1996,Portugal,bledekernp@fema.gov,220-679-1063
Madelene,Cudihy,Durrës,08/07/1993,Albania,mcudihynq@reverbnation.com,124-231-2578
Olia,McCullock,Tougan,02/10/1963,Burkina Faso,omccullocknr@princeton.edu,175-970-8279
Ainsley,Lidington,Madette,08/26/1954,Indonesia,alidingtonns@jugem.jp,517-362-5169
Winni,Baradel,Yabluniv,02/07/1989,Ukraine,,344-389-5719
Hanna,Broadbere,Venezuela,06/12/1964,Cuba,hbroadberenu@comcast.net,603-889-2802
Rowe,Endle,Dogonbadan,06/27/1980,Iran,,153-410-4104
Ronni,McCollum,Karara,11/21/1992,Indonesia,rmccollumnw@ibm.com,581-768-6604
Auberta,Bertenshaw,Barajevo,08/19/1992,Serbia,abertenshawnx@sfgate.com,792-304-2802
Claire,Brouard,Beolgyo,02/07/1981,South Korea,cbrouardny@fda.gov,532-661-2696
Kathlin,Earie,Mtsamdou,06/30/1953,Comoros,kearienz@reference.com,620-913-4586
Ayn,MacCaffery,Prizren,01/26/1988,Kosovo,amaccafferyo0@goo.gl,946-837-8364
Malachi,Etchell,Betio Village,08/12/1996,Kiribati,metchello1@macromedia.com,178-794-5997
Elladine,MacGibbon,Juzhen,07/13/1973,China,emacgibbono2@wufoo.com,507-743-5153
Hamish,Oxshott,Ar Rawḑ,04/08/1959,Yemen,,634-276-3143
Ken,Radford,,,,,
Aurelea,Labusquiere,,,,alabusquiereo5@msu.edu,
Abigael,Prattin,Qŭshkŭpir,08/05/1955,Uzbekistan,,329-142-0996
Fidelity,Cornwell,Gorskaya,10/29/1961,Russia,fcornwello7@123-reg.co.uk,921-817-1335
Zachary,Brigham,Sabae,09/26/1980,Japan,zbrighamo8@mit.edu,494-635-7182
Robbert,Brognot,Danané,04/17/1950,Ivory Coast,rbrognoto9@usgs.gov,909-912-0106
Alejoa,Mattiello,Cheremshan,03/01/1977,Russia,amattiellooa@freewebs.com,501-122-2573
Kendrick,Ludovico,Paluan,01/19/1952,Philippines,kludovicoob@sourceforge.net,551-429-0699
Astra,Bremond,Skellefteå,07/06/1952,Sweden,abremondoc@wikia.com,758-383-7350
Alison,MacColm,Fentange,06/30/1976,Luxembourg,amaccolmod@europa.eu,340-288-9046
Ingrim,Gye,Houzhai,03/01/1967,China,,114-567-5058
Angelle,O'Feeney,Silca,06/06/1951,Honduras,aofeeneyof@google.cn,841-536-8815
Boot,Pandya,Borås,07/26/1967,Sweden,bpandyaog@mail.ru,579-708-0183
Farlay,Street,Huangbao,09/17/1988,China,fstreetoh@slideshare.net,925-623-7690
Branden,Fishlee,Kalývia,06/10/1999,Greece,bfishleeoi@theglobeandmail.com,216-891-4966
Hedvige,Mauro,Jalgung,03/18/1970,Indonesia,hmaurooj@narod.ru,893-560-9025
Fey,Spiby,Letuyi,01/06/1997,China,,908-740-3028
Moll,Bottomer,San Francisco,02/15/1974,Mexico,mbottomerol@mayoclinic.com,102-417-6333
Evvy,Angel,Koło,07/11/1980,Poland,eangelom@soup.io,321-350-5444
Erick,Scarsbrick,Litian,06/16/1962,China,escarsbrickon@admin.ch,841-568-5626
Jabez,Cullon,Beigang,03/30/1954,China,jcullonoo@eepurl.com,894-239-5442
Coleen,Mourgue,La Paloma,02/12/1960,Uruguay,,419-179-2739
Jereme,Trencher,Öjebyn,07/11/1971,Sweden,jtrencheroq@theguardian.com,812-339-3632
Paxton,Filippov,Boende,12/04/1950,Democratic Republic of the Congo,pfilippovor@shutterfly.com,438-959-9210
Brade,Zecchetti,Dvin,08/22/1953,Armenia,bzecchettios@ca.gov,890-483-4634
Kissiah,Wanderschek,El Capulin,09/27/1990,Mexico,kwanderschekot@infoseek.co.jp,586-691-0879
Yoshiko,Thome,Izumi,10/07/1982,Japan,,194-165-0686
Jeanie,Aldington,Kalianyar Selatan,08/17/1999,Indonesia,,232-603-8320
Osbert,Lancetter,Iecava,02/26/1987,Latvia,,244-295-7211
Juana,Kretschmer,Cagdianao,05/27/1964,Philippines,,233-882-9263
Rutger,De Domenicis,Eling,06/01/1980,China,rdedomenicisoy@sitemeter.com,331-639-2225
Kevina,Abrahamson,Cullinan,06/07/1976,South Africa,kabrahamsonoz@hibu.com,954-687-8083
Jo ann,Dumingo,Savannah,09/18/1990,United States,jdumingop0@nasa.gov,912-555-8510
Celia,Hymus,Jenesano,01/28/1989,Colombia,chymusp1@jalbum.net,838-150-9333
Xavier,Fellon,Tomas,09/19/1976,Peru,xfellonp2@so-net.ne.jp,862-734-4917
Taite,Mobbs,Burayevo,11/11/1950,Russia,tmobbsp3@yandex.ru,229-551-7968
Sabrina,Barensen,Tambo,02/13/1993,Peru,sbarensenp4@jiathis.com,178-948-5112
Tabby,Borsay,Bobigny,03/01/1987,France,,314-370-8169
Wanda,Dundridge,Inkerman,01/19/1955,Ukraine,wdundridgep6@yellowbook.com,923-102-7376
Harry,Peizer,Bahay Pare,12/28/1999,Philippines,hpeizerp7@usatoday.com,993-767-4828
Berti,Tatton,Tivat,12/10/1951,Montenegro,btattonp8@about.me,279-156-3602
Emerson,Laybourn,Kota Kinabalu,08/26/1999,Malaysia,elaybournp9@cargocollective.com,838-482-0143
Timi,Tann,Lautaro,03/27/1963,Chile,ttannpa@soup.io,357-802-3967
Alfy,Fettiplace,Montbéliard,03/21/1997,France,afettiplacepb@ebay.com,274-118-9485
Gina,Theobald,Żernica,08/11/1985,Poland,gtheobaldpc@nifty.com,615-329-9241
Emiline,Tolumello,Skalat,05/05/1974,Ukraine,etolumellopd@unicef.org,751-137-4844
Vidovic,Forrington,Fenhe,05/30/1972,China,vforringtonpe@mtv.com,803-700-7730
Caitrin,Tomei,Kananya,07/08/1953,Philippines,,814-100-1778
Gypsy,Mattersey,Sumberbakti,03/23/1966,Indonesia,gmatterseypg@booking.com,844-195-4510
Ravid,McGiffie,Beigou,12/13/1955,China,rmcgiffieph@nymag.com,885-532-6506
Martie,Chawner,Marechal Deodoro,10/31/1999,Brazil,mchawnerpi@over-blog.com,291-252-8819
Malachi,Ryrie,Morrito,01/07/1955,Nicaragua,,111-232-2600
Wade,Piggrem,Longquan,06/15/1971,China,,810-117-6480
Hilary,Handslip,Melíssi,06/19/1983,Greece,hhandslippl@lulu.com,252-897-3902
Kelley,Riceards,Xinglong,01/30/1992,China,kriceardspm@icio.us,999-401-3392
Chlo,Foggarty,Merapit,07/04/1997,Indonesia,cfoggartypn@abc.net.au,313-891-7259
Bebe,Braunton,Sosnówka,12/24/1955,Poland,bbrauntonpo@marketwatch.com,687-643-3949
Juieta,Claxson,Villa Aglipay,10/16/1950,Philippines,jclaxsonpp@mayoclinic.com,440-277-7190
Amelia,Thomerson,Mekkaw,07/08/1982,Nigeria,,685-115-5673
Travers,Hemstead,Toyama-shi,04/08/1968,Japan,,723-582-8869
Yule,Limmer,Inyati,10/13/1958,Zimbabwe,ylimmerps@yellowbook.com,683-161-6215
Birdie,Gudd,Klisura,02/12/1990,Bulgaria,bguddpt@amazon.co.jp,664-109-3702
Stearn,Fairhead,Calinog,01/17/1982,Philippines,sfairheadpu@boston.com,986-455-1932
Jo-anne,Furbank,,,,jfurbankpv@de.vu,
Waylon,Unwin,Columbia,07/25/1953,United States,wunwinpw@hibu.com,803-545-1555
Paten,Moreby,Longjumeau,04/02/1951,France,pmorebypx@twitter.com,847-174-1629
Vergil,Densun,Paris La Défense,02/06/1976,France,vdensunpy@thetimes.co.uk,991-706-4623
Royal,Eby,Puntaru,05/14/1963,Indonesia,rebypz@blogs.com,147-451-0867
Berton,Lacroix,Shuangmiao,09/03/1973,China,blacroixq0@ucoz.ru,554-326-4172
Tobit,Ellicombe,KwaMbonambi,04/23/1980,South Africa,tellicombeq1@techcrunch.com,268-756-7093
Ab,Courtonne,Borjomi,03/09/1982,Georgia,acourtonneq2@sakura.ne.jp,725-301-0794
Myrtle,Spelsbury,Qaxbaş,06/08/1967,Azerbaijan,mspelsburyq3@wordpress.com,598-971-4910
Micheal,Krzysztofiak,Mariana,11/01/1995,Brazil,mkrzysztofiakq4@cbc.ca,194-757-6862
Lindsay,Stroder,Pesnica pri Mariboru,03/15/1976,Slovenia,lstroderq5@whitehouse.gov,347-754-9506
Marigold,Eby,,,,mebyq6@xrea.com,
Kissie,Wallentin,Tanjungrejo Lor,05/21/1985,Indonesia,,292-907-1108
Stanislaw,Wilshire,Petrovskaya,07/02/1999,Russia,swilshireq8@webmd.com,808-390-3571
Asher,Keyte,Hägersten,08/11/1975,Sweden,akeyteq9@fastcompany.com,574-329-9801
Nerta,Angeau,Dầu Tiếng,11/02/1964,Vietnam,nangeauqa@berkeley.edu,176-980-9467
Ester,Empson,,,,eempsonqb@mac.com,
Cornall,Kleinmann,Ang Thong,02/15/1990,Thailand,ckleinmannqc@nps.gov,571-692-0826
Tate,Huett,Liufeng,01/12/1968,China,thuettqd@msu.edu,604-967-5118
Roxy,Felstead,Cochabamba,04/30/1982,Peru,rfelsteadqe@msn.com,716-365-6738
Kelby,Daglish,Hadakewa,08/09/1975,Indonesia,,596-761-2727
Anetta,Tomasino,Daqiao,01/30/1965,China,atomasinoqg@mediafire.com,841-408-5383
Mickie,Fist,Krajan Sumurtawang,11/18/1954,Indonesia,mfistqh@stanford.edu,468-914-1326
Yvor,Lucia,Monte da Boavista,09/27/1994,Portugal,yluciaqi@free.fr,327-936-2352
Colver,Bernot,Wawer,08/11/1979,Poland,cbernotqj@bravesites.com,418-433-7925
Clevie,Giggs,Philadelphia,12/31/1962,United States,cgiggsqk@cbsnews.com,215-201-1834
Eachelle,Pennrington,Gaohu,06/19/1979,China,epennringtonql@earthlink.net,441-387-9500
Beniamino,Foyle,Caruaru,12/12/1951,Brazil,bfoyleqm@army.mil,550-226-6674
Adam,Ruffler,Hujirt,04/08/1970,Mongolia,,656-837-4164
Karee,Jorn,Oslo,07/11/1997,Norway,kjornqo@comcast.net,150-605-4800
Henrieta,Hexam,Bayt Ūmmar,02/08/1962,Palestinian Territory,hhexamqp@google.co.uk,772-387-3820
Carlyn,Gayther,Cabugao,01/06/1959,Philippines,,464-887-6371
Merola,Bravery,Guanyao,10/25/1963,China,mbraveryqr@360.cn,581-431-4156
Zacharia,Banner,Jarinu,09/12/1988,Brazil,zbannerqs@constantcontact.com,464-982-0990
Hattie,Rubinovitsch,Mouzáki,08/10/1966,Greece,hrubinovitschqt@zimbio.com,285-250-0637
Randy,Oldfield,Dongyu,07/13/1992,China,roldfieldqu@dropbox.com,948-488-7770
Rudy,Toller,Vyshhorod,01/04/1978,Ukraine,rtollerqv@google.it,515-138-1084
Sharai,Knowlys,Bích Động,09/17/1967,Vietnam,sknowlysqw@prlog.org,763-405-2197
D'arcy,Swyn,Qasr Abu Hadi,05/21/1994,Libya,dswynqx@mapquest.com,265-304-0244
Kiley,Lebourn,Krzęcin,07/28/1960,Poland,klebournqy@ucsd.edu,870-414-2267
Wynn,Joslyn,,,,wjoslynqz@ihg.com,
Jessamine,Uttermare,Camiling,10/08/1981,Philippines,juttermarer0@dropbox.com,132-604-2841
Clarie,Boecke,Gostovići,02/03/1983,Bosnia and Herzegovina,,317-996-5656
Erina,Medgwick,Vágia,11/23/1984,Greece,emedgwickr2@shop-pro.jp,279-436-9516
Kristyn,Sterre,Huangqiang,12/07/1985,China,ksterrer3@cnbc.com,771-883-3239
Kiley,Bullivent,Zhangbagou,06/12/1951,China,,927-658-4474
Martynne,McMeyler,Boyang,03/28/1985,China,,988-689-0450
Raddy,Chittleburgh,Tallinn,03/22/1968,Estonia,rchittleburghr6@woothemes.com,539-564-0266
Keith,Rowlands,Nanqiu,08/23/1970,China,,745-501-1227
Orin,Keaveny,,,,okeavenyr8@prweb.com,
Amby,Giotto,Palmerston North,07/16/1956,New Zealand,agiottor9@imgur.com,209-851-0647
Eddy,Kohrt,,,,ekohrtra@netvibes.com,
Filmer,Mechi,Herong,10/20/1986,China,fmechirb@marriott.com,365-129-5481
Engracia,Elliman,Karangtengah,05/15/1958,Indonesia,eellimanrc@weebly.com,715-338-4623
Tades,Jelkes,Poli,05/29/1991,Indonesia,tjelkesrd@alibaba.com,310-166-8009
Wallache,Heindrich,Contramaestre,11/02/1997,Cuba,wheindrichre@discovery.com,291-364-4469
Quentin,Cunio,Kuala Lumpur,01/07/1955,Malaysia,qcuniorf@clickbank.net,191-435-3622
Romona,Ebrall,Monte do Outeiro,04/05/1956,Portugal,rebrallrg@un.org,267-710-4729
Karena,Leworthy,Mykolayiv,10/20/1987,Ukraine,kleworthyrh@hexun.com,577-903-7213
Israel,Latham,Barroso,12/24/1965,Brazil,ilathamri@livejournal.com,235-668-6044
Wit,Sproston,Krajanbonjor,09/13/1961,Indonesia,,784-941-3109
Benedetto,Quoit,Pasłęk,05/25/1994,Poland,bquoitrk@artisteer.com,189-962-8570
Oriana,Meggison,Vila Verde,12/06/1968,Portugal,omeggisonrl@livejournal.com,941-930-3165
Micky,Anan,Muromtsevo,03/13/1991,Russia,mananrm@over-blog.com,746-673-9767
Katharyn,Luigi,Takaoka,03/28/1978,Japan,kluigirn@tuttocitta.it,447-499-6407
Hector,Yerrell,Or Yehuda,05/26/1964,Israel,,495-972-2938
Sara-ann,Dunthorn,Compiègne,09/09/1951,France,sdunthornrp@thetimes.co.uk,685-806-6397
Randy,Goldstone,Kansas City,02/09/1972,United States,rgoldstonerq@va.gov,816-232-7797
Issy,Vallance,Shangjiangxu,01/09/1973,China,ivallancerr@skyrock.com,306-346-9827
