first_name,last_name,birth_place,birth_date,country_living_in,email,phone
Jesse,Elcock,Mustvee,02/27/1971,Estonia,jelcock0@walmart.com,255-359-5226
Matthaeus,Wetwood,Pukou,08/17/1999,China,mwetwood1@networkadvertising.org,870-620-0468
Irvin,Tunder,Zbąszynek,01/10/1966,Poland,,702-209-5543
Aurilia,Dalliston,Didian,11/29/1988,China,adalliston3@prweb.com,731-465-8680
Goldina,Kemshell,Kadugadung,10/28/1973,Indonesia,gkemshell4@youtu.be,170-884-8364
Winna,Slograve,Sobotín,09/16/1995,Czech Republic,wslograve5@go.com,369-481-3470
Persis,Jillings,Melíssi,04/04/1973,Greece,pjillings6@cyberchimps.com,161-227-1702
Bernadette,Lagde,Markova,04/07/1968,Ukraine,blagde7@symantec.com,259-396-5381
Anastasia,Ogden,Catujal Velho,10/24/1971,Portugal,aogden8@ebay.co.uk,205-525-5757
Lonnie,Vazquez,K’olīto,08/24/1986,Ethiopia,lvazquez9@plala.or.jp,980-330-6514
Efrem,Antonov,Jales,04/03/1983,Brazil,eantonova@boston.com,660-623-0421
Merla,Alvaro,Luboń,10/16/1992,Poland,malvarob@dion.ne.jp,980-429-4630
Emmey,Lghan,Wang Noi,10/31/1961,Thailand,elghanc@cbc.ca,956-926-1766
Reuben,Lezemere,Nanmen,04/12/1973,China,rlezemered@umn.edu,151-263-1240
Kristal,Vaney,Macari,10/01/1970,Peru,kvaneye@accuweather.com,420-269-8753
Pepe,Blowin,Weizheng,07/27/1981,China,pblowinf@lulu.com,189-261-4253
Emlyn,Barten,,,,,
Butch,Wreak,Capitán Bermúdez,08/31/1989,Argentina,bwreakh@oaic.gov.au,524-819-2044
Elsinore,Caine,Bastia,07/17/1992,France,ecainei@cnn.com,771-338-3669
Ryon,D'Alessandro,Zhagang,08/20/1959,China,rdalessandroj@surveymonkey.com,881-524-0163
Devlen,Apfler,Paris 17,12/24/1961,France,dapflerk@histats.com,917-809-0840
Dale,Hedditeh,Jinshan,08/29/1961,China,dhedditehl@bing.com,293-447-8922
Leonard,Yoodall,Kajok,06/19/1967,South Sudan,,282-579-4565
Odette,Romao,Miaoling,12/19/1970,China,oromaon@senate.gov,773-833-9516
Meade,MacSkeagan,Podhum,11/07/1983,Croatia,,872-410-6641
Rosette,Rous,Coloncito,04/05/1987,Venezuela,rrousp@wiley.com,494-488-0883
Giuditta,Clemencon,Torslanda,08/29/1979,Sweden,gclemenconq@techcrunch.com,643-541-7333
Belva,Tribble,Roczyny,01/18/1966,Poland,btribbler@artisteer.com,556-864-1485
Karlyn,Gierth,Aktsyabrski,12/08/1988,Belarus,kgierths@wp.com,710-715-7837
Donal,Perell,Krzczonów,11/02/1994,Poland,dperellt@goo.ne.jp,775-935-7423
Manon,Rohfsen,Chandal Bā’ī,11/24/1966,Afghanistan,mrohfsenu@va.gov,218-962-2513
Lurette,Dunbobin,Kinlough,03/01/1975,Ireland,ldunbobinv@prweb.com,593-614-4224
Stearn,Sadgrove,Butigui,10/21/1963,Philippines,ssadgrovew@blogger.com,756-385-8846
Grange,Vost,Suç,12/06/1997,Albania,gvostx@de.vu,838-230-6389
Sheila-kathryn,Rotherham,Barão de Cocais,07/03/1986,Brazil,srotherhamy@issuu.com,714-976-9925
Genevra,Grooby,Vasyshcheve,06/18/1977,Ukraine,ggroobyz@quantcast.com,955-607-3284
Josselyn,Moen,Lubichowo,10/15/1990,Poland,jmoen10@disqus.com,711-708-2769
Lyndel,Harrie,Aleshtar,01/18/1991,Iran,lharrie11@tiny.cc,154-147-3304
Loren,Barrett,Maní,03/18/1965,Colombia,lbarrett12@cpanel.net,443-614-2407
Elnore,Brickett,Longquan,06/24/1976,China,ebrickett13@google.pl,853-952-2066
Neille,Fagge,Öndörhoshuu,01/03/1963,Mongolia,,289-524-2562
Katusha,Jermy,Golina,07/03/1989,Poland,kjermy15@deviantart.com,779-624-8169
Caralie,Steade,Las Tunas,04/03/1956,Cuba,csteade16@ucla.edu,667-649-3561
Ephraim,Houseman,Asprángeloi,03/11/1989,Greece,ehouseman17@netvibes.com,627-796-0859
Torrey,Bachelar,Sosnovka,09/21/1960,Russia,tbachelar18@oaic.gov.au,105-962-9771
Darryl,Mattisssen,Renfengzhuang,01/07/1956,China,dmattisssen19@whitehouse.gov,300-548-5231
Kyle,Alessandrelli,Buritama,10/23/1968,Brazil,,818-122-0823
Clovis,Isabell,Göteborg,04/17/1968,Sweden,cisabell1b@hatena.ne.jp,365-254-5378
Biron,Priddey,Balice,06/04/1964,Poland,bpriddey1c@google.com,429-134-5738
Milly,Northam,Trần Văn Thời,01/20/1996,Vietnam,mnortham1d@weather.com,178-208-8562
Lefty,Selway,Birinci Aşıqlı,01/28/1950,Azerbaijan,lselway1e@people.com.cn,834-221-6800
Nolana,Pickvance,,,,npickvance1f@mtv.com,
Konstanze,Yter,Dieppe,04/02/1988,France,kyter1g@addthis.com,782-806-0618
Hilary,Cramb,Ailuk,09/24/1974,Marshall Islands,hcramb1h@nyu.edu,789-360-2140
Bernette,Haythorn,Lianghe,06/05/1984,China,bhaythorn1i@apple.com,977-477-3415
Jamil,Lanchberry,Shuakhevi,03/29/1999,Georgia,,372-682-8830
Joshuah,Maffy,Staronizhestebliyevskaya,06/22/1978,Russia,jmaffy1k@yelp.com,276-115-4969
Halli,Dwine,Anilao,03/04/1974,Philippines,hdwine1l@amazon.co.uk,714-798-5238
Dolly,Cassel,Pueblo Nuevo,01/09/1993,Honduras,dcassel1m@tripod.com,546-375-8098
Vivyan,Slyde,Daping,03/16/1960,China,vslyde1n@weibo.com,882-219-4765
Enrica,Withnall,Shinkafe,03/15/1959,Nigeria,,263-119-1809
Sawyere,Valencia,Nyköping,11/05/1961,Sweden,svalencia1p@desdev.cn,325-625-4154
Donnell,Mitie,Yong’an,03/22/1982,China,dmitie1q@indiegogo.com,250-710-8157
Corena,Pryell,,,,cpryell1r@mit.edu,
Kinna,Tillett,Datarsitu,10/07/1980,Indonesia,ktillett1s@accuweather.com,644-221-2595
Petra,July,München,02/25/1957,Germany,pjuly1t@technorati.com,110-814-1020
Jackqueline,Mee,Even Yehuda,09/20/1988,Israel,jmee1u@live.com,599-288-6859
Gisella,Langelay,Donskoy,04/20/1971,Russia,glangelay1v@aboutads.info,154-310-8417
Debera,Toft,,,,dtoft1w@mayoclinic.com,
Leodora,Stollmeier,Mandaluyong City,11/22/1998,Philippines,lstollmeier1x@wp.com,785-982-2051
Tuckie,O'Loughane,København,02/08/1977,Denmark,toloughane1y@ucla.edu,575-479-7906
Bradney,Haggart,Nglengkong,01/30/1984,Indonesia,bhaggart1z@usnews.com,880-553-1273
Shanna,Stork,,,,sstork20@linkedin.com,
Lizette,Lehemann,Xianchiyu,08/19/1979,China,,656-969-9422
Avivah,Ferri,Rio das Ostras,06/07/1960,Brazil,aferri22@nydailynews.com,397-561-2056
Des,Shafto,,,,dshafto23@ted.com,
Ernestus,Finlay,Markovo,12/21/1993,Russia,,659-851-1106
Alwin,Gunning,Princeton,04/30/1954,Canada,agunning25@ucsd.edu,758-431-7558
Susy,Tyhurst,Conceição da Abóboda,05/22/1953,Portugal,styhurst26@washingtonpost.com,194-561-1507
Cora,Niccolls,Río Sereno,07/12/1965,Panama,cniccolls27@eepurl.com,258-610-0979
Audy,Hovee,Buta Ranquil,07/07/1988,Argentina,ahovee28@list-manage.com,655-486-6557
Rosetta,Tidcombe,Weicheng,01/31/1989,China,rtidcombe29@theglobeandmail.com,119-799-0663
Laryssa,Gaskoin,Hedi,05/15/1995,China,lgaskoin2a@fc2.com,525-250-4095
Lorry,Bradnocke,,,,lbradnocke2b@ycombinator.com,
Devondra,Parminter,Ayorou,05/22/1998,Niger,dparminter2c@sakura.ne.jp,333-543-0139
Katey,Bright,Pujilí,03/12/1957,Ecuador,kbright2d@seesaa.net,581-658-1681
Lexy,Knowles,Yashiro,02/14/1996,Japan,lknowles2e@apache.org,915-283-3650
Chuck,Candy,Bobigny,01/01/1995,France,ccandy2f@globo.com,365-524-2168
Butch,Ditt,Mshinskaya,05/23/1953,Russia,bditt2g@live.com,289-766-2336
Budd,Thomtson,Rio Negrinho,06/19/1980,Brazil,bthomtson2h@cpanel.net,893-446-9041
Neal,Speed,Kisela Voda,01/18/1998,Macedonia,nspeed2i@tinyurl.com,931-295-4866
Shoshana,Skoggins,Cajamarca,04/28/1981,Peru,sskoggins2j@e-recht24.de,781-250-3011
Aubree,Grimsdyke,,,,agrimsdyke2k@unesco.org,
Adora,Matzeitis,Kolumbug,06/25/1963,Philippines,amatzeitis2l@tuttocitta.it,964-167-2646
Barbey,Anthoney,Xiangfu,04/06/1966,China,banthoney2m@goo.gl,459-730-8708
Doe,Renols,,,,drenols2n@edublogs.org,
Virgie,Furmonger,Rora Timur,07/04/1950,Indonesia,,372-427-9859
Florrie,Willets,Shanjeev Home,10/08/1958,Sri Lanka,fwillets2p@storify.com,334-588-7734
Noland,Loynes,Shibetsu,10/05/1960,Japan,nloynes2q@yale.edu,103-177-4679
Hazel,Stummeyer,Bebekan,06/10/1980,Indonesia,,394-797-7339
Gar,Tiery,Al ‘Aqabah,12/22/1966,Yemen,gtiery2s@census.gov,675-929-2246
Marchall,Dennant,Chirpan,03/03/1951,Bulgaria,mdennant2t@arstechnica.com,144-253-7493
Karney,Westhoff,Đạ Tẻh,08/20/1958,Vietnam,kwesthoff2u@over-blog.com,248-837-2250
Ulric,Philot,Dongxin,03/23/1982,China,uphilot2v@arstechnica.com,278-662-3741
Fancy,Drinnan,Wlingi,09/06/1970,Indonesia,fdrinnan2w@skyrock.com,758-469-0059
Hilly,Whiles,Gò Dầu,01/19/1974,Vietnam,hwhiles2x@ted.com,870-228-1458
Pearl,Josofovitz,Ichihara,06/13/1953,Japan,pjosofovitz2y@blogtalkradio.com,637-752-2702
Moses,Caig,Chenglin,03/12/1976,China,mcaig2z@dropbox.com,733-135-2947
Alverta,Pointon,Sanchang,04/16/1965,China,apointon30@hibu.com,845-249-1824
Daryl,Waldren,,,,dwaldren31@google.cn,
Hugo,Kiff,Yushan,04/26/1978,China,hkiff32@amazon.com,689-703-7528
Chase,Stickland,Redange-sur-Attert,01/04/1962,Luxembourg,cstickland33@businessweek.com,824-267-9762
Stephan,Ducket,Jieshou,12/20/1977,China,,875-209-7789
Zonnya,Bibbie,Yangiyŭl,08/12/1988,Uzbekistan,zbibbie35@miitbeian.gov.cn,432-926-3590
Patten,Syrie,Bistrica pri Tržiču,06/07/1960,Slovenia,psyrie36@typepad.com,548-623-2129
Nichole,Ruseworth,Damatou,04/16/1975,China,nruseworth37@wikispaces.com,396-491-5397
Jemima,Bresman,Cabeça Gorda,06/30/1966,Portugal,,181-396-6128
Gunter,Mushett,Matango,05/20/1988,Indonesia,gmushett39@uiuc.edu,868-543-2639
Neysa,Fernie,Sampungu,04/07/1961,Indonesia,,191-181-5649
Nanni,Seares,Gunungmalang Satu,12/22/1974,Indonesia,nseares3b@independent.co.uk,531-917-8781
Raquela,MacKellen,Karafao,07/02/1983,Indonesia,rmackellen3c@virginia.edu,446-171-0751
Jada,Quest,Comodoro Rivadavia,04/09/1975,Argentina,jquest3d@hibu.com,710-397-5449
Giraldo,Claringbold,Rathdrum,02/09/1974,Ireland,gclaringbold3e@plala.or.jp,978-673-2788
Cherlyn,Gateley,Lebedyan’,03/23/1977,Russia,,706-438-1894
Ethelind,Simonsen,Sv. Anton,08/09/1994,Slovenia,esimonsen3g@360.cn,731-589-0187
Bryant,Hansemann,Ježdovec,10/29/1968,Croatia,bhansemann3h@census.gov,714-630-5777
Ted,Taborre,Néa Karváli,01/05/1952,Greece,ttaborre3i@cmu.edu,864-553-9385
Arlee,Cruse,Kamaishi,07/17/1956,Japan,acruse3j@msn.com,696-450-3888
Antons,McCafferty,Bangui,07/29/1962,Philippines,amccafferty3k@tinyurl.com,164-567-8830
Lonna,Dyke,Kardamás,01/25/1967,Greece,,570-604-1155
Hurleigh,Spilsted,Sumberrejo,06/03/1988,Indonesia,,162-129-6317
Denis,Ramstead,Liozon,10/16/1997,Philippines,dramstead3n@github.com,404-678-4155
Seth,Mansour,Huangma,10/29/1996,China,smansour3o@thetimes.co.uk,545-872-9263
Livia,Drakeford,Skerries,09/21/1995,Ireland,,377-304-0903
Inness,Rossant,Farshūţ,11/05/1980,Egypt,irossant3q@tiny.cc,968-475-2979
Melamie,Yewman,Cikiruh Wetan,06/01/1962,Indonesia,myewman3r@privacy.gov.au,313-856-1743
Codie,McGavin,Changjiangbu,11/18/1962,China,,833-695-0324
Jacquenette,Jon,Touama,03/20/1984,Morocco,jjon3t@blogger.com,493-307-3746
Vic,Seyers,Lokwabe,06/13/1975,Botswana,vseyers3u@simplemachines.org,810-492-0287
Bowie,Sowle,Ludvika,09/30/1975,Sweden,bsowle3v@google.de,582-187-0794
Kerry,Strettle,Sishan,04/19/1979,China,kstrettle3w@parallels.com,262-617-3792
Stearne,Burburough,,,,sburburough3x@miitbeian.gov.cn,
Lauryn,Galier,Badaogu,12/13/1959,China,lgalier3y@unicef.org,616-422-7934
Ollie,Golde,Rust’avi,12/17/1976,Georgia,ogolde3z@ox.ac.uk,522-564-7349
Doralin,Aspall,Aasiaat,07/10/1963,Greenland,daspall40@buzzfeed.com,896-425-6875
Jerrilyn,Leppard,Mafra,12/18/1982,Brazil,jleppard41@hp.com,718-972-3106
Frans,Pitkeathly,Anxi,09/05/1964,China,fpitkeathly42@cmu.edu,143-160-7868
Garold,Aslam,Bato,08/21/1997,Philippines,,285-453-3569
Vergil,Dally,Dibulla,10/14/1984,Colombia,vdally44@home.pl,154-985-9377
Ophelia,Ferraretto,Dahongmen,11/10/1966,China,oferraretto45@homestead.com,256-635-4637
Madel,Guidone,Youshan,06/23/1977,China,mguidone46@last.fm,228-933-1085
Kerry,Gentner,Chantilly,06/27/1987,France,kgentner47@time.com,728-515-7659
Gabriele,Strowger,Embu,10/02/1982,Kenya,,982-173-7235
Ron,Patters,Caluquembe,11/23/1966,Angola,rpatters49@dagondesign.com,289-820-0340
Cairistiona,Braidwood,Huili Chengguanzhen,12/06/1970,China,cbraidwood4a@hubpages.com,608-669-0776
Carilyn,Hartropp,Rawuk,08/12/1996,Indonesia,chartropp4b@intel.com,280-557-0296
Rycca,Michel,Sitularang Landeuh,09/02/1978,Indonesia,rmichel4c@hp.com,303-161-6081
Hanna,McCafferky,Cikadu,09/24/1983,Indonesia,hmccafferky4d@yahoo.com,960-772-8792
Feliza,Peer,Partikan,07/24/1950,Indonesia,,331-259-9603
Windham,Kopmann,,,,wkopmann4f@etsy.com,
Hewie,Medlen,Futuroscope,09/30/1993,France,hmedlen4g@cbsnews.com,207-460-8077
Adrea,Fulford,Gryfino,04/18/1976,Poland,afulford4h@apple.com,121-781-8206
Joete,Peters,Swift Current,03/03/1972,Canada,jpeters4i@is.gd,770-979-5840
Morgun,Halegarth,Sadovo,06/07/1950,Bulgaria,mhalegarth4j@bandcamp.com,348-293-4487
Marcia,Firmage,,,,mfirmage4k@de.vu,
Rachael,Gerlts,Longshan,07/26/1953,China,rgerlts4l@xing.com,423-505-2443
Tamar,Lauridsen,Yang Chum Noi,02/09/1971,Thailand,tlauridsen4m@mashable.com,451-401-6913
Marianna,Willgress,Avignon,12/21/1976,France,mwillgress4n@npr.org,705-627-6589
Fanni,Sehorsch,Novaya Tavolzhanka,08/05/1960,Russia,fsehorsch4o@bloglovin.com,982-164-0062
Zonda,Colvin,Saint-Brieuc,06/08/1958,France,zcolvin4p@accuweather.com,995-791-2177
Orren,Mouser,,,,omouser4q@google.co.jp,
Elsi,Bearward,,,,ebearward4r@cdbaby.com,
Ferdinanda,Frapwell,Houston,01/06/1980,United States,ffrapwell4s@umich.edu,713-379-4114
Janek,Bucky,Srubec,05/27/1964,Czech Republic,jbucky4t@github.io,553-249-9473
Elita,Sarjant,Patulul,04/06/1997,Guatemala,esarjant4u@cocolog-nifty.com,953-961-9329
Marlena,Lievesley,Devon,01/01/1966,Canada,mlievesley4v@altervista.org,800-644-3612
Dulcea,Morphew,Xylaganí,04/02/1989,Greece,,403-707-5327
Virginie,Dewicke,Erpeldange,06/18/1963,Luxembourg,,786-770-7422
Rivy,Westell,Taquaritinga,01/17/1996,Brazil,,544-517-8995
Candis,Warrillow,Telsen,02/16/1997,Argentina,cwarrillow4z@state.tx.us,496-102-7849
Geri,Desseine,Bolyarovo,05/24/1964,Bulgaria,gdesseine50@php.net,192-666-5660
Nichols,Winspare,,,,nwinspare51@nymag.com,
Gene,Angerstein,Courbevoie,08/16/1977,France,gangerstein52@ocn.ne.jp,736-907-1497
Sophi,Spriggs,Abastumani,04/05/1980,Georgia,sspriggs53@unicef.org,783-830-7856
Lynn,Goodbourn,Bakıxanov,04/16/1973,Azerbaijan,lgoodbourn54@google.fr,400-259-5778
Eddie,Mimmack,Karpacz,09/19/1987,Poland,emimmack55@nyu.edu,108-887-4497
Marcy,Minghi,Alindao,04/28/1977,Central African Republic,,521-611-7874
Laetitia,Lambregts,Xunjian,06/05/1988,China,llambregts57@sbwire.com,611-494-2042
Gilda,Trinbey,Pingtian,09/03/1962,China,gtrinbey58@google.co.uk,449-889-4637
Romola,Robinette,Itauguá,04/03/1993,Paraguay,,604-574-3621
Ellynn,Tubritt,Murmuiža,12/18/1964,Latvia,etubritt5a@amazon.co.jp,347-349-5769
Revkah,Kivelle,Ogaminan,03/27/1967,Nigeria,rkivelle5b@4shared.com,369-187-5471
Shawn,Itzcovich,Pangapisan,10/11/1968,Philippines,sitzcovich5c@whitehouse.gov,862-976-8315
Caresa,Gilffilland,Oemofa,07/19/1987,Indonesia,cgilffilland5d@accuweather.com,163-526-6614
Belinda,Coston,Tukums,01/19/1970,Latvia,bcoston5e@tripod.com,600-340-3357
Keir,Butner,Basista,01/22/1992,Philippines,kbutner5f@hexun.com,265-727-9739
Etheline,Whines,Campechuela,07/31/1971,Cuba,ewhines5g@harvard.edu,263-445-7873
Max,Inger,Venda,04/01/1996,Portugal,minger5h@cnbc.com,699-410-5504
Tiebold,O'Lahy,Rucheng Chengguanzhen,04/14/1968,China,tolahy5i@prlog.org,740-178-2489
Allyce,MacCaghan,Ayaviri,08/02/1967,Peru,amaccaghan5j@mediafire.com,121-513-0035
Christalle,Gostage,Dadoupu,08/09/1979,China,cgostage5k@blogtalkradio.com,335-474-4312
Warren,Guidera,Ciyu,03/28/1969,China,wguidera5l@51.la,582-128-7733
Ada,Belsher,Sitabamba,07/19/1988,Peru,abelsher5m@vimeo.com,717-233-1465
Torrance,Knevit,Amsterdam-Oost,04/15/1970,Netherlands,tknevit5n@rediff.com,359-908-1332
Yettie,Cant,Neringa,07/29/1967,Lithuania,ycant5o@about.me,571-320-7994
Annetta,Reimer,Chynadiyovo,06/04/1956,Ukraine,areimer5p@hatena.ne.jp,200-351-5198
Valentina,Renne,Bailu,09/08/1971,China,vrenne5q@tuttocitta.it,782-721-7535
Urson,Pinard,Boston,10/02/1998,United States,upinard5r@rambler.ru,617-395-6238
Martin,Durno,Maydolong,03/22/1978,Philippines,mdurno5s@usa.gov,200-793-3258
Vivien,Webberley,Kingston,10/04/1950,Canada,vwebberley5t@cyberchimps.com,459-443-2048
Henryetta,Cudiff,Fontem,01/26/1960,Cameroon,hcudiff5u@nsw.gov.au,799-220-5748
Valentin,Waldock,,,,vwaldock5v@etsy.com,
Adriaens,Novelli,,,,anovelli5w@irs.gov,
Toddie,Whitters,Beskolen,07/09/1960,Indonesia,,318-530-1638
Anne-marie,Basile,Verkhnya Syrovatka,07/15/1961,Ukraine,abasile5y@yahoo.co.jp,439-366-8033
Marcellina,Ropert,Pinheiral,11/04/1961,Portugal,mropert5z@howstuffworks.com,426-729-1010
Josee,Westmerland,Araucária,06/13/1999,Brazil,,963-945-2015
Quincey,Duligall,Lushnjë,06/27/1991,Albania,,775-563-4003
Doloritas,Menlove,Seaforth,02/05/1985,Jamaica,dmenlove62@seattletimes.com,744-202-6437
Cassie,Wilshin,Ke’erlun,12/06/1954,China,cwilshin63@discovery.com,691-225-4934
Karel,Benn,Boticas,08/12/1950,Portugal,kbenn64@163.com,456-723-8599
Eamon,Hasely,Sabanagrande,01/24/1950,Colombia,ehasely65@e-recht24.de,539-421-6830
Rivalee,Spilling,,,,rspilling66@elegantthemes.com,
Krystal,Artz,Jin’e,07/26/1986,China,kartz67@geocities.com,490-671-1794
Trenna,Jeyes,Bruxelles,03/29/1974,Belgium,,241-483-7466
Helli,Redholls,Strasbourg,09/06/1996,France,hredholls69@umn.edu,215-656-1832
Tallie,Mawtus,Kamphaeng Phet,05/19/1980,Thailand,,604-335-7030
Janna,O'Garmen,,,,jogarmen6b@about.com,
Ianthe,Jellman,Vales,06/10/1957,Portugal,ijellman6c@surveymonkey.com,178-229-2377
Richie,Passe,Colcabamba,06/05/1987,Peru,,990-680-7410
Katharyn,Groucock,Mosrentgen,09/25/1983,Russia,kgroucock6e@alibaba.com,167-768-0214
Cobby,Freear,Неготино,08/08/1965,Macedonia,,634-605-6852
Kingsley,Dibdale,Humpolec,03/21/1974,Czech Republic,kdibdale6g@elpais.com,612-531-7006
Ricki,St. Leger,,,,rstleger6h@tamu.edu,
Nixie,Boydle,Lebowakgomo,02/14/1999,South Africa,nboydle6i@microsoft.com,173-807-3370
Florry,Spedroni,,,,,
Molli,Hinckesman,Getahovit,07/10/1998,Armenia,mhinckesman6k@cbc.ca,782-282-3700
Nissa,McShirie,Annecy,06/24/1965,France,nmcshirie6l@un.org,239-913-9285
Fulvia,Domenge,Quchi,11/13/1973,China,fdomenge6m@ibm.com,398-941-7887
Dita,Bottinelli,Pushchino,10/20/1972,Russia,dbottinelli6n@fc2.com,466-137-6797
Antonin,Birkinshaw,Siay,02/19/1979,Philippines,,928-730-7677
Rhona,Subhan,Shouyan,12/14/1987,China,,273-499-2717
Stoddard,Hevner,Talisay,09/30/1982,Philippines,shevner6q@soup.io,850-149-0835
Julietta,Piaggia,Caspisapa,05/05/1967,Peru,jpiaggia6r@nsw.gov.au,881-422-3741
Andrea,Letertre,Palykavichy Pyershyya,06/09/1995,Belarus,aletertre6s@dot.gov,359-563-1232
Lynn,Gapper,Göteborg,11/22/1950,Sweden,lgapper6t@ustream.tv,112-433-0737
Holden,Tender,Cherepovets,08/23/1978,Russia,htender6u@creativecommons.org,740-640-4041
Theo,Dytham,Nikol’sk,10/19/1996,Russia,tdytham6v@vk.com,568-141-6115
Mommy,Martinello,Fangshan,01/04/1991,China,mmartinello6w@who.int,786-839-2947
Mimi,Kroch,Nyköping,03/02/1959,Sweden,mkroch6x@wikispaces.com,200-104-8022
Lauraine,Stormes,Zinder,05/30/1963,Niger,lstormes6y@google.it,466-438-5562
Philippe,Verecker,Tāndo Mittha Khān,03/01/1965,Pakistan,pverecker6z@paypal.com,201-809-4754
Elwood,Rapi,Steinsel,07/30/1986,Luxembourg,erapi70@dot.gov,159-267-3307
Almeta,Whitesel,Nakhabino,06/22/1984,Russia,awhitesel71@businessweek.com,553-368-9684
Perle,Wakeman,Verkhniy Kurkuzhin,09/19/1972,Russia,pwakeman72@dedecms.com,908-113-2875
Katheryn,Schwandermann,Arnelas,07/08/1995,Portugal,,596-948-4720
Demetria,Tree,Hyltebruk,02/17/1950,Sweden,dtree74@macromedia.com,301-608-8541
Valentijn,Doulden,Sibulan,11/18/1983,Philippines,vdoulden75@bbb.org,760-785-5589
Corliss,Boken,Sarae,11/02/1994,Indonesia,cboken76@ning.com,154-879-4904
Audy,Blackshaw,Lucma,07/16/1955,Peru,ablackshaw77@goodreads.com,700-841-8899
Imelda,Fassman,Guchang,03/24/1992,China,,767-905-5812
Skell,Balducci,Torres Vedras,02/11/1962,Portugal,sbalducci79@ca.gov,913-136-7509
Hebert,Rolland,Perlez,07/08/1969,Serbia,hrolland7a@weibo.com,704-791-0667
Yorgo,Taree,Émponas,07/23/1998,Greece,,932-810-7623
Roseline,Curnock,Safonovo,08/27/1965,Russia,rcurnock7c@fastcompany.com,654-617-9291
Sophia,Skelhorne,Huanoquite,10/16/1984,Peru,sskelhorne7d@paypal.com,220-131-5618
Jimmie,Breinl,Cibenda,07/13/1999,Indonesia,jbreinl7e@wikispaces.com,521-727-3145
Roana,Prazor,Nankai,09/11/1990,China,rprazor7f@army.mil,661-374-1419
Nisse,Rodger,Massaguet,04/30/1983,Chad,nrodger7g@theglobeandmail.com,426-907-9128
Carmelita,Peacock,Al Burayqah,10/17/1990,Libya,cpeacock7h@phoca.cz,496-771-5762
Milly,Papez,Gislaved,04/16/1973,Sweden,mpapez7i@census.gov,127-315-9907
Mareah,Gobel,Hongdun,02/10/1987,China,,530-364-9735
Orv,Cayser,Osięciny,10/06/1982,Poland,ocayser7k@toplist.cz,863-301-9385
Linn,Gooderick,Yuefeng,09/10/1974,China,lgooderick7l@php.net,375-185-2782
Helene,Britland,Misau,08/27/1992,Nigeria,hbritland7m@blogger.com,633-110-1927
Jody,Darkott,Weishanzhuang,03/24/1988,China,jdarkott7n@biblegateway.com,540-973-1722
Veronica,Oakman,Chadan,04/11/1964,Russia,voakman7o@wordpress.org,768-918-5240
Corey,Splevins,Guararema,08/20/1985,Brazil,csplevins7p@ning.com,524-937-0615
Hertha,Eich,Peristerá,06/16/1987,Greece,heich7q@hud.gov,831-625-7500
Waldon,Bayston,Kapiri Mposhi,11/04/1983,Zambia,,369-755-4696
Bethina,Dowse,Comilla,04/25/1955,Bangladesh,bdowse7s@prnewswire.com,476-998-3428
Mar,Skeeles,Zarqa,09/16/1970,Jordan,mskeeles7t@cornell.edu,907-888-6511
Abbe,Mouse,Gengzhuang,06/12/1975,China,amouse7u@mashable.com,765-871-1701
Marve,Davydkov,Anopog,11/14/1969,Philippines,mdavydkov7v@ebay.co.uk,752-475-5918
Marin,Burge,Kut Bak,10/22/1960,Thailand,mburge7w@mac.com,133-750-6093
Elisa,Liversley,Vyksa,10/20/1954,Russia,eliversley7x@stanford.edu,545-100-6424
Perceval,Kuzma,Senta,08/04/1968,Serbia,,747-661-3432
Jeno,O' Mahony,Charleville-Mézières,09/13/1952,France,jomahony7z@feedburner.com,583-735-8570
Rebekah,Lipsett,Tonggu,07/13/1987,China,,769-771-8331
Madonna,Grzesiewicz,Changwon,12/05/1993,South Korea,mgrzesiewicz81@wisc.edu,651-731-6095
Sada,Axworthy,Enhe Hada,06/05/1964,China,,691-643-5090
Marlene,Schuricht,Puerto Madryn,09/06/1997,Argentina,mschuricht83@plala.or.jp,964-846-5478
Nanice,Philippe,Gamovo,02/19/1962,Russia,,963-977-5762
Caspar,Waind,Jasienica Rosielna,03/23/1990,Poland,cwaind85@godaddy.com,366-191-9031
Christiane,Benn,Cartagena,07/18/1975,Spain,cbenn86@newyorker.com,240-219-2486
Jyoti,Shemwell,Taounate,12/05/1983,Morocco,jshemwell87@hp.com,846-321-9837
Jud,Joan,Nueva Guinea,12/25/1956,Nicaragua,jjoan88@constantcontact.com,529-173-7864
Zacharia,Ledner,Al Qurḩ,05/21/1950,Yemen,zledner89@utexas.edu,416-715-6876
Dorie,Reinhardt,Datan,01/03/1953,China,dreinhardt8a@engadget.com,600-687-7572
Cherise,Thews,Baculin,03/25/1995,Philippines,cthews8b@angelfire.com,469-547-6558
Eward,Habeshaw,Boa Vista,02/28/1977,Brazil,ehabeshaw8c@cbslocal.com,598-455-4844
Rianon,Isenor,Krajan Waturoyo,08/14/1965,Indonesia,risenor8d@tiny.cc,670-577-1089
Masha,Hurworth,Novi Pazar,06/25/1983,Serbia,,323-251-2797
Josselyn,Gurry,Lwengo,10/29/1950,Uganda,jgurry8f@sitemeter.com,966-966-3737
Clemmy,McSperron,Amphoe Sikhiu,01/04/1999,Thailand,cmcsperron8g@buzzfeed.com,870-163-1336
Rosalinde,Rayson,Dapchi,06/08/1984,Nigeria,rrayson8h@foxnews.com,140-655-1418
Kacey,Barrow,Hutag,03/25/1971,Mongolia,kbarrow8i@quantcast.com,927-253-4392
Bax,Spaight,Queimados,05/31/1985,Brazil,bspaight8j@google.cn,205-410-5515
Brianne,Iohananof,Serra,03/22/1995,Brazil,biohananof8k@mapy.cz,760-648-9765
Gracia,Dowbiggin,Amu Gulang Baolige,08/10/1993,China,gdowbiggin8l@tuttocitta.it,937-419-6675
Thom,Rubbens,Sapadun,11/14/1973,Philippines,trubbens8m@google.de,930-310-0866
Finlay,Breadmore,Nemby,02/11/1997,Paraguay,fbreadmore8n@gravatar.com,488-103-4134
Hillyer,Gasken,Kajansi,11/27/1990,Uganda,hgasken8o@marriott.com,508-934-6164
Phil,Shillaber,Huancheng,02/20/1967,China,,886-224-8986
Laverna,Jeske,Caringin,03/21/1995,Indonesia,ljeske8q@jimdo.com,103-397-0586
Marlane,Rowett,Desnogorsk,12/30/1994,Russia,mrowett8r@youtu.be,620-609-7973
Maegan,Cassella,Kuršėnai,03/01/1954,Lithuania,,812-673-0341
Cecilio,Rochelle,Złotniki Kujawskie,10/21/1960,Poland,crochelle8t@webs.com,408-853-6007
Hadrian,Gockeler,São Francisco do Conde,06/26/1956,Brazil,hgockeler8u@feedburner.com,981-667-5433
Marcellina,Boxall,Coutances,05/02/1970,France,mboxall8v@webeden.co.uk,576-534-4044
Berget,Sadry,Jinsha,11/23/1970,China,bsadry8w@webs.com,989-530-3646
Lazarus,Robic,Sucun,11/04/1957,China,lrobic8x@ca.gov,612-666-1983
Rubi,Pettus,Sincelejo,07/30/1994,Colombia,rpettus8y@nymag.com,135-715-2444
Raimund,Crippell,Nadezhda,04/15/1958,Russia,rcrippell8z@go.com,455-604-9597
Tallou,Boydell,Lechinkay,01/09/1952,Russia,tboydell90@studiopress.com,692-936-0221
Zebulon,Verrechia,Retorta,12/13/1952,Portugal,zverrechia91@discuz.net,397-951-1176
Marmaduke,O'Dempsey,Rokytnice,07/27/1984,Czech Republic,modempsey92@shop-pro.jp,438-205-5011
Beryle,Norcock,Fengyan,11/16/1969,China,,987-348-7623
Fabio,Slyne,Pulorejo,01/29/1973,Indonesia,fslyne94@apache.org,241-999-4809
Sandor,Ralestone,Qianjin,11/13/1976,China,sralestone95@google.es,626-149-0029
Jackie,Mc Pake,Ochla,07/30/1968,Poland,jmcpake96@ihg.com,480-326-3865
Johanna,Austin,Khabarovsk,12/06/1983,Russia,jaustin97@un.org,257-760-6538
Horton,Edbrooke,Municipio de Copacabana,12/23/1964,Colombia,hedbrooke98@rakuten.co.jp,958-831-8448
Nerty,Helix,Perm,05/31/1982,Russia,nhelix99@gravatar.com,609-827-1569
Mina,Kearns,Suvorov,04/07/1970,Russia,mkearns9a@hhs.gov,677-956-4289
Joceline,Keal,Dem’yanovo,10/11/1961,Russia,jkeal9b@youku.com,391-104-0912
Ginni,Kegley,Oslo,03/31/1995,Norway,gkegley9c@bizjournals.com,565-344-0184
Jervis,Shepherdson,Abū Qalqal,08/05/1989,Syria,jshepherdson9d@biblegateway.com,888-649-4003
Nona,Blasgen,Franca,06/16/1952,Brazil,nblasgen9e@gizmodo.com,186-158-8377
Cleveland,Rizzello,Yuezhao,06/16/1985,China,crizzello9f@live.com,544-961-7458
Kalinda,Harriot,Tumba,01/18/1956,Sweden,kharriot9g@qq.com,296-439-7437
Clo,Summerskill,Bastos,10/26/1999,Brazil,csummerskill9h@virginia.edu,513-741-2503
Vanya,Troman,Noenoni,12/10/1976,Indonesia,vtroman9i@usatoday.com,807-711-1280
Trstram,Salzburg,Xieshui,03/16/1968,China,tsalzburg9j@walmart.com,624-244-6975
Waylen,Laurand,Urcos,01/31/1960,Peru,wlaurand9k@cbslocal.com,893-526-0053
Sena,Sillett,Dawuhan,01/04/1978,Indonesia,ssillett9l@wordpress.com,411-901-0126
Torrin,Gair,Västerås,08/27/1993,Sweden,tgair9m@hud.gov,839-518-8592
Madeleine,Cheeke,Aktau,05/02/1970,Kazakhstan,mcheeke9n@ycombinator.com,497-151-8747
Valentina,Carson,Akhtopol,12/02/1953,Bulgaria,vcarson9o@unblog.fr,459-292-1400
Blondelle,Dacres,Pacarkeling,07/09/1961,Indonesia,bdacres9p@webnode.com,204-876-6398
Rachel,Orr,,,,,
Melly,Jonah,Quiches,02/20/1981,Peru,,318-884-5414
Cristen,Middler,Petite Anse,02/24/1976,Haiti,,508-878-0456
Rodrique,Hulkes,Gandra,12/17/1970,Portugal,rhulkes9t@forbes.com,165-309-6352
Adele,Clewett,Veltruby,05/15/1984,Czech Republic,aclewett9u@nifty.com,938-734-8811
Nonah,Farlam,Ořechov,01/01/1968,Czech Republic,nfarlam9v@youtube.com,867-462-8447
Jeanna,Shoosmith,Zhaobei,06/29/1991,China,jshoosmith9w@sourceforge.net,325-158-7461
Aaron,Eller,Łobżenica,06/13/1968,Poland,aeller9x@lycos.com,206-383-4676
Auguste,Perch,Berkovitsa,07/31/1990,Bulgaria,aperch9y@ox.ac.uk,484-513-9495
Frederico,Fearne,Sujiatuo,07/23/1959,China,ffearne9z@businessweek.com,918-676-7807
Enrichetta,Parram,Tobol,01/17/1956,Kazakhstan,eparrama0@youku.com,311-427-0300
Dulsea,Casin,Bringinanom,12/31/1965,Indonesia,dcasina1@dailymotion.com,389-355-5534
Elke,Doddemeede,Kinalaglagan,08/13/1979,Philippines,edoddemeedea2@buzzfeed.com,264-739-7169
Farley,Yarrell,Saint Pierre,11/04/1987,Mauritius,,980-401-0455
Myranda,Inglish,Caldas da Felgueira,07/01/1960,Portugal,,996-860-5980
Bertrando,Shills,Xiaotang,03/19/1997,China,,113-994-5664
Olly,Kimmitt,Hobonio,08/17/1993,Indonesia,okimmitta6@smh.com.au,450-402-8784
Jameson,Matanin,,,,jmatanina7@tinyurl.com,
Ashil,Lent,Södertälje,10/17/1978,Sweden,alenta8@surveymonkey.com,333-267-5930
Currie,Jankin,Tangub,09/13/1953,Philippines,,445-340-4462
Elenore,Hocking,,,,ehockingaa@wufoo.com,
Dunc,Peeke-Vout,Melati,12/02/1954,Indonesia,dpeekevoutab@guardian.co.uk,552-328-6527
Seumas,Husselbee,Zasip,07/01/1950,Slovenia,,427-118-7516
Marco,Castleman,Veselí nad Lužnicí,08/29/1981,Czech Republic,mcastlemanad@fema.gov,191-718-0142
Rochette,Buzzing,Shuanglong,08/08/1985,China,,966-892-1552
Oralie,Balloch,Rambatan,10/05/1986,Indonesia,oballochaf@sourceforge.net,623-965-0270
Quentin,Wickins,Labangka Satu,01/12/1989,Indonesia,qwickinsag@mysql.com,993-551-6411
Ferris,Ousby,,,,fousbyah@live.com,
Basia,Peery,Iracemápolis,12/06/1955,Brazil,bpeeryai@telegraph.co.uk,890-388-3878
Cole,Tydd,Hūn,09/24/1958,Libya,ctyddaj@pcworld.com,146-889-8412
Egan,Ortes,Merida,03/17/1959,Philippines,,888-667-2871
Marlo,Pieracci,Teluksantong,08/17/1995,Indonesia,mpieraccial@bing.com,898-885-0413
Forster,Purry,Jinshan,02/24/1987,China,fpurryam@independent.co.uk,109-260-8455
Fidelity,Wagg,Huicheng,05/09/1973,China,fwaggan@hubpages.com,967-568-4866
Danit,Abbe,Wulongshan,12/15/1965,China,dabbeao@slate.com,963-781-3650
Alexandre,Pencott,Cukalat,02/23/1991,Albania,apencottap@sfgate.com,438-633-7020
Jilli,Drane,Guazhou,03/20/1973,China,jdraneaq@princeton.edu,684-735-2611
Ernaline,Geertje,Adámas,03/12/1997,Greece,,836-240-2610
Cathleen,Caltun,Mogapinyana,07/10/1950,Botswana,ccaltunas@delicious.com,932-633-4488
Maxim,Burdon,Sindong,08/22/1995,South Korea,mburdonat@youku.com,563-969-3486
Bee,Alibone,,,,baliboneau@google.pl,
Dag,Adamov,Roi Et,05/24/1994,Thailand,dadamovav@pinterest.com,557-643-0333
Filbert,Beckley,Campo Maior,11/08/1996,Portugal,,945-659-6510
Misti,Boddy,L'Assomption,08/04/1954,Canada,mboddyax@ted.com,441-730-4992
Beverlie,Grunson,Benisheikh,11/20/1960,Nigeria,bgrunsonay@java.com,146-326-3963
Hubey,Myers,Nagrak,01/04/1960,Indonesia,hmyersaz@w3.org,844-645-7456
Miof mela,Gleave,Al Ghuwayrīyah,06/23/1962,Qatar,,271-343-0237
Sib,Silverson,Suwałki,10/03/1953,Poland,ssilversonb1@webs.com,129-118-4608
Ellerey,Basill,Carcar,10/09/1959,Philippines,ebasillb2@umich.edu,375-369-7291
Karen,Antoniewski,Escada,10/13/1983,Brazil,kantoniewskib3@creativecommons.org,688-375-3325
Damara,Tarquini,Pompano Beach,07/18/1957,United States,dtarquinib4@netvibes.com,305-328-3043
Carena,Ambrus,Bełk,08/30/1956,Poland,,648-654-9796
Dougie,Meth,Khān Yūnis,05/26/1976,Palestinian Territory,dmethb6@linkedin.com,424-510-9948
Farrell,Bartlosz,Pirapozinho,09/15/1994,Brazil,fbartloszb7@desdev.cn,433-505-4557
Jim,Woolen,,,,jwoolenb8@newyorker.com,
Roby,Worsley,Vinhedo,04/22/1994,Brazil,,513-915-1569
Pascale,Maylor,Dadukou,12/20/1999,China,pmaylorba@delicious.com,623-277-8147
Rurik,Clint,Sukarame,01/07/1989,Indonesia,rclintbb@hexun.com,183-506-5596
Giselle,Delue,Tangwang,01/24/1954,China,gdeluebc@jiathis.com,585-207-8329
Gerald,Witherop,Peace River,07/12/1989,Canada,,954-484-5433
Benedicto,Phil,Hujirt,10/04/1977,Mongolia,bphilbe@tiny.cc,593-638-8185
Carolyn,Sneezum,Lailunggi,04/30/1993,Indonesia,csneezumbf@engadget.com,694-324-3394
Regina,Le Marquis,Pikalëvo,04/27/1975,Russia,rlemarquisbg@moonfruit.com,681-917-8734
Pippa,Powys,Ōkawa,02/14/1953,Japan,ppowysbh@usnews.com,237-291-6988
Luce,Parr,Rabig,09/29/1975,Indonesia,lparrbi@people.com.cn,126-651-7639
Averell,Durward,Amirabad,07/24/1999,Pakistan,,190-194-8974
Martyn,Shee,Bragança Paulista,03/10/1957,Brazil,msheebk@dagondesign.com,892-484-8440
Harvey,Challiner,Tahala,04/27/1954,Morocco,hchallinerbl@ihg.com,755-817-9703
Pietrek,Duncklee,Portelinha,03/27/1990,Portugal,pdunckleebm@naver.com,124-671-8110
Hedi,Dossett,Ciloa,04/21/1984,Indonesia,hdossettbn@seesaa.net,678-752-9635
Fiann,Tomkowicz,Kanazawa-shi,06/01/1993,Japan,ftomkowiczbo@bloglovin.com,533-610-4064
Tansy,Lumbers,Newark,08/10/1958,United States,tlumbersbp@army.mil,302-960-6478
Baxie,Chandler,,,,,
Griz,Rikard,Guaratuba,08/01/1951,Brazil,grikardbr@cam.ac.uk,902-553-3647
Micaela,Gregoretti,Želetava,08/02/1951,Czech Republic,mgregorettibs@noaa.gov,321-871-0142
Gillian,Shillum,,,,gshillumbt@google.com.hk,
Micheal,Merrin,Nalsian Norte,04/30/1953,Philippines,mmerrinbu@artisteer.com,188-496-6997
Natale,Grimshaw,Al Ḩaffah,05/05/1971,Syria,ngrimshawbv@guardian.co.uk,570-513-6318
Madison,Kindread,Bemposta,05/29/1951,Portugal,mkindreadbw@cnet.com,409-394-0305
Gayler,Lantiff,Turgenevo,11/12/1997,Russia,glantiffbx@loc.gov,996-461-5336
Zenia,Marshall,Malko Tŭrnovo,01/12/1960,Bulgaria,zmarshallby@reference.com,568-816-2648
Hildy,Ivachyov,Kurkino,03/09/1997,Russia,hivachyovbz@unicef.org,454-978-0295
Loleta,Paule,Zarichne,12/27/1968,Ukraine,lpaulec0@issuu.com,712-681-9518
Graehme,Ace,Ambatondrazaka,07/22/1953,Madagascar,gacec1@cocolog-nifty.com,695-983-7409
Aleta,Chittenden,Kozakai-chō,07/12/1962,Japan,achittendenc2@squarespace.com,604-536-3529
Tucky,Ranaghan,Algés,05/10/1991,Portugal,,212-377-4592
Brier,Gurrado,Chengnan,04/06/1964,China,,131-764-5756
Archy,Karus,Dzerzhinsk,10/20/1971,Russia,,401-359-4286
Justinn,Laurentin,Mulchén,09/28/1991,Chile,jlaurentinc6@usgs.gov,224-644-2326
Pooh,Lehrer,Taoyuan,05/05/1977,China,plehrerc7@howstuffworks.com,909-365-9273
Torrance,Lutty,Loughrea,10/18/1955,Ireland,tluttyc8@uiuc.edu,653-919-4608
Coralyn,Hefner,São Cristóvão,03/22/1952,Brazil,chefnerc9@psu.edu,790-537-0611
Merry,Sherel,Marabahan,05/12/1987,Indonesia,msherelca@nhs.uk,255-579-4128
Sherlock,Eul,Privas,10/12/1992,France,seulcb@microsoft.com,572-535-8596
Kizzee,Atlee,Cauday,03/29/1994,Peru,katleecc@tinypic.com,159-322-1282
Phineas,Kirkebye,,,,pkirkebyecd@toplist.cz,
Cyndia,Teissier,Challhuahuacho,04/07/1972,Peru,cteissierce@sphinn.com,748-727-2437
Allx,Adie,Al Qurḩ,10/26/1977,Yemen,aadiecf@usa.gov,416-981-7176
Wait,Sisselot,Conel,10/05/1973,Philippines,wsisselotcg@dailymotion.com,933-207-7887
Irma,Gordon,Kertosari,04/03/1997,Indonesia,igordonch@instagram.com,104-816-7900
Riccardo,Zannotti,Köln,07/13/1983,Germany,,997-876-6217
Bridgette,Wolfart,Marabahan,09/19/1989,Indonesia,bwolfartcj@hhs.gov,971-559-8544
Mae,Clewer,Naikoten Dua,01/23/1989,Indonesia,mclewerck@odnoklassniki.ru,677-980-3101
Anica,Pratley,Eloy Alfaro,10/02/1995,Ecuador,apratleycl@de.vu,513-802-1887
Lil,Bragginton,Santa Rosa,04/13/1967,Peru,lbraggintoncm@vistaprint.com,640-490-9044
Blanca,Tayloe,Isulan,08/04/1958,Philippines,btayloecn@phpbb.com,610-564-3214
Aila,Boule,Jiaoyang,04/06/1973,China,abouleco@eventbrite.com,324-291-7491
Candida,Snoad,Fukuchiyama,09/30/1995,Japan,csnoadcp@spotify.com,145-852-6145
Helene,Inston,Jrashen,12/07/1973,Armenia,,548-746-7703
Alford,Bruineman,Bangolo,08/10/1964,Ivory Coast,abruinemancr@theglobeandmail.com,241-364-7941
Peri,Dreye,Ojos de Agua,10/25/1966,Honduras,pdreyecs@yahoo.co.jp,297-552-4924
Yorgos,Giuron,Khirdalan,06/08/1958,Azerbaijan,ygiuronct@zdnet.com,602-364-5628
Bertie,Djurdjevic,Caen,12/11/1988,France,bdjurdjeviccu@vkontakte.ru,632-299-1513
Vito,Hasney,Nagornyy,11/26/1999,Russia,vhasneycv@tumblr.com,751-229-5223
Danni,Gemnett,Kuala Terengganu,11/02/1955,Malaysia,dgemnettcw@ca.gov,760-910-1989
Marlee,Yurkiewicz,Lugang,04/30/1995,China,myurkiewiczcx@taobao.com,109-280-4278
Kippie,Olrenshaw,Ararat,07/10/1961,Armenia,kolrenshawcy@dell.com,791-343-8948
Darbie,Yankin,Persen,02/22/1997,Indonesia,dyankincz@soundcloud.com,316-479-6788
Den,Danieli,Sitampiky,07/10/1993,Madagascar,ddanielid0@bloglines.com,186-669-5316
Jane,Whitby,Grevená,01/19/1978,Greece,jwhitbyd1@unicef.org,548-617-6134
Deana,Jeandin,Arroio Grande,11/03/1964,Brazil,djeandind2@moonfruit.com,171-698-4292
Dulci,Ellaway,Mora,10/28/1972,Sweden,dellawayd3@unc.edu,435-443-4861
Moselle,Trassler,Svay Rieng,12/12/1961,Cambodia,,318-360-6955
Stafford,Lacotte,Lutou,12/19/1950,China,slacotted5@webmd.com,612-386-2082
Sigfried,McLeoid,Ziyang,02/06/1989,China,,342-759-2037
Raine,Preddle,Kamubheka,04/24/1950,Indonesia,rpreddled7@howstuffworks.com,367-919-4815
Almeria,Reeder,Kimje,03/03/1982,South Korea,areederd8@usatoday.com,868-568-3135
Kevan,Papaminas,Ban Fang,06/29/1998,Thailand,kpapaminasd9@wikimedia.org,271-445-6427
Pavia,Filisov,Bagé,05/14/1962,Brazil,pfilisovda@ezinearticles.com,599-557-2241
Dario,Hamblington,Ganjiachang,11/03/1986,China,dhamblingtondb@odnoklassniki.ru,205-235-6779
Armin,Monelle,Bayḩān,12/08/1995,Yemen,amonelledc@soundcloud.com,660-594-4480
Poul,MacDiarmid,Markivka,12/15/1971,Ukraine,,577-536-1861
Redford,Waller,Amadeo,06/23/1990,Philippines,rwallerde@weebly.com,440-122-7207
Hoyt,Purser,Anuradhapura,07/24/1998,Sri Lanka,hpurserdf@google.co.jp,263-241-7547
Cindelyn,Pendleberry,Kuvshinovo,10/31/1951,Russia,cpendleberrydg@prlog.org,255-239-6858
Melanie,Sparwell,Baranovichi,08/22/1975,Belarus,msparwelldh@unesco.org,982-935-7672
Tandy,Clarridge,Xindian,08/25/1998,China,tclarridgedi@yahoo.co.jp,498-179-8420
Kayla,Gibberd,Atolina,11/29/1991,Belarus,kgibberddj@walmart.com,879-246-4536
Nickey,MacKerley,Balayang,06/07/1985,Philippines,nmackerleydk@chicagotribune.com,231-550-1280
Aleen,Fuente,Hongde,01/01/1984,China,afuentedl@toplist.cz,690-212-1951
Barnett,Rodman,Xinning,11/21/1984,China,brodmandm@zimbio.com,196-449-6813
Ronalda,Jirieck,Weishui,06/28/1977,China,rjirieckdn@theguardian.com,435-545-4279
Marleen,Shelvey,Lipnica Wielka,06/06/1986,Poland,mshelveydo@oracle.com,727-495-5903
Manya,Antonacci,Birni N Konni,11/01/1991,Niger,,464-798-2988
Dorothee,Hankard,Souto,05/11/1963,Portugal,dhankarddq@skype.com,418-314-7691
Bridget,Almack,Canaman,06/06/1997,Philippines,balmackdr@google.ca,527-592-3976
Dante,Blackler,Vista Hermosa,11/03/1971,Mexico,dblacklerds@globo.com,385-664-3871
Tabor,McDougle,Njurunda,05/23/1954,Sweden,tmcdougledt@cdbaby.com,764-468-6327
Savina,Tonks,Lokatadho,09/25/1982,Indonesia,stonksdu@scribd.com,419-751-5806
Val,Pawlyn,Yolöten,12/16/1957,Turkmenistan,vpawlyndv@aboutads.info,510-619-5758
Jana,Takis,Razan,10/24/1965,Iran,jtakisdw@spiegel.de,442-901-0484
Branden,Fairburne,Xinan,08/24/1975,China,,167-109-1510
April,Larrat,Donomulyo,03/25/1985,Indonesia,alarratdy@nature.com,394-895-4008
Torin,Emma,Nanyaojie,05/06/1952,China,temmadz@php.net,449-989-9098
Dareen,Deares,Värnamo,04/10/1994,Sweden,ddearese0@wikia.com,187-517-1001
Aldis,Spurr,Nanxiang,12/10/1957,China,aspurre1@lycos.com,523-652-0985
Hyacinthia,Coulthurst,Ursus,10/30/1975,Poland,hcoulthurste2@addtoany.com,289-882-4182
Corrinne,Jury,Shangjiangxu,09/08/1972,China,cjurye3@tmall.com,537-164-6806
Alyssa,Keyson,Isulan,04/30/1980,Philippines,akeysone4@sciencedaily.com,648-860-0180
Jolee,Ivashechkin,Sapadun,08/18/1953,Philippines,jivashechkine5@e-recht24.de,122-646-4768
Sonnnie,Langeren,Domont,10/22/1963,France,slangerene6@nba.com,164-555-4920
Milo,Errington,Panaoti,05/06/1957,Nepal,merringtone7@jimdo.com,627-566-7062
Taite,Lelievre,Pułtusk,06/03/1982,Poland,tlelievree8@craigslist.org,230-663-3402
Fayette,Jacombs,Ugep,02/27/1994,Nigeria,fjacombse9@friendfeed.com,331-868-4704
Alis,Baunton,Lewograran,11/28/1983,Indonesia,abauntonea@freewebs.com,431-805-7428
Zaneta,Dellenty,San Antonio,10/02/1963,United States,zdellentyeb@msn.com,210-675-1908
Morgan,Robiot,Jasaan,08/07/1997,Philippines,,129-366-7615
Neile,Howlings,Vitanje,04/25/1964,Slovenia,nhowlingsed@salon.com,947-758-5635
Cly,Attride,Cabalaoangan,08/13/1972,Philippines,cattrideee@nba.com,432-729-4300
Bryana,Newson,Sumqayıt,02/20/1973,Azerbaijan,,124-402-1136
Juliette,Twidale,Yuty,02/14/1955,Paraguay,,180-445-5509
Ricardo,Cornelissen,Concordia,08/03/1982,Argentina,rcornelisseneh@goo.gl,860-874-1473
Margarita,Locarno,Santo Niño,08/05/1978,Philippines,mlocarnoei@slashdot.org,645-726-6425
Christophorus,More,Sobreira,06/14/1959,Portugal,cmoreej@businesswire.com,166-776-8334
Babbie,Leece,Kon Tum,04/03/1981,Vietnam,bleeceek@smh.com.au,711-979-4281
Clark,Crehan,Manacsac,03/11/1988,Philippines,ccrehanel@live.com,321-541-7233
Avis,Lamberteschi,Laoag,01/29/1976,Philippines,alamberteschiem@ibm.com,840-785-0450
Ignacius,Lipscombe,Thongwa,03/01/1979,Myanmar,ilipscombeen@nbcnews.com,330-972-4221
Basilius,Dulwich,Businovo,06/03/1975,Russia,bdulwicheo@wired.com,330-627-4409
Brendis,Argile,Hacıhüseynli,07/17/1989,Azerbaijan,bargileep@technorati.com,832-554-7079
Stacee,Eim,Puerto Iguazú,05/07/1995,Argentina,seimeq@oaic.gov.au,414-176-4529
Ginni,Beldham,,,,gbeldhamer@vistaprint.com,
Vachel,McGairl,Bandarbeyla,04/09/1952,Somalia,vmcgairles@utexas.edu,395-689-1176
Pammie,Mordey,Votkinsk,07/14/1985,Russia,pmordeyet@usnews.com,670-794-7286
Mark,Chiene,Xialiao,06/14/1977,China,mchieneeu@nyu.edu,752-902-6439
Hannis,Gurery,Thị Trấn Phú Mỹ,07/26/1999,Vietnam,hgureryev@indiatimes.com,809-847-3825
Kelsey,Alwood,Paraíso,12/16/1960,Panama,kalwoodew@youtube.com,711-254-4229
Faun,Bartens,Syców,07/18/1973,Poland,fbartensex@facebook.com,203-352-9465
Kayley,Sedgman,Faraulep,10/14/1992,Micronesia,ksedgmaney@list-manage.com,549-689-4811
Chane,Nealon,Tankhoy,02/03/1966,Russia,cnealonez@army.mil,636-491-8324
Talyah,Kidston,Wonorejo,01/24/1994,Indonesia,tkidstonf0@forbes.com,429-747-4408
Mano,Trevers,Tours,07/23/1971,France,mtreversf1@plala.or.jp,702-518-0270
Isabel,Phizackerly,Wichit,02/14/1965,Thailand,iphizackerlyf2@dagondesign.com,267-768-5427
Gage,Pordal,Tsant,05/27/1967,Mongolia,gpordalf3@apple.com,989-817-7569
Bax,Pawnsford,Ampatuan,08/22/1987,Philippines,bpawnsfordf4@google.com.au,971-194-2940
Alleyn,Keddle,Qionghu,01/16/1967,China,,512-883-2036
Denny,Oldcroft,Anchau,06/14/1961,Nigeria,doldcroftf6@ebay.com,379-123-5918
Bren,Doberer,Krathum Baen,07/31/1976,Thailand,bdobererf7@scribd.com,301-498-2453
Sandra,Saiz,Al Mughayyir,10/16/1997,Palestinian Territory,ssaizf8@hibu.com,318-505-2924
Pearline,Fetteplace,Karlstad,05/09/1980,Sweden,pfetteplacef9@skype.com,766-897-1207
Katerine,Preator,Aksu,02/11/1952,Kazakhstan,kpreatorfa@cpanel.net,255-715-6368
Nikki,Baggally,Vinež,08/30/1979,Croatia,nbaggallyfb@wikipedia.org,467-192-9769
Ninetta,Ybarra,Fuding,12/29/1951,China,,981-536-7057
Hart,McGrae,Paloh,04/09/1956,Indonesia,hmcgraefd@cam.ac.uk,508-349-3523
Julie,Hurlestone,Pulong Sampalok,08/18/1982,Philippines,jhurlestonefe@army.mil,375-712-3591
Brittany,Bew,,,,,
Federico,Lecky,Gandajika,05/31/1987,Democratic Republic of the Congo,fleckyfg@fda.gov,331-244-7523
Lira,Neles,Yushan,10/08/1951,China,lnelesfh@bloglines.com,565-633-8759
Shannen,Castanos,Mozhaysk,04/12/1953,Russia,scastanosfi@elegantthemes.com,264-638-6011
Cindelyn,Heinert,Göteborg,12/10/1999,Sweden,cheinertfj@weibo.com,892-724-7770
Lucas,Doughartie,Chapultepec,05/05/1982,Mexico,ldoughartiefk@ask.com,571-583-3173
Addison,Iorns,Pudong,11/19/1960,China,aiornsfl@opera.com,346-826-4624
Jamal,Geke,Bordeaux,10/06/1955,France,jgekefm@mediafire.com,939-245-3357
Mitchel,Wannan,Littleton,03/22/1954,United States,,303-494-0131
Burgess,Wimbridge,Ohafia-Ifigh,07/07/1989,Nigeria,,702-707-0804
Harriot,Emlin,Zyuzino,04/27/1991,Russia,,306-544-0083
Rriocard,Zolini,Pasirbitung,03/20/1977,Indonesia,rzolinifq@yellowpages.com,747-939-9768
Chrisse,Torr,Hacıhüseynli,11/06/1983,Azerbaijan,ctorrfr@pen.io,281-259-3229
Caryl,McVitty,,,,cmcvittyfs@epa.gov,
Boigie,Goacher,,,,bgoacherft@tripod.com,
Moses,Gaffer,Tagbina,04/20/1952,Philippines,mgafferfu@dailymotion.com,849-153-3661
Mendel,Joannidi,Dukuh Kaler,07/04/1992,Indonesia,mjoannidifv@oaic.gov.au,868-374-4218
Storm,Lillegard,Pocohuanca,12/28/1998,Peru,slillegardfw@businesswire.com,336-961-5524
Fiona,Van Schafflaer,Tha Tako,11/10/1958,Thailand,fvanschafflaerfx@mtv.com,163-329-2752
Fredi,Claibourn,Tembilahan,02/10/1967,Indonesia,fclaibournfy@usda.gov,448-299-6671
Klarrisa,Chicco,Taquile,08/06/1972,Peru,kchiccofz@blogspot.com,466-818-7773
Benni,Guise,Valparaíso,05/10/1965,Brazil,,443-842-3498
Halsey,Warcop,Nandu,03/19/1999,China,hwarcopg1@edublogs.org,135-778-0427
Emily,Shearer,,,,,
Alfi,Beaulieu,Puunage,04/02/1981,Indonesia,abeaulieug3@newyorker.com,676-829-1299
Shelba,Mungham,Koani Ndogo,07/06/1989,Tanzania,,535-812-6952
Cortney,Land,Dayr Abū Ḑa‘īf,09/12/1999,Palestinian Territory,clandg5@creativecommons.org,691-381-5115
Arman,Robard,Bungoma,09/01/1967,Kenya,arobardg6@bravesites.com,498-737-6847
Bernarr,Tolchard,Tenja,10/16/1962,Croatia,btolchardg7@elpais.com,204-761-5936
Lennie,McSkin,Sydney,04/10/1995,Australia,,206-857-0684
Corenda,Buney,Jialu,10/04/1986,China,cbuneyg9@google.nl,854-411-0436
Herculie,McCory,Uryupinsk,03/28/1982,Russia,hmccoryga@google.ru,822-464-3854
Aida,Bilovsky,Sim,04/11/1987,Russia,abilovskygb@phoca.cz,891-701-3483
Denny,Charrington,Novouzensk,02/28/1978,Russia,dcharringtongc@bloglovin.com,596-945-0407
Chanda,Spight,Dakoro,07/26/1959,Niger,cspightgd@dagondesign.com,416-398-9569
Annalee,Oakden,Dostoyevka,09/14/1956,Russia,aoakdenge@businessweek.com,362-259-9624
Sam,Pinwell,Virovitica,02/13/1986,Croatia,,578-952-0020
Audre,Luckwell,Chengnan,03/22/1991,China,,466-645-5152
Noami,McCroary,Slutsk,02/29/1992,Belarus,nmccroarygh@opensource.org,840-955-1631
Val,Pape,,,,vpapegi@pinterest.com,
Durward,Dishman,Pangkungparuk,08/28/1958,Indonesia,ddishmangj@google.de,185-108-7986
Lauraine,Jimpson,Le Mans,12/06/1991,France,ljimpsongk@ow.ly,377-503-9941
Yolanthe,O'Bradden,Kotabumi,01/07/1960,Indonesia,,156-428-6289
Meridith,Orrell,Los Angeles,12/16/1966,United States,morrellgm@woothemes.com,323-611-5098
Marja,Gateshill,Elista,09/13/1984,Russia,mgateshillgn@pen.io,573-951-1087
Lynett,Handslip,Tsurib,02/06/1977,Russia,,195-160-5083
Lionel,Al Hirsi,Alakak,06/28/1964,China,lalhirsigp@earthlink.net,674-985-3606
Cori,Roches,Deep River,12/20/1975,Canada,crochesgq@blinklist.com,905-247-3350
Dalila,Oulet,Shiroi,04/30/1985,Japan,douletgr@unc.edu,560-667-9661
Kendell,Pylkynyton,Jiangpu,02/12/1992,China,kpylkynytongs@so-net.ne.jp,742-114-4489
Lyndell,Mularkey,Pico Truncado,09/29/1974,Argentina,lmularkeygt@livejournal.com,414-728-4992
Julian,Cicchetto,Gur’yevsk,06/15/1988,Russia,jcicchettogu@blogs.com,293-116-7236
Darice,Grouse,Xike,03/02/1975,China,,270-896-6168
Sharona,Iremonger,Pochayiv,01/05/1977,Ukraine,siremongergw@disqus.com,592-552-2873
Gweneth,Folkerts,,,,gfolkertsgx@blog.com,
Philippe,Edward,Zall-Dardhë,04/07/1995,Albania,pedwardgy@webeden.co.uk,208-217-5397
Dorothy,Everil,Kaduy,05/31/1984,Russia,deverilgz@illinois.edu,749-608-4071
Andras,Ruske,Sabon Gari-Nangere,06/04/1959,Nigeria,aruskeh0@ucoz.ru,954-266-2440
Garvin,Kornilov,Sapataria,07/08/1988,Portugal,gkornilovh1@bandcamp.com,341-219-3801
Wesley,Whitehorne,Xincheng Chengguanzhen,06/28/1985,China,wwhitehorneh2@theguardian.com,305-572-1391
Merissa,De Bruijn,,,,mdebruijnh3@imdb.com,
Jule,Grayshan,Dame-Marie,11/11/1989,Haiti,jgrayshanh4@seesaa.net,397-144-5209
Zsa zsa,Aymes,Yukuhashi,02/12/1961,Japan,zaymesh5@privacy.gov.au,505-721-8794
Mariette,Roaf,Зуунмод,10/16/1975,Mongolia,mroafh6@mozilla.org,979-245-6691
Dorris,Scrivens,Kornyn,11/23/1950,Ukraine,,634-864-8771
Nelly,Bermingham,Videira,05/18/1991,Brazil,nberminghamh8@shareasale.com,601-988-7382
Cindee,Goncalo,Chamouny,03/04/1970,Mauritius,cgoncaloh9@vimeo.com,939-531-1396
Lauralee,Klimashevich,Yanzhou,05/13/1984,China,lklimashevichha@vistaprint.com,563-620-5387
Cinderella,Firmin,Marcos Juárez,05/13/1998,Argentina,cfirminhb@amazonaws.com,631-469-7403
Sandro,McKane,Aki,11/17/1970,Japan,,323-279-6563
Caddric,Iacobacci,,,,,
Maje,Thrift,Victoria,05/28/1983,El Salvador,mthrifthe@google.pl,123-312-5611
Alidia,Bahike,Dongkeng,05/25/1997,China,abahikehf@wikimedia.org,516-373-2970
Bill,Roseaman,Sosnovka,04/25/1968,Russia,broseamanhg@exblog.jp,636-810-4049
Merrily,Sommerlie,Aldeia,12/27/1987,Portugal,msommerliehh@hc360.com,327-947-6905
Merill,Colclough,Trongsa,09/12/1978,Bhutan,mcolcloughhi@furl.net,718-326-5424
Roda,Reolfo,Jetafe,10/06/1999,Philippines,rreolfohj@earthlink.net,406-219-3586
Ramona,Laval,Bulri,08/11/1978,Pakistan,rlavalhk@ycombinator.com,224-584-9636
Arnuad,Habben,Walenrang,05/30/1972,Indonesia,ahabbenhl@squarespace.com,661-924-8924
Fabio,Popescu,Dajie,06/08/1980,China,fpopescuhm@pen.io,545-537-1049
Bethanne,Tuck,Porsgrunn,06/20/1978,Norway,btuckhn@admin.ch,976-535-3383
Ogden,Blencowe,Panalanoy,12/24/1978,Philippines,oblencoweho@hc360.com,666-700-3960
Kala,Litzmann,Zhuanshui,09/06/1950,China,,126-330-0560
Wilton,Purry,Madison,06/11/1973,United States,wpurryhq@imdb.com,608-707-4843
Caroline,Frostdick,Gorshechnoye,03/06/1984,Russia,cfrostdickhr@virginia.edu,234-794-2481
Eydie,Elt,Wunat,09/19/1994,Indonesia,,226-417-3958
Malorie,Devereux,Wanjia,03/21/1986,China,mdevereuxht@forbes.com,862-420-5877
Kelsi,Lupson,Uga,03/04/1986,Nigeria,klupsonhu@deviantart.com,372-427-8677
Cassaundra,Jeynes,Stavanger,12/25/1992,Norway,cjeyneshv@theglobeandmail.com,674-413-5580
Constantine,Gann,,,,cgannhw@netlog.com,
Bernete,MacCardle,Taksimo,04/10/1998,Russia,,174-132-7422
Nissa,Kirgan,Concepción de La Vega,06/03/1966,Dominican Republic,nkirganhy@tripadvisor.com,452-791-9363
Claudina,Juszczak,Leuwibuleud,01/15/1978,Indonesia,cjuszczakhz@tumblr.com,892-219-1773
Kessiah,Brunroth,,,,kbrunrothi0@omniture.com,
Todd,Drewes,An Nāşirah,03/07/1981,Syria,tdrewesi1@devhub.com,905-208-4629
Stavros,Hughf,San Miguel,09/07/1996,Philippines,,751-511-8944
Lynnea,Bonehill,Cikuda,08/16/1953,Indonesia,lbonehilli3@symantec.com,103-926-8950
Aurore,Parmley,Ōi,01/08/1997,Japan,,716-258-8619
Channa,Toovey,Guan’e,02/03/1959,China,,543-222-1755
Israel,Cantrill,Haizhouwobao,06/26/1990,China,icantrilli6@weebly.com,354-870-6250
Elmore,Casacchia,Cardal,09/25/1998,Portugal,,906-170-4390
Ag,Corgenvin,Perpignan,02/24/1995,France,,456-532-2299
Carlos,Rollason,Nazaré,08/31/1996,Portugal,crollasoni9@google.de,826-755-1224
Zandra,Stirzaker,Qobustan,06/14/1987,Azerbaijan,zstirzakeria@si.edu,189-138-5242
Kerr,Leachman,Angkup,08/05/1992,Indonesia,kleachmanib@sina.com.cn,731-772-6782
Raffarty,Wheelhouse,Menanga,07/23/1977,Indonesia,rwheelhouseic@delicious.com,585-636-4516
Coleman,Brouard,Zhanbei,09/12/1972,China,cbrouardid@xrea.com,248-778-2844
Concordia,Verrico,Duran,02/22/1951,Philippines,,868-488-6069
Rodolph,Giacobo,Iowa City,06/22/1966,United States,rgiacoboif@samsung.com,319-710-0908
Geoff,Curro,,,,gcurroig@microsoft.com,
Yelena,Bourne,Usevia,08/12/1980,Tanzania,ybourneih@vistaprint.com,478-827-0674
Rhiamon,Beetham,,,,rbeethamii@cnbc.com,
Kelcey,Whinray,Anserma,08/03/1953,Colombia,,179-797-8323
Katherina,Scallan,Del Campillo,11/07/1971,Argentina,kscallanik@kickstarter.com,734-387-2608
Sherman,Armall,,,,sarmallil@storify.com,
Bee,Kelinge,Ciekek,01/10/1955,Indonesia,bkelingeim@harvard.edu,779-884-9076
Hadria,Bellocht,Enskededalen,05/29/1992,Sweden,hbellochtin@zimbio.com,499-195-5836
Viki,Gooley,Lobos,08/06/1973,Argentina,vgooleyio@npr.org,991-121-9766
Otes,Carillo,Falköping,08/02/1988,Sweden,ocarilloip@canalblog.com,955-902-6060
Henry,Blind,Tagta,10/31/1988,Turkmenistan,,672-881-5727
Clayson,Saxton,Cikiruh Wetan,12/26/1954,Indonesia,,557-581-1809
Georgine,Evetts,Denver,09/16/1981,United States,gevettsis@exblog.jp,303-537-1800
Margaret,Reinert,Maae,07/19/1994,Indonesia,mreinertit@google.cn,406-172-5595
Eric,Sauniere,Göteborg,07/17/1962,Sweden,esauniereiu@microsoft.com,897-441-6753
Reeba,Linnell,Saatlı,10/18/1960,Azerbaijan,,600-666-3183
Iggy,Mathers,Sélibabi,08/19/1968,Mauritania,,103-919-3022
Julian,Leeb,Ervedosa do Douro,01/26/1953,Portugal,jleebix@xing.com,917-315-3776
Mervin,Cussons,Touba,06/14/1965,Ivory Coast,mcussonsiy@typepad.com,501-275-2837
Kacie,Goldston,Ulcinj,12/01/1993,Montenegro,kgoldstoniz@slate.com,442-701-7752
Maiga,McIntosh,Larache,08/16/1993,Morocco,mmcintoshj0@omniture.com,416-764-4705
Melitta,Screaton,Yŏnmu,12/07/1994,South Korea,mscreatonj1@wikimedia.org,530-166-5190
Wenda,Guirau,Pianling,04/28/1972,China,wguirauj2@clickbank.net,904-921-7100
Tam,Foord,,,,tfoordj3@globo.com,
Celinda,Deakes,Falun,12/24/1954,Sweden,cdeakesj4@scribd.com,475-803-4576
Starr,Aleveque,Sarkanjut,10/02/1972,Indonesia,salevequej5@gravatar.com,122-213-6092
Murvyn,Woodings,Bertelhe,06/18/1956,Portugal,mwoodingsj6@census.gov,546-662-0459
Issi,Perrat,Cedynia,12/19/1985,Poland,iperratj7@about.com,428-753-6590
Timmie,Aires,Mulyoagung,05/09/1990,Indonesia,tairesj8@smugmug.com,165-724-8321
Tori,Gilvear,Kuching,04/26/1981,Malaysia,tgilvearj9@live.com,555-657-8866
Juliette,de Villier,Xiongbei,12/20/1999,China,jdevillierja@fastcompany.com,764-433-7771
Hayes,Buchett,Yingkeng,10/03/1992,China,hbuchettjb@quantcast.com,446-390-2545
Britte,Iseton,Ash Shafā,06/18/1975,Saudi Arabia,bisetonjc@sakura.ne.jp,394-389-0639
Beth,Wheater,Carcassonne,06/05/1983,France,,739-248-8344
Eda,Brownstein,Södertälje,11/04/1994,Sweden,ebrownsteinje@dion.ne.jp,115-826-2042
Arden,Darley,Bagong Barrio,05/08/1972,Philippines,adarleyjf@netlog.com,654-922-6000
Tristam,Wittey,Osorno,06/19/1956,Chile,,449-570-2785
Leonanie,Walby,Osogbo,01/16/1988,Nigeria,lwalbyjh@over-blog.com,601-140-4025
Kory,Enrietto,Abovyan,11/16/1978,Armenia,kenriettoji@feedburner.com,139-472-8830
Goddard,Jamary,Esmeraldas,06/17/1983,Brazil,gjamaryjj@nymag.com,891-907-0595
Clarence,Guerin,Marićka,04/19/1972,Bosnia and Herzegovina,,494-641-3891
Waverly,Clarke,Anfusi,02/07/1969,China,wclarkejl@bing.com,889-505-7999
Krissy,Giacobazzi,San Esteban,12/22/1989,Honduras,kgiacobazzijm@pbs.org,531-442-2024
Beth,Swanton,Dorp Tera Kora,07/04/1973,"Bonaire, Saint Eustatius and Saba ",bswantonjn@cbc.ca,187-818-7507
Cloris,Bette,Sembakung,02/03/1953,Indonesia,,372-965-7138
Stafford,Joannet,Polo,02/06/1977,Philippines,sjoannetjp@dion.ne.jp,218-889-5205
Hinda,Galbraith,Sukasari,05/28/1986,Indonesia,hgalbraithjq@vinaora.com,959-281-7909
Milka,Grunwall,Huanglin,04/04/1985,China,mgrunwalljr@weebly.com,496-728-6443
Lucina,Abthorpe,Injīl,05/01/1988,Afghanistan,labthorpejs@answers.com,514-313-2600
Angelika,Eagling,Guaratuba,08/15/1961,Brazil,aeaglingjt@ezinearticles.com,364-902-2381
Amalie,Favelle,Ma’an,09/01/1991,China,afavelleju@sciencedaily.com,275-619-2753
Nananne,Rechert,Laško,08/31/1980,Slovenia,nrechertjv@shop-pro.jp,267-205-9970
Edita,Pursehouse,General Arenales,07/03/1973,Argentina,epursehousejw@godaddy.com,927-441-7822
Pasquale,Brazur,Adani,12/27/1964,Nigeria,,585-986-8370
Colly,Dunkinson,Malibong East,01/31/1992,Philippines,cdunkinsonjy@taobao.com,629-627-5992
Erich,Highton,,,,ehightonjz@hud.gov,
Rey,Eggleson,Wufeng,07/08/1956,China,regglesonk0@chicagotribune.com,450-119-6864
Aleen,MacRannell,Shixi,02/24/1972,China,amacrannellk1@wiley.com,964-937-4899
Selie,Mouncey,,,,smounceyk2@ucoz.com,
Cynthie,Morby,Paris La Défense,05/03/1985,France,cmorbyk3@ucoz.ru,722-669-6168
Rhys,Rodgers,Kupu,07/04/1961,China,rrodgersk4@360.cn,953-968-9469
Ingrim,Pepperd,,,,,
Mart,Flanagan,Taytayan,03/25/1951,Philippines,mflanagank6@sohu.com,983-792-6237
Nadine,L'Hommeau,,,,nlhommeauk7@google.co.jp,
Maddie,Morant,Stockholm,10/02/1995,Sweden,mmorantk8@wordpress.com,472-864-0787
Moshe,Thunder,Pingshan,07/06/1978,China,,955-202-5726
Zacharia,Barca,Sangpi,10/13/1975,China,zbarcaka@marketwatch.com,539-918-8224
Hoebart,Skitt,Sofia,10/06/1970,Bulgaria,hskittkb@columbia.edu,821-235-2856
Dyane,Saye,Liutan,11/01/1999,China,dsayekc@webmd.com,186-358-1693
Laetitia,Lydster,Bagnolet,08/02/1957,France,llydsterkd@pcworld.com,552-403-7922
Ephraim,Maly,Setanggor,07/04/1954,Indonesia,emalyke@ehow.com,312-795-8593
Delilah,Hexam,São Paulo de Olivença,09/19/1985,Brazil,dhexamkf@nationalgeographic.com,435-359-3651
Meier,McBean,Orong,12/24/1973,Indonesia,mmcbeankg@flavors.me,129-952-5382
Rafaellle,Cory,Fengyang Fuchengzhen,06/27/1959,China,rcorykh@yellowpages.com,720-963-8714
Weylin,Alner,Shaoyang,03/31/1953,China,walnerki@cocolog-nifty.com,622-376-2167
Merwin,Itzcovich,Baní,06/07/1961,Dominican Republic,mitzcovichkj@indiegogo.com,811-235-4064
Barbabas,Espinos,Iksan,01/23/1971,South Korea,bespinoskk@altervista.org,221-472-3477
Adan,Bickley,Surenavan,09/10/1995,Armenia,abickleykl@google.it,702-893-1894
Wood,Ausher,Aryiropoúlion,12/23/1955,Greece,wausherkm@independent.co.uk,246-613-0613
Conn,Campanelle,Święciechowa,03/30/1978,Poland,ccampanellekn@virginia.edu,393-478-3290
Penelopa,Echallie,Livadiya,10/07/1962,Ukraine,pechallieko@amazon.co.uk,712-871-5818
Boyce,Jorn,Islāmkot,03/20/1954,Pakistan,bjornkp@marriott.com,771-532-7359
Dee,Sennett,Zlatoust,05/26/1951,Russia,dsennettkq@forbes.com,609-499-3491
Weston,Beetham,Banjar Bau Kawan,07/30/1964,Indonesia,,113-408-9966
Vivyanne,Beamond,Daga,05/13/1953,Bhutan,vbeamondks@flickr.com,582-825-8478
Angela,Love,Libiąż,10/14/1962,Poland,alovekt@gravatar.com,415-279-4891
Katey,McQuilkin,Tagbilaran City,02/24/1966,Philippines,,359-757-6272
Kelley,Stollsteimer,Góra,10/09/1955,Poland,kstollsteimerkv@liveinternet.ru,148-343-9145
Derrik,Castelin,Bochov,01/13/1957,Czech Republic,dcastelinkw@apple.com,488-525-7021
Heriberto,Lovelady,,,,,
Jaquenetta,Guise,Saraqinishtë,02/23/1951,Albania,jguiseky@comsenz.com,738-122-9048
Bryanty,Adamowitz,Longcheng,04/21/1954,China,badamowitzkz@exblog.jp,732-708-0392
Samara,Ugolini,Dmanisi,11/23/1981,Georgia,sugolinil0@symantec.com,626-410-3613
Thorstein,Mollison,Guaynabo,06/18/1975,Puerto Rico,tmollisonl1@bluehost.com,632-210-1851
Barbara-anne,Sisse,Majin,01/24/1969,China,,347-569-0612
Cami,Larver,Toguchin,01/21/1999,Russia,clarverl3@hao123.com,621-790-0210
Engracia,Tixall,Kipini,02/06/1993,Kenya,etixalll4@myspace.com,149-729-0630
Shamus,Orton,Sigeng,12/24/1983,China,sortonl5@washingtonpost.com,688-886-1749
Cirstoforo,Halm,Manosque,03/20/1995,France,chalml6@hostgator.com,710-995-5290
Rutger,O'Cannavan,Guanting,10/02/1987,China,,317-272-4913
Minna,Tolman,Paris 09,08/18/1989,France,,669-940-3846
Benetta,Langland,San Diego,04/02/1990,Honduras,,871-123-0354
Redd,Skough,Sułkowice,02/21/1974,Poland,rskoughla@blinklist.com,458-135-0855
Orsa,Scrane,Nanshi,01/09/1995,China,oscranelb@baidu.com,960-684-2171
Denyse,Sallows,Baisha,08/29/1989,China,dsallowslc@apple.com,905-496-7404
Lovell,Feldharker,Kamenica,03/10/1958,Serbia,,862-636-0028
Bale,Tapenden,Марино,12/31/1966,Macedonia,btapendenle@quantcast.com,595-883-4261
Samuele,Baack,Arles,04/12/1995,France,sbaacklf@tmall.com,351-531-4932
Clayborne,Spollen,Kota Kinabalu,08/11/1994,Malaysia,cspollenlg@google.fr,291-151-7095
Free,Petrecz,Druya,11/30/1962,Belarus,fpetreczlh@nydailynews.com,915-971-0503
Fabio,Carmo,Żychlin,06/27/1956,Poland,fcarmoli@webs.com,527-440-7706
Clemmie,Marrows,Benchu,08/11/1963,China,cmarrowslj@who.int,162-146-8602
Angelle,Santori,Tegallega,03/11/1970,Indonesia,,531-592-6900
Dominic,Janton,Padre Bernardo,12/05/1975,Brazil,djantonll@nasa.gov,379-832-7763
Sherwin,Prine,Perez,06/26/1955,Philippines,sprinelm@meetup.com,429-805-0588
Alford,Mangeon,Łazy,08/08/1950,Poland,amangeonln@usnews.com,134-907-7781
Wilburt,Suart,Cerme Kidul,08/21/1979,Indonesia,wsuartlo@un.org,587-957-5897
Heindrick,Micklewicz,Paris La Défense,06/27/1999,France,hmicklewiczlp@xinhuanet.com,476-708-8319
Clara,Agius,Bilyarsk,04/12/1960,Russia,cagiuslq@joomla.org,720-152-0369
Mel,Walkey,Breia,04/02/1966,Portugal,,511-845-9124
Koren,Berrey,Beixiaoying,09/16/1977,China,kberreyls@weather.com,731-762-5309
Gloriane,Petherick,Vostok,03/11/1979,Russia,gpethericklt@samsung.com,934-264-0759
Udall,Broome,Jianjun,06/19/1972,China,ubroomelu@gov.uk,908-934-5300
Farrah,Fearnyhough,Massaranduba,03/13/1962,Brazil,ffearnyhoughlv@meetup.com,906-159-7411
Winnie,Race,Pulo,07/11/1977,Philippines,wracelw@rediff.com,627-875-3013
Field,Bearman,Kudara-Somon,03/21/1972,Russia,,802-454-2458
Devlin,Goshawke,Burūm,06/20/1992,Yemen,dgoshawkely@shop-pro.jp,599-934-7305
Costanza,Charlo,Lawonda,10/18/1952,Indonesia,ccharlolz@smugmug.com,285-667-2691
Fax,Merfin,Al ‘Aqabah,08/07/1987,Yemen,fmerfinm0@nymag.com,428-111-5769
Charley,Nyland,Ketapang,05/05/1971,Indonesia,cnylandm1@examiner.com,357-618-2702
Dusty,Kenrat,Tsuyama,07/26/1993,Japan,dkenratm2@walmart.com,916-330-3241
Adrian,Duerden,Avallon,09/11/1971,France,aduerdenm3@umich.edu,783-910-9910
Mahmoud,Poley,Fraile Pintado,09/03/1959,Argentina,mpoleym4@t.co,263-986-3242
Arnie,Alekhov,Jingzhou,10/07/1978,China,aalekhovm5@alibaba.com,823-140-5100
Jessie,Janoschek,Firenze,10/17/1968,Italy,jjanoschekm6@feedburner.com,396-179-4457
Danell,Gauson,Dengfeng,11/14/1998,China,dgausonm7@i2i.jp,195-964-0991
Bryna,Malzard,Liushun,01/12/1971,China,bmalzardm8@berkeley.edu,812-557-1315
Rogerio,Leschelle,Wang Nam Yen,09/23/1987,Thailand,rleschellem9@ted.com,142-144-7454
Gwendolyn,O'Carney,,,,gocarneyma@youku.com,
Augusta,Meace,Cikandang,02/19/1953,Indonesia,ameacemb@walmart.com,502-122-9438
Eleonore,Leys,Pitanga,05/10/1974,Brazil,eleysmc@usda.gov,978-868-6829
Rickie,Woolland,Nezhinka,06/25/1983,Russia,rwoollandmd@nasa.gov,448-187-1886
Wiatt,Dockery,Liqizhuang,10/31/1971,China,wdockeryme@woothemes.com,328-290-2918
Jeni,Pinyon,Västerås,06/12/1981,Sweden,jpinyonmf@microsoft.com,356-935-4196
Menard,Peasgood,Illela,07/05/1989,Nigeria,mpeasgoodmg@themeforest.net,596-471-5107
Berna,Seeds,Pangawaren,08/02/1970,Indonesia,bseedsmh@indiatimes.com,258-268-0360
Luis,Oglesbee,Dhalie,03/18/1954,Yemen,loglesbeemi@fotki.com,461-816-6781
Janifer,Betz,,,,jbetzmj@epa.gov,
Kippie,Tatterton,Aimin,09/02/1965,China,ktattertonmk@privacy.gov.au,796-599-7804
Myranda,Drinkhall,Arrah,10/10/1959,Ivory Coast,mdrinkhallml@edublogs.org,753-216-7218
Mireielle,Roke,Sidomulyo,08/30/1950,Indonesia,mrokemm@apple.com,222-565-6000
Pavel,Oager,Asquipata,06/14/1968,Peru,,346-602-6169
Phelia,Huortic,Indianapolis,09/06/1956,United States,phuorticmo@ebay.co.uk,317-266-8621
Agace,Ivan,Ust’-Kachka,04/10/1950,Russia,aivanmp@nytimes.com,701-244-4799
Husain,Happert,,,,hhappertmq@51.la,
Willem,Gilliver,Kandhkot,04/25/1981,Pakistan,wgillivermr@topsy.com,267-680-5174
Barnaby,Cricket,Ozamiz City,04/16/1957,Philippines,bcricketms@posterous.com,880-418-8946
Brandice,Reams,Staroderevyankovskaya,11/03/1994,Russia,,380-520-3344
Lemar,McMillam,,,,lmcmillammu@vimeo.com,
Ellsworth,Taberner,Padre Burgos,02/02/1986,Philippines,etabernermv@icio.us,140-688-9005
Scarlett,Mathissen,Kasungu,08/26/1963,Malawi,smathissenmw@wufoo.com,877-787-8180
Vaughan,Ashfull,Ad Dann,03/12/1955,Yemen,vashfullmx@pbs.org,712-403-7709
Tersina,Martonfi,Madīnat Ḩamad,10/09/1952,Bahrain,tmartonfimy@java.com,267-470-3169
Fanya,Fallen,Formosa do Rio Preto,02/04/1965,Brazil,ffallenmz@techcrunch.com,120-253-1855
Binny,Jiruch,Tangjiawan,04/30/1992,China,bjiruchn0@japanpost.jp,236-999-2765
Janessa,Weben,Tarumizu,01/19/1977,Japan,jwebenn1@liveinternet.ru,886-836-4530
Tabina,Dilston,Meishan,05/21/1970,China,tdilstonn2@blogs.com,276-291-2675
Anselma,Cowden,Poříčí nad Sázavou,10/05/1996,Czech Republic,acowdenn3@oracle.com,356-122-2353
Brianna,Gumm,Shiree,03/25/1975,Mongolia,bgummn4@elegantthemes.com,387-152-1769
Antonio,Woodford,Salanegara,08/18/1957,Indonesia,awoodfordn5@spotify.com,617-913-1169
Bryn,Scurr,Wojciechów,12/27/1959,Poland,bscurrn6@printfriendly.com,140-860-2643
Nickey,Bourges,Tarxien,07/17/1982,Malta,nbourgesn7@sfgate.com,999-859-9174
Traci,Pavic,Louisville,01/20/1981,United States,tpavicn8@utexas.edu,502-536-9247
Torrence,Rameau,Bakersfield,01/18/1983,United States,trameaun9@devhub.com,661-159-2132
Skippie,Guillerman,Bhalwāl,03/06/1960,Pakistan,sguillermanna@angelfire.com,768-381-6541
Fanni,Roddie,Jakubowice Murowane,10/14/1967,Poland,froddienb@tuttocitta.it,700-701-6445
Peggie,Bencher,Cochabamba,11/03/1969,Peru,pbenchernc@narod.ru,650-720-1586
Garvey,Vassbender,Suicheng,03/01/1978,China,,773-531-3027
Norean,Tink,Chengkan,05/01/1992,China,ntinkne@bluehost.com,143-182-0043
Marco,Walls,Guayaquil,10/27/1956,Ecuador,mwallsnf@auda.org.au,754-915-7519
Rosie,Avrashin,Xumu,03/10/1967,China,ravrashinng@walmart.com,669-723-3686
Bertha,Haisell,Anda,12/21/1984,Philippines,bhaisellnh@businessinsider.com,875-498-8118
Alexandre,Brenstuhl,Hrádek,10/17/1972,Czech Republic,abrenstuhlni@geocities.com,487-938-8469
Donella,Genney,Port Glaud,06/11/1983,Seychelles,,453-655-7851
Addison,Van der Veldt,Sananrejo,08/18/1952,Indonesia,avanderveldtnk@cdbaby.com,564-209-1419
Goldia,Duckinfield,Ferraria,01/05/1966,Portugal,gduckinfieldnl@taobao.com,981-625-0521
Fawne,Rawlcliffe,Kuala Lumpur,02/25/1975,Malaysia,frawlcliffenm@blogs.com,872-292-0077
Gerardo,Southward,,,,gsouthwardnn@dot.gov,
Gates,Drynan,Beausejour,09/05/1964,Canada,,491-859-7308
Kingsly,Piotrkowski,Pulong Gubat,12/29/1951,Philippines,kpiotrkowskinp@dot.gov,795-821-8238
Corey,Sabater,,,,csabaternq@nationalgeographic.com,
Roddy,Stribbling,Povorino,06/26/1982,Russia,rstribblingnr@merriam-webster.com,748-112-5264
Pieter,Fewster,Kisii,04/21/1972,Kenya,pfewsterns@storify.com,688-711-1682
Roarke,Jeves,Longzhouwan,09/07/1991,China,rjevesnt@mapquest.com,507-166-3478
Northrop,Spencook,Hägersten,11/18/1985,Sweden,,717-548-7684
Radcliffe,Delieu,Yaosai,04/17/1950,China,rdelieunv@tripod.com,688-687-2173
Hansiain,Mardee,Beiling,12/07/1956,China,hmardeenw@tripod.com,472-227-6727
King,Manginot,Novyye Gorki,11/26/1962,Russia,kmanginotnx@odnoklassniki.ru,140-104-4727
Evonne,Habron,Antsirabe,03/18/1975,Madagascar,ehabronny@newyorker.com,162-145-8809
Irita,Bricham,Garešnica,09/07/1980,Croatia,ibrichamnz@stanford.edu,781-929-0291
Raoul,Debell,Laiguangying,04/18/1993,China,,188-659-6940
Rhetta,Szimoni,Hulyaypole,07/15/1953,Ukraine,rszimonio1@senate.gov,809-301-1986
Noah,Fairbank,Akademgorodok,02/08/1967,Russia,nfairbanko2@sina.com.cn,675-513-3239
Joly,Wegman,Carumas,10/22/1951,Peru,jwegmano3@hugedomains.com,928-476-8552
Hamlin,Caslett,Langsa,02/14/1970,Indonesia,hcasletto4@jimdo.com,921-315-0514
Jody,Tolworth,Mahendranagar,10/24/1964,Nepal,,922-419-0769
Wilmer,Mohammed,Auch,07/10/1992,France,wmohammedo6@free.fr,360-396-4949
Thea,Hallin,Zhen’an,08/22/1950,China,thallino7@umich.edu,585-364-4896
Charleen,Diem,Rogóźno,12/09/1969,Poland,,760-727-2761
Hayyim,Kepp,Mendeleyevo,11/28/1952,Russia,hkeppo9@google.com.br,739-763-2151
Rheta,Piechnik,Fatou,08/23/1960,China,rpiechnikoa@vinaora.com,847-589-0520
Darcey,Casaccia,Rautalampi,02/09/1973,Finland,dcasacciaob@hubpages.com,300-786-5541
Angeline,Strettle,Kurchaloy,07/04/1954,Russia,astrettleoc@apple.com,347-214-8880
Gisella,McMeyler,Paris 14,12/08/1953,France,gmcmeylerod@imageshack.us,918-590-2882
Manolo,Mea,Maqiu,08/21/1973,China,,762-145-8600
Lianne,O'Fergus,Juršinci,12/08/1961,Slovenia,lofergusof@infoseek.co.jp,696-493-9687
Gray,Chate,Sucha,02/28/1957,Poland,gchateog@icio.us,349-425-1415
Dag,Wedmore.,Zihu,12/06/1954,China,dwedmoreoh@dagondesign.com,284-736-9521
Linet,Danat,Shuangwang,07/29/1977,China,ldanatoi@java.com,751-611-6402
Melania,Awin,Maumbawa,02/10/1966,Indonesia,,915-326-0232
Benson,Cough,Baltimore,07/26/1966,United States,bcoughok@cpanel.net,443-237-1711
Guinna,Phalip,Cahul,03/01/1993,Moldova,,584-723-7446
Jillana,Cuerdall,Kotabaru,10/28/1979,Indonesia,jcuerdallom@bbc.co.uk,564-807-1585
Payton,Thurlow,Keffi,03/22/1988,Nigeria,pthurlowon@vkontakte.ru,766-673-8624
Ber,de Juares,Areia Branca,05/26/1965,Brazil,bdejuaresoo@ehow.com,326-675-7373
Lorette,Fitton,Changsu,03/04/1976,South Korea,lfittonop@unicef.org,616-172-4865
Erin,Rayson,Dos Hermanas,08/10/1956,Spain,eraysonoq@foxnews.com,507-239-9975
Evita,Sonner,Jiangjiazui,09/01/1988,China,esonneror@4shared.com,335-423-6120
Janeen,Dunsmore,Wuqu,07/03/1966,China,jdunsmoreos@nyu.edu,178-204-5519
Leroy,Palek,Litian,07/15/1981,China,lpalekot@parallels.com,405-222-8529
Ewen,Platts,Panggungsari,06/06/1997,Indonesia,eplattsou@craigslist.org,430-883-3103
Sauveur,Neiland,Catayauan,02/14/1987,Philippines,sneilandov@zimbio.com,837-513-4687
Jenda,De Atta,Mamanguape,04/19/1962,Brazil,jdeattaow@mozilla.com,604-977-1570
Ileana,Rich,,,,irichox@wordpress.org,
Tiler,Saunper,Kadugede,12/16/1976,Indonesia,tsaunperoy@imageshack.us,863-864-8662
Shelia,Magwood,Jiaoxie,12/01/1999,China,smagwoodoz@sina.com.cn,192-986-4712
Basilius,Sugden,Olkusz,05/28/1964,Poland,bsugdenp0@google.nl,327-264-8595
Saxon,Yielding,Barrancas,06/24/1976,Colombia,,579-691-5591
Oswell,Baiden,Río Tercero,10/16/1951,Argentina,,307-257-2549
Germain,O'Scandall,Ýdra,04/07/1956,Greece,,413-658-1699
Kory,Scamel,Tulsa,07/07/1977,United States,kscamelp4@ameblo.jp,918-622-2214
Ravid,Cliburn,,,,rcliburnp5@barnesandnoble.com,
Tannie,Kilbey,Hemudu,09/20/1983,China,tkilbeyp6@freewebs.com,923-272-4502
Hesther,Gian,Parigi,08/16/1991,Indonesia,hgianp7@google.co.jp,656-898-9506
Jelene,McCaighey,Quán Hàu,10/09/1967,Vietnam,jmccaigheyp8@cpanel.net,996-309-0273
Suzette,Crosier,Gombe,12/24/1965,Uganda,scrosierp9@wiley.com,527-242-3295
Nikoletta,Dannel,Chuanshan,07/12/1986,China,ndannelpa@state.tx.us,564-901-4798
Jammal,Masurel,La Paz,12/02/1989,Philippines,jmasurelpb@addtoany.com,931-170-9549
Chadwick,Brik,Ban Bueng,06/23/1975,Thailand,cbrikpc@webeden.co.uk,136-839-6158
Shane,Larrington,Dera Bugti,06/20/1992,Pakistan,slarringtonpd@cyberchimps.com,249-810-1494
Tabbatha,Rollings,Tizguine,10/13/1998,Morocco,trollingspe@nasa.gov,414-690-7953
Bronnie,Trask,Nianqiao,03/30/1970,China,btraskpf@shutterfly.com,514-475-4380
Wittie,Borgne,,,,wborgnepg@163.com,
Abigale,Wane,Qingchuan,06/30/1967,China,awaneph@reddit.com,318-817-7162
Karole,Serjeant,,,,kserjeantpi@goo.gl,
Shantee,Dunn,Jinggongqiao,10/15/1958,China,sdunnpj@icio.us,930-575-7674
Brenna,Wheildon,Blažovice,05/31/1987,Czech Republic,bwheildonpk@go.com,933-964-8468
Nels,Morales,Dingtou,06/19/1988,China,nmoralespl@multiply.com,899-808-2673
Loella,Sudron,Haiyanmiao,04/20/1965,China,,630-692-9088
Port,Forrest,Ash Shaykh ‘Uthmān,11/23/1976,Yemen,,990-160-7723
Loleta,Markus,Haocun,08/16/1956,China,lmarkuspo@ihg.com,998-628-9526
Dominique,Creebo,Chengdong,06/10/1979,China,dcreebopp@virginia.edu,842-147-8106
Helena,Maw,,,,hmawpq@youtu.be,
Marita,Alelsandrowicz,Phatthaya,03/16/1985,Thailand,malelsandrowiczpr@mashable.com,825-828-0141
Ara,Upsale,Hongos,08/06/1981,Peru,aupsaleps@amazon.co.jp,293-149-6823
Anni,Davsley,Asíni,05/20/1969,Greece,adavsleypt@stanford.edu,222-573-0229
Jeremie,Dunniom,Ejidal,07/10/1996,Mexico,jdunniompu@dedecms.com,434-721-2630
Johannes,Tutchener,Viļāni,10/30/1975,Latvia,jtutchenerpv@ox.ac.uk,153-309-2874
Pammie,Neles,Kinh Môn,12/29/1954,Vietnam,pnelespw@time.com,988-769-2767
Amara,Attew,Rušanj,09/23/1951,Serbia,aattewpx@cpanel.net,260-714-7760
Lucita,De la Eglise,Chusovoy,02/01/1987,Russia,ldelaeglisepy@house.gov,924-146-8851
Austina,Alenov,Bolo,10/07/1954,Philippines,aalenovpz@ucoz.com,432-214-7525
Rem,Figura,Carson City,06/17/1957,United States,rfiguraq0@behance.net,775-881-6011
Bern,Puttick,Pozhang,02/27/1978,China,bputtickq1@fema.gov,160-629-2921
Munroe,McKeefry,Oelui,07/13/1991,Indonesia,,231-530-0077
Monte,Margrett,Néa Plágia,10/06/1972,Greece,,612-654-8120
Roy,Knightly,Dalakovo,02/19/1964,Russia,rknightlyq4@omniture.com,457-934-4248
Flem,Abrahamoff,El Carril,04/28/1978,Argentina,,259-430-6926
Ruthanne,Golton,Pesisir,08/29/1957,Indonesia,rgoltonq6@ovh.net,522-930-6716
Tony,Marchelli,Accha,10/22/1992,Peru,tmarchelliq7@gnu.org,819-982-5690
Roscoe,Fausset,Amerta,09/12/1950,Indonesia,rfaussetq8@slashdot.org,160-170-6606
Weylin,Skellorne,Selorejo,04/11/1972,Indonesia,wskellorneq9@mashable.com,196-841-4425
Andreas,Wein,Lahat,06/07/1970,Indonesia,aweinqa@behance.net,720-915-3365
Abbe,Anderton,Davydovo,07/04/1988,Russia,aandertonqb@bloglines.com,473-339-9987
Porty,McCallister,Coratatal,04/23/1966,Indonesia,pmccallisterqc@g.co,389-265-1145
Lil,Camosso,Motala,04/05/1967,Sweden,lcamossoqd@zimbio.com,724-758-3338
Harp,Lovie,Maubara,05/17/1971,East Timor,hlovieqe@sitemeter.com,463-540-1453
Eadmund,Kalkhoven,Hatu Buh,08/19/1959,China,ekalkhovenqf@state.gov,791-389-3138
Tedra,Realy,Teroual,09/18/1996,Morocco,trealyqg@deviantart.com,661-219-8790
Rory,Gannicott,Mendez-Nuñez,08/21/1974,Philippines,rgannicottqh@zdnet.com,710-933-3408
Lynelle,Dulanty,Moca,02/02/1971,Dominican Republic,ldulantyqi@mysql.com,491-298-2345
Michelle,Mackerness,Jiasi,06/29/1974,China,,661-158-3607
Hannis,Toplis,Tegalgede Kulon,01/08/1972,Indonesia,htoplisqk@fastcompany.com,419-854-5906
Bucky,Hauxley,Saiki,12/29/1989,Japan,bhauxleyql@wikispaces.com,826-106-3569
Brooks,Venes,Nansheng,02/11/1993,China,bvenesqm@hubpages.com,253-855-7045
Valida,McCane,Banjaranyar,06/12/1961,Indonesia,vmccaneqn@jugem.jp,423-496-7991
Ira,Kirsch,Paris 07,04/07/1967,France,ikirschqo@auda.org.au,215-588-5009
Hort,Bewlie,Guomaying,05/08/1991,China,hbewlieqp@si.edu,349-675-3041
Dannie,Recher,Siak Sri Indrapura,12/09/1952,Indonesia,drecherqq@sitemeter.com,759-218-5793
Morie,Lukas,Nguluhan,05/17/1961,Indonesia,mlukasqr@ow.ly,516-965-3598
Morgen,Georgel,Kirkland Lake,05/20/1989,Canada,mgeorgelqs@dailymotion.com,793-300-1744
Benn,Kurtis,Três Coroas,08/06/1992,Brazil,bkurtisqt@ftc.gov,285-749-4544
Margaretha,Finlater,Podgornoye,05/19/1975,Russia,mfinlaterqu@unesco.org,773-489-5826
Cosetta,Skeldinge,Kediri,11/29/1990,Indonesia,cskeldingeqv@so-net.ne.jp,723-543-9330
Kylen,O'Currine,Arrufó,08/20/1974,Argentina,kocurrineqw@zdnet.com,721-206-0443
Annmaria,Chave,Torbat-e Jām,03/27/1980,Iran,achaveqx@webeden.co.uk,745-373-1336
Spenser,Rieflin,Biyan,02/10/1962,Indonesia,srieflinqy@histats.com,635-785-9392
Stafani,Kingsnorth,Tubualá,07/01/1953,Panama,,362-723-5645
Evelyn,Andrzejak,Longjin,10/21/1954,China,eandrzejakr0@cocolog-nifty.com,307-734-2348
Edsel,Kleinsmuntz,Puerto Asís,01/10/1984,Colombia,ekleinsmuntzr1@zimbio.com,730-815-1291
Howie,Doggerell,Velyka Bahachka,02/15/1968,Ukraine,hdoggerellr2@geocities.jp,510-365-1416
Nichol,Ead,Arboga,04/20/1959,Sweden,,187-838-6394
Robby,Sanger,Jiuxian,08/04/1969,China,,935-723-0622
Eliza,Guildford,Rancageneng Satu,12/19/1950,Indonesia,eguildfordr5@psu.edu,951-998-7485
Germaine,Callum,Semerak,11/07/1999,Indonesia,,414-232-9439
Rhona,Falconer-Taylor,Lwengo,06/25/1976,Uganda,rfalconertaylorr7@domainmarket.com,747-834-6518
Dud,Spaughton,Seboruco,06/17/1971,Venezuela,dspaughtonr8@lulu.com,339-400-0212
Albie,McInulty,Houmt Souk,07/21/1993,Tunisia,amcinultyr9@clickbank.net,635-826-5127
Oralie,Gremane,Los Angeles,05/08/1970,United States,ogremanera@disqus.com,213-584-7985
Demetris,Buxey,Changyi,04/23/1961,China,dbuxeyrb@cargocollective.com,803-868-0458
Binky,Hoyle,Belfast,01/11/1988,South Africa,bhoylerc@constantcontact.com,258-629-8956
Peter,Morrell,Lyasny,04/18/1993,Belarus,pmorrellrd@hhs.gov,673-972-2275
Remington,Aizlewood,Phu Kradueng,03/01/1990,Thailand,raizlewoodre@multiply.com,652-398-8706
Stewart,Remnant,Đức Phong,10/13/1967,Vietnam,sremnantrf@constantcontact.com,887-535-7233
Thoma,Ricco,Moss,10/17/1966,Norway,triccorg@last.fm,609-915-1005
Zita,Blainey,Carrigtwohill,09/14/1969,Ireland,zblaineyrh@theguardian.com,871-251-4989
Mariam,Locks,Salaverry,01/11/1964,Peru,mlocksri@nsw.gov.au,477-959-6632
Lavina,Daintith,Villeneuve-la-Garenne,08/23/1951,France,ldaintithrj@globo.com,789-354-0353
Kenneth,Brissenden,Baisangguan,06/23/1996,China,kbrissendenrk@uol.com.br,467-358-8777
Ilka,Longmead,Apatin,06/16/1977,Serbia,ilongmeadrl@msu.edu,882-726-4947
Clay,Kimbling,Rifu,01/06/1972,Japan,ckimblingrm@geocities.com,104-197-0453
Annelise,Brumham,Tugu,11/15/1994,Indonesia,abrumhamrn@bbb.org,666-753-6023
Charlena,Redfern,Sakassou,05/06/1969,Ivory Coast,credfernro@hugedomains.com,174-273-5987
Allix,Austins,Itapicuru,06/08/1996,Brazil,aaustinsrp@rambler.ru,974-666-6816
Clari,Dumbrall,Zákynthos,04/23/1964,Greece,cdumbrallrq@gmpg.org,411-119-5356
Brittni,McGinnell,Hat Yai,11/28/1999,Thailand,bmcginnellrr@woothemes.com,324-430-9968
