first_name,last_name,birth_place,birth_date,country_living_in,email,phone
Maurise,Iacobassi,,,,miacobassi0@linkedin.com,
Elena,Heeps,Villefranche-sur-Saône,26.11.1984,France,eheeps1@posterous.com,+33-568-669-7617
Leesa,McHaffy,Żarki-Letnisko,03.03.1998,Poland,lmchaffy2@microsoft.com,+48-124-533-3816
Mildrid,Dabs,Buyant,09.07.1992,Mongolia,mdabs3@storify.com,+976-195-634-2474
Roderick,March,Bauta,27.06.1990,Cuba,rmarch4@hubpages.com,+53-333-741-0904
Coleen,Lesley,Ostankinskiy,19.10.1980,Russia,clesley5@macromedia.com,+7-210-437-7478
Starlene,Milier,Nova Viçosa,04.01.1962,Brazil,smilier6@craigslist.org,+55-935-930-3938
Ethyl,Weild,Pedinó,05.01.1981,Greece,eweild7@va.gov,+30-502-383-2894
Modestine,Dymocke,,,,mdymocke8@mail.ru,
Susi,Manuely,Concepción,25.06.1979,Guatemala,smanuely9@archive.org,+502-874-469-7690
Ashely,Culbard,Quetta,02.05.1952,Pakistan,aculbarda@slate.com,+92-506-612-2481
Tonia,Thiolier,Tanggeung Kolot,09.07.1993,Indonesia,,+62-115-951-8365
Cleopatra,Minall,Wattala,13.03.1961,Sri Lanka,cminallc@ifeng.com,+94-560-955-8325
Alexi,Duligall,Chixi,08.12.1972,China,aduligalld@twitter.com,+86-112-863-3469
Georgette,Jewess,Xinhua,20.08.1956,China,,+86-202-630-6783
Goraud,Heisham,Dajalorong,04.02.1988,Indonesia,,+62-892-336-1137
May,Bridgeland,Břeclav,13.10.1973,Czech Republic,mbridgelandg@yahoo.co.jp,+420-103-703-8187
Julee,Bess,Navashino,14.12.1977,Russia,jbessh@unicef.org,+7-444-739-9409
Claudette,Casson,Dajianchang,28.11.1979,China,ccassoni@cnet.com,+86-264-571-2213
Jerrilyn,Bedingfield,Montreuil,26.05.1954,France,jbedingfieldj@dot.gov,+33-283-302-7181
Natal,McGilvray,Marne-la-Vallée,22.05.1993,France,,+33-195-350-7301
Mala,Saltmarshe,Masaling,14.08.1983,Philippines,msaltmarshel@google.pl,+63-891-127-9627
Joby,Goodwins,Catabola,07.01.1953,Angola,,+244-522-548-3404
Marlon,Aizlewood,Rifu,25.09.1977,Japan,maizlewoodn@china.com.cn,+81-298-330-6781
Nancey,Cargon,Lycksele,10.05.1975,Sweden,ncargono@phoca.cz,+46-335-914-3086
Everett,Doncaster,Pedrulheira,08.08.1970,Portugal,edoncasterp@is.gd,+351-509-580-5842
Em,Way,Capulaan,15.11.1952,Philippines,ewayq@vk.com,+63-236-516-3731
Karlens,Beadon,Galapa,06.10.1974,Colombia,,+57-815-671-1843
Kylie,Copo,Karak City,18.01.1988,Jordan,,+962-420-817-1052
Minni,Yu,,,,myut@cmu.edu,
Jerrine,Kestian,Gaocang,16.08.1989,China,jkestianu@posterous.com,+86-599-790-8446
Dalila,Read,Mosjøen,12.04.1964,Norway,dreadv@wufoo.com,+47-339-636-4022
Gerrie,Daniely,Tata,20.04.1992,Morocco,,+212-446-757-5693
Hadley,Anmore,Colón,03.04.1961,Cuba,hanmorex@gravatar.com,+53-412-167-3112
Walsh,Negri,Hearst,15.11.1997,Canada,wnegriy@slashdot.org,+1-680-409-4786
Arlen,Bloom,Chŏngju,16.05.1965,North Korea,abloomz@dagondesign.com,+850-254-341-1918
Traver,McCook,Rosetta,27.01.1957,Egypt,tmccook10@ft.com,+20-619-831-8214
Hy,Teodorski,Hemudu,31.03.1969,China,hteodorski11@ow.ly,+86-885-419-2370
Terrel,Domone,Suwaduk,15.01.1960,Indonesia,tdomone12@bing.com,+62-415-507-7582
Virginia,Kenner,Amargosa,20.01.1990,Brazil,vkenner13@gravatar.com,+55-889-760-3894
Alf,Ryde,Norrköping,12.09.1965,Sweden,,+46-340-573-6152
Philis,Rivers,Nürnberg,22.08.1963,Germany,privers15@ebay.co.uk,+49-942-861-7841
Roxanne,Lawry,Casal,21.07.1962,Portugal,rlawry16@wikipedia.org,+351-802-539-6730
Francklyn,Simla,Haodian,10.02.1992,China,,+86-553-580-2045
Miguelita,Alvarez,Yangliu,08.01.1963,China,malvarez18@ox.ac.uk,+86-534-146-1361
Sher,Cluet,Now Zād,27.02.1985,Afghanistan,scluet19@bandcamp.com,+93-917-281-9948
Veronique,Borrow,Lembongan Kawan,25.01.1979,Indonesia,,+62-285-806-0514
Olympe,Shewan,Phù Cát,24.01.1975,Vietnam,oshewan1b@amazon.com,+84-246-616-9878
Corette,Cureton,Amagi,30.08.1968,Japan,ccureton1c@sphinn.com,+81-961-457-5960
Kipper,Sogg,Wanshi,29.12.1992,China,ksogg1d@umn.edu,+86-579-131-6967
Raphaela,Reavey,Aquin,10.12.1954,Haiti,rreavey1e@ihg.com,+509-304-140-4193
Sean,MacConnel,Dieppe,14.02.1986,Canada,smacconnel1f@blinklist.com,+1-288-795-5178
Dimitri,Akrigg,Kebon,09.12.1984,Indonesia,,+62-894-165-6575
Bryan,Leport,Adolfo Ruiz Cortines,07.05.1991,Mexico,bleport1h@pcworld.com,+52-570-455-0549
Brion,Trenchard,Khanino,08.10.1985,Russia,btrenchard1i@state.tx.us,+7-342-374-2843
Coretta,McClary,Humble,30.12.1953,United States,cmcclary1j@sakura.ne.jp,+1-281-677-6260
Vanny,Pearle,,,,vpearle1k@facebook.com,
Pia,Gianasi,Pakel,02.07.1995,Indonesia,pgianasi1l@biglobe.ne.jp,+62-699-583-1003
Ettie,Sprason,Changpu,16.01.1991,China,esprason1m@alibaba.com,+86-259-650-5370
Caryl,Fulle,Papringan,17.02.1981,Indonesia,cfulle1n@infoseek.co.jp,+62-724-601-0933
Farand,Kepe,Qijiang,13.09.1969,China,fkepe1o@utexas.edu,+86-993-484-1704
Desdemona,Dibnah,Uchimaru,01.02.1987,Japan,ddibnah1p@amazon.com,+81-484-712-8278
Ariel,Wreakes,Vila Franca da Beira,07.08.1962,Portugal,awreakes1q@ox.ac.uk,+351-307-863-9475
Claudell,Yerlett,Pingtan,10.10.1986,China,,+86-548-498-7585
Agnola,Crasswell,Ulyanovsk,21.10.1950,Russia,acrasswell1s@japanpost.jp,+7-305-934-6945
Jerrine,Duffett,Gajah,14.10.1987,Indonesia,jduffett1t@thetimes.co.uk,+62-288-933-2034
Eulalie,St. Paul,Shahrīār,26.12.1978,Iran,estpaul1u@reddit.com,+98-841-663-9252
Mariana,Beckitt,Khāliş,03.06.1964,Iraq,,+964-763-519-6800
Lindie,Grumley,Garoua,07.04.1968,Cameroon,lgrumley1w@tripadvisor.com,+237-858-769-1017
Bertine,Wilcot,Huangshi,27.09.1969,China,,+86-976-908-3417
Gwenneth,Masser,Bucaramanga,21.12.1984,Colombia,gmasser1y@desdev.cn,+57-148-888-1772
Christa,Ruddiforth,Woodford Hill,18.01.1962,Dominica,cruddiforth1z@guardian.co.uk,+1-332-561-3073
Clarey,Kerbey,Saint-Égrève,21.09.1974,France,ckerbey20@bigcartel.com,+33-986-583-0549
Misty,Claypole,Katsuura,19.08.1963,Japan,mclaypole21@bing.com,+81-312-642-0289
Mellisent,Kimblin,Panineungan,11.11.1988,Indonesia,mkimblin22@ezinearticles.com,+62-736-116-2671
Orelee,Dawidowitsch,Jinhui,11.04.1981,China,odawidowitsch23@cbsnews.com,+86-225-743-9848
Rosanne,Beak,Magbay,29.05.1993,Philippines,rbeak24@springer.com,+63-499-778-8401
Rhiamon,McTrustram,Pau,19.02.1966,France,,+33-998-839-6712
Quintus,Redfearn,‘Anat al Qadīmah,19.12.1973,Iraq,qredfearn26@ezinearticles.com,+964-199-773-1315
Pippa,Manuaud,Ipauçu,11.09.1984,Brazil,pmanuaud27@e-recht24.de,+55-360-319-9132
Molli,Klemt,Videm pri Ptuju,24.06.1957,Slovenia,mklemt28@blogspot.com,+386-543-726-9956
Emmye,McCay,Kerrobert,22.10.1954,Canada,emccay29@creativecommons.org,+1-445-583-9870
Justis,Fulop,Luotuo,01.12.1995,China,jfulop2a@wisc.edu,+86-894-999-9076
Carce,Alyoshin,Licheń Stary,07.03.1956,Poland,,+48-687-615-7074
Rutger,Stonuary,Baruchowo,11.03.1964,Poland,rstonuary2c@surveymonkey.com,+48-270-163-2618
Dody,Van Vuuren,Karangwaru,08.05.1993,Indonesia,,+62-476-840-8945
Chas,Teodori,Kingston,03.11.1994,Norfolk Island,,+672-658-274-9480
Edgardo,Hatto,Xumu,28.01.1982,China,ehatto2f@scribd.com,+86-551-314-1772
Dagny,Wynes,Thakhèk,31.07.1975,Laos,dwynes2g@buzzfeed.com,+856-726-570-6392
Inesita,Matous,Qinglian,25.01.1991,China,imatous2h@aol.com,+86-545-570-1025
Kalinda,Capnerhurst,Urayasu,23.03.1997,Japan,kcapnerhurst2i@ifeng.com,+81-529-568-8568
Lizette,Antoniottii,Genève,08.09.1954,Switzerland,lantoniottii2j@si.edu,+41-418-753-7373
Waverley,Haruard,Rakiv Lis,15.10.1966,Ukraine,wharuard2k@vinaora.com,+380-962-190-1715
Kimble,Thomlinson,Yaozhou,27.11.1957,China,kthomlinson2l@forbes.com,+86-759-445-4238
Ilyssa,Boyfield,Yangirabot,07.05.1985,Uzbekistan,iboyfield2m@ehow.com,+998-783-578-8462
Berget,Grollmann,Haarlem,03.12.1962,Netherlands,bgrollmann2n@salon.com,+31-600-650-2629
Austen,Kleeman,Sena Madureira,24.02.1975,Brazil,akleeman2o@histats.com,+55-286-360-0111
Bing,Kalderon,Quchomo,26.10.1987,China,bkalderon2p@sciencedirect.com,+86-675-250-8624
Dru,Rodmell,Kharabali,26.07.1987,Russia,drodmell2q@tripadvisor.com,+7-796-421-1105
Ronalda,Salvador,Lumsden,08.08.1965,Canada,rsalvador2r@sciencedirect.com,+1-104-865-7642
Vikky,Cheng,Sancha,06.05.1989,China,vcheng2s@twitpic.com,+86-906-422-0046
Ianthe,Cotterel,Jāwā,27.08.1967,Jordan,icotterel2t@google.ca,+962-497-496-5105
Niko,Ancell,Radovitskiy,15.08.1972,Russia,,+7-905-400-8946
Adam,Spatoni,Beidong,25.10.1985,China,aspatoni2v@cbc.ca,+86-916-734-7866
Coleen,Leechman,Calceta,29.01.1955,Ecuador,,+593-845-830-1199
Kev,Creyke,Mariestad,28.08.1970,Sweden,kcreyke2x@blogs.com,+46-485-687-1753
Rivy,Brimicombe,Strasbourg,11.12.1962,France,,+33-100-370-7103
Callida,Lorkin,Kut Chap,19.06.1961,Thailand,clorkin2z@guardian.co.uk,+66-445-318-3878
Alejandro,Castles,Huangpo,23.07.1981,China,acastles30@hugedomains.com,+86-151-508-1829
Nedi,Gauler,Shiree,23.11.1963,Mongolia,ngauler31@networkadvertising.org,+976-253-697-6662
Arte,Burnhill,Al Khāniq,12.04.1990,Yemen,aburnhill32@army.mil,+967-925-563-1079
Emmalynne,Chivers,Partizansk,18.12.1998,Russia,echivers33@nydailynews.com,+7-250-343-4724
Katya,Noddles,,,,knoddles34@booking.com,
Ulises,Sawden,Nanjie,11.04.1956,China,usawden35@ovh.net,+86-849-987-8865
Juana,Bretland,Tubarão,14.02.1962,Brazil,,+55-503-740-7916
Cullan,Garnson,Khorixas,06.07.1952,Namibia,cgarnson37@dell.com,+264-923-185-0966
Lilas,Noble,Panevėžys,25.04.1951,Lithuania,lnoble38@tinyurl.com,+370-448-449-8979
Karl,Swatradge,Izazi,22.12.1961,Tanzania,kswatradge39@state.gov,+255-523-114-5761
Dilly,Matas,Karangasem Laok,17.03.1982,Indonesia,dmatas3a@bloomberg.com,+62-143-660-3847
Noellyn,Broker,,,,nbroker3b@pbs.org,
Elysia,Surgood,Santa Fe,08.07.1975,Philippines,,+63-951-526-3880
Lilly,O'Feeney,Shanhaiguan,23.09.1984,China,lofeeney3d@si.edu,+86-436-216-8780
Marlyn,Rauprich,Yanshan,10.08.1985,China,mrauprich3e@discuz.net,+86-138-377-1012
Jerrome,Trapp,Embalse,04.08.1951,Argentina,jtrapp3f@guardian.co.uk,+54-780-946-0889
Franny,Connop,,,,fconnop3g@opera.com,
Sherm,Purviss,San Salvador,13.05.1978,El Salvador,spurviss3h@g.co,+503-930-697-4989
Kerr,Bernollet,Carepa,02.07.1992,Colombia,,+57-924-976-2616
Desirae,Tricker,Donggang,20.09.1992,China,dtricker3j@google.nl,+86-270-706-8457
Danila,Beavis,Živinice,06.07.1957,Bosnia and Herzegovina,dbeavis3k@creativecommons.org,+387-293-211-9117
Mervin,Elloit,Dŭstí,28.06.1968,Tajikistan,melloit3l@canalblog.com,+992-934-534-1556
Shannon,Gooden,Wailolong,12.07.1958,Indonesia,sgooden3m@tiny.cc,+62-734-971-4510
Ada,Stiles,Borovskoy,13.10.1975,Kazakhstan,astiles3n@usnews.com,+7-474-162-0658
Mirilla,Coners,Xialaxiu,26.09.1960,China,mconers3o@mozilla.org,+86-630-114-0730
Friedrich,Bagwell,La Victoria,03.10.1994,Mexico,fbagwell3p@tuttocitta.it,+52-351-617-3980
Willdon,Sparwell,Dimayon,19.08.1969,Philippines,wsparwell3q@unblog.fr,+63-990-939-3845
Zachery,Twentyman,København,23.07.1981,Denmark,ztwentyman3r@hubpages.com,+45-377-260-9248
Eveleen,Hawkings,Socorro,02.09.1996,Colombia,ehawkings3s@ow.ly,+57-921-112-1733
Bev,Proudman,Sumbersih,28.04.1968,Indonesia,bproudman3t@miitbeian.gov.cn,+62-561-140-3535
Kendrick,Tansill,Kavallári,10.01.1952,Greece,ktansill3u@columbia.edu,+30-188-499-9141
Kelvin,Cazereau,,,,kcazereau3v@apple.com,
Gamaliel,Ruscoe,Hazlov,21.06.1973,Czech Republic,gruscoe3w@flickr.com,+420-156-729-2987
Harwell,Glisane,Quxi,01.12.1978,China,,+86-778-535-2080
Allen,Iacovone,Kungur,01.06.1980,Russia,aiacovone3y@va.gov,+7-910-192-2851
Ludovico,Finlow,Dologon,29.11.1977,Philippines,lfinlow3z@china.com.cn,+63-818-396-7714
Roman,Dorin,,,,rdorin40@odnoklassniki.ru,
Lucais,Shirtliff,Tatsuno,31.01.1991,Japan,lshirtliff41@smh.com.au,+81-981-243-4271
Joellyn,Lightbown,Achada,14.08.1981,Portugal,,+351-484-761-2087
Arlette,Merring,Parenggan,22.07.1953,Indonesia,amerring43@goodreads.com,+62-760-901-6135
Joell,Walden,Andongrejo,09.10.1963,Indonesia,jwalden44@mediafire.com,+62-510-723-9084
Dynah,Ortsmann,Boden,27.02.1959,Sweden,dortsmann45@reddit.com,+46-526-825-4488
Dael,Chiplin,Villa Serrano,24.01.1983,Bolivia,dchiplin46@seattletimes.com,+591-348-541-8038
Rob,Abbe,Ghormach,03.11.1967,Afghanistan,rabbe47@sun.com,+93-561-861-0728
Malorie,Ryburn,Majayjay,29.12.1996,Philippines,mryburn48@dagondesign.com,+63-802-650-1747
Oneida,Lafford,Tallinn,29.12.1973,Estonia,,+372-535-242-9604
Nathalie,Jerrard,,,,,
Hyman,Igo,Xiaoguwei,02.07.1963,China,higo4b@time.com,+86-982-199-5369
Elicia,Warbys,Bribir,27.03.1957,Croatia,,+385-792-729-7424
Page,Leek,Maddela,01.09.1982,Philippines,pleek4d@bluehost.com,+63-574-643-3693
Rocky,Thireau,Xiaochi,10.01.1967,China,rthireau4e@jimdo.com,+86-131-788-3248
Elie,Kedward,San Miguel,20.11.1994,Mexico,ekedward4f@github.com,+52-439-199-0707
Shani,Preist,Samangawah,08.08.1985,Indonesia,spreist4g@accuweather.com,+62-911-734-2081
Aldridge,Gimlet,,,,,
Natalie,Timblett,Ha’erlong,16.08.1951,China,ntimblett4i@bing.com,+86-663-438-6855
Asher,Bedboro,Alchevs’k,20.01.1973,Ukraine,,+380-314-344-5943
Orsola,McCutcheon,Kushelevka,25.02.1989,Russia,omccutcheon4k@histats.com,+7-903-393-5388
Nisse,Frowde,Nong Yasai,04.11.1966,Thailand,nfrowde4l@msu.edu,+66-116-572-1289
Norby,Percy,Wróblew,19.12.1993,Poland,npercy4m@goo.gl,+48-793-193-1424
Moses,Alexsandrov,Heishan,02.05.1991,China,malexsandrov4n@posterous.com,+86-142-365-3331
Elfie,Tinghill,Maracay,09.08.1954,Venezuela,etinghill4o@weibo.com,+58-101-562-4491
Koenraad,Palffrey,Xiaping,28.01.1964,China,kpalffrey4p@sphinn.com,+86-712-230-1327
Kathi,Voff,Nampula,03.03.1985,Mozambique,kvoff4q@sciencedirect.com,+258-898-824-1378
Palmer,Grieg,Tinaco,05.06.1955,Venezuela,pgrieg4r@tamu.edu,+58-131-793-1260
Prentiss,Margery,Lajaluhur,04.04.1990,Indonesia,pmargery4s@addtoany.com,+62-678-852-8415
Mac,Sizey,Vingåker,31.07.1979,Sweden,,+46-669-216-7129
Audra,Dowson,Milanówek,29.01.1992,Poland,adowson4u@ocn.ne.jp,+48-776-439-1600
Olav,Everiss,Campaka,15.08.1979,Indonesia,oeveriss4v@fda.gov,+62-987-300-9671
Kessiah,Ferrero,Tanahwurung,13.12.1977,Indonesia,kferrero4w@last.fm,+62-678-808-3421
Trent,Merring,Chenji,06.06.1999,China,tmerring4x@instagram.com,+86-862-692-5521
Inna,MacAnulty,Svirsk,22.09.1982,Russia,imacanulty4y@360.cn,+7-726-538-1945
Deni,Panks,Kuanheum,08.05.1989,Indonesia,dpanks4z@squidoo.com,+62-150-997-2555
Jock,Vant,Sabana Grande de Palenque,13.11.1991,Dominican Republic,jvant50@simplemachines.org,+1-707-919-1788
Markus,Brane,Bingawan,22.04.1981,Philippines,mbrane51@sbwire.com,+63-921-415-8754
Selle,Ridgers,Punta Cana,05.02.1981,Dominican Republic,sridgers52@163.com,+1-983-849-7551
Erinn,Lathom,Challhuahuacho,30.11.1994,Peru,elathom53@boston.com,+51-988-161-0651
Eugine,Kelley,,,,ekelley54@hugedomains.com,
Ellerey,Brugger,Tianta,12.06.1987,China,ebrugger55@sitemeter.com,+86-887-572-2392
Antone,Paulet,Ulaan-Ereg,30.10.1966,Mongolia,apaulet56@apache.org,+976-275-550-2594
Ricard,Boeck,,,,rboeck57@kickstarter.com,
Nanice,Andreassen,Sabi,25.07.1971,Gambia,nandreassen58@nps.gov,+220-644-852-2496
Jessica,Rothschild,Elbasan,24.12.1991,Albania,jrothschild59@sbwire.com,+355-640-500-8740
Arleen,Caesmans,Huaiyuan Chengguanzhen,22.12.1958,China,acaesmans5a@prweb.com,+86-916-462-0451
Doralyn,Butson,Hezhi,02.03.1956,China,dbutson5b@alexa.com,+86-491-215-3024
Elvin,Flippelli,Sam Ngam,07.12.1967,Thailand,eflippelli5c@weather.com,+66-200-725-9799
Sydel,Vasilik,Tullamore,21.08.1968,Ireland,svasilik5d@facebook.com,+353-949-173-6099
Daisey,Innocent,Niaohe,05.01.1999,China,dinnocent5e@techcrunch.com,+86-720-648-8966
Pebrook,Swoffer,Puwa,01.07.1952,China,pswoffer5f@jalbum.net,+86-269-888-6834
Luther,Burgh,Novoorsk,03.09.1981,Russia,lburgh5g@gravatar.com,+7-105-967-4661
Isaac,Petruskevich,Maisons-Alfort,20.12.1972,France,ipetruskevich5h@phpbb.com,+33-772-938-2055
Romain,Attiwill,Alīpur,20.11.1968,Pakistan,rattiwill5i@elpais.com,+92-812-139-3271
Devon,Edmett,Yongchang,14.05.1972,China,dedmett5j@eepurl.com,+86-336-507-1222
Claus,Halden,Herval,20.04.1999,Brazil,chalden5k@jalbum.net,+55-679-768-9391
Dolley,O'Hanley,Rubio,05.04.1992,Venezuela,dohanley5l@paginegialle.it,+58-220-537-9636
Emmalee,Charity,Hot,25.01.1963,Albania,,+355-673-443-3348
Garnet,Soldan,Graz,17.12.1989,Austria,gsoldan5n@huffingtonpost.com,+43-465-945-9593
Perla,Rollins,Mardakyany,26.05.1955,Azerbaijan,prollins5o@eepurl.com,+994-326-172-2548
Drew,Arstingall,Ostroměř,07.07.1970,Czech Republic,darstingall5p@printfriendly.com,+420-351-405-7443
Carlie,Trow,Shināş,16.01.1975,Oman,ctrow5q@ifeng.com,+968-897-388-4876
Debbie,Jermin,Montpellier,31.05.1957,France,djermin5r@mapquest.com,+33-210-157-1424
Mano,Newstead,Murów,08.04.1970,Poland,mnewstead5s@360.cn,+48-798-149-9369
Sondra,Plumer,,,,splumer5t@cam.ac.uk,
Glynda,Whittier,Xinmatou,19.09.1995,China,gwhittier5u@newsvine.com,+86-132-122-8193
Charity,Gravet,,,,cgravet5v@prweb.com,
Alia,Brideaux,Pigcawayan,03.10.1995,Philippines,abrideaux5w@google.nl,+63-709-991-3282
Chancey,Plunket,Asan-Maina Village,20.08.1986,Guam,cplunket5x@etsy.com,+1-783-872-6103
Jud,Etienne,Ciputat,20.08.1956,Indonesia,,+62-318-400-2903
Eolanda,Yukhnevich,,,,eyukhnevich5z@vimeo.com,
Catherine,Kensitt,Trzcianka,27.10.1954,Poland,ckensitt60@g.co,+48-214-535-2273
Chance,Patinkin,Casais de Revelhos,16.09.1972,Portugal,cpatinkin61@whitehouse.gov,+351-666-842-2382
Ivy,Baudacci,Desovo,03.03.1984,Macedonia,ibaudacci62@gizmodo.com,+389-268-551-9872
Sabrina,Geach,Bitam,10.12.1972,Gabon,sgeach63@mac.com,+241-689-482-6917
Katherina,Jankiewicz,Ucuncha,26.12.1995,Peru,kjankiewicz64@twitpic.com,+51-660-280-6354
Juliana,Dallmann,Vakhsh,16.02.1993,Tajikistan,jdallmann65@telegraph.co.uk,+992-890-318-2884
Nanete,Leatherborrow,Kralupy nad Vltavou,16.12.1970,Czech Republic,nleatherborrow66@sun.com,+420-909-768-2405
Maegan,Boness,Nusajaya,30.03.1958,Malaysia,,+60-577-714-9333
Fawne,Findon,Machado,22.01.1964,Brazil,,+55-247-874-7745
Amalie,Coundley,Rejanegara,05.08.1983,Indonesia,acoundley69@slashdot.org,+62-499-717-3174
Carolee,Freckelton,Bolyarovo,07.10.1967,Bulgaria,cfreckelton6a@blog.com,+359-611-480-6864
Cicily,Purkins,Curitiba,09.05.1967,Brazil,cpurkins6b@issuu.com,+55-681-737-6467
Guenevere,Padbery,Bratsigovo,03.09.1984,Bulgaria,gpadbery6c@cnet.com,+359-772-660-3989
Joell,Fusco,Otyniya,26.03.1999,Ukraine,jfusco6d@php.net,+380-736-469-9785
Porty,Bett,Honglong,27.10.1955,China,pbett6e@engadget.com,+86-173-583-1799
Arthur,Prover,Xidianzi,16.04.1953,China,aprover6f@pagesperso-orange.fr,+86-515-483-7226
Con,Woodison,Buôn Ma Thuột,05.02.1962,Vietnam,cwoodison6g@gnu.org,+84-432-818-7145
Analiese,Aldwinckle,,,,aaldwinckle6h@blogspot.com,
Darcey,Tremayle,Phu Sang,02.03.1988,Thailand,,+66-522-685-7135
Anatola,Capelen,Corpus,26.06.1978,Honduras,acapelen6j@ed.gov,+504-311-647-9843
Hamnet,Oldcote,Bellavista,29.03.1962,Peru,,+51-227-321-6551
Andreana,Fenney,Aramayuan,16.10.1959,Philippines,afenney6l@shinystat.com,+63-831-572-3755
Merola,Crapper,Kangar,20.07.1971,Malaysia,mcrapper6m@cbsnews.com,+60-499-876-3039
Taite,Probyn,,,,tprobyn6n@vinaora.com,
Hollie,Jull,Glad,23.09.1970,Philippines,hjull6o@tuttocitta.it,+63-257-719-4094
Luella,Pinkett,Lingbei,14.04.1999,China,,+86-745-927-4329
Camala,O'Hara,Samut Songkhram,26.08.1979,Thailand,cohara6q@google.de,+66-167-872-7409
Cami,Leake,,,,cleake6r@sitemeter.com,
Sophia,Pye,Vila Pouca da Beira,25.02.1980,Portugal,spye6s@samsung.com,+351-744-375-3519
Mathilda,Budibent,,,,mbudibent6t@freewebs.com,
Larisa,Taffrey,Muranovo,27.11.1992,Russia,,+7-820-907-0511
Michael,Niesing,Ponoka,24.03.1995,Canada,,+1-598-353-2260
Ash,Andrei,Ursynów,14.07.1997,Poland,aandrei6w@elpais.com,+48-901-366-1525
Lori,Drepp,Alberton,31.03.1952,Canada,ldrepp6x@mac.com,+1-517-750-9290
Damien,Johnsson,Bohus,20.09.1979,Sweden,djohnsson6y@virginia.edu,+46-744-778-4873
Barbara-anne,Latch,,,,blatch6z@behance.net,
Hailee,Leng,Lykóvrysi,20.11.1963,Greece,hleng70@reuters.com,+30-369-682-3953
Blaine,Blackmore,Skene,27.07.1986,Sweden,bblackmore71@theguardian.com,+46-845-624-4935
Robin,Kampshell,Pakel,14.06.1993,Indonesia,rkampshell72@twitpic.com,+62-901-432-4405
Ambros,Symers,Shangjie,22.09.1980,China,asymers73@skyrock.com,+86-629-971-2334
Chevalier,Guile,Al Mālikīyah,09.02.1980,Syria,,+963-981-263-9663
Rosella,Zealey,Yūki,27.01.1980,Japan,,+81-871-495-2506
Nevin,Puckett,Muyi,05.03.1996,China,,+86-205-708-3072
Liv,Rolf,,,,lrolf77@marriott.com,
Caralie,Mold,Cernik,26.12.1961,Croatia,cmold78@pbs.org,+385-458-752-9191
Reg,Hay,Mizi,13.06.1978,China,rhay79@hubpages.com,+86-646-541-5722
Ron,Fielding,Qui Nhon,28.02.1951,Vietnam,,+84-401-265-8377
Kandy,Gimeno,,,,kgimeno7b@nhs.uk,
Cinderella,Siebart,Cherëmukhovo,23.09.1951,Russia,csiebart7c@toplist.cz,+7-557-296-8255
Lucita,Pollok,Youxi,21.12.1972,China,lpollok7d@squidoo.com,+86-972-728-9401
Dorine,Munnion,Chicago,05.12.1957,United States,,+1-847-919-1924
Garnet,Lutas,Pumaqangtang,21.10.1956,China,glutas7f@drupal.org,+86-398-872-6328
Pollyanna,Thomason,Yukou,28.10.1995,China,pthomason7g@histats.com,+86-650-329-8698
Orel,Ottawell,Yichun,12.09.1999,China,,+86-168-653-6128
Carlie,Wreiford,Manisi,06.04.1954,China,cwreiford7i@nhs.uk,+86-193-301-6254
Irv,Limpkin,,,,ilimpkin7j@dion.ne.jp,
Reggie,Bakster,Ulaan-Ereg,12.11.1983,Mongolia,rbakster7k@networksolutions.com,+976-632-423-8402
Marlane,Donoher,Cilongkrangpusaka,25.09.1956,Indonesia,mdonoher7l@clickbank.net,+62-712-167-7751
Laurent,South,Fort Worth,22.03.1966,United States,lsouth7m@histats.com,+1-682-440-9559
Benton,Doohey,Zhongyuan,31.01.1999,China,bdoohey7n@cnbc.com,+86-852-445-5611
Weylin,Mahaddy,Payao,11.09.1985,Philippines,wmahaddy7o@columbia.edu,+63-984-470-0466
Brana,Boath,Xingnong,16.01.1979,China,bboath7p@scribd.com,+86-539-701-9957
Edouard,Foye,Petřvald,17.11.1960,Czech Republic,,+420-425-338-4789
Cilka,Fechnie,Kojagete,11.01.1985,Indonesia,cfechnie7r@miibeian.gov.cn,+62-634-671-6379
Joyce,Durban,Ceres,15.11.1965,Brazil,jdurban7s@princeton.edu,+55-915-182-0530
Penelope,Greswell,Jönköping,15.09.1989,Sweden,pgreswell7t@angelfire.com,+46-715-535-0884
Zach,Braniff,Qianchuan,17.05.1993,China,zbraniff7u@bloomberg.com,+86-678-106-1711
Milicent,Lyfe,Kantharalak,25.02.1962,Thailand,mlyfe7v@livejournal.com,+66-853-332-6545
Genni,Calway,Okiot,05.04.1951,Philippines,gcalway7w@springer.com,+63-743-452-6842
Micky,Cultcheth,Sukošan,25.09.1991,Croatia,mcultcheth7x@microsoft.com,+385-101-674-3545
Myer,Fawks,Al Ghuwayrīyah,30.11.1954,Qatar,mfawks7y@dmoz.org,+974-549-399-2761
Royall,Foxon,Sonorejo,08.02.1997,Indonesia,rfoxon7z@springer.com,+62-594-806-5699
Eva,Voce,Bayombong,23.01.1956,Philippines,evoce80@seattletimes.com,+63-383-391-4121
Gav,McRobbie,Watari,07.10.1954,Japan,gmcrobbie81@technorati.com,+81-519-645-7155
Leicester,Shapland,Pereira,07.10.1952,Colombia,lshapland82@foxnews.com,+57-763-597-3058
Bari,Spohrmann,Belo Horizonte,29.11.1977,Brazil,bspohrmann83@toplist.cz,+55-218-898-7698
Ruthie,Bierman,Týnec,07.10.1960,Czech Republic,rbierman84@technorati.com,+420-422-751-1240
Jolie,Hateley,Vaiņode,02.01.1966,Latvia,,+371-660-781-1443
Fredra,Woodings,,,,fwoodings86@soundcloud.com,
Caprice,Rowlstone,Tsubata,04.05.1961,Japan,crowlstone87@columbia.edu,+81-774-603-9251
Jeffy,Lamanby,Dinalongan,07.02.1995,Philippines,jlamanby88@cnn.com,+63-133-418-9878
Fleur,Loxdale,Konsoy,19.05.1957,Tajikistan,floxdale89@biblegateway.com,+992-114-602-8736
Farrell,Robken,Féres,19.07.1953,Greece,frobken8a@indiatimes.com,+30-989-494-1229
Aubrie,Robillard,Ponggok,31.10.1967,Indonesia,arobillard8b@skype.com,+62-283-990-8087
Adamo,Francecione,Zgornje Pirniče,17.10.1951,Slovenia,afrancecione8c@free.fr,+386-141-574-1222
Marcile,Conibear,Bydgoszcz,07.11.1962,Poland,mconibear8d@imageshack.us,+48-669-694-4508
Allie,Spary,Sulengwaseng,24.02.1996,Indonesia,aspary8e@paypal.com,+62-334-475-8382
Ned,Kew,Sumberagung,28.10.1958,Indonesia,nkew8f@ftc.gov,+62-556-765-0773
Waylin,Merredy,Arada,01.11.1999,Honduras,wmerredy8g@live.com,+504-168-928-4288
Jenny,Elmar,Stavanger,01.08.1982,Norway,,+47-425-498-4201
Rad,Thoma,Xia Zanggor,30.06.1972,China,rthoma8i@cisco.com,+86-648-517-9658
Rikki,Hookes,Chizhou,07.11.1951,China,rhookes8j@hibu.com,+86-841-176-4180
Vernen,Velten,Jatipamor,21.08.1963,Indonesia,,+62-971-527-8562
Gene,Romeuf,Gramaços,12.02.1978,Portugal,gromeuf8l@hibu.com,+351-624-379-5675
Charo,Bloxholm,,,,cbloxholm8m@squidoo.com,
Klara,Cleall,Xiashuitou,29.05.1977,China,kcleall8n@wix.com,+86-275-989-3231
Anatol,Purver,Zhangqing,07.12.1956,China,apurver8o@theatlantic.com,+86-631-931-7180
Zonda,Guerner,Senj,22.07.1950,Croatia,zguerner8p@mozilla.com,+385-105-732-6853
Herb,Sawfoot,Avranches,21.08.1998,France,hsawfoot8q@shareasale.com,+33-851-770-6300
Gilles,Garham,Babantar,20.07.1983,Indonesia,ggarham8r@cbc.ca,+62-262-618-9703
Rip,Kunzler,Manoel Urbano,13.06.1987,Brazil,rkunzler8s@eepurl.com,+55-719-171-2173
Corene,Kabsch,Fenglin,31.10.1956,China,ckabsch8t@lulu.com,+86-587-642-1103
Merry,Kubasek,Thākurgaon,24.08.1962,Bangladesh,mkubasek8u@tmall.com,+880-273-720-7288
Selie,Arlott,Barbosa,21.05.1971,Colombia,sarlott8v@elegantthemes.com,+57-795-444-4727
Phoebe,Burbridge,Ponta Porã,14.06.1993,Brazil,pburbridge8w@gnu.org,+55-607-751-0177
Jareb,Seefus,,,,,
Lissi,Pettegre,Nakasongola,30.09.1968,Uganda,lpettegre8y@etsy.com,+256-467-155-5678
Benoit,Hairs,Niopanda,20.05.1996,Indonesia,bhairs8z@photobucket.com,+62-974-103-1348
Claribel,de Vaen,Suslonger,04.11.1967,Russia,cdevaen90@sourceforge.net,+7-352-129-8386
Ingar,Spottswood,Pingxiang,04.12.1964,China,ispottswood91@free.fr,+86-686-552-3668
Katherine,Sibray,Chelbasskaya,08.06.1988,Russia,,+7-335-561-9264
Matilda,Grewes,Cafarnaum,29.04.1990,Brazil,mgrewes93@ning.com,+55-754-382-9682
Cristionna,Huikerby,Xinhang,14.03.1968,China,chuikerby94@hubpages.com,+86-194-386-6713
Andy,Bonifazio,Dole,23.08.1988,France,abonifazio95@edublogs.org,+33-669-589-5418
Koren,Cradoc,Dallas,01.12.1971,United States,kcradoc96@abc.net.au,+1-469-601-3845
Esta,Heffron,Ejmiatsin,31.10.1954,Armenia,eheffron97@google.es,+374-272-817-4542
Conny,Cringle,Aş Şalw,12.08.1993,Yemen,ccringle98@themeforest.net,+967-146-272-1008
Garry,Chaudron,Kuala Lumpur,20.06.1973,Malaysia,gchaudron99@i2i.jp,+60-732-315-0350
Cristabel,Rosenstein,Lugu,07.10.1970,China,crosenstein9a@timesonline.co.uk,+86-797-823-9475
Eba,Dowglass,Sarmanovo,25.06.1963,Russia,edowglass9b@msn.com,+7-539-531-8154
Fons,Methingam,Aku,28.06.1971,Nigeria,fmethingam9c@imdb.com,+234-516-578-4714
Bobbie,Allonby,Ludbreg,17.12.1964,Croatia,ballonby9d@sphinn.com,+385-910-450-9508
Hazlett,Kevlin,Yarang,22.02.1960,Thailand,hkevlin9e@dyndns.org,+66-106-285-6457
Cedric,McCulloch,,,,cmcculloch9f@tamu.edu,
Vergil,Davenell,,,,vdavenell9g@omniture.com,
Dar,Monteith,Ylämaa,30.03.1980,Finland,dmonteith9h@google.nl,+358-979-575-9013
Brit,Tombling,Verkhnyaya Toyma,16.07.1969,Russia,btombling9i@google.fr,+7-961-303-5964
Maddie,Soigoux,Houjia,16.07.1992,China,,+86-773-586-1120
Faye,Campbell-Dunlop,Cachoeirinha,04.09.1967,Brazil,fcampbelldunlop9k@si.edu,+55-608-813-4317
Townie,Dunphie,Dzhalilabad,01.12.1977,Azerbaijan,tdunphie9l@seesaa.net,+994-625-465-1863
Thom,Ballsdon,Hushan,03.10.1961,China,tballsdon9m@marriott.com,+86-138-326-0744
Bancroft,Rubinovitch,Ziniaré,25.03.1994,Burkina Faso,brubinovitch9n@epa.gov,+226-992-799-6926
Francisca,Denacamp,Marseille,17.06.1994,France,fdenacamp9o@reuters.com,+33-241-746-6726
Prue,Salatino,Tokarnia,15.08.1966,Poland,psalatino9p@unblog.fr,+48-786-786-2013
Beniamino,Panyer,Abéché,27.08.1963,Chad,bpanyer9q@state.gov,+235-976-196-0199
Leigh,Joyner,Trondheim,28.03.1977,Norway,ljoyner9r@webnode.com,+47-442-635-1973
Rheta,Conibear,Postoloprty,16.11.1994,Czech Republic,rconibear9s@mlb.com,+420-208-562-0697
Jeno,Grigorescu,Nice,11.02.1979,France,jgrigorescu9t@hexun.com,+33-446-553-7348
Car,Cornelleau,Al Ḩarajah,26.01.1989,Yemen,,+967-632-730-6041
Jerry,Stoneham,Plan de Ayala,06.05.1956,Mexico,,+52-648-854-9332
Richmound,Pearsey,Komprachcice,22.03.1950,Poland,rpearsey9w@cnet.com,+48-691-831-7485
Nigel,Cundey,Sancang,01.01.1954,China,ncundey9x@phpbb.com,+86-909-163-1251
Theadora,Greggs,Baranowo,19.04.1960,Poland,tgreggs9y@gizmodo.com,+48-153-661-1910
Sandye,Methringham,Henghe,27.11.1993,China,smethringham9z@ehow.com,+86-752-840-7966
Ainsley,Fountain,La Courneuve,29.06.1974,France,afountaina0@diigo.com,+33-617-576-2352
Merissa,Ibbett,Bojongsari,24.08.1973,Indonesia,mibbetta1@google.es,+62-173-421-5855
Eric,Feronet,Amarillo,20.11.1983,United States,,+1-281-303-5655
Tod,Jahner,Zhencheng,21.09.1974,China,tjahnera3@wisc.edu,+86-999-671-9612
Cindi,Ellerby,Cache Creek,19.03.1982,Canada,cellerbya4@state.tx.us,+1-733-445-7618
Katya,Wicks,Lianghe,20.01.1970,China,kwicksa5@simplemachines.org,+86-399-677-7082
Sabine,Prate,Azenhas do Mar,17.03.1957,Portugal,spratea6@ebay.co.uk,+351-102-685-2192
Dorette,Albin,Andongwei,20.04.1971,China,dalbina7@networksolutions.com,+86-123-168-1265
Rozele,McCarl,Shizikeng,06.03.1996,China,rmccarla8@cargocollective.com,+86-803-507-3259
Davide,Grinov,Pacasmayo,15.03.1986,Peru,dgrinova9@phoca.cz,+51-270-908-9724
Lezley,Spykings,Krajan,17.12.1986,Indonesia,,+62-630-114-6764
Mathe,Suerz,Dodol,21.03.1965,Indonesia,msuerzab@unc.edu,+62-170-140-1945
Aili,Jervoise,Umeå,09.11.1996,Sweden,,+46-826-935-8581
Tiffie,Sutch,Antes,04.04.1986,Portugal,tsutchad@msu.edu,+351-412-356-9413
Perkin,Rontree,,,,prontreeae@webnode.com,
Bell,Holliar,Batojaran,02.09.1964,Indonesia,bholliaraf@rediff.com,+62-635-791-3528
Klaus,Sample,,,,ksampleag@vk.com,
Bernardine,Benedtti,Castanheira do Campo,06.12.1996,Portugal,bbenedttiah@wiley.com,+351-813-749-2882
Major,Rafferty,Đồng Mỏ,13.11.1955,Vietnam,,+84-979-216-8838
Chiquita,Philcott,Halat,30.11.1998,Indonesia,cphilcottaj@webmd.com,+62-660-478-9872
Erda,Duding,Mörön,26.07.1961,Mongolia,edudingak@si.edu,+976-561-621-5252
Frasier,Chattey,Oehaunu,15.12.1997,Indonesia,fchatteyal@wisc.edu,+62-153-689-6818
Claudina,Decroix,Krásná Hora nad Vltavou,20.03.1980,Czech Republic,cdecroixam@cloudflare.com,+420-388-111-6163
Gus,Leys,Birendranagar,21.10.1974,Nepal,gleysan@creativecommons.org,+977-317-205-6143
Erin,Portugal,Saint-Amand-les-Eaux,10.07.1957,France,eportugalao@hhs.gov,+33-410-223-9054
Pincus,Shuter,Canala,09.06.1984,New Caledonia,pshuterap@dedecms.com,+687-623-283-8172
Erminia,Najara,Umeå,19.08.1971,Sweden,enajaraaq@cornell.edu,+46-645-414-8364
Alene,Summerly,,,,,
Roshelle,Biesinger,Río Limpio,03.09.1982,Dominican Republic,,+1-830-197-4046
Delia,Haggart,Layog,11.03.1988,Philippines,dhaggartat@nbcnews.com,+63-573-306-4288
Silvio,Meany,Houston,24.06.1968,United States,,+1-713-377-9961
Quinton,Pratley,San Jorge,15.07.1964,Argentina,qpratleyav@rambler.ru,+54-850-270-1533
Carrie,Heffron,Makbon,26.01.1971,Indonesia,,+62-986-166-1551
Veronika,O'Fergus,,,,vofergusax@soundcloud.com,
Georgie,Simenon,Sifangxi,22.05.1962,China,gsimenonay@miitbeian.gov.cn,+86-502-932-4366
Susan,Linner,Languan,19.07.1964,China,slinneraz@sbwire.com,+86-415-433-3016
Salli,Retchless,Ansongo,31.08.1962,Mali,sretchlessb0@smh.com.au,+223-796-680-8162
Megen,Honeywood,Buruanga,10.09.1965,Philippines,mhoneywoodb1@scientificamerican.com,+63-272-522-1865
Henka,Lidster,Créteil,23.03.1992,France,hlidsterb2@twitpic.com,+33-141-910-7160
Kylen,Winkett,Stráž nad Nisou,25.02.1983,Czech Republic,kwinkettb3@cdc.gov,+420-972-705-7331
Shirleen,Blackeby,Grimstad,30.09.1981,Norway,sblackebyb4@dagondesign.com,+47-739-574-4086
Paulette,Oyley,Linglu,24.08.1990,China,poyleyb5@webmd.com,+86-174-718-5084
Vidovik,McPhate,Hucheng,24.11.1994,China,vmcphateb6@webeden.co.uk,+86-257-249-5595
Nari,Domokos,Jorowaru Daya,21.10.1999,Indonesia,ndomokosb7@altervista.org,+62-471-328-6756
Karney,Duthie,Nürnberg,09.01.1975,Germany,kduthieb8@patch.com,+49-540-518-9545
Maible,Lechelle,Nurlat,06.09.1972,Russia,mlechelleb9@china.com.cn,+7-199-807-2347
Morgun,Tregear,Dejen,07.01.1992,Ethiopia,mtregearba@g.co,+251-224-173-5606
Spense,Dehmel,General Luna,05.10.1955,Philippines,sdehmelbb@businessinsider.com,+63-325-468-7829
Keven,Seamans,,,,,
Reggis,Dobson,Shuitian,11.02.1969,China,rdobsonbd@psu.edu,+86-876-142-6182
Oneida,Machen,Wushi,03.03.1976,China,omachenbe@comsenz.com,+86-306-641-0563
Krista,Tapson,Shimorskoye,07.01.1958,Russia,ktapsonbf@redcross.org,+7-211-891-7076
Bobbye,Culkin,Juancheng,28.06.1973,China,bculkinbg@soundcloud.com,+86-514-358-9030
Matthaeus,Danelet,Dingjiaqiao,23.06.1984,China,mdaneletbh@amazon.de,+86-244-180-4421
Eduino,Sainsbury,Kuje,03.10.1990,Nigeria,esainsburybi@multiply.com,+234-358-104-0927
Cherish,Giacubo,Kista,13.12.1984,Sweden,cgiacubobj@cafepress.com,+46-894-658-5823
Natty,Fewless,Falun,27.05.1993,Sweden,nfewlessbk@pen.io,+46-236-443-9112
Neils,Farrall,Funchal,21.04.1967,Portugal,nfarrallbl@vkontakte.ru,+351-270-510-6046
Pierre,Sherrett,Āq Qāyeh,09.05.1960,Iran,psherrettbm@umich.edu,+98-924-421-5434
Domini,Insley,Ban Thaen,19.11.1981,Thailand,,+66-302-164-7223
Leda,Iglesia,Marseille,02.02.1984,France,liglesiabo@over-blog.com,+33-772-200-1495
Port,Ortler,Mardā,10.09.1980,Palestinian Territory,,+970-448-409-0539
Jeniffer,Sherwin,Atikokan,01.01.1989,Canada,jsherwinbq@businessweek.com,+1-325-175-0055
Heidi,Baumber,Leżajsk,23.12.1990,Poland,hbaumberbr@freewebs.com,+48-813-704-2354
Edward,Postance,Klampok,06.01.1961,Indonesia,epostancebs@histats.com,+62-157-561-4415
Salvador,Bissiker,Dongjiahe,15.06.1967,China,sbissikerbt@facebook.com,+86-974-489-9682
Mac,Penni,Ulundi,09.06.1970,South Africa,,+27-660-397-1777
Olympie,Schimoni,Aroroy,30.01.1960,Philippines,oschimonibv@usa.gov,+63-991-488-3933
Donella,Duigenan,Kuanghe,29.05.1950,China,dduigenanbw@myspace.com,+86-221-238-2436
Sayre,Ormerod,Āgaro,13.04.1967,Ethiopia,sormerodbx@list-manage.com,+251-795-114-9872
Gene,Ghiotto,Risaralda,06.11.1950,Colombia,gghiottoby@army.mil,+57-961-551-7690
Iggy,Gorring,Wintzenheim,01.07.1956,France,igorringbz@symantec.com,+33-129-672-5349
Codi,Wogan,Kumla,26.05.1959,Sweden,cwoganc0@noaa.gov,+46-271-316-3919
Sheeree,Danell,Jingcheng,29.11.1985,China,sdanellc1@cnet.com,+86-405-180-7276
Doria,Renzini,Arão,27.04.1989,Portugal,drenzinic2@europa.eu,+351-820-962-3222
Lemuel,Kummerlowe,San Antonio Oeste,20.01.1963,Argentina,lkummerlowec3@nytimes.com,+54-808-693-6437
Alli,Merrien,Oulmes,29.10.1997,Morocco,amerrienc4@java.com,+212-632-722-5169
Diego,Mixon,Fanhu,11.10.1990,China,dmixonc5@oracle.com,+86-747-983-3015
Hetty,Muggeridge,Gjinkar,01.09.1977,Albania,hmuggeridgec6@moonfruit.com,+355-410-528-8572
Felita,Grinaway,Santa Lucía Cotzumalguapa,24.10.1951,Guatemala,fgrinawayc7@flickr.com,+502-108-261-0282
Leigha,Blanchet,Dongxin,20.11.1993,China,lblanchetc8@ft.com,+86-801-974-6495
Annemarie,Vitet,Nancheng,01.11.1992,China,avitetc9@cornell.edu,+86-122-617-8210
Helge,Dymond,Marseille,31.03.1992,France,hdymondca@sakura.ne.jp,+33-934-234-6519
Zeb,Wrathmall,Cerklje na Gorenjskem,21.11.1970,Slovenia,zwrathmallcb@geocities.com,+386-152-560-5293
Elvyn,Park,Guishan,02.10.1993,China,eparkcc@ucoz.ru,+86-751-582-6608
Tynan,Godbolt,Kirkland,16.11.1989,Canada,,+1-294-353-3264
Bobette,Harfleet,Chhātak,26.04.1953,Bangladesh,bharfleetce@qq.com,+880-189-769-6334
Yolanthe,Dockree,São Paio Merelim,01.12.1953,Portugal,,+351-237-507-1322
Ravi,Bulbrook,Tuwa,20.07.1990,Indonesia,rbulbrookcg@wiley.com,+62-811-114-1397
Godwin,Eckh,Skara,17.08.1994,Sweden,geckhch@51.la,+46-308-741-5788
Rhoda,Fawlkes,Porecatu,01.01.1993,Brazil,rfawlkesci@xinhuanet.com,+55-834-118-6903
Letti,Lohan,Jincheng,17.10.1969,China,llohancj@cargocollective.com,+86-293-806-6158
Randell,Crangle,,,,rcrangleck@google.fr,
Livy,Redish,,,,lredishcl@godaddy.com,
Tanner,Gowan,,,,,
Cammy,Baigent,Tapayan,16.11.1986,Philippines,cbaigentcn@dagondesign.com,+63-886-616-5404
Shirlene,Maplethorpe,Amiens,05.04.1975,France,smaplethorpeco@tamu.edu,+33-494-444-2382
Kerrie,McParland,,,,,
Imelda,Blanking,Sindangsuka,26.10.1956,Indonesia,,+62-756-810-7149
Seline,Dugan,Abovyan,21.09.1981,Armenia,,+374-766-672-1600
Bobbe,Pharo,Grazhdanka,02.04.1976,Russia,bpharocs@stumbleupon.com,+7-680-687-2165
Pennie,Penburton,Liushikou,09.09.1999,China,ppenburtonct@bbc.co.uk,+86-647-809-0597
Elias,Solomonides,Bakersfield,09.09.1961,United States,esolomonidescu@ucsd.edu,+1-661-803-7718
Megen,Vaughan-Hughes,Uga,09.04.1985,Nigeria,mvaughanhughescv@epa.gov,+234-966-428-5277
Reeva,Cady,Moate,06.05.1997,Ireland,rcadycw@ameblo.jp,+353-336-866-7276
Pennie,Castri,Wajir,23.02.1992,Kenya,,+254-167-879-0588
Dav,De Giorgis,Xinglong,02.11.1969,China,ddegiorgiscy@google.ca,+86-907-468-6246
Axel,Harlick,Huiwen,27.07.1962,China,aharlickcz@eepurl.com,+86-602-847-6136
Lilli,Dict,Malasin,26.04.1976,Philippines,ldictd0@bloomberg.com,+63-845-814-9669
Griffy,Visco,Satipo,01.12.1971,Peru,gviscod1@trellian.com,+51-561-288-6332
Ole,MacNulty,Simpang,20.08.1956,Indonesia,,+62-726-850-6892
Stepha,Branney,Xitiangezhuang,26.01.1982,China,sbranneyd3@wiley.com,+86-818-148-2679
Denys,MacDowal,Wudan,20.12.1977,China,dmacdowald4@theglobeandmail.com,+86-475-865-3085
Mata,Theriot,Goworowo,01.08.1982,Poland,mtheriotd5@toplist.cz,+48-947-404-5114
Kane,Dacca,,,,kdaccad6@acquirethisname.com,
Gun,Lynde,Manorom,22.11.1999,Thailand,glynded7@baidu.com,+66-474-906-1298
Renault,Stillert,Yanqian,10.07.1982,China,rstillertd8@1688.com,+86-559-150-6014
Catharina,Wohler,Sebulu,09.12.1955,Indonesia,cwohlerd9@dmoz.org,+62-906-436-0614
Rowland,Dignum,Qiling,06.02.1999,China,rdignumda@discuz.net,+86-828-107-0227
Berton,Newvill,Naviraí,22.09.1962,Brazil,bnewvilldb@netvibes.com,+55-458-640-9870
Malena,Vanichkin,Malimaneek,27.11.1960,Indonesia,mvanichkindc@bloglines.com,+62-387-252-2580
Willabella,Betun,Mawlaik,28.07.1968,Myanmar,,+95-170-723-3316
Ora,Southwick,Binangun,22.08.1992,Indonesia,osouthwickde@reuters.com,+62-616-905-2726
Frankie,Duckitt,Papineauville,11.02.1971,Canada,,+1-654-814-6640
Raoul,Threadgill,Si Somdet,31.08.1995,Thailand,rthreadgilldg@icq.com,+66-393-757-1654
Yovonnda,Corish,Jiucaizhuang,26.11.1964,China,ycorishdh@youku.com,+86-520-917-4767
Charmian,Goldis,Kakamega,14.10.1959,Kenya,,+254-561-576-0508
Zondra,Gebhard,Paris 15,25.10.1988,France,,+33-142-534-2449
Mercedes,Husselbee,Manique,01.02.1986,Portugal,mhusselbeedk@imgur.com,+351-453-700-6715
Horst,Georghiou,Amor,31.07.1999,Portugal,hgeorghioudl@engadget.com,+351-444-989-5811
Chanda,Stoyle,Vitoria-Gasteiz,24.05.1966,Spain,,+34-939-711-0325
Bradley,McIlwrick,Reggada,13.09.1966,Morocco,bmcilwrickdn@blogs.com,+212-417-132-5948
Esma,Crossley,Strzelin,11.04.1986,Poland,ecrossleydo@ezinearticles.com,+48-852-731-3815
Daile,Coutthart,,,,dcoutthartdp@wiley.com,
Clay,Joney,Buyuan,20.05.1976,Philippines,cjoneydq@eepurl.com,+63-546-945-5305
Buck,Larimer,Tangxi,26.12.1963,China,blarimerdr@prweb.com,+86-376-966-3655
Salomone,Kubek,Mayo,17.10.1969,Philippines,skubekds@thetimes.co.uk,+63-616-784-6528
Florenza,Loffhead,Lapa,05.09.1978,Brazil,floffheaddt@wsj.com,+55-151-906-8629
Peri,Rabbe,Mouzáki,12.10.1993,Greece,prabbedu@surveymonkey.com,+30-841-693-6888
Elwyn,Shekle,Murun-kuren,30.09.1956,Mongolia,eshekledv@studiopress.com,+976-103-786-5119
Butch,Harmeston,Musanze,25.03.1960,Rwanda,bharmestondw@rambler.ru,+250-382-101-4817
Creight,Quinnelly,Solok Timur,15.10.1960,Indonesia,cquinnellydx@thetimes.co.uk,+62-686-539-1319
Kristel,Padfield,Palykavichy Pyershyya,30.08.1992,Belarus,kpadfielddy@statcounter.com,+375-435-970-2848
Lynde,Easdon,Daszewice,30.07.1960,Poland,leasdondz@naver.com,+48-816-247-8606
Auguste,Bisseker,Saint-Raymond,08.01.1958,Canada,,+1-272-196-1099
Isabelle,Creavan,Sanrao,11.09.1960,China,,+86-258-747-6687
Miguelita,Hanbridge,‘Alāqahdārī Kirān wa Munjān,29.09.1954,Afghanistan,mhanbridgee2@symantec.com,+93-315-664-9919
Tessie,Fahrenbacher,Weizhou,30.11.1990,China,tfahrenbachere3@skype.com,+86-574-340-0883
Cortney,Albarez,,,,calbareze4@g.co,
Dee dee,McWhannel,Xuanhua,02.03.1984,China,dmcwhannele5@linkedin.com,+86-186-961-7804
Mack,Crosland,Cortes,03.04.1964,Philippines,,+63-455-817-5236
Dewitt,Vasilyev,Pogórze,10.10.1977,Poland,dvasilyeve7@wunderground.com,+48-773-581-2490
Siegfried,Piner,Strachówka,03.01.1954,Poland,spinere8@bloomberg.com,+48-332-560-1681
Trix,Synke,Huibu,14.06.1988,China,,+86-560-877-4743
Sebastien,Letcher,Heshang,24.07.1986,China,sletcherea@goo.ne.jp,+86-713-296-0323
Drew,Brocking,Belize City,12.05.1987,Belize,dbrockingeb@163.com,+501-341-870-3107
Addi,Benford,Agustín Codazzi,04.07.1994,Colombia,abenfordec@fema.gov,+57-479-189-8177
Abeu,Weatherburn,Tingo María,19.12.1975,Peru,aweatherburned@cmu.edu,+51-403-681-2860
Gertruda,Jeacocke,Cabak Satu,02.04.1973,Indonesia,gjeacockeee@flickr.com,+62-435-226-0953
Maurits,Skarman,Ludvika,02.02.1978,Sweden,mskarmanef@cdbaby.com,+46-576-550-9075
Felicdad,Ingarfill,Khartsyz’k,16.07.1951,Ukraine,fingarfilleg@delicious.com,+380-743-533-7357
Salvador,Gilbee,Stockholm,08.11.1988,Sweden,sgilbeeeh@altervista.org,+46-957-735-5165
Yasmeen,Brooker,Embu,27.04.1991,Kenya,ybrookerei@bloglovin.com,+254-320-616-4357
Nissa,Devas,Slyudyanka,24.02.1951,Russia,ndevasej@chronoengine.com,+7-294-294-2564
Donnie,Aphale,Matozinhos,31.03.1986,Brazil,daphaleek@hao123.com,+55-201-896-7721
Dennie,Ernshaw,Bulembu,06.06.1965,Swaziland,dernshawel@paginegialle.it,+268-528-715-7025
Jakie,Rous,Ucluelet,14.04.1983,Canada,jrousem@typepad.com,+1-220-996-0962
Nissa,Cloney,Balite,30.10.1989,Philippines,ncloneyen@dropbox.com,+63-787-440-6181
Koo,Swindell,Qiagai,27.09.1978,China,kswindelleo@sohu.com,+86-928-470-7529
Naoma,Morrell,Rio Claro,26.06.1981,Brazil,nmorrellep@aboutads.info,+55-984-480-4717
Fanny,Blainey,Cibungur,19.06.1994,Indonesia,,+62-548-279-1928
Clemente,Hanselmann,Yotsukaidō,19.05.1990,Japan,chanselmanner@sitemeter.com,+81-128-832-4931
Rawley,Sheivels,Yangsan,09.11.1989,South Korea,rsheivelses@dailymail.co.uk,+82-876-814-3819
Wanda,Barracks,Tieshan,24.03.1968,China,wbarrackset@sciencedirect.com,+86-805-383-2718
Wanids,Titchener,Oranjestad,01.12.1978,Aruba,,+297-571-625-9678
Kiel,McPharlain,Rukaj,15.07.1966,Albania,kmcpharlainev@alexa.com,+355-201-966-5759
Desmond,Fynan,San Jose,06.06.1972,Philippines,dfynanew@rakuten.co.jp,+63-351-913-9580
Zonnya,Brookwell,,,,zbrookwellex@aol.com,
Port,Falkingham,Vitoria-Gasteiz,06.04.1975,Spain,pfalkinghamey@indiatimes.com,+34-625-445-2650
Aurilia,Paule,Sundawenang,08.04.1977,Indonesia,apauleez@ibm.com,+62-186-653-6810
Billi,Glass,Anaheim,15.02.1956,United States,bglassf0@sourceforge.net,+1-714-283-6834
Roseann,Fransseni,Bagjasari,04.07.1986,Indonesia,rfranssenif1@google.es,+62-303-967-0022
Kip,Dennistoun,Ivry-sur-Seine,24.02.1967,France,kdennistounf2@sfgate.com,+33-171-534-0228
Rayna,O'Scollain,Shapaja,17.05.1966,Peru,,+51-330-819-4156
Leora,Hampson,Pesochnoye,28.02.1966,Russia,lhampsonf4@oakley.com,+7-141-767-4303
Ignaz,Figgess,Penedono,21.03.1962,Portugal,ifiggessf5@nature.com,+351-431-915-5133
Errol,Wrightem,Wang Noi,28.10.1955,Thailand,ewrightemf6@google.ca,+66-770-637-9908
Sutherland,Peppard,Bošovice,22.10.1993,Czech Republic,,+420-829-307-1497
Udale,Fraine,Xiaolin,19.09.1996,China,,+86-607-720-0167
Abie,Beranek,Basing,22.03.1961,Philippines,aberanekf9@hostgator.com,+63-415-661-5627
Robinia,Hurd,Arys,16.05.1995,Kazakhstan,,+7-450-527-6848
Zea,Whitelaw,Abū Zabad,29.07.1984,Sudan,zwhitelawfb@addthis.com,+249-329-552-4386
Portie,Puckrin,Nakhon Pathom,28.04.1999,Thailand,ppuckrinfc@ucoz.com,+66-825-868-6358
Brinna,Vinsen,Khanāşir,22.09.1980,Syria,bvinsenfd@delicious.com,+963-810-100-3660
Jaymie,Rassell,Kintinku,10.07.1952,Tanzania,jrassellfe@sfgate.com,+255-112-415-4689
Jase,O'Crigane,Khok Sung,26.05.1985,Thailand,jocriganeff@wikia.com,+66-957-223-7063
Donelle,Fruin,Sísion,06.04.1968,Greece,dfruinfg@umich.edu,+30-688-833-9381
Sutherland,Cubbinelli,Watuagung,03.01.1951,Indonesia,scubbinellifh@patch.com,+62-735-719-1269
Royal,Cosford,Pameče,04.01.1960,Slovenia,rcosfordfi@lycos.com,+386-671-910-2266
Riordan,Deniset,Paradahan,20.05.1983,Philippines,rdenisetfj@intel.com,+63-571-642-6366
Nananne,Shervil,Bergen,22.04.1977,Norway,,+47-135-880-5227
Vidovik,Jan,Dazhongzhuang,03.04.1958,China,vjanfl@addthis.com,+86-781-204-6105
Bettina,Aikman,Mulino,07.04.1966,Russia,baikmanfm@dell.com,+7-241-414-3429
Eldredge,Mills,Nangewer,04.04.1991,Indonesia,emillsfn@newsvine.com,+62-450-402-1363
Eric,Kirtley,Balakliya,23.09.1965,Ukraine,ekirtleyfo@illinois.edu,+380-243-622-3037
Patric,Waren,Polo,28.04.1978,Philippines,pwarenfp@goodreads.com,+63-875-919-2883
Anselma,Annis,Kayangel,21.07.1958,Palau,aannisfq@pbs.org,+680-674-660-5791
Ingra,Webberley,Qishn,26.11.1977,Yemen,iwebberleyfr@youtube.com,+967-460-475-0333
Decca,Maddern,Antofagasta,10.03.1988,Chile,dmaddernfs@hhs.gov,+56-768-307-5194
Iorgo,Beavors,,,,,
Dreddy,Alcorn,Gemo,05.02.1986,China,dalcornfu@sun.com,+86-885-291-6184
Bria,Rosbottom,Säffle,22.07.1985,Sweden,brosbottomfv@webeden.co.uk,+46-651-746-4336
Esme,Compfort,Burgeo,29.08.1990,Canada,ecompfortfw@godaddy.com,+1-731-797-8580
Dyann,Curl,Camrose,21.09.1974,Canada,dcurlfx@state.gov,+1-439-820-6409
Onida,Ramsted,,,,,
Emmy,Biscomb,Ambanja,23.10.1956,Madagascar,ebiscombfz@nationalgeographic.com,+261-474-783-5495
Ev,Yanin,Villamontes,30.05.1981,Bolivia,eyaning0@opera.com,+591-646-852-3515
Gertrud,Reece,Lagunillas,02.10.1996,Mexico,,+52-477-570-4152
Northrup,Lorente,Xinwo,25.08.1966,China,nlorenteg2@sphinn.com,+86-987-979-7619
Meir,McLaverty,Zakroczym,27.10.1981,Poland,mmclavertyg3@loc.gov,+48-211-381-5066
Raven,Fuidge,Sidareja,22.09.1951,Indonesia,,+62-510-797-9506
Sabine,Boutell,Shah Alam,20.01.1989,Malaysia,,+60-143-284-0816
Walden,Hriinchenko,Hirvensalmi,09.07.1991,Finland,whriinchenkog6@hostgator.com,+358-825-245-8607
Morena,Nasi,Bābol,21.04.1959,Iran,mnasig7@redcross.org,+98-842-642-2425
Brigitta,Edelheid,Sucun,26.03.1994,China,bedelheidg8@discuz.net,+86-932-650-6223
Jess,Molohan,Sobotín,20.04.1970,Czech Republic,,+420-301-652-7318
Blaire,South,Pskov,09.07.1982,Russia,,+7-517-434-1079
Lauryn,Joselson,Am Djarass,19.08.1991,Chad,ljoselsongb@oaic.gov.au,+235-501-851-4981
Linda,Eborall,Novo,04.05.1954,Portugal,leborallgc@bing.com,+351-592-841-3608
Julio,Riches,Olbramovice,02.06.1954,Czech Republic,jrichesgd@hp.com,+420-832-882-8722
Klarika,Vischi,Soho,05.05.1983,Indonesia,kvischige@soup.io,+62-758-367-9656
Estele,Rigmond,Delcevo,05.04.1984,Macedonia,erigmondgf@disqus.com,+389-976-196-8427
Katine,Pabel,Pueblo,22.06.1990,United States,kpabelgg@aol.com,+1-719-609-5502
Ginnie,Cranston,Boulsa,11.06.1988,Burkina Faso,,+226-750-566-5449
Rosana,McKinty,Suphan Buri,25.02.1952,Thailand,rmckintygi@fotki.com,+66-401-215-4649
Faun,Wibrew,Shelopugino,07.10.1986,Russia,fwibrewgj@jalbum.net,+7-300-893-0812
Amberly,Rampling,Estique,23.11.1971,Peru,aramplinggk@eepurl.com,+51-751-281-4198
Wilek,Kestian,Alcaria,02.10.1962,Portugal,wkestiangl@amazon.de,+351-278-543-0943
Dewie,Chasen,Panitian,18.07.1975,Philippines,dchasengm@booking.com,+63-251-126-8905
Bartholemy,Fewings,Mandala,18.02.1968,Indonesia,bfewingsgn@google.it,+62-939-182-1876
Roana,Jestico,Yangzi,24.04.1952,China,,+86-864-743-3342
Corenda,Gascoigne,Qaryat al Qābil,04.06.1980,Yemen,cgascoignegp@guardian.co.uk,+967-213-866-0685
Hali,Bulluck,Saatlı,12.11.1984,Azerbaijan,,+994-174-830-4042
Maisey,Kytter,Amangarh,27.10.1979,Pakistan,mkyttergr@ustream.tv,+92-817-463-9663
Latia,Spurdens,Ivanovskoye,16.03.1999,Russia,lspurdensgs@yale.edu,+7-669-924-5661
Kahaleel,Demetr,Acandí,30.07.1983,Colombia,kdemetrgt@time.com,+57-296-513-1666
Gabe,Shoosmith,Old City,18.09.1960,Palestinian Territory,gshoosmithgu@columbia.edu,+970-220-965-1823
Darlleen,Neads,Picassinos,05.01.1971,Portugal,dneadsgv@umn.edu,+351-174-953-3160
Willdon,Bromet,Quintãs,10.09.1956,Portugal,wbrometgw@usatoday.com,+351-355-627-1724
Jessa,McAirt,Altkirch,28.08.1976,France,jmcairtgx@techcrunch.com,+33-424-663-7540
Orel,Gammill,Alvega,16.08.1953,Portugal,ogammillgy@examiner.com,+351-161-101-8350
Eliza,Watters,Taungoo,30.03.1972,Myanmar,ewattersgz@tmall.com,+95-534-763-1074
Tonnie,Prettyjohn,Nizhnevartovsk,11.04.1990,Russia,tprettyjohnh0@desdev.cn,+7-168-975-4787
Cam,Exrol,Lourido,24.09.1967,Portugal,,+351-446-465-9900
Hakeem,O'Connolly,Fotolívos,14.10.1999,Greece,hoconnollyh2@cpanel.net,+30-975-798-8348
Ciro,Courtney,Emiliano Zapata,14.06.1959,Mexico,ccourtneyh3@dailymail.co.uk,+52-141-158-3424
Nils,Plail,Fort Macleod,31.05.1969,Canada,nplailh4@ehow.com,+1-356-856-8684
Brynne,Giovannacc@i,Mocoa,26.05.1988,Colombia,bgiovannaccih5@ow.ly,+57-126-969-9740
Rodd,Giles,Oslo,10.10.1964,Norway,rgilesh6@economist.com,+47-425-730-6804
Katherine,Rantoul,Tiling,18.12.1985,Philippines,krantoulh7@un.org,+63-836-349-3352
Melessa,Furphy,Gumdag,28.08.1977,Turkmenistan,mfurphyh8@vinaora.com,+993-239-710-3091
Berna,Ziemsen,Alenquer,28.02.1976,Portugal,bziemsenh9@stanford.edu,+351-799-891-1260
Dev,Woolaghan,Vnukovo,14.02.1980,Russia,dwoolaghanha@bravesites.com,+7-403-479-9504
Jeffy,Blaszkiewicz,Longmen,27.05.1953,China,jblaszkiewiczhb@ehow.com,+86-721-836-3277
Lorette,Wooler,Galaz,02.06.1985,Morocco,lwoolerhc@youku.com,+212-415-582-1612
Miguelita,Losel,Raoshi,04.11.1990,China,mloselhd@japanpost.jp,+86-181-180-6930
Ruddy,Di Biagi,Zabrat,08.04.1981,Azerbaijan,,+994-814-657-5254
Xylia,Curzey,Seattle,15.09.1998,United States,xcurzeyhf@businessweek.com,+1-206-117-7509
Sly,Lethardy,Xiongjia,26.12.1985,China,slethardyhg@skyrock.com,+86-395-105-5682
Richy,Braiden,,,,,
Jory,Verissimo,Zhongtai,15.06.1971,China,jverissimohi@cnn.com,+86-114-668-6341
Dyanna,Chalfant,Pridraga,29.05.1977,Croatia,dchalfanthj@discuz.net,+385-846-580-4065
Anton,Girke,Jammāl,10.05.1954,Tunisia,agirkehk@imageshack.us,+216-508-502-5588
Faina,Genike,Berlin,08.04.1983,Germany,fgenikehl@shinystat.com,+49-624-113-8291
Kahlil,Bedminster,,,,kbedminsterhm@baidu.com,
Neile,Daal,,,,ndaalhn@ted.com,
Maddy,Petrovic,Huangshi,06.07.1961,China,mpetrovicho@ft.com,+86-196-930-0923
Catie,Bach,Hollola,14.08.1988,Finland,cbachhp@cnet.com,+358-108-527-9302
Lark,Radband,Mapulo,12.07.1965,Philippines,lradbandhq@ca.gov,+63-569-336-1787
Bab,Beeswing,Ấp Tân Ngãi,05.05.1982,Vietnam,bbeeswinghr@yellowbook.com,+84-644-841-6023
Duffy,Syncke,Hexing,11.11.1970,China,dsynckehs@illinois.edu,+86-471-878-3319
Ginni,Blade,Sebulu,27.08.1996,Indonesia,gbladeht@umn.edu,+62-778-829-1017
Sarene,Dioniso,Bjärred,09.12.1988,Sweden,,+46-534-818-4702
Drew,Mannering,Nerópolis,04.06.1998,Brazil,dmanneringhv@tripod.com,+55-450-297-7282
Rebecca,Lacy,Giemdiem,25.11.1960,Vietnam,rlacyhw@arstechnica.com,+84-275-506-2337
Frederick,Wallbrook,Obsza,04.09.1997,Poland,,+48-518-654-2305
Angie,Clashe,Bamusso,13.10.1994,Cameroon,aclashehy@fotki.com,+237-747-299-0582
Vanya,Barajaz,Sieroszewice,11.03.1994,Poland,vbarajazhz@biglobe.ne.jp,+48-424-481-2682
Milton,Shalcros,Cosmópolis,12.01.1950,Brazil,mshalcrosi0@google.de,+55-269-892-3926
Carolyne,Ollett,Sruni,31.08.1999,Indonesia,,+62-928-333-1536
Chryste,Ridsdale,Pingshan,11.07.1964,China,cridsdalei2@php.net,+86-667-948-2760
Concordia,Daoust,Hepu,30.03.1962,China,cdaousti3@vk.com,+86-197-433-0302
Roman,Demoge,San Juan,18.05.1995,Philippines,rdemogei4@house.gov,+63-550-310-0282
Tabb,Rouge,Tinampo,09.11.1982,Philippines,trougei5@goodreads.com,+63-620-393-0918
Ardyce,Shrubshall,Jenggawah,25.01.1958,Indonesia,ashrubshalli6@imageshack.us,+62-923-909-6125
Tadd,Stitson,Sumurgayam,07.12.1998,Indonesia,tstitsoni7@china.com.cn,+62-650-917-5334
Dewain,Menchenton,Yetang,04.10.1957,China,dmenchentoni8@dion.ne.jp,+86-254-208-7067
Simonette,Scoon,Pagsabangan,22.02.1995,Philippines,sscooni9@netvibes.com,+63-353-119-0745
Megen,Zellmer,Kralupy nad Vltavou,18.02.1978,Czech Republic,mzellmeria@symantec.com,+420-327-711-5409
Diane-marie,Peattie,Wierzchosławice,06.10.1993,Poland,dpeattieib@weibo.com,+48-922-685-9540
Bastien,Extance,Wanmao,05.10.1997,China,bextanceic@ucla.edu,+86-143-202-6942
Kinna,Bunford,Chrysó,02.03.1967,Greece,kbunfordid@chicagotribune.com,+30-144-236-3450
Shelley,Bahia,Boshchorbogh,25.03.1952,Tajikistan,sbahiaie@github.com,+992-642-905-9546
Sher,MacSwayde,Krajan Caluk,07.06.1992,Indonesia,smacswaydeif@squidoo.com,+62-198-953-2613
Burtie,Gilffillan,Bofuer,01.12.1982,Indonesia,bgilffillanig@dell.com,+62-298-907-7558
Bamby,Grimm,Villa Francisca,02.12.1953,Dominican Republic,bgrimmih@ehow.com,+1-522-857-2249
Dionis,Salvadori,Vereya,07.10.1953,Russia,dsalvadoriii@auda.org.au,+7-358-934-8752
Colline,Band,Velykyy Burluk,10.10.1981,Ukraine,cbandij@devhub.com,+380-482-657-9275
Marijo,Bottell,Ḩalāwah,25.12.1986,Jordan,mbottellik@photobucket.com,+962-861-714-4599
Tyne,Carff,Xianrendu,02.11.1992,China,tcarffil@sina.com.cn,+86-335-942-7047
Susy,Buckett,San Ignacio,28.02.1956,Belize,sbuckettim@rambler.ru,+501-467-917-9777
Flossy,Brocking,Túquerres,19.01.1999,Colombia,fbrockingin@bizjournals.com,+57-971-486-4436
Pancho,Rickson,Talashkino,10.04.1959,Russia,pricksonio@technorati.com,+7-626-399-5225
Perceval,Noweak,Hirakata,11.11.1980,Japan,pnoweakip@theatlantic.com,+81-162-871-9590
Nat,Korneichik,Haozigang,02.09.1951,China,nkorneichikiq@apache.org,+86-853-285-9350
Fayina,Stickel,Oke Ila,03.06.1977,Nigeria,fstickelir@liveinternet.ru,+234-174-311-1402
Edie,Yarnton,Prómachoi,25.10.1965,Greece,,+30-658-890-9520
Stephan,Grzesiewicz,Ardino,10.07.1991,Bulgaria,sgrzesiewiczit@paginegialle.it,+359-319-318-4911
Cam,Liffey,Jiangqiao,01.04.1973,China,cliffeyiu@hugedomains.com,+86-715-602-7543
Leena,Well,Shatoujiao,04.10.1964,China,lwelliv@deliciousdays.com,+86-978-159-6564
Rhianna,Cleminshaw,Dogarmo,25.05.1975,China,rcleminshawiw@nature.com,+86-112-156-6856
Trudi,Dunton,Mendenrejo,16.12.1998,Indonesia,tduntonix@omniture.com,+62-113-485-8455
Arlyn,Whinney,Szczaniec,10.01.1996,Poland,awhinneyiy@cbsnews.com,+48-862-467-5699
Shirline,Pace,Miřetice,19.05.1955,Czech Republic,spaceiz@marriott.com,+420-727-848-3527
Ferne,Sara,Taraš,19.10.1974,Serbia,fsaraj0@comcast.net,+381-736-393-5888
Son,Summerhayes,San Vicente,31.07.1971,Philippines,ssummerhayesj1@furl.net,+63-159-579-2410
Alphonso,Lathbury,Jasionów,16.12.1965,Poland,,+48-321-828-4944
Bradford,De Meis,‘Uqayribāt,18.12.1956,Syria,bdemeisj3@cafepress.com,+963-749-455-7543
Gail,Screech,Předklášteří,05.10.1981,Czech Republic,,+420-525-993-4828
Christophorus,Skace,Le Cannet,24.11.1998,France,cskacej5@geocities.jp,+33-105-421-5219
Clare,Shynn,Örebro,25.11.1970,Sweden,cshynnj6@delicious.com,+46-459-589-7899
Remington,Ladson,Momanalu,04.07.1989,Indonesia,rladsonj7@exblog.jp,+62-292-153-5541
Alessandra,Butten,Ýdra,30.12.1964,Greece,abuttenj8@ox.ac.uk,+30-286-641-2081
Brooke,Derricoat,Kyriáki,06.09.1951,Greece,bderricoatj9@cafepress.com,+30-921-160-4202
Savina,Alliband,Chinchaypujio,09.03.1975,Peru,sallibandja@hubpages.com,+51-918-341-4292
Lizabeth,Berrycloth,Znamenskoye,07.12.1977,Russia,lberryclothjb@pen.io,+7-955-342-3777
Henrietta,Maggorini,Sanxi,07.01.1997,China,,+86-421-761-6404
Stavro,Lemar,Sandwīp,31.08.1964,Bangladesh,slemarjd@google.es,+880-956-387-3839
Troy,Offill,Jiabeiyan,08.11.1962,China,toffillje@huffingtonpost.com,+86-698-894-3028
Terrence,Maplethorpe,Balongmulyo,05.03.1973,Indonesia,tmaplethorpejf@instagram.com,+62-297-223-6325
Jaymee,MacPeake,,,,jmacpeakejg@xing.com,
Del,Bulgen,Austin,19.08.1974,United States,,+1-512-637-5675
Lavena,Wingeatt,Pirapozinho,11.12.1954,Brazil,lwingeattji@sfgate.com,+55-944-658-0221
Neddy,Avent,,,,naventjj@loc.gov,
Idette,Baudesson,,,,ibaudessonjk@theglobeandmail.com,
Jackson,Vernalls,Créteil,30.11.1973,France,jvernallsjl@tripadvisor.com,+33-364-710-6662
Cello,Vanin,Sūq Sibāḩ,11.01.1962,Yemen,cvaninjm@marketwatch.com,+967-239-361-1193
Roscoe,Merrikin,Dengfeng,07.01.1978,China,rmerrikinjn@huffingtonpost.com,+86-678-911-0168
Keely,Pashby,Muarabuliti,10.07.1995,Indonesia,kpashbyjo@oaic.gov.au,+62-986-869-6227
Tanner,Blackboro,Batsari,24.07.1980,Nigeria,tblackborojp@vk.com,+234-441-438-1820
Binni,Dietsche,Chaínça,11.06.1973,Portugal,,+351-647-608-9523
Bealle,Goulding,Volokonovka,07.04.1992,Russia,,+7-233-403-7994
Robinett,Blood,Não Me Toque,08.07.1956,Brazil,rbloodjs@yale.edu,+55-174-659-9694
Adair,MacKnight,Chunyang,30.04.1990,China,amacknightjt@sourceforge.net,+86-309-175-8499
Minnie,Tschiersch,Primorsk,13.10.1990,Russia,mtschierschju@google.com.hk,+7-838-343-1137
Bliss,Pochet,Charopó,08.12.1963,Greece,bpochetjv@princeton.edu,+30-295-997-4100
Gerti,Mandel,Ngurenrejo,17.05.1951,Indonesia,gmandeljw@histats.com,+62-260-207-5227
Wesley,Jamson,San José,30.03.1970,Costa Rica,wjamsonjx@twitpic.com,+506-361-196-8682
Shurlock,Jindrich,Czchów,19.01.1958,Poland,sjindrichjy@trellian.com,+48-427-352-5502
Leoine,Haxby,Santa Ana,19.06.1955,Venezuela,lhaxbyjz@blinklist.com,+58-880-984-0433
Orelie,Renforth,Североморск-3,07.01.1971,Russia,orenforthk0@vinaora.com,+7-272-735-8773
Bordy,Butterfill,Tapayan,15.11.1975,Philippines,bbutterfillk1@wp.com,+63-500-587-0739
Christine,Davitt,Cigintung,08.08.1989,Indonesia,cdavittk2@mit.edu,+62-193-623-9038
Rani,Brightman,Chattanooga,08.03.1995,United States,,+1-423-786-1697
Chrystal,Frazer,,,,,
Hal,Cuming,Cola,02.03.1980,China,hcumingk5@wikimedia.org,+86-184-921-1372
Salomon,Crow,Menghai,12.07.1989,China,scrowk6@mysql.com,+86-110-283-2696
Thorstein,Fittall,Taoyuan,24.08.1988,China,,+86-106-247-6512
Fulvia,Karsh,Yangxu,23.01.1983,China,fkarshk8@google.com.hk,+86-181-297-8277
Des,McLese,,,,dmclesek9@flickr.com,
Lynde,Strachan,Tejakalapa,04.02.1997,Indonesia,lstrachanka@spotify.com,+62-528-320-3157
Phillipp,Pracy,Clarines,17.03.1955,Venezuela,ppracykb@live.com,+58-371-392-7816
Katee,Carlesi,Monino,25.05.1967,Russia,kcarlesikc@hud.gov,+7-638-879-8523
Lucien,Ewins,Kabar Utara,05.06.1970,Indonesia,lewinskd@livejournal.com,+62-516-155-4743
Goraud,Purdom,Copán,19.11.1986,Honduras,gpurdomke@webeden.co.uk,+504-594-888-1178
Robina,Pattinson,Carbonear,01.11.1982,Canada,,+1-266-552-0601
Norene,Pockett,Dobropillya,12.02.1975,Ukraine,npockettkg@opera.com,+380-225-149-6744
Micaela,Strawbridge,Pavlohrad,06.01.1958,Ukraine,,+380-332-790-6275
Orren,Sperrett,,,,,
Yulma,Nevett,Dadong,19.06.1990,China,ynevettkj@jugem.jp,+86-481-520-9510
Kathe,Bestwick,Sadowie,27.08.1994,Poland,kbestwickkk@a8.net,+48-211-480-3490
Elisabet,Oldis,Östersund,25.10.1975,Sweden,eoldiskl@apple.com,+46-512-724-6255
Blaire,Robardet,Somorpenang,22.01.1996,Indonesia,brobardetkm@psu.edu,+62-162-439-1564
Raychel,Muckart,Dobrošte,03.10.1973,Macedonia,rmuckartkn@discuz.net,+389-948-256-1704
Andi,Baccus,Sumberingin Kulon,25.08.1963,Indonesia,abaccusko@fastcompany.com,+62-364-417-2582
Karia,Matyashev,Uchaly,08.08.1958,Russia,kmatyashevkp@ebay.com,+7-381-568-2560
Rustie,Sally,Zilang,06.10.1980,China,rsallykq@usa.gov,+86-466-524-8809
Toby,Matcham,Méru,16.02.1978,France,,+33-439-207-6396
Lilly,Treweke,Łobez,15.09.1950,Poland,ltrewekeks@google.cn,+48-860-677-3687
Pattie,Le Noir,Bouabout,30.09.1962,Morocco,plenoirkt@deviantart.com,+212-511-320-1960
Hyman,Folkerts,Nova Petrópolis,29.10.1999,Brazil,hfolkertsku@de.vu,+55-292-387-3537
Edward,Goymer,Trakan Phut Phon,26.03.1962,Thailand,,+66-660-155-6747
Cathrin,Peyto,Champaign,22.01.1999,United States,cpeytokw@youku.com,+1-217-953-4594
Katherina,Philippault,Bamnet Narong,17.03.1997,Thailand,kphilippaultkx@columbia.edu,+66-130-432-5139
Curry,Grabeham,Buena Esperanza,15.11.1959,Argentina,cgrabehamky@constantcontact.com,+54-294-307-1015
Mahala,Wattingham,Beroroha,14.09.1964,Madagascar,mwattinghamkz@nifty.com,+261-954-734-6999
Carline,Kierans,Conroe,25.12.1982,United States,ckieransl0@prweb.com,+1-936-435-5243
Papageno,Mathou,Carromeu,07.12.1958,Portugal,,+351-680-185-6820
Shelbi,McLise,Vista Hermosa,17.06.1959,Mexico,smclisel2@altervista.org,+52-307-426-1083
Barney,Ovendale,Gornja Koprivna,08.10.1966,Bosnia and Herzegovina,bovendalel3@1688.com,+387-325-919-6546
Bennie,Regis,Lai Cách,01.04.1955,Vietnam,bregisl4@adobe.com,+84-686-378-2979
Rebekah,Fransman,Louisville,30.06.1965,United States,rfransmanl5@smugmug.com,+1-502-341-6643
Leeann,Stains,Smolenka,30.10.1978,Russia,lstainsl6@vimeo.com,+7-137-703-8919
Misti,Segebrecht,Lanot,22.08.1972,Philippines,msegebrechtl7@amazon.co.uk,+63-883-325-6817
Odey,Cobelli,Smederevska Palanka,15.08.1975,Serbia,ocobellil8@blogs.com,+381-423-283-1627
Marlon,Cribbott,Nerchinsk,19.12.1959,Russia,mcribbottl9@mapquest.com,+7-549-855-2671
Aprilette,Clarage,Nobeoka,11.10.1959,Japan,aclaragela@people.com.cn,+81-975-501-2174
Joya,Hove,Mayang,10.05.1950,China,jhovelb@nature.com,+86-199-448-7353
Kaia,Maddie,Qingkenpao,01.10.1961,China,kmaddielc@blog.com,+86-336-946-9545
Dame,Cisar,Chiri-Yurt,27.10.1955,Russia,dcisarld@wikispaces.com,+7-171-835-8641
Jeane,Rock,Kaizuka,12.04.1959,Japan,jrockle@bloglines.com,+81-449-128-2810
Crosby,Kemster,Oslo,11.09.1996,Norway,ckemsterlf@bbc.co.uk,+47-309-967-2713
Agretha,Gawkes,Akoupé,26.10.1959,Ivory Coast,agawkeslg@constantcontact.com,+225-828-400-8137
Tomasine,Keasy,El Realejo,02.11.1950,Nicaragua,tkeasylh@parallels.com,+505-297-859-7263
Bealle,Sellack,Марино,27.05.1966,Macedonia,bsellackli@51.la,+389-240-765-3125
Chrysa,Polleye,Garisul,08.05.1957,Indonesia,cpolleyelj@goo.ne.jp,+62-427-425-8852
Pippa,Libreros,Recife,22.12.1950,Brazil,plibreroslk@weather.com,+55-413-210-1725
Nataniel,Signorelli,Erhaodi,12.11.1980,China,nsignorellill@soundcloud.com,+86-154-182-4771
Maximo,Elnor,Montería,01.09.1953,Colombia,melnorlm@jalbum.net,+57-348-152-0421
Deloris,Grayham,Oekuu,01.04.1991,Indonesia,,+62-772-122-0135
Alastair,Josey,Xiangyang,11.08.1983,China,ajoseylo@cafepress.com,+86-400-849-1347
Cary,Skaife d'Ingerthorpe,Obolo-Eke (1),21.11.1976,Nigeria,cskaifedingerthorpelp@disqus.com,+234-511-134-6130
Ardyth,Weeke,Angers,28.11.1981,France,aweekelq@toplist.cz,+33-846-812-6056
Magdalene,Wyett,Ticaco,16.10.1958,Peru,mwyettlr@csmonitor.com,+51-875-637-2292
Nada,O'Dooghaine,Angers,19.09.1969,France,nodooghainels@seesaa.net,+33-856-138-6021
Layla,Sidon,Zhengcun,28.01.1987,China,lsidonlt@bbb.org,+86-746-690-0214
Agnella,Antonoyev,Krasiczyn,27.11.1951,Poland,,+48-241-788-4952
Tobit,Ornelas,Bagusan,01.08.1963,Indonesia,tornelaslv@miitbeian.gov.cn,+62-900-688-7554
Steffi,Gainseford,Partenit,01.11.1980,Ukraine,sgainsefordlw@angelfire.com,+380-677-195-7606
Fenelia,Borland,Wuxi,15.07.1975,China,,+86-666-558-2106
Raleigh,O'Hengerty,Cartago,13.10.1974,Costa Rica,rohengertyly@ox.ac.uk,+506-113-403-4175
Merrel,Lethcoe,La Cruz,27.05.1995,Costa Rica,mlethcoelz@hp.com,+506-251-192-6326
Griz,Shovelton,Los Palacios,14.06.1970,Cuba,,+53-435-338-7782
Rowen,Syalvester,Kota Kinabalu,12.04.1963,Malaysia,rsyalvesterm1@oracle.com,+60-478-269-4375
Audie,Walster,Villeneuve-d'Ascq,16.12.1976,France,awalsterm2@vinaora.com,+33-209-660-4886
Timothee,Malia,Jansenville,22.10.1952,South Africa,tmaliam3@state.tx.us,+27-665-245-6246
Napoleon,Rother,Sindang,09.03.1969,Indonesia,nrotherm4@shareasale.com,+62-879-670-4636
Merry,McShea,,,,mmcsheam5@unicef.org,
Jonathan,Scholler,Castelsarrasin,21.10.1987,France,jschollerm6@php.net,+33-635-786-7602
Chaddy,Palmar,Zhishan,23.08.1972,China,cpalmarm7@telegraph.co.uk,+86-578-398-9446
Jedediah,Howlett,Gllogjan,11.01.1984,Kosovo,jhowlettm8@1und1.de,+383-779-805-6879
Nollie,Bestiman,Kauditan,23.08.1972,Indonesia,nbestimanm9@purevolume.com,+62-992-122-7088
Paulette,Pinkstone,Oxford,26.12.1951,Canada,ppinkstonema@ebay.co.uk,+1-410-412-0034
Lorri,Elvidge,Mýki,26.03.1965,Greece,lelvidgemb@paypal.com,+30-552-414-3228
Orsola,Battison,Yelabuga,29.05.1976,Russia,obattisonmc@g.co,+7-945-537-7645
Willy,Bordiss,Beigou,07.08.1994,China,wbordissmd@buzzfeed.com,+86-471-494-3929
Olga,Sneaker,Cairani,30.01.1972,Peru,osneakerme@boston.com,+51-164-611-1905
Tomaso,Fellman,San Francisco de la Paz,29.01.1976,Honduras,tfellmanmf@tinypic.com,+504-551-509-2879
Rois,Cappell,,,,rcappellmg@marketwatch.com,
Angel,Aleswell,Dalu,12.06.1950,China,aaleswellmh@msn.com,+86-122-796-2804
Amberly,Gratton,Moravský Beroun,10.02.1973,Czech Republic,agrattonmi@skype.com,+420-412-750-7313
Granny,Realff,Weizheng,10.09.1984,China,grealffmj@ovh.net,+86-491-629-6993
Elga,Grimsditch,Tianmuhu,26.09.1957,China,egrimsditchmk@smh.com.au,+86-188-234-2704
Merrill,Brameld,Az Zubaydāt,04.01.1960,Palestinian Territory,mbrameldml@alexa.com,+970-833-490-5594
Tomaso,Nizet,Yichun,15.09.1956,China,tnizetmm@java.com,+86-386-671-2565
Daffie,Leadstone,Xinbao,23.04.1996,China,dleadstonemn@paypal.com,+86-886-889-6258
Herbie,Downie,Gaotuan,03.12.1991,China,hdowniemo@answers.com,+86-285-321-0514
Gypsy,Consterdine,Lysá nad Labem,26.08.1973,Czech Republic,gconsterdinemp@google.fr,+420-568-746-8187
Averell,Hedley,Guandian,30.08.1968,China,ahedleymq@artisteer.com,+86-556-794-2457
Oralee,McLarens,Pedregal,22.04.1997,Panama,omclarensmr@wikia.com,+507-425-698-5491
Arly,Hebson,Siquirres,02.12.1991,Costa Rica,ahebsonms@nydailynews.com,+506-571-544-3745
Gardiner,Sherlock,Itapeva,21.01.1974,Brazil,gsherlockmt@npr.org,+55-300-263-2087
Selinda,Gilvary,Cuozheqiangma,31.01.1998,China,sgilvarymu@bizjournals.com,+86-482-158-0132
Renee,Greenslade,Thouars,19.06.1965,France,rgreenslademv@nih.gov,+33-603-963-6218
Oby,Balma,,,,obalmamw@sina.com.cn,
Lamond,Harpur,Nis’oni,06.12.1974,Indonesia,lharpurmx@fda.gov,+62-319-822-1775
Hube,MacCaughey,,,,,
Carolee,Midlar,,,,,
Joceline,Yarn,Turija,04.05.1992,Serbia,jyarnn0@ca.gov,+381-931-113-3751
Elsey,Peggram,Krajanbaturno,06.10.1972,Indonesia,epeggramn1@bizjournals.com,+62-538-888-1111
Brade,Skellen,Fengxi,27.06.1999,China,bskellenn2@privacy.gov.au,+86-854-910-5163
Franciskus,Thibodeaux,Puncakwangi,17.12.1995,Indonesia,fthibodeauxn3@imgur.com,+62-379-336-7118
Winnah,Bosomworth,Svorónos,10.07.1959,Greece,wbosomworthn4@huffingtonpost.com,+30-145-586-1982
Evelin,Aneley,Penteado,07.02.1987,Portugal,eaneleyn5@auda.org.au,+351-342-867-7071
Anne-corinne,Faunt,Dióni,22.01.1965,Greece,,+30-691-960-5057
Eachelle,Anderson,Shirbīn,10.08.1950,Egypt,,+20-386-914-9696
Kerrie,Duckering,Iizuka,04.08.1951,Japan,kduckeringn8@amazon.de,+81-583-909-8467
Bari,Rickett,Houzhen,16.10.1955,China,brickettn9@cargocollective.com,+86-808-670-8359
Alessandro,Keddle,Monte Francisco,07.08.1987,Portugal,akeddlena@va.gov,+351-335-469-1638
Meredith,Benam,Lanxi,07.06.1959,China,mbenamnb@mac.com,+86-758-908-3193
Peder,Willgress,Florencio Sánchez,30.09.1988,Uruguay,pwillgressnc@adobe.com,+598-434-376-2591
Wolfgang,Gott,Sanbao,12.02.1969,China,wgottnd@blogs.com,+86-803-859-5546
Kile,Dawkins,Saint-Maurice-l'Exil,24.08.1983,France,kdawkinsne@t.co,+33-621-180-4791
Lorine,Fenimore,Lobitos,17.09.1999,Peru,lfenimorenf@ted.com,+51-517-897-5468
Zilvia,Elldred,Isojoki,15.01.1967,Finland,zelldredng@vimeo.com,+358-343-266-5781
Zachary,Miko,Taposan,15.02.1983,Indonesia,zmikonh@about.com,+62-224-753-7873
Toby,Bortol,Pokrov,03.01.1993,Russia,tbortolni@google.es,+7-741-132-3595
Ingemar,McCardle,Seke,06.12.1982,China,imccardlenj@networksolutions.com,+86-456-969-6663
Garald,Kaser,Lynn,12.05.1992,United States,gkasernk@mozilla.com,+1-339-461-7173
Owen,Hargerie,Waxi,06.12.1970,China,,+86-667-925-3744
Allys,Cammish,Yajiang,27.08.1991,China,acammishnm@squidoo.com,+86-548-662-6895
Lori,Novotne,,,,lnovotnenn@shutterfly.com,
Klarrisa,Pontin,Sukamaju,05.03.1988,Indonesia,kpontinno@theatlantic.com,+62-323-890-4719
Matias,Bullman,Meiqi,14.02.1965,China,mbullmannp@artisteer.com,+86-436-916-4430
Mickey,McColgan,Hampton,12.06.1995,United States,mmccolgannq@unblog.fr,+1-757-823-8820
Leese,Macourek,Mawa,13.05.1983,Indonesia,lmacoureknr@t.co,+62-955-988-3784
Conrado,Pughsley,Nanlang,07.05.1957,China,cpughsleyns@typepad.com,+86-288-869-1221
Skell,Sarll,Shkodër,21.11.1976,Albania,ssarllnt@etsy.com,+355-635-229-7860
Sallyanne,Sumner,Brasília,03.02.1982,Brazil,ssumnernu@meetup.com,+55-565-844-4567
Prudi,Konzelmann,,,,pkonzelmannnv@ustream.tv,
Janeczka,Ronci,Jinling,15.09.1996,China,jroncinw@digg.com,+86-803-316-5187
Minnie,Mariaud,Sulyukta,07.11.1975,Kyrgyzstan,mmariaudnx@php.net,+996-385-728-5648
Symon,Geraud,Ancasti,29.06.1960,Argentina,sgeraudny@wp.com,+54-703-654-6120
Ruthe,Emmett,Longsha,24.03.1970,China,remmettnz@phoca.cz,+86-344-574-3113
Marissa,Giacopelo,,,,mgiacopeloo0@google.com.au,
Der,Boorn,Oekefan,22.06.1990,Indonesia,dboorno1@storify.com,+62-963-224-0324
Sunshine,Meffen,Guaimaca,14.04.1972,Honduras,,+504-125-251-3497
Philippe,Spenceley,Budayuan,10.04.1977,China,pspenceleyo3@storify.com,+86-528-589-1914
Raul,Crowder,Nueva Esperanza,17.04.1998,Mexico,rcrowdero4@jugem.jp,+52-784-682-3011
Vere,Carlozzi,Masindi,20.05.1972,Uganda,,+256-646-388-4214
Brianna,Dillaway,Châteauroux,11.05.1971,France,bdillawayo6@sourceforge.net,+33-306-474-9281
Kellina,Dudeney,Gaxung,26.03.1993,China,kdudeneyo7@digg.com,+86-333-914-1299
Gayle,Desantis,Mysove,14.03.1961,Ukraine,gdesantiso8@google.com.au,+380-550-670-7018
Lind,Farmery,Vahdat,05.04.1997,Tajikistan,lfarmeryo9@quantcast.com,+992-807-223-6891
Jobye,Macauley,Wujian,15.06.1951,China,jmacauleyoa@zdnet.com,+86-603-472-5473
Brannon,Angove,København,11.06.1954,Denmark,bangoveob@w3.org,+45-126-318-3820
Vanna,Mirando,Karangasem,12.06.1965,Indonesia,vmirandooc@sohu.com,+62-980-821-0294
Tildie,Domanski,Magadan,16.10.1990,Russia,,+7-952-640-0470
Lek,Abrahm,Frankfort,21.10.1981,United States,,+1-502-177-1900
Kaela,Lendon,Špišić-Bukovica,27.07.1968,Croatia,klendonof@foxnews.com,+385-890-778-5815
Iorgo,Cuel,,,,icuelog@google.cn,
Farra,McGenn,Berlín,06.03.1999,El Salvador,fmcgennoh@hao123.com,+503-743-835-6745
Emory,Mannock,Kertapura,03.12.1969,Indonesia,,+62-450-286-9747
Elka,Haskell,,,,ehaskelloj@mtv.com,
Gerladina,O'Dunneen,Cikai,12.01.1962,China,godunneenok@illinois.edu,+86-217-790-6328
Shari,Arnault,Rongxing,10.03.1995,China,sarnaultol@qq.com,+86-949-921-0449
Northrup,Battell,U Minh,06.10.1995,Vietnam,nbattellom@discuz.net,+84-457-940-3069
Pansy,Jakaway,Sanlidian,30.08.1988,China,pjakawayon@studiopress.com,+86-992-247-8494
Renata,Brack,,,,rbrackoo@1und1.de,
Meryl,Castana,Det Udom,03.07.1958,Thailand,mcastanaop@mysql.com,+66-471-667-9367
Tracee,Grant,Corrientes,20.01.1963,Argentina,tgrantoq@hc360.com,+54-231-513-9446
Milt,Allerton,Ciawitali,10.03.1996,Indonesia,mallertonor@posterous.com,+62-462-964-0138
Teodoor,Longford,London,30.12.1960,United States,tlongfordos@blog.com,+1-606-282-9940
Kendell,Chessell,Lidköping,05.07.1957,Sweden,kchessellot@typepad.com,+46-500-810-3213
Marilyn,Pelling,Ndibène Dahra,18.05.1956,Senegal,mpellingou@wsj.com,+221-606-795-3959
Eachelle,Hugenin,Sarlat-la-Canéda,11.03.1981,France,ehugeninov@cam.ac.uk,+33-513-231-6460
Quintina,Tayspell,,,,qtayspellow@columbia.edu,
Murdoch,Ganter,Uthai Thani,17.03.1958,Thailand,mganterox@hc360.com,+66-205-535-7753
Zebedee,MacClay,Gangba,09.07.1950,China,zmacclayoy@vimeo.com,+86-605-723-3653
Kristoforo,Veldens,Xinsheng,15.12.1989,China,,+86-691-943-8031
Xena,Moller,,,,xmollerp0@blinklist.com,
Adelina,Bolderoe,Sokyryany,26.09.1962,Ukraine,,+380-632-843-9503
Esmeralda,Ranscomb,Caucete,25.10.1958,Argentina,eranscombp2@ft.com,+54-100-486-6776
Brigit,Blair,Kahama,24.09.1998,Tanzania,bblairp3@cam.ac.uk,+255-518-190-4116
Adria,Amorine,Rovnoye,30.01.1979,Russia,aamorinep4@engadget.com,+7-299-849-9162
Trudi,O' Sullivan,Dieppe,05.05.1962,France,tosullivanp5@topsy.com,+33-501-992-8779
Bill,Clough,Fu’an,03.07.1988,China,bcloughp6@irs.gov,+86-975-714-9710
Cristy,Croad,Kalijeruk,02.04.1959,Indonesia,ccroadp7@360.cn,+62-584-851-0893
Konstantin,Langworthy,Jonkowo,09.06.1996,Poland,klangworthyp8@angelfire.com,+48-499-727-6989
Willetta,Medeway,Shilipu,21.07.1973,China,wmedewayp9@youtube.com,+86-820-529-4527
Ermentrude,Adnams,Phunphin,12.04.1950,Thailand,eadnamspa@moonfruit.com,+66-777-187-3233
Conrade,Ganders,Armenia,17.10.1953,Philippines,,+63-747-560-4407
Kerri,Matuskiewicz,Stockton,07.09.1950,United States,kmatuskiewiczpc@eepurl.com,+1-209-739-3838
Ricoriki,Manssuer,Halimpu,18.08.1994,Indonesia,rmanssuerpd@nytimes.com,+62-699-584-1599
Gweneth,McKearnen,Nam Đàn,28.07.1988,Vietnam,gmckearnenpe@cyberchimps.com,+84-717-331-1926
Laurene,Meak,Asembagus,20.08.1966,Indonesia,lmeakpf@ow.ly,+62-444-548-0617
Tan,Jachtym,Bangkal,16.06.1998,Indonesia,tjachtympg@amazonaws.com,+62-379-973-1474
Kasey,Skerrett,Ölgiy,04.12.1989,Mongolia,,+976-580-132-7017
Maurits,Scranney,Houten,04.03.1952,Netherlands,,+31-568-641-8661
Ingra,Langstrath,Niandou,23.05.1968,China,,+86-335-169-4148
Elke,Crosetto,Jiazhuang,14.01.1979,China,ecrosettopk@e-recht24.de,+86-995-150-0234
Nial,Yeo,Querocotillo,13.05.1989,Peru,nyeopl@slideshare.net,+51-112-309-8129
Aron,Elderkin,Muqui,01.08.1950,Peru,aelderkinpm@washingtonpost.com,+51-811-887-9465
Maudie,Pickburn,Gangtun,25.05.1959,China,mpickburnpn@mit.edu,+86-909-499-6443
Ulrica,Metherell,,,,umetherellpo@g.co,
Steffie,Pauli,Waekolong,11.07.1997,Indonesia,spaulipp@friendfeed.com,+62-611-222-6922
Angil,Maren,La Concepción,18.06.1957,Nicaragua,amarenpq@miibeian.gov.cn,+505-542-155-5485
Fanya,Urwen,Waipare,22.04.1962,Indonesia,furwenpr@domainmarket.com,+62-626-373-5889
Cyb,Clayill,Linstead,30.08.1989,Jamaica,cclayillps@cdc.gov,+1-701-165-6486
Donn,Salman,Chuanpu,30.06.1981,China,dsalmanpt@chicagotribune.com,+86-297-801-0955
Karlene,Simak,,,,ksimakpu@bigcartel.com,
Oswald,Montez,Viitasaari,07.11.1977,Finland,omontezpv@simplemachines.org,+358-817-858-8894
Skippy,Ivakhno,Brooklyn,31.07.1992,New Zealand,sivakhnopw@mac.com,+64-948-339-9577
Ernestus,Bridgett,,,,ebridgettpx@google.fr,
Whittaker,Rawles,Micheng,11.03.1980,China,wrawlespy@drupal.org,+86-381-109-6696
Carlynn,Courtin,,,,ccourtinpz@istockphoto.com,
Elvina,Cains,Ninghai,12.02.1990,China,,+86-675-560-2615
Normie,Plak,Dapchi,26.11.1980,Nigeria,nplakq1@tmall.com,+234-606-918-4498
Nero,Passey,,,,npasseyq2@globo.com,
Phylis,Mountstephen,Rozhdestveno,10.03.1994,Russia,,+7-827-590-0592
Holly-anne,Tebbe,Lófos,25.05.1962,Greece,htebbeq4@nytimes.com,+30-537-112-4613
Graehme,Genicke,Zudun,27.05.1962,China,,+86-422-980-7457
Puff,Benko,Khānaqāh,06.02.1982,Afghanistan,,+93-605-180-6240
Bay,Kamena,Jinlong,04.01.1998,China,bkamenaq7@google.fr,+86-716-407-1573
Neysa,Gavey,Mekarsari,09.09.1961,Indonesia,,+62-680-918-6361
Rex,Oger,Capela,28.12.1995,Portugal,rogerq9@simplemachines.org,+351-790-240-9646
Jessica,Gilyatt,Namangan,08.11.1973,Uzbekistan,jgilyattqa@sbwire.com,+998-669-659-6529
Celestia,Kornyshev,Drnje,09.06.1969,Croatia,ckornyshevqb@shareasale.com,+385-182-984-7372
Kipp,Summerly,Siyang,23.03.1959,China,,+86-900-426-9096
Alvina,Hampstead,Shahrak,14.11.1998,Afghanistan,ahampsteadqd@usa.gov,+93-703-499-1908
Jakob,De Laspee,,,,jdelaspeeqe@globo.com,
Bekki,Robertz,Changning,17.03.1965,China,,+86-340-545-5218
Adler,Tradewell,Baihe,04.07.1997,China,,+86-638-561-1765
Shandee,Shimmans,Mutā Khān,11.03.1979,Afghanistan,sshimmansqh@unesco.org,+93-688-465-9639
Abby,Pococke,Nidri,14.07.1984,Greece,apocockeqi@imgur.com,+30-219-511-8166
Mariejeanne,Kenny,Argayash,02.12.1997,Russia,,+7-279-833-0001
Westley,Wescott,Jurangjero,21.06.1990,Indonesia,wwescottqk@g.co,+62-259-707-7689
Alysa,McCane,Armentières,20.11.1973,France,amccaneql@wikispaces.com,+33-742-222-1861
Melly,Scrase,Sandao,27.12.1991,China,mscraseqm@tripadvisor.com,+86-822-203-5074
Denny,Madison,Banyo,11.02.1953,Cameroon,dmadisonqn@ezinearticles.com,+237-234-117-4695
Kerry,Ivakhin,Fengqiao,30.03.1965,China,kivakhinqo@cargocollective.com,+86-760-123-6464
Cyndia,Taphouse,Nanxia,10.06.1969,China,ctaphouseqp@reverbnation.com,+86-225-107-2502
Marlena,Pashler,Dailekh,22.01.1972,Nepal,,+977-328-161-7119
Alene,Meates,Bylym,10.02.1987,Russia,,+7-980-288-4392
Giacomo,Jochen,Kisela Voda,15.06.1960,Macedonia,gjochenqs@va.gov,+389-107-706-5460
Melodee,Bonett,Tijucas,20.11.1985,Brazil,mbonettqt@soundcloud.com,+55-523-241-7148
Tulley,Baversor,Marianowo,25.06.1991,Poland,tbaversorqu@163.com,+48-255-795-9776
Jillayne,Sollon,Miandrivazo,16.07.1985,Madagascar,jsollonqv@alibaba.com,+261-891-847-9483
Earvin,Jelks,Lyubokhna,16.12.1961,Russia,ejelksqw@etsy.com,+7-143-426-2950
Margaux,Oxterby,Lugar Novo,14.08.1961,Portugal,moxterbyqx@nba.com,+351-358-738-0975
Valida,Kinworthy,Machetá,29.03.1968,Colombia,vkinworthyqy@ucla.edu,+57-685-889-1869
Adelaide,Echlin,Shenjing,15.05.1980,China,aechlinqz@dailymail.co.uk,+86-811-499-8757
Neville,Scheu,San Antonio de los Baños,19.01.1986,Cuba,nscheur0@macromedia.com,+53-944-107-3288
Ariadne,Boutcher,Luopu,02.05.1958,China,aboutcherr1@java.com,+86-210-622-2270
Brandise,Culpen,Cerme Kidul,18.06.1990,Indonesia,bculpenr2@spotify.com,+62-894-899-4822
Gabie,Saladino,Yanglinwei,04.11.1956,China,,+86-477-975-1913
Roselia,Weild,Hetang,04.07.1959,China,rweildr4@amazon.de,+86-653-216-1205
Lin,Swansbury,Nevers,21.03.1959,France,lswansburyr5@kickstarter.com,+33-634-907-8598
Kellia,Glaister,Karangnongko,20.03.1971,Indonesia,,+62-132-431-9330
Lilyan,Week,Laocheng,29.06.1980,China,lweekr7@studiopress.com,+86-992-465-4457
Griselda,Postance,,,,gpostancer8@nifty.com,
Elmore,Bushel,Agkathiá,15.04.1970,Greece,ebushelr9@cbc.ca,+30-238-505-5057
Tildie,Worg,Ntaur Satu,11.06.1973,Indonesia,tworgra@dell.com,+62-814-645-3307
Engelbert,Iron,Yanwan,11.07.1970,China,eironrb@weebly.com,+86-275-957-2558
Darbie,Friedlos,Rizal,06.03.1997,Philippines,,+63-245-844-8243
Elna,Wontner,Banepa,18.06.1981,Nepal,ewontnerrd@unblog.fr,+977-556-566-0127
Elianora,Ginner,Naberera,09.05.1959,Tanzania,eginnerre@booking.com,+255-380-743-1128
Putnem,Allmen,Patenongan,23.10.1992,Indonesia,pallmenrf@mayoclinic.com,+62-931-914-2255
Hurley,Adess,Jingyao,02.06.1983,China,hadessrg@artisteer.com,+86-864-351-0855
Jeanna,Meates,Puncakwangi,15.01.1995,Indonesia,jmeatesrh@fc2.com,+62-943-701-3036
Helyn,Kingwell,Raman,14.01.1999,Thailand,hkingwellri@canalblog.com,+66-664-162-4336
Delinda,Woodrooffe,Vladislav,01.08.1970,Czech Republic,dwoodroofferj@marriott.com,+420-676-455-3423
Heloise,Nickolls,Yuyang,16.06.1995,China,hnickollsrk@vinaora.com,+86-607-853-2346
Clevey,Layland,Krzyżowice,16.03.1990,Poland,claylandrl@1und1.de,+48-204-139-9874
Shaylyn,Wayte,Belén,31.12.1994,Uruguay,swayterm@un.org,+598-873-524-7679
Francklyn,Poncet,Bagong Barrio,23.06.1976,Philippines,fponcetrn@mediafire.com,+63-806-670-8853
Camey,Cruikshanks,Sopla,21.11.1969,Indonesia,ccruikshanksro@answers.com,+62-366-858-6880
Roselia,Hales,Dahongmen,29.10.1996,China,rhalesrp@ftc.gov,+86-391-488-4997
Luci,Cloake,Luxi,17.11.1976,China,lcloakerq@technorati.com,+86-745-225-2317
Marleen,Bromage,Şanā’,01.01.1991,Yemen,,+967-912-197-4683
