first_name,last_name,birth_place,birth_date,country_living_in,email,phone
Ricki,Sporner,Luxi,07/28/1998,China,rsporner0@quantcast.com,451-754-0340
Dania,Podmore,Juai,11/15/1959,Indonesia,,779-796-0771
Harri,Rolley,Gunjur,11/10/1973,Gambia,hrolley2@cisco.com,677-773-7865
Agathe,Kolodziej,Yuantan,04/23/1983,China,akolodziej3@flickr.com,413-179-6256
Dyane,O' Loughran,Xing’an,03/10/1991,China,,189-962-4933
Wilhelmina,Hortop,Jitan,07/11/1953,China,whortop5@typepad.com,569-333-2338
Tynan,Heasly,Al Hufūf,06/15/1985,Saudi Arabia,theasly6@yelp.com,281-344-0143
Gallard,Crippill,Purísima,12/31/1958,Colombia,gcrippill7@eventbrite.com,242-917-1318
Andris,Doughton,Pasar,11/19/1993,Indonesia,adoughton8@acquirethisname.com,356-946-3214
Eduardo,Burgen,Dashi,01/12/1998,China,eburgen9@blogger.com,390-202-5771
Allina,Crookston,Wolowiro,08/21/1989,Indonesia,acrookstona@newyorker.com,448-336-1159
Cosetta,Snooks,Shengze,05/26/1983,China,csnooksb@about.com,229-403-6475
Adriaens,MacGlory,Gobojango,02/02/1971,Botswana,amacgloryc@washingtonpost.com,844-336-7544
Nevsa,Whitticks,Bomomani,10/01/1972,Indonesia,nwhitticksd@livejournal.com,815-895-0128
Rafi,Malshinger,Viñac,04/16/1985,Peru,rmalshingere@nyu.edu,311-972-6218
Ellerey,Brende,Yanglang,04/07/1964,China,ebrendef@usgs.gov,565-522-2272
Yetta,Winning,Fairview,04/29/1993,Canada,ywinningg@discovery.com,326-319-5331
Lek,Eland,Ollantaytambo,12/09/1952,Peru,lelandh@mac.com,368-579-3436
Raquela,Stenton,Harian,10/07/1999,Indonesia,,260-259-4673
Brynn,Saipy,Masons Bay,12/25/1950,Bahamas,bsaipyj@behance.net,638-102-3788
Annora,Vinau,Huanggang,11/29/1997,China,avinauk@fastcompany.com,979-413-6997
Walsh,Ferrige,Sapu Padidu,02/22/1978,Philippines,wferrigel@ycombinator.com,210-443-3584
Drucill,St. John,Shichuan,08/04/1976,China,dstjohnm@japanpost.jp,362-162-2238
Vida,Kolushev,Tembau,01/23/1995,Indonesia,vkolushevn@indiatimes.com,355-565-5411
Corty,Blader,Swiętajno,06/09/1986,Poland,cbladero@patch.com,604-603-9165
Poppy,Norsister,Matagami,04/17/1961,Canada,pnorsisterp@de.vu,833-830-6107
Von,Hayman,Wola Uhruska,06/15/1963,Poland,vhaymanq@google.cn,750-220-2187
Tani,Cluckie,Banyuresmi,04/18/1957,Indonesia,tcluckier@about.me,838-599-6135
Linus,Ridsdole,Petrovskiy,02/13/1977,Russia,lridsdoles@acquirethisname.com,366-847-1688
Port,Buddell,Ágios Andréas,09/18/1961,Greece,pbuddellt@mtv.com,620-981-0411
Mylo,By,Maracaju,11/15/1983,Brazil,mbyu@quantcast.com,863-206-5785
Mischa,Kernermann,Kōchi-shi,05/01/1972,Japan,mkernermannv@ox.ac.uk,864-507-3342
Tristan,Persitt,,,,,
Brear,Minchinden,Gowa,08/15/1999,Indonesia,bminchindenx@acquirethisname.com,628-879-5731
Andrus,Lewcock,Ueki,01/03/1992,Japan,alewcocky@europa.eu,637-956-3105
Kathy,Slatter,Haruai,07/02/1974,Indonesia,kslatterz@bravesites.com,254-185-7568
Susie,Trippack,Stockholm,10/07/1954,Sweden,strippack10@google.it,166-848-2963
Beulah,Yatman,Poções,09/18/1967,Brazil,byatman11@java.com,100-743-6579
Jamill,Glanfield,Anmore,12/13/1992,Canada,jglanfield12@odnoklassniki.ru,194-335-6356
Elise,Lodin,Markópoulo,10/11/1950,Greece,elodin13@ucla.edu,575-633-7460
Welsh,Dawltrey,Kuanda,07/26/1989,Russia,wdawltrey14@examiner.com,861-879-2520
Kiley,Munns,Cankuzo,02/04/1966,Burundi,kmunns15@cmu.edu,979-998-7591
Miltie,Rumke,Vakhrushi,04/17/1973,Russia,mrumke16@macromedia.com,914-400-0906
Blair,Hooke,Fenkeng,08/11/1999,China,bhooke17@ca.gov,744-313-1765
Phebe,De la Perrelle,Lyon,04/23/1955,France,pdelaperrelle18@bbc.co.uk,897-507-4786
Gina,Zemler,,,,gzemler19@mit.edu,
Bab,Lunk,Nova Iguaçu,01/28/1994,Brazil,blunk1a@dot.gov,768-963-6196
Marthena,Paolotto,Jednorożec,06/04/1996,Poland,mpaolotto1b@domainmarket.com,407-700-0411
Chuck,Cowely,Anjepy,10/09/1952,Madagascar,ccowely1c@sun.com,144-588-0019
Julianna,Garrard,Abashiri,07/20/1980,Japan,jgarrard1d@fema.gov,542-599-0828
Humfried,Klasen,Araulí,01/09/1972,Honduras,hklasen1e@imageshack.us,472-132-1266
Sargent,Gutch,Tangkolo,11/07/1988,Indonesia,sgutch1f@fotki.com,239-707-2358
Ty,Flacknell,,,,tflacknell1g@japanpost.jp,
Guillema,Dermot,Prawdzinski,08/05/1999,Belarus,gdermot1h@webeden.co.uk,408-898-8445
Else,Marrows,Dulce Nombre de Culmí,10/10/1987,Honduras,emarrows1i@g.co,886-967-6466
Enos,Suffe,Tomari,06/05/1958,Russia,esuffe1j@cnet.com,140-787-8542
Kev,Fury,Sasovo,09/06/1986,Russia,kfury1k@cdbaby.com,102-764-5801
Aggy,Fearnley,Basel,08/03/1978,Switzerland,afearnley1l@ucoz.com,287-410-6485
Lindsay,Mountford,Mikumi,03/19/1983,Tanzania,lmountford1m@thetimes.co.uk,313-946-2693
Doria,Trahair,Pazin,12/12/1971,Croatia,dtrahair1n@statcounter.com,911-742-3643
Pernell,Andreone,Portland,06/21/1995,United States,pandreone1o@php.net,971-881-1597
Witty,Gunning,Żywiec,04/26/1993,Poland,wgunning1p@ehow.com,703-148-7653
Pail,Tuffell,Changzheng,09/02/1970,China,ptuffell1q@sbwire.com,710-101-9470
Clareta,Kundt,Portalegre,06/30/1982,Portugal,ckundt1r@dion.ne.jp,885-952-1658
Flori,Arderne,Taoyuan,03/21/1972,China,farderne1s@cdbaby.com,182-266-5882
Andre,Brocking,Amherstburg,07/01/1964,Canada,abrocking1t@eventbrite.com,944-932-2618
Ruby,Bowld,Simenqian,12/11/1970,China,rbowld1u@hao123.com,989-664-6219
Asa,Linnane,,,,,
Lynnell,Dursley,Kilim,01/20/1995,Philippines,ldursley1w@twitpic.com,355-824-7946
Waldemar,Sotheron,,,,wsotheron1x@utexas.edu,
Thibaud,Suscens,Ash Shuhadā’,02/21/1952,Egypt,tsuscens1y@people.com.cn,858-497-5441
Melodee,Askell,Mahābād,08/24/1979,Iran,maskell1z@sun.com,285-469-6575
Sal,Cicchillo,Fermont,11/07/1997,Canada,scicchillo20@domainmarket.com,341-654-1247
Hernando,Arnaldy,Budy,08/25/1981,Ukraine,harnaldy21@sogou.com,382-316-5311
Eachelle,Dubique,Wolomarang,01/26/1968,Indonesia,edubique22@mac.com,564-777-2783
Jaime,Coulton,,,,,
Kristel,Loraine,Feijó,08/11/1990,Brazil,kloraine24@army.mil,575-414-9365
Nell,Cordey,Eleftheroúpolis,02/12/1991,Greece,,981-207-4152
Wendel,Crawshaw,Livramento,02/08/1983,Portugal,wcrawshaw26@usda.gov,212-223-3870
Thorpe,Folkes,Minyue,06/15/1995,China,tfolkes27@cyberchimps.com,493-514-7053
Minny,Romke,Salto de Pirapora,02/14/1963,Brazil,mromke28@jugem.jp,864-851-0710
Giulio,Maeer,Matviyivka,10/23/1987,Ukraine,gmaeer29@wix.com,722-592-8704
Carree,Baleine,Vostryakovo,05/23/1959,Russia,cbaleine2a@nytimes.com,975-461-6658
Aurore,Townes,Anserma,08/27/1961,Colombia,atownes2b@networkadvertising.org,470-433-2847
Morse,Flindall,Cantagallo,06/29/1969,Colombia,mflindall2c@apple.com,200-623-7551
Derry,Kew,Vievis,05/24/1985,Lithuania,,874-933-5655
Hastie,Ragbourn,Beiyang,05/21/1994,China,hragbourn2e@reverbnation.com,261-702-2020
Delilah,Pickance,El Lolo,05/21/1969,Honduras,dpickance2f@zdnet.com,295-113-2667
Maximilian,Sillars,Borehbangle,04/14/1979,Indonesia,msillars2g@hexun.com,951-237-6272
Humphrey,Smales,Virovitica,11/26/1987,Croatia,hsmales2h@mapy.cz,691-469-1517
Marlo,Luttger,Valera,04/19/1986,Venezuela,mluttger2i@springer.com,527-685-6642
Lennie,Inmett,Yangying,05/09/1985,China,linmett2j@delicious.com,103-666-9400
Claudia,Whetson,Gombangan,09/18/1984,Indonesia,cwhetson2k@yahoo.co.jp,964-805-8549
Coleen,Pollastrone,Smålandsstenar,05/28/1953,Sweden,cpollastrone2l@fda.gov,187-512-2965
Dyanne,Westnedge,Outeiro,09/29/1968,Portugal,dwestnedge2m@hao123.com,399-444-1515
Keane,Boast,Sayang Lauq,09/25/1964,Indonesia,kboast2n@nhs.uk,143-340-8601
Myer,Pisculli,Bzenec,01/22/1996,Czech Republic,mpisculli2o@typepad.com,611-312-6931
Lindie,Meech,Pallasovka,04/29/1976,Russia,lmeech2p@mozilla.com,332-386-0288
Christophe,Duval,Futuroscope,01/05/1976,France,cduval2q@devhub.com,420-284-4243
Gianni,Oughtright,Kawaliwu,04/14/1968,Indonesia,goughtright2r@wufoo.com,744-645-0706
Lesley,Emmer,Rychtal,03/30/1960,Poland,lemmer2s@redcross.org,104-384-0612
Biddy,Nend,Novosibirsk,01/26/1958,Russia,bnend2t@miitbeian.gov.cn,920-249-9193
Danny,Luca,Magbay,12/31/1954,Philippines,dluca2u@house.gov,919-229-1930
Mari,Lampel,Kharagauli,11/05/1953,Georgia,mlampel2v@amazon.com,674-925-5782
Axel,Ruperti,Pangani,07/21/1965,Tanzania,aruperti2w@icio.us,974-889-2934
Bax,Giacopazzi,Yixingfu,06/14/1986,China,bgiacopazzi2x@discuz.net,128-947-3454
Gard,Colloby,Chongjin,08/11/1980,North Korea,gcolloby2y@statcounter.com,691-993-9808
Elvera,Almey,Zheng’an,01/16/1980,China,ealmey2z@salon.com,477-337-9972
Saunderson,Benedyktowicz,Chaloem Phra Kiat,10/23/1959,Thailand,sbenedyktowicz30@chicagotribune.com,291-583-8702
Sigfrid,Britto,Pancoran,09/30/1955,Indonesia,sbritto31@hexun.com,909-275-7307
Carolin,Corkish,,,,ccorkish32@foxnews.com,
Goldi,Dimmick,,,,gdimmick33@hostgator.com,
Solly,Fitchell,Menggala,06/27/1965,Indonesia,sfitchell34@e-recht24.de,890-970-5654
Shurlocke,Toffolo,Planá,02/27/1997,Czech Republic,stoffolo35@unesco.org,958-785-2423
Killy,Rosling,Kaem,04/27/1960,Indonesia,krosling36@list-manage.com,674-159-8640
Cammy,Renoden,Cartagena,08/16/1954,Chile,crenoden37@ibm.com,621-634-6375
Kristal,Loadwick,Olsztynek,11/08/1968,Poland,kloadwick38@google.es,377-794-4914
Paten,Mumm,Sakaraha,05/07/1963,Madagascar,pmumm39@cmu.edu,989-127-4490
Kalvin,Boxer,Sut-Khol’,11/26/1956,Russia,,989-806-2778
Lowell,MacLardie,Huating,10/17/1960,China,lmaclardie3b@dell.com,624-608-9105
Aldric,Stephens,Cầu Giát,09/24/1985,Vietnam,,477-542-8895
Diahann,Rough,Ruy Barbosa,07/29/1977,Brazil,,927-740-3535
Gussi,Bampforth,Warungawi,03/03/1977,Indonesia,gbampforth3e@lulu.com,384-644-7744
Borg,Tregenna,,,,btregenna3f@google.ru,
Calli,Shippard,Aknoul,05/22/1972,Morocco,cshippard3g@geocities.jp,160-306-7808
Caroljean,Layzell,,,,clayzell3h@usgs.gov,
Sherry,Kinde,Alingsås,05/24/1961,Sweden,,923-774-4598
Erina,Prover,Tarhuna,08/18/1988,Libya,eprover3j@forbes.com,626-920-0939
Bette-ann,Held,Strzelce Krajeńskie,11/04/1974,Poland,bheld3k@baidu.com,698-638-9739
Roxanna,Tamplin,Emiliano Zapata,02/05/1994,Mexico,rtamplin3l@spiegel.de,311-140-7947
Valentijn,MacMearty,Amolatar,06/15/1969,Uganda,vmacmearty3m@free.fr,553-429-0398
Dot,Darley,Málaga,10/20/1957,Colombia,ddarley3n@archive.org,372-529-6977
Alissa,Clerc,Hiroshima-shi,06/07/1960,Japan,aclerc3o@google.co.jp,209-848-4040
Emlynne,Chitter,Vimieiro,06/12/1978,Portugal,echitter3p@google.com.br,928-749-9337
Gerik,Payne,Yorosso,05/23/1998,Mali,gpayne3q@squidoo.com,523-102-6793
Jermayne,Brocket,Bayān,05/12/1965,Kuwait,jbrocket3r@mtv.com,100-388-2051
Brewer,Ruspine,El Retiro,12/19/1956,Colombia,bruspine3s@comcast.net,278-612-7481
Ferrel,Botly,Nanhe,01/02/1993,China,fbotly3t@jugem.jp,219-340-6629
Anthia,Bartozzi,Palompon,02/19/1988,Philippines,abartozzi3u@usgs.gov,672-205-8415
Abelard,Annett,Potikosin,05/17/1979,Indonesia,aannett3v@state.gov,724-323-6925
Fidole,Cunrado,Macas,12/15/1994,Ecuador,fcunrado3w@xing.com,435-237-3538
Penn,Wolton,Wielichowo,07/24/1998,Poland,pwolton3x@wp.com,926-125-0932
Antony,Michieli,,,,amichieli3y@ted.com,
Tyrone,Biddleston,Jagong,05/25/1968,Indonesia,tbiddleston3z@amazon.co.uk,726-895-8080
Ferdinanda,Bye,Little Rock,05/16/1958,United States,fbye40@smh.com.au,501-858-0932
Hanna,Behan,,,,,
Randy,Munslow,Ngangguk,06/12/1976,Indonesia,,839-971-1669
Web,Ert,Camangcamang,08/31/1980,Philippines,wert43@edublogs.org,784-398-3025
Romola,Zorzini,Ikar,03/07/1961,Indonesia,rzorzini44@bluehost.com,521-647-8656
Breanne,Embleton,Sumberpucung,11/16/1983,Indonesia,bembleton45@pcworld.com,629-620-4069
Karylin,Wallington,Växjö,04/30/1967,Sweden,kwallington46@nature.com,609-473-5751
Tomas,Kennsley,Belz,03/25/1993,Ukraine,tkennsley47@github.com,467-225-8243
Meghan,Ritchie,Novyy Uoyan,02/21/1954,Russia,mritchie48@wikispaces.com,383-812-1178
Berty,McGuggy,Ta Phraya,07/09/1971,Thailand,bmcguggy49@sfgate.com,724-403-4704
Carleton,Verrills,Santa Cruz de Yojoa,07/05/1984,Honduras,cverrills4a@ebay.com,662-464-8333
Clea,Kordas,Prado,03/02/1998,Colombia,ckordas4b@mediafire.com,960-427-9820
Hugues,Grose,Chengbei,10/10/1973,China,hgrose4c@example.com,946-436-8844
Florie,Rigmand,La Estancia,07/12/1964,Honduras,frigmand4d@indiatimes.com,564-530-5535
Boony,Hansemann,Korenëvo,02/28/1975,Russia,bhansemann4e@mit.edu,132-109-2817
Marco,Najara,Yelenendorf,01/18/1988,Azerbaijan,mnajara4f@sitemeter.com,710-891-9823
Nettie,Fernihough,Gornja Koprivna,03/25/1979,Bosnia and Herzegovina,nfernihough4g@com.com,442-850-9398
Harris,Cockley,Purong,12/18/1973,China,hcockley4h@hp.com,380-999-0571
Donia,Wem,Kibondo,03/23/1956,Tanzania,dwem4i@xing.com,166-636-2421
Barnett,Lufkin,Michałowo,08/11/1968,Poland,blufkin4j@stumbleupon.com,363-440-4695
Bradan,Mill,Alor Setar,11/27/1957,Malaysia,bmill4k@forbes.com,810-388-1567
Sebastien,Yakolev,Chengguan,02/04/1966,China,syakolev4l@t-online.de,801-461-9314
Donaugh,Goulding,Donglai,08/23/1994,China,dgoulding4m@hugedomains.com,323-103-4065
Alejandra,Blas,Yanshi,12/31/1973,China,ablas4n@jigsy.com,315-995-4900
Derry,Rowntree,,,,,
Xaviera,Andries,Kuče,10/13/1953,Croatia,,869-794-9985
Etienne,Boldry,Yanyang,12/27/1979,China,eboldry4q@chron.com,659-283-4370
Zacherie,Drage,Nancheng,05/13/1964,China,,309-353-6816
Anna-diane,Manilove,Ixopo,08/27/1969,South Africa,amanilove4s@army.mil,295-311-4721
Reube,Attwood,,,,,
Koo,Feron,Masḩah,12/02/1971,Palestinian Territory,,235-832-0800
Milo,Faudrie,Sunampe,04/26/1969,Peru,mfaudrie4v@4shared.com,458-546-4870
Neysa,Torrese,Bronnitsy,06/03/1990,Russia,ntorrese4w@theguardian.com,559-474-2715
Bobine,Doe,Schiltigheim,09/08/1988,France,bdoe4x@house.gov,461-811-7430
Mike,Rosborough,Castilla,02/09/1984,Philippines,mrosborough4y@nih.gov,652-756-3850
Gusty,Skein,Angers,10/05/1959,France,gskein4z@symantec.com,611-514-7193
Hana,Davydoch,Narvacan,03/12/1983,Philippines,hdavydoch50@house.gov,121-582-6255
Win,Lancetter,Uppsala,06/19/1957,Sweden,wlancetter51@mail.ru,115-525-5758
Horacio,Whiffin,Bobrovka,10/30/1961,Russia,,661-200-8549
Tamar,Groarty,Klaeng,10/13/1988,Thailand,tgroarty53@vk.com,911-322-9446
Swen,Daulton,Tuamese,04/09/1989,Indonesia,sdaulton54@imdb.com,244-675-5833
Nanice,Killiner,Tingloy,11/20/1978,Philippines,nkilliner55@cyberchimps.com,591-865-4060
Tammy,Dorcey,Gonzalo Pizarro,11/18/1955,Ecuador,tdorcey56@tiny.cc,736-491-5142
Ephraim,Figgures,,,,efiggures57@digg.com,
Carlin,De Witt,Jiaocheng,08/16/1965,China,cdewitt58@list-manage.com,563-815-0405
Erena,Rymer,,,,erymer59@devhub.com,
Melli,Juanes,El Triunfo,03/22/1967,Honduras,mjuanes5a@apache.org,187-810-5257
Tony,Tym,Mundolsheim,12/05/1986,France,ttym5b@blog.com,346-458-3733
Petronille,Habbert,Saguday,09/29/1998,Philippines,phabbert5c@bandcamp.com,286-853-5984
Ekaterina,Dennert,May Pen,05/25/1982,Jamaica,edennert5d@hao123.com,328-311-5690
Lionel,Davidde,,,,ldavidde5e@redcross.org,
Corliss,Munson,Sezemice,08/31/1954,Czech Republic,,198-822-8782
Caleb,Lackney,Centurion,01/28/1976,South Africa,clackney5g@t.co,693-697-4892
Gilberta,Vondrak,Linfen,09/24/1950,China,gvondrak5h@sphinn.com,196-877-1074
Trescha,Heugh,,,,theugh5i@go.com,
Rees,Pearn,Kendung Timur,07/27/1993,Indonesia,rpearn5j@nasa.gov,700-848-2052
Stacia,Rodinger,'s-Hertogenbosch,03/17/1965,Netherlands,srodinger5k@a8.net,722-455-9742
Concettina,Geffcock,Talipan,07/18/1971,Philippines,cgeffcock5l@twitpic.com,227-896-8262
Mamie,Riglesford,Castellon De La Plana/Castello De La Pla,04/29/1963,Spain,mriglesford5m@engadget.com,652-668-5436
Crissie,Traves,Thatèng,01/30/1951,Laos,ctraves5n@independent.co.uk,569-385-2325
Corny,Doctor,Pabean,04/22/1986,Indonesia,,525-993-5785
Evvy,Gummer,Heping,08/02/1965,China,egummer5p@cbslocal.com,153-816-6444
Erroll,Durker,Besao,11/07/1990,Philippines,edurker5q@newyorker.com,626-568-6343
Dev,Plumbe,Åhus,04/29/1960,Sweden,dplumbe5r@princeton.edu,276-503-1912
Pattie,Culham,Rontu,02/01/1962,Indonesia,,564-208-4436
Marylynne,Domenico,Kolo,08/10/1979,Indonesia,mdomenico5t@usa.gov,490-472-6988
Rad,Hardy,Sanshui,04/09/1962,China,rhardy5u@hibu.com,143-590-8925
Melina,Meriott,Siedleczka,05/12/1996,Poland,,336-109-2154
Debee,Chazotte,Ponggok,12/26/1966,Indonesia,dchazotte5w@blinklist.com,206-954-9327
Ignacius,Monck,Preobrazheniye,09/25/1952,Russia,imonck5x@flavors.me,951-528-5333
Maddalena,Guynemer,Sukaharja,02/18/1966,Indonesia,mguynemer5y@indiatimes.com,910-449-8586
Joyann,Pulver,Priiskovyy,07/13/1965,Russia,jpulver5z@cloudflare.com,986-136-0047
Marijn,Prettyjohn,Trang,05/04/1967,Thailand,mprettyjohn60@fc2.com,608-898-3312
Isadora,Cammiemile,Seara,07/28/1967,Portugal,icammiemile61@typepad.com,662-735-0354
Charlie,Davidovsky,Sandviken,11/02/1982,Sweden,cdavidovsky62@cpanel.net,197-927-2424
Byrle,Starzaker,Kumla,08/09/1978,Sweden,bstarzaker63@blog.com,319-578-5169
Darda,Mazzia,Fort Lauderdale,04/18/1979,United States,,954-270-5033
Karoline,Sterricks,Narew,04/30/1987,Poland,ksterricks65@paypal.com,803-675-8022
Abra,Pendrigh,Lagkadás,11/19/1984,Greece,apendrigh66@businessweek.com,925-275-1423
Alexandre,Ingledow,Niederanven,09/19/1974,Luxembourg,,115-207-4579
Brynn,Dunnett,Cam Ranh,09/13/1993,Vietnam,bdunnett68@privacy.gov.au,465-685-7696
Ly,Petriello,Buíque,07/19/1964,Brazil,lpetriello69@webeden.co.uk,374-706-2595
Nan,MacGowing,Caazapá,04/29/1999,Paraguay,nmacgowing6a@mapy.cz,638-652-4495
Lowrance,Huegett,Batibati,09/02/1965,Indonesia,lhuegett6b@fda.gov,437-854-3369
Beatrice,Hischke,Tutul,11/25/1998,Indonesia,bhischke6c@unblog.fr,976-202-9691
Abagael,McKevany,Xiabao,07/25/1973,China,amckevany6d@ibm.com,909-598-8222
Yettie,Kidstoun,Soure,11/29/1955,Portugal,ykidstoun6e@china.com.cn,427-286-3244
Cornall,Endle,Xiyuan,08/09/1958,China,cendle6f@canalblog.com,876-959-3397
Michaela,Di Dello,Monching,12/06/1984,Philippines,mdidello6g@weebly.com,940-571-6934
Diarmid,Crucetti,Yeniköy,10/02/1975,Turkey,,400-290-7235
Imelda,Boxe,Calape,10/06/1990,Philippines,iboxe6i@cafepress.com,399-155-5068
Melisent,Trayte,Sanquan,07/31/1983,China,,216-519-3149
Laurella,Lackney,Koszarawa,05/22/1963,Poland,llackney6k@npr.org,180-357-1048
Nan,Bum,Chencai,02/12/1980,China,nbum6l@dmoz.org,675-153-1690
Berrie,Moylan,Casa Nova,05/02/1986,Portugal,bmoylan6m@loc.gov,475-474-4407
Chase,Wickey,Puerto Cabezas,07/04/1976,Nicaragua,cwickey6n@nbcnews.com,550-514-0604
Gayleen,Birdsall,Hudson Bay,11/26/1977,Canada,gbirdsall6o@chicagotribune.com,656-336-6743
Zoe,Nary,Maisons-Laffitte,07/25/1950,France,,290-711-5671
Lusa,Claiden,Seren Barat,06/02/1980,Indonesia,lclaiden6q@nih.gov,590-899-5803
Flemming,Arthey,Yafan,08/23/1980,China,farthey6r@squarespace.com,230-681-7418
Edna,Hambribe,Ebetsu,02/03/1961,Japan,ehambribe6s@hatena.ne.jp,713-606-0027
Becki,Panniers,Wuluhan,01/26/1955,Indonesia,bpanniers6t@ucla.edu,788-631-3863
Gran,Alvis,,,,,
Rani,Horick,As Saddah,07/04/1984,Yemen,rhorick6v@tinypic.com,635-536-4717
Clem,Peschke,Padurung,01/28/1971,Indonesia,,172-317-6806
Tierney,Crinkley,Áno Kómi,04/04/1956,Greece,,120-314-9742
Tandie,Minshaw,,,,,
Corene,Ivkovic,Berlin,06/30/1956,Germany,civkovic6z@time.com,313-978-7870
Conan,Imlen,Oslo,05/05/1957,Norway,cimlen70@artisteer.com,454-760-1732
Fransisco,Leathley,,,,fleathley71@dagondesign.com,
Alard,Restieaux,Peuteuy,10/01/1952,Indonesia,arestieaux72@abc.net.au,723-623-0625
Gabey,Greedyer,,,,ggreedyer73@weebly.com,
Bamby,Faithfull,Puncakmanis,10/21/1982,Indonesia,bfaithfull74@sina.com.cn,195-958-6889
Daffy,Roll,Örebro,05/11/1983,Sweden,droll75@opensource.org,645-482-2222
Amil,Monier,San Rafael Arriba,12/17/1988,Costa Rica,amonier76@stanford.edu,123-216-9418
Bonnibelle,Marshal,Kuta,07/16/1997,Nigeria,bmarshal77@dion.ne.jp,279-973-8066
Burl,Williment,New Shagunnu,07/26/1967,Nigeria,,570-206-3655
Kailey,Jorczyk,Xinzheng,07/13/1986,China,kjorczyk79@ted.com,959-687-5995
Ardenia,Lysons,Arrufó,03/12/1978,Argentina,alysons7a@ucoz.com,513-610-4476
Hervey,Risen,Monte Francisco,07/22/1994,Portugal,hrisen7b@nsw.gov.au,788-414-9377
Blinnie,Mouth,Spånga,10/10/1994,Sweden,bmouth7c@washingtonpost.com,873-404-1749
Doyle,Gorgl,San Jacinto,07/17/1962,Colombia,dgorgl7d@youtube.com,266-661-8479
Dell,Hands,Kořenov,02/28/1981,Czech Republic,dhands7e@comcast.net,268-705-5232
Saundra,Bowlas,Palmira,03/23/1969,Panama,sbowlas7f@wordpress.com,737-491-0187
Molli,Labes,Tajao,04/25/1976,Philippines,mlabes7g@cdc.gov,995-342-7112
Raymond,Harder,Liushutun,05/31/1985,China,rharder7h@google.nl,612-263-4761
Brittney,Colpus,San Isidro,07/16/1970,Philippines,bcolpus7i@yellowpages.com,874-509-9210
Inger,Houston,Huayuan,08/27/1961,China,ihouston7j@eepurl.com,761-207-0926
Amye,Jacobowits,Zhongdong,08/14/1951,China,ajacobowits7k@oracle.com,360-219-5195
Lorenzo,Kunneke,Chatian,01/13/1993,China,lkunneke7l@barnesandnoble.com,531-950-8634
Bonnibelle,Mundwell,Shihuiyao,11/07/1967,China,bmundwell7m@gmpg.org,708-556-6008
Elbertina,McKinstry,Tanzhesi,12/28/1971,China,emckinstry7n@usda.gov,617-452-2379
Fredelia,Allflatt,Korsakovo,02/06/1951,Russia,fallflatt7o@china.com.cn,440-437-1246
Ricoriki,McHugh,Sobral da Adiça,07/01/1975,Portugal,rmchugh7p@sitemeter.com,852-507-9237
Olympie,Lorence,Qingsong,06/04/1986,China,olorence7q@t.co,893-792-0205
Sheppard,Normavell,Taodian,11/26/1990,China,snormavell7r@imdb.com,602-544-4479
Towny,Strong,Kadubamban,06/29/1997,Indonesia,,670-921-7374
Travers,Lindley,Paço,02/27/1956,Portugal,tlindley7t@ifeng.com,591-689-2387
Zia,Skully,Străşeni,09/01/1973,Moldova,,502-340-1912
Jelene,Rumens,Longmen,08/17/1960,China,jrumens7v@ustream.tv,261-233-8179
Andree,Peebles,Gelgaudiškis,01/13/1973,Lithuania,,265-473-8672
Jecho,Piggott,Yuqi,01/30/1954,China,jpiggott7x@xrea.com,966-849-8979
Inger,Pickersgill,Skarżysko-Kamienna,08/06/1994,Poland,,568-740-8282
Jacenta,Checo,Kansas City,03/13/1980,United States,jcheco7z@berkeley.edu,816-783-8548
Emmalynne,Northridge,Ar Ru’ays,12/17/1950,Qatar,enorthridge80@wp.com,811-661-0205
Zacharie,Yeandel,Chengguan,06/29/1983,China,zyeandel81@yellowbook.com,198-708-6930
Cyrill,Honig,Ghayl Bā Wazīr,02/20/1961,Yemen,,596-438-5215
Diana,Litterick,Jaguarão,08/04/1961,Brazil,dlitterick83@hibu.com,883-784-2780
Hestia,Goodnow,Rasshevatskaya,11/30/1964,Russia,hgoodnow84@blinklist.com,463-524-7864
Athena,Karpe,Geoktschai,09/01/1973,Azerbaijan,akarpe85@deliciousdays.com,492-444-1554
Benny,Baseggio,Kladi,09/19/1955,Indonesia,bbaseggio86@whitehouse.gov,524-140-4865
Vassily,Gegg,Pangrumasan,06/22/1996,Indonesia,,647-600-9868
Janela,Lowdiane,Logon,12/14/1981,Philippines,jlowdiane88@sciencedirect.com,275-527-5623
Irwin,O'Geneay,Amqui,06/23/1998,Canada,iogeneay89@purevolume.com,271-497-3583
Silas,Shaplin,Xieba,02/04/1965,China,sshaplin8a@google.pl,761-270-7138
Callida,Birnie,Ventersburg,12/20/1955,South Africa,cbirnie8b@soundcloud.com,546-369-3760
Allistir,Langmead,Seremban,11/27/1999,Malaysia,alangmead8c@hao123.com,566-969-1465
Renelle,Rolfi,Karlstad,10/18/1965,Sweden,rrolfi8d@craigslist.org,390-452-1713
Hoebart,Manville,Pasongsongan,01/04/1989,Indonesia,hmanville8e@google.es,541-715-7439
Bartie,Francois,Wujiashan,06/13/1971,China,bfrancois8f@ocn.ne.jp,522-739-9913
Arabela,Kilgallon,,,,akilgallon8g@hc360.com,
Caye,Eton,,,,ceton8h@yahoo.co.jp,
Yvette,Tieman,,,,,
Finley,Spriggin,Huata,08/12/1990,Peru,fspriggin8j@comcast.net,779-658-1313
Bevvy,McLugaish,Cheb,09/15/1976,Czech Republic,,181-405-1436
Kerby,Beslier,Mompós,03/16/1980,Colombia,kbeslier8l@netvibes.com,148-518-9470
Jessica,Dutnell,Psychikó,02/07/1951,Greece,jdutnell8m@bravesites.com,464-293-3207
Leena,Garric,Rovensko pod Troskami,03/11/1951,Czech Republic,lgarric8n@bigcartel.com,712-185-4328
Nicole,Eadmeades,Volodarsk,09/28/1983,Russia,neadmeades8o@moonfruit.com,722-378-2852
Pip,Wigley,Yanai,05/14/1964,Japan,pwigley8p@usa.gov,129-468-6788
Goddart,Rowbottom,Praia do Ribatejo,11/29/1953,Portugal,growbottom8q@theatlantic.com,484-125-0859
Mikaela,Meeke,Pirallahı,10/10/1955,Azerbaijan,mmeeke8r@yandex.ru,629-508-3545
Thacher,Andor,Carolina,03/25/1998,South Africa,tandor8s@wikispaces.com,371-572-2266
Neall,Wedgwood,New Bedford,08/19/1956,United States,nwedgwood8t@addtoany.com,508-962-7480
Leyla,Mertsching,Illéla,12/13/1962,Niger,lmertsching8u@economist.com,561-533-3964
Aristotle,Agus,Glamoč,06/03/1975,Bosnia and Herzegovina,aagus8v@columbia.edu,645-594-6525
Gae,Livesay,Serawai,04/05/1956,Indonesia,glivesay8w@wunderground.com,494-175-4146
Hector,Fruish,Surat Thani,11/16/1984,Thailand,hfruish8x@pagesperso-orange.fr,303-447-2654
Estrellita,Schubbert,Los Angeles,01/28/1968,United States,eschubbert8y@hp.com,213-547-3721
Dorris,Shearmer,Shangyu,01/30/1970,China,dshearmer8z@t-online.de,132-442-9612
Melisandra,Leinweber,Zhankhoteko,03/29/1986,Russia,,218-137-7205
Gaile,Grealy,San Silvestre,09/09/1994,Venezuela,ggrealy91@4shared.com,110-201-8685
Larisa,Adkins,Hang Dong,10/16/1966,Thailand,ladkins92@blogs.com,907-922-2171
Simone,Grayshan,Zalanga,06/06/1978,Nigeria,sgrayshan93@pcworld.com,164-704-1551
Bee,Chiles,Beijie,04/02/1996,China,bchiles94@a8.net,133-591-6936
Ermentrude,Iddins,Kumai,03/22/1980,Indonesia,eiddins95@ow.ly,130-320-0650
Bret,Labba,Koysinceq,09/26/1966,Iraq,blabba96@prnewswire.com,407-612-5260
Fielding,McMonies,Mosteirô,05/30/1974,Portugal,fmcmonies97@nba.com,336-324-7425
Ashton,Menguy,Xiangfu,01/20/1993,China,amenguy98@umn.edu,136-211-6408
Patrizius,Boij,Young America,04/24/1983,United States,pboij99@mapquest.com,952-353-6794
Shayla,Dash,Świdnica,06/14/1990,Poland,sdash9a@utexas.edu,937-102-7324
Crin,Tuffin,Jamaica,06/19/1964,United States,ctuffin9b@deliciousdays.com,212-318-6806
Rene,Selwin,Soko,08/20/1952,Indonesia,rselwin9c@earthlink.net,147-876-5859
Norah,McGeechan,Chacapalpa,08/28/1966,Peru,,372-708-1132
Krista,Aylmer,Yinji,09/13/1950,China,kaylmer9e@exblog.jp,912-755-7814
Willie,Pursglove,Lobamba,07/14/1999,Swaziland,wpursglove9f@nytimes.com,163-680-5276
Helaina,Jeromson,Kedungsinggil,03/23/1974,Indonesia,hjeromson9g@surveymonkey.com,107-222-6366
Jammal,Mayhou,Laem Sing,01/25/1955,Thailand,jmayhou9h@mit.edu,196-323-2086
Cullen,Clucas,,,,,
Jerad,Wilhelmy,Hejiadong,09/14/1967,China,jwilhelmy9j@live.com,158-411-8566
Titus,Broster,,,,,
Fred,Sweatman,Qingshandi,01/25/1969,China,,421-913-8624
Heywood,Simecek,El Refugio,11/18/1967,Mexico,,130-650-1868
Byrom,Lundbech,Pingfeng,11/17/1960,China,blundbech9n@wikipedia.org,710-754-3144
Janifer,Philliphs,Chumpi,07/19/1956,Peru,jphilliphs9o@economist.com,510-710-8173
Abeu,Castagnier,Kimito,12/12/1965,Finland,acastagnier9p@engadget.com,243-762-8517
Dyana,Gwinn,Roza,03/14/1985,Russia,,442-157-3139
Rosina,Lissaman,Bergen,09/13/1953,Norway,,458-200-4575
Saidee,Dobbins,Tianjin,08/19/1977,China,sdobbins9s@sakura.ne.jp,674-666-2437
Karel,Batha,Tilik,10/17/1967,Philippines,kbatha9t@va.gov,252-692-6636
Cecile,Hovington,Qinshan,10/25/1969,China,chovington9u@mapy.cz,453-257-0726
Jacobo,Langtry,Fuqiang,12/30/1986,China,jlangtry9v@dot.gov,617-233-2097
Valerie,Saker,Pasrūr,09/09/1975,Pakistan,vsaker9w@mail.ru,371-165-6837
Gwendolen,Cicchetto,,,,gcicchetto9x@php.net,
Maryl,Winsom,Seso,08/12/1980,Indonesia,mwinsom9y@squarespace.com,716-638-0876
Ceciley,Pykett,Vendargues,07/30/1992,France,cpykett9z@domainmarket.com,589-148-5181
Emyle,Ciccetti,Lexington,09/01/1994,United States,eciccettia0@51.la,859-130-4350
Douglass,McCaighey,Panunggangan,01/20/1990,Indonesia,dmccaigheya1@instagram.com,420-292-7108
Margot,Armatage,Konëvo,07/02/1967,Russia,marmatagea2@nasa.gov,985-256-8539
Danell,Pettingill,Dartang,10/15/1995,China,dpettingilla3@rambler.ru,206-663-0642
Woody,Goldspink,Guocun,05/31/1994,China,,433-925-4372
Waring,De Mico,Ghormach,01/04/1960,Afghanistan,wdemicoa5@tuttocitta.it,565-569-7107
Allsun,Britt,Lizhuang,10/24/1997,China,abritta6@blogtalkradio.com,473-337-1381
Carolyn,Vila,Taoyang,04/24/1986,China,cvilaa7@wired.com,778-175-0458
Barbi,Cranefield,Barrancabermeja,07/04/1952,Colombia,bcranefielda8@issuu.com,188-856-9681
Nicolis,Drayton,Dębowiec,04/15/1957,Poland,,624-447-3673
Ruddy,Oager,Serra da Silveira,03/20/1995,Portugal,roageraa@acquirethisname.com,386-857-0295
Kenyon,Chaster,Huohua,12/17/1986,China,kchasterab@hostgator.com,397-637-2283
Babbette,Siddall,Krajan Puru,09/18/1966,Indonesia,bsiddallac@cyberchimps.com,616-562-1013
Jose,Lillecrop,Pinaring,07/29/1986,Philippines,jlillecropad@sohu.com,926-992-4248
Berke,Ruegg,Zubrzyca Dolna,04/08/1976,Poland,brueggae@uiuc.edu,540-476-0925
Shelby,Arrington,Hukvaldy,11/22/1964,Czech Republic,sarringtonaf@dropbox.com,338-943-0262
Kerstin,Barz,Ariguaní,08/22/1979,Colombia,kbarzag@seattletimes.com,318-510-8327
Neron,Beldom,,,,nbeldomah@addthis.com,
Gerek,Flecknell,Chengji,05/15/1989,China,gflecknellai@examiner.com,281-970-3700
Ursuline,Hamblett,Olival Basto,01/06/1987,Portugal,,348-408-4497
Shurlocke,Roft,Feijó,04/30/1997,Brazil,sroftak@seesaa.net,631-654-1950
Saul,Le Barre,Lékhaio,06/15/1991,Greece,slebarreal@usgs.gov,412-812-3882
Joye,Reeks,Toulouse,07/27/1987,France,,716-398-5490
Sidoney,Leddy,Naru,05/25/1969,Indonesia,sleddyan@pagesperso-orange.fr,652-957-3998
Lynde,Grouse,Kout na Šumavě,08/01/1992,Czech Republic,lgrouseao@aboutads.info,335-191-2380
Sebastiano,Sciacovelli,Celso Ramos,08/24/1965,Brazil,ssciacovelliap@lycos.com,930-119-8325
Tabbie,Doiley,Thạnh Mỹ,08/09/1975,Vietnam,tdoileyaq@hexun.com,585-143-8120
Willamina,Reddan,,,,wreddanar@un.org,
Wait,Huckfield,Mayskiy,05/02/1976,Russia,whuckfieldas@nih.gov,636-895-3235
Evaleen,Pinfold,El Corpus,09/16/1972,Honduras,,990-187-3089
Lina,Biddles,Tsaghkaber,08/15/1969,Armenia,lbiddlesau@stumbleupon.com,554-636-9497
Stanislas,Seleway,Bürenhayrhan,08/08/1999,Mongolia,sselewayav@github.io,158-453-8200
Kessia,Pleasants,Los Guayos,12/12/1995,Venezuela,kpleasantsaw@timesonline.co.uk,619-241-6024
Dar,Perazzo,Taraan,02/21/1984,Indonesia,dperazzoax@seesaa.net,295-452-5213
Ginnifer,Gianasi,Yong’an,09/30/1969,China,ggianasiay@arizona.edu,804-722-1994
Lek,Calderwood,Antananarivo,11/28/1991,Madagascar,lcalderwoodaz@earthlink.net,549-309-8505
Lorine,Hansel,Shumerlya,03/10/1964,Russia,lhanselb0@fastcompany.com,855-567-8613
Annabella,Joplin,Kuala Lumpur,12/12/1967,Malaysia,ajoplinb1@shop-pro.jp,464-431-3889
Iago,McAloren,Potrero Grande,09/19/1984,Panama,imcalorenb2@merriam-webster.com,379-812-8167
Elmo,Pizzie,Taoyuan,04/17/1977,China,epizzieb3@delicious.com,970-382-1757
Eduardo,Jendas,Korop,03/11/1951,Ukraine,ejendasb4@php.net,610-249-1861
Birdie,Lawrie,Yangxiang,12/23/1982,China,,165-728-1843
Loria,Ingman,Dahe,04/21/1969,China,lingmanb6@people.com.cn,674-192-0190
Neron,Howden,Tieshan,10/01/1963,China,nhowdenb7@google.co.jp,840-732-9610
Talya,Stuchbury,Oganlima,07/24/1969,Indonesia,tstuchburyb8@xrea.com,406-274-2966
Marika,Wallentin,Narvacan,08/06/1956,Philippines,mwallentinb9@youtube.com,204-742-6916
Christi,Rhubottom,,,,crhubottomba@technorati.com,
Bunny,Turl,Angkup,05/21/1975,Indonesia,bturlbb@netlog.com,154-628-5333
Idalina,Walcar,Årsta,09/11/1980,Sweden,iwalcarbc@wordpress.org,728-236-3339
Stormie,Biset,La Cumbre,09/21/1971,Argentina,sbisetbd@usatoday.com,701-366-3047
Gael,Aslie,,,,,
Alaine,McCrystal,Nová Cerekev,07/06/1990,Czech Republic,amccrystalbf@t.co,582-503-9291
Mandi,Archbald,Finiq,03/16/1955,Albania,marchbaldbg@discuz.net,855-833-1389
Milzie,Holyard,Seraya,06/22/1992,Indonesia,mholyardbh@squarespace.com,722-639-1575
Sharon,Spring,Shnogh,09/08/1992,Armenia,sspringbi@vimeo.com,670-223-5361
Atlante,Munson,Maturín,10/05/1951,Venezuela,amunsonbj@de.vu,328-683-3215
Beauregard,Comoletti,Palapye,02/15/1985,Botswana,bcomolettibk@usnews.com,712-414-4741
Augustina,Nazer,Cotovia,04/07/1989,Portugal,anazerbl@nba.com,315-522-8300
Sylas,Altham,Ritaebang,01/28/1996,Indonesia,salthambm@webeden.co.uk,476-414-7598
Delano,Shivlin,Laoqiao,08/03/1963,China,dshivlinbn@google.co.jp,317-944-8107
Elsa,Sherrington,Batumi,01/20/1994,Georgia,esherringtonbo@joomla.org,440-434-3984
Tara,Lathleiff,Lubao,01/07/1999,Democratic Republic of the Congo,tlathleiffbp@oaic.gov.au,801-482-2743
Violet,Cokely,Beigang,04/11/1964,China,vcokelybq@ibm.com,273-256-6300
Royall,Uzielli,,,,ruziellibr@e-recht24.de,
Andie,Abbe,Bègles,10/16/1973,France,aabbebs@woothemes.com,522-816-5895
Fenelia,Loughman,Cunén,08/18/1994,Guatemala,floughmanbt@smugmug.com,465-234-4056
Burton,Nell,São João,06/03/1992,Portugal,bnellbu@geocities.jp,711-364-7792
Dari,Fosher,Xundian,07/11/1975,China,dfosherbv@toplist.cz,661-545-4441
Anna-diane,Cook,Saint-Leu-la-Forêt,05/22/1984,France,acookbw@imdb.com,869-607-7173
Holt,Garry,Chenxikou,01/08/1950,China,,477-827-1917
Hillier,Steanson,Skanör,02/04/1961,Sweden,hsteansonby@drupal.org,746-214-0863
Adara,Treswell,,,,atreswellbz@newyorker.com,
Danice,Whinray,Houston,10/01/1986,United States,dwhinrayc0@jalbum.net,281-928-9762
Fax,Toten,Hekou,01/08/1961,China,ftotenc1@google.es,370-407-2222
Pall,Casterton,Monamon,08/17/1992,Philippines,pcastertonc2@artisteer.com,998-371-4724
Teddy,Myrick,San Antonio de Los Altos,05/02/1999,Venezuela,tmyrickc3@go.com,709-237-3766
Tiebold,Guitt,Pleasant Point,12/28/1981,New Zealand,tguittc4@vk.com,660-941-8013
Danette,Ritchie,Afanas’yeva,05/14/1962,Russia,dritchiec5@kickstarter.com,881-107-1161
Kerianne,Boliver,Curuggoong,08/28/1979,Indonesia,kboliverc6@google.com.hk,120-341-1863
Ancell,Armsby,Esil,12/10/1962,Kazakhstan,aarmsbyc7@ustream.tv,942-258-0647
Al,Stannislawski,Tourcoing,06/09/1960,France,,594-735-8104
Karlotte,Bountiff,,,,kbountiffc9@whitehouse.gov,
Josh,Medlicott,Ancenis,07/08/1984,France,jmedlicottca@addthis.com,979-358-6349
Chev,Thurley,Jinhu,10/30/1952,China,cthurleycb@ask.com,613-978-8770
Barny,Bailess,Gornji Breg,05/06/1952,Serbia,bbailesscc@themeforest.net,414-338-6277
Boone,Bridgwood,Ciudad Tecún Umán,12/25/1954,Guatemala,,356-699-1742
Gaynor,Cathee,Cabugao,05/03/1978,Philippines,gcatheece@drupal.org,778-187-3133
Aurelia,Cadamy,Åstorp,05/19/1986,Sweden,acadamycf@delicious.com,882-616-2619
Nancie,Janout,Bezons,08/11/1977,France,njanoutcg@mayoclinic.com,241-571-6860
Kate,Handrik,Huangsha,01/02/1970,China,khandrikch@comcast.net,994-363-5196
Harlene,Tewkesberry,Hanlin,12/14/1952,China,htewkesberryci@mozilla.org,183-981-3440
Angelia,Clears,As Saffānīyah,12/10/1985,Saudi Arabia,aclearscj@theguardian.com,187-209-7797
Shirleen,Ierland,El Marañón,04/28/1969,Honduras,sierlandck@nhs.uk,188-523-9766
Biddy,Matson,El Pino,07/02/1972,Dominican Republic,bmatsoncl@ezinearticles.com,701-524-4040
Junina,Stocks,Kedungwringin Satu,03/01/1970,Indonesia,jstockscm@woothemes.com,580-194-9336
Arie,Topes,Vishnyeva,10/30/1951,Belarus,atopescn@youtu.be,282-473-5138
Rice,Popov,Włoszczowa,01/15/1971,Poland,rpopovco@newsvine.com,299-257-0810
Prinz,Rockingham,Lühua,06/20/1998,China,,606-241-2984
Louie,Chidler,San Onofre,12/21/1980,Colombia,lchidlercq@blog.com,885-988-6808
Jermain,Everwin,Kallinge,12/08/1991,Sweden,jeverwincr@flavors.me,881-685-6238
Kasper,Teodoro,,,,kteodorocs@edublogs.org,
Garreth,Tattam,Gardēz,05/29/1966,Afghanistan,gtattamct@umich.edu,538-432-7873
Rowan,Raleston,Ngedhusuba,07/21/1961,Indonesia,rralestoncu@epa.gov,213-610-3251
Paula,Bilbrook,Baru Timur,01/03/1986,Indonesia,pbilbrookcv@gravatar.com,207-267-7757
Rosco,Rosengren,Miyang,06/15/1998,China,rrosengrencw@europa.eu,154-630-2216
Micky,Seebright,Hai’an,12/15/1952,China,mseebrightcx@ucla.edu,531-589-9980
Kathrine,Behnke,Pszczew,11/26/1961,Poland,kbehnkecy@senate.gov,659-333-4642
Talbert,Lidierth,Beima,02/21/1972,China,,191-826-6059
Stefania,Bagby,Thívai,12/08/1959,Greece,sbagbyd0@themeforest.net,972-371-9609
Mikey,Strase,Nuevo Arraiján,04/04/1956,Panama,mstrased1@theguardian.com,900-351-1051
Stanwood,Peatheyjohns,Al Balyanā,10/29/1991,Egypt,speatheyjohnsd2@zimbio.com,997-409-6125
Marlow,Syder,Yangjiang,12/01/1968,China,msyderd3@hostgator.com,408-147-4362
Dotti,Stratton,Pszczew,04/29/1980,Poland,dstrattond4@opensource.org,114-171-0952
Livia,Fisby,Tsovazard,03/10/1973,Armenia,lfisbyd5@mac.com,604-362-6162
Torrance,Niche,Maanas,08/06/1951,Philippines,tniched6@alibaba.com,874-750-9003
Shellysheldon,Kneel,Pesucen,07/12/1967,Indonesia,skneeld7@sogou.com,916-656-0664
Rory,Cumberland,Phanat Nikhom,03/04/1962,Thailand,rcumberlandd8@istockphoto.com,784-801-2739
Rhodie,Paulley,Francisco Morato,09/02/1976,Brazil,rpaulleyd9@list-manage.com,397-880-1070
Ruthanne,Stair,Dujiajing,03/30/1981,China,rstairda@multiply.com,754-771-0580
Lyndell,Rubinov,Jintao,01/21/1974,China,lrubinovdb@latimes.com,827-453-5273
Vikky,McGahy,Sūq Şirwāḩ,02/06/1957,Yemen,,963-414-5339
Rene,Bartholomaus,Bent Jbaïl,10/12/1962,Lebanon,rbartholomausdd@princeton.edu,697-778-7472
Em,Dunphie,Gaoqiao,11/10/1995,China,edunphiede@studiopress.com,409-941-5875
Felecia,Stock,Stepanivka,12/22/1962,Ukraine,fstockdf@stanford.edu,897-648-6834
Dix,Jewers,Podhum,12/31/1971,Bosnia and Herzegovina,djewersdg@bluehost.com,837-571-8722
Rustie,Bleackley,Krajan Selatan,05/25/1955,Indonesia,rbleackleydh@toplist.cz,327-820-8938
Sophie,Trill,Cikananga,08/09/1964,Indonesia,strilldi@furl.net,733-227-4517
Conrado,Assante,Chipyela,05/12/1993,Malawi,cassantedj@wp.com,336-372-2930
Vladimir,Jiggen,Nueva Cajamarca,01/15/1951,Peru,vjiggendk@fda.gov,972-268-4219
Harold,Wavell,Lyuboml’,02/12/1992,Ukraine,hwavelldl@oakley.com,860-890-1588
Thedric,Grennan,Luleå,05/16/1979,Sweden,tgrennandm@so-net.ne.jp,613-622-9547
Isabel,Grimsey,Châlons-en-Champagne,12/09/1994,France,igrimseydn@cargocollective.com,468-542-3089
Teddi,Kleinzweig,Castanheira,01/09/1969,Portugal,tkleinzweigdo@google.ru,796-613-0302
Lind,Paull,Eldama Ravine,03/22/1992,Kenya,lpaulldp@timesonline.co.uk,170-108-4570
Florette,Luckcuck,Pitogo,03/20/1978,Philippines,fluckcuckdq@discuz.net,591-523-2086
Kerwinn,Crewes,Guanmiao,05/21/1952,China,kcrewesdr@ezinearticles.com,668-307-7447
Levi,Sambiedge,Joyabaj,01/26/1979,Guatemala,lsambiedgeds@princeton.edu,549-403-3445
Sioux,Daws,Thị Trấn Quế,12/24/1993,Vietnam,sdawsdt@flavors.me,674-913-6775
Tomas,Beetham,Rio Meão,11/14/1971,Portugal,tbeethamdu@squidoo.com,416-813-4288
Ollie,Wince,Sémé,06/20/1965,Senegal,owincedv@ox.ac.uk,979-159-5979
Sidonnie,Rathmell,Sevsk,05/04/1999,Russia,srathmelldw@wp.com,632-186-5499
Torrin,Roomes,Shezë,01/26/1952,Albania,troomesdx@nytimes.com,433-819-5650
Ahmad,Lawson,Heřmanův Městec,05/13/1965,Czech Republic,alawsondy@intel.com,299-415-2133
Noland,Supple,Boskovice,11/14/1957,Czech Republic,nsuppledz@quantcast.com,762-758-1164
Bridget,Gilogly,,,,bgiloglye0@whitehouse.gov,
Zelig,Woolmington,Boljevac,04/20/1996,Serbia,,297-482-2374
Alexander,Sterndale,Polovinnoye,10/01/1977,Russia,asterndalee2@github.io,690-501-7980
Terrye,Corbin,Kasulu,01/05/1985,Tanzania,,793-287-3773
Hastie,Norrie,Coté-Lai,05/09/1951,Argentina,hnorriee4@cyberchimps.com,344-688-7319
Nanice,De Micoli,Bulusari,09/14/1962,Indonesia,ndemicolie5@amazonaws.com,140-778-2658
Devonna,Horbart,Cisewu,11/21/1953,Indonesia,dhorbarte6@youtube.com,263-471-6131
Carmine,Iacovelli,Napel,10/29/1990,Indonesia,ciacovellie7@google.fr,618-515-3960
Welbie,Bannerman,Palmital,01/17/1993,Brazil,wbannermane8@instagram.com,353-596-3216
Trisha,Alves,Runović,10/28/1966,Croatia,talvese9@pagesperso-orange.fr,903-193-9115
Liam,Whisson,Tianzhuang,10/14/1970,China,lwhissonea@theglobeandmail.com,604-207-3289
Bale,Fife,Machinda,11/12/1985,Equatorial Guinea,bfifeeb@dell.com,712-392-0002
Myrah,Tittershill,Sukaraja,04/26/1998,Indonesia,,926-917-0911
Hagan,Meeny,Goiatuba,02/27/1991,Brazil,hmeenyed@cpanel.net,963-396-5642
Hilliard,Zute,Tangdukou,07/18/1973,China,hzuteee@who.int,848-943-4401
Ambrosi,Yerson,São Torcato,05/11/1958,Portugal,ayersonef@gmpg.org,569-866-0354
Gwenny,Marks,Beiling,02/10/1979,China,gmarkseg@digg.com,523-410-0267
Alex,Abramowitz,Vardenik,04/03/1995,Armenia,,841-730-9692
Arlette,Harce,‘Uqayribāt,05/30/1983,Syria,aharceei@blogtalkradio.com,101-620-2059
Buffy,Haywood,Rogoźnik,09/17/1952,Poland,,615-877-3401
Sawyere,Hearfield,Pułtusk,08/03/1951,Poland,shearfieldek@businessinsider.com,610-202-6852
Milissent,Bliben,Habo,03/22/1952,Sweden,mblibenel@java.com,110-101-2758
Anna,Giacopelo,,,,agiacopeloem@noaa.gov,
Lennard,MacCole,Apurawan,02/02/1961,Philippines,lmaccoleen@mlb.com,297-914-4630
Corny,Grinnell,Borgarnes,08/14/1966,Iceland,,798-169-3342
Charmain,Dearing,Huaping,08/01/1975,China,,331-784-0659
Alina,Eakens,Zyryanovsk,11/14/1955,Kazakhstan,aeakenseq@yellowbook.com,711-782-2309
Elka,Coyte,Xianshui,11/24/1987,China,,768-406-2978
Lucius,Rickerby,Vidovci,02/25/1974,Croatia,,868-749-7396
Cele,O'Loughnan,,,,coloughnanet@tripod.com,
Arri,Grayshan,Verd,11/09/1994,Slovenia,agrayshaneu@mozilla.org,871-870-5803
Birdie,Gostridge,Arsen’yev,06/19/1985,Russia,bgostridgeev@ihg.com,662-270-1831
Halsy,Farthin,,,,hfarthinew@ucsd.edu,
Salaidh,Shutle,Timpas,11/14/1970,Philippines,sshutleex@omniture.com,614-486-1095
Kylie,Truter,Xiaomian,11/26/1953,China,,505-677-6205
Ruthy,Goodings,,,,rgoodingsez@a8.net,
Dolley,Furminger,Otok,12/26/1959,Croatia,dfurmingerf0@wsj.com,168-476-9370
Merci,Chomicki,Asaka,02/07/1986,Japan,mchomickif1@prlog.org,309-436-0937
Neile,Pigdon,Lianzhou,06/19/1989,China,npigdonf2@livejournal.com,803-935-3857
Conrad,Twinberrow,Feikeng,09/21/1959,China,ctwinberrowf3@sun.com,163-524-1633
Heall,Pardew,Entebbe,04/22/1986,Uganda,,490-174-7651
Onfre,Megroff,Sallanches,12/09/1968,France,omegrofff5@ezinearticles.com,201-661-7585
Daveta,Newart,Rychvald,03/06/1974,Czech Republic,dnewartf6@ucsd.edu,304-336-2888
Reade,Landes,Dhangarhi,04/12/1964,Nepal,,727-772-4866
Dugald,Ramplee,Kawangu,02/25/1964,Indonesia,drampleef8@wiley.com,816-165-2694
Raquela,Gagie,Aracati,05/24/1999,Brazil,rgagief9@wordpress.org,975-653-7948
Violante,Trinke,Saint-Augustin-de-Desmaures,04/02/1975,Canada,vtrinkefa@xinhuanet.com,530-803-9121
Shoshana,Schenfisch,Caucete,04/23/1973,Argentina,sschenfischfb@skyrock.com,742-774-1215
Dennie,Classen,,,,dclassenfc@aboutads.info,
Leslie,Peasnone,Erie,06/01/1980,United States,lpeasnonefd@netvibes.com,814-145-6232
Casar,Turvey,Wujiayao,06/20/1968,China,cturveyfe@weebly.com,100-132-5529
Neal,De Lisle,Mesker-Yurt,01/12/1987,Russia,ndelisleff@mtv.com,570-743-6828
Suzi,Whittenbury,Thị Trấn Cao Lộc,10/11/1960,Vietnam,swhittenburyfg@jalbum.net,804-839-0887
Hayward,Charopen,Skulsk,06/08/1954,Poland,,226-370-1257
Leese,Curgenven,Xiabao,06/25/1969,China,lcurgenvenfi@huffingtonpost.com,857-151-3042
Sybille,Stenbridge,Neundeut,09/06/1994,Indonesia,sstenbridgefj@reuters.com,325-978-8354
Hart,MacRinn,Kulary,03/12/1978,Russia,hmacrinnfk@nbcnews.com,779-667-2015
Guinevere,Bruford,Madīnat Lab‘ūs,04/08/1982,Yemen,,433-434-1916
Addison,Aistrop,Paragominas,07/18/1993,Brazil,aaistropfm@netvibes.com,440-291-5490
Rodi,Ketteman,Uspenskoye,09/11/1956,Russia,rkettemanfn@marriott.com,412-230-8523
Carlye,Lemin,Sitrah,05/29/1972,Bahrain,,798-942-4265
Lina,Coniam,Creighton,01/04/1959,South Africa,,730-131-2410
Emmy,MacAndie,Bokor,08/04/1975,Indonesia,,508-946-0157
Dorine,Brittain,Dallas,05/31/1981,United States,dbrittainfr@ow.ly,214-752-9008
Rebekah,Lidbetter,Kafr Şaqr,10/22/1964,Egypt,rlidbetterfs@ycombinator.com,291-823-6799
Batholomew,Jaumet,Serrinha,01/17/1985,Portugal,bjaumetft@4shared.com,905-108-3481
Malvina,Minillo,Tall Salḩab,05/03/1980,Syria,mminillofu@over-blog.com,280-517-8981
Becky,Beech,Zelenogorsk,10/11/1986,Russia,bbeechfv@g.co,847-377-2751
Gael,Andrault,Manique de Baixo,02/20/1983,Portugal,gandraultfw@amazonaws.com,164-790-7592
Parnell,Frude,Jayyūs,10/21/1982,Palestinian Territory,pfrudefx@goodreads.com,157-101-1297
Emery,Greenwood,Miratejo,05/03/1986,Portugal,egreenwoodfy@aboutads.info,162-398-7803
Janot,Roof,Cibinong Satu,03/03/1988,Indonesia,jrooffz@cisco.com,537-809-7227
Clemence,Josilevich,Zarzis,11/12/1994,Tunisia,cjosilevichg0@fc2.com,400-959-1764
Todd,Tisun,Rapas,08/22/1981,Indonesia,ttisung1@dmoz.org,779-695-3858
Andy,Plaister,Jackson,11/17/1994,United States,aplaisterg2@wiley.com,601-136-6821
Tuesday,Proswell,Gaotai,09/09/1970,China,,105-405-5248
Evan,McManus,Katori-shi,03/16/1982,Japan,emcmanusg4@sciencedaily.com,317-280-8379
Kaela,Lemarie,,,,klemarieg5@example.com,
Lindon,Mangeney,Dolany,04/29/1977,Czech Republic,lmangeneyg6@mapquest.com,766-568-4662
Katinka,Reddie,Tororo,09/28/1970,Uganda,,904-537-7908
Beulah,Geertz,Alunda,05/17/1962,Sweden,,455-469-7769
Gusella,Thunderman,Mollas,06/22/1985,Albania,gthundermang9@fema.gov,963-128-7426
Jeffrey,Hinkley,Dongtang,08/24/1973,China,,476-790-9540
Ivor,Andreacci,Worcester,01/29/1954,South Africa,iandreaccigb@yahoo.co.jp,447-843-9620
Janella,McDaid,Franco da Rocha,01/30/1985,Brazil,jmcdaidgc@disqus.com,774-742-5562
Chelsea,Willishire,Shuiyang,08/01/1990,China,cwillishiregd@cdc.gov,676-594-6392
Hiram,Alderton,Labuhankananga,09/16/1976,Indonesia,haldertonge@dell.com,985-772-9991
Ricki,Dimmer,Srebrenik,01/22/1996,Bosnia and Herzegovina,rdimmergf@zdnet.com,296-199-5141
Franky,O'Neill,,,,foneillgg@yale.edu,
Cristi,Aldrich,Durham,03/04/1987,United States,caldrichgh@elpais.com,919-961-0929
Engracia,Plumley,Karagach,05/29/1973,Russia,eplumleygi@blogspot.com,980-265-4467
Tobie,Norville,São José dos Pinhais,05/30/1956,Brazil,tnorvillegj@mysql.com,974-567-2833
Kate,Amor,London,05/12/1974,United States,kamorgk@businessinsider.com,606-160-5341
Fiorenze,Shoppee,Bhamdoûn el Mhatta,10/20/1976,Lebanon,fshoppeegl@live.com,920-185-4733
Cassandry,Pledger,Góra Kalwaria,07/10/1950,Poland,cpledgergm@soundcloud.com,947-329-2346
Darsey,Heads,San Pablo,11/24/1954,Venezuela,dheadsgn@state.gov,457-852-2017
Freddy,Guillerman,Palca,04/24/1956,Peru,fguillermango@jiathis.com,441-739-2110
Harvey,Eve,Velestíno,02/05/1962,Greece,,842-369-7047
Anthia,McKeggie,Yajiwa,03/29/1987,Nigeria,amckeggiegq@craigslist.org,314-474-1363
Araldo,Woliter,Hennenman,10/25/1996,South Africa,awolitergr@goo.gl,879-940-0204
Yul,Stenners,Chonchi,04/06/1995,Chile,ystennersgs@cam.ac.uk,134-163-4423
Kalli,Durtnal,Musan-ŭp,02/24/1955,North Korea,,115-976-5406
Oriana,Dmitrienko,Kadugadung,05/29/1967,Indonesia,odmitrienkogu@nyu.edu,754-640-8547
Calla,Willard,Lady Grey,03/21/1974,South Africa,cwillardgv@yale.edu,760-413-3073
Doll,Durward,Lyon,11/19/1997,France,ddurwardgw@miitbeian.gov.cn,163-732-1339
Penni,Brockie,Przybiernów,11/28/1997,Poland,pbrockiegx@wikimedia.org,212-892-4192
Marylinda,Thursfield,Cabanilla,02/07/1970,Peru,mthursfieldgy@wikipedia.org,712-847-4953
Cody,Paulmann,Tanabe,10/03/1979,Japan,cpaulmanngz@who.int,528-618-6364
Cherish,Minchinton,Feuknoni,04/24/1999,Indonesia,cminchintonh0@typepad.com,937-883-3876
Brande,Pickrell,Tadou,01/17/1992,China,bpickrellh1@delicious.com,616-556-6431
Dru,Quilligan,Malaga,03/23/1965,Spain,dquilliganh2@latimes.com,162-148-2252
Kendricks,Hughson,Shcherbinka,02/15/1978,Russia,khughsonh3@wp.com,457-349-2884
Lilyan,Muslim,Fuji,04/09/1963,Japan,,165-158-2808
Darb,Kruschev,Phúc Thọ,01/14/1955,Vietnam,dkruschevh5@nytimes.com,468-156-8568
Fae,Kingsnorth,Temuji,04/07/1990,Indonesia,fkingsnorthh6@merriam-webster.com,593-677-8637
Carine,Douche,Urpay,04/01/1960,Peru,cdoucheh7@hp.com,149-810-3884
Lew,Bassindale,Alofi,04/18/1971,Niue,,451-690-9015
Margot,Ortet,Terezín,01/05/1990,Czech Republic,morteth9@i2i.jp,746-168-1056
Julina,Rodgerson,Krapina,05/04/1997,Croatia,jrodgersonha@qq.com,372-326-0157
Daren,Leader,Przasnysz,06/17/1954,Poland,dleaderhb@seattletimes.com,779-873-0519
Etti,De Cristoforo,Všestary,10/17/1981,Czech Republic,edecristoforohc@ebay.com,594-849-3616
Cecilla,Cuddehy,Šenkovec,03/28/1990,Croatia,ccuddehyhd@t-online.de,176-517-3305
Sada,Caven,,,,scavenhe@princeton.edu,
Lion,Simkiss,Pinggan,06/01/1971,Indonesia,lsimkisshf@prnewswire.com,840-228-2079
Conway,Bowdery,Bulalacao,04/28/1954,Philippines,cbowderyhg@ebay.com,990-909-5495
Arnaldo,Laurentin,Haarlem,08/19/1999,Netherlands,alaurentinhh@nsw.gov.au,895-666-1514
Rouvin,Normington,Shūkat aş Şūfī,10/13/1975,Palestinian Territory,rnormingtonhi@psu.edu,560-875-4836
Aymer,Jillard,,,,,
Dion,Brosi,Velikiye Luki,04/13/1981,Russia,dbrosihk@shop-pro.jp,161-139-8696
Les,Leheude,Gumawang,03/20/1981,Indonesia,lleheudehl@globo.com,870-512-1399
Andree,Bawme,,,,abawmehm@washingtonpost.com,
Lindsay,Leckie,,,,lleckiehn@blinklist.com,
Mallissa,Sakins,Jiquinlaca,06/11/1973,Honduras,msakinsho@cdbaby.com,688-494-9549
Tucky,Aronson,Montes Claros,11/17/1983,Brazil,taronsonhp@dagondesign.com,282-922-1175
Loren,Scarfe,Mengxingzhuang,06/15/1954,China,,902-879-9804
Sutton,McCahill,Jianyangping,04/22/1968,China,smccahillhr@geocities.jp,429-990-9171
Cordi,Thring,Donja Dubica,02/23/1976,Bosnia and Herzegovina,cthringhs@umich.edu,186-258-2116
Fidelia,Windrus,Oklahoma City,07/13/1983,United States,,405-828-2532
Irene,Beecheno,Falun,07/16/1968,Sweden,,263-703-6625
Garnette,Steen,Polo,08/30/1982,Philippines,gsteenhv@indiegogo.com,243-880-6239
Audre,Wysome,Cholet,08/11/1950,France,awysomehw@rambler.ru,266-278-9116
Aurora,Collar,Houston,04/30/1983,United States,acollarhx@go.com,281-703-9385
Karena,Chadwell,Arroyo Naranjo,05/20/1988,Cuba,kchadwellhy@java.com,807-922-7672
Kassia,Choulerton,Itabaiana,10/01/1959,Brazil,kchoulertonhz@microsoft.com,426-443-5384
Wolf,Kettlesing,Mashan,08/03/1961,China,,204-322-3122
August,Scotsbrook,Doubrava,12/06/1996,Czech Republic,ascotsbrooki1@earthlink.net,165-495-0114
Meris,Leyton,Rawa,06/03/1993,Indonesia,mleytoni2@artisteer.com,736-418-5436
Woody,Machel,Baojia,03/18/1989,China,,992-748-6771
Kristan,Angood,Heiiyugou,10/22/1968,China,kangoodi4@last.fm,602-950-0585
Fabio,Pirrie,Sterling,01/20/1996,United States,fpirriei5@blog.com,571-562-9065
Conant,Diehn,,,,cdiehni6@nbcnews.com,
Ajay,Fandrey,Irtyshskiy,11/13/1988,Russia,afandreyi7@php.net,388-271-8114
Cati,Ayliff,Yermolayevo,04/21/1994,Russia,cayliffi8@typepad.com,896-848-5984
Jilly,Fitzsimmons,,,,jfitzsimmonsi9@csmonitor.com,
Elke,Eveleigh,Steinkjer,12/20/1977,Norway,eeveleighia@boston.com,878-198-5807
Eda,Imlacke,,,,eimlackeib@telegraph.co.uk,
Britte,Perrottet,Wilfrido Loor Moreira,10/20/1972,Ecuador,bperrottetic@slideshare.net,129-881-2054
Nissy,Moryson,Ratíškovice,12/22/1965,Czech Republic,,221-276-2051
Cully,Hatterslay,San Diego,09/22/1987,United States,chatterslayie@xing.com,619-390-4140
Pierre,Bortolutti,Mahébourg,12/07/1999,Mauritius,pbortoluttiif@hatena.ne.jp,665-686-5724
Keene,Grissett,Tame,02/11/1975,Colombia,kgrissettig@about.com,758-368-8021
Stormie,Lamplough,,,,slamploughih@dailymail.co.uk,
Brucie,Stainburn,Częstochowa,03/26/1957,Poland,bstainburnii@gravatar.com,384-975-8108
Collette,Rue,Zhendu,11/20/1997,China,crueij@reddit.com,586-908-3160
Rollin,Bickerdike,Kiuteta,11/12/1967,Indonesia,,359-965-1010
Zulema,Hayers,Tsuma,03/03/1981,Japan,zhayersil@indiatimes.com,507-956-8967
Fin,Anscombe,Goya,06/22/1974,Argentina,fanscombeim@mysql.com,300-352-9642
Reggis,Roseburgh,Sijiqing,11/21/1984,China,rroseburghin@usatoday.com,188-174-6270
Reidar,Dodd,Yelat’ma,09/05/1990,Russia,rdoddio@yelp.com,281-973-1773
Munmro,Yanshinov,Jadowniki,06/19/1961,Poland,myanshinovip@taobao.com,168-604-6743
Nealy,Bellin,Pingshui,09/22/1964,China,nbelliniq@youtu.be,968-232-5328
Carole,Peschke,Hluhluwe,01/18/1956,South Africa,cpeschkeir@economist.com,487-429-0013
Rozalie,Kiely,Qingnianlu,09/07/1961,China,,998-208-1944
Roxi,Fludgate,,,,rfludgateit@domainmarket.com,
Hyacinth,Dawtre,Stockholm,05/15/1991,Sweden,,309-619-1296
Gaston,Klimov,Ursk,11/09/1987,Russia,gklimoviv@merriam-webster.com,890-169-1606
Giacomo,Whiting,Créteil,10/07/1953,France,gwhitingiw@usatoday.com,582-720-1384
Marjorie,Poytres,Saue,10/30/1984,Estonia,mpoytresix@census.gov,690-345-9388
Clarisse,Callaway,Lupo,07/29/1965,Philippines,ccallawayiy@bloglovin.com,671-147-0991
Thayne,Tween,Tecpán Guatemala,10/15/1958,Guatemala,ttweeniz@mac.com,815-271-6618
Stanfield,Morling,Indianapolis,12/11/1995,United States,,317-987-7285
Donica,Storcke,,,,dstorckej1@mozilla.org,
Nona,Farrall,Tigpalay,12/06/1968,Philippines,,633-826-3758
Colette,Mattiuzzi,Loga,06/26/1994,Indonesia,cmattiuzzij3@cocolog-nifty.com,367-695-3794
Loralee,Christol,Syanno,10/31/1993,Belarus,lchristolj4@devhub.com,902-997-8621
Johnathan,Almack,Västerhaninge,10/01/1980,Sweden,jalmackj5@dropbox.com,897-398-8095
Cordy,Cawse,Juiz de Fora,04/03/1952,Brazil,,326-648-9580
Debora,Bransgrove,Kävlinge,03/28/1955,Sweden,dbransgrovej7@buzzfeed.com,495-248-2910
Suzie,Kerner,Karangtanjung,02/09/1966,Indonesia,skernerj8@oracle.com,532-497-5806
Ches,Kettle,Huangbei,03/18/1965,China,ckettlej9@geocities.com,738-947-8597
Margo,Dibbert,Liantan,03/14/1977,China,mdibbertja@artisteer.com,739-396-6476
Warden,Garms,Borino,08/30/1954,Bulgaria,wgarmsjb@booking.com,474-224-2779
Delilah,Daleman,Kawaguchi,06/14/1977,Japan,ddalemanjc@sun.com,509-712-6660
Powell,Kupka,Portela,05/17/1999,Portugal,,818-700-4484
Garvy,Simner,Strängnäs,12/14/1966,Sweden,gsimnerje@ameblo.jp,822-981-3879
Jacques,Leveret,Panji,12/14/1999,Indonesia,jleveretjf@surveymonkey.com,263-722-8239
Olivero,Leinthall,Mina Clavero,08/03/1990,Argentina,oleinthalljg@wsj.com,996-534-8077
Janet,McAllister,Azteca,10/16/1991,Mexico,jmcallisterjh@unc.edu,681-335-2600
Umberto,Wonfor,Zeleneč,03/22/1964,Czech Republic,uwonforji@buzzfeed.com,235-609-0170
Patric,Rispine,Kavadarci,12/22/1973,Macedonia,,976-187-0218
Corbett,Lawrie,Lordegān,09/15/1961,Iran,,858-855-9900
Rabbi,Sleath,Francisco I Madero,05/19/1954,Mexico,rsleathjl@army.mil,310-187-8881
Lizzie,Perrelli,Ḩajjah,10/07/1974,Yemen,lperrellijm@google.com.hk,518-177-4794
Deena,McGregor,,,,dmcgregorjn@icq.com,
Garrick,Petto,Hovd,04/16/1967,Mongolia,gpettojo@creativecommons.org,424-305-1947
Barron,Magister,Mashtūl as Sūq,12/23/1979,Egypt,bmagisterjp@jugem.jp,786-546-8743
Lorin,Darwent,Néa Manolás,02/03/1998,Greece,ldarwentjq@about.com,250-523-0821
Terri-jo,Carrabot,Orong,08/12/1963,Indonesia,tcarrabotjr@bizjournals.com,596-673-1154
Isadore,Trytsman,Zhongshanmen,06/27/1994,China,,254-814-0237
Kendrick,Lehrle,Neuquén,03/16/1968,Argentina,,206-649-9876
Miquela,Nelson,Ushi,02/15/1996,Armenia,mnelsonju@un.org,187-895-7096
Luke,Shatliff,,,,,
Adriena,Challen,Sakado,02/17/1985,Japan,achallenjw@parallels.com,297-864-3858
Shelby,Giacovelli,,,,sgiacovellijx@wikipedia.org,
Vernon,Koschek,Aguisan,02/15/1985,Philippines,vkoschekjy@comsenz.com,505-776-7306
Dannie,Bentsen,Chornoliztsi,05/28/1961,Ukraine,dbentsenjz@go.com,918-574-2465
Benedicto,Izaac,Sujji,03/11/1995,Mongolia,bizaack0@51.la,145-431-9216
Cort,Birchenough,Irbid,08/05/1996,Jordan,cbirchenoughk1@gizmodo.com,324-438-3811
Joey,Rappport,Santa Rita Village,01/02/1954,Guam,jrappportk2@phoca.cz,688-934-8164
Twila,Betty,,,,,
Fairfax,Woosnam,San Roque,12/10/1986,Philippines,fwoosnamk4@myspace.com,929-861-6905
Jacintha,Dibbe,Devesa,10/06/1959,Portugal,jdibbek5@paginegialle.it,590-520-5076
Garwin,Penkman,Presidente Médici,07/30/1999,Brazil,gpenkmank6@woothemes.com,192-355-5915
Tommi,Snowsill,Magersari,03/25/1982,Indonesia,,925-346-0721
Tatum,Morison,Zhuxi,04/02/1981,China,,722-157-2687
Georgena,Glasbey,Araçuaí,04/24/1983,Brazil,gglasbeyk9@google.pl,345-605-6465
Josefina,Zorzenoni,Igaraçu do Tietê,01/09/1951,Brazil,jzorzenonika@toplist.cz,592-426-2658
Grissel,Crafts,Norrköping,07/30/1960,Sweden,gcraftskb@google.com,971-980-9045
Osborne,Cowmeadow,Zheleznogorsk-Ilimskiy,05/24/1994,Russia,ocowmeadowkc@is.gd,537-984-7275
Shermie,McGucken,Västerås,05/19/1969,Sweden,smcguckenkd@4shared.com,357-715-9823
Geoffrey,De Banke,Donim,05/17/1982,Portugal,gdebankeke@slashdot.org,793-937-4920
Jethro,Corday,Gargaliánoi,08/05/1951,Greece,jcordaykf@deviantart.com,136-243-6899
Kayla,Hulburd,Erdao,07/05/1952,China,,659-389-4383
Roberta,Paradin,Tangwei,08/15/1950,China,rparadinkh@simplemachines.org,765-138-0609
Isaac,Gisbourn,Lanjaghbyur,12/09/1970,Armenia,igisbournki@nationalgeographic.com,978-428-2824
Letty,Becerro,Stochov,05/15/1993,Czech Republic,lbecerrokj@wired.com,615-689-4090
Tandie,Farmar,Além Paraíba,08/17/1975,Brazil,tfarmarkk@sina.com.cn,242-350-8493
Imogen,Finn,Khvorostyanka,07/07/1954,Russia,ifinnkl@github.com,464-214-8224
Annalise,Luno,Columbus,11/20/1981,United States,alunokm@t-online.de,614-744-7527
Gus,Faivre,Shah Alam,01/18/1950,Malaysia,gfaivrekn@army.mil,357-263-1747
Andra,Dredge,Castleblayney,03/27/1971,Ireland,adredgeko@biblegateway.com,390-989-9929
Lesley,Hirtzmann,Badajoz,12/28/1993,Spain,lhirtzmannkp@drupal.org,102-383-5971
Tiffany,Whitear,Chitagá,11/22/1988,Colombia,twhitearkq@jalbum.net,994-460-7674
Jeramie,Greenough,Hofors,02/13/1983,Sweden,jgreenoughkr@wordpress.com,923-347-4723
Dante,Crinion,Bořetice,11/20/1998,Czech Republic,dcrinionks@chicagotribune.com,909-898-3512
Aprilette,Spurier,Ryazan’,05/10/1977,Russia,aspurierkt@boston.com,353-113-4724
Billie,Blakeley,Oja,10/11/1956,Indonesia,bblakeleyku@china.com.cn,331-217-4825
Klement,Altofts,Kaoshan,06/21/1997,China,kaltoftskv@topsy.com,178-111-7452
Leda,Smaile,Khondāb,06/16/1975,Iran,lsmailekw@bigcartel.com,485-877-5025
Carin,Balfe,Türkmenabat,01/01/1973,Turkmenistan,cbalfekx@wiley.com,502-518-7803
Winnie,Bobasch,Lyon,02/16/1954,France,wbobaschky@blinklist.com,186-267-5008
Teressa,Beney,Lewodoli,01/07/1998,Indonesia,tbeneykz@archive.org,888-572-9781
Daven,Alesbrook,Yoshikawa,09/03/1982,Japan,dalesbrookl0@time.com,399-354-0035
Celestine,Welbeck,Lianga,09/11/1975,Philippines,cwelbeckl1@hhs.gov,235-371-5525
Lorene,Kippen,Xixia,03/17/1976,China,lkippenl2@si.edu,620-962-1372
Craggy,Leber,,,,cleberl3@earthlink.net,
Lammond,Swigg,Oslo,05/05/1954,Norway,lswiggl4@mediafire.com,467-269-1109
Celestine,Pine,Tanxi,02/10/1985,China,,991-657-8488
Rosana,Gimblet,Toutuo,07/24/1970,China,rgimbletl6@youku.com,162-754-7674
Stearne,Doggart,Ban Fang,09/28/1982,Thailand,sdoggartl7@msu.edu,871-399-1902
Franciska,Wilse,Niugan,03/15/1959,Philippines,fwilsel8@hc360.com,531-209-6159
Noble,Mc Meekin,Maji,04/28/1974,China,nmcmeekinl9@abc.net.au,498-979-9117
Charleen,Ethelstone,Warungbanten,10/05/1965,Indonesia,cethelstonela@unicef.org,341-244-3448
Sheelagh,Kolis,Gennevilliers,07/18/1982,France,skolislb@smugmug.com,561-625-8514
Regen,Swinyard,Karakol,05/12/1975,Kyrgyzstan,rswinyardlc@hibu.com,361-728-3237
Iosep,Yerborn,Kalwaria Zebrzydowska,04/22/1952,Poland,iyerbornld@chronoengine.com,200-492-0532
Wanda,Frosdick,Ayamaru,06/30/1986,Indonesia,wfrosdickle@oakley.com,744-773-2176
Marylin,Tilliards,Campo Alegre,06/18/1981,Brazil,,635-402-4921
Garrik,Callcott,Anahuac,07/16/1963,Mexico,gcallcottlg@wisc.edu,761-869-3633
Egan,Marr,Cereté,12/15/1991,Colombia,emarrlh@nih.gov,430-598-3064
Danell,Grimsdith,Santa Ana,08/16/1995,El Salvador,dgrimsdithli@cpanel.net,121-777-6274
Charline,Mosdall,Zungeru,10/22/1971,Nigeria,,648-827-3264
Tania,Tulley,Pa Phayom,03/02/1991,Thailand,ttulleylk@trellian.com,537-469-7950
Carla,Martell,Antsohimbondrona,07/08/1953,Madagascar,,580-233-3999
Craggie,Schinetti,Suru,09/08/1978,Indonesia,cschinettilm@businesswire.com,681-247-1788
Taddeusz,Fleisch,Shayuan,09/14/1966,China,tfleischln@moonfruit.com,300-495-7899
Gregor,Domleo,Sumbergebang,07/05/1956,Indonesia,gdomleolo@discuz.net,757-230-2710
Trey,Seymour,Francisco Villa,05/14/1962,Mexico,tseymourlp@google.cn,812-879-1421
Nevin,Treher,Saint-Maixent-l'École,11/10/1952,France,,596-783-4416
Lodovico,Sandercock,Moscow,07/16/1992,Russia,lsandercocklr@domainmarket.com,626-124-5736
Marybeth,Wilsone,Victoria,05/01/1980,Malta,mwilsonels@xrea.com,903-885-2080
Neda,McKennan,Kotabaru,03/16/1990,Indonesia,nmckennanlt@netvibes.com,100-915-1902
Becki,Carmody,,,,bcarmodylu@so-net.ne.jp,
Domingo,Prestedge,Seixal,05/17/1993,Portugal,dprestedgelv@abc.net.au,176-875-0828
Evelina,Dominichetti,Oslo,02/25/1973,Norway,edominichettilw@cbslocal.com,148-698-6948
Andromache,Paslow,Pasirtundun,05/26/1995,Indonesia,apaslowlx@angelfire.com,148-512-1252
Sheffie,O'Cullinane,Lensk,09/04/1954,Russia,socullinanely@kickstarter.com,735-463-8355
Jesselyn,Haggis,Bulusari,09/18/1968,Indonesia,jhaggislz@wufoo.com,709-783-3355
Manny,Truesdale,Sariwŏn,06/16/1968,North Korea,mtruesdalem0@amazon.com,684-509-7081
Rhys,Laugherane,Savyon,09/14/1953,Israel,rlaugheranem1@ebay.com,214-167-2872
Glen,Worman,Yunga,05/22/1978,Peru,,856-977-1538
Kelley,Haken,Slawharad,01/21/1950,Belarus,khakenm3@studiopress.com,750-784-9074
Adriana,MacAnellye,Shichuan,11/02/1986,China,amacanellyem4@phpbb.com,834-188-5429
Dede,Duddan,Krosno Odrzańskie,10/23/1981,Poland,dduddanm5@yelp.com,785-882-0973
Sianna,Arnowicz,Huddinge,01/12/1985,Sweden,sarnowiczm6@ucoz.com,888-755-1222
Delia,Daintree,La Playosa,08/25/1991,Argentina,ddaintreem7@unblog.fr,512-420-9570
Sherman,Bearsmore,Kafr Nubl,03/22/1951,Syria,,968-487-2116
Sigismundo,Woehler,Kagay,03/02/1955,Philippines,,526-842-9582
Normie,Petheridge,Dłutów,01/10/1967,Poland,npetheridgema@123-reg.co.uk,556-916-5243
Adrea,Nerney,Benito Juarez,04/24/1960,Mexico,anerneymb@baidu.com,873-235-4019
Des,Scad,,,,,
Jane,Beyne,Heka,09/14/1995,China,jbeynemd@opensource.org,421-766-8871
Uriah,Brotherhed,Pogorzyce,09/29/1981,Poland,ubrotherhedme@ft.com,830-566-4294
Glenden,Simmell,Hongyan,10/26/1957,China,gsimmellmf@wsj.com,575-503-0210
Christina,Calton,Setono,02/18/1984,Indonesia,ccaltonmg@1und1.de,791-796-3762
Sheppard,Spare,Hohoe,05/15/1977,Ghana,ssparemh@independent.co.uk,220-540-1171
Curr,Tavner,Dieppe,02/13/1995,France,ctavnermi@forbes.com,564-769-7942
Ernestine,Pinch,Tô Hạp,08/30/1975,Vietnam,epinchmj@sitemeter.com,852-947-8010
Shelia,Oswick,Karak,07/07/1996,Pakistan,soswickmk@github.io,446-102-3270
Carr,Trevascus,Plan de Ayala,02/21/1997,Mexico,ctrevascusml@ustream.tv,486-935-7116
Chaunce,Ferrino,Bogoroditsk,07/04/1993,Russia,cferrinomm@livejournal.com,966-882-8523
Shirline,Reyes,Seynod,10/10/1995,France,sreyesmn@blogs.com,649-762-3527
Maren,Lock,Fonte do Feto,09/09/1952,Portugal,mlockmo@goo.ne.jp,496-280-3653
Dulci,Mimmack,Sheli,11/23/1985,China,,323-594-6312
Perla,Ellis,Aleshtar,03/13/1977,Iran,,749-161-3459
Gloriane,Gwillim,Oslo,12/27/1987,Norway,,876-714-6413
Cody,Bratten,Chechenglu,10/28/1961,China,cbrattenms@myspace.com,988-969-3418
Ajay,Sutch,Pule,02/16/1998,Indonesia,asutchmt@timesonline.co.uk,877-860-2047
Binni,Tellesson,Karangwaru,08/30/1970,Indonesia,btellessonmu@spiegel.de,634-815-3654
Ricky,Rhydderch,Acolla,06/03/1990,Peru,rrhydderchmv@t.co,560-823-7755
Pavlov,Studde,Gumel,10/01/1972,Nigeria,pstuddemw@goo.gl,830-814-4239
Mead,Ingyon,São Cristóvão,04/23/1957,Brazil,mingyonmx@harvard.edu,248-986-9969
Bevvy,MacKimmie,Batallas,01/21/1957,Bolivia,bmackimmiemy@nsw.gov.au,527-474-6544
Osmund,Kilmartin,Tominian,11/26/1998,Mali,,666-524-7329
Louise,Forbear,Tabia,06/14/1963,Morocco,lforbearn0@spiegel.de,832-163-3094
Josias,Robottom,Góra Kalwaria,01/25/1993,Poland,jrobottomn1@edublogs.org,632-982-3959
Shaylah,Stonary,Bejuco,01/28/1954,Panama,sstonaryn2@amazon.co.jp,354-566-7202
Laird,Gehrts,Purwosari,03/20/1964,Indonesia,,824-508-0212
Lamond,Novichenko,Zhenlong,07/02/1996,China,lnovichenkon4@instagram.com,240-529-7423
Frederigo,Tidy,Málaga,06/20/1955,Colombia,ftidyn5@is.gd,591-729-1684
Gusella,Dorow,Betong,11/04/1985,Indonesia,,158-776-1139
Giustina,Howship,Toulouse,01/02/1976,France,ghowshipn7@networksolutions.com,542-155-3419
Vanessa,Sabater,Rubizhne,06/26/1988,Ukraine,vsabatern8@typepad.com,679-372-8467
Martino,Tomkies,Armanāz,01/01/1956,Syria,mtomkiesn9@sourceforge.net,147-621-9136
Hendrik,Dubbin,Taavetti,04/28/1957,Finland,hdubbinna@xrea.com,928-891-0229
Korella,Hallworth,Longos,10/16/1985,Portugal,khallworthnb@quantcast.com,802-181-6324
Isadore,Travers,Garunggang,01/03/1968,Indonesia,itraversnc@slate.com,841-614-7112
Belicia,Grinyov,Majāz al Bāb,10/03/1962,Tunisia,bgrinyovnd@sakura.ne.jp,852-960-5779
Row,Castellanos,Liushikou,11/24/1984,China,rcastellanosne@columbia.edu,398-266-1930
Kienan,Southall,Shahbā,12/08/1968,Syria,,644-915-8329
Ealasaid,Tubridy,Chiara,04/03/1957,Peru,etubridyng@miibeian.gov.cn,617-673-1797
Jacklyn,Dodgshun,Sucun,10/26/1985,China,jdodgshunnh@acquirethisname.com,247-385-0514
Maurine,Brandreth,Badou,09/07/1958,Togo,mbrandrethni@walmart.com,686-815-9745
Loren,Pollicote,Orikum,09/18/1968,Albania,lpollicotenj@angelfire.com,655-264-1161
Windy,Brockington,,,,,
Scotti,Edridge,Punaauia,11/12/1987,French Polynesia,sedridgenl@cnn.com,434-710-6335
Clayborne,Acosta,Cuihuangkou,02/10/1958,China,cacostanm@redcross.org,779-642-7697
Seline,Singh,Maastricht,12/04/1953,Netherlands,ssinghnn@webmd.com,878-186-1894
Milty,Cuttings,Shimanovsk,04/24/1994,Russia,mcuttingsno@shinystat.com,461-607-8520
Donall,Enderle,Urrô,07/04/1957,Portugal,denderlenp@goodreads.com,176-719-8795
Justin,Gilkes,Yuanba,09/28/1992,China,jgilkesnq@marketwatch.com,560-280-9278
Natalya,Bodicam,Bërxull,04/20/1954,Albania,nbodicamnr@barnesandnoble.com,922-487-2268
Nathalia,Mathiassen,Zhanghua,12/30/1961,China,,539-326-3684
Margarette,Guirardin,Proboštov,03/19/1953,Czech Republic,,698-979-2410
Lorri,Segrott,Sinfra,02/08/1963,Ivory Coast,lsegrottnu@exblog.jp,649-713-3759
Wilma,Barkway,Sotteville-lès-Rouen,01/25/1967,France,wbarkwaynv@ifeng.com,773-744-0382
Tomasina,Stegell,Bayan,06/16/1984,Indonesia,tstegellnw@washington.edu,919-233-5470
Denni,Percy,Tovarkovskiy,09/16/1989,Russia,dpercynx@wix.com,941-263-2235
Onfroi,Colchett,Chisong,09/25/1971,China,ocolchettny@army.mil,576-468-6018
Kleon,Tivnan,Tumu,01/02/1952,Indonesia,ktivnannz@sciencedirect.com,706-760-5377
Gannie,Powter,Banjar Dauhpura,08/18/1983,Indonesia,gpowtero0@behance.net,895-135-0017
Homerus,Elliott,Ahar,07/19/1995,Iran,helliotto1@businessinsider.com,614-843-4156
Cammy,Willwood,Guadalupe,04/05/1950,Costa Rica,cwillwoodo2@mapquest.com,151-352-2001
Dianemarie,Dungey,Šenkovec,12/21/1960,Croatia,ddungeyo3@hugedomains.com,783-162-2406
Nadean,Benyon,,,,nbenyono4@cyberchimps.com,
Carlotta,Scroyton,Telpaneca,06/09/1969,Nicaragua,cscroytono5@macromedia.com,704-693-2517
Aylmar,Yeatman,Täby,01/03/1954,Sweden,ayeatmano6@flavors.me,641-110-4785
Ceil,Frears,Hepingjie,07/14/1986,China,cfrearso7@huffingtonpost.com,565-984-6537
Nealy,Kordt,Józefosław,11/12/1965,Poland,nkordto8@mapquest.com,696-512-8512
Idette,Nurny,Vilhelmina,05/31/1974,Sweden,inurnyo9@nba.com,605-172-3923
Hilda,Sansome,Qixing,02/18/1981,China,hsansomeoa@baidu.com,782-626-5936
Angelina,Siebert,Kumanovo,03/15/1961,Macedonia,,753-994-9834
Ardys,Stanbridge,Hartford,06/07/1990,United States,astanbridgeoc@vinaora.com,860-441-8952
Kim,Hubbold,Orléans,06/25/1961,France,khubboldod@jugem.jp,291-975-9443
Harold,Stanyon,,,,hstanyonoe@state.tx.us,
Sileas,Boulton,Mamer,11/04/1991,Luxembourg,,629-532-5655
Lynnell,Lowdham,Aleshtar,07/09/1989,Iran,,400-698-9918
Phelia,Jeafferson,Chur,01/26/1972,Switzerland,pjeaffersonoh@nytimes.com,526-392-6790
Crissie,O'Dulchonta,Cogtong,05/05/1978,Philippines,codulchontaoi@epa.gov,990-325-8152
Innis,McCullough,Belén,02/12/1983,Nicaragua,imcculloughoj@marketwatch.com,451-671-5493
Allyson,Beavan,Si Ma Cai,10/29/1955,Vietnam,abeavanok@soup.io,671-431-3366
Mohandis,Schukraft,Eshan,04/30/1974,China,mschukraftol@eventbrite.com,772-442-9561
Roseanna,Greenough,Resende,05/12/1967,Brazil,rgreenoughom@uiuc.edu,337-640-3987
Helaina,Bevis,Severoural’sk,03/14/1979,Russia,,903-921-9301
Leonardo,Sidwick,Greensboro,09/22/1963,United States,lsidwickoo@sciencedaily.com,336-634-0892
Ronna,Petraitis,Muang Pakxan,07/01/1984,Laos,rpetraitisop@wikipedia.org,866-126-6566
Myer,Hills,São Pedro Gafanhoeira,12/27/1983,Portugal,mhillsoq@xrea.com,540-485-5973
Issi,Berrecloth,Ordem,01/29/1984,Portugal,iberreclothor@merriam-webster.com,595-235-2773
Vinnie,Cases,Donnybrook,03/31/1981,Ireland,vcasesos@columbia.edu,130-838-0703
Indira,Beagen,Dinan,12/28/1950,France,ibeagenot@vistaprint.com,126-118-8631
Terry,Qualtro,Al Ma‘allā’,03/24/1972,Yemen,tqualtroou@soup.io,391-256-6124
Derwin,Edgerly,Hede,05/11/1980,China,dedgerlyov@aol.com,693-574-7294
Kalinda,Reburn,Vavatenina,03/11/1986,Madagascar,kreburnow@a8.net,485-151-7353
Jackson,Corbie,Tulsa,07/13/1967,United States,jcorbieox@wordpress.com,918-794-8197
Dag,Luna,Palmdale,07/04/1973,United States,dlunaoy@ftc.gov,661-262-3581
Barbi,Donovan,Canedo,04/19/1990,Portugal,,705-131-9639
Rosabella,Martygin,Липково,06/07/1989,Macedonia,rmartyginp0@hubpages.com,819-715-0495
Nevin,Moles,Kranj,10/21/1975,Slovenia,,565-890-5356
Englebert,Vorley,Chengxiang,05/16/1964,China,evorleyp2@yandex.ru,130-884-6051
Saunderson,Smith,Limbi,05/30/1950,Comoros,ssmithp3@senate.gov,416-689-4603
Prince,Lochran,Awgu,07/31/1996,Nigeria,plochranp4@nbcnews.com,751-137-7155
Carola,Mantha,Pagaruša,10/01/1951,Kosovo,cmanthap5@nbcnews.com,506-305-4850
Rudolfo,Philipart,San Lucas,10/05/1991,Philippines,rphilipartp6@usgs.gov,750-873-9178
Arlena,Dance,Ilare,12/09/1963,Nigeria,adancep7@hp.com,315-879-3183
Llywellyn,Denness,Chang Klang,08/24/1974,Thailand,ldennessp8@xinhuanet.com,430-731-8045
Denyse,Stitt,Nancheng,09/24/1982,China,dstittp9@lycos.com,344-173-6750
Candie,Gini,Kilju,07/31/1978,North Korea,cginipa@ihg.com,392-277-1916
Conney,Eggleton,Karatsu,04/25/1992,Japan,ceggletonpb@furl.net,749-816-7956
Bibi,Howland,Samsan,05/29/1976,South Korea,bhowlandpc@msu.edu,282-930-1274
Alexine,Paskins,Jeremoabo,04/23/1959,Brazil,apaskinspd@mapquest.com,327-353-9925
Sally,Di Matteo,Gampengrejo,04/09/1958,Indonesia,sdimatteope@mozilla.com,232-362-0176
Myrta,Sweet,Mesyagutovo,10/29/1992,Russia,,807-171-7690
Blinny,Gilberthorpe,Agra,09/26/1997,Portugal,bgilberthorpepg@timesonline.co.uk,891-316-7368
Denis,Artiss,Kristinehamn,05/27/1964,Sweden,dartissph@boston.com,975-805-1480
Pembroke,Flanner,Hakodate,01/11/1991,Japan,pflannerpi@epa.gov,285-611-2409
Gale,Castells,Baofeng,06/20/1979,China,gcastellspj@mail.ru,899-787-2470
Maxy,Screen,Lühua,04/17/1959,China,mscreenpk@cbslocal.com,266-988-3589
Dionisio,Pinke,Karanganyar,08/29/1955,Indonesia,dpinkepl@bigcartel.com,907-941-8377
Sigismund,Aulds,,,,sauldspm@skype.com,
Sullivan,Stanbro,Alderetes,08/02/1992,Argentina,sstanbropn@naver.com,498-561-7796
Duffie,Lecointe,Montpellier,08/22/1971,France,,481-674-0330
Claribel,Murfin,Tisno,04/22/1992,Croatia,cmurfinpp@addthis.com,459-826-7380
Reggi,Lockart,Kraczkowa,05/04/1988,Poland,rlockartpq@epa.gov,785-822-8108
Janela,MacCartair,Binjai,06/17/1969,Indonesia,,430-473-1819
Orelle,Hultberg,Kirkuk,09/23/1957,Iraq,ohultbergps@yale.edu,467-588-8639
Jeno,Tripon,Nūrābād,03/13/1953,Iran,,555-612-3074
Judie,Linde,São Miguel de Machede,12/30/1954,Portugal,jlindepu@list-manage.com,164-936-4972
Lyda,Allwood,Trois-Rivières,11/15/1972,Canada,lallwoodpv@github.com,497-108-1889
Florida,Sommers,Estaca,07/02/1998,Philippines,fsommerspw@paypal.com,848-161-1127
Derril,Karlolak,Palcza,01/02/1985,Poland,dkarlolakpx@angelfire.com,565-390-1768
Marie-ann,Krzyzaniak,Zhemtala,10/22/1959,Russia,mkrzyzaniakpy@umn.edu,316-168-1366
Reeta,Landeg,Curuan,01/24/1998,Philippines,rlandegpz@wikia.com,362-480-9994
Annemarie,Pelz,Kawangu,09/25/1986,Indonesia,apelzq0@amazon.de,214-866-9449
Christabel,O'Regan,Songgang,08/09/1989,China,coreganq1@google.it,695-342-5805
Eveleen,January,Leles,02/23/1970,Indonesia,ejanuaryq2@chronoengine.com,552-547-6444
Alexine,Holhouse,Rangah,08/23/1994,Indonesia,aholhouseq3@csmonitor.com,182-943-3537
Janaya,Skahill,Boyeros,08/03/1972,Cuba,,270-685-2033
Sky,Kasper,Dębno,01/03/1986,Poland,skasperq5@51.la,198-888-0382
Charyl,Georger,Taiyang,02/04/1957,China,,587-155-9367
Lissa,Sherel,Tan-Tan,10/25/1978,Morocco,lsherelq7@comsenz.com,382-334-5598
Oriana,Ussher,Montpellier,12/31/1998,France,oussherq8@instagram.com,921-139-2027
Idalina,Leeburn,,,,,
Marjy,Charon,Skelivka,04/03/1955,Ukraine,,407-445-8389
Noell,Laxe,Dhangarhi,01/31/1982,Nepal,nlaxeqb@princeton.edu,582-930-7800
Kyrstin,Pavlenkov,Chābahār,01/27/1982,Iran,,238-583-5278
Antonetta,Szachniewicz,Damaishan,06/25/1972,China,,802-156-2584
Ingemar,Cron,Nahura,03/10/1994,Indonesia,icronqe@woothemes.com,571-853-2227
Bernardine,Lahrs,,,,blahrsqf@elpais.com,
Fransisco,Guillem,Tešanj,09/21/1973,Bosnia and Herzegovina,fguillemqg@comsenz.com,789-597-9994
Gibby,Dolle,Melikkrajan,11/10/1953,Indonesia,gdolleqh@chronoengine.com,722-142-4464
Lebbie,Souten,Alis,05/24/1956,Peru,lsoutenqi@tripadvisor.com,223-198-0340
Kaila,Billie,,,,kbillieqj@adobe.com,
Percival,Snap,Williamsfield,11/11/1951,Jamaica,,383-948-9662
Rosene,Gwinn,Dao,12/25/1963,Philippines,rgwinnql@rambler.ru,451-936-5931
Bogart,Eliasen,Lafiagi,09/29/1966,Nigeria,beliasenqm@people.com.cn,287-843-0870
Fin,Bolesworth,Bella Vista,10/05/1956,Argentina,fbolesworthqn@imdb.com,180-400-5368
Nadean,Froggatt,San Carlos,08/30/1996,Colombia,nfroggattqo@google.de,538-297-6789
Mylo,Morlon,Pedroso,06/16/1962,Portugal,mmorlonqp@sciencedaily.com,873-690-8210
Gypsy,Ide,Rolante,05/28/1950,Brazil,gideqq@topsy.com,470-872-8467
Millisent,Tamburo,Orivesi,08/22/1951,Finland,,996-679-4104
Martin,Spours,Svetlyy,09/09/1986,Russia,mspoursqs@independent.co.uk,488-317-2230
Millard,Byrnes,Rābigh,04/01/1997,Saudi Arabia,mbyrnesqt@mayoclinic.com,467-191-0702
Huberto,Darnborough,Cambará,07/19/1984,Brazil,,824-277-2714
Graehme,MacGown,Quintãs,06/26/1973,Portugal,gmacgownqv@berkeley.edu,197-915-4967
Zora,Oldam,Baiqi,04/05/1986,China,zoldamqw@ibm.com,724-916-5164
Corinna,Agass,Sankeng,04/06/1955,China,,175-714-1529
Mady,Ingerson,Totness,05/27/1971,Suriname,mingersonqy@netvibes.com,942-791-8041
Roselin,Jasik,Bochum,09/12/1974,Germany,rjasikqz@hugedomains.com,680-595-9035
Holmes,Dietzler,Shigu,06/03/1950,China,hdietzlerr0@biglobe.ne.jp,173-917-9901
Elfrieda,Maciunas,,,,emaciunasr1@ameblo.jp,
Skippie,Gemson,Mombaça,06/06/1951,Brazil,sgemsonr2@cnn.com,205-651-7637
Sarina,Eddolls,Fusagasuga,04/04/1964,Colombia,seddollsr3@chicagotribune.com,153-417-1155
Dominique,Clery,Mato Cheirinhos,05/27/1971,Portugal,dcleryr4@infoseek.co.jp,810-789-5375
Magda,Ferron,Sujji,12/03/1950,Mongolia,mferronr5@telegraph.co.uk,119-184-2274
Saree,Klaesson,Ljungsbro,11/09/1969,Sweden,sklaessonr6@themeforest.net,729-898-8693
Anthiathia,Avory,Mevo horon,05/15/1999,Israel,aavoryr7@acquirethisname.com,634-334-0330
Caron,Hame,Potok Złoty,11/08/1987,Poland,chamer8@cmu.edu,284-898-6722
Ezekiel,Oulner,Amboanjo,03/27/1995,Madagascar,eoulnerr9@google.de,891-939-9211
Kasper,Hazeldine,Bentar Girang,03/29/1990,Indonesia,khazeldinera@squidoo.com,132-451-0582
Carly,Vickers,Dobrzeń Wielki,09/20/1999,Poland,cvickersrb@mashable.com,260-982-4133
Hagan,Leed,Santa Cruz,04/09/1986,Philippines,hleedrc@instagram.com,452-898-6283
Meriel,Nilles,Itapetininga,09/04/1951,Brazil,mnillesrd@wufoo.com,421-776-1512
Corina,Gomersall,Ronneby,10/12/1992,Sweden,,882-683-9953
Osbert,Gandy,Kingston,04/24/1977,Norfolk Island,ogandyrf@moonfruit.com,890-361-3835
Stearne,Tubbles,,,,stubblesrg@webeden.co.uk,
Dione,Vaughten,San Fernando de Monte Cristi,09/14/1999,Dominican Republic,dvaughtenrh@irs.gov,913-308-8343
Ebonee,Gason,Naukot,05/19/1993,Pakistan,egasonri@com.com,962-507-6232
Algernon,Brierton,Khārān,11/12/1987,Pakistan,abriertonrj@mail.ru,542-393-3808
Annamarie,Polotti,Furongqiao,05/18/1965,China,apolottirk@examiner.com,259-817-3596
Charley,Eyres,Jarošov nad Nežárkou,06/23/1986,Czech Republic,ceyresrl@canalblog.com,457-912-8222
Camella,Bevington,Oslo,01/14/1975,Norway,cbevingtonrm@nba.com,666-144-6087
Freedman,Sisselot,Zhongbao,06/15/1984,China,fsisselotrn@ycombinator.com,639-719-3761
Rheta,Poag,Urkarakh,11/23/1990,Russia,rpoagro@chronoengine.com,311-678-4243
Cristian,Soame,Combapata,01/27/1993,Peru,csoamerp@list-manage.com,918-564-0228
Worden,Veque,Pingdingshan,02/19/1973,China,,895-887-1167
Joy,Jeffray,,,,jjeffrayrr@deviantart.com,
