first_name,last_name,birth_place,birth_date,country_living_in,email,phone
Rheba,Riseborough,Bragança,1959-10-13T02:40:23Z,Brazil,,+55 (830) 801-2952
Fulton,Dimmick,Hägersten,1974-12-09T08:39:16Z,Sweden,fdimmick1@hugedomains.com,+46 (549) 830-5630
Dottie,Bedson,Järvakandi,1960-01-14T18:39:01Z,Estonia,dbedson2@usda.gov,+372 (741) 774-0455
Roman,Plesing,Kovářská,1957-09-08T00:14:39Z,Czech Republic,rplesing3@sfgate.com,+420 (484) 531-5892
Roselia,Mozzi,Pueblo Nuevo Viñas,1988-02-10T04:53:47Z,Guatemala,rmozzi4@eventbrite.com,+502 (277) 387-6644
Tamera,Olennikov,Zheleznodorozhnyy,1973-08-20T21:24:11Z,Russia,,+7 (222) 906-2797
Rhoda,Whitehorne,Idanre,1999-06-13T23:15:43Z,Nigeria,rwhitehorne6@bravesites.com,+234 (841) 537-4649
Crystie,Ginty,Piuí,1999-11-07T13:26:51Z,Brazil,cginty7@latimes.com,+55 (307) 934-2640
Eveline,Eveling,Peraía,1959-01-29T06:56:00Z,Greece,eeveling8@dmoz.org,+30 (950) 917-8708
Maribeth,Ritchman,Los Angeles,1979-04-09T08:58:19Z,United States,mritchman9@google.co.uk,+1 (323) 684-5417
Culver,Rhucroft,Hongqiao,1967-10-22T17:11:51Z,China,crhucrofta@meetup.com,+86 (643) 717-7656
Willem,Eyckelbeck,Şānūr,1976-12-05T21:05:15Z,Palestinian Territory,weyckelbeckb@ft.com,+970 (148) 833-5230
Otha,Brauner,Pashiya,1988-08-09T02:31:28Z,Russia,obraunerc@adobe.com,+7 (494) 167-6060
Verne,Stoite,Berezna,1999-09-20T21:47:53Z,Ukraine,vstoited@furl.net,+380 (138) 572-3934
Sonia,Parkman,Mtubatuba,1974-07-26T08:50:34Z,South Africa,sparkmane@apple.com,+27 (366) 257-9423
Vittorio,Marten,Tagapul-an,1951-03-09T01:43:48Z,Philippines,vmartenf@loc.gov,+63 (220) 582-1721
Trudie,Dodgson,,,,tdodgsong@forbes.com,
Glynda,Butland,Saint-Pierre,1962-10-02T13:04:46Z,Reunion,gbutlandh@vimeo.com,+262 (691) 142-5707
Cordi,Poxton,Swiętajno,1958-02-15T16:39:12Z,Poland,cpoxtoni@marketwatch.com,+48 (233) 713-7806
Patton,Jozefowicz,Wansheng,1965-09-06T21:00:20Z,China,,+86 (218) 569-9851
Basilius,Landells,Siikajoki,1952-08-23T02:46:47Z,Finland,,+358 (929) 107-1506
Harp,Stallen,Zorak,1954-02-05T20:21:02Z,Armenia,hstallenl@google.ru,+374 (729) 910-4836
Dael,Louiset,Poxin,1968-10-29T23:22:29Z,China,dlouisetm@bravesites.com,+86 (381) 100-3517
Westbrook,McCarney,Maripipi,1991-06-24T22:13:52Z,Philippines,wmccarneyn@free.fr,+63 (234) 850-1786
Curr,Dunbar,Zhangjiayuan,1972-12-08T18:03:29Z,China,cdunbaro@usda.gov,+86 (108) 480-9042
Hermy,Pickwell,Wawer,1986-12-02T10:57:36Z,Poland,,+48 (830) 632-1437
Gates,Wyson,Anhua,1966-06-04T19:22:33Z,China,gwysonq@reference.com,+86 (401) 214-4289
Glynda,Estcot,Kobrinskoye,1964-07-09T08:08:18Z,Russia,gestcotr@bluehost.com,+7 (655) 879-9712
Matthew,Schimoni,Jing’an,1987-03-13T16:19:45Z,China,mschimonis@cargocollective.com,+86 (388) 400-1746
Gavra,Belfitt,Maikun,1950-02-16T02:34:02Z,China,gbelfittt@techcrunch.com,+86 (827) 674-0284
Dyna,Glanz,Gostagayevskaya,1992-03-11T09:55:53Z,Russia,dglanzu@state.gov,+7 (249) 353-4841
Sheela,Grammer,Kalpin,1961-10-29T15:55:36Z,China,sgrammerv@w3.org,+86 (265) 566-8218
Dian,Dumbleton,Nice,1964-06-24T19:18:50Z,France,ddumbletonw@altervista.org,+33 (695) 153-7743
Brendon,Fairbanks,Kamphaeng Phet,1980-03-23T18:16:38Z,Thailand,,+66 (664) 180-9979
Keane,Aers,Cawayan Bugtong,1970-12-22T02:20:07Z,Philippines,kaersy@cpanel.net,+63 (890) 249-8058
Jillene,Hindhaugh,Kavásilas,1978-03-06T17:29:54Z,Greece,jhindhaughz@360.cn,+30 (867) 451-1015
Shari,Heynen,,,,sheynen10@ebay.co.uk,
Shawn,Goulstone,Tarnowiec,1974-10-25T02:40:25Z,Poland,sgoulstone11@fda.gov,+48 (896) 970-0906
Alair,Cussons,Vitez,1968-11-17T11:05:46Z,Bosnia and Herzegovina,acussons12@over-blog.com,+387 (751) 479-2436
Cecile,Quarry,Le Chambon-Feugerolles,1991-02-20T20:23:31Z,France,cquarry13@reddit.com,+33 (119) 935-0372
Aurea,Dainton,Novoanninskiy,1964-03-30T04:45:48Z,Russia,adainton14@symantec.com,+7 (971) 968-4963
Ilsa,Baudacci,Gujiadian,1962-11-06T13:18:32Z,China,ibaudacci15@mtv.com,+86 (165) 871-5270
Arlin,Shrimpton,Vokhaïkó,1957-08-08T04:07:06Z,Greece,,+30 (150) 210-9865
Theresina,Collopy,Cosquín,1984-03-23T10:03:16Z,Argentina,tcollopy17@craigslist.org,+54 (805) 478-8786
Bordy,Nutt,Shuangpu,1980-06-24T14:50:13Z,China,,+86 (256) 479-3620
Eustace,Greenrde,Azovo,1997-09-09T20:18:08Z,Russia,,+7 (970) 670-3954
Averil,Timperley,Wilkes Barre,1996-02-21T09:04:28Z,United States,atimperley1a@earthlink.net,+1 (570) 294-1294
Aguste,Tackes,Kryvyy Rih,1978-10-26T05:40:20Z,Ukraine,atackes1b@google.de,+380 (466) 916-6956
Franklin,Rouzet,Athy,1962-12-29T00:17:23Z,Ireland,frouzet1c@wordpress.com,+353 (817) 700-6420
Casie,Sunnucks,Świętajno,1984-05-21T05:52:09Z,Poland,csunnucks1d@hexun.com,+48 (895) 951-5787
Tessy,Nickoll,San Celestio,1964-02-11T18:03:27Z,Philippines,tnickoll1e@goodreads.com,+63 (711) 364-3228
Artus,Fife,Anilao,1981-05-05T00:30:05Z,Philippines,afife1f@hao123.com,+63 (869) 634-1922
Renault,Phython,Höshigiyn-Ar,1984-08-20T22:37:31Z,Mongolia,rphython1g@google.ru,+976 (578) 371-5579
Colby,Tenney,Darhan,1962-01-13T05:00:00Z,Mongolia,ctenney1h@washingtonpost.com,+976 (349) 606-6154
Happy,Saltsberg,Bolnisi,1954-05-26T16:10:03Z,Georgia,hsaltsberg1i@uiuc.edu,+995 (822) 117-5827
Marline,Dachs,Yengimahalla,1974-08-18T21:13:19Z,China,mdachs1j@virginia.edu,+86 (981) 390-9730
Royall,Galland,Rodionovo-Nesvetayskaya,1987-10-04T00:22:34Z,Russia,rgalland1k@cdbaby.com,+7 (628) 931-8983
Francois,Cafe,,,,fcafe1l@wired.com,
Gibb,Brent,Pidvynohradiv,1951-04-06T14:15:09Z,Ukraine,gbrent1m@apple.com,+380 (266) 650-9124
Bordie,Abramovic,Pinheiro Machado,1985-04-01T07:34:46Z,Brazil,babramovic1n@elpais.com,+55 (501) 662-4683
Samara,Gomes,Itaberaí,1983-07-20T23:24:56Z,Brazil,sgomes1o@yale.edu,+55 (844) 234-9357
Erma,Meade,Henggouqiao,1971-06-03T02:38:34Z,China,emeade1p@dagondesign.com,+86 (926) 580-3932
Preston,Lowe,Widorokandang,1981-03-27T04:13:30Z,Indonesia,plowe1q@dmoz.org,+62 (391) 358-9516
Tabbatha,Lamasna,Rostokino,1982-06-02T21:01:04Z,Russia,tlamasna1r@gizmodo.com,+7 (403) 193-6930
Erena,Alwen,Yacimiento Río Turbio,1998-12-02T02:21:16Z,Argentina,,+54 (565) 554-9971
Nathalia,Francom,Srpska Crnja,1963-03-30T13:12:50Z,Serbia,nfrancom1t@hp.com,+381 (847) 498-1917
Kip,Cluney,Xinglong,1963-04-10T15:56:53Z,China,kcluney1u@amazon.com,+86 (277) 796-0156
Harley,Nono,Tallahassee,1990-12-31T10:18:53Z,United States,hnono1v@toplist.cz,+1 (850) 302-7347
Ethelda,Jannings,Dunlewy,1958-01-20T22:18:15Z,Ireland,ejannings1w@bravesites.com,+353 (971) 827-6963
Illa,Pooly,,,,ipooly1x@cloudflare.com,
Giralda,Willetts,Al Ghuwayrīyah,1961-03-03T16:56:01Z,Qatar,gwilletts1y@yale.edu,+974 (106) 798-9999
Ruprecht,Spieck,,,,rspieck1z@scribd.com,
Nefen,Allchorn,Cambridge,1989-09-29T19:59:50Z,Jamaica,,+1 (201) 728-0639
Vanna,Pantecost,Ancona,1977-09-16T04:54:16Z,Italy,vpantecost21@skyrock.com,+39 (167) 735-8940
Dorotea,Hegge,Mingelchaur,1975-09-23T23:51:17Z,Azerbaijan,dhegge22@bigcartel.com,+994 (801) 919-7469
Gertie,Callow,Esperança,1995-07-04T09:35:06Z,Brazil,gcallow23@sogou.com,+55 (291) 651-7575
Sid,Francello,Maloarkhangel’sk,1975-11-22T23:26:27Z,Russia,sfrancello24@unicef.org,+7 (324) 649-5877
Natala,Stetlye,Voskhod,1983-09-10T20:06:58Z,Ukraine,nstetlye25@diigo.com,+380 (876) 440-7341
Margareta,Ride,Takahata,1971-09-22T11:33:42Z,Japan,mride26@globo.com,+81 (608) 169-6219
Klement,Hegg,Bratislava,1995-06-27T05:47:53Z,Slovakia,khegg27@indiegogo.com,+421 (487) 328-0540
Dari,Roomes,Shantou,1992-07-04T03:36:20Z,China,droomes28@cisco.com,+86 (936) 871-5723
Hedda,Carabine,Manola,1997-04-20T22:46:06Z,Indonesia,hcarabine29@t.co,+62 (831) 706-0317
Anabella,Kittless,Fedorovka,1998-01-22T11:01:58Z,Kazakhstan,,+7 (386) 500-7671
Clair,Newvill,Dno,1973-02-28T05:03:24Z,Russia,cnewvill2b@hc360.com,+7 (946) 958-0094
Melvin,Hinckesman,Djibouti,1958-06-19T05:18:39Z,Djibouti,,+253 (893) 427-5532
Nikolos,Haws,Shahrud,1994-09-05T20:20:15Z,Iran,nhaws2d@constantcontact.com,+98 (555) 644-6571
Nicholas,Callacher,Santa Maria,1977-02-06T19:46:42Z,Philippines,ncallacher2e@istockphoto.com,+63 (629) 983-6159
Christabel,Rothery,Tongjing,1985-04-15T22:04:08Z,China,crothery2f@weebly.com,+86 (192) 446-7475
Rochelle,Barensen,,,,,
Shayne,Lively,Braço do Norte,1994-03-04T16:22:45Z,Brazil,slively2h@parallels.com,+55 (671) 853-0087
Janos,Tevelov,Khvalovo,1996-01-18T01:48:57Z,Russia,jtevelov2i@chronoengine.com,+7 (582) 685-0175
Dewitt,Matusson,Kuanheum,1988-04-22T21:53:17Z,Indonesia,dmatusson2j@bloglines.com,+62 (244) 620-2020
Ignazio,Grahlman,,,,igrahlman2k@marketwatch.com,
Hasheem,Heavy,Jinhua,1955-01-24T06:22:20Z,China,hheavy2l@berkeley.edu,+86 (901) 880-9016
Errol,Frays,Panyuran,1953-01-22T12:33:58Z,Indonesia,,+62 (934) 188-4334
Lorettalorna,Wimp,Sogcho,1950-10-11T20:46:21Z,South Korea,lwimp2n@biblegateway.com,+82 (423) 801-3056
Colette,Garvill,Perreng,1956-03-21T23:45:29Z,Indonesia,cgarvill2o@dailymotion.com,+62 (508) 905-5932
Nels,Trengrouse,Hake,1965-07-13T07:21:18Z,China,ntrengrouse2p@engadget.com,+86 (529) 960-5894
Kelly,Sharland,Al Jafr,1964-12-10T19:39:03Z,Saudi Arabia,ksharland2q@usatoday.com,+966 (496) 793-8367
Sara-ann,Sauvain,Amieirinha,1975-02-07T07:50:52Z,Portugal,ssauvain2r@dell.com,+351 (502) 126-1525
Nick,Coulthurst,Didian,1965-10-17T17:48:07Z,China,ncoulthurst2s@issuu.com,+86 (801) 740-8377
Dita,Wedlock,Tanghu,1959-09-27T19:06:44Z,China,dwedlock2t@trellian.com,+86 (324) 382-2867
Sidoney,Morena,,,,smorena2u@sun.com,
Wallie,Checcuzzi,,,,wcheccuzzi2v@creativecommons.org,
Whitaker,Gori,Miętne,1975-10-03T14:48:25Z,Poland,wgori2w@slate.com,+48 (137) 543-2007
Marissa,Fouracres,Novorozhdestvenskaya,1955-09-09T21:58:08Z,Russia,mfouracres2x@marketwatch.com,+7 (704) 976-6968
Glynis,Klessmann,Sidonganti,1979-05-26T23:51:54Z,Indonesia,gklessmann2y@google.es,+62 (639) 541-3335
Vivienne,Vines,Sophia Antipolis,1990-08-03T16:03:35Z,France,vvines2z@xinhuanet.com,+33 (759) 355-7313
Odette,Maureen,Xialu,1954-04-28T02:07:52Z,China,omaureen30@newyorker.com,+86 (999) 725-1454
Larine,Jankin,Umeå,1973-02-20T23:11:50Z,Sweden,ljankin31@simplemachines.org,+46 (595) 247-7339
Maggie,Ivashin,Vavuniya,1963-04-07T12:23:44Z,Sri Lanka,mivashin32@usda.gov,+94 (637) 469-2619
Shaughn,Hodgen,Jarānwāla,1999-03-14T00:07:16Z,Pakistan,shodgen33@ezinearticles.com,+92 (595) 268-9867
Valerie,Andras,Niutian,1973-05-29T16:37:07Z,China,,+86 (165) 942-1662
Maryanne,Patterson,La Dorada,1950-02-18T04:58:48Z,Colombia,mpatterson35@feedburner.com,+57 (485) 563-3651
Barclay,Nunnerley,Oslo,1994-04-16T12:33:31Z,Norway,bnunnerley36@ezinearticles.com,+47 (270) 101-7523
Aimee,Swan,Sankeng,1979-12-29T21:31:32Z,China,aswan37@squidoo.com,+86 (666) 347-0351
Lexy,Lesek,Monasterevin,1985-01-26T20:53:00Z,Ireland,llesek38@boston.com,+353 (649) 399-0696
Kippy,Drakard,Nanding,1958-04-25T08:54:29Z,China,kdrakard39@economist.com,+86 (858) 588-5875
Clevie,Bilt,La Troncal,1980-11-16T23:35:59Z,Ecuador,,+593 (479) 131-6357
Darwin,Kinge,Lido,1980-04-14T01:25:28Z,Indonesia,dkinge3b@arstechnica.com,+62 (842) 458-2111
Mallorie,Sherebrooke,Chahe,1958-04-11T07:47:12Z,China,msherebrooke3c@kickstarter.com,+86 (599) 295-6756
Karrah,Littledyke,Gaotai,1956-02-20T02:32:30Z,China,klittledyke3d@bing.com,+86 (794) 109-9140
Kerrie,Drage,Oklahoma City,1950-03-13T04:43:04Z,United States,kdrage3e@dailymail.co.uk,+1 (405) 262-7759
Blythe,FitzGibbon,Toki,1953-09-21T06:50:12Z,Japan,bfitzgibbon3f@twitpic.com,+81 (659) 435-2845
Shawn,Brittan,Atocha,1992-12-16T07:36:38Z,Bolivia,sbrittan3g@blogs.com,+591 (949) 588-4770
Elise,Cabane,Terjan,1999-02-15T10:14:43Z,Indonesia,ecabane3h@seesaa.net,+62 (313) 567-5677
Olvan,Rupke,,,,orupke3i@telegraph.co.uk,
Xerxes,Perone,Rawasan,1950-12-14T19:57:42Z,Indonesia,xperone3j@google.ru,+62 (530) 642-4031
Brynn,Okenden,Bissorã,1964-07-31T12:31:53Z,Guinea-Bissau,bokenden3k@privacy.gov.au,+245 (993) 702-2011
Munroe,Tuohy,Kwidzyn,1968-06-01T18:59:23Z,Poland,mtuohy3l@over-blog.com,+48 (431) 892-3520
Donovan,Vigneron,Amargosa,1951-04-04T15:52:22Z,Brazil,dvigneron3m@state.gov,+55 (312) 285-4113
Damara,Maffulli,General Luna,1981-01-01T19:51:55Z,Philippines,dmaffulli3n@twitpic.com,+63 (360) 609-7309
Fancy,Sprasen,Xom Tan Long,1985-02-18T11:32:10Z,Vietnam,fsprasen3o@ezinearticles.com,+84 (471) 637-5811
Sal,Bunkle,Johor Bahru,1986-03-31T12:57:23Z,Malaysia,sbunkle3p@boston.com,+60 (550) 200-6165
Leo,Lafford,Mabyan,1994-09-13T11:28:20Z,Yemen,llafford3q@virginia.edu,+967 (869) 970-4911
Hanson,Keoghane,Salfīt,1973-06-03T21:39:50Z,Palestinian Territory,,+970 (607) 581-5297
Charlotta,Truran,Tamansari,1957-02-26T11:33:18Z,Indonesia,ctruran3s@shutterfly.com,+62 (491) 808-6048
Gretel,De Lasci,Katyr-Yurt,1983-06-05T08:15:13Z,Russia,gdelasci3t@mozilla.org,+7 (672) 185-2746
Kathye,Dean,Leping,1954-07-03T12:28:57Z,China,kdean3u@example.com,+86 (426) 582-7576
Kendre,Prettyman,München,1985-08-25T09:37:49Z,Germany,kprettyman3v@furl.net,+49 (397) 749-7647
Malia,Espadas,Charxin,1973-04-02T02:45:44Z,Uzbekistan,,+998 (811) 282-9953
Dosi,Gribbon,Luqiao,1976-12-08T17:50:39Z,China,dgribbon3x@vinaora.com,+86 (584) 714-9517
Shel,Cobley,Kramators’k,1972-11-25T08:03:34Z,Ukraine,scobley3y@hubpages.com,+380 (757) 736-4397
Gabie,Waind,Shaxi,1980-02-16T00:11:56Z,China,gwaind3z@who.int,+86 (985) 969-7723
Hermina,Capstake,Poroshkovo,1999-12-23T00:03:10Z,Ukraine,hcapstake40@cbsnews.com,+380 (237) 761-3693
Pearl,Hurlin,Sop Pong,1959-01-06T22:30:41Z,Thailand,phurlin41@php.net,+66 (488) 599-0990
Hal,MacAlester,Goz Beïda,1984-09-09T08:50:22Z,Chad,,+235 (166) 916-0643
Brent,Gould,Meishan,1997-01-26T23:05:48Z,China,bgould43@drupal.org,+86 (289) 149-6947
Jasmine,Ambrose,Esmeraldas,1998-06-28T19:54:48Z,Ecuador,jambrose44@i2i.jp,+593 (138) 855-4702
Dwight,Quernel,Marseille,1976-03-11T06:42:24Z,France,dquernel45@home.pl,+33 (691) 866-0850
Aharon,Turfes,Xinning,1996-06-28T00:18:18Z,China,aturfes46@google.cn,+86 (773) 321-3308
Bethena,Scapelhorn,Česká Skalice,1968-01-21T13:02:20Z,Czech Republic,bscapelhorn47@europa.eu,+420 (680) 777-5755
Tamma,Harcase,Lakatoro,1954-10-10T08:51:08Z,Vanuatu,tharcase48@mtv.com,+678 (914) 713-9825
Staford,De Morena,Kadudampit,1980-10-13T16:32:29Z,Indonesia,sdemorena49@123-reg.co.uk,+62 (672) 664-8407
Deidre,Antonioni,Kablukan,1986-07-06T10:08:36Z,Indonesia,dantonioni4a@ftc.gov,+62 (315) 243-9478
Alexander,Hannen,Tempurejo,1989-08-13T15:33:01Z,Indonesia,ahannen4b@intel.com,+62 (825) 541-5884
Reuben,Vallis,Postira,1996-08-22T23:11:32Z,Croatia,rvallis4c@creativecommons.org,+385 (926) 305-4727
Harper,Sheringham,Santa Rosa del Sara,1996-08-22T13:54:58Z,Bolivia,hsheringham4d@netlog.com,+591 (786) 788-8331
Aubrey,Warder,Nová Role,1963-04-11T06:04:55Z,Czech Republic,awarder4e@hubpages.com,+420 (724) 606-3515
Calli,Sands-Allan,Sāqayn,1974-09-07T05:28:49Z,Yemen,,+967 (635) 617-6715
Vikki,Nelm,Holma,1998-04-09T19:42:48Z,Nigeria,,+234 (204) 948-9255
Aimee,Martinuzzi,Guangshan Chengguanzhen,1964-01-22T11:37:22Z,China,amartinuzzi4h@hhs.gov,+86 (247) 522-1719
Win,Maccree,Wulipu,1985-09-02T02:54:03Z,China,,+86 (370) 758-5274
Samson,Niese,Reims,1953-11-15T03:53:04Z,France,sniese4j@weather.com,+33 (157) 350-0497
Perrine,Henryson,Jiangzhang,1966-09-28T12:12:42Z,China,,+86 (834) 686-6133
Finlay,Josebury,Al Jubayl,1977-02-15T15:27:47Z,Saudi Arabia,fjosebury4l@wufoo.com,+966 (869) 520-0970
Mira,Seldner,Orléans,1953-03-08T01:18:18Z,France,mseldner4m@sun.com,+33 (416) 569-8271
Nichole,Rowlings,Sebeta,1950-02-25T12:39:51Z,Ethiopia,nrowlings4n@hud.gov,+251 (806) 838-3815
Salomi,Zumbusch,El Alto,1996-08-20T10:26:05Z,Peru,szumbusch4o@virginia.edu,+51 (989) 270-0439
Emmi,Cradduck,Gading,1995-07-08T18:20:59Z,Indonesia,ecradduck4p@nydailynews.com,+62 (941) 111-9313
Nap,Wiffill,Södertälje,1985-03-03T06:31:05Z,Sweden,,+46 (576) 818-2557
Kevina,Twelves,Huertas,1982-06-20T03:52:34Z,Peru,ktwelves4r@nbcnews.com,+51 (976) 375-9813
Lorianna,Duchesne,Shuangjing,1964-07-03T18:43:57Z,China,lduchesne4s@skype.com,+86 (741) 893-3455
Evelin,Semmence,Västerås,1965-01-28T07:29:11Z,Sweden,esemmence4t@woothemes.com,+46 (128) 834-8781
Kara-lynn,Cobbald,Vanáton,1992-04-15T04:17:32Z,Greece,kcobbald4u@google.fr,+30 (508) 405-3865
Janeen,Dodgshon,Sergiyev Posad,1987-07-25T20:26:58Z,Russia,jdodgshon4v@usnews.com,+7 (169) 426-0333
Barron,Zanuciolii,Birni N Konni,1999-11-03T12:52:13Z,Niger,bzanuciolii4w@blogspot.com,+227 (540) 389-2240
Jose,Trippitt,,,,jtrippitt4x@archive.org,
Francoise,Leavold,Marinilla,1954-01-16T06:53:39Z,Colombia,fleavold4y@blog.com,+57 (171) 965-4231
Travers,Serfati,Grand Bois,1987-06-25T20:31:46Z,Mauritius,tserfati4z@aol.com,+230 (811) 785-6769
Sid,Youel,Suita,1974-01-10T04:19:23Z,Japan,syouel50@scribd.com,+81 (324) 162-6150
Lulita,Bentinck,,,,lbentinck51@hp.com,
Jude,Gaber,Lombog,1968-12-24T06:32:32Z,Philippines,jgaber52@smugmug.com,+63 (215) 900-5233
Verla,Sanger,,,,,
Petronilla,Frotton,Sihe,1967-11-08T19:29:57Z,China,pfrotton54@ihg.com,+86 (778) 503-1305
Alexandrina,Mauger,San Diego,1990-07-24T05:52:51Z,Costa Rica,amauger55@t.co,+506 (211) 851-3441
Keen,Lutas,Grojec,1975-06-29T01:14:12Z,Poland,klutas56@wiley.com,+48 (582) 655-2269
Conny,Nicholas,Wangshi,1969-03-28T19:15:24Z,China,cnicholas57@bluehost.com,+86 (893) 167-8226
Reinhold,Gwilym,Alajuelita,1998-08-27T13:26:04Z,Costa Rica,rgwilym58@angelfire.com,+506 (425) 164-6352
Temp,Crehan,Jiangkou,1980-02-02T12:19:30Z,China,tcrehan59@unicef.org,+86 (221) 575-5661
Becki,Vasyutkin,,,,bvasyutkin5a@bravesites.com,
Alistair,O'Mohun,Baicaogou,1971-06-25T16:25:48Z,China,aomohun5b@dyndns.org,+86 (514) 599-6957
Agathe,Atwill,Lingyuan,1955-05-30T02:56:29Z,China,aatwill5c@vistaprint.com,+86 (963) 435-9231
Adams,Sawdon,Shuikou,1987-10-13T06:30:19Z,China,asawdon5d@soup.io,+86 (997) 368-1074
Deloris,Skates,Nevel’sk,1964-12-06T23:26:02Z,Russia,dskates5e@mail.ru,+7 (567) 557-1888
Ruby,Illes,Neringa,1957-04-08T01:05:10Z,Lithuania,rilles5f@google.fr,+370 (385) 363-9182
Zabrina,Boarder,Lluidas Vale,1966-11-07T15:50:18Z,Jamaica,zboarder5g@deviantart.com,+1 (332) 872-5504
Mareah,Duggon,,,,mduggon5h@wikipedia.org,
Darice,Chaulk,Calibungan,1972-04-24T20:56:54Z,Philippines,dchaulk5i@youtu.be,+63 (946) 605-3264
Corey,Samart,Ghormach,1999-08-30T06:00:03Z,Afghanistan,csamart5j@google.com.au,+93 (615) 683-9862
Cristin,Cullinan,Kedian,1970-08-14T15:59:28Z,China,ccullinan5k@51.la,+86 (160) 248-0587
Nathaniel,Gabby,Janagdong,1993-10-02T13:05:53Z,Philippines,,+63 (910) 549-8410
Vyky,Bennen,Kulutan,1954-02-21T09:42:47Z,Indonesia,,+62 (831) 462-5497
Hana,Dominy,Sivers’k,1969-08-09T12:19:11Z,Ukraine,hdominy5n@bing.com,+380 (237) 798-5264
Faun,Sidle,Yoshkar-Ola,1954-07-26T11:15:30Z,Russia,fsidle5o@reddit.com,+7 (408) 919-4792
Sherm,Danelut,Aparecida,1954-12-06T22:55:38Z,Brazil,sdanelut5p@squarespace.com,+55 (429) 782-8268
Gradey,Robertacci,Sterling,1990-07-28T13:37:24Z,United States,grobertacci5q@narod.ru,+1 (571) 115-4993
Xylina,Serotsky,Puwa,1962-08-06T14:35:05Z,China,xserotsky5r@google.pl,+86 (549) 612-3359
Lanni,Haddeston,Sabinópolis,1990-09-04T09:21:39Z,Brazil,,+55 (173) 753-4536
Oby,Breston,Ikang,1980-02-26T12:04:56Z,Nigeria,obreston5t@stanford.edu,+234 (576) 683-9720
Bliss,Racine,La Uvita,1971-10-17T00:44:39Z,Colombia,bracine5u@unicef.org,+57 (193) 669-7977
Vannie,Brenston,Corozal,1980-05-12T06:38:00Z,Colombia,vbrenston5v@topsy.com,+57 (770) 910-2765
Ruben,Kelk,Villa Serrano,1974-05-25T15:26:12Z,Bolivia,rkelk5w@prweb.com,+591 (487) 215-9127
Britt,Scarlan,Shahumyan,1965-07-13T02:27:13Z,Armenia,bscarlan5x@ameblo.jp,+374 (855) 126-0598
Bax,Sawood,Santo Amador,1955-10-17T17:37:14Z,Portugal,bsawood5y@hc360.com,+351 (817) 707-2076
Lazar,Grzes,Tatarbunary,1962-07-24T08:29:14Z,Ukraine,lgrzes5z@ning.com,+380 (915) 883-7970
Lori,Corden,Madette,1955-11-29T15:11:58Z,Indonesia,lcorden60@yellowbook.com,+62 (984) 599-8528
Costa,Tume,Karak City,1987-10-01T18:28:55Z,Jordan,ctume61@dailymail.co.uk,+962 (737) 290-8840
Alonzo,Gonnet,Cianorte,1981-04-10T07:32:48Z,Brazil,agonnet62@bluehost.com,+55 (851) 838-3590
Emlyn,Openshaw,Qal‘ah-ye Fārsī,1957-02-18T22:43:05Z,Afghanistan,eopenshaw63@huffingtonpost.com,+93 (239) 149-6801
Hamel,Okker,Čajniče,1988-12-26T06:11:33Z,Bosnia and Herzegovina,hokker64@bandcamp.com,+387 (844) 698-5701
Sebastiano,Abbess,Fermont,1998-12-26T09:36:44Z,Canada,,+1 (796) 370-3232
Tiebout,McGilmartin,Fria,1974-10-23T20:43:35Z,Guinea,,+224 (964) 570-3551
Babette,Cull,Novo Aripuanã,1990-04-25T16:44:30Z,Brazil,bcull67@ebay.com,+55 (478) 890-2271
Siana,Melrose,Sremska Mitrovica,1998-01-13T17:28:46Z,Serbia,smelrose68@shop-pro.jp,+381 (535) 370-2182
Cole,Breston,København,1957-03-27T18:55:14Z,Denmark,cbreston69@facebook.com,+45 (838) 590-1622
Ross,Rielly,Alofi,1990-08-31T07:19:05Z,Niue,,+683 (652) 546-7546
Catina,Gadsden,Jedung,1963-02-14T21:23:39Z,Indonesia,cgadsden6b@redcross.org,+62 (885) 115-1116
Kay,Brisland,Banturkrajan,1974-07-19T15:36:26Z,Indonesia,kbrisland6c@nydailynews.com,+62 (430) 419-3442
Gabriella,Poate,Varennes,1997-02-18T07:29:55Z,Canada,gpoate6d@pen.io,+1 (834) 561-4267
Hermy,Crickmoor,Gwio Kura,1983-08-08T06:36:10Z,Nigeria,hcrickmoor6e@printfriendly.com,+234 (187) 819-3792
Gene,Russel,Charlotte,1995-07-30T12:15:39Z,United States,grussel6f@uol.com.br,+1 (704) 478-7002
Cassie,Camoletto,Dongtai,1971-06-25T12:47:35Z,China,ccamoletto6g@liveinternet.ru,+86 (854) 597-4192
Susana,Simonich,Skulsk,1950-06-25T10:43:54Z,Poland,ssimonich6h@pbs.org,+48 (561) 613-0808
Raimundo,Neat,Paris La Défense,1968-09-12T14:07:24Z,France,rneat6i@lulu.com,+33 (298) 220-0981
Corella,Kall,Saddina,1991-10-11T14:53:42Z,Morocco,,+212 (713) 737-9643
Norby,Nicholls,Daja,1965-06-22T16:59:58Z,Indonesia,nnicholls6k@jugem.jp,+62 (210) 616-4600
Fidelio,Trenholme,Xiwu,1955-03-24T00:59:41Z,China,ftrenholme6l@salon.com,+86 (141) 591-4761
Cassy,Cosgrove,Shuigou’ao,1995-02-17T06:43:46Z,China,ccosgrove6m@shop-pro.jp,+86 (804) 569-2791
Taite,Pietruszka,Nagosela,1989-09-27T06:52:48Z,Portugal,tpietruszka6n@multiply.com,+351 (727) 849-8684
Ailina,Dorran,Sanzao,1956-12-11T22:12:18Z,China,adorran6o@google.co.uk,+86 (789) 121-1739
Woodie,Skippon,Dongji,1950-04-02T12:18:00Z,China,wskippon6p@taobao.com,+86 (103) 293-3498
Trevor,Vernazza,Courelas Bravas,1964-09-21T20:57:17Z,Portugal,tvernazza6q@jigsy.com,+351 (869) 583-6922
Aaron,Elliff,Moulay Abdallah,1973-04-07T08:11:41Z,Morocco,aelliff6r@amazon.co.uk,+212 (651) 713-7517
Candice,Taberer,Makarska,1985-10-21T11:28:40Z,Croatia,ctaberer6s@foxnews.com,+385 (669) 542-0551
Clint,Ould,Sliema,1991-06-21T01:05:08Z,Malta,could6t@shareasale.com,+356 (187) 619-6667
Brennen,Grandham,Landi Kotal,1961-10-29T17:02:26Z,Pakistan,bgrandham6u@pen.io,+92 (251) 688-1989
Tadd,Wareham,Pará de Minas,1957-10-19T04:54:08Z,Brazil,,+55 (468) 178-8463
Gracia,Muggleston,Cosquín,1988-10-14T07:15:23Z,Argentina,gmuggleston6w@cloudflare.com,+54 (775) 508-5804
Jasmin,Yard,Puyang,1990-04-16T13:13:43Z,China,,+86 (965) 835-5960
Aeriela,Malimoe,Nîmes,1953-11-03T04:07:45Z,France,amalimoe6y@reuters.com,+33 (225) 677-4428
Andie,Marklew,Rosaspata,1979-09-27T00:16:28Z,Peru,amarklew6z@cornell.edu,+51 (819) 852-8487
Eleonora,Albiston,Opuwo,1955-08-05T20:43:58Z,Namibia,ealbiston70@usa.gov,+264 (929) 380-4725
Daphene,Critten,Steinsel,1974-09-13T08:53:14Z,Luxembourg,dcritten71@t.co,+352 (520) 867-3246
Lanita,Napoleon,La Luz,1953-10-24T09:58:24Z,Venezuela,,+58 (392) 732-5881
Kevon,Medway,Aqtaū,1965-06-20T22:10:29Z,Kazakhstan,kmedway73@mapquest.com,+7 (594) 290-8184
Moyra,Funcheon,Buffalo,1957-01-24T20:17:04Z,United States,mfuncheon74@meetup.com,+1 (716) 442-1467
Leone,MacRirie,Lordelo,1952-07-26T00:56:42Z,Portugal,lmacririe75@adobe.com,+351 (750) 109-0126
Ugo,Karslake,,,,ukarslake76@amazonaws.com,
Arvy,Kolczynski,Mabyan,1988-03-19T04:43:53Z,Yemen,akolczynski77@elegantthemes.com,+967 (540) 848-4443
Luelle,Connerly,Monção,1991-07-08T17:23:34Z,Portugal,lconnerly78@prnewswire.com,+351 (645) 931-9969
Adolpho,Decaze,Lyntupy,1964-03-23T12:51:03Z,Belarus,adecaze79@devhub.com,+375 (864) 339-7952
Chiarra,Tinsey,Santa Eulalia,1976-01-11T07:57:06Z,Peru,ctinsey7a@independent.co.uk,+51 (373) 823-1778
Guss,Awton,Kolumbug,1995-10-31T21:59:04Z,Philippines,gawton7b@dagondesign.com,+63 (318) 992-0085
Clive,Winfindine,Marhanets’,1998-02-08T13:28:03Z,Ukraine,cwinfindine7c@imgur.com,+380 (368) 873-5910
Gerri,Carabine,Ajax,1955-12-27T09:48:11Z,Canada,,+1 (344) 793-1871
Sherwin,Lghan,Sacramento,1973-06-14T05:33:19Z,United States,slghan7e@wix.com,+1 (916) 967-7750
Rhoda,Broadberry,Pribrezhnyy,1964-07-18T13:39:55Z,Russia,rbroadberry7f@marriott.com,+7 (417) 149-6122
Mathias,Cordingly,Livingstone,1987-07-05T00:26:45Z,Zambia,mcordingly7g@umich.edu,+260 (598) 181-3064
Miles,Galtone,Chynów,1985-04-23T03:42:25Z,Poland,,+48 (442) 705-1603
Clem,Ellams,Gościeradów,1963-09-24T15:50:26Z,Poland,cellams7i@ed.gov,+48 (240) 964-8344
Wyatt,Schottli,Jiru,1994-10-10T20:54:14Z,China,,+86 (902) 406-4211
Brandise,McInility,Likasi,1998-01-27T07:47:46Z,Democratic Republic of the Congo,bmcinility7k@uol.com.br,+242 (167) 169-5181
Sonny,Perocci,Akriní,1950-10-01T07:37:57Z,Greece,sperocci7l@ameblo.jp,+30 (999) 319-4292
Tierney,Donaho,Pita Kotte,1958-08-31T20:06:09Z,Sri Lanka,tdonaho7m@tinyurl.com,+94 (910) 603-4410
Bel,Gertz,Cicapar,1990-04-02T09:27:30Z,Indonesia,,+62 (235) 211-7435
Allx,Sigg,Zacatecoluca,1965-09-17T09:11:05Z,El Salvador,asigg7o@icq.com,+503 (320) 947-2100
Gustaf,Gayter,Kadengan,1996-12-28T07:25:03Z,Indonesia,,+62 (179) 758-4632
Cassi,Ruter,Ronggui,1966-11-26T23:04:10Z,China,cruter7q@wisc.edu,+86 (439) 853-3146
Marian,Barniss,Kosava,1977-01-08T10:32:57Z,Belarus,mbarniss7r@cam.ac.uk,+375 (532) 651-3444
Andrey,Dietz,,,,adietz7s@theatlantic.com,
Joice,Davsley,Darovskoy,1997-09-11T16:55:27Z,Russia,jdavsley7t@cpanel.net,+7 (239) 368-8674
Agace,Bakey,Geshan,1991-03-09T22:36:32Z,China,,+86 (579) 729-2335
Luciana,Rydings,Cililitan,1971-09-18T14:10:21Z,Indonesia,lrydings7v@cocolog-nifty.com,+62 (733) 491-4176
Carmine,Detoc,Sinhyeon,1993-11-20T19:17:48Z,South Korea,cdetoc7w@mapy.cz,+82 (223) 831-9722
Felipa,Tilbey,San Isidro de Lules,1993-09-26T03:31:33Z,Argentina,ftilbey7x@reference.com,+54 (409) 664-5693
Kylie,Runsey,Liuliping,1952-11-17T09:13:26Z,China,krunsey7y@hp.com,+86 (752) 999-1591
Olympie,McLoughlin,Yiliu,1986-08-02T18:25:02Z,China,omcloughlin7z@rambler.ru,+86 (302) 181-4211
Joanne,Osband,Dầu Tiếng,1988-01-11T04:56:01Z,Vietnam,,+84 (739) 405-6855
Terri,Huxtable,Cipanjang,1964-07-19T16:39:36Z,Indonesia,thuxtable81@sciencedaily.com,+62 (722) 749-5648
Bibbie,Fitzsimmons,Yacheng,1995-08-30T14:01:05Z,China,bfitzsimmons82@springer.com,+86 (601) 236-0396
Robinet,Cunrado,Dajasongai,1983-10-18T11:51:43Z,Indonesia,rcunrado83@bing.com,+62 (870) 683-6970
Joice,Mussalli,Sanjiangkou,1950-08-07T00:33:38Z,China,,+86 (332) 775-6938
Tibold,Coopper,Carangola,1981-09-29T05:03:36Z,Brazil,tcoopper85@soup.io,+55 (671) 422-2390
Magdaia,Ciraldo,Novaya Tavolzhanka,1978-12-08T12:23:23Z,Russia,,+7 (106) 736-1679
Devinne,Wigginton,Czeremcha,1972-04-25T16:46:14Z,Poland,dwigginton87@mac.com,+48 (734) 260-5181
Rip,Lethley,Xinjia,1953-10-29T01:14:12Z,China,rlethley88@nhs.uk,+86 (339) 518-2604
Jerald,Craigg,Riangkroko,1974-04-12T11:41:56Z,Indonesia,jcraigg89@phpbb.com,+62 (631) 284-5917
Jay,Walmsley,Santa Rita,1971-03-21T02:49:56Z,Bolivia,jwalmsley8a@examiner.com,+591 (939) 709-4649
Mignonne,Downgate,,,,mdowngate8b@gravatar.com,
Cicely,O'Duggan,Chapecó,1956-08-23T17:15:17Z,Brazil,,+55 (494) 323-7695
Calypso,Wrathmall,Muikamachi,1984-03-07T01:28:08Z,Japan,cwrathmall8d@live.com,+81 (678) 827-2017
Ebba,Cyples,Paris 06,1978-05-04T00:21:32Z,France,ecyples8e@issuu.com,+33 (158) 910-0385
Antonella,Allum,Qinghe,1950-06-24T13:11:40Z,China,aallum8f@businessinsider.com,+86 (998) 307-7833
Emlyn,Lansberry,Licheng,1993-05-02T05:10:18Z,China,elansberry8g@sciencedirect.com,+86 (567) 923-0953
Lucian,Gillam,Xinxian,1977-07-02T06:09:45Z,China,,+86 (591) 813-2259
Veronica,Claiden,,,,,
Tedmund,Conkey,Panenjoan,1964-10-07T11:38:43Z,Indonesia,,+62 (319) 675-1734
Brendan,Stoll,Uticyacu,1980-01-07T15:05:34Z,Peru,bstoll8k@github.io,+51 (744) 739-4359
Wilton,Francombe,Sendangrejo,1992-09-11T17:32:09Z,Indonesia,wfrancombe8l@lulu.com,+62 (214) 791-2100
Roderick,Macvey,La Calera,1953-03-19T00:21:31Z,Argentina,,+54 (168) 751-0355
Terry,Olin,Xihu,1972-04-29T22:45:01Z,China,tolin8n@phoca.cz,+86 (139) 146-6481
Fayth,Trippack,,,,ftrippack8o@google.ru,
Drucie,OIlier,Menlou’ao,1976-02-06T06:59:06Z,China,doilier8p@blogs.com,+86 (730) 825-8143
Kerri,Janew,Lesichevo,1974-06-15T19:10:36Z,Bulgaria,,+359 (612) 687-4949
Maisey,Camerana,Shatalovo,1997-05-20T13:44:58Z,Russia,mcamerana8r@wp.com,+7 (752) 637-0422
Tisha,Kassidy,Gândara,1973-11-09T05:25:41Z,Portugal,,+351 (104) 325-6288
Ulysses,Danher,Ōiso,1998-10-25T18:10:26Z,Japan,udanher8t@desdev.cn,+81 (301) 618-2975
Broddie,Popplestone,Yudong,1966-09-17T08:07:11Z,China,,+86 (128) 248-2910
Nanette,Ferrara,Kufa,1976-08-20T10:59:50Z,Iraq,nferrara8v@businesswire.com,+964 (602) 662-5634
Mattias,Giannoni,Muzambinho,1975-10-06T22:15:54Z,Brazil,mgiannoni8w@reference.com,+55 (727) 944-0888
Hanson,Labbati,Amaigbo,1963-07-17T07:54:53Z,Nigeria,,+234 (971) 859-9897
Illa,Ducket,Ōmura,1989-02-04T09:09:03Z,Japan,iducket8y@tmall.com,+81 (900) 117-6699
Aurelie,Hunte,Sebuku,1950-07-17T11:03:36Z,Indonesia,ahunte8z@dailymotion.com,+62 (479) 570-5138
Erastus,Ollenbuttel,Bacem,1977-07-03T13:59:29Z,Indonesia,eollenbuttel90@example.com,+62 (667) 338-9108
Merwyn,Dibb,,,,mdibb91@stanford.edu,
Alessandra,Brinsden,,,,abrinsden92@slate.com,
Irv,Martello,Åstorp,1976-02-10T19:35:01Z,Sweden,imartello93@shutterfly.com,+46 (995) 251-9745
Rafaelia,Ainscough,Duowa,1996-12-06T21:07:49Z,China,rainscough94@naver.com,+86 (794) 904-9350
Iris,Hammer,Edéa,1968-09-15T10:40:48Z,Cameroon,ihammer95@msu.edu,+237 (283) 403-7169
Virgie,Lacelett,Toupi,1969-01-24T10:57:06Z,China,vlacelett96@over-blog.com,+86 (369) 482-2915
Byrom,Grinsted,Olympia,1985-06-23T13:27:38Z,United States,bgrinsted97@ucla.edu,+1 (360) 638-3240
Rafaellle,Yewdall,Duisburg,1995-09-06T19:13:41Z,Germany,ryewdall98@webeden.co.uk,+49 (881) 235-1845
Giana,Stile,Cruces de Anorí,1962-06-14T07:58:12Z,Colombia,gstile99@prlog.org,+57 (745) 411-0053
Emmey,Tansey,Albion,1967-09-29T22:55:48Z,Mauritius,etansey9a@examiner.com,+230 (593) 176-4047
Janot,Hawgood,Guéret,1967-10-19T17:22:28Z,France,jhawgood9b@cbslocal.com,+33 (185) 990-0313
Valdemar,Gemmell,Leuwibuleud,1961-10-27T12:17:30Z,Indonesia,vgemmell9c@jugem.jp,+62 (987) 987-4395
Dita,Arrault,Hengdian,1971-07-22T14:04:58Z,China,darrault9d@naver.com,+86 (971) 357-0315
Fairlie,Persian,Wangcun,1950-07-04T17:17:05Z,China,fpersian9e@xinhuanet.com,+86 (230) 703-8113
Hagen,Stubbings,Holoriang,1973-12-01T15:07:11Z,Indonesia,hstubbings9f@un.org,+62 (973) 567-7434
Ara,Colcomb,Górki Wielkie,1997-08-23T07:25:02Z,Poland,acolcomb9g@creativecommons.org,+48 (796) 316-5201
Garfield,Whitmore,,,,,
Vin,O'Hogertie,Batagay-Alyta,1960-12-09T08:26:47Z,Russia,,+7 (896) 123-6249
Wolf,Gaskamp,Jerada,1993-07-07T15:29:08Z,Morocco,wgaskamp9j@mtv.com,+212 (267) 560-8118
Stella,Maldin,Maquiapo,1954-01-05T06:45:20Z,Philippines,smaldin9k@liveinternet.ru,+63 (185) 812-7860
Ase,Bickford,Koumra,1977-08-21T03:32:46Z,Chad,abickford9l@arizona.edu,+235 (820) 946-0774
Junie,Bonniface,Toledo,1978-11-06T18:56:25Z,United States,jbonniface9m@usda.gov,+1 (419) 266-8049
Francklin,Knoles,Calvinia,1982-07-13T02:53:07Z,South Africa,fknoles9n@xinhuanet.com,+27 (826) 244-3630
Dacie,Curl,Strängnäs,1996-02-22T11:08:09Z,Sweden,dcurl9o@reddit.com,+46 (803) 541-0365
Fremont,Pellman,Lanot,1969-04-11T11:48:24Z,Philippines,fpellman9p@posterous.com,+63 (515) 957-1594
Erich,Perulli,Vårby,1974-04-20T04:29:58Z,Sweden,eperulli9q@statcounter.com,+46 (687) 682-6559
Virgie,Vinden,Paranapanema,1963-07-04T00:03:57Z,Brazil,vvinden9r@about.com,+55 (933) 829-3640
Essie,Alliberton,Bastos,1974-12-07T18:48:48Z,Brazil,ealliberton9s@printfriendly.com,+55 (484) 468-5399
Tonnie,Flear,Maguilling,1963-11-25T19:24:54Z,Philippines,tflear9t@rakuten.co.jp,+63 (278) 688-0502
Yule,Kestian,Taungoo,1972-04-26T10:21:24Z,Myanmar,ykestian9u@phoca.cz,+95 (707) 932-7976
Tiertza,Medlar,Borda da Mata,1993-10-28T20:42:02Z,Brazil,tmedlar9v@umn.edu,+55 (313) 161-4868
Aube,Collough,Sardoal,1973-03-28T00:55:43Z,Portugal,acollough9w@ucoz.com,+351 (907) 319-9243
Gigi,Cranna,Xinshiba,1966-11-02T11:34:49Z,China,gcranna9x@altervista.org,+86 (282) 217-1291
Clemmy,Mountfort,Hujiaying,1982-08-15T22:41:06Z,China,cmountfort9y@smh.com.au,+86 (494) 930-9302
Clement,Slight,Thomassique,1979-10-04T14:13:44Z,Haiti,,+509 (295) 726-9864
Korry,Stanford,,,,kstanforda0@hao123.com,
Peri,Skyrm,Wangsi,1969-03-20T22:01:10Z,China,pskyrma1@liveinternet.ru,+86 (482) 833-1175
Melisande,Probbing,Damnica,1997-03-29T18:32:37Z,Poland,mprobbinga2@cpanel.net,+48 (360) 932-5965
Ewan,Massie,Yichun,1967-10-19T04:51:26Z,China,emassiea3@unesco.org,+86 (650) 502-4599
Rozele,Sterre,,,,,
Bill,Espinheira,Delft,1996-03-15T09:19:54Z,Netherlands,,+31 (598) 107-4705
Kennith,Lilleycrop,Anjirmuara,1993-07-15T13:38:11Z,Indonesia,klilleycropa6@slate.com,+62 (449) 764-2238
Cart,Bumphries,Manique,1998-11-05T08:33:24Z,Portugal,cbumphriesa7@yelp.com,+351 (799) 656-8977
Osmond,Beckers,,,,obeckersa8@people.com.cn,
Stepha,Mabee,Bulgan,1951-04-19T18:31:38Z,Mongolia,smabeea9@boston.com,+976 (506) 514-1011
Terencio,Larcier,Miguel Pereira,1977-12-15T20:45:23Z,Brazil,,+55 (623) 223-8664
Taffy,Roads,Gugut,1955-05-23T17:03:09Z,Indonesia,,+62 (393) 464-2304
Catlaina,Jeppensen,Stockholm,1978-07-06T22:25:31Z,Sweden,cjeppensenac@privacy.gov.au,+46 (830) 471-2605
Hersch,Brindle,Los Boquerones,1995-11-17T16:24:16Z,Panama,,+507 (260) 241-3167
Stormy,Caldaro,Bāft,1983-10-16T06:44:55Z,Iran,scaldaroae@sourceforge.net,+98 (734) 724-3486
Corbie,Glencros,Embi,1977-12-09T13:41:32Z,Kazakhstan,,+7 (881) 886-2036
Rem,Pagin,Kalianget,1975-12-21T04:10:56Z,Indonesia,rpaginag@twitpic.com,+62 (216) 525-8888
Lexis,Salatino,Ngamba,1994-10-29T21:08:55Z,Indonesia,lsalatinoah@alexa.com,+62 (608) 991-7257
Regan,Bleacher,Ra-ngae,1973-12-15T17:59:26Z,Thailand,rbleacherai@people.com.cn,+66 (108) 472-9877
Jemmie,Tune,Sundsvall,1993-07-22T08:04:27Z,Sweden,jtuneaj@a8.net,+46 (164) 829-3678
Shanta,Saywood,Nailong,1962-03-13T17:03:00Z,Philippines,ssaywoodak@smugmug.com,+63 (665) 777-2805
Alexandros,Chanders,Sukamantri Satu,1996-07-27T02:12:54Z,Indonesia,,+62 (554) 589-4640
Jobi,Mahaddy,,,,jmahaddyam@admin.ch,
Hanan,Stempe,Thouars,1957-06-05T04:32:36Z,France,,+33 (616) 415-3063
Gordie,Chark,Quán Hàu,1956-01-30T05:18:49Z,Vietnam,gcharkao@apache.org,+84 (294) 732-2638
Archie,Whatling,Bernardo Larroudé,1980-06-15T22:28:05Z,Argentina,awhatlingap@slideshare.net,+54 (290) 935-0759
Shermie,Vanderson,Josefina,1992-06-15T06:38:16Z,Philippines,svandersonaq@hud.gov,+63 (181) 498-5161
Joelle,Coppock.,Uppsala,1963-12-02T15:26:13Z,Sweden,jcoppockar@freewebs.com,+46 (807) 273-3531
Mavra,Kivelhan,,,,mkivelhanas@webeden.co.uk,
Aveline,Pond,Bulung’ur,1988-02-29T02:41:58Z,Uzbekistan,apondat@bluehost.com,+998 (576) 535-9525
Rube,Le Noire,Anyang,1983-04-05T11:20:04Z,China,rlenoireau@cnet.com,+86 (644) 100-6655
Aili,Polland,Jiyukou,1961-01-10T01:34:37Z,China,,+86 (475) 854-9061
Cheryl,Dory,Camp Flora,1965-08-31T04:16:36Z,Philippines,,+63 (765) 139-9838
Jedediah,Dubock,Port Harcourt,1995-11-14T02:54:35Z,Nigeria,jdubockax@nbcnews.com,+234 (929) 955-6121
Erminie,Massei,Guaíra,1977-01-25T09:47:45Z,Brazil,emasseiay@europa.eu,+55 (829) 277-6620
Gardie,Smoth,Xintian,1963-12-20T07:24:52Z,China,gsmothaz@toplist.cz,+86 (101) 480-7714
Daryn,Padley,Kālābāgh,1997-09-26T14:23:13Z,Pakistan,dpadleyb0@gov.uk,+92 (158) 673-9460
Misha,Turbayne,Ikšķile,1955-08-16T16:03:50Z,Latvia,mturbayneb1@ftc.gov,+371 (798) 989-6048
Bing,Attwoull,Changmaoling,1963-07-06T02:17:16Z,China,battwoullb2@desdev.cn,+86 (921) 780-2799
Meredeth,Lamshead,Shiren,1971-04-14T00:55:28Z,China,mlamsheadb3@chronoengine.com,+86 (347) 584-0176
Sianna,Shelton,Kuluran,1989-03-13T14:45:32Z,Indonesia,ssheltonb4@mashable.com,+62 (793) 770-2794
Morly,Gymblett,Rio Claro,1982-08-15T22:54:23Z,Trinidad and Tobago,mgymblettb5@github.com,+1 (135) 909-6630
Leighton,Files,,,,,
Grace,Sutherington,,,,gsutheringtonb7@biglobe.ne.jp,
Madel,Ibel,Verkhnyachka,1975-05-15T02:41:02Z,Ukraine,mibelb8@latimes.com,+380 (309) 417-6859
Denney,Myderscough,Guérande,1998-04-06T09:55:58Z,France,dmyderscoughb9@ucoz.com,+33 (621) 933-7116
Marsh,Dullingham,Yogyakarta,1962-07-09T13:56:47Z,Indonesia,mdullinghamba@yolasite.com,+62 (587) 861-1020
Flss,Goodhand,Merke,1992-11-29T03:22:39Z,Kazakhstan,fgoodhandbb@topsy.com,+7 (175) 831-8603
Viki,O'Hone,Wuli,1991-08-23T01:52:37Z,China,vohonebc@newsvine.com,+86 (599) 773-2934
Dalt,Sheryne,Pingba,1969-09-09T20:32:35Z,China,dsherynebd@multiply.com,+86 (981) 454-9522
Phyllida,Sends,Vareš,1951-03-23T11:28:18Z,Bosnia and Herzegovina,psendsbe@wikia.com,+387 (273) 492-7727
Elisa,Garfit,Newbiggin,1978-09-15T02:53:06Z,United Kingdom,egarfitbf@virginia.edu,+44 (242) 184-9441
Ellynn,Stoile,Zābolī,1997-08-05T18:01:06Z,Iran,estoilebg@addtoany.com,+98 (484) 661-2135
Gilemette,Rihanek,Boston,1983-04-17T17:28:36Z,United States,grihanekbh@i2i.jp,+1 (617) 207-0270
Deena,Barter,Fenghui,1957-07-07T18:27:55Z,China,dbarterbi@usda.gov,+86 (869) 232-3783
Aubrie,Byk,El Tabo,1971-01-31T13:07:51Z,Chile,abykbj@marketwatch.com,+56 (591) 648-3138
Teddy,Mattei,Juan de Acosta,1964-09-29T16:56:34Z,Colombia,tmatteibk@patch.com,+57 (295) 209-9633
Pauli,Mandell,Karachi,1958-08-26T20:29:51Z,Pakistan,pmandellbl@auda.org.au,+92 (198) 143-5699
Adrianna,Basden,Vitry-sur-Seine,1973-07-24T20:17:28Z,France,abasdenbm@go.com,+33 (423) 291-6154
Tricia,Gerssam,Naze,1998-08-06T06:51:04Z,Japan,tgerssambn@yale.edu,+81 (431) 585-7048
Gordie,Edmed,Raoshi,1965-07-20T18:28:00Z,China,gedmedbo@plala.or.jp,+86 (771) 920-2025
Clareta,Rasmus,Rochester,1969-01-27T18:22:28Z,United States,crasmusbp@newsvine.com,+1 (507) 127-3672
Darby,Backshaw,Fujiayan,1970-07-16T03:31:11Z,China,dbackshawbq@moonfruit.com,+86 (252) 372-9178
Delora,Beloe,Wang Sombun,1987-04-04T08:24:35Z,Thailand,,+66 (413) 405-0523
Quintilla,Allkins,Puerto Iguazú,1967-08-08T10:15:12Z,Argentina,qallkinsbs@blogs.com,+54 (319) 413-7698
Ebonee,Bartholomew,Gračac,1999-10-15T12:25:23Z,Croatia,ebartholomewbt@cpanel.net,+385 (603) 212-2158
Bobbi,Windress,,,,bwindressbu@wsj.com,
Alonzo,O'Hannigan,Oberá,1963-06-29T14:57:19Z,Argentina,aohanniganbv@rediff.com,+54 (175) 216-1414
Millisent,Troker,Lluka e Eperme,1975-04-18T03:26:29Z,Kosovo,mtrokerbw@constantcontact.com,+383 (136) 132-8999
Darius,Christie,Port-Vila,1996-03-08T05:22:07Z,Vanuatu,dchristiebx@nsw.gov.au,+678 (228) 324-8435
Garrek,Biasetti,Carhué,1989-09-11T14:42:40Z,Argentina,gbiasettiby@newyorker.com,+54 (959) 891-6577
Delores,Speares,Pedregulho,1977-08-07T08:51:09Z,Brazil,dspearesbz@hc360.com,+55 (314) 580-6376
Sybyl,Redrup,San Francisco de Macorís,1955-03-15T11:18:05Z,Dominican Republic,sredrupc0@theguardian.com,+1 (728) 431-1249
Giffard,Mattiazzo,Bantarsari Kulon,1955-10-03T20:29:54Z,Indonesia,gmattiazzoc1@epa.gov,+62 (197) 656-3639
Corrinne,Hardington,Atyrau,1951-04-03T10:06:20Z,Kazakhstan,,+7 (223) 227-1842
Lennard,Simoncini,Parakanpanjang,1971-02-17T11:59:51Z,Indonesia,lsimoncinic3@last.fm,+62 (669) 353-5698
Denny,Fontes,Ngroto,1997-03-13T01:51:21Z,Indonesia,dfontesc4@google.de,+62 (155) 605-3583
Witty,Pindred,Tours,1964-08-11T17:21:17Z,France,wpindredc5@google.ca,+33 (925) 855-4794
Gerrilee,Darrigone,Douala,1993-10-23T16:28:09Z,Cameroon,gdarrigonec6@census.gov,+237 (539) 232-3950
Stanton,Jillitt,Cergy-Pontoise,1960-03-03T03:44:32Z,France,sjillittc7@vinaora.com,+33 (925) 306-9974
Leanora,Latty,Ipameri,1965-03-22T08:14:46Z,Brazil,llattyc8@redcross.org,+55 (167) 226-5758
Lynette,O'Henehan,Haymā’,1996-10-09T19:05:22Z,Oman,lohenehanc9@ask.com,+968 (673) 129-2956
Peter,Cubley,Rocky Mountain House,1982-05-28T01:11:20Z,Canada,,+1 (326) 465-2156
Harlan,Adel,Laḩij,1952-11-01T22:59:30Z,Yemen,hadelcb@webmd.com,+967 (730) 209-4774
Gabbie,Grzegorzewicz,‘Afula ‘Illit,1961-08-28T02:50:05Z,Israel,,+972 (844) 999-2207
Evyn,Aitchinson,Eusébio,1985-05-05T08:23:13Z,Brazil,eaitchinsoncd@diigo.com,+55 (745) 958-0584
Malva,Giacopini,Briteiros Santa Leocádia,1978-06-05T15:57:28Z,Portugal,mgiacopinice@furl.net,+351 (970) 208-8823
Albertine,Wittleton,,,,awittletoncf@deviantart.com,
Mathe,Ditter,Mrzeżyno,1981-10-27T02:53:17Z,Poland,mdittercg@homestead.com,+48 (461) 776-1737
Eolanda,Hurkett,Guicheng,1976-12-21T07:18:42Z,China,,+86 (511) 328-9162
Eveleen,Undrill,Valladolid,1972-01-04T12:50:46Z,Spain,,+34 (955) 759-2797
Terrel,Kingscote,Créteil,1996-08-04T14:43:36Z,France,tkingscotecj@narod.ru,+33 (776) 421-2817
Hannah,Lorenc,Calebasses,1975-04-23T08:09:21Z,Mauritius,,+230 (795) 362-4770
Gerard,Arthurs,Jingxin,1996-12-11T12:25:00Z,China,,+86 (676) 579-3389
Cirstoforo,Poolton,Tangyu,1990-05-26T18:07:18Z,China,,+86 (342) 379-0190
Jesse,De Bruyn,,,,jdebruyncn@usnews.com,
Al,Eagleton,Dębno,1993-10-08T07:40:35Z,Poland,aeagletonco@jugem.jp,+48 (427) 857-4097
Lew,Bussetti,Al Ḩāḑir,1996-05-28T11:35:25Z,Syria,lbussetticp@goo.gl,+963 (295) 106-7560
Beaufort,Tarver,Oklahoma City,1985-07-20T04:37:47Z,United States,btarvercq@wordpress.org,+1 (405) 739-8176
Kessiah,Gladding,Nanmuping,1959-03-23T14:17:18Z,China,kgladdingcr@nymag.com,+86 (917) 823-9281
Lisette,Grimstead,Säffle,1970-05-10T21:02:37Z,Sweden,lgrimsteadcs@exblog.jp,+46 (361) 512-5388
Boony,Hefford,Huanren,1984-09-25T06:41:05Z,China,bheffordct@tripadvisor.com,+86 (170) 191-5872
Marianna,Tappington,Umeå,1998-01-31T23:33:16Z,Sweden,mtappingtoncu@aboutads.info,+46 (408) 435-4673
Angela,Doram,Marseille,1968-07-01T19:42:50Z,France,adoramcv@squarespace.com,+33 (847) 391-6431
Osmond,Bente,Weekombaka,1977-05-26T10:17:59Z,Indonesia,obentecw@slate.com,+62 (736) 489-2707
Ludvig,L'Hommee,Maclear,1998-12-09T16:54:51Z,South Africa,llhommeecx@webnode.com,+27 (862) 244-9604
Garrik,Silvers,Santa Cecilia,1970-04-15T09:53:41Z,Mexico,gsilverscy@disqus.com,+52 (468) 974-3644
Randy,Bickerstaffe,Sutton,1962-10-13T21:04:52Z,Ireland,rbickerstaffecz@live.com,+353 (557) 929-2069
Letitia,Maiden,Amman,1956-04-16T15:36:57Z,Jordan,lmaidend0@biblegateway.com,+962 (837) 559-5212
Ortensia,Rough,Vale de Madeiros,1956-05-21T15:55:00Z,Portugal,,+351 (610) 568-4640
Teressa,Fernie,Pagsabangan,1968-05-17T17:32:38Z,Philippines,tfernied2@jimdo.com,+63 (666) 557-0506
Vasilis,Issatt,Qozonketkan,1961-06-02T12:22:25Z,Uzbekistan,vissattd3@gizmodo.com,+998 (110) 325-6976
Romona,Cubbon,Ngluwuk,1993-11-03T02:30:12Z,Indonesia,rcubbond4@ocn.ne.jp,+62 (219) 915-9799
Claiborne,Brunone,Hushi,1962-06-03T15:06:15Z,China,cbrunoned5@livejournal.com,+86 (354) 592-8596
Yasmeen,Haulkham,Byuravan,1997-10-21T06:51:42Z,Armenia,yhaulkhamd6@weather.com,+374 (909) 495-6246
Chase,Kincade,Al Qubbah,1976-11-03T05:30:10Z,Libya,ckincaded7@shop-pro.jp,+218 (594) 380-6185
Valdemar,Cowgill,Tutem,1955-05-27T11:02:20Z,Indonesia,vcowgilld8@cdc.gov,+62 (258) 437-9445
Yvor,Schenkel,Vårby,1956-06-27T04:13:36Z,Sweden,yschenkeld9@reference.com,+46 (272) 493-1050
Oralla,McIlherran,Campelos,1979-07-16T20:46:35Z,Portugal,omcilherranda@redcross.org,+351 (424) 576-5549
Camille,Bresson,Mersa Matruh,1951-05-16T21:26:12Z,Egypt,cbressondb@soundcloud.com,+20 (553) 345-1415
Gilbert,Threadgall,Balpyk Bī,1994-08-05T14:20:37Z,Kazakhstan,gthreadgalldc@ucsd.edu,+7 (235) 980-5692
Cassandre,Field,Rabāţ-e Sangī-ye Pā’īn,1956-03-28T03:49:53Z,Afghanistan,cfielddd@stanford.edu,+93 (121) 844-5238
Colly,Learmond,Ilangay,1957-02-11T07:20:12Z,Philippines,clearmondde@dell.com,+63 (665) 624-4142
Stormi,Dutch,,,,sdutchdf@clickbank.net,
Jarad,Gerb,Kramators’k,1952-07-05T08:28:15Z,Ukraine,jgerbdg@dion.ne.jp,+380 (262) 369-3222
Stefa,Darque,Narew,1986-12-30T06:06:27Z,Poland,sdarquedh@bloglines.com,+48 (964) 468-5641
Bruno,Klejin,Oro Verde,1973-04-07T12:21:06Z,Argentina,bklejindi@marriott.com,+54 (604) 759-7962
Alia,Clandillon,Cai Doi Vam,1956-10-25T14:46:51Z,Vietnam,,+84 (160) 552-5972
Gabriello,Laurentino,Forshaga,1973-07-22T07:55:42Z,Sweden,glaurentinodk@eventbrite.com,+46 (595) 896-2656
Perkin,McCoole,Shakhty,1977-11-29T06:03:06Z,Russia,pmccooledl@hostgator.com,+7 (774) 976-5599
Rollie,Richardeau,Si Narong,1967-10-24T16:02:20Z,Thailand,rrichardeaudm@fema.gov,+66 (291) 854-2341
Mirabelle,Furmage,Shipu,1966-02-20T00:43:54Z,China,,+86 (770) 130-4310
Rodney,Sharvell,Socorro,1991-06-12T10:49:21Z,Philippines,,+63 (907) 897-3073
Sergio,Serrurier,Promyshlennaya,1975-11-06T18:31:22Z,Russia,,+7 (414) 276-1417
Kata,Kirvell,Karnice,1984-05-25T23:28:07Z,Poland,kkirvelldq@flickr.com,+48 (753) 940-7947
Karlie,Methringham,Clarence-Rockland,1987-09-13T14:16:41Z,Canada,kmethringhamdr@mapquest.com,+1 (943) 294-1693
Marcello,Gribbell,Chişinău,1957-02-25T01:26:56Z,Moldova,mgribbellds@pagesperso-orange.fr,+373 (347) 438-8735
Thomasine,Maddy,Shaxi,1964-01-22T01:22:29Z,China,tmaddydt@hp.com,+86 (485) 555-2807
Carr,Cridlon,Parapat,1978-12-25T07:59:57Z,Indonesia,,+62 (650) 667-1791
Jens,Clare,Uzunovo,1980-06-05T07:30:20Z,Russia,,+7 (647) 964-4927
Genvieve,Swate,Toamasina,1996-09-23T11:21:21Z,Madagascar,gswatedw@hc360.com,+261 (300) 427-3466
Nataniel,Book,Tsybulevka,1971-04-17T21:45:57Z,Ukraine,nbookdx@1688.com,+380 (472) 213-9477
Tamara,Rawnsley,Menongue,1954-04-01T21:04:14Z,Angola,trawnsleydy@creativecommons.org,+244 (865) 117-4718
Killie,Alvar,Pemberton,1967-12-29T17:08:50Z,Canada,kalvardz@cocolog-nifty.com,+1 (810) 879-0190
Dorolice,Diss,Përmet,1956-08-19T20:14:03Z,Albania,,+355 (188) 447-6891
Loren,Warters,Nuing,1953-09-21T16:09:46Z,Philippines,lwarterse1@trellian.com,+63 (611) 546-0773
Becka,Klees,San Isidro de Lules,1952-01-18T11:44:05Z,Argentina,bkleese2@livejournal.com,+54 (704) 872-6854
Krystyna,Ubsdale,Kanye,1962-03-02T07:54:07Z,Botswana,kubsdalee3@de.vu,+267 (406) 882-9707
Gretal,Pescud,Oni,1953-10-08T19:23:49Z,Indonesia,gpescude4@usatoday.com,+62 (230) 653-8443
Dolores,Kall,Klagen,1964-02-14T12:50:44Z,Indonesia,dkalle5@cmu.edu,+62 (644) 443-8730
Andriana,Dulinty,Wilkes Barre,1954-10-08T23:55:42Z,United States,adulintye6@europa.eu,+1 (570) 227-7161
Brigida,Putt,Qingjiangqiao,1997-07-22T03:54:52Z,China,bputte7@cpanel.net,+86 (809) 420-7078
Jewell,Mossman,Zhongshangang,1954-12-02T08:16:31Z,China,,+86 (734) 913-5849
Werner,Pursey,Pelileo,1951-10-21T06:01:58Z,Ecuador,,+593 (739) 899-4569
Emmanuel,Jurn,Uarini,1956-12-29T16:26:10Z,Brazil,,+55 (576) 289-3092
Karoly,Ravilious,Nijiangping,1968-03-25T13:50:10Z,China,kraviliouseb@reverbnation.com,+86 (174) 153-7556
Ganny,Wonham,Erdu,1989-03-19T09:48:07Z,China,gwonhamec@yellowbook.com,+86 (929) 830-0525
Elmo,Fradgley,Cibeureum,1978-07-10T06:37:51Z,Indonesia,efradgleyed@wikispaces.com,+62 (694) 253-4523
Murielle,Carnew,Paris 09,1964-02-07T01:24:12Z,France,mcarnewee@abc.net.au,+33 (860) 697-5541
Zacharias,Tunney,Almirante Tamandaré,1968-03-21T15:23:41Z,Brazil,ztunneyef@comsenz.com,+55 (506) 899-4205
Barry,Medley,Semerak,1988-09-08T22:57:42Z,Indonesia,bmedleyeg@com.com,+62 (977) 615-3812
Bradly,Divell,Grujugan,1963-01-25T00:46:28Z,Indonesia,bdivelleh@tuttocitta.it,+62 (162) 173-3786
Bidget,Gawkroge,Navegantes,1975-01-19T07:03:31Z,Brazil,,+55 (603) 237-9069
Beauregard,Rasor,Trakan Phut Phon,1964-07-16T09:42:36Z,Thailand,brasorej@elegantthemes.com,+66 (745) 598-9139
Brinna,Gerok,Khlong Sam Wa,1955-04-21T07:59:34Z,Thailand,bgerokek@hibu.com,+66 (137) 515-3419
Nance,Pablo,Lembang,1999-10-14T22:08:04Z,Indonesia,npabloel@bbb.org,+62 (669) 116-3109
Ber,Egdale,Ampelgading,1998-07-26T19:49:19Z,Indonesia,begdaleem@ustream.tv,+62 (790) 254-4946
Cissiee,Battin,Xinji,1978-12-15T10:05:54Z,China,cbattinen@microsoft.com,+86 (237) 322-1227
Gwyn,Bazoche,Timeng,1998-07-26T05:05:20Z,China,gbazocheeo@cmu.edu,+86 (792) 654-1215
Waly,Managh,Linda Vista,1967-03-14T01:48:53Z,Mexico,wmanaghep@xing.com,+52 (952) 531-0678
Kerr,Ferrant,Dayangzhou,1965-02-14T12:10:35Z,China,kferranteq@youku.com,+86 (352) 852-8440
Marina,Ellingsworth,Shimen,1961-07-13T18:58:59Z,China,mellingsworther@discuz.net,+86 (718) 507-7609
Rodi,Leyes,Il’ka,1957-10-21T15:20:43Z,Russia,,+7 (257) 781-5638
Madalyn,Scala,Palaiochóri,1979-02-12T17:03:19Z,Greece,mscalaet@icq.com,+30 (725) 336-1310
Janice,Rochford,Cikarang,1966-02-08T09:02:16Z,Indonesia,jrochfordeu@google.com,+62 (719) 136-9309
Gavan,Trevarthen,Catu,1984-03-14T23:29:18Z,Brazil,gtrevarthenev@angelfire.com,+55 (363) 481-8841
Elberta,Sinncock,Trinity,1989-11-07T18:00:25Z,Saint Kitts and Nevis,esinncockew@fastcompany.com,+1 (799) 289-9809
Lutero,Synke,Tyoply Stan,1995-05-18T11:38:01Z,Russia,lsynkeex@twitpic.com,+7 (128) 716-1357
Jaimie,Gland,Uppsala,1960-11-11T14:54:40Z,Sweden,jglandey@upenn.edu,+46 (811) 765-7781
Romola,Redmile,Billings,1953-04-08T12:32:38Z,United States,rredmileez@eepurl.com,+1 (406) 725-0095
Ade,Hunday,Cikijing,1975-12-31T06:28:26Z,Indonesia,,+62 (499) 190-9178
Malory,Kremer,Amirabad,1972-04-28T01:38:25Z,Pakistan,mkremerf1@examiner.com,+92 (270) 666-3902
Farleigh,Brookesbie,Dandu,1954-10-11T00:10:55Z,China,fbrookesbief2@tripadvisor.com,+86 (533) 999-5942
Chan,Scotchmor,Vyaz’ma,1976-01-16T09:30:49Z,Russia,cscotchmorf3@webmd.com,+7 (743) 960-2148
Kiele,Mandifield,Boston,1982-08-23T04:18:13Z,Philippines,kmandifieldf4@nps.gov,+63 (483) 788-3913
Anna-maria,Whiterod,Habiganj,1954-01-03T01:41:31Z,Bangladesh,awhiterodf5@usa.gov,+880 (832) 225-1767
Sawyer,Clive,Mantang,1952-12-23T21:49:18Z,Philippines,,+63 (937) 593-8720
Rozella,Denisyuk,Zhushan,1995-07-28T01:00:38Z,China,rdenisyukf7@hp.com,+86 (890) 815-8710
Giovanna,Iiannone,Diré,1981-02-24T04:59:17Z,Mali,giiannonef8@narod.ru,+223 (782) 891-8793
Merill,Shepperd,Lhokkruet,1955-04-12T17:44:01Z,Indonesia,mshepperdf9@state.gov,+62 (449) 600-5063
Miles,Counsell,Bang Ban,1970-02-06T19:24:58Z,Thailand,mcounsellfa@weebly.com,+66 (556) 649-0551
Tamera,Stainfield,Qinnan,1995-03-08T11:11:12Z,China,,+86 (277) 369-5797
Buddy,Melbourne,Fayzabad,1986-07-27T23:50:50Z,Afghanistan,bmelbournefc@facebook.com,+93 (835) 347-6136
Fair,Ales0,Baiyushan,1950-01-12T20:54:42Z,China,falesfd@java.com,+86 (409) 576-7834
Toby,McBrearty,Ngedhusuba,1976-08-29T17:33:56Z,Indonesia,tmcbreartyfe@domainmarket.com,+62 (722) 870-4749
Katee,Gyves,Obigarm,1997-03-07T01:13:53Z,Tajikistan,kgyvesff@github.com,+992 (225) 457-8380
Eveline,Scrivinor,Sempol,1990-07-27T01:49:54Z,Indonesia,escrivinorfg@tiny.cc,+62 (828) 673-1479
Ulrich,Vernon,Belén de los Andaquíes,1960-05-15T18:50:15Z,Colombia,uvernonfh@uol.com.br,+57 (647) 212-8943
Amargo,Keddle,Cantilan,1989-10-30T13:28:50Z,Philippines,akeddlefi@prnewswire.com,+63 (393) 600-7708
Glenda,Lackney,Chikushino-shi,1952-03-07T06:06:57Z,Japan,glackneyfj@about.me,+81 (420) 789-5499
Joaquin,Fould,Randegan,1972-02-11T04:07:15Z,Indonesia,,+62 (518) 348-6785
Carline,Stillgoe,Novi Pazar,1998-05-04T15:05:03Z,Serbia,cstillgoefl@cnn.com,+381 (464) 217-5605
Irwin,Pantling,Abha,1954-08-01T07:43:06Z,Saudi Arabia,ipantlingfm@wiley.com,+966 (287) 458-2115
Chadd,Trythall,Lucban,1967-02-24T17:50:25Z,Philippines,ctrythallfn@google.ru,+63 (306) 783-1946
Bear,Bahls,Golynki,1970-07-10T04:40:41Z,Russia,bbahlsfo@deliciousdays.com,+7 (376) 407-2384
Irwinn,Cona,Mogzon,1963-10-24T02:12:48Z,Russia,iconafp@about.me,+7 (203) 890-5593
Henrik,Feely,Pillpinto,1989-05-13T10:39:33Z,Peru,hfeelyfq@biglobe.ne.jp,+51 (368) 487-8917
Elane,Jedryka,Esquel,1987-11-09T01:10:09Z,Argentina,ejedrykafr@theatlantic.com,+54 (579) 823-8123
Ezri,Galbreath,Nepalgunj,1991-10-20T18:08:43Z,Nepal,egalbreathfs@cbslocal.com,+977 (848) 622-9418
Warde,Regitz,Puerto Mayor Otaño,1967-10-11T23:52:42Z,Paraguay,,+595 (600) 699-3507
Madeline,Kydd,Huainan,1987-08-20T15:22:29Z,China,mkyddfu@bluehost.com,+86 (970) 408-8590
Lyon,Potebury,Pacatuba,1995-06-30T06:16:52Z,Brazil,,+55 (427) 395-3779
Weston,Legister,Pujocucho,1951-09-16T05:41:51Z,Peru,wlegisterfw@uiuc.edu,+51 (489) 804-1923
Erasmus,O'Caherny,Oster,1955-05-03T02:38:16Z,Russia,eocahernyfx@chron.com,+7 (566) 480-2021
Bev,Meriton,Amio,1984-09-02T14:27:44Z,Philippines,bmeritonfy@jimdo.com,+63 (904) 913-0896
Winnifred,Scobbie,Henglin,1986-01-28T11:28:24Z,China,wscobbiefz@godaddy.com,+86 (363) 186-7042
Caria,Aireton,Baranów,1988-03-04T14:59:58Z,Poland,cairetong0@desdev.cn,+48 (650) 780-5696
Lefty,Biggadike,Kuzhu,1999-03-19T01:36:10Z,China,lbiggadikeg1@arstechnica.com,+86 (774) 873-7473
De,Lovewell,Kumbo,1963-08-05T03:56:29Z,Cameroon,dlovewellg2@nymag.com,+237 (760) 555-8268
Merrile,Marshfield,Baizhang,1950-01-28T01:51:13Z,China,mmarshfieldg3@elpais.com,+86 (172) 975-1152
Francklin,Braidford,Shuozhou,1955-04-24T14:19:31Z,China,fbraidfordg4@usa.gov,+86 (299) 138-9189
Deanne,Van Schafflaer,Houston,1974-11-27T07:05:06Z,United States,dvanschafflaerg5@marketwatch.com,+1 (713) 419-3776
Selestina,Bonsey,Xiangba,1989-08-25T06:57:07Z,China,sbonseyg6@quantcast.com,+86 (730) 318-8564
Colman,Heffernon,Upernavik,1960-05-24T09:57:39Z,Greenland,cheffernong7@sourceforge.net,+299 (803) 992-8099
Maisie,Roswarn,Guanqing,1989-05-04T21:31:55Z,China,mroswarng8@berkeley.edu,+86 (596) 305-8490
Wendy,Garrettson,,,,wgarrettsong9@hexun.com,
Lurline,McKitterick,Weekombaka,1962-08-24T19:16:50Z,Indonesia,lmckitterickga@miitbeian.gov.cn,+62 (158) 931-9706
Sue,Sirr,Ak’ordat,1951-11-29T10:44:57Z,Eritrea,ssirrgb@skyrock.com,+291 (543) 336-2326
Angelia,Dewett,Sol’-Iletsk,1992-12-05T07:29:54Z,Russia,adewettgc@home.pl,+7 (210) 441-9231
Alexis,Artharg,Wilmington,1981-08-09T23:37:59Z,United States,aartharggd@stanford.edu,+1 (910) 484-6852
Tana,Benck,Milwaukee,1959-04-17T13:16:55Z,United States,tbenckge@tinyurl.com,+1 (414) 598-2977
Torey,Hayto,Borbon,1951-04-21T11:38:12Z,Philippines,thaytogf@altervista.org,+63 (546) 591-1661
Emmery,Lideard,Haapsalu,1953-05-25T11:10:50Z,Estonia,,+372 (961) 434-7932
Katrine,Vedishchev,Pelileo,1996-11-27T09:26:15Z,Ecuador,kvedishchevgh@tripadvisor.com,+593 (206) 640-5344
Harley,Delgua,Daliu,1958-05-25T06:38:45Z,China,hdelguagi@ucla.edu,+86 (297) 384-1126
Angelique,Holby,Mörrum,1971-04-28T05:55:47Z,Sweden,aholbygj@wikipedia.org,+46 (709) 628-3562
Mozelle,Warwicker,Xinxu,1955-11-20T19:28:33Z,China,mwarwickergk@linkedin.com,+86 (877) 785-5703
Ashley,Hayzer,Puerto Ayacucho,1953-07-25T12:32:48Z,Venezuela,ahayzergl@edublogs.org,+58 (124) 597-1500
Tess,Hauxby,Młynary,1962-01-28T22:31:52Z,Poland,thauxbygm@quantcast.com,+48 (405) 726-0709
Branden,Talmadge,Dasanlian Lauk,1997-02-05T16:35:45Z,Indonesia,,+62 (214) 523-1894
Clive,Asmus,Anping,1993-09-19T03:46:10Z,China,casmusgo@howstuffworks.com,+86 (894) 669-1111
Cosetta,Canfield,Campechuela,1966-12-04T14:20:46Z,Cuba,ccanfieldgp@themeforest.net,+53 (115) 352-4292
Steffi,Dooman,Sadang Kulon,1979-08-10T14:31:35Z,Indonesia,sdoomangq@shutterfly.com,+62 (707) 705-9996
Archibaldo,Mair,Laban,1997-11-11T18:47:14Z,Indonesia,amairgr@wired.com,+62 (912) 479-1274
Madelin,Rainsden,La Unión,1980-04-04T09:27:06Z,Colombia,mrainsdengs@1und1.de,+57 (481) 310-2420
Phillipp,Smouten,Orekhovo-Borisovo Severnoye,1990-02-21T22:32:23Z,Russia,,+7 (391) 513-1458
Abdel,Juris,Babiak,1975-09-30T17:13:15Z,Poland,ajurisgu@w3.org,+48 (264) 819-6492
Adolph,Goulter,Guanqing,1966-12-30T03:06:47Z,China,agoultergv@sbwire.com,+86 (549) 342-0567
Stacee,Korpal,Satita,1994-01-12T02:28:08Z,Syria,skorpalgw@bbb.org,+963 (910) 806-3646
Galen,Horning,Novopokrovskaya,1970-11-29T12:11:52Z,Russia,ghorninggx@mlb.com,+7 (819) 485-6946
Kermy,Belcher,,,,kbelchergy@netscape.com,
Elli,Spurnier,Tohautu,1977-04-13T00:00:46Z,French Polynesia,espurniergz@vk.com,+689 (815) 869-6786
Elladine,Roddy,,,,eroddyh0@creativecommons.org,
Haily,Blanchard,Na Di,1993-11-03T11:55:42Z,Thailand,hblanchardh1@webmd.com,+66 (333) 399-5975
Bethina,Cossons,Dingqing,1986-05-20T22:58:54Z,China,bcossonsh2@g.co,+86 (799) 989-1264
Dorry,Cutten,Embarcación,1950-08-10T04:18:35Z,Argentina,dcuttenh3@nymag.com,+54 (712) 263-2964
Tiff,Faber,Vila Franca do Campo,1986-07-21T03:29:43Z,Portugal,tfaberh4@stumbleupon.com,+351 (656) 562-7834
Lisle,Cornu,Timiryazevskiy,1990-09-02T23:38:27Z,Russia,lcornuh5@issuu.com,+7 (902) 583-1084
Aubine,Yardley,Juan Santiago,1961-08-06T18:21:51Z,Dominican Republic,ayardleyh6@who.int,+1 (446) 273-6642
Aura,Syddie,Zhouzhuang,1966-04-13T14:41:18Z,China,asyddieh7@51.la,+86 (229) 714-1934
Emyle,Hamson,Wawa,1965-07-15T18:59:20Z,Nigeria,,+234 (912) 266-6243
Rahel,Keelinge,Passos,1990-07-14T21:02:14Z,Portugal,rkeelingeh9@buzzfeed.com,+351 (375) 480-1097
Vincent,Sabatini,Mundão,1963-06-30T08:02:28Z,Portugal,vsabatiniha@topsy.com,+351 (987) 650-4905
Wiley,Pead,Kedungwungu,1963-04-03T23:35:27Z,Indonesia,wpeadhb@wufoo.com,+62 (113) 185-8688
Dannye,Northing,Wanmao,1991-10-08T09:13:11Z,China,dnorthinghc@mashable.com,+86 (508) 162-2124
Luis,Gillanders,Youyang,1988-11-23T12:59:56Z,China,lgillandershd@miitbeian.gov.cn,+86 (783) 178-0889
Andrea,Birkwood,Novi Kneževac,1996-10-13T01:21:36Z,Serbia,,+381 (108) 892-3705
Joan,Gomez,Montigny-lès-Metz,1978-10-20T22:26:06Z,France,jgomezhf@tmall.com,+33 (660) 850-9697
Fredi,Mairs,Alīābad,1984-05-31T17:25:48Z,Pakistan,fmairshg@dyndns.org,+92 (592) 722-7901
Cristabel,Youell,Senta,1954-11-17T01:28:41Z,Serbia,cyouellhh@house.gov,+381 (581) 990-6762
Annalise,Tern,Chimen,1972-10-09T09:25:43Z,China,,+86 (395) 981-3041
Mozelle,Ricarde,Bislig,1972-09-22T22:23:06Z,Philippines,,+63 (942) 316-4295
Lissi,McIndoe,Xujiadian,1974-09-08T16:27:46Z,China,lmcindoehk@unblog.fr,+86 (443) 600-6700
Rudolf,McGillivray,Niejiahe,1996-07-15T16:39:56Z,China,rmcgillivrayhl@altervista.org,+86 (693) 611-1967
Brenda,Donisi,Uba,1988-01-05T11:03:59Z,Nigeria,bdonisihm@shareasale.com,+234 (747) 114-5264
Madelle,Fitzhenry,,,,mfitzhenryhn@epa.gov,
Tabbitha,Scollan,Gò Dầu,1952-06-25T04:20:20Z,Vietnam,tscollanho@wix.com,+84 (618) 423-7784
Barron,Stansell,Kalmunai,1989-12-25T01:35:37Z,Sri Lanka,bstansellhp@newsvine.com,+94 (234) 877-3804
Wilmer,Kantor,Jingtailu,1993-03-21T00:41:17Z,China,,+86 (921) 358-6111
Willa,Wiltshear,Chishtiān Mandi,1961-05-01T02:10:24Z,Pakistan,wwiltshearhr@macromedia.com,+92 (569) 923-2407
Dion,Briant,Derventa,1957-09-24T14:41:33Z,Bosnia and Herzegovina,dbrianths@51.la,+387 (599) 285-5790
Russ,Aistrop,Tsagaanchuluut,1998-03-28T09:42:52Z,Mongolia,raistropht@huffingtonpost.com,+976 (522) 189-4374
Karlotta,Jess,Orange,1983-12-30T19:12:54Z,United States,kjesshu@topsy.com,+1 (650) 326-3339
Lyndell,Exall,Kolonowskie,1971-03-28T16:47:48Z,Poland,lexallhv@nifty.com,+48 (913) 592-6721
Timothea,Damrell,Waterbury,1950-07-13T11:58:41Z,United States,tdamrellhw@1688.com,+1 (203) 906-1656
Orelee,Volkes,Palhoça,1985-08-16T00:39:00Z,Brazil,ovolkeshx@earthlink.net,+55 (658) 809-5610
Brooks,Churchill,Mao’er,1975-03-14T10:52:08Z,China,bchurchillhy@ucoz.com,+86 (465) 559-8276
Moise,Gould,Huapi,1960-12-19T12:03:05Z,China,mgouldhz@youtube.com,+86 (265) 134-0486
Selina,Traite,Sugihwaras,1958-04-06T06:01:13Z,Indonesia,straitei0@webs.com,+62 (279) 142-5540
Lari,Hanes,Poroj,1976-03-18T21:08:03Z,Macedonia,lhanesi1@cocolog-nifty.com,+389 (551) 914-0970
Melesa,Lindenbaum,Al Ghayl,1990-01-18T09:08:58Z,Yemen,mlindenbaumi2@hhs.gov,+967 (110) 732-2373
Patten,Lacase,Washington,1989-12-16T22:57:19Z,United States,placasei3@oaic.gov.au,+1 (202) 877-5924
Raimund,Woolis,Basa,1970-11-06T00:05:18Z,Indonesia,rwoolisi4@fema.gov,+62 (331) 506-6879
Josey,Vauter,Padang,1966-11-28T09:05:16Z,Indonesia,jvauteri5@furl.net,+62 (594) 425-0496
Umberto,Matokhnin,San José de Feliciano,1955-08-14T15:14:37Z,Argentina,umatokhnini6@wordpress.org,+54 (624) 673-8156
Bendicty,Vallerine,Lille,1974-11-15T13:49:52Z,France,bvallerinei7@hao123.com,+33 (128) 892-8811
Sloan,Rossant,Qarqania,1969-07-06T03:15:54Z,Syria,srossanti8@va.gov,+963 (886) 452-2605
Genevieve,Roomes,Jiaogong,1978-12-10T21:41:18Z,China,groomesi9@mozilla.org,+86 (114) 780-7125
Adlai,Stuchburie,Wuluo,1956-10-26T06:46:24Z,China,astuchburieia@dyndns.org,+86 (515) 381-1328
Rhiamon,Piggin,Ziketan,1967-08-23T03:10:17Z,China,rpigginib@geocities.com,+86 (443) 996-3799
Truman,Trimby,Pasadena,1962-08-24T05:27:54Z,United States,ttrimbyic@nps.gov,+1 (650) 580-2203
Horatius,Lodin,Smiltene,1977-07-09T21:29:52Z,Latvia,hlodinid@nhs.uk,+371 (711) 877-0883
Joete,Gemmell,Lagoa,1983-06-20T00:17:25Z,Portugal,jgemmellie@addtoany.com,+351 (485) 320-8422
Gabbie,Truluck,Jiangbei,1966-11-27T00:18:51Z,China,gtruluckif@sciencedaily.com,+86 (922) 777-4958
Jacky,Colchett,Nyazepetrovsk,1969-06-29T01:27:28Z,Russia,jcolchettig@printfriendly.com,+7 (279) 795-3838
Svend,Round,Kuybyshevo,1978-05-02T21:35:13Z,Russia,sroundih@techcrunch.com,+7 (907) 541-8181
Andromache,Aldwich,,,,aaldwichii@ehow.com,
Kristopher,Sollars,Ţāqchah Khānah,1985-04-05T18:29:59Z,Afghanistan,ksollarsij@shinystat.com,+93 (685) 568-0910
Ansell,Reignould,Kuusjoki,1956-08-08T07:44:38Z,Finland,areignouldik@time.com,+358 (217) 725-3782
Allyn,Pearl,Tacoma,1955-09-09T15:20:03Z,United States,apearlil@go.com,+1 (253) 703-2064
Ardenia,Brigstock,Nakhon Nayok,1951-10-24T14:08:24Z,Thailand,abrigstockim@cisco.com,+66 (961) 238-4816
Neal,Checketts,Pappadátes,1954-03-07T00:25:50Z,Greece,ncheckettsin@yahoo.co.jp,+30 (527) 863-4296
Eleanor,Safell,Kangping,1963-01-17T02:46:12Z,China,esafellio@cafepress.com,+86 (675) 432-1764
Raine,Snoxell,Thành Phố Uông Bí,1951-07-01T21:02:05Z,Vietnam,rsnoxellip@harvard.edu,+84 (160) 869-6187
Jorgan,Braidley,Jarabacoa,1980-04-13T20:16:40Z,Dominican Republic,jbraidleyiq@1und1.de,+1 (113) 287-9336
Ceil,Seymark,Nusajaya,1956-04-13T19:13:42Z,Indonesia,cseymarkir@army.mil,+62 (772) 161-1097
Sidnee,Blodget,Laizhou,1984-12-15T14:26:51Z,China,sblodgetis@lulu.com,+86 (722) 215-9025
Parsifal,Pizey,Barţa‘ah ash Sharqīyah,1990-07-27T08:37:26Z,Palestinian Territory,ppizeyit@state.tx.us,+970 (751) 779-9768
Caro,Jorgesen,Mawu,1957-02-23T04:48:55Z,China,cjorgeseniu@privacy.gov.au,+86 (523) 303-6209
Nanine,De Domenico,El Socorro,1972-10-04T23:52:30Z,Honduras,,+504 (834) 520-0129
Hamlin,Widocks,Rondonópolis,1951-01-04T10:18:55Z,Brazil,hwidocksiw@shinystat.com,+55 (760) 784-4388
Maryanne,Suett,Okuta,1996-10-10T21:29:18Z,Nigeria,msuettix@gizmodo.com,+234 (808) 666-2167
Sybil,Wellum,Yanjiao,1984-01-13T03:12:51Z,China,,+86 (376) 206-1691
Otis,Northen,Igarapé,1952-06-26T11:58:48Z,Brazil,onortheniz@mit.edu,+55 (236) 324-5883
Carmencita,Hollow,Rio de Mouro,1994-04-18T07:02:14Z,Portugal,chollowj0@nbcnews.com,+351 (353) 967-6857
Tammie,Rolles,Ash Shuhadā’,1967-03-04T22:16:57Z,Palestinian Territory,trollesj1@skype.com,+970 (836) 338-2482
Roldan,Ropartz,Kazaure,1971-10-19T17:25:28Z,Nigeria,rropartzj2@oracle.com,+234 (521) 549-9952
Tiertza,Shakesby,Masparrito,1994-06-23T09:01:18Z,Venezuela,tshakesbyj3@bluehost.com,+58 (969) 964-4458
Franchot,McTrusty,Ganta,1982-12-25T19:48:40Z,Liberia,fmctrustyj4@whitehouse.gov,+231 (238) 124-4383
Montgomery,Cranton,Louny,1951-08-03T13:17:28Z,Czech Republic,mcrantonj5@google.ca,+420 (923) 817-1132
Sancho,Fattore,Dallas,1986-01-28T23:19:17Z,United States,sfattorej6@mysql.com,+1 (214) 604-4193
Humberto,McDell,Pangao,1969-07-20T03:45:36Z,Philippines,hmcdellj7@zimbio.com,+63 (624) 834-3127
Olivero,Southouse,Isheyevka,1994-02-09T14:31:18Z,Russia,osouthousej8@acquirethisname.com,+7 (997) 678-0797
Dall,Mateev,Carpentras,1971-10-03T09:55:26Z,France,dmateevj9@tumblr.com,+33 (168) 696-0590
Austin,Ephson,Kýthnos,1952-10-15T16:50:48Z,Greece,aephsonja@twitpic.com,+30 (871) 274-1772
Bartie,De Ferraris,Iwaki,1984-04-26T01:40:33Z,Japan,bdeferrarisjb@google.com.au,+81 (309) 136-1441
Gabriele,Turfin,Souillac,1954-05-06T07:56:35Z,Mauritius,gturfinjc@i2i.jp,+230 (321) 570-0261
Nolan,Sealand,Catriló,1961-06-22T17:27:56Z,Argentina,nsealandjd@auda.org.au,+54 (430) 328-8583
Jerry,McGinnell,Allada,1983-02-15T11:14:37Z,Benin,jmcginnellje@xing.com,+229 (545) 959-5384
Kalila,MacTrustam,Kokkini Trimithia,1955-03-19T22:10:55Z,Cyprus,kmactrustamjf@netvibes.com,+357 (592) 840-3345
Brandy,Freezor,Rochester,1958-05-11T11:25:36Z,United States,bfreezorjg@netvibes.com,+1 (585) 531-4414
Dinny,Malenoir,Budapest,1961-12-20T20:15:09Z,Hungary,dmalenoirjh@mediafire.com,+36 (583) 400-8593
Zoe,Trye,Tamahú,1998-11-22T10:04:03Z,Guatemala,ztryeji@unc.edu,+502 (707) 874-5069
Torr,O'Reilly,Tambopata,1986-12-20T05:24:22Z,Peru,,+51 (602) 604-0330
Vere,Bentz,Bin Yauri,1965-04-09T17:15:16Z,Nigeria,vbentzjk@google.ru,+234 (902) 429-3489
Bax,Bruhnsen,Nieszawa,1954-01-26T10:35:35Z,Poland,bbruhnsenjl@ibm.com,+48 (320) 447-2045
Wini,Furminger,Täby,1988-09-29T03:04:31Z,Sweden,wfurmingerjm@state.tx.us,+46 (991) 636-8814
Gardner,Knibley,Lenchwe Le Tau,1998-11-20T01:29:03Z,Botswana,gknibleyjn@list-manage.com,+267 (613) 370-8739
Moria,Giffaut,Cabog,1986-03-30T04:35:01Z,Philippines,,+63 (134) 103-8518
Dorise,Scarff,,,,dscarffjp@hud.gov,
Rance,Blasgen,,,,rblasgenjq@apple.com,
Merrielle,Olivetta,Selasari,1964-11-24T14:24:17Z,Indonesia,molivettajr@stanford.edu,+62 (171) 712-7375
Berrie,Strangman,Mojorejo,1970-08-21T11:37:50Z,Indonesia,,+62 (176) 549-4299
Petey,Wipper,Várzea de Sintra,1970-08-13T00:17:07Z,Portugal,pwipperjt@constantcontact.com,+351 (308) 131-1671
Randell,Kirrage,Sabang,1971-12-17T15:26:40Z,Philippines,,+63 (454) 323-9654
Harmonia,Marple,Lupane,1961-04-26T12:14:19Z,Zimbabwe,hmarplejv@livejournal.com,+263 (311) 407-7106
Koenraad,Pawlaczyk,Kamienna Góra,1958-11-12T05:25:06Z,Poland,kpawlaczykjw@reference.com,+48 (630) 128-8621
Bourke,McCafferty,Lizi,1995-06-24T01:48:58Z,China,bmccaffertyjx@senate.gov,+86 (846) 864-0976
Mitchell,Ganley,Xinjie,1982-05-03T20:49:06Z,China,mganleyjy@mozilla.com,+86 (466) 530-8328
Maurise,Ixor,,,,mixorjz@desdev.cn,
Trudi,Fursey,Brak,1982-12-23T18:06:26Z,Indonesia,tfurseyk0@blog.com,+62 (279) 483-3499
Ysabel,Heller,Huddinge,1993-02-12T12:26:46Z,Sweden,yhellerk1@alexa.com,+46 (373) 216-9728
Rosanna,Kubasiewicz,Zwolle,1976-01-21T10:59:08Z,Netherlands,rkubasiewiczk2@tmall.com,+31 (723) 260-7144
Aldo,Tett,Krujë,1986-04-17T04:19:43Z,Albania,atettk3@washingtonpost.com,+355 (683) 947-9492
Forrest,Jerrams,Jiangnan,1983-02-22T08:53:26Z,China,fjerramsk4@edublogs.org,+86 (874) 815-8605
Tamra,Chawner,Shu,1984-12-22T16:49:37Z,Kazakhstan,tchawnerk5@jugem.jp,+7 (252) 337-2410
Fannie,Sydenham,Neuquén,1962-08-13T22:19:50Z,Argentina,fsydenhamk6@cbc.ca,+54 (226) 185-2125
Barbi,Gascoyen,,,,bgascoyenk7@scientificamerican.com,
Stefanie,Motton,Perené,1952-02-22T00:57:39Z,Peru,smottonk8@cbslocal.com,+51 (233) 356-5304
Marji,Wims,Campor,1964-11-08T15:10:25Z,Indonesia,mwimsk9@tinypic.com,+62 (964) 119-7325
Granny,Stodhart,Montpellier,1976-05-22T22:13:51Z,France,gstodhartka@hibu.com,+33 (308) 504-6606
Townie,Brickdale,Kulun,1979-12-25T10:20:08Z,China,tbrickdalekb@about.com,+86 (261) 948-8464
Chaddie,Trobey,Har-Us,1982-08-15T08:11:03Z,Mongolia,ctrobeykc@istockphoto.com,+976 (447) 932-7841
Amelie,Whyberd,,,,awhyberdkd@wiley.com,
Lars,Bierman,Dayr Mawās,1991-08-17T03:02:51Z,Egypt,lbiermanke@usgs.gov,+20 (282) 995-5953
Waldo,Yakunin,Rájec-Jestřebí,1996-07-05T11:57:02Z,Czech Republic,wyakuninkf@howstuffworks.com,+420 (800) 624-4833
Cecelia,Sellor,Remiremont,1954-05-01T22:59:47Z,France,csellorkg@nature.com,+33 (781) 560-6220
Donnajean,Viccars,Guangshan,1983-05-06T20:48:15Z,China,dviccarskh@tripadvisor.com,+86 (544) 414-9428
Ruby,Allardyce,,,,rallardyceki@goodreads.com,
Ulrica,Giddings,Nevel’sk,1995-02-27T02:08:14Z,Russia,,+7 (384) 262-8752
Wilmer,Ravenhills,Huancabamba,1979-05-16T02:19:19Z,Peru,,+51 (761) 722-4438
Donn,Middlebrook,Dongxin,1971-09-30T10:03:51Z,China,dmiddlebrookkl@alibaba.com,+86 (107) 586-7737
Cissy,Breffit,,,,cbreffitkm@oakley.com,
Pate,Dagworthy,Bosanski Novi,1952-05-23T09:25:46Z,Bosnia and Herzegovina,,+387 (223) 594-3576
Marji,Lovie,Bandar-e Ganāveh,1979-03-22T07:08:46Z,Iran,mlovieko@hud.gov,+98 (386) 619-8342
Nat,Washbrook,Sylvan Lake,1998-12-29T13:29:07Z,Canada,nwashbrookkp@japanpost.jp,+1 (596) 983-4284
Gus,Crookall,Pateros,1965-04-02T12:35:59Z,Philippines,gcrookallkq@cyberchimps.com,+63 (512) 381-2036
Brina,Heathfield,Älvdalen,1986-08-26T15:14:16Z,Sweden,bheathfieldkr@live.com,+46 (736) 224-9044
Lester,Bolsover,Bordeaux,1989-10-01T21:02:59Z,France,lbolsoverks@opensource.org,+33 (574) 646-5728
Clarissa,Pynner,Pingle,1966-07-06T13:52:08Z,China,cpynnerkt@ihg.com,+86 (848) 303-8365
Shepperd,O'Neill,Linamon,1981-09-08T13:00:03Z,Philippines,soneillku@pbs.org,+63 (687) 860-5102
Sharla,Hallan,Mijiang,1982-01-03T09:24:54Z,China,shallankv@ucsd.edu,+86 (490) 947-9962
Vannie,Gosnay,Ust’-Kut,1987-07-06T08:44:20Z,Russia,vgosnaykw@facebook.com,+7 (961) 433-5906
Joly,Witcherley,Keboireng,1990-10-30T02:47:23Z,Indonesia,jwitcherleykx@joomla.org,+62 (522) 368-0570
Lancelot,Kirtland,,,,,
Randal,Morbey,Essang,1958-10-21T18:10:54Z,Indonesia,rmorbeykz@techcrunch.com,+62 (758) 950-7728
Alvie,Imlock,,,,aimlockl0@histats.com,
Davon,Jindra,Little Rock,1955-07-07T15:26:11Z,United States,,+1 (501) 986-4990
Ginger,Horsefield,Zhaiwu,1954-09-20T09:52:29Z,China,ghorsefieldl2@artisteer.com,+86 (769) 527-4644
Weber,Tinson,Beiqi,1958-09-17T15:18:53Z,China,wtinsonl3@cyberchimps.com,+86 (310) 773-0536
Cassy,Churm,Prachuap Khiri Khan,1999-07-25T13:31:13Z,Thailand,cchurml4@amazon.co.uk,+66 (625) 809-7894
Cornie,Stanlake,Jiaodai,1995-08-25T17:51:02Z,China,cstanlakel5@illinois.edu,+86 (160) 867-6547
Dalt,Bulgen,Xianren,1971-09-16T20:48:20Z,China,dbulgenl6@house.gov,+86 (447) 597-8771
Aurilia,Cockerill,Dougou,1958-06-14T15:19:45Z,China,acockerilll7@examiner.com,+86 (777) 916-2371
Lazarus,Hamly,Porto Feliz,1992-10-15T20:32:21Z,Brazil,,+55 (895) 106-2765
Reggy,Greg,Slatina,1966-07-13T03:52:12Z,Croatia,rgregl9@fastcompany.com,+385 (881) 728-0066
Camille,Van Salzberger,Puerta de Corral Quemado,1992-01-06T02:51:48Z,Argentina,cvansalzbergerla@wp.com,+54 (179) 791-1586
Rorie,Hughf,Pa Mok,1957-04-20T23:19:31Z,Thailand,,+66 (880) 999-6684
Calypso,Hartrick,Stegna,1964-11-04T08:40:23Z,Poland,,+48 (957) 289-5412
Mead,Casol,Ribeirão Pires,1968-07-26T05:31:27Z,Brazil,mcasolld@ucoz.ru,+55 (980) 590-2150
Kessia,Russon,Estreito,1974-09-13T08:26:49Z,Brazil,,+55 (748) 357-9181
Conni,Holworth,Banjar Danginsema,1983-05-19T11:28:13Z,Indonesia,cholworthlf@tripadvisor.com,+62 (784) 244-7648
Sinclare,Waterfall,Mchinji,1981-10-13T19:25:32Z,Malawi,swaterfalllg@squidoo.com,+265 (650) 762-1463
Shellie,Kitchen,Neuss,1965-05-18T23:33:58Z,Germany,skitchenlh@edublogs.org,+49 (260) 765-6491
Romonda,Kroon,Pakxong,1975-07-02T20:17:41Z,Laos,rkroonli@senate.gov,+856 (188) 697-4430
Gauthier,Paten,Beitan,1957-02-03T15:05:24Z,China,,+86 (527) 321-4494
Veronique,Gabbidon,Nyzhni Petrivtsi,1953-07-08T16:28:39Z,Ukraine,vgabbidonlk@devhub.com,+380 (478) 789-2143
Seward,Culham,Niort,1954-02-01T10:50:47Z,France,sculhamll@usatoday.com,+33 (785) 223-3384
Anestassia,Rutgers,Pakel,1965-10-01T12:48:03Z,Indonesia,arutgerslm@furl.net,+62 (897) 390-2935
Patrizius,Kerley,Yuexi,1973-04-06T00:14:19Z,China,pkerleyln@huffingtonpost.com,+86 (272) 347-5596
Enrika,Jeger,Datian,1961-09-02T01:25:40Z,China,ejegerlo@canalblog.com,+86 (125) 905-9619
Nate,Rickell,Maca,1962-04-08T13:15:53Z,Peru,nrickelllp@about.me,+51 (825) 265-3524
Evey,Fromont,Manalu,1958-12-22T16:56:09Z,Indonesia,,+62 (323) 878-0110
Sephira,Moyer,Seaforth,1975-03-21T07:24:40Z,Jamaica,smoyerlr@ucsd.edu,+1 (952) 667-9610
Johann,Newbury,Edson,1994-04-22T00:29:00Z,Canada,jnewburyls@fastcompany.com,+1 (286) 918-2698
Jessie,Morando,Floridablanca,1971-12-10T16:46:27Z,Colombia,jmorandolt@shutterfly.com,+57 (791) 276-5353
Pren,Tomczykiewicz,San Pedro del Paraná,1978-06-02T13:00:26Z,Paraguay,ptomczykiewiczlu@canalblog.com,+595 (326) 438-7451
Eldridge,Filpo,Лабуништа,1983-05-19T04:31:49Z,Macedonia,efilpolv@tiny.cc,+389 (622) 170-0246
Rowan,Pablo,Meishan,1957-01-08T02:05:45Z,China,rpablolw@theguardian.com,+86 (954) 908-2092
Noel,Rouchy,Owase,1961-03-06T23:40:28Z,Japan,nrouchylx@paginegialle.it,+81 (725) 454-2144
Dominik,Ummfrey,Tân Châu,1999-07-27T08:45:50Z,Vietnam,,+84 (774) 298-9879
Kennith,Michelle,Abovyan,1971-04-15T20:29:13Z,Armenia,,+374 (785) 658-0286
Merv,Peskin,Shiwan,1976-02-16T00:54:28Z,China,mpeskinm0@wunderground.com,+86 (707) 788-2572
Isabelita,Dimblebee,Trudobelikovskiy,1997-04-07T11:07:49Z,Russia,idimblebeem1@seesaa.net,+7 (485) 881-8158
Vitoria,Strand,Québec,1962-10-05T03:12:59Z,Canada,vstrandm2@gravatar.com,+1 (708) 213-2950
Franny,Plews,Shihuajian,1957-04-06T22:15:11Z,China,fplewsm3@shinystat.com,+86 (790) 616-9443
Fedora,Kurton,Cam Ranh,1953-03-28T14:20:41Z,Vietnam,fkurtonm4@ucoz.ru,+84 (342) 568-8802
Marketa,Algar,Fukayachō,1998-05-13T19:46:26Z,Japan,,+81 (962) 548-1394
Thibaud,Chadbourn,Fenghuo,1976-05-11T12:03:11Z,China,,+86 (465) 347-3843
Terri,Harty,,,,thartym7@smugmug.com,
Rorke,Samwyse,Ungus-Ungus,1995-03-28T04:57:14Z,Philippines,rsamwysem8@marriott.com,+63 (115) 137-1757
Daffy,Cloute,Gandapura,1970-02-27T01:41:32Z,Indonesia,dcloutem9@feedburner.com,+62 (455) 485-3690
Ardith,Ponton,Slawharad,1974-02-18T03:21:57Z,Belarus,apontonma@odnoklassniki.ru,+375 (768) 603-4945
Chevalier,Boich,Nakuru,1961-03-23T02:42:02Z,Kenya,cboichmb@rambler.ru,+254 (602) 222-1715
Bernita,Sellar,Barabedang,1976-05-30T02:51:24Z,Indonesia,bsellarmc@scribd.com,+62 (280) 152-4683
Cortney,Offen,Smålandsstenar,1970-07-05T01:54:03Z,Sweden,coffenmd@smugmug.com,+46 (160) 152-8172
Arman,Kobel,Santa Rosa,1980-10-10T15:13:22Z,United States,akobelme@nydailynews.com,+1 (707) 516-9780
Alford,Jerger,Cipari,1952-05-24T17:07:00Z,Indonesia,ajergermf@blinklist.com,+62 (760) 733-6809
Gwenette,Lamcken,Shuntian,1990-02-02T17:49:15Z,China,glamckenmg@com.com,+86 (594) 374-6694
Lusa,Russ,Kotayk’,1956-02-03T16:22:50Z,Armenia,,+374 (447) 674-7297
Ulises,Perl,Phra Pradaeng,1962-03-18T05:42:13Z,Thailand,uperlmi@blogs.com,+66 (326) 701-5737
Hephzibah,Paynton,Ritchie,1970-07-13T06:42:29Z,South Africa,hpayntonmj@last.fm,+27 (846) 596-4444
Brina,Dibbe,Loma Alta,1967-09-28T06:34:19Z,Mexico,bdibbemk@vinaora.com,+52 (201) 968-6483
Allianora,Shimwell,Boden,1966-11-22T23:08:22Z,Sweden,,+46 (934) 886-9641
Kass,Viall,Kuala Lumpur,1970-09-22T01:49:01Z,Malaysia,,+60 (465) 963-5813
Pedro,Kellett,Miyazaki-shi,1970-07-01T08:26:21Z,Japan,,+81 (992) 749-8348
Brittany,Crain,Loudun,1961-12-14T14:50:24Z,France,bcrainmo@vk.com,+33 (386) 644-7474
Zachery,Danielkiewicz,Araxá,1981-11-18T22:44:17Z,Brazil,zdanielkiewiczmp@discuz.net,+55 (227) 124-0641
Alano,Aberkirdo,Simnas,1969-01-28T15:20:45Z,Lithuania,aaberkirdomq@drupal.org,+370 (491) 462-4568
Olav,Skase,Sigiriya,1975-11-27T11:14:33Z,Sri Lanka,oskasemr@latimes.com,+94 (798) 537-5925
Lurline,Zimmerman,Huilongshan,1998-10-28T10:36:36Z,China,lzimmermanms@photobucket.com,+86 (791) 480-0927
Ephrem,Crayden,Rancakole,1952-05-14T17:08:28Z,Indonesia,ecraydenmt@vinaora.com,+62 (531) 391-2525
Carley,Glennie,Reinaldes,1990-12-16T19:37:18Z,Portugal,cglenniemu@engadget.com,+351 (179) 478-9080
Atlanta,Tillman,San Antonio Oeste,1953-10-04T00:11:59Z,Argentina,,+54 (160) 523-2960
Myles,Joyner,Acao,1967-06-20T05:23:19Z,Philippines,mjoynermw@noaa.gov,+63 (184) 855-6913
Andeee,Mawditt,Zhendeqiao,1996-07-26T15:21:43Z,China,amawdittmx@bigcartel.com,+86 (303) 633-4338
Cyndy,Delyth,Cabuyaro,1977-05-28T15:01:02Z,Colombia,cdelythmy@army.mil,+57 (434) 927-2427
Kandy,Bortolotti,,,,kbortolottimz@mail.ru,
Jareb,Sigg,Spokoynaya,1968-03-30T18:53:14Z,Russia,jsiggn0@mapquest.com,+7 (311) 247-2512
Maurita,Morecombe,Pule,1999-11-03T04:12:26Z,Indonesia,mmorecomben1@wsj.com,+62 (438) 613-9195
Quinn,Ruler,Fucheng,1998-08-05T05:04:17Z,China,,+86 (231) 753-5955
Myrta,Shuxsmith,Nagpandayan,1956-01-31T03:27:29Z,Philippines,,+63 (405) 145-6263
Rhiamon,Newe,Lipljan,1962-01-21T04:18:15Z,Kosovo,rnewen4@ustream.tv,+383 (236) 885-0821
Maire,Budcock,Moosomin,1956-11-15T19:15:23Z,Canada,mbudcockn5@sun.com,+1 (377) 829-8821
Ganny,Yurasov,,,,,
Maddie,Favell,Pandan,1950-12-08T01:36:11Z,Philippines,mfavelln7@usgs.gov,+63 (970) 538-8930
Margaretta,Bather,Tangquan,1987-11-11T02:20:14Z,China,mbathern8@infoseek.co.jp,+86 (291) 884-8424
Berna,Rings,Chenqiao,1957-01-23T11:03:27Z,China,bringsn9@hud.gov,+86 (889) 420-2306
Tedi,Brolan,,,,tbrolanna@nih.gov,
Kathryn,Dovey,Chang’an,1974-03-21T21:34:11Z,China,kdoveynb@oakley.com,+86 (340) 503-1092
Joelly,Rowsel,Lyon,1974-02-02T16:40:58Z,France,jrowselnc@istockphoto.com,+33 (750) 515-8170
Ilse,Webborn,Laka,1992-06-30T21:19:02Z,Indonesia,iwebbornnd@cdbaby.com,+62 (568) 107-0658
Jon,Petrozzi,Bairro dos Marinheiros,1996-02-29T14:57:05Z,Portugal,jpetrozzine@oracle.com,+351 (195) 824-1070
Joelie,Melbury,Sukadana,1966-09-16T00:24:40Z,Indonesia,jmelburynf@nps.gov,+62 (152) 829-8208
Arleen,Sicely,Santa Maria,1991-12-10T16:39:56Z,Philippines,,+63 (415) 627-0937
Blithe,Samett,Leskolovo,1981-07-29T05:59:55Z,Russia,bsamettnh@nationalgeographic.com,+7 (328) 753-0388
Marlon,Boscher,Kapchorwa,1999-08-05T01:13:33Z,Uganda,,+256 (328) 211-0053
Rhea,Zecchinii,Lewograran,1950-05-05T19:18:34Z,Indonesia,,+62 (269) 683-8366
Cordelia,Stait,Pinhão,1999-07-16T23:03:01Z,Brazil,cstaitnk@seesaa.net,+55 (710) 325-0198
Alida,Jozsa,Xiongshan,1974-06-08T17:50:49Z,China,ajozsanl@youku.com,+86 (803) 791-2823
Leeland,Warlow,Osielsko,1992-03-25T13:25:15Z,Poland,,+48 (771) 856-4136
Gallard,Stairs,Joal-Fadiout,1951-12-18T08:30:24Z,Senegal,,+221 (293) 944-9987
Benetta,Rydzynski,Staritsa,1973-08-02T23:09:17Z,Russia,brydzynskino@abc.net.au,+7 (828) 739-1312
Esta,Hayhurst,Pau,1994-04-14T01:11:25Z,France,,+33 (777) 262-4221
Giffard,Lakenden,Belo Oriente,1993-02-27T01:07:03Z,Brazil,glakendennq@auda.org.au,+55 (387) 741-9736
Danielle,Bartrum,Penco,1969-03-28T18:43:18Z,Chile,dbartrumnr@slashdot.org,+56 (256) 571-7226
Stu,Sporrij,Kerema,1998-06-08T14:28:33Z,Papua New Guinea,ssporrijns@prlog.org,+675 (432) 596-2889
Lemuel,Penny,Água Preta,1950-08-25T23:04:19Z,Brazil,,+55 (245) 629-8031
Tiffie,Solano,Truskavets,1957-06-27T05:09:40Z,Ukraine,tsolanonu@cnn.com,+380 (225) 913-7722
Karin,Reinert,Kuala Lumpur,1950-09-19T00:22:39Z,Malaysia,,+60 (588) 321-5725
Rani,Skoof,Devnya,1987-06-16T04:51:25Z,Bulgaria,rskoofnw@marriott.com,+359 (499) 457-9033
Felice,Humphrys,El Cortezo,1954-09-15T14:59:50Z,Panama,fhumphrysnx@dailymotion.com,+507 (591) 511-3210
Olivero,Dran,Moste,1972-06-19T19:53:03Z,Slovenia,odranny@fotki.com,+386 (602) 637-3775
Base,Semeradova,Jaguaribe,1983-10-08T22:25:41Z,Brazil,bsemeradovanz@sakura.ne.jp,+55 (206) 150-4827
Sonya,Siseland,Los Cerrillos,1960-10-20T13:00:25Z,Uruguay,ssiselando0@mlb.com,+598 (936) 820-2256
Britney,Fanthom,Bourges,1964-08-31T00:49:19Z,France,,+33 (791) 219-8084
Mason,Roddell,Szydłowo,1983-12-21T18:12:41Z,Poland,mroddello2@earthlink.net,+48 (815) 922-1363
Patrice,Skynner,Huimin,1968-04-29T22:11:33Z,China,pskynnero3@wikispaces.com,+86 (601) 172-9917
Ravi,McCrann,Châlons-en-Champagne,1996-10-31T15:17:15Z,France,rmccranno4@sitemeter.com,+33 (406) 832-5592
Rosalynd,Locksley,Youzai,1954-09-16T13:04:37Z,China,rlocksleyo5@creativecommons.org,+86 (632) 627-3997
Cassandra,Boij,Newton,1963-01-29T15:17:51Z,United Kingdom,cboijo6@storify.com,+44 (141) 345-2554
Courtney,Pollen,Álvares Machado,1992-11-14T08:24:23Z,Brazil,,+55 (973) 801-7090
Isabella,Nickols,Reshui,1958-10-25T03:11:47Z,China,inickolso8@canalblog.com,+86 (596) 767-8346
Brooks,Kelleway,,,,bkellewayo9@theglobeandmail.com,
Juana,Whereat,Caicara,1998-01-02T23:49:35Z,Venezuela,jwhereatoa@sohu.com,+58 (330) 628-7844
Somerset,Dymond,Ar Rumaythīyah,1988-01-20T11:54:24Z,Kuwait,,+965 (110) 752-5559
Roscoe,Preene,Cuauhtemoc,1950-06-23T03:52:04Z,Mexico,rpreeneoc@alexa.com,+52 (423) 590-2636
Merlina,McSkeagan,Dingjiayao,1955-11-26T10:41:55Z,China,,+86 (316) 903-5332
Sibel,Gibberd,Cunén,1966-04-30T12:48:07Z,Guatemala,sgibberdoe@biglobe.ne.jp,+502 (148) 772-5327
Koralle,Firpo,,,,kfirpoof@xinhuanet.com,
Sybyl,Barniss,Banjar Penyalin,1983-06-06T16:35:12Z,Indonesia,sbarnissog@narod.ru,+62 (114) 752-7946
Fulvia,Splain,Canchaque,1970-08-08T13:15:17Z,Peru,fsplainoh@apache.org,+51 (921) 459-1406
Reider,Thaw,Mrkonjić Grad,1995-10-10T17:44:19Z,Bosnia and Herzegovina,rthawoi@merriam-webster.com,+387 (978) 187-5326
Kellina,Jenks,Gaoqiao,1960-06-22T00:36:19Z,China,,+86 (291) 391-0752
Mirna,Enterle,Przodkowo,1972-07-17T04:37:15Z,Poland,menterleok@pen.io,+48 (637) 383-5326
Beitris,Lansbury,Pombal,1953-04-14T08:28:28Z,Brazil,blansburyol@archive.org,+55 (487) 465-3183
Alvan,Cavendish,Lençóis Paulista,1966-08-10T03:24:02Z,Brazil,acavendishom@ucla.edu,+55 (843) 292-2490
Rania,Odlin,Roioen,1953-10-20T20:41:52Z,Indonesia,rodlinon@diigo.com,+62 (657) 129-0776
Tamma,Deering,Agualote,1960-02-23T20:30:12Z,Honduras,tdeeringoo@ibm.com,+504 (625) 189-7745
Hilliard,Bygate,Cibenda,1998-11-19T08:46:46Z,Indonesia,,+62 (780) 973-3245
Nelli,Goodsall,,,,ngoodsalloq@chronoengine.com,
Kira,Gainsboro,Donghai,1964-04-28T14:36:06Z,China,kgainsboroor@canalblog.com,+86 (207) 442-9073
Halsy,Loving,Huancheng,1985-07-31T02:13:44Z,China,hlovingos@soup.io,+86 (371) 765-6607
Marylynne,Henrichsen,Artybash,1965-02-21T17:52:11Z,Russia,mhenrichsenot@eventbrite.com,+7 (649) 137-0923
Roseline,Guildford,Loutrós,1993-12-05T17:14:18Z,Greece,,+30 (780) 543-8290
Charissa,De Dei,Sadang Kulon,1984-02-26T20:34:43Z,Indonesia,cdedeiov@phoca.cz,+62 (190) 424-0808
Maisie,Gillman,Kaset Sombun,1958-07-31T23:48:17Z,Thailand,mgillmanow@topsy.com,+66 (976) 586-4888
Batsheva,Tranter,Smiřice,1979-01-20T23:04:55Z,Czech Republic,btranterox@businessweek.com,+420 (334) 929-8087
Joey,Jerrans,Somanda,1977-11-24T21:01:07Z,Tanzania,jjerransoy@networkadvertising.org,+255 (744) 865-5251
Bari,Joris,Zhongshanmen,1967-11-21T02:17:17Z,China,,+86 (113) 360-6391
Selena,Earengey,Mogoditshane,1968-07-24T12:07:07Z,Botswana,searengeyp0@reddit.com,+267 (225) 894-3728
Peria,Wheatland,Vedène,1991-06-02T23:19:02Z,France,pwheatlandp1@nationalgeographic.com,+33 (332) 371-7808
Marnie,Evetts,Zhuangbu,1988-09-06T21:19:47Z,China,mevettsp2@cornell.edu,+86 (750) 553-7672
Lucian,Whitby,Nevers,1967-11-26T08:27:39Z,France,lwhitbyp3@so-net.ne.jp,+33 (443) 976-0388
Sherye,Tschierasche,Ciudad Nueva,1997-07-16T03:54:26Z,Dominican Republic,stschieraschep4@purevolume.com,+1 (977) 620-9527
Phillip,Cothey,Ponce,1963-12-11T18:10:12Z,Puerto Rico,pcotheyp5@jigsy.com,+1 (910) 391-2326
Nathalia,Gorcke,Raksajaya,1957-02-11T01:26:30Z,Indonesia,ngorckep6@youtube.com,+62 (881) 446-4819
Eva,Darlaston,Yingcheng,1998-03-04T00:22:36Z,China,edarlastonp7@storify.com,+86 (859) 547-6600
Ara,Piscopiello,Pamoyanan,1966-01-19T16:37:31Z,Indonesia,apiscopiellop8@uol.com.br,+62 (181) 438-6878
Brenden,Becerro,Baota,1972-07-01T09:29:56Z,China,bbecerrop9@bloglines.com,+86 (163) 368-3962
Roda,Hogsden,Sydney,1971-06-05T15:21:00Z,Australia,rhogsdenpa@furl.net,+61 (171) 833-6373
Karalee,Berick,Turbiv,1965-12-13T02:14:35Z,Ukraine,kberickpb@spiegel.de,+380 (733) 927-4421
Celie,Maple,Weixin,1994-07-11T01:15:11Z,China,cmaplepc@wikia.com,+86 (512) 926-2688
Ranice,Stodart,Saint Louis,1951-09-26T12:09:20Z,United States,rstodartpd@unicef.org,+1 (314) 390-0362
Smith,Wallentin,Chengtou,1975-04-04T11:00:01Z,China,swallentinpe@oracle.com,+86 (174) 975-7211
Analise,Fouldes,Luleå,1987-04-06T07:47:05Z,Sweden,afouldespf@lulu.com,+46 (248) 945-6367
Dayle,Hearnden,Coronel Fabriciano,1960-09-18T05:41:01Z,Brazil,dhearndenpg@canalblog.com,+55 (816) 859-5251
Kip,Raithby,Storuman,1998-11-18T19:39:54Z,Sweden,kraithbyph@ycombinator.com,+46 (551) 264-3829
Rebekah,Priver,San Jose,1981-07-27T12:01:06Z,United States,rpriverpi@census.gov,+1 (408) 217-8580
Ericha,Rack,Nashville,1992-02-22T15:00:31Z,United States,erackpj@deviantart.com,+1 (615) 151-9243
Theadora,Testro,Qal‘eh-ye Khvājeh,1995-09-20T13:40:51Z,Iran,ttestropk@skyrock.com,+98 (950) 391-2012
Annabel,Bettley,Guanzhuang,1972-08-08T17:26:22Z,China,abettleypl@technorati.com,+86 (768) 867-3933
Eduardo,Risdale,Wenwucao,1999-04-11T08:03:03Z,China,erisdalepm@google.nl,+86 (141) 100-2011
Laryssa,Duddell,Makapanstad,1972-01-11T21:35:22Z,South Africa,lduddellpn@g.co,+27 (831) 432-9172
Hartley,Huckster,Dzüyl,1950-11-06T19:16:10Z,Mongolia,,+976 (281) 455-0317
Napoleon,Pervoe,,,,npervoepp@pcworld.com,
Rose,Geddes,Qagan Obo,1971-06-23T11:00:23Z,China,rgeddespq@sina.com.cn,+86 (576) 858-0218
Dom,Farndell,,,,dfarndellpr@independent.co.uk,
Philomena,Waywell,Babura,1985-11-20T01:13:30Z,Nigeria,pwaywellps@issuu.com,+234 (945) 296-6108
Olly,Phillippo,Suozhen,1982-03-28T04:52:42Z,China,ophillippopt@bing.com,+86 (199) 614-6942
Cornie,Sancto,Leme,1951-05-23T06:50:43Z,Brazil,csanctopu@yelp.com,+55 (528) 521-0241
Kari,Feek,Qelëz,1980-06-30T06:49:51Z,Albania,kfeekpv@sbwire.com,+355 (887) 820-3293
Calli,Walby,,,,cwalbypw@cnn.com,
Gretal,Blofeld,Rufino,1989-05-09T15:25:19Z,Argentina,gblofeldpx@pinterest.com,+54 (755) 859-0445
Rona,Cook,Gandorhun,1976-03-12T13:39:24Z,Sierra Leone,rcookpy@4shared.com,+232 (135) 986-7164
Karney,Govett,Banī Zayd,1962-05-04T00:43:23Z,Palestinian Territory,kgovettpz@vinaora.com,+970 (649) 513-0620
Wit,Albon,Malabugas,1990-10-16T11:03:41Z,Philippines,walbonq0@whitehouse.gov,+63 (787) 799-9842
Diannne,Lenard,Sambong,1965-04-11T04:21:20Z,Indonesia,dlenardq1@123-reg.co.uk,+62 (275) 125-2168
Arlinda,Danahar,Kostrzyn nad Odrą,1969-01-29T21:22:23Z,Poland,,+48 (518) 673-2696
Cherry,Cromblehome,Maiduguri,1979-09-30T14:06:27Z,Nigeria,,+234 (574) 756-1563
Codie,Farnin,Tsukawaki,1957-02-18T20:14:42Z,Japan,cfarninq4@geocities.jp,+81 (925) 263-1511
Aleksandr,Papachristophorou,Mannheim,1983-11-10T09:09:03Z,Germany,apapachristophorouq5@i2i.jp,+49 (811) 706-3579
Tilda,Doodney,Działdowo,1989-05-17T03:52:24Z,Poland,tdoodneyq6@uiuc.edu,+48 (545) 658-1141
Virgilio,Darrow,Gabi,1989-04-15T05:58:35Z,Philippines,vdarrowq7@amazon.com,+63 (239) 731-0451
Ansel,Pates,Mateus Leme,1973-07-22T02:39:18Z,Brazil,apatesq8@surveymonkey.com,+55 (692) 259-0894
Peyter,McKeag,Cajabamba,1968-05-13T14:57:25Z,Peru,pmckeagq9@huffingtonpost.com,+51 (423) 271-7736
Marmaduke,Somerlie,Inuvik,1961-12-14T13:50:47Z,Canada,msomerlieqa@theatlantic.com,+1 (921) 996-4721
Missy,Vahl,Yukhnov,1966-07-18T20:48:37Z,Russia,mvahlqb@t-online.de,+7 (307) 295-1470
Jo,Maplestone,Quiaios,1969-04-30T18:21:38Z,Portugal,jmaplestoneqc@tmall.com,+351 (131) 250-0971
Tymon,Clears,Svrljig,1973-03-01T06:51:54Z,Serbia,tclearsqd@hp.com,+381 (651) 259-2005
Danella,Engley,Calangain,1971-06-25T14:31:46Z,Philippines,dengleyqe@wordpress.org,+63 (443) 288-3060
Emilio,Hallatt,Cachí,1956-04-10T11:33:01Z,Argentina,ehallattqf@opera.com,+54 (650) 302-2320
Mireielle,Igonet,Alcaria da Serra,1955-09-18T04:21:03Z,Portugal,migonetqg@mail.ru,+351 (656) 610-6025
Greta,Methven,Halteu,1983-05-01T00:05:03Z,Indonesia,gmethvenqh@hubpages.com,+62 (952) 781-6729
Brita,Baton,Long’anqiao,1990-11-10T03:51:43Z,China,bbatonqi@microsoft.com,+86 (976) 882-7586
Blancha,Castiello,Roberval,1985-03-02T23:51:27Z,Canada,bcastielloqj@desdev.cn,+1 (372) 266-5009
Rivalee,Praten,Scottsdale,1996-07-21T23:37:18Z,United States,rpratenqk@cornell.edu,+1 (623) 345-8833
Anitra,Toderbrugge,Krzyżowice,1968-06-11T08:46:32Z,Poland,atoderbruggeql@tmall.com,+48 (331) 233-0188
Vallie,Reavell,Hirara,1966-11-21T16:32:25Z,Japan,vreavellqm@stumbleupon.com,+81 (907) 577-2374
Gav,Bohlens,Gastoúni,1965-03-05T09:04:10Z,Greece,gbohlensqn@163.com,+30 (779) 880-3534
Alfie,Darling,Dikirnis,1976-08-13T14:29:19Z,Egypt,adarlingqo@trellian.com,+20 (301) 421-6486
Alisa,Fryd,Dagushan,1990-08-06T01:09:43Z,China,afrydqp@google.fr,+86 (396) 103-9252
Virginie,Kief,Kubangkondanglapangan,1998-10-01T13:59:39Z,Indonesia,vkiefqq@wikia.com,+62 (472) 739-6030
Cissy,Jockle,Gendiwu,1957-07-08T18:35:46Z,Indonesia,cjockleqr@e-recht24.de,+62 (300) 236-9944
Pauly,Romeuf,Fengli,1975-07-17T11:54:51Z,China,promeufqs@hc360.com,+86 (273) 546-8904
Ermentrude,Bardell,Bancar,1980-10-04T11:21:03Z,Indonesia,ebardellqt@yellowbook.com,+62 (893) 258-4326
Elvin,Foystone,Jianjun,1970-09-05T10:47:04Z,China,efoystonequ@businessweek.com,+86 (544) 806-8335
Michail,Jeschner,Bao’an,1988-07-15T10:27:38Z,China,,+86 (406) 308-9296
Joyann,Janc,Totoral,1951-03-23T12:03:57Z,Peru,,+51 (255) 812-2175
Boyce,Pippin,Palaihari,1970-06-21T09:52:44Z,Indonesia,bpippinqx@exblog.jp,+62 (146) 144-4515
Even,Tink,Saint Louis,1989-06-22T05:43:49Z,United States,etinkqy@xing.com,+1 (314) 389-7664
Laurel,Lohoar,Zhuoshui,1956-06-17T19:04:30Z,China,llohoarqz@weebly.com,+86 (620) 146-5004
Eldridge,Brabyn,Abovyan,1955-09-25T03:13:47Z,Armenia,ebrabynr0@seattletimes.com,+374 (723) 608-1915
Burke,Morot,Emiliano Zapata,1987-01-10T07:01:11Z,Mexico,bmorotr1@nationalgeographic.com,+52 (513) 713-5116
Boonie,Curteis,Bosen,1952-05-03T18:51:46Z,Indonesia,bcurteisr2@admin.ch,+62 (244) 774-2899
Lenna,Worcester,Phan Thong,1952-11-24T06:10:44Z,Thailand,lworcesterr3@abc.net.au,+66 (668) 819-3481
Erica,Tradewell,Gérakas,1989-12-15T19:28:38Z,Greece,etradewellr4@delicious.com,+30 (372) 303-0651
Yoshiko,Geist,Barrosas,1950-07-31T05:14:17Z,Portugal,ygeistr5@weather.com,+351 (732) 841-3988
Petr,Surplice,Kinnula,1978-02-28T06:58:36Z,Finland,psurplicer6@blinklist.com,+358 (424) 746-2780
Kelcey,Jiggens,Panay,1972-03-11T15:08:28Z,Philippines,kjiggensr7@ameblo.jp,+63 (233) 165-7026
Candi,Swynfen,Chishui,1988-10-07T11:28:09Z,China,cswynfenr8@newsvine.com,+86 (752) 484-6208
Klarika,Clemmow,Ulaan Khat,1966-06-28T10:13:12Z,Mongolia,kclemmowr9@multiply.com,+976 (691) 222-1438
Magdaia,Goss,Nanganga,1950-11-13T23:54:30Z,Tanzania,mgossra@blogtalkradio.com,+255 (697) 836-1928
Tarrah,Carnilian,Pran Buri,1976-11-29T19:58:03Z,Thailand,tcarnilianrb@istockphoto.com,+66 (608) 934-9718
Nikki,Maudett,Donim,1955-01-30T22:33:21Z,Portugal,nmaudettrc@stumbleupon.com,+351 (665) 716-0752
Marti,McGettigan,Khanino,1986-05-02T10:16:55Z,Russia,mmcgettiganrd@mapy.cz,+7 (779) 310-1140
Goldi,Lawleff,Ferrol,1964-03-07T14:33:04Z,Spain,glawleffre@huffingtonpost.com,+34 (155) 274-0915
Bronny,Crone,Bherāmāra,1994-07-10T01:22:15Z,Bangladesh,,+880 (127) 546-9936
Honor,Maasz,Calingcuan,1986-03-10T17:50:55Z,Philippines,hmaaszrg@harvard.edu,+63 (372) 711-1492
Moses,Aron,Anrong,1965-10-28T00:51:43Z,China,,+86 (719) 839-2665
Neils,Darkin,San Pedro,1982-11-26T02:11:32Z,Bolivia,ndarkinri@delicious.com,+591 (982) 180-3008
Amalita,Atcock,Flandes,1963-11-04T11:13:56Z,Colombia,aatcockrj@storify.com,+57 (910) 591-0727
Benton,Botcherby,,,,bbotcherbyrk@dropbox.com,
Eleanora,Sherry,,,,esherryrl@marketwatch.com,
Carmelina,Creeber,Daxing,1994-07-22T12:45:59Z,China,ccreeberrm@cafepress.com,+86 (917) 207-3724
Pavel,Rhubottom,Liaobu,1970-05-21T21:25:50Z,China,prhubottomrn@ox.ac.uk,+86 (843) 612-1826
Celinda,Galliver,Radocza,1956-04-21T09:50:50Z,Poland,,+48 (364) 172-0174
Cairistiona,Bruce,Begang,1962-03-02T16:18:33Z,Philippines,cbrucerp@mail.ru,+63 (760) 331-4815
Berrie,Hawkswood,Kampunglistrik,1968-04-02T17:38:46Z,Indonesia,bhawkswoodrq@angelfire.com,+62 (469) 238-7218
Hortense,Markus,Changshan,1978-06-22T12:13:44Z,China,hmarkusrr@berkeley.edu,+86 (482) 615-1158
