first_name,last_name,birth_place,birth_date,country_living_in,email,phone
Theodora,Ryde,Hotsk,08/02/1971,Belarus,tryde0@dropbox.com,213-601-7688
Rosene,Gabbetis,Hule,04/25/1954,China,rgabbetis1@w3.org,491-681-8085
Rozelle,Iacovucci,Kalchevaya,05/11/1982,Ukraine,,208-351-5792
Abraham,Peto,Kostanay,11/07/1990,Kazakhstan,apeto3@ustream.tv,111-827-2909
Avis,Wheeler,Melchor de Mencos,07/08/1974,Guatemala,awheeler4@pbs.org,634-697-3259
Filberto,Backhurst,,,,fbackhurst5@lycos.com,
Morganica,Curreen,Montréal-Ouest,03/31/1983,Canada,mcurreen6@is.gd,499-650-5316
Eliza,Bettley,Amiens,06/12/1961,France,ebettley7@netlog.com,546-474-4131
Carena,Blesli,Hujra,09/03/1972,Pakistan,,438-419-5211
Leisha,Kachel,Åtvidaberg,07/20/1993,Sweden,lkachel9@tamu.edu,107-273-1638
Kahlil,Heymes,Jingmen,06/02/1999,China,kheymesa@nyu.edu,535-754-8956
Burtie,Gristwood,København,04/13/1984,Denmark,bgristwoodb@ebay.co.uk,921-418-8827
Jerrold,Clemetts,Quebradas,10/16/1973,Honduras,jclemettsc@imgur.com,499-369-5869
Josey,Sansome,San Pedro,09/06/1961,Costa Rica,,128-975-0422
Rickard,Mariel,Fusagasuga,09/17/1973,Colombia,rmariele@surveymonkey.com,148-640-7130
Marylou,Zmitrichenko,Ngozi,02/23/1973,Burundi,mzmitrichenkof@washingtonpost.com,832-434-0197
Storm,Bernadzki,Rantaupanjangkiri,06/05/1965,Indonesia,sbernadzkig@canalblog.com,368-441-4790
Ryan,Gleed,Uchiza,10/15/1963,Peru,rgleedh@guardian.co.uk,573-187-3399
Hermione,Blaisdell,Divichibazar,11/07/1999,Azerbaijan,,139-315-3350
Zarla,Slowgrove,Maunatlala,01/02/1984,Botswana,zslowgrovej@google.ru,354-508-5018
Urson,Elner,Meylan,12/29/1997,France,uelnerk@house.gov,332-209-6350
Reeva,Fihelly,Motomiya,11/17/1960,Japan,rfihellyl@so-net.ne.jp,848-776-7216
Zsa zsa,Huddy,Nanjing,01/12/1968,China,,809-822-7786
Fair,Tenniswood,Caibarién,09/19/1994,Cuba,ftenniswoodn@state.gov,965-646-2864
Jackson,Haxell,Melikkrajan,08/20/1951,Indonesia,jhaxello@cbc.ca,648-976-8666
Beale,Turgoose,Марино,04/05/1981,Macedonia,bturgoosep@deliciousdays.com,954-552-3372
Lotte,Carmen,Orzesze,08/12/1968,Poland,lcarmenq@arstechnica.com,211-383-5422
Saunders,Nettle,Intibucá,02/17/1998,Honduras,snettler@moonfruit.com,682-799-0948
Linnell,Ciccarelli,Timóteo,09/25/1955,Brazil,,382-950-9874
Darryl,Moreinu,Cruces de Anorí,04/16/1958,Colombia,dmoreinut@independent.co.uk,271-220-0114
Basil,Pymm,Majunying,05/06/1990,China,bpymmu@army.mil,833-525-0839
Prentiss,Katte,Loreto,09/22/1968,Argentina,pkattev@godaddy.com,685-119-1877
Serge,Crown,Mangxing,01/16/1978,China,,120-272-4918
Costa,Hawick,Sagana,05/01/1965,Philippines,chawickx@narod.ru,976-799-4849
Ardis,Praundlin,Hostěradice,07/28/1976,Czech Republic,apraundliny@biblegateway.com,383-330-2621
Ethelind,Pope,Gouping,11/21/1962,China,epopez@princeton.edu,880-542-6376
Wood,Beese,Vänersborg,07/02/1977,Sweden,wbeese10@jalbum.net,778-707-3910
Jess,Ubanks,Ozerki,12/10/1963,Russia,jubanks11@salon.com,579-357-0897
Wrennie,Gianelli,Vlachovice,09/17/1979,Czech Republic,wgianelli12@ca.gov,657-565-4349
Deck,Helgass,Tsaghkahovit,01/31/1957,Armenia,dhelgass13@icq.com,899-979-0114
Cristen,Stive,Maloye Verevo,04/13/1967,Russia,cstive14@princeton.edu,541-416-3423
Stephenie,Essel,Stodolishche,09/23/1953,Russia,sessel15@list-manage.com,750-212-6900
Gabi,Templman,Carson City,01/07/1961,United States,gtemplman16@artisteer.com,775-961-8372
Lucila,Kiely,Zelenogorsk,05/03/1954,Russia,lkiely17@yellowpages.com,631-892-8708
Antonie,Weatherill,Sannois,07/01/1952,France,aweatherill18@wordpress.com,237-609-0824
Teador,Van Der Vlies,Daoxian,07/27/1989,China,tvandervlies19@so-net.ne.jp,171-185-0768
Junette,Exrol,Chanhe,01/29/1994,China,jexrol1a@drupal.org,439-915-1721
Joe,MacCostigan,Donggu,11/02/1986,China,jmaccostigan1b@cmu.edu,570-985-6954
Leon,Whysall,Thaon-les-Vosges,05/20/1957,France,lwhysall1c@utexas.edu,580-265-8085
Erinn,Bryan,Nueva Loja,03/21/1976,Ecuador,ebryan1d@cocolog-nifty.com,974-844-3369
Ingaborg,Habeshaw,Abha,11/24/1961,Saudi Arabia,ihabeshaw1e@deliciousdays.com,185-545-4814
Tillie,Antonovic,Forestville,02/12/1974,Canada,tantonovic1f@psu.edu,742-885-8650
Binky,Gemlett,Shaft,04/04/1981,Iran,bgemlett1g@youku.com,788-862-6432
Marabel,Morey,Mautapaga Bawah,03/04/1966,Indonesia,mmorey1h@japanpost.jp,861-774-3670
Berty,Lawful,Accha,04/26/1999,Peru,,130-902-8934
Felizio,Busher,As Salţ,03/08/1975,Jordan,,367-343-4091
Tadd,Cornill,Bantacan,12/27/1957,Philippines,tcornill1k@acquirethisname.com,116-735-2193
Teirtza,Toulson,Kalatongke,04/10/1951,China,ttoulson1l@mozilla.org,555-537-8549
Clarette,Cartmale,Patiya,11/25/1963,Bangladesh,ccartmale1m@people.com.cn,371-387-5107
Nixie,Sewley,,,,nsewley1n@npr.org,
Nealy,Foulgham,Ban Nahin,03/18/1965,Laos,,227-664-6137
Horton,Havelin,Xiashan,07/31/1968,China,hhavelin1p@stanford.edu,274-550-3152
Arlee,Scotchford,Novobiryusinskiy,03/28/1966,Russia,ascotchford1q@msn.com,802-789-3888
Siegfried,Eborall,Oslo,02/09/1987,Norway,seborall1r@t-online.de,733-740-6897
Tally,Stollsteimer,Luyang,07/20/1999,China,tstollsteimer1s@pcworld.com,698-379-1483
Odessa,Fritz,Haarlem,07/19/1968,Netherlands,ofritz1t@cnbc.com,718-765-9946
Jocelyn,Warlton,Kitale,08/17/1992,Kenya,jwarlton1u@xing.com,126-934-3062
Bruce,Bulstrode,Corquín,11/03/1982,Honduras,bbulstrode1v@devhub.com,805-930-5119
Caren,Churchman,Nizhniy Kislyay,05/16/1963,Russia,,788-705-6026
Chantal,Fredi,Dallas,08/29/1972,United States,,214-153-7977
Dollie,Cammomile,Rakvere,01/19/1982,Estonia,dcammomile1y@pbs.org,208-823-8224
Waldemar,Manilo,Dallas,06/07/1997,United States,,972-189-6777
Julianna,Ravenscraft,Hongmiao,10/11/1977,China,jravenscraft20@samsung.com,187-226-8977
Caralie,Sooper,Pedreira,06/04/1976,Brazil,csooper21@amazon.com,647-371-7822
Jacinda,Barling,Borik,11/15/1957,Indonesia,jbarling22@paginegialle.it,300-334-7780
Ber,Marshall,Purwodadi,11/14/1956,Indonesia,bmarshall23@live.com,860-239-3898
Karie,Bleesing,Shagonar,01/03/1961,Russia,kbleesing24@feedburner.com,978-134-6307
Colver,Carlone,Asembagus,07/17/1970,Indonesia,ccarlone25@trellian.com,635-946-1011
Idalia,Flag,Hakui,05/15/1969,Japan,iflag26@ibm.com,920-666-3475
Arte,Kenrick,Genova,01/02/1999,Italy,akenrick27@squidoo.com,886-492-3965
Edin,Philbrick,Makedonski Brod,10/01/1968,Macedonia,ephilbrick28@ustream.tv,988-945-5712
Marcella,Fawthorpe,Qinhong,12/21/1966,China,,797-173-7336
Gayler,Terrelly,Baicaogou,07/13/1954,China,gterrelly2a@zdnet.com,334-909-8695
Cheslie,D'Oyly,Lazarat,06/13/1972,Albania,cdoyly2b@wordpress.com,247-396-9953
Osborne,Assandri,Benniu,08/03/1963,China,oassandri2c@bbb.org,521-259-2682
Salomone,Chedzoy,Ea T’ling,07/08/1961,Vietnam,schedzoy2d@yahoo.co.jp,793-235-8837
Agretha,Assender,Dajie,06/13/1960,China,,932-951-9302
Malcolm,Bernardinelli,Baizhang,07/05/1967,China,,314-502-9870
Alaster,Duddin,San Isidro,10/29/1973,Mexico,,247-971-7468
Thaddus,Chiese,,,,tchiese2h@census.gov,
Ardra,Maher,Bisée,08/18/1991,Saint Lucia,amaher2i@loc.gov,532-100-4235
Matias,Labbett,,,,mlabbett2j@opensource.org,
Lindsay,Shelmerdine,Bahaodi,08/21/1982,China,lshelmerdine2k@networksolutions.com,565-527-3383
Erastus,Farrance,Mugi,09/03/1971,Russia,efarrance2l@shareasale.com,954-880-4791
Ula,Endrici,Bedinje,11/11/1979,Macedonia,,576-589-4961
Elicia,Quincey,Bình Minh,06/01/1989,Vietnam,,757-441-0802
Bogart,Clemmensen,Aco,10/31/1964,Peru,bclemmensen2o@sakura.ne.jp,345-432-8642
Granny,Ondrak,Conner,06/12/1972,Philippines,gondrak2p@wikia.com,373-444-4463
Masha,Fransinelli,Bulawin,05/05/1965,Philippines,mfransinelli2q@pcworld.com,511-681-7214
Henka,Porkiss,Tengqiao,06/25/1971,China,hporkiss2r@mac.com,852-967-2929
Gasparo,Mitchley,Kumba,08/15/1996,Cameroon,gmitchley2s@hatena.ne.jp,657-725-5309
Fionna,Saxby,Kebonkalapa,10/17/1979,Indonesia,fsaxby2t@naver.com,505-286-3554
Finn,Cabel,,,,fcabel2u@tripod.com,
Sanderson,Tewkesbury,Paris 13,04/06/1952,France,stewkesbury2v@odnoklassniki.ru,918-485-1263
Carlie,Tofful,Ma‘lūlā,03/04/1955,Syria,ctofful2w@altervista.org,468-360-2458
Odilia,Olivi,Gradec,04/25/1982,Macedonia,oolivi2x@businessweek.com,512-694-3622
Valentia,Muckeen,Heqiao,12/27/1969,China,vmuckeen2y@bloglovin.com,730-112-4734
Helaina,Prandy,Flic en Flac,04/17/1964,Mauritius,,973-651-2284
Jan,Malicki,Shuishiying,03/15/1952,China,jmalicki30@ft.com,906-114-8898
Adriano,Woodard,Havre-Saint-Pierre,05/03/1996,Canada,awoodard31@ebay.co.uk,412-363-3204
Chad,Leat,Sinuknipan,12/29/1956,Philippines,cleat32@phoca.cz,574-651-5039
Lorain,Labro,Hitoyoshi,12/19/1984,Japan,llabro33@admin.ch,835-389-0832
Lurleen,Kleinsinger,Prosvet,12/28/1962,Russia,,474-732-6884
Kerri,Connal,Hakodate,01/03/1965,Japan,,891-866-6087
Conn,Claque,Batumi,03/05/1979,Georgia,cclaque36@nasa.gov,827-231-7313
Chester,Riccetti,Paris 17,07/16/1971,France,criccetti37@seesaa.net,147-228-9360
Adan,Eannetta,Xazgat,01/27/1950,China,aeannetta38@mysql.com,469-537-6494
Regine,Feehan,La Lima,03/19/1995,Honduras,rfeehan39@harvard.edu,572-427-7762
Cicily,Iddons,Cibugel,11/23/1996,Indonesia,,440-504-8824
Mattie,Burcher,Pasco,04/15/1968,Argentina,mburcher3b@un.org,759-830-5778
Joelle,Bonham,Lere,02/20/1959,Nigeria,jbonham3c@answers.com,621-779-8393
Simona,De Goey,Valencia,01/24/1990,Philippines,sdegoey3d@wikia.com,925-248-3003
Isaiah,Gummow,Patzicía,03/27/1991,Guatemala,igummow3e@wix.com,260-821-4838
Anatol,Searl,Elías,10/19/1969,Colombia,asearl3f@google.nl,753-308-5891
Donnamarie,Papierz,Longshi,07/12/1979,China,dpapierz3g@bloglines.com,210-191-7090
Feliza,Ruck,Düsseldorf,05/03/1964,Germany,,342-826-1094
Thurstan,Downgate,Conde,07/15/1974,Portugal,tdowngate3i@cafepress.com,979-504-4149
Sydney,Whacket,Prachin Buri,01/27/1965,Thailand,swhacket3j@liveinternet.ru,909-616-2482
Lindie,Emmanuele,Montpellier,05/03/1954,France,,494-474-4660
Allianora,Jackson,Bogotá,02/01/1971,Colombia,ajackson3l@ning.com,752-332-3240
Griselda,Wallenger,Heicheng,06/03/1998,China,,262-578-5797
Nicholle,Hansod,Colcabamba,11/25/1964,Peru,nhansod3n@irs.gov,329-748-4899
Hartwell,MacGauhy,Gozdnica,02/17/1997,Poland,hmacgauhy3o@flavors.me,828-155-7630
Mychal,Kleen,Roseau,02/17/1985,Dominica,mkleen3p@cpanel.net,594-716-7833
Mignon,Cudiff,Ust’-Labinsk,05/27/1950,Russia,mcudiff3q@google.it,779-814-4240
Jarib,Carney,Viçosa do Ceará,07/20/1958,Brazil,jcarney3r@mozilla.com,467-360-0120
Antony,Lerer,Sanski Most,10/20/1997,Bosnia and Herzegovina,,971-796-6696
Randene,Emsley,Selianítika,05/06/1987,Greece,remsley3t@tiny.cc,600-391-1613
Merissa,Rens,Qinā,12/29/1982,Egypt,mrens3u@symantec.com,162-942-0264
Kaylyn,Parrish,Xitiangezhuang,10/07/1982,China,kparrish3v@desdev.cn,716-365-5928
Deanne,Siverns,Wakkanai,10/22/1955,Japan,dsiverns3w@cdc.gov,254-921-7279
Xenos,Ingman,Rio Pardo,05/18/1997,Brazil,xingman3x@epa.gov,288-307-7726
Lothario,Woodall,Batad,03/08/1978,Philippines,,883-536-3515
Jaquith,Aguirrezabal,Anse à Galets,07/01/1952,Haiti,jaguirrezabal3z@whitehouse.gov,619-638-4192
Goldia,Mordon,Maevatanana,11/16/1950,Madagascar,gmordon40@gov.uk,463-447-8657
Dar,Sever,Biała Piska,02/24/1953,Poland,,675-959-3937
Luelle,Bandey,Domartang,05/07/1970,China,lbandey42@ca.gov,865-107-5991
Angelo,Prangnell,Shakhun’ya,04/22/1964,Russia,aprangnell43@icq.com,684-609-6670
Arvin,Sesons,,,,asesons44@hatena.ne.jp,
Haleigh,Moreton,Hauhena,08/01/1956,Indonesia,,551-405-2050
Twila,Heliar,Ping’an,10/14/1951,China,theliar46@angelfire.com,904-195-1020
Colline,Thomke,Rungkam,04/12/1990,Indonesia,cthomke47@reuters.com,630-472-4509
Rriocard,Vassman,Daming,05/30/1964,China,rvassman48@vimeo.com,342-405-4054
Sunny,Rought,Lifuta,11/16/1981,China,srought49@skyrock.com,815-428-9163
Lorrayne,Muldowney,Tây Ninh,05/18/1969,Vietnam,lmuldowney4a@taobao.com,573-867-6931
Mandy,Cicullo,Mundybash,12/12/1994,Russia,mcicullo4b@redcross.org,827-422-2978
Fletch,Ibbotson,Pochuta,07/12/1998,Guatemala,fibbotson4c@360.cn,314-530-8508
Rosamund,Fenning,Ayabaca,08/04/1956,Peru,rfenning4d@newyorker.com,712-916-0750
Walden,Batterbee,Somovo,11/03/1981,Russia,,132-552-6894
Renaud,McCully,Malārd,02/07/1993,Iran,rmccully4f@mayoclinic.com,965-555-7486
Sacha,Phelp,,,,sphelp4g@csmonitor.com,
Nanine,Doncom,Nishinomiya-hama,01/12/1975,Japan,ndoncom4h@dropbox.com,329-188-9569
Katlin,Storrar,,,,kstorrar4i@mashable.com,
Rora,Evert,Ostrów Wielkopolski,01/16/1955,Poland,revert4j@walmart.com,637-472-6727
Axe,Morffew,Kepahiang,11/07/1989,Indonesia,amorffew4k@alibaba.com,841-757-4098
Berget,Igo,Changjiangbu,08/12/1981,China,bigo4l@amazon.com,477-617-9020
Christi,Du Barry,Dal’nerechensk,10/03/1984,Russia,cdubarry4m@cpanel.net,431-881-2919
Vincenty,Kobpac,Purabaya,08/13/1981,Indonesia,vkobpac4n@deliciousdays.com,173-795-3119
Wittie,Ritmeier,Sogamoso,03/05/1957,Colombia,writmeier4o@facebook.com,724-745-1445
Reece,Ruffell,Santiago de Cao,04/21/1992,Peru,rruffell4p@bluehost.com,341-844-7609
Audra,Tayloe,Skuodas,01/14/1958,Lithuania,,593-124-6464
Georgiana,Roubeix,Suwalan,10/28/1983,Indonesia,groubeix4r@bluehost.com,870-101-9911
Tonya,Pearce,Cizhu,08/19/1977,China,tpearce4s@constantcontact.com,377-797-7960
Nicola,Valance,Pore,02/15/1987,Colombia,,952-905-4057
Teresina,Marc,De la Paz,06/19/1956,Philippines,,341-553-1138
Engelbert,Craft,Khotynets,06/16/1961,Russia,,449-897-9941
Annnora,Lensch,Novoaltaysk,03/24/1970,Russia,alensch4w@weebly.com,982-415-4285
Fredric,Madine,Pukou,11/23/1972,China,fmadine4x@reddit.com,843-403-3880
Virgie,Gai,Fukayachō,06/06/1973,Japan,vgai4y@adobe.com,937-142-1872
Tatum,Pender,Le Cannet,02/19/1981,France,tpender4z@forbes.com,302-662-3303
Stanislaw,Ibbitson,Guebwiller,11/08/1973,France,sibbitson50@skyrock.com,312-830-5710
Fidelity,Swiffin,San Isidro,06/02/1955,Philippines,fswiffin51@tmall.com,648-635-2285
Arden,Clifft,Phetchabun,12/18/1957,Thailand,,104-845-1893
Reinold,Ulrik,Tengah,02/24/1967,Indonesia,rulrik53@etsy.com,278-625-2924
Marina,Doumic,Blažovice,02/07/1966,Czech Republic,mdoumic54@51.la,290-355-1625
Berny,Stone,Jiuxi,10/16/1993,China,bstone55@google.it,959-233-5561
Loy,Pancoust,Ngelak,06/02/1974,Indonesia,,973-924-3559
Rona,Villiers,Schirmeck,09/04/1983,France,,997-153-9872
Hamilton,Fanthom,Yanyang,01/23/1956,China,,111-938-7222
Honor,Powton,Saraktash,05/28/1961,Russia,hpowton59@hibu.com,762-484-7260
Ellary,Thow,Mitsukaidō,02/25/1953,Japan,ethow5a@oracle.com,956-171-3128
Fritz,Conrad,Petrolera,07/17/1967,Mexico,fconrad5b@addtoany.com,181-703-8781
Jayme,Robrow,Ngã Bảy,04/28/1963,Vietnam,jrobrow5c@macromedia.com,172-866-5015
Norah,Guttridge,,,,nguttridge5d@hubpages.com,
Abbot,Luciani,,,,,
Quinn,Glison,Gao,05/30/1960,Mali,,371-503-1783
Ortensia,Battman,Bluefields,04/01/1964,Nicaragua,obattman5g@sitemeter.com,978-808-0039
Dianne,Heaton,Talaibon,08/26/1989,Philippines,,514-834-7319
Tammy,Duffield,Marapanim,03/16/1950,Brazil,tduffield5i@soup.io,269-753-0684
Benn,Revelle,Sendangagung,08/08/1972,Indonesia,brevelle5j@wsj.com,904-980-6694
Brana,Jillis,Ambar,03/30/1990,Peru,bjillis5k@statcounter.com,824-303-9655
Ade,Danielsen,Youguzhuang,07/07/1970,China,adanielsen5l@amazon.co.jp,879-930-9921
Wini,Hammill,Buenavista,07/29/1961,Philippines,,488-769-8216
Smitty,Clunie,Pervomayskaya,10/24/1956,Russia,sclunie5n@java.com,258-833-9959
Jess,Allot,Hammam Sousse,10/25/1968,Tunisia,jallot5o@usatoday.com,994-248-3821
Jean,Runham,Police nad Metují,09/23/1999,Czech Republic,jrunham5p@hp.com,882-663-8749
Rosco,Langelaan,Dolní Černilov,01/24/1979,Czech Republic,rlangelaan5q@t.co,480-584-6340
Javier,Nicely,Sakai,03/10/1993,Japan,jnicely5r@discovery.com,257-690-5753
Austen,Lyle,Gaojingzhuang,10/28/1978,China,alyle5s@wikispaces.com,332-244-7744
Marti,Albarez,Dillenburg,10/17/1993,Germany,malbarez5t@phpbb.com,493-811-7426
Elston,Corbally,Brandfort,06/24/1984,South Africa,,338-567-2695
Carolina,Scorah,Takari,06/17/1951,Indonesia,,252-521-6345
Cobbie,Krugmann,Shuangpengxi,06/25/1981,China,ckrugmann5w@biglobe.ne.jp,851-909-3279
Cordie,Riediger,Winong,04/22/1971,Indonesia,criediger5x@senate.gov,100-890-2163
Stephen,De Beauchemp,Minanga Norte,09/30/1994,Philippines,sdebeauchemp5y@hatena.ne.jp,214-721-5252
Maxine,Kunkel,Esquina,03/09/1981,Argentina,,252-155-0341
Branden,Sepey,Tékane,12/15/1992,Mauritania,bsepey60@hugedomains.com,486-103-9743
Leontine,Woodfield,Radojevo,06/23/1988,Serbia,lwoodfield61@pinterest.com,723-491-0224
Cortney,Hallahan,Baltimore,04/09/1964,United States,challahan62@jalbum.net,410-164-1756
Linn,Libbe,Shangkuli,11/21/1990,China,,243-221-5886
Katey,Dripps,Yacimiento Río Turbio,06/09/1993,Argentina,kdripps64@hibu.com,882-851-9996
Rudiger,Bennit,Mino,10/26/1975,Japan,rbennit65@fastcompany.com,226-935-3998
Brynna,Pancoast,Suileng,07/02/1961,China,bpancoast66@cornell.edu,638-908-9521
Carmen,Levene,Cubará,01/02/1973,Colombia,clevene67@nifty.com,874-544-0462
Bette-ann,Feaver,Concepción,10/23/1986,Peru,bfeaver68@ucla.edu,194-942-8193
Alley,Kayes,Mateus Leme,04/12/1985,Brazil,,273-275-4161
Kandace,Livingstone,,,,klivingstone6a@biglobe.ne.jp,
Alfy,Snoddin,Derzhavīnsk,11/18/1980,Kazakhstan,asnoddin6b@telegraph.co.uk,511-130-2148
Linus,Woodroffe,Asamankese,03/07/1950,Ghana,lwoodroffe6c@forbes.com,474-258-0662
Celene,Lowre,Sandnes,05/12/1983,Norway,clowre6d@infoseek.co.jp,988-857-1067
Lib,Bligh,Sumanding,10/04/1962,Indonesia,,185-963-7526
Omero,Beilby,Gurra e Vogël,02/04/1995,Albania,obeilby6f@biblegateway.com,546-637-9675
Raynard,Letts,Filótion,02/19/1986,Greece,,740-417-6081
Ransell,Mostin,Pariti,08/19/1995,Indonesia,rmostin6h@amazon.com,116-906-1188
Lorna,Gasnell,Vojnić,07/30/1990,Croatia,lgasnell6i@wisc.edu,612-216-0513
Jaquenetta,Franzini,'s-Hertogenbosch,07/25/1975,Netherlands,jfranzini6j@github.io,851-393-0952
Arlin,Orrobin,Hartola,05/27/1991,Finland,aorrobin6k@goo.gl,455-317-6304
Cherish,Hambelton,Chenggang,03/11/1950,China,chambelton6l@tinyurl.com,648-537-9283
Alta,Wasmuth,Deán Funes,05/19/1970,Argentina,awasmuth6m@biblegateway.com,321-577-3954
Paton,Johnigan,Bucay,10/04/1996,Philippines,pjohnigan6n@jalbum.net,347-478-1525
Otto,Silverston,Tunguang,01/04/1961,China,osilverston6o@reddit.com,793-956-3954
Tina,Skerritt,Sepanjang,02/09/1992,Indonesia,,683-675-7186
Vanya,Bartolomeo,Thị Trấn Yên Châu,09/25/1974,Vietnam,,143-401-9698
Anthiathia,Ambage,Nakhabino,01/30/1974,Russia,aambage6r@trellian.com,833-895-9449
Adriane,Sheara,Tralee,07/12/1983,Ireland,asheara6s@cornell.edu,119-239-1072
Winthrop,Pettersen,Youwei,07/07/1964,China,wpettersen6t@rakuten.co.jp,980-628-2847
Janos,Robinette,Hesi,01/20/1959,China,jrobinette6u@bravesites.com,567-924-4774
Zara,Stillmann,Quitilipi,11/23/1960,Argentina,,118-411-2835
Elwin,Legrice,Araçatuba,05/03/1988,Brazil,elegrice6w@tumblr.com,383-239-0929
Jayson,Pryke,Huskvarna,10/30/1967,Sweden,jpryke6x@nationalgeographic.com,752-793-2695
Jarid,Dunkerley,Sri Jayewardenepura Kotte,01/08/1985,Sri Lanka,jdunkerley6y@hhs.gov,514-710-2832
Rowland,White,Dijon,02/19/1950,France,rwhite6z@nhs.uk,986-893-4024
Erhart,Feehery,Tabia,03/07/1956,Morocco,,879-153-3409
Cloe,Ruffle,Kuala Bhee,08/30/1992,Indonesia,cruffle71@canalblog.com,986-573-8862
Sidoney,Letessier,Huaiyuan Chengguanzhen,11/09/1965,China,sletessier72@posterous.com,354-220-8352
Griswold,Egleton,Yidu,12/03/1974,China,,700-981-4798
Oralla,Gabler,Pueblo,11/23/1971,United States,ogabler74@wisc.edu,719-375-9402
Trixy,Marien,Vacov,06/09/1977,Czech Republic,tmarien75@opensource.org,181-412-2278
Delainey,Rathbone,Privolzhsk,01/16/1983,Russia,drathbone76@surveymonkey.com,208-942-1496
Inge,Breddy,Nossa Senhora do Socorro,11/19/1951,Brazil,ibreddy77@squidoo.com,281-566-2507
Danila,Riddick,Lendava,12/20/1990,Slovenia,driddick78@fda.gov,361-679-7876
Garnet,Ingliss,Weixin,12/02/1983,China,gingliss79@mac.com,492-971-0264
Mata,Salt,Köping,11/08/1975,Sweden,msalt7a@networksolutions.com,668-384-0892
Corene,Churches,Qi’an,10/19/1994,China,,933-715-7964
Madalyn,Gotobed,Zhuangxing,11/05/1991,China,,788-158-7516
Pacorro,Kolakovic,Londiani,02/27/1975,Kenya,,459-517-1406
Hamid,Perrin,Feijó,12/08/1998,Brazil,hperrin7e@google.cn,211-465-2680
Ara,Franzman,Kakogawachō-honmachi,08/12/1972,Japan,afranzman7f@yahoo.com,207-254-1355
Sigfried,Pershouse,Banān,05/07/1953,Syria,spershouse7g@ustream.tv,917-621-1449
Gerald,Laven,,,,glaven7h@ucoz.ru,
Kaylyn,Drinkhill,,,,kdrinkhill7i@google.co.uk,
Prue,Warne,Wang Thonglang,01/01/1990,Thailand,pwarne7j@usda.gov,948-626-2581
Dian,Patterson,Xiehu,04/23/1989,China,dpatterson7k@hatena.ne.jp,162-579-1156
Wendell,Bulstrode,Porsgrunn,11/14/1969,Norway,wbulstrode7l@tamu.edu,829-846-3047
Lorianne,Checo,Mbongawani,08/02/1955,Indonesia,lcheco7m@discovery.com,483-283-4014
Bren,Birchenhead,Pengshi,03/24/1979,China,bbirchenhead7n@mozilla.com,781-162-8165
Sabine,Fardo,Kurmanayevka,02/04/1957,Russia,sfardo7o@aboutads.info,371-728-7644
Padget,Gillean,Rajūzah,05/18/1977,Yemen,pgillean7p@sourceforge.net,658-748-5751
Karmen,Iacofo,Golubac,05/30/1968,Serbia,kiacofo7q@thetimes.co.uk,729-245-1709
Whitby,Iacavone,Ängelholm,10/12/1974,Sweden,wiacavone7r@wikimedia.org,468-994-1379
Juieta,Vampouille,Zakliczyn,09/22/1962,Poland,,990-798-8185
Meghann,Aldritt,Benito Juarez,06/09/1993,Mexico,maldritt7t@nationalgeographic.com,919-837-6366
Jerald,Duddell,Balīlā,09/20/1969,Jordan,jduddell7u@wikipedia.org,467-912-1026
Nap,Wieprecht,Dakoutun,10/02/1987,China,nwieprecht7v@edublogs.org,189-544-7369
Gearard,Matschoss,Qingtang,10/02/1967,China,gmatschoss7w@domainmarket.com,786-670-4274
Almeria,Larne,Ulee Gle,07/15/1964,Indonesia,alarne7x@bluehost.com,751-822-2353
Windham,Redholls,Pandasan,01/19/1956,Philippines,wredholls7y@va.gov,181-189-6730
Tracie,Kittoe,Qorashina,11/18/1983,Uzbekistan,tkittoe7z@cisco.com,657-209-0551
Ranna,Mains,Działoszyce,04/12/1970,Poland,rmains80@etsy.com,772-241-4894
Cathy,Wadham,Larvik,08/04/1978,Norway,cwadham81@uiuc.edu,594-378-2097
Lamond,St Clair,Bagong Sikat,10/05/1985,Philippines,lstclair82@networkadvertising.org,111-520-4282
Guenna,Phittiplace,Alejandro Roca,03/04/1957,Argentina,,488-916-2126
Yankee,Pauler,Fukui-shi,09/15/1993,Japan,ypauler84@zdnet.com,151-669-1539
Clotilda,Dondon,Ayamaru,05/23/1996,Indonesia,cdondon85@marketwatch.com,145-528-7133
Norine,Thorbon,Tandel,07/23/1967,Luxembourg,nthorbon86@cyberchimps.com,136-332-3679
Peyton,Wiles,Caramanta,12/15/1972,Colombia,,948-870-2719
Roderigo,Rapinett,Saposoa,05/11/1995,Peru,rrapinett88@archive.org,681-541-1319
Panchito,Ojeda,Bayog,06/01/1979,Philippines,pojeda89@php.net,774-144-9890
Nicolina,Beattie,Yuktae-dong,09/06/1971,North Korea,nbeattie8a@wikipedia.org,596-964-4424
Darell,Crowe,Laixi,06/23/1976,China,dcrowe8b@people.com.cn,635-209-3360
Eddy,Normabell,Mungui,07/27/1975,Peru,enormabell8c@usa.gov,458-934-4482
Georas,Seeking,Lerum,03/28/1992,Sweden,gseeking8d@springer.com,302-265-7855
Filippo,Limon,Ligang,08/05/1968,China,flimon8e@reuters.com,101-902-2289
Wendy,Stoggell,Langxi,10/02/1950,China,wstoggell8f@twitter.com,583-467-4434
Joyan,Canton,Extremoz,06/02/1997,Brazil,jcanton8g@globo.com,112-932-1635
Dareen,Aldus,Lysice,07/19/1956,Czech Republic,daldus8h@vimeo.com,309-701-1632
Charissa,McIlriach,Nanyulinxi,10/12/1977,China,cmcilriach8i@phpbb.com,599-922-6162
Misty,Willes,Stockholm,05/02/1950,Sweden,mwilles8j@ehow.com,910-566-2690
Curt,Whissell,Murakami,01/28/1952,Japan,cwhissell8k@imageshack.us,285-821-2335
Idalina,McIntosh,Frankfurt am Main,07/10/1993,Germany,imcintosh8l@irs.gov,303-903-1951
Marcela,Matveiko,Poncokusumo,12/16/1988,Indonesia,mmatveiko8m@gizmodo.com,334-167-7281
Abby,Writer,Memphis,08/01/1957,United States,,901-813-4959
Stuart,Beart,Oranzherei,02/21/1986,Russia,sbeart8o@slideshare.net,143-989-9730
Ogdan,Boutellier,Maulavi Bāzār,02/15/1959,Bangladesh,oboutellier8p@narod.ru,436-323-1505
Shirlene,Iacovazzi,Dinājpur,05/10/1981,Bangladesh,siacovazzi8q@macromedia.com,755-489-1545
Ardath,Barnson,Chita,07/08/1981,Russia,abarnson8r@google.com.au,979-876-0260
Nichole,Ducker,Staraya Russa,07/16/1952,Russia,,786-701-8795
Emylee,Luby,Gondar,05/14/1994,Portugal,,433-673-3653
Perry,Sponder,Galimuyod,11/11/1951,Philippines,psponder8u@japanpost.jp,982-581-4535
Jobie,Wisby,Ystad,11/06/1954,Sweden,jwisby8v@shareasale.com,558-887-9453
Ardath,Garatty,Goma,08/18/1988,Democratic Republic of the Congo,,336-530-1050
Dorey,Kilner,Rosso,07/12/1989,Mauritania,dkilner8x@google.cn,230-101-2082
Marcelia,Golsby,Tullamore,05/31/1955,Ireland,mgolsby8y@cocolog-nifty.com,116-380-1920
Rolando,Cozby,Montréal-Est,02/17/1971,Canada,rcozby8z@imdb.com,588-563-7532
Neil,Staff,Gus’-Zheleznyy,08/08/1967,Russia,,707-700-6874
Lay,Brugemann,Pyshchug,04/23/1981,Russia,lbrugemann91@mozilla.com,424-804-6004
Blythe,Creamen,Redon,11/06/1960,France,bcreamen92@cnet.com,187-763-9611
Alfons,Gumb,Kanaya,07/29/1967,Japan,agumb93@dyndns.org,462-144-0065
Rutger,Davoren,Maisons-Laffitte,06/05/1968,France,rdavoren94@g.co,723-860-8811
Kym,Tumelty,Ordino,04/23/1999,Andorra,ktumelty95@kickstarter.com,503-102-7372
Jocelyn,Carpe,Phu Luang,05/11/1968,Thailand,,331-943-5176
Damian,Trynor,Pirojpur,05/27/1956,Bangladesh,dtrynor97@who.int,690-249-9065
Bartholomeus,Sire,Mabu,05/10/1999,China,bsire98@sourceforge.net,431-707-8616
Merla,O' Quirk,Tene,02/27/1997,Indonesia,moquirk99@cbslocal.com,858-446-3841
Malory,Packham,Madingou,08/10/1984,Republic of the Congo,mpackham9a@cbc.ca,230-742-6932
Francois,Puvia,Pieńsk,04/27/1967,Poland,fpuvia9b@prnewswire.com,680-498-9966
Adan,Bolus,Muyudian,05/04/1974,China,abolus9c@parallels.com,538-124-4620
Ruthy,Smithe,Macedo de Cavaleiros,03/18/1993,Portugal,rsmithe9d@cocolog-nifty.com,810-934-9200
Jerrie,Alker,Baćkowice,05/12/1951,Poland,jalker9e@netlog.com,876-323-1613
Mayer,Morl,Messina,08/04/1970,South Africa,mmorl9f@github.io,761-463-6675
Antoni,Stilling,Tianxing,10/11/1951,China,,151-562-3568
Dorthea,Mordie,Mgachi,07/20/1972,Russia,dmordie9h@walmart.com,932-358-0656
Odelinda,Lohoar,Raci Kulon,08/11/1983,Indonesia,olohoar9i@wikimedia.org,272-214-3058
Ansel,Freeborne,Oni,03/17/1993,Indonesia,afreeborne9j@globo.com,405-163-4110
Diane,MacDermid,Guantánamo,10/13/1983,Cuba,dmacdermid9k@w3.org,603-154-0626
Shane,Chiese,Gœsdorf,01/10/1955,Luxembourg,schiese9l@google.nl,594-236-7703
Ethel,Reaveley,Dupi,11/28/1997,China,ereaveley9m@engadget.com,845-855-7617
Gottfried,Kealey,Nam Khun,03/27/1999,Thailand,gkealey9n@symantec.com,313-675-6908
Fanya,Dallman,Amsterdam Binnenstad en Oostelijk Havengebied,01/24/1966,Netherlands,fdallman9o@prnewswire.com,136-830-1003
Noellyn,Geer,Bollnäs,09/15/1996,Sweden,ngeer9p@walmart.com,482-404-7168
Arv,Wyant,Kumane,05/31/1954,Serbia,awyant9q@mashable.com,808-748-7085
Shae,Ferenc,Ad Dawḩah,01/15/1966,Palestinian Territory,sferenc9r@baidu.com,343-459-9898
Catherine,Dewen,Çepan,10/11/1953,Albania,cdewen9s@europa.eu,713-997-6444
Gilemette,Copley,Lyaskovets,12/21/1981,Bulgaria,gcopley9t@dyndns.org,161-783-3049
Aindrea,Scurlock,Lame,12/14/1981,Nigeria,ascurlock9u@ebay.co.uk,848-331-2887
Jasun,Brinkler,Bouctouche,08/16/1955,Canada,jbrinkler9v@wunderground.com,685-534-5644
Esmeralda,Grisley,Zahedan,05/24/1955,Iran,egrisley9w@123-reg.co.uk,148-500-5662
Kittie,Raft,Moholm,11/07/1972,Sweden,,336-325-0066
Daven,Chapelhow,Herrljunga,05/29/1974,Sweden,dchapelhow9y@howstuffworks.com,148-211-9682
Kenyon,Navein,Centralniy,08/17/1991,Russia,knavein9z@yellowbook.com,222-299-1360
Harmon,Vevers,Yinjiaxi,02/12/1950,China,hveversa0@mac.com,279-478-8195
Tawnya,Bail,,,,tbaila1@blog.com,
Helen,Scourge,Weixin,07/30/1973,China,hscourgea2@imgur.com,207-679-2053
Morley,Corbally,Esperanza,11/13/1960,Philippines,,509-138-7136
De witt,Stivens,Wumahe,11/14/1957,China,,161-177-7384
Linea,Pratley,Macayug,08/19/1996,Philippines,lpratleya5@dedecms.com,378-184-9534
Ermentrude,Andreacci,Sbikha,10/22/1981,Tunisia,eandreaccia6@xing.com,300-655-4862
Nadine,Merriday,Daqingshan,11/03/1986,China,nmerridaya7@spiegel.de,645-651-5729
Erina,Cousen,Donggu,08/27/1996,China,ecousena8@techcrunch.com,957-935-7521
Loralyn,Luca,Hangkou,07/29/1951,China,llucaa9@tiny.cc,607-781-6105
Carolee,Kubalek,Nacala,12/13/1957,Mozambique,ckubalekaa@hao123.com,134-865-7431
Keene,Flexman,Galubakul,04/12/1995,Indonesia,,549-450-2987
Gran,Sigfrid,Merke,11/03/1972,Kazakhstan,,937-898-6327
Billy,Flintuff,,,,bflintuffad@ox.ac.uk,
Mersey,Sirkett,,,,msirkettae@blog.com,
Carolynn,Cluelow,,,,ccluelowaf@ameblo.jp,
Lorelei,MacLaig,Ujmisht,03/18/1961,Albania,lmaclaigag@g.co,891-347-5126
Kimmi,Keates,Dikwa,01/17/1962,Nigeria,kkeatesah@mtv.com,626-669-7492
Kathy,Quinion,,,,kquinionai@gravatar.com,
Ruby,Probbing,Tuti,08/22/1961,Peru,rprobbingaj@google.co.jp,425-714-5794
Nerty,Carreyette,Sharm el-Sheikh,03/01/1992,Egypt,ncarreyetteak@ocn.ne.jp,152-929-9774
Lewiss,Paulmann,Xiazhai,02/25/1966,China,lpaulmannal@netlog.com,674-641-8106
Man,Eccleshall,Blagaj,12/02/1989,Bosnia and Herzegovina,meccleshallam@dion.ne.jp,615-242-0939
Aldrich,Tidcomb,,,,atidcomban@github.com,
Emilio,Gammel,Zhuanshui,01/13/1993,China,egammelao@yahoo.com,141-579-1975
Dominique,Yakovliv,Wodzisław Śląski,04/11/1982,Poland,dyakovlivap@tuttocitta.it,959-658-1857
Delainey,Muccino,Siguinon,03/07/1959,Philippines,dmuccinoaq@prnewswire.com,826-403-3873
Othilie,Junifer,Bumbuna,03/18/1995,Sierra Leone,ojuniferar@t-online.de,566-575-1379
Tildi,Bollard,Carvalhal,08/01/1999,Portugal,tbollardas@pcworld.com,669-571-5926
Nona,Haresnaip,Strawczyn,01/06/1993,Poland,nharesnaipat@ucsd.edu,119-125-9143
Yettie,Chamley,Carigara,08/22/1986,Philippines,ychamleyau@rambler.ru,847-876-7358
Bank,Winson,La Huerta,11/06/1980,Mexico,,635-907-5163
Wylma,Baruch,Maliq,03/08/1987,Albania,wbaruchaw@csmonitor.com,995-164-3102
Sukey,Emons,Mont-de-Marsan,03/07/1986,France,semonsax@sun.com,513-944-1373
Jenine,Larwell,Bagok,05/26/1971,Indonesia,jlarwellay@squarespace.com,480-529-4660
Veronika,Tollmache,Goléré,07/30/1994,Senegal,vtollmacheaz@vimeo.com,586-110-8037
Urbain,Plet,Banepa,12/30/1979,Nepal,,367-417-0665
Frasier,Mundall,La Francia,12/05/1964,Argentina,fmundallb1@histats.com,899-699-0639
Hammad,Perfitt,Calaya,03/05/1991,Philippines,hperfittb2@upenn.edu,969-441-7745
Bradney,Rubberts,Le Havre,10/15/1999,France,brubbertsb3@nps.gov,728-832-8699
Mella,Lucy,Salon-de-Provence,02/22/1961,France,mlucyb4@infoseek.co.jp,606-169-4263
Erica,Dorin,Datarnangka,09/24/1993,Indonesia,edorinb5@csmonitor.com,776-100-8747
Saunders,Capoun,Hat Yai,11/25/1954,Thailand,scapounb6@bing.com,338-576-9652
Eldin,Hacun,Harbutowice,12/10/1992,Poland,ehacunb7@123-reg.co.uk,501-381-8079
Bordy,Skala,Homa Bay,06/21/1979,Kenya,bskalab8@prlog.org,519-761-7391
Etan,Blanking,Magang,01/06/1957,China,eblankingb9@uiuc.edu,160-511-2681
Wiley,Dronsfield,Wińsko,07/24/1986,Poland,wdronsfieldba@tiny.cc,536-860-6322
Camile,Loveridge,Nanxi,11/29/1965,China,cloveridgebb@miitbeian.gov.cn,331-845-8323
Beverie,Tomaskunas,San Ramon,04/25/1971,Philippines,btomaskunasbc@issuu.com,127-106-1864
Gigi,Dillingston,Long’an Chengxiangzhen,11/13/1953,China,,586-383-8559
Lock,Flaxon,Xiong’erzhai,08/03/1970,China,,121-122-6218
Abbie,Edes,Gutalac,03/08/1967,Philippines,aedesbf@e-recht24.de,508-511-9680
Netti,Lovick,Villa Atamisqui,01/10/1974,Argentina,nlovickbg@youtu.be,364-113-3390
Chic,Kingshott,Serang,06/08/1964,Indonesia,ckingshottbh@naver.com,368-505-6273
Walliw,Cowl,,,,wcowlbi@slideshare.net,
Welsh,Marvin,Santa Rosa,09/01/1987,United States,wmarvinbj@ycombinator.com,707-581-0957
Ariadne,Anker,Korenovsk,02/12/1968,Russia,aankerbk@mozilla.org,380-625-4266
Anthia,Ewdale,Naga,07/16/1952,Philippines,aewdalebl@google.ca,516-824-2018
Antoinette,Seiffert,Sugcad,10/02/1981,Philippines,,853-830-9294
Bianka,Terbrugge,Qinggang,07/12/1994,China,bterbruggebn@mayoclinic.com,181-807-6983
Barnabe,Rois,Luan Balu,12/12/1961,Indonesia,broisbo@ebay.co.uk,912-827-8500
Arvin,MacMychem,Uzlovaya,12/10/1975,Russia,amacmychembp@ocn.ne.jp,473-391-5842
Betty,Dudgeon,Shuanglu,11/09/1986,China,bdudgeonbq@dmoz.org,833-153-0980
Juan,Lequeux,Mbinga,02/10/1976,Tanzania,jlequeuxbr@auda.org.au,814-259-3119
Fritz,Tindley,Lingyuan,08/20/1956,China,ftindleybs@simplemachines.org,154-164-9465
Renaud,Wadelin,Shaxi,03/06/1970,China,rwadelinbt@google.ru,655-198-5222
Florri,Finnick,Lumil,04/23/1967,Philippines,,161-589-0517
Gillan,Allsebrook,San Juan Sacatepéquez,03/21/1986,Guatemala,,379-795-4892
Lita,Lehrer,Dolní Počernice,03/29/1984,Czech Republic,llehrerbw@addtoany.com,684-450-3903
Lorianne,Elstow,Capissayan Sur,06/18/1956,Philippines,lelstowbx@bluehost.com,700-937-5164
Jennie,Juett,Banjarsari,09/20/1992,Indonesia,,812-487-3911
Laetitia,de Nore,Kalanguy,01/18/1965,Russia,ldenorebz@cbc.ca,768-230-5928
Orelee,Jozsa,,,,ojozsac0@wunderground.com,
Cairistiona,Goodson,Mirocin,02/26/1967,Poland,cgoodsonc1@meetup.com,530-551-3223
Andreas,Logesdale,Gulbene,09/04/1964,Latvia,,124-470-7026
Chic,Sacase,Bodĭ,06/06/1978,Mongolia,csacasec3@nytimes.com,551-279-3836
Hartwell,Brownsall,Hoopstad,06/10/1964,South Africa,hbrownsallc4@blogtalkradio.com,805-195-3503
Carr,Kenright,Mpigi,05/12/1962,Uganda,ckenrightc5@nyu.edu,870-307-6309
Debby,Titcomb,Mardīān,01/01/1965,Afghanistan,,429-690-8902
Lorinda,Ockwell,Shidu,06/22/1982,China,lockwellc7@answers.com,994-753-8883
Lemuel,Seabridge,Los Pinos,10/30/1995,Mexico,lseabridgec8@oracle.com,437-250-1668
Boniface,Veljes,Amalfi,05/09/1981,Colombia,bveljesc9@so-net.ne.jp,695-974-0732
Grayce,Blizard,Mudian,01/09/1971,China,,706-706-4856
Donni,Askem,Eiriz,10/21/1958,Portugal,,307-634-3332
Saundra,Crottagh,Urho,06/15/1978,China,scrottaghcc@last.fm,155-439-2074
Antonietta,Santello,Gelin,11/21/1963,China,asantellocd@smh.com.au,514-860-2535
Fredric,Barrowcliffe,Shuangfeng,04/07/1974,China,,739-918-1914
Tirrell,Rowlstone,Jianfeng,03/19/1998,China,trowlstonecf@oracle.com,236-277-1638
Lothaire,McWilliam,Quỳ Châu,03/24/1960,Vietnam,lmcwilliamcg@google.it,364-761-3928
Yanaton,Heartfield,Famaillá,03/25/1989,Argentina,yheartfieldch@blogspot.com,894-452-9326
Stu,Addicott,Dubrovka,07/12/1956,Russia,saddicottci@slideshare.net,990-210-5346
Doris,Randall,Situbondo,10/16/1977,Indonesia,drandallcj@huffingtonpost.com,686-994-0565
Fina,Jonin,Banepa,12/03/1998,Nepal,,483-342-9806
Tobey,Surridge,Tamel,01/05/1950,Portugal,tsurridgecl@reverbnation.com,797-952-3611
Bartolemo,Soanes,Camias,07/10/1972,Philippines,bsoanescm@paginegialle.it,342-356-5440
Vittorio,Smy,Agara,03/17/1970,Georgia,,287-175-3845
Salmon,Bottrell,Gao,07/02/1974,Mali,sbottrellco@dmoz.org,774-608-1431
Barron,Shout,Jingdang,05/14/1958,China,bshoutcp@qq.com,252-422-5933
Audra,McLewd,Erdaocha,10/15/1998,China,amclewdcq@youtube.com,557-215-9473
Reinald,Ingliby,,,,ringlibycr@youtu.be,
Iver,Tabord,Guamal,02/08/1957,Colombia,itabordcs@wsj.com,431-135-5787
Ax,Batalle,Independence,10/30/1990,United States,abatallect@adobe.com,816-496-9847
Gerardo,Sneezem,Jhingergācha,01/19/1959,Bangladesh,,481-445-2620
Virginia,Busher,Santa Cruz,02/25/1962,Portugal,vbushercv@purevolume.com,209-636-1130
Yorgos,Theurer,La Unión,06/12/1982,Colombia,ytheurercw@digg.com,362-246-0521
Rosemary,Linnit,Piteå,12/02/1997,Sweden,rlinnitcx@twitter.com,764-782-3406
Patty,Hryncewicz,Tunduma,10/11/1957,Tanzania,,465-100-9619
Felizio,Cornils,Liangbing,02/11/1991,China,fcornilscz@wufoo.com,557-120-1028
Charissa,Gottschalk,Timóteo,01/31/1973,Brazil,cgottschalkd0@wp.com,157-883-0824
Lilias,Hasser,Stockholm,05/27/1972,Sweden,lhasserd1@qq.com,925-556-1171
Jemmie,Hellwich,Cesson,06/13/1974,France,jhellwichd2@paginegialle.it,891-863-7700
Cherish,Owtram,Ferraria,04/13/1997,Portugal,cowtramd3@google.fr,307-444-7773
Wilek,Sher,Lafayette,10/10/1964,United States,wsherd4@ezinearticles.com,337-566-2366
Emmery,Eyes,Villa Allende,02/17/1990,Argentina,,620-759-3210
Fayina,Pechold,Palca,05/28/1994,Peru,fpecholdd6@jugem.jp,383-909-5354
Korey,Heinert,Xinjia,07/19/1974,China,kheinertd7@army.mil,951-133-5701
Karin,McClinton,Aknoul,06/22/1956,Morocco,kmcclintond8@thetimes.co.uk,332-252-5850
Caritta,Annott,Puan Selatan,02/14/1952,Indonesia,cannottd9@360.cn,355-892-1697
Alwin,Dewitt,Wuxia,11/14/1970,China,adewittda@fema.gov,315-346-9933
Elane,Stratiff,Sexmoan,05/24/1954,Philippines,estratiffdb@exblog.jp,660-159-4838
Andrej,Buckbee,Nanuque,12/21/1978,Brazil,abuckbeedc@dyndns.org,976-500-9926
Mureil,Brychan,Jarānwāla,10/01/1953,Pakistan,mbrychandd@google.cn,532-973-6244
Mariska,Bogace,Yidao,05/21/1982,China,mbogacede@goodreads.com,750-202-0581
Penelopa,Munslow,Ningyuan,02/24/1989,China,pmunslowdf@tripod.com,745-383-8548
Halette,Bradd,Plottier,10/11/1993,Argentina,hbradddg@cbsnews.com,996-835-2408
Killie,Edmans,Kuala Baru,07/21/1980,Indonesia,kedmansdh@joomla.org,450-713-8854
Hildegarde,Sotworth,Aricapampa,06/09/1982,Peru,,939-170-1283
Nina,Gorring,Huxi,02/21/1989,China,ngorringdj@theglobeandmail.com,286-451-5006
Kin,Presdee,Bergen,04/03/1956,Norway,kpresdeedk@dyndns.org,239-239-7020
Hilde,Ballin,Frösön,11/08/1963,Sweden,hballindl@drupal.org,135-291-4863
Gisele,Server,Longbei,03/28/1952,China,gserverdm@cdbaby.com,141-118-4147
Cele,Hymas,Tieba,01/01/1964,China,,995-544-3751
Andy,Mainstone,Xiaotao,08/24/1990,China,amainstonedo@ed.gov,782-308-1798
Conan,Gisby,Prachuap Khiri Khan,08/30/1963,Thailand,cgisbydp@tuttocitta.it,788-279-7512
Vevay,Riping,Masḩah,03/23/1957,Palestinian Territory,vripingdq@census.gov,203-448-9571
Alisha,Craisford,Daxing,04/16/1971,China,acraisforddr@imdb.com,515-629-2115
Bella,Medley,Szczawnica,03/30/1957,Poland,bmedleyds@blogtalkradio.com,631-156-0911
Corissa,Casford,Vyškov,05/24/1985,Czech Republic,ccasforddt@mozilla.com,513-943-6668
Rockwell,Parkes,Nanshui,04/02/1960,China,,535-989-8307
Kaleb,Van Hesteren,Sobreira,03/10/1998,Portugal,kvanhesterendv@si.edu,405-723-7420
Adan,Thomen,Lindome,01/26/1986,Sweden,athomendw@istockphoto.com,657-132-9963
Odessa,Sexstone,Xinxu,05/21/1989,China,osexstonedx@java.com,254-853-0983
Nikolia,Pizer,Sarirejo Satu,10/01/1960,Indonesia,npizerdy@fda.gov,366-477-3576
Camille,Newbury,Villa Nueva,02/20/1956,Honduras,cnewburydz@economist.com,844-808-7651
Adrianne,Bloore,,,,ablooree0@jugem.jp,
Alistair,Boch,Caldas da Felgueira,06/03/1970,Portugal,aboche1@t-online.de,646-406-0960
Trefor,McGriffin,Ḩammām Wāşil,05/29/1991,Syria,tmcgriffine2@liveinternet.ru,829-530-0563
Donnie,Kerans,San Lorenzo,08/10/1997,Honduras,dkeranse3@ebay.com,258-587-5051
Enoch,Lacaze,Palmira,06/07/1973,Panama,elacazee4@constantcontact.com,604-381-8055
Hurlee,Earp,Verona,03/21/1988,Italy,,136-376-6020
Selby,McMickan,Anadia,11/30/1951,Portugal,smcmickane6@skype.com,415-815-2837
Jarvis,Roydon,Yongle,08/11/1989,China,jroydone7@ebay.com,169-688-8464
Ulla,Verrills,Xiahan,11/07/1969,China,,427-487-1531
Dyna,Isacq,Birqīn,08/03/1994,Palestinian Territory,disacqe9@ftc.gov,285-261-3556
Felicity,le Keux,Chiguirip,01/14/1974,Peru,flekeuxea@state.tx.us,806-118-4581
Adolphe,Camies,,,,acamieseb@purevolume.com,
Vivienne,Limeburner,Joroan,12/26/1967,Philippines,,425-318-2743
Rosamund,Farrow,Yanmenguan,08/03/1989,China,rfarrowed@nymag.com,911-549-1586
Willie,Screech,Jalālpur,06/12/1968,Pakistan,wscreechee@homestead.com,211-255-3024
Shelli,Body,San Angelo,06/22/1981,United States,sbodyef@newyorker.com,325-673-4095
Noak,Vaudrey,,,,nvaudreyeg@example.com,
Scot,Venney,Barra Mansa,10/06/1996,Brazil,svenneyeh@unesco.org,907-257-5350
Ianthe,Dell Casa,Burujul,08/25/1952,Indonesia,idellcasaei@hugedomains.com,532-314-3643
Kimball,Mayhow,Patambuco,10/19/1970,Peru,kmayhowej@pcworld.com,833-798-6250
Sheelah,Leyninye,,,,,
Terri,Sprigin,Marianowo,03/08/1983,Poland,tspriginel@tumblr.com,537-153-7453
Carolyn,Stubbin,Tamaki,04/18/1986,New Zealand,cstubbinem@seesaa.net,984-981-1796
Thia,Ferres,Gadžin Han,02/13/1951,Serbia,tferresen@chron.com,848-268-9414
Lesley,Chappelow,Sugihwaras,11/13/1985,Indonesia,lchappeloweo@google.cn,892-915-7549
Glenn,Hissie,Matwaḩ,03/27/1953,Yemen,ghissieep@bloglines.com,537-657-3693
Joycelin,Itzhaiek,Straszyn,08/14/1981,Poland,jitzhaiekeq@angelfire.com,705-502-1910
Marcos,Strephan,,,,mstrephaner@jalbum.net,
Homere,Derdes,,,,,
Ferne,Rowlson,Korfovskiy,08/17/1958,Russia,frowlsonet@state.tx.us,116-173-3225
Bo,Gariff,Pueblo Nuevo,07/21/1981,Peru,bgariffeu@scribd.com,956-437-6699
Haslett,McGonnell,Erie,04/20/1954,United States,hmcgonnellev@paypal.com,814-422-3349
Alex,Traher,Nunchía,10/14/1983,Colombia,atraherew@geocities.com,760-977-6129
Courtnay,Marzello,Otok,09/29/1961,Croatia,cmarzelloex@lulu.com,180-662-1227
Hedda,Kelbie,Bondo,02/15/1981,Democratic Republic of the Congo,hkelbieey@spotify.com,123-483-8159
Dorie,Batisse,Wotsogo,04/28/1956,Indonesia,dbatisseez@sourceforge.net,204-481-4658
Haven,Ruilton,Nadrupe,12/31/1965,Portugal,hruiltonf0@wisc.edu,808-504-2079
Eduardo,Beachamp,Malahide,04/28/1952,Ireland,ebeachampf1@free.fr,563-307-2851
Jose,Gallichiccio,Victoria,04/20/1960,Grenada,,588-955-0061
Cristobal,Denne,Latacunga,08/23/1983,Ecuador,,270-355-1201
Bary,Antonov,Sīnah,12/12/1957,Iraq,bantonovf4@twitpic.com,341-184-4920
Clerc,McMenamy,Buenlag,04/02/1955,Philippines,cmcmenamyf5@techcrunch.com,104-563-8559
Doralin,Smaleman,,,,dsmalemanf6@oaic.gov.au,
Emogene,Dunklee,Łomża,05/02/1970,Poland,,232-721-9020
Maynord,Olensby,Solina,07/06/1972,Bosnia and Herzegovina,molensbyf8@ezinearticles.com,307-184-4474
Gusti,Goose,Ribas do Rio Pardo,04/01/1986,Brazil,ggoosef9@1688.com,645-895-7902
Isiahi,Hansard,Oubei,06/16/1953,China,ihansardfa@slideshare.net,834-836-8675
Nathalia,Guillford,Ejmiatsin,05/19/1963,Armenia,,810-297-4235
Van,Startin,Ash Shawātī,07/04/1955,Yemen,vstartinfc@barnesandnoble.com,753-305-6510
Jacquetta,Guerreiro,Cincinnati,03/24/1993,United States,jguerreirofd@php.net,513-880-4982
Cori,Scripture,Feliciano,07/19/1976,Philippines,cscripturefe@salon.com,789-650-9673
Pietro,Axelby,Topeka,05/15/1986,United States,paxelbyff@skyrock.com,785-333-6442
Susanne,Braxay,,,,sbraxayfg@usgs.gov,
Tine,Cottem,Moorreesburg,07/06/1958,South Africa,tcottemfh@si.edu,385-332-0438
Meir,Ledgard,Perches,03/15/1991,Haiti,,620-997-3648
Mirabella,Bryce,Loureiro,06/05/1984,Portugal,mbrycefj@blinklist.com,306-901-1695
Fremont,Inglese,Quillabamba,04/07/1993,Peru,finglesefk@usnews.com,148-397-3077
Delphine,Cossam,,,,dcossamfl@pen.io,
Alikee,De Freitas,San Juan,08/12/1989,Philippines,,166-748-9548
Demetre,Adamsen,Langue,08/11/1977,Honduras,dadamsenfn@nba.com,755-287-4975
Durward,Pucknell,Benito Juarez,08/19/1973,Mexico,,761-832-8531
Spenser,Haxbie,Domanín,11/28/1971,Czech Republic,shaxbiefp@msn.com,285-888-8865
Broddy,Gennings,Liucheng,06/22/1955,China,bgenningsfq@wired.com,156-317-2418
Elora,Cheston,,,,echestonfr@sciencedaily.com,
Loree,Bradnum,Pontian,12/14/1990,Philippines,lbradnumfs@ted.com,696-415-2365
Alvinia,Maddocks,Montreuil,02/14/1974,France,amaddocksft@businessweek.com,560-898-9727
Sunshine,Goligher,Nichinan,12/17/1967,Japan,sgoligherfu@smh.com.au,872-554-1679
Bethanne,Upham,Tommot,12/25/1950,Russia,buphamfv@typepad.com,248-818-1709
Lurette,Tonner,Canggou,06/10/1953,China,ltonnerfw@mozilla.org,922-352-4880
Mace,Kilty,Borova,02/22/1958,Ukraine,mkiltyfx@vimeo.com,249-509-3638
Jessie,Lambourn,Haitou,04/09/1959,China,,866-187-4924
Rooney,Hanny,,,,rhannyfz@comsenz.com,
Cyrus,Hofer,,,,,
Fergus,Inns,Cagliari,07/07/1974,Italy,finnsg1@dmoz.org,257-109-3471
Palmer,Lembcke,,,,plembckeg2@weather.com,
Konstanze,Burgne,Palla,09/17/1980,Indonesia,kburgneg3@flavors.me,663-502-9405
Janette,Mildenhall,San Antonio Oeste,07/25/1958,Argentina,jmildenhallg4@cloudflare.com,653-963-3764
Millisent,Foran,,,,mforang5@usatoday.com,
Betti,Singleton,Faro,05/10/1958,Portugal,bsingletong6@live.com,220-464-6010
Damien,Folds,Pavlovskaya,12/19/1994,Russia,dfoldsg7@blogtalkradio.com,888-265-1702
Kelsey,Belch,Erie,04/20/1992,United States,kbelchg8@digg.com,814-199-2486
Brian,Scullin,Nova Era,10/30/1972,Brazil,bsculling9@pagesperso-orange.fr,236-482-3424
Annis,Albers,Leninskoye,06/10/1958,Russia,,642-102-1197
Park,Walling,Rabat,10/10/1995,Malta,pwallinggb@virginia.edu,156-848-1439
Caritta,Lumley,Mbaké,04/09/1951,Senegal,clumleygc@flickr.com,850-641-3636
Benjamin,Syalvester,Ventanas,01/21/1995,Ecuador,bsyalvestergd@furl.net,382-620-4713
Heinrick,Ruckledge,Qusar,12/04/1960,Azerbaijan,hruckledgege@umn.edu,159-426-5754
Melisandra,Ballinger,,,,mballingergf@t-online.de,
Cindie,Juliano,Wuhe Chengguanzhen,05/02/1985,China,,661-445-4653
Manolo,Cushe,Seputih,02/10/1972,Indonesia,,994-630-1382
Agnella,Featherstonhalgh,Sidonganti,05/24/1956,Indonesia,afeatherstonhalghgi@tamu.edu,739-845-8760
Read,Latta,Shreveport,01/05/1983,United States,rlattagj@intel.com,318-701-5169
Melicent,Kloisner,Buenos Aires,03/04/1980,Mexico,mkloisnergk@prnewswire.com,862-709-5768
Rouvin,Weiss,Skole,11/28/1989,Ukraine,rweissgl@uol.com.br,474-660-8206
Diarmid,Hayhurst,Piedra del Águila,10/27/1998,Argentina,dhayhurstgm@rediff.com,330-923-2840
Conan,Emanson,Fengmu,11/01/1950,China,cemansongn@woothemes.com,712-770-9198
Suzie,Langcastle,,,,slangcastlego@google.cn,
Danni,Bresman,Barengkok Hilir,12/08/1998,Indonesia,,173-128-2228
Ilario,Kirvin,Yuyapichis,07/12/1958,Peru,ikirvingq@163.com,602-289-9789
Marjory,Crewther,Asikkala,02/08/1979,Finland,mcrewthergr@taobao.com,936-987-5545
Carol-jean,Acott,Zākhū,06/05/1965,Iraq,cacottgs@toplist.cz,939-773-9646
Philip,Harcase,Évry,07/13/1966,France,pharcasegt@comcast.net,650-882-8296
Mel,Arnaez,Zhuanqiang,02/13/1986,China,marnaezgu@icio.us,277-307-6850
Deidre,Baskeyfied,Napanee Downtown,04/21/1968,Canada,dbaskeyfiedgv@squarespace.com,245-356-8292
Giulia,Deakins,Saint-Joseph-de-Coleraine,06/29/1951,Canada,gdeakinsgw@biglobe.ne.jp,782-822-8428
Ella,Gunda,Citampian,04/28/1968,Indonesia,egundagx@zimbio.com,410-232-1579
Druci,Halksworth,"Brgy. Nalook, kalibo",01/09/1981,Philippines,dhalksworthgy@go.com,696-618-7512
Marjory,De Ruggiero,Varpaisjärvi,07/13/1965,Finland,mderuggierogz@joomla.org,612-349-0516
Antonetta,Jerzyk,Runsonglaozhai,10/07/1965,China,ajerzykh0@comcast.net,656-431-7487
Ario,Turfrey,Berëza,04/26/1960,Russia,,118-936-1653
Lula,Kealey,Madang,12/06/1975,Papua New Guinea,lkealeyh2@geocities.jp,582-864-9701
Sapphire,Rapport,Léchovo,08/13/1973,Greece,srapporth3@indiatimes.com,389-914-4020
Morgen,Giffard,Montaneza,06/05/1997,Philippines,mgiffardh4@jigsy.com,918-558-6033
Annalee,Mauchline,Añatuya,02/11/1975,Argentina,amauchlineh5@barnesandnoble.com,712-463-8428
Gherardo,Abramowsky,Iporá,05/08/1973,Brazil,gabramowskyh6@si.edu,835-815-7705
Harold,Scalia,Shangshaleng,09/22/1960,China,hscaliah7@qq.com,578-593-2395
Harlie,Libbis,Châlons-en-Champagne,08/30/1978,France,hlibbish8@nps.gov,505-721-7056
Aurea,Piercy,Negreiros,10/03/1990,Portugal,apiercyh9@merriam-webster.com,455-165-0112
Connor,O'Rodane,Krajan Keboromo,11/12/1966,Indonesia,corodaneha@craigslist.org,957-729-0469
Shaw,Breach,Dalgān,02/06/1983,Iran,sbreachhb@cocolog-nifty.com,536-857-5380
Brit,McGeagh,Rychtal,04/09/1986,Poland,bmcgeaghhc@prweb.com,586-698-5069
Floyd,Rhoades,Jelcz,02/02/1984,Poland,,782-644-2249
Viviana,Bushrod,Pajala,12/03/1983,Sweden,vbushrodhe@hugedomains.com,746-658-7622
Juliette,Tyers,,,,jtyershf@archive.org,
Dorian,Casaccio,Kulia Village,06/10/1987,Tuvalu,dcasacciohg@dedecms.com,621-720-6463
Bradley,Stidever,,,,bstideverhh@ameblo.jp,
Rock,Doldon,Arbais,07/01/1969,Indonesia,rdoldonhi@reference.com,869-727-5940
Vi,Aingell,Macon,07/12/1951,United States,vaingellhj@hexun.com,478-928-8245
Ferne,Luckett,Sasovo,09/26/1970,Russia,flucketthk@nba.com,453-176-8462
Carri,Adams,Oleksandriya,08/10/1965,Ukraine,cadamshl@soundcloud.com,664-853-0046
Cicily,Emney,Ash Shafā,11/30/1986,Saudi Arabia,cemneyhm@shutterfly.com,447-917-7735
Elisha,Pecht,Uglovoye,06/15/1950,Russia,epechthn@about.me,275-636-9419
Lyn,Yeudall,Krutaya Gorka,01/31/1968,Russia,,147-735-0189
Hillery,Basire,Tatuí,12/12/1960,Brazil,hbasirehp@virginia.edu,137-198-9201
Delila,Droghan,Botou,01/12/1973,China,ddroghanhq@mysql.com,542-805-8190
Sheridan,Flukes,Noisy-le-Grand,05/03/1965,France,,232-705-2072
Kathrine,Tassaker,Ladozhskaya,06/10/1985,Russia,ktassakerhs@senate.gov,296-272-9682
Charla,Liccardi,Andkhōy,01/04/1956,Afghanistan,,514-459-6029
Beverley,Manifold,Aygepat,08/15/1982,Armenia,bmanifoldhu@deviantart.com,256-540-2421
Gareth,Aprahamian,Stepojevac,09/07/1992,Serbia,gaprahamianhv@51.la,985-513-3475
Auria,Sterke,Strömsund,03/03/1981,Sweden,asterkehw@hud.gov,678-472-1177
Latia,Ortell,Shiren,04/10/1962,China,lortellhx@abc.net.au,218-105-9569
Fania,Hegarty,Cerro,11/27/1999,Cuba,fhegartyhy@privacy.gov.au,293-923-5450
Darrel,Jinks,Cansolungon,11/11/1976,Philippines,djinkshz@cam.ac.uk,581-238-1380
Katherina,Stuffins,,,,kstuffinsi0@t.co,
Kelsey,Andrejs,Candi,10/09/1977,Indonesia,kandrejsi1@discovery.com,794-900-4083
Lamar,Charlson,Morawica,12/14/1978,Poland,lcharlsoni2@ebay.com,200-462-5750
Rudiger,Sleightholme,Kislyakovskaya,07/13/1995,Russia,,468-480-2558
Rodi,Silverton,Diancun,08/21/1978,China,rsilvertoni4@spotify.com,456-700-9113
Pietro,Ilyukhov,Thị Trấn Yên Thế,03/23/1977,Vietnam,pilyukhovi5@home.pl,149-394-0244
Courtney,Baud,Askim,01/18/1983,Norway,,628-409-5434
Odelia,Writtle,Novi Šeher,08/31/1986,Bosnia and Herzegovina,,885-594-7972
Lanae,Wager,Béboto,01/27/1995,Chad,lwageri8@cnbc.com,321-216-5463
Thorn,Olligan,Dzwola,04/20/1992,Poland,tolligani9@pagesperso-orange.fr,767-217-0769
Roscoe,Cattonnet,Viseu,02/22/1995,Brazil,rcattonnetia@w3.org,813-430-4816
Renelle,Hatrey,Xinjie,04/24/1989,China,rhatreyib@prlog.org,248-274-4157
Darcy,Howson,Philadelphia,06/12/1965,United States,dhowsonic@facebook.com,215-151-8715
Lyman,Beert,Castelo de Vide,04/27/1981,Portugal,lbeertid@spotify.com,326-937-5420
Irvin,Purtell,Boxholm,07/16/1995,Sweden,ipurtellie@netlog.com,537-990-0443
Laird,Dyne,Kanchanaburi,02/20/1959,Thailand,ldyneif@vk.com,852-758-9678
Auberta,Marti,Aco,01/03/1963,Peru,,146-953-6093
Lon,Jesse,Washington,07/22/1951,United States,ljesseih@vimeo.com,202-386-9351
Fancy,Thirlaway,Varybóbi,05/03/1955,Greece,fthirlawayii@twitter.com,817-794-3124
Chrysler,Matfin,Bektemir,06/04/1982,Uzbekistan,cmatfinij@1und1.de,183-797-2542
Morganne,Jeenes,Sesheke,08/20/1955,Zambia,mjeenesik@devhub.com,917-335-6815
Keelby,Roser,Đà Bắc,01/13/1971,Vietnam,kroseril@disqus.com,438-431-6259
Margarita,Haker,Port Maria,08/06/1976,Jamaica,mhakerim@gizmodo.com,411-562-3578
Raddy,Pavlik,Ḩalḩūl,11/27/1999,Palestinian Territory,rpavlikin@youtube.com,864-752-3351
Blondy,Berston,Arapuey,12/05/1964,Venezuela,bberstonio@salon.com,330-476-9760
Cassey,Yeandel,Paris 07,01/29/1982,France,cyeandelip@google.com,846-204-0094
Kerry,Kiddle,Ōnojō,06/07/1991,Japan,kkiddleiq@theglobeandmail.com,726-792-7887
Sophronia,Wearne,Dadu,04/20/1989,Pakistan,,890-517-1036
Conant,Joao,Ngrayun,07/27/1992,Indonesia,,351-991-7484
Susan,Bath,Pinhais,12/18/1976,Brazil,,731-404-7997
Travis,Laughton,Lanas,12/29/1960,Philippines,tlaughtoniu@goo.gl,951-716-8289
Marten,Minot,Moyo,10/12/1952,Uganda,mminotiv@ihg.com,116-967-1336
Griz,Quilleash,Limoges,05/15/1972,France,gquilleashiw@apache.org,442-297-8051
Rayna,Lyptratt,Zhihe,01/03/1990,China,,790-446-1961
Adelind,Laugharne,Maoming,06/08/1959,China,alaugharneiy@tamu.edu,696-862-8268
Rivi,Swales,Songzhuang,05/20/1983,China,,839-495-4444
Art,Oneill,Ratchathewi,03/04/1988,Thailand,aoneillj0@symantec.com,330-533-5818
Hertha,Fairhurst,Ilagan,08/27/1962,Philippines,hfairhurstj1@yellowpages.com,979-754-6351
Sterling,Brandolini,Kinna,05/24/1963,Sweden,sbrandolinij2@miibeian.gov.cn,122-933-2940
Ana,De Ruel,Silgueiros,02/11/1951,Portugal,aderuelj3@t-online.de,923-836-1759
Prudence,Woodyeare,Xiaxindian,12/20/1980,China,pwoodyearej4@toplist.cz,960-192-5419
Pat,Roust,Church End,03/23/1978,United Kingdom,proustj5@miibeian.gov.cn,945-256-2183
Gabey,Dix,Tahara,01/12/1996,Japan,gdixj6@adobe.com,449-926-1460
Darla,Depka,Rejoyoso,05/17/1993,Indonesia,ddepkaj7@wix.com,564-282-2870
Marieann,Minshull,Wasior,06/21/1971,Indonesia,mminshullj8@360.cn,481-962-6051
Ginger,Joanic,Peuhaq,02/22/1959,Indonesia,gjoanicj9@comcast.net,926-526-4820
Ardyce,Lombardo,Hongsipu,10/21/1950,China,alombardoja@adobe.com,637-106-1224
Giana,Tench,Szczerbice,06/03/1999,Poland,gtenchjb@netlog.com,359-494-6110
Bryant,Middiff,Omu Aran,04/08/1980,Nigeria,,844-292-7158
Andi,Ferbrache,Hovorany,11/02/1973,Czech Republic,aferbrachejd@nytimes.com,747-513-6772
Celestyna,Horsefield,Bāglung,08/10/1989,Nepal,chorsefieldje@i2i.jp,525-728-5105
Fran,Atto,Tielou,03/18/1961,China,fattojf@squidoo.com,355-464-1066
Hamlin,Cawood,Xinning,02/14/1984,China,,380-321-1458
Cooper,Trays,Tambakmerak,10/24/1999,Indonesia,ctraysjh@google.com.au,772-875-4543
Gayle,Mockford,Providence,06/22/1950,Mauritius,gmockfordji@deviantart.com,335-787-0039
Lindon,Colicot,Taoshan,12/13/1991,China,lcolicotjj@typepad.com,723-425-3214
Kasey,Rodgman,Wuchagou,03/13/1964,China,krodgmanjk@tumblr.com,157-898-8441
Helaina,Kettleson,Ferbane,11/25/1952,Ireland,hkettlesonjl@harvard.edu,659-789-1388
Krishna,Embury,Siay,05/28/1957,Philippines,kemburyjm@cnet.com,833-519-1304
Myer,McLise,Nakhon Pathom,05/02/1964,Thailand,mmclisejn@tripod.com,797-549-8412
Ingmar,Doles,Saint Louis,12/24/1957,United States,idolesjo@opensource.org,314-600-6611
Cordula,Mowbury,Mampong,03/20/1981,Ghana,,456-264-7829
Lind,Trusler,Moche,04/11/1958,Peru,ltruslerjq@pbs.org,892-288-0923
Simmonds,Moncarr,Carpiquet,09/24/1984,France,smoncarrjr@amazon.co.jp,842-307-3106
Tessie,Reddan,Skórcz,11/17/1959,Poland,treddanjs@g.co,123-276-9191
Sibyl,Clunie,Balud,12/06/1983,Philippines,scluniejt@taobao.com,990-904-6722
Aubert,Witherdon,Refojos,02/06/1981,Portugal,awitherdonju@nps.gov,378-818-8116
Berky,Drable,Lanos,10/28/1984,Indonesia,bdrablejv@dion.ne.jp,302-779-1103
Susanne,Ingleton,Kyaikto,04/01/1975,Myanmar,singletonjw@webs.com,526-182-8790
Thomas,Ould,Ciudad Nueva,05/26/1983,Dominican Republic,touldjx@digg.com,225-235-1011
Lamar,Syalvester,Liangshuijing,04/23/1996,China,lsyalvesterjy@fc2.com,521-873-9086
Pavla,Moryson,Thị Trấn Sìn Hồ,01/19/1996,Vietnam,pmorysonjz@last.fm,141-882-1988
Marjory,Szymanowicz,Nowa Góra,08/30/1954,Poland,mszymanowiczk0@cnet.com,335-916-7183
Zed,Taw,Gyumri,02/04/1995,Armenia,ztawk1@163.com,446-451-1741
Dominik,Runnett,København,07/16/1974,Denmark,,692-701-5189
Tedmund,Timothy,Chernogorsk,04/21/1982,Russia,ttimothyk3@studiopress.com,115-678-2046
Mischa,Propper,Sobral da Adiça,07/31/1969,Portugal,mpropperk4@redcross.org,381-424-1829
Janessa,Keijser,Casal do Sapo,02/09/1995,Portugal,jkeijserk5@loc.gov,461-331-4067
Christoforo,Batalini,Chişinău,01/29/1988,Moldova,cbatalinik6@istockphoto.com,419-806-3703
Quinn,Niven,Haapajärvi,02/10/1968,Finland,,737-533-8388
Gregorio,Folling,Dvurechensk,10/11/1996,Russia,gfollingk8@walmart.com,715-923-0374
Niki,Penhallurick,Azteca,12/28/1983,Mexico,npenhallurickk9@istockphoto.com,910-244-3103
Allys,Huske,Nancheng,07/12/1980,China,ahuskeka@indiatimes.com,137-975-7033
Bren,Tivers,Taipingying,01/29/1971,China,btiverskb@storify.com,321-229-4792
Kathy,Verbrugghen,Shchukino,05/03/1953,Russia,kverbrugghenkc@behance.net,237-835-5728
Madonna,Comsty,Kimry,06/25/1984,Russia,mcomstykd@oaic.gov.au,463-149-1632
Garrot,Blasiak,Kaz,12/09/1964,Russia,gblasiakke@salon.com,148-586-1407
Eleonore,Jephcote,Nevyts’ke,06/10/1963,Ukraine,,862-848-4856
Anthea,Cullingford,Safed,10/17/1972,Israel,,878-227-8662
Lon,Sickamore,Tofol,10/06/1999,Micronesia,lsickamorekh@i2i.jp,883-403-2341
Korry,Teaser,Conceição da Feira,05/07/1957,Brazil,kteaserki@home.pl,443-898-1922
Joanne,Steen,Riangbaring,08/16/1986,Indonesia,jsteenkj@deviantart.com,248-170-0351
Levon,Marielle,Emiliano Zapata,05/10/1976,Mexico,lmariellekk@mit.edu,916-882-3171
Niki,Lovejoy,Thākurgaon,10/30/1978,Bangladesh,nlovejoykl@usnews.com,842-523-9502
Nicholle,Shurmore,Mejdan - Obilićevo,11/16/1994,Bosnia and Herzegovina,nshurmorekm@army.mil,971-439-5574
Torrance,Dawbery,Dapdap,06/04/1970,Philippines,tdawberykn@google.com.br,918-518-7306
Artemis,Watkins,Haitang,03/17/1976,China,awatkinsko@reddit.com,914-132-2386
Jana,Grevatt,Sinarbakti,06/16/1993,Indonesia,,499-724-1428
Dina,Watkins,Bordeaux,10/07/1950,France,dwatkinskq@flavors.me,563-976-8019
Elizabet,Butchart,Runan,09/03/1980,China,ebutchartkr@irs.gov,647-715-3319
Jada,Kreuzer,Tiandu,09/17/1972,China,,465-837-7063
Garnette,Kleinschmidt,Shardara,02/14/1962,Kazakhstan,gkleinschmidtkt@blogtalkradio.com,866-227-8113
Wiatt,Garces,Sulitair,10/11/1975,Indonesia,wgarcesku@simplemachines.org,514-474-3663
Timothea,Deighton,Cruz das Almas,03/03/1981,Brazil,tdeightonkv@technorati.com,215-842-2006
Valaria,McAreavey,Tigarunggu,03/16/1950,Indonesia,vmcareaveykw@patch.com,527-879-1685
Zora,Curtain,Pandean,11/09/1969,Indonesia,zcurtainkx@buzzfeed.com,649-942-5408
Natale,Ravelus,Zhuzuo,03/06/1977,China,nravelusky@booking.com,852-675-1335
Aylmar,Found,Luocheng,12/11/1958,China,afoundkz@discuz.net,910-671-3971
Tallie,Jacox,,,,tjacoxl0@fda.gov,
Caroline,Skingle,Guazapa,03/03/1995,El Salvador,cskinglel1@timesonline.co.uk,919-100-6987
Chaddy,Chaddock,Kyaikto,09/01/1994,Myanmar,cchaddockl2@amazon.de,906-251-2978
Westbrook,O'Caherny,Kombissiri,03/27/1998,Burkina Faso,wocahernyl3@oracle.com,183-181-4728
Pooh,Novichenko,Palma Soriano,03/26/1993,Cuba,,686-347-4350
Aggie,Alfonzo,Yafran,04/19/1958,Libya,aalfonzol5@chicagotribune.com,277-366-4027
Moselle,Heartfield,Houbai,03/31/1991,China,,170-640-8562
Olivie,Sirey,Пласница,01/02/1975,Macedonia,osireyl7@dedecms.com,107-127-7924
Riva,Shuttell,Funza,06/06/1969,Colombia,rshuttelll8@smh.com.au,951-908-7900
Hedy,Dumpleton,Dzerzhinsk,11/29/1978,Russia,hdumpletonl9@geocities.jp,925-769-8050
Mercedes,Padley,San Jose,03/25/1963,Mexico,mpadleyla@hp.com,696-894-1146
Bale,Bruneton,Taloko,02/17/1979,Indonesia,bbrunetonlb@ezinearticles.com,633-916-3165
Elnore,Gilgryst,Arvika,10/19/1967,Sweden,egilgrystlc@nifty.com,179-390-9016
Darill,Marsy,Bao’an,10/26/1959,China,dmarsyld@kickstarter.com,331-468-0145
Charlot,Dumke,Krasne,06/01/1974,Ukraine,,598-503-6044
Chad,Dearing,Gaza,05/12/1983,Palestinian Territory,cdearinglf@narod.ru,684-259-3200
Gae,Prinn,Luau,02/19/1972,Angola,gprinnlg@wikipedia.org,564-324-7491
Farly,Moutray Read,Guiglo,02/09/1986,Ivory Coast,fmoutrayreadlh@friendfeed.com,166-906-4403
Tully,Defty,Banzão,08/28/1958,Portugal,tdeftyli@joomla.org,564-329-6101
Dennis,Wilks,San Juan de Dios,01/01/1999,Costa Rica,,766-311-2735
Damita,Bryer,Campina Grande,03/30/1991,Brazil,,655-485-6974
Lynnett,Appleby,Qianjia,06/11/1957,China,lapplebyll@ameblo.jp,319-463-9351
Bennie,Agott,Vadstena,08/22/1969,Sweden,,258-453-2125
Padraic,Brodhead,Iranduba,05/13/1994,Brazil,pbrodheadln@globo.com,523-899-8146
Mariya,Gilmore,Deauville,05/22/1965,France,mgilmorelo@wired.com,749-871-8290
Mora,Barry,Weizheng,11/08/1999,China,,605-643-5237
Ruth,Burridge,Paledang,05/15/1975,Indonesia,rburridgelq@rambler.ru,901-801-8107
Smith,Behagg,Wierzchowo,05/18/1974,Poland,sbehagglr@histats.com,995-217-6050
Mella,Lainton,Furukawa,12/29/1991,Japan,mlaintonls@smugmug.com,219-372-5117
Alphard,Garland,Jiahe,01/06/1975,China,agarlandlt@cloudflare.com,693-242-2868
Leola,Peschka,Karangasem,12/29/1980,Indonesia,lpeschkalu@springer.com,865-421-2321
Cecilius,Newcombe,Rājbirāj,09/28/1960,Nepal,cnewcombelv@hp.com,880-807-3333
Lola,Woolis,Xilópolis,09/08/1974,Greece,,413-875-1027
Jedidiah,Rycroft,Qozonketkan,05/09/1969,Uzbekistan,jrycroftlx@freewebs.com,901-489-1355
Val,Pruce,San Jose,05/19/1976,Philippines,vprucely@howstuffworks.com,729-331-5893
Elihu,Schimon,Huotian,05/27/1951,China,eschimonlz@yelp.com,920-852-7192
Krystalle,Lunge,Annecy,06/07/1952,France,,813-992-9937
Fonzie,Truin,Tungor,04/02/1987,Russia,ftruinm1@wufoo.com,648-334-5690
Elsinore,Redgewell,Malczyce,10/18/1953,Poland,eredgewellm2@github.com,968-983-5341
Brice,Sturt,Bahāwalpur,06/01/1991,Pakistan,bsturtm3@studiopress.com,377-460-5358
Corly,Zorzoni,Tupiza,07/25/1979,Bolivia,czorzonim4@mayoclinic.com,188-590-8314
Rakel,Gibke,Telheira,09/06/1961,Portugal,rgibkem5@geocities.com,155-866-9710
Cornie,Tollmache,Nchelenge,11/12/1951,Zambia,ctollmachem6@shareasale.com,478-465-0873
Hewett,Le Lievre,Idrinskoye,01/30/1959,Russia,hlelievrem7@thetimes.co.uk,270-452-4193
Abdul,Knobell,Chikwawa,02/18/1966,Malawi,aknobellm8@facebook.com,928-978-4473
Trevor,Rhodef,Novokhovrino,12/08/1951,Russia,trhodefm9@dot.gov,408-318-2298
Lonni,McAlroy,Mapiri,03/17/1964,Bolivia,lmcalroyma@webeden.co.uk,497-291-3980
Cass,Cuffe,Orléans,12/25/1989,France,ccuffemb@nbcnews.com,318-844-8389
Josiah,Scandroot,Młynary,05/21/1965,Poland,,268-583-7200
Glen,Weafer,Ljusdal,11/25/1979,Sweden,gweafermd@wix.com,126-130-5287
Celie,Cayser,Puerto Cisnes,11/30/1950,Chile,ccayserme@de.vu,200-529-5972
Jasmina,Seller,Dalun,01/28/1964,China,jsellermf@unc.edu,762-704-2955
Crin,Coghill,Veselí nad Moravou,05/05/1977,Czech Republic,ccoghillmg@foxnews.com,930-397-2351
Lucias,Gleadle,Sojo,09/05/1984,Peru,lgleadlemh@g.co,407-578-6157
Gearard,Parris,,,,,
Lorrie,Deegan,Franco da Rocha,05/20/1951,Brazil,ldeeganmj@businesswire.com,208-754-8146
Darcy,Kilpatrick,Capanema,03/20/1973,Brazil,dkilpatrickmk@hud.gov,625-602-4313
Jeffy,McGahey,Rosice,04/17/1950,Czech Republic,jmcgaheyml@fastcompany.com,673-310-0971
Alfy,Cornforth,Chernyshkovskiy,06/26/1965,Russia,acornforthmm@sciencedaily.com,872-352-8779
Erhard,Swidenbank,Lhari,10/08/1985,China,eswidenbankmn@bbc.co.uk,642-289-8902
Melany,Wennam,Salvacion,04/13/1957,Philippines,mwennammo@usatoday.com,685-616-6659
Dionisio,Scard,Tacheng,05/04/1985,China,dscardmp@webnode.com,487-281-2438
Karl,Arpin,Longtou,07/12/1968,China,karpinmq@shop-pro.jp,122-509-3758
Garek,Spaice,Barayong,05/24/1977,Philippines,gspaicemr@ehow.com,780-200-6578
Bradly,Shafe,Fresno,12/18/1975,United States,bshafems@businesswire.com,209-509-8285
Anthe,Kaming,Manikchari,04/27/1979,Bangladesh,akamingmt@miitbeian.gov.cn,745-318-7915
Casar,Obeney,Normandin,03/27/1997,Canada,cobeneymu@telegraph.co.uk,271-194-2242
Nydia,Biford,Dhalie,05/20/1994,Yemen,nbifordmv@jimdo.com,979-318-9957
Devora,Pedrielli,Changtang,04/23/1981,China,dpedriellimw@constantcontact.com,763-493-4666
Meredeth,Duckhouse,Tawau,12/05/1983,Malaysia,mduckhousemx@arstechnica.com,385-768-2075
Arlana,Klaaassen,Yamethin,12/14/1974,Myanmar,aklaaassenmy@scribd.com,775-372-5846
Augustus,Lyon,General Santos,10/30/1955,Philippines,alyonmz@army.mil,767-541-8661
Ximenes,Angus,Nelipyno,09/29/1969,Ukraine,xangusn0@nifty.com,988-540-0405
Julita,Entreis,Shizi,08/23/1995,China,jentreisn1@constantcontact.com,580-606-1374
Jammal,Stallworthy,,,,jstallworthyn2@parallels.com,
Noelle,Grimme,Anjani Barat,12/14/1954,Indonesia,ngrimmen3@walmart.com,612-216-3966
Salmon,Callaway,Raškovice,07/10/1963,Czech Republic,scallawayn4@latimes.com,259-516-1751
Damara,Skupinski,Krasnyy Oktyabr’,04/10/1955,Russia,dskupinskin5@twitpic.com,777-689-9067
Karie,Darcey,Las Palmas,08/21/1968,Mexico,kdarceyn6@salon.com,219-164-5303
Kayle,Devonald,San Marcos,04/11/1973,Honduras,kdevonaldn7@tinyurl.com,911-400-3359
Pollyanna,Oxburgh,Jiru,07/26/1964,China,poxburghn8@indiegogo.com,930-802-0214
Abigail,Vitte,Silveiros,08/28/1982,Portugal,avitten9@hp.com,978-397-6924
Fitzgerald,Pickton,San Ramón,03/25/1987,Peru,,709-125-4683
Alec,Lahiff,Zhenziliang,02/23/1971,China,alahiffnb@youtu.be,609-583-0997
Madonna,Killeen,Diébougou,08/10/1952,Burkina Faso,mkilleennc@ning.com,484-272-9950
Saidee,Rosa,Floriana,02/09/1999,Malta,srosand@cbslocal.com,990-137-8925
Hermina,Tytcomb,Cachadinha,07/28/1971,Portugal,htytcombne@instagram.com,965-154-5928
Diane,D'Enrico,Uruobo-Okija,04/04/1971,Nigeria,ddenriconf@g.co,210-542-0722
Berny,Razzell,Balqash,01/26/1974,Kazakhstan,brazzellng@tamu.edu,941-435-5860
Grantham,Yeowell,Pandean,03/12/1993,Indonesia,gyeowellnh@hp.com,786-699-3260
Simonette,Isakovitch,,,,sisakovitchni@harvard.edu,
Denny,Rubinsky,Hengjing,01/20/1973,China,drubinskynj@goodreads.com,772-672-7652
Cara,Szymczyk,La Esperanza,02/19/1994,Peru,cszymczyknk@cnbc.com,439-578-7316
Sherlocke,Speere,Ramadi,09/22/1992,Iraq,sspeerenl@umn.edu,196-636-0078
Nicholle,Hakonsen,Tempursari Wetan,08/14/1991,Indonesia,nhakonsennm@wikia.com,330-846-4259
Katy,California,Capanema,12/14/1997,Brazil,kcaliforniann@trellian.com,479-334-5014
Nicolai,Tesh,Philadelphia,10/04/1961,United States,nteshno@java.com,215-475-7997
Devinne,Gobell,Segovia,10/24/1982,Colombia,dgobellnp@drupal.org,507-860-3159
Dulcy,Gladeche,Stuttgart Stuttgart-Mitte,08/26/1996,Germany,dgladechenq@sciencedirect.com,492-664-9935
Giavani,Marquese,Sosnovoborsk,07/31/1984,Russia,gmarquesenr@mac.com,736-197-5390
Zelda,Van Halle,Black River,07/19/1952,Jamaica,zvanhallens@constantcontact.com,684-910-0016
Andrea,Lazonby,Klakeh,05/13/1993,Indonesia,alazonbynt@hhs.gov,673-647-7992
Ally,Matuszyk,Tall aḑ Ḑamān,11/07/1972,Syria,amatuszyknu@twitter.com,700-961-2282
Osgood,Cregg,Saint-Denis,01/23/1957,Reunion,ocreggnv@rediff.com,218-264-1143
Kathlin,Sandwich,Al Balyanā,09/02/1956,Egypt,,213-489-5192
Velma,Denial,Burgos,07/28/1967,Philippines,vdenialnx@histats.com,932-805-4153
Ailis,Giovannacc@i,Cidima,01/28/1997,Indonesia,agiovannacciny@gmpg.org,872-975-8966
Sancho,Swindley,Conselheiro Lafaiete,05/05/1972,Brazil,sswindleynz@furl.net,725-554-8365
Bellina,Kemme,Pokrovskoye,09/03/1964,Russia,bkemmeo0@umich.edu,918-340-3169
Mallorie,Pilipets,Xaçmaz,06/01/1952,Azerbaijan,mpilipetso1@qq.com,541-930-9720
Silvia,Jordine,Sémé,09/27/1950,Senegal,,134-677-3767
Andrus,Breitler,Lembursawah,03/31/1957,Indonesia,abreitlero3@businesswire.com,736-324-7498
Lottie,Ennew,Kwikila,10/03/1989,Papua New Guinea,lennewo4@sina.com.cn,205-236-9643
Adham,Boggish,Sunduan,08/07/1952,China,aboggisho5@uol.com.br,607-579-3548
Valle,Cadwaladr,Bente,04/14/1962,Indonesia,vcadwaladro6@ehow.com,518-541-3516
Roxanne,Vial,Primorka,05/10/1993,Russia,rvialo7@seattletimes.com,993-830-6896
Aida,Kunisch,Soroti,06/19/1951,Uganda,akunischo8@nymag.com,310-612-5767
Webster,Leith,San Juan Ixcoy,07/01/1976,Guatemala,wleitho9@disqus.com,355-595-8893
Shellysheldon,Busch,Cengang,02/19/1956,China,,833-306-7035
Zelma,Hamberston,Hutang,12/31/1959,China,,554-812-7503
Win,Micklewright,Xue’an,03/11/1956,China,wmicklewrightoc@mapy.cz,234-899-0996
Reine,Sammon,Sedati,03/10/1956,Indonesia,rsammonod@tmall.com,755-910-4377
Heddie,McMickan,Gaoyang,04/08/1982,China,hmcmickanoe@google.ru,984-406-5455
Bettye,Smallpeice,Asquipata,09/13/1988,Peru,bsmallpeiceof@hugedomains.com,785-172-6073
Othelia,Mussard,Bom Jesus do Itabapoana,09/03/1983,Brazil,omussardog@spiegel.de,312-281-8716
Axel,Meany,Toledo,07/09/1964,United States,ameanyoh@senate.gov,419-921-6690
Monty,Burles,Libu,03/07/1966,China,mburlesoi@cbslocal.com,560-600-7888
Hube,Bernasek,Tipitapa,12/04/1962,Nicaragua,,448-399-5917
Clementius,Acland,Santa Cruz,02/08/1983,Mexico,caclandok@example.com,186-517-2073
Rufe,Tibbs,Laval,12/20/1952,France,rtibbsol@yelp.com,468-913-4118
Camile,Bucktharp,Shināş,12/15/1987,Oman,cbucktharpom@opensource.org,797-151-3411
Deloris,Gillon,Tianyuan,11/28/1973,China,dgillonon@hp.com,245-751-8436
Thorin,Haeslier,Lukashin,04/05/1956,Armenia,thaeslieroo@topsy.com,576-564-7602
Sanders,Seifert,Salfīt,05/29/1985,Palestinian Territory,sseifertop@oaic.gov.au,747-417-6158
Flin,Breede,Lublin,09/20/1959,Poland,,918-112-1043
Windy,Pearmain,Maishi,01/14/1968,China,,812-853-0566
Alic,Baudacci,Ad Dabbah,05/05/1952,Sudan,abaudaccios@google.com.au,294-598-6395
Marketa,Solloway,Bongued,01/12/1971,Philippines,msollowayot@cbslocal.com,174-825-4630
Pattie,Jarmain,Fuliang,06/13/1992,China,pjarmainou@cbslocal.com,449-428-9268
Avictor,Mignot,San Fernando de Atabapo,12/10/1995,Venezuela,amignotov@purevolume.com,370-235-7827
Ninnetta,Kieff,München,10/23/1971,Germany,nkieffow@dion.ne.jp,627-559-5089
Shalom,Brocklehurst,Cimanggu,11/02/1979,Indonesia,sbrocklehurstox@unesco.org,233-630-8964
Nessy,Threader,Fāryāb,08/15/1972,Iran,nthreaderoy@epa.gov,200-759-0462
Flem,Cleiment,Arras,08/29/1999,France,fcleimentoz@nhs.uk,827-680-4243
Lenna,Greger,Moshenskoye,12/15/1992,Russia,lgregerp0@hao123.com,614-448-1259
Jaime,Hek,New York City,05/09/1963,United States,jhekp1@drupal.org,212-113-8475
Kora,Cockram,Rufino,11/11/1969,Argentina,kcockramp2@vk.com,193-870-7343
Glennie,Rean,Quankou,09/15/1966,China,greanp3@gmpg.org,726-770-9781
Cacilie,Abbott,Zaliznychne,08/26/1980,Ukraine,cabbottp4@livejournal.com,613-499-1182
Nicolina,Sands,Sukamaju,07/03/1987,Indonesia,,156-618-2678
Marylou,Lowles,Melissochóri,07/24/1991,Greece,mlowlesp6@miibeian.gov.cn,969-159-2679
Frayda,Laffin,Kawengan,12/15/1963,Indonesia,flaffinp7@stanford.edu,692-208-5303
Phyllys,Kelleway,Mollebamba,12/03/1987,Peru,pkellewayp8@ycombinator.com,862-667-7960
Sherlock,Bawden,Betio Village,09/08/1970,Kiribati,sbawdenp9@harvard.edu,851-843-3956
Marv,Whyman,Assis,03/02/1995,Brazil,mwhymanpa@free.fr,847-750-3821
Francesca,Danell,Junín,08/25/1977,Argentina,fdanellpb@meetup.com,389-488-7338
Selinda,Brockbank,Mentougou,10/14/1953,China,sbrockbankpc@histats.com,898-561-8998
Gaston,Calway,Berëzovskiy,10/30/1953,Russia,gcalwaypd@blog.com,481-977-7295
Elsi,Trollope,Lesnoy,04/02/1994,Russia,etrollopepe@1688.com,550-451-5077
Willard,Ryce,Babao,03/28/1964,China,wrycepf@upenn.edu,418-124-7410
Nettie,Slatten,Banghai,08/07/1991,China,nslattenpg@dell.com,500-774-1521
Carlin,Trenholm,Mūsá Qal‘ah,05/22/1962,Afghanistan,ctrenholmph@oakley.com,574-866-6085
Jens,Larn,Hutang,07/21/1961,China,jlarnpi@dedecms.com,671-791-7724
Curr,Lent,,,,clentpj@berkeley.edu,
Clovis,Spall,Jishan,06/16/1970,China,cspallpk@devhub.com,801-713-9710
Nicole,Menghi,Bagok,05/19/1952,Indonesia,nmenghipl@nhs.uk,684-687-9688
Finley,Yurinov,Äänekoski,01/21/1955,Finland,,481-345-2642
Vivienne,Kitchenside,Laiponda,09/12/1989,Indonesia,vkitchensidepn@123-reg.co.uk,928-724-7541
Jules,Bitchener,Jingyang,02/16/1996,China,jbitchenerpo@java.com,378-526-4326
Caria,Jobern,Canaries,10/07/1974,Saint Lucia,,930-343-9575
Mathe,Genthner,Mananum,06/24/1989,Philippines,mgenthnerpq@dedecms.com,296-163-6576
Elisa,McManus,Tanahwulan,08/22/1974,Indonesia,emcmanuspr@wufoo.com,333-299-3080
Dosi,Ede,Wawa,12/18/1989,Nigeria,,500-729-6291
Beatrice,McAlpin,Wojnicz,01/23/1972,Poland,bmcalpinpt@weather.com,947-726-0392
Kennie,Wincom,Cikuya,04/01/1958,Indonesia,,382-995-9116
Edee,Silverthorn,Shanling,05/29/1952,China,esilverthornpv@blogger.com,110-102-8921
Hagan,Ashlin,Stockholm,03/25/1994,Sweden,,229-295-3114
Emilia,Vernall,Ḩawsh ‘Īsá,03/22/1981,Egypt,evernallpx@cisco.com,687-671-3608
Clementia,Wolton,Baishan,10/15/1983,China,cwoltonpy@t.co,421-315-3540
Harwilll,McKeighan,Awat,03/16/1960,China,hmckeighanpz@sourceforge.net,567-779-3928
Charley,Elnaugh,Nîmes,04/05/1982,France,celnaughq0@unicef.org,725-895-1144
Leora,Kenna,Jialu,01/18/1972,China,lkennaq1@deviantart.com,564-503-9345
Martica,Sprowell,Repnoye,09/29/1956,Russia,msprowellq2@ucoz.com,568-831-8044
Gabrila,Herculson,Tumpang Satu,12/04/1996,Indonesia,gherculsonq3@dailymail.co.uk,357-618-3387
Valene,Steed,Volksrust,08/12/1984,South Africa,vsteedq4@yellowpages.com,963-334-0607
Cecelia,Slides,,,,cslidesq5@dropbox.com,
Margaretta,Gopsall,São Mamede de Infesta,09/05/1967,Portugal,mgopsallq6@desdev.cn,264-784-2100
Ari,Monnoyer,Upi,09/26/1985,Philippines,amonnoyerq7@simplemachines.org,687-327-3284
Andriana,Romme,Xiaolou,10/01/1960,China,arommeq8@google.fr,746-281-7570
Teddy,Gooly,,,,tgoolyq9@prnewswire.com,
Giacomo,Orr,Tucson,02/11/1962,United States,gorrqa@ovh.net,520-338-6061
Wylma,Woolfenden,Antsiranana,10/17/1980,Madagascar,wwoolfendenqb@theatlantic.com,583-313-5381
Abrahan,McColm,Fichē,06/01/1962,Ethiopia,,962-349-3751
Hilario,Bulfit,Colonia Elisa,09/07/1978,Argentina,hbulfitqd@altervista.org,177-457-2394
Gerri,Derry,Talisay,10/01/1993,Philippines,gderryqe@mayoclinic.com,564-170-8726
Vinny,Harbidge,Xinmatou,12/06/1951,China,,267-273-2461
Brian,Cathrall,Capayán,10/23/1986,Argentina,bcathrallqg@ezinearticles.com,872-365-5502
Charlot,Gallyon,Fenlu,01/23/1953,China,cgallyonqh@ifeng.com,894-598-2813
Ethelind,Smithend,Quichuay,11/22/1959,Peru,esmithendqi@tuttocitta.it,439-897-7177
Marice,Rattenbury,Shuhong,12/04/1966,China,,316-965-0820
Rockwell,Lakey,Aioi,03/03/1955,Japan,rlakeyqk@engadget.com,812-211-8592
Robinet,Moreman,Mueang Nonthaburi,01/23/1973,Thailand,rmoremanql@auda.org.au,920-471-6363
Allys,Olerenshaw,,,,aolerenshawqm@4shared.com,
Brandi,Dowdall,San Jerónimo,03/03/1971,Honduras,,133-349-1409
Emlen,Livick,Datun,12/23/1971,China,,517-326-4975
Freddie,Fludder,Sanshilipu,08/16/1989,China,ffludderqp@usnews.com,634-517-5068
Ursulina,Chicchelli,Taibai,04/28/1989,China,uchicchelliqq@domainmarket.com,300-351-2679
Nolan,Geertje,Quintas,04/09/1991,Portugal,ngeertjeqr@economist.com,173-630-0659
Scotty,Dyter,Gongdanglegi Kulon,06/23/1981,Indonesia,,195-497-9688
Gustavus,Skirvane,Rimouski,08/23/1958,Canada,gskirvaneqt@ycombinator.com,975-832-2242
Kimmie,Heiss,,,,kheissqu@sourceforge.net,
Aurilia,Orcas,Řehlovice,01/28/1966,Czech Republic,aorcasqv@newsvine.com,404-804-1366
Price,Trazzi,Zhongyuanlu,09/26/1992,China,ptrazziqw@amazon.co.jp,536-727-5408
Payton,Chapellow,Wuqishan,10/29/1953,China,pchapellowqx@slate.com,426-372-8251
Carie,Waadenburg,Panikihan,11/25/1984,Philippines,cwaadenburgqy@webnode.com,775-895-8392
Jo-ann,Huntar,Portela,01/24/1992,Portugal,jhuntarqz@narod.ru,197-266-6967
Wilone,Libreros,Yunshan,03/30/1993,China,,552-873-8824
Kynthia,Tather,Longkou,11/27/1985,China,ktatherr1@apache.org,520-454-0138
Kaila,Salmoni,Gambalidio,01/29/1952,Philippines,ksalmonir2@bigcartel.com,498-128-9702
Kimbell,Vollam,Iwanai,02/20/1993,Japan,kvollamr3@wunderground.com,958-819-9553
Jedd,Stagg,Sucre,10/08/1958,Peru,jstaggr4@prlog.org,881-466-9583
Vikky,McTrustam,Yanggu’ao,07/26/1965,China,vmctrustamr5@netscape.com,759-158-3082
Port,Fedoronko,Kiukainen,08/09/1950,Finland,pfedoronkor6@weibo.com,770-819-8091
Arlena,Nolda,Phúc Thọ,05/19/1993,Vietnam,,197-411-7701
Bink,Surridge,Xinhui,05/19/1977,China,bsurridger8@live.com,434-327-1378
Giorgio,Dalglish,Santa Marta,04/27/1954,Colombia,gdalglishr9@washington.edu,799-588-2193
Helaine,Chadbourne,Kinna,07/08/1967,Sweden,hchadbournera@dedecms.com,127-524-7044
Domenic,Order,Cáceres,01/19/1999,Colombia,,822-488-0744
Farica,Roubay,Nanmen,04/21/1991,China,froubayrc@a8.net,524-833-9838
Bea,Happer,Chenxikou,07/02/1978,China,bhapperrd@umich.edu,270-810-4055
Venus,Oliva,Saint-Ouen,01/21/1991,France,volivare@constantcontact.com,470-870-1681
Miquela,Bignold,Khiliomódhi,11/27/1973,Greece,mbignoldrf@google.es,946-844-0289
Darin,Minogue,San Miguel del Padrón,03/21/1960,Cuba,dminoguerg@wunderground.com,618-400-9817
Dominic,Abbets,Plottier,05/16/1961,Argentina,dabbetsrh@google.com.hk,271-882-7977
Lon,Houndson,Trâu Quỳ,01/14/1969,Vietnam,lhoundsonri@yellowbook.com,258-463-4451
Odelle,Digle,Timeng,06/27/1994,China,odiglerj@irs.gov,224-170-1123
Cassandry,Zavattero,Saint-Herblain,05/11/1980,France,czavatterork@1und1.de,925-284-3369
Bond,Bavester,Banjar Taro Kelod,03/21/1988,Indonesia,bbavesterrl@businessweek.com,668-995-6989
Paul,Hellin,Ridderkerk,08/13/1956,Netherlands,phellinrm@4shared.com,643-274-6883
Daven,Bosche,Banjarsari,07/19/1977,Indonesia,dboschern@goo.gl,143-149-3911
Morena,Rasper,,,,mrasperro@engadget.com,
Lynnell,Munnings,,,,lmunningsrp@msn.com,
Juanita,Schriren,Luhanka,12/05/1973,Finland,,710-468-6928
Dorian,Grisard,Dongyong,02/23/1989,China,dgrisardrr@ucoz.ru,768-416-5180
