first_name,last_name,birth_place,birth_date,country_living_in,email,phone
Queenie,Brandon,Terang,23.09.1992,Indonesia,qbrandon0@163.com,+62-904-177-4147
Karlee,Charlick,Newark,25.07.1982,United States,kcharlick1@deviantart.com,+1-973-703-6204
Arley,Tigner,Negla,14.03.1995,Indonesia,atigner2@surveymonkey.com,+62-486-860-5102
Lavinia,Fouracres,Marmárion,10.12.1965,Greece,lfouracres3@wiley.com,+30-471-690-2169
Reynolds,Gossington,,,,rgossington4@chicagotribune.com,
Ruthann,Kubalek,Joal-Fadiout,22.01.1958,Senegal,rkubalek5@wordpress.com,+221-483-240-9612
Pauletta,Bounds,Stockholm,31.05.1954,Sweden,pbounds6@nyu.edu,+46-856-290-4851
Jone,Delafont,Póvoa do Valado,04.09.1961,Portugal,jdelafont7@blinklist.com,+351-144-746-2090
Anet,Cavill,Bondy,14.07.1959,France,acavill8@dmoz.org,+33-326-641-7769
Rosabelle,McCrow,Yanghe,01.05.1987,China,,+86-565-196-8583
Tiler,O'Doireidh,Moyo,20.06.1966,Uganda,todoireidha@ca.gov,+256-853-399-1524
Nico,Stiles,Shaxi,11.01.1968,China,nstilesb@ning.com,+86-763-611-8622
Timothee,Freak,Monte Branco,02.10.1955,Portugal,tfreakc@naver.com,+351-526-343-3517
Arabele,Deavin,Vale de Rolas,04.10.1959,Portugal,adeavind@gizmodo.com,+351-384-557-9291
Katee,Niess,Imaan,11.01.1995,Indonesia,kniesse@upenn.edu,+62-576-138-2462
Ilyssa,Dumbar,Kyŏngsŏng,20.08.1996,North Korea,idumbarf@spotify.com,+850-180-873-4376
Bevin,Critchley,Suodenniemi,11.02.1958,Finland,bcritchleyg@google.com,+358-831-195-7473
Noah,Baldack,Lorient,26.11.1960,France,nbaldackh@taobao.com,+33-135-450-4606
Matthieu,Krahl,Semampirbarat,19.01.1980,Indonesia,,+62-372-398-5390
Dania,Garrow,Klimontów,27.02.1982,Poland,,+48-642-888-6386
Leland,Wherrett,Rîbniţa,05.02.1955,Moldova,lwherrettk@dailymotion.com,+373-977-913-4191
Shelley,Mellody,Santa Catarina,27.01.1951,Portugal,,+351-956-563-6468
Alistair,Siddell,Karachi,04.07.1993,Pakistan,asiddellm@acquirethisname.com,+92-421-118-8110
Herrick,Metterick,Kurchatov,27.12.1961,Russia,hmetterickn@merriam-webster.com,+7-374-892-0851
Fernanda,Mayler,Terek,13.08.1976,Russia,,+7-567-820-2623
Sibella,Paxman,Vareiá,26.03.1958,Greece,,+30-975-229-1091
Alford,Colthard,Santa Inês,10.04.1952,Brazil,acolthardq@typepad.com,+55-637-288-1732
Edward,Askham,Sirnasari,04.08.1963,Indonesia,easkhamr@webeden.co.uk,+62-365-621-0244
Tonnie,Brecon,Saguing,10.05.1975,Philippines,tbrecons@reference.com,+63-760-459-3472
Noni,Bilbrook,Antopal’,20.10.1998,Belarus,nbilbrookt@state.tx.us,+375-350-960-0348
Barrie,Maggorini,Karangkeng,09.12.1957,Indonesia,bmaggoriniu@delicious.com,+62-113-559-5903
Isidora,Sollis,Wum,08.06.1963,Cameroon,,+237-859-978-6931
Ortensia,Ensley,New York City,09.02.1997,United States,oensleyw@unblog.fr,+1-917-741-3150
Selinda,Bridden,Pulaukijang,08.04.1974,Indonesia,sbriddenx@dmoz.org,+62-842-882-0901
Alanna,Dudson,Hongling,31.03.1961,China,adudsony@tamu.edu,+86-497-284-5138
Ranee,Vasnetsov,Cabano,14.01.1966,Canada,rvasnetsovz@dell.com,+1-487-339-3813
Mikey,Schonfelder,Kopstal,01.02.1983,Luxembourg,mschonfelder10@sbwire.com,+352-644-586-9942
Violette,Leadston,Tortosendo,24.03.1966,Portugal,,+351-855-812-0832
Pieter,Ayce,Ankazobe,06.03.1966,Madagascar,payce12@weibo.com,+261-365-105-1607
Cymbre,Giovanardi,Enniskerry,27.07.1980,Ireland,cgiovanardi13@google.es,+353-521-945-5053
Archie,Mableson,Zhuyeping,02.01.1991,China,amableson14@nydailynews.com,+86-898-398-7906
Harv,Foxhall,,,,hfoxhall15@alexa.com,
Juliane,Barukh,Medvedevo,27.11.1962,Russia,,+7-772-442-2892
Husein,De-Ville,Teófilo Otoni,02.02.1955,Brazil,hdeville17@live.com,+55-207-549-9573
Shepperd,Hasted,Saint-Joseph-de-Coleraine,22.10.1956,Canada,shasted18@cbslocal.com,+1-650-558-1257
Avram,Landor,Tuojiang,10.07.1966,China,alandor19@chron.com,+86-338-784-4545
Felix,Sheer,Uchaly,30.11.1997,Russia,fsheer1a@google.co.jp,+7-557-317-4283
Dav,Cregg,Pantanal,11.10.1956,Brazil,dcregg1b@facebook.com,+55-885-775-7306
Cherice,Sowle,Omaha,21.06.1959,United States,csowle1c@w3.org,+1-402-298-5477
Grace,Surcombe,Bromma,13.03.1970,Sweden,gsurcombe1d@wiley.com,+46-539-783-2396
Rozalin,MacGarvey,Rincón,30.04.1998,Dominican Republic,rmacgarvey1e@google.ru,+1-731-414-0535
Dynah,Caff,Vila Nova de Gaia,19.09.1952,Portugal,dcaff1f@ebay.com,+351-391-817-4245
Dot,Wemes,Mernek,11.07.1994,Indonesia,dwemes1g@wordpress.org,+62-651-773-2397
Lola,Grindlay,Aurora,27.04.1991,United States,lgrindlay1h@geocities.com,+1-312-908-9449
Carole,Blackeby,Behābād,28.07.1961,Iran,,+98-384-905-0557
Alric,Barbary,Rodionovo-Nesvetaiskoye,08.12.1974,Russia,abarbary1j@huffingtonpost.com,+7-202-283-8570
Edsel,O'Sullivan,,,,eosullivan1k@auda.org.au,
Gael,Linnard,Aix-en-Provence,15.05.1963,France,glinnard1l@4shared.com,+33-959-123-7696
Tawnya,Gerleit,Piribebuy,17.09.1994,Paraguay,tgerleit1m@nymag.com,+595-333-793-7371
Joel,McCritchie,Cisek,12.07.1966,Poland,jmccritchie1n@cloudflare.com,+48-334-165-0579
Juliet,Alanbrooke,Birmingham,10.03.1991,United Kingdom,,+44-363-371-7149
Zared,De Lascy,Vicente Guerrero,03.05.1983,Mexico,zdelascy1p@sbwire.com,+52-975-834-3842
Doralynn,Grieg,Grand Rapids,24.06.1962,United States,dgrieg1q@yellowbook.com,+1-616-625-1988
Katie,Aris,Punākha,03.05.1979,Bhutan,karis1r@bluehost.com,+975-535-508-5877
Marcelo,Guitte,,,,mguitte1s@vistaprint.com,
Phylys,Fendlow,Hongkeli,19.03.1990,China,pfendlow1t@upenn.edu,+86-351-747-7851
Aaron,Casburn,Boto,13.12.1960,Indonesia,,+62-189-821-9110
Eugenio,Hammant,Fushan,14.01.1957,China,,+86-857-239-6695
Sallyanne,Kensley,Liancheng,15.04.1980,China,skensley1w@bloglines.com,+86-960-147-1832
Tatiana,Windress,Kiiminki,25.05.1979,Finland,twindress1x@1688.com,+358-837-510-5800
Ardra,Szymaniak,Xiaxihao,20.02.1969,China,,+86-923-752-3450
Lincoln,Como,Shalazhi,09.03.1955,Russia,,+7-909-269-5607
Talyah,Brock,Dacun,28.10.1953,China,,+86-207-659-4386
Farrand,Arnowicz,Ban Mai,08.05.1999,Thailand,farnowicz21@blogtalkradio.com,+66-768-688-9090
Traver,Baffin,Gò Quao,09.12.1978,Vietnam,tbaffin22@canalblog.com,+84-581-855-8142
Marcia,Challener,Cerenti,19.01.1953,Indonesia,mchallener23@spiegel.de,+62-931-289-4531
Laraine,Havercroft,,,,lhavercroft24@booking.com,
Maggy,Medlin,Aripuanã,21.08.1990,Brazil,mmedlin25@marriott.com,+55-322-448-9270
Jillane,Ricardo,Passo Fundo,04.10.1963,Brazil,jricardo26@ihg.com,+55-106-896-3738
Marcile,Irvine,Houston,11.03.1986,United States,mirvine27@prweb.com,+1-281-102-3951
Aristotle,Pickup,Goussainville,25.08.1972,France,apickup28@google.cn,+33-118-719-5364
Tully,Escoffrey,Maluso,12.08.1987,Philippines,tescoffrey29@ocn.ne.jp,+63-466-895-9351
Enrico,Gusney,Walichnowy,30.03.1990,Poland,egusney2a@free.fr,+48-567-723-3376
Bibi,Hovington,Yuewan,02.12.1998,China,bhovington2b@php.net,+86-624-681-7393
Mel,Marriott,San Martín de los Andes,07.09.1985,Argentina,,+54-164-116-6631
Desmund,Bradnocke,Cà Mau,25.01.1988,Vietnam,dbradnocke2d@oakley.com,+84-776-648-9347
Helli,McKinn,Qinling Jieban,11.08.1959,China,hmckinn2e@phoca.cz,+86-868-317-2499
Giralda,McBeath,Alvaiázere,16.07.1957,Portugal,gmcbeath2f@miitbeian.gov.cn,+351-773-473-8672
Park,McNeigh,Ressano Garcia,28.11.1953,Mozambique,pmcneigh2g@dmoz.org,+258-904-466-5852
Waiter,Grevatt,Dolo,07.12.1958,Philippines,wgrevatt2h@forbes.com,+63-483-289-3677
Susan,Kelmere,Ostroróg,14.02.1994,Poland,skelmere2i@discuz.net,+48-230-627-0783
Chiquita,Domico,Kingersheim,19.12.1965,France,,+33-313-155-3938
Clerkclaude,Mollatt,Columbus,11.06.1984,United States,,+1-614-718-1862
Neville,Cotherill,Kuching,07.03.1963,Malaysia,ncotherill2l@sakura.ne.jp,+60-163-698-7712
Chic,Amys,Labuhanlalar,24.03.1958,Indonesia,camys2m@1und1.de,+62-427-152-6533
Alleen,Cessford,San Juan de Limay,04.07.1967,Nicaragua,acessford2n@ebay.com,+505-566-499-6990
Anselma,Glazer,Trondheim,06.02.1982,Norway,aglazer2o@about.com,+47-412-739-2735
Rinaldo,Adamov,Layo,12.03.1956,Peru,radamov2p@sourceforge.net,+51-455-122-0758
Barrie,Arrighi,Pasireurih,19.06.1990,Indonesia,barrighi2q@blogtalkradio.com,+62-828-234-1238
Launce,Chyuerton,Mesa,14.02.1989,United States,lchyuerton2r@cbslocal.com,+1-480-297-6983
Brooke,Covotto,Lubrza,14.06.1970,Poland,bcovotto2s@netlog.com,+48-407-345-9088
Cleve,Beelby,Talok,11.05.1952,Indonesia,cbeelby2t@woothemes.com,+62-801-348-8621
Marnie,Thames,Kavadarci,07.04.1987,Macedonia,mthames2u@ibm.com,+389-911-120-2658
May,Pavey,Qinggang,20.04.1975,China,mpavey2v@angelfire.com,+86-173-116-9667
Bailie,Zanazzi,Paris 19,07.12.1984,France,bzanazzi2w@oaic.gov.au,+33-662-286-1869
Jannel,Phillput,Sępólno Krajeńskie,15.01.1983,Poland,jphillput2x@admin.ch,+48-954-353-4614
Gwendolen,O'Driscole,eSikhawini,19.01.1982,South Africa,,+27-230-240-2931
Linus,Almon,Taiping,26.03.1980,China,lalmon2z@fda.gov,+86-803-528-3586
Asa,Gallego,Áno Sýros,10.12.1997,Greece,agallego30@posterous.com,+30-731-341-9877
Christophorus,Wesley,Cabedelo,21.02.1971,Brazil,cwesley31@wikipedia.org,+55-394-981-6725
Thibaud,Veal,Yangcun,01.03.1987,China,,+86-638-255-4562
Gabby,Marton,Huixing,28.07.1970,China,,+86-321-876-5597
Enrica,Wellman,Miragaia,24.09.1998,Portugal,ewellman34@weather.com,+351-904-139-6235
Lindsay,Landal,Káto Asítai,16.11.1988,Greece,,+30-748-995-7338
Con,Geerdts,,,,cgeerdts36@hud.gov,
Aimee,Lipson,Yeroẖam,10.09.1967,Israel,alipson37@elegantthemes.com,+972-238-274-4950
Corty,MacLice,Néo Psychikó,22.06.1994,Greece,cmaclice38@people.com.cn,+30-341-618-7611
Rosita,Horick,Göteborg,21.10.1988,Sweden,rhorick39@foxnews.com,+46-405-669-4151
Sarge,Dwelling,Jasienica Rosielna,31.07.1971,Poland,sdwelling3a@bigcartel.com,+48-720-739-4088
Dolorita,Clougher,Sarāb,30.04.1958,Iran,dclougher3b@wiley.com,+98-729-175-6841
Pavia,Lyenyng,Ditsaan,16.03.1955,Philippines,plyenyng3c@usnews.com,+63-469-967-2114
Jdavie,Wotton,Canutama,30.07.1992,Brazil,jwotton3d@usda.gov,+55-746-411-9660
Leandra,Jerrold,Palayan City,16.01.1961,Philippines,ljerrold3e@simplemachines.org,+63-188-362-7083
Pearl,Glasscoo,Staryy Urukh,17.12.1956,Russia,pglasscoo3f@e-recht24.de,+7-879-256-9732
Etti,Ivanilov,Palhais,04.02.1953,Portugal,eivanilov3g@scientificamerican.com,+351-122-523-1331
Stavros,Goseling,Purda,02.06.1981,Poland,sgoseling3h@comcast.net,+48-188-199-4900
Bo,Gallehawk,Laojie,21.06.1982,China,bgallehawk3i@wordpress.org,+86-622-802-1117
Doro,Cammidge,Laba Goumen,27.07.1997,China,dcammidge3j@theguardian.com,+86-777-784-9040
Jewelle,Vaun,,,,jvaun3k@seattletimes.com,
Calhoun,Baxster,Tatariv,25.10.1985,Ukraine,,+380-592-683-8189
Orelia,Hindenburg,Debark’,23.01.1974,Ethiopia,ohindenburg3m@taobao.com,+251-290-745-9802
Alis,Benoist,Los Angeles,02.04.1961,United States,abenoist3n@skyrock.com,+1-760-452-6912
Frederich,Holburn,København,27.08.1973,Denmark,fholburn3o@arizona.edu,+45-456-926-0554
Margie,Franz-Schoninger,Ongkharak,17.07.1972,Thailand,mfranzschoninger3p@clickbank.net,+66-382-543-6913
Alden,Prenty,Stockholm,21.10.1976,Sweden,aprenty3q@ucoz.com,+46-197-394-1059
Benedicto,Mumbey,Huangling,06.04.1984,China,,+86-593-426-7317
Rosa,Dumphry,Herzliyya,14.05.1985,Israel,rdumphry3s@booking.com,+972-791-558-2845
Yoko,Brason,Beit Jann,05.06.1959,Israel,ybrason3t@discovery.com,+972-947-461-6241
Marya,Kliemchen,L-Iklin,17.11.1994,Malta,mkliemchen3u@slideshare.net,+356-700-262-2003
Caritta,Menis,Waingapu,26.02.1958,Indonesia,cmenis3v@comcast.net,+62-638-702-3597
Berkeley,Beharrell,Batambak,12.07.1977,Indonesia,,+62-512-129-1868
Barde,Hultberg,Cimo de Vila,14.06.1972,Portugal,,+351-968-241-3035
Dill,Frosch,,,,dfrosch3y@sciencedaily.com,
Gustave,Francino,Maralal,10.10.1974,Kenya,gfrancino3z@acquirethisname.com,+254-521-964-1024
Nikolaus,Anten,Santa Cruz do Sul,17.06.1974,Brazil,nanten40@mapy.cz,+55-198-587-2298
Blanch,Cardenas,Gununganyartambak Tengah,12.01.1957,Indonesia,,+62-512-523-6022
Coralyn,Brilon,Manglid,26.09.1997,Indonesia,cbrilon42@archive.org,+62-569-514-2269
Wallie,Hartland,Taunan,07.06.1981,Indonesia,whartland43@bluehost.com,+62-724-878-2122
Arlina,Semiras,Dachuan,09.01.1973,China,asemiras44@intel.com,+86-509-856-8666
Kris,Bodemeaid,Concepción,21.09.1985,Peru,kbodemeaid45@jigsy.com,+51-532-135-5995
Cristie,Tarbett,Serra D'El Rei,01.06.1972,Portugal,ctarbett46@dion.ne.jp,+351-221-766-8117
Randell,Turl,Rungis,24.04.1987,France,rturl47@linkedin.com,+33-680-761-0012
Brannon,Armitt,Guarujá,05.02.1972,Brazil,barmitt48@angelfire.com,+55-499-739-4457
Israel,Kirtley,Walagar,22.07.1994,Indonesia,ikirtley49@infoseek.co.jp,+62-461-817-0830
Rosina,Baverstock,Närpes,14.05.1983,Finland,rbaverstock4a@ezinearticles.com,+358-803-938-9797
Tildy,Glassborow,Powidz,19.08.1994,Poland,tglassborow4b@sphinn.com,+48-393-991-1842
Mindy,Biddiss,Oroquieta,11.09.1952,Philippines,,+63-810-513-3334
Antons,Van de Vlies,Sundsvall,04.09.1988,Sweden,avandevlies4d@java.com,+46-168-285-8738
Vivie,Ciementini,Jianghong,05.01.1974,China,,+86-698-247-9901
Naoma,Fontaine,Pryazovs’ke,24.06.1980,Ukraine,nfontaine4f@census.gov,+380-175-172-0715
Kendall,Rodear,Kanghe,10.11.1977,China,krodear4g@bloglines.com,+86-105-751-9720
Misty,Glackin,Abaeté,04.03.1956,Brazil,mglackin4h@google.fr,+55-192-434-4733
Milicent,Scarasbrick,Cervantes,29.07.1959,Philippines,mscarasbrick4i@ow.ly,+63-847-367-1072
Ariella,Readhead,Täby,27.12.1960,Sweden,areadhead4j@marriott.com,+46-761-265-5011
Tommie,Coundley,Doumé,03.03.1959,Cameroon,tcoundley4k@google.co.uk,+237-471-248-5598
Tremaine,Raylton,Mallawī,10.08.1998,Egypt,traylton4l@google.co.jp,+20-284-565-3954
Donal,Mattisson,,,,dmattisson4m@ameblo.jp,
Doralynn,Fitzhenry,Gudauta,16.09.1976,Georgia,,+995-471-376-9684
Melli,Devenish,G’uzor,13.08.1967,Uzbekistan,mdevenish4o@nba.com,+998-112-696-1032
Linn,Pickvance,Dulian,07.05.1979,Philippines,lpickvance4p@example.com,+63-413-134-8736
Dulcie,Dodson,Huangbayi,04.10.1957,China,,+86-573-418-1316
Thadeus,Popworth,Tiel,14.09.1995,Netherlands,tpopworth4r@constantcontact.com,+31-434-102-0888
Shela,Soame,Jenesano,30.07.1994,Colombia,,+57-329-664-5014
Kenn,Pardon,Toulouse,09.04.1953,France,kpardon4t@stanford.edu,+33-261-494-3921
Porter,Couroy,,,,pcouroy4u@wiley.com,
Tadeo,Gosden,Pantang,30.06.1959,China,tgosden4v@domainmarket.com,+86-363-944-5692
Maurine,Bottelstone,Hrodna,25.02.1974,Belarus,mbottelstone4w@cnet.com,+375-314-384-2691
Leila,Aiston,Wucheng,01.12.1987,China,laiston4x@hostgator.com,+86-531-363-5380
Kirstyn,Showers,Soko,02.01.1996,Indonesia,kshowers4y@clickbank.net,+62-510-740-1980
Charley,Laffan,Miaoqian,03.10.1966,China,claffan4z@ehow.com,+86-398-426-9261
Clark,Gotts,Idfu,23.03.1952,Egypt,cgotts50@amazon.co.uk,+20-522-236-0924
Blanche,Deluca,Chaupimarca,21.08.1973,Peru,,+51-602-957-8546
Abbey,Arent,Ust’-Donetskiy,20.01.1981,Russia,aarent52@cafepress.com,+7-385-952-1317
Colman,Deex,Kutasari,18.07.1996,Indonesia,cdeex53@opera.com,+62-692-646-6375
Jeremie,Girdler,Baijiang,07.01.1974,China,jgirdler54@edublogs.org,+86-823-205-8487
Leesa,Zanioletti,Itarana,22.12.1958,Brazil,lzanioletti55@g.co,+55-566-727-8795
Octavia,De Cleen,Cisalak,14.02.1988,Indonesia,odecleen56@1und1.de,+62-761-101-4052
Trent,McGilben,Nový Bydžov,12.10.1975,Czech Republic,,+420-437-860-3366
Jard,Frame,Ngrejo,11.07.1959,Indonesia,,+62-549-904-2514
Bridget,Bagwell,Severoural’sk,30.03.1987,Russia,bbagwell59@4shared.com,+7-889-359-6405
Bibbye,Durrant,Mariatana,08.03.1969,Peru,bdurrant5a@foxnews.com,+51-548-932-0342
Janey,Keijser,Corral,13.01.1988,Chile,jkeijser5b@altervista.org,+56-128-201-2083
Gabbie,Guilleton,,,,gguilleton5c@linkedin.com,
Inger,Pay,Novo-Peredelkino,18.08.1955,Russia,ipay5d@dmoz.org,+7-426-154-6560
Ferdinand,Balsdon,Oklahoma City,02.12.1970,United States,fbalsdon5e@cloudflare.com,+1-405-205-1670
Paulie,Barten,Błędów,20.11.1957,Poland,pbarten5f@mail.ru,+48-282-585-0052
Susann,Condliffe,Kishkenekol’,20.10.1962,Kazakhstan,scondliffe5g@statcounter.com,+7-200-557-5281
Ashton,Garlic,Kure,16.05.1999,Japan,agarlic5h@fema.gov,+81-238-544-5875
Uriah,Arnely,Nuevo Emperador,16.02.1996,Panama,uarnely5i@dyndns.org,+507-652-140-0110
Juanita,Cabrara,Krzanowice,04.04.1970,Poland,jcabrara5j@scientificamerican.com,+48-363-418-5104
Silva,Hallad,Liuhuang,13.03.1953,China,shallad5k@nydailynews.com,+86-747-598-6300
Kareem,Davidesco,Chachoengsao,26.02.1988,Thailand,kdavidesco5l@cbslocal.com,+66-388-600-7858
Ninnetta,Pindell,Pietermaritzburg,13.09.1958,South Africa,,+27-662-362-8169
Winna,Cardello,Nha Trang,16.04.1951,Vietnam,wcardello5n@cyberchimps.com,+84-821-184-7702
Lanny,Lowe,Omsukchan,21.11.1961,Russia,llowe5o@marriott.com,+7-749-274-7678
Duky,Leger,Adelaide Mail Centre,17.08.1978,Australia,dleger5p@examiner.com,+61-957-796-3416
Klemens,Delhay,Xiacang,10.06.1970,China,kdelhay5q@wikimedia.org,+86-260-763-8219
Genvieve,Alessandrelli,Ufa,29.08.1986,Russia,galessandrelli5r@bloglovin.com,+7-761-777-2142
Gav,Hasted,Płock,10.03.1970,Poland,ghasted5s@biglobe.ne.jp,+48-835-810-7172
Yves,Gerran,Kuala Lumpur,22.11.1974,Malaysia,ygerran5t@woothemes.com,+60-176-868-4138
Marianne,Davidoff,Hexi,19.10.1989,China,mdavidoff5u@xrea.com,+86-117-998-7136
Lincoln,Lorentzen,Arāk,03.10.1961,Iran,llorentzen5v@woothemes.com,+98-526-983-2407
Maiga,Cathee,Yangsi,23.10.1962,China,mcathee5w@chron.com,+86-771-768-8750
Coralyn,Daniells,Acarigua,02.02.1977,Venezuela,cdaniells5x@blogger.com,+58-178-873-5426
Dayna,Zylberdik,Denver,06.12.1993,United States,dzylberdik5y@google.ru,+1-303-704-3832
Rolland,Balston,Chojna,10.06.1981,Poland,rbalston5z@barnesandnoble.com,+48-445-665-8583
Willie,Sisneros,Zhoutian,04.10.1954,China,wsisneros60@cmu.edu,+86-956-992-5884
Emmeline,Melley,Pointe-Noire,17.07.1971,Republic of the Congo,emelley61@wikimedia.org,+242-806-399-8734
Albina,Barnes,Ravne na Koroškem,26.03.1989,Slovenia,,+386-538-100-8687
Isidoro,Gonthard,Ban Dung,23.04.1976,Thailand,igonthard63@bizjournals.com,+66-918-445-8755
Ode,Itzkovich,Ganné Tiqwa,21.09.1953,Israel,oitzkovich64@stanford.edu,+972-428-614-6176
Salem,Pakenham,,,,spakenham65@cpanel.net,
Wren,Hedworth,,,,whedworth66@chicagotribune.com,
Ginni,Johnston,Karangranjong,23.02.1963,Indonesia,gjohnston67@hubpages.com,+62-734-344-0029
Rudy,Rattray,,,,rrattray68@alexa.com,
Terrence,Brayley,Tartouss,01.04.1976,Syria,tbrayley69@blogtalkradio.com,+963-396-146-7461
Archambault,Monkeman,Kongolo,04.12.1969,Democratic Republic of the Congo,amonkeman6a@prweb.com,+242-556-598-7990
Quinlan,Druce,Sámara,29.08.1998,Costa Rica,qdruce6b@prnewswire.com,+506-337-965-7934
Serene,Ouldred,Krajan Dua Patempuran,06.08.1998,Indonesia,souldred6c@adobe.com,+62-851-145-4170
Evie,Maltman,Kikerino,04.12.1984,Russia,emaltman6d@php.net,+7-849-316-3292
Lorenza,Blay,Saint-Denis,04.09.1996,Reunion,lblay6e@simplemachines.org,+262-998-803-9867
Marney,Cavanaugh,Jamundí,16.06.1970,Colombia,,+57-960-992-8994
Yorker,Cestard,Bang Rakam,28.05.1975,Thailand,ycestard6g@hostgator.com,+66-836-975-4390
Kimberlee,Dearlove,Belyye Berega,24.02.1956,Russia,kdearlove6h@netscape.com,+7-212-304-0126
Tandie,Samwaye,Tournavista,29.07.1955,Peru,tsamwaye6i@360.cn,+51-929-192-6106
Gerrard,Thirtle,Molsheim,27.01.1971,France,gthirtle6j@sakura.ne.jp,+33-587-114-2408
Laurella,Gulland,,,,lgulland6k@ucoz.com,
Redford,Gurge,Saint Lucia,10.04.1971,Malta,rgurge6l@hatena.ne.jp,+356-802-915-7898
Orland,Thor,Oemofa,01.02.1977,Indonesia,,+62-216-790-3152
Claudianus,Dowthwaite,Sumberbaru,15.01.1950,Indonesia,cdowthwaite6n@smugmug.com,+62-868-148-6382
Olivia,Hayler,Zarzal,05.10.1989,Colombia,ohayler6o@plala.or.jp,+57-713-334-8546
Ali,Wastall,Norrköping,26.10.1958,Sweden,awastall6p@seesaa.net,+46-303-405-3338
Laina,Achrameev,Changqiao,02.04.1985,China,lachrameev6q@mozilla.com,+86-280-778-5639
Vittoria,Klaiser,Francisco Villa,28.12.1996,Mexico,vklaiser6r@issuu.com,+52-803-286-3780
Natasha,Fitzharris,Benniu,23.06.1973,China,nfitzharris6s@fema.gov,+86-552-911-7250
Angie,Seacombe,San Miguel de Cauri,16.10.1977,Peru,aseacombe6t@hc360.com,+51-661-969-2093
Ches,MacDonogh,Yogyakarta,10.10.1977,Indonesia,cmacdonogh6u@discovery.com,+62-728-898-7489
Winnah,Sellek,Wonokerso,22.11.1967,Indonesia,,+62-851-670-1262
Kinsley,Bellenie,Ceerigaabo,27.07.1988,Somalia,kbellenie6w@ebay.com,+252-172-195-1184
Kennith,MacLoughlin,Vailoa,31.12.1990,Samoa,kmacloughlin6x@thetimes.co.uk,+685-500-785-8048
Gunther,Cowx,Novosemeykino,28.07.1975,Russia,gcowx6y@unicef.org,+7-938-334-1012
Yelena,Crowson,Didou,31.08.1971,China,,+86-693-332-3625
Sandi,Harber,Fengyuan,06.11.1992,Taiwan,,+886-380-681-1663
Piper,Ivakin,Luleå,03.02.1950,Sweden,pivakin71@ocn.ne.jp,+46-743-800-7541
Elsy,Wilacot,Toungo,16.12.1969,Nigeria,ewilacot72@house.gov,+234-150-411-6206
Howie,Willows,Yuanhou,24.06.1956,China,hwillows73@edublogs.org,+86-383-787-1716
Fidel,Baniard,Wawu,17.04.1958,China,fbaniard74@latimes.com,+86-646-877-1089
Johnette,Jaksic,Xiaoshiqiao,08.01.1995,China,jjaksic75@vimeo.com,+86-204-597-8143
Derick,Boards,Champagnole,17.10.1976,France,dboards76@columbia.edu,+33-603-249-6203
Alfie,Rubinsztein,Portela,01.07.1953,Portugal,arubinsztein77@engadget.com,+351-304-694-0598
Christoforo,Doldon,Opuzen,28.12.1989,Croatia,,+385-220-918-7868
Corrie,Hanfrey,Kapsabet,03.07.1959,Kenya,chanfrey79@theglobeandmail.com,+254-134-455-2544
Meir,Antonov,Cañete,07.08.1994,Chile,mantonov7a@gizmodo.com,+56-458-311-9898
Marshall,Kissell,Staritsa,04.04.1956,Russia,mkissell7b@goo.ne.jp,+7-117-135-0381
Sibbie,Chelam,Jezerce,17.03.1999,Croatia,schelam7c@exblog.jp,+385-639-354-8977
Man,Cordobes,Donggu,29.05.1965,China,,+86-442-577-5980
Luce,Wolver,Castries,26.07.1950,Saint Lucia,lwolver7e@ask.com,+1-326-950-9706
Alexandra,Colclough,Janowice,14.11.1992,Poland,acolclough7f@rediff.com,+48-629-672-9600
Elsa,Harverson,Kudang,25.12.1984,Indonesia,eharverson7g@arizona.edu,+62-338-287-5189
Lanny,Ledner,Kijini,03.03.1993,Tanzania,lledner7h@independent.co.uk,+255-819-167-9920
Gawen,Birchner,Amnat Charoen,03.06.1959,Thailand,gbirchner7i@msu.edu,+66-618-768-5727
Elga,Bogey,Örebro,27.03.1994,Sweden,ebogey7j@live.com,+46-679-824-3924
Florry,Seifert,Fenglai,04.07.1974,China,,+86-239-802-1847
Margalo,Siss,Koutsopódi,29.11.1986,Greece,msiss7l@vk.com,+30-996-262-0403
Nadya,Gwalter,Tanjungsari Barat,23.04.1954,Indonesia,,+62-965-385-0313
Spencer,Zaniolo,Manjiang,26.10.1986,China,szaniolo7n@ehow.com,+86-568-705-2104
Shaine,Caunt,Meghrashen,25.12.1990,Armenia,scaunt7o@soup.io,+374-503-252-1490
Melania,Constable,Thị Trấn Nho Quan,13.04.1990,Vietnam,mconstable7p@angelfire.com,+84-223-830-2720
Dillie,Kindell,Otavi,14.01.1998,Namibia,dkindell7q@disqus.com,+264-415-334-7564
Dennet,Allmark,,,,dallmark7r@amazon.co.uk,
Manya,Heistermann,Storvik,05.10.1963,Sweden,,+46-106-351-3947
Lulita,Keme,Kerek,07.03.1971,Indonesia,lkeme7t@icio.us,+62-350-923-4899
Skye,McGonnell,Campaka,08.01.1955,Indonesia,smcgonnell7u@answers.com,+62-960-418-5928
Fidel,Goneau,Manakara,02.09.1956,Madagascar,fgoneau7v@cbc.ca,+261-540-192-7282
Vidovic,McGuire,Sindanghayu,10.07.1969,Indonesia,vmcguire7w@chron.com,+62-403-996-7108
Eloisa,Librey,To’rtko’l Shahri,29.05.1985,Uzbekistan,elibrey7x@ebay.co.uk,+998-198-913-1869
Wendye,Alstead,Amuñgan,23.11.1966,Philippines,walstead7y@ocn.ne.jp,+63-468-910-4357
Zita,Anshell,Rancamaya,31.12.1995,Indonesia,zanshell7z@ed.gov,+62-660-806-1463
Bill,Largen,Palaran,11.05.1959,Indonesia,blargen80@tmall.com,+62-383-491-2256
Worthington,Sanford,Xubu,15.01.1992,China,wsanford81@accuweather.com,+86-598-218-9022
Marji,Brabben,Sawin,08.06.1954,Poland,mbrabben82@free.fr,+48-541-972-3779
Mellie,Nettle,Thạnh Phú,21.05.1985,Vietnam,mnettle83@google.ru,+84-847-273-5432
Aloisia,Zmitrovich,Cheremshan,02.01.1997,Russia,azmitrovich84@bloglovin.com,+7-713-168-4247
Rena,Panketh,Malanay,10.08.1983,Philippines,rpanketh85@umich.edu,+63-880-170-5656
Annadiane,Bezant,Tirah,12.07.1974,Israel,abezant86@wordpress.org,+972-152-106-5404
Zachariah,Newing,Sebuku,21.07.1952,Indonesia,,+62-708-743-3861
Selinda,Minto,Marcos Juárez,14.12.1994,Argentina,sminto88@go.com,+54-146-777-4817
Lisabeth,Gamlyn,Ferraz de Vasconcelos,24.03.1970,Brazil,lgamlyn89@t.co,+55-333-171-6178
Lana,Warrilow,Baomin,04.02.1987,China,lwarrilow8a@acquirethisname.com,+86-821-271-6864
Lacie,Ingleston,Pushkinskiye Gory,18.01.1988,Russia,lingleston8b@altervista.org,+7-411-890-2372
Risa,Watchorn,Mchinji,10.07.1999,Malawi,rwatchorn8c@comsenz.com,+265-701-295-6590
Far,Gettone,Grebnevo,04.01.1990,Russia,fgettone8d@ovh.net,+7-559-854-0300
Bennett,Vedekhin,Lukrejo,18.04.1995,Indonesia,bvedekhin8e@fastcompany.com,+62-484-412-4710
Sandy,Meneur,Mariquita,08.08.1991,Colombia,smeneur8f@disqus.com,+57-587-554-4031
Dougie,Gonsalvez,Maqbanah,01.12.1955,Yemen,dgonsalvez8g@noaa.gov,+967-637-684-6382
Frasco,Edscer,Zavolzh’ye,09.10.1973,Russia,fedscer8h@miitbeian.gov.cn,+7-300-946-0339
Lissy,Bedome,Thị Trấn Việt Lâm,20.05.1959,Vietnam,lbedome8i@reddit.com,+84-273-744-9587
Rochester,Ralfe,Dobrošte,23.02.1951,Macedonia,rralfe8j@myspace.com,+389-567-817-0556
Lula,Marlow,Senangkhanikhom,26.05.1953,Thailand,lmarlow8k@ifeng.com,+66-862-481-3154
Josee,Ogg,Zhoupi,13.04.1951,China,jogg8l@eventbrite.com,+86-593-624-4587
Freeland,Yushankin,Xiniqi,11.09.1974,China,fyushankin8m@yellowbook.com,+86-169-765-7296
Maryellen,Snowball,Kangasala,16.04.1952,Finland,,+358-250-475-9333
Moss,Ambrosch,Jinka,09.01.1960,Ethiopia,mambrosch8o@liveinternet.ru,+251-272-755-8000
Nanny,Bartomeu,Arnage,28.01.1956,France,nbartomeu8p@yahoo.co.jp,+33-483-146-2627
Lilah,Szymonwicz,Mbala,20.06.1985,Zambia,,+260-278-679-2031
Nelie,Gerald,Beixin,20.10.1962,China,ngerald8r@networkadvertising.org,+86-588-707-2193
Hamlin,Elliot,Nybro,14.04.1984,Sweden,helliot8s@wikipedia.org,+46-270-233-7593
Aryn,Grand,Sakété,13.12.1974,Benin,agrand8t@amazon.com,+229-671-526-6226
Gordon,Truelock,Xinbu,03.03.1992,China,,+86-657-386-5018
Lulita,Mapletoft,Melati,15.04.1958,Indonesia,lmapletoft8v@msu.edu,+62-343-687-7199
Bliss,Chaves,Florencia,05.01.1999,Colombia,bchaves8w@hexun.com,+57-972-593-2915
Granthem,Latan,Ulan Hua,27.08.1998,China,glatan8x@hhs.gov,+86-339-994-3512
Miof mela,Skune,Anton,06.04.1956,Bulgaria,mskune8y@cnbc.com,+359-594-571-7505
Dehlia,Quadling,Likino-Dulevo,25.04.1976,Russia,dquadling8z@ftc.gov,+7-433-368-1504
Sherwin,Weathers,Muquiyauyo,20.07.1952,Peru,sweathers90@toplist.cz,+51-126-879-2473
Kiersten,Uebel,Batudulang,30.12.1981,Indonesia,,+62-551-907-9813
Shawnee,Pirkis,Meukek,17.09.1963,Indonesia,spirkis92@ucsd.edu,+62-300-604-6395
Hebert,Voules,Iogach,20.04.1963,Russia,hvoules93@infoseek.co.jp,+7-657-194-9837
Kendre,McLachlan,Xinli,29.12.1950,China,kmclachlan94@cyberchimps.com,+86-505-927-4849
Pierson,Thurbon,Łopuszno,05.07.1998,Poland,pthurbon95@ucsd.edu,+48-792-312-6910
Fran,Croutear,Rongxing,12.04.1953,China,fcroutear96@answers.com,+86-780-391-7048
Arliene,Rhodes,Timashëvsk,14.01.1950,Russia,arhodes97@slashdot.org,+7-458-726-6683
Khalil,Shurey,Labuhanjambu,27.02.1957,Indonesia,kshurey98@digg.com,+62-417-940-2810
Lisabeth,Lepard,,,,llepard99@mashable.com,
Roshelle,Tiplady,Mosrentgen,05.09.1992,Russia,rtiplady9a@huffingtonpost.com,+7-709-865-9952
Tymon,Nowak,Chiantla,04.06.1965,Guatemala,,+502-102-767-3975
Evered,Harrison,Tanumshede,16.03.1991,Sweden,,+46-248-579-1553
Minda,Humbey,Kotablolong,10.10.1990,Indonesia,mhumbey9d@xinhuanet.com,+62-772-187-5656
Berty,Gourlie,Yangmaogong,09.03.1963,China,bgourlie9e@hud.gov,+86-328-892-0127
Free,Challen,Laifang,05.03.1999,China,fchallen9f@about.com,+86-696-450-2852
Gabbie,Strewthers,Bozoum,01.09.1999,Central African Republic,gstrewthers9g@bloglovin.com,+236-958-815-5113
Gratia,Penna,Margita,15.07.1965,Serbia,gpenna9h@abc.net.au,+381-462-914-3360
Erhart,Fassman,Tanalt,15.11.1968,Morocco,,+212-551-229-3729
Antonie,Ech,La Rioja,21.04.1980,Argentina,aech9j@chronoengine.com,+54-178-406-1080
Benyamin,Perello,Novyy Starodub,09.08.1978,Ukraine,bperello9k@moonfruit.com,+380-552-213-8226
Marcel,Boxen,Sidi Slimane,22.07.1979,Morocco,mboxen9l@fastcompany.com,+212-873-611-5351
Coraline,Pirot,Gēdo,13.01.1953,Ethiopia,cpirot9m@fastcompany.com,+251-540-964-1251
Alexine,Denney,Ciputih,31.01.1992,Indonesia,adenney9n@boston.com,+62-500-203-9033
Antonetta,Gellion,Hudson Bay,20.03.1986,Canada,agellion9o@dailymail.co.uk,+1-210-997-5215
Lena,Drohun,Rizal,30.01.1981,Philippines,ldrohun9p@weibo.com,+63-321-409-9353
Paul,Shyre,Zilang,05.07.1962,China,pshyre9q@fotki.com,+86-939-501-6397
Viola,Rylett,Paraguaçu Paulista,14.02.1987,Brazil,,+55-395-666-4321
Terri,Seacroft,Benchu,09.03.1980,China,tseacroft9s@reuters.com,+86-553-304-2817
Jennie,Ranahan,Longju,23.08.1961,China,jranahan9t@angelfire.com,+86-817-143-3785
Rab,Bugs,Gary,06.05.1961,United States,rbugs9u@shop-pro.jp,+1-219-397-7129
Titos,Baudou,Danao,23.10.1975,Philippines,tbaudou9v@wikimedia.org,+63-701-841-0702
Alex,Stango,Cali,07.04.1994,Colombia,astango9w@rakuten.co.jp,+57-756-845-6934
Van,McLuckie,Shiqiao,22.10.1988,China,vmcluckie9x@reuters.com,+86-560-990-2835
Irene,Windebank,,,,iwindebank9y@hatena.ne.jp,
Phip,Kellett,Bordeaux,25.11.1968,France,pkellett9z@livejournal.com,+33-301-729-7088
Libby,Lippatt,Tuopu,09.06.1998,China,llippatta0@china.com.cn,+86-691-203-2465
Uriel,Fairweather,Ranot,19.11.1987,Thailand,ufairweathera1@sourceforge.net,+66-599-384-3757
Freddie,Ralston,Pampas,22.03.1981,Peru,fralstona2@patch.com,+51-289-875-3946
Franky,Nannini,Lumatil,30.05.1958,Philippines,fnanninia3@typepad.com,+63-604-220-0817
Valentia,Castles,Noen Maprang,23.05.1980,Thailand,vcastlesa4@bbc.co.uk,+66-141-261-0111
Agna,Figures,Biting,13.08.1981,Indonesia,afiguresa5@msn.com,+62-122-671-1586
Monro,Gisbye,Hinvi,09.03.1961,Benin,mgisbyea6@patch.com,+229-146-128-4266
Anestassia,Tolworth,Lučko,19.03.1959,Croatia,atolwortha7@xrea.com,+385-856-320-2897
Eben,Glede,Bafoussam,18.12.1966,Cameroon,egledea8@elpais.com,+237-165-512-7916
Rosamund,Drew,Kolindrós,08.07.1959,Greece,rdrewa9@indiegogo.com,+30-939-484-9775
Walther,Vautre,Hrvatini,15.07.1958,Slovenia,wvautreaa@meetup.com,+386-622-584-9347
Ritchie,Castane,Gierałtowice,15.05.1982,Poland,rcastaneab@a8.net,+48-625-947-0505
Trish,Fetherstan,,,,tfetherstanac@csmonitor.com,
Ellene,Fairrie,Marcq-en-Barœul,15.03.1984,France,efairriead@github.com,+33-198-726-6542
Veronika,Lampett,Aquin,07.11.1983,Haiti,vlampettae@cnbc.com,+509-504-438-2043
Vinson,Dobrowlski,,,,vdobrowlskiaf@ft.com,
Glen,Lack,Yashiga,05.12.1979,China,glackag@xrea.com,+86-767-577-3586
Lee,Giberd,Tangerang,30.06.1963,Indonesia,lgiberdah@narod.ru,+62-597-859-3774
Hugo,Rouke,Vavozh,25.08.1962,Russia,hroukeai@sciencedaily.com,+7-891-565-2739
Bobby,Andric,Cankuzo,01.03.1958,Burundi,bandricaj@marketwatch.com,+257-195-319-0485
Jock,Ceeley,Uyugan,22.08.1982,Philippines,jceeleyak@furl.net,+63-122-676-6702
Tymothy,Cawson,Chalamarca,08.11.1998,Peru,tcawsonal@admin.ch,+51-977-412-1737
Neala,Docker,Sibbo,07.12.1972,Finland,ndockeram@home.pl,+358-564-518-7856
Lizabeth,Gumn,Palana,01.07.1980,Russia,lgumnan@wikipedia.org,+7-209-197-5365
Brent,Zanutti,Guojiazhuang,12.08.1986,China,bzanuttiao@deviantart.com,+86-219-551-0381
Michaeline,Diplock,Toubao,04.08.1976,China,mdiplockap@nps.gov,+86-539-773-0649
Raychel,Dimmock,Keles Timur,11.09.1976,Indonesia,rdimmockaq@ovh.net,+62-838-655-2794
Car,Cousans,Guanchao,02.04.1952,China,ccousansar@youtu.be,+86-789-751-5551
Devinne,Nazer,Hägersten,30.06.1988,Sweden,dnazeras@seattletimes.com,+46-365-241-9450
Alyda,Charer,Shahrak,03.04.1996,Afghanistan,acharerat@ovh.net,+93-436-692-1123
Alys,Siemandl,Stoczek,27.08.1955,Poland,asiemandlau@phpbb.com,+48-369-181-5075
Darya,Belloch,Kiaranonggeng,27.04.1953,Indonesia,dbellochav@ameblo.jp,+62-765-587-4352
Harwell,Grabban,Banjar Dukuh,09.04.1980,Indonesia,hgrabbanaw@unc.edu,+62-588-894-5240
Myra,Matteoli,Bratislava,02.01.1979,Slovakia,,+421-224-825-5023
Buffy,Alvaro,Daping,22.05.1951,China,,+86-322-405-6588
Tiffany,Speenden,Siluko,11.12.1958,Nigeria,tspeendenaz@yale.edu,+234-843-904-6795
Iosep,Lyptrit,Karlstad,14.04.1971,Sweden,ilyptritb0@jugem.jp,+46-523-545-6976
Barny,Esser,Đồng Mỏ,03.11.1963,Vietnam,besserb1@paypal.com,+84-508-538-7320
Madelle,Calcraft,Werangere,28.01.1965,Indonesia,mcalcraftb2@cdc.gov,+62-857-258-4335
Bradan,Steed,Mazyr,18.11.1959,Belarus,bsteedb3@goodreads.com,+375-451-486-4758
Bonita,McIlvenna,Fengchuan,06.11.1976,China,bmcilvennab4@alexa.com,+86-263-731-1470
Amandy,Ricketts,Lijiang,11.06.1996,China,arickettsb5@wordpress.org,+86-377-620-6271
Thornton,Wraighte,Godziszów Pierwszy,26.11.1997,Poland,twraighteb6@opensource.org,+48-281-437-3682
Jeno,Konmann,Tartaro,26.09.1995,Philippines,jkonmannb7@apple.com,+63-111-656-1013
Allis,Heaselgrave,Krajan Winong,16.10.1972,Indonesia,aheaselgraveb8@vk.com,+62-506-126-2566
Florence,Frapwell,Bouca,07.11.1960,Central African Republic,ffrapwellb9@cnn.com,+236-727-683-8127
Dela,Tummond,Chitagá,20.09.1984,Colombia,dtummondba@stanford.edu,+57-533-365-0631
Mei,Goreisr,Linghu,09.05.1960,China,mgoreisrbb@istockphoto.com,+86-816-497-6123
Adler,McCrystal,Brodósqui,11.06.1968,Brazil,amccrystalbc@craigslist.org,+55-624-734-8413
Alfi,Gloucester,Horgo,18.09.1962,Mongolia,agloucesterbd@freewebs.com,+976-703-102-6504
Blaine,Gooder,Arada,10.12.1998,Honduras,bgooderbe@twitpic.com,+504-446-354-0370
Rafe,Burchnall,Corticeiro de Baixo,20.05.1982,Portugal,rburchnallbf@globo.com,+351-558-826-1413
Riordan,Burney,Mashi,23.05.1959,Nigeria,rburneybg@omniture.com,+234-600-297-9033
Darius,Wordsworth,Asquipata,20.07.1957,Peru,dwordsworthbh@last.fm,+51-326-265-2204
Catarina,Livoir,Aku,28.05.1989,Nigeria,clivoirbi@hibu.com,+234-651-642-3015
Ethan,Beckers,Fengyuan,09.02.1999,China,ebeckersbj@whitehouse.gov,+86-924-869-8097
Zilvia,Martinot,Kobleve,30.07.1974,Ukraine,zmartinotbk@netlog.com,+380-259-787-6636
Gauthier,Fessler,Thung Yang Daeng,16.12.1993,Thailand,,+66-865-276-3022
Lina,Escreet,Oytal,20.02.1974,Kazakhstan,lescreetbm@home.pl,+7-223-665-5343
Deva,Giacoboni,Kapatagan,03.03.1999,Philippines,dgiacobonibn@shinystat.com,+63-918-604-1787
Barnie,Rykert,,,,brykertbo@bbc.co.uk,
Shirley,Alman,Quibal,22.03.1963,Philippines,salmanbp@list-manage.com,+63-897-204-8385
Kit,Gammack,Vicente Guerrero,25.12.1985,Mexico,kgammackbq@pagesperso-orange.fr,+52-981-398-2016
Vanda,Branno,Qo‘qon,18.02.1986,Uzbekistan,vbrannobr@amazon.co.jp,+998-193-302-4690
Hanni,Caig,Jitian,09.05.1972,China,,+86-274-278-8987
Brigitte,Wanklyn,Ishige,08.08.1951,Japan,bwanklynbt@bigcartel.com,+81-725-942-3455
Rori,Isley,Xiyuan,19.11.1971,China,risleybu@tripadvisor.com,+86-428-387-4306
Finn,Dyter,Xincun,23.06.1994,China,fdyterbv@google.com.br,+86-408-818-9145
Gustie,McLorinan,,,,gmclorinanbw@com.com,
Brandy,Griffitts,Bago,11.02.1961,Indonesia,bgriffittsbx@goo.ne.jp,+62-479-110-3475
Mildred,Hamsson,,,,,
Ysabel,Twigge,Cibeureum,09.03.1991,Indonesia,ytwiggebz@github.com,+62-639-589-0582
Wendie,Ludlow,Oehala,20.04.1996,Indonesia,wludlowc0@altervista.org,+62-721-413-5261
Jeromy,Kuller,,,,jkullerc1@ustream.tv,
Kermit,Beacroft,Guérande,12.06.1972,France,kbeacroftc2@surveymonkey.com,+33-769-388-2128
Hazlett,Sandison,Qincheng,27.09.1977,China,hsandisonc3@icq.com,+86-752-119-4236
Dulcea,Morigan,Ash Shawātī,07.05.1980,Yemen,dmoriganc4@washington.edu,+967-592-726-3223
Daile,Perris,Avignon,31.12.1951,France,dperrisc5@typepad.com,+33-782-884-8638
Maryann,Barthorpe,Dubai,22.05.1957,United Arab Emirates,mbarthorpec6@gov.uk,+971-428-134-8419
Issie,Lambregts,Verenchanka,11.06.1986,Ukraine,ilambregtsc7@dion.ne.jp,+380-649-968-7274
Susy,Robertson,Jingning Chengguanzhen,16.10.1999,China,,+86-778-581-0856
Noelyn,Cornelisse,Kalutara,07.08.1970,Sri Lanka,ncornelissec9@sfgate.com,+94-771-679-9263
Jammal,Mulrooney,No Kunda,20.12.1965,Gambia,jmulrooneyca@pagesperso-orange.fr,+220-536-340-8331
Kyle,Wiz,Indianapolis,30.07.1989,United States,kwizcb@walmart.com,+1-317-383-5035
Rosella,Burditt,Amman,23.08.1975,Jordan,rburdittcc@sohu.com,+962-217-466-9133
Jake,Quick,Shankill,08.04.1990,Ireland,jquickcd@howstuffworks.com,+353-608-340-8356
Elmo,Gierek,Baranoa,13.03.1953,Colombia,egierekce@nature.com,+57-663-730-8844
Rickert,Gellately,,,,rgellatelycf@simplemachines.org,
Sidney,McAlees,Erada,07.09.1975,Portugal,smcaleescg@meetup.com,+351-372-867-0257
Marta,MacHoste,Haruai,21.06.1978,Indonesia,mmachostech@parallels.com,+62-960-773-6916
Lorenza,Forri,Chiscas,06.12.1981,Colombia,lforrici@photobucket.com,+57-701-457-2941
Wash,Tejada,Psychikó,26.10.1957,Greece,wtejadacj@livejournal.com,+30-554-657-5686
Carlin,Martugin,Panjgūr,22.09.1997,Pakistan,cmartuginck@mail.ru,+92-388-701-4156
Christina,Garces,Ózd,07.12.1959,Hungary,cgarcescl@jugem.jp,+36-453-165-0261
Elora,Wilsone,Yaozhuang,02.11.1961,China,ewilsonecm@macromedia.com,+86-748-576-2836
Cornie,Moorcraft,Rēzekne,28.07.1990,Latvia,cmoorcraftcn@uol.com.br,+371-528-392-4740
Lita,Utteridge,Buang,05.06.1990,Philippines,lutteridgeco@abc.net.au,+63-925-923-2835
Davy,Teese,Izumi,15.12.1970,Japan,dteesecp@jiathis.com,+81-698-522-9466
Pearle,Bage,Bayan Uula Sumu,01.02.1977,Mongolia,pbagecq@noaa.gov,+976-846-122-3450
Debee,Pfertner,Azenhas do Mar,11.07.1998,Portugal,dpfertnercr@cornell.edu,+351-645-546-2806
Eleanore,Martyn,Kuanheum,13.06.1953,Indonesia,emartyncs@pbs.org,+62-870-787-2019
Nathan,Langfield,Chengnan,22.11.1966,China,nlangfieldct@marriott.com,+86-294-461-5693
Roxi,Sancho,Rancabungur,18.02.1999,Indonesia,rsanchocu@rediff.com,+62-987-830-8191
Aland,Duckels,Napoli,10.02.1965,Italy,aduckelscv@deliciousdays.com,+39-822-246-2354
Tove,Sharrock,Luoshanchuan,19.03.1968,China,tsharrockcw@amazon.co.uk,+86-239-631-7848
Romeo,Rollin,København,17.08.1971,Denmark,rrollincx@nifty.com,+45-905-145-1998
Gabrila,Upstone,Ferbane,23.12.1999,Ireland,gupstonecy@usnews.com,+353-888-262-0133
Pate,Muress,Baishi,31.05.1989,China,pmuresscz@blinklist.com,+86-282-938-6743
Dulcie,Ribchester,Trairi,13.10.1991,Brazil,dribchesterd0@infoseek.co.jp,+55-769-808-4137
Tina,Ditchburn,Baitouli,04.06.1994,China,tditchburnd1@si.edu,+86-183-594-0618
Adriano,Dumelow,Bohus,07.08.1971,Sweden,,+46-401-722-9697
Bernhard,Rosenthal,Surkhet,11.01.1982,Nepal,brosenthald3@google.es,+977-987-554-4752
Kerri,Snodden,Zouma,05.09.1972,China,ksnoddend4@godaddy.com,+86-515-540-8148
Flem,Alldis,Linggamanik,20.07.1966,Indonesia,falldisd5@paypal.com,+62-831-379-3308
Gwenette,Fasse,,,,gfassed6@myspace.com,
Giacopo,People,Bykivka,27.04.1987,Ukraine,gpeopled7@printfriendly.com,+380-797-467-1899
Sigismondo,Birdseye,Mingyue,09.04.1960,China,sbirdseyed8@merriam-webster.com,+86-920-204-5437
Ritchie,Achromov,Olonets,30.10.1951,Russia,rachromovd9@epa.gov,+7-332-967-8717
Bendicty,Clewley,Binalbagan,29.05.1969,Philippines,bclewleyda@youtu.be,+63-112-332-5679
Nickola,Mahody,El Progreso,17.04.1957,Panama,,+507-312-159-7240
Noel,Spirritt,Shimen,18.03.1993,China,nspirrittdc@blogtalkradio.com,+86-667-364-5601
Almeria,Reuter,Lyskovo,21.01.1996,Russia,areuterdd@live.com,+7-991-970-8812
Ali,Lealle,Sława,06.05.1989,Poland,aleallede@barnesandnoble.com,+48-219-843-2946
Con,Sketchley,Kosakowo,26.10.1964,Poland,,+48-879-803-8062
Marylou,Winspear,Oulad Frej,04.11.1976,Morocco,mwinspeardg@about.me,+212-583-778-6928
Jasmine,Redit,Ngangguk,12.08.1981,Indonesia,jreditdh@last.fm,+62-314-109-7700
Kaleena,Mayes,Telagaselaba,02.10.1955,Indonesia,kmayesdi@hexun.com,+62-251-134-6703
Saunders,Liggett,Pärnu,13.12.1974,Estonia,sliggettdj@fastcompany.com,+372-910-680-0690
Zea,Crawcour,Yangzhou,24.08.1979,China,zcrawcourdk@theglobeandmail.com,+86-826-457-7269
Elonore,Kilgrew,Cha-am,21.01.1958,Thailand,ekilgrewdl@answers.com,+66-144-789-3697
Chelsae,Bonson,Sembung,21.10.1982,Indonesia,cbonsondm@flavors.me,+62-563-138-8178
Jo-ann,Jindra,Pinega,17.05.1964,Russia,jjindradn@census.gov,+7-706-611-3263
Julietta,Latehouse,Ndewel,17.03.1989,Indonesia,jlatehousedo@cargocollective.com,+62-309-911-7200
Creight,Hammand,Keroka,13.04.1957,Kenya,chammanddp@mapy.cz,+254-965-392-8471
Isaak,McFeat,,,,,
Kirsti,Suller,Okiot,18.05.1983,Philippines,ksullerdr@free.fr,+63-729-937-3907
Aggie,Devey,Asopía,05.06.1994,Greece,adeveyds@fda.gov,+30-877-930-7821
Margareta,Upstell,Baranovichi,16.06.1985,Belarus,mupstelldt@yellowpages.com,+375-937-444-4461
Lory,Waywell,Bosobolo,24.10.1981,Democratic Republic of the Congo,lwaywelldu@barnesandnoble.com,+242-859-978-0826
Odelle,Smithies,Smołdzino,19.11.1987,Poland,osmithiesdv@guardian.co.uk,+48-563-360-2830
Janaya,Dennant,Dolní Sloupnice,14.01.1989,Czech Republic,jdennantdw@cnn.com,+420-473-526-5689
Valeria,Ralfe,Sosnovka,04.11.1987,Russia,vralfedx@example.com,+7-580-621-2809
Nadean,Cardozo,Pekalongan,29.01.1978,Indonesia,ncardozody@vimeo.com,+62-701-522-1621
Claybourne,Shelbourne,Aluminé,14.03.1957,Argentina,cshelbournedz@latimes.com,+54-483-494-3409
Demetris,Abelevitz,,,,dabelevitze0@mayoclinic.com,
Tyson,Judkins,Nggelok,17.11.1981,Indonesia,tjudkinse1@hostgator.com,+62-106-979-9423
Rosy,Sieur,Kastsyukowka,01.01.1982,Belarus,rsieure2@ocn.ne.jp,+375-442-510-1831
Mariana,Dowsing,Solna,04.05.1992,Sweden,,+46-291-690-6885
Stirling,Joesbury,,,,sjoesburye4@chronoengine.com,
Ki,Windridge,Křížová,20.09.1993,Czech Republic,kwindridgee5@unicef.org,+420-463-938-3490
Esteban,Turnpenny,Rantīs,13.06.1986,Palestinian Territory,,+970-737-823-4424
Jackelyn,Casemore,Esperança,15.10.1985,Brazil,jcasemoree7@techcrunch.com,+55-145-950-8757
Rosa,Davidovic,Fenhe,13.03.1976,China,rdavidovice8@dailymail.co.uk,+86-382-498-8949
Marnia,Pauli,Emiliano Zapata,21.01.1954,Mexico,mpaulie9@drupal.org,+52-536-536-8847
Karen,Spadari,Palaiseau,24.08.1990,France,,+33-882-683-2630
Jacquelyn,Elkins,Mospyne,04.03.1956,Ukraine,jelkinseb@fotki.com,+380-502-246-8030
Allyn,Langmead,Marinići,10.07.1961,Croatia,alangmeadec@amazonaws.com,+385-993-380-0843
Gregory,Knapp,Dongping,16.04.1982,China,gknapped@census.gov,+86-432-861-0908
Gina,Pittle,Digne-les-Bains,04.09.1955,France,gpittleee@pen.io,+33-325-330-3022
Vergil,Grimes,Lanshan,03.07.1955,China,vgrimesef@springer.com,+86-276-569-7121
Goran,Leech,Heba,01.02.1974,China,gleecheg@reference.com,+86-872-281-4554
Stefan,Sange,,,,ssangeeh@t.co,
Abdul,McMillan,Juliaca,11.06.1964,Peru,amcmillanei@economist.com,+51-272-751-1619
Cammie,Datte,Baikui,10.02.1965,China,cdatteej@elegantthemes.com,+86-513-266-1910
Maxwell,Minister,Buenavista,28.05.1981,Philippines,mministerek@intel.com,+63-865-790-9821
Nessy,Mostyn,Zhouling,02.06.1989,China,nmostynel@prweb.com,+86-513-608-3158
Mikkel,Klich,Maruoka,01.08.1954,Japan,mklichem@yahoo.co.jp,+81-845-773-0976
Oswell,Vicioso,Zhengmo,14.12.1982,China,oviciosoen@wp.com,+86-768-215-4179
Domeniga,Spavins,Paris 12,28.12.1963,France,dspavinseo@cyberchimps.com,+33-779-552-5340
Chryste,Esom,Baiyin,28.10.1995,China,cesomep@bbc.co.uk,+86-899-211-9949
Shena,Weagener,Somovo,11.12.1968,Russia,sweagenereq@accuweather.com,+7-819-360-6866
Francois,Doding,Zhangxiong,20.02.1985,China,fdodinger@businessweek.com,+86-981-697-0728
Bari,Rosle,Petropavlovsk,16.05.1970,Kazakhstan,broslees@nih.gov,+7-599-229-1036
Kiersten,Greyes,Baiima,04.03.1997,Sierra Leone,kgreyeset@scientificamerican.com,+232-918-913-3031
Nathanil,Sendley,Linzi,15.09.1993,China,nsendleyeu@naver.com,+86-668-677-3373
Kiah,Spens,Temizhbekskaya,11.09.1997,Russia,kspensev@zimbio.com,+7-557-576-4907
Bevan,Zealander,Peruc,02.08.1972,Czech Republic,bzealanderew@wordpress.com,+420-144-108-6769
Emelita,Slimon,Portland,11.06.1986,United States,eslimonex@newsvine.com,+1-971-730-1083
Phoebe,Brood,Xiyang,27.07.1985,China,pbroodey@exblog.jp,+86-817-756-3953
Friedrick,Fowle,,,,ffowleez@twitpic.com,
Karola,Shapter,Ercheng,30.12.1962,China,,+86-369-302-3355
Zenia,Petroselli,Primorskiy,23.05.1976,Russia,,+7-745-587-8923
Hyacinth,Le Houx,Potoci,01.05.1986,Bosnia and Herzegovina,,+387-841-989-8435
Steffane,Kee,Xilin Hot,20.12.1961,China,skeef3@utexas.edu,+86-432-496-4344
Jinny,Serchwell,Borås,31.07.1965,Sweden,jserchwellf4@nsw.gov.au,+46-616-975-9971
Bridgette,Gribben,Denov,22.02.1984,Uzbekistan,bgribbenf5@odnoklassniki.ru,+998-402-282-0412
Rikki,Dury,Basar,18.07.1953,China,rduryf6@linkedin.com,+86-457-808-4246
Christan,Sheehan,Il’inskiy Pogost,06.02.1951,Russia,csheehanf7@indiatimes.com,+7-166-259-6147
Cirilo,Hanes,Sadovo,11.03.1980,Bulgaria,chanesf8@google.fr,+359-176-675-0478
Dougy,Terney,Huangjindong,30.05.1964,China,dterneyf9@barnesandnoble.com,+86-709-589-1969
Borg,Matzl,Sukasirna,10.10.1952,Indonesia,bmatzlfa@uol.com.br,+62-305-897-9041
Lissi,Novakovic,Bogovarovo,13.05.1996,Russia,lnovakovicfb@mediafire.com,+7-252-114-0708
Rosanne,Rotlauf,Mysove,07.05.1968,Ukraine,rrotlauffc@columbia.edu,+380-350-313-9168
Sarah,Schurcke,Chisht-e Sharīf,29.03.1964,Afghanistan,sschurckefd@mail.ru,+93-644-816-0525
Abagail,Smedley,,,,asmedleyfe@imageshack.us,
Monah,Lambie,Vaasa,15.04.1963,Finland,mlambieff@cafepress.com,+358-522-219-0294
Anselma,Gandey,Eláteia,18.02.1954,Greece,agandeyfg@washington.edu,+30-925-570-4290
Aaron,Bloomer,Tabira,15.10.1973,Brazil,abloomerfh@weather.com,+55-376-610-6067
Claudina,Edmett,Igaraçu do Tietê,11.08.1980,Brazil,,+55-299-899-6709
Thaine,Klosser,,,,,
Katerine,Robertz,Privolzhskiy,18.03.1963,Russia,krobertzfk@washingtonpost.com,+7-780-898-2932
Vitia,Eilers,,,,veilersfl@cloudflare.com,
Brenn,Brumbye,Lagoa do Itaenga,02.01.1981,Brazil,bbrumbyefm@buzzfeed.com,+55-296-301-0126
Mathilda,Barracks,Vavatenina,22.02.1954,Madagascar,mbarracksfn@wikia.com,+261-902-601-3567
Iggie,Vince,Alma,22.05.1962,Canada,ivincefo@digg.com,+1-295-563-8709
Pierre,Karpe,Zhuravka,07.12.1954,Ukraine,pkarpefp@indiatimes.com,+380-243-346-7070
Dianne,Poppy,Mojolampir,05.05.1953,Indonesia,dpoppyfq@earthlink.net,+62-241-892-9022
Galvin,Evason,Ladário,19.04.1976,Portugal,gevasonfr@shop-pro.jp,+351-207-217-7270
Joe,Croysdale,Orange,31.07.1984,France,jcroysdalefs@shutterfly.com,+33-958-778-7373
Libby,Haydn,,,,,
Hope,Utton,Taibai,30.03.1984,China,huttonfu@cargocollective.com,+86-586-605-3647
Floria,Creese,Seltjarnarnes,28.10.1976,Iceland,fcreesefv@mac.com,+354-265-110-9155
Rainer,Wale,Izbicko,02.01.1969,Poland,rwalefw@yellowpages.com,+48-116-421-4534
Cyndie,Dixcee,Lugovskoy,25.01.1985,Russia,cdixceefx@guardian.co.uk,+7-468-459-3399
Saundra,Drowsfield,Fengyi,06.05.1955,China,sdrowsfieldfy@ucsd.edu,+86-643-105-8094
Morgan,Wais,Phra Phrom,08.10.1972,Thailand,mwaisfz@sun.com,+66-928-194-2647
Devi,Pizzey,Tsybli,21.09.1974,Ukraine,dpizzeyg0@devhub.com,+380-561-923-1689
Rock,Gossage,Guarabira,06.09.1956,Brazil,,+55-914-177-6262
Sonnie,Andreix,Dokri,26.03.1979,Pakistan,,+92-246-603-6763
Jennica,McEnhill,Tsagaandörvölj,16.06.1957,Mongolia,jmcenhillg3@comcast.net,+976-987-905-8253
Reggis,Gorham,Cangkeuteuk Sabrang,26.03.1997,Indonesia,rgorhamg4@census.gov,+62-545-975-7339
Tawsha,Garwell,Boyuibe,02.06.1999,Bolivia,tgarwellg5@china.com.cn,+591-911-944-4304
Stephie,Paaso,Karkkila,12.11.1978,Finland,spaasog6@chron.com,+358-978-321-6948
Gustie,Bertelsen,,,,gbertelseng7@example.com,
Chiquia,Gainsborough,Muxagata,11.09.1972,Portugal,,+351-869-161-6449
Jo,Vasilenko,Klaeng,13.10.1999,Thailand,jvasilenkog9@google.nl,+66-370-636-2775
Kliment,Hughesdon,Banatski Despotovac,19.08.1965,Serbia,,+381-893-770-6055
Colan,Hyndley,Punta Gorda,17.04.1968,United States,chyndleygb@lycos.com,+1-941-524-6373
Dorri,Doohey,Mērsrags,06.03.1953,Latvia,ddooheygc@amazonaws.com,+371-274-289-8348
Christopher,Andrusyak,Wiang Chiang Rung,29.09.1987,Thailand,candrusyakgd@comsenz.com,+66-333-757-6395
Kipper,Brookfield,San Jerónimo,06.11.1972,Honduras,kbrookfieldge@wikia.com,+504-878-913-1495
Meagan,De Ath,Akhfennir,28.02.1995,Morocco,,+212-824-511-2497
Babbie,Wickardt,Sulaco,16.06.1965,Honduras,bwickardtgg@mysql.com,+504-317-774-4001
Ernesto,Hunnicot,Saint Joseph,26.12.1999,United States,ehunnicotgh@omniture.com,+1-816-985-7131
Bastien,McAllen,Krajenka,15.11.1974,Poland,,+48-564-446-9120
Laurence,Colhoun,Bodeh,06.02.1983,Indonesia,lcolhoungj@newyorker.com,+62-229-254-5237
Sigismond,Baston,Al Khafjī,21.12.1992,Saudi Arabia,sbastongk@people.com.cn,+966-644-418-1418
Bernardina,L'Hommee,Limonade,19.07.1963,Haiti,blhommeegl@nature.com,+509-429-447-7379
Thain,Kermon,,,,tkermongm@zimbio.com,
Stu,Hilland,Mantes-la-Jolie,28.09.1958,France,shillandgn@sciencedirect.com,+33-968-379-2093
Willey,Gelder,Cabatang,07.02.1971,Philippines,wgeldergo@tmall.com,+63-991-126-5085
Guy,Jouannin,Buchlovice,22.03.1972,Czech Republic,,+420-972-153-1884
Erich,Dominici,Ýdra,24.04.1991,Greece,,+30-188-188-7695
Giff,Filby,Clarin,01.06.1953,Philippines,gfilbygr@de.vu,+63-669-493-6429
Valry,Kleanthous,Zapolyarnyy,17.01.1986,Russia,vkleanthousgs@salon.com,+7-637-923-3766
Godart,Foard,Skärhamn,14.09.1977,Sweden,gfoardgt@friendfeed.com,+46-747-876-6776
Constantino,Le Strange,Passo Fundo,19.08.1992,Brazil,clestrangegu@rediff.com,+55-279-221-7301
Kaitlynn,Beatty,,,,kbeattygv@tripadvisor.com,
Ashely,Coolson,Quebradas,11.11.1958,Portugal,acoolsongw@hud.gov,+351-196-723-2972
Colby,Manston,Quebrada Canoa,22.09.1957,Panama,cmanstongx@nyu.edu,+507-926-330-9268
Berni,Ausiello,Talldaww,09.06.1966,Syria,bausiellogy@engadget.com,+963-867-599-6606
Clemence,Jancic,Xunjian,26.05.1951,China,cjancicgz@huffingtonpost.com,+86-601-489-2892
Findlay,Hedney,Cedynia,25.08.1999,Poland,fhedneyh0@parallels.com,+48-243-626-7190
Lay,Clapp,Vannes,18.12.1956,France,lclapph1@noaa.gov,+33-708-598-1393
Krystal,Woodfine,Åhus,04.08.1971,Sweden,kwoodfineh2@nih.gov,+46-107-839-9587
Madelene,McCullum,,,,mmccullumh3@gmpg.org,
Rebecka,Purkis,Etinan,14.07.1996,Nigeria,rpurkish4@51.la,+234-557-620-3243
Lolly,Sigars,Dolice,28.07.1951,Poland,lsigarsh5@oaic.gov.au,+48-585-244-8910
Jada,Cosser,Sandnes,11.10.1964,Norway,jcosserh6@un.org,+47-172-133-1679
Matthiew,Neathway,Kanbe,01.04.1961,Myanmar,mneathwayh7@cbc.ca,+95-642-342-4176
Hatti,Addekin,Severobaykal’sk,06.06.1950,Russia,haddekinh8@usda.gov,+7-506-784-3532
Trip,Duetsche,Wanying,08.07.1951,China,tduetscheh9@zdnet.com,+86-127-238-2732
Rosie,Dunmore,Fujikawaguchiko,30.09.1972,Japan,,+81-250-965-0453
Shelia,Bridgestock,Arcueil,11.06.1969,France,sbridgestockhb@blogspot.com,+33-573-189-7292
Jen,Orring,Valašská Bystřice,21.08.1969,Czech Republic,jorringhc@whitehouse.gov,+420-108-942-0021
Dela,Vaneev,Lexington,15.09.1989,United States,dvaneevhd@youtu.be,+1-859-207-5371
Gustie,Kingscote,Rozivka,26.05.1971,Ukraine,gkingscotehe@un.org,+380-867-700-2459
Stanfield,Harwick,Qian’an,12.02.1963,China,sharwickhf@forbes.com,+86-279-721-6344
Briano,Lathom,Palmasola,14.03.1980,Venezuela,blathomhg@weibo.com,+58-853-191-4389
Amata,Jacketts,Pader Palwo,26.08.1950,Uganda,ajackettshh@seesaa.net,+256-844-893-3317
Sal,Phillimore,Sosnovyy Bor,18.04.1995,Russia,sphillimorehi@newsvine.com,+7-157-899-0596
Jaquenette,Admans,Tsukawaki,31.12.1975,Japan,jadmanshj@icq.com,+81-720-973-4477
Eula,Cartmael,Watsa,23.12.1998,Democratic Republic of the Congo,ecartmaelhk@accuweather.com,+242-891-906-7946
Devan,Antunes,Cayenne,24.11.1999,French Guiana,dantuneshl@huffingtonpost.com,+594-403-843-2077
Courtnay,McAllen,Aparecida de Goiânia,01.10.1974,Brazil,cmcallenhm@opera.com,+55-914-359-6244
Victoir,Gianetti,Maroúsi,24.10.1960,Greece,vgianettihn@imgur.com,+30-445-998-1435
Devin,Stockney,Magang,18.12.1963,China,dstockneyho@netvibes.com,+86-892-420-4203
Catina,Kondratenya,Zhouxi,23.11.1950,China,ckondratenyahp@amazon.de,+86-494-688-5744
Terese,Petrak,Sila,10.03.1970,Indonesia,tpetrakhq@dagondesign.com,+62-821-187-3486
Ange,Arias,Jiangdulu,31.12.1983,China,,+86-724-277-4006
Alexandre,MacDougal,Pilar,20.03.1980,Philippines,amacdougalhs@timesonline.co.uk,+63-391-861-7372
Rutledge,Josephoff,Boksitogorsk,19.07.1966,Russia,rjosephoffht@weebly.com,+7-423-902-3505
Yancey,Faithorn,Siemkowice,30.09.1955,Poland,yfaithornhu@odnoklassniki.ru,+48-272-106-5702
Cyrill,McTague,Bansalan,01.04.1981,Philippines,cmctaguehv@gov.uk,+63-993-235-8336
Tanitansy,Origan,Ţayyibat al Imām,13.09.1964,Syria,toriganhw@engadget.com,+963-133-335-1148
Gennie,Becconsall,Kiviõli,02.12.1967,Estonia,gbecconsallhx@icio.us,+372-303-284-3123
Margalit,Fulstow,Vistino,03.10.1963,Russia,mfulstowhy@soup.io,+7-219-658-3220
Fiann,Lawday,Kukoboy,14.05.1991,Russia,flawdayhz@comsenz.com,+7-696-809-4274
Alasdair,Lovatt,Clones,27.01.1951,Ireland,alovatti0@geocities.jp,+353-747-188-5691
Shurwood,Stubbin,La Mula,08.06.1978,Venezuela,,+58-108-347-9475
Carlotta,Patron,Neuss,03.11.1950,Germany,cpatroni2@slideshare.net,+49-381-772-4990
Christoffer,Legonidec,Przodkowo,27.11.1955,Poland,,+48-173-577-7682
Britteny,Jumont,Nishishinminato,28.07.1951,Japan,,+81-717-726-0710
Norina,Guirard,Selat,15.07.1976,Indonesia,nguirardi5@rakuten.co.jp,+62-878-383-9159
Dallis,Summons,Manay,01.01.1967,Philippines,dsummonsi6@jigsy.com,+63-641-297-8539
Dorie,Ivashchenko,Tchoban Bey,24.06.1965,Syria,divashchenkoi7@webeden.co.uk,+963-228-924-1790
Byrle,Sammes,Mont-Laurier,22.10.1993,Canada,bsammesi8@ovh.net,+1-309-856-0964
Doreen,Mulvenna,Tanbuqiao,13.10.1973,China,dmulvennai9@jalbum.net,+86-276-347-6120
Clementius,Iohananof,Nagrog,13.06.1952,Indonesia,ciohananofia@economist.com,+62-830-191-6031
Rusty,Gregoretti,Ukmerge,06.01.1973,Lithuania,,+370-594-632-8946
Yancey,Tuminini,Changcun,10.04.1988,China,ytumininiic@techcrunch.com,+86-887-367-8208
Artair,Eake,Hlybokaye,12.05.1978,Belarus,aeakeid@exblog.jp,+375-760-840-7303
Betti,Broad,Hrvatska Kostajnica,17.04.1994,Croatia,bbroadie@devhub.com,+385-539-572-3621
Jameson,Hrinchishin,Ciloa,18.05.1979,Indonesia,,+62-777-629-0687
Leandra,Basden,Sila Lat,02.10.1966,Thailand,,+66-219-100-9975
Christian,Twinning,Líbeznice,20.09.1981,Czech Republic,,+420-238-752-4112
Van,Ponting,Bueng Samakkhi,16.06.1951,Thailand,vpontingii@telegraph.co.uk,+66-775-198-4770
Fabio,Marchand,Yanhong,27.09.1962,China,fmarchandij@gov.uk,+86-405-782-4142
Alexis,Schutter,Blangpulo,10.02.1965,Indonesia,aschutterik@e-recht24.de,+62-681-622-2585
Fanechka,Killough,Xiangfu,11.06.1998,China,fkilloughil@earthlink.net,+86-216-574-2349
Dolf,Lardiner,Pécs,19.12.1975,Hungary,dlardinerim@networkadvertising.org,+36-379-778-6572
Jonas,Weich,Binzhou,28.01.1977,China,jweichin@businessweek.com,+86-618-913-4541
Thain,Doughton,Périgny,12.06.1957,France,tdoughtonio@census.gov,+33-423-656-6739
Florie,Ellen,Maisons-Alfort,29.12.1983,France,fellenip@prlog.org,+33-602-645-2230
Terry,Decreuze,Kaiyuan,13.06.1989,China,,+86-971-583-7758
Man,Shann,Otavi,13.10.1958,Namibia,mshannir@creativecommons.org,+264-615-927-7691
Tamara,Thorlby,Nishor,06.08.1953,Kosovo,tthorlbyis@house.gov,+383-909-935-4076
Imojean,Mattack,Itéa,15.08.1993,Greece,imattackit@google.es,+30-523-402-4529
Valencia,Farnfield,Yangzizhou,18.08.1965,China,vfarnfieldiu@irs.gov,+86-208-686-8694
Hodge,Klosges,La Garenne-Colombes,30.12.1969,France,hklosgesiv@cisco.com,+33-439-526-8730
Pennie,Fullun,Bacabal,23.08.1976,Brazil,pfulluniw@so-net.ne.jp,+55-168-973-1232
Bealle,Hicks,Pili,20.09.1956,Indonesia,bhicksix@state.gov,+62-355-263-5441
Alessandra,Dudmesh,Yongfu,14.03.1979,China,,+86-676-272-0446
Farr,Bloxham,Hatsukaichi,09.07.1963,Japan,,+81-829-251-3993
Alex,Hourahan,Rodas,25.12.1992,Cuba,ahourahanj0@github.io,+53-802-172-4765
Bank,Gorce,,,,bgorcej1@technorati.com,
Jamison,Parrin,Si Satchanalai,28.12.1986,Thailand,jparrinj2@dailymail.co.uk,+66-547-596-3138
Cobbie,Emson,Zhonggang,14.07.1974,China,cemsonj3@twitpic.com,+86-428-504-0005
Florance,Garstan,Totness,29.09.1984,Suriname,fgarstanj4@biglobe.ne.jp,+597-261-383-0685
Juliette,Coolican,Corroios,29.04.1993,Portugal,jcoolicanj5@sitemeter.com,+351-317-934-8760
Hilliary,Sanbroke,Marumori,09.03.1964,Japan,hsanbrokej6@smh.com.au,+81-600-799-4583
Kathie,Atter,Xiamao,22.01.1997,China,katterj7@ucoz.ru,+86-921-680-7006
Osbert,O'Neill,Batelov,08.05.1950,Czech Republic,ooneillj8@facebook.com,+420-602-491-3701
Brooks,Martland,Lachowice,15.07.1961,Poland,bmartlandj9@geocities.com,+48-219-141-6879
Ring,Tyrwhitt,Łazy,21.05.1989,Poland,rtyrwhittja@alexa.com,+48-176-775-1527
Bunni,Merlin,Palmar de Varela,21.02.1988,Colombia,bmerlinjb@friendfeed.com,+57-794-554-7909
Hannah,Oslar,Vale de Touros,26.05.1997,Portugal,hoslarjc@tinyurl.com,+351-409-322-7633
Dani,De Ath,,,,ddeathjd@narod.ru,
Vinny,Oliveira,Mýrina,08.09.1971,Greece,voliveiraje@wufoo.com,+30-887-886-4741
Ann,Bresland,Valinhos,31.12.1956,Brazil,abreslandjf@wordpress.com,+55-637-422-5228
Clari,Mapson,Pondohan,02.09.1981,Indonesia,cmapsonjg@geocities.com,+62-994-291-8759
Jojo,Kernoghan,Muang Pakxan,24.03.1977,Laos,,+856-781-478-7304
Norrie,Cuesta,Smimou,21.05.1998,Morocco,ncuestaji@wsj.com,+212-267-381-9438
Johnny,Mannin,Isesaki,20.12.1959,Japan,jmanninjj@ucsd.edu,+81-616-409-7238
Mada,Kynoch,Meziměstí,26.01.1970,Czech Republic,,+420-244-917-6112
Jarrod,Gerber,Stary Sącz,05.05.1981,Poland,jgerberjl@china.com.cn,+48-721-364-2056
Wenda,Kilbride,Zhangdian,04.11.1987,China,wkilbridejm@wunderground.com,+86-809-844-4845
Liv,Petrou,Danao,19.05.1977,Philippines,lpetroujn@geocities.jp,+63-412-503-5702
Cord,Milner,Gapan,23.09.1983,Philippines,cmilnerjo@independent.co.uk,+63-130-135-3369
Angelique,Ortner,Rowokangkung,17.02.1983,Indonesia,aortnerjp@google.pl,+62-150-560-8272
Kimbell,Hackett,Bystra,29.02.1992,Poland,khackettjq@marriott.com,+48-958-121-4097
Elfreda,Cashmore,Songhu,31.12.1965,China,ecashmorejr@mac.com,+86-976-189-1454
Hanny,Windram,Zangkaxa,15.12.1989,China,hwindramjs@globo.com,+86-322-753-1914
Pennie,Clitsome,Sidonganti,15.12.1953,Indonesia,pclitsomejt@themeforest.net,+62-948-589-5844
Yolanthe,Troak,Chigan,07.07.1998,China,ytroakju@virginia.edu,+86-422-483-4672
Sally,Goodwell,Smederevo,28.05.1987,Serbia,sgoodwelljv@myspace.com,+381-905-824-8677
Burnard,Murrhardt,Ventspils,23.08.1972,Latvia,bmurrhardtjw@networksolutions.com,+371-461-846-2232
Ninon,Johansen,Dārchulā,16.07.1959,Nepal,njohansenjx@sogou.com,+977-674-988-1403
Linnie,Benettelli,Obikiik,30.06.1962,Tajikistan,,+992-777-433-4687
Vanny,Bresner,Capira,02.11.1997,Panama,,+507-725-592-9925
Nichole,Heck,Jinshanpu,13.03.1995,China,nheckk0@lycos.com,+86-793-119-4188
Merill,Knobell,Liuzhou,12.11.1975,China,mknobellk1@ft.com,+86-763-808-4624
Rosanne,Weller,Rizokárpaso,28.09.1962,Cyprus,rwellerk2@redcross.org,+357-132-527-6804
Barri,Haulkham,Borzna,02.09.1961,Ukraine,bhaulkhamk3@goo.gl,+380-776-171-3141
Ninnetta,Hedan,Séguéla,16.01.1982,Ivory Coast,nhedank4@wix.com,+225-123-766-6245
Jervis,Macconaghy,Maroa,24.06.1990,Venezuela,jmacconaghyk5@skype.com,+58-173-270-2119
Pauletta,Causnett,Hat Yai,19.02.1971,Thailand,pcausnettk6@altervista.org,+66-186-106-3046
Franciskus,Boyet,Podgornoye,01.10.1993,Russia,fboyetk7@dagondesign.com,+7-763-123-3955
Rickie,Trosdall,Idkū,23.11.1959,Egypt,rtrosdallk8@hostgator.com,+20-168-661-8680
Raven,Origan,Huatanshan,24.12.1959,China,rorigank9@spotify.com,+86-745-966-9922
Alick,Woliter,Kedungsumurkrajan,29.04.1991,Indonesia,awoliterka@chicagotribune.com,+62-911-168-2648
Celia,Polson,Hirado,25.02.1956,Japan,,+81-341-887-0473
Tatiana,Stanyard,Alajuela,25.03.1981,Costa Rica,tstanyardkc@rediff.com,+506-900-592-7410
Amara,Senechault,Providence,12.04.1995,United States,asenechaultkd@canalblog.com,+1-401-106-5506
Marys,Hubbins,Briceni,05.06.1951,Moldova,mhubbinske@yandex.ru,+373-148-619-9341
Mattie,Braven,Rusocice,07.04.1964,Poland,,+48-763-515-7070
Aileen,Terran,Artsvanist,05.03.1978,Armenia,aterrankg@skyrock.com,+374-248-809-1059
Lorettalorna,Linzey,Neuquén,04.03.1997,Argentina,llinzeykh@apache.org,+54-220-610-1607
Zollie,Mangon,Sindangsari,09.09.1971,Indonesia,zmangonki@soup.io,+62-768-772-7543
Friederike,Willock,Neuzina,18.02.1973,Serbia,fwillockkj@baidu.com,+381-368-744-7593
Marian,Heinssen,Yong’an,07.01.1983,China,mheinssenkk@feedburner.com,+86-526-773-6168
Basia,Bartosinski,Carnot,22.07.1977,Central African Republic,bbartosinskikl@msu.edu,+236-585-246-7557
Husein,Luesley,Xiheshan,12.10.1996,China,hluesleykm@lycos.com,+86-873-506-7036
Candis,Gerty,Antsirabe,11.08.1987,Madagascar,cgertykn@creativecommons.org,+261-185-357-7469
Analiese,Boggas,Kowalewo Pomorskie,19.06.1972,Poland,aboggasko@nature.com,+48-239-711-5724
Marven,McCawley,Vybor,10.04.1996,Russia,mmccawleykp@about.me,+7-125-421-5278
Deni,Bonanno,Ketitang Wetan,19.11.1998,Indonesia,dbonannokq@amazon.co.uk,+62-835-825-1071
Vina,Covert,Moycullen,18.01.1950,Ireland,vcovertkr@oaic.gov.au,+353-774-113-8532
Alec,Bottrill,Metu,16.10.1960,Ethiopia,abottrillks@xing.com,+251-965-423-7371
Ivy,Jansey,Jatirejo,10.12.1986,Indonesia,ijanseykt@opera.com,+62-165-474-6185
Rafael,Screaton,Dundee,03.02.1966,South Africa,,+27-240-846-2311
Cece,Suatt,Changling,30.06.1987,China,csuattkv@gravatar.com,+86-915-964-4878
Saloma,Treacher,Charras,21.09.1956,Argentina,,+54-466-192-1586
Merci,Tompkiss,Enrile,03.06.1958,Philippines,mtompkisskx@squarespace.com,+63-562-266-4092
Carilyn,Bellingham,Luxi,31.03.1959,China,cbellinghamky@wufoo.com,+86-993-697-0867
Peta,Vignaux,Susoh,08.12.1993,Indonesia,,+62-337-133-1489
Kerwin,Amsden,Auki,15.08.1952,Solomon Islands,kamsdenl0@accuweather.com,+677-792-898-9935
Jorge,Saltmarsh,Huarong,18.11.1959,China,jsaltmarshl1@cocolog-nifty.com,+86-572-861-4670
Abby,Andrelli,Mojorembun,11.05.1961,Indonesia,aandrellil2@washingtonpost.com,+62-167-593-0282
Estrella,Drinkhall,Quintas,13.06.1957,Portugal,edrinkhalll3@storify.com,+351-400-100-2083
Tyson,Kitchinghan,Shihuiqiao,17.05.1952,China,tkitchinghanl4@redcross.org,+86-679-345-2124
Morley,Oby,Usab,02.04.1956,Philippines,mobyl5@yale.edu,+63-222-269-6693
Norina,Towle,Nuga,04.12.1959,Mongolia,ntowlel6@mayoclinic.com,+976-188-187-0986
Marina,Zohrer,Peteranec,02.04.1959,Croatia,mzohrerl7@360.cn,+385-557-918-6522
Gideon,Slot,,,,gslotl8@webnode.com,
Bartolemo,Koeppe,Dajasongai,24.12.1991,Indonesia,bkoeppel9@meetup.com,+62-196-420-4646
Emmanuel,Meier,Yuchi,03.11.1962,China,emeierla@scientificamerican.com,+86-452-991-3599
Izabel,Bonney,Ecroignard,09.11.1962,Mauritius,,+230-388-887-2747
Dasie,Gritskov,Olovyannaya,06.01.1997,Russia,dgritskovlc@blogger.com,+7-666-827-4476
Aldon,McNellis,Otacílio Costa,12.04.1957,Brazil,amcnellisld@ed.gov,+55-352-577-9379
Jasun,Naton,Shuangzhu,26.03.1973,China,jnatonle@reuters.com,+86-183-993-8191
Celine,Vile,Castro Daire,29.05.1989,Portugal,cvilelf@cdc.gov,+351-592-423-9552
Sashenka,Droogan,Riobamba,24.11.1998,Ecuador,sdrooganlg@amazonaws.com,+593-644-881-3829
Sigismond,Camies,Cergy-Pontoise,14.09.1994,France,scamieslh@fc2.com,+33-429-997-7873
Chrystel,Richardeau,Fucheng,21.04.1995,China,crichardeauli@instagram.com,+86-295-113-8951
Rikki,Sutor,Kebon,03.12.1978,Indonesia,rsutorlj@gnu.org,+62-318-635-5964
Lizette,Brumen,,,,lbrumenlk@nih.gov,
Wat,Dinan,Hongyansi,07.08.1959,China,wdinanll@who.int,+86-231-573-1772
Beryl,Ferguson,Itapeva,19.06.1999,Brazil,bfergusonlm@nifty.com,+55-515-651-7805
Gearard,Crother,Xiangqiao,12.11.1960,China,gcrotherln@apache.org,+86-676-696-8747
Clemente,Giblett,Xiangtan,02.08.1973,China,cgiblettlo@scribd.com,+86-798-494-4332
Arthur,Larrosa,,,,alarrosalp@slashdot.org,
Lyell,Gresswell,Gornorechenskiy,21.07.1981,Russia,lgresswelllq@home.pl,+7-294-306-1720
Manolo,Bustard,Delft,21.05.1994,Netherlands,mbustardlr@diigo.com,+31-414-211-8591
Maribelle,Berends,Navan,04.06.1956,Ireland,mberendsls@odnoklassniki.ru,+353-564-569-8888
Dulci,Grimsdell,,,,dgrimsdelllt@dyndns.org,
Garnet,Cuff,Nagbalaye,01.01.1969,Philippines,gcufflu@imdb.com,+63-196-995-6688
Lea,Jurgen,Pung-Pang,14.11.1989,Philippines,ljurgenlv@youku.com,+63-915-823-6003
Marlow,Diggons,Krousón,23.04.1989,Greece,mdiggonslw@techcrunch.com,+30-840-810-3412
Phineas,Berends,São João das Lampas,14.12.1981,Portugal,pberendslx@webnode.com,+351-887-420-3214
Arlena,O'Brollachain,Sa Pá,06.06.1993,Vietnam,aobrollachainly@hatena.ne.jp,+84-737-971-1064
Gabriel,Furmonger,Dongjiahe,22.12.1981,China,gfurmongerlz@spiegel.de,+86-201-487-0607
Courtenay,De Andreis,Shanglaxiu,21.12.1995,China,,+86-965-793-6995
Olenka,Widmoor,Jitan,10.10.1971,China,owidmoorm1@yandex.ru,+86-583-295-8512
Lorne,Darinton,Wola Jachowa,28.06.1991,Poland,ldarintonm2@tripod.com,+48-671-283-3194
Aloin,Notton,Siwa Oasis,16.01.1959,Egypt,anottonm3@dmoz.org,+20-234-991-8821
Giovanna,Clearley,Capas,12.10.1992,Philippines,gclearleym4@dmoz.org,+63-602-374-4114
Claiborn,Neames,Juexi,02.07.1973,China,,+86-493-489-0557
Lenka,Hicken,Vrilissia,05.08.1974,Greece,lhickenm6@example.com,+30-391-913-9664
Alexio,Benneton,São Mamede,06.08.1981,Portugal,abennetonm7@liveinternet.ru,+351-326-513-7785
Meade,Urien,Diapaga,25.06.1955,Burkina Faso,murienm8@blogtalkradio.com,+226-937-896-5176
Clareta,Escalero,Itararé,26.12.1958,Brazil,cescalerom9@yandex.ru,+55-415-505-8460
Willyt,Calvert,,,,wcalvertma@behance.net,
Ada,Asprey,Krzykosy,19.03.1982,Poland,,+48-699-831-2285
Joshia,Thomke,Skënderbegas,12.08.1967,Albania,jthomkemc@tripod.com,+355-117-449-1614
Rosanna,Fullard,Rožaje,01.03.1993,Montenegro,,+382-412-480-6324
Beulah,Boobier,Valerik,23.09.1983,Russia,bboobierme@gizmodo.com,+7-193-578-1629
Jeremie,Ledrun,Yangsa,01.09.1979,South Korea,jledrunmf@rediff.com,+82-841-901-0720
Curran,McDugal,Xiaruyue,15.02.1985,China,cmcdugalmg@youku.com,+86-953-281-7847
Lindsay,Drummond,Bankim,12.08.1951,Cameroon,ldrummondmh@redcross.org,+237-784-655-8708
Indira,Wilsone,Sietesz,20.08.1951,Poland,iwilsonemi@lulu.com,+48-855-363-5726
Hayyim,Bercevelo,Arcueil,24.12.1967,France,hbercevelomj@icq.com,+33-951-676-3941
Keelia,Whitmarsh,Xuanhuadian,29.02.1996,China,kwhitmarshmk@usda.gov,+86-492-970-7941
Annaliese,Everson,Kumba,24.07.1970,Cameroon,,+237-564-617-9494
Winifred,Crathern,Ibarra,12.08.1993,Ecuador,,+593-805-775-0069
Frankie,Jagger,Shantoudian,20.02.1970,China,fjaggermn@webs.com,+86-893-554-7066
Eyde,Bocock,Munggang,04.07.1960,Indonesia,ebocockmo@miitbeian.gov.cn,+62-566-897-2220
Diandra,Fuidge,Eiguliai,25.04.1958,Lithuania,dfuidgemp@psu.edu,+370-890-119-1242
Kiah,Bendson,Ilovlya,12.01.1991,Russia,kbendsonmq@omniture.com,+7-683-146-7524
Ely,Clouter,,,,ecloutermr@ca.gov,
Jolee,Fenelon,Junzhuang,04.07.1981,China,jfenelonms@1und1.de,+86-610-228-9196
Orrin,Rosbottom,Circa,28.08.1974,Peru,orosbottommt@tiny.cc,+51-367-198-9380
Emlynn,Demeter,Fubin,09.03.1957,China,edemetermu@answers.com,+86-503-719-4453
Aigneis,Kegan,Preobrazheniye,19.11.1983,Russia,akeganmv@globo.com,+7-584-500-1642
Donna,Kasting,Hondo Valle,14.03.1973,Dominican Republic,dkastingmw@woothemes.com,+1-617-312-6022
Whitney,Stallebrass,,,,wstallebrassmx@spiegel.de,
Alexander,Dalgliesh,Panggungsari,18.10.1993,Indonesia,adalglieshmy@e-recht24.de,+62-254-394-1558
Lezlie,Flintoff,Göteborg,12.10.1992,Sweden,lflintoffmz@ehow.com,+46-328-476-1259
Con,Brackenbury,Cernay,03.01.1973,France,cbrackenburyn0@apple.com,+33-346-520-6610
Ursala,Brugh,Hualongyan,05.02.1968,China,ubrughn1@umich.edu,+86-757-894-1117
Dora,Tolomelli,København,01.08.1963,Denmark,dtolomellin2@dailymotion.com,+45-862-938-8876
Egbert,Malafe,Tournavista,09.06.1965,Peru,emalafen3@indiegogo.com,+51-514-737-4748
Ursuline,Scougal,Nizhnevartovsk,07.04.1999,Russia,uscougaln4@dot.gov,+7-536-525-3955
Duky,Martinez,Gongchang Zhen,02.06.1961,China,,+86-669-533-9515
Alaster,Greatbach,Zhourui,11.11.1971,China,agreatbachn6@cloudflare.com,+86-334-754-8494
Galven,Parsonson,Shīeli,27.09.1984,Kazakhstan,,+7-882-708-5557
Clerissa,McGreay,Pyrgetós,27.01.1997,Greece,cmcgreayn8@woothemes.com,+30-575-563-7411
Rene,Shoppee,Dandai,13.08.1994,China,rshoppeen9@abc.net.au,+86-874-936-9781
Hector,Shrubb,Thị Trấn Yên Ninh,09.07.1974,Vietnam,hshrubbna@skype.com,+84-851-474-6126
Scotty,DeSousa,Lengor,28.03.1961,Indonesia,sdesousanb@mac.com,+62-444-966-0082
Malachi,Crampsey,Atlanta,02.08.1972,United States,mcrampseync@cdbaby.com,+1-404-200-4092
Karon,Caldera,Narach,05.03.1993,Belarus,kcalderand@theatlantic.com,+375-655-712-0412
Arlen,Krystek,Tangchi,30.11.1954,China,akrystekne@mapquest.com,+86-208-712-2388
Belvia,Ewbanks,Zvenigorod,20.11.1964,Russia,bewbanksnf@home.pl,+7-683-850-5249
Stan,Cosens,Mrongi Daja,09.07.1997,Indonesia,,+62-481-916-6842
Kelsey,Kolinsky,Penedo,17.01.1985,Portugal,kkolinskynh@sakura.ne.jp,+351-526-554-8607
Tara,Silverman,San Fernando,21.06.1999,Philippines,,+63-699-653-4642
Edik,Blundan,Lunyuk Ode,18.06.1991,Indonesia,,+62-481-966-8737
Coralie,Rennard,Kobyzhcha,09.11.1963,Ukraine,crennardnk@census.gov,+380-188-725-4965
Myrtle,Dalziel,Cibolang,29.01.1974,Indonesia,,+62-260-803-0476
Olivie,Drance,Hargeysa,28.02.1977,Somalia,,+252-411-743-0383
Niven,Ferreras,Boršice,19.12.1959,Czech Republic,nferrerasnn@lycos.com,+420-826-278-5128
Free,Backman,New Orleans,29.03.1992,United States,fbackmanno@ustream.tv,+1-504-683-3093
Jasmin,Starmont,Karpinsk,29.07.1983,Russia,jstarmontnp@4shared.com,+7-396-224-5232
Carrie,Bockmaster,,,,cbockmasternq@marriott.com,
Louisette,Sachno,,,,lsachnonr@miibeian.gov.cn,
Inger,Huitt,Camatindi,20.07.1993,Bolivia,ihuittns@creativecommons.org,+591-550-957-7854
Hunter,Pardi,Sabnova,07.01.1966,Russia,hpardint@hao123.com,+7-924-946-6902
Yuri,Misson,Eaubonne,11.10.1974,France,ymissonnu@blogtalkradio.com,+33-294-874-1955
Candie,Cowpe,Pagersari,27.12.1965,Indonesia,ccowpenv@independent.co.uk,+62-967-724-9498
Giovanni,Cloutt,Pankshin,18.12.1983,Nigeria,gclouttnw@pbs.org,+234-338-543-4179
Tedi,Bodleigh,Niedercorn,01.06.1953,Luxembourg,tbodleighnx@statcounter.com,+352-341-155-0135
Lennard,Ashingden,Mitrovicë,10.06.1997,Kosovo,lashingdenny@qq.com,+383-642-553-1024
Free,Lazenbury,Chita,08.07.1988,Russia,flazenburynz@dyndns.org,+7-238-381-0663
Tye,Gaitone,Riyom,08.02.1975,Nigeria,tgaitoneo0@cbslocal.com,+234-507-486-5425
Avis,Ghost,Ponong,07.08.1979,Philippines,aghosto1@senate.gov,+63-301-585-8414
Hobey,Mallalieu,Cairima,23.08.1980,China,hmallalieuo2@miitbeian.gov.cn,+86-374-570-4638
Gian,Vanderson,La Hacienda,16.09.1977,Philippines,gvandersono3@ebay.com,+63-501-594-3404
Eilis,Zukerman,Buzet,21.12.1998,Croatia,ezukermano4@over-blog.com,+385-151-917-3507
Roseanne,Tewkesbury,Moya,29.05.1951,Comoros,rtewkesburyo5@weather.com,+269-813-187-0212
Johann,Freda,Xinghua,21.02.1952,China,jfredao6@dailymotion.com,+86-735-440-2011
Gnni,Kellet,Santo André,05.12.1955,Portugal,gkelleto7@multiply.com,+351-192-429-8386
Madelina,Lazarus,Tenancingo,18.10.1955,El Salvador,mlazaruso8@geocities.com,+503-834-267-9535
Brandy,Markson,Bebekan,02.07.1997,Indonesia,bmarksono9@yahoo.com,+62-184-379-4163
Liana,Grugerr,Kumai,09.04.1969,Indonesia,lgrugerroa@irs.gov,+62-331-546-8364
Monroe,Roddick,Ödeshög,26.10.1960,Sweden,mroddickob@delicious.com,+46-835-829-7046
Leoline,Shuttlewood,Odzi,20.03.1980,Zimbabwe,lshuttlewoodoc@npr.org,+263-283-936-5886
Evelina,Samms,Darungan,10.10.1967,Indonesia,esammsod@mozilla.org,+62-664-823-5619
Benni,Lindores,,,,blindoresoe@reddit.com,
Neil,Tanguy,Santo Amaro da Imperatriz,23.02.1998,Brazil,ntanguyof@parallels.com,+55-901-969-9519
Marlee,Ormrod,Berthierville,27.01.1973,Canada,mormrodog@drupal.org,+1-488-756-3586
Webb,Bottomore,Quartier Militaire,02.11.1987,Mauritius,wbottomoreoh@baidu.com,+230-996-774-7771
Jermaine,Escalero,Road Town,08.06.1964,British Virgin Islands,jescalerooi@edublogs.org,+1-227-294-3978
Rhett,Mackett,Kacangan Lor,11.06.1958,Indonesia,,+62-196-168-9196
Aubree,Ciccarello,Staryy Saltiv,25.08.1968,Ukraine,aciccarellook@upenn.edu,+380-829-351-4652
Roma,Joslow,Habana del Este,24.07.1988,Cuba,rjoslowol@amazonaws.com,+53-951-413-0952
Brinna,Gilliver,Aūa,07.07.1961,American Samoa,bgilliverom@wordpress.com,+1-197-366-6683
Kurt,Jarrel,Nāḩīyat Saddat al Hindīyah,14.12.1987,Iraq,,+964-816-431-7358
Anabal,Figliovanni,Mircze,09.08.1965,Poland,afigliovannioo@behance.net,+48-625-272-9796
Lanna,Letertre,Skhira,22.11.1995,Tunisia,,+216-322-232-1102
Lane,Krollman,Cuispes,25.10.1991,Peru,lkrollmanoq@state.gov,+51-115-309-1429
Nicolina,Roote,Punta Hermosa,13.09.1957,Peru,nrooteor@histats.com,+51-242-427-0392
Zak,Duignan,Taupo,10.05.1968,New Zealand,zduignanos@tmall.com,+64-972-143-7619
Christoph,Brunelleschi,Sofo-Birnin-Gwari,01.04.1997,Nigeria,cbrunelleschiot@macromedia.com,+234-979-802-9937
Westbrooke,Pucknell,Washington,03.05.1955,United States,wpucknellou@ow.ly,+1-202-210-7083
Ilise,Terzi,Parista,06.06.1966,Philippines,iterziov@live.com,+63-755-430-9309
Shay,Roddick,Tibigan,25.08.1969,Philippines,,+63-884-584-7578
Crawford,Boat,Wañgan,06.05.1973,Philippines,cboatox@icq.com,+63-526-475-8698
Cindi,Tipping,Solna,13.04.1976,Sweden,ctippingoy@google.com.au,+46-154-353-7574
Kincaid,Guyonnet,Sydney,25.06.1983,Australia,kguyonnetoz@zdnet.com,+61-802-665-3546
Torey,Fackney,Lyon,13.03.1980,France,tfackneyp0@merriam-webster.com,+33-144-512-0679
Poppy,Huie,Säffle,30.01.1973,Sweden,phuiep1@miitbeian.gov.cn,+46-428-527-0660
Alick,Tranter,Kampunglistrik,05.06.1956,Indonesia,atranterp2@wufoo.com,+62-104-245-8413
Halley,Houdhury,Zemun,05.04.1954,Serbia,hhoudhuryp3@discuz.net,+381-179-807-0265
Glendon,Gavini,Dinalongan,10.09.1966,Philippines,ggavinip4@dailymotion.com,+63-429-878-0100
Lorin,Einchcombe,Dzüünbulag,02.03.1962,Mongolia,leinchcombep5@fastcompany.com,+976-380-751-3155
Aldric,Fuggles,Krông Kmar,09.09.1980,Vietnam,afugglesp6@desdev.cn,+84-443-364-6459
Doyle,Sutterfield,Sanyi,14.09.1960,China,dsutterfieldp7@de.vu,+86-711-418-6490
Augusta,Brandone,Ḩurayḑah,31.05.1991,Yemen,abrandonep8@ameblo.jp,+967-869-203-8629
Almeta,Bucke,Fenshui,27.05.1976,China,abuckep9@furl.net,+86-831-609-5717
Genevra,Rentoll,Schiedam postbusnummers,08.11.1971,Netherlands,,+31-797-147-0254
Burgess,Alecock,Yorii,10.07.1957,Japan,balecockpb@home.pl,+81-434-988-9077
Myrwyn,Spick,Santa Luzia,23.12.1980,Brazil,mspickpc@dyndns.org,+55-360-941-6164
Julienne,Monery,Kotadukuh,24.06.1982,Indonesia,jmonerypd@jimdo.com,+62-325-543-3508
Allen,Youthead,Huicungo,28.11.1967,Peru,ayoutheadpe@ucla.edu,+51-811-619-9980
Binnie,Dakers,Ayní,17.06.1985,Tajikistan,,+992-362-838-3546
Ambrosi,Skillman,Vladivostok,10.12.1975,Russia,askillmanpg@lulu.com,+7-214-149-8669
Jaclyn,Klaas,Petrich,02.08.1977,Bulgaria,jklaasph@home.pl,+359-257-565-4150
Hesther,Hancell,Luoping,26.08.1985,China,hhancellpi@cdbaby.com,+86-845-834-5020
Peg,Gillyett,Gävle,23.11.1967,Sweden,pgillyettpj@qq.com,+46-473-496-3096
Fitzgerald,Willison,Paucarbamba,29.05.1957,Peru,fwillisonpk@geocities.jp,+51-621-480-7212
Mariel,Chelley,Sv. Ana v Slov. Goricah,01.02.1968,Slovenia,mchelleypl@networkadvertising.org,+386-536-164-7765
Abraham,Raymont,Hongjiazui,23.12.1995,China,araymontpm@rakuten.co.jp,+86-872-161-7978
Ozzie,Symones,Chekmagush,14.03.1951,Russia,osymonespn@wunderground.com,+7-528-863-9776
Kelsey,Deveril,Eucaliptus,21.12.1992,Bolivia,kdeverilpo@virginia.edu,+591-570-882-8732
Taylor,Smooth,Ugljevik,02.05.1967,Bosnia and Herzegovina,tsmoothpp@usatoday.com,+387-874-543-8156
Elroy,Record,Daixi,03.04.1985,China,,+86-155-216-0071
Augie,Golledge,Puqian,02.05.1993,China,agolledgepr@comsenz.com,+86-170-726-9313
Caressa,Di Biagio,Sukadana,17.03.1974,Indonesia,cdibiagiops@fc2.com,+62-206-632-7764
Charmion,Spavins,Wangba,06.05.1999,China,cspavinspt@phoca.cz,+86-708-337-7081
Ulrike,Boyen,Manaus,16.10.1963,Brazil,uboyenpu@microsoft.com,+55-955-339-2226
Dorotea,McKelloch,El Cantón de San Pablo,20.04.1964,Colombia,,+57-159-693-6985
Neila,Newlands,Tangtou,11.05.1984,China,nnewlandspw@multiply.com,+86-791-718-1675
Kalli,Portis,Jäppilä,04.11.1995,Finland,kportispx@cisco.com,+358-441-875-8411
Gustave,Potes,Hồ Xá,10.07.1986,Vietnam,gpotespy@pbs.org,+84-311-138-7250
Skylar,Bulpitt,Ugljan,31.10.1977,Croatia,,+385-536-226-2776
Ardyce,Baton,Shuanghe,25.04.1954,China,,+86-760-598-2825
Cissiee,Meugens,Miłosław,22.06.1959,Poland,cmeugensq1@mozilla.org,+48-584-933-9403
Blisse,Blesing,Ribamar,22.08.1956,Portugal,bblesingq2@creativecommons.org,+351-464-200-8554
Cam,McGirr,Brest,07.04.1966,France,cmcgirrq3@wsj.com,+33-571-812-1331
Jeno,Di Francecshi,Anfu,20.12.1984,China,jdifrancecshiq4@sphinn.com,+86-191-664-9878
Clementine,Hurch,Bujaków,17.05.1973,Poland,churchq5@clickbank.net,+48-308-632-6674
Leonora,Lamboll,Heshi,23.06.1957,China,llambollq6@youku.com,+86-116-497-3629
Prinz,Cridge,Mbomba,09.12.1964,Indonesia,pcridgeq7@bbc.co.uk,+62-780-274-1533
Omero,Cundict,Ferreira do Zêzere,12.08.1958,Portugal,ocundictq8@cdbaby.com,+351-897-772-6741
Kelby,Ferber,Dayapan,06.04.1953,Philippines,kferberq9@apple.com,+63-836-369-8226
Isador,Cobello,Fiditi,28.05.1983,Nigeria,icobelloqa@storify.com,+234-872-696-3421
Christi,Beetham,,,,cbeethamqb@goo.gl,
Adah,Vlasyev,Lianhe,27.06.1954,China,avlasyevqc@jiathis.com,+86-958-588-5921
Britte,Beardsell,Niort,21.10.1972,France,bbeardsellqd@ox.ac.uk,+33-797-447-2595
Laetitia,Ellington,Itapema,26.09.1993,Brazil,lellingtonqe@1und1.de,+55-505-446-4721
Agna,Santora,Kampungbaru,13.09.1962,Indonesia,asantoraqf@mtv.com,+62-260-536-6432
Sergent,Freddi,Zavet,28.03.1964,Bulgaria,sfreddiqg@newyorker.com,+359-613-103-3961
Verile,Rodrig,,,,vrodrigqh@cornell.edu,
Tate,Cocksedge,Lyaskovets,25.08.1978,Bulgaria,tcocksedgeqi@spotify.com,+359-992-730-4054
Cherrita,Fearn,Taobei,16.06.1973,China,cfearnqj@google.pl,+86-251-666-5295
Brose,Barnaby,Gansa,28.10.1983,China,bbarnabyqk@mac.com,+86-725-494-7357
Tommy,Ivanyutin,Concepción del Bermejo,06.08.1988,Argentina,tivanyutinql@fc2.com,+54-397-230-6917
Maxim,Swanne,Umburarameha,29.10.1952,Indonesia,mswanneqm@printfriendly.com,+62-708-293-3791
Jorey,Harrisson,Świdnica,26.08.1992,Poland,jharrissonqn@prnewswire.com,+48-415-401-5757
Muriel,Salvati,Ganjur,20.02.1979,Indonesia,msalvatiqo@pen.io,+62-696-710-5428
Kalil,Hawlgarth,Cibulakan,01.01.1995,Indonesia,khawlgarthqp@illinois.edu,+62-295-991-3361
Dayle,Osbidston,Coasa,07.07.1954,Peru,,+51-532-956-4885
Matias,Tubridy,Kompaniyivka,23.09.1964,Ukraine,mtubridyqr@prnewswire.com,+380-321-120-9101
Ruthy,Bloomfield,Fuxin,19.08.1983,China,,+86-886-693-9305
Judi,Ruffle,Maikawada,31.10.1978,Indonesia,jruffleqt@house.gov,+62-413-378-3592
Pietrek,Lynam,Revava,28.06.1971,Israel,plynamqu@diigo.com,+972-856-126-5592
Merrily,Copper,,,,mcopperqv@webeden.co.uk,
Karole,Handrahan,Osasco,10.07.1986,Brazil,khandrahanqw@goodreads.com,+55-179-450-6728
Ranee,Krauze,Patique,02.09.1955,Philippines,rkrauzeqx@tmall.com,+63-793-224-7724
Hill,Spight,Itaboraí,11.02.1963,Brazil,hspightqy@squarespace.com,+55-356-102-7040
Celestine,Touson,Klatakan,23.08.1983,Indonesia,ctousonqz@elpais.com,+62-782-324-0074
Zachary,Grzeszczak,Wongsorejo,07.02.1959,Indonesia,zgrzeszczakr0@cnbc.com,+62-403-732-2127
Adamo,Badwick,Jūrat ash Sham‘ah,18.04.1980,Palestinian Territory,abadwickr1@seattletimes.com,+970-967-177-0409
Perrine,Burfoot,Bonneuil-sur-Marne,06.08.1961,France,,+33-582-165-8736
Cornie,Burges,Zhirnovsk,04.04.1953,Russia,cburgesr3@aol.com,+7-731-224-2417
Ethelind,Runacres,Zhengchang,11.07.1979,China,erunacresr4@dailymail.co.uk,+86-348-939-7942
Orbadiah,Yerborn,Parintins,30.10.1997,Brazil,oyerbornr5@ft.com,+55-487-769-6533
Annice,Burford,Magitang,26.03.1950,China,,+86-337-549-6923
Rae,Deboick,Tapilon,15.05.1980,Philippines,,+63-192-264-1334
Damaris,Laurance,Bhamdoun,23.02.1980,Lebanon,,+961-385-833-8456
Shell,Shard,Huangji,27.06.1991,China,sshardr9@macromedia.com,+86-768-864-6655
Pen,Orpen,La Unión,17.06.1987,Colombia,porpenra@liveinternet.ru,+57-304-781-4011
Aurthur,Fortin,Vysokogornyy,21.02.1991,Russia,afortinrb@imdb.com,+7-703-343-4187
Stephanie,Van der Daal,Frashër,25.11.1957,Albania,svanderdaalrc@tripod.com,+355-425-927-6413
Marne,Penright,Ban Na,24.10.1994,Thailand,mpenrightrd@yandex.ru,+66-350-323-2423
Vasili,Marcus,Siepraw,07.01.1978,Poland,vmarcusre@1und1.de,+48-775-899-2989
Christie,Etherington,Moussoro,18.02.1962,Chad,cetheringtonrf@skyrock.com,+235-999-345-5818
Pearline,Humburton,Carayaó,10.07.1971,Paraguay,phumburtonrg@psu.edu,+595-192-403-5271
Banky,Bateup,Cihe,20.02.1959,China,bbateuprh@goo.gl,+86-161-956-9763
Danielle,Pifford,Las Toscas,31.08.1991,Uruguay,,+598-813-360-4751
Errick,O' Hanvey,Kolodenka,23.05.1963,Ukraine,eohanveyrj@unc.edu,+380-721-621-9752
Vinny,Garey,Guadalupe,29.08.1998,Costa Rica,vgareyrk@hhs.gov,+506-989-484-0636
Markus,Pounds,Shuangjie,27.11.1957,China,mpoundsrl@addtoany.com,+86-332-693-7179
Malissia,Kunzel,Girsereng,09.01.1950,Indonesia,mkunzelrm@feedburner.com,+62-713-387-9161
Theodora,Kimmins,Novi Sad,20.07.1988,Serbia,tkimminsrn@state.tx.us,+381-590-567-7840
Wayne,Bett,Bondoufle,16.02.1983,France,,+33-502-696-3677
Delcina,Cullimore,Munse,18.11.1973,Indonesia,dcullimorerp@ebay.com,+62-883-686-5368
Doloritas,Thompsett,Tawen Aobao,07.05.1998,China,dthompsettrq@google.cn,+86-977-439-4565
Jonas,Wildgoose,Tsu-shi,17.01.1993,Japan,jwildgooserr@oaic.gov.au,+81-914-636-2989
