first_name,last_name,birth_place,birth_date,country_living_in,email,phone
Wilbert,Livoir,Shushi,07/16/1997,Azerbaijan,wlivoir0@multiply.com,214-462-8728
Dawn,Flowerden,Coutada,03/31/1972,Portugal,dflowerden1@instagram.com,886-799-1071
Franklyn,Sabban,Bābol,03/12/1962,Iran,fsabban2@theatlantic.com,988-703-1354
Rosy,Bastide,Västerås,07/04/1971,Sweden,,983-380-3333
Frasquito,Dormand,Abuochiche,02/14/1959,Nigeria,fdormand4@gizmodo.com,602-937-5819
Stephi,Cornall,Markivka,01/01/1981,Ukraine,,895-415-0788
Lorena,Blackburne,Huruta,01/01/1978,Ethiopia,lblackburne6@time.com,653-874-4669
Blanca,Pepperell,Zaragoza,07/22/1965,Guatemala,bpepperell7@skyrock.com,676-961-0239
Aleece,Stovine,Dengteke,11/30/1980,China,astovine8@taobao.com,221-314-7458
Horton,Tunnicliffe,Vila Fria,04/29/1976,Portugal,,632-828-1280
Mary,Reeves,Sibulan,12/19/1970,Philippines,mreevesa@webeden.co.uk,493-913-2217
Sumner,Rambaut,Ngama,11/05/1992,Chad,,657-236-5744
Germain,Riglesford,Ngô Đồng,08/14/1990,Vietnam,griglesfordc@about.com,397-679-7382
Dottie,Cresar,Río Blanquito,10/03/1994,Honduras,dcresard@businessweek.com,614-294-1740
Fina,Dullaghan,Três Pontas,07/22/1957,Brazil,fdullaghane@telegraph.co.uk,304-965-9122
Idette,Habbes,Estrada,09/01/1977,Portugal,ihabbesf@admin.ch,650-675-5377
Nolly,Tydd,Siikainen,08/13/1979,Finland,ntyddg@surveymonkey.com,591-690-3171
Elaina,Blore,Samobor,05/30/1972,Croatia,ebloreh@google.de,963-646-2035
Traver,Andreazzi,Vaiusu,07/06/1976,Samoa,tandreazzii@feedburner.com,915-301-3851
Shalom,Ibbitt,Nanjie,06/12/1967,China,sibbittj@soundcloud.com,725-611-9497
Merrie,Josuweit,Río Tercero,02/06/1985,Argentina,mjosuweitk@posterous.com,758-478-0038
Vallie,Mintoff,Velyka Bilozerka,12/28/1990,Ukraine,vmintoffl@ning.com,626-185-3654
Simone,Rudland,Pietà,04/10/1980,Malta,srudlandm@blogspot.com,632-229-7854
Baldwin,Horwell,Rominimbang,08/11/1975,Philippines,bhorwelln@imdb.com,821-385-2359
Chelsae,Segrave,Ping’an,01/17/1984,China,csegraveo@technorati.com,420-144-4442
Nixie,Bastian,Leticia,10/07/1964,Peru,nbastianp@hud.gov,992-740-0116
Terrijo,Stenton,Kisanga,02/22/1994,Tanzania,tstentonq@state.tx.us,789-444-9751
Nat,Bilby,Saripin,02/08/1954,Indonesia,nbilbyr@123-reg.co.uk,959-893-8969
Lisle,Siveyer,Masingbi,08/15/1975,Sierra Leone,,758-350-6804
Betteanne,Featley,Guaíba,06/19/1984,Brazil,bfeatleyt@linkedin.com,792-523-2062
Rachele,Frostdyke,Dongjiao,06/13/1955,China,,581-418-5284
Engelbert,Jenicke,Aţ Ţafīlah,11/02/1992,Jordan,ejenickev@people.com.cn,469-701-5114
Constance,Casajuana,Barreiras,09/26/1959,Portugal,ccasajuanaw@huffingtonpost.com,383-346-1792
Lelah,Itzkowicz,Jinrui,08/10/1965,China,litzkowiczx@utexas.edu,367-138-5314
Barb,Nial,Lukovë,08/04/1959,Albania,bnialy@tumblr.com,880-971-8170
Dorris,Arntzen,,,,darntzenz@hud.gov,
Meta,Bosma,Gyeongsan-si,02/07/1963,South Korea,mbosma10@imgur.com,563-157-9888
Amberly,Wicken,Linggamanik,02/27/1965,Indonesia,awicken11@un.org,879-877-8387
Any,MacKain,Tul’chyn,12/05/1999,Ukraine,amackain12@guardian.co.uk,148-770-1035
Adler,Sandbatch,Yenangyaung,08/26/1967,Myanmar,asandbatch13@lycos.com,311-585-2540
Catharine,Spirit,Ningyuan,10/21/1959,China,cspirit14@cnbc.com,207-924-6994
Werner,Jolley,Vanderhoof,05/15/1960,Canada,wjolley15@printfriendly.com,863-452-1266
Arturo,Georgiev,,,,ageorgiev16@economist.com,
Danya,Maty,Wangkung,03/03/1989,Indonesia,dmaty17@dedecms.com,174-429-9506
Ennis,Lovemore,Metz,09/28/1984,France,elovemore18@blogs.com,119-862-0671
Ilsa,Younger,Rožďalovice,11/03/1973,Czech Republic,,629-748-7675
Grover,Baverstock,,,,gbaverstock1a@indiatimes.com,
Dalston,Ivshin,Dongchengyuan,11/18/1988,China,divshin1b@dot.gov,830-105-2283
Myrah,Mingard,Yuyue,09/15/1986,China,mmingard1c@foxnews.com,159-604-7861
Terese,Wortman,Mauá,12/10/1951,Brazil,,173-809-5742
Conni,Olohan,Chantal,12/30/1985,Haiti,colohan1e@scribd.com,915-211-1233
Ilsa,Ahren,Pantang,05/27/1962,China,iahren1f@ucla.edu,213-380-8024
Stephan,Cardenas,Megalópoli,01/18/1987,Greece,scardenas1g@lulu.com,339-762-5623
Pietrek,Dawkins,,,,,
Elliot,Gyver,Akunk’,05/05/1980,Armenia,egyver1i@wordpress.com,125-974-5382
Mathias,Cozby,Paraíso,12/15/1992,Costa Rica,mcozby1j@wikispaces.com,264-202-2496
Kingston,Renon,Yuankeng,01/07/1990,China,krenon1k@example.com,298-885-8577
Theodor,Danielkiewicz,Qingshan,10/27/1991,China,,422-798-1718
Burnard,Purkess,Sindou,06/12/1974,Burkina Faso,,820-286-9236
Bayard,Barrasse,Beroroha,02/19/1994,Madagascar,,361-529-6768
Dotti,Truckell,Gaoqiao,05/03/1974,China,dtruckell1o@paypal.com,736-852-8246
Di,Ilymanov,Lyalichi,11/28/1965,Russia,dilymanov1p@behance.net,947-452-0382
Jakob,Trusdale,Abaetetuba,05/04/1958,Brazil,jtrusdale1q@wikia.com,794-516-5169
Debra,Ganter,,,,dganter1r@4shared.com,
Lizabeth,Perrett,Pavliš,08/12/1956,Serbia,lperrett1s@indiegogo.com,701-276-9546
Kingston,Wann,Kristinehamn,04/24/1981,Sweden,,755-794-4056
Wang,Shanklin,Crato,07/31/1958,Brazil,wshanklin1u@japanpost.jp,134-715-9656
Dori,Clendennen,Chur,09/20/1983,Switzerland,dclendennen1v@who.int,171-303-2587
Xever,Mollitt,Charlotte,04/06/1976,United States,xmollitt1w@dedecms.com,704-775-7423
Chick,Bloodworthe,Jiblah,02/19/1972,Yemen,cbloodworthe1x@soundcloud.com,173-946-7119
Gena,Naper,Ono,07/20/1962,Japan,gnaper1y@cdbaby.com,702-140-4965
Harwilll,Nelson,Kuroishi,05/06/1975,Japan,,922-550-2955
Lucretia,Poleykett,Paôy Pêt,03/24/1965,Cambodia,lpoleykett20@joomla.org,449-310-8258
Janaye,Blomefield,Port Glaud,05/26/1972,Seychelles,jblomefield21@eventbrite.com,703-348-5586
Arvy,Moscrop,Sumurasin,02/23/1956,Indonesia,amoscrop22@imageshack.us,100-868-3900
Lawry,Elger,Solna,04/02/1950,Sweden,lelger23@google.co.uk,494-191-8789
Bastian,Vint,Asmara,09/18/1985,Eritrea,,599-209-6062
Rosette,Tungay,Kuala Lumpur,11/05/1975,Malaysia,rtungay25@howstuffworks.com,670-510-5183
Ferrel,Youthead,Gōtsuchō,09/15/1974,Japan,fyouthead26@slideshare.net,430-828-6433
Brinna,Prando,Monastir,03/10/1988,Tunisia,bprando27@buzzfeed.com,603-562-8171
Jose,Lethem,San Miguel,09/19/1958,Paraguay,jlethem28@ovh.net,507-842-0378
Sheree,Douthwaite,Zvishavane,03/21/1969,Zimbabwe,sdouthwaite29@nymag.com,413-318-3147
Cristie,Scramage,Thị Trấn Tủa Chùa,03/03/1964,Vietnam,cscramage2a@miitbeian.gov.cn,852-580-7138
Aylmar,Bolino,Obrenovac,07/24/1958,Serbia,abolino2b@deliciousdays.com,611-589-2978
Moira,Souza,Chaupimarca,12/29/1964,Peru,msouza2c@techcrunch.com,873-165-8829
Tildi,Eliaz,Saratak,02/16/1967,Armenia,teliaz2d@imageshack.us,930-397-9044
Laurence,Kunrad,Täby,08/11/1997,Sweden,lkunrad2e@bing.com,648-619-3352
Fonsie,Doogood,Hannō,01/09/1970,Japan,fdoogood2f@mayoclinic.com,255-283-2209
Sebastien,Dye,Černovice,01/27/1998,Czech Republic,sdye2g@topsy.com,385-892-9629
Octavia,Chason,Changqiao,04/12/1952,China,ochason2h@cdc.gov,292-398-6830
Edita,Von Hindenburg,Rauco,03/04/1996,Chile,evonhindenburg2i@printfriendly.com,871-425-1748
Grannie,Anniwell,Outeiro Seco,03/07/1953,Portugal,ganniwell2j@ifeng.com,244-571-1452
Gertie,Hukins,Yashalta,06/28/1983,Russia,,561-424-2541
Correy,Carlin,Dongmazar,08/03/1997,China,ccarlin2l@hao123.com,995-850-5833
Eldin,Vince,Wujia,04/18/1952,China,evince2m@posterous.com,947-359-3394
Amory,Brombell,Kovrov,12/23/1957,Russia,abrombell2n@oaic.gov.au,492-268-6159
Edna,Cherrett,Lokoja,09/14/1994,Nigeria,echerrett2o@free.fr,660-155-3247
Merl,Paling,Mixco,06/18/1988,Guatemala,mpaling2p@smugmug.com,315-167-7004
Edyth,McGillicuddy,Boronów,08/08/1997,Poland,emcgillicuddy2q@marketwatch.com,976-691-1201
Lila,Bedder,Yazykovo,11/21/1985,Russia,lbedder2r@nytimes.com,336-401-0221
Verene,Collinson,Hinunangan,07/08/1994,Philippines,vcollinson2s@shop-pro.jp,814-415-6162
Tome,Showering,Masis,12/03/1956,Armenia,tshowering2t@joomla.org,602-724-4323
Dick,Straughan,Shalizhai,12/09/1964,China,dstraughan2u@cnn.com,357-554-9033
Carly,Dreier,Weihe,07/02/1991,China,cdreier2v@bandcamp.com,181-823-5814
Debera,Rangall,Kokembang,11/26/1951,Indonesia,drangall2w@so-net.ne.jp,322-626-4319
Terrel,Parkhouse,Yiyang,12/09/1989,China,,211-191-5442
Paige,Borer,Enschede,09/08/1958,Netherlands,,365-443-2863
Zeb,Fitzpatrick,Sarukhan,07/20/1973,Armenia,zfitzpatrick2z@google.fr,254-995-8306
Abie,Crimmins,Yucheng,01/18/1965,China,acrimmins30@bloomberg.com,405-438-2550
Lorita,Icom,Mikhnëvo,09/30/1960,Russia,licom31@trellian.com,426-994-6379
Gisele,Greenan,Guandu,09/12/1966,China,ggreenan32@weibo.com,347-590-5073
Thaine,Wyles,Étampes,10/13/1963,France,twyles33@hp.com,223-937-7851
Langsdon,Knoble,,,,lknoble34@mozilla.org,
Tristan,Enriquez,Iza,05/08/1961,Ukraine,tenriquez35@etsy.com,595-823-6518
Saree,Pau,,,,spau36@jigsy.com,
Leroy,Botten,Tandahimba,12/01/1998,Tanzania,lbotten37@ibm.com,985-606-0616
Imogene,Petyanin,Atlanta,09/21/1976,United States,ipetyanin38@g.co,770-917-8459
Kincaid,Avann,Itumbiara,06/03/1969,Brazil,kavann39@foxnews.com,243-829-2880
Patti,Noblet,Karanyowka,08/27/1996,Belarus,pnoblet3a@qq.com,881-870-2340
Erhart,Stiegars,Sanshan,01/01/1951,China,,552-375-8437
Clarisse,Mallalieu,Cavaillon,01/24/1978,France,cmallalieu3c@homestead.com,126-516-3354
Fanny,Smeall,Shanjiang,10/30/1997,China,fsmeall3d@hp.com,186-496-1239
Bond,Curner,Thị Trấn Yên Phú,11/13/1990,Vietnam,bcurner3e@youtube.com,606-291-1111
Chrissy,Pietzner,Starotitarovskaya,06/18/1990,Russia,cpietzner3f@google.es,206-594-7175
Drud,Myrick,Choma,02/13/1993,Zambia,,756-905-2359
Nannette,Biasini,Chor,10/07/1969,Pakistan,nbiasini3h@whitehouse.gov,308-412-5759
Jeth,Ebbs,Reda,03/29/1950,Poland,,152-747-8342
Manolo,Eltone,Juazeiro do Norte,12/22/1954,Brazil,meltone3j@yellowpages.com,878-752-9878
Jemie,Donnellan,Singaraja,09/26/1953,Indonesia,jdonnellan3k@sbwire.com,225-537-0552
Halli,Jolliffe,Limen,03/23/1981,China,hjolliffe3l@wiley.com,994-906-1434
Ward,Hamal,Ozatlán,07/02/1965,El Salvador,whamal3m@symantec.com,939-547-9530
Domingo,Hurlestone,Khenifra,10/25/1951,Morocco,dhurlestone3n@google.de,661-266-3688
Sally,Gillson,Qesarya,01/14/1951,Israel,sgillson3o@reference.com,380-591-8210
Annissa,Fronks,No Kunda,12/06/1993,Gambia,afronks3p@facebook.com,861-256-1121
Dov,Ensten,Yanagawamachi-saiwaichō,11/05/1993,Japan,densten3q@quantcast.com,761-204-4341
Damien,Lodford,,,,dlodford3r@wiley.com,
Richardo,Lambis,Yaroslavskaya,05/19/1974,Russia,rlambis3s@paginegialle.it,155-433-2500
Joya,Wealthall,Aku,05/01/1979,Nigeria,jwealthall3t@opensource.org,963-453-1857
Allsun,Coatts,San Juan Bautista,10/27/1985,Guatemala,,646-992-4680
Ario,Allsep,Qaryat ad Da‘īs,09/11/1976,Yemen,,534-374-2941
Berkly,Brehault,Huangni,11/15/1985,China,bbrehault3w@aol.com,914-802-6629
Davie,Toderi,Chuanshan,11/10/1960,China,dtoderi3x@time.com,477-748-7213
Clarita,Tongs,Zaolin,02/13/1950,China,ctongs3y@scribd.com,839-115-6975
Evvy,Hewins,Del Valle,10/17/1968,Mexico,ehewins3z@timesonline.co.uk,797-494-1751
Alameda,Whithalgh,Qijiaxi,09/10/1966,China,,769-623-5506
Alejandro,Passfield,,,,,
Benjy,Assender,Daleman,11/16/1955,Indonesia,bassender42@fema.gov,934-472-2321
Revkah,Westrip,Guiset East,07/04/1969,Philippines,rwestrip43@hostgator.com,101-333-0860
Anthiathia,Tallet,São Sepé,07/03/1952,Brazil,,689-580-2733
Jorey,Sea,Pliska,12/05/1972,Bulgaria,jsea45@com.com,484-916-2084
Renate,Cordon,Palguyod,10/26/1996,Philippines,,403-727-9941
Annabell,Gowdy,Ogden,09/14/1964,United States,agowdy47@umich.edu,801-181-6170
Kissie,Clarae,Minokamo,06/12/1962,Japan,kclarae48@sciencedirect.com,464-873-7419
Marnie,Ireson,Zborovice,12/22/1998,Czech Republic,mireson49@ebay.co.uk,951-764-3866
Shaughn,Writer,Wangdain,06/26/1960,China,swriter4a@state.tx.us,576-204-6630
Oswell,McKeighan,Crossfield,04/08/1970,Canada,omckeighan4b@tmall.com,890-698-3386
Lexie,Addicott,Maracanaú,07/21/1970,Brazil,laddicott4c@instagram.com,570-476-8141
Diana,Wilton,Saint Joseph,04/24/1988,United States,dwilton4d@unesco.org,816-714-4935
Buck,Lamond,Awat,10/18/1996,China,blamond4e@altervista.org,138-564-8368
Blondie,Kleimt,Kozhanka,10/10/1951,Ukraine,bkleimt4f@nasa.gov,156-951-4484
Dania,Horley,Banjarejo,03/23/1963,Indonesia,dhorley4g@loc.gov,133-772-3586
Sheppard,Saer,Carapo,11/21/1958,Peru,ssaer4h@illinois.edu,454-400-7561
Barr,Creelman,Kýria,08/23/1989,Greece,bcreelman4i@wp.com,382-272-2827
Emmet,Allflatt,Jinsha,07/15/1991,China,eallflatt4j@studiopress.com,659-704-9397
Lin,Breddy,Lishui,09/29/1978,China,lbreddy4k@ucoz.com,610-427-9568
Cherin,Giacoppoli,,,,,
Clifford,Camosso,Sumberbaru,04/21/1967,Indonesia,ccamosso4m@uol.com.br,629-833-2262
Marita,Hissie,,,,mhissie4n@springer.com,
Helenka,Fincke,Néa Palátia,11/30/1980,Greece,hfincke4o@acquirethisname.com,123-966-0278
Torrance,Almon,Tchoban Bey,03/09/1959,Syria,,772-235-4934
Salem,Goodison,Jinhe,02/23/1981,China,sgoodison4q@ifeng.com,915-861-4604
Smith,Cowerd,Georgiyevka,04/28/1963,Russia,scowerd4r@4shared.com,151-875-1838
Othelia,Hearne,København,12/28/1958,Denmark,ohearne4s@hud.gov,833-690-8069
Demott,Steadman,Beloyarskiy,03/30/1976,Russia,dsteadman4t@prnewswire.com,836-268-8006
Vittoria,Warmington,Ciemas,06/24/1988,Indonesia,vwarmington4u@dot.gov,842-932-8957
Abel,Eliaz,Suci Kaler,12/10/1962,Indonesia,,551-208-0943
Cleon,Father,Sidi Moussa,10/11/1979,Morocco,cfather4w@odnoklassniki.ru,758-157-5433
Roze,Irving,Padre Burgos,07/02/1955,Philippines,rirving4x@shop-pro.jp,651-479-1416
Luther,Feldhuhn,Morteros,05/25/1976,Argentina,lfeldhuhn4y@google.ru,598-535-1747
Lacie,Drewet,Bojonggaling,04/26/1994,Indonesia,ldrewet4z@liveinternet.ru,636-403-8291
Andrej,Henden,Johor Bahru,12/25/1956,Malaysia,ahenden50@army.mil,134-286-3005
Iago,Tindall,Hienghène,07/25/1983,New Caledonia,itindall51@nifty.com,314-246-8826
Cortney,Meriguet,Amarillo,06/25/1983,United States,cmeriguet52@diigo.com,865-148-9000
Willdon,Stapells,Haramgai,06/07/1975,China,wstapells53@bluehost.com,362-635-0632
Berte,Slinger,Zelenodolsk,01/15/1978,Russia,bslinger54@csmonitor.com,927-144-3326
Lucienne,Cullagh,Behābād,09/25/1991,Iran,lcullagh55@engadget.com,897-123-4701
Gregoire,Kinkead,Eusébio,04/30/1968,Brazil,gkinkead56@prweb.com,847-562-9541
Abbi,McNirlan,Duowa,04/12/1966,China,,295-160-5216
Noland,Verity,Tegalalang,11/17/1987,Indonesia,nverity58@nydailynews.com,277-251-5074
Kale,Lowell,Jiudu,07/25/1972,China,klowell59@intel.com,645-993-7466
Josselyn,Blizard,Mörön,03/29/1970,Mongolia,jblizard5a@1688.com,809-807-3639
Laraine,De Bischop,Benito Juarez,03/19/1998,Mexico,ldebischop5b@last.fm,679-400-9925
Broddie,Lehrmann,Strellc i Ulët,09/17/1967,Kosovo,blehrmann5c@pagesperso-orange.fr,343-414-0022
Olivia,Eddison,Zhongxing,11/11/1953,China,,830-515-7905
Benoite,Dradey,Jiangtian,02/13/1966,China,bdradey5e@cnbc.com,264-360-3896
Nat,Heckner,Mātli,04/21/1953,Pakistan,nheckner5f@nbcnews.com,885-868-2582
Bobby,Cowderay,Guiyang,08/05/1983,China,bcowderay5g@samsung.com,471-731-7652
Analise,Spinas,Łubnice,08/16/1974,Poland,aspinas5h@dyndns.org,325-366-5448
Craggy,Suermeier,La Palma,01/29/1962,Mexico,,987-846-1374
Munroe,Blankenship,Ruixi,05/11/1983,China,mblankenship5j@hatena.ne.jp,466-355-0274
Ban,Hardware,Oranjestad,12/22/1988,"Bonaire, Saint Eustatius and Saba ",bhardware5k@chicagotribune.com,892-414-2852
Aaren,Cubbit,Dmitriyevka,06/09/1995,Russia,acubbit5l@google.com,621-256-0547
Tommie,Heselwood,Lingbei,10/11/1961,China,,342-619-4859
Salomon,Michal,Kanshan,09/05/1966,China,smichal5n@rakuten.co.jp,126-697-2581
Cilka,Luipold,Altavista,08/22/1960,Mexico,cluipold5o@mlb.com,585-789-5773
Isidora,Tindall,Omoku,03/28/1956,Nigeria,itindall5p@ezinearticles.com,337-594-6681
Jim,Bowskill,Velikiye Luki,06/07/1955,Russia,jbowskill5q@cyberchimps.com,841-961-5833
Clyve,Fullun,,,,cfullun5r@woothemes.com,
Mischa,Thay,Bordeaux,09/02/1975,France,,100-881-9646
Doris,Aubray,Hövsan,08/13/1973,Azerbaijan,daubray5t@apache.org,394-554-6820
Robinet,Sunshine,Tiandiba,01/15/1956,China,rsunshine5u@shutterfly.com,179-685-6583
Kizzee,Voysey,Tejakalapa,12/22/1952,Indonesia,kvoysey5v@t.co,914-362-8751
Jerry,Moylan,Gunziying,12/20/1951,China,jmoylan5w@columbia.edu,466-829-1779
Ariana,Holliar,Xiantang,08/05/1972,China,aholliar5x@e-recht24.de,902-402-1284
Silvanus,Blumsom,Takefu,12/01/1978,Japan,,208-334-3947
Emlyn,Lynett,Smečno,07/29/1986,Czech Republic,elynett5z@mtv.com,632-130-4729
Hilde,Osgerby,Laoxialu,09/13/1999,China,hosgerby60@lycos.com,522-634-1882
Mercy,Sangar,Cihampelas,02/17/1994,Indonesia,msangar61@bbc.co.uk,529-421-3441
Codie,McDaid,Três Passos,02/16/1972,Brazil,,979-636-0124
Maynard,Foucar,Luleå,01/28/1961,Sweden,mfoucar63@chronoengine.com,391-130-2934
Kettie,Sellwood,Mandi Bahāuddīn,09/16/1961,Pakistan,ksellwood64@ucoz.ru,360-590-6203
Sheela,Salkild,,,,ssalkild65@plala.or.jp,
Kordula,Stanbra,Jiaozhou,06/27/1987,China,kstanbra66@sina.com.cn,534-492-4263
Astra,Lemanu,Jiangkou,06/06/1981,China,alemanu67@seesaa.net,831-699-2462
Nataniel,Arnison,Hallsberg,04/11/1958,Sweden,narnison68@wp.com,828-447-3597
Harriott,Grammer,Dondon,01/12/1950,Haiti,hgrammer69@hexun.com,920-655-3125
Sonnie,Edworthy,Ajaccio,05/25/1966,France,,720-233-7542
Ganny,Filby,Santo Niño,08/08/1992,Philippines,gfilby6b@usgs.gov,579-893-8565
Eddie,Wisniowski,Dežanovac,11/11/1978,Croatia,ewisniowski6c@sciencedaily.com,293-506-8347
Maurice,Philipeaux,San José de Barlovento,06/13/1988,Venezuela,,709-173-4098
Joleen,Canty,,,,jcanty6e@ameblo.jp,
Kerry,Stangoe,Trà Vinh,05/21/1983,Vietnam,kstangoe6f@csmonitor.com,502-676-2163
Leena,Clemoes,Shiren,06/14/1984,China,lclemoes6g@t-online.de,116-328-4445
Dorey,Binnall,,,,dbinnall6h@google.co.uk,
Aylmar,Minthorpe,Huolongping,01/20/1964,China,aminthorpe6i@sogou.com,805-193-4397
Anabal,Jex,Ramotswa,06/28/1976,Botswana,ajex6j@salon.com,125-441-5800
Randy,Sor,Sobreira,06/25/1960,Portugal,rsor6k@dyndns.org,103-258-2748
Zandra,Tather,Lhokkruet,05/02/1989,Indonesia,,521-309-0008
Boone,Worgen,Ladário,02/17/1959,Portugal,bworgen6m@theatlantic.com,355-528-0149
Leoine,Riddell,Faranah,03/19/1982,Guinea,lriddell6n@indiegogo.com,689-820-6960
Maritsa,Selkirk,Kabar Utara,09/25/1977,Indonesia,mselkirk6o@smugmug.com,418-236-4773
Forester,Gissing,Hukvaldy,07/25/1950,Czech Republic,,509-510-7316
Lutero,Wateridge,Náchod,08/25/1968,Czech Republic,lwateridge6q@ebay.com,540-749-0339
Cleavland,O'Hannigan,Pontalina,08/22/1964,Brazil,cohannigan6r@upenn.edu,556-875-5552
Violet,Scholz,Chinch'ŏn,08/20/1983,South Korea,vscholz6s@washingtonpost.com,168-825-9675
Bron,Melross,Changgucheng,12/03/1973,China,bmelross6t@mozilla.org,604-980-7119
Temple,Lote,Lacroix-Saint-Ouen,03/19/1952,France,tlote6u@multiply.com,987-132-4157
Tristam,Hamer,Madīnat Sittah Uktūbar,04/18/1982,Egypt,thamer6v@china.com.cn,585-528-5203
Valenka,Bullivent,Kafr Nubl,09/18/1954,Syria,vbullivent6w@rambler.ru,555-286-0447
Brett,MacIan,Józefów,08/08/1957,Poland,,811-388-6999
Paten,Ventris,Thomassique,11/05/1954,Haiti,,735-675-3252
Stephine,Haylett,Arpajon,08/15/1995,France,shaylett6z@woothemes.com,532-682-5065
Birdie,Demogeot,Jubung,03/28/1969,Indonesia,bdemogeot70@fda.gov,333-968-3778
Jourdan,Manuelli,Lancar,02/12/1966,Indonesia,jmanuelli71@istockphoto.com,665-196-8226
Amie,Scantlebury,El Espino,05/20/1989,Colombia,ascantlebury72@dropbox.com,203-857-2974
Barbabas,Challender,Sparwood,01/09/1970,Canada,,402-121-5419
Aidan,Kinchlea,Lương Bằng,06/05/1979,Vietnam,akinchlea74@bandcamp.com,935-746-7816
Emmalee,Gallant,Lungmar,02/16/1975,China,egallant75@squidoo.com,984-129-2982
Sybila,Hadrill,Wenping,06/16/1956,China,shadrill76@yahoo.co.jp,920-769-2657
Karisa,Paolucci,Xinsheng,07/28/1989,China,kpaolucci77@aol.com,699-519-8116
Feodor,Bohler,Ballitoville,08/05/1998,South Africa,fbohler78@rediff.com,882-113-7916
Eb,Talby,Quito,03/16/1958,Ecuador,etalby79@hud.gov,993-915-7083
Cletis,Bruckshaw,Tsagaan-Ovoo,06/17/1984,Mongolia,cbruckshaw7a@fastcompany.com,478-800-3103
Kelci,Dennerley,Monte Novo,09/05/1981,Portugal,kdennerley7b@sfgate.com,504-100-9479
Sarge,Durnall,Américo Brasiliense,06/20/1981,Brazil,sdurnall7c@cnet.com,203-106-1497
Burlie,Macellar,Pongkor,07/01/1982,Indonesia,bmacellar7d@imdb.com,845-133-2183
Letta,Dellenbroker,Quiruvilca,08/14/1956,Peru,ldellenbroker7e@discuz.net,257-112-2513
Mauricio,Giottoi,Vysoké Mýto,06/09/1972,Czech Republic,mgiottoi7f@networkadvertising.org,670-277-9469
Delcine,Matisoff,Novi Bilokorovychi,02/09/1968,Ukraine,dmatisoff7g@guardian.co.uk,823-784-5356
Philippine,Pittaway,Quilmes,02/28/1984,Argentina,,980-959-8373
Meyer,Stroobant,Oslo,06/18/1961,Norway,,483-600-7035
Ivy,Farnes,Kavarna,09/09/1991,Bulgaria,ifarnes7j@fema.gov,670-494-3909
Delphine,Hatherley,Da’an,01/24/1995,China,dhatherley7k@ftc.gov,940-471-4808
Terrie,Pettinger,San Francisco,09/11/1970,United States,tpettinger7l@nih.gov,415-629-3225
Antonina,Eburne,,,,aeburne7m@mac.com,
Gerianne,Feenan,Rio,11/04/1986,Portugal,,564-825-5163
Merle,Cattach,Kletek,09/13/1958,Indonesia,mcattach7o@360.cn,709-138-1537
Joy,Lackney,Lamawan,04/01/1976,China,jlackney7p@soundcloud.com,632-543-9476
Beatriz,Pettersen,São Gabriel da Cachoeira,09/28/1975,Brazil,bpettersen7q@csmonitor.com,582-296-8246
Ingrid,Banes,Opatovice nad Labem,12/02/1956,Czech Republic,ibanes7r@plala.or.jp,200-287-2803
Eba,Landa,Krayen,07/06/1996,Indonesia,elanda7s@blogspot.com,100-733-5626
Biddy,Tacker,Al Wardānīn,11/13/1974,Tunisia,btacker7t@uol.com.br,935-566-6825
Alayne,Wadham,Jobabo,02/08/1972,Cuba,awadham7u@typepad.com,427-919-9306
Rosita,Hefferon,Český Těšín,09/13/1965,Czech Republic,rhefferon7v@indiatimes.com,618-865-0558
Willey,Buckthought,Osveya,01/11/1951,Belarus,wbuckthought7w@ycombinator.com,336-334-1818
Renato,Hurdiss,San Pedro,03/03/1995,Philippines,rhurdiss7x@scientificamerican.com,800-840-1414
Niven,Finnemore,Mangochi,12/20/1966,Malawi,nfinnemore7y@myspace.com,300-299-6763
Arturo,Obeney,Kuangshan,04/05/1980,China,aobeney7z@wikispaces.com,837-225-5639
Kristopher,Wedlock,Izazi,02/11/1993,Tanzania,kwedlock80@bloomberg.com,384-512-9493
Opalina,Dovermann,Cortes,07/03/1982,Portugal,odovermann81@github.io,320-289-2622
Enrique,Cordon,Bahe,05/04/1989,China,ecordon82@google.pl,209-650-9516
Adler,Daniele,Legok,02/01/1971,Indonesia,adaniele83@usgs.gov,507-236-6416
Minnaminnie,Budnk,Outokumpu,11/25/1962,Finland,mbudnk84@unicef.org,365-617-3381
Gerti,Elener,,,,gelener85@slate.com,
Ailyn,Rought,Bergerac,03/30/1964,France,arought86@youtube.com,103-461-6980
Neville,Fairy,Manghit,11/11/1983,Uzbekistan,nfairy87@stumbleupon.com,367-946-7806
Ewell,Campkin,Trelleborg,11/06/1969,Sweden,ecampkin88@marriott.com,851-627-4883
George,Degue,Lovisa,09/21/1960,Finland,gdegue89@liveinternet.ru,241-395-5927
Buddie,Gonthier,Néa Sánta,08/07/1951,Greece,,549-439-5934
Hayden,Lloyd-Williams,Andaray,05/01/1957,Peru,hlloydwilliams8b@dropbox.com,153-758-8519
Luca,Gaudin,Ake-Eze,11/19/1984,Nigeria,lgaudin8c@webeden.co.uk,198-628-7941
Matthieu,Scarff,Puntarenas,07/26/1981,Costa Rica,mscarff8d@elpais.com,106-765-2813
Meryl,Aronin,Las Flores,11/03/1972,Mexico,maronin8e@engadget.com,244-444-1271
Kai,Stoggell,Preko,05/07/1992,Croatia,kstoggell8f@yahoo.co.jp,227-470-9148
Darrell,Ellis,Alcorriol,09/20/1978,Portugal,,278-843-9841
Mada,Syversen,Zagazig,07/29/1989,Egypt,msyversen8h@odnoklassniki.ru,504-113-9108
Brynna,Rizzo,Songgang,10/26/1985,China,brizzo8i@alexa.com,474-420-4424
Charlton,Gore,Mbongawani,12/20/1959,Indonesia,cgore8j@adobe.com,765-279-8781
Myrah,Dockree,Villa Santa Rosa,06/05/1962,Argentina,mdockree8k@free.fr,664-723-6260
Riobard,Sitch,Mailsi,11/22/1996,Pakistan,rsitch8l@opera.com,672-952-0721
Georas,Lohde,Gengqing,10/11/1977,China,,438-179-9904
Brigg,Lethebridge,Sinop,02/04/1959,Brazil,blethebridge8n@stanford.edu,657-387-9503
Lyman,Nisen,,,,lnisen8o@prnewswire.com,
Bobbe,Standall,Shardara,08/01/1961,Kazakhstan,bstandall8p@miibeian.gov.cn,695-293-2245
Deerdre,Hallor,Paris 11,11/11/1953,France,dhallor8q@shutterfly.com,511-704-5985
Allen,Lauxmann,Kon Dơng,02/27/1961,Vietnam,alauxmann8r@netlog.com,128-990-6259
Papagena,Fleury,Aranas Sur,01/12/1973,Philippines,pfleury8s@about.com,533-556-1597
Rancell,Cuberley,Gulyantsi,11/20/1955,Bulgaria,rcuberley8t@tripadvisor.com,716-943-0585
Turner,Jacobson,Hehu,11/29/1976,China,tjacobson8u@techcrunch.com,369-184-6306
Moina,Rumsey,Marabá,06/20/1983,Brazil,mrumsey8v@google.de,619-154-2172
Karita,Werlock,Manama,10/10/1984,Bahrain,kwerlock8w@ning.com,791-242-1191
Elmer,Patten,Bali,08/05/1997,Cameroon,epatten8x@youtu.be,902-945-1503
Remy,Ciubutaro,Lenešice,12/15/1991,Czech Republic,rciubutaro8y@marriott.com,222-265-8993
Jorey,Lovelace,Hāsilpur,05/21/1994,Pakistan,jlovelace8z@purevolume.com,532-411-9724
Jeri,Grinyov,Mosfilotí,07/09/1974,Cyprus,jgrinyov90@dell.com,881-736-5121
Lottie,Papworth,Rybinsk,08/20/1978,Russia,,147-441-4276
Pietro,Cubbit,Langensari,12/12/1982,Indonesia,pcubbit92@nsw.gov.au,824-802-9490
Kirby,Breyt,Baizhifang,11/20/1983,China,kbreyt93@so-net.ne.jp,571-653-7482
Danyette,Teague,,,,dteague94@de.vu,
Shay,Trevear,Dongli,05/21/1987,China,strevear95@earthlink.net,496-430-0436
Ema,Bardell,Pershotravneve,01/17/1976,Ukraine,ebardell96@patch.com,467-710-3854
Orion,Balam,Alajuelita,05/27/1992,Costa Rica,,466-516-7287
Kris,Firman,Natakoli,08/31/1977,Indonesia,kfirman98@auda.org.au,249-894-1162
Zarah,Ludwikiewicz,Knežica,03/28/1963,Bosnia and Herzegovina,zludwikiewicz99@msu.edu,475-153-7324
Bart,Verissimo,Pondokdalem,09/26/1980,Indonesia,bverissimo9a@cbc.ca,358-368-5962
Jasmin,Thame,Matahuasi,12/10/1984,Peru,jthame9b@latimes.com,290-297-9922
Austin,Fright,Nixi,10/25/1968,China,afright9c@hp.com,779-774-4880
Dar,Mallabon,Eséka,07/29/1989,Cameroon,dmallabon9d@cnbc.com,959-145-0958
Barde,Eaken,‘Awaj,04/07/1970,Syria,beaken9e@technorati.com,295-401-8208
Nolan,Crombleholme,Las Animas,11/29/1953,Chile,ncrombleholme9f@cam.ac.uk,500-620-8098
Tawsha,Silvers,Porirua,09/11/1995,New Zealand,tsilvers9g@wisc.edu,959-462-4124
Briny,Boulding,Aghajari,01/20/1978,Iran,bboulding9h@psu.edu,526-793-8319
Quintana,Danilov,Solna,10/07/1998,Sweden,qdanilov9i@nps.gov,750-854-5372
Chalmers,Balas,Bardiyā,12/21/1951,Nepal,cbalas9j@sfgate.com,138-114-0476
Ty,Peake,,,,tpeake9k@state.gov,
Ariella,Huller,Qianxu Zhen,05/27/1973,China,ahuller9l@netlog.com,547-548-7581
Coralie,Pollok,Ust-Kamenogorsk,10/08/1989,Kazakhstan,cpollok9m@hubpages.com,742-548-6538
Darcey,Moggan,Lumbangan,01/10/1981,Philippines,dmoggan9n@oaic.gov.au,882-617-7659
Adair,Sewards,Krajan Dua Putukrejo,07/30/1984,Indonesia,asewards9o@github.io,853-135-0449
Phip,Yewdall,Bela Vista,09/09/1981,Brazil,pyewdall9p@amazonaws.com,539-443-2481
Marcelia,Fanshawe,Strömsund,05/21/1995,Sweden,mfanshawe9q@nifty.com,994-850-6940
Orren,Pierson,Mengcheng Chengguanzhen,12/02/1959,China,,727-816-9045
Teodoro,Caudle,La Ensenada,07/08/1993,Chile,,314-968-9161
Lionello,Gemeau,Daveluyville,02/05/1974,Canada,lgemeau9t@istockphoto.com,196-388-8643
Barret,Catterill,Pār Naogaon,09/07/1954,Bangladesh,bcatterill9u@adobe.com,634-420-5610
Dulsea,Red,Kota Kinabalu,09/23/1977,Malaysia,dred9v@mit.edu,279-160-2638
Harri,Lackmann,Kandava,05/28/1974,Latvia,hlackmann9w@google.ca,884-827-6699
Clerkclaude,Heymann,Nueve de Julio,04/23/1985,Argentina,,473-799-5614
Andonis,Verrills,Přimda,03/03/1971,Czech Republic,averrills9y@walmart.com,816-745-2605
Mickey,Cantera,,,,mcantera9z@weebly.com,
Carri,Syddall,Mafraq,10/19/1986,Jordan,csyddalla0@sciencedirect.com,545-299-9610
Wernher,Dayly,Quintãs,06/16/1985,Portugal,wdaylya1@edublogs.org,141-501-4843
Rebeka,Kerwood,Yongledian,04/17/1978,China,rkerwooda2@independent.co.uk,124-336-9744
Shepherd,Chetwynd,Kotanopan,06/14/1972,Indonesia,schetwynda3@geocities.com,383-513-1606
Mortie,Malling,Zākhū,11/11/1965,Iraq,mmallinga4@simplemachines.org,391-238-9381
Danyette,Elliot,Yudong,10/06/1978,China,delliota5@edublogs.org,565-335-4531
Brig,Benit,Henggang,09/05/1973,China,bbenita6@kickstarter.com,131-956-8393
Tommy,McCrory,Mar del Plata,01/06/1997,Argentina,tmccrorya7@sakura.ne.jp,217-440-7551
Randy,Dearth,Suwatu,09/05/1995,Indonesia,rdeartha8@skyrock.com,818-700-2664
Gerta,Neames,Shejiang,05/19/1977,China,gneamesa9@cornell.edu,587-162-6734
Davon,Boshard,Srebrenica,11/30/1950,Bosnia and Herzegovina,dboshardaa@seattletimes.com,453-572-8345
Tomasine,Dodgshon,Yuquan,06/07/1973,China,,554-597-7738
Jacobo,Elleray,Nancheng,09/07/1962,China,,334-195-8042
Fidole,Vyel,Laval,03/17/1955,France,fvyelad@goodreads.com,312-738-0748
Friedrick,Blunkett,Tovarnik,07/23/1995,Croatia,fblunkettae@aboutads.info,288-562-6485
Neils,Penwright,Fengyang,07/18/1973,China,,370-615-0315
Arne,Blower,Blimbing,11/07/1964,Indonesia,,580-906-1259
Pen,Do,,,,pdoah@meetup.com,
Barbabra,Dingate,Jiaocha,09/25/1979,China,bdingateai@squidoo.com,242-776-4051
Vivianne,Hebson,Mahendranagar,09/06/1993,Nepal,vhebsonaj@disqus.com,555-813-2584
Pooh,Edards,Monte da Boavista,06/22/1953,Portugal,pedardsak@zimbio.com,444-345-5192
Cyril,Brandli,Borås,09/24/1970,Sweden,cbrandlial@tinypic.com,742-450-6783
Rosalyn,Limpertz,Jiuzhou,08/04/1962,China,rlimpertzam@mozilla.com,807-891-0174
Kaila,Vanderson,Xiangyun,09/10/1999,China,kvandersonan@tuttocitta.it,676-708-4603
Raymund,Cochran,Frei Paulo,01/28/1966,Brazil,rcochranao@mtv.com,489-674-4680
Pren,O'Shiels,Sapernoye,10/04/1977,Russia,poshielsap@barnesandnoble.com,305-103-7696
Clarabelle,Duchan,Tulsa,01/24/1950,United States,,918-514-8226
Lorita,O'Corren,Bang Kruai,05/24/1950,Thailand,locorrenar@nbcnews.com,442-315-8887
Elsworth,Storer,,,,estoreras@comcast.net,
Quentin,Woodlands,Dayuan,06/27/1985,China,qwoodlandsat@soup.io,115-542-4810
Benni,Cunnington,Wonokerso,01/11/1952,Indonesia,bcunningtonau@umn.edu,470-836-7330
Ronica,Monkley,Tambo,03/01/1996,Philippines,,782-594-2997
Cosme,Choppen,Kawahmanuk,05/23/1950,Indonesia,cchoppenaw@sitemeter.com,439-244-3180
Upton,Ornelas,Szprotawa,10/02/1960,Poland,uornelasax@upenn.edu,134-620-8527
Jonis,Tangye,Kajan,08/15/1952,Albania,jtangyeay@mozilla.org,795-860-7519
Mariele,Kirsopp,Santo Antônio de Jesus,05/09/1967,Brazil,mkirsoppaz@usatoday.com,781-988-2092
Ekaterina,Irving,Šestajovice,10/29/1953,Czech Republic,eirvingb0@ifeng.com,826-654-7394
Rossie,Lorraway,Mullagh,08/29/1972,Ireland,rlorrawayb1@tripadvisor.com,600-638-8478
Jania,Scraney,Shatian,08/04/1985,China,jscraneyb2@washington.edu,454-259-7871
Jessalyn,Spellesy,,,,jspellesyb3@ocn.ne.jp,
Bastien,Bresson,Itaqui,03/07/1976,Brazil,bbressonb4@blogtalkradio.com,303-589-3982
Radcliffe,Falkingham,Saint-Raymond,03/19/1963,Canada,rfalkinghamb5@studiopress.com,732-138-9836
Bunni,Al Hirsi,Pederneiras,12/13/1957,Brazil,balhirsib6@skyrock.com,621-707-2429
Dennison,Torald,Líbano,04/08/1957,Colombia,dtoraldb7@amazon.com,413-960-2772
Tersina,Mantle,Porirua,06/02/1956,New Zealand,tmantleb8@sakura.ne.jp,388-699-7277
Dori,Humbles,Hewa,05/13/1977,Indonesia,dhumblesb9@pinterest.com,978-593-1040
Renard,Rawet,Paya Dapur,09/01/1979,Indonesia,rrawetba@pinterest.com,150-188-7869
Meryl,Birkin,,,,mbirkinbb@sitemeter.com,
Merry,Oakton,Mosina,07/23/1958,Poland,moaktonbc@oakley.com,397-464-4033
Gertie,Roycroft,Ulimonong,01/19/1966,Indonesia,groycroftbd@networksolutions.com,606-104-3855
Arline,Eddicott,Lisakovsk,01/13/1976,Kazakhstan,aeddicottbe@sourceforge.net,707-855-1590
Ephrayim,Aspinell,,,,easpinellbf@businessinsider.com,
Rosaline,Kynge,San Miguel,05/22/1967,Philippines,rkyngebg@goo.gl,168-323-0878
Melva,Kirkebye,Ono,09/19/1962,Japan,mkirkebyebh@icq.com,812-374-3240
Ricca,Josuweit,Umi,12/14/1985,Japan,,940-187-9601
Jodie,Pindell,Duma,10/19/1994,China,,248-591-1316
Gradeigh,Bonsey,Bang Kaeo,03/13/1959,Thailand,,953-375-9404
Guthrey,Crutch,Antipolo,08/15/1960,Philippines,gcrutchbl@loc.gov,801-634-7795
Jeannine,Mattock,Beloeil,09/15/1997,Canada,jmattockbm@tamu.edu,265-572-2880
Maynord,Robinson,Flora,10/18/1999,Philippines,mrobinsonbn@sohu.com,157-157-5120
Cullie,Ewenson,Beigucheng,09/11/1959,China,cewensonbo@yelp.com,303-135-5935
Silvano,Mowbury,Changtu,03/03/1994,China,smowburybp@shareasale.com,767-872-5700
Sydney,Colomb,Avranches,09/08/1998,France,scolombbq@artisteer.com,495-157-9082
Cy,Nabarro,Zhuge,10/03/1954,China,cnabarrobr@jugem.jp,459-646-1791
Valentijn,Gimenez,Kokkónion,06/01/1997,Greece,vgimenezbs@google.com.hk,491-107-0939
Guenevere,O' Culligan,Taekas,12/02/1956,Indonesia,goculliganbt@github.com,974-407-1034
Viva,Marrian,Tekeli,10/21/1959,Kazakhstan,vmarrianbu@columbia.edu,880-866-3009
Lanny,Dickerline,Nový Bor,10/30/1961,Czech Republic,ldickerlinebv@elegantthemes.com,416-355-1460
Evy,Yandle,Mamponteng,12/03/1993,Ghana,eyandlebw@zdnet.com,503-600-2855
Buddy,Giraudeau,Zhouxi,01/01/1995,China,bgiraudeaubx@mashable.com,567-679-1199
Eden,Mowne,Pozo Hondo,03/04/1958,Argentina,emowneby@blogger.com,415-353-5543
Kelley,Wynch,Chernomorskiy,07/12/1985,Russia,kwynchbz@businessweek.com,692-783-4190
Sarette,Van der Brugge,Priyutovo,01/05/1954,Russia,,434-128-8433
Alyda,Barbrook,Bandar ‘Abbās,10/15/1990,Iran,abarbrookc1@bloglovin.com,207-882-9953
Dasie,Wattisham,Lysogorskaya,06/29/1979,Russia,dwattishamc2@icio.us,502-246-4503
Jarrett,Robjohns,Concord,07/02/1999,Canada,jrobjohnsc3@usnews.com,221-203-1933
Blinni,Dukelow,Vilar do Monte,05/19/1984,Portugal,bdukelowc4@wunderground.com,180-336-8553
Ilene,Vineall,Granville,05/10/1973,France,ivineallc5@comsenz.com,583-600-9044
Westbrook,Lichfield,Sollebrunn,08/14/1981,Sweden,wlichfieldc6@nifty.com,359-423-3352
Livy,Anfosso,Xinglongquan,11/30/1957,China,,631-656-2437
Thurston,Rainbow,Jenamas,09/18/1955,Indonesia,trainbowc8@nps.gov,983-365-8506
Leoine,Enrico,Watulumbung,09/14/1979,Indonesia,lenricoc9@economist.com,478-675-5966
Merci,Scrimshaw,Salt Lake City,11/30/1963,United States,mscrimshawca@163.com,801-815-6452
Aloisia,Bushby,Jiangnan,09/06/1967,China,abushbycb@wisc.edu,304-547-9481
Ardisj,Pragnell,Nevel’sk,02/11/1954,Russia,apragnellcc@netscape.com,122-343-5991
Rorke,Papaccio,Pszczyna,07/17/1967,Poland,rpapacciocd@bloglines.com,303-219-7502
Carter,Cleland,Sawahrandu,10/27/1965,Indonesia,,497-320-9440
Leyla,Hugues,Asyūţ,10/04/1982,Egypt,lhuguescf@opera.com,319-572-1964
Randolph,Cudmore,Camiling,03/14/1987,Philippines,rcudmorecg@ucoz.com,688-746-9510
Minta,Doogue,Besteiros,09/24/1996,Portugal,mdooguech@bigcartel.com,786-794-0594
Andreana,Willcot,Serpukhov,08/24/1973,Russia,awillcotci@upenn.edu,939-569-5129
Sidoney,Phipp,Machida,03/10/1991,Japan,sphippcj@upenn.edu,475-754-5407
Farley,Foulkes,Minsk,10/13/1951,Belarus,ffoulkesck@slashdot.org,404-299-9303
Helen,Chipperfield,Akat Amnuai,04/15/1983,Thailand,hchipperfieldcl@imgur.com,293-508-3774
Rivy,Attreed,Sakākā,12/17/1968,Saudi Arabia,rattreedcm@twitpic.com,931-385-1231
Wallas,Sowten,Seda,12/22/1956,Lithuania,wsowtencn@weibo.com,325-853-3779
Caritta,Lobbe,Kot Sultan,02/09/1986,Pakistan,clobbeco@howstuffworks.com,443-207-8650
Caria,Benian,Otukpa,09/15/1980,Nigeria,cbeniancp@reverbnation.com,644-309-0374
Teresa,Hallatt,Tournai,03/23/1955,Belgium,thallattcq@noaa.gov,931-172-1584
Shelby,Cottage,Boulsa,10/19/1956,Burkina Faso,scottagecr@constantcontact.com,875-172-8130
Alessandra,Isaaksohn,Trollhättan,12/19/1974,Sweden,aisaaksohncs@apple.com,643-762-8732
Missy,Tinton,Villeta,05/02/1967,Colombia,mtintonct@istockphoto.com,803-590-9002
Trixi,Urpeth,Ogaminan,12/22/1954,Nigeria,turpethcu@epa.gov,365-851-1609
Saundra,Fellos,Rungis,12/25/1955,France,,390-707-3569
Frazier,Sterndale,Tanumshede,03/03/1995,Sweden,fsterndalecw@canalblog.com,687-899-8662
Win,Harbisher,El Paso,10/28/1971,United States,wharbishercx@shareasale.com,915-251-5803
Lynna,Akeherst,Yanshan,08/04/1961,China,,654-171-4409
Reilly,Sorley,,,,rsorleycz@mozilla.com,
Maximilian,Pierson,Bodø,07/06/1952,Norway,mpiersond0@macromedia.com,835-205-1657
Roderich,McGrowther,Miribanteng,01/06/1958,Indonesia,rmcgrowtherd1@aol.com,610-622-0588
Fayina,Verni,Andongsari,10/11/1999,Indonesia,fvernid2@xinhuanet.com,218-432-9246
Jobyna,Leindecker,Pananaw,07/09/1952,Philippines,jleindeckerd3@nih.gov,354-996-9488
Garnet,Straffon,Albergaria,11/09/1976,Portugal,gstraffond4@newyorker.com,393-604-1611
Jordanna,Sandever,Jajar,11/22/1975,Indonesia,jsandeverd5@army.mil,320-535-2199
Ardys,Piccard,,,,apiccardd6@networkadvertising.org,
Arlina,Fleischmann,Distracción,02/06/1971,Colombia,afleischmannd7@mozilla.com,763-927-7558
Cornie,Kahen,Manggu,10/03/1952,Indonesia,ckahend8@discovery.com,837-933-3460
Abbe,O'Corrin,Nóvita,07/08/1982,Colombia,,367-370-8937
Cooper,Elce,Cipasung,09/30/1964,Indonesia,celceda@ustream.tv,213-632-9231
Anallese,Jerams,Xuanzhou,04/27/1990,China,ajeramsdb@reverbnation.com,283-267-0423
Randene,Paddison,Goma,12/16/1952,Democratic Republic of the Congo,rpaddisondc@ucoz.ru,781-652-2920
Gage,Bordes,,,,,
Starla,Scading,Aurillac,11/23/1962,France,,337-855-6648
Dottie,Sweetsur,Tobilolong,08/19/1974,Indonesia,dsweetsurdf@mozilla.com,806-973-7223
Lindsay,Hub,Songgai,04/01/1992,China,lhubdg@state.gov,890-251-6777
Dorothea,Luckhurst,Jingchuan Chengguanzhen,04/11/1976,China,dluckhurstdh@about.com,246-900-4425
Andie,Collishaw,Puncakbaru,01/10/1962,Indonesia,acollishawdi@vistaprint.com,528-944-6313
Lorrie,Olanda,Nanshan,07/08/1979,China,lolandadj@earthlink.net,181-774-0981
Sileas,Mumberson,Jonquière,06/13/1969,Canada,smumbersondk@istockphoto.com,897-904-8838
Crysta,Kilgallon,Poxi,10/16/1989,China,,525-554-1600
Skyler,Oxtaby,,,,soxtabydm@samsung.com,
Richie,Thorpe,Castelo,07/11/1961,Portugal,rthorpedn@virginia.edu,327-747-1463
Regen,Soppitt,Ngulung Wetan,12/10/1979,Indonesia,rsoppittdo@dedecms.com,294-678-1949
Antin,Cicchitello,Pedro Miguel,05/28/1966,Portugal,acicchitellodp@multiply.com,943-592-6700
Elysia,Gibke,Fundong,02/22/1988,Cameroon,,489-551-3974
Hakeem,Haggus,Masākin,09/15/1962,Tunisia,hhaggusdr@cafepress.com,555-746-8591
Wrennie,Leeder,Mikołów,07/31/1993,Poland,wleederds@histats.com,502-131-9842
Valma,Haycraft,Dawuhan,12/26/1958,Indonesia,vhaycraftdt@example.com,631-259-8443
Kimberli,Casajuana,København,08/11/1982,Denmark,,291-542-8424
Luther,Roman,Leudelange,07/13/1956,Luxembourg,,203-806-0284
Francklyn,Bachmann,,,,fbachmanndw@huffingtonpost.com,
Effie,Chadwick,Poretskoye,09/07/1990,Russia,,385-964-4926
Saraann,Dunbobin,San Pedro,07/13/1998,Mexico,sdunbobindy@weebly.com,162-501-1208
Mitchel,Arons,Jagupit,03/15/1999,Philippines,maronsdz@arizona.edu,152-799-1693
Sukey,Coggeshall,Anle,03/25/1956,China,,567-773-5856
Bibi,Joscelyn,Suure-Jaani,10/04/1969,Estonia,bjoscelyne1@sakura.ne.jp,826-495-4365
Astra,Shave,Rydzyna,10/28/1989,Poland,ashavee2@state.gov,641-981-4242
Belita,De Beneditti,Guanghai,10/30/1987,China,bdebenedittie3@auda.org.au,431-141-1143
Sadie,Leverage,Enköping,08/18/1988,Sweden,sleveragee4@dedecms.com,163-460-0726
Fred,Dabling,El Paso,02/04/1976,United States,fdablinge5@tamu.edu,915-952-3725
Jeddy,MacGillivray,Huanglong,02/15/1960,China,jmacgillivraye6@walmart.com,597-589-9307
Robbert,Henniger,Penalva,03/30/1979,Brazil,,604-125-6775
Carola,Borland,Czarna,10/22/1988,Poland,cborlande8@rambler.ru,449-675-2610
Seana,Thiolier,,,,sthioliere9@senate.gov,
Stefanie,Jankowski,Gérakas,09/19/1997,Greece,sjankowskiea@gnu.org,453-994-4658
Armstrong,Hatrey,Dibba Al-Fujairah,03/20/1953,United Arab Emirates,ahatreyeb@pinterest.com,789-910-4304
Caye,Vern,Lebu,05/25/1974,Chile,,178-544-4019
Concettina,Presnall,Ridder,11/13/1989,Kazakhstan,cpresnalled@gizmodo.com,827-290-8663
Peterus,Platts,Falefa,04/18/1985,Samoa,pplattsee@marketwatch.com,164-900-2125
Cathrin,Daggett,Livingstone,07/28/1962,Zambia,,478-565-5430
Tedd,Haugen,Ventersburg,11/15/1973,South Africa,,803-886-8095
Nilson,Stubbeley,Kaišiadorys,06/16/1998,Lithuania,nstubbeleyeh@newyorker.com,571-306-2921
Igor,Lauxmann,Madrid,10/28/1978,Spain,ilauxmannei@amazonaws.com,317-828-3238
Dunn,Iacopetti,Telagaselaba,04/08/1962,Indonesia,diacopettiej@google.com.br,339-607-0821
Cesya,Tyndall,Zorak,04/18/1953,Armenia,ctyndallek@si.edu,610-919-3309
Pavla,Cleever,Muhos,09/10/1972,Finland,pcleeverel@opera.com,623-569-7102
Chloette,Kembry,Houston,02/09/1985,United States,ckembryem@cnet.com,281-253-8953
Candide,Harring,Majiadu,10/14/1999,China,charringen@gizmodo.com,562-569-1680
Albertina,Pauer,Bau,04/13/1994,Indonesia,,311-813-9357
Jemmie,Pownall,Concepción de La Vega,09/13/1980,Dominican Republic,jpownallep@hugedomains.com,503-295-0095
Debby,Shorrock,Proença-a-Nova,02/11/1983,Portugal,dshorrockeq@phoca.cz,626-336-6142
Annadiane,Fashion,Gaojialing,09/14/1994,China,afashioner@toplist.cz,136-488-0191
Amil,Danaher,Przemyśl,05/09/1971,Poland,adanaheres@so-net.ne.jp,968-389-8188
Hanan,Hickisson,Bang Phae,05/02/1994,Thailand,,542-524-8364
Jan,Garment,Canalete,07/22/1951,Colombia,jgarmenteu@lycos.com,354-488-3346
Cecilio,Murrock,Bagani,06/26/1997,Namibia,cmurrockev@gmpg.org,876-516-4099
Paolo,Ritmeier,Round Rock,03/28/1983,United States,pritmeierew@usatoday.com,512-258-2649
Mirella,Widdowes,Yudong,10/26/1950,China,mwiddowesex@hugedomains.com,600-754-8919
Ignazio,Stoter,,,,istoterey@angelfire.com,
June,Mitrovic,Santa Teresa First,12/21/1972,Philippines,jmitrovicez@nasa.gov,715-420-3533
Tawnya,Cromack,Kristiansand S,06/26/1997,Norway,tcromackf0@technorati.com,312-457-5406
Celinda,Woodyeare,Zīrakī,10/21/1973,Afghanistan,,118-329-4271
Rickard,Cowmeadow,Divača,01/19/1993,Slovenia,rcowmeadowf2@weibo.com,457-514-7725
Juliet,Wayvill,Emmeloord,11/30/1989,Netherlands,jwayvillf3@goo.ne.jp,774-157-6173
Aurel,Proom,Valbo,11/01/1955,Sweden,aproomf4@unc.edu,535-706-9543
Lanie,Bloore,Gobernador Costa,06/12/1971,Argentina,lblooref5@artisteer.com,429-465-6076
Beilul,Pergens,,,,bpergensf6@booking.com,
Danell,Renackowna,Herálec,10/11/1981,Czech Republic,drenackownaf7@wufoo.com,490-452-6031
Rob,Pond-Jones,Srono,11/17/1979,Indonesia,rpondjonesf8@last.fm,670-527-1500
Aggy,Bratley,Žabljak,02/13/1963,Montenegro,abratleyf9@desdev.cn,139-884-5122
Dinnie,Mawtus,Wołczyn,10/02/1974,Poland,dmawtusfa@macromedia.com,305-196-1189
Cristobal,Scotfurth,Berovo,07/01/1986,Macedonia,cscotfurthfb@ucoz.com,374-107-7340
Homer,Galle,West Jerusalem,10/16/1993,Israel,hgallefc@biglobe.ne.jp,365-389-3607
Berkie,Rodder,Onega,05/18/1982,Russia,brodderfd@ox.ac.uk,766-397-0858
Gerrard,Rambadt,Velký Újezd,06/16/1972,Czech Republic,grambadtfe@cloudflare.com,495-397-4703
Christa,Whylie,Clarin,08/20/1998,Philippines,cwhylieff@mtv.com,541-432-5110
Karlis,Ferriday,,,,,
Lola,Tyrer,Kiel,09/03/1979,Germany,ltyrerfh@bbb.org,774-415-3892
Jany,Deely,Huaqiao,02/11/1995,China,jdeelyfi@si.edu,464-349-8595
Donica,Dinning,Boliney,10/23/1973,Philippines,ddinningfj@cpanel.net,738-952-2846
Timmi,Girodon,Trpinja,08/14/1951,Croatia,tgirodonfk@drupal.org,800-782-5401
Nat,Cowterd,Tyszowce,01/06/1970,Poland,ncowterdfl@omniture.com,920-355-5478
Noll,Ickovicz,Balingcanaway,06/15/1953,Philippines,nickoviczfm@bing.com,784-939-6851
Miltie,Cron,Qal‘eh-ye Khvājeh,09/24/1981,Iran,,850-635-4468
Holli,Glyne,Coloncito,12/06/1992,Venezuela,hglynefo@miitbeian.gov.cn,281-713-5701
Rice,Pollendine,Huayllati,10/01/1993,Peru,rpollendinefp@foxnews.com,234-858-2992
Hannah,Gawkes,Luopioinen,10/17/1978,Finland,hgawkesfq@wufoo.com,588-756-8219
Durand,Hathway,Mikstat,11/18/1992,Poland,dhathwayfr@miitbeian.gov.cn,157-931-7303
Gavra,Borleace,Haiyu,02/04/1971,China,gborleacefs@a8.net,663-451-8653
Harmonie,Halbeard,Durazno,05/06/1968,Uruguay,,872-172-2137
Abigail,Jeyes,Cabriz,03/07/1973,Portugal,ajeyesfu@oakley.com,212-125-5958
Hyacinthe,Greensite,Muarabadak,08/19/1985,Indonesia,hgreensitefv@github.io,825-850-0330
Leo,Rosini,Tagapul-an,05/18/1950,Philippines,,242-451-7472
Missy,MacCracken,Granada,06/04/1978,Spain,mmaccrackenfx@deliciousdays.com,403-673-6840
Nikolia,Gadman,Kisangani,09/27/1963,Democratic Republic of the Congo,,795-985-8565
Sasha,Markova,Osório,07/05/1984,Brazil,smarkovafz@oaic.gov.au,784-893-4889
Angel,Daskiewicz,Stari Grad,06/15/1993,Croatia,adaskiewiczg0@unblog.fr,493-576-1518
Bobbie,MacFaell,Foxrock,04/22/1982,Ireland,bmacfaellg1@springer.com,983-156-4074
Rosamund,Oswal,Jajce,05/31/1989,Bosnia and Herzegovina,roswalg2@ox.ac.uk,797-708-9878
Jemie,Borless,,,,jborlessg3@storify.com,
Etti,Domleo,Norrköping,10/06/1951,Sweden,edomleog4@cargocollective.com,813-315-9573
Perice,Massen,Palmito,03/28/1999,Colombia,pmasseng5@over-blog.com,252-739-5515
Reggie,Ditch,Sloboda,09/07/1968,Ukraine,rditchg6@admin.ch,914-530-4803
Darya,Took,Sindangkerta,04/20/1999,Indonesia,dtookg7@usatoday.com,912-680-8946
Sidonia,Moggan,Oropós,06/13/1966,Greece,smoggang8@guardian.co.uk,892-671-6527
Viviana,Zuanelli,Paripiranga,01/02/1983,Brazil,vzuanellig9@1688.com,229-505-5863
Jamaal,Maypowder,Stefanavíkion,10/23/1994,Greece,,259-671-8089
Cassy,Collingdon,,,,ccollingdongb@whitehouse.gov,
Kynthia,Cotty,União da Vitória,04/30/1970,Brazil,kcottygc@soup.io,788-307-0080
Gavrielle,Scarff,Pudoc,09/03/1960,Philippines,,287-646-4663
Carlo,Lanney,San Lorenzo,02/14/1997,Argentina,clanneyge@pagesperso-orange.fr,417-738-0282
Sergei,Chrisp,Quintas,06/08/1987,Portugal,schrispgf@theglobeandmail.com,423-367-9040
Ebonee,Wilden,Nadrupe,10/14/1987,Portugal,ewildengg@google.com.au,814-764-2644
Tiler,Korf,Anle,12/30/1963,China,tkorfgh@spiegel.de,622-765-8312
Marieann,Segoe,Seteluk Tengah,10/15/1963,Indonesia,msegoegi@addtoany.com,331-940-8065
Abraham,Hugues,Braunschweig,04/30/1961,Germany,ahuguesgj@prweb.com,662-427-9672
Eddy,Mee,Lozova,02/20/1964,Ukraine,emeegk@globo.com,383-594-2130
Pietra,Yanshonok,Jiahe,06/07/1963,China,pyanshonokgl@uiuc.edu,424-369-6741
Lianne,Coatts,Thị Trấn Phước Bửu,10/31/1958,Vietnam,,832-798-6051
Babbette,Dowtry,Juai,06/11/1968,Indonesia,bdowtrygn@newyorker.com,485-280-2245
Barbara-anne,Pellissier,Villa Carlos Paz,11/15/1989,Argentina,,242-952-7302
Hollis,Ballintime,Arapuey,01/05/1970,Venezuela,hballintimegp@webeden.co.uk,756-592-2571
Selina,Konzelmann,Lengshuijing,12/20/1972,China,skonzelmanngq@mayoclinic.com,406-572-8425
Vinny,Molnar,Chunhu,09/09/1973,China,vmolnargr@reddit.com,356-490-1457
Ivan,Pichan,Wolomoni,12/12/1981,Indonesia,ipichangs@skype.com,817-882-8008
Faina,Garlee,Châu Thành,04/21/1950,Vietnam,fgarleegt@dagondesign.com,709-978-9633
Regen,Cashford,Tehetu,05/16/1953,China,rcashfordgu@archive.org,726-894-8622
Marthe,Ebbens,Lümeng,12/28/1972,China,,792-320-3384
Cori,Mabbot,Judaydah,12/09/1978,Yemen,cmabbotgw@qq.com,328-915-3428
Jacquelynn,Yoslowitz,Xian’an,10/26/1997,China,jyoslowitzgx@hc360.com,598-922-2059
Cory,Witherby,Wenceslau Braz,10/23/1952,Brazil,cwitherbygy@icio.us,712-583-6134
Corbett,O'Corhane,Rueil-Malmaison,07/16/1953,France,cocorhanegz@bloglines.com,530-758-5774
Wrennie,Tremolieres,Czarna,01/23/1991,Poland,wtremolieresh0@si.edu,611-209-5875
Nicola,Wise,Yanghong,04/05/1994,China,nwiseh1@booking.com,599-335-2035
Aliza,Carnock,Aiguo,04/19/1993,China,acarnockh2@devhub.com,463-590-2121
Darda,McGlade,,,,dmcgladeh3@moonfruit.com,
Joline,Basill,Vysehrad,12/03/1957,Czech Republic,jbasillh4@google.it,685-362-7077
Carlotta,Delacroux,Waajid,08/14/1958,Somalia,cdelacrouxh5@tuttocitta.it,704-822-1682
Faulkner,Tamsett,,,,ftamsetth6@imgur.com,
Hendrick,Purshouse,Františkovy Lázně,04/19/1984,Czech Republic,hpurshouseh7@blogtalkradio.com,928-481-2815
Lurlene,Magrane,Jatiwangi,01/20/1978,Indonesia,lmagraneh8@usa.gov,293-540-6259
Petronia,De Carolis,Namangan Shahri,02/17/1964,Uzbekistan,pdecarolish9@51.la,662-719-9812
Calli,Daintrey,Thị Trấn Mường Tè,05/08/1955,Vietnam,cdaintreyha@amazon.com,506-444-2282
Lanny,Gedge,Budapest,05/27/1991,Hungary,lgedgehb@vistaprint.com,820-230-8990
Adina,Featherstonhalgh,Cajazeiras,01/03/1998,Brazil,afeatherstonhalghhc@fotki.com,808-482-9011
Andre,Northeast,Xinming,01/07/1998,China,anortheasthd@yahoo.co.jp,687-336-2208
Lana,Westhead,Novi Travnik,01/18/1980,Bosnia and Herzegovina,lwestheadhe@drupal.org,683-760-6543
Graehme,Brocket,Guaratinguetá,01/30/1951,Brazil,gbrockethf@furl.net,523-290-0021
Catarina,Clyant,Yixi,06/11/1991,China,cclyanthg@squidoo.com,913-800-2378
Merla,Mowsley,Taipingying,09/21/1996,China,mmowsleyhh@gov.uk,537-743-7671
Maurise,Bengtson,Hitiaa,05/18/1973,French Polynesia,,126-466-9246
Cherianne,Meuse,El Bolsón,11/25/1974,Argentina,,221-317-1539
Simmonds,Dalston,Huangbizhuang,10/23/1980,China,sdalstonhk@icq.com,989-856-5496
Jamie,Frenzel;,,,,jfrenzelhl@java.com,
Lamond,Glacken,Bor,09/18/1976,South Sudan,,948-385-1264
Britni,Edmead,Şaḩneh,04/25/1956,Iran,bedmeadhn@angelfire.com,823-476-6995
Carolina,Shakelade,Corumbá,02/25/1957,Brazil,cshakeladeho@mlb.com,459-390-9473
Sutton,De Michetti,,,,sdemichettihp@seattletimes.com,
Ethelin,Endley,Cimitarra,03/12/1964,Colombia,eendleyhq@tamu.edu,489-190-9750
Corrie,Hollibone,Vsevolozhsk,10/30/1986,Russia,chollibonehr@cbslocal.com,864-857-4237
Normy,Tutin,Machang,03/02/1974,China,,958-289-1112
Eldin,Aizic,Qilin,09/16/1997,China,eaizicht@vkontakte.ru,765-420-5908
Ellynn,Shackle,Kulautuva,11/03/1954,Lithuania,eshacklehu@ovh.net,437-760-5606
Jeramey,Wrightham,Jiading,01/03/1989,China,jwrighthamhv@sciencedaily.com,511-788-8956
Andros,Lean,Tapan,10/02/1991,Indonesia,,958-139-2241
Broderic,Coggell,,,,bcoggellhx@creativecommons.org,
Angel,McChesney,Litian,04/04/1956,China,amcchesneyhy@google.com.au,705-602-5615
Ingelbert,Pratten,Chantilly,06/25/1955,France,iprattenhz@about.com,413-586-9143
Ryley,Stockill,,,,rstockilli0@theguardian.com,
Abigail,Hearl,Poncokusumo,06/09/1976,Indonesia,ahearli1@nsw.gov.au,230-303-8087
Laurence,Doring,Bantilan,12/26/1979,Indonesia,,728-718-0165
Lacee,Lowen,Hengjiang,09/08/1971,China,lloweni3@amazon.com,516-294-9224
Gray,Caress,Nor Yerznka,09/25/1957,Armenia,gcaressi4@nature.com,560-160-7698
Jon,Toman,Pakxong,02/14/1953,Laos,jtomani5@sina.com.cn,393-114-0952
Parsifal,Paulin,Sayang Lauq,12/24/1971,Indonesia,ppaulini6@merriam-webster.com,897-929-5326
Gunar,Drane,Kościerzyna,11/25/1960,Poland,gdranei7@1688.com,964-547-9744
Annabela,Camock,Tapel,06/21/1967,Philippines,acamocki8@vimeo.com,534-970-4892
Eve,Claricoates,Campraksanta,02/18/1967,Indonesia,eclaricoatesi9@wsj.com,592-753-9903
Kynthia,Giraldez,La Paz Centro,10/26/1964,Nicaragua,kgiraldezia@instagram.com,851-991-5133
Bing,Domini,Ghanzi,06/29/1954,Botswana,bdominiib@java.com,274-295-8600
Aidan,Troyes,,,,atroyesic@discuz.net,
Dale,Sysland,Dobrica,03/22/1998,Serbia,dsyslandid@cargocollective.com,756-723-9504
Carr,Vallens,København,05/09/1974,Denmark,cvallensie@walmart.com,886-877-2858
Forster,Cullon,Gosë e Madhe,03/16/1958,Albania,fcullonif@tuttocitta.it,572-243-9287
Nerta,Stennings,Banjar Swastika,04/24/1966,Indonesia,nstenningsig@dot.gov,573-974-7583
Demott,Vizard,Primero de Mayo,07/12/1975,Mexico,dvizardih@constantcontact.com,585-225-9318
Bibbye,Skellern,Anahuac,02/01/1967,Mexico,bskellernii@sun.com,585-399-4093
Octavius,Habbershon,Sobreda,12/13/1997,Portugal,ohabbershonij@histats.com,863-632-7486
Vin,Antunez,,,,vantunezik@godaddy.com,
Joete,Ostridge,Ban Nahin,12/03/1991,Laos,jostridgeil@globo.com,841-899-0488
Lynsey,Leahy,Kleszczów,04/04/1983,Poland,lleahyim@symantec.com,328-887-9415
Timoteo,Craddock,,,,,
Hunt,Lewsy,Langtou,12/28/1960,China,hlewsyio@wiley.com,130-573-1184
Claudetta,Bruno,Suwatu,08/01/1996,Indonesia,cbrunoip@altervista.org,476-230-5715
Linnea,Westraw,Muheza,08/27/1996,Tanzania,,251-280-1480
John,Boam,Karlskrona,01/01/1955,Sweden,jboamir@google.de,831-809-8107
Juliette,Ciccetti,Pīr jo Goth,08/12/1964,Pakistan,jciccettiis@nhs.uk,100-433-9395
Harriet,Laise,,,,,
Liv,Hessenthaler,Zliv,11/18/1969,Czech Republic,lhessenthaleriu@time.com,182-971-2037
Colin,Hulles,Lexington,09/03/1991,United States,chullesiv@sphinn.com,859-635-8995
Josephina,Pole,Volodymyrets’,10/28/1993,Ukraine,,608-917-4366
Felisha,Cabble,Youxikou,08/10/1977,China,fcabbleix@hugedomains.com,903-999-8755
Dian,Lafontaine,Datong,04/07/1979,China,dlafontaineiy@163.com,585-475-2617
Yevette,Valeri,,,,yvaleriiz@home.pl,
Marcille,Hedworth,Apodi,11/06/1979,Brazil,mhedworthj0@purevolume.com,990-160-0849
Rockey,Allcroft,Sernovodsk,06/14/1966,Russia,rallcroftj1@ox.ac.uk,255-553-0269
Damaris,Quarmby,,,,dquarmbyj2@geocities.jp,
Hodge,Jahnel,Kauditan,05/29/1989,Indonesia,,392-889-6312
Ruthie,Huguenet,Lianghe,06/07/1996,China,rhuguenetj4@shinystat.com,129-508-4960
Aubine,Cicculi,Jianqiao,12/04/1952,China,acicculij5@cisco.com,179-434-2673
Gerianne,Christian,Youyang,11/29/1959,China,gchristianj6@lulu.com,985-999-8464
Carlin,Skiplorne,Linjiang,07/10/1954,China,cskiplornej7@aboutads.info,534-938-5857
Parsifal,Roz,Ulanov,03/14/1975,Ukraine,prozj8@wiley.com,245-760-2794
Shermie,Couvert,Ust’-Uda,02/26/1980,Russia,,796-580-4325
Filberte,Kuhle,Kediri,11/03/1980,Indonesia,,662-184-7402
Malchy,Francescoccio,Telêmaco Borba,07/07/1973,Brazil,,157-259-7722
Margery,Rolph,Mikhaylovsk,03/09/1969,Russia,,622-489-0469
Koressa,Grayer,Licheng,06/23/1991,China,kgrayerjd@wp.com,861-528-4916
Paule,Aronowitz,Vabalninkas,02/26/1977,Lithuania,paronowitzje@google.com,217-625-0025
Verney,Frobisher,Alor Setar,12/12/1973,Malaysia,vfrobisherjf@angelfire.com,937-783-1871
Laura,Bilney,,,,lbilneyjg@hp.com,
Binky,McGeagh,Glinka,02/07/1954,Russia,bmcgeaghjh@plala.or.jp,824-261-4875
Elnar,Donne,Álvares Machado,08/10/1959,Brazil,edonneji@sbwire.com,201-416-5706
Arden,Linsey,Muesanaik,10/23/1972,Indonesia,alinseyjj@blogger.com,865-511-2636
Trisha,Balden,Chengdong,11/06/1993,China,tbaldenjk@fema.gov,454-145-2599
Milty,Flowers,Göteborg,02/24/1995,Sweden,mflowersjl@cpanel.net,748-774-2001
Tatiania,Rubinovici,Tumbes,01/30/1987,Peru,trubinovicijm@netvibes.com,223-623-3232
Onfre,McPeck,Wanli,12/19/1983,China,,506-915-5724
Phineas,Glenwright,Sebuku,04/17/1954,Indonesia,pglenwrightjo@senate.gov,294-307-7333
Annmarie,Dukes,Balung,01/23/1961,Indonesia,adukesjp@patch.com,326-416-8054
Kelley,Hothersall,Phrae,07/12/1991,Thailand,khothersalljq@huffingtonpost.com,229-657-0338
Lainey,Tabour,Bojongsari,08/05/1970,Indonesia,ltabourjr@cisco.com,853-909-9485
Katinka,Giamuzzo,Minas de Oro,11/09/1973,Honduras,kgiamuzzojs@i2i.jp,562-856-1435
Kassey,Iddiens,Huangmao,01/08/1999,China,kiddiensjt@arstechnica.com,783-349-6031
Eachelle,Prestwich,Karlsruhe,10/09/1972,Germany,eprestwichju@princeton.edu,530-402-0117
Wilfrid,Filipczak,Kurumkan,05/20/1981,Russia,wfilipczakjv@ocn.ne.jp,444-216-3517
Orlando,Klimshuk,San Pablo,11/11/1971,Peru,oklimshukjw@tripod.com,948-165-4663
Noelyn,Showering,Caicedonia,03/05/1999,Colombia,nshoweringjx@amazonaws.com,555-806-7080
Blinny,Olufsen,,,,bolufsenjy@pen.io,
Abra,Schroter,Putrajaya,09/09/1968,Malaysia,aschroterjz@springer.com,971-438-7039
Sherm,Dobell,Jifarong,12/23/1984,Gambia,sdobellk0@rakuten.co.jp,335-406-5268
Cecile,Sharples,Vilhelmina,12/08/1974,Sweden,csharplesk1@yellowpages.com,932-610-2606
Cristian,Munehay,Taboão da Serra,11/23/1984,Brazil,cmunehayk2@yale.edu,416-306-1428
Donall,Ivetts,Tangba,04/24/1965,China,divettsk3@barnesandnoble.com,185-352-6385
Kaleena,Coltan,,,,kcoltank4@stanford.edu,
Rolando,Heinonen,Kudowa-Zdrój,02/08/1981,Poland,,874-761-2283
Alina,Swanston,Moss,01/15/1978,Norway,aswanstonk6@marriott.com,922-848-8866
Jacinthe,Schenfisch,Mežica,04/07/1966,Slovenia,jschenfischk7@berkeley.edu,773-421-0711
Corie,Twiddell,Mesa,03/25/1992,United States,ctwiddellk8@slideshare.net,602-182-0762
Nicolis,Richfield,Chalon-sur-Saône,01/23/1955,France,nrichfieldk9@twitpic.com,963-509-2807
Ashton,Hastie,Sūrāb,05/30/1956,Pakistan,,885-831-9066
Nicoline,Hirsch,Kiten,06/20/1957,Bulgaria,nhirschkb@disqus.com,286-812-4077
Alfy,Swatman,Namyang-dong,08/05/1976,North Korea,aswatmankc@jiathis.com,619-542-7477
Grady,Arson,Žirovnice,08/01/1979,Czech Republic,garsonkd@taobao.com,886-131-3281
Sandor,Lount,Cantapoy,04/08/1965,Philippines,slountke@washington.edu,523-467-4883
Francis,Joutapavicius,Hengjie,11/14/1950,China,fjoutapaviciuskf@posterous.com,137-119-7473
Camille,De Cruze,Jiudian,11/21/1986,China,,343-170-6259
Paulie,Snowding,Ḩukūmat-e Shīnkaī,03/04/1966,Afghanistan,psnowdingkh@e-recht24.de,257-609-4730
Court,Costanza,Jackson,07/16/1975,United States,ccostanzaki@sakura.ne.jp,601-416-3973
Nathalie,Yanne,Tangguhang,09/12/1997,Indonesia,nyannekj@nih.gov,725-333-2759
Federica,Lehrmann,Injīl,08/29/1973,Afghanistan,,845-225-9900
Aileen,Isted,Mehron,10/02/1992,Tajikistan,aistedkl@nasa.gov,636-863-5105
Silvain,Pryell,Békéscsaba,09/16/1980,Hungary,,589-153-9951
Annemarie,Tourry,Torbeyevo,05/03/1982,Russia,atourrykn@nydailynews.com,596-767-4767
Nichole,Vernazza,Concordia,02/17/1982,Philippines,nvernazzako@amazon.de,515-674-3704
Calypso,Adolf,Fresnes,02/27/1982,France,cadolfkp@scientificamerican.com,484-109-6633
Lynette,Gledhill,,,,,
Dannye,Casolla,,,,dcasollakr@ft.com,
Dehlia,Edgley,Lutoryż,04/07/1951,Poland,dedgleyks@meetup.com,396-118-6467
Isahella,Bramont,Santa Cruz,08/02/1975,Venezuela,ibramontkt@disqus.com,714-117-8932
Rivy,Bettinson,,,,rbettinsonku@usnews.com,
Conan,Airth,Zelenograd,11/10/1967,Russia,cairthkv@cisco.com,146-302-6654
Dani,Senn,Mertzig,05/11/1965,Luxembourg,dsennkw@usda.gov,118-885-1355
Sholom,Simms,Salingogan,06/11/1970,Philippines,,624-953-2808
Jaye,Parlott,Dziewin,09/08/1994,Poland,,552-375-9867
Ingaborg,Leivers,São João del Rei,06/30/1967,Brazil,ileiverskz@cocolog-nifty.com,449-744-3509
Wat,Mullord,Santa Rita,03/11/1968,Brazil,wmullordl0@cafepress.com,758-777-8987
Davide,Wyeth,Bobigny,01/17/1991,France,dwyethl1@ocn.ne.jp,227-633-2471
Robinet,Shoard,Cluses,12/02/1973,France,rshoardl2@google.de,399-546-8961
Ilyse,Cesconi,General La Madrid,10/19/1950,Argentina,icesconil3@acquirethisname.com,933-558-0289
Haskel,Stivey,Amangarh,06/06/1981,Pakistan,hstiveyl4@unblog.fr,315-703-1834
Abigale,Gaze,Kediri,04/28/1985,Indonesia,agazel5@deviantart.com,614-970-9772
Arri,Vedyaev,,,,,
Elena,Bunworth,Kristinehamn,12/19/1997,Sweden,ebunworthl7@cafepress.com,443-909-5282
Washington,Kuller,Entre Rios,05/07/1978,Brazil,wkullerl8@google.ca,537-880-5502
Sanders,Rickman,,,,srickmanl9@homestead.com,
Joeann,Brockest,Čair,04/03/1987,Macedonia,jbrockestla@fotki.com,998-975-5448
Augie,Rocca,Nanhuatang,03/03/1963,China,aroccalb@businessinsider.com,555-174-7323
Pierre,Stockley,Bau,01/14/1969,Indonesia,pstockleylc@github.com,871-487-8172
Murdoch,Scutter,Jiaoxiyakou,06/27/1981,China,,664-141-6070
Sim,Fessler,Houjia,05/03/1979,China,sfesslerle@omniture.com,162-770-7627
Mortie,Cambell,Shuangyuan,09/14/1997,China,mcambelllf@addthis.com,434-261-2973
Haven,Gourley,Korets’,01/03/1957,Ukraine,,863-582-4564
Abeu,Sweatman,Naḩḩālīn,02/17/1966,Palestinian Territory,asweatmanlh@1und1.de,681-689-1432
Martin,Swatton,Masvingo,02/08/1997,Zimbabwe,mswattonli@sogou.com,688-228-4784
Gayla,Dinwoodie,Xigaoshan,12/01/1958,China,gdinwoodielj@cloudflare.com,320-662-6556
Maxy,Carbert,Stockholm,12/22/1999,Sweden,mcarbertlk@github.io,228-215-2617
Albert,Burden,Guchang,08/18/1966,China,aburdenll@amazon.co.jp,628-629-5255
Hubey,Robardet,Itajaí,02/21/1977,Brazil,hrobardetlm@uiuc.edu,409-992-8354
Guinevere,Hamly,Podporozh’ye,12/01/1999,Russia,ghamlyln@techcrunch.com,102-112-1346
Ambur,Olivetta,Jardinópolis,06/13/1951,Brazil,aolivettalo@deliciousdays.com,989-358-7172
Finley,Greenroyd,San Antonio,06/14/1993,Mexico,fgreenroydlp@springer.com,902-526-9721
Crista,Cufflin,Khvānsār,11/29/1990,Iran,ccufflinlq@ycombinator.com,720-343-6611
Julietta,Andress,Gayamsari,03/22/1976,Indonesia,,457-738-4317
Vincenty,Penketh,Messina,08/18/1993,Italy,vpenkethls@wikispaces.com,922-527-9610
Kean,Chanson,Monte Azul Paulista,08/06/1953,Brazil,,206-500-2318
Ronny,Youtead,Radzyń Chełmiński,01/30/1954,Poland,ryouteadlu@bing.com,539-368-1018
Ofilia,Collumbine,Pindangan Centro,11/12/1980,Philippines,ocollumbinelv@timesonline.co.uk,972-314-7621
Noni,Bilsborrow,Estacion,06/09/1962,Philippines,nbilsborrowlw@github.com,796-881-8738
Kearney,Elsworth,Gushan,08/30/1993,China,kelsworthlx@wordpress.com,380-608-6967
Raviv,Boribal,Shiziqiao,04/12/1988,China,rboribally@ezinearticles.com,806-597-7251
Mommy,Wilmot,Kawengan,01/22/1984,Indonesia,mwilmotlz@irs.gov,970-424-0470
Lindsay,Pevie,Akráta,02/10/1972,Greece,lpeviem0@wp.com,490-831-7864
Elysia,Stannering,Cerro Corá,06/09/1965,Argentina,estanneringm1@newsvine.com,965-753-4229
Tom,Terne,,,,tternem2@senate.gov,
Edmon,Langman,Fucha,12/19/1971,China,elangmanm3@msu.edu,400-821-7596
Drusie,Keave,El Tablón,04/20/1967,Honduras,dkeavem4@tamu.edu,770-481-8879
Ludovico,Riddlesden,Araguaiana,04/21/1967,Brazil,lriddlesdenm5@people.com.cn,558-429-0344
Vinny,Keyser,Kuroiso,07/19/1998,Japan,vkeyserm6@printfriendly.com,941-151-0230
Audrye,Baggalley,Xinhui,08/15/1971,China,,639-494-5529
Bord,Coit,Kuala Lumpur,08/14/1965,Malaysia,bcoitm8@aboutads.info,106-177-3377
Tammi,Howett,,,,thowettm9@gravatar.com,
Rolf,Pettisall,Ekazhevo,02/26/1994,Russia,rpettisallma@over-blog.com,547-397-1411
Teodoro,Maunder,El Porvenir,03/02/1980,Honduras,tmaundermb@ca.gov,896-787-1961
Wallas,Wallman,Sonquil,09/07/1962,Philippines,wwallmanmc@ucoz.ru,760-817-7826
Wylma,Legrave,Samsan,04/04/1973,South Korea,wlegravemd@state.gov,916-403-9957
Osmund,Gepheart,Przodkowo,01/18/1954,Poland,,945-490-7592
Westleigh,Stanyforth,Nishor,08/17/1978,Kosovo,wstanyforthmf@archive.org,323-672-9473
Berny,Inworth,Providencia,08/10/1997,Peru,binworthmg@google.cn,469-384-9806
Buckie,Eyles,Campraksanta,11/20/1960,Indonesia,beylesmh@ucoz.ru,843-947-4681
Hertha,Jedrysik,Belén de Umbría,11/21/1997,Colombia,hjedrysikmi@hc360.com,413-502-8807
Cal,Corradengo,Coihaique,05/12/1972,Chile,ccorradengomj@flavors.me,598-349-3690
Any,Arminger,Achiras,04/12/1971,Argentina,aarmingermk@dion.ne.jp,709-180-5561
Konstance,Shreve,Seattle,07/31/1993,United States,kshreveml@simplemachines.org,425-482-8214
Arin,Jeffrey,Tongguan,02/08/1967,China,ajeffreymm@cisco.com,255-199-9656
Kristo,Shires,Santiago,04/28/1952,Philippines,kshiresmn@trellian.com,271-462-4787
Albina,Alexandersen,,,,,
Kathryn,Loughren,Kävlinge,04/26/1996,Sweden,kloughrenmp@marriott.com,291-192-2506
Regan,Cubbinelli,Krajan Winong,04/05/1997,Indonesia,rcubbinellimq@mac.com,856-852-5230
Gilemette,Finey,Sidaharja,06/24/1969,Indonesia,gfineymr@github.io,935-964-1788
Rees,Swayton,Lugovskoy,01/15/1979,Russia,,662-329-7890
Wendeline,Bonnor,Mutang,03/20/1987,China,wbonnormt@house.gov,778-164-7625
Abran,Breadmore,Lolak,05/14/1983,Indonesia,,132-472-1896
Allissa,Matveichev,Jinyuan,04/04/1954,China,amatveichevmv@ustream.tv,153-388-7338
Penelopa,Bragg,Huiyuan,09/07/1980,China,pbraggmw@oakley.com,139-928-2080
Arabelle,Spellward,Takamatsu-shi,09/18/1957,Japan,aspellwardmx@state.tx.us,295-852-3097
Salvidor,McCombe,Deventer,11/03/1982,Netherlands,smccombemy@feedburner.com,969-669-3265
Niall,Tenny,,,,ntennymz@umich.edu,
Emilie,Searson,Zhukovka,12/13/1958,Russia,,537-922-1029
Lincoln,Townend,Espinheira,06/14/1983,Portugal,ltownendn1@yahoo.com,891-882-5480
Benito,Stoyles,Nový Bydžov,04/24/1975,Czech Republic,,840-522-5713
Whitney,Brunone,Antimácheia,10/27/1975,Greece,wbrunonen3@diigo.com,689-963-3282
Lavinie,Winspear,Ungsang,05/23/1992,South Korea,lwinspearn4@naver.com,692-713-5502
Amandi,Bohike,Onguday,07/27/1985,Russia,abohiken5@technorati.com,907-433-1719
Karolina,Wickins,Orzu,07/25/1985,Tajikistan,kwickinsn6@nature.com,954-520-4399
Mort,Kilminster,Rossosh’,04/18/1974,Russia,mkilminstern7@eventbrite.com,625-256-9859
Wright,Edlington,Retkovci,03/24/1965,Croatia,,586-732-6937
Enid,Tremmel,Luga,04/08/1998,Russia,etremmeln9@samsung.com,319-202-7644
Lizette,Matyugin,,,,lmatyuginna@dagondesign.com,
Octavia,Tremoulet,San Jose,11/30/1957,Philippines,otremouletnb@gnu.org,626-800-7669
Jerri,Hiner,Yangjiaqiao,06/27/1953,China,jhinernc@ibm.com,930-786-9068
Angelia,Reedick,Geshan,08/13/1958,China,areedicknd@ft.com,385-867-0324
Ronica,Broomhead,Tsyurupyns’k,05/19/1963,Ukraine,rbroomheadne@eventbrite.com,793-717-9570
Hamil,Cottee,Nancheng,08/06/1993,China,hcotteenf@phpbb.com,770-880-2139
Ted,Egle of Germany,Gangbei,01/05/1976,China,tegleofgermanyng@barnesandnoble.com,806-687-6843
Thorndike,Eglaise,Jiaodai,07/26/1972,China,teglaisenh@loc.gov,734-598-1331
Eva,Carse,Satowebrang,07/28/1959,Indonesia,ecarseni@people.com.cn,696-247-0360
Margeaux,Turville,Itajubá,06/09/1989,Brazil,mturvillenj@delicious.com,798-343-5065
Jenica,Robins,Atouguia,06/07/1957,Portugal,,532-234-3693
Joann,Simonutti,Aston,08/17/1981,United Kingdom,,479-831-2751
Wileen,Haggidon,Menampukrajan,10/09/1950,Indonesia,whaggidonnm@wsj.com,481-370-1638
Dorian,Yukhnev,Anáfi,08/04/1950,Greece,dyukhnevnn@biblegateway.com,149-723-6541
Angelico,Falshaw,Primero de Enero,02/23/1950,Cuba,afalshawno@g.co,443-248-2732
Alyse,Domnin,Pocokan Satu,12/28/1985,Indonesia,adomninnp@latimes.com,677-852-1540
Hedda,Sandal,Quirinópolis,02/02/1998,Brazil,hsandalnq@nbcnews.com,266-162-0600
Holly,Howson,San Juan,09/26/1961,Philippines,hhowsonnr@washingtonpost.com,429-169-0206
Cord,Chattey,Giado,10/23/1992,Libya,cchatteyns@businessinsider.com,702-146-6582
Huntington,Croan,Alaghsas,10/06/1986,Niger,hcroannt@zimbio.com,648-404-8977
Julie,Owtram,Polepy,11/02/1984,Czech Republic,jowtramnu@patch.com,513-548-3392
Melly,Meagher,Kyrenia,12/06/1990,Cyprus,mmeaghernv@alibaba.com,571-390-1522
Artemus,Dionisetti,Ecroignard,10/12/1967,Mauritius,adionisettinw@tripadvisor.com,729-333-4766
Darya,Dragoe,Sausa,11/05/1951,Peru,ddragoenx@telegraph.co.uk,732-526-0558
Ashlin,Lugton,Port Said,10/17/1987,Egypt,alugtonny@earthlink.net,557-327-5111
Randee,Ayars,Caoping,04/04/1986,China,,680-689-6976
Keslie,Woodyear,Dawu Chengguanzhen,05/18/1977,China,kwoodyearo0@nifty.com,536-852-3453
Adina,Ruddick,Caikouji,07/29/1953,China,aruddicko1@360.cn,415-671-8588
Mommy,Cowey,Paris La Défense,07/29/1978,France,mcoweyo2@mtv.com,675-902-3491
Hazlett,Colten,Mandikbatu,02/16/1987,Indonesia,,460-939-0259
Tobias,Gatherer,Bellavista,10/22/1974,Peru,tgatherero4@nifty.com,885-219-7752
Brnaba,Oleszkiewicz,Bugembe,05/15/1984,Uganda,boleszkiewiczo5@g.co,755-625-5061
Kristin,Hubbucke,Rizal,11/11/1988,Philippines,,601-401-6180
Leicester,Bilovus,Huangjia,07/02/1954,China,lbilovuso7@zdnet.com,650-921-1351
Melly,Beste,San Rafael,09/28/1980,Philippines,mbesteo8@google.es,612-793-4703
Robert,Spohrmann,Pingshanhu,10/03/1967,China,rspohrmanno9@hp.com,966-902-3149
Laurianne,Leathem,Parnamirim,11/03/1960,Brazil,lleathemoa@so-net.ne.jp,835-588-4271
Leicester,Lashford,,,,llashfordob@sciencedirect.com,
Franklyn,Kilmister,Banpu,07/06/1972,China,fkilmisteroc@instagram.com,221-111-2715
Mariel,Phipp,Nanyang,06/14/1969,China,mphippod@barnesandnoble.com,402-803-3499
Dexter,Elmer,Järna,08/21/1974,Sweden,delmeroe@vistaprint.com,320-290-4133
Edouard,Barensky,Uritsk,05/26/1997,Russia,ebarenskyof@addthis.com,916-759-3252
Laurella,Iddenden,Lucheng,09/24/1983,China,liddendenog@narod.ru,353-368-1092
Myrtia,Chard,Tumbi,04/13/1965,Tanzania,mchardoh@icq.com,710-634-6824
Fedora,Belli,Kaiyuan,04/06/1986,China,fbellioi@php.net,400-309-7708
Doralynn,Maron,Marly,08/10/1956,France,dmaronoj@prnewswire.com,364-727-6289
Ben,Antonoyev,San Juan Sacatepéquez,06/16/1975,Guatemala,bantonoyevok@google.com.au,635-332-5415
Matthiew,Thirwell,Неготино,11/08/1986,Macedonia,mthirwellol@nih.gov,822-470-2066
Aryn,McLuckie,Talisayan,11/04/1962,Philippines,amcluckieom@adobe.com,972-993-1148
Vernen,Barten,Losevo,10/27/1954,Russia,vbartenon@liveinternet.ru,284-480-3939
Agnella,Greenrodd,Grybów,01/12/1965,Poland,agreenroddoo@stumbleupon.com,185-101-1708
Anestassia,Bellee,Fasi,06/10/1967,China,abelleeop@cdc.gov,959-112-9987
Marcille,Clouter,Gus’-Khrustal’nyy,02/13/1965,Russia,mclouteroq@usgs.gov,637-900-9128
Janifer,Archell,Bacuyangan,05/02/1972,Philippines,jarchellor@blinklist.com,308-414-6654
Ailee,Wyke,Mejdan - Obilićevo,04/11/1964,Bosnia and Herzegovina,awykeos@apache.org,228-464-2880
Bear,Hoodlass,Veliko Tŭrnovo,07/15/1971,Bulgaria,,112-265-1875
Leonidas,Wayper,Pira,04/27/1995,Peru,lwayperou@prweb.com,809-914-1458
Hedvige,Hanne,,,,hhanneov@miitbeian.gov.cn,
Ferris,Warboy,Huangjingba,01/24/1994,China,fwarboyow@stumbleupon.com,483-723-1724
Killy,Doyland,Yuncheng,04/18/1962,China,kdoylandox@sakura.ne.jp,286-259-6900
Shina,Hicklingbottom,Kantharalak,05/22/1954,Thailand,shicklingbottomoy@ucla.edu,328-453-2912
Buiron,Vardie,Sandu,04/11/1972,China,bvardieoz@biglobe.ne.jp,638-624-7369
Raff,Bonifas,Utena,10/15/1964,Lithuania,rbonifasp0@ycombinator.com,936-137-8943
Seana,Boath,Milíkov,05/17/1962,Czech Republic,sboathp1@cbc.ca,185-338-6820
Galvin,Caukill,Wutan,03/13/1956,China,gcaukillp2@timesonline.co.uk,865-104-2574
Jilli,Dolling,Banturkrajan,09/09/1952,Indonesia,,603-177-6940
Dee dee,Robey,Kurzętnik,12/10/1963,Poland,drobeyp4@list-manage.com,107-384-7362
Waverly,Brian,Bureya,02/24/1987,Russia,wbrianp5@biglobe.ne.jp,592-940-5097
Krista,Markos,Salekhard,02/07/1996,Russia,kmarkosp6@wordpress.org,409-889-3343
Paquito,Ure,Ngurenrejo,12/05/1981,Indonesia,,997-470-5701
Vevay,Canelas,Kiikala,12/15/1954,Finland,vcanelasp8@people.com.cn,821-920-6269
Victoria,Raun,Xujiaqiao,01/08/1962,China,vraunp9@marriott.com,326-242-5771
Trenna,Yakebowitch,Allacapan,06/15/1959,Philippines,tyakebowitchpa@domainmarket.com,123-836-1134
Opalina,Earwicker,Araguaiana,08/20/1975,Brazil,,262-553-2319
Nevil,Maraga,Dingli,02/13/1998,Malta,nmaragapc@free.fr,720-123-8466
Chantalle,Pitkeathley,Podhum,03/30/1962,Croatia,cpitkeathleypd@nasa.gov,689-969-3392
Bent,Ferrarello,Kidangbang,11/05/1955,Indonesia,bferrarellope@csmonitor.com,306-316-3322
Remy,Pock,Berezivka,09/04/1977,Ukraine,rpockpf@behance.net,279-871-5275
Gilberta,Quennell,Gereshk,11/11/1960,Afghanistan,gquennellpg@yellowbook.com,252-728-0778
Farlee,Meric,Goz Béïda,12/06/1953,Chad,,701-293-0142
Judon,Lawtie,Dvůr Králové nad Labem,01/29/1975,Czech Republic,jlawtiepi@slate.com,267-537-6123
Brandyn,Willmore,Sankui,10/06/1993,China,bwillmorepj@marriott.com,157-792-2216
Clea,MacRonald,Peuteuy,04/09/1951,Indonesia,cmacronaldpk@dyndns.org,229-786-5331
Cassandra,Tabourier,Shicheng,09/15/1977,China,ctabourierpl@skype.com,967-260-7869
Rosalind,Lorrimer,San Jacinto,11/07/1978,Philippines,,148-444-7442
Inez,Hedman,Pérama,04/19/1978,Greece,ihedmanpn@ftc.gov,505-815-1969
Cherilynn,Bramwell,Getengan,07/15/1955,Indonesia,cbramwellpo@epa.gov,621-874-5958
Emmye,Rapport,Altunemil,04/28/1964,China,erapportpp@nhs.uk,546-368-0242
Glenna,Mangenet,Sandefjord,10/23/1989,Norway,gmangenetpq@jimdo.com,154-144-9754
Nap,Darrigone,Juradó,09/01/1972,Colombia,,923-125-6313
Armin,Wheadon,Doushaguan,10/24/1989,China,awheadonps@spiegel.de,879-920-0328
Bethina,Cockle,Godong,10/18/1954,Indonesia,bcocklept@typepad.com,485-762-6129
Page,Popham,Sunne,10/02/1963,Sweden,ppophampu@unc.edu,969-238-9146
Barde,Manolov,Baiqi,06/01/1962,China,bmanolovpv@sbwire.com,782-726-9707
Deerdre,Huntriss,Ede,08/15/1968,Netherlands,dhuntrisspw@umich.edu,395-283-0409
Anetta,Knowlden,Xincun,12/01/1993,China,aknowldenpx@edublogs.org,500-174-9282
Lauralee,McPhaden,Yala,08/15/1961,Thailand,lmcphadenpy@cam.ac.uk,904-279-4532
Simon,Colchett,Krajan Sale,12/26/1994,Indonesia,scolchettpz@hatena.ne.jp,580-751-4734
Grannie,Perkinson,Örnsköldsvik,05/04/1974,Sweden,gperkinsonq0@nba.com,586-691-5348
Cammy,Chastelain,Temperak,11/10/1991,Indonesia,cchastelainq1@berkeley.edu,452-872-4937
Kriste,Hanburry,Mirsíni,06/29/1960,Greece,,866-540-4295
Jemimah,Newbery,Soubré,07/10/1990,Ivory Coast,,999-393-6651
Garnet,Sutterby,Lewoeleng,10/03/1962,Indonesia,gsutterbyq4@senate.gov,130-863-3279
Hussein,Cotmore,Guanaja,06/02/1979,Honduras,hcotmoreq5@nydailynews.com,248-147-8118
Wynn,Catanheira,,,,wcatanheiraq6@va.gov,
Alejandrina,Firks,Dayapan,04/20/1993,Philippines,afirksq7@blogspot.com,657-770-4742
Katuscha,Moylane,Pasauran,03/25/1953,Indonesia,kmoylaneq8@ox.ac.uk,707-916-2437
Persis,Jaffa,,,,pjaffaq9@boston.com,
Jorrie,Haining,Baie-Comeau,09/23/1982,Canada,jhainingqa@ox.ac.uk,654-710-0484
Elfie,Readman,Changzhi,04/02/1980,China,ereadmanqb@goo.gl,557-956-6208
Lyndsey,Emanuel,Chenqing,08/28/1951,China,lemanuelqc@furl.net,138-719-6571
Windham,Grosvener,Mohelno,01/27/1989,Czech Republic,,239-765-6728
Alfi,Godwyn,Pôrto Barra do Ivinheima,05/08/1974,Brazil,agodwynqe@ifeng.com,422-923-2566
Reagen,McUre,Alexandria,06/17/1977,United States,rmcureqf@hexun.com,202-669-7210
Barnett,Bartram,Kladno,12/05/1966,Czech Republic,,274-413-3556
Gayler,Errey,Yinglong,04/21/1961,China,gerreyqh@narod.ru,158-993-3687
Traci,Mardell,Insiza,04/08/1972,Zimbabwe,tmardellqi@behance.net,501-721-7947
Flore,Giacomo,Ganhe,03/06/1971,China,fgiacomoqj@spotify.com,656-537-7822
Staford,Sedgefield,Železná Ruda,09/13/1968,Czech Republic,,872-984-6209
Traver,Inchboard,Blois,08/13/1975,France,tinchboardql@columbia.edu,147-674-4262
Dorelia,Polleye,Sexiong,12/28/1961,China,,995-250-9534
Geraldine,Debenham,Nereta,01/19/1954,Latvia,gdebenhamqn@baidu.com,947-614-4306
Raina,Bernardy,San Ramón,04/25/1959,Uruguay,rbernardyqo@google.co.jp,201-430-3505
Isidore,Brunstan,Mata de São João,04/04/1952,Brazil,ibrunstanqp@mac.com,353-984-9705
Jan,Chaney,Neuzina,10/04/1969,Serbia,jchaneyqq@umn.edu,924-691-2114
Beitris,Lusty,Espinheira,09/06/1971,Portugal,blustyqr@dailymail.co.uk,192-775-8203
Sheela,Klimkowski,Qilong,02/06/1986,China,sklimkowskiqs@studiopress.com,227-475-1560
Bill,Van De Cappelle,Hägersten,03/31/1959,Sweden,bvandecappelleqt@posterous.com,599-598-6110
Lonnie,Michie,Shuangxi,06/27/1979,China,lmichiequ@europa.eu,332-847-6430
Piotr,Compford,Areado,05/24/1990,Brazil,pcompfordqv@zdnet.com,203-916-0563
Aubree,Borth,Kittilä,09/07/1986,Finland,aborthqw@sciencedaily.com,794-951-5075
Fredrika,Reicherz,Nakhon Nayok,06/04/1995,Thailand,,300-208-4471
Humfrey,Du Hamel,Novobiryusinskiy,11/16/1968,Russia,,455-440-2078
Tuesday,Partner,Bifeng,06/30/1959,China,,283-348-9777
Milena,Tourne,Sitabamba,11/21/1999,Peru,mtourner0@dion.ne.jp,726-694-4890
Vinni,Janovsky,Tarub,12/07/1982,Indonesia,vjanovskyr1@samsung.com,942-206-3987
Cyndi,Conville,Buchou,12/23/1979,China,cconviller2@house.gov,594-260-8010
Lew,Cavan,Rumyantsevo,01/23/1951,Russia,lcavanr3@360.cn,940-801-0971
Gunther,Ollive,Lubenec,10/19/1993,Czech Republic,golliver4@walmart.com,954-268-5520
Venus,Pareman,Sharan,09/09/1980,Russia,vparemanr5@uol.com.br,357-666-4065
Suzanna,Ritelli,Redange-sur-Attert,11/25/1983,Luxembourg,sritellir6@mlb.com,825-526-1686
Clotilda,Tilney,Selorejo,09/16/1973,Indonesia,ctilneyr7@gizmodo.com,982-965-2433
Noni,Allingham,Isdalstø,07/14/1970,Norway,nallinghamr8@sbwire.com,618-579-2329
Walt,Lambirth,,,,wlambirthr9@cpanel.net,
Ira,Pirson,Tanjung Kidul,08/23/1977,Indonesia,ipirsonra@marketwatch.com,108-465-1561
Kelcie,Mundie,Zghartā,11/01/1979,Lebanon,kmundierb@youtu.be,582-316-6637
Sindee,Miliffe,Yanqi,05/09/1959,China,smilifferc@bloomberg.com,244-368-2066
Dusty,Geyton,Barrie,05/06/1977,Canada,dgeytonrd@usgs.gov,723-137-3002
Harcourt,Sorrie,Changning,03/15/1960,China,hsorriere@accuweather.com,705-955-6513
Neall,Crapper,Mendes,04/04/1959,Brazil,ncrapperrf@google.co.jp,114-519-1798
Kevan,Pye,Roanne,10/13/1995,France,kpyerg@google.ca,915-606-2415
Portia,Joyner,Santa Lucia,01/24/1960,Philippines,pjoynerrh@domainmarket.com,282-660-1721
Rubetta,Marsham,,,,rmarshamri@cyberchimps.com,
Henka,Caze,Siheyuan,07/23/1966,China,hcazerj@slate.com,410-200-0100
Jodie,Longden,Thị Trấn Yên Phú,11/29/1956,Vietnam,jlongdenrk@princeton.edu,347-111-3295
Traci,Nehlsen,General Enrique Godoy,05/30/1953,Argentina,,444-687-0334
Chane,Oven,Lagoa,06/04/1959,Portugal,covenrm@wikimedia.org,597-699-7191
Kevina,Bachshell,Jaguaruana,09/15/1975,Brazil,kbachshellrn@skyrock.com,272-905-3961
Lucita,Swinfen,Mahébourg,12/24/1996,Mauritius,lswinfenro@imdb.com,131-765-2279
Nels,Drable,Shōbu,04/15/1960,Japan,ndrablerp@ibm.com,250-520-7021
Findley,Askin,Karuk,02/03/1992,Indonesia,faskinrq@howstuffworks.com,439-169-8661
Homerus,Karlsen,Ciyun,07/20/1997,China,hkarlsenrr@ebay.co.uk,480-442-1836
