first_name,last_name,birth_place,birth_date,country_living_in,email,phone
Peggi,Hambribe,Araranguá,08/01/1964,Brazil,,199-118-6278
Flinn,McGiffin,Oum Hadjer,11/05/1951,Chad,fmcgiffin1@delicious.com,830-946-3994
Nolie,Abel,Hujia,02/06/1987,China,,348-709-3799
Blanche,Jeyes,,,,,
Durand,Huburn,Pesnica pri Mariboru,08/02/1981,Slovenia,dhuburn4@pcworld.com,430-262-4635
Kermie,Orteaux,,,,korteaux5@boston.com,
Ibbie,D'Onisi,Pécs,09/07/1978,Hungary,idonisi6@amazonaws.com,420-568-9503
Che,Delcastel,Mijiang,08/29/1976,China,cdelcastel7@army.mil,297-963-0547
Allianora,Durn,Nuoxizhi,02/13/1982,China,adurn8@vimeo.com,681-283-1691
Cristobal,Brisard,Impalutao,01/29/1983,Philippines,cbrisard9@de.vu,700-894-7379
Trude,L'Episcopio,Segoro,04/25/1953,Indonesia,,261-981-3028
Orly,Muselli,,,,omusellib@wired.com,
Shana,Blevin,Huayuan,05/26/1957,China,sblevinc@eventbrite.com,682-246-2347
Marja,Gartshore,Strömsund,05/20/1975,Sweden,,608-369-1220
Arney,Latore,Uyugan,12/04/1998,Philippines,alatoree@chron.com,910-935-0568
Katy,Brushneen,Colatina,04/21/1978,Brazil,,877-190-4824
Brittaney,O'Geneay,Kobayashi,09/24/1960,Japan,bogeneayg@walmart.com,974-587-2712
Noni,Orrom,Wawu,08/22/1962,China,norromh@i2i.jp,638-955-2720
Allayne,Keighley,Pasirangin Tiga,02/20/1968,Indonesia,akeighleyi@slate.com,688-692-0964
Idette,Josephson,Al Ḩaffah,03/31/1968,Syria,ijosephsonj@ucoz.com,887-509-6917
Jacqui,Briance,Bang Phae,05/12/1993,Thailand,jbriancek@answers.com,384-635-7894
Devan,Dy,,,,ddyl@telegraph.co.uk,
Kerrill,Marcq,Luna,01/16/1987,Philippines,kmarcqm@bbb.org,801-111-3752
Aleen,Caughtry,Longueuil,02/04/1985,Canada,acaughtryn@4shared.com,959-163-0805
Nappie,Josefsen,Nizhniy Lomov,04/25/1996,Russia,,795-393-4312
Hilton,Francie,Orléans,08/04/1952,France,hfranciep@yellowpages.com,999-791-2732
Gordon,Vanlint,Lalupon,11/28/1984,Nigeria,gvanlintq@examiner.com,298-112-1025
Vergil,Marrison,Iwanai,12/29/1993,Japan,vmarrisonr@dot.gov,561-889-9311
Berk,Zarb,Jabonga,09/30/1990,Philippines,bzarbs@comsenz.com,793-799-1733
Pauly,Tommei,Xinfa,05/07/1966,China,ptommeit@chron.com,460-393-0465
Tobi,De Vries,Arcachon,10/27/1996,France,tdevriesu@merriam-webster.com,767-540-8865
Annadiana,Tomsa,Pavino,02/12/1993,Russia,atomsav@comcast.net,228-137-4486
Merissa,Gother,Tagakpan,05/22/1950,Philippines,,327-932-6584
Roderick,Goudge,Eldoret,07/26/1997,Kenya,rgoudgex@macromedia.com,339-812-3072
Anne-marie,O'Dunneen,Ufimskiy,01/08/1962,Russia,aodunneeny@dmoz.org,893-654-8006
Noella,Jenicek,Mayahi,11/04/1958,Niger,,177-170-8823
Elset,Yepiskopov,Potok Złoty,11/12/1976,Poland,,980-327-1291
Bess,Ranald,Ḩājī Khēl,03/14/1963,Afghanistan,,320-584-1395
Merill,Crannach,Wringinputih,08/08/1977,Indonesia,,431-759-3872
Wallis,Mallett,Picos,01/23/1983,Brazil,wmallett13@gravatar.com,292-547-3547
Hollis,Vasyutin,Getazat,11/26/1986,Armenia,hvasyutin14@baidu.com,361-158-7009
Lilah,Le Borgne,Raša,08/14/1993,Croatia,lleborgne15@miibeian.gov.cn,402-643-6527
Bernita,Hallor,Cibingbin,03/27/1998,Indonesia,bhallor16@timesonline.co.uk,556-174-4320
Reuven,Quartley,,,,rquartley17@elegantthemes.com,
Issi,Scolts,Fulu,01/08/1975,China,iscolts18@unblog.fr,934-605-8383
Blane,Losano,Mtwango,11/01/1994,Tanzania,blosano19@weebly.com,496-790-0323
Marge,Wybron,Santa Cruz Balanyá,09/24/1996,Guatemala,mwybron1a@123-reg.co.uk,443-768-0681
Trish,Reinhart,Kabala,08/30/1997,Sierra Leone,treinhart1b@opensource.org,440-603-9237
Aylmer,Cowie,Kandangan,07/23/1975,Indonesia,acowie1c@skyrock.com,598-869-3686
Evita,Waplington,Skrzydlna,11/04/1998,Poland,ewaplington1d@jiathis.com,885-895-2788
Maisey,Noorwood,Jincheng,12/08/1974,China,mnoorwood1e@phoca.cz,862-885-6175
Rosemarie,Ballinger,Kaizuka,11/16/1981,Japan,,542-595-6098
Hanson,Suttaby,Cachoeirinha,03/23/1994,Brazil,hsuttaby1g@salon.com,364-997-6056
Karoline,Coldbathe,Xianghua,12/14/1982,China,kcoldbathe1h@nature.com,862-788-4775
Bary,Speirs,Uitiuhtuan,06/03/1951,Indonesia,bspeirs1i@irs.gov,209-252-5220
Willi,Cooch,Skurup,03/19/1978,Sweden,wcooch1j@pbs.org,642-686-2584
Else,Mundle,Saint-Jouan-des-Guérets,09/19/1990,France,emundle1k@blogs.com,796-670-9512
Horace,Piddletown,,,,hpiddletown1l@pagesperso-orange.fr,
Sarina,Youthed,Cueto,03/21/1977,Cuba,syouthed1m@t-online.de,781-376-2992
Alva,Boughen,Windsor,12/02/1987,Canada,aboughen1n@marriott.com,392-254-6718
Winthrop,Demange,Yëlkino,05/14/1989,Russia,wdemange1o@guardian.co.uk,971-455-1915
Rosetta,Silwood,Lorraine,11/19/1972,Canada,rsilwood1p@de.vu,419-682-7745
Lucho,Kinner,Situsari,09/17/1978,Indonesia,lkinner1q@cbc.ca,595-401-4726
Lucita,Camber,Svoboda nad Úpou,01/25/1953,Czech Republic,,616-373-0512
Dyan,Holberry,Nanterre,12/15/1980,France,dholberry1s@addtoany.com,887-100-0572
Doy,Emby,Shangping,01/23/1990,China,demby1t@craigslist.org,840-543-9919
Marta,Boshers,Karatau,01/27/1979,Kazakhstan,mboshers1u@yahoo.co.jp,461-537-5156
Talbert,Radke,Bosanski Brod,11/11/1955,Bosnia and Herzegovina,tradke1v@stanford.edu,811-888-9713
Mark,Crouse,Votuporanga,01/08/1955,Brazil,,939-195-8722
Lianna,Aloigi,Mwaya,11/16/1967,Tanzania,laloigi1x@earthlink.net,807-897-1153
Guglielma,Ragbourn,At-Bashi,06/04/1974,Kyrgyzstan,gragbourn1y@patch.com,744-765-3346
Vaughn,Corneck,São Jerônimo,01/04/1961,Brazil,vcorneck1z@shareasale.com,327-311-6259
Myrtia,Fawcitt,Lunik,04/22/1987,Albania,mfawcitt20@e-recht24.de,353-835-3776
Patsy,Excell,Hekou,04/07/1963,China,pexcell21@sciencedirect.com,456-515-3600
Ethelyn,Kean,Karatsu,09/16/1994,Japan,,360-409-5283
Diarmid,Timbridge,Jiangmen,05/08/1992,China,dtimbridge23@businessweek.com,214-891-5024
Brandice,Commings,Newport,04/30/1969,Curacao,bcommings24@unicef.org,316-478-0345
Conroy,Eveleigh,,,,ceveleigh25@taobao.com,
Marylynne,Temple,Andros Town,06/17/1981,Bahamas,mtemple26@livejournal.com,181-325-6810
Madalena,Neill,Amangarh,05/08/1969,Pakistan,mneill27@apple.com,693-168-7451
Beulah,Oehme,Shimen,08/17/1950,China,,323-122-5289
Rockie,Corr,,,,rcorr29@google.com.br,
August,Ricketts,Xihongmen,07/01/1980,China,aricketts2a@spiegel.de,903-200-5456
Earle,Cron,Cikujang,08/21/1990,Indonesia,ecron2b@blinklist.com,315-861-3735
Fitzgerald,Tremolieres,Ban Chang,02/16/1990,Thailand,ftremolieres2c@geocities.jp,763-761-7644
Seumas,Tarzey,Djohong,05/30/1988,Cameroon,starzey2d@hao123.com,603-205-2557
Dianemarie,Iacovacci,Zheyuan,05/08/1998,China,diacovacci2e@nba.com,472-850-9870
Manda,Crowcombe,Ambanja,02/02/1956,Madagascar,,910-140-3130
Ollie,Wallman,Totok,12/29/1979,Indonesia,,750-738-4526
Leoine,Oglethorpe,Sugihmukti,09/06/1976,Indonesia,,669-107-9914
Fleur,Batcock,Kedungharjo,06/02/1963,Indonesia,,574-912-5694
Darlleen,Gawthrop,Talangnan,01/14/1962,Philippines,dgawthrop2j@squidoo.com,129-461-4056
Trey,Simmers,Manadhoo,07/31/1974,Maldives,tsimmers2k@newyorker.com,506-125-5720
Isa,Traise,Afareaitu,01/19/1974,French Polynesia,,156-345-2699
Lowe,Kesten,Bergen,11/09/1966,Norway,lkesten2m@google.com.hk,160-359-2149
Randee,Agott,Yixingfu,12/12/1990,China,ragott2n@yellowbook.com,446-162-4750
Ingrid,Hlavecek,Palma Soriano,01/27/1987,Cuba,ihlavecek2o@yolasite.com,703-772-5284
Waite,Basset,Cernay,01/23/1984,France,wbasset2p@xing.com,735-883-5503
Guinna,Lackney,Pombal,08/24/1977,Portugal,glackney2q@dyndns.org,593-203-7749
Dolley,Tubritt,Uppsala,04/23/1964,Sweden,dtubritt2r@angelfire.com,448-195-8526
Brandy,Micklewicz,Palmeira das Missões,06/15/1998,Brazil,bmicklewicz2s@microsoft.com,997-174-0542
Denna,Navarijo,Ōmagari,09/04/1988,Japan,dnavarijo2t@si.edu,428-113-1695
Klement,Paschke,Hongsihu,03/06/1995,China,kpaschke2u@reverbnation.com,888-715-0202
Brendis,Akister,Heemskerk,09/01/1972,Netherlands,bakister2v@bizjournals.com,945-458-5952
Terra,Thay,Heimahe,01/28/1983,China,tthay2w@nih.gov,712-999-2263
Mandy,McMurty,Pita,10/01/1957,Guinea,mmcmurty2x@phpbb.com,997-701-0328
Linn,Cicculini,Flushing,01/12/1995,United States,,917-611-4812
Jourdain,Bussetti,Muyuzi,12/23/1950,China,,809-135-8517
Sybila,McLinden,Cetinje,05/09/1964,Montenegro,smclinden30@addthis.com,109-522-4038
Fields,Gwillim,Palma De Mallorca,01/13/1951,Spain,fgwillim31@ucoz.ru,768-170-4546
Corinna,Lackham,Ekerö,12/29/1971,Sweden,,863-287-9691
Candide,Bayly,Sieniawa Żarska,09/21/1993,Poland,cbayly33@paginegialle.it,260-903-2383
Modestine,Elcom,Medvezh’yegorsk,10/28/1982,Russia,melcom34@bigcartel.com,842-153-0907
Garik,Tollow,Chojnów,07/20/1983,Poland,gtollow35@usda.gov,141-620-7366
Kettie,Warden,São João del Rei,05/05/1996,Brazil,kwarden36@netvibes.com,637-488-6002
Delano,Maffulli,Bellavista,09/30/1996,Mexico,dmaffulli37@theguardian.com,141-567-0768
Tam,Bartosch,Quillabamba,03/22/1960,Peru,tbartosch38@sphinn.com,882-181-1077
Max,Trownson,Gobernador Ingeniero Valentín Virasoro,08/12/1966,Argentina,,168-154-0209
Lizbeth,Collihole,Krajan Dua Putukrejo,03/05/1972,Indonesia,lcollihole3a@illinois.edu,734-720-9435
Denni,Redmile,Betafo,12/28/1998,Madagascar,dredmile3b@theglobeandmail.com,218-398-3768
Aurelie,Rothert,Jiupu,10/05/1976,China,arothert3c@bizjournals.com,350-923-0029
Verne,Wooding,Nora,07/14/1979,Sweden,vwooding3d@hexun.com,751-729-1258
Kathi,Rake,Jiaoziya,07/18/1956,China,krake3e@trellian.com,862-151-6797
Donny,Leitch,Rennes,09/06/1988,France,dleitch3f@squidoo.com,108-256-5683
Donavon,Outhwaite,Camias,05/25/1997,Philippines,douthwaite3g@istockphoto.com,982-358-5162
Brandie,Oxberry,Şānūr,01/22/1974,Palestinian Territory,boxberry3h@xrea.com,208-934-6866
Mirelle,Cogswell,Furudate,11/14/1999,Japan,,973-577-1940
Stephannie,Bound,Concórdia,06/09/1993,Brazil,sbound3j@dion.ne.jp,284-338-8156
Larine,Gowing,Saint-Augustin,10/11/1951,Canada,lgowing3k@bravesites.com,673-340-3113
Myrtle,Tutchings,Somovo,08/05/1969,Russia,,669-851-6244
Jimmy,Finlry,Villaviciosa,07/30/1984,Philippines,jfinlry3m@cloudflare.com,813-811-3071
Ralf,Abyss,Kuantan,10/22/1976,Malaysia,rabyss3n@livejournal.com,802-383-9280
Bent,MacCracken,Arāk,10/17/1968,Iran,bmaccracken3o@pinterest.com,473-260-8240
Clayton,Roswarne,Kuafeu,12/30/1977,Indonesia,croswarne3p@house.gov,381-175-9423
Feodora,De Bruin,Strängnäs,10/08/1966,Sweden,fdebruin3q@state.gov,971-606-5525
Renell,Mityashev,General Emilio Aguinaldo,03/14/1996,Philippines,,720-621-1792
Dee,Lawrenceson,Novyy Karachay,05/07/1970,Russia,dlawrenceson3s@odnoklassniki.ru,526-190-3373
Prent,Binford,Newark,07/22/1992,United States,pbinford3t@nps.gov,973-721-1419
Mamie,Brazel,Siparia,01/15/1955,Trinidad and Tobago,mbrazel3u@cafepress.com,908-327-1588
Linc,Playdon,Bjärred,02/04/1996,Sweden,lplaydon3v@linkedin.com,893-405-6765
Joyann,Maclean,Polýkastro,03/26/1984,Greece,jmaclean3w@hubpages.com,263-373-2532
Jamaal,Dunsire,Jiucaigou,01/07/1957,China,,255-777-7540
Chariot,Humby,Samanggen,05/04/1970,Indonesia,chumby3y@statcounter.com,150-547-6853
Cecelia,Luckings,Lage,02/28/1983,Portugal,cluckings3z@dmoz.org,338-148-5261
Kaiser,Carles,Qiaodi,02/01/1982,China,kcarles40@nhs.uk,383-801-8210
Lexie,Greenough,Libertador General San Martín,05/24/1983,Argentina,lgreenough41@blogtalkradio.com,565-745-5328
Ester,Ishaki,Fulu,02/04/1988,China,eishaki42@canalblog.com,579-919-5338
Donni,Kellog,Hondo Valle,07/05/1952,Dominican Republic,dkellog43@abc.net.au,783-870-8061
Veriee,Luter,,,,vluter44@soup.io,
Frederico,Jelliman,Pacaembu,09/01/1969,Brazil,fjelliman45@baidu.com,341-677-0901
Dudley,Gulc,Shebekino,03/15/1986,Russia,,267-151-8493
Kaine,Auden,Malicboy,08/21/1953,Philippines,kauden47@clickbank.net,533-223-6552
Mickey,Ingledow,Sokolniki,08/28/1974,Poland,mingledow48@nih.gov,816-269-5301
Melva,Hendrik,Ponggok,04/20/1952,Indonesia,mhendrik49@cnn.com,252-443-9082
Kaitlynn,Exall,Prey Veng,04/30/1999,Cambodia,,940-126-3405
Marjie,Simka,Zhongguan,02/28/1992,China,msimka4b@imgur.com,510-818-6593
Herminia,Rainville,Al Bājūr,09/10/1976,Egypt,,898-948-5187
Jemie,Jolliman,Sanya,01/29/1999,China,jjolliman4d@reddit.com,936-894-6683
Janela,Rosone,,,,jrosone4e@sphinn.com,
Madalyn,Sisselot,Qukou,04/30/1965,China,,397-767-8585
Ricky,Mackrill,Staraya Ladoga,12/06/1983,Russia,rmackrill4g@digg.com,272-651-1145
Aristotle,De Pietri,Villazón,01/04/1970,Bolivia,adepietri4h@youku.com,268-902-3979
Karry,Meddings,Bendungan,01/08/1980,Indonesia,kmeddings4i@fotki.com,887-463-0075
Oswell,Dreossi,Uliastay,02/25/1992,Mongolia,odreossi4j@princeton.edu,415-802-8020
Erena,Grealy,Emmaboda,10/16/1962,Sweden,,645-872-9564
Barret,Awcoate,Kabale,10/23/1950,Uganda,bawcoate4l@chron.com,109-361-4691
Ddene,Hutable,Kashar,01/24/1970,Albania,dhutable4m@wiley.com,683-148-3549
Kearney,Jinkinson,Luojiang,08/31/1993,China,kjinkinson4n@mit.edu,137-828-0664
Caressa,Andric,Chimoio,08/09/1990,Mozambique,candric4o@theguardian.com,463-514-8307
Idalia,Kebbell,,,,ikebbell4p@whitehouse.gov,
Lindsy,Rockall,Inongo,09/28/1985,Democratic Republic of the Congo,lrockall4q@nydailynews.com,280-225-7235
Margie,Cane,Regimin,06/15/1972,Poland,mcane4r@scribd.com,100-340-1927
Jessamine,Bessom,Longhe,08/15/1979,China,jbessom4s@psu.edu,895-489-7998
Marylou,Guile,,,,mguile4t@illinois.edu,
Pyotr,Bowshire,Moussoro,06/20/1996,Chad,pbowshire4u@multiply.com,766-945-7599
Corrianne,Wolters,El Carril,06/01/1951,Argentina,cwolters4v@ebay.com,161-952-2114
Jayne,Strephan,San Lorenzo,09/04/1963,Mexico,jstrephan4w@smh.com.au,906-669-9417
Leonanie,McGinn,Qianying,12/23/1990,China,lmcginn4x@nyu.edu,185-935-5754
Constantine,Korting,Carrasqueira,04/14/1977,Portugal,ckorting4y@fema.gov,564-703-7656
Jerrilyn,Reolfi,Bolou,12/11/1971,Indonesia,jreolfi4z@linkedin.com,101-581-8368
Alfons,Oneil,Genova,07/07/1984,Italy,aoneil50@bloomberg.com,384-552-2453
Bing,Bartleman,Quận Tân Phú,10/24/1973,Vietnam,bbartleman51@hatena.ne.jp,587-661-6638
Gene,Gatrell,Gufeng,05/04/1988,China,ggatrell52@sitemeter.com,663-305-6561
Darbee,Rickis,Pio,11/13/1977,Philippines,drickis53@flickr.com,177-142-5586
Maribelle,Watkiss,El Ocotón,06/04/1999,Honduras,mwatkiss54@123-reg.co.uk,217-145-0644
Pammi,Lahive,Ariquemes,09/22/1958,Brazil,plahive55@nationalgeographic.com,705-732-0269
Matty,Sunter,Pato-o,10/25/1991,Philippines,msunter56@princeton.edu,624-619-3579
Joelle,Metrick,Sviblovo,04/27/1981,Russia,jmetrick57@va.gov,197-611-4647
Lauretta,Heathfield,Dungloe,06/23/1977,Ireland,,215-308-5549
Kendell,Lambkin,Gasri,03/12/1997,Indonesia,,316-452-6271
Abey,Bastin,Zborovice,01/18/1974,Czech Republic,abastin5a@sciencedaily.com,283-884-8373
Maryrose,Paniman,Casa Nova,05/28/1960,Portugal,mpaniman5b@booking.com,235-820-2947
Welsh,Mepham,Dushu,05/07/1960,China,,355-547-6443
Kahlil,Sunnex,Dubréka,03/26/1985,Guinea,,871-709-9998
Devlin,Codman,Paseka,02/02/1985,Czech Republic,,682-851-3134
Vicki,McVie,Silikatnyy,09/14/1995,Russia,vmcvie5f@amazonaws.com,359-701-1965
Kylen,Myner,Seattle,02/17/1962,United States,kmyner5g@webeden.co.uk,206-502-2479
Annabal,Thorbon,La Libertad,07/19/1978,Philippines,athorbon5h@uol.com.br,852-625-9184
Petronilla,Wood,Kętrzyn,09/03/1972,Poland,,366-524-9131
Elihu,St Clair,Timur,02/09/1976,Indonesia,estclair5j@vk.com,526-595-3538
Allx,Downey,Futu,08/30/1950,China,adowney5k@samsung.com,277-288-0317
Terencio,O'Tierney,San Agustín Acasaguastlán,08/22/1975,Guatemala,totierney5l@umn.edu,331-553-1388
Gilbertina,Dowle,Hammam-Lif,01/01/1953,Tunisia,gdowle5m@imdb.com,703-647-2040
Dasi,Patron,,,,dpatron5n@com.com,
Lynn,Geratt,Bouarouss,11/04/1996,Morocco,lgeratt5o@yahoo.co.jp,345-166-0392
Carey,Keyworth,Repentigny,06/27/1988,Canada,,796-123-3698
Creight,Lafford,Dasi,04/20/1950,China,,832-290-6595
Robbi,Shippey,Taguisa,02/03/1971,Philippines,rshippey5r@google.com.br,627-401-4083
Alena,Bedlington,Quebrada Canoa,05/25/1960,Panama,abedlington5s@cyberchimps.com,795-673-5789
Eachelle,Olver,Ulapes,12/09/1963,Argentina,eolver5t@ed.gov,212-480-2752
Ema,Bickle,Yuzui,02/10/1973,China,,708-231-1982
Adara,Dyment,Bulo,03/09/1970,Philippines,adyment5v@mozilla.com,730-290-2469
Rodd,Armytage,Bluri,12/02/1963,Indonesia,rarmytage5w@time.com,826-698-8663
Franz,Kuscha,Hongtang,02/28/1951,China,fkuscha5x@unesco.org,413-190-1465
Allianora,Evetts,Dugu,12/09/1963,China,,689-300-6213
Nanete,Learmond,San Vicente,01/03/1952,Philippines,nlearmond5z@spotify.com,241-812-6328
Bartel,Aldiss,Bendilwungu Lor,06/22/1989,Indonesia,baldiss60@topsy.com,116-962-1903
Merlina,Lambertz,,,,mlambertz61@studiopress.com,
Gawen,Godfree,Assiniboia,06/25/1960,Canada,,243-399-0083
Elsa,Jedrys,,,,ejedrys63@google.ru,
Trenna,Moyne,Suwaru,09/16/1956,Indonesia,tmoyne64@globo.com,858-859-4451
Woodman,Di Napoli,Miastko,01/14/1955,Poland,wdinapoli65@chicagotribune.com,137-166-0989
Kristien,Segrott,Wuyang,05/06/1959,China,ksegrott66@reverbnation.com,907-611-7086
Launce,Caughte,Jaworzyna Śląska,08/17/1965,Poland,lcaughte67@nhs.uk,294-911-2155
Nani,Friskey,Hatava,11/14/1974,Belarus,nfriskey68@google.nl,905-425-5446
Ruggiero,Late,Garupá,08/02/1996,Argentina,,522-370-1314
Agathe,Colvine,Sedandang,05/12/1963,Indonesia,acolvine6a@google.nl,618-119-4770
Sib,Gorton,Jakubów,01/13/1991,Poland,sgorton6b@symantec.com,470-842-6237
Claiborne,O'Dooghaine,Góra Kalwaria,11/26/1954,Poland,codooghaine6c@amazonaws.com,614-336-2701
Wainwright,von Grollmann,Entre Rios,08/02/1964,Brazil,wvongrollmann6d@abc.net.au,854-257-3230
Charo,Muddiman,Comrat,05/01/1994,Moldova,cmuddiman6e@amazon.co.uk,121-738-3230
Arie,Coare,Whittlesea,12/15/1989,South Africa,acoare6f@google.es,110-322-4142
Ulrica,Bontoft,Longhe,03/18/1992,China,ubontoft6g@booking.com,587-947-0309
Leonidas,Fortin,Portelinha,11/15/1962,Portugal,lfortin6h@patch.com,503-315-6562
Gerhardt,Brumham,Vermoim,05/19/1960,Portugal,gbrumham6i@un.org,791-528-5391
Moyna,Sandry,Vani,06/07/1960,Georgia,msandry6j@xinhuanet.com,578-998-0333
Betty,Scheu,Jenang Selatan,08/22/1953,Indonesia,bscheu6k@unicef.org,792-785-7109
Giraud,Thaller,Viljakkala,10/06/1974,Finland,gthaller6l@irs.gov,407-362-4080
Darn,Orpwood,Duma,10/09/1979,China,dorpwood6m@hao123.com,814-339-3527
Lesly,Venables,Krmelín,05/26/1976,Czech Republic,lvenables6n@un.org,493-383-1404
Lorene,Bennett,Nanjia,05/19/1990,China,lbennett6o@nifty.com,280-535-9602
Phil,Lorimer,Prachatice,06/20/1963,Czech Republic,plorimer6p@csmonitor.com,905-192-9293
Nikolaos,Vennings,Xueshan,12/28/1973,China,nvennings6q@upenn.edu,549-100-7818
Heloise,Mellem,Sibulan,08/31/1973,Philippines,,376-867-2316
Cherlyn,Sprigings,El Bolsón,08/30/1957,Argentina,csprigings6s@boston.com,478-983-5820
Amara,Cumberbatch,Paranapanema,11/21/1990,Brazil,acumberbatch6t@wordpress.org,737-643-6941
Ewan,Housecroft,Sade,05/30/1964,Nigeria,ehousecroft6u@umich.edu,358-932-8448
Wilbert,Peatt,Liverpool,04/28/1998,United Kingdom,wpeatt6v@e-recht24.de,921-579-0653
Mandy,Brinklow,Arţās,07/26/1951,Palestinian Territory,mbrinklow6w@prnewswire.com,120-379-0874
Niels,Hrishchenko,Criciúma,09/12/1968,Brazil,nhrishchenko6x@state.gov,312-548-6472
Dorry,Davley,Krasnyy Klyuch,09/02/1989,Russia,ddavley6y@ox.ac.uk,747-656-4919
Cherilynn,Auletta,Aurillac,07/10/1956,France,cauletta6z@hp.com,532-202-8397
Imojean,Leisman,Layo,08/01/1978,Peru,ileisman70@woothemes.com,283-558-1664
Adham,Croal,Peremyshl’,09/14/1957,Russia,acroal71@so-net.ne.jp,293-325-1412
Ernestine,Kimbrey,Sugihmukti,08/27/1980,Indonesia,ekimbrey72@addtoany.com,653-266-7589
Dominga,Labadini,,,,dlabadini73@themeforest.net,
Othilie,Kingh,,,,okingh74@theguardian.com,
Faith,Errey,Changhan,10/26/1987,Thailand,,724-776-4185
Danny,Dykins,Qasr Abu Hadi,05/10/1995,Libya,,517-155-0446
Kattie,Harnott,Jinbo,10/01/1971,China,kharnott77@etsy.com,380-349-3491
Luther,Bradbeer,Sumbergayam,03/22/1991,Indonesia,lbradbeer78@sogou.com,613-669-6133
Corby,Gylle,Basa,11/08/1987,Philippines,,600-775-2482
Charlton,Isack,Preobrazhenka,05/23/1954,Ukraine,cisack7a@topsy.com,317-638-4940
Miguelita,Danilishin,Bërxull,04/19/1987,Albania,mdanilishin7b@slate.com,152-883-1074
Sela,Bywaters,Vila Franca de Xira,02/13/1987,Portugal,sbywaters7c@ox.ac.uk,792-849-1174
Myrta,Keyte,Zlynka,06/09/1976,Ukraine,mkeyte7d@paypal.com,928-233-8433
Gussy,Buscombe,Abū Tīj,01/08/1984,Egypt,gbuscombe7e@sakura.ne.jp,386-193-0145
Wynny,Burgise,,,,wburgise7f@cisco.com,
Dino,Fearon,Mulhouse,11/25/1979,France,dfearon7g@bbb.org,758-971-1865
Reine,Habbal,Hanfeng,10/31/1980,China,,124-260-3286
Wesley,Rowsel,K Bang,04/01/1965,Vietnam,wrowsel7i@elegantthemes.com,285-187-1662
Ty,Fritchly,Al Fayyūm,10/26/1994,Egypt,tfritchly7j@qq.com,568-293-9140
Maudie,Sawyers,Minneapolis,01/03/1985,United States,,612-626-1791
Colly,Ginty,Gharavŭtí,10/04/1988,Tajikistan,cginty7l@ocn.ne.jp,818-305-1994
Porter,Culpen,Dongqianhu,09/11/1964,China,,728-847-2034
Nolan,Langdale,,,,,
Pavla,Fairbard,Pingzhuang,01/07/1991,China,pfairbard7o@meetup.com,458-901-7890
Lurlene,Lages,Kotanopan,02/04/1975,Indonesia,llages7p@jalbum.net,977-481-5297
Waylan,Roselli,Ciulu,06/10/1985,Indonesia,wroselli7q@ovh.net,522-383-0965
Lettie,Sedgwick,Saddina,04/03/1989,Morocco,lsedgwick7r@huffingtonpost.com,494-392-1884
Jeanne,Glasbey,Rokoy,06/21/1963,Indonesia,jglasbey7s@soup.io,235-309-8958
Amaleta,Artus,Shilovo,05/11/1987,Russia,aartus7t@canalblog.com,458-526-2479
Aube,Tuckwood,Ressano Garcia,04/14/1993,Mozambique,atuckwood7u@google.pl,935-509-0230
Lolly,Megahey,Kalutara,10/29/1970,Sri Lanka,lmegahey7v@yandex.ru,561-756-5435
Benedikta,Gammell,Concepcion,09/11/1995,Philippines,bgammell7w@wiley.com,726-542-2375
Britt,Ogles,Aplahoué,06/10/1976,Benin,bogles7x@tripod.com,427-175-1336
Ahmad,Vigneron,Linao,11/04/1980,Philippines,avigneron7y@china.com.cn,506-116-5668
Roley,Wherry,Jilin,02/21/1997,China,rwherry7z@wsj.com,324-817-7684
Ardys,Boulsher,Trzin,01/06/1986,Slovenia,aboulsher80@unblog.fr,467-425-9606
Cinnamon,Hinsche,Jeżów Sudecki,07/27/1996,Poland,chinsche81@mashable.com,722-293-0842
Joaquin,Iban,Miaoling,08/08/1977,China,jiban82@xing.com,165-387-4804
Prue,Kimberley,Pulaupanggung,08/04/1963,Indonesia,,701-934-3679
Cy,Achurch,Xingyi,05/22/1995,China,cachurch84@accuweather.com,246-627-1355
Josie,Montacute,Stavyshche,04/18/1988,Ukraine,,477-960-5010
Erastus,McGlew,Luleå,10/02/1962,Sweden,emcglew86@mac.com,352-870-1028
Nadeen,Fosdyke,Hostěradice,03/01/1978,Czech Republic,nfosdyke87@com.com,287-134-2737
Herbie,Crocker,Helsingborg,08/13/1981,Sweden,hcrocker88@prlog.org,608-804-7812
Chrisy,Domniney,El Cafetal,02/02/1958,Venezuela,cdomniney89@bbb.org,700-690-0876
Rustin,Speller,Buliok,06/23/1988,Philippines,rspeller8a@indiegogo.com,557-792-8876
Essy,Crosston,Daloa,06/22/1960,Ivory Coast,ecrosston8b@clickbank.net,285-968-6641
Merrielle,Vannuccini,Tomay Kichwa,06/07/1955,Peru,mvannuccini8c@fastcompany.com,502-749-5727
Inglis,Nelhams,Malekān,11/28/1956,Iran,inelhams8d@uol.com.br,825-626-8365
Cristie,Southern,Al Qubbah,09/10/1980,Libya,csouthern8e@europa.eu,809-539-4337
Alma,Ellam,Verdizela,11/26/1964,Portugal,aellam8f@engadget.com,984-655-2852
Lorry,Cootes,Desa Werasari,07/26/1965,Indonesia,lcootes8g@hubpages.com,902-613-6663
Heddie,Haddington,Jingtou,06/23/1959,China,hhaddington8h@tiny.cc,746-724-8568
Cindee,Priestnall,,,,cpriestnall8i@addtoany.com,
Cathleen,Pelham,Shuishiying,05/05/1964,China,cpelham8j@state.tx.us,489-170-1592
Ramonda,Cleere,El Cubolero,05/14/1993,Honduras,rcleere8k@youtu.be,705-643-5378
Noami,Wudeland,Benito Juarez,08/25/1967,Mexico,nwudeland8l@diigo.com,451-404-2034
Katheryn,Rispen,Dayong,03/26/1959,China,,697-990-8829
Elberta,Szymon,,,,eszymon8n@utexas.edu,
Jorie,Hissett,Minneapolis,02/23/1968,United States,jhissett8o@nature.com,763-658-5704
Rodi,Swindells,Sobradinho,05/23/1984,Brazil,rswindells8p@wired.com,212-268-5656
Janie,Matys,Samir,03/15/1953,Indonesia,,950-428-5266
Hildagard,Adrianello,Xinjiezi,12/06/1973,China,hadrianello8r@php.net,520-421-9945
Mollee,Elleray,Huangzhuang,04/14/1964,China,melleray8s@house.gov,791-637-8562
Rosamund,Measham,Colorado Springs,01/21/1950,United States,rmeasham8t@unicef.org,719-860-5735
Leilah,O'Loughane,Sheshan,06/29/1966,China,loloughane8u@springer.com,149-887-1143
Dionysus,Knapp,Liwonde,07/21/1999,Malawi,dknapp8v@forbes.com,545-791-4270
Ailbert,Sheilds,Likwatang Timur,03/16/1957,Indonesia,,720-822-1592
Jeni,Gouinlock,Liping,09/18/1967,China,jgouinlock8x@google.fr,105-695-3791
Joanie,Antoniutti,Pereyaslovskaya,03/15/1999,Russia,,255-470-3268
Kara,McBean,Agbannawag,12/27/1997,Philippines,kmcbean8z@huffingtonpost.com,941-335-9037
Darell,McCafferty,Santarém,08/18/1986,Brazil,dmccafferty90@ezinearticles.com,949-620-2943
Dill,Hankin,Xingguo,01/20/1980,China,dhankin91@desdev.cn,719-818-3455
Bea,Grouvel,Ystad,05/21/1976,Sweden,bgrouvel92@omniture.com,370-930-9323
Vickie,Kendrew,Xiwu,02/17/1954,China,vkendrew93@chronoengine.com,294-624-4605
Bram,Ousby,Zhonghekou,08/03/1993,China,bousby94@yahoo.com,267-133-6842
Desi,Bartlett,Nanyang,09/29/1955,China,dbartlett95@reddit.com,916-524-8745
Constancia,Barlee,Xinzha,03/11/1976,China,cbarlee96@topsy.com,596-152-3616
Mohandis,Bilby,Pilar do Sul,04/16/1984,Brazil,,101-956-8028
Jewelle,Spira,Longlisuo,09/14/1976,China,,735-740-0971
Laetitia,Piecha,Rizó,04/09/1958,Greece,lpiecha99@google.ca,107-309-9296
Ruggiero,Dessent,Banjar Banyuning Barat,03/03/1989,Indonesia,rdessent9a@ucsd.edu,738-963-9232
Pauline,Menlove,Urkarakh,05/19/1976,Russia,pmenlove9b@gravatar.com,566-275-9948
Cyrill,Clemo,Hegarmulya,08/17/1966,Indonesia,,729-127-9905
Aloysia,Beinisch,Tanbu,05/08/1953,China,abeinisch9d@ucoz.com,962-429-4818
Gifford,Rainford,Taiyang,01/14/1978,China,grainford9e@w3.org,750-729-7623
Randell,Stobbes,Charopó,01/22/1978,Greece,rstobbes9f@google.pl,755-647-0315
Mart,Corner,,,,,
Pernell,Bilbrey,Temeke,08/09/1967,China,pbilbrey9h@posterous.com,683-833-1940
Emmye,Sanches,Wangunsari,06/19/1992,Indonesia,esanches9i@sbwire.com,238-763-1743
Cass,MacAscaidh,Taizi,02/17/1960,China,cmacascaidh9j@hugedomains.com,472-681-4324
Pammie,MacRedmond,Cisalakdesa,12/22/1957,Indonesia,pmacredmond9k@clickbank.net,489-555-2975
Vin,Volante,Pavliš,11/02/1999,Serbia,vvolante9l@mozilla.com,481-206-7502
Nefen,Crutchley,Pak Chom,03/27/1975,Thailand,ncrutchley9m@tamu.edu,849-496-6769
Johny,Thompson,Prabuty,02/01/1992,Poland,jthompson9n@psu.edu,787-541-0135
Brewer,Andrusyak,Obukhiv,11/14/1995,Ukraine,bandrusyak9o@i2i.jp,386-403-6703
Maryjane,Fradgley,Narimanov,11/24/1993,Russia,mfradgley9p@cornell.edu,949-916-4620
Shanan,Frazier,Washington,03/19/1995,United States,sfrazier9q@ow.ly,202-458-6698
Brandice,Bispham,Morelos,08/06/1988,Mexico,bbispham9r@nature.com,866-217-7923
Allen,Cabel,Abang,10/19/1958,Indonesia,acabel9s@bigcartel.com,378-756-4515
Jacquie,Strowthers,Viale,03/18/1990,Argentina,jstrowthers9t@moonfruit.com,728-260-4277
Field,Avramovitz,Zhaoqing,01/21/1974,China,favramovitz9u@yellowbook.com,772-576-9757
Ernestus,Weatherley,Sambiyan,05/29/1968,Indonesia,eweatherley9v@geocities.com,272-944-5532
Imelda,Jedrys,Kalapagada,10/18/1952,Indonesia,ijedrys9w@addtoany.com,510-914-5034
Des,Schechter,Chowki Jamali,12/30/1997,Pakistan,dschechter9x@nbcnews.com,986-581-4435
Kari,Girt,Lewoduli,07/31/1995,Indonesia,kgirt9y@sphinn.com,973-593-8659
Merwyn,Rozsa,Taoxi,02/28/1978,China,mrozsa9z@paypal.com,140-919-7800
Marylin,Labram,Lapu-Lapu City,12/07/1952,Philippines,mlabrama0@wsj.com,816-930-5558
Kandy,Jaynes,Maiduguri,03/06/1994,Nigeria,kjaynesa1@state.gov,688-212-4258
Brandi,Hazeldene,Encontrados,06/22/1987,Venezuela,bhazeldenea2@livejournal.com,281-100-0335
Otha,Devil,Calape,07/21/1999,Philippines,odevila3@time.com,948-860-4127
Padraic,Canelas,Belozërsk,02/10/1967,Russia,pcanelasa4@icq.com,230-515-3612
Marion,Cresswell,Faaone,05/19/1953,French Polynesia,mcresswella5@oracle.com,204-324-4138
Barnabe,Pelchat,Mbandjok,12/19/1990,Cameroon,bpelchata6@yellowpages.com,972-822-7744
Ettie,Chesshire,Nador,02/27/1955,Morocco,echesshirea7@dyndns.org,446-959-6262
Wallis,Slocombe,Tallahassee,10/23/1961,United States,,850-581-7385
Chico,Geerdts,Bonebone,06/04/1970,Indonesia,cgeerdtsa9@weibo.com,452-560-5188
Eleanora,Fayerman,Kermānshāh,08/25/1961,Iran,efayermanaa@liveinternet.ru,817-137-0103
Ogdan,Scheu,Chejiazhuang,04/13/1966,China,oscheuab@harvard.edu,254-531-0099
Alick,Petworth,São Miguel do Guamá,11/14/1962,Brazil,apetworthac@samsung.com,412-260-8892
Rudolph,Hierro,Vacha,02/06/1970,Russia,,445-550-7639
Shaine,Wermerling,Tønsberg,08/22/1973,Norway,swermerlingae@home.pl,185-867-7081
Albertine,Christofol,Kajuru,11/21/1964,Nigeria,achristofolaf@123-reg.co.uk,776-469-4226
Jakob,Tomasz,,,,jtomaszag@dot.gov,
Bartholomeo,Mattiuzzi,Mandala,08/23/1962,Indonesia,bmattiuzziah@seesaa.net,799-986-6573
Herbert,Hanmer,Olofström,09/29/1995,Sweden,,829-686-1433
Rosanna,Teodori,Manhumirim,03/07/1965,Brazil,,269-411-6476
Binni,Troup,Ágios Pétros,09/18/1975,Greece,btroupak@topsy.com,485-484-3862
Nadean,De Ath,Wantou,12/06/1970,China,ndeathal@wikispaces.com,961-991-7346
Nobe,Muzzullo,Shuangtang,09/01/1993,China,nmuzzulloam@blogtalkradio.com,196-297-2117
Joannes,Tender,Sirari,08/19/1953,Tanzania,jtenderan@joomla.org,730-610-8711
Hephzibah,Sheed,Na Yung,09/10/1994,Thailand,hsheedao@hibu.com,451-359-4965
Tory,Jell,Waipare,07/28/1984,Indonesia,tjellap@bloomberg.com,227-657-7795
Millicent,Fullwood,Waalwijk,04/16/1972,Netherlands,,770-973-3592
Shanon,Treffrey,Arnelas,09/30/1976,Portugal,streffreyar@blog.com,868-948-3053
Gwendolen,Deme,Baraguá,12/20/1997,Cuba,,358-754-9209
Gill,Schutze,Malalag,11/14/1954,Philippines,gschutzeat@bbb.org,120-665-5552
Brier,Gowler,Wolmaransstad,01/20/1985,South Africa,bgowlerau@sciencedirect.com,174-991-1408
Halette,Champagne,San Vicente,11/26/1981,Philippines,hchampagneav@weibo.com,669-635-7354
Joellyn,De Ferraris,Paranapanema,11/06/1971,Brazil,jdeferrarisaw@gnu.org,795-377-3257
Silvan,Dran,Bang Phae,09/18/1998,Thailand,sdranax@google.nl,656-636-8235
Nickolas,Ledgard,Tours,10/26/1973,France,nledgarday@seattletimes.com,559-252-4685
Dallis,Kelemen,Dārchulā,02/20/1971,Nepal,dkelemenaz@sciencedaily.com,877-664-9438
Carolin,Bess,Berlin,02/06/1968,Germany,cbessb0@jalbum.net,874-732-1307
Dorine,Philipard,Tabuc Pontevedra,05/15/1953,Philippines,dphilipardb1@blogger.com,781-249-7988
Ginger,Wolver,Nanfeng,06/12/1975,China,gwolverb2@wiley.com,178-684-8814
Chris,Duplain,Krolevets’,05/25/1975,Ukraine,cduplainb3@theguardian.com,578-280-5788
Buddy,Simkin,Progreso,08/21/1957,Uruguay,,882-820-6664
Marianne,Hold,Chambéry,08/07/1981,France,mholdb5@nydailynews.com,168-506-5480
Cece,Burk,,,,cburkb6@toplist.cz,
Pren,Matanin,,,,pmataninb7@constantcontact.com,
Damaris,Hencke,Tarczyn,05/10/1959,Poland,,178-100-0932
Marjory,Dinwoodie,Alak,05/17/1976,Indonesia,,170-929-3352
Nikolos,Dollman,Karatau,04/11/1950,Kazakhstan,ndollmanba@xing.com,373-565-9071
Dyann,Montgomery,Oesao,07/02/1981,Indonesia,dmontgomerybb@nbcnews.com,914-660-1695
Michaelina,Hubbard,Aston,05/23/1954,United Kingdom,mhubbardbc@sphinn.com,183-597-1707
Janaye,Ducaen,Yixingfu,09/29/1995,China,jducaenbd@washington.edu,226-675-6579
Ichabod,Crawshaw,Fontinha,04/26/1968,Portugal,icrawshawbe@msu.edu,694-352-6969
Homerus,Boulger,,,,hboulgerbf@harvard.edu,
Ruby,Cutbirth,Leifeng,01/30/1968,China,rcutbirthbg@wufoo.com,968-775-3523
Evvy,McEneny,Morocelí,09/17/1998,Honduras,emcenenybh@baidu.com,409-892-2560
Alric,Listone,Zlatoust,01/26/1990,Russia,alistonebi@wunderground.com,251-535-4412
Rickard,Eyer,Kapsan-ŭp,09/25/1991,North Korea,reyerbj@odnoklassniki.ru,677-809-8407
Quentin,Ayce,Sedlice,06/26/1959,Czech Republic,qaycebk@slate.com,402-724-4812
Lea,Bindon,Dhahab,08/09/1979,Egypt,lbindonbl@tmall.com,296-688-4049
Barny,Lunnon,Békéscsaba,10/16/1962,Hungary,blunnonbm@bloglovin.com,608-416-4562
Malanie,Hunday,Muzhou,02/07/1999,China,mhundaybn@mozilla.org,546-483-3055
Cammi,Klyner,,,,cklynerbo@wix.com,
Aileen,Senchenko,Brongkalan,08/12/1965,Indonesia,asenchenkobp@pinterest.com,342-986-3664
Eran,Muzzillo,Navegantes,09/16/1999,Brazil,,800-153-2836
Pandora,Ladds,Abóboda,11/29/1969,Portugal,pladdsbr@wikispaces.com,195-702-6831
Mathilda,Thornally,Melaka,03/23/1952,Malaysia,,128-261-2960
Lemmie,Wetherald,Las Terrenas,07/27/1997,Dominican Republic,lwetheraldbt@facebook.com,185-917-4990
Dorrie,Clarricoates,Mülheim an der Ruhr,11/29/1997,Germany,dclarricoatesbu@shareasale.com,347-372-9208
Rawley,Folland,Dengtang,08/02/1997,China,rfollandbv@who.int,787-208-3998
Evyn,Small,Wosai,01/11/1986,China,esmallbw@baidu.com,898-113-6731
Rodrigo,Bristow,Petrich,11/26/1959,Bulgaria,rbristowbx@craigslist.org,532-939-0117
Paulita,Lehrian,Puerto Eldorado,12/28/1984,Argentina,plehrianby@github.com,302-498-2248
Jed,Balshen,Frederiksberg,12/13/1969,Denmark,jbalshenbz@berkeley.edu,407-511-5192
Sauncho,Gates,Batanovtsi,07/19/1969,Bulgaria,sgatesc0@shop-pro.jp,298-271-5857
Mikkel,Garthland,Contraalmirante Cordero,09/17/1969,Argentina,,385-744-7905
Winston,Greve,Longba,08/02/1990,China,wgrevec2@blog.com,153-182-6736
Christel,Farlambe,Penza,10/07/1964,Russia,,372-239-9419
Lynna,Slyman,Las Trojes,05/25/1959,Honduras,lslymanc4@businesswire.com,883-369-6685
Mata,Ciciotti,Ainaži,06/01/1979,Latvia,mciciottic5@yahoo.com,109-428-1859
Winny,Gorner,Nihommatsu,04/09/1975,Japan,wgornerc6@earthlink.net,212-691-1223
Tomi,Grayson,Horad Pinsk,11/05/1967,Belarus,,305-614-9051
Fredia,Tommeo,Dubrovka,03/02/1958,Russia,ftommeoc8@google.ru,355-189-4371
Elspeth,Vivash,Oujiangcha,05/25/1965,China,evivashc9@hhs.gov,838-398-8881
Thane,Crean,Ostrožská Lhota,07/31/1969,Czech Republic,tcreanca@ucoz.com,385-821-7755
Charissa,Groundwator,São Vicente de Ferreira,12/07/1966,Portugal,,626-742-5979
Doris,Nulty,Omemee,09/23/1982,Canada,dnultycc@discuz.net,364-571-7022
Enid,Esslement,Belawang,12/25/1972,Indonesia,,482-969-3389
Allayne,Rentoll,Bojong,03/11/1999,Indonesia,arentollce@thetimes.co.uk,674-372-5462
Quint,Warrier,Privolzhsk,02/05/1951,Russia,qwarriercf@cargocollective.com,386-688-3772
Abel,Shah,Thulamahashi,03/08/1968,South Africa,ashahcg@blogs.com,328-909-2982
Elysha,Tellenbroker,Tebon,04/12/1980,Indonesia,etellenbrokerch@altervista.org,843-875-1437
Elianora,Godman,Tomioka,10/01/1965,Japan,egodmanci@friendfeed.com,983-944-8704
Germain,Cantu,Longquan,03/11/1993,China,gcantucj@reference.com,890-643-4433
Harley,Lintall,,,,,
Hyacintha,Hammerberger,Sewon,07/09/1959,Indonesia,hhammerbergercl@angelfire.com,859-559-8003
Jackie,Killwick,Baishan,09/16/1975,China,jkillwickcm@vistaprint.com,260-473-1606
Tarrance,Fones,Didou,11/18/1993,China,tfonescn@thetimes.co.uk,988-954-4032
Moyna,Althorp,Maluno Sur,09/18/1984,Philippines,malthorpco@booking.com,603-806-8008
Filia,Bezants,Bamiantong,08/26/1992,China,fbezantscp@mayoclinic.com,849-134-4199
Marcus,Pauly,Iyo,02/02/1984,Japan,mpaulycq@umn.edu,459-140-0364
Blayne,West,Huangjinbu,03/05/1970,China,bwestcr@twitter.com,282-629-5979
Devland,Harflete,Buenos Aires,08/06/1972,Mexico,dharfletecs@theglobeandmail.com,938-158-8044
Kalinda,Pulman,Grujugan,06/17/1955,Indonesia,kpulmanct@about.me,623-814-1894
Cass,Klauber,Heqian,02/10/1994,China,,469-955-4973
Frasier,Sausman,Xiangfu,06/21/1976,China,fsausmancv@scientificamerican.com,251-895-7925
Luciana,Dukesbury,Sacotes,09/21/1960,Portugal,ldukesburycw@behance.net,649-150-2016
Shelli,Fairchild,Sv. Trojica v Slov. Goricah,06/16/1964,Slovenia,sfairchildcx@infoseek.co.jp,295-212-7365
Nicolea,Fullicks,,,,,
Ashley,Ibbison,Ash Shuhadā’,09/17/1969,Palestinian Territory,aibbisoncz@hexun.com,819-427-6303
Trudey,Salomon,Sungaibengkal,11/29/1957,Indonesia,tsalomond0@google.de,748-117-4339
Annabell,Colville,Lons-le-Saunier,10/01/1973,France,acolvilled1@bizjournals.com,513-534-2746
Clarke,Berka,,,,cberkad2@google.fr,
Pierson,Eastcott,Sulahan,02/10/1956,Indonesia,peastcottd3@hao123.com,123-956-6056
Shay,Gerren,Winter Haven,10/17/1958,United States,sgerrend4@odnoklassniki.ru,407-254-4383
Eddy,Greenroa,Pittsburgh,06/10/1980,United States,egreenroad5@over-blog.com,-592-1807
Jacquenetta,Ferrero,Xinhang,06/11/1965,China,jferrerod6@ning.com,298-760-0796
Hanny,Rouch,Ili,07/15/1974,Indonesia,hrouchd7@cyberchimps.com,872-755-8275
Aileen,Pelzer,Carvalhais,05/10/1989,Portugal,,852-636-7552
Borg,Drewery,Nong Saeng,08/06/1961,Thailand,bdreweryd9@dailymotion.com,233-330-7694
Harriott,McCaffery,Biguaçu,12/05/1989,Brazil,,518-765-5541
Lorie,Houten,Frydrychowice,06/14/1992,Poland,lhoutendb@hugedomains.com,308-773-4196
Claudius,Gaiford,Nesterov,01/31/1963,Russia,cgaiforddc@studiopress.com,850-720-8959
Carla,Kennford,Bayan-Ovoo,02/21/1977,Mongolia,ckennforddd@sun.com,746-613-5283
Lyle,Bolles,Koh Tao,10/21/1953,Thailand,lbollesde@blinklist.com,195-303-0310
Felipe,Allaway,Namerikawa,01/02/1991,Japan,fallawaydf@apache.org,263-668-2807
Lottie,Iacomettii,El Paisnal,03/26/1993,El Salvador,liacomettiidg@youtu.be,312-398-8739
Vinson,Kinneally,Chipata,03/21/1975,Zambia,vkinneallydh@discuz.net,337-789-6131
Andrew,Holdin,Alvand,01/04/1985,Iran,aholdindi@csmonitor.com,695-575-1571
Axel,Biggins,Borgo Maggiore,07/18/1986,San Marino,,436-668-1654
Daniele,Bertelet,Peliyagoda,05/06/1985,Sri Lanka,dberteletdk@salon.com,659-857-5269
Emera,Bend,Rājshāhi,04/12/1958,Bangladesh,ebenddl@xinhuanet.com,632-660-9945
Ivette,Zink,Socorro,11/30/1954,Philippines,,501-815-0017
Florrie,Idill,Bojongbenteng,02/02/1974,Indonesia,fidilldn@sitemeter.com,737-562-5016
Demetrius,Jolin,Rongcheng,07/30/1985,China,djolindo@virginia.edu,651-361-1686
Carson,Blaxton,Krajan Kidul Rojopolo,07/27/1988,Indonesia,,567-665-8021
Albertine,Colthard,Yanjiao,04/22/1959,China,,109-301-9327
Maurise,Foffano,Rybinsk,11/01/1967,Russia,mfoffanodr@gravatar.com,748-769-1385
Poppy,Denerley,Iiyama,01/12/1998,Japan,pdenerleyds@usnews.com,572-919-5233
Gilly,Windebank,Xunqiao,07/30/1963,China,gwindebankdt@networksolutions.com,944-132-7771
Jodi,Bucknell,Gorgoram,02/07/1956,Nigeria,jbucknelldu@joomla.org,446-852-3173
Madella,Conechie,Yi’an,08/31/1972,China,,968-918-4053
Madelle,Gillison,Ambarawa,09/17/1951,Indonesia,mgillisondw@scribd.com,515-688-9026
Vivia,Lisle,Albany,08/05/1965,United States,,229-210-0922
Lorene,Frie,Louis Trichardt,11/21/1984,South Africa,lfriedy@reference.com,441-977-6381
Deina,Otteridge,Lantera,02/11/1954,Indonesia,dotteridgedz@amazon.de,723-988-0300
Anabal,Tomsett,Padina,11/19/1950,Serbia,atomsette0@census.gov,617-640-3793
Roanne,Rimes,Clarin,03/29/1987,Philippines,rrimese1@webeden.co.uk,831-827-7456
Shelden,MacLaughlin,Haeju,10/05/1954,North Korea,smaclaughline2@xrea.com,739-574-9138
Evanne,Myerscough,Hanting,08/29/1972,China,emyerscoughe3@psu.edu,986-204-8262
Franny,Soall,,,,fsoalle4@ibm.com,
Jenine,Sollner,Baras,07/18/1959,Philippines,jsollnere5@china.com.cn,104-178-6309
Broderic,Beden,Coronel,11/15/1990,Chile,bbedene6@google.it,637-214-7801
Alexei,Pegg,,,,apegge7@shareasale.com,
Hyacintha,Shepherd,Las Sabanas,04/29/1975,Nicaragua,hshepherde8@unblog.fr,745-747-6655
Paolo,Sarll,Estrela,07/22/1974,Brazil,psarlle9@storify.com,617-219-1347
Nicolle,Rishworth,Neftegorsk,01/08/1978,Russia,,910-266-3581
Alvan,Joicey,Trzcińsko Zdrój,10/08/1992,Poland,ajoiceyeb@bbc.co.uk,781-335-6597
Caresse,Tolchard,Turgun,05/11/1975,China,ctolchardec@baidu.com,785-927-1969
Rosita,Grassett,Foča,07/12/1985,Bosnia and Herzegovina,rgrassetted@usnews.com,124-187-9464
Lonnie,Saladino,Pancol,09/06/1961,Philippines,lsaladinoee@furl.net,232-141-6491
Ferd,Danielis,Citampian,08/15/1991,Indonesia,fdanielisef@ted.com,675-176-7530
Olivia,Pipes,Fiditi,06/19/1996,Nigeria,opipeseg@photobucket.com,783-834-5016
Latia,O'Hagan,Kota Kinabalu,05/18/1972,Malaysia,lohaganeh@bbb.org,319-350-0537
Nicoline,Nutter,Shenzhong,08/04/1995,China,nnutterei@over-blog.com,368-239-9800
Barnard,Heading,Rafaela,12/05/1999,Argentina,bheadingej@redcross.org,438-110-1528
Elset,Ghelarducci,Łukowa,11/22/1999,Poland,eghelarducciek@free.fr,614-712-7391
Boycie,Cowen,Kanye,12/04/1999,Botswana,,891-874-6461
Donella,Whale,Perstorp,07/26/1997,Sweden,,229-632-7384
Chester,Hexam,San Jose,06/13/1988,Philippines,chexamen@techcrunch.com,283-223-3002
Linnell,Tyt,Romans-sur-Isère,02/23/1973,France,ltyteo@japanpost.jp,654-770-8356
Madison,Rusk,Yazd,08/28/1993,Iran,mruskep@usgs.gov,983-320-1634
Yancey,Sheals,Boa Viagem,01/15/1997,Brazil,yshealseq@cyberchimps.com,512-634-8543
York,Hovard,Gotputuk,06/27/1953,Indonesia,yhovarder@skyrock.com,462-167-1660
Amargo,Kelloch,Daba,05/19/1975,China,,199-135-2637
Darelle,Guyot,Yunguyo,08/25/1988,Peru,,840-889-2814
Natka,Cartner,Toulon,09/08/1975,France,ncartnereu@japanpost.jp,420-117-0960
Bat,Kuhwald,Banjar Swastika,10/14/1967,Indonesia,bkuhwaldev@umn.edu,360-636-7318
Vyky,Kippins,El Paso,07/28/1988,United States,vkippinsew@yolasite.com,915-239-2894
Jourdan,Mawd,Kuala Lumpur,12/18/1996,Malaysia,jmawdex@usa.gov,316-353-0316
Simeon,Bleby,Sandao,10/30/1970,China,,720-973-9312
Harlene,Stringfellow,Niuzhuang,12/24/1979,China,hstringfellowez@utexas.edu,455-674-3628
Parrnell,Umbers,Mérignac,08/20/1956,France,pumbersf0@nyu.edu,219-503-1259
Valerye,Ambrodi,Egbe,10/08/1969,Nigeria,vambrodif1@usgs.gov,232-765-4337
Shae,Feaver,Luzhai,05/31/1994,China,sfeaverf2@nifty.com,549-415-8912
Marieann,Gilmore,Dar Chabanne,06/12/1984,Tunisia,mgilmoref3@networkadvertising.org,992-310-5228
Kylila,Bestiman,Lago da Pedra,07/14/1972,Brazil,kbestimanf4@elpais.com,393-627-3652
Cynthie,Norsister,El Porvenir,11/11/1984,Mexico,cnorsisterf5@indiegogo.com,237-612-2388
Temp,Eilers,Kumla,10/23/1999,Sweden,teilersf6@rakuten.co.jp,771-973-2398
Lucina,Olekhov,Vallecillo,05/23/1995,Honduras,lolekhovf7@unesco.org,497-702-7242
Celinka,Robbs,Haiyanmiao,06/08/1979,China,crobbsf8@soup.io,136-945-8109
Gigi,Clarae,,,,gclaraef9@drupal.org,
Coriss,Cockill,Palalang,07/03/1981,Indonesia,,346-151-7367
Vilhelmina,Durnell,Hamburg Harvestehude,05/05/1993,Germany,vdurnellfb@amazon.de,834-225-0470
Richmound,Warrior,Polje,04/09/1983,Bosnia and Herzegovina,,788-182-5573
Jourdain,Ruddock,Naikolan,02/12/1979,Indonesia,jruddockfd@uol.com.br,351-840-6887
Oralle,Castagneto,Tagoloan,09/30/1995,Philippines,,179-652-9872
Annmaria,Olerenshaw,Tánh Linh,05/09/1954,Vietnam,aolerenshawff@pbs.org,649-943-9006
Moss,Seabright,Chemerivtsi,08/08/1990,Ukraine,,668-253-1783
Alanson,Do,La Seyne-sur-Mer,05/19/1980,France,adofh@uol.com.br,545-312-6478
Dunstan,Martinek,Chanika,06/21/1994,Tanzania,dmartinekfi@blogger.com,404-432-9042
Donavon,Farfolomeev,Amangarh,11/21/1961,Pakistan,dfarfolomeevfj@microsoft.com,434-728-5411
Webb,Coupe,Duofudu,02/17/1969,China,wcoupefk@businessweek.com,522-186-8232
Elberta,Bengtson,Tairua,05/23/1987,New Zealand,ebengtsonfl@yolasite.com,120-480-8875
Adriana,Arnott,Yanghou,09/16/1968,China,,775-447-2790
Justin,Belloch,Muliang,08/09/1962,China,jbellochfn@usgs.gov,195-122-0104
Bernete,Jope,Rafaela,09/03/1988,Argentina,bjopefo@archive.org,241-751-0359
Carmita,Ianelli,Fort Lauderdale,10/04/1980,United States,cianellifp@microsoft.com,754-635-8059
Fleming,Airs,Mannheim,05/24/1979,Germany,fairsfq@pcworld.com,971-114-4152
Madalena,O'Feeny,Pagaden,03/28/1984,Indonesia,mofeenyfr@yelp.com,552-410-6378
Mattie,Legh,Vista Hermosa,01/05/1963,Panama,mleghfs@delicious.com,294-330-2779
Freddy,Popping,Vallenar,02/27/1960,Chile,fpoppingft@histats.com,732-114-4451
Bernardine,Desborough,Sayḩūt,02/15/1950,Yemen,,221-713-8999
Hayyim,Grocutt,Cankuzo,12/31/1992,Burundi,hgrocuttfv@sogou.com,405-565-6815
Kial,Goodliffe,Czarna Woda,12/08/1963,Poland,kgoodliffefw@mlb.com,265-314-2706
Che,Tesmond,Kuangshan,09/14/1979,China,ctesmondfx@seattletimes.com,242-387-1086
Golda,Sumption,Doloon,11/14/1971,Mongolia,gsumptionfy@macromedia.com,561-938-3363
Kassey,Stroton,Aldeia,01/25/1961,Portugal,kstrotonfz@a8.net,240-549-8911
Tresa,Scandred,Frydrychowice,05/13/1981,Poland,tscandredg0@blinklist.com,164-357-0177
Dirk,Aspall,Cibeureum,10/03/1960,Indonesia,daspallg1@barnesandnoble.com,679-978-2744
Maggee,Dyball,Lamía,05/25/1952,Greece,mdyballg2@blogger.com,318-339-4060
Ralf,Hirche,Al Hāshimīyah,05/02/1971,Palestinian Territory,rhircheg3@mac.com,368-116-9086
Gordie,Picknett,Tầm Vu,07/03/1975,Vietnam,,260-987-9676
Harmony,Trigg,New Hyde Park,12/10/1967,United States,htriggg5@people.com.cn,516-801-5078
Marty,Jaegar,Saint-Pierre,06/29/1959,Reunion,mjaegarg6@slideshare.net,855-837-3989
Blane,Langforth,Karolinka,05/10/1983,Czech Republic,blangforthg7@nhs.uk,197-607-8783
Rodrique,Attridge,Gorelovo,07/20/1975,Russia,rattridgeg8@bravesites.com,621-399-0425
Barris,Powner,Buckland,05/29/1981,United Kingdom,bpownerg9@businesswire.com,208-355-8440
Pavel,D'Adda,Cimuncang,10/10/1984,Indonesia,pdaddaga@printfriendly.com,749-449-7419
Sheree,Tout,Jindayris,02/29/1976,Syria,,775-513-8625
Ford,Abramzon,Bayangol,02/15/1960,Mongolia,fabramzongc@bizjournals.com,691-365-0190
Rube,Souter,Sausa,08/19/1971,Peru,,187-548-5025
Alejoa,Eglese,Shuangpu,02/25/1981,China,,580-542-6054
Romonda,Praill,Jinan,01/13/1986,China,rpraillgf@cbsnews.com,164-824-0862
Chaddy,Domoney,Quxi,05/29/1977,China,cdomoneygg@gov.uk,853-315-3532
Sinclair,Tiesman,Jovim,01/11/1950,Portugal,stiesmangh@mozilla.com,335-419-5084
Hurleigh,Friedank,Coasa,08/22/1978,Peru,hfriedankgi@ox.ac.uk,260-466-0271
Kendall,Philpotts,Złota,09/21/1985,Poland,,922-615-7153
Deni,Fever,Moinhos,07/29/1974,Portugal,dfevergk@t-online.de,118-521-6679
Antonio,Catchpole,Zorak,08/08/1973,Armenia,acatchpolegl@washingtonpost.com,286-926-8728
Monique,Ranner,San Vicente de Moravia,01/25/1955,Costa Rica,mrannergm@imgur.com,989-169-9385
Menard,Oloshin,Kunvald,05/05/1997,Czech Republic,moloshingn@state.gov,733-902-0693
Tanitansy,Brownfield,Lichinga,04/01/1980,Mozambique,tbrownfieldgo@arstechnica.com,724-120-3833
Meagan,Shreeves,Waru Selatan,07/31/1971,Indonesia,mshreevesgp@wsj.com,918-431-4733
Hilary,Eldrid,Funan Chengguanzhen,12/27/1981,China,heldridgq@huffingtonpost.com,444-779-5195
Thayne,Bein,Bauan,08/26/1954,Philippines,tbeingr@auda.org.au,621-367-9855
Aridatha,Gonnet,Energodar,10/01/1955,Ukraine,agonnetgs@un.org,715-791-3601
Corette,Glassup,Sabnova,01/17/1961,Russia,cglassupgt@nhs.uk,808-331-3020
Lewes,Alders,Áno Kastrítsion,02/28/1970,Greece,laldersgu@ask.com,845-666-7135
Orella,Izzatt,Jāndiāla Sher Khān,01/18/1993,Pakistan,oizzattgv@nymag.com,126-135-9923
Gae,Jacques,Kumla,09/17/1997,Sweden,gjacquesgw@marketwatch.com,285-483-2317
Faun,Amphlett,Zelenokumsk,08/07/1971,Russia,,374-664-0849
Ruy,Dowbiggin,San Eduardo,04/01/1953,Philippines,,947-871-9075
Hastie,Oldknowe,Ribeirão,07/27/1982,Portugal,,426-724-1213
Blondie,Brussell,Stare Miasto,08/31/1997,Poland,bbrussellh0@accuweather.com,236-556-5320
Xenos,Allchorne,Zhendong,09/24/1997,China,xallchorneh1@jimdo.com,789-735-3923
Jamima,Scarsbrook,Haninge,06/17/1955,Sweden,jscarsbrookh2@chronoengine.com,626-769-3870
Douglass,de Leon,Vesoul,06/21/1986,France,ddeleonh3@mit.edu,781-861-4994
Tara,Thridgould,Calde,09/21/1969,Portugal,tthridgouldh4@tuttocitta.it,187-194-5510
Garold,Gumm,Solnice,05/16/1978,Czech Republic,ggummh5@scribd.com,564-770-0752
Franklin,Childrens,Ancenis,06/05/1975,France,fchildrensh6@cbslocal.com,386-791-4392
Augustine,O'Skehan,,,,aoskehanh7@nature.com,
Mureil,Muttitt,Bromma,07/23/1974,Sweden,mmuttitth8@guardian.co.uk,728-536-1085
Olympia,Knights,Kutamangu,11/16/1990,Indonesia,,489-622-9753
Daven,Corradi,Khasht’arrak,08/18/1969,Armenia,dcorradiha@imgur.com,443-145-2176
Hunt,Snook,Parada de Pinhão,10/31/1991,Portugal,hsnookhb@home.pl,346-639-5844
Alaric,Kirsche,Simnas,10/11/1986,Lithuania,akirschehc@pagesperso-orange.fr,815-675-6942
Hubey,Harold,Oygon,02/21/1970,Mongolia,hharoldhd@cocolog-nifty.com,459-242-8713
Carolina,Sawdy,Marne-la-Vallée,03/25/1991,France,csawdyhe@hhs.gov,285-446-1352
Lesley,Trehearn,Bogolyubovo,11/06/1976,Russia,ltrehearnhf@newyorker.com,756-740-7854
Catharina,Ralls,Pyongyang,05/12/1990,North Korea,crallshg@eepurl.com,965-789-2943
Winona,Lamdin,Malaga,03/25/1954,Spain,wlamdinhh@mtv.com,982-849-1436
Estrella,Hurley,Randuboto,10/04/1977,Indonesia,ehurleyhi@dyndns.org,370-562-0933
Odella,Haskey,Saint-Nazaire,12/26/1951,France,ohaskeyhj@dailymail.co.uk,626-338-5078
Matias,Findlow,Cesvaine,01/13/1954,Latvia,mfindlowhk@chicagotribune.com,303-465-4827
Angelique,Saintpierre,Santa Marcela,08/13/1951,Philippines,asaintpierrehl@yellowbook.com,540-716-6344
Lorena,Dowbakin,Alae,06/21/1985,Philippines,ldowbakinhm@is.gd,698-982-9987
Reiko,Janousek,Marilao,08/26/1956,Philippines,rjanousekhn@csmonitor.com,852-211-7524
Jamill,Somerscales,,,,jsomerscalesho@simplemachines.org,
Jammie,Ickowics,La Unión,05/19/1991,Colombia,jickowicshp@berkeley.edu,865-368-6978
Ricki,Hoff,Mali Iđoš,01/28/1993,Serbia,rhoffhq@sbwire.com,180-582-3065
Robbert,Tankard,Banag,03/12/1998,Philippines,,702-592-9286
Barri,Ivanets,,,,bivanetshs@feedburner.com,
Kaine,Graalman,Dayeuhluhur,06/14/1966,Indonesia,,725-176-5744
Nerta,Hadgraft,Jianyi,12/20/1990,China,nhadgrafthu@webs.com,938-444-8866
Egbert,Cockitt,Qinxi,08/05/1988,China,ecockitthv@simplemachines.org,499-719-4911
Celle,Swann,København,08/15/1991,Denmark,cswannhw@umn.edu,308-711-8294
Obed,Orknay,Coja,04/15/1952,Portugal,,443-687-1648
Livy,Fennell,Sabana Iglesia,08/12/1952,Dominican Republic,,818-870-5178
Konstantine,Sherratt,Golub-Dobrzyń,06/03/1983,Poland,ksherratthz@over-blog.com,620-961-5306
Claudia,Brislane,,,,cbrislanei0@furl.net,
Sylvester,Crosseland,San Andrés,09/08/1986,Guatemala,scrosselandi1@amazonaws.com,216-720-8222
Hilarius,Chennells,Ishikawa,09/22/1950,Japan,,614-797-9708
Teddie,Kingsworth,Huai Mek,12/11/1984,Thailand,tkingsworthi3@exblog.jp,946-492-9314
Kori,Synan,La Punta,02/17/1965,Argentina,ksynani4@rediff.com,176-172-2263
Drugi,Hearse,Ballinteer,08/25/1953,Ireland,dhearsei5@discovery.com,518-664-9883
Ruby,Pope,Volosovo,02/14/1986,Russia,rpopei6@forbes.com,327-439-7753
Ruddy,Dyne,Retenggoma,06/15/1998,Indonesia,rdynei7@salon.com,450-135-4569
Idalia,Bawden,Alegria,06/02/1980,Philippines,,931-263-8406
Cornelius,Dunlop,,,,cdunlopi9@4shared.com,
Hermon,Barrowcliffe,Sakata,08/28/1997,Japan,hbarrowcliffeia@deviantart.com,183-916-4528
Saidee,Houseman,Uglovoye,08/22/1985,Russia,shousemanib@de.vu,596-273-9183
Tally,Pidduck,Visby,04/03/1968,Sweden,,295-136-5956
Sergio,Jillions,Moppo,07/13/1980,South Korea,sjillionsid@economist.com,637-852-7523
Ransom,Retallack,São Lourenço de Mamporcão,07/12/1991,Portugal,rretallackie@fc2.com,907-726-8509
Magdalena,Paula,La Uvita,05/03/1989,Colombia,mpaulaif@imdb.com,943-407-3599
Louie,Lahrs,Nirasaki,01/29/1960,Japan,llahrsig@columbia.edu,827-961-8661
Bellina,Tolworth,Marseille,05/11/1973,France,btolworthih@wiley.com,586-693-3658
Dru,O' Clovan,Novokizhinginsk,07/31/1989,Russia,doclovanii@patch.com,635-548-2802
Ruthanne,Iacovazzi,Santa Barbara,01/18/1995,United States,riacovazziij@google.es,805-912-6042
Carmela,Pietrzak,Cuenca,01/25/1974,Ecuador,cpietrzakik@archive.org,365-975-7683
Jerad,Preuvost,Gaojialing,06/29/1979,China,jpreuvostil@princeton.edu,180-279-8977
Annette,Crowter,Kostyantynivka,06/26/1950,Ukraine,,735-558-6151
Ynez,Owenson,Néa Karváli,04/10/1997,Greece,yowensonin@aboutads.info,336-905-1256
Dyanne,Loads,Bagu,05/21/1963,Indonesia,,490-119-8503
Abram,Marsay,Óbidos,04/24/1957,Portugal,amarsayip@nyu.edu,602-312-5140
Delphine,Crumpton,Quinua,05/07/1982,Peru,dcrumptoniq@statcounter.com,542-709-9669
Eimile,Gilfillan,Al Mazār,09/08/1992,Jordan,egilfillanir@google.ru,408-479-1911
Rosalinda,Pfeifer,Adar,06/16/1953,Morocco,rpfeiferis@wufoo.com,512-473-9309
Evania,Wiles,Andarapa,02/09/1962,Peru,ewilesit@cdbaby.com,270-236-3563
Elias,Zoppo,Henghe,11/05/1962,China,ezoppoiu@pagesperso-orange.fr,417-530-8730
Gwenora,Weippert,Bohumín,03/10/1979,Czech Republic,gweippertiv@acquirethisname.com,271-306-2824
Robb,Imms,Vénissieux,12/09/1956,France,rimmsiw@wunderground.com,375-315-9306
Hannah,Davies,Poctol,01/27/1988,Philippines,hdaviesix@rakuten.co.jp,804-497-6175
Patrick,Brooking,Hangchuan,03/22/1976,China,,474-288-9911
Rand,Hoyt,Al Jawf,12/09/1959,Libya,,802-227-0804
Paulie,Daudray,Anaco,09/01/1970,Venezuela,pdaudrayj0@opensource.org,359-315-3802
Toma,Doidge,Wolfsberg,12/18/1987,Austria,tdoidgej1@dell.com,711-812-2283
Antone,Dolling,Għaxaq,08/12/1957,Malta,adollingj2@sciencedirect.com,809-723-3524
Kattie,Dempster,El Carmen,09/20/1972,Mexico,kdempsterj3@chron.com,437-870-0255
Herrick,Duffit,Wangong,04/26/1968,China,hduffitj4@yale.edu,710-937-8630
Min,Plumer,Pasco,02/23/1988,Argentina,,445-133-2926
Maurizia,Cherrie,Arjasari,08/24/1977,Indonesia,mcherriej6@amazon.co.uk,465-840-8265
Ranique,Bilbie,Kanie,09/30/1960,Japan,rbilbiej7@aol.com,654-744-6433
Ray,Childrens,Bandarlampung,11/06/1983,Indonesia,rchildrensj8@surveymonkey.com,730-462-5236
Bartholemy,MacCumiskey,Aix-en-Provence,01/28/1991,France,bmaccumiskeyj9@squidoo.com,613-692-8506
Ajay,MacAree,Wintzenheim,04/05/1988,France,amacareeja@tripadvisor.com,612-672-2049
Tova,Stenning,Hualgayoc,03/06/1986,Peru,tstenningjb@time.com,633-212-5713
Lizbeth,Dearlove,San Andres,06/22/1950,Philippines,ldearlovejc@people.com.cn,190-100-8957
Almeda,Meffen,Kamigyō-ku,01/09/1990,Japan,ameffenjd@ucoz.ru,235-101-4835
Cordy,Butrimovich,Fengpo,02/14/1992,China,cbutrimovichje@arizona.edu,742-517-3957
Jojo,Southam,Bintang,03/13/1959,Indonesia,jsouthamjf@tumblr.com,434-895-5502
Becca,Gaythor,Dan Sadau,12/24/1959,Nigeria,bgaythorjg@altervista.org,884-832-2706
Clyve,Gregore,Loacan,11/06/1983,Philippines,cgregorejh@nature.com,979-210-5251
Ted,Chittock,Salas,06/13/1995,Peru,tchittockji@youtube.com,463-454-0862
Norry,Murkitt,Gaoyi,04/02/1950,China,nmurkittjj@parallels.com,428-661-2244
Barn,Cutill,Nikinci,01/07/1954,Serbia,bcutilljk@ovh.net,272-401-6678
Aldo,Batterton,Xiwu,03/19/1956,China,abattertonjl@mac.com,651-428-9644
Dulcinea,Lambersen,Griboyedov,08/28/1956,Armenia,dlambersenjm@chron.com,716-407-3781
Stanley,Cowin,Al Ḩarajah,11/02/1953,Yemen,,197-654-5043
Milka,Alexander,Forninho,07/31/1997,Portugal,malexanderjo@imageshack.us,939-679-1273
Erick,Magill,Jobabo,03/31/1997,Cuba,emagilljp@infoseek.co.jp,898-600-4314
Chrissy,Proswell,Albuquerque,12/19/1965,United States,cproswelljq@pinterest.com,505-282-8912
Cele,Antonio,Sagua de Tánamo,12/04/1977,Cuba,cantoniojr@vistaprint.com,134-553-1747
Merline,Macbeth,Kuripan,10/01/1993,Indonesia,mmacbethjs@google.co.jp,573-694-7138
Chrystal,Brasse,Malakal,10/05/1956,South Sudan,cbrassejt@ifeng.com,434-468-3067
Dag,Giacomello,Bošnjaci,04/17/1963,Croatia,,153-240-9605
Odessa,Ancketill,,,,oancketilljv@slideshare.net,
Matty,MacNeish,Shaami-Yurt,11/11/1983,Russia,mmacneishjw@eepurl.com,925-815-4179
Yvor,Greensall,Ebebiyin,10/28/1964,Equatorial Guinea,,434-740-2324
Junia,Joysey,,,,jjoyseyjy@ca.gov,
Sheridan,Wilse,Vynohradivka,10/04/1999,Ukraine,swilsejz@nba.com,164-785-8337
Egon,Bounde,Gondifelos,08/16/1974,Portugal,eboundek0@cbsnews.com,622-235-5799
Selle,Wrankmore,,,,swrankmorek1@dropbox.com,
Taber,Enstone,,,,tenstonek2@naver.com,
Sid,Mellish,Santa Rita,09/28/1953,Bolivia,smellishk3@bravesites.com,362-775-5529
Bambie,Rousel,Lékhaio,03/05/1988,Greece,brouselk4@buzzfeed.com,563-430-6010
Xenos,Ector,,,,xectork5@merriam-webster.com,
Micki,Clemonts,Pamyat’ Parizhskoy Kommuny,03/07/1981,Russia,mclemontsk6@webs.com,260-298-5981
Teddie,Normanvill,Al Manzilah,06/24/1966,Egypt,tnormanvillk7@vinaora.com,864-785-3565
Babbette,Fritz,Marseille,02/12/1994,France,bfritzk8@pbs.org,737-670-8909
Erroll,Dumbleton,Changhua,10/29/1989,China,edumbletonk9@deviantart.com,907-488-7251
Ev,Hankard,Mansôa,09/16/1959,Guinea-Bissau,ehankardka@alibaba.com,324-967-7641
Franz,Burnet,Hongjiazui,04/14/1951,China,fburnetkb@ifeng.com,669-214-3772
Guilbert,Witt,Chongxian,06/18/1993,China,gwittkc@nytimes.com,791-257-9280
Arlie,Rogeon,Bastos,02/17/1950,Brazil,arogeonkd@archive.org,885-915-8456
Malina,Flello,Hongkou,04/09/1999,China,mflelloke@prlog.org,146-486-1922
Lyndell,Dawidowitsch,Sinacaban,01/09/1967,Philippines,ldawidowitschkf@flavors.me,143-917-9142
Akim,Takkos,Tsimlyansk,01/30/1997,Russia,atakkoskg@technorati.com,857-496-1394
Gui,Peller,,,,gpellerkh@hhs.gov,
Onofredo,Kahn,Rantau,12/23/1995,Indonesia,okahnki@thetimes.co.uk,306-245-0736
Stearne,Brammer,Siderejo,09/26/1957,Indonesia,sbrammerkj@clickbank.net,255-336-8924
Cathrin,Lovitt,Cachoeiro de Itapemirim,10/05/1970,Brazil,clovittkk@wikispaces.com,870-435-7325
Leigh,Castelluzzi,Longmen,03/30/1961,China,lcastelluzzikl@moonfruit.com,643-763-8791
Lucita,Romaine,Lwengo,05/16/1997,Uganda,lromainekm@scientificamerican.com,335-912-0780
Augustin,Cornish,Vrané nad Vltavou,12/07/1970,Czech Republic,acornishkn@ed.gov,127-716-5243
Correy,Petri,Carrazeda de Ansiães,07/23/1953,Portugal,cpetriko@scientificamerican.com,842-563-1586
Giuditta,Wylam,Hāla,08/23/1951,Pakistan,gwylamkp@ezinearticles.com,491-154-8539
Garvy,Renachowski,Kozy,05/17/1952,Poland,grenachowskikq@baidu.com,317-134-0096
Mackenzie,Sarre,Makarska,05/21/1995,Croatia,msarrekr@hc360.com,664-660-8855
Dodi,Nellies,Reims,03/31/1954,France,dnelliesks@sbwire.com,518-640-0781
Thadeus,Harnwell,Spytkowice,12/09/1997,Poland,tharnwellkt@dropbox.com,832-666-8154
Evan,Novis,Inozemtsevo,04/05/1955,Russia,enovisku@cnbc.com,525-892-6203
Laurel,Lowing,Jiaxian Chengguanzhen,01/27/1974,China,llowingkv@hp.com,612-672-3989
Colline,Robjant,Wichian Buri,12/30/1970,Thailand,crobjantkw@state.gov,241-939-2315
Ricard,Duplain,Anchorage,08/28/1967,United States,rduplainkx@deviantart.com,907-992-4577
Sophey,Nursey,Ndendé,10/04/1999,Gabon,snurseyky@g.co,990-384-9504
Wiley,Burkitt,Sävsjö,10/07/1979,Sweden,wburkittkz@indiegogo.com,383-450-4704
Cosetta,Ousley,Pryvol’ny,05/21/1993,Belarus,cousleyl0@twitpic.com,982-566-6664
Analiese,Shearn,Osby,10/05/1980,Sweden,ashearnl1@msn.com,479-497-5971
Emlyn,Warboy,,,,ewarboyl2@unicef.org,
Rosetta,Ivanichev,Wulan,08/13/1967,China,,226-898-8877
Adrienne,McGrail,Fredrikstad,03/26/1954,Norway,amcgraill4@themeforest.net,110-140-9662
Carlita,Preece,Lyozna,08/10/1954,Belarus,,490-833-7081
Emmy,Arkcoll,Kaiama,11/05/1961,Nigeria,earkcolll6@netvibes.com,657-510-1037
Curr,Earengey,Massaranduba,11/25/1956,Brazil,cearengeyl7@boston.com,221-803-1785
Vera,Keene,Bhātpāra Abhaynagar,09/19/1992,Bangladesh,vkeenel8@wiley.com,576-190-2137
Louie,Glitherow,Heqiao,02/19/1987,China,lglitherowl9@newyorker.com,701-100-2402
Beverlie,Stener,Pasir,07/28/1976,Indonesia,,296-503-8957
Dominik,Joris,Thị Trấn Na Hang,02/03/1981,Vietnam,djorislb@instagram.com,452-559-9233
Phyllida,Demangeon,Qiewa,10/25/1997,China,pdemangeonlc@washingtonpost.com,651-317-6699
Jim,Hyslop,Surin,02/12/1994,Thailand,jhyslopld@amazon.com,643-346-7813
Pierce,O'Neill,,,,poneillle@ycombinator.com,
Karyl,Grcic,Babakankadu,01/27/1953,Indonesia,kgrciclf@naver.com,571-708-3835
Jule,Cockings,Chatian,07/30/1980,China,jcockingslg@51.la,800-574-6040
Zackariah,Churches,Tinabogan,07/10/1982,Indonesia,zchurcheslh@prweb.com,707-456-5972
Myrwyn,Romaynes,,,,,
Ignazio,Garbutt,Vilcún,02/26/1968,Chile,igarbuttlj@nifty.com,699-872-4823
Eleanore,Caveney,Bilopillya,06/21/1987,Ukraine,ecaveneylk@engadget.com,721-336-3416
Stephi,Flaunders,,,,sflaundersll@msn.com,
Adolf,Clutterbuck,Karkkila,04/01/1952,Finland,aclutterbucklm@joomla.org,147-995-9145
Renault,Warlaw,Palotina,08/06/1986,Brazil,rwarlawln@plala.or.jp,980-192-8115
Esta,Stiff,Ol’ginka,09/11/1965,Russia,estifflo@weather.com,553-589-5034
Ofelia,Pyser,Lavezares,09/01/1975,Philippines,opyserlp@scientificamerican.com,336-569-6577
Casar,Nijssen,Paris 02,03/23/1982,France,cnijssenlq@washington.edu,452-574-9986
Killy,Mangeon,Gąsocin,06/03/1996,Poland,,468-495-3010
Tibold,Raw,Saint-Denis,07/16/1976,Reunion,,143-540-4495
Maximilien,MacCaffery,Aimin,04/06/1986,China,mmaccafferylt@imdb.com,776-510-1378
Liane,Di Biasi,Trebisht-Muçinë,12/21/1970,Albania,ldibiasilu@rambler.ru,204-408-8878
Jessie,Swapp,Cabuyao,06/13/1969,Philippines,jswapplv@howstuffworks.com,727-700-2276
Leonelle,Janaszewski,Lingquan,07/03/1972,China,ljanaszewskilw@google.ca,153-135-9028
Serge,Fitzer,Bayan,02/06/1957,Indonesia,sfitzerlx@bandcamp.com,972-497-9696
Glynnis,Rois,Xianrendu,06/22/1983,China,groisly@walmart.com,390-224-1938
Phaedra,Giacopetti,Belyayevka,07/11/1974,Russia,pgiacopettilz@imdb.com,621-240-7020
Codie,Ibbitt,Sovetskaya,07/28/1991,Russia,cibbittm0@amazon.co.jp,353-727-0626
Chickie,Cayton,Sindangrasa,08/22/1954,Indonesia,ccaytonm1@abc.net.au,367-464-0358
Woody,Urrey,Lexington,08/20/1970,United States,wurreym2@nbcnews.com,859-578-7847
Mame,Arrault,Carbonear,07/30/1973,Canada,marraultm3@dot.gov,837-697-9423
Rudiger,Ivers,San Rafael,08/23/1977,Mexico,riversm4@feedburner.com,729-377-6339
Tamar,Wickling,Walferdange,12/13/1963,Luxembourg,twicklingm5@oaic.gov.au,301-715-5838
Fields,Petegre,Linda Vista,05/18/1983,Mexico,fpetegrem6@people.com.cn,797-618-5659
Tersina,Kleint,Haninge,07/06/1984,Sweden,,490-893-4635
Barbee,Cobbled,Liwu,05/20/1984,China,,755-329-7964
Abdul,Caroll,Pujilí,07/15/1962,Ecuador,acarollm9@cnbc.com,876-833-5480
Candy,Whittington,Abaeté,03/31/1994,Brazil,cwhittingtonma@ihg.com,956-829-7310
Dorey,Scorthorne,Cariamanga,10/11/1994,Ecuador,dscorthornemb@bloglines.com,130-754-0006
Sallyann,Handrik,Al ‘Āliyah,12/06/1962,Tunisia,shandrikmc@free.fr,573-625-6970
Hermy,Sybe,Romilly-sur-Seine,09/14/1958,France,hsybemd@mediafire.com,461-480-6853
Ulysses,Haslam,Gutalac,11/26/1981,Philippines,uhaslamme@mediafire.com,867-843-2221
Ingunna,Maffetti,Alvesta,04/21/1957,Sweden,imaffettimf@cdc.gov,546-491-6326
Huntlee,Sibbering,Kadubadak,01/19/1971,Indonesia,,549-465-5552
Lorelei,Joyes,Alofi,01/30/1973,Niue,ljoyesmh@istockphoto.com,378-689-8928
Goldi,Roycroft,,,,groycroftmi@slate.com,
Carmen,Camoys,El Carmen,07/21/1970,Colombia,ccamoysmj@whitehouse.gov,359-138-9992
Stoddard,Harby,Tumbes,02/09/1991,Peru,sharbymk@e-recht24.de,262-983-7220
Phil,Raisbeck,Tengrela,11/03/1971,Ivory Coast,,943-906-6273
Zechariah,Welberry,Ljusdal,11/02/1982,Sweden,zwelberrymm@linkedin.com,418-595-3292
Darla,Hartland,Dowan,11/30/1969,Indonesia,,336-983-8509
Ealasaid,Velden,Huangnihe,09/07/1969,China,eveldenmo@google.es,914-648-9929
Ola,Missenden,Ambohitrolomahitsy,12/16/1995,Madagascar,omissendenmp@com.com,446-528-4609
Myrtia,Iorio,Fiorentino,06/16/1982,San Marino,mioriomq@weebly.com,596-968-8818
Ulla,Gatrell,Mazongshan,01/14/1975,China,ugatrellmr@disqus.com,248-366-6239
Lind,Borne,Huqiu,03/05/1967,China,,337-861-1054
Davita,Killiner,Komyshnya,09/10/1975,Ukraine,,767-482-0801
Virgina,Fulford,,,,vfulfordmu@sfgate.com,
Waldemar,Wohler,Laingsburg,11/21/1992,South Africa,wwohlermv@creativecommons.org,468-876-7486
Winfield,De Dantesie,Huolianpo,10/10/1989,China,wdedantesiemw@domainmarket.com,529-376-1718
Wilfrid,Stucksbury,Chattanooga,08/29/1967,United States,,423-806-2908
Malissa,Jurick,Ertai,05/08/1963,China,,341-458-8694
Meg,De Michele,Zielonki,12/26/1950,Poland,mdemichelemz@un.org,101-543-6722
Augusto,Banasik,Linares,12/19/1981,Colombia,abanasikn0@toplist.cz,337-381-8406
Reine,Landrean,Khong,04/11/1990,Thailand,rlandreann1@whitehouse.gov,342-515-6111
Lucius,Maclaine,Fenglu,02/07/1990,China,lmaclainen2@weibo.com,970-370-4005
Maddi,Benet,Zhangping,09/24/1973,China,mbenetn3@nps.gov,989-737-1164
Kamilah,Brackenbury,Andarapa,03/08/1966,Peru,kbrackenburyn4@wufoo.com,427-667-5810
Lynea,Allum,Chýnov,03/06/1986,Czech Republic,lallumn5@npr.org,410-430-0155
Ashlen,Girtin,Sangali,10/14/1989,Philippines,agirtinn6@is.gd,334-522-7325
Delaney,Brauninger,Rzhev,03/09/1966,Russia,,834-234-7572
Dreddy,Coche,Esparza,12/12/1991,Costa Rica,dcochen8@bravesites.com,450-807-0957
Hilarius,Sollitt,Piątnica,04/28/1981,Poland,,622-987-2145
Ede,Messier,Tirana,09/05/1965,Albania,emessierna@bing.com,244-234-8296
Quintin,Village,Avellaneda,01/23/1991,Argentina,qvillagenb@diigo.com,308-873-5239
Che,Taffrey,Kitimat,09/16/1956,Canada,ctaffreync@gravatar.com,269-543-3995
Bartlett,Diggles,Qarqaraly,01/13/1981,Kazakhstan,bdigglesnd@lulu.com,473-888-8386
Courtnay,McInility,Pueblo Nuevo,04/13/1978,Peru,,217-981-6418
Beckie,Seville,Neskaupstaður,01/09/1991,Iceland,bsevillenf@ycombinator.com,929-523-4544
Worth,Hughes,Anaheim,03/17/1965,United States,whughesng@photobucket.com,714-668-3383
Padraig,Lighton,,,,plightonnh@usatoday.com,
Vittorio,MacCarter,Phanom Phrai,07/04/1967,Thailand,vmaccarterni@craigslist.org,673-135-3520
Nara,Bibbie,Taipinghu,02/24/1989,China,nbibbienj@oracle.com,287-515-9251
Kerstin,Cuncliffe,Delft,02/25/1998,Netherlands,kcuncliffenk@mashable.com,476-741-4685
Jehu,Crecy,Nggambel,04/05/1988,Indonesia,jcrecynl@aol.com,890-514-4788
Charlton,Lydiard,Santo Niño,12/01/1969,Philippines,clydiardnm@ibm.com,318-650-1259
Trixi,Moore,Yongjiu,04/28/1950,China,tmoorenn@wired.com,793-721-9740
Dacia,Fidge,Jungutbatu Kaja Dua,11/18/1968,Indonesia,,118-464-9723
Zelma,Mainds,Corralito,12/27/1966,Argentina,zmaindsnp@cam.ac.uk,367-442-7367
Wildon,Challice,Yanmen,02/12/1999,China,wchallicenq@examiner.com,387-679-3591
Benyamin,Menere,Rybno,06/24/1962,Poland,bmenerenr@si.edu,247-230-4330
Gunther,Martineau,Damawato,02/05/1998,Philippines,gmartineauns@wunderground.com,126-831-6089
Blakelee,Patrone,Khanu Woralaksaburi,04/11/1978,Thailand,bpatronent@cargocollective.com,827-539-8563
Prisca,Cosgrave,Itanhandu,12/22/1959,Brazil,,778-545-5220
Tymon,Bowller,Reforma,05/26/1956,Mexico,tbowllernv@goodreads.com,218-183-4949
Hendrick,Woolis,Serra D'El Rei,09/10/1971,Portugal,hwoolisnw@forbes.com,538-238-3719
Suki,Biggadyke,Revda,05/04/1992,Russia,sbiggadykenx@rambler.ru,468-990-9462
Felecia,Cremen,Polunochnoye,08/04/1992,Russia,,118-879-5129
Dierdre,Flageul,Utrecht (stad),07/24/1961,Netherlands,dflageulnz@homestead.com,923-874-9767
Misty,Scown,Guotan,08/10/1957,China,mscowno0@tumblr.com,975-262-1391
Joellyn,Crebbin,Muriaé,02/24/1954,Brazil,jcrebbino1@businesswire.com,876-866-1235
Margaretha,Doy,Girijaya,07/12/1993,Indonesia,mdoyo2@tripadvisor.com,634-712-5827
Thia,Farney,Kvasice,02/10/1970,Czech Republic,tfarneyo3@webnode.com,773-235-8544
Jourdain,Gage,Sosnovka,01/17/1980,Russia,,476-301-6900
Sarena,Brigden,Al Ḩayfah,02/09/1991,Yemen,sbrigdeno5@tinypic.com,634-434-3530
Bellanca,Brewitt,Retkovci,06/24/1969,Croatia,bbrewitto6@google.it,954-624-3952
Wesley,Pendlebery,Sośnie,03/20/1978,Poland,wpendleberyo7@twitpic.com,686-833-0703
Cesya,Bartalini,Barbacena,04/24/1973,Brazil,cbartalinio8@mashable.com,654-224-7666
Rockey,Ripsher,Morez,06/04/1955,France,,450-441-6733
Archaimbaud,Flancinbaum,Bamusso,10/18/1993,Cameroon,aflancinbaumoa@macromedia.com,613-278-1070
Nisse,Batten,Yaguajay,08/13/1967,Cuba,nbattenob@sourceforge.net,839-107-8011
Dick,Pottinger,Pelabuhanratu,05/30/1964,Indonesia,dpottingeroc@artisteer.com,161-259-2065
Anna-diana,Gristwood,Vesele,12/15/1964,Ukraine,agristwoodod@a8.net,650-552-9921
Skye,Chaucer,Baiima,08/23/1997,Sierra Leone,schauceroe@purevolume.com,206-612-6608
Algernon,Holligan,Şabrātah,04/11/1950,Libya,aholliganof@multiply.com,948-296-9029
Hadleigh,Franken,Quankou,07/24/1979,China,,777-124-6082
Larine,Pancoust,Muke,03/16/1971,Indonesia,,843-688-0727
Korie,Shermore,Khong,09/20/1978,Thailand,kshermoreoi@odnoklassniki.ru,314-767-2409
Vincents,MacAndrew,Talashkino,06/21/1951,Russia,vmacandrewoj@adobe.com,839-265-4330
Deanne,Brumbie,Acas,03/20/1977,Peru,dbrumbieok@businessinsider.com,103-308-3919
Cora,Hewlings,Saint David’s,11/08/1975,Grenada,,577-780-6953
Ramsey,Titt,Telengsari,10/13/1986,Indonesia,rtittom@cam.ac.uk,243-978-9074
Hamish,Brocks,Mtsensk,02/10/1998,Russia,hbrockson@cdc.gov,350-686-4609
Blithe,Karpenko,São Torcato,06/25/1978,Portugal,bkarpenkooo@imgur.com,316-118-6125
Pooh,Teager,Novoanninskiy,01/08/1979,Russia,pteagerop@rediff.com,571-773-3810
Hew,Noden,,,,hnodenoq@latimes.com,
Deanne,Covil,Plato,10/13/1978,Colombia,dcovilor@slashdot.org,954-765-0711
Berry,Videan,Nagaoka,05/30/1979,Japan,bvideanos@dyndns.org,750-727-6297
Josefa,Raymont,El Benque,08/26/1951,Honduras,,911-766-5860
Kearney,Bucher,Wubao,05/20/1955,China,kbucherou@facebook.com,416-447-5338
Clarey,Pilgrim,Shangkuli,11/13/1987,China,,296-280-5635
Crissie,Southern,Duwakkandung,09/04/1990,Indonesia,,258-982-2944
Nanette,Stollery,,,,,
Bastien,Bolderstone,Stuttgart,06/20/1959,Germany,,890-264-8309
Blair,Lubomirski,Sila,11/15/1953,Indonesia,blubomirskioz@nytimes.com,609-654-9055
Doralia,Avesque,Bang Sao Thong,05/05/1985,Thailand,davesquep0@friendfeed.com,716-495-7231
Emiline,Woodhall,Sambongpari,06/03/1998,Indonesia,ewoodhallp1@fema.gov,632-719-4659
Xymenes,Goodboddy,Stony Plain,05/11/1969,Canada,xgoodboddyp2@skyrock.com,450-496-4331
Delphine,Philippet,Kitango,04/20/1976,Philippines,dphilippetp3@epa.gov,282-695-9236
Allene,Payfoot,Bendo,03/10/1953,Indonesia,apayfootp4@ebay.co.uk,460-178-4102
Noemi,Faulder,Umuarama,02/28/1994,Brazil,nfaulderp5@wunderground.com,746-836-5038
Britney,Hafner,Darovskoy,12/15/1971,Russia,bhafnerp6@ftc.gov,811-733-1947
Arlana,Bartosinski,Neglasari,05/03/1974,Indonesia,abartosinskip7@umn.edu,949-995-2986
Kelsey,Jenkison,Pryyutivka,10/11/1971,Ukraine,,870-126-4141
Sonny,Liversedge,Al Fashn,01/20/1982,Egypt,sliversedgep9@a8.net,355-547-8049
Iain,Jackling,Jurak Lao’,09/11/1996,Indonesia,ijacklingpa@unicef.org,339-921-2658
Normand,Mordie,,,,nmordiepb@tumblr.com,
Ramonda,Rubinsztein,Kaeng Khoi,08/14/1970,Thailand,rrubinszteinpc@oracle.com,835-747-1690
Maryl,Claussen,Muke,02/15/1970,Indonesia,mclaussenpd@marketwatch.com,195-189-6904
Delano,Cream,Ladoeiro,02/08/1987,Portugal,dcreampe@deliciousdays.com,410-996-6115
Mordecai,Laurenzi,Fusagasuga,06/12/1973,Colombia,mlaurenzipf@google.ru,565-622-9746
Korella,Rattrie,Huangshi,07/13/1986,China,krattriepg@google.nl,775-677-4997
Gisella,Bernette,Lashkar Gāh,03/20/1973,Afghanistan,gbernetteph@va.gov,662-231-4616
Jilly,Martinat,Lomintsevskiy,06/19/1975,Russia,jmartinatpi@ted.com,127-101-8998
Phebe,Briston,Yaojiagou,06/17/1965,China,pbristonpj@trellian.com,335-269-4228
Baxy,Moxon,Kristinehamn,02/23/1960,Sweden,bmoxonpk@jimdo.com,492-981-2190
Sheelagh,Tomlin,Cox’s Bāzār,03/17/1989,Bangladesh,stomlinpl@who.int,741-447-0667
Lorant,Note,Debrecen,02/12/1996,Hungary,,463-250-5952
Zilvia,Meni,Bukonyo,05/30/1986,Tanzania,,154-533-2507
Dick,Fridd,Courbevoie,09/09/1957,France,dfriddpo@vkontakte.ru,211-897-6131
Den,Armand,La Roche-sur-Yon,11/08/1956,France,darmandpp@stumbleupon.com,446-731-3227
Lonni,Spawforth,Menanga,11/22/1985,Indonesia,,343-839-2112
Alverta,Cansdall,Kendalngupuk,08/17/1977,Indonesia,acansdallpr@seattletimes.com,112-864-0820
Glennie,Rubin,Baoshan,05/18/1988,China,grubinps@unicef.org,909-641-5742
Shana,MacGlory,Princeton,03/11/1977,Canada,smacglorypt@desdev.cn,135-972-2346
Lilly,Philippard,Baiyashi,10/12/1982,China,lphilippardpu@pbs.org,828-801-9585
Teodor,Conachie,Hengjing,12/08/1957,China,tconachiepv@cbc.ca,736-839-0016
Moishe,Johananoff,Huangpu,10/18/1952,China,mjohananoffpw@icio.us,311-576-8694
Maegan,Bankhurst,Berekum,12/10/1991,Ghana,mbankhurstpx@google.com,341-813-4717
Griffie,Foulds,Houbai,01/28/1950,China,gfouldspy@hud.gov,223-893-2340
Isaac,Chilles,Zibo,07/24/1986,China,ichillespz@soundcloud.com,713-109-9756
Anetta,Caldera,Gjirokastër,09/20/1974,Albania,acalderaq0@sciencedaily.com,697-446-8269
Lanny,Muddicliffe,Chynadiyovo,02/01/1970,Ukraine,,540-221-2183
Vannie,Greatbank,Talakag,05/04/1972,Philippines,vgreatbankq2@upenn.edu,925-845-4899
Tedi,Beenham,Luzon,12/30/1986,Philippines,,409-675-6393
Horst,Aldred,Himanka,08/03/1974,Finland,haldredq4@ucla.edu,562-853-1843
Moises,Longden,Huangpi,04/14/1962,China,mlongdenq5@booking.com,593-591-5147
Barney,Blackboro,Sankui,05/09/1965,China,bblackboroq6@deviantart.com,977-523-8125
Belita,Vasilchikov,Makamba,01/28/1990,Burundi,bvasilchikovq7@flickr.com,493-303-1119
Cyb,Bentote,Phoenix,02/18/1995,United States,cbentoteq8@gov.uk,602-895-3000
Mitch,Viel,Khao Wong,07/16/1968,Thailand,mvielq9@goo.ne.jp,825-902-5537
Dannel,Gianotti,Tianhekou,02/05/1954,China,dgianottiqa@google.it,444-296-1376
Victoir,Rounsivall,Iwierzyce,12/11/1966,Poland,vrounsivallqb@marriott.com,619-900-7977
Constantine,Fonzo,Diamantina,01/20/1994,Brazil,,325-650-2469
Rudolf,Bernade,Calvaria de Baixo,10/04/1954,Portugal,rbernadeqd@pbs.org,200-928-1065
Jannelle,Espinoza,Magisterial,06/17/1987,Mexico,jespinozaqe@shutterfly.com,704-151-8293
Sharline,Iceton,Łapanów,06/27/1961,Poland,sicetonqf@webeden.co.uk,113-130-1202
Brannon,Connal,Shiye,11/02/1970,China,bconnalqg@google.de,198-482-7192
Neely,Wines,Grenoble,08/28/1990,France,nwinesqh@comsenz.com,832-105-8165
Em,Lamort,,,,elamortqi@census.gov,
Athene,Vanacci,Ketawang,10/16/1953,Indonesia,avanacciqj@nydailynews.com,931-989-2667
Lindsay,Gerckens,Pictou,08/15/1979,Canada,,792-522-7145
Matthiew,Copelli,Portel,03/08/1999,Portugal,mcopelliql@a8.net,847-585-8393
Allister,Ianittello,Mauloo,10/26/1994,Indonesia,aianittelloqm@seesaa.net,685-122-3642
Guillermo,Pache,Altamira,02/05/1998,Venezuela,gpacheqn@cnet.com,312-493-3868
Brooks,Torricina,Pingtang,02/18/1976,China,btorricinaqo@chicagotribune.com,595-750-0387
Anne-marie,Catherine,Xihu,05/11/1969,China,acatherineqp@over-blog.com,483-128-2299
Jesselyn,Loble,,,,jlobleqq@dmoz.org,
Gwendolen,Leason,,,,,
Ilka,Cains,Laboulaye,08/16/1958,Argentina,,356-228-9357
Ivor,Gilman,Sindong,02/14/1976,South Korea,igilmanqt@huffingtonpost.com,537-506-5545
Corby,Waugh,Maronge,02/20/1994,Indonesia,cwaughqu@163.com,938-946-1008
Darline,Bartolomeotti,Rawawilis,10/16/1951,Indonesia,,819-518-1892
Stefanie,Cathie,Pansoy,11/17/1955,Philippines,,769-350-7625
Pennie,Nials,Qinlan,07/28/1962,China,pnialsqx@xing.com,109-455-4525
Glenn,Gregson,Gressier,12/17/1978,Haiti,ggregsonqy@w3.org,870-696-3151
Eryn,Klimentov,Charlestown,05/10/1960,Saint Kitts and Nevis,eklimentovqz@cpanel.net,694-264-3202
Sibyl,Cram,Kalamangog,04/21/1958,Philippines,scramr0@creativecommons.org,545-188-0439
Gypsy,Nicklinson,Leipzig,11/06/1967,Germany,gnicklinsonr1@artisteer.com,187-165-3074
Ede,Nuttey,Xunzhai,10/15/1991,China,enutteyr2@pagesperso-orange.fr,792-773-9153
Abbie,Keighley,Sigeng,02/09/1955,China,,986-363-8402
Valera,Dowsey,Guandukou,03/27/1986,China,vdowseyr4@blogspot.com,236-421-4165
Yorgos,Vannoort,Hongqiao,06/19/1985,China,yvannoortr5@wp.com,464-462-8605
Lira,Atwell,Omemee,10/31/1964,Canada,latwellr6@buzzfeed.com,889-195-5177
Reube,Meatcher,Teykovo,07/10/1998,Russia,rmeatcherr7@kickstarter.com,767-889-8957
Laney,Rosenstock,Batangafo,09/15/1958,Central African Republic,lrosenstockr8@alibaba.com,612-350-3491
Audrie,Dutt,Doropayung,07/09/1987,Indonesia,aduttr9@163.com,484-490-9483
Mada,Walkden,Angered,12/12/1994,Sweden,mwalkdenra@ebay.com,795-921-9590
Gaston,Focke,Pira,12/21/1954,Peru,gfockerb@networksolutions.com,931-958-7266
Benedikta,Tulloch,Ust’-Kalmanka,05/27/1970,Russia,,524-530-4147
Herby,Feeham,Kokoshkino,04/18/1988,Russia,hfeehamrd@abc.net.au,504-970-5295
Charmion,Philcox,Kedungsinggil,06/19/1966,Indonesia,cphilcoxre@webs.com,214-410-4516
Drona,Delmonti,Santiago de María,12/05/1987,El Salvador,ddelmontirf@miitbeian.gov.cn,248-152-0596
Trenna,Passie,,,,tpassierg@people.com.cn,
Adolph,Kobus,Hezhai,05/20/1968,China,akobusrh@fema.gov,496-530-8681
Kimmi,Sesser,Sawang Daen Din,07/02/1978,Thailand,,918-718-2449
Lauree,Reeday,Dumaguil,07/22/1975,Philippines,lreedayrj@house.gov,251-681-4995
Dennie,Hardwidge,Tabant,09/15/1958,Morocco,dhardwidgerk@tinypic.com,651-629-9253
Glenn,Simeoli,Kukoboy,04/12/1960,Russia,gsimeolirl@economist.com,623-124-0019
Hugibert,Strothers,Isfana,12/29/1985,Kyrgyzstan,hstrothersrm@wikimedia.org,487-283-1739
Prentiss,Garshore,,,,pgarshorern@paginegialle.it,
Codee,Loiterton,Oibioin,11/25/1969,Indonesia,cloitertonro@bandcamp.com,585-274-0409
Curran,Grendon,Zhongshan,05/20/1978,China,cgrendonrp@sfgate.com,834-475-8032
Asia,Rawnsley,Tanggulangin,09/20/1972,Indonesia,arawnsleyrq@sbwire.com,608-714-9024
Niccolo,Pancoast,Chybie,07/31/1956,Poland,npancoastrr@diigo.com,933-153-8247
