first_name,last_name,birth_place,birth_date,country_living_in,email,phone
Tony,Stovin,Baiyang,1964-09-09T06:36:28Z,China,,+86 (652) 263-7510
Mia,Allan,Cabatang,1989-04-26T06:01:29Z,Philippines,mallan1@printfriendly.com,+63 (957) 444-3423
Dav,Levin,Крива Паланка,1955-09-07T19:37:50Z,Macedonia,dlevin2@dagondesign.com,+389 (538) 435-0130
Eliza,Sillitoe,,,,esillitoe3@imdb.com,
Lettie,Gurnett,Verrettes,1969-02-18T09:20:46Z,Haiti,lgurnett4@redcross.org,+509 (574) 595-3886
Aubry,Heephy,Brits,1987-03-14T02:59:48Z,South Africa,aheephy5@un.org,+27 (686) 997-9989
Brennan,Drakers,Pohonsirih,1960-02-12T06:39:52Z,Indonesia,bdrakers6@thetimes.co.uk,+62 (293) 988-9092
Fitzgerald,Strudwick,Barrancas,1950-11-12T05:49:53Z,Colombia,,+57 (532) 396-2603
Carling,Bodill,Lethem,1969-12-28T16:29:34Z,Guyana,cbodill8@tuttocitta.it,+592 (924) 653-6629
Dulcy,Venes,,,,dvenes9@surveymonkey.com,
Giffy,Heak,,,,gheaka@tuttocitta.it,
Alyce,Cutts,Mambusao,1998-11-09T18:57:50Z,Philippines,acuttsb@earthlink.net,+63 (700) 705-3305
Teriann,Jiggens,Bethlehem,1979-05-26T12:17:17Z,Palestinian Territory,,+970 (309) 222-7019
Marga,O'Hartigan,Orléans,1991-05-10T07:20:14Z,France,,+33 (645) 360-1518
Faustina,Wain,,,,fwaine@devhub.com,
Pete,Ridgeway,Siguqiao,1997-02-04T15:21:44Z,China,,+86 (936) 431-9079
Keelby,Spyvye,Kinh Môn,1997-11-25T13:46:05Z,Vietnam,kspyvyeg@auda.org.au,+84 (253) 317-9974
Norri,Grece,San Martín,1958-09-11T23:55:58Z,Colombia,ngreceh@mayoclinic.com,+57 (493) 961-5593
Frazier,Hirth,Ormstown,1965-12-22T22:46:41Z,Canada,fhirthi@uol.com.br,+1 (342) 137-9415
Calvin,Yacob,Belung Satu,1990-07-04T20:26:13Z,Indonesia,cyacobj@printfriendly.com,+62 (852) 459-2808
Alexis,Clifforth,Garupá,1962-06-12T05:31:21Z,Argentina,aclifforthk@csmonitor.com,+54 (872) 871-9852
Sallyanne,Galletly,,,,sgalletlyl@whitehouse.gov,
Traci,Rhymer,,,,trhymerm@ameblo.jp,
Lorin,Filpi,,,,lfilpin@scientificamerican.com,
Louisette,Pires,Cartagena,1983-07-09T20:49:10Z,Spain,lpireso@mail.ru,+34 (137) 363-4343
Karim,Playhill,Mahābād,1973-03-01T03:28:44Z,Iran,,+98 (774) 425-5203
Ram,Jorin,Yevpatoriya,1976-04-20T00:01:14Z,Ukraine,rjorinq@jimdo.com,+380 (161) 128-7390
Alexandra,Eatttok,Yangambi,1975-10-17T20:23:32Z,Democratic Republic of the Congo,aeatttokr@state.gov,+242 (536) 516-5049
Myca,Neaves,Piedra Blanca,1955-10-27T21:01:28Z,Dominican Republic,mneavess@youtu.be,+1 (705) 386-7559
Denis,Belvard,Heiheba,1966-01-22T21:53:59Z,China,dbelvardt@163.com,+86 (597) 856-6162
Julieta,Puddefoot,Valerik,1950-07-26T21:03:27Z,Russia,jpuddefootu@cafepress.com,+7 (266) 301-9505
Ivar,Bryan,Pontarlier,1981-01-07T14:57:45Z,France,ibryanv@eepurl.com,+33 (542) 701-0762
Lilian,Jonathon,Baisha,1992-12-01T03:08:31Z,China,,+86 (409) 798-1930
Hyatt,Copper,Zhiqing Songduo,1950-06-30T12:25:49Z,China,hcopperx@imgur.com,+86 (912) 400-0357
Suzann,Dimitrov,Doumen,1957-01-20T00:25:58Z,China,sdimitrovy@miibeian.gov.cn,+86 (593) 237-6751
Winni,Squirrell,Chengzhai,1973-09-24T23:00:27Z,China,wsquirrellz@over-blog.com,+86 (148) 331-1954
Mikey,Gladdin,Zarrīn Shahr,1970-02-01T05:43:24Z,Iran,mgladdin10@cocolog-nifty.com,+98 (375) 174-1898
Vonni,Corston,,,,vcorston11@archive.org,
Amandi,Arnason,Devitsa,1978-04-15T16:09:04Z,Russia,aarnason12@sakura.ne.jp,+7 (366) 285-4041
Tandie,Blaxeland,Huochezhan,1967-06-21T04:03:28Z,China,tblaxeland13@salon.com,+86 (838) 753-9975
Hirsch,Stoute,Brodnica,1951-03-17T01:33:27Z,Poland,hstoute14@ycombinator.com,+48 (303) 949-5835
Ronalda,Battin,Magatos,1975-06-19T21:04:14Z,Philippines,rbattin15@drupal.org,+63 (539) 281-9777
Madelaine,Littley,Taiping,1996-01-03T05:10:18Z,China,mlittley16@qq.com,+86 (512) 852-0189
Rhodie,McRinn,Campaka,1964-02-09T05:31:05Z,Indonesia,rmcrinn17@sun.com,+62 (309) 845-2807
Carey,Rooney,Shuyuan Zhen,1977-10-01T02:20:23Z,China,crooney18@sciencedaily.com,+86 (684) 348-7573
Regina,MacTrustie,Zgłobień,1953-08-10T09:08:44Z,Poland,rmactrustie19@vistaprint.com,+48 (233) 115-6118
Elnar,Bour,Longnan,1969-11-02T08:32:29Z,China,ebour1a@themeforest.net,+86 (443) 228-2432
Martin,Barme,,,,mbarme1b@prnewswire.com,
Colas,Allberry,Sundsvall,1979-01-05T18:05:30Z,Sweden,callberry1c@mediafire.com,+46 (344) 177-8060
Hedda,Paolini,Glugur Krajan,1970-01-10T00:47:51Z,Indonesia,hpaolini1d@gravatar.com,+62 (801) 364-9144
Nananne,Meriott,Zhangduangu,1974-06-01T08:24:16Z,China,nmeriott1e@foxnews.com,+86 (218) 808-0496
Ingra,McEllen,,,,imcellen1f@vimeo.com,
Amelie,Laffin,,,,alaffin1g@yahoo.co.jp,
Carmelita,Filisov,Mortka,1995-12-06T07:13:16Z,Russia,cfilisov1h@gizmodo.com,+7 (819) 209-9341
Hendrik,Paulton,Pledo,1952-08-24T19:54:29Z,Indonesia,hpaulton1i@examiner.com,+62 (232) 979-2567
Gerhardine,Longmate,,,,glongmate1j@pcworld.com,
Win,Samwaye,Xianyang,1979-04-10T17:10:24Z,China,,+86 (757) 556-6501
Somerset,Heddan,Thiès Nones,1988-11-01T01:48:38Z,Senegal,sheddan1l@hostgator.com,+221 (346) 753-5822
Dwain,Klus,Drybin,1977-01-07T10:50:47Z,Belarus,dklus1m@creativecommons.org,+375 (434) 480-3969
Callida,Dederick,Muyuka,1957-11-06T21:57:26Z,Cameroon,cdederick1n@joomla.org,+237 (625) 536-0348
Prent,McChesney,Dahuang,1952-07-18T18:03:30Z,China,pmcchesney1o@home.pl,+86 (269) 705-1506
Alene,Bossingham,Lugo,1969-09-09T07:38:21Z,Spain,abossingham1p@si.edu,+34 (120) 583-5883
Arch,Curley,Gusinoozyorsk,1973-06-17T03:33:29Z,Russia,acurley1q@twitter.com,+7 (371) 940-1536
Wilhelmina,Blackmuir,Louisville,1974-06-03T06:16:20Z,United States,wblackmuir1r@umn.edu,+1 (502) 453-2889
Chris,Skeermer,Quảng Ngãi,1976-12-17T20:26:04Z,Vietnam,cskeermer1s@yelp.com,+84 (509) 683-3628
Caron,Bentame,Lunyuk Ode,1984-04-14T19:49:26Z,Indonesia,cbentame1t@skyrock.com,+62 (423) 120-1102
Blanch,Van Dalen,San Sebastian,1971-08-03T18:29:06Z,Mexico,bvandalen1u@goodreads.com,+52 (376) 278-1769
Melodie,Pineaux,Jīsh,1988-05-04T15:49:09Z,Israel,mpineaux1v@ovh.net,+972 (138) 798-0639
Cristie,Swetman,Cawalo,1987-10-07T01:00:18Z,Indonesia,cswetman1w@omniture.com,+62 (369) 168-0162
Dori,Hazle,Cianorte,1972-03-22T20:22:50Z,Brazil,dhazle1x@tinyurl.com,+55 (399) 823-2209
Doreen,Newburn,Kaleybar,1957-04-05T00:52:20Z,Iran,dnewburn1y@eventbrite.com,+98 (417) 562-4054
Georgy,Sheen,,,,gsheen1z@epa.gov,
Junie,Lusk,Santa Cruz do Capibaribe,1966-07-13T08:47:10Z,Brazil,jlusk20@edublogs.org,+55 (288) 215-3091
Adaline,Brecknock,Roliça,1982-04-17T17:44:53Z,Portugal,abrecknock21@ehow.com,+351 (539) 567-8253
Byrle,Pelfer,Shuanghe,1968-04-08T21:39:23Z,China,bpelfer22@delicious.com,+86 (468) 221-4656
Juliette,Raspel,El Guapinol,1981-05-15T18:28:47Z,Honduras,jraspel23@slate.com,+504 (995) 884-4100
Nollie,Judd,Amucao,1963-11-01T02:37:11Z,Philippines,,+63 (515) 270-2717
Rori,McGinnell,Belyayevka,1967-03-09T02:38:56Z,Russia,rmcginnell25@smh.com.au,+7 (456) 953-4866
Hayes,Duran,Jieduo,1958-01-25T19:39:10Z,China,hduran26@blog.com,+86 (766) 744-8062
Zilvia,Layhe,Embalse,1992-02-27T13:16:21Z,Argentina,zlayhe27@people.com.cn,+54 (962) 479-5496
Dallas,Woofenden,Lankaran,1952-12-28T17:23:31Z,Azerbaijan,,+994 (276) 643-0190
Horatia,Francillo,Banda Layung,1990-10-13T09:16:08Z,Indonesia,hfrancillo29@businesswire.com,+62 (513) 912-0413
Palmer,Goggen,Vanderhoof,1978-04-18T13:44:02Z,Canada,pgoggen2a@sina.com.cn,+1 (824) 738-7771
Trudie,O'Collopy,Poctol,1968-11-20T14:26:43Z,Philippines,tocollopy2b@discuz.net,+63 (770) 258-9628
Pammi,Eccles,Bambuí,1950-12-28T09:51:53Z,Brazil,peccles2c@cafepress.com,+55 (211) 964-4739
Giralda,Aland,Oras,1958-07-31T07:25:57Z,Philippines,galand2d@umich.edu,+63 (184) 481-8672
Marcelia,Goodsal,La Palma,1972-04-03T20:27:59Z,Mexico,,+52 (426) 705-9912
Waly,Tocher,Konongo,1971-02-03T14:38:16Z,Ghana,wtocher2f@addthis.com,+233 (525) 246-0719
Linzy,Gambles,Santa Elena de Uairén,1981-09-04T16:09:13Z,Venezuela,lgambles2g@msn.com,+58 (961) 519-5366
Waldon,Bednell,Gaohe,1953-02-15T14:45:10Z,China,wbednell2h@npr.org,+86 (837) 644-3681
Shepperd,Mutton,Arroyo Naranjo,1994-06-05T14:49:18Z,Cuba,smutton2i@linkedin.com,+53 (956) 739-7628
Vanya,Blumfield,,,,vblumfield2j@nature.com,
Lu,Theuss,Gardutanjak,1992-05-27T08:26:29Z,Indonesia,ltheuss2k@skype.com,+62 (121) 346-0041
Aldrich,Bramwell,Châteaurenard,1962-06-29T01:57:14Z,France,abramwell2l@weibo.com,+33 (370) 487-4480
Catharina,Stump,Shuigou,1998-07-26T06:56:07Z,China,cstump2m@skype.com,+86 (250) 910-3804
Rozalie,Nares,Fílla,1977-02-19T01:49:39Z,Greece,rnares2n@dell.com,+30 (831) 377-0355
Padgett,Carbonell,Póvoa,1978-10-09T05:36:14Z,Portugal,pcarbonell2o@opera.com,+351 (849) 782-7973
Jackquelin,Sedgeman,Xieqiao,1956-09-26T21:54:04Z,China,jsedgeman2p@geocities.jp,+86 (330) 635-5070
Dniren,De Ambrosi,Kotes,1997-09-21T21:59:16Z,Indonesia,ddeambrosi2q@google.co.jp,+62 (906) 151-7199
Annabel,Febry,Kanlagay,1978-08-21T15:13:07Z,Philippines,afebry2r@ezinearticles.com,+63 (845) 589-7522
Sarina,Deehan,Balbalan,1963-12-14T19:21:30Z,Philippines,sdeehan2s@wordpress.com,+63 (985) 667-5631
Denis,Nassau,Kōnosu,1997-07-15T03:41:56Z,Japan,dnassau2t@nba.com,+81 (195) 911-0131
Philly,Liquorish,Şanā’,1953-09-12T11:15:25Z,Yemen,pliquorish2u@netscape.com,+967 (806) 487-5765
Fern,Borthwick,Itami,1977-07-27T22:15:47Z,Japan,fborthwick2v@cnn.com,+81 (656) 988-2432
Ranique,Odgers,Guayabal de Síquima,1973-04-09T11:14:36Z,Colombia,rodgers2w@ucoz.ru,+57 (520) 379-9022
Janina,Moatt,Prado,1984-10-14T06:39:09Z,Colombia,jmoatt2x@mozilla.com,+57 (773) 100-3286
Joan,Woodvine,Pedamaran,1988-01-28T08:50:26Z,Indonesia,jwoodvine2y@liveinternet.ru,+62 (332) 221-1576
Nikolas,Gillison,Norak,1961-12-29T09:05:16Z,Tajikistan,ngillison2z@squidoo.com,+992 (803) 787-4926
Lezley,Gwinnell,Diveyevo,1989-03-02T09:40:24Z,Russia,,+7 (890) 778-1409
Zonnya,Ashlin,Nukuoro,1968-02-24T03:57:36Z,Micronesia,zashlin31@upenn.edu,+691 (691) 741-7976
Moria,Lanchbury,Chhātak,1959-09-27T08:12:55Z,Bangladesh,mlanchbury32@dmoz.org,+880 (787) 977-9520
Augustin,Campos,Sikka,1970-10-03T06:00:35Z,Indonesia,acampos33@va.gov,+62 (868) 158-0086
Gaby,Chinn,Thawat Buri,1962-09-10T09:33:20Z,Thailand,gchinn34@bing.com,+66 (347) 898-6823
Reginald,Disbrey,Montpellier,1994-03-12T23:32:43Z,France,rdisbrey35@oaic.gov.au,+33 (705) 707-9222
Morris,Ferran,Lianozovo,1993-10-17T23:55:55Z,Russia,mferran36@sohu.com,+7 (705) 526-3677
Randy,Saltsberg,Xiangying,1980-06-15T12:03:31Z,China,rsaltsberg37@intel.com,+86 (144) 598-7684
Chrissie,Spritt,Zelenokumsk,1967-03-08T12:10:39Z,Russia,cspritt38@shareasale.com,+7 (123) 978-7780
Kit,Perring,Tougan,1990-03-25T20:31:16Z,Burkina Faso,kperring39@xing.com,+226 (135) 701-6945
Frasquito,McTurley,Kemijärvi,1964-08-08T15:54:10Z,Finland,fmcturley3a@google.co.jp,+358 (818) 211-1128
Cathee,Blasdale,Yam,1954-04-12T14:10:05Z,Russia,cblasdale3b@tmall.com,+7 (545) 916-7974
Harmon,Syddie,Poroshkovo,1980-08-16T07:47:28Z,Ukraine,hsyddie3c@ask.com,+380 (934) 169-6788
Chester,Jakobssen,Castle Bruce,1951-11-21T15:34:55Z,Dominica,cjakobssen3d@ameblo.jp,+1 (486) 365-4892
Erl,Shade,Fort Worth,1965-06-09T15:23:09Z,United States,eshade3e@bloglines.com,+1 (682) 326-9011
Heywood,Squibbes,Uberaba,1965-12-26T16:22:25Z,Brazil,hsquibbes3f@sina.com.cn,+55 (738) 167-7949
Rourke,Koppens,Passal,1984-02-16T18:20:12Z,Portugal,rkoppens3g@altervista.org,+351 (320) 912-2330
Fern,Schooley,Tsementnozavodskiy,1983-11-26T10:38:04Z,Russia,fschooley3h@businessweek.com,+7 (201) 141-1298
Tye,Carde,,,,tcarde3i@t-online.de,
Netta,Frow,Krajan Sumurtawang,1995-03-30T02:29:42Z,Indonesia,,+62 (976) 854-2474
Colette,Cowope,Nubl,1998-02-23T22:03:14Z,Syria,ccowope3k@hc360.com,+963 (405) 808-6329
Diane,Chree,Sandy Bay,1972-01-05T10:31:37Z,Jamaica,dchree3l@alexa.com,+1 (248) 879-8647
Allyce,Buttfield,Changshengqiao,1962-10-07T16:27:10Z,China,abuttfield3m@gnu.org,+86 (681) 127-6784
Nelle,Henrique,Yorii,1953-07-31T03:30:52Z,Japan,nhenrique3n@addtoany.com,+81 (758) 760-2869
Ned,Leak,Ḏânan,1966-10-13T17:07:00Z,Djibouti,nleak3o@archive.org,+253 (835) 277-7616
Justen,Keast,Yabuli,1969-10-18T13:47:30Z,China,jkeast3p@yelp.com,+86 (520) 377-0033
Lazaro,Waldera,Vladislav,1976-04-18T14:20:02Z,Czech Republic,lwaldera3q@berkeley.edu,+420 (946) 823-8322
Levi,Grannell,Alto del Espino,1975-04-23T04:38:40Z,Panama,lgrannell3r@blog.com,+507 (988) 719-1165
Eugenie,Andreolli,,,,eandreolli3s@alexa.com,
Henry,Dietzler,Santa María del Real,1971-08-16T20:04:07Z,Honduras,hdietzler3t@chron.com,+504 (216) 786-5494
Sydelle,Ralph,Cisadap,1978-11-23T20:07:17Z,Indonesia,sralph3u@shop-pro.jp,+62 (151) 503-4597
Sunshine,Drugan,Baima,1967-04-25T13:50:38Z,China,sdrugan3v@amazon.co.uk,+86 (517) 257-7533
Pammi,Bertram,Goiatuba,1959-04-21T15:11:57Z,Brazil,pbertram3w@dyndns.org,+55 (185) 806-6367
Atalanta,Mil,Wakduwa’ Barat,1969-05-14T05:37:56Z,Indonesia,amil3x@army.mil,+62 (708) 503-3071
Josefina,Kyteley,Swords,1980-01-10T08:55:42Z,Ireland,jkyteley3y@tripod.com,+353 (558) 424-8912
Corenda,Drowsfield,Pangu,1963-11-21T15:05:25Z,China,cdrowsfield3z@msn.com,+86 (302) 731-4101
Sayers,Mitchley,Poponcol,1961-12-18T03:50:51Z,Indonesia,smitchley40@creativecommons.org,+62 (161) 831-7401
Kacie,Wendover,Dadianzi,1996-01-17T02:08:38Z,China,kwendover41@mozilla.com,+86 (766) 176-9911
Effie,Celez,Kondrovo,1979-10-14T20:12:31Z,Russia,ecelez42@trellian.com,+7 (909) 110-1941
Genia,Dilley,Port Maria,1951-07-28T04:56:41Z,Jamaica,gdilley43@themeforest.net,+1 (308) 558-9435
Avril,Le Fleming,La Loma,1983-12-25T20:30:47Z,Mexico,alefleming44@ustream.tv,+52 (113) 643-4873
Ali,Barnewelle,Az Zulfi,1979-11-23T03:24:37Z,Saudi Arabia,abarnewelle45@theglobeandmail.com,+966 (117) 551-2771
Vasili,Leaburn,Krasnyy Oktyabr’,1979-09-27T12:19:36Z,Russia,vleaburn46@blogs.com,+7 (968) 627-8311
Werner,Toxell,,,,wtoxell47@pinterest.com,
Nikolai,Studholme,Beiquan,1962-03-08T21:53:17Z,China,nstudholme48@skype.com,+86 (516) 138-1512
Gunther,Grzesiewicz,Vrangel’,1954-10-29T20:25:10Z,Russia,ggrzesiewicz49@ifeng.com,+7 (918) 121-2858
Karel,Swindells,,,,kswindells4a@cocolog-nifty.com,
Mariann,Kerley,Canchayllo,1982-10-29T16:03:59Z,Peru,mkerley4b@cargocollective.com,+51 (628) 746-5769
Pierette,Radborn,Kokubu-matsuki,1993-08-02T11:58:12Z,Japan,pradborn4c@multiply.com,+81 (192) 337-7627
Erl,Kennady,,,,ekennady4d@webs.com,
Blakelee,Yakob,Tanjungampalu,1977-08-07T20:56:42Z,Indonesia,,+62 (589) 998-0820
Yancy,Canto,Kouqian,1952-05-05T22:38:07Z,China,ycanto4f@1und1.de,+86 (351) 875-5715
Neille,Siviour,Boca de Uchire,1971-02-02T03:18:49Z,Venezuela,nsiviour4g@cnet.com,+58 (603) 849-2120
Alta,Cleife,Santyoku,1979-11-18T00:23:17Z,South Korea,acleife4h@psu.edu,+82 (908) 537-2761
Geoffry,Repp,Darungan,1986-11-11T00:44:43Z,Indonesia,grepp4i@jugem.jp,+62 (596) 159-2721
Sabrina,Connealy,Nggalak,1983-05-08T22:55:53Z,Indonesia,sconnealy4j@nasa.gov,+62 (568) 138-2017
Donn,Baggett,Konotop,1985-12-09T19:17:46Z,Ukraine,,+380 (305) 472-1598
Lydon,Whitfeld,Luntai,1992-03-18T06:08:37Z,China,lwhitfeld4l@ehow.com,+86 (742) 426-7467
Kaycee,Ketton,Dřevohostice,1972-06-18T14:46:30Z,Czech Republic,kketton4m@sciencedirect.com,+420 (813) 796-8293
Ursa,Beasleigh,Palaiochóri,1960-12-28T12:40:44Z,Greece,ubeasleigh4n@army.mil,+30 (513) 737-4275
Harmonia,Pavett,Añelo,1993-03-06T21:38:25Z,Argentina,hpavett4o@redcross.org,+54 (879) 515-7439
Fairleigh,Moller,Filipstad,1950-05-15T18:57:04Z,Sweden,,+46 (846) 588-6880
Thebault,Costall,Bronnitsy,1974-06-29T05:03:57Z,Russia,tcostall4q@omniture.com,+7 (983) 532-8469
Ariella,Kordovani,Zaytā,1975-12-07T06:58:09Z,Palestinian Territory,akordovani4r@nydailynews.com,+970 (954) 271-0035
Vasily,McNalley,Porto-Novo,1980-08-16T17:40:59Z,Benin,vmcnalley4s@behance.net,+229 (942) 746-7038
Hatti,Poyser,Sainte-Adèle,1985-05-01T16:05:25Z,Canada,hpoyser4t@usa.gov,+1 (440) 219-4122
Dale,Knappett,Bayan Hure,1991-06-19T06:44:30Z,China,,+86 (549) 352-4525
Kailey,Chewter,Beidaihehaibin,1998-08-16T15:57:54Z,China,kchewter4v@google.pl,+86 (559) 859-7182
Consuelo,Deyes,Trunovskoye,1982-06-05T13:56:19Z,Russia,cdeyes4w@uol.com.br,+7 (920) 884-1593
Leoline,Froment,Kilju,1990-08-02T04:13:14Z,North Korea,lfroment4x@123-reg.co.uk,+850 (949) 228-9043
Bearnard,Trewhela,Krasnorechenskiy,1984-09-01T18:29:24Z,Russia,btrewhela4y@rediff.com,+7 (964) 324-3926
Mariska,Tumelty,Coyaima,1957-09-21T08:32:29Z,Colombia,mtumelty4z@skyrock.com,+57 (798) 316-0921
Sheryl,Havvock,Fushan,1989-01-10T15:38:42Z,China,shavvock50@oakley.com,+86 (636) 520-9876
Modestia,Lamputt,Guofu,1991-02-01T21:57:29Z,China,mlamputt51@seesaa.net,+86 (886) 644-2775
Ambrosi,McMeekin,Santiago Nonualco,1963-10-31T03:01:18Z,El Salvador,amcmeekin52@epa.gov,+503 (380) 667-5160
Mella,Coonihan,Besuk Selatan,1998-01-20T00:31:51Z,Indonesia,,+62 (568) 210-2759
Dynah,Cullrford,Hexi,1996-07-24T08:36:45Z,China,,+86 (447) 999-8691
Kristal,Killgus,Lý Sơn,1977-05-12T05:39:42Z,Vietnam,,+84 (628) 274-9605
Noreen,Garvin,Bārah,1980-07-20T15:42:37Z,Sudan,ngarvin56@liveinternet.ru,+249 (769) 326-8101
Charley,Ewart,Aramecina,1975-07-21T18:53:46Z,Honduras,cewart57@google.com.hk,+504 (918) 290-6622
Raff,Thurber,Divjakë,1983-05-10T02:53:22Z,Albania,rthurber58@ftc.gov,+355 (937) 523-0721
Ingemar,Darrington,Izumi,1986-11-17T14:59:38Z,Japan,idarrington59@dmoz.org,+81 (182) 982-1617
Perkin,Hick,Krajan Atas Suger Lor,1992-06-07T08:45:42Z,Indonesia,phick5a@hexun.com,+62 (574) 314-7040
Aylmar,Maciocia,Yuzhou,1964-01-29T23:43:21Z,China,amaciocia5b@time.com,+86 (559) 875-2428
Benson,Hassent,Cimuncang,1976-12-08T04:48:34Z,Indonesia,bhassent5c@cafepress.com,+62 (392) 583-4154
Dee,Yearns,Viligili,1970-08-26T12:46:23Z,Maldives,dyearns5d@virginia.edu,+960 (282) 360-4945
Demetris,Coplestone,Oemollo,1970-09-28T03:19:34Z,Indonesia,dcoplestone5e@123-reg.co.uk,+62 (287) 760-8027
Kiel,Wyldbore,Sindangjawa,1976-07-20T16:52:41Z,Indonesia,kwyldbore5f@yellowpages.com,+62 (863) 604-3272
Thoma,Kitchingman,Ovalle,1991-08-21T13:40:00Z,Chile,tkitchingman5g@uol.com.br,+56 (723) 594-6207
Jared,Goldsack,,,,jgoldsack5h@theatlantic.com,
Desmond,Barbie,,,,dbarbie5i@phpbb.com,
Kristofor,Souness,Abhar,1992-08-29T08:13:06Z,Iran,ksouness5j@discuz.net,+98 (896) 141-7556
Farra,Oselton,Yueshan,1953-12-25T19:26:54Z,China,foselton5k@mapy.cz,+86 (799) 503-5412
Darcie,Sibbs,Boden,1951-05-01T01:13:03Z,Sweden,dsibbs5l@printfriendly.com,+46 (348) 812-5114
Stavros,Ragdale,Guangpu,1972-10-30T04:01:26Z,China,sragdale5m@tripod.com,+86 (262) 448-6242
Clari,Virgoe,Sujitan,1960-12-29T12:00:19Z,China,,+86 (789) 468-5858
Kaiser,Cuttell,Storvik,1996-11-20T06:03:29Z,Sweden,kcuttell5o@unc.edu,+46 (229) 500-8916
Jaquith,Gregoratti,Biliri,1994-04-10T18:43:29Z,Nigeria,jgregoratti5p@phoca.cz,+234 (618) 249-9112
Jania,Mounter,Zhendeqiao,1997-04-29T22:50:49Z,China,jmounter5q@hibu.com,+86 (449) 556-3690
Kameko,Monument,Kombësi,1956-08-10T02:06:47Z,Albania,kmonument5r@accuweather.com,+355 (937) 398-0839
Willamina,Piatkowski,Rikitea,1999-04-03T08:01:56Z,French Polynesia,wpiatkowski5s@cnet.com,+689 (221) 705-1494
Minette,Chestney,Banraeaba Village,1989-04-25T04:03:01Z,Kiribati,,+686 (543) 551-4344
Waite,Skain,Panao,1959-02-13T05:28:20Z,Peru,wskain5u@reuters.com,+51 (662) 894-1733
Em,Greaves,Now Zād,1951-10-25T19:58:03Z,Afghanistan,egreaves5v@irs.gov,+93 (163) 727-0642
Sonni,Heaps,Budapest,1982-10-06T03:20:52Z,Hungary,sheaps5w@noaa.gov,+36 (203) 388-5805
Terza,Livingston,Barrosas,1955-03-28T19:47:15Z,Portugal,tlivingston5x@jiathis.com,+351 (783) 130-1080
Star,Cundy,Štěchovice,1979-12-27T05:44:01Z,Czech Republic,scundy5y@google.nl,+420 (472) 103-2044
Laney,Berrow,Parigi,1984-05-22T06:45:52Z,Indonesia,,+62 (188) 740-2371
Brod,Thorne,,,,bthorne60@sphinn.com,
Collie,Greenhouse,Hamburg,1987-06-26T04:25:37Z,Germany,cgreenhouse61@mapy.cz,+49 (331) 485-8659
Maryrose,Jerke,Montauban,1966-03-22T17:35:37Z,France,mjerke62@jiathis.com,+33 (169) 230-4676
Osmond,O'Sullivan,Canela,1997-04-05T09:46:50Z,Brazil,oosullivan63@walmart.com,+55 (405) 770-9691
Mortimer,Stienham,Verin Artashat,1991-06-10T19:21:25Z,Armenia,mstienham64@chicagotribune.com,+374 (593) 359-6640
Stace,Downie,,,,sdownie65@phpbb.com,
Ezri,Stebbings,Stanišić,1976-03-22T10:22:58Z,Serbia,estebbings66@economist.com,+381 (518) 725-7231
Marla,Pratton,Zevgolateió,1965-06-26T08:21:01Z,Greece,mpratton67@dot.gov,+30 (828) 420-8280
Kennett,Davydoch,,,,kdavydoch68@weather.com,
Tobe,Keelan,Hebi,1983-04-23T14:11:36Z,China,tkeelan69@themeforest.net,+86 (197) 328-1822
Juana,Morales,Gebre Guracha,1972-12-23T21:49:49Z,Ethiopia,jmorales6a@alibaba.com,+251 (187) 324-7912
Adamo,Putton,Shisandaogou,1978-09-09T12:09:20Z,China,aputton6b@eventbrite.com,+86 (883) 235-2633
Etan,Teffrey,Frederiksberg,1980-09-09T21:44:51Z,Denmark,eteffrey6c@census.gov,+45 (281) 746-7053
Lon,Sarah,Pemba,1978-06-21T16:01:14Z,Mozambique,lsarah6d@diigo.com,+258 (479) 315-4620
Juliette,Dugdale,Villa Nueva,1987-05-10T12:53:30Z,Guatemala,jdugdale6e@mapquest.com,+502 (866) 809-3514
Stearn,Lamperti,Nasilava,1986-02-10T20:02:16Z,Belarus,slamperti6f@1688.com,+375 (255) 705-5904
Earle,Cosely,Zandak,1994-06-18T10:10:30Z,Russia,ecosely6g@php.net,+7 (217) 474-5040
Addy,Slocombe,Baima,1961-12-04T01:24:08Z,China,aslocombe6h@tinyurl.com,+86 (291) 673-0499
Olva,Beceril,Luocheng,1996-07-17T05:26:58Z,China,,+86 (578) 733-5569
Winthrop,Kenzie,Masty,1997-04-28T08:51:11Z,Belarus,wkenzie6j@last.fm,+375 (595) 506-5313
Deonne,Romans,Ōi,1971-08-14T09:22:53Z,Japan,dromans6k@thetimes.co.uk,+81 (958) 381-1228
Layton,Mansel,Tangnanzhen,1973-09-08T01:41:01Z,China,lmansel6l@lycos.com,+86 (327) 265-4464
Thatcher,McGillacoell,Padova,1973-08-04T14:03:22Z,Italy,tmcgillacoell6m@mozilla.com,+39 (259) 143-7534
Jermaine,Gainsboro,Bromont,1963-06-13T16:21:41Z,Canada,jgainsboro6n@booking.com,+1 (334) 260-6818
Felix,Ascrofte,Stockholm,1985-11-04T06:09:53Z,Sweden,,+46 (746) 592-6589
Cheryl,Peakman,Ilebo,1972-07-23T21:46:29Z,Democratic Republic of the Congo,cpeakman6p@nba.com,+242 (753) 125-7376
Willamina,McCowan,Glushkovo,1992-02-01T06:03:07Z,Russia,wmccowan6q@rediff.com,+7 (806) 462-9759
Auria,Larmour,Kakegawa,1956-06-01T15:07:08Z,Japan,alarmour6r@xinhuanet.com,+81 (230) 475-1907
Shara,Klaassens,Juzhen,1990-06-28T06:01:44Z,China,sklaassens6s@springer.com,+86 (174) 939-3176
Ludovika,Wrey,Viseu,1989-02-22T22:09:33Z,Brazil,,+55 (989) 835-9223
Maurits,Gennrich,Beishan,1994-04-05T03:34:57Z,China,mgennrich6u@toplist.cz,+86 (956) 401-4768
Orelie,Cockram,Jiekeng,1988-06-22T04:35:25Z,China,ocockram6v@imgur.com,+86 (331) 389-7617
Constantine,Raywood,Duisburg,1962-08-19T01:59:43Z,Germany,craywood6w@adobe.com,+49 (460) 881-3804
Ada,Mansford,Sinegor'ye,1970-07-14T17:54:27Z,Russia,amansford6x@csmonitor.com,+7 (995) 957-9393
Brock,D'Alwis,A’ershan,1976-06-25T17:34:25Z,China,bdalwis6y@yelp.com,+86 (681) 144-0869
Megen,Harnell,Sainte-Anne-des-Plaines,1996-02-02T16:10:44Z,Canada,mharnell6z@hp.com,+1 (841) 685-8453
Jeanna,Snarie,Camanducaia,1965-08-12T14:27:13Z,Brazil,jsnarie70@digg.com,+55 (482) 111-1861
Ondrea,Lorentz,Peishe,1975-11-18T01:07:04Z,China,olorentz71@va.gov,+86 (562) 821-5774
Camile,O'Dennehy,Zamarski,1962-04-12T20:49:01Z,Poland,codennehy72@telegraph.co.uk,+48 (603) 759-9741
Glen,Millard,Wenbi,1997-10-02T16:01:28Z,China,gmillard73@chicagotribune.com,+86 (761) 450-6326
Tildie,Sheer,Xishui,1981-09-17T15:08:41Z,China,tsheer74@domainmarket.com,+86 (846) 330-8086
Jada,Kwiek,Horodok,1982-03-25T23:38:18Z,Ukraine,jkwiek75@youku.com,+380 (951) 134-0720
Elissa,Sandbach,Staronizhestebliyevskaya,1952-07-07T13:59:16Z,Russia,esandbach76@edublogs.org,+7 (153) 647-1476
Patsy,Gilkison,Sesheke,1977-10-10T13:08:53Z,Zambia,pgilkison77@time.com,+260 (201) 433-6569
Emlynne,Tapin,Gonayiv,1988-10-26T20:52:12Z,Haiti,etapin78@shareasale.com,+509 (935) 822-7675
Stephanie,Daughton,Na Thawi,1976-12-10T15:28:48Z,Thailand,sdaughton79@multiply.com,+66 (860) 435-7852
Indira,Calafate,Marietta,1979-02-10T04:59:18Z,United States,icalafate7a@census.gov,+1 (770) 688-6681
Alric,Povele,Figueiras,1971-08-16T09:47:37Z,Portugal,apovele7b@go.com,+351 (322) 400-6635
Petrina,Harle,Austin,1978-07-09T16:57:56Z,United States,pharle7c@irs.gov,+1 (512) 221-5914
Lydie,Shillington,Petrovsk,1969-02-28T02:36:07Z,Russia,,+7 (827) 277-6009
Korry,Sydry,Kapsan-ŭp,1965-07-11T04:36:13Z,North Korea,,+850 (513) 347-4280
Margalo,Lownds,Phra Phutthabat,1966-11-04T22:11:33Z,Thailand,mlownds7f@rakuten.co.jp,+66 (492) 630-5485
Charmion,Blade,Panitan,1956-02-09T18:47:22Z,Philippines,cblade7g@istockphoto.com,+63 (531) 973-3023
Halsy,McElmurray,Xia Zanggor,1998-06-24T20:43:57Z,China,hmcelmurray7h@goo.ne.jp,+86 (612) 314-2957
Hartley,Pechacek,Mauponggo,1975-12-19T02:41:04Z,Indonesia,hpechacek7i@harvard.edu,+62 (868) 885-2078
Mikel,Garnett,Megalochórion,1954-02-23T10:47:39Z,Greece,mgarnett7j@oaic.gov.au,+30 (824) 213-0530
Pierrette,Lello,Lingdong,1983-03-12T01:38:03Z,China,plello7k@nifty.com,+86 (606) 247-9314
Georgeanne,McHenry,Nakhon Ratchasima,1964-03-23T16:52:27Z,Thailand,gmchenry7l@lulu.com,+66 (264) 471-9547
Demetria,Turbat,Umeå,1958-07-06T11:09:19Z,Sweden,dturbat7m@github.com,+46 (383) 384-4771
Adina,McLese,Pantijan No 2,1976-04-07T08:37:09Z,Philippines,amclese7n@redcross.org,+63 (137) 669-3983
Melva,Phipard-Shears,Sanli,1980-03-29T02:23:15Z,China,mphipardshears7o@usatoday.com,+86 (614) 754-4540
Basilio,Rapo,Maanĭt,1976-10-08T01:29:38Z,Mongolia,brapo7p@mit.edu,+976 (186) 740-0275
Kippie,Hallt,Washington,1984-08-02T17:14:45Z,United States,khallt7q@sakura.ne.jp,+1 (202) 841-3977
Marcelo,Jest,Dumalneg,1970-10-05T17:19:44Z,Philippines,mjest7r@gov.uk,+63 (364) 694-4936
Eugene,Ellif,Vila Nova,1978-10-03T04:30:18Z,Portugal,eellif7s@wikispaces.com,+351 (551) 446-9407
Maje,MacKall,Carvalho,1960-09-20T01:35:43Z,Portugal,mmackall7t@netscape.com,+351 (249) 939-0947
Martainn,Eymer,Guangyi,1976-05-14T23:21:30Z,China,meymer7u@senate.gov,+86 (175) 304-5964
Devland,Rahlof,Leśna Podlaska,1981-12-08T01:59:01Z,Poland,drahlof7v@si.edu,+48 (749) 626-9986
Nickolai,Tooze,Jiazhi,1994-06-16T15:32:32Z,China,,+86 (741) 961-8076
Wilek,Babinski,Enschede,1994-07-24T04:36:42Z,Netherlands,wbabinski7x@deviantart.com,+31 (990) 877-8994
Geoffrey,Ferne,Almafuerte,1981-01-27T18:39:46Z,Argentina,,+54 (242) 466-3100
Whitney,Gilluley,Berëzovka,1954-07-29T16:14:17Z,Russia,wgilluley7z@sitemeter.com,+7 (879) 576-4440
Hobart,Shepherdson,Mvomero,1984-08-01T07:27:53Z,Tanzania,hshepherdson80@ask.com,+255 (212) 581-8337
Willyt,Ackroyd,Tangwei,1982-06-23T22:43:45Z,China,wackroyd81@globo.com,+86 (280) 472-4654
Gabby,Crapper,Taraš,1983-08-02T19:16:02Z,Serbia,gcrapper82@sourceforge.net,+381 (722) 608-0557
Renard,Parmer,Bemposta,1986-01-09T10:15:30Z,Portugal,rparmer83@t.co,+351 (502) 871-1716
Camala,Kerton,Banjar Kampungbugis,1981-04-09T17:01:26Z,Indonesia,ckerton84@freewebs.com,+62 (571) 606-9088
Nahum,Gadsby,Drezdenko,1975-09-18T09:37:46Z,Poland,ngadsby85@about.me,+48 (240) 782-6325
Chauncey,Dumberrill,Hŭngnam,1972-01-02T09:19:59Z,North Korea,cdumberrill86@wikimedia.org,+850 (433) 358-7200
Consalve,Fisbburne,Bayt al ‘Awābī,1991-11-22T05:17:00Z,Oman,cfisbburne87@bloglines.com,+968 (233) 878-6718
Midge,Bernadzki,Hede,1999-02-22T00:03:48Z,China,mbernadzki88@tamu.edu,+86 (560) 389-2652
D'arcy,Stoneley,Urasqui,1991-06-23T00:37:34Z,Peru,dstoneley89@discovery.com,+51 (551) 916-0210
Murvyn,Caghan,Thị Trấn Thọ Xuân,1985-07-28T20:16:09Z,Vietnam,mcaghan8a@theatlantic.com,+84 (289) 419-4220
Eveleen,Whitcomb,Glamang,1978-05-09T10:25:05Z,Philippines,ewhitcomb8b@amazon.co.jp,+63 (978) 305-7964
Amber,Bohan,Smolenka,1961-01-26T20:30:32Z,Russia,,+7 (234) 855-8452
Molly,Garrettson,Třemošnice,1962-01-16T00:52:54Z,Czech Republic,mgarrettson8d@over-blog.com,+420 (872) 133-6516
Diahann,Lidgard,Uppsala,1994-06-30T17:15:04Z,Sweden,dlidgard8e@house.gov,+46 (549) 653-6169
Winn,Cozzi,Shenkou,1961-02-18T04:10:18Z,China,,+86 (686) 908-9572
Markos,Holtaway,Huangmei,1968-01-02T12:57:31Z,China,,+86 (803) 568-0210
Clerkclaude,Wardlaw,Seremban,1967-04-20T02:28:11Z,Malaysia,cwardlaw8h@amazonaws.com,+60 (603) 265-5335
Vere,Guidi,Jiangyan,1951-05-26T23:25:41Z,China,,+86 (205) 584-1252
Lukas,Lanyon,Örebro,1958-05-15T19:18:44Z,Sweden,llanyon8j@prnewswire.com,+46 (169) 901-8749
Ealasaid,Faithfull,Napu,1986-03-15T14:02:37Z,Indonesia,efaithfull8k@ucoz.ru,+62 (778) 470-9986
Isabeau,Cheyenne,Māmu Kānjan,1997-02-16T02:51:30Z,Pakistan,icheyenne8l@intel.com,+92 (513) 584-0371
Jorgan,Thewys,,,,jthewys8m@diigo.com,
Hurlee,Farlambe,Stírion,1976-05-20T20:23:16Z,Greece,hfarlambe8n@topsy.com,+30 (857) 792-3547
Jere,McVey,Huangmao,1998-09-20T13:29:50Z,China,jmcvey8o@booking.com,+86 (434) 269-5513
Brietta,Ronan,Buzhakan,1998-01-14T21:11:25Z,Armenia,bronan8p@china.com.cn,+374 (473) 248-3363
Jacky,Jelk,Palopo,1959-10-09T04:25:47Z,Indonesia,jjelk8q@npr.org,+62 (144) 685-8126
Simone,Chiese,Pyatigorsk,1962-03-03T15:08:01Z,Russia,schiese8r@ameblo.jp,+7 (941) 879-6107
Noelyn,Grishukov,Zanjān,1958-03-10T18:22:40Z,Iran,ngrishukov8s@biglobe.ne.jp,+98 (364) 654-6024
Trudy,Rosbrough,,,,trosbrough8t@reuters.com,
Murry,Petegree,Badīn,1953-06-14T07:17:02Z,Pakistan,mpetegree8u@networksolutions.com,+92 (399) 919-5709
Jackelyn,Taaffe,Foz Giraldo,1994-04-06T21:41:28Z,Portugal,jtaaffe8v@shutterfly.com,+351 (541) 487-9314
Mariel,McPhelimy,Carrefour,1998-11-28T21:50:00Z,Haiti,mmcphelimy8w@bigcartel.com,+509 (383) 796-5222
Andromache,De Mitri,Pinggang,1969-12-19T05:28:33Z,China,ademitri8x@prweb.com,+86 (245) 451-0097
Eirena,Lawden,Lucerna,1986-12-03T13:22:19Z,Honduras,,+504 (229) 700-7437
Burnard,Hassall,Vitrolles,1964-06-26T04:13:52Z,France,bhassall8z@a8.net,+33 (154) 286-2985
Annette,DelaField,George Town,1968-04-17T16:38:25Z,Bahamas,,+1 (643) 599-5101
Therese,Tomasino,Senglea,1985-06-01T08:25:22Z,Malta,ttomasino91@domainmarket.com,+356 (499) 938-0937
Duffy,Shervington,Khoroshëvo-Mnevniki,1966-08-30T14:17:44Z,Russia,,+7 (581) 985-2879
Jesse,Richly,Saltsjöbaden,1963-05-07T02:46:23Z,Sweden,jrichly93@hc360.com,+46 (409) 144-4841
Bernelle,Cottam,Enköping,1951-07-24T08:44:20Z,Sweden,bcottam94@boston.com,+46 (379) 326-1084
Rica,Goaley,Benito Juarez,1967-01-16T00:48:44Z,Mexico,rgoaley95@bloglovin.com,+52 (665) 376-7354
Bryana,Willbourne,Naurskaya,1966-11-08T09:17:04Z,Russia,,+7 (763) 547-2854
Consuela,Renehan,Kadurahayu,1971-10-02T08:43:20Z,Indonesia,,+62 (576) 534-8516
Kariotta,Eglaise,Wuli,1969-03-29T21:12:12Z,China,keglaise98@fema.gov,+86 (842) 230-5031
Levi,Harker,Huancheng,1974-11-01T03:55:01Z,China,lharker99@hatena.ne.jp,+86 (993) 794-5845
Jorry,Burdis,Damawato,1969-12-10T20:14:41Z,Philippines,,+63 (667) 801-6693
Gamaliel,Mingame,Peza e Madhe,1986-06-01T10:01:00Z,Albania,,+355 (444) 467-8693
Carolus,Pashen,Vyshneye Dolgoye,1953-01-15T00:31:39Z,Russia,cpashen9c@usatoday.com,+7 (508) 559-9714
Tierney,Djorvic,Burujul,1994-07-13T03:07:38Z,Indonesia,tdjorvic9d@cam.ac.uk,+62 (604) 552-1494
Clarette,Obern,Shevchenkove,1989-04-01T19:12:14Z,Ukraine,cobern9e@angelfire.com,+380 (179) 252-7699
Laurel,Gibbens,Binjiang,1981-06-11T05:16:56Z,China,lgibbens9f@usgs.gov,+86 (587) 161-8940
Esther,Pargent,Anan,1969-09-06T09:45:04Z,Japan,epargent9g@eventbrite.com,+81 (916) 263-6861
Amalea,Defew,Iracemápolis,1958-02-11T18:00:48Z,Brazil,,+55 (129) 816-3363
Teddie,Kohrs,Daluo,1980-07-21T06:59:20Z,China,,+86 (865) 450-2629
Stewart,Gietz,Wakkanai,1952-04-24T08:16:10Z,Japan,sgietz9j@mit.edu,+81 (575) 489-1342
Legra,Howe,Amuntai,1975-09-17T21:43:05Z,Indonesia,lhowe9k@angelfire.com,+62 (992) 378-4238
Tiebold,Poinsett,,,,tpoinsett9l@moonfruit.com,
Robinia,Hargreave,Jiaxing,1997-05-07T22:36:29Z,China,rhargreave9m@ox.ac.uk,+86 (150) 967-9112
Gillan,Dutt,Gao,1952-02-04T19:55:20Z,Mali,gdutt9n@plala.or.jp,+223 (285) 854-8107
Babbie,Craigheid,Vasyshcheve,1952-03-18T13:54:06Z,Ukraine,bcraigheid9o@tumblr.com,+380 (364) 881-6756
Ervin,McKevitt,Ādaži,1989-03-11T06:51:20Z,Latvia,emckevitt9p@e-recht24.de,+371 (775) 571-2756
Cthrine,Rase,Renshan,1976-11-15T06:56:19Z,China,crase9q@newsvine.com,+86 (845) 622-4755
Candi,Seydlitz,Al Mughayyir,1994-01-13T14:17:30Z,Palestinian Territory,cseydlitz9r@dion.ne.jp,+970 (729) 131-5460
Muffin,Blinkhorn,Kaminoyama,1958-11-02T05:42:25Z,Japan,mblinkhorn9s@blogs.com,+81 (665) 285-9399
Vite,Sparhawk,Aurora,1952-04-06T03:11:34Z,Philippines,vsparhawk9t@newsvine.com,+63 (378) 283-4677
Sauncho,Hurd,Wodzisław Śląski,1951-10-12T17:28:50Z,Poland,shurd9u@cdc.gov,+48 (480) 899-3817
Geri,Boyford,Cruz de los Milagros,1953-11-03T21:03:27Z,Argentina,,+54 (334) 343-4208
Franny,Fessier,Tseel,1956-05-26T17:15:47Z,Mongolia,ffessier9w@youtu.be,+976 (739) 214-0027
Jaime,Pietrowski,Rikitgaib,1999-04-08T19:47:56Z,Indonesia,jpietrowski9x@dmoz.org,+62 (735) 855-6933
Ky,McEvilly,Hagi,1984-10-26T03:32:11Z,Japan,kmcevilly9y@sciencedirect.com,+81 (461) 251-8901
Vonny,Ottey,Katrineholm,1994-10-07T16:04:49Z,Sweden,vottey9z@walmart.com,+46 (375) 421-9961
Annabell,Brandolini,General Elizardo Aquino,1974-04-17T18:36:13Z,Paraguay,abrandolinia0@exblog.jp,+595 (570) 100-4577
Sib,Brydell,,,,sbrydella1@photobucket.com,
Dominga,Skacel,Grenoble,1968-02-24T08:35:55Z,France,,+33 (975) 868-0065
Giffy,McMillan,Trebisht-Muçinë,1996-10-18T04:37:17Z,Albania,gmcmillana3@google.de,+355 (430) 454-9604
Dorey,Beautyman,Xiaoqi,1974-02-19T08:06:15Z,China,dbeautymana4@multiply.com,+86 (768) 738-4823
Alex,Tirkin,Kuvshinovo,1967-08-18T11:02:48Z,Russia,atirkina5@tripod.com,+7 (764) 373-0004
Ravid,Hampson,Phu Khiao,1991-11-20T08:45:31Z,Thailand,,+66 (100) 849-6651
Kendre,Verdon,Canedo,1964-12-20T11:44:57Z,Portugal,kverdona7@omniture.com,+351 (652) 821-4137
Brose,Standidge,Sukamaju,1991-12-25T23:38:19Z,Indonesia,bstandidgea8@pinterest.com,+62 (531) 307-5442
Joellen,McCaskill,Qinglian,1969-02-13T07:01:35Z,China,jmccaskilla9@miitbeian.gov.cn,+86 (311) 535-0077
Rourke,Gibby,Valle de Guanape,1973-04-08T17:55:37Z,Venezuela,,+58 (517) 815-0184
Maribeth,Schruur,Simuay,1988-11-15T13:27:15Z,Philippines,mschruurab@sphinn.com,+63 (707) 199-7303
Davida,Gepson,,,,,
Spense,Greenmon,Sóc Sơn,1989-01-18T09:02:18Z,Vietnam,sgreenmonad@china.com.cn,+84 (785) 292-4563
Giustina,Fibbit,Limulunga,1999-10-19T17:53:33Z,Zambia,gfibbitae@apache.org,+260 (180) 601-9572
Blanch,Liebermann,Changyanbao,1969-07-14T02:14:26Z,China,,+86 (644) 725-0466
Jeanine,Jiroutka,Glafirovka,1956-11-24T20:08:20Z,Russia,jjiroutkaag@t.co,+7 (333) 290-6642
Tull,Ruppert,Watuagung,1985-08-10T02:14:05Z,Indonesia,truppertah@home.pl,+62 (677) 103-7431
Lauraine,Pengilley,Mojogajeh,1975-02-13T23:59:20Z,Indonesia,,+62 (819) 124-6791
Blaire,Brunel,Port Saint Lucie,1979-09-19T01:36:57Z,United States,bbrunelaj@addthis.com,+1 (772) 942-8120
Federica,Sexti,,,,,
Ronny,Brackley,Saint-Maurice-l'Exil,1967-10-24T11:16:13Z,France,rbrackleyal@yellowbook.com,+33 (743) 964-8668
Parsifal,Strippel,Proboštov,1986-10-28T06:45:15Z,Czech Republic,,+420 (285) 768-2433
Elfrida,Rounce,Kołaczyce,1989-03-25T18:05:28Z,Poland,erouncean@simplemachines.org,+48 (162) 583-1543
Dominique,Maginot,Hongling,1957-06-17T17:58:06Z,China,dmaginotao@nyu.edu,+86 (955) 191-8090
Pippo,Purdie,Timrat,1998-11-16T03:06:10Z,Israel,ppurdieap@mac.com,+972 (562) 822-9199
Gustie,Outlaw,Jatiprahu,1975-05-26T22:45:09Z,Indonesia,goutlawaq@google.fr,+62 (480) 973-0660
Vilma,Marishenko,Chengnan,1997-04-24T00:36:35Z,China,vmarishenkoar@google.com,+86 (335) 995-8410
Phelia,Waleworke,El Galpón,1974-01-14T16:42:13Z,Argentina,,+54 (690) 222-6720
Juanita,Dymick,Cluses,1952-01-27T08:07:28Z,France,jdymickat@blog.com,+33 (555) 743-1063
Gran,Nicolls,Si Sa Ket,1972-06-23T21:23:37Z,Thailand,,+66 (955) 441-1089
Kingsley,Tennock,Baise City,1990-03-18T21:42:12Z,China,ktennockav@independent.co.uk,+86 (390) 977-6368
Dewitt,Clout,Hamhŭng,1963-12-04T23:31:25Z,North Korea,,+850 (855) 798-0387
Zackariah,Gaucher,Liuzuo,1956-07-18T22:17:18Z,China,zgaucherax@youku.com,+86 (792) 381-1612
Brandea,Growy,Mārupe,1986-12-16T01:26:03Z,Latvia,bgrowyay@vinaora.com,+371 (811) 447-4785
Rodd,Stallon,Chicago,1989-09-13T18:41:06Z,United States,rstallonaz@tinyurl.com,+1 (312) 423-0461
Halie,Agius,Żywiec,1961-03-23T22:33:52Z,Poland,hagiusb0@privacy.gov.au,+48 (190) 628-2788
Agna,Bromwich,Magomeni,1978-11-17T23:05:19Z,Tanzania,,+255 (704) 677-6693
Natalee,Mioni,Mirskoy,1995-05-15T19:08:48Z,Russia,nmionib2@topsy.com,+7 (346) 721-4719
Corri,Shelborne,Misau,1999-08-24T10:38:33Z,Nigeria,cshelborneb3@epa.gov,+234 (571) 518-6547
Archibaldo,Wane,Cañas,1987-01-22T05:27:34Z,Costa Rica,awaneb4@hc360.com,+506 (545) 657-0114
Kyle,Castro,Buka,1986-07-03T22:56:31Z,Indonesia,kcastrob5@cbslocal.com,+62 (891) 810-4703
Katti,Lippiatt,Singaraja,1976-10-25T22:43:39Z,Indonesia,klippiattb6@irs.gov,+62 (147) 865-5870
Felizio,Ellsbury,Huangtu,1967-08-20T09:56:28Z,China,fellsburyb7@senate.gov,+86 (317) 956-8970
Base,Skeat,Bålsta,1953-11-26T20:25:28Z,Sweden,bskeatb8@cdbaby.com,+46 (257) 375-5006
Humberto,Mawson,Āqchah,1951-11-07T16:07:31Z,Afghanistan,hmawsonb9@blogs.com,+93 (831) 310-2108
Nickolaus,Grills,,,,ngrillsba@webmd.com,
Zelda,O'Sheeryne,Suvorovskaya,1979-08-23T07:11:11Z,Russia,zosheerynebb@sciencedaily.com,+7 (732) 639-7159
Simonette,Kalewe,Al Mawşil al Jadīdah,1966-07-16T23:46:54Z,Iraq,skalewebc@51.la,+964 (931) 907-0047
Brigitte,Riccardi,Dalsjöfors,1980-04-10T11:30:31Z,Sweden,briccardibd@netlog.com,+46 (374) 355-6167
Ardath,Antalffy,Baroh,1994-07-21T05:16:19Z,Indonesia,aantalffybe@deviantart.com,+62 (555) 996-7974
Hilary,Chipman,Trashigang,1993-08-12T15:20:58Z,Bhutan,hchipmanbf@opensource.org,+975 (369) 562-8550
Tait,Hundell,Mobile,1952-08-06T11:44:59Z,United States,thundellbg@xinhuanet.com,+1 (251) 923-5760
Melonie,Padbery,Cincinnati,1990-05-20T14:36:54Z,United States,mpadberybh@example.com,+1 (513) 230-3053
Ilysa,Stonnell,Cibeureum Kidul,1955-05-13T14:09:06Z,Indonesia,istonnellbi@odnoklassniki.ru,+62 (278) 649-4595
Catlin,Aldgate,Shaghat,1997-03-18T09:50:15Z,Armenia,caldgatebj@uiuc.edu,+374 (768) 714-6170
Florian,Domegan,Morbatoh,1976-03-27T11:29:31Z,Indonesia,fdomeganbk@quantcast.com,+62 (962) 564-3125
Sim,Lougheid,Colombo,1969-12-17T05:54:28Z,Brazil,slougheidbl@samsung.com,+55 (512) 884-1924
Pooh,Trinke,Logroño,1978-02-20T14:38:44Z,Spain,ptrinkebm@mlb.com,+34 (867) 797-6411
Nanci,Vint,Saint Catherine,1996-08-23T16:35:51Z,Egypt,nvintbn@slideshare.net,+20 (504) 278-0279
Antin,Morsom,Leskolovo,1954-11-07T18:25:30Z,Russia,amorsombo@shutterfly.com,+7 (493) 570-7192
Tommi,Sisse,Palhais,1963-06-03T07:28:18Z,Portugal,tsissebp@godaddy.com,+351 (626) 806-1483
Lorry,Hackinge,Pasarkayu,1970-02-11T18:16:52Z,Indonesia,lhackingebq@marriott.com,+62 (772) 452-2362
Binnie,Scothorne,Masku,1951-03-18T00:07:25Z,Finland,bscothornebr@sohu.com,+358 (918) 716-0578
Artus,Dwelly,Cotonou,1974-12-04T05:55:32Z,Benin,adwellybs@wikispaces.com,+229 (243) 966-4743
Hobie,Ellif,Kertayuga,1955-11-01T10:09:46Z,Indonesia,hellifbt@mayoclinic.com,+62 (229) 485-3577
Ingaberg,Mirrlees,Tajinan,1980-10-27T03:54:52Z,Indonesia,,+62 (121) 765-9272
Hugibert,Soda,Mosty,1975-03-24T05:04:26Z,Poland,hsodabv@loc.gov,+48 (121) 677-2875
Alvin,De Blase,Xibing,1972-08-04T04:29:03Z,China,adeblasebw@free.fr,+86 (417) 299-4405
Jarred,Skade,Salcedo,1992-12-06T21:17:12Z,Philippines,jskadebx@yahoo.co.jp,+63 (353) 212-2805
Margaretta,Bech,Leninsk,1986-04-13T15:24:28Z,Russia,mbechby@cnbc.com,+7 (453) 106-9085
Brock,Meneyer,Niechanowo,1994-09-23T17:11:20Z,Poland,bmeneyerbz@nba.com,+48 (972) 246-2315
Keslie,Pealing,Bílovec,1963-02-12T17:54:13Z,Czech Republic,,+420 (340) 883-8610
Jacquette,Gretton,Fika,1959-10-18T23:07:54Z,Nigeria,jgrettonc1@gizmodo.com,+234 (942) 953-0173
Rikki,Brahan,Ambositra,1974-07-09T08:59:39Z,Madagascar,rbrahanc2@free.fr,+261 (624) 486-1462
Idalia,Bencher,São Sebastião do Paraíso,1991-07-14T01:18:03Z,Brazil,ibencherc3@rakuten.co.jp,+55 (633) 442-1024
Benny,Pavlov,Giồng Trôm,1972-03-15T07:03:19Z,Vietnam,bpavlovc4@bravesites.com,+84 (459) 425-9261
Bernette,Riseley,Krutja e Poshtme,1982-02-21T19:16:50Z,Albania,briseleyc5@opera.com,+355 (501) 305-5968
Darrin,Borless,Chengguan,1953-03-21T10:27:55Z,China,dborlessc6@ucsd.edu,+86 (278) 922-1300
Gerhardt,Gregoretti,Ust’-Katav,1960-09-15T20:27:03Z,Russia,ggregorettic7@zimbio.com,+7 (847) 589-9098
Bryanty,Feldberg,Soritor,1991-11-03T23:35:33Z,Peru,bfeldbergc8@cargocollective.com,+51 (953) 330-6808
Karney,Gourdon,Sacramento,1981-01-18T13:19:23Z,United States,kgourdonc9@deliciousdays.com,+1 (916) 911-4943
Jessey,Kalinovich,Annapolis,1982-11-20T20:59:59Z,United States,jkalinovichca@nytimes.com,+1 (443) 689-8118
Elmer,Wigin,Lobito,1972-03-08T08:19:06Z,Angola,ewigincb@senate.gov,+244 (623) 994-3600
Magdaia,Haldin,Saint-Eustache,1977-12-09T19:07:37Z,Canada,mhaldincc@sakura.ne.jp,+1 (655) 180-4989
Cristy,Pawelski,Shadui,1989-07-18T18:44:32Z,China,,+86 (413) 983-3434
Enrika,Ondrousek,Bader,1976-12-03T09:08:03Z,Indonesia,,+62 (875) 345-5260
Trisha,Bowdrey,Obeliai,1954-01-26T06:58:45Z,Lithuania,,+370 (519) 125-2641
Fae,Dudmesh,Pensilvania,1996-02-27T15:44:48Z,Colombia,fdudmeshcg@alibaba.com,+57 (280) 438-1470
Sibbie,Wilman,Grenoble,1972-08-17T22:11:09Z,France,,+33 (859) 236-0724
Webster,Bhatia,Jianjun,1983-11-25T04:26:49Z,China,wbhatiaci@yale.edu,+86 (686) 303-0673
Tobe,Martinovic,Tamanar,1959-12-28T22:09:12Z,Morocco,tmartinoviccj@aol.com,+212 (478) 185-3250
Estell,Rustadge,Záhorovice,1957-06-10T01:26:26Z,Czech Republic,erustadgeck@gov.uk,+420 (588) 524-9903
Abdel,Janzen,Bafang,1980-05-07T01:20:54Z,Cameroon,ajanzencl@google.com.au,+237 (435) 802-1484
Aguistin,Jeans,,,,ajeanscm@microsoft.com,
Carter,Cochrane,Batasan,1990-03-20T19:42:06Z,Philippines,ccochranecn@biglobe.ne.jp,+63 (756) 176-9303
Falito,Pountain,Pamiątkowo,1956-06-03T19:43:56Z,Poland,fpountainco@gnu.org,+48 (579) 446-7996
Fraser,Haldenby,Chengbei,1967-05-02T15:35:12Z,China,fhaldenbycp@engadget.com,+86 (990) 453-4085
Jilly,Steele,Il’ichëvo,1962-04-07T13:44:20Z,Russia,jsteelecq@uiuc.edu,+7 (276) 353-3921
Blaire,Franiak,Courtaboeuf,1988-01-28T19:38:15Z,France,bfraniakcr@ning.com,+33 (244) 528-8327
Emera,McCarrell,Tamarindo,1970-09-26T06:29:50Z,Peru,emccarrellcs@paypal.com,+51 (162) 702-5333
Torr,Morican,Villach,1968-03-25T08:21:46Z,Austria,,+43 (647) 371-6735
Darrick,Fulleylove,Pozo Hondo,1997-08-31T12:55:16Z,Argentina,dfulleylovecu@time.com,+54 (660) 465-0538
Korrie,Portam,Przelewice,1976-01-28T11:54:41Z,Poland,kportamcv@technorati.com,+48 (159) 997-5350
Bobbe,Larrad,Sexmoan,1985-10-08T06:42:33Z,Philippines,blarradcw@va.gov,+63 (124) 926-0711
Lenee,Gane,Jiaxing,1965-01-05T10:47:34Z,China,lganecx@sciencedaily.com,+86 (804) 874-6907
Sharla,Rolfo,Baoping,1964-10-16T04:31:38Z,China,srolfocy@goo.ne.jp,+86 (376) 352-3292
Beverlie,Sellack,Nyurba,1967-06-04T04:49:21Z,Russia,bsellackcz@china.com.cn,+7 (995) 196-1897
Berkeley,Frantzen,,,,bfrantzend0@php.net,
Brenn,Drayn,Kerva,1970-03-18T01:29:53Z,Russia,bdraynd1@github.io,+7 (634) 557-9009
Vale,Bedbrough,Perez,1972-04-24T06:33:34Z,Philippines,,+63 (208) 366-9173
Ave,Grinnikov,Campo Alegre,1967-01-06T05:28:04Z,Brazil,,+55 (819) 124-1958
Vasilis,Littleover,Balangkayan,1955-02-27T11:13:40Z,Philippines,vlittleoverd4@mozilla.org,+63 (545) 248-7395
Melissa,Dibley,Kenzhe,1985-09-26T02:51:33Z,Russia,mdibleyd5@pinterest.com,+7 (573) 594-7341
Nikolai,Drewry,Melipilla,1996-04-30T19:31:08Z,Chile,ndrewryd6@geocities.jp,+56 (582) 341-2482
Elihu,Likely,Pogorzyce,1970-07-02T12:39:38Z,Poland,elikelyd7@amazon.co.jp,+48 (510) 170-8639
Nessa,Donaghy,Micoud,1963-02-27T02:43:44Z,Saint Lucia,ndonaghyd8@yahoo.co.jp,+1 (927) 622-7276
Silvan,Grimbleby,Ljusdal,1987-10-07T04:35:06Z,Sweden,sgrimblebyd9@unblog.fr,+46 (579) 775-1779
Leda,Bedo,Fuerte,1950-06-20T20:09:47Z,Philippines,lbedoda@odnoklassniki.ru,+63 (536) 710-5083
Kamilah,Gland,Krasnokamensk,1953-10-16T04:32:59Z,Russia,kglanddb@ucoz.ru,+7 (923) 157-4995
Atalanta,Burcombe,Ortiga,1956-08-10T00:56:50Z,Portugal,aburcombedc@163.com,+351 (402) 339-4479
Suzi,Grimolbie,Heerlen,1994-01-04T16:02:30Z,Netherlands,sgrimolbiedd@nps.gov,+31 (715) 151-8509
Carlina,Lax,Moreno,1960-11-03T05:38:36Z,Brazil,claxde@newsvine.com,+55 (782) 722-4018
Miquela,Stoker,Szydłowo,1970-03-20T01:18:38Z,Poland,mstokerdf@amazonaws.com,+48 (758) 908-2506
Judy,Quickenden,Sukatani,1980-02-12T06:44:02Z,Indonesia,jquickendendg@deliciousdays.com,+62 (448) 345-6813
Claudetta,Atyeo,Lotoshino,1995-04-18T08:54:48Z,Russia,catyeodh@senate.gov,+7 (304) 157-5012
Brandais,Elrick,Bretaña,1988-05-22T05:44:15Z,Peru,belrickdi@meetup.com,+51 (406) 321-4796
Barney,Benzie,Xiaolong,1970-01-19T18:18:35Z,China,bbenziedj@imdb.com,+86 (897) 504-2097
Tarrance,Sprake,,,,tsprakedk@sciencedaily.com,
Dael,Conws,,,,dconwsdl@washingtonpost.com,
Mahala,Emeney,Blois,1978-01-25T22:57:20Z,France,memeneydm@buzzfeed.com,+33 (732) 630-6441
Mayer,Frantz,Grabovci,1951-03-14T16:00:48Z,Croatia,,+385 (426) 143-2290
Hugues,Capon,Guaçuí,1976-08-15T14:29:30Z,Brazil,hcapondo@i2i.jp,+55 (151) 694-7667
Trixy,Vreede,Chamni,1983-12-13T22:11:43Z,Thailand,tvreededp@cnet.com,+66 (150) 575-0220
Maryanna,Lachaize,Baiyang,1997-03-24T16:15:34Z,China,mlachaizedq@ftc.gov,+86 (150) 566-5087
Way,Ledley,Guzhen,1966-06-21T11:37:56Z,China,wledleydr@jiathis.com,+86 (513) 968-6960
Reeba,Castagnone,Sagrada Familia,1994-07-27T09:20:43Z,Philippines,rcastagnoneds@diigo.com,+63 (618) 429-7034
Tanitansy,Siverns,Baliang,1979-09-04T06:11:35Z,China,,+86 (408) 358-1719
Leonelle,Wrotham,,,,lwrothamdu@state.gov,
Julienne,Couves,Morshansk,1983-03-05T21:35:15Z,Russia,jcouvesdv@home.pl,+7 (389) 600-7149
Baily,Cicchelli,Emiliano Zapata,1955-01-22T07:39:49Z,Mexico,,+52 (511) 346-9232
Catina,Plues,Sakrand,1987-09-29T14:05:31Z,Pakistan,cpluesdx@opera.com,+92 (485) 361-0959
Jehanna,Lansly,Yangxi,1987-11-21T02:07:34Z,China,jlanslydy@so-net.ne.jp,+86 (842) 662-9318
Ric,Refford,Wutun,1992-08-18T06:34:58Z,China,rrefforddz@ebay.co.uk,+86 (122) 726-3372
Karly,Gutteridge,Las Palmas,1960-03-19T23:18:50Z,Mexico,,+52 (416) 195-9083
Porty,Wrangle,Cipari,1998-02-09T20:41:40Z,Indonesia,pwranglee1@prweb.com,+62 (270) 507-5917
Abby,Collinette,Kalyny,1977-09-15T10:56:08Z,Ukraine,acollinettee2@businesswire.com,+380 (661) 899-9055
Addi,Trippett,Chatian,1950-02-23T14:28:26Z,China,atrippette3@fda.gov,+86 (272) 749-0682
Donnajean,Seagrave,Fairview,1964-07-12T02:18:45Z,Canada,dseagravee4@csmonitor.com,+1 (885) 113-5042
Virgil,Brigstock,Bulakan,1972-06-14T20:41:40Z,Indonesia,vbrigstocke5@blinklist.com,+62 (218) 367-7330
Amble,Callis,Caloue,1998-06-20T13:24:57Z,Indonesia,acallise6@weebly.com,+62 (369) 424-8298
Anet,Loche,Urung,1990-09-27T18:23:05Z,Indonesia,alochee7@ameblo.jp,+62 (721) 789-5542
Monika,Markus,Repki,1953-01-10T09:56:29Z,Poland,mmarkuse8@toplist.cz,+48 (894) 396-6823
Adrianna,Duerdin,Tamberías,1974-12-10T22:07:02Z,Argentina,aduerdine9@oakley.com,+54 (221) 195-9547
Charmion,Abrahams,Ogoja,1997-10-22T00:11:21Z,Nigeria,cabrahamsea@umn.edu,+234 (884) 985-0041
Abbie,Elegood,Sapotskin,1997-04-17T01:24:01Z,Belarus,,+375 (650) 488-9357
Marguerite,Kimbley,San Sebastián de Yalí,1987-03-26T11:47:31Z,Nicaragua,mkimbleyec@princeton.edu,+505 (248) 401-2386
Jacinta,Duigan,Mizhou,1969-04-21T01:31:50Z,China,jduiganed@businessinsider.com,+86 (730) 528-3758
Sorcha,Beszant,Machetá,1977-01-08T21:57:57Z,Colombia,sbeszantee@wisc.edu,+57 (627) 893-2274
Myca,Clist,Okayama-shi,1993-04-07T07:47:08Z,Japan,mclistef@google.com.hk,+81 (471) 797-6731
Bordy,Minchinton,,,,bminchintoneg@buzzfeed.com,
Philomena,Harbert,Kota Trieng,1969-10-23T05:29:45Z,Indonesia,,+62 (722) 845-0819
Dulcinea,Olijve,Mafinga,1999-11-12T22:46:54Z,Tanzania,dolijveei@prlog.org,+255 (229) 590-0215
Shanta,Blewett,Purwosari,1960-02-25T19:12:59Z,Indonesia,sblewettej@uol.com.br,+62 (266) 140-3775
Brittan,Lannin,Doong,1951-08-31T01:29:46Z,Philippines,blanninek@e-recht24.de,+63 (561) 200-7541
Alair,Mapledorum,Sannikovo,1973-01-13T19:05:27Z,Russia,amapledorumel@mozilla.com,+7 (203) 206-1693
Karalynn,Notley,Kwakoa,1961-08-11T18:12:46Z,Tanzania,knotleyem@drupal.org,+255 (973) 890-8860
Marina,Bailes,Öjebyn,1962-06-17T21:10:09Z,Sweden,mbailesen@gizmodo.com,+46 (447) 557-9642
Brett,Eskrigge,Borovo,1966-04-19T01:32:46Z,Bulgaria,beskriggeeo@soundcloud.com,+359 (217) 841-1069
Gill,Mowles,Qingu,1979-04-29T15:04:12Z,China,,+86 (906) 602-2448
Ford,Ogelbe,Novoalekseyevskaya,1995-11-05T05:44:18Z,Russia,fogelbeeq@storify.com,+7 (834) 412-4186
Harri,Sugarman,Xiadian,1956-10-08T03:49:16Z,China,hsugarmaner@123-reg.co.uk,+86 (830) 780-8438
Arabel,Dibson,Canelas,1989-01-03T15:39:26Z,Portugal,adibsones@naver.com,+351 (155) 132-8865
Dani,Elleton,Mohelnice,1960-02-19T21:29:15Z,Czech Republic,delletonet@hexun.com,+420 (338) 336-1093
Rudd,Leatherland,Boulogne-Billancourt,1991-12-21T13:09:14Z,France,rleatherlandeu@fda.gov,+33 (717) 237-4720
Beaufort,Grimmert,Shuangta,1970-06-06T20:37:03Z,China,bgrimmertev@xinhuanet.com,+86 (331) 586-4090
Louisa,Dalgardno,High Point,1960-12-06T13:29:17Z,United States,ldalgardnoew@google.ru,+1 (336) 970-2884
Alric,Muzzi,Adiwerna,1993-04-06T02:31:46Z,Indonesia,amuzziex@purevolume.com,+62 (822) 964-8511
Bevin,Feld,Belsh,1963-04-27T21:09:49Z,Albania,bfeldey@china.com.cn,+355 (492) 445-8880
Ortensia,Matchett,Cipeucang,1957-10-05T06:22:40Z,Indonesia,omatchettez@mail.ru,+62 (538) 406-7913
Frederique,Marsden,Khueang Nai,1965-12-14T06:17:27Z,Thailand,fmarsdenf0@ibm.com,+66 (231) 626-5008
Wilmette,Bearn,Guaimaca,1961-09-01T09:16:30Z,Honduras,wbearnf1@psu.edu,+504 (113) 569-0735
Cherie,Meggison,Brändö,1952-10-09T20:31:17Z,Aland Islands,cmeggisonf2@ftc.gov,+358 (680) 652-3743
Ferd,Jurkowski,Samālūţ,1997-02-09T00:39:47Z,Egypt,,+20 (595) 731-6659
Tobie,Limprecht,Zagórze,1990-03-27T10:56:32Z,Poland,,+48 (723) 564-9497
Marc,MacCallister,Janagdong,1971-07-24T23:28:38Z,Philippines,mmaccallisterf5@storify.com,+63 (186) 877-0853
Myrtle,Ottawell,Douliu,1950-02-08T20:03:05Z,Taiwan,mottawellf6@dropbox.com,+886 (492) 531-3806
Jorry,O'Bruen,Zhuzuo,1992-04-29T12:53:47Z,China,,+86 (691) 130-9321
Lester,Pittendreigh,Manoc-Manoc,1972-11-14T18:33:34Z,Philippines,lpittendreighf8@domainmarket.com,+63 (470) 873-2923
Quinlan,Hunting,Ambunti,1999-05-10T06:37:57Z,Papua New Guinea,qhuntingf9@timesonline.co.uk,+675 (289) 229-8567
Orson,Filyushkin,,,,,
Cecilla,Roggerone,Rancapanjang,1985-09-06T16:13:49Z,Indonesia,,+62 (415) 748-4663
Cole,Rosentholer,Goraj,1974-05-08T18:59:20Z,Poland,crosentholerfc@skyrock.com,+48 (639) 852-4114
Daniela,Lindman,Otjiwarongo,1993-07-13T15:54:54Z,Namibia,dlindmanfd@bbb.org,+264 (969) 275-4716
Beryle,Fryers,Augusto Corrêa,1983-01-03T00:09:04Z,Brazil,bfryersfe@dell.com,+55 (838) 468-8748
Moishe,Lidierth,Monsanto,1951-04-27T10:01:10Z,Portugal,mlidierthff@npr.org,+351 (646) 174-0397
Serena,Romero,Sabnova,1957-06-21T14:33:28Z,Russia,sromerofg@flavors.me,+7 (390) 591-4855
Tove,Sextone,Fairview,1985-01-14T09:29:42Z,Canada,tsextonefh@netscape.com,+1 (150) 450-2078
Marlo,Schermick,Sagae,1985-07-22T03:24:24Z,Japan,mschermickfi@hp.com,+81 (866) 891-6194
Fulton,Chessum,Berlin,1971-11-15T01:59:04Z,Germany,fchessumfj@goodreads.com,+49 (596) 961-0494
Onofredo,Eytel,Huta Stara B,1995-05-05T06:56:14Z,Poland,oeytelfk@bigcartel.com,+48 (874) 949-7113
Mavra,Franceschino,Sutton,1998-04-20T09:03:20Z,United Kingdom,,+44 (866) 746-0416
Bill,Carver,Dongpu,1972-10-11T07:02:31Z,China,,+86 (780) 573-5407
Kanya,Tinmouth,Mopipi,1994-09-16T05:19:08Z,Botswana,,+267 (331) 353-7514
Reese,Folbige,Hägersten,1996-10-05T11:56:43Z,Sweden,rfolbigefo@columbia.edu,+46 (286) 776-9518
Tabbatha,Kloster,Macau,1978-12-22T12:43:18Z,Brazil,tklosterfp@nih.gov,+55 (391) 530-4317
Flossie,McCalister,,,,,
Casey,Nyland,Gyangkar,1955-06-15T13:32:25Z,China,cnylandfr@sbwire.com,+86 (979) 357-4322
Jenelle,McUre,Mayhan,1987-06-18T03:27:37Z,Mongolia,jmcurefs@wordpress.com,+976 (724) 202-1346
Osbourne,Brockbank,Cerro Corá,1974-11-02T00:34:19Z,Argentina,obrockbankft@wired.com,+54 (304) 800-9956
Claudelle,Ugolini,Suohe,1963-06-19T11:21:07Z,China,cugolinifu@pen.io,+86 (771) 333-0012
Issy,Gonning,Dasuhe,1982-03-06T19:32:44Z,China,igonningfv@goo.gl,+86 (669) 523-5086
Temp,Gever,Masaguisi,1954-08-02T07:33:28Z,Philippines,tgeverfw@plala.or.jp,+63 (922) 484-4981
Riobard,Gullberg,Dongguan,1992-11-12T21:48:41Z,China,rgullbergfx@nba.com,+86 (656) 403-6276
Danyette,Chatel,Kotovsk,1988-02-06T16:13:35Z,Russia,,+7 (147) 634-3871
Ingemar,Readman,Chiquinquirá,1960-10-15T20:13:29Z,Colombia,ireadmanfz@theguardian.com,+57 (777) 756-0022
Coletta,Hartell,Guayaybi,1956-03-22T10:10:21Z,Paraguay,,+595 (432) 721-5816
Lucie,Gibbens,Bubullimë,1977-11-22T15:46:22Z,Albania,lgibbensg1@blogs.com,+355 (192) 930-7378
Leda,Grelak,Silao,1954-10-17T11:13:55Z,China,lgrelakg2@techcrunch.com,+86 (442) 677-7246
Lulita,Fforde,Frankfurt am Main,1966-12-15T07:28:59Z,Germany,lffordeg3@businessinsider.com,+49 (554) 388-6662
Reamonn,Tourville,Kangmei,1981-04-17T20:01:30Z,China,rtourvilleg4@cloudflare.com,+86 (800) 241-1615
Ambrose,Koenen,Niedercorn,1969-04-17T18:09:23Z,Luxembourg,akoeneng5@tuttocitta.it,+352 (996) 418-9170
Jerrilyn,Molloy,Angered,1978-06-25T04:21:36Z,Sweden,jmolloyg6@ehow.com,+46 (535) 375-0926
Belia,Madeley,Binalbagan,1971-08-29T03:27:58Z,Philippines,bmadeleyg7@canalblog.com,+63 (851) 914-4775
Kippie,Abate,Zhuping,1964-10-25T05:56:48Z,China,kabateg8@cbslocal.com,+86 (709) 690-4979
Inger,Decayette,Ajuy,1950-01-06T21:52:24Z,Philippines,idecayetteg9@geocities.com,+63 (122) 107-7442
Laurence,Stuckes,Tršić,1981-08-13T14:00:27Z,Serbia,lstuckesga@typepad.com,+381 (279) 562-6280
Xylia,Ninnotti,Holoubkov,1971-06-08T20:35:35Z,Czech Republic,xninnottigb@ning.com,+420 (245) 538-2568
Linnell,Grivori,Dagkar,1983-05-22T16:27:33Z,China,,+86 (853) 687-2062
Lin,Jirusek,Plato,1963-01-27T17:07:32Z,Colombia,ljirusekgd@dot.gov,+57 (857) 154-1656
Nata,Tunnoch,Parenggan,1995-07-02T04:04:14Z,Indonesia,ntunnochge@over-blog.com,+62 (720) 990-4338
Andrey,Baldick,Metz,1970-04-12T16:19:59Z,France,abaldickgf@biglobe.ne.jp,+33 (483) 447-5526
Prince,Baack,Huanggexi,1966-09-26T03:29:58Z,China,pbaackgg@de.vu,+86 (841) 710-2054
Hamel,O'Glessane,Nanhai,1991-11-16T01:35:00Z,China,hoglessanegh@xing.com,+86 (649) 644-7440
Vivia,Farre,Tassin-la-Demi-Lune,1970-04-13T13:10:32Z,France,vfarregi@admin.ch,+33 (355) 652-1574
Hi,Vigors,Kaédi,1973-11-06T01:33:35Z,Mauritania,,+222 (794) 837-1373
Johny,Plampin,Xiliu,1992-08-14T11:33:15Z,China,jplampingk@miitbeian.gov.cn,+86 (804) 439-1864
Blinnie,Earl,Lajarik,1987-09-13T11:50:15Z,Indonesia,,+62 (764) 952-3654
Onofredo,Readwing,Nar'yan-Mar,1957-01-21T02:20:02Z,Russia,oreadwinggm@cbc.ca,+7 (958) 413-4520
Elsa,Blanchflower,Nanyuan,1993-12-02T21:38:25Z,China,eblanchflowergn@skyrock.com,+86 (683) 365-6149
Derrick,Keats,La Sebala du Mornag,1992-07-31T05:17:20Z,Tunisia,dkeatsgo@businessweek.com,+216 (892) 351-6598
Theresa,Elcock,Wuxue Shi,1962-12-30T14:28:16Z,China,,+86 (683) 416-6150
Deva,Bossingham,Fifi,1973-11-06T17:50:36Z,Morocco,dbossinghamgq@psu.edu,+212 (332) 293-2058
Morissa,Manueli,Bagé,1971-01-12T08:03:57Z,Brazil,mmanueligr@reuters.com,+55 (159) 907-2388
Dukie,Curr,Łobez,1968-11-20T16:18:21Z,Poland,dcurrgs@mac.com,+48 (274) 620-3301
Chariot,Hellens,Lizhai,1953-08-05T03:05:21Z,China,chellensgt@eventbrite.com,+86 (425) 777-9330
Malissa,Jopson,Fastiv,1997-05-18T05:27:38Z,Ukraine,mjopsongu@clickbank.net,+380 (773) 217-7624
Verene,Barock,Anningqu,1960-10-09T12:25:27Z,China,vbarockgv@amazon.co.jp,+86 (280) 605-1938
My,Whetnall,Zarszyn,1980-07-11T17:06:32Z,Poland,mwhetnallgw@icq.com,+48 (902) 158-3054
Sorcha,Love,Yunji,1970-03-08T17:55:10Z,China,slovegx@nasa.gov,+86 (123) 832-3111
Silvanus,Wasielewicz,Sedayulawas,1954-06-07T08:26:15Z,Indonesia,swasielewiczgy@mlb.com,+62 (365) 486-8796
Sam,Hembling,Huangling,1962-04-03T07:00:28Z,China,shemblinggz@tripod.com,+86 (464) 346-9256
Margaretta,Delos,Kotabesi,1959-03-07T03:08:48Z,Indonesia,mdelosh0@huffingtonpost.com,+62 (895) 140-7004
Crystie,Symes,,,,csymesh1@foxnews.com,
Wheeler,Kirsopp,Wangba,1950-01-07T20:23:43Z,China,,+86 (722) 952-8534
Chevalier,Went,Wuxi,1984-03-12T05:29:15Z,China,cwenth3@pen.io,+86 (620) 646-5022
Deeyn,Brownfield,Quinta dos Frades,1973-05-20T17:01:48Z,Portugal,dbrownfieldh4@washingtonpost.com,+351 (346) 362-2770
Mame,Biggin,Baiima,1992-09-20T20:09:35Z,Sierra Leone,mbigginh5@omniture.com,+232 (755) 538-7969
Laural,Engeham,Pajung,1973-11-02T17:06:55Z,Indonesia,lengehamh6@ask.com,+62 (926) 797-7752
Renault,Hansbury,Boncis,1984-06-03T00:08:55Z,Indonesia,,+62 (559) 371-3584
Afton,Vignal,Lidong,1966-04-06T15:56:20Z,China,,+86 (650) 652-8805
Rafaello,Ashby,Krajan,1979-04-05T11:09:05Z,Indonesia,rashbyh9@phpbb.com,+62 (810) 394-3657
Eve,Lankham,Santa Maria da Vitória,1953-08-08T15:32:49Z,Brazil,elankhamha@ihg.com,+55 (717) 154-5550
Wilfred,O' Flaherty,Pingdi,1960-03-04T08:15:08Z,China,woflahertyhb@eventbrite.com,+86 (516) 838-2587
Jeffie,Irons,Bang Sai,1959-10-17T17:21:35Z,Thailand,jironshc@posterous.com,+66 (124) 967-0517
Cherise,Sonier,Sölvesborg,1994-07-24T00:50:49Z,Sweden,csonierhd@printfriendly.com,+46 (749) 627-3595
Dominique,Perryman,Ersekë,1979-02-13T10:25:33Z,Albania,dperrymanhe@gnu.org,+355 (684) 530-7997
Lilah,Gockelen,Virginia Beach,1984-01-16T23:58:36Z,United States,lgockelenhf@shop-pro.jp,+1 (757) 160-1383
Miranda,Muneely,Fotolívos,1950-07-30T18:52:31Z,Greece,mmuneelyhg@fotki.com,+30 (562) 357-9094
Augusto,Petracci,,,,apetraccihh@state.gov,
Pate,Patry,Göteborg,1995-01-23T06:12:37Z,Sweden,ppatryhi@fc2.com,+46 (195) 787-5870
Grover,Ottiwill,Roscoff,1975-06-28T06:00:28Z,France,gottiwillhj@spotify.com,+33 (344) 710-6483
Pearla,Roistone,Reims,1976-02-18T16:56:24Z,France,proistonehk@reference.com,+33 (217) 231-3472
Carroll,Tunnacliffe,Jianguo,1958-03-31T10:21:17Z,China,ctunnacliffehl@ustream.tv,+86 (306) 395-1264
Carlie,Abethell,Wenchang,1960-09-07T23:14:42Z,China,cabethellhm@hubpages.com,+86 (291) 471-5006
Yardley,Grisedale,Lillooet,1988-08-27T05:43:36Z,Canada,,+1 (798) 503-4472
Haily,Pattillo,Teófilo Otoni,1995-08-14T08:08:58Z,Brazil,,+55 (417) 439-8161
Adams,Tuxell,,,,atuxellhp@walmart.com,
Laryssa,Youtead,Talisayan,1979-12-13T21:51:18Z,Philippines,lyouteadhq@shutterfly.com,+63 (945) 637-1400
Reade,Slowley,Tunis,1956-01-15T06:05:09Z,Tunisia,rslowleyhr@weibo.com,+216 (463) 653-3360
Regan,Fouracre,Eskifjörður,1951-01-28T14:59:15Z,Iceland,rfouracrehs@cdbaby.com,+354 (951) 640-6135
Marinna,Spindler,Detroit,1956-01-04T06:19:18Z,United States,mspindlerht@pcworld.com,+1 (313) 278-3040
Bebe,Rosenblum,Nizhniye Vyazovyye,1973-04-14T06:38:49Z,Russia,brosenblumhu@ezinearticles.com,+7 (522) 368-2756
Brande,Scoines,Zeleneč,1977-10-22T23:32:14Z,Czech Republic,,+420 (728) 619-4161
Elmore,Hudel,Grubišno Polje,1986-11-10T00:36:49Z,Croatia,ehudelhw@mlb.com,+385 (258) 644-3814
Mikaela,Gon,Thiès Nones,1970-10-24T20:26:16Z,Senegal,mgonhx@dedecms.com,+221 (451) 627-0506
Maryjo,Boyack,Amor,1963-11-14T11:02:55Z,Portugal,,+351 (240) 182-0543
Flinn,Runnicles,Changkeng,1972-02-05T01:28:10Z,China,frunnicleshz@purevolume.com,+86 (826) 589-4802
Kent,Diem,Prachin Buri,1990-06-02T11:14:38Z,Thailand,kdiemi0@google.nl,+66 (191) 224-7258
Curtis,Gapper,Juru,1993-11-01T00:46:30Z,Brazil,,+55 (766) 823-5018
Lacey,Reimer,Camabatela,1974-05-25T18:46:36Z,Angola,lreimeri2@globo.com,+244 (289) 846-6716
Winifield,Dahlgren,Huai Mek,1969-07-01T04:36:03Z,Thailand,wdahlgreni3@blogger.com,+66 (187) 854-9915
Pietrek,Saph,Berat,1983-12-22T19:57:52Z,Albania,psaphi4@dot.gov,+355 (295) 757-6813
Raimondo,Cody,Gandi,1958-10-03T18:20:09Z,Nigeria,rcodyi5@github.com,+234 (160) 895-1657
Worthington,Woodrup,El Cerrito,1952-07-25T19:02:20Z,Colombia,wwoodrupi6@usa.gov,+57 (213) 823-0508
Cirilo,Reina,Emiliano Zapata,1974-07-28T15:47:54Z,Mexico,,+52 (227) 698-8628
Cleopatra,Fausset,Sahavato,1997-01-17T11:25:06Z,Madagascar,cfausseti8@si.edu,+261 (891) 463-4723
Elise,Middleweek,Leijiadian,1961-01-19T21:01:05Z,China,,+86 (615) 859-8526
Duke,Sabati,Sanlian,1957-07-28T17:53:41Z,China,dsabatiia@reference.com,+86 (465) 266-3606
Reidar,Butter,Paka,1997-10-13T21:43:26Z,Indonesia,rbutterib@umich.edu,+62 (396) 108-5593
Beatrix,McSharry,Rokoy,1966-10-29T03:49:44Z,Indonesia,bmcsharryic@uiuc.edu,+62 (978) 729-1218
Eben,Wyley,Vitória da Conquista,1987-02-21T07:32:22Z,Brazil,,+55 (578) 308-8790
Twila,Hixley,Tutnae,1955-03-28T19:29:41Z,Indonesia,thixleyie@marketwatch.com,+62 (771) 546-7776
Shelley,Brooksbank,,,,sbrooksbankif@is.gd,
Birdie,Dobbing,Banqiao,1990-04-26T00:13:44Z,China,bdobbingig@chronoengine.com,+86 (537) 775-3648
Jordan,Leddie,Parawan,1999-11-11T21:31:42Z,Indonesia,jleddieih@mlb.com,+62 (820) 228-6561
Boone,Shemmans,Černý Most,1979-07-03T03:29:13Z,Czech Republic,bshemmansii@disqus.com,+420 (651) 690-8119
Cirilo,Maycey,Zhuangxing,1950-12-10T22:22:27Z,China,cmayceyij@qq.com,+86 (664) 517-5094
Jacquenette,Lennarde,Yangcun,1957-09-04T00:54:26Z,China,jlennardeik@thetimes.co.uk,+86 (614) 638-4840
Belle,McShane,Mangga Dua,1983-04-01T03:26:43Z,Indonesia,bmcshaneil@networksolutions.com,+62 (303) 483-2250
Itch,Saddleton,Taraz,1978-05-20T20:44:43Z,Kazakhstan,isaddletonim@oaic.gov.au,+7 (267) 804-7881
Zackariah,Amphlett,Nawu,1957-11-20T05:26:40Z,China,zamphlettin@bloglovin.com,+86 (933) 601-3279
Binnie,Challin,,,,bchallinio@mtv.com,
Josias,Lathleiff,Sikasso,1962-02-07T19:39:49Z,Mali,jlathleiffip@fastcompany.com,+223 (336) 618-4454
Corny,Gilbeart,Lancaster,1983-09-22T02:40:43Z,United States,cgilbeartiq@taobao.com,+1 (717) 956-5624
Agace,McLewd,Conceição do Coité,1966-01-19T04:43:20Z,Brazil,amclewdir@washington.edu,+55 (245) 158-0847
Casey,Sansam,Stockholm,1967-03-19T05:25:36Z,Sweden,csansamis@blogger.com,+46 (483) 558-0653
Merrily,Lintin,Valencia,1976-08-26T05:28:34Z,Philippines,mlintinit@wiley.com,+63 (184) 143-9988
Wilt,Fortie,La Talaudière,1965-12-29T10:15:45Z,France,wfortieiu@cbslocal.com,+33 (291) 919-0705
Fonsie,Boughen,Извор,1990-10-01T03:02:19Z,Macedonia,fbougheniv@cbsnews.com,+389 (210) 901-2089
Zulema,Farnill,Ambam,1967-04-14T18:44:19Z,Cameroon,zfarnilliw@forbes.com,+237 (798) 687-4024
Cherida,Pannett,Atyrau,1983-09-16T19:57:32Z,Kazakhstan,cpannettix@t.co,+7 (533) 641-9285
Hale,Pedel,Xiaojiangba,1952-03-02T03:49:18Z,China,hpedeliy@scientificamerican.com,+86 (140) 706-1849
Terrel,Jollands,Delingha,1974-03-10T03:21:04Z,China,tjollandsiz@slate.com,+86 (970) 218-2096
Clementine,Lazenby,Partille,1971-10-08T09:53:32Z,Sweden,clazenbyj0@nationalgeographic.com,+46 (621) 402-1966
Bartolemo,Poure,Железный порт,1961-05-24T03:05:18Z,Ukraine,bpourej1@technorati.com,+380 (564) 290-5568
Gabriel,Ceaplen,Březí,1996-05-18T23:50:04Z,Czech Republic,gceaplenj2@stumbleupon.com,+420 (131) 861-8793
Dallas,Macartney,Pakel,1973-03-29T03:22:16Z,Indonesia,dmacartneyj3@paginegialle.it,+62 (971) 582-7236
Kit,Sparwell,Linëvo,1991-09-20T11:47:53Z,Russia,ksparwellj4@berkeley.edu,+7 (142) 839-9079
Dorelle,Garth,,,,dgarthj5@marketwatch.com,
Selby,Leirmonth,Yeni Suraxanı,1990-09-18T22:23:30Z,Azerbaijan,sleirmonthj6@fema.gov,+994 (179) 950-9915
Farah,Hardwidge,Ånge,1964-01-05T14:18:03Z,Sweden,,+46 (320) 848-6692
Frances,McKissack,,,,fmckissackj8@globo.com,
Eloise,Lancley,Bejuco,1994-04-11T19:39:03Z,Panama,elancleyj9@simplemachines.org,+507 (617) 666-8032
Fiona,Dorwood,Sozopol,1989-12-14T15:27:51Z,Bulgaria,fdorwoodja@state.tx.us,+359 (524) 892-4654
Pip,Paddemore,San Jose,1955-11-17T21:49:36Z,Philippines,ppaddemorejb@usa.gov,+63 (393) 853-0773
Tyne,Delicate,Arjona,1971-10-15T19:24:51Z,Colombia,tdelicatejc@blogs.com,+57 (617) 409-3046
Cecily,Wild,Masma,1952-09-14T22:04:41Z,Peru,cwildjd@dropbox.com,+51 (975) 311-5418
Hussein,Askem,Sośnie,1982-05-17T06:25:26Z,Poland,haskemje@mashable.com,+48 (416) 889-5001
Katerina,Middle,Shīeli,1975-07-24T23:28:54Z,Kazakhstan,kmiddlejf@nbcnews.com,+7 (915) 105-4601
Quincy,Trudgion,Tynne,1999-04-17T17:48:05Z,Ukraine,qtrudgionjg@sciencedaily.com,+380 (383) 402-9036
Loralie,Misken,Cikandang,1970-01-23T19:24:47Z,Indonesia,lmiskenjh@house.gov,+62 (535) 926-8417
Ransell,Brothwell,Kolchikón,1952-01-31T11:00:40Z,Greece,rbrothwellji@prnewswire.com,+30 (782) 987-9795
Gusti,Flippen,Malgobek,1973-10-26T18:59:48Z,Russia,,+7 (477) 509-3064
Eleanora,MacKilroe,Orahovica,1972-05-05T08:29:30Z,Croatia,emackilroejk@imdb.com,+385 (554) 953-1595
Emmerich,Cogar,,,,ecogarjl@accuweather.com,
Harley,Gilburt,Semanding,1996-06-15T13:22:02Z,Indonesia,hgilburtjm@facebook.com,+62 (304) 431-6143
Frayda,Phette,Dadiya,1958-06-11T00:26:25Z,Nigeria,fphettejn@feedburner.com,+234 (589) 238-8259
Paquito,Crumb,Maoyang,1959-01-03T22:27:40Z,China,pcrumbjo@intel.com,+86 (846) 653-5815
Helenka,Arnaez,La Loma,1973-01-18T15:23:51Z,Mexico,harnaezjp@360.cn,+52 (847) 656-6493
Svend,Cahalan,Yishi,1998-09-03T00:59:01Z,China,scahalanjq@wunderground.com,+86 (163) 128-3174
Desirae,Ferrucci,Tayum,1968-08-11T18:29:06Z,Philippines,dferruccijr@diigo.com,+63 (106) 458-2479
Mae,Battaille,Nowa Ruda,1957-06-24T06:57:22Z,Poland,mbattaillejs@tuttocitta.it,+48 (233) 414-6082
Windy,Pierpoint,Nuevo Chamelecón,1958-08-14T16:47:31Z,Honduras,,+504 (328) 302-9353
Kim,Ayrs,Kainantu,1998-03-24T08:37:24Z,Papua New Guinea,kayrsju@dailymotion.com,+675 (919) 963-7538
Domenico,Byass,Yutsa,1960-05-06T02:29:34Z,Russia,dbyassjv@123-reg.co.uk,+7 (874) 785-8015
Allie,Philippet,Perfilovo,1995-06-29T20:36:57Z,Russia,aphilippetjw@about.me,+7 (817) 510-3973
Dacy,Rotham,Korolev,1993-08-25T20:18:42Z,Russia,drothamjx@gov.uk,+7 (729) 776-0166
Konstanze,Chandler,Ngrejo,1952-11-27T01:10:38Z,Indonesia,,+62 (282) 370-2854
Jozef,Duckhouse,Qiqian,1966-04-15T15:56:30Z,China,jduckhousejz@bloomberg.com,+86 (287) 646-4451
Christen,De Bell,Gornyak,1966-09-15T23:33:33Z,Russia,,+7 (114) 780-4141
Casie,Rathjen,Kardhiq,1961-04-20T04:52:34Z,Albania,crathjenk1@independent.co.uk,+355 (854) 208-6651
Benyamin,Fagence,Mingcheng,1965-03-18T14:25:59Z,China,bfagencek2@slideshare.net,+86 (983) 652-9720
Brunhilde,Gayton,Morinville,1981-08-26T04:03:23Z,Canada,bgaytonk3@imageshack.us,+1 (811) 553-7906
Else,Juszkiewicz,Tiexi,1988-01-07T19:40:38Z,China,,+86 (224) 184-6791
Julietta,Otterwell,Almada,1972-10-24T17:54:35Z,Portugal,,+351 (141) 375-2193
Kore,Gillitt,Kutum,1978-08-25T14:36:30Z,Sudan,kgillittk6@creativecommons.org,+249 (756) 485-0597
Reeta,Joslin,Pisang,1960-06-04T06:31:01Z,Indonesia,rjoslink7@reuters.com,+62 (613) 238-1129
Shoshanna,Caseborne,Yamethin,1999-07-29T09:36:42Z,Myanmar,scasebornek8@storify.com,+95 (251) 707-9841
Zarah,Celler,Kertahayu,1966-09-13T19:51:28Z,Indonesia,zcellerk9@jalbum.net,+62 (587) 314-7485
Tabbie,Bampkin,Granard,1965-02-15T15:05:24Z,Ireland,tbampkinka@sfgate.com,+353 (726) 719-6304
Kora,Revely,Ribeira,1991-08-18T17:34:44Z,Portugal,krevelykb@networkadvertising.org,+351 (709) 172-4071
Kaila,Loyley,Tuban,1957-09-26T14:07:47Z,Philippines,kloyleykc@goo.gl,+63 (535) 145-4184
Cati,Rouke,Al Jamīmah,1953-02-18T23:28:36Z,Yemen,croukekd@washingtonpost.com,+967 (738) 365-5952
Hubert,Brabban,Xishiqiao,1983-06-25T14:09:04Z,China,hbrabbanke@theguardian.com,+86 (854) 882-5152
Eduard,Potte,Krivaja,1991-09-29T00:50:51Z,Serbia,epottekf@tumblr.com,+381 (819) 132-3268
Filmer,Fowell,Yanyang,1953-09-07T20:07:45Z,China,ffowellkg@wikimedia.org,+86 (881) 806-9500
Codie,Peschke,Ban Phan Don,1970-09-21T06:51:57Z,Thailand,cpeschkekh@hp.com,+66 (553) 449-8059
Betsy,Pittendreigh,Ladoeiro,1988-12-07T05:31:30Z,Portugal,bpittendreighki@wp.com,+351 (216) 309-4816
Hadley,Etherington,Nardaran,1995-02-07T06:31:59Z,Azerbaijan,hetheringtonkj@archive.org,+994 (358) 102-2595
Myranda,Lead,Shanxi,1984-12-11T14:55:13Z,China,,+86 (338) 807-9986
Hailee,Ewbanks,Oskarshamn,1990-11-04T08:20:59Z,Sweden,,+46 (212) 914-5538
Dal,Chancelier,Aguadulce,1956-05-29T20:22:03Z,Panama,dchancelierkm@state.tx.us,+507 (409) 125-7742
Charil,Darnborough,Silva Jardim,1997-11-03T16:17:16Z,Brazil,cdarnboroughkn@wiley.com,+55 (723) 724-7411
Lorri,Sibbson,Leipzig,1968-12-31T11:15:25Z,Germany,lsibbsonko@woothemes.com,+49 (944) 377-8696
Lena,Maling,Athy,1963-01-20T14:37:08Z,Ireland,lmalingkp@deviantart.com,+353 (873) 457-7139
Dode,Trewartha,Bonga,1982-06-24T18:07:58Z,Philippines,dtrewarthakq@quantcast.com,+63 (265) 189-8197
Wes,Guitt,Bongao,1971-05-05T05:56:54Z,Philippines,wguittkr@live.com,+63 (778) 326-1787
Hermione,Gelder,Ciudad Nueva,1966-04-19T15:06:43Z,Dominican Republic,hgelderks@archive.org,+1 (150) 372-8564
Mohandas,Jewett,Marietta,1999-09-25T20:57:54Z,United States,mjewettkt@cdc.gov,+1 (770) 851-5739
Carlynn,Farthin,Saguing,1973-11-05T07:55:47Z,Philippines,cfarthinku@prnewswire.com,+63 (801) 283-3224
Bart,Eastmond,Gondar,1993-05-17T09:06:26Z,Portugal,beastmondkv@biblegateway.com,+351 (668) 318-2368
Gertruda,Branchet,Koltubanovskiy,1998-01-19T10:37:32Z,Russia,gbranchetkw@sina.com.cn,+7 (160) 106-5393
Raphael,Relfe,Tarxien,1975-03-06T21:34:06Z,Malta,rrelfekx@youku.com,+356 (592) 697-9459
Lorette,Faux,Oetutulul,1973-05-07T09:43:17Z,Indonesia,,+62 (988) 601-1252
Eb,Verduin,Shebekino,1989-12-15T01:22:41Z,Russia,everduinkz@fda.gov,+7 (926) 684-1202
Stanwood,Itzhayek,Akademgorodok,1963-03-30T22:06:36Z,Russia,sitzhayekl0@kickstarter.com,+7 (503) 850-8813
Branden,Tann,Lugui,1994-06-17T12:11:11Z,Philippines,btannl1@hostgator.com,+63 (511) 393-3756
Averil,Beilby,Mỹ Xuyên,1980-09-26T12:02:22Z,Vietnam,abeilbyl2@vimeo.com,+84 (556) 390-0335
Hermie,Dorian,Santa Bárbara de Padrões,1992-05-14T08:59:44Z,Portugal,hdorianl3@dyndns.org,+351 (451) 140-1323
Cara,Paulucci,Jiefang,1996-04-02T23:05:55Z,China,cpauluccil4@tuttocitta.it,+86 (971) 698-9857
Taddeo,Malacrida,Eyvān,1966-04-13T18:42:24Z,Iran,tmalacridal5@wufoo.com,+98 (260) 601-5136
Rog,Bellfield,Samdrup Jongkhar,1956-08-17T21:34:16Z,Bhutan,rbellfieldl6@dmoz.org,+975 (842) 433-2390
Herminia,Cubin,Proboštov,1973-03-19T23:14:00Z,Czech Republic,hcubinl7@bing.com,+420 (734) 150-9347
Candis,Gutowski,Khujirt,1982-01-21T10:28:16Z,Mongolia,cgutowskil8@bing.com,+976 (692) 426-6327
Odelia,Riglesford,Namysłów,1974-01-19T17:39:26Z,Poland,origlesfordl9@freewebs.com,+48 (619) 214-8512
Ciro,D'Alesco,Saint-Étienne,1985-12-31T12:25:02Z,France,cdalescola@google.fr,+33 (283) 449-7273
Mick,Tabb,Pujiang,1959-07-26T19:26:32Z,China,mtabblb@sogou.com,+86 (372) 423-2287
Thorvald,Simpson,Ongabelen,1980-11-25T10:57:43Z,Indonesia,tsimpsonlc@pinterest.com,+62 (471) 884-4953
Daffi,Arondel,Jorok Dalam,1963-03-09T17:16:27Z,Indonesia,darondelld@psu.edu,+62 (973) 539-2132
Ashia,Bracken,Chernukha,1969-11-18T08:58:43Z,Russia,,+7 (841) 929-7534
Bree,Torricina,Bonanza,1956-07-02T00:28:03Z,Nicaragua,btorricinalf@clickbank.net,+505 (986) 623-6116
Yurik,Eastabrook,Kasempa,1998-03-20T00:51:46Z,Zambia,yeastabrooklg@xinhuanet.com,+260 (115) 707-3242
Emmalynne,Greenaway,Malangabang,1964-10-11T02:08:51Z,Philippines,egreenawaylh@phpbb.com,+63 (730) 411-4774
Dexter,Paffett,Boavista,1997-04-06T23:48:10Z,Portugal,dpaffettli@4shared.com,+351 (935) 985-5974
Ronnie,Panchin,Vin’kivtsi,1957-07-20T07:13:16Z,Ukraine,rpanchinlj@woothemes.com,+380 (656) 709-4712
Chad,Woolmore,Arcueil,1966-06-28T17:46:51Z,France,cwoolmorelk@php.net,+33 (382) 180-2494
Dov,Ambrosio,Yunping,1978-06-27T01:04:53Z,China,dambrosioll@acquirethisname.com,+86 (650) 442-5193
Richart,Thor,Sobreiro,1976-10-19T12:22:51Z,Portugal,rthorlm@gravatar.com,+351 (348) 386-3835
Edna,Fookes,Åhus,1955-10-16T15:44:44Z,Sweden,efookesln@cmu.edu,+46 (424) 907-9269
Lurlene,Patifield,Mengeš,1952-05-04T01:11:52Z,Slovenia,lpatifieldlo@zimbio.com,+386 (374) 713-4726
Bella,Crush,Makabe,1957-12-12T08:03:12Z,Japan,bcrushlp@flavors.me,+81 (267) 252-4126
Delcina,Warham,Debre Tabor,1962-03-05T23:52:51Z,Ethiopia,dwarhamlq@google.it,+251 (506) 905-0997
Enid,Askell,Telč,1976-02-01T08:23:35Z,Czech Republic,easkelllr@psu.edu,+420 (362) 685-1055
Cyb,Votier,Cibitung,1960-06-12T04:38:35Z,Indonesia,cvotierls@wsj.com,+62 (301) 809-6508
Tomasina,Ivachyov,Peza e Madhe,1963-04-14T19:00:13Z,Albania,tivachyovlt@telegraph.co.uk,+355 (860) 131-2920
Gisele,Ullock,Vrbovec,1964-03-25T07:27:29Z,Croatia,gullocklu@usda.gov,+385 (345) 414-0757
Wildon,Forshaw,Týn nad Vltavou,1975-05-18T20:59:01Z,Czech Republic,wforshawlv@icio.us,+420 (633) 197-2110
Marabel,Stanier,Jiajiaying,1986-01-09T11:32:06Z,China,mstanierlw@deliciousdays.com,+86 (659) 717-0740
Marji,Torrijos,Yukuriawat,1954-07-20T21:03:39Z,China,mtorrijoslx@opera.com,+86 (264) 575-6873
Gay,Stanistreet,Samadua,1963-08-25T16:29:10Z,Indonesia,,+62 (799) 976-9004
Michell,McIleen,Talangbetutu,1987-08-03T12:10:43Z,Indonesia,,+62 (958) 275-8934
Rose,Pietri,Tarnogskiy Gorodok,1950-11-01T09:55:14Z,Russia,rpietrim0@businessweek.com,+7 (706) 700-9212
Arliene,Perchard,Tor,1995-10-28T03:08:43Z,Egypt,aperchardm1@un.org,+20 (985) 292-6162
Constantin,Greengrass,Huiyuan,1959-06-11T22:13:35Z,China,cgreengrassm2@typepad.com,+86 (263) 246-4974
Sisely,Beever,Creighton,1977-02-15T07:29:17Z,South Africa,sbeeverm3@stumbleupon.com,+27 (190) 541-8222
Rodrick,Buterton,Lautoka,1999-07-24T00:41:44Z,Fiji,rbutertonm4@xing.com,+679 (282) 369-3044
Viki,Camies,Baykit,1979-07-22T03:37:53Z,Russia,vcamiesm5@wikimedia.org,+7 (691) 335-3078
Keenan,Lever,Carpentras,1977-03-07T02:27:48Z,France,kleverm6@i2i.jp,+33 (965) 978-3997
Paddy,Moorwood,Sukadana,1952-12-15T07:18:11Z,Indonesia,pmoorwoodm7@squidoo.com,+62 (487) 286-1559
Freda,Fontelles,Banjar Sedang,1997-08-20T12:13:03Z,Indonesia,ffontellesm8@google.it,+62 (831) 764-6787
Rosemonde,Addams,Karangarjo,1985-03-04T07:46:41Z,Indonesia,raddamsm9@csmonitor.com,+62 (592) 534-3234
Lezley,Algeo,Rudna,1983-11-10T06:28:42Z,Poland,,+48 (157) 415-9108
Sandor,Hollingsbee,Saint-Priest-en-Jarez,1964-05-11T23:00:26Z,France,shollingsbeemb@sina.com.cn,+33 (188) 745-9443
Shawn,Shortall,Kota Kinabalu,1961-01-23T19:41:40Z,Malaysia,sshortallmc@answers.com,+60 (869) 595-5214
Riva,Coleridge,Grimshaw,1959-05-24T03:09:59Z,Canada,rcoleridgemd@npr.org,+1 (307) 537-8521
Michail,Peto,Frederiksberg,1979-03-18T02:14:23Z,Denmark,mpetome@bing.com,+45 (794) 695-0272
Nerti,Goley,Maslovare,1989-11-11T01:56:52Z,Bosnia and Herzegovina,ngoleymf@nymag.com,+387 (123) 443-8700
Lorry,Badland,Varakļāni,1976-12-28T15:29:22Z,Latvia,lbadlandmg@springer.com,+371 (646) 937-2117
Ozzie,Lemmon,Vose’,1952-08-03T20:39:50Z,Tajikistan,olemmonmh@hud.gov,+992 (813) 266-4937
Marinna,Reyson,Aserrí,1963-05-05T16:38:35Z,Costa Rica,mreysonmi@bbb.org,+506 (825) 235-9756
Charmane,Willmett,Kujang-ŭp,1955-01-04T22:46:25Z,North Korea,,+850 (679) 357-8524
Shea,Butrimovich,Stírion,1962-02-10T23:30:49Z,Greece,sbutrimovichmk@berkeley.edu,+30 (556) 891-4435
Petronille,Plessing,Siepraw,1965-10-31T15:26:04Z,Poland,,+48 (923) 218-1350
Darbee,Schruurs,Amashca,1998-10-19T03:45:30Z,Peru,dschruursmm@bloglines.com,+51 (559) 113-0785
Stacee,Wittey,Xamba,1996-12-17T19:32:40Z,China,switteymn@shop-pro.jp,+86 (687) 225-0744
Lonni,Strooband,Gaocheng,1992-05-16T18:09:02Z,China,lstroobandmo@symantec.com,+86 (908) 127-0337
Sheppard,Umpleby,Gojō,1950-08-15T17:17:17Z,Japan,sumplebymp@newsvine.com,+81 (321) 136-7441
Belle,Measor,Butiama,1965-08-24T11:42:24Z,Tanzania,bmeasormq@theguardian.com,+255 (402) 874-4865
Berkie,Hardern,Wuyanquan,1987-03-10T06:20:11Z,China,bhardernmr@weebly.com,+86 (402) 308-8984
Jaye,Mancell,Krajan Suco,1993-01-05T16:43:23Z,Indonesia,jmancellms@ucoz.ru,+62 (546) 767-7810
Alvie,Cianni,Dampit,1987-12-22T04:16:50Z,Indonesia,aciannimt@imgur.com,+62 (614) 559-4386
Willie,Castanaga,Las Flores,1966-08-22T22:37:05Z,Mexico,,+52 (107) 553-5809
Arman,Farryann,Metz,1963-02-18T04:52:04Z,France,afarryannmv@ed.gov,+33 (381) 102-4508
Perl,Hightown,Xaçmaz,1987-04-29T06:01:43Z,Azerbaijan,,+994 (123) 674-6935
Talbert,Tattershaw,Hongping,1978-09-17T23:00:16Z,China,ttattershawmx@usgs.gov,+86 (608) 952-8144
Kerrie,Castella,Miguelópolis,1978-12-05T12:03:43Z,Brazil,kcastellamy@icq.com,+55 (120) 259-9592
Ferd,Halksworth,Göteborg,1987-02-26T08:25:13Z,Sweden,fhalksworthmz@businesswire.com,+46 (260) 249-4316
Clarine,Summerly,Botigues,1971-04-26T04:24:37Z,Philippines,csummerlyn0@rakuten.co.jp,+63 (430) 152-2195
Patten,Girvan,Wajak,1976-05-01T03:20:31Z,Indonesia,,+62 (853) 271-4355
Nadeen,Dewerson,Amphawa,1997-04-20T11:32:17Z,Thailand,,+66 (913) 976-1217
Miles,Geraudy,Smołdzino,1997-03-13T04:46:47Z,Poland,mgeraudyn3@ucla.edu,+48 (977) 136-4462
Westbrooke,Gellett,Snegiri,1983-07-10T16:48:26Z,Russia,wgellettn4@networksolutions.com,+7 (862) 572-8515
Gabrielle,Dur,Bununu Kasa,1955-05-15T01:07:41Z,Nigeria,gdurn5@narod.ru,+234 (510) 915-5072
Estella,McMyler,,,,emcmylern6@discovery.com,
Sissie,Magne,Beringovskiy,1955-11-21T03:28:43Z,Russia,smagnen7@yandex.ru,+7 (476) 677-5793
Paulita,Raddish,Ambatolampy,1971-01-04T19:19:49Z,Madagascar,,+261 (172) 135-2654
Devi,Temprell,Ash Shajarah,1969-05-07T20:16:54Z,Jordan,dtemprelln9@huffingtonpost.com,+962 (112) 159-3612
Erv,Levy,Jianxi,1957-03-29T06:36:24Z,China,elevyna@ehow.com,+86 (607) 958-7465
Kandy,Garvin,Shifang,1952-12-15T12:49:17Z,China,kgarvinnb@github.com,+86 (907) 758-8598
Emelda,Tourne,Bendilmuning,1951-09-11T00:16:41Z,Indonesia,etournenc@redcross.org,+62 (191) 852-4238
Robin,Gabbotts,Fox Creek,1985-01-19T09:34:36Z,Canada,rgabbottsnd@sourceforge.net,+1 (514) 387-4394
Tessa,Mullane,San Isidro,1968-02-26T04:24:59Z,Mexico,tmullanene@1688.com,+52 (719) 542-1279
Shep,McKew,Santa María Ixhuatán,1969-10-03T10:45:47Z,Guatemala,,+502 (618) 724-8023
Tawnya,Brocklesby,Burmakino,1996-12-09T12:25:16Z,Russia,tbrocklesbyng@cisco.com,+7 (251) 658-6010
Savina,Ewols,Zhenjiang,1976-05-08T13:39:00Z,China,sewolsnh@un.org,+86 (526) 436-0559
Orelee,Garfirth,Wenqiao,1997-03-22T23:03:07Z,China,,+86 (504) 592-3554
Olwen,Gerok,Lenger,1994-06-15T00:52:45Z,Kazakhstan,ogeroknj@1und1.de,+7 (150) 932-4500
Monty,Hazelby,,,,mhazelbynk@dagondesign.com,
Tiphany,Jaskiewicz,,,,tjaskiewicznl@admin.ch,
Gallard,Robottham,Kenyau,1991-03-23T21:31:20Z,Indonesia,grobotthamnm@rakuten.co.jp,+62 (330) 286-1376
Christoforo,Sharpus,Téra,1976-11-09T04:40:38Z,Niger,csharpusnn@etsy.com,+227 (781) 810-6715
Amalle,Stansfield,,,,astansfieldno@yandex.ru,
Cordelie,Snoddon,Xinzhan,1973-07-25T02:58:56Z,China,csnoddonnp@sfgate.com,+86 (837) 286-1144
Dov,Waters,Sumenep,1979-07-02T14:56:14Z,Indonesia,dwatersnq@meetup.com,+62 (156) 792-1965
Natala,Masterton,Stockton,1959-08-20T00:17:27Z,United States,nmastertonnr@blogger.com,+1 (209) 656-9076
Jarrad,Hauxwell,Daireaux,1992-02-13T04:50:04Z,Argentina,jhauxwellns@shareasale.com,+54 (974) 478-5444
Berkie,Calrow,Quma,1998-08-05T19:00:19Z,China,bcalrownt@boston.com,+86 (559) 840-0395
Tessy,Kidstone,Khorugh,1983-04-07T16:08:27Z,Tajikistan,tkidstonenu@sfgate.com,+992 (260) 347-8331
Melisenda,Moulsdale,Xiaojiang,1970-07-10T11:05:51Z,China,,+86 (239) 579-9254
Dyane,Allington,Buenos Aires,1958-11-22T15:11:24Z,Mexico,dallingtonnw@miitbeian.gov.cn,+52 (133) 643-4469
Damian,Simeons,Burla,1974-02-26T00:57:46Z,Russia,dsimeonsnx@bandcamp.com,+7 (914) 495-1652
Leeanne,Liddle,Issia,1995-02-28T19:00:38Z,Ivory Coast,lliddleny@mlb.com,+225 (524) 933-6732
Aldrich,Holton,Pecka,1964-11-25T11:04:29Z,Czech Republic,aholtonnz@senate.gov,+420 (525) 443-6784
Lev,Kanter,Shimonoseki,1997-12-01T17:11:22Z,Japan,lkantero0@netscape.com,+81 (579) 244-8085
Belvia,Frantz,Lubao,1968-12-08T14:47:59Z,Philippines,bfrantzo1@dailymail.co.uk,+63 (913) 522-0105
Reid,Harbour,Żabno,1967-04-14T16:29:42Z,Poland,rharbouro2@irs.gov,+48 (158) 541-9204
Rebekah,Yele,Mandala,1981-01-22T00:04:09Z,Indonesia,ryeleo3@vimeo.com,+62 (955) 130-5327
Kristofor,Duckit,Bergen,1982-11-18T17:14:14Z,Norway,kduckito4@facebook.com,+47 (335) 109-1195
Atalanta,Crutchley,Charlton,1993-10-11T04:44:20Z,United Kingdom,acrutchleyo5@bbb.org,+44 (294) 429-1239
Zack,Vallance,Guanting,1961-11-09T06:20:44Z,China,,+86 (693) 474-1511
Emeline,McIlvoray,Huangcai,1962-07-27T12:36:54Z,China,emcilvorayo7@typepad.com,+86 (805) 986-3938
Jermaine,Beazey,Tapakrejo,1973-10-24T17:23:51Z,Indonesia,jbeazeyo8@tiny.cc,+62 (794) 102-6682
Vern,Rosengarten,Shanghuang,1968-02-24T15:36:30Z,China,vrosengarteno9@elpais.com,+86 (289) 712-5958
Ben,Alywin,Cáceres,1958-10-06T14:35:18Z,Colombia,balywinoa@surveymonkey.com,+57 (518) 913-1623
Horacio,O'Coskerry,Skála Oropoú,1982-08-15T19:55:32Z,Greece,hocoskerryob@1688.com,+30 (153) 363-2528
Vincents,Hanse,Zhongxing,1951-01-28T18:56:12Z,China,vhanseoc@bandcamp.com,+86 (728) 562-7074
Aubrie,Aizic,Xinmen,1988-11-28T22:54:41Z,China,aaizicod@cargocollective.com,+86 (275) 608-9782
Josh,Pennone,Gonghe,1975-10-28T12:10:05Z,China,jpennoneoe@amazonaws.com,+86 (638) 423-7153
Mikael,Venmore,Sar-e Pul,1963-10-24T00:05:06Z,Afghanistan,mvenmoreof@simplemachines.org,+93 (199) 970-4083
Andrea,Shoobridge,Kisovec,1950-06-05T06:07:45Z,Slovenia,ashoobridgeog@mapy.cz,+386 (827) 215-7241
Latrena,Abade,Ordem,1998-06-12T13:54:40Z,Portugal,labadeoh@usgs.gov,+351 (333) 504-5171
Lorine,Parry,Choloma,1986-11-12T22:43:25Z,Honduras,,+504 (242) 787-8260
Dell,Cockren,Creil,1985-04-13T05:45:47Z,France,dcockrenoj@dropbox.com,+33 (707) 750-6151
Jessica,Bromwich,Itiruçu,1973-08-23T10:17:08Z,Brazil,jbromwichok@wikispaces.com,+55 (750) 611-3684
Daphna,McDowell,Cheongju-si,1953-04-06T10:51:23Z,South Korea,dmcdowellol@scribd.com,+82 (532) 307-8965
Leroi,Limprecht,Nanzamu,1951-06-01T23:00:00Z,China,llimprechtom@harvard.edu,+86 (533) 215-4545
Richmound,McGaughay,Picungbera,1974-02-25T19:48:02Z,Indonesia,rmcgaughayon@scribd.com,+62 (850) 112-1931
Lilllie,O'Shirine,Biru,1966-03-09T13:51:18Z,China,loshirineoo@i2i.jp,+86 (693) 803-6789
Jud,Isaacson,Pasir Mas,1974-09-12T12:09:51Z,Malaysia,jisaacsonop@vimeo.com,+60 (119) 717-3657
Sascha,Farrants,Ishinomaki,1998-06-13T00:24:57Z,Japan,sfarrantsoq@mediafire.com,+81 (281) 751-7778
Sayers,Sollime,Dalai,1955-08-15T20:01:12Z,China,ssollimeor@ihg.com,+86 (211) 663-6548
Robinet,Simonnet,San Francisco,1977-07-17T09:10:56Z,Costa Rica,,+506 (307) 275-2161
Bobbette,Scain,Kálymnos,1979-01-13T01:46:34Z,Greece,bscainot@taobao.com,+30 (333) 504-4680
Zsazsa,Wellsman,Dayong,1992-11-07T20:45:00Z,China,,+86 (716) 588-5097
Kellby,Spelling,Al Jahrā’,1959-12-21T21:54:17Z,Kuwait,,+965 (732) 782-8926
Lorant,Lawleff,Auch,1997-11-20T11:19:59Z,France,llawleffow@jimdo.com,+33 (428) 488-9986
Rachel,Sertin,Szczerców,1968-07-08T11:43:36Z,Poland,,+48 (827) 968-2485
Angelia,Stoter,Añelo,1982-10-18T14:52:03Z,Argentina,astoteroy@craigslist.org,+54 (781) 969-0327
Marga,Vines,Colquechaca,1958-08-30T10:29:10Z,Bolivia,mvinesoz@alexa.com,+591 (981) 983-5533
Dorie,Bortolotti,Envigado,1986-10-29T21:06:16Z,Colombia,dbortolottip0@zdnet.com,+57 (449) 533-6392
Dario,Buxy,Châlons-en-Champagne,1999-12-25T23:59:33Z,France,dbuxyp1@mashable.com,+33 (937) 527-0884
Vida,Macconachy,Zombo,1998-05-25T02:47:40Z,Uganda,vmacconachyp2@biglobe.ne.jp,+256 (562) 632-8654
Johannah,Woolbrook,Marolambo,1958-09-15T00:43:25Z,Madagascar,,+261 (668) 992-3994
Free,O'Doherty,San Isidro,1980-05-03T00:15:47Z,Mexico,fodohertyp4@pagesperso-orange.fr,+52 (195) 494-3952
Jeri,Muttitt,‘Abbāsābād,1967-04-14T16:19:46Z,Iran,jmuttittp5@devhub.com,+98 (448) 938-6962
Waldemar,Caruth,Warugunung,1981-11-04T05:48:18Z,Indonesia,wcaruthp6@quantcast.com,+62 (904) 622-7247
Janine,Grunbaum,Tiyingtali Kelod,1978-07-09T16:17:58Z,Indonesia,jgrunbaump7@cbslocal.com,+62 (979) 239-9481
Aron,Capp,Drien Rampak,1956-03-21T11:39:41Z,Indonesia,,+62 (154) 910-1764
Camile,Pardal,Makrochóri,1984-11-15T13:24:39Z,Greece,cpardalp9@sphinn.com,+30 (592) 496-0805
Winnah,Reisenstein,Panyarang,1970-04-30T11:36:28Z,Indonesia,wreisensteinpa@jugem.jp,+62 (861) 998-6650
Lisbeth,Marquese,Namwala,1982-11-21T18:44:11Z,Zambia,,+260 (177) 971-1601
Rocky,Audry,Varadero,1992-07-07T21:00:16Z,Cuba,,+53 (260) 662-0378
Milli,Lamdin,Si Racha,1995-01-31T06:51:37Z,Thailand,mlamdinpd@dagondesign.com,+66 (691) 697-8800
Carr,Orred,Izra‘,1961-07-18T15:24:43Z,Syria,corredpe@t.co,+963 (891) 476-7733
Denny,Hathwood,Luthu,1966-08-02T03:23:35Z,Indonesia,dhathwoodpf@blinklist.com,+62 (638) 386-5094
Antin,Briston,Antipolo,1950-12-25T17:04:15Z,Philippines,abristonpg@miibeian.gov.cn,+63 (814) 324-3011
Lisette,Kimberly,Makiyivka,1962-11-22T07:22:12Z,Ukraine,lkimberlyph@blogspot.com,+380 (803) 212-5997
Mendie,Antalffy,Sugiharjo,1976-11-14T14:56:31Z,Indonesia,,+62 (611) 497-4548
Evangeline,Fibben,Yinping,1961-04-13T13:37:16Z,China,efibbenpj@go.com,+86 (657) 989-1465
Virge,Danilchik,Distracción,1957-04-03T07:37:01Z,Colombia,vdanilchikpk@sina.com.cn,+57 (388) 719-1061
Daisi,Hansard,,,,dhansardpl@skyrock.com,
Wilhelmine,Schanke,Đống Đa,1988-02-05T15:40:04Z,Vietnam,wschankepm@goodreads.com,+84 (736) 235-8673
Jamison,Leyfield,Serra D'El Rei,1979-04-08T05:50:26Z,Portugal,jleyfieldpn@zimbio.com,+351 (572) 750-9277
Geoffry,Norquay,Paipa,1978-05-14T05:32:23Z,Colombia,,+57 (512) 575-3712
Agretha,Northing,Lesnoy,1951-08-24T12:38:37Z,Russia,anorthingpp@seesaa.net,+7 (561) 317-5975
Rosina,Bortolomei,Danxi,1981-12-26T10:52:43Z,China,rbortolomeipq@usatoday.com,+86 (475) 966-8786
Cleavland,Pattini,Јегуновце,1954-09-11T17:21:12Z,Macedonia,cpattinipr@vistaprint.com,+389 (792) 119-1061
Maia,Alexis,Ladário,1950-01-27T11:55:40Z,Brazil,malexisps@sbwire.com,+55 (136) 790-2001
Tammie,Aizikovitz,Palhoça,1953-01-03T14:55:54Z,Brazil,taizikovitzpt@mysql.com,+55 (443) 176-4791
Michele,Rack,Jdaidet el Matn,1965-01-14T08:29:13Z,Lebanon,mrackpu@seattletimes.com,+961 (899) 232-8246
Kaja,McAw,Vikhorevka,1971-12-12T21:53:21Z,Russia,kmcawpv@businesswire.com,+7 (664) 226-3243
Huntley,Maywood,Xinshui,1958-02-10T12:36:43Z,China,,+86 (958) 876-6860
Luciano,Peacey,Zicheng,1992-06-14T05:13:15Z,China,,+86 (912) 491-1164
Perren,Epton,Curahklapa,1975-12-04T03:29:34Z,Indonesia,peptonpy@china.com.cn,+62 (512) 143-0406
Michaela,Nellis,Thatèng,1978-08-05T03:53:09Z,Laos,mnellispz@hud.gov,+856 (637) 452-1829
Gannon,Edgecumbe,Río Ceballos,1967-11-13T09:16:55Z,Argentina,gedgecumbeq0@ebay.co.uk,+54 (580) 235-3578
Kerwin,Maun,Shiqiao,1994-10-30T16:30:05Z,China,kmaunq1@pbs.org,+86 (896) 260-3907
Ilse,Anthes,Tagoloan,1981-01-11T09:14:53Z,Philippines,ianthesq2@networkadvertising.org,+63 (995) 233-2508
Elonore,Bride,Xinming,1976-02-03T22:54:08Z,China,,+86 (168) 524-3326
Hakim,Pentin,Oymak,1973-11-08T00:04:43Z,China,,+86 (932) 527-1208
Ellary,Wonham,Cho-airong,1977-03-20T06:14:45Z,Thailand,ewonhamq5@constantcontact.com,+66 (295) 337-2129
Meridel,Blunderfield,Negotino,1971-05-15T14:52:18Z,Macedonia,mblunderfieldq6@cargocollective.com,+389 (847) 751-1540
Opaline,Surmeir,Błędów,1971-06-12T03:08:33Z,Poland,osurmeirq7@nasa.gov,+48 (345) 988-5832
Gabi,Aaronson,Karelichy,1951-06-29T17:10:28Z,Belarus,gaaronsonq8@vkontakte.ru,+375 (175) 578-8602
Matteo,Simonitto,Puerto Varas,1982-05-20T17:55:35Z,Chile,,+56 (522) 280-4108
Venus,Shortt,Grand Rapids,1992-06-04T06:56:08Z,United States,,+1 (616) 378-4780
Dilly,Redholes,Tsyelyakhany,1973-03-03T15:07:15Z,Belarus,dredholesqb@wp.com,+375 (590) 599-2011
Tracey,Daffern,Masipi West,1983-10-24T17:31:36Z,Philippines,tdaffernqc@google.es,+63 (107) 372-5214
Aili,Preddle,Acarí,1950-04-01T12:55:27Z,Peru,apreddleqd@fema.gov,+51 (247) 456-3375
Bennett,Tuminelli,Non Sang,1978-06-26T13:01:38Z,Thailand,btuminelliqe@e-recht24.de,+66 (105) 866-3769
Gran,Pockett,Altares,1964-05-19T14:27:24Z,Portugal,gpockettqf@europa.eu,+351 (663) 604-6328
Dacia,Pengelly,Pio,1968-03-02T20:43:35Z,Philippines,dpengellyqg@drupal.org,+63 (790) 282-2182
Langston,Braemer,Raffingora,1976-02-22T06:18:32Z,Zimbabwe,lbraemerqh@google.ru,+263 (139) 888-3607
Constantina,Vellacott,Veles,1977-05-06T16:28:17Z,Macedonia,cvellacottqi@marketwatch.com,+389 (880) 440-5659
Dona,Figura,Sandefjord,1996-08-29T15:22:35Z,Norway,dfiguraqj@google.com.au,+47 (621) 123-1930
Licha,Preshous,Alor Setar,1981-10-24T04:20:42Z,Malaysia,lpreshousqk@php.net,+60 (228) 119-8004
Vito,Satcher,San Juan,1951-05-15T10:24:12Z,Puerto Rico,vsatcherql@addtoany.com,+1 (693) 498-9189
Marla,Henner,,,,mhennerqm@globo.com,
Fannie,Marieton,Hyltebruk,1987-03-21T21:28:26Z,Sweden,,+46 (156) 311-8036
Olive,Buckbee,Fleury-les-Aubrais,1950-05-29T05:34:44Z,France,obuckbeeqo@constantcontact.com,+33 (231) 560-4558
Emelyne,Omrod,Vittel,1996-08-03T13:58:57Z,France,eomrodqp@npr.org,+33 (236) 322-9939
Moll,Rooney,,,,mrooneyqq@weather.com,
Putnem,MacGoun,Myski,1986-01-15T04:22:53Z,Russia,pmacgounqr@yelp.com,+7 (196) 980-1727
Carson,Mee,Gimcheon,1960-09-28T11:21:17Z,South Korea,cmeeqs@msu.edu,+82 (417) 531-0945
Stanislaw,Ellice,Sioah,1975-11-26T01:52:58Z,Indonesia,selliceqt@tamu.edu,+62 (149) 764-9969
Goldina,Lawerence,Mahébourg,1961-05-15T03:33:48Z,Mauritius,glawerencequ@wix.com,+230 (521) 123-6104
Harriette,Niblett,Growong Kidul,1969-04-20T04:47:07Z,Indonesia,hniblettqv@lulu.com,+62 (874) 656-5755
Isidora,Volker,Goričan,1964-03-20T15:32:22Z,Croatia,ivolkerqw@posterous.com,+385 (887) 324-9713
Carolann,Clampe,Rudy,1964-09-01T20:19:51Z,Poland,cclampeqx@bloglines.com,+48 (311) 913-6418
Georges,Partleton,Los Pinos,1996-03-29T00:08:33Z,Mexico,gpartletonqy@multiply.com,+52 (636) 757-8471
Maximo,Gerard,Dongluqiao,1972-02-26T16:55:22Z,China,,+86 (627) 708-3802
Cristie,Glusby,Kumberg,1975-02-03T23:58:12Z,Austria,cglusbyr0@smugmug.com,+43 (461) 501-9861
Adara,Haine,Ndibène Dahra,1972-07-19T02:04:56Z,Senegal,ahainer1@mapquest.com,+221 (535) 607-2931
Troy,Wilkes,Yuzhno-Sukhokumsk,1990-03-13T01:01:35Z,Russia,twilkesr2@va.gov,+7 (762) 384-1068
Corbie,Wressell,Racine,1961-09-09T00:27:17Z,United States,cwressellr3@ihg.com,+1 (262) 939-4877
Barbee,Glenn,Tengah,1955-03-21T09:41:08Z,Indonesia,bglennr4@yolasite.com,+62 (378) 448-4997
Carling,Wratten,Kropotkin,1994-11-16T14:09:35Z,Russia,cwrattenr5@irs.gov,+7 (568) 468-4637
Lottie,Bohlmann,Serednye,1984-09-28T08:21:47Z,Ukraine,,+380 (353) 566-7191
Trix,Clapperton,Dimiao,1975-10-26T12:27:19Z,Philippines,tclappertonr7@posterous.com,+63 (414) 984-7163
Jarvis,Janatka,Metsamor,1951-09-29T04:19:04Z,Armenia,jjanatkar8@studiopress.com,+374 (780) 197-6677
Rowland,Horning,Jiangchi,1961-05-21T00:35:55Z,China,rhorningr9@xinhuanet.com,+86 (704) 376-1897
Ilaire,Purdey,Tëplaya Gora,1992-12-14T07:04:55Z,Russia,,+7 (411) 315-4812
Dione,Crosson,,,,dcrossonrb@springer.com,
Knox,Ragbourn,Bissau,1988-11-17T08:55:48Z,Guinea-Bissau,kragbournrc@barnesandnoble.com,+245 (504) 905-4705
Ursa,Adamoli,Montevista,1997-04-26T08:20:22Z,Philippines,uadamolird@nih.gov,+63 (254) 716-3951
Candy,Vasiliev,Shicheng,1977-03-31T13:39:05Z,China,cvasilievre@biglobe.ne.jp,+86 (702) 615-2896
Perice,Parnham,Paterson,1952-01-21T16:55:52Z,United States,,+1 (862) 959-8034
Matelda,Nayer,Agudos,1992-03-19T03:03:49Z,Brazil,mnayerrg@example.com,+55 (296) 900-5634
Eadmund,Paine,Hvar,1968-01-17T01:21:41Z,Croatia,epainerh@yelp.com,+385 (676) 775-5972
Linc,Bothams,Bizhbulyak,1971-05-04T23:45:06Z,Russia,lbothamsri@comsenz.com,+7 (581) 958-7051
Jaquith,Vales,Bahía Honda,1990-07-29T10:47:34Z,Cuba,,+53 (583) 539-8173
Leticia,Beamont,Modot,1963-10-15T17:43:24Z,Mongolia,lbeamontrk@engadget.com,+976 (658) 842-6295
Eamon,Keemar,San Calixto,1999-01-15T09:22:03Z,Colombia,ekeemarrl@wunderground.com,+57 (962) 201-3401
Rolph,Hammer,Charlotte Amalie,1962-07-27T06:49:56Z,U.S. Virgin Islands,rhammerrm@networksolutions.com,+1 (875) 319-9857
Bondon,Edmed,Montauban,1973-09-14T18:26:49Z,France,bedmedrn@bloomberg.com,+33 (345) 243-3764
Becka,Arboin,Armenokhórion,1995-03-01T00:56:56Z,Greece,barboinro@t.co,+30 (839) 903-6476
Milka,Deekes,Şuwayr,1955-08-19T12:27:05Z,Yemen,,+967 (697) 224-3980
Gigi,Massy,Chartres,1983-12-31T21:24:59Z,France,gmassyrq@wsj.com,+33 (354) 880-8396
Erie,Eagleston,Montpellier,1987-10-31T08:02:44Z,France,eeaglestonrr@si.edu,+33 (109) 428-1503
