first_name,last_name,birth_place,birth_date,country_living_in,email,phone
Linn,Canner,Nybro,08/23/1982,Sweden,lcanner0@psu.edu,738-772-5895
Nadya,Argent,Simo Satu,11/22/1962,Indonesia,nargent1@globo.com,998-377-0564
Alice,McEvilly,Tāybād,12/12/1964,Iran,amcevilly2@sakura.ne.jp,736-652-2277
Paloma,Iacovides,Wuguishan,11/22/1959,China,piacovides3@dailymail.co.uk,829-692-6899
Vanny,Bane,Bagombong,05/08/1999,Philippines,vbane4@fema.gov,543-186-7901
Dov,Kalvin,Kaoma,02/05/1982,Zambia,dkalvin5@linkedin.com,665-882-1328
Marena,Starten,Zitong,07/13/1964,China,mstarten6@bigcartel.com,263-177-7202
Gasparo,Engel,Auray,11/17/1971,France,gengel7@unblog.fr,717-165-3980
Marline,Rouchy,Jiangtou,01/18/1986,China,,188-994-2683
Janenna,Panswick,Jardinópolis,05/17/1950,Brazil,jpanswick9@github.io,655-606-4798
Edeline,Boldock,Rauco,08/01/1991,Chile,eboldocka@hugedomains.com,840-872-1333
Thomasa,Rickaby,Rundeng,08/12/1979,Indonesia,,301-653-3320
Sarena,Tewkesbury,Uppsala,06/10/1970,Sweden,stewkesburyc@yahoo.com,144-647-4515
Wiatt,Malatalant,Guangyuan,05/07/1995,China,wmalatalantd@angelfire.com,116-738-6358
Martelle,Drayn,,,,mdrayne@weather.com,
Stefanie,Corter,Curahuasi,04/20/1972,Peru,scorterf@yellowbook.com,480-896-9298
Sibylle,Holme,San Luis del Palmar,09/05/1953,Argentina,sholmeg@walmart.com,269-225-2131
Jaquenetta,Perrottet,Bandeirantes,09/22/1956,Brazil,jperrotteth@phoca.cz,680-457-6412
Yvor,Blowin,Chengkou,12/02/1965,China,yblowini@wikia.com,140-948-6181
Tuckie,Maes,Alejal,11/17/1963,Philippines,tmaesj@delicious.com,219-733-5907
Chloette,Snozzwell,Hluhluwe,08/05/1951,South Africa,csnozzwellk@va.gov,194-871-1747
Raven,Remnant,Yuankeng,07/12/1960,China,rremnantl@berkeley.edu,366-317-1018
Maisie,Brehaut,Paris 10,01/06/1984,France,mbrehautm@slate.com,744-580-3705
Booth,Bossons,Gucheng,01/20/1979,China,bbossonsn@tinyurl.com,559-605-7514
Hilary,Scimone,Nong Bua,11/29/1961,Thailand,,841-919-3741
Carole,Trewhella,Kirkuk,09/06/1952,Iraq,,754-310-2254
Shay,Anglish,Pasauran,12/23/1965,Indonesia,sanglishq@stumbleupon.com,271-766-5287
Alecia,King,Sokol,12/12/1967,Russia,,447-838-0972
Stanfield,Moro,São João,03/09/1977,Portugal,smoros@tinyurl.com,335-698-7910
Gavan,Stockney,Nedryhayliv,04/21/1963,Ukraine,,662-977-8994
Willard,Roffe,Bauru,01/31/1976,Brazil,wroffeu@vimeo.com,752-947-8012
Kittie,Holtaway,Banjar Pasekan,08/29/1998,Indonesia,kholtawayv@mit.edu,851-657-4209
Carmelita,Lagde,Krajan Dua Putukrejo,07/05/1986,Indonesia,clagdew@tuttocitta.it,428-659-8547
Alwin,Cushelly,Rostokino,07/07/1957,Russia,acushellyx@sbwire.com,993-972-8047
Noe,Matthis,Wołomin,04/17/1981,Poland,nmatthisy@flavors.me,751-930-8034
Star,Tims,Yunlong,06/26/1981,China,,142-105-9415
Sarena,Weekes,Derviçian,01/30/1978,Albania,sweekes10@istockphoto.com,951-890-6723
Dario,Eannetta,Oriximiná,08/12/1952,Brazil,deannetta11@wp.com,273-577-2524
Evy,Thurgood,Lipka,10/27/1983,Poland,ethurgood12@walmart.com,932-469-5963
Honoria,Guilloux,Amarete,12/28/1996,Bolivia,hguilloux13@cyberchimps.com,451-888-0197
Clarke,Bangle,Lawrenceville,05/09/1986,United States,cbangle14@marketwatch.com,229-713-9295
Joni,Hallowes,San Vicente,10/28/1961,Philippines,,232-162-6420
Laurianne,Frickey,Suita,01/22/1971,Japan,lfrickey16@wp.com,909-837-3641
Pincas,Foucar,Udachny,09/09/1973,Russia,pfoucar17@statcounter.com,957-713-5836
Jonah,Ruffy,Zhitan,05/23/1990,China,jruffy18@geocities.jp,430-218-9149
Lacy,Chant,Gosë e Madhe,08/05/1983,Albania,lchant19@edublogs.org,206-437-9892
Jimmie,Jiggins,Przesmyki,10/15/1973,Poland,jjiggins1a@virginia.edu,133-537-8020
Bartholomew,Garrood,Puspajaya,05/22/1999,Indonesia,,743-295-9891
Dolly,Aish,,,,,
Lacee,Avard,Taibai,01/17/1984,China,lavard1d@cafepress.com,618-373-6909
Benjamen,Gow,Arbois,12/14/1995,France,bgow1e@1und1.de,622-786-7924
Leoline,Noot,Şūrān,09/08/1991,Syria,,459-416-5334
Aldric,Marczyk,Pandakan,02/13/1981,Philippines,,595-294-7430
Frants,McVie,Shibi,02/13/1958,China,fmcvie1h@mlb.com,713-893-9579
Davina,Ruecastle,Llano Largo,10/18/1962,Panama,druecastle1i@prweb.com,357-525-6942
Tucky,Mibourne,Ar Rumaythīyah,10/02/1999,Kuwait,tmibourne1j@ted.com,343-308-5712
Eduard,Ferencowicz,Tajrīsh,02/06/1959,Iran,eferencowicz1k@msu.edu,937-176-7114
Jacquetta,Amerighi,Miguel Hidalgo,03/30/1967,Mexico,,999-852-6047
Lorine,Duffield,,,,lduffield1m@wikia.com,
Ethel,Mewha,Huo’erqi,09/03/1982,China,emewha1n@facebook.com,619-873-4136
Freeland,Wiffen,Catujal Velho,01/22/1956,Portugal,fwiffen1o@altervista.org,536-984-7854
George,Raddin,Pridonskoy,12/14/1956,Russia,graddin1p@facebook.com,232-960-5333
Ruben,Belitz,Maradi,04/01/1959,Niger,rbelitz1q@noaa.gov,453-837-2506
Kerri,Vye,Adjumani,07/23/1987,Uganda,,863-717-1930
Alfie,Camerello,Châtellerault,02/06/1984,France,acamerello1s@springer.com,397-689-3147
Darwin,Bootes,,,,dbootes1t@mayoclinic.com,
Odilia,Betjeman,Mori,05/22/1988,China,obetjeman1u@networkadvertising.org,614-476-2507
Tobias,Clee,Hetai,02/05/1954,China,tclee1v@seesaa.net,422-719-4486
Kip,Goymer,München,05/10/1971,Germany,,831-832-2369
Iver,Slaight,,,,islaight1x@bizjournals.com,
Lucius,Cappineer,Launceston,01/11/1967,Australia,lcappineer1y@washington.edu,897-205-3890
Rolland,Leadston,Oldřišov,11/11/1986,Czech Republic,rleadston1z@irs.gov,403-330-0449
Perren,McLugaish,Balitai,09/25/1955,China,,414-251-5371
Maiga,Rollett,Anuling,07/17/1967,Philippines,mrollett21@shareasale.com,970-773-4818
Tobye,Risebarer,Lindavista,12/20/1990,Mexico,,415-175-5966
Jarid,Scholtz,Sanqu,06/20/1985,China,jscholtz23@thetimes.co.uk,384-461-2452
Hube,Kulic,Kiambu,10/30/1974,Kenya,,131-218-9338
Maurie,Dionisi,Ribeiro,09/04/1962,Portugal,,397-477-8972
Ashli,Docwra,,,,adocwra26@liveinternet.ru,
Pincus,Retchless,Sagana,02/08/1952,Philippines,pretchless27@umn.edu,316-144-3721
Bard,Mugglestone,Zhigulevsk,03/27/1966,Russia,bmugglestone28@techcrunch.com,682-229-4703
Laney,Abrey,Bilao,08/06/1982,Philippines,labrey29@nature.com,106-217-2726
Isiahi,Peris,Fundación,02/13/1956,Colombia,,397-680-0490
Tildie,Starkie,Santa Paz,03/15/1965,Philippines,tstarkie2b@tiny.cc,882-332-8254
Hinze,Pownall,Ilha de Moçambique,02/08/1957,Mozambique,hpownall2c@toplist.cz,461-550-9029
Nicoline,Gaffney,Jami,06/11/1957,Indonesia,ngaffney2d@canalblog.com,340-413-2159
Pattie,Cashell,Yongping,04/26/1997,China,pcashell2e@oakley.com,938-415-6608
Tamarra,Wherry,Thị Trấn Tủa Chùa,06/24/1999,Vietnam,,327-883-5621
Margeaux,Duchasteau,Jacksonville,10/29/1976,United States,,904-380-6510
Hamlen,Kendrew,Menara,07/23/1960,Indonesia,hkendrew2h@hc360.com,146-582-2112
Miquela,Burkin,Hrazdan,01/22/1989,Armenia,mburkin2i@scientificamerican.com,412-151-3712
Maison,Jiroutka,Enrekang,01/07/1984,Indonesia,mjiroutka2j@elegantthemes.com,817-412-4959
Guenevere,Jackalin,Linjiang,01/25/1970,China,gjackalin2k@elpais.com,377-638-2820
Kennett,Strowther,Gornje Živinice,10/02/1990,Bosnia and Herzegovina,kstrowther2l@uol.com.br,721-499-5031
Ange,Delagnes,Halayhayin,08/14/1969,Philippines,adelagnes2m@pcworld.com,142-323-5296
Glenda,Rangell,Naushahro Fīroz,07/20/1985,Pakistan,grangell2n@newsvine.com,366-773-8955
Freda,Galiero,Padilla,11/02/1986,Bolivia,fgaliero2o@nps.gov,909-844-1029
Geoffrey,Bennet,Xomong,04/25/1959,China,gbennet2p@1688.com,189-506-9210
Meriel,Sellars,Planken,03/31/1989,Liechtenstein,msellars2q@gravatar.com,249-942-1890
Olenka,Bridgett,Kuala Lumpur,06/09/1990,Malaysia,,871-653-5763
Randall,Stevani,Miedzichowo,11/02/1966,Poland,rstevani2s@webs.com,482-731-5379
Milo,Eager,Kaytitinga,07/04/1991,Philippines,meager2t@va.gov,412-311-0883
Moina,Baulcombe,Chervonohryhorivka,02/01/1979,Ukraine,mbaulcombe2u@delicious.com,646-527-8371
Pattie,Marvin,Jastrzębia Góra,12/13/1981,Poland,pmarvin2v@acquirethisname.com,140-508-0116
Vance,Say,Älvängen,09/22/1953,Sweden,vsay2w@bizjournals.com,664-267-8016
Charla,Walisiak,Ad Dabbah,03/16/1968,Sudan,,387-111-3965
Tommie,Tantrum,Korotych,03/16/1990,Ukraine,ttantrum2y@cnbc.com,480-803-3302
Mallory,Lamminam,Santa Monica,07/21/1982,Philippines,,901-702-5388
Bat,Rimour,Mambi,01/18/1981,Indonesia,brimour30@uol.com.br,520-787-3254
Stanly,Sheards,Buliu,04/19/1987,China,ssheards31@webmd.com,270-252-6529
Erasmus,Grigori,Ostrów Lubelski,02/09/1985,Poland,egrigori32@icq.com,680-855-7293
Edna,Hubble,Boston,08/22/1995,United States,ehubble33@delicious.com,617-364-5018
Bettye,Audenis,Kuching,04/25/1993,Malaysia,baudenis34@discuz.net,639-176-8916
Clementine,Dedam,Baiqiao,09/20/1988,China,cdedam35@eepurl.com,631-788-1871
Meggi,Fransinelli,Las Vegas,12/31/1973,United States,mfransinelli36@lulu.com,702-180-5779
Allison,Fevier,Tepal,05/17/1963,Indonesia,afevier37@delicious.com,750-975-3641
Marc,Knight,Dulce Nombre,09/12/1976,Honduras,mknight38@nsw.gov.au,434-760-5216
Teriann,Stivens,Nikolo-Pavlovskoye,10/06/1962,Russia,tstivens39@fotki.com,411-747-2140
Clayborne,Cholmondeley,Wadusari,09/16/1998,Indonesia,ccholmondeley3a@istockphoto.com,649-457-3227
Darbee,Duthy,San Matías,11/03/1987,Bolivia,dduthy3b@yahoo.co.jp,716-737-1553
Vinny,Carette,Dongdu,12/24/1955,China,vcarette3c@about.me,231-983-4051
Hew,Ockleshaw,Mache,09/03/1955,Peru,hockleshaw3d@youku.com,979-194-9562
Bamby,Clelle,Dajing,03/24/1976,China,bclelle3e@pbs.org,607-342-3710
Karie,Goodger,Xiaojian,06/04/1967,China,kgoodger3f@dagondesign.com,721-983-5154
Kaye,Stockdale,Vilar,11/22/1958,Portugal,kstockdale3g@aboutads.info,665-411-2152
Scottie,Belison,Rączna,05/22/1950,Poland,sbelison3h@sun.com,886-502-0894
Kerry,Margrie,Évreux,03/24/1961,France,kmargrie3i@infoseek.co.jp,586-836-9713
Isidora,Clampin,Lebak Timur,11/07/1978,Indonesia,iclampin3j@zimbio.com,487-733-8808
Whitby,Thaxton,Fagersta,12/15/1968,Sweden,wthaxton3k@artisteer.com,261-299-4859
Gherardo,Clackson,,,,gclackson3l@com.com,
Thebault,Sweedland,Baise City,02/01/1956,China,tsweedland3m@ca.gov,881-883-1898
Carce,Jaggs,Jenamas,03/12/1993,Indonesia,cjaggs3n@google.ru,871-104-4140
Harley,Schoenleiter,Dobre,04/24/1950,Poland,hschoenleiter3o@mozilla.com,156-565-7288
Lora,Byford,Jiaocha,12/11/1951,China,lbyford3p@com.com,846-636-0616
Reeba,Potkins,Niederanven,06/24/1984,Luxembourg,rpotkins3q@imageshack.us,802-172-3912
Leone,Nuzzetti,Penalva de Alva,08/10/1994,Portugal,lnuzzetti3r@go.com,318-117-9009
Johannes,Knowlton,Hexi,10/09/1989,China,jknowlton3s@nasa.gov,250-316-5524
Brena,Gleaves,Centurion,06/04/1995,South Africa,bgleaves3t@tripod.com,127-819-6841
Michelina,Chaney,Roma,12/21/1998,Italy,mchaney3u@home.pl,348-770-9390
Lee,Methley,Xinchong,02/01/1986,China,,870-205-3618
Jillane,Bulcroft,San Esteban,09/21/1953,Honduras,jbulcroft3w@economist.com,699-583-1100
Steffie,Harteley,Terara,03/11/1953,Indonesia,sharteley3x@i2i.jp,124-661-0682
Redford,Wayper,Tanshan,09/28/1969,China,rwayper3y@simplemachines.org,937-280-9313
Fredelia,Cockshot,Krasnogorodskoye,07/13/1984,Russia,fcockshot3z@apple.com,680-866-3588
Didi,Kitter,Suqiaoxiang,08/09/1978,China,dkitter40@ask.com,910-262-1956
Nedi,Andre,Nowa Sól,03/02/1996,Poland,nandre41@feedburner.com,659-152-0199
Drud,Godar,,,,dgodar42@princeton.edu,
Stevy,Micka,Tungguwaneng,11/08/1989,Indonesia,smicka43@epa.gov,902-267-0296
Claiborne,Varrow,Alicia,07/11/1950,Philippines,,519-444-5702
Ahmed,Buey,Niu,01/05/1957,China,abuey45@yahoo.com,508-683-0915
Gerome,Kiebes,Sankwia,03/06/1952,Gambia,,857-253-3354
Emmaline,Rummer,Nyachera,04/17/1997,Uganda,erummer47@scientificamerican.com,733-319-1660
Lorenzo,Vouls,Florianópolis,06/06/1970,Brazil,lvouls48@google.nl,554-930-7018
Aveline,Shepherdson,Kemiri Daya,06/15/1967,Indonesia,ashepherdson49@arstechnica.com,764-711-7868
Caryn,Danielovitch,La Chapelle-sur-Erdre,07/04/1990,France,cdanielovitch4a@slate.com,327-679-8127
Alexandra,Ghiroldi,Stockholm,01/13/1961,Sweden,aghiroldi4b@yahoo.com,965-242-8896
Victor,Klimek,Visby,02/09/1967,Sweden,vklimek4c@oracle.com,727-146-7177
Alaster,De la Perrelle,Zhaobei,04/11/1950,China,adelaperrelle4d@samsung.com,176-237-3021
Heidi,Andri,Shi’ao,06/06/1971,China,handri4e@cnet.com,401-923-2481
Burton,Hassen,San Antonio,11/05/1980,United States,bhassen4f@boston.com,210-360-4615
Ingar,Bollon,Ankazoabo,07/02/1951,Madagascar,ibollon4g@sciencedirect.com,914-837-0693
Dun,Comelli,Luhans’ke,02/08/1970,Ukraine,dcomelli4h@trellian.com,743-991-8888
Erv,Abramski,Ivanishchi,12/23/1990,Russia,eabramski4i@ask.com,747-211-6696
Jephthah,Joao,Peicheng,12/01/1990,China,jjoao4j@mtv.com,878-502-4977
Phoebe,Crevy,Natarleba,11/13/1966,Indonesia,pcrevy4k@house.gov,752-537-2420
Birch,Magor,Zhangdian,07/10/1966,China,bmagor4l@free.fr,432-520-8945
Anselma,Kroll,Évreux,10/17/1962,France,akroll4m@ocn.ne.jp,175-636-4040
Randie,Paulson,San Martín,08/25/1969,Argentina,rpaulson4n@imageshack.us,992-182-0941
Bernelle,Etock,,,,betock4o@blogger.com,
Beth,Kobiera,Xiangshui,07/25/1976,China,bkobiera4p@comsenz.com,106-988-0408
Cloe,Mattes,Krông Kmar,01/20/1983,Vietnam,cmattes4q@altervista.org,199-804-0968
Natalee,Osgardby,Ráquira,03/10/1969,Colombia,nosgardby4r@com.com,915-458-2612
Pollyanna,Albutt,Kuleqi,08/06/1977,China,palbutt4s@bbb.org,847-535-0334
Dara,Penney,Concepcion,12/24/1989,Philippines,dpenney4t@ezinearticles.com,903-935-8714
Matteo,Wintersgill,Hāgere Hiywet,05/11/1970,Ethiopia,mwintersgill4u@google.com.au,274-792-6797
Isabella,Relf,Ban Takhun,09/16/1983,Thailand,irelf4v@seattletimes.com,608-823-7016
Natala,Grooby,Detroit,06/06/1952,United States,ngrooby4w@devhub.com,313-646-2144
Cyndy,Golborne,Oepula,12/20/1982,Indonesia,cgolborne4x@elpais.com,391-475-2949
Padgett,MacRedmond,Şūr,08/04/1982,Oman,pmacredmond4y@sogou.com,108-945-5822
Oswald,Fatscher,Buchanan,04/03/1964,Liberia,ofatscher4z@aol.com,989-719-4577
Valentin,Ovenell,Kurmuk,12/06/1970,Sudan,vovenell50@fc2.com,769-478-4907
Chickie,Demko,Conceição das Alagoas,01/15/1983,Brazil,cdemko51@time.com,252-902-6667
Nanci,Brewin,Pattani,10/22/1958,Thailand,nbrewin52@ebay.co.uk,459-701-8456
Nehemiah,Windrass,,,,,
Adamo,Shovelin,Jingzhou,01/09/1956,China,ashovelin54@biblegateway.com,821-165-6151
Godard,Bastock,Ogden,01/03/1995,United States,gbastock55@mac.com,801-576-8987
Waring,Westby,Zuobude,07/21/1987,China,,635-434-9755
Emyle,Erangey,Moscow,03/26/1992,Russia,eerangey57@123-reg.co.uk,707-695-9770
Franklin,Dumini,Batouri,01/20/1977,Cameroon,,155-931-0466
Elianore,Lewendon,Xiapu,06/12/1999,China,,348-140-6984
Vaclav,Sedgemond,Ballitoville,12/27/1959,South Africa,vsedgemond5a@google.ru,289-513-8491
Natasha,Zellick,Sulūq,03/26/1978,Libya,nzellick5b@blog.com,600-546-9551
Thatch,Kerwick,Alegria,09/03/1951,Philippines,tkerwick5c@youtu.be,266-365-9236
Raychel,Cullotey,Kutapanjang,03/31/1965,Indonesia,rcullotey5d@tiny.cc,492-761-9821
Tracie,Smyley,Yonghe,01/23/1993,China,tsmyley5e@uiuc.edu,861-501-3952
Michell,Pottage,Al Maḩjal,10/16/1986,Yemen,mpottage5f@mapquest.com,773-692-7500
Valdemar,Underdown,Huangascar,04/30/1981,Peru,vunderdown5g@tinypic.com,188-998-9259
Bette-ann,Boler,Halle,08/07/1992,Germany,bboler5h@ow.ly,993-483-3788
Cherey,Tiernan,Fuxing,09/30/1995,China,ctiernan5i@virginia.edu,964-354-3419
Desi,Kienzle,Yoshii,03/26/1955,Japan,dkienzle5j@google.nl,505-210-6791
Morgan,Keggin,Ōkawa,05/03/1959,Japan,mkeggin5k@slideshare.net,576-804-3825
Celie,Hobson,Besançon,12/07/1982,France,chobson5l@google.fr,643-604-3076
Twila,Klimschak,Yongfeng,05/05/1967,China,tklimschak5m@wisc.edu,991-223-3228
Agnola,Barajaz,Fangshan,02/27/1956,China,abarajaz5n@vistaprint.com,248-750-8396
Yanaton,Killiam,Prior Velho,04/22/1951,Portugal,ykilliam5o@youtube.com,464-985-8287
Mead,Overshott,Huacho,03/11/1995,Peru,movershott5p@homestead.com,142-105-7215
Reeba,Lowne,Porsgrunn,10/29/1952,Norway,rlowne5q@acquirethisname.com,383-332-2379
Rees,Tant,Bijeli,12/29/1961,Indonesia,rtant5r@meetup.com,857-125-3985
Valina,Koppel,La Mesa,03/10/1990,Panama,vkoppel5s@qq.com,444-926-5637
Olympie,Nerney,Nowshera Cantonment,12/14/1989,Pakistan,onerney5t@weibo.com,758-616-5925
Louie,Eyam,Paamiut,11/20/1969,Greenland,leyam5u@t.co,681-566-2675
Mignonne,O'Hear,Achada,02/11/1986,Portugal,mohear5v@paypal.com,329-720-9028
Kamilah,Bowser,Esperanza,03/14/1959,Philippines,kbowser5w@merriam-webster.com,531-648-0194
Filberte,Playford,Bambous Virieux,10/29/1986,Mauritius,fplayford5x@google.co.uk,716-829-7684
Jonis,Castelain,Pęczniew,10/08/1979,Poland,jcastelain5y@github.com,579-527-1484
Ottilie,Bogue,Gongping,03/14/1975,China,obogue5z@imageshack.us,636-648-2485
Karlie,Rouby,Qingquan,10/22/1975,China,,803-255-2879
Madonna,Lemary,Nizhniy Kurkuzhin,02/03/1991,Russia,,359-984-8870
Phillida,Skillett,Panawuan,08/01/1997,Indonesia,pskillett62@cyberchimps.com,426-716-1115
Dael,Blucher,Nagornyy,03/18/1991,Russia,dblucher63@wired.com,345-750-2713
Alfreda,Galle,Dingli,11/19/1977,Malta,,531-141-4195
Brittaney,Puddephatt,,,,,
Ramona,Levett,Néa Péramos,02/17/1996,Greece,rlevett66@ca.gov,922-370-1965
Arda,Lyfe,Takehara,01/08/1992,Japan,alyfe67@patch.com,727-243-0574
Morry,Tombleson,Santa Barbara,10/21/1994,United States,mtombleson68@ameblo.jp,805-245-2921
Giuditta,Salack,Tuhe,07/20/1951,China,,785-759-2376
Glynn,Simmonett,Anton,09/06/1956,Bulgaria,gsimmonett6a@vimeo.com,643-589-0110
Sidonnie,Wateridge,La Ceja,02/19/1990,Colombia,swateridge6b@abc.net.au,381-324-3371
Lurlene,Cicco,Biguo,11/28/1979,China,lcicco6c@cafepress.com,560-171-3478
Benny,Blakes,Rennes,11/14/1979,France,bblakes6d@edublogs.org,520-868-6431
Petunia,Binnes,Sun Kunda,05/22/1988,Gambia,pbinnes6e@state.gov,758-633-2584
Hurley,Blazhevich,Dadus,01/05/1950,Philippines,hblazhevich6f@economist.com,331-853-4699
Adora,Lichtfoth,Badaogu,05/20/1996,China,alichtfoth6g@hexun.com,766-637-2243
Maura,Yakunchikov,Shaping,05/07/1953,China,myakunchikov6h@apache.org,127-604-4009
Fitz,Pickett,Góra Kalwaria,03/01/1980,Poland,fpickett6i@ucoz.com,176-409-8277
Haley,Wincer,Young,06/06/1992,Uruguay,,949-721-7378
Marmaduke,Currell,,,,,
Whitaker,Lemerle,Żernica,07/09/1991,Poland,,746-432-6024
Herschel,Churchley,Liloan,10/02/1953,Philippines,hchurchley6m@amazon.co.jp,203-644-8758
Aggi,Evreux,,,,aevreux6n@biblegateway.com,
Foss,Issett,Curitiba,03/10/1954,Brazil,fissett6o@cisco.com,711-215-4154
Case,Warden,Payao,10/10/1985,Philippines,,699-443-8673
Belicia,Le Leu,Geita,08/14/1950,Tanzania,bleleu6q@mit.edu,962-200-7187
Ernesto,Sey,Guangang,01/05/1973,China,esey6r@huffingtonpost.com,598-504-9519
Ferdinand,Mumbey,Ugljevik,08/16/1974,Bosnia and Herzegovina,fmumbey6s@patch.com,551-369-5158
Elisha,Duplain,Yihe,07/18/1953,China,eduplain6t@biglobe.ne.jp,164-588-0445
Kerwin,Dresser,Ancahuasi,06/27/1976,Peru,kdresser6u@friendfeed.com,582-950-4319
Mayor,Ottiwill,Águia Branca,05/09/1988,Brazil,mottiwill6v@trellian.com,665-524-6485
Matilde,Janczewski,Suishan,11/17/1976,China,mjanczewski6w@vkontakte.ru,583-287-3712
Humberto,Prandy,Thị Trấn Thuận Châu,03/21/1965,Vietnam,hprandy6x@mozilla.com,688-772-6661
Jefferey,Di Angelo,Winduraja,06/14/1998,Indonesia,jdiangelo6y@drupal.org,253-503-7175
Jessica,Yablsley,Mnelalete,04/01/1999,Indonesia,jyablsley6z@twitter.com,936-261-2206
Fitzgerald,Macewan,Naifaru,08/16/1986,Maldives,fmacewan70@imgur.com,355-687-9806
Sawyer,Pettman,Ramat HaSharon,11/15/1989,Israel,spettman71@yelp.com,558-648-5378
Carrissa,Nolleth,Cengjia,03/19/1988,China,cnolleth72@chron.com,623-413-5736
Glennis,Pahl,Agios Dimitrios,12/04/1972,Greece,gpahl73@comsenz.com,748-917-0843
Hugh,Atlay,Talzemt,06/30/1980,Morocco,hatlay74@shareasale.com,849-759-5704
Dolley,Hunnam,Međa,01/21/1999,Serbia,dhunnam75@phoca.cz,174-543-7876
Koral,Farnaby,Błażowa,04/25/1987,Poland,kfarnaby76@blogger.com,978-533-3952
Friedrich,Mateo,Kauhan,05/25/1967,Indonesia,fmateo77@patch.com,355-430-4759
Chelsae,Blower,Mólos,04/29/1974,Greece,cblower78@seesaa.net,508-555-5856
Merci,Robbert,Yujiao,04/08/1994,China,mrobbert79@indiegogo.com,654-987-4897
Lorin,Pryn,Liwu,08/09/1950,China,lpryn7a@senate.gov,341-601-0188
Lynna,Howis,Pontalina,03/22/1984,Brazil,lhowis7b@aboutads.info,206-466-6015
Mari,Witson,Aiánteio,01/01/1996,Greece,mwitson7c@mlb.com,742-476-4416
Baron,Jados,Xingpinglu,05/15/1958,China,bjados7d@jigsy.com,327-338-9261
Thorstein,Fennessy,Kyenjojo,08/14/1979,Uganda,,457-264-1934
Gifford,Applewhite,Kadipaten,10/25/1951,Indonesia,,511-361-3063
Lyndsey,Rugge,Parajara,02/17/1950,Indonesia,,783-286-8102
Gerta,Leavens,Síkinos,04/22/1956,Greece,gleavens7h@amazonaws.com,257-624-0403
Deva,Van Ross,Sozopol,06/14/1992,Bulgaria,dvanross7i@macromedia.com,410-389-6774
Adriano,Barensen,Bacong,11/26/1990,Philippines,abarensen7j@timesonline.co.uk,302-276-5672
Dena,Glantz,Jastrowie,03/24/1976,Poland,dglantz7k@freewebs.com,241-902-8160
Alayne,Haskayne,Šumice,04/30/1994,Czech Republic,ahaskayne7l@friendfeed.com,221-914-2202
Therese,Kitchiner,Chiang Yuen,03/07/1997,Thailand,tkitchiner7m@delicious.com,845-649-1492
Hallsy,Gergolet,Misau,03/15/1998,Nigeria,hgergolet7n@skype.com,600-260-1401
Charil,Seal,Prosvet,08/25/1981,Russia,cseal7o@un.org,683-515-8898
Toddy,Sleight,Penebel,03/06/1996,Indonesia,,831-725-8243
Abe,Petrelli,Pasanggrahan,03/23/1986,Indonesia,apetrelli7q@bandcamp.com,715-476-6085
Vite,Vice,Nakamura,11/07/1962,Japan,,973-380-3864
Hailee,Baile,Almodôvar,12/17/1952,Portugal,,167-182-3056
Nita,Poate,Deán Funes,02/18/1982,Argentina,npoate7t@people.com.cn,457-834-6857
Brenna,Idiens,Mora,09/28/1987,Sweden,bidiens7u@nsw.gov.au,839-123-4866
Caria,Cobon,Trasak,08/02/1957,Indonesia,ccobon7v@nhs.uk,238-924-7448
Zelig,Lawn,Ishqoshim,12/31/1991,Tajikistan,zlawn7w@joomla.org,999-733-8805
Marian,Baylis,Zhob,01/17/1966,Pakistan,mbaylis7x@vkontakte.ru,192-848-8873
Bibi,Luciani,Lücheng,01/31/1990,China,,676-633-7111
Phyllida,MacCallam,Ranua,03/07/1967,Finland,pmaccallam7z@constantcontact.com,509-539-6341
Artair,Speight,Binhailu,02/27/1975,China,aspeight80@adobe.com,742-961-2585
Padgett,Hamill,Uppsala,01/09/1998,Sweden,phamill81@ibm.com,958-436-8970
Lira,Yanin,Cuijiamatou,08/25/1963,China,lyanin82@webs.com,568-100-8985
Chryste,Fragino,Kanye,10/01/1958,Botswana,cfragino83@dot.gov,565-105-1911
Burton,Adnett,Oelaba,10/10/1979,Indonesia,badnett84@artisteer.com,724-858-3425
Nicola,Legonidec,Cartagena,06/08/1976,Spain,nlegonidec85@soup.io,894-916-2112
Edan,Satterly,Funtua,08/10/1990,Nigeria,esatterly86@pbs.org,731-611-1914
Saleem,Peyzer,Tulay,01/30/1977,Philippines,,375-447-1667
Modestia,Severy,Tonj,08/29/1971,South Sudan,msevery88@statcounter.com,518-133-5756
Risa,Teasdale-Markie,Berber,12/13/1963,Sudan,,731-306-2401
Torr,Oosthout de Vree,Baixo Guandu,06/06/1996,Brazil,toosthoutdevree8a@oakley.com,196-407-9317
Allard,Kroch,Lovas,02/10/1993,Croatia,akroch8b@businessweek.com,876-338-3872
Brennen,Alpes,Jami,08/21/1992,Indonesia,balpes8c@moonfruit.com,950-878-2871
Appolonia,Bowerbank,Angers,08/26/1970,France,abowerbank8d@1688.com,942-294-5340
Brook,Rowcastle,Joutsa,07/29/1951,Finland,browcastle8e@phpbb.com,256-411-7535
Kassi,Summersby,Hupalivka,01/07/1964,Ukraine,,389-488-0143
Britney,Wiles,,,,bwiles8g@irs.gov,
Valentia,Melior,Kamenné Žehrovice,01/14/1976,Czech Republic,vmelior8h@github.com,943-300-4700
Merrill,Costy,Aghada,05/19/1969,Ireland,mcosty8i@huffingtonpost.com,508-898-2109
Cammy,Light,La Sarre,07/06/1988,Canada,clight8j@china.com.cn,999-232-2731
Gayla,Woodus,San José de Cusmapa,05/30/1984,Nicaragua,gwoodus8k@t.co,490-355-1914
Gleda,Rees,Al Muţayrifī,12/05/1993,Saudi Arabia,grees8l@stumbleupon.com,554-477-5339
Ursa,Aloshechkin,,,,ualoshechkin8m@macromedia.com,
Stuart,Jickles,Bronx,07/27/1965,United States,,917-314-9318
Curtice,Duinkerk,Naran-mandokhu Somon,03/22/1972,Mongolia,cduinkerk8o@dmoz.org,806-497-4811
Sonny,Zecchetti,Linëvo,03/06/1998,Russia,,315-593-4343
Ronny,O'Corrane,,,,,
Fairleigh,Rois,Orekhovo-Borisovo,08/10/1983,Russia,,333-160-5520
Ranee,Shorthill,Qiashui,12/06/1967,China,rshorthill8s@seesaa.net,890-918-6437
Tasia,Warlawe,Huangyang,07/15/1998,China,twarlawe8t@wikispaces.com,341-310-5049
Annmarie,Bains,Mingelchaur,01/31/1995,Azerbaijan,abains8u@cnn.com,722-220-1972
Cece,Blatcher,Patnongon,01/31/1976,Philippines,cblatcher8v@stumbleupon.com,961-338-8224
Tracy,Jubert,Yōkaichiba,08/29/1955,Japan,tjubert8w@va.gov,276-122-2775
Kathryn,McNelis,Kyustendil,10/01/1988,Bulgaria,kmcnelis8x@digg.com,824-119-4349
Agretha,Dobbison,‘Afula ‘Illit,09/03/1991,Israel,adobbison8y@weather.com,263-940-0597
Silvano,Byrde,Thị Trấn Thất Khê,09/20/1999,Vietnam,sbyrde8z@cam.ac.uk,238-330-1332
Ewan,Earey,Wisznice,11/07/1968,Poland,eearey90@cyberchimps.com,482-917-7408
Sherman,McDavitt,Jiangyi,03/12/1973,China,smcdavitt91@netscape.com,721-177-2814
Edee,Sayse,San Isidro,05/24/1952,Philippines,esayse92@liveinternet.ru,993-659-6435
Royce,Laskey,San Vicente,06/29/1999,Philippines,rlaskey93@buzzfeed.com,678-773-2311
Zola,Maryman,Santa Cruz del Quiché,07/05/1971,Guatemala,,704-167-6897
Dania,Gurry,Lyon,01/12/1959,France,dgurry95@uiuc.edu,141-172-9070
Hope,Kirsz,Bogi,11/26/1969,Indonesia,hkirsz96@pinterest.com,965-441-0397
Libbie,Dawidowitz,Bombu,09/30/1987,Indonesia,ldawidowitz97@desdev.cn,401-422-7798
Jemima,Schubbert,Ruzhany,07/19/1985,Belarus,,547-659-5886
Nikolas,Gilbride,Banjarejo,11/04/1958,Indonesia,,537-703-1223
Gustavus,Doodney,Pemex,11/14/1965,Mexico,gdoodney9a@phoca.cz,720-604-8747
Clarette,Davidovici,Wilamowice,12/25/1986,Poland,cdavidovici9b@google.ca,146-592-9142
Hyacinthe,MacGall,,,,hmacgall9c@ed.gov,
Benson,Gabbetis,Wilkołaz,07/02/1990,Poland,bgabbetis9d@globo.com,207-513-3256
Barrie,Leyborne,Kannus,10/09/1952,Finland,bleyborne9e@cam.ac.uk,345-266-5244
Joana,Buddington,Yilongyong,08/17/1991,China,jbuddington9f@wufoo.com,885-612-0876
Daisi,Mellsop,Hengshitang,10/01/1978,China,dmellsop9g@theguardian.com,525-687-2393
Emmet,Thurlbourne,Shihui,12/02/1962,China,ethurlbourne9h@admin.ch,268-598-8153
Marleah,Chazette,Atok,05/21/1957,Philippines,mchazette9i@dagondesign.com,315-339-0086
Neville,Kinver,Saint Louis,03/15/1985,United States,nkinver9j@chronoengine.com,314-641-2403
Allyson,Sked,Nancha,01/06/1974,China,asked9k@ycombinator.com,741-657-9855
Jaynell,Borles,Jiedu,07/21/1965,China,,538-745-7621
Vikky,Caney,Gaimán,08/23/1982,Argentina,vcaney9m@harvard.edu,225-756-4050
Janet,Paolucci,Krajan,01/08/1982,Indonesia,,328-149-6180
Susan,McGeffen,,,,smcgeffen9o@chronoengine.com,
Waylan,Bernardelli,Ranong,01/07/1968,Thailand,wbernardelli9p@ameblo.jp,630-290-9997
Alfonse,Baddeley,Ḩarf al Musaytirah,09/09/1985,Syria,abaddeley9q@tinypic.com,481-783-6310
Stacie,Stuart,Iwanai,06/01/1983,Japan,sstuart9r@typepad.com,142-553-9176
Keely,Scoates,Kamuli,12/18/1987,Uganda,,479-987-9592
Perry,Aaron,Maria,08/06/1984,Indonesia,,839-745-1168
Alana,Whicher,Riverton,07/27/1996,New Zealand,awhicher9u@samsung.com,526-790-6807
Arley,Lurriman,Mulifanua,01/07/1951,Samoa,alurriman9v@youtube.com,995-791-7936
Esteban,Tedstone,Ōkawara,07/01/1977,Japan,etedstone9w@cbslocal.com,791-548-4907
Tiebout,Heasly,Traganón,09/18/1955,Greece,theasly9x@vinaora.com,650-205-3355
Shannon,Pail,Qijiawan,06/02/1984,China,spail9y@list-manage.com,421-450-5548
Elyse,Gerardot,Morelos,07/01/1965,Mexico,egerardot9z@ocn.ne.jp,463-330-9321
Whitman,Cathel,Jiajiaying,07/28/1960,China,wcathela0@vimeo.com,426-901-5777
Conan,Hakking,Stradbally,10/06/1961,Ireland,chakkinga1@gravatar.com,971-894-4752
Mendie,Cratchley,Trindade,08/18/1985,Brazil,,916-642-6599
Carlin,Elderidge,,,,celderidgea3@ning.com,
Adelaida,Spier,Saint Ann’s Bay,02/05/1992,Jamaica,aspiera4@blogs.com,955-113-2080
Stanislas,Felce,,,,sfelcea5@parallels.com,
Israel,Blaydes,Cerinza,07/26/1976,Colombia,,751-443-9228
Carmen,Sowray,Belford Roxo,06/09/1979,Brazil,csowraya7@miitbeian.gov.cn,163-863-2911
Cchaddie,Bannell,Nikolayevka,09/02/1996,Russia,cbannella8@typepad.com,375-354-1339
Opaline,Gribben,Nakkila,01/08/1951,Finland,ogribbena9@amazon.co.jp,726-865-3616
Vanda,Tocher,Qaşr Hallāl,06/09/1986,Tunisia,vtocheraa@sohu.com,200-947-2686
Tilly,De Giorgi,Hekou,08/10/1970,China,,904-126-9805
Graig,Cherrison,Ibaiti,07/06/1972,Brazil,,355-620-8825
Manon,Minerdo,,,,mminerdoad@harvard.edu,
Michelina,Bottomley,Pulau Pinang,10/29/1995,Malaysia,mbottomleyae@disqus.com,428-291-1136
Pansie,Fairrie,Wirodayan,10/02/1974,Indonesia,,552-378-5737
Yul,Yare,Vale da Serra,09/19/1967,Portugal,yyareag@about.com,364-248-4258
Marsiella,Kelberman,Hidalgo,08/26/1976,Mexico,mkelbermanah@oaic.gov.au,727-832-9898
Terrell,Jenken,Marseille,01/02/1989,France,,448-270-2350
Fleming,MacArte,Quma,06/13/1995,China,,835-603-9378
Kittie,Orrah,Tsaghkaber,11/11/1997,Armenia,korrahak@bbb.org,704-258-0462
Adriena,Heymes,Baishan,03/11/1994,China,aheymesal@dedecms.com,658-634-2596
Abraham,Marzelo,Licun,06/04/1956,China,amarzeloam@chron.com,781-318-8019
Roze,Cristoferi,Tánh Linh,11/01/1986,Vietnam,,359-402-0356
Cindi,Sliney,Eišiškės,06/10/1964,Lithuania,cslineyao@reuters.com,761-472-8124
Arel,Vance,Zhanghuban,10/07/1988,China,avanceap@jimdo.com,637-115-0289
Masha,Savil,Sviblovo,05/29/1975,Russia,msavilaq@gmpg.org,537-177-5462
Alisa,Klagge,Da-an Sur,07/13/1955,Philippines,aklaggear@yahoo.co.jp,654-495-1764
Bev,Lyall,Xinglin,06/14/1961,China,blyallas@ehow.com,534-641-1754
Hakeem,de Mendoza,Sempu,06/08/1956,Indonesia,hdemendozaat@mit.edu,829-468-7226
Ethelda,Dainter,Jitian,11/27/1987,China,edainterau@prweb.com,355-187-1420
Haleigh,Willcox,Krasnogorskoye,01/06/1970,Russia,hwillcoxav@opera.com,784-547-0070
Alanah,Patroni,Panggunguni,06/28/1964,Indonesia,apatroniaw@chronoengine.com,262-365-4743
Janetta,Rossander,Kantemirovka,03/02/1987,Russia,jrossanderax@clickbank.net,383-171-7531
Carny,Backs,Des Moines,06/26/1954,United States,cbacksay@ow.ly,515-620-1544
Benedicto,Marchenko,Charlottetown,08/05/1970,Canada,,892-262-7827
Sioux,Bowne,Lebu,06/30/1996,Chile,sbowneb0@nih.gov,112-821-5973
Darb,Gabbotts,Cookshire-Eaton,02/06/1962,Canada,dgabbottsb1@sciencedaily.com,969-556-7141
Erastus,Clemmow,Bonriki Village,06/28/1957,Kiribati,eclemmowb2@vkontakte.ru,393-276-8465
Wat,Patten,Amboasary,06/02/1967,Madagascar,,765-700-5450
Pet,Frays,Coloncito,06/09/1994,Venezuela,pfraysb4@ebay.com,140-876-9372
Morty,Hegerty,Sandayong Sur,09/18/1968,Philippines,mhegertyb5@odnoklassniki.ru,963-912-7563
Rube,Gyngell,Wenlin,01/16/1954,China,,624-867-1576
Federico,Castiblanco,Nunleu,08/21/1967,Indonesia,fcastiblancob7@desdev.cn,270-617-9942
Kaela,Marchant,Dallas,04/29/1962,United States,kmarchantb8@edublogs.org,972-437-7420
Maynord,Covendon,Libertador General San Martín,08/25/1982,Argentina,,943-632-9980
Doe,Windsor,Eloúnda,03/21/1983,Greece,dwindsorba@dedecms.com,281-402-7509
Terrill,Northrop,Hamonggolele,07/27/1951,Indonesia,tnorthropbb@cdc.gov,482-898-1416
Washington,Cursey,Invercargill,12/04/1962,New Zealand,wcurseybc@youtu.be,111-359-6918
Eugenia,Warham,Lyon,09/10/1952,France,ewarhambd@bbb.org,572-605-9711
Reeta,Toffel,Dar es Salaam,06/05/1975,Tanzania,rtoffelbe@angelfire.com,224-207-5295
Zachariah,Grinston,Sylhet,03/10/1982,Bangladesh,zgrinstonbf@cmu.edu,379-461-4862
Sheila-kathryn,Brevitt,Czarnocin,06/21/1990,Poland,,593-910-8296
Twila,Jolly,Jelbuk,11/28/1956,Indonesia,tjollybh@senate.gov,149-984-6448
Chrisy,Sollett,Konosha,01/13/1966,Russia,csollettbi@imageshack.us,157-930-5856
Muffin,Grigorian,Kurayyimah,11/10/1993,Jordan,mgrigorianbj@princeton.edu,159-873-5366
Donaugh,Whitefoot,Boavista,03/26/1998,Portugal,dwhitefootbk@yellowpages.com,586-971-5330
Kin,Pirrey,Yimnón,08/18/1985,Greece,kpirreybl@ebay.co.uk,423-176-2556
Sabrina,Jowers,Pilzno,04/07/1996,Poland,sjowersbm@usgs.gov,174-717-6087
Ax,Moar,Compostela,03/16/1994,Philippines,,943-791-3662
Merola,Tarbath,Hashaat,03/06/1991,Mongolia,,802-527-6770
Idell,Diviney,Pocohuanca,03/03/1989,Peru,,419-540-1515
Krispin,Haggidon,Gaosheng,12/17/1993,China,khaggidonbq@mac.com,844-707-7755
Clarice,Aslet,Hobaramachi,09/02/1970,Japan,,873-103-4402
Bowie,Lowde,Belén de Escobar,09/20/1996,Argentina,blowdebs@reverbnation.com,885-308-2372
Frederich,Fernanando,,,,ffernanandobt@timesonline.co.uk,
Jermain,Calbert,,,,jcalbertbu@dell.com,
Maryanna,Rentoll,Zhongshan,12/29/1997,China,,144-472-1895
Pennie,Renouf,Yeniköy,08/24/1952,Turkey,prenoufbw@networkadvertising.org,803-457-6583
Brooke,Hazeltine,Węgrzce Wielkie,02/11/1993,Poland,bhazeltinebx@issuu.com,381-766-7384
Pammie,Block,Washington,07/13/1991,United States,pblockby@merriam-webster.com,202-789-7611
Ruthi,Biasioli,Washington,02/04/1965,United States,rbiasiolibz@ustream.tv,202-684-2436
Skippy,Munnis,Sukarama,07/21/1974,Indonesia,smunnisc0@geocities.com,714-600-2031
Sharron,Osorio,,,,sosorioc1@skype.com,
Starlin,Provis,Georgiyevka,10/21/1977,Russia,sprovisc2@macromedia.com,188-215-8702
Homer,Harkins,Severo-Zadonsk,11/11/1975,Russia,hharkinsc3@rakuten.co.jp,973-289-3037
Alvira,McGillreich,Lembanah,09/24/1985,Indonesia,amcgillreichc4@nasa.gov,460-795-8131
Misty,Raphael,Paris 12,10/26/1981,France,mraphaelc5@bluehost.com,531-528-0114
Addie,Forde,Dongfu,01/16/1982,China,afordec6@rakuten.co.jp,582-500-6809
Elysee,De Beneditti,Mandalay,01/03/1970,Myanmar,edebenedittic7@marketwatch.com,856-245-7743
Kerwinn,Farnfield,Muzhou,07/10/1984,China,kfarnfieldc8@hao123.com,605-146-0681
Ossie,Elderfield,Sangesi,09/24/1961,China,oelderfieldc9@zimbio.com,486-335-2002
Jodee,Boreland,Kozlovice,06/05/1956,Czech Republic,jborelandca@redcross.org,637-777-2395
Ursala,Bodle,Kamieniec Podolski,03/03/1984,Ukraine,,414-187-5997
Yettie,Philipet,Su-dong,01/20/1958,South Korea,yphilipetcc@naver.com,479-757-7430
Pierson,Doberer,Uppsala,12/06/1955,Sweden,pdoberercd@nasa.gov,938-828-8517
Dreddy,Lynnett,Konde,12/18/1999,Tanzania,,306-864-3649
Tito,Hambidge,Zhaocun,08/19/1968,China,thambidgecf@usatoday.com,998-609-3178
Jilli,Heasman,Winduraja,01/16/1990,Indonesia,jheasmancg@google.fr,122-818-3226
Corissa,Thoma,,,,cthomach@goo.gl,
Gillan,Lorkings,Hats’avan,01/11/1989,Armenia,glorkingsci@ed.gov,942-756-1785
Shanda,Rehn,Pajarillo,07/20/1994,Peru,srehncj@histats.com,895-342-4404
Ugo,Swale,Kawayan,11/21/1963,Philippines,uswaleck@hhs.gov,267-515-4563
Priscilla,Itzig,Zhuping,11/13/1960,China,pitzigcl@census.gov,710-162-7211
Blayne,Mattholie,Velagići,09/13/1984,Bosnia and Herzegovina,bmattholiecm@blog.com,432-732-0469
Junina,Hacket,Mathba,10/28/1994,Bangladesh,jhacketcn@reuters.com,492-909-2532
Randy,Dallin,Lingkou,07/15/1969,China,rdallinco@zimbio.com,332-705-7426
Wells,Huddle,Santo Tomás,11/25/1979,Nicaragua,whuddlecp@clickbank.net,395-391-6363
Karna,Rogliero,Metz,05/11/1954,France,kroglierocq@newyorker.com,524-760-6528
Tabbie,Kurth,Miłosław,01/14/1997,Poland,tkurthcr@usatoday.com,866-565-8328
Herminia,Guilleton,Ixopo,01/27/1992,South Africa,hguilletoncs@sciencedirect.com,220-790-7693
Napoleon,Orrill,Tozkhurmato,06/11/1953,Iraq,norrillct@state.gov,928-345-6011
Boyd,MacKintosh,Duba,12/11/1995,Saudi Arabia,bmackintoshcu@whitehouse.gov,298-501-2314
Lombard,Matveiko,Rudna Mała,03/01/1965,Poland,lmatveikocv@nih.gov,795-522-1496
Penn,McCowan,Cuenca,01/27/1995,Ecuador,pmccowancw@whitehouse.gov,424-922-1640
Rogerio,Offell,,,,roffellcx@wikipedia.org,
Vergil,Castille,Anchang,02/06/1953,China,vcastillecy@spiegel.de,251-873-9861
Rudolfo,Kenninghan,,,,rkenninghancz@soup.io,
Sterne,Mitchiner,Codoi,04/28/1959,China,smitchinerd0@bing.com,385-460-8310
Mort,Catterall,Charleston,02/25/1994,United States,mcatteralld1@newsvine.com,304-583-8937
Cele,Greenall,Lubao,04/09/1960,China,cgreenalld2@howstuffworks.com,433-619-6197
Yves,Sleney,Krasnoarmiys’k,07/09/1957,Ukraine,ysleneyd3@4shared.com,359-803-0230
Thaddeus,Ginty,Yangjia,11/07/1968,China,tgintyd4@huffingtonpost.com,588-153-6774
Hermione,Annable,Kamenjane,03/11/1960,Macedonia,,727-737-5861
Alleen,McKinney,Monaghan,02/11/1993,Ireland,amckinneyd6@google.co.jp,100-562-9399
Heather,Woollons,,,,hwoollonsd7@goodreads.com,
Annissa,Backshall,General Conesa,01/09/1985,Argentina,abackshalld8@t.co,615-366-4173
Oliviero,Cahan,Yuanba,06/21/1973,China,ocahand9@princeton.edu,852-971-7693
Foss,Crookall,,,,fcrookallda@mashable.com,
Celestyna,Paolotto,Nhà Bè,09/30/1978,Vietnam,cpaolottodb@skyrock.com,662-292-2773
Marietta,Shatliff,Verkhniy Rohachyk,01/07/1957,Ukraine,mshatliffdc@businessweek.com,824-565-5130
Amandy,Maywood,Hantsport,10/08/1967,Canada,amaywooddd@phpbb.com,737-106-7560
Dre,Atthow,Vishnyakovskiye Dachi,12/23/1967,Russia,datthowde@cbsnews.com,687-513-9116
Suzette,Tattershall,Ricardo Palma,04/16/1961,Peru,stattershalldf@altervista.org,585-281-8310
Holt,Gowans,Havirga,03/16/1999,Mongolia,hgowansdg@skype.com,771-743-1639
Bert,Duffie,Roa,12/04/1992,Indonesia,bduffiedh@diigo.com,299-389-5958
Charlie,Costley,Telsen,02/15/1961,Argentina,ccostleydi@globo.com,689-238-3252
Catrina,Abramski,Zamarski,05/23/1950,Poland,cabramskidj@uiuc.edu,638-957-7482
Ivie,Bartholomaus,Jaguariúna,08/07/1996,Brazil,ibartholomausdk@booking.com,562-417-3670
Mohammed,Platts,Carrasqueira,04/26/1967,Portugal,mplattsdl@baidu.com,562-176-5753
Jeanine,Bonifant,Jesenice,06/24/1985,Czech Republic,jbonifantdm@sitemeter.com,437-520-4995
Far,Bow,Rude,03/06/1974,Croatia,fbowdn@mail.ru,130-577-2089
Hilliard,Van den Hof,Uruguaiana,03/21/1966,Brazil,,291-416-5064
Angel,Sheals,Aco,11/04/1960,Peru,ashealsdp@sitemeter.com,100-907-6971
Artur,Cleatherow,Néa Palátia,01/18/1991,Greece,acleatherowdq@sitemeter.com,908-745-7677
Allyn,Sheach,Pakokku,04/15/1953,Myanmar,asheachdr@opensource.org,208-625-8558
Archer,Millsom,Šabac,05/01/1981,Serbia,amillsomds@pbs.org,709-388-9340
Marley,Sollitt,Thị Trấn Việt Quang,07/01/1959,Vietnam,msollittdt@hexun.com,880-403-3007
Kristi,Cramp,Tampakan,04/02/1951,Philippines,kcrampdu@jigsy.com,597-887-2260
Bria,Rumney,Zhaowanzhuang,06/09/1972,China,,878-586-2504
Deloris,Bauld,Partesh,07/23/1973,Kosovo,dbaulddw@desdev.cn,875-626-7275
Natassia,Cooke,Bergen,10/25/1975,Norway,ncookedx@bravesites.com,401-919-5336
Garald,Vicioso,Metu,02/14/1954,Ethiopia,gviciosody@intel.com,773-742-2170
Dur,Alvares,Ndibène Dahra,01/27/1992,Senegal,dalvaresdz@lycos.com,556-907-2497
Morrie,Clive,Niebylec,11/01/1974,Poland,mclivee0@bluehost.com,826-189-4164
Nanette,Keers,Rotterdam,08/23/1953,Netherlands,nkeerse1@w3.org,804-554-2578
Giacomo,Crossman,Ihuari,05/05/1967,Peru,gcrossmane2@prnewswire.com,511-737-8078
Eberhard,Swinnerton,Tanggeung Kolot,06/18/1954,Indonesia,eswinnertone3@linkedin.com,996-480-3231
Latashia,Le Merchant,Santa Catarina Barahona,06/09/1950,Guatemala,llemerchante4@dyndns.org,578-293-7274
Bobby,Bedenham,Wurigelebur,01/13/1959,Indonesia,bbedenhame5@yandex.ru,894-692-9874
Brandy,Wagen,Niedźwiedź,07/27/1954,Poland,bwagene6@ucsd.edu,413-688-6452
Whitney,Firebrace,Lancar,01/18/1950,Indonesia,wfirebracee7@scientificamerican.com,294-280-9210
Katinka,Tagg,Saint-Priest-en-Jarez,11/29/1961,France,,902-348-3457
Erin,Bonifazio,Lingyuan,10/28/1966,China,ebonifazioe9@livejournal.com,287-220-3403
Ibby,Bulfoy,Dulyapino,10/18/1965,Russia,,815-614-9412
Linn,Merrell,Belfast,04/16/1967,Canada,lmerrelleb@bravesites.com,875-566-1307
Abigale,Pollastrone,Huaniao,10/02/1959,China,apollastroneec@unesco.org,253-519-0605
Pearla,Vallentine,Utrecht (stad),04/03/1993,Netherlands,pvallentineed@auda.org.au,373-733-7296
Irina,Durtnel,Honkajoki,12/07/1956,Finland,idurtnelee@amazon.co.uk,884-268-0315
Janenna,Richardet,,,,jrichardetef@imdb.com,
Westbrooke,Fairholm,Baiyashi,05/27/1972,China,wfairholmeg@biblegateway.com,208-657-0479
Nichols,Litzmann,Pataypampa,07/07/1962,Peru,nlitzmanneh@springer.com,343-252-0058
Nadeen,Hammerich,Asquipata,04/09/1986,Peru,nhammerichei@google.nl,184-729-1731
Jasper,Benion,Desa Borogojol,02/20/1989,Indonesia,,745-514-4085
Shani,Stuehmeier,,,,sstuehmeierek@g.co,
Zebulen,Wallwork,Taipinghu,05/30/1958,China,zwallworkel@so-net.ne.jp,932-446-4101
Dallis,Lillee,Shiqian,03/24/1977,China,dlilleeem@dagondesign.com,335-505-7460
Rhea,Stobbie,Cáceres,05/03/1993,Colombia,rstobbieen@google.es,479-136-4782
Dell,Valiant,Brovary,01/24/1978,Ukraine,dvalianteo@blogger.com,580-161-3250
Giles,Snasdell,Nankou,08/06/1963,China,gsnasdellep@ucoz.ru,333-908-3627
Linette,Rishworth,Katovice,09/20/1966,Czech Republic,lrishwortheq@sbwire.com,411-325-1110
Kasey,Cromwell,Jicomé,09/08/1972,Dominican Republic,kcromweller@cloudflare.com,778-427-9809
Penny,Ocheltree,Hongsihu,04/21/1957,China,pocheltreees@deviantart.com,141-770-7800
Rodie,Radbond,Neiva,08/20/1954,Colombia,rradbondet@posterous.com,789-602-1687
Scotty,Cecil,Vladimirskaya,01/01/1953,Russia,scecileu@abc.net.au,300-478-6980
Caresa,Shildrake,Luopu,11/04/1961,China,cshildrakeev@nsw.gov.au,306-293-5213
Wallache,Iacomelli,Fernández,07/10/1996,Argentina,wiacomelliew@washingtonpost.com,527-702-9842
Chrisy,Boutell,Rego de Água,09/26/1960,Portugal,cboutellex@rambler.ru,714-142-5484
Harlene,Tweedlie,Áyios Yeóryios,07/24/1951,Greece,htweedlieey@army.mil,570-642-2776
Goldie,Schwartz,Kabacan,01/05/1981,Philippines,gschwartzez@amazon.co.uk,718-731-4098
Trip,Rattry,Terenozek,06/17/1995,Kazakhstan,trattryf0@cpanel.net,214-744-4907
Filia,Gudyer,Sumurber,01/23/1967,Indonesia,fgudyerf1@statcounter.com,138-440-5398
Sibylla,Balleine,Firenze,01/20/1998,Italy,,608-240-8936
Eimile,Eblein,Venezuela,06/22/1963,Cuba,,339-793-8439
Ivie,Dealtry,Araçatuba,08/01/1964,Brazil,idealtryf4@kickstarter.com,195-440-0322
Estrellita,Davidovsky,Quangang,10/03/1959,China,edavidovskyf5@vistaprint.com,110-438-9474
Manolo,Kitchenham,Ipoh,09/21/1973,Malaysia,mkitchenhamf6@jimdo.com,214-596-5166
Mordecai,Scipsey,Kanbula,07/13/1974,China,mscipseyf7@yellowbook.com,624-933-4324
Khalil,Godden,Costeira do Pirajubae,01/17/1981,Brazil,kgoddenf8@bravesites.com,162-367-4044
Valentin,Kilbourne,Askiz,06/16/1978,Russia,vkilbournef9@vk.com,197-967-7348
Katti,Broxholme,,,,kbroxholmefa@123-reg.co.uk,
Igor,Tothe,Mitrofanovka,04/13/1974,Russia,,538-379-6572
Elset,De Fries,Ad Dimnah,12/22/1978,Yemen,edefriesfc@usatoday.com,678-425-1205
Ronna,Mee,,,,rmeefd@purevolume.com,
Dave,Ivanaev,Belford Roxo,03/12/1951,Brazil,divanaevfe@ibm.com,245-705-4928
Jehanna,Skells,Peresvet,01/10/1967,Russia,,748-846-8576
Anatole,Hall,Arzila,03/05/1951,Portugal,ahallfg@cisco.com,123-826-2607
Donny,O'Geneay,,,,dogeneayfh@so-net.ne.jp,
Susanetta,Standering,Huangdimiao,04/01/1957,China,sstanderingfi@list-manage.com,464-981-0413
Brok,Simakov,Sucha,10/12/1956,Poland,bsimakovfj@springer.com,349-940-1020
Leola,Biggar,,,,,
Jackelyn,Axcell,,,,jaxcellfl@friendfeed.com,
Olia,Andrews,Kalidawir,08/07/1951,Indonesia,oandrewsfm@woothemes.com,962-270-0431
Mavra,Merit,Limoges,04/01/1994,France,mmeritfn@google.co.jp,199-560-3939
Hyacinth,Egar,Ngulung Wetan,07/29/1970,Indonesia,,929-203-9189
Ginnifer,Grimsdell,Gujō,03/26/1961,Japan,ggrimsdellfp@indiegogo.com,742-619-8114
Harbert,Cosslett,Weitian,11/20/1963,China,hcosslettfq@t.co,480-232-8038
Zacharie,Plume,Pokrovka,10/01/1963,Russia,zplumefr@about.me,589-181-6600
Jareb,Bucksey,San Miguel,09/27/1950,Philippines,jbuckseyfs@symantec.com,307-753-3919
Noll,Shallow,Jishui,06/14/1999,China,nshallowft@w3.org,113-495-4961
Marisa,Brugmann,Rabat,05/30/1979,Malta,mbrugmannfu@senate.gov,243-926-6777
Louisette,Kellough,Timóteo,05/28/1961,Brazil,,457-767-9506
Kareem,Legh,Alençon,07/25/1978,France,kleghfw@multiply.com,263-209-7363
Morgen,Tolle,Doctor Juan León Mallorquín,02/09/1980,Paraguay,,273-495-8289
Francis,Rawnsley,,,,,
Mei,Dougary,Uglegorsk,05/17/1975,Russia,mdougaryfz@opera.com,749-574-2479
Eachelle,Ciciura,Guáimaro,11/03/1969,Cuba,eciciurag0@blog.com,312-931-1558
Wylma,Sneaker,Trŭn,11/12/1980,Bulgaria,wsneakerg1@weebly.com,242-522-0093
Zabrina,Toulamain,Kostopil’,02/05/1982,Ukraine,,927-353-6535
Brook,Tremolieres,El Corpus,03/10/1971,Honduras,btremolieresg3@apache.org,684-794-0502
Brooks,Bartoloma,Mariental,04/10/1978,Namibia,bbartolomag4@senate.gov,450-731-7815
Godfry,Howsden,Melita,10/25/1973,Canada,ghowsdeng5@berkeley.edu,515-621-4563
Creight,Hattrick,Dogondoutchi,10/10/1994,Niger,chattrickg6@sohu.com,804-521-5354
Cinnamon,Barke,Betaf,08/01/1967,Indonesia,cbarkeg7@blogtalkradio.com,413-859-2536
Antoine,Oxley,Alaminos,06/21/1999,Philippines,,538-676-0877
Ruthy,Robinet,Beidaihehaibin,09/12/1955,China,rrobinetg9@weebly.com,206-332-7089
Karrie,Oliff,Wujiashan,03/17/1974,China,koliffga@fema.gov,858-179-6850
Freida,MacGinley,Nogueira da Regedoura,05/07/1987,Portugal,fmacginleygb@privacy.gov.au,144-376-0196
Gayelord,Chaplain,,,,gchaplaingc@biblegateway.com,
Eileen,Fawlkes,Baishi,02/08/1954,China,efawlkesgd@who.int,721-867-0357
Raf,Browell,Dubrovnik,11/18/1954,Croatia,rbrowellge@clickbank.net,742-233-6882
Marshal,Spurway,Xinzhou,05/16/1995,China,mspurwaygf@cnbc.com,688-540-4995
Vyky,Sisley,Xinmen,01/29/1954,China,vsisleygg@smh.com.au,274-664-0784
Frieda,Strauss,Salaberry-de-Valleyfield,09/29/1970,Canada,fstraussgh@fastcompany.com,797-144-4121
Claudina,Fullalove,Pujijie,05/14/1968,China,cfullalovegi@nytimes.com,179-522-3393
Trista,Claibourn,Yola,11/19/1991,Nigeria,tclaibourngj@scribd.com,784-327-7918
Erny,Erdes,Harbour Breton,04/10/1957,Canada,eerdesgk@va.gov,776-221-2703
Seumas,Paradyce,Daultāla,11/20/1967,Pakistan,sparadycegl@businesswire.com,491-567-8239
Carolina,Seemmonds,Shilong,07/14/1965,China,cseemmondsgm@va.gov,118-582-2865
Arty,Cudworth,Anahuac,09/18/1959,Mexico,acudworthgn@t.co,326-749-1905
Ker,Jeggo,Phu Kam Yao,01/31/1957,Thailand,kjeggogo@studiopress.com,437-530-3384
Jessey,O'Flaverty,Chýnov,04/04/1952,Czech Republic,joflavertygp@pcworld.com,447-481-7466
Debbi,Tomeo,Galatás,02/28/1988,Greece,dtomeogq@google.ru,232-546-7372
Gianni,Mackneis,Guernica,06/24/1971,Argentina,gmackneisgr@fc2.com,203-269-3694
Briana,Denzey,Al Qarmadah,01/06/1960,Tunisia,bdenzeygs@usda.gov,567-538-2464
Felipa,Grealy,Cancela,01/31/1993,Portugal,fgrealygt@hatena.ne.jp,399-938-3353
Otto,Chuney,Meilisi,07/14/1994,China,ochuneygu@smugmug.com,248-550-3439
Fenelia,Rosiello,Norrköping,06/05/1980,Sweden,frosiellogv@chronoengine.com,762-422-7577
Randell,Kirkhouse,Shenzhong,06/03/1953,China,rkirkhousegw@aboutads.info,114-183-6892
Reagan,Kuzma,Veltruby,07/28/1996,Czech Republic,rkuzmagx@zdnet.com,408-913-2668
Rock,Boissier,Sokol,01/03/1968,Russia,rboissiergy@cdbaby.com,730-721-8549
Teodoro,Durrett,Moulay Bouchta,04/04/1953,Morocco,tdurrettgz@soup.io,501-632-5569
Dulce,Cockell,Condado,10/22/1968,Brazil,dcockellh0@hibu.com,515-636-1865
Celisse,Peatheyjohns,Chengguan,09/24/1960,China,cpeatheyjohnsh1@bloglovin.com,229-479-5588
Evita,Sporle,Pakuncen,01/07/1965,Indonesia,esporleh2@prnewswire.com,664-634-1167
Louisette,Gotling,Birmingham,04/26/1989,United States,lgotlingh3@istockphoto.com,205-964-7385
Gherardo,Whitmore,Geser,11/17/1998,Indonesia,gwhitmoreh4@phpbb.com,699-649-8024
Say,Johnston,Koryčany,10/29/1954,Czech Republic,sjohnstonh5@scientificamerican.com,883-479-3120
Lexy,Swales,Tiout,01/22/1952,Morocco,lswalesh6@is.gd,385-785-6715
Carlyn,Pellett,Chīchāwatni,11/25/1960,Pakistan,cpelletth7@mit.edu,637-674-8911
Goldie,Yarnton,Cajolá,11/27/1999,Guatemala,gyarntonh8@indiatimes.com,129-605-5899
Kevina,Lester,,,,klesterh9@google.com,
Georgeanne,Balharrie,Novo Hamburgo,04/03/1975,Brazil,gbalharrieha@go.com,330-461-1722
Brand,Conry,Jacksonville,04/04/1955,United States,bconryhb@virginia.edu,904-371-5226
Brittne,Canepe,Esperanza,03/26/1968,Philippines,bcanepehc@moonfruit.com,101-333-1335
Dorree,Ramelet,Shiyuetian,12/09/1959,China,dramelethd@wikia.com,797-307-6333
Colline,Tschursch,Sainte-Adèle,01/23/1982,Canada,ctschurschhe@dailymail.co.uk,495-841-4667
Brannon,Reddish,Raojān,03/15/1994,Bangladesh,breddishhf@macromedia.com,186-902-8043
Travis,Burdge,Ust’-Omchug,01/25/1991,Russia,,725-869-1800
Kirsten,McGairl,Granada,07/23/1985,Peru,kmcgairlhh@timesonline.co.uk,767-540-7080
Glynnis,Quarrington,Sherwood Park,12/01/1955,Canada,,417-684-9903
Juliet,Innerstone,Limoncito,08/26/1981,Bolivia,jinnerstonehj@php.net,613-215-4357
Yorgo,Berntssen,Dayushu,05/05/1989,China,yberntssenhk@toplist.cz,644-538-1921
Fancy,Brassill,,,,fbrassillhl@wp.com,
Tadeo,Treweek,Vredenburg,09/16/1991,South Africa,ttreweekhm@blogtalkradio.com,590-534-1247
Kessia,Borham,Gunungputri,10/04/1951,Indonesia,kborhamhn@apache.org,760-916-4777
Ethyl,Smalman,Caotang,08/15/1964,China,esmalmanho@bloglines.com,831-890-6269
Gussie,Vaney,Sayyān,08/29/1986,Yemen,gvaneyhp@businessinsider.com,505-929-0488
Gilda,Bacup,,,,gbacuphq@opensource.org,
Karil,MacArthur,Mambulo,06/09/1953,Philippines,kmacarthurhr@rakuten.co.jp,204-369-0387
Meg,Rapsey,Souflí,03/21/1980,Greece,mrapseyhs@usgs.gov,720-966-8244
Renae,Swett,Fusagasuga,09/16/1958,Colombia,rswettht@independent.co.uk,195-119-2849
Lesley,Amiss,Luobei,02/20/1963,China,,558-818-7497
Judd,Caherny,Pingtan,08/23/1971,China,jcahernyhv@domainmarket.com,390-850-1494
Marshal,How to preserve,Kallar Kahār,05/11/1963,Pakistan,mhowtopreservehw@census.gov,425-127-4567
Annamarie,Lazell,Hengjie,03/13/1959,China,alazellhx@cloudflare.com,344-816-4240
Zara,Sikora,Enrile,06/21/1972,Philippines,zsikorahy@cafepress.com,641-402-9137
Gretal,Nerheny,Na Kae,12/19/1999,Thailand,gnerhenyhz@list-manage.com,363-377-3133
Phylys,Tayt,Varginha,10/27/1980,Brazil,ptayti0@netvibes.com,891-316-6034
Lamond,Cullingford,Dhankutā,12/09/1954,Nepal,lcullingfordi1@dailymail.co.uk,439-664-8917
Alyss,Hindmore,Cibodas,06/12/1985,Indonesia,ahindmorei2@ifeng.com,768-553-4731
Audry,Hagan,Gechuan,08/15/1975,China,ahagani3@quantcast.com,290-922-5750
Harley,Beeze,Río Grande,04/04/1974,Peru,hbeezei4@sciencedaily.com,406-277-2754
Zandra,Golden,Gaojiabu,08/23/1984,China,zgoldeni5@soup.io,721-960-9588
Phyllis,Simyson,Plovdiv,01/08/1993,Bulgaria,psimysoni6@bluehost.com,953-525-2182
Courtnay,Hebblewhite,Masaya,06/25/1952,Nicaragua,chebblewhitei7@symantec.com,492-625-7772
Doris,Patriskson,Shijiazhuang,01/22/1958,China,dpatrisksoni8@weebly.com,136-903-1891
Olimpia,Sexti,,,,osextii9@tinypic.com,
Natal,Chaikovski,Bolhrad,11/25/1999,Ukraine,nchaikovskiia@ask.com,454-343-1936
Brit,Radclyffe,,,,bradclyffeib@meetup.com,
Fara,Greig,Szynwałd,11/06/1972,Poland,fgreigic@multiply.com,898-261-6320
Jenna,Goligly,Tabwakea Village,12/23/1986,Kiribati,jgoliglyid@washington.edu,321-610-0620
Fonzie,Trail,Cumanacoa,03/01/1993,Venezuela,ftrailie@marketwatch.com,690-848-5255
Jess,Blouet,Asprángeloi,03/29/1955,Greece,jblouetif@wikimedia.org,197-287-8938
Finlay,Gooderridge,Rejanegara,06/16/1974,Indonesia,fgooderridgeig@google.com,518-333-7478
Nerti,Ades,Trubchevsk,11/01/1984,Russia,nadesih@ehow.com,498-466-9342
Carlin,Cammell,Bodø,04/10/1973,Norway,,600-940-0563
Barbie,Walduck,Santa Brigida,11/01/1985,Philippines,bwalduckij@gravatar.com,624-141-8191
Casey,Errington,,,,cerringtonik@list-manage.com,
Marlin,Pickett,Bobon,02/14/1990,Philippines,mpickettil@hhs.gov,823-864-5630
Herb,Goolden,Al Manshāh,09/23/1971,Egypt,hgooldenim@friendfeed.com,689-328-2576
Rafe,O'Noland,At Tall al Kabīr,09/06/1953,Egypt,ronolandin@github.com,129-304-0591
Gabie,Matteucci,Krasnaya Gorka,07/15/1971,Russia,gmatteucciio@domainmarket.com,701-124-6921
Dacey,Pawlicki,,,,dpawlickiip@bloglines.com,
Cassandry,Coneau,Cangzhou,08/14/1973,China,,394-544-5947
Anderea,Hedworth,Baranów,04/10/1962,Poland,ahedworthir@people.com.cn,924-910-6881
Aguie,Francescozzi,Canga’an,05/25/1998,Indonesia,afrancescozziis@ft.com,840-272-5026
Moritz,Sibray,Bayonne,10/15/1998,France,msibrayit@gov.uk,644-321-6782
Christalle,Mithan,San Antonio,07/12/1998,United States,cmithaniu@multiply.com,210-192-1060
Hazlett,Roache,Palcamayo,02/04/1962,Peru,hroacheiv@dedecms.com,535-631-9608
Darbee,Kidstone,Amboasary,03/07/1960,Madagascar,dkidstoneiw@constantcontact.com,884-537-6219
Caddric,Heeps,Cizhu,04/30/1980,China,cheepsix@studiopress.com,533-304-3011
Sherry,Rispen,Warugunung,03/10/1993,Indonesia,srispeniy@shinystat.com,906-188-2796
Marvin,Riveles,Saint John’s,07/09/1979,Antigua and Barbuda,mrivelesiz@weibo.com,352-255-4983
Barnebas,Boards,Boro Utara,11/04/1966,Indonesia,bboardsj0@forbes.com,806-982-3348
Lebbie,Tunmore,Xiaopu,04/12/1983,China,ltunmorej1@smugmug.com,737-199-6736
Abel,Flacknoe,Basail,06/07/1982,Argentina,aflacknoej2@biblegateway.com,220-133-4526
Monika,Wrotchford,Baimi,04/01/1957,China,,708-609-5614
Buddie,Eckford,Vila Fria,06/16/1955,Portugal,beckfordj4@cpanel.net,304-931-6033
Barnaby,Giorgione,Novoye Leushino,02/27/1975,Russia,bgiorgionej5@accuweather.com,184-771-4076
Koenraad,Tyler,Bluefields,05/03/1990,Jamaica,ktylerj6@zdnet.com,715-823-7226
Oriana,Heinzler,Barrinha,05/29/1992,Brazil,oheinzlerj7@livejournal.com,941-284-1388
Delila,Westphalen,Kariya,03/23/1968,Japan,dwestphalenj8@statcounter.com,721-101-8949
Matt,Sandiland,Silao,10/25/1954,China,msandilandj9@pagesperso-orange.fr,835-897-4475
Cristin,Mallatratt,Shanmu,11/16/1960,China,cmallatrattja@histats.com,824-861-0168
Julee,Creasy,Plalar,10/31/1992,Indonesia,jcreasyjb@opensource.org,678-215-2756
Kipp,Premble,Huilong,10/21/1955,China,kpremblejc@behance.net,566-463-5028
Lizette,McGloughlin,Duraznopampa,10/27/1957,Peru,lmcgloughlinjd@ocn.ne.jp,332-165-8948
Gaile,Farrant,Sumberbatas,06/05/1979,Indonesia,gfarrantje@wsj.com,537-201-0293
Ely,Lesley,Papakura,08/23/1979,New Zealand,elesleyjf@joomla.org,589-695-1886
Yehudi,Cotgrave,Taihu,01/26/1969,China,ycotgravejg@squidoo.com,147-249-0818
Constance,Devonside,Getung,08/19/1977,Indonesia,,894-364-3675
Giles,Prando,Sundsvall,03/14/1989,Sweden,gprandoji@java.com,773-167-0374
Bren,Monte,Funza,11/29/1964,Colombia,bmontejj@bbb.org,930-158-9817
Lem,Allicock,Detusoko,07/08/1973,Indonesia,lallicockjk@canalblog.com,681-247-2032
Deva,Aspinal,San Vicente de Moravia,07/29/1969,Costa Rica,daspinaljl@umn.edu,877-625-2110
Conway,Pearman,Quiñota,06/04/1961,Peru,cpearmanjm@deliciousdays.com,551-897-1749
Alano,Lithcow,Bualu,06/02/1996,Indonesia,alithcowjn@bbc.co.uk,171-239-2989
Jared,Hullot,Leiden,03/14/1981,Netherlands,,928-775-5776
Rosella,Mityushin,Meixian,06/11/1989,China,rmityushinjp@abc.net.au,750-265-8004
Garwin,Brigman,Alfena,12/31/1986,Portugal,gbrigmanjq@wikipedia.org,645-283-5311
Harri,Methuen,Gornja Koprivna,05/22/1974,Bosnia and Herzegovina,hmethuenjr@paypal.com,308-748-2920
Jocko,Saward,Krzyżanów,12/02/1953,Poland,jsawardjs@i2i.jp,769-598-0304
Damaris,Bulford,Baran,08/13/1959,Indonesia,dbulfordjt@apple.com,848-408-7654
Sheela,Angel,Zhuangke,10/05/1987,China,sangelju@ftc.gov,167-663-9743
Sasha,Caplan,Cabittaogan,12/28/1972,Philippines,scaplanjv@soup.io,163-736-8447
Tiffany,Fontaine,Svorónos,06/11/1977,Greece,tfontainejw@blog.com,581-403-6593
Mareah,Jannaway,Pedra Azul,04/09/1952,Brazil,mjannawayjx@europa.eu,640-219-8142
Leigha,Lomen,Yong’an,02/08/1984,China,llomenjy@wix.com,362-136-6902
Althea,Alessandretti,Tirapata,01/22/1959,Peru,aalessandrettijz@oaic.gov.au,714-718-7553
Quinton,Cantera,Pekan,06/01/1981,Malaysia,qcanterak0@geocities.jp,419-713-6232
Davida,Konert,,,,dkonertk1@globo.com,
Brennan,Abrahamoff,Alcorriol,05/22/1958,Portugal,babrahamoffk2@mail.ru,633-682-4314
Lorant,Poytres,Guta,12/31/1989,China,lpoytresk3@ebay.co.uk,799-265-1352
Javier,Tewnion,Oslo,09/25/1962,Norway,jtewnionk4@acquirethisname.com,907-718-9352
Reta,Padly,Rognedino,05/18/1972,Russia,rpadlyk5@boston.com,459-899-1803
Innis,De la Barre,Shah Alam,02/10/1950,Malaysia,idelabarrek6@upenn.edu,847-142-7830
Elsworth,Coppledike,Pampa de los Guanacos,10/17/1955,Argentina,ecoppledikek7@sogou.com,590-753-5288
Dacey,Speir,Leonárisso,01/23/1951,Cyprus,dspeirk8@intel.com,154-328-4941
Shandy,Sponer,,,,ssponerk9@patch.com,
Genny,Sleith,Kālīganj,04/30/1955,Bangladesh,gsleithka@thetimes.co.uk,877-728-1417
Jobey,Rosenfrucht,Ukrainka,07/26/1970,Ukraine,jrosenfruchtkb@scribd.com,559-198-7980
North,Gooddy,Thulamahashi,09/15/1959,South Africa,ngooddykc@hugedomains.com,551-918-8080
Gweneth,Semeniuk,Fāmenīn,08/31/1956,Iran,gsemeniukkd@networksolutions.com,288-354-4165
Clement,Pietrusiak,Chadiza,11/10/1974,Zambia,cpietrusiakke@twitter.com,645-590-9716
Dimitry,Trank,La Jicaral,07/18/1967,Nicaragua,,258-252-6882
Isabella,Perview,Beloostrov,06/12/1961,Russia,iperviewkg@vistaprint.com,330-186-9790
Leticia,Balasin,Sucha,11/18/1999,Poland,,208-204-9894
Raffaello,Jerger,,,,rjergerki@huffingtonpost.com,
Herbie,Fellgett,Praimarada,02/22/1970,Indonesia,hfellgettkj@1688.com,805-582-1862
Christabella,Isham,Terre Haute,01/22/1976,United States,cishamkk@diigo.com,812-119-4117
Ingelbert,Ruffey,Tyazhinskiy,02/15/1952,Russia,iruffeykl@gov.uk,726-535-2896
Robinson,Bickers,Rejoyoso,05/13/1997,Indonesia,rbickerskm@google.co.jp,632-678-6689
Huntington,Casey,Gaoua,10/10/1974,Burkina Faso,hcaseykn@mapy.cz,775-252-5448
Jelene,Olford,Rancaerang,07/23/1964,Indonesia,jolfordko@ca.gov,105-800-8150
Rollie,Sauter,Itapecerica da Serra,04/19/1969,Brazil,rsauterkp@godaddy.com,486-178-7107
Elise,Rapelli,Perre,12/05/1952,Portugal,erapellikq@va.gov,954-887-0605
Esme,Auld,Herrera,01/19/1972,Argentina,eauldkr@weebly.com,780-146-9702
Elvis,Endersby,Tonantins,12/09/1973,Brazil,eendersbyks@fema.gov,438-941-1281
Lelia,Matyushonok,Skuodas,08/27/1995,Lithuania,lmatyushonokkt@fc2.com,647-297-8907
Joachim,Kleinstern,Tarimbang,03/24/1975,Indonesia,jkleinsternku@bravesites.com,372-265-2188
Annamaria,Drew,La Calera,03/29/1952,Argentina,adrewkv@baidu.com,985-198-0686
Germana,McCauley,Woloara,03/02/1992,Indonesia,gmccauleykw@devhub.com,770-416-4661
Rourke,Abeles,Bogo,07/10/1978,Cameroon,,130-583-0133
Denni,Ravenscroftt,Bongao,06/13/1952,Philippines,dravenscrofttky@usgs.gov,541-781-6203
Urban,Jojic,Orito,10/16/1986,Colombia,ujojickz@imageshack.us,380-527-9139
Vanny,Adamovicz,Panjing,11/15/1968,China,vadamoviczl0@51.la,760-931-8121
Jillane,Durram,Bieligutai,09/18/1964,China,,799-372-2371
Abby,Renfield,Kaynardzha,08/21/1950,Bulgaria,arenfieldl2@w3.org,751-164-6634
Teriann,Poolton,Anibare,07/16/1962,Nauru,tpooltonl3@salon.com,506-370-3808
Krystle,Chard,Jiushe,03/12/1982,China,kchardl4@prweb.com,860-535-8566
Katti,Busch,Chojnów,08/28/1995,Poland,kbuschl5@japanpost.jp,536-779-7734
Vaughn,Syphus,Karangtawar,03/18/1992,Indonesia,,357-881-9746
Demetre,Laytham,Huilong,09/08/1960,China,dlaythaml7@marriott.com,153-358-0207
Xymenes,Logan,Krueng Luak,03/04/1952,Indonesia,xloganl8@elpais.com,724-584-1019
Jeni,Axtell,Pomahuaca,05/05/1998,Peru,jaxtelll9@wikipedia.org,601-665-4656
Damita,Weed,Kout na Šumavě,10/04/1992,Czech Republic,dweedla@trellian.com,940-785-5756
Aldric,Lapides,Shimoda,12/26/1970,Japan,alapideslb@rakuten.co.jp,890-349-3105
Thorin,Lainge,Feira de Santana,03/26/1978,Brazil,tlaingelc@ucsd.edu,292-495-2991
Percival,Haddleton,Miratejo,06/09/1973,Portugal,phaddletonld@fema.gov,186-988-3368
Dorothee,Hollyman,Thị Trấn Mường Khương,06/23/1978,Vietnam,,325-112-1929
Omero,De Simoni,Niterói,03/15/1989,Brazil,odesimonilf@icq.com,879-781-3665
Darnall,Peile,Tarxien,08/09/1970,Malta,,173-102-8102
Liv,Yepiskov,Karakul’,05/25/1956,Uzbekistan,lyepiskovlh@naver.com,223-314-5799
Lilith,Basset,Magdeburg,07/28/1980,Germany,,349-463-2241
Tamma,Hanshaw,Shilovo,06/16/1964,Russia,,606-608-4368
Ephraim,Vellender,Guadalupe,03/28/1975,Peru,evellenderlk@marriott.com,457-572-0168
Roxane,Trood,Ülken,06/01/1970,Kazakhstan,rtroodll@artisteer.com,726-609-0722
Conny,Youson,Lashkar Gāh,01/06/1997,Afghanistan,cyousonlm@gizmodo.com,394-899-5513
Evelina,Sandiford,Khalopyenichy,04/04/1972,Belarus,,120-940-8949
Ardella,Roote,Klyuchi,02/21/1954,Russia,arootelo@woothemes.com,568-425-2693
Allegra,McIlheran,Sulop,07/11/1974,Philippines,amcilheranlp@guardian.co.uk,991-391-5814
Billie,Bendson,Cavaillon,07/24/1996,France,bbendsonlq@mtv.com,320-764-2485
Brenna,Duckerin,Funtua,07/26/1983,Nigeria,bduckerinlr@pcworld.com,125-227-6719
Les,Szymanski,Paris 02,04/05/1956,France,lszymanskils@comsenz.com,542-542-8813
Georgianne,Shiers,Mizque,12/10/1950,Bolivia,gshierslt@mediafire.com,408-250-5263
Thorstein,Gainfort,La Uvita,11/11/1980,Colombia,tgainfortlu@zdnet.com,294-867-0368
Trenton,Lazare,Téra,01/14/1996,Niger,tlazarelv@salon.com,154-526-6467
Novelia,Stanett,Arcos,05/19/1962,Brazil,nstanettlw@nps.gov,894-986-2267
Linette,Crowdson,Sandakan,09/18/1989,Malaysia,lcrowdsonlx@goo.ne.jp,658-614-9039
Belia,Saket,Changleng,08/27/1974,China,bsaketly@smh.com.au,492-735-1292
Josi,Styan,Paraná,07/28/1974,Argentina,jstyanlz@myspace.com,787-721-3804
Chelsy,Pedri,,,,cpedrim0@hc360.com,
Arte,Shippam,Ilebo,06/30/1991,Democratic Republic of the Congo,,914-243-0678
Marcellus,Trusslove,Ambalavao,01/10/1980,Madagascar,mtrusslovem2@patch.com,773-508-0268
Lise,Ratledge,Antofagasta,11/11/1985,Chile,lratledgem3@bandcamp.com,652-343-5941
Ulric,Cracie,Jenggawah,07/02/1965,Indonesia,ucraciem4@icio.us,304-687-0442
Barrie,Culmer,Salt Lake City,10/25/1983,United States,bculmerm5@comcast.net,801-310-6372
Jacquetta,Lasslett,,,,jlasslettm6@prlog.org,
Joye,Cogger,Yuetang,01/26/1972,China,jcoggerm7@uiuc.edu,981-627-0183
Jasmina,Jaimez,Bethel Town,11/09/1964,Jamaica,jjaimezm8@typepad.com,885-879-0304
Elsa,Hun,Sukamaju,04/29/1996,Indonesia,ehunm9@google.com.au,534-959-3746
Minny,Skinn,Sindangsari,08/09/1959,Indonesia,mskinnma@prlog.org,611-894-4363
Latrina,Grinnell,Leteki,06/18/1952,Indonesia,lgrinnellmb@fda.gov,767-181-4562
Briggs,Fosse,Tékane,04/19/1973,Mauritania,bfossemc@amazon.co.uk,587-434-9522
Beverlee,Garwell,Xambabazar,01/31/1957,China,,153-173-1539
Rockey,Deschelle,Holice,02/23/1973,Czech Republic,rdeschelleme@mozilla.org,222-377-5527
Nahum,Warin,Rogongon,03/10/1976,Philippines,nwarinmf@goodreads.com,441-503-9904
Gabi,Pedron,Khal’ch,08/30/1973,Belarus,gpedronmg@theguardian.com,734-335-6590
Tiff,Farfolomeev,Sabanagrande,09/02/1954,Honduras,tfarfolomeevmh@businessinsider.com,852-248-4332
Claudelle,Capnor,Bandar-e Ganāveh,05/12/1972,Iran,,417-680-6059
Dianne,Trulock,Loakulu,07/18/1951,Indonesia,dtrulockmj@oracle.com,313-781-9935
Nancie,Birrell,Shimada,05/10/1977,Japan,nbirrellmk@google.nl,231-696-4562
Phil,Wivell,Boulaide,12/28/1977,Luxembourg,pwivellml@ted.com,504-524-2991
Bea,Osmon,Karangmulyo,06/21/1958,Indonesia,bosmonmm@arstechnica.com,193-741-5599
Pedro,Richten,Drzewica,04/26/1991,Poland,prichtenmn@bigcartel.com,721-361-8959
Catarina,Turner,Huanfeng,08/01/1979,China,cturnermo@delicious.com,271-424-0776
Benson,Blazeby,Troitsk,11/16/1955,Russia,bblazebymp@geocities.com,355-714-2703
Keelby,Flook,Qacha’s Nek,02/19/1983,Lesotho,kflookmq@cbc.ca,179-763-0529
Amble,Abby,Leiria,05/19/1957,Portugal,,853-806-3926
Adolph,Brunicke,Kuala Bintang,02/18/1952,Indonesia,,173-236-1346
Cirstoforo,Salters,Wangjiachang,07/03/1999,China,csaltersmt@jimdo.com,512-361-3148
Janeen,Matelyunas,Ombarade,04/13/1950,Indonesia,jmatelyunasmu@cargocollective.com,589-101-1879
Karlen,Elder,Kryvichy,05/11/1950,Belarus,,244-492-5070
Lynne,Ismail,Nowa Sól,01/09/1988,Poland,,967-854-2275
Ryann,McNaught,,,,rmcnaughtmx@cmu.edu,
Riki,Yanyushkin,Vinkkilä,12/27/1966,Finland,ryanyushkinmy@amazon.co.jp,560-892-5968
Lawry,Ciric,Juatuba,05/10/1989,Brazil,,971-475-9891
Austen,Baine,Nankun,07/06/1964,China,abainen0@reuters.com,139-186-7056
Devina,Oakley,Campor,04/25/1992,Indonesia,doakleyn1@microsoft.com,608-113-0145
Saba,Denizet,General Roca,08/28/1961,Argentina,sdenizetn2@mac.com,627-499-8056
Pete,Beumant,Ocongate,12/01/1979,Peru,pbeumantn3@people.com.cn,865-654-7037
Laina,Rushmere,Yangxipu,07/12/1990,China,lrushmeren4@scientificamerican.com,404-835-1520
Alwin,Grimm,Lushnjë,06/24/1972,Albania,agrimmn5@yandex.ru,297-527-5540
Algernon,Budleigh,Rybnoye,07/22/1958,Russia,abudleighn6@cyberchimps.com,954-723-5695
Gonzales,Waterworth,Viraco,11/25/1954,Peru,gwaterworthn7@printfriendly.com,685-892-0396
Leanna,Joist,Tiechang,06/01/1965,China,ljoistn8@dropbox.com,261-863-1846
Uriel,Sheardown,T’aebaek,09/22/1967,South Korea,usheardownn9@europa.eu,906-434-5779
Marleah,Woodham,Shīnḏanḏ,04/18/1969,Afghanistan,mwoodhamna@eepurl.com,359-813-9961
Ninon,Bernadon,Eling,06/11/1997,China,,597-475-6737
Rodney,Cotterrill,Gajah,08/13/1954,Indonesia,rcotterrillnc@wikia.com,437-510-9899
Marney,Cooksey,,,,mcookseynd@unc.edu,
Marielle,Beauvais,Shijia,11/14/1991,China,mbeauvaisne@privacy.gov.au,246-872-5932
Seth,Ferriby,Spandaryan,04/11/1971,Armenia,sferribynf@mediafire.com,433-192-6824
Brooke,McCrisken,Le Puy-en-Velay,08/21/1991,France,bmccriskenng@oakley.com,935-989-0093
Holden,Kingsly,Chaplygin,06/26/1969,Russia,hkingslynh@flavors.me,217-431-1819
Alphonso,Comolli,,,,acomollini@bloglovin.com,
Billie,Tiller,,,,btillernj@1und1.de,
Drucie,Golds,Koch'ang,07/10/1985,South Korea,dgoldsnk@amazon.co.uk,581-381-1979
Elsy,Dixcey,Azacualpa,12/06/1956,Honduras,,268-524-5022
Verney,Seson,Cairani,06/11/1973,Peru,vsesonnm@jimdo.com,346-446-8101
Consolata,Phear,Half Way Tree,09/05/1961,Jamaica,cphearnn@flavors.me,554-360-6505
Arleyne,Vanyatin,Lyon,04/24/1989,France,avanyatinno@so-net.ne.jp,439-300-5444
Conrado,Warde,San Antonio,10/12/1973,Mexico,cwardenp@pen.io,158-358-5105
Aggy,Armes,Kargowa,09/18/1968,Poland,,872-611-7834
Payton,Chapleo,Tiantai Chengguanzhen,02/21/1968,China,pchapleonr@telegraph.co.uk,798-381-2193
Joey,Riccelli,Xinmin,01/18/1956,China,jriccellins@cnn.com,497-314-6339
Bret,Fehely,Conima,06/17/1981,Peru,bfehelynt@europa.eu,463-590-2838
Ingeberg,Rosson,Hekou,01/12/1986,China,irossonnu@netlog.com,346-320-5914
Cullin,Billham,Cileles,12/30/1996,Indonesia,cbillhamnv@behance.net,896-150-1311
Josi,Walkinshaw,Atyrau,06/29/1959,Kazakhstan,jwalkinshawnw@wordpress.org,310-100-2037
Maurene,Zanussii,Yefremov,07/26/1973,Russia,mzanussiinx@bloglovin.com,668-237-0728
Buddy,Tyt,Xinhe,04/02/1989,China,btytny@telegraph.co.uk,698-891-5145
Berna,Karslake,Amsterdam Oud Zuid en Rivierenbuurt,04/22/1997,Netherlands,bkarslakenz@flickr.com,459-239-1247
Dacie,Fitzmaurice,Gapyeong,01/21/1962,South Korea,dfitzmauriceo0@aol.com,158-915-9459
Mohandas,Landall,Lakeland,08/21/1989,United States,mlandallo1@mozilla.com,863-308-5284
Ardyth,Drogan,Lachowice,10/19/1998,Poland,adrogano2@google.co.jp,764-464-7961
Sadye,Spikeings,Pakapasan Ilir,02/12/1958,Indonesia,sspikeingso3@bbc.co.uk,998-320-4278
Zorine,Filyukov,Kruhlaye,05/05/1995,Belarus,zfilyukovo4@constantcontact.com,733-527-0794
Dulcia,Mockford,,,,dmockfordo5@drupal.org,
Maxine,Sacchetti,Hubynykha,01/18/1950,Ukraine,msacchettio6@macromedia.com,183-444-9786
Jeddy,McGarrity,Neyrīz,07/19/1959,Iran,jmcgarrityo7@prlog.org,282-439-1235
Annis,Ghidini,Lota,07/21/1961,Chile,aghidinio8@slashdot.org,829-279-0329
Phyllida,Tournie,Jonkowo,10/18/1954,Poland,,644-876-7015
Brietta,Ambler,Seara,09/15/1972,Portugal,bambleroa@guardian.co.uk,236-470-2160
Gayler,Wodham,Brest,09/18/1993,France,gwodhamob@de.vu,876-432-5166
Ki,Huckster,Punta de Piedra,10/22/1998,Venezuela,,426-103-0003
Robinet,Owlner,Heshui,02/18/1987,China,,688-681-7602
Arlana,Hovard,Irirum,06/28/1973,Philippines,ahovardoe@jigsy.com,717-258-0835
Ivonne,Hulburd,Žalec,06/19/1990,Slovenia,,662-610-9815
Adham,Baal,Fuyang,12/13/1963,China,abaalog@businesswire.com,399-883-7150
Rosalie,Swayton,Chengnan,03/26/1984,China,rswaytonoh@lycos.com,811-306-1760
Zack,Murkus,San Agustin,11/26/1982,Philippines,zmurkusoi@yellowbook.com,431-680-4479
Lyda,Essberger,Dębica,08/26/1984,Poland,lessbergeroj@businessinsider.com,674-120-7747
Dannel,Waylen,Sémbé,11/10/1983,Republic of the Congo,dwaylenok@tmall.com,660-288-9656
Raviv,Warcup,Detroit,05/05/1980,United States,rwarcupol@mac.com,248-661-4220
Jenna,Bosse,Tajan,08/14/1959,Indonesia,jbosseom@squarespace.com,966-947-6174
Isiahi,Belton,Masvingo,06/05/1953,Zimbabwe,ibeltonon@nsw.gov.au,803-428-7194
Celinda,Younghusband,Parizh,04/23/1952,Russia,cyounghusbandoo@prnewswire.com,556-203-3887
Yank,Float,Bealanana,09/30/1951,Madagascar,yfloatop@naver.com,542-784-9905
Jose,Caudle,Embalse,02/04/1971,Argentina,jcaudleoq@geocities.com,356-666-9408
Cecilius,Haggeth,Amsterdam,07/02/1953,Netherlands,chaggethor@wordpress.com,533-311-7829
Sorcha,Raincin,Tucano,10/25/1964,Brazil,sraincinos@omniture.com,928-565-7498
Anet,Keilloh,Nesterovskaya,04/13/1956,Russia,,774-987-4906
Drucie,Fawke,Bolkhov,08/05/1978,Russia,dfawkeou@1und1.de,520-630-5229
Darnall,Yanukhin,‘Amd,11/21/1976,Yemen,dyanukhinov@senate.gov,256-154-2734
Dacie,Worge,San Cristobal,05/05/1996,Mexico,dworgeow@hugedomains.com,608-345-8588
Tressa,Fallowfield,Söderhamn,03/11/1957,Sweden,tfallowfieldox@hhs.gov,768-164-3246
Brett,Boshier,Lota,03/25/1950,Chile,bboshieroy@com.com,372-123-5839
Arline,Budnik,San Pedro,01/23/1964,Philippines,abudnikoz@rediff.com,251-296-2067
Herta,Robjohns,,,,hrobjohnsp0@123-reg.co.uk,
Giacopo,Drayn,Toledo,09/10/1958,Brazil,gdraynp1@stumbleupon.com,113-582-1019
Tuckie,Coonihan,Montpellier,08/14/1998,France,tcoonihanp2@blog.com,163-679-3319
Bernadene,Yousef,Al Ḩawātah,10/29/1952,Sudan,,101-119-4252
Gordon,Van Arsdale,San José,10/10/1999,Costa Rica,gvanarsdalep4@last.fm,656-613-8007
April,Veall,Poręba Spytkowska,04/26/1956,Poland,aveallp5@weebly.com,695-725-4567
Gnni,Flinn,Ruteng,06/20/1990,Indonesia,gflinnp6@gravatar.com,616-711-4558
Neal,Lehrian,Kavieng,06/11/1991,Papua New Guinea,nlehrianp7@mediafire.com,399-681-5747
Robin,Pattullo,Subrag,12/09/1976,China,rpattullop8@geocities.com,386-139-4610
Quentin,Penkman,Issy-les-Moulineaux,02/08/1960,France,qpenkmanp9@miitbeian.gov.cn,910-915-7523
Bunny,Bransby,Kedrovyy,02/09/1959,Russia,,604-671-0053
Abraham,Kienzle,Santiaoshi,04/24/1975,China,akienzlepb@marriott.com,808-451-6585
Patrizia,Kidman,Nandaime,08/12/1962,Nicaragua,pkidmanpc@marriott.com,896-120-6196
Dionisio,Blucher,Tirah,08/12/1979,Israel,dblucherpd@npr.org,642-712-8569
Leonhard,MacGillavery,Ryazhsk,12/20/1953,Russia,lmacgillaverype@devhub.com,330-846-7644
Robinet,Soutter,Faleula,03/19/1977,Samoa,,156-737-2011
Dulcinea,Pattlel,Bystřice nad Pernštejnem,05/05/1972,Czech Republic,dpattlelpg@cloudflare.com,378-945-8819
Ada,Dineges,Darhan,02/04/1976,Mongolia,,335-429-9354
Tiff,Markwell,Caihe,01/14/1959,China,tmarkwellpi@goo.ne.jp,114-570-2005
Vin,Videneev,Chanhe,03/23/1956,China,vvideneevpj@phoca.cz,552-536-2262
Thaddus,Chazelas,Dumbéa,07/25/1971,New Caledonia,tchazelaspk@unicef.org,878-590-3658
Amity,Pinkerton,Paris 17,10/08/1993,France,apinkertonpl@google.de,593-406-2592
Ansley,Jurries,Jiangwan,12/03/1980,China,ajurriespm@photobucket.com,914-643-2367
Shauna,Duligall,Barra do Corda,03/09/1954,Brazil,sduligallpn@topsy.com,703-746-9056
Arlyne,Hofler,Reiko,01/27/1965,South Korea,ahoflerpo@i2i.jp,307-855-8913
Veda,Thyng,Long Xuyên,06/22/1996,Vietnam,vthyngpp@wunderground.com,169-917-2640
Fitzgerald,Bicheno,Henghe,02/20/1979,China,fbichenopq@irs.gov,183-996-6202
Murielle,Mitchelson,,,,mmitchelsonpr@shinystat.com,
Whitby,Tomasik,Yuhuang,03/09/1995,China,,305-117-9993
Abrahan,Acreman,Debark’,12/03/1960,Ethiopia,aacremanpt@indiegogo.com,771-392-7051
Daisi,Daffey,Nové Sedlo,12/12/1989,Czech Republic,ddaffeypu@hc360.com,526-171-8516
Arte,Brantzen,Bira,04/15/1993,Russia,abrantzenpv@godaddy.com,138-741-2344
Corny,MacKimm,Tukan,09/29/1995,Russia,cmackimmpw@google.de,834-697-0134
Odessa,Trenouth,,,,otrenouthpx@indiegogo.com,
Izabel,O'Halleghane,Manhush,02/20/1986,Ukraine,,561-432-4155
Tuckie,De Bell,Świnice Warckie,09/14/1966,Poland,tdebellpz@cafepress.com,915-320-7252
Erika,Naish,Nangerang,07/04/1957,Indonesia,enaishq0@cdc.gov,495-269-8326
Morgun,Blowick,Mačkovec,05/08/1969,Croatia,mblowickq1@hexun.com,648-507-4440
Jordan,Lorenzin,Nyapar,07/28/1994,Indonesia,jlorenzinq2@mapy.cz,828-964-1786
Harli,Larratt,Dolo,04/30/1952,Philippines,hlarrattq3@admin.ch,555-368-0817
Annamaria,Chadbourne,Leskovac,01/27/1952,Serbia,achadbourneq4@comcast.net,957-860-2496
Ali,Roch,Agoo,01/26/1976,Philippines,arochq5@squidoo.com,691-160-4553
Inigo,Moutray Read,Merida,02/01/1957,Philippines,imoutrayreadq6@upenn.edu,465-989-9366
Ariana,Saunton,Murtajih,03/29/1952,Indonesia,,523-981-8913
Anabal,Rawls,Magatos,07/20/1990,Philippines,arawlsq8@ow.ly,937-884-9164
Reinaldo,Hammerson,Propriá,05/25/1957,Brazil,rhammersonq9@histats.com,853-483-9685
Selle,Sinderland,Mazhu,02/02/1968,China,ssinderlandqa@cam.ac.uk,317-259-3302
Hartley,McCarver,Itaguaí,02/28/1967,Brazil,hmccarverqb@google.pl,867-942-7187
Phylis,Peck,Sélestat,07/07/1950,France,ppeckqc@booking.com,353-156-7733
Harley,Corsham,Marianowo,10/30/1968,Poland,hcorshamqd@cornell.edu,796-844-2870
Morley,Trayhorn,Baranów,03/10/1967,Poland,mtrayhornqe@diigo.com,844-952-9410
Gregor,Bartleman,Dashtobod,08/28/1997,Uzbekistan,gbartlemanqf@yahoo.com,573-872-0773
Paloma,Mitchard,Limoeiro de Anadia,03/06/1974,Brazil,,909-103-4829
Faulkner,Mazonowicz,Saint-Julien-en-Genevois,09/03/1984,France,,834-819-8315
Ricky,Hennington,Baizhong,03/14/1961,China,,150-474-3095
Emlynne,Folds,Saint-Gratien,06/17/1956,France,efoldsqj@nbcnews.com,143-594-2231
Theobald,Ber,Heshui,02/19/1969,China,tberqk@w3.org,111-781-8122
Carley,Kharchinski,Yidu,12/17/1959,China,ckharchinskiql@discovery.com,951-639-6229
Dee dee,Heiton,Mochumí,12/30/1994,Peru,dheitonqm@apple.com,484-905-7432
Seka,Meysham,Balangiga,11/15/1973,Philippines,smeyshamqn@alexa.com,423-812-8750
Petrina,McArley,Alphen aan den Rijn,01/18/1957,Netherlands,pmcarleyqo@washingtonpost.com,357-693-2203
Mira,McKerton,Thị Trấn Cao Lộc,07/25/1958,Vietnam,mmckertonqp@harvard.edu,835-978-3191
Steffane,Jaouen,Shanxiahu,08/17/1979,China,sjaouenqq@marketwatch.com,261-227-2384
Morrie,Pinare,Qiaozhen,09/18/1969,China,mpinareqr@google.com,188-161-0654
Sanderson,Worgan,Luxi,09/05/1962,China,sworganqs@lycos.com,546-161-8147
Sacha,Vankin,Halmstad,02/15/1971,Sweden,svankinqt@booking.com,841-237-3614
Caroline,Mabbe,Moss,08/20/1991,Norway,cmabbequ@goo.gl,979-301-7074
Buckie,Lovejoy,Alcalá,05/29/1984,Colombia,,897-739-6701
Coletta,Phillips,Dongbian,01/21/1990,China,cphillipsqw@storify.com,355-357-8945
Bethany,Rainville,,,,brainvilleqx@un.org,
Susann,Bineham,Grazhdanskoye,11/08/1995,Russia,sbinehamqy@printfriendly.com,861-720-7883
Joshuah,Droogan,Khatsyezhyna,08/05/1978,Belarus,jdrooganqz@typepad.com,724-133-6034
Esmaria,Shevelin,Janūb as Surrah,10/29/1988,Kuwait,eshevelinr0@multiply.com,845-631-3639
Charissa,Abramchik,Stockholm,10/26/1976,Sweden,cabramchikr1@theguardian.com,227-684-1146
Delly,Dabbes,Ōkawa,05/12/1978,Japan,,313-211-5255
Peri,Draper,Lisieux,06/13/1988,France,pdraperr3@yale.edu,238-476-8009
Modesta,Leachman,Qingxi,11/05/1979,China,mleachmanr4@shareasale.com,246-206-8384
Helenka,Maskrey,Évreux,03/03/1986,France,,256-689-3622
Violetta,Sacase,Lucun,06/02/1990,China,vsacaser6@symantec.com,783-834-1126
Annamarie,Rambadt,Ji’ergele Teguoleng,10/19/1974,China,arambadtr7@tumblr.com,412-341-3414
Louisette,Ehlerding,Särkisalo,07/02/1982,Finland,lehlerdingr8@nydailynews.com,720-745-6365
Rowney,Whitehair,Santa Helena de Goiás,02/27/1961,Brazil,rwhitehairr9@mapquest.com,744-643-5204
Julianna,Bendelow,Tarikolot,05/23/1995,Indonesia,jbendelowra@elpais.com,693-107-0689
Ralina,Kensett,Rönninge,04/26/1981,Sweden,rkensettrb@indiatimes.com,747-806-8380
Diana,Stott,Dragomer,01/29/1996,Slovenia,,384-556-1896
Candie,Saffer,San Pedro Jocopilas,05/29/1963,Guatemala,csafferrd@goodreads.com,360-244-4637
Coralyn,Dymott,Kolpny,01/20/1964,Russia,cdymottre@prnewswire.com,126-910-7847
Danice,Gooda,,,,dgoodarf@instagram.com,
Fannie,Gantzman,Alto Río Senguer,08/13/1956,Argentina,fgantzmanrg@edublogs.org,699-337-4566
Zora,Perring,Oetua,10/03/1984,Indonesia,zperringrh@cyberchimps.com,758-688-5959
Wat,Kingswoode,Tuwa,05/16/1973,Indonesia,wkingswooderi@geocities.com,420-426-4054
Amberly,Humburton,,,,ahumburtonrj@sogou.com,
Faustine,De Clairmont,Espérance Trébuchet,08/07/1965,Mauritius,fdeclairmontrk@ycombinator.com,615-805-7637
Ruthy,Basso,Fotolívos,11/05/1963,Greece,rbassorl@wordpress.org,594-647-2596
Mallissa,Addie,Chiguirip,11/07/1998,Peru,maddierm@spiegel.de,753-973-3099
Elspeth,Alger,Yaizu,04/25/1973,Japan,,577-725-6419
Staffard,Curless,Silihe,08/06/1996,China,scurlessro@fastcompany.com,443-663-4295
Bernie,Raddish,Haylaastay,05/10/1991,Mongolia,braddishrp@xinhuanet.com,972-490-3091
Diann,Mitchenson,San Jose,12/11/1964,Philippines,dmitchensonrq@google.com,549-157-3756
Stevy,Dericut,Daba,02/23/1956,China,,612-245-9228
