first_name,last_name,birth_place,birth_date,country_living_in,email,phone
Consalve,Seaking,Sahavato,04/15/1957,Madagascar,cseaking0@sohu.com,730-649-9686
Garold,Linnane,‘Abasān al Kabīrah,12/21/1977,Palestinian Territory,glinnane1@addthis.com,160-270-9671
Ginger,Strood,Mocun,07/05/1950,China,gstrood2@chron.com,515-892-3345
Gilda,Pouck,Pukou,06/07/1976,China,gpouck3@cmu.edu,679-683-5662
Agnella,Spry,Yangzhen,08/25/1968,China,aspry4@amazon.de,231-498-5679
Cordy,Dowrey,Pacaraos,03/06/1999,Peru,cdowrey5@rakuten.co.jp,587-551-7419
Ulla,Roke,Cabrobó,09/25/1988,Brazil,,888-143-3444
Alick,Blemings,El Limon,04/18/1972,Mexico,ablemings7@delicious.com,608-287-7815
Kerri,Ivain,Los Angeles,03/16/1954,Mexico,kivain8@google.com.hk,159-350-5671
Sayers,Smaile,Oktyabr’skiy,08/09/1964,Russia,ssmaile9@list-manage.com,267-178-7452
Barclay,Gantlett,Soukkouma,01/04/1990,Laos,bgantletta@techcrunch.com,618-765-5912
Genovera,Bennis,Danyang,07/29/1952,China,,908-415-9043
Cleo,Blanking,Santiago del Estero,01/09/1963,Argentina,cblankingc@mayoclinic.com,347-445-8960
Coral,Drysdell,Villanova,04/28/1956,Italy,,240-547-8456
Manda,Trumble,Xiongshan,07/01/1998,China,mtrumblee@nytimes.com,971-729-5587
Marylinda,Cluett,Shengrenjian,01/23/1971,China,mcluettf@google.com.au,552-636-2366
Karmen,Tunnow,Lucheng,01/25/1977,China,ktunnowg@salon.com,290-845-5195
Mellisent,MacGorrie,Taber,08/18/1970,Canada,mmacgorrieh@sohu.com,932-493-9678
Yale,Colleck,Jatirejo,05/20/1953,Indonesia,ycollecki@noaa.gov,829-372-6656
Blondie,Dubery,Ké-Macina,01/09/1996,Mali,bduberyj@cocolog-nifty.com,474-158-4846
Jonas,Brahams,Jincheng,05/25/1993,China,jbrahamsk@eventbrite.com,834-775-0444
Freda,Paoloni,Canis,02/04/1997,Peru,,964-625-9064
Thorsten,Scanlin,Jendouba,01/11/1966,Tunisia,tscanlinm@simplemachines.org,661-303-4515
Stavro,Bolle,Huancheng,03/21/1985,China,sbollen@xinhuanet.com,509-652-7031
Trip,Wombwell,Jimusa’er,02/17/1984,China,twombwello@google.it,267-229-3241
Iona,Bampforth,Rongcheng,10/17/1953,China,ibampforthp@state.gov,201-268-4003
Ravid,Meneur,Afaahiti,09/24/1954,French Polynesia,rmeneurq@sphinn.com,762-888-7791
Rhoda,Deeble,Velikiy Novgorod,08/20/1979,Russia,,808-313-2614
Albertina,Prew,Tundagan,04/07/1976,Indonesia,aprews@blogger.com,908-823-2877
Whitman,Sones,Nanshui,11/28/1977,China,wsonest@networkadvertising.org,737-122-3484
Kevon,Simchenko,Huansheng,12/30/1956,China,,882-406-3200
Rancell,Hannabus,Selouane,07/08/1963,Morocco,rhannabusv@utexas.edu,606-104-9578
Kincaid,Sparrow,Sabana de Parra,07/19/1991,Venezuela,ksparroww@youtube.com,883-569-9837
Augusta,Dibden,Shcherbinka,10/20/1980,Russia,,505-848-4206
Sheelagh,Izen,Xinfeng,06/22/1983,China,sizeny@ucoz.ru,688-959-8747
Othella,Le-Good,Nandong,01/14/1981,China,olegoodz@yelp.com,744-436-6933
Lowe,Graver,Santa Praxedes,10/17/1983,Philippines,,831-132-4273
Zeke,Petrik,Xinjia,07/21/1957,China,,941-733-8826
Roda,Utteridge,São Miguel dos Campos,10/18/1994,Brazil,rutteridge12@ibm.com,522-119-1862
Kitty,Esser,Tchamba,01/19/1985,Togo,kesser13@admin.ch,178-490-1556
Tammie,Cookley,Castelnaudary,06/20/1969,France,tcookley14@webs.com,479-641-9964
Garland,Barts,Changuinola,10/11/1961,Panama,gbarts15@alexa.com,546-559-1831
Terry,Apark,Pameungpeuk,11/24/1975,Indonesia,tapark16@multiply.com,256-397-8570
Francene,Gheeorghie,Banaybanay,12/21/1956,Philippines,fgheeorghie17@quantcast.com,237-808-6563
Dewitt,Pieter,Oceanside,11/11/1954,United States,,760-808-9153
Karoline,Knobell,Hobart,04/30/1988,Australia,kknobell19@usnews.com,928-557-8087
Etheline,Carlisle,Yingzai,04/12/1956,China,ecarlisle1a@wikimedia.org,605-660-3369
Isidora,Norcliff,Sukowidodo Barat,10/19/1999,Indonesia,,256-343-9959
Angeli,Addams,Trakan Phut Phon,05/26/1955,Thailand,,724-951-1985
Rosie,Tobin,La Breita,03/10/1999,Peru,rtobin1d@huffingtonpost.com,147-949-8240
Gannon,Turfrey,Phan Thong,10/31/1985,Thailand,gturfrey1e@mayoclinic.com,249-801-3070
Gaby,Blackhurst,Jiuheyuan,07/10/1962,China,gblackhurst1f@flavors.me,116-964-1555
Nate,Hush,Springfield,06/01/1990,United States,nhush1g@techcrunch.com,413-447-1004
Danielle,Farndale,Paipa,06/06/1999,Colombia,dfarndale1h@gmpg.org,577-617-0330
Gerhardt,Duer,Shanglu,04/19/1961,China,gduer1i@issuu.com,519-598-2492
Horatius,Rabidge,Jawl al Majma‘,11/27/1986,Yemen,hrabidge1j@digg.com,425-611-8446
Ody,Fehely,Áno Kopanákion,04/02/1973,Greece,ofehely1k@alexa.com,165-468-6670
Brewer,Bradtke,Vrangel’,04/14/1977,Russia,bbradtke1l@reuters.com,683-700-6534
Yvonne,Betke,Fuxing,05/09/1967,China,ybetke1m@auda.org.au,494-678-5867
Maurene,Vaud,Jinkou,12/06/1955,China,mvaud1n@bbc.co.uk,275-359-6763
Sheff,Ickeringill,Vällingby,04/22/1996,Sweden,sickeringill1o@buzzfeed.com,104-541-9100
Nelle,Titterell,Avanca,01/20/1987,Portugal,ntitterell1p@bloglines.com,102-322-6817
Antoine,Cohane,,,,acohane1q@blogs.com,
Ileana,Fretter,Taodian,12/22/1972,China,ifretter1r@youtube.com,407-936-7105
Caspar,Berriball,Liqizhuang,09/19/1952,China,cberriball1s@1und1.de,903-777-2895
Joanne,MacPadene,Lingcheng,06/20/1978,China,jmacpadene1t@printfriendly.com,987-467-9745
Pen,Mulran,Navashino,04/12/1999,Russia,pmulran1u@seattletimes.com,814-494-9733
Elsbeth,Gregorowicz,Mary,05/22/1994,Turkmenistan,egregorowicz1v@cpanel.net,582-215-1128
Davin,Partington,Guluoshan,05/29/1975,China,dpartington1w@a8.net,893-409-6985
Quintina,Pilling,Orocuina,06/30/1963,Honduras,qpilling1x@sitemeter.com,375-245-0339
Jodi,Chessel,Doba,12/25/1997,Chad,jchessel1y@buzzfeed.com,268-702-0671
Felipa,Filyashin,Yambrasbamba,03/19/1972,Peru,ffilyashin1z@istockphoto.com,674-940-9014
Dita,Tallis,Sandaohezi,02/09/1962,China,dtallis20@umich.edu,462-402-7081
Town,Ellerker,San Pedro Zacapa,10/03/1955,Honduras,,182-612-2310
Marcelle,Ochterlony,Krajan Alasdowo,02/10/1978,Indonesia,mochterlony22@biglobe.ne.jp,737-868-1568
Hedwig,MacCurley,Fenais da Luz,08/17/1959,Portugal,hmaccurley23@cpanel.net,575-117-7709
Leena,Alecock,Guanfang,10/05/1969,China,lalecock24@123-reg.co.uk,282-368-9447
Brook,Ivakin,Frederiksberg,10/14/1965,Denmark,bivakin25@hostgator.com,283-928-4730
Ronalda,De Bruijn,Mrozy,08/29/1953,Poland,rdebruijn26@wsj.com,260-854-9758
Llewellyn,Tomaszewicz,Kiarajangkung,03/21/1992,Indonesia,ltomaszewicz27@epa.gov,445-821-1703
Toma,Satterlee,Palos,01/12/1955,Tajikistan,tsatterlee28@tiny.cc,417-277-4184
Guido,Gingle,Sam Khok,12/16/1964,Thailand,ggingle29@cornell.edu,893-740-3356
Linnea,Finan,Xinpeicun,01/12/1982,China,lfinan2a@ft.com,660-988-3047
Powell,Kingsnode,Tangkanpulit,05/04/1962,Indonesia,pkingsnode2b@plala.or.jp,923-615-1211
Taber,Greenall,Krujë,09/14/1975,Albania,tgreenall2c@ebay.com,199-664-7179
Diane-marie,Dyers,Kivsharivka,07/05/1989,Ukraine,,827-328-2586
Coralyn,Dartnall,Reggada,05/25/1955,Morocco,cdartnall2e@joomla.org,808-122-6449
Adriana,Dovidian,Infonavit,08/08/1992,Mexico,adovidian2f@google.fr,394-798-7925
Hashim,Soppeth,Vishow,01/09/1957,Belarus,hsoppeth2g@facebook.com,360-878-2737
Glynn,Haile,Jaboatão dos Guararapes,06/15/1960,Brazil,ghaile2h@opera.com,916-807-8425
Drusy,Fortun,Stari Kuty,12/20/1989,Ukraine,dfortun2i@google.com.br,310-122-6719
Allsun,Pargent,Baroh,12/27/1991,Indonesia,,101-312-8595
Sanford,Haskayne,Nice,09/28/1986,France,shaskayne2k@upenn.edu,879-858-9416
Alister,Whitear,Pamotan,04/06/1993,Indonesia,,310-649-3380
Bronny,Given,Negombo,08/11/1959,Sri Lanka,bgiven2m@sciencedaily.com,882-116-0246
Drud,Boc,Ganyan,12/22/1959,China,dboc2n@alibaba.com,692-923-6845
Westley,Cumberlidge,Awjilah,07/10/1998,Libya,wcumberlidge2o@about.me,317-567-1615
Isidor,Judron,Xiangride,03/17/1972,China,ijudron2p@wired.com,142-787-5919
Goldie,Storr,Castanheira de Pêra,07/26/1997,Portugal,gstorr2q@1und1.de,985-784-8032
Fionnula,Skym,,,,fskym2r@nydailynews.com,
Nicolle,Rings,Usogorsk,07/29/1993,Russia,nrings2s@nationalgeographic.com,586-198-0399
Franky,Longworth,Paranapanema,03/04/1997,Brazil,flongworth2t@booking.com,159-721-9102
Stephannie,Bahde,Mutang,11/01/1974,China,sbahde2u@zimbio.com,552-898-9787
Sherye,Bonellie,St. Thomas,12/09/1960,Canada,sbonellie2v@google.com,706-248-0681
Abeu,Raoult,Ḩawsh ‘Īsá,08/18/1970,Egypt,araoult2w@biblegateway.com,586-233-6632
Emilie,Leverton,Kula,02/11/1975,Bulgaria,,271-873-3811
Othella,Corneil,,,,ocorneil2y@parallels.com,
Somerset,Cleen,Uvarovka,05/08/1960,Russia,scleen2z@barnesandnoble.com,763-637-9090
Aurthur,Blaskett,Nankou,09/18/1986,China,ablaskett30@unc.edu,225-641-7332
Marla,Padfield,Montfort-sur-Meu,09/22/1950,France,mpadfield31@bravesites.com,753-599-2338
Phil,Willett,Pirapozinho,03/04/1982,Brazil,,467-860-0221
Kennan,Robinett,Nam Som,05/26/1968,Thailand,krobinett33@spotify.com,637-251-8289
Garreth,Ballance,Bajingmeduro,11/18/1964,Indonesia,gballance34@typepad.com,418-670-7073
Daniele,Ley,Paris 20,12/14/1983,France,dley35@wix.com,923-381-9583
Maighdiln,Capeling,,,,mcapeling36@nature.com,
Shani,Skitch,Mistřice,12/18/1953,Czech Republic,,681-171-6240
Oran,Tainton,,,,otainton38@walmart.com,
Nanni,Brownhall,Gazli,01/04/1995,Uzbekistan,nbrownhall39@shop-pro.jp,287-291-6798
Star,Havis,Osnabrück,10/17/1980,Germany,shavis3a@abc.net.au,245-722-3592
Ingaberg,Jardein,Miramichi,08/17/1980,Canada,ijardein3b@mapy.cz,592-415-5750
Duane,Rabbage,Melchor de Mencos,09/19/1988,Guatemala,drabbage3c@berkeley.edu,256-386-0297
Ivor,Stubley,Karbunara e Vogël,10/14/1967,Albania,istubley3d@alibaba.com,450-858-9288
Chiquia,Garrat,Yangjiapo,06/09/1962,China,,310-234-0872
Shelby,Godbert,Semenivka,04/28/1972,Ukraine,sgodbert3f@cmu.edu,365-740-8520
Caroline,Crotty,Nevesinje,12/11/1951,Bosnia and Herzegovina,ccrotty3g@dagondesign.com,489-250-4091
Rebeka,Dublin,Kairouan,05/06/1977,Tunisia,rdublin3h@ameblo.jp,540-237-2028
Albie,Jendrusch,Surenavan,03/05/1990,Armenia,ajendrusch3i@webmd.com,247-812-2000
Nobie,Elcock,Fuzhou,10/09/1966,China,nelcock3j@lulu.com,337-173-1375
Dane,Hercock,Malabor,07/31/1951,Philippines,,386-786-2667
Hermione,Benger,Tulsa,10/23/1964,United States,hbenger3l@epa.gov,918-172-5079
Linet,Hustings,San Diego,02/24/1995,Honduras,lhustings3m@sbwire.com,514-807-1001
Melissa,Yurshev,Pengfang,07/16/1987,China,myurshev3n@google.fr,751-864-4084
Boniface,Mohammed,Karasgede,10/12/1998,Indonesia,bmohammed3o@auda.org.au,870-261-4708
Gus,Kaasman,Ar Rahad,07/13/1957,Sudan,,919-615-6802
Kendal,Dye,Nagareyama,10/10/1983,Japan,kdye3q@themeforest.net,381-961-5022
Ryann,Coling,Baliton,11/15/1987,Philippines,rcoling3r@google.co.jp,493-513-5790
Maurie,Quickfall,Oke Ila,02/26/1979,Nigeria,mquickfall3s@g.co,103-700-3559
Jordan,Spoors,Lamduan,05/26/1991,Thailand,jspoors3t@github.com,289-430-4769
Munroe,Munden,Pajannangger,07/22/1952,Indonesia,mmunden3u@dropbox.com,453-351-7394
Zechariah,Imlach,Zelenogorsk,08/31/1950,Russia,zimlach3v@youtube.com,268-871-5531
Allene,Neissen,Sumbersari Wetan,04/11/1973,Indonesia,aneissen3w@techcrunch.com,139-696-6078
Gabbey,Guidi,Anyu,03/20/1970,China,gguidi3x@reddit.com,961-964-4161
Kare,de Najera,Belyye Stolby,10/04/1970,Russia,kdenajera3y@howstuffworks.com,672-631-3807
Alfie,Alesbrook,Saguday,02/09/1962,Philippines,aalesbrook3z@e-recht24.de,617-618-1128
Trish,Ellesworthe,Keratéa,08/06/1960,Greece,tellesworthe40@stanford.edu,271-689-6458
Laughton,Eckley,Brotas,10/30/1958,Brazil,leckley41@prweb.com,983-786-4014
Sheelagh,Arkley,Rączna,01/29/1983,Poland,sarkley42@gnu.org,467-935-2043
Rowan,Balston,Svecha,08/06/1985,Russia,rbalston43@goodreads.com,371-733-6096
Jemima,Sleite,Gwaram,03/25/1960,Nigeria,jsleite44@ucsd.edu,810-352-7878
Woodman,Hankins,Klyuchi,12/31/1983,Russia,whankins45@rediff.com,223-307-6927
Dora,Coyle,Sukhobezvodnoye,03/03/1992,Russia,dcoyle46@blogger.com,820-323-3274
Stan,Cleobury,Alikalia,09/12/1982,Sierra Leone,scleobury47@issuu.com,912-293-0389
Kennith,Knibb,,,,kknibb48@360.cn,
Bryce,Sammons,Paris 13,03/18/1977,France,bsammons49@reuters.com,970-137-2493
Leonelle,Brownbridge,Totok,11/12/1964,Indonesia,,520-342-0012
Harald,Mashal,Juncalito Abajo,06/09/1968,Dominican Republic,hmashal4b@unblog.fr,946-345-8063
Trefor,Campos,Wang Chan,05/23/1962,Thailand,tcampos4c@baidu.com,291-761-0549
Saloma,Murrow,Ngembo,04/18/1950,Indonesia,smurrow4d@phpbb.com,554-239-6771
Franciska,Huntly,Basing,07/10/1959,Philippines,fhuntly4e@prnewswire.com,298-501-4913
Elva,Samweyes,Juan Adrián,11/06/1977,Dominican Republic,esamweyes4f@mapquest.com,945-982-8824
Ayn,Mellhuish,Negotino,10/28/1970,Macedonia,amellhuish4g@businesswire.com,832-983-4228
Darla,Godber,Hova,02/13/1980,Sweden,dgodber4h@cam.ac.uk,698-540-5589
Sydel,Spafford,Wushan,03/18/1983,China,sspafford4i@clickbank.net,758-708-2730
Carey,Beyer,Abadiânia,03/04/1988,Brazil,cbeyer4j@creativecommons.org,799-335-9917
Thorn,Crooks,Komarno,06/21/1959,Ukraine,tcrooks4k@domainmarket.com,193-527-1435
Towney,Antonich,Željezno Polje,11/06/1994,Bosnia and Herzegovina,,367-568-4320
Banky,Suff,Kalate,08/07/1952,Indonesia,bsuff4m@xrea.com,149-735-4526
Dar,Alvarez,Ganzhou,01/31/1994,China,dalvarez4n@google.pl,829-392-6634
Cynthie,McCaffery,Barrie,10/20/1980,Canada,cmccaffery4o@blinklist.com,899-494-8069
Gabbi,Attwater,Cotuí,04/07/1995,Dominican Republic,gattwater4p@newyorker.com,787-560-3153
Jamaal,Felder,Claremont,08/17/1976,South Africa,jfelder4q@51.la,907-384-6964
Milo,Gobat,Bolobo,09/21/1996,Democratic Republic of the Congo,,917-296-7488
Norah,Nicklin,,,,nnicklin4s@mozilla.org,
Hobey,Gilluley,Diriamba,03/17/1985,Nicaragua,hgilluley4t@github.com,536-126-1613
Charissa,Barkley,Toulouse,04/23/1974,France,cbarkley4u@guardian.co.uk,142-516-3183
Louisette,Cappineer,Krajan Jamprong,06/22/1991,Indonesia,lcappineer4v@mashable.com,761-286-8728
Jazmin,O' Brian,Grand Rapids,05/27/1960,United States,jobrian4w@hhs.gov,616-673-5757
Sidney,Letham,Razumnoye,06/18/1987,Russia,sletham4x@plala.or.jp,298-380-3026
Rosita,Ferschke,Troyes,11/22/1992,France,rferschke4y@blogtalkradio.com,392-431-6711
Rodina,Prinn,Trà Vinh,10/11/1953,Vietnam,rprinn4z@taobao.com,578-649-9567
Michael,O'Deegan,Sukamulya,01/02/1954,Indonesia,modeegan50@dailymail.co.uk,551-980-2640
Lambert,Stodit,Qianguo,07/09/1984,China,lstodit51@drupal.org,387-157-4727
Saunders,Bumpus,Falun,01/10/1988,Sweden,sbumpus52@tuttocitta.it,706-592-2794
Dixie,Landrean,Gainesville,06/27/1993,United States,,352-264-2491
Heindrick,Mitchall,Patnongon,10/26/1999,Philippines,hmitchall54@wikimedia.org,455-543-4688
Ebonee,Elsom,Pidvynohradiv,08/09/1958,Ukraine,eelsom55@odnoklassniki.ru,396-526-4773
Rocky,Gheorghescu,Leigongmiao,02/14/1954,China,,869-765-0889
Morgan,Haversum,Adir,11/01/1989,Jordan,mhaversum57@engadget.com,698-943-9672
Anatol,Carlill,Oklahoma City,05/18/1956,United States,acarlill58@liveinternet.ru,405-397-1432
Florance,McCafferty,Solna,08/03/1957,Sweden,fmccafferty59@pbs.org,706-942-5730
Brockie,Boswell,Kitāf,08/06/1998,Yemen,bboswell5a@aol.com,152-229-2701
Kain,Dalley,Curepipe,09/09/1969,Mauritius,kdalley5b@toplist.cz,762-495-1678
Jane,Housecroft,Tögrög,08/01/1963,Mongolia,,502-712-0900
Saxe,Ulyet,Meedhoo,02/27/1989,Maldives,sulyet5d@storify.com,769-315-4507
Filip,Rooksby,Lynn,06/04/1975,United States,frooksby5e@sohu.com,617-516-4693
Marwin,Humes,,,,mhumes5f@ucoz.com,
Gherardo,Snyder,,,,gsnyder5g@seesaa.net,
Jessi,Tie,Sundsvall,03/10/1995,Sweden,jtie5h@mozilla.com,282-996-1011
Kiley,Thacker,Zwolle,05/07/1983,Netherlands,,298-196-9149
Jeannette,Morican,Sơn Trà,09/12/1983,Vietnam,,917-631-3352
Lorinda,Pittendreigh,Toledo,07/14/1967,United States,lpittendreigh5k@sina.com.cn,419-318-6099
Clarence,Sturt,El Alamo,05/01/1971,Mexico,csturt5l@jimdo.com,992-776-0326
Salim,Josifovitz,Qorashina,06/04/1990,Uzbekistan,sjosifovitz5m@ebay.com,281-560-4453
Joanne,Barber,,,,jbarber5n@so-net.ne.jp,
Reeba,Comar,Mbomba,11/04/1954,Indonesia,rcomar5o@intel.com,852-449-1073
Lindsey,Gingel,Sukorambi,09/07/1968,Indonesia,lgingel5p@wikia.com,254-554-5204
Garland,Birchall,Tongjing,10/10/1984,China,gbirchall5q@storify.com,459-834-4180
Cash,Garland,Palaiomonástiron,10/22/1951,Greece,cgarland5r@jigsy.com,605-241-2619
Jacqueline,Goncalo,Igede-Ekiti,06/09/1978,Nigeria,jgoncalo5s@ucoz.ru,272-682-7450
Hildegaard,Opdenorth,Sargatskoye,09/23/1973,Russia,,129-234-6944
Corabella,Collingham,,,,ccollingham5u@artisteer.com,
Wendell,Raoul,Yasugichō,12/29/1970,Japan,wraoul5v@hhs.gov,288-872-9120
Kaye,Waterfall,Piedrancha,07/24/1958,Colombia,kwaterfall5w@naver.com,576-106-7192
Beatrisa,Pool,Ðà Lạt,10/21/1956,Vietnam,bpool5x@mit.edu,518-294-5068
Dasi,Caress,Yaosai,06/11/1986,China,dcaress5y@godaddy.com,669-438-5829
Prince,Demoge,Yên Mỹ,11/05/1995,Vietnam,pdemoge5z@cornell.edu,606-702-4601
Brooks,Minchella,Odiong,07/16/1957,Philippines,bminchella60@jugem.jp,293-176-2023
Lisetta,Sleford,Nueva Esperanza,02/28/1964,Mexico,lsleford61@example.com,309-113-6594
Jordain,Cudihy,Miami,04/01/1997,United States,jcudihy62@twitter.com,305-338-0455
Sandra,Cantrell,Warungawi,02/04/1962,Indonesia,scantrell63@smh.com.au,227-515-3186
Marley,Bessell,Madalena do Mar,08/18/1986,Portugal,mbessell64@quantcast.com,512-663-0233
Gwendolen,Propper,Blachownia,10/07/1996,Poland,gpropper65@stumbleupon.com,941-110-4530
Hodge,Deavin,Devon,06/06/1997,Canada,hdeavin66@google.com.hk,821-635-2473
Rica,Marquess,Vigo,01/27/1973,Philippines,rmarquess67@timesonline.co.uk,248-277-1681
Kincaid,Vane,,,,kvane68@un.org,
Adi,Neylan,Sinamaica,06/24/1991,Venezuela,aneylan69@mlb.com,343-857-6287
Donielle,Abrahamsohn,San Vicente,10/16/1999,Philippines,,105-829-5234
Darwin,Binne,Arlington,11/21/1979,United States,dbinne6b@chronoengine.com,571-662-4559
Baily,Snowden,Al Mughayyir,01/28/1956,Palestinian Territory,bsnowden6c@seesaa.net,438-479-5054
Jaye,Bateson,Kumagaya,01/31/1951,Japan,jbateson6d@xing.com,784-978-4409
Edie,Coley,Cabinda,10/11/1966,Angola,ecoley6e@cdc.gov,909-830-1758
Sander,Croneen,Karata,10/15/1961,Russia,scroneen6f@rambler.ru,332-249-0650
Avis,Macrow,Shaozhai,03/28/1951,China,amacrow6g@tuttocitta.it,417-118-4887
Diane,Ridesdale,Yovon,02/24/1992,Tajikistan,dridesdale6h@webeden.co.uk,707-259-9709
Eula,Reily,Ushiku,04/11/1966,Japan,ereily6i@bigcartel.com,442-434-5919
Casey,Perfect,Amucao,12/12/1976,Philippines,cperfect6j@reverbnation.com,148-794-3303
Catherin,Euler,,,,ceuler6k@ihg.com,
Chester,Troppmann,,,,,
Llywellyn,Kupke,Bayaguana,12/16/1980,Dominican Republic,lkupke6m@marketwatch.com,118-372-7716
Dory,Wotherspoon,Flagstaff,02/28/1975,South Africa,dwotherspoon6n@unesco.org,899-953-7253
Lenette,Megroff,Vale Boeiro,11/21/1959,Portugal,lmegroff6o@nydailynews.com,440-890-6029
Shirley,Caselick,Ponong,10/12/1984,Philippines,scaselick6p@symantec.com,303-247-5521
Massimiliano,Zannutti,Mỹ Tho,01/24/1953,Vietnam,mzannutti6q@blinklist.com,378-736-2545
Catlaina,Piccop,Kranj,01/31/1951,Slovenia,cpiccop6r@abc.net.au,888-981-9814
Glory,Jone,Dingyan,09/15/1961,China,gjone6s@wisc.edu,829-915-0377
Amandy,Scutchings,Lokokrangan,04/28/1976,Indonesia,ascutchings6t@huffingtonpost.com,913-353-7906
Mona,Penticost,Gemo,11/13/1950,China,mpenticost6u@wisc.edu,271-385-1323
Jerrold,Railton,Doug An,02/07/1996,Vietnam,jrailton6v@wikispaces.com,879-169-4987
Davie,Bouldon,Okiot,06/16/1964,Philippines,dbouldon6w@utexas.edu,493-590-7117
Rita,Derkes,Purorejo,06/25/1984,Indonesia,,955-956-2097
Kenna,Boddam,Borzna,10/08/1983,Ukraine,,783-163-4914
Cornall,Ludl,Jinping,10/08/1959,China,,561-240-9810
Levey,Cockayne,Sukasenang,10/17/1986,Indonesia,lcockayne70@ameblo.jp,649-876-6967
Kasey,Keinrat,Melíssia,04/08/1950,Greece,kkeinrat71@ustream.tv,539-231-2887
Tori,Farnish,Horad Pinsk,02/19/1987,Belarus,,209-843-1282
Fanya,Lynett,Banjar Pedawa,02/08/1992,Indonesia,,440-703-6597
Martainn,Deans,Oyabe,08/31/1952,Japan,,186-343-1215
Jeramie,Ainscow,Joaquín V. González,05/01/1993,Argentina,jainscow75@w3.org,494-203-8494
Fannie,Clurow,Solec-Zdrój,10/13/1992,Poland,fclurow76@utexas.edu,617-618-6485
Loria,Kelloch,Vermil,08/24/1964,Portugal,lkelloch77@nhs.uk,916-417-2950
Harlen,Twiname,Shangpai,11/12/1979,China,htwiname78@disqus.com,783-591-6282
Gates,Bohills,Pasirsongket Dua,08/27/1965,Indonesia,gbohills79@google.ru,474-863-4760
Joaquin,Carnilian,San Miguel del Padrón,11/19/1950,Cuba,jcarnilian7a@sciencedaily.com,700-490-0404
Milka,Fieldhouse,Poroj,12/12/1951,Macedonia,mfieldhouse7b@quantcast.com,736-955-3473
Gregory,Mussard,Qingliu,05/23/1951,China,gmussard7c@cmu.edu,845-392-1342
Farlay,Casperri,Yuelai,08/06/1981,China,fcasperri7d@domainmarket.com,627-546-9722
Lenard,Hartmann,Tullamore,10/04/1983,Ireland,lhartmann7e@1und1.de,481-995-8683
Pippa,Spuner,Arklow,06/23/1975,Ireland,pspuner7f@latimes.com,211-912-9087
Eve,Parker,Gbadolite,02/25/1985,Democratic Republic of the Congo,eparker7g@linkedin.com,847-626-7310
Pascale,Januszkiewicz,,,,,
Lelah,Mole,Kommunar,09/01/1969,Russia,lmole7i@sitemeter.com,937-131-4589
Christie,Wooff,Changzhi,02/10/1954,China,cwooff7j@sfgate.com,997-331-3049
Vladamir,Planke,Niquelândia,04/21/1979,Brazil,vplanke7k@wikia.com,870-770-3258
Aldo,Poel,Lypnyazhka,12/11/1999,Ukraine,apoel7l@diigo.com,368-463-5312
Bobette,Farbrace,Kebon Tengah,01/01/1952,Indonesia,bfarbrace7m@wunderground.com,150-523-0530
Gwendolen,Brixey,Zhenwen,07/04/1971,China,gbrixey7n@rakuten.co.jp,803-642-2831
Mickie,Broster,Tanggungrejo,07/24/1958,Indonesia,mbroster7o@arstechnica.com,442-431-4952
Tonia,Olifaunt,Pubu,04/11/1988,China,tolifaunt7p@slashdot.org,847-356-8026
Lauralee,Bone,Rochester,06/29/1961,United States,lbone7q@census.gov,585-464-7430
Coop,Cowlard,Warungsugan,06/07/1999,Indonesia,ccowlard7r@ezinearticles.com,387-761-0782
Rhett,Aronovich,Nikísiani,03/27/1950,Greece,raronovich7s@clickbank.net,444-701-2312
Nickola,Dobey,Jingcheng,06/29/1990,China,,661-510-6365
Erica,Waterhous,Perovo,10/01/1954,Russia,ewaterhous7u@g.co,268-657-3894
Toby,Sandon,Anmore,06/21/1996,Canada,tsandon7v@princeton.edu,287-809-6533
Othello,Errol,Sonder,06/07/1990,Indonesia,oerrol7w@flavors.me,695-939-6861
Udell,Saiz,,,,usaiz7x@whitehouse.gov,
Marybeth,Lemasney,Straldzha,11/01/1961,Bulgaria,,322-150-5320
Ardys,Blenkinship,,,,ablenkinship7z@1und1.de,
Garey,Antonognoli,Cibinong,08/15/1964,Indonesia,gantonognoli80@free.fr,941-934-9136
Elfrieda,Lorans,La Reforma,11/15/1965,Guatemala,elorans81@nhs.uk,341-663-1999
Darnell,Abry,Al Buq‘ah,03/14/1970,Palestinian Territory,dabry82@theguardian.com,648-642-5124
Lockwood,Felix,‘Ubāl,10/16/1960,Yemen,lfelix83@fc2.com,259-991-8406
Midge,Colhoun,Amnat Charoen,05/08/1950,Thailand,mcolhoun84@wikipedia.org,318-283-9466
Stavros,Baal,Pederneiras,12/13/1965,Brazil,sbaal85@prnewswire.com,160-661-1273
Theodora,Ducham,Mogi Guaçu,07/07/1963,Brazil,,349-602-4104
Dody,Samarth,Zhangyang,07/09/1990,China,dsamarth87@tripod.com,993-127-4622
Winnifred,Abramcik,Comilla,04/16/1975,Bangladesh,wabramcik88@gmpg.org,845-637-8003
Thaddus,Dunbobbin,Kauniainen,09/18/1951,Finland,tdunbobbin89@parallels.com,716-118-2077
Beltran,Petren,Linköping,07/01/1963,Sweden,bpetren8a@blogspot.com,506-860-4588
Harlen,Fonte,,,,hfonte8b@tripadvisor.com,
Eadmund,Annes,Klau,12/18/1966,Indonesia,eannes8c@pagesperso-orange.fr,719-814-1306
Drusy,Welman,,,,dwelman8d@marketwatch.com,
Hendrik,Enrico,Quintão,04/18/1968,Portugal,henrico8e@mashable.com,471-521-6083
Jared,Giacomello,,,,jgiacomello8f@samsung.com,
Rachele,Jacobovitch,Cibebek,05/30/1963,Indonesia,rjacobovitch8g@microsoft.com,751-261-8812
Bekki,Bodesson,Stepanovićevo,11/30/1966,Serbia,bbodesson8h@yahoo.com,506-216-4247
Giavani,O' Sullivan,Juvisy-sur-Orge,08/10/1991,France,,463-747-0890
Orly,Nancekivell,Bongao,01/02/1996,Philippines,onancekivell8j@facebook.com,482-401-7207
Elianora,Slessor,Makumbako,05/19/1985,Tanzania,eslessor8k@wordpress.org,770-325-2611
Renato,Blaycock,Luocheng,02/12/1975,China,rblaycock8l@nature.com,872-305-1747
Hercule,O'Fallowne,San Juan de Manapiare,12/14/1958,Venezuela,hofallowne8m@blinklist.com,992-348-7897
Lori,Janjusevic,Namerikawa,09/11/1999,Japan,ljanjusevic8n@wikimedia.org,343-234-3787
Juliann,Ronisch,Weekombaka,07/12/1982,Indonesia,jronisch8o@msu.edu,951-981-7055
Jacintha,Laird,El Sombrero,06/10/1972,Venezuela,jlaird8p@paypal.com,162-647-6781
Andreana,Pettendrich,Xinlin,04/29/1950,China,apettendrich8q@hc360.com,462-936-3267
Constantina,Labdon,San José de Barlovento,05/28/1975,Venezuela,clabdon8r@topsy.com,477-931-1704
Waldo,Coxall,Lipci,05/02/1977,Montenegro,wcoxall8s@webeden.co.uk,806-340-1165
Julio,Boughtwood,Bonao,04/25/1989,Dominican Republic,jboughtwood8t@oracle.com,108-654-6602
Luise,Partrick,Huimin,04/21/1993,China,,910-866-9868
Consolata,Merriton,Doyong,06/13/1950,Philippines,cmerriton8v@drupal.org,507-132-7924
Novelia,Mournian,Pervomayskoye,03/07/1964,Russia,nmournian8w@squidoo.com,944-243-0003
Bamby,Hubber,Youxi,05/02/1965,China,bhubber8x@vk.com,804-264-0089
Penrod,Penreth,Castleknock,07/23/1983,Ireland,ppenreth8y@loc.gov,976-364-3147
Hirsch,Humpherston,Donghe,07/21/1974,China,hhumpherston8z@icq.com,162-469-7962
Nellie,Newberry,Hrochův Týnec,03/07/1959,Czech Republic,nnewberry90@illinois.edu,763-357-3412
Selina,Dewi,,,,sdewi91@usa.gov,
Pearce,Dosdale,Olszówka,07/20/1998,Poland,pdosdale92@sitemeter.com,989-154-0551
Susy,Fromont,Igrejinha,08/26/1962,Brazil,sfromont93@europa.eu,646-220-1160
Elmer,Falls,Palma De Mallorca,07/06/1975,Spain,efalls94@ask.com,346-834-8715
Archaimbaud,Elan,Chang’an,07/03/1988,China,aelan95@cornell.edu,114-127-7998
Alejandro,Pohlak,Zhuhong,12/09/1987,China,apohlak96@virginia.edu,647-350-6226
Jaquelin,Dable,Jalqamūs,09/19/1955,Palestinian Territory,jdable97@imageshack.us,561-725-9133
Kristine,Agg,Mozhga,05/04/1964,Russia,kagg98@moonfruit.com,584-387-3284
Zak,Sharkey,Strasbourg,07/27/1969,France,,934-798-4942
Joseito,Newsham,Sędziszów,12/15/1951,Poland,jnewsham9a@sciencedirect.com,118-993-0575
Gaile,Sigsworth,Gargaliánoi,07/02/1987,Greece,gsigsworth9b@twitpic.com,633-351-8258
Wash,Aubry,Yuwang,01/12/1956,China,waubry9c@cbsnews.com,659-329-0992
Modesty,Pickburn,Pringu,03/11/1994,Indonesia,,579-528-2571
Angelico,Duker,,,,aduker9e@fema.gov,
Kiley,Nathon,Biliran,11/29/1951,Philippines,knathon9f@gnu.org,301-287-8332
Vyky,Killford,Aghavnatun,03/28/1984,Armenia,vkillford9g@omniture.com,198-595-3983
Jonell,Perocci,Gaogu,02/14/1983,China,jperocci9h@shutterfly.com,121-855-6936
Hercules,Harlock,Norrköping,09/09/1992,Sweden,hharlock9i@biglobe.ne.jp,478-415-3926
Ardith,Holdron,Oripää,04/20/1985,Finland,aholdron9j@ebay.co.uk,680-758-1328
Karlyn,McIlraith,Veřovice,05/06/1998,Czech Republic,kmcilraith9k@toplist.cz,214-157-7429
Reynold,Coltart,Bancroft,06/29/1956,Canada,rcoltart9l@mapquest.com,612-918-7355
Judye,Seeler,Bayawan,09/02/1967,Philippines,jseeler9m@globo.com,820-260-3930
Benny,Vellender,Pukkila,06/12/1981,Finland,,302-895-7892
Nathanael,Boughton,Santol,11/01/1950,Philippines,nboughton9o@jalbum.net,962-971-5533
Earvin,Meriot,Saintes,12/18/1982,France,emeriot9p@bing.com,396-616-0572
Nadya,Gajewski,Herzliya Pituah,12/14/1959,Israel,ngajewski9q@wikimedia.org,747-787-3715
Sinclare,Somerton,Burbank,01/05/1997,United States,ssomerton9r@linkedin.com,661-225-3590
Cherianne,Lonsdale,Tabuny,09/27/1954,Russia,clonsdale9s@vinaora.com,180-816-1946
Edna,Bowskill,Santa Barbara,01/01/1967,United States,,805-108-8689
Eduino,Springle,Nelahozeves,02/02/1988,Czech Republic,,740-539-5308
Lauree,Cheverton,Lubbock,04/19/1974,United States,lcheverton9v@ameblo.jp,806-337-7010
Prue,Demaid,Saint-Jean-de-Monts,12/26/1988,France,pdemaid9w@state.gov,400-730-3420
Bliss,Calloway,Baishi,08/26/1977,China,bcalloway9x@samsung.com,471-922-8957
Genni,Alexandersen,Rešetari,02/08/1978,Croatia,galexandersen9y@cam.ac.uk,184-840-8071
Tilda,Peres,Acomayo,03/18/1963,Peru,tperes9z@nbcnews.com,683-474-2083
Daron,Cristofvao,Dagui,06/03/1962,China,dcristofvaoa0@free.fr,117-280-5082
Raviv,Le Page,Pajapita,05/16/1985,Guatemala,rlepagea1@ameblo.jp,665-427-8564
Catlee,Kulver,Zhongzhai,01/27/1970,China,ckulvera2@parallels.com,528-248-0362
Thorin,Hargreave,,,,thargreavea3@deliciousdays.com,
Jermain,Ashfull,Leles,12/23/1996,Indonesia,,137-888-6857
Felice,Shelton,Ajman,12/26/1969,United Arab Emirates,fsheltona5@zdnet.com,429-110-4245
Trenton,Djorevic,Vale de Rolas,10/30/1983,Portugal,tdjorevica6@behance.net,991-160-8933
Caroljean,Menelaws,Himanka,03/10/1990,Finland,cmenelawsa7@fda.gov,494-688-1303
Briant,Lutty,Těšany,08/23/1956,Czech Republic,bluttya8@earthlink.net,154-474-3335
Ardyth,Kernell,Vranje,01/24/1973,Serbia,akernella9@home.pl,817-203-0965
Hercule,Plackstone,Corticeiro de Baixo,07/06/1990,Portugal,,564-953-2647
Perren,Knewstub,Otwock,09/26/1963,Poland,pknewstubab@sina.com.cn,817-642-8107
Yulma,Doodney,Lycksele,09/08/1957,Sweden,ydoodneyac@technorati.com,427-719-5306
Joly,Faussett,Keles Timur,09/03/1967,Indonesia,,283-623-5708
Leelah,Amyes,Khabarovsk,04/21/1973,Russia,lamyesae@jiathis.com,217-435-3474
Conni,Follows,Salento,09/17/1967,Colombia,,919-741-1806
Renate,Beasleigh,Xianxi,03/04/1982,China,rbeasleighag@craigslist.org,977-224-2206
Farley,O'Scanlan,Xinjiezhen,08/31/1975,China,,412-716-3224
Fax,Crepin,Norabats’,02/03/1966,Armenia,fcrepinai@dedecms.com,895-657-7604
Mufi,Tobias,Ampelgading,05/16/1955,Indonesia,mtobiasaj@hud.gov,288-450-5978
Tiena,Lumb,Pochinok,11/08/1968,Russia,tlumbak@bloglovin.com,928-581-3856
Tomasina,Gilleon,Ledoy,01/11/1985,Peru,tgilleonal@newyorker.com,406-248-4813
Persis,Rontsch,,,,prontscham@yolasite.com,
Concettina,McLennan,Leye,11/28/1999,China,cmclennanan@walmart.com,344-826-0944
Waylen,Melland,Bonnyville,05/31/1957,Canada,wmellandao@furl.net,885-952-4925
Bev,Preshous,Huangcaotuo,01/15/1963,China,bpreshousap@squidoo.com,475-254-7279
Creight,Mowles,Beitan,06/28/1954,China,cmowlesaq@examiner.com,670-209-6120
Rania,Clendening,Tuapse,05/07/1967,Russia,rclendeningar@wikia.com,138-162-9660
Tracy,Rowthorn,Zblewo,09/25/1952,Poland,trowthornas@xrea.com,859-683-5996
Jolie,Seater,Miaotou,10/05/1984,China,jseaterat@wufoo.com,391-824-5961
Isidor,Sellick,Shiroi,11/06/1976,Japan,isellickau@nhs.uk,924-908-8383
Esther,Rubinov,,,,erubinovav@google.es,
Caresa,Stealfox,São Sebastião do Paraíso,10/01/1984,Brazil,cstealfoxaw@furl.net,476-184-5921
Idaline,McNeely,,,,,
Nonnah,Stroulger,San Carlos,02/19/1962,Philippines,nstroulgeray@meetup.com,286-496-0873
Engracia,Dumper,Österbybruk,07/02/1954,Sweden,edumperaz@wufoo.com,770-651-4802
Montgomery,O'Lagen,,,,,
Zachariah,Scottini,Xilópolis,12/01/1968,Greece,zscottinib1@examiner.com,988-383-1078
Jeana,Rose,Putukrejo,11/06/1969,Indonesia,jroseb2@japanpost.jp,943-155-0297
Sallyann,Brigham,João Câmara,07/11/1985,Brazil,sbrighamb3@prweb.com,967-693-6576
Brodie,Bosley,Kuhmoinen,06/14/1968,Finland,bbosleyb4@vinaora.com,629-684-1828
Cathee,De Beauchemp,Almaznyy,08/19/1996,Russia,cdebeauchempb5@earthlink.net,923-498-5818
Venita,Toderi,Ar Ruḩaybah,02/17/1998,Syria,vtoderib6@tamu.edu,534-643-1614
Tallie,Kacheler,Nanxi,11/28/1991,China,tkachelerb7@salon.com,699-833-1697
Cati,McCosker,Chichinales,09/06/1982,Argentina,cmccoskerb8@un.org,789-144-4915
Di,Coggles,Zhukeng,12/16/1991,China,dcogglesb9@whitehouse.gov,975-693-6386
Lacey,Aucott,Mabua,01/02/1959,Philippines,,247-938-5032
Rooney,Pimbley,Hikone,10/30/1990,Japan,rpimbleybb@telegraph.co.uk,956-785-0085
Harwilll,MacLaughlin,Balabac,08/07/1953,Philippines,hmaclaughlinbc@example.com,360-523-3261
Melosa,Leyshon,,,,,
Burgess,Rean,Tucupido,07/25/1953,Venezuela,breanbe@nba.com,875-384-9489
Caril,Gemelli,Jiekeng,06/07/1964,China,cgemellibf@instagram.com,622-159-6896
Dion,Burnep,Umbuldamar,08/13/1962,Indonesia,dburnepbg@adobe.com,671-169-2511
Sande,Heeps,Dahe,04/05/1964,China,,680-744-0000
Doti,Brade,Quarteira,01/30/1964,Portugal,dbradebi@mashable.com,234-827-1081
Gibbie,Wimlett,Al Balyanā,11/28/1983,Egypt,gwimlettbj@apache.org,408-199-7351
Patrizius,Moatt,Boudinar,06/17/1986,Morocco,pmoattbk@guardian.co.uk,732-792-0570
Stanleigh,Genese,Abū Qalqal,07/10/1974,Syria,sgenesebl@state.tx.us,804-731-5015
Alexandr,Rangall,Chumpi,09/26/1989,Peru,arangallbm@ftc.gov,121-533-4794
Normy,Ludovici,Lyaskelya,06/13/1963,Russia,,442-293-8686
Harwell,Daily,Bayan,07/01/1965,Mongolia,hdailybo@prweb.com,748-657-7509
Kare,Lampert,Pavliš,06/01/1988,Serbia,klampertbp@over-blog.com,685-921-3693
Ruddie,Chippin,Chanthaburi,10/24/1965,Thailand,rchippinbq@dagondesign.com,188-558-5161
Maxie,Radleigh,Zvezdara,10/01/1994,Serbia,mradleighbr@fda.gov,660-311-2169
Teddy,Walklott,,,,twalklottbs@engadget.com,
Levi,Udy,Francisco Beltrão,06/21/1953,Brazil,ludybt@dion.ne.jp,422-390-3039
Anson,Gouthier,San Roque,02/27/1970,Philippines,,138-376-0306
Reagen,Tipler,Qinghe,03/12/1956,China,,271-529-6582
Gene,Champkin,Hyltebruk,06/08/1975,Sweden,gchampkinbw@columbia.edu,891-959-7874
Orville,Kyd,Tres Arroyos,11/15/1993,Argentina,okydbx@alexa.com,845-371-7554
Lawrence,Gladeche,Pinggang,10/09/1986,China,lgladecheby@reddit.com,696-437-1606
Fairfax,Ells,Wuxi,05/11/1988,China,fellsbz@china.com.cn,450-698-4826
Frants,Berridge,Burla,07/06/1976,Russia,fberridgec0@google.com.au,601-827-1323
Gabie,Danhel,Qingyun,12/09/1968,China,gdanhelc1@sina.com.cn,178-592-2539
Leif,Lieber,Lingbei,08/26/1950,China,llieberc2@google.co.jp,761-214-9045
Josefa,Verrell,Loreto,11/02/1979,Argentina,jverrellc3@hc360.com,258-574-5879
Junia,McAusland,Nanying,07/07/1969,China,,262-434-8086
Gusta,Curteis,Galván,03/24/1985,Dominican Republic,gcurteisc5@rambler.ru,232-505-3722
Scarlett,Yeldon,Rajapeni,09/20/1959,Indonesia,syeldonc6@wiley.com,282-831-7854
Alida,Bortolini,Cibinong Satu,11/29/1964,Indonesia,abortolinic7@instagram.com,222-684-5579
Wiley,Southwood,Gunungjulang,11/19/1988,Indonesia,wsouthwoodc8@edublogs.org,797-945-7967
Sterne,Hutley,Tucupido,04/23/1998,Venezuela,,477-315-0860
Haydon,Minifie,Anahuac,08/26/1963,Mexico,hminifieca@odnoklassniki.ru,708-178-2906
Rosette,Adrain,Xuedian,10/26/1995,China,radraincb@army.mil,666-561-4009
Freddy,Blunsden,Changjiang,01/08/1957,China,fblunsdencc@miibeian.gov.cn,272-236-7149
Matias,Reicharz,Denver,08/14/1984,United States,,303-285-3185
Alica,Scamwell,Tielu,01/01/1992,China,ascamwellce@slate.com,796-626-1440
Kristo,Waltering,Huagai,08/16/1966,China,kwalteringcf@free.fr,137-506-7945
Giordano,Reason,Mortka,05/04/1994,Russia,greasoncg@e-recht24.de,827-944-2433
Catie,Shotter,Huajlaya,08/06/1951,Bolivia,cshotterch@cisco.com,434-829-3840
Mina,Heugel,Uripa,06/02/1961,Peru,,508-190-7227
Randell,Sainsberry,Xiadu,04/08/1968,China,rsainsberrycj@smh.com.au,492-868-9018
Emmey,Torresi,Hongxing,03/20/1992,China,,439-595-3550
Vergil,Hiskey,,,,vhiskeycl@shareasale.com,
Ottilie,McAlinden,Bertioga,07/29/1974,Brazil,omcalindencm@jimdo.com,421-905-4727
Isa,Jirka,,,,ijirkacn@biblegateway.com,
Agathe,Bamborough,Toktogul,08/30/1995,Kyrgyzstan,abamboroughco@dell.com,481-467-6484
Giacomo,Titford,Brusyliv,04/03/1989,Ukraine,,356-850-3389
Uta,Feifer,Yucun,12/25/1982,China,ufeifercq@gnu.org,112-748-5243
Winthrop,Lippett,Nazaré da Mata,04/26/1977,Brazil,wlippettcr@twitter.com,464-395-9366
Skipp,Rother,Panikian,04/22/1956,Philippines,,568-452-6436
Caroljean,McGorley,,,,cmcgorleyct@flavors.me,
Pearl,Lamar,Lusaka,10/18/1953,Zambia,,678-255-3209
Kinna,Coal,Somié,10/06/1967,Cameroon,kcoalcv@tuttocitta.it,940-118-2925
Hurley,Proctor,Konstancin-Jeziorna,01/07/1956,Poland,hproctorcw@amazonaws.com,965-676-4706
Carolus,Winsiowiecki,San José de Mayo,10/31/1960,Uruguay,,419-551-8496
Bonni,Francie,Gromadka,01/10/1992,Poland,bfranciecy@lulu.com,663-897-5549
Marleah,Trusler,Raciąż,01/29/1953,Poland,mtruslercz@woothemes.com,896-891-6114
Merline,Dinan,Qingyang,03/05/1965,China,,469-273-4421
Elliott,Pothbury,Kamyshin,11/14/1972,Russia,,885-104-2217
Bethany,Greeson,Omaha,11/14/1953,United States,bgreesond2@columbia.edu,402-552-2561
Adeline,Scarffe,Santiago de los Caballeros,01/17/1952,Dominican Republic,ascarffed3@dion.ne.jp,550-519-4449
Hynda,MacCurtain,Shediac,06/10/1970,Canada,hmaccurtaind4@upenn.edu,422-747-0348
Tamiko,Lott,Boca Raton,01/10/1969,United States,tlottd5@china.com.cn,561-932-5610
Meir,Doulden,Sabana Grande,06/21/1991,Venezuela,mdouldend6@linkedin.com,775-830-5074
Scotti,O'Shee,,,,sosheed7@multiply.com,
Cecilia,Matthai,Gul’cha,11/03/1950,Kyrgyzstan,cmatthaid8@simplemachines.org,945-866-0037
Salim,Pietrzyk,Niemodlin,03/24/1970,Poland,,958-197-7214
Crista,Boam,Kruševac,01/16/1991,Serbia,cboamda@rakuten.co.jp,695-512-3576
Pennie,Sarah,Крушопек,06/22/1958,Macedonia,psarahdb@xrea.com,769-406-2886
Kimbra,Canny,,,,kcannydc@japanpost.jp,
Garik,Gemlbett,Angochi,06/13/1986,Aruba,ggemlbettdd@jigsy.com,573-618-6116
Dag,Goulthorp,Villa Ojo de Agua,10/13/1973,Argentina,,787-482-4520
Gwenni,Forrester,Conde,06/27/1970,Brazil,,184-159-2574
Mandy,Diggle,Takanini,03/11/1998,New Zealand,mdiggledg@multiply.com,352-902-7440
Dareen,Snepp,Stan-Bekhtemir,04/12/1967,Russia,dsneppdh@princeton.edu,398-447-9878
Sharla,Brigdale,,,,sbrigdaledi@t.co,
Ainsley,Leadbeater,Dongying,06/27/1971,China,aleadbeaterdj@dedecms.com,572-881-6309
Sunny,McLellan,Libei,03/18/1998,China,smclellandk@blogtalkradio.com,196-709-6822
Morly,Pinkerton,Huangbu,12/02/1979,China,mpinkertondl@biglobe.ne.jp,113-853-2102
Putnam,Silbersak,Niederanven,10/28/1961,Luxembourg,psilbersakdm@nymag.com,320-266-0424
Danila,Posten,Barbosa,08/14/1960,Colombia,dpostendn@ycombinator.com,762-681-7589
Clint,Timpany,Xinlong,07/15/1970,China,ctimpanydo@jiathis.com,458-370-1485
Tom,Legg,,,,tleggdp@cargocollective.com,
Bronson,Fazzioli,Caxito,02/18/1975,Angola,bfazziolidq@sina.com.cn,972-434-4489
Cole,Hendrichs,Langsepan,02/10/1978,Indonesia,chendrichsdr@1und1.de,109-486-1694
Abie,Vasyunin,Kastsyukovichy,04/12/1964,Belarus,,887-104-7461
Dyan,Cannam,Liang,09/29/1958,Indonesia,dcannamdt@mail.ru,192-983-6646
Leah,Quade,Zhongnan,04/20/1994,China,lquadedu@posterous.com,287-143-8067
Frants,Adriaan,Nobinobi,03/29/1966,Indonesia,fadriaandv@youtube.com,412-390-1080
Erhart,Tinniswood,Banqiao,08/21/1984,China,etinniswooddw@123-reg.co.uk,232-936-0824
Tine,Rushmare,Żarki,07/15/1996,Poland,trushmaredx@flavors.me,906-410-4301
Maddy,Trodler,,,,mtrodlerdy@reverbnation.com,
Sallyanne,Baszniak,Orangeville,07/13/1954,Canada,sbaszniakdz@abc.net.au,848-168-0969
Dean,Clarage,Otavi,11/28/1991,Namibia,dclaragee0@admin.ch,442-407-9032
Nickolas,Peerman,Tramandaí,09/05/1990,Brazil,npeermane1@icq.com,500-413-9792
Hewet,Saffon,Naze,04/26/1979,Japan,hsaffone2@phpbb.com,106-762-8658
Carlin,Rigmond,Chiryū,07/01/1968,Japan,crigmonde3@pbs.org,358-292-8614
Archibold,Darbishire,Sukadana Selatan,10/29/1969,Indonesia,,140-634-5085
Herschel,Gaitskell,Sidi Yahya Ou Saad,06/01/1953,Morocco,hgaitskelle5@trellian.com,680-752-9673
Sheree,Matisoff,Trinidad,12/24/1970,Uruguay,smatisoffe6@jimdo.com,784-230-4787
Abbey,Tague,Garça,02/05/1954,Brazil,ataguee7@behance.net,992-925-3802
Raquela,Keyzor,Washington,06/08/1968,United States,rkeyzore8@themeforest.net,703-222-6330
Marlyn,Jozwiak,Binkolo,09/06/1972,Sierra Leone,mjozwiake9@hibu.com,345-159-0511
Rosanna,Duchart,Oulmes,10/26/1957,Morocco,rduchartea@ustream.tv,323-378-3027
Bliss,Sollowaye,,,,bsollowayeeb@tiny.cc,
Carlie,Olrenshaw,,,,,
Sheena,Dore,Kota Kinabalu,09/07/1990,Malaysia,sdoreed@about.com,714-539-6544
Gunilla,Purrier,Büzmeýin,01/28/1997,Turkmenistan,gpurrieree@baidu.com,669-852-8855
Drud,Lawlie,Tsimlyansk,12/02/1963,Russia,dlawlieef@cbc.ca,876-711-0785
Tripp,Paintain,Esquina,08/10/1998,Argentina,tpaintaineg@reuters.com,174-450-7493
Calla,Winney,Verkhniy Kurkuzhin,03/01/1984,Russia,cwinneyeh@ftc.gov,917-775-4878
Judie,Downage,Mayahi,02/19/1986,Niger,jdownageei@jimdo.com,789-458-3462
Lise,Stritton,Foča,04/22/1989,Bosnia and Herzegovina,,785-267-0482
Tiffanie,Eustice,Pīr jo Goth,05/03/1995,Pakistan,teusticeek@myspace.com,652-440-0126
Dannye,Kiehne,Vila Chã do Monte,03/03/1951,Portugal,dkiehneel@arstechnica.com,941-776-5149
Sharl,Fossey,Arjasari,12/29/1993,Indonesia,sfosseyem@yelp.com,294-377-4759
Dolorita,Scholig,Cibeuti,10/06/1955,Indonesia,dscholigen@fc2.com,202-748-7913
Loise,Basilotta,Berezovo,04/04/1972,Ukraine,,455-634-6261
Nichole,Boase,Sefrou,12/05/1961,Morocco,nboaseep@hc360.com,729-222-0486
Ringo,Lapley,,,,rlapleyeq@theatlantic.com,
Bertrando,Wiz,Bungkulan,05/30/1969,Indonesia,bwizer@stumbleupon.com,631-179-9719
Horatia,Sturley,Bayuwan,07/10/1999,Indonesia,hsturleyes@smh.com.au,726-167-1928
Bevvy,Dunsire,Buea,09/17/1985,Cameroon,bdunsireet@domainmarket.com,467-508-5683
Ophelie,Milverton,Naivasha,11/22/1976,Kenya,,680-830-5015
Aridatha,Dilleway,Chastyye,07/31/1981,Russia,adillewayev@wikispaces.com,309-395-4546
Helen,Dearnaley,Bandhagen,12/12/1971,Sweden,hdearnaleyew@artisteer.com,825-441-5498
Juliette,Tomaselli,Kabarnet,05/29/1972,Kenya,jtomaselliex@msu.edu,898-558-0953
Anatollo,Pally,Koubia,08/25/1999,Guinea,,173-630-8737
Lavinie,Dudeney,Sitampiky,10/24/1963,Madagascar,ldudeneyez@bloglovin.com,186-963-6828
Gerda,Lintot,Sawangan,06/07/1999,Indonesia,glintotf0@oakley.com,892-440-4185
Charmion,Durbridge,København,08/25/1983,Denmark,cdurbridgef1@sciencedirect.com,534-574-1928
Calli,Merrall,Trieste,08/04/1958,Italy,cmerrallf2@techcrunch.com,164-579-3066
Fleur,Barthelme,Helong,12/21/1992,China,fbarthelmef3@artisteer.com,791-397-3768
Kerri,Dalby,,,,kdalbyf4@cmu.edu,
Emilee,Meneely,Lakatnik,08/20/1981,Bulgaria,,153-746-4694
Ophelie,Slayford,Pak Chong,10/29/1968,Thailand,oslayfordf6@de.vu,235-290-6358
Bili,Housbie,,,,bhousbief7@qq.com,
Kingsley,Gully,Ndendé,03/04/1982,Gabon,kgullyf8@example.com,727-559-7500
Kellie,Benger,Wintzenheim,08/16/1989,France,kbengerf9@ifeng.com,611-728-4200
Lily,Leyton,La Carlota,01/17/1974,Philippines,lleytonfa@about.com,195-257-7713
Marthe,Bragginton,Shaoyang,06/22/1971,China,mbraggintonfb@nature.com,116-336-1307
Berta,Stut,Gununggoong,02/02/1982,Indonesia,bstutfc@cnbc.com,998-108-4006
Denny,Simpkin,Närpes,01/30/1963,Finland,dsimpkinfd@scientificamerican.com,237-802-2072
Abe,Lambdin,Gambaru,02/24/1960,Nigeria,,913-950-0244
Dmitri,McCoughan,,,,dmccoughanff@ask.com,
Xymenes,Colvine,Ketitang Wetan,12/08/1959,Indonesia,,742-111-5328
Domenic,D'Hooghe,Mashi,07/07/1968,China,ddhooghefh@google.com.br,234-956-7733
Cal,Jemmett,Qianchuan,07/28/1950,China,cjemmettfi@vkontakte.ru,431-572-6791
Inglis,Hansen,,,,ihansenfj@indiegogo.com,
Breena,Burgon,Lebyazh’ye,03/31/1994,Russia,bburgonfk@purevolume.com,380-193-2882
Phelia,Arnao,Pofadder,02/19/1999,South Africa,parnaofl@guardian.co.uk,170-564-9731
Stella,Pountain,Kota Kinabalu,09/17/1972,Malaysia,spountainfm@illinois.edu,905-923-7394
Miller,Celier,Al Mayādīn,12/23/1971,Syria,mcelierfn@163.com,218-367-0835
Ronnie,Niezen,Itapissuma,12/16/1954,Brazil,rniezenfo@google.pl,894-176-0427
Cordie,Carrick,Youdian,09/06/1999,China,ccarrickfp@blinklist.com,810-544-8629
Anatollo,Oxherd,Tegalbuleud,05/05/1960,Indonesia,aoxherdfq@tinypic.com,767-323-7903
Rosalynd,Millions,Plácido de Castro,10/14/1983,Brazil,rmillionsfr@hubpages.com,758-724-1778
Michal,Droghan,Jendouba,07/18/1970,Tunisia,,197-737-2691
Lenore,Pescott,Mubende,01/22/1997,Uganda,lpescottft@dailymail.co.uk,830-667-4465
Ludovico,Mabon,Xinmen,12/31/1950,China,lmabonfu@wikimedia.org,737-350-0709
Jacklin,Evason,Kebonbencoy,04/28/1966,Indonesia,jevasonfv@oracle.com,253-497-4175
Milicent,O'Noulane,Kota Kinabalu,10/18/1970,Malaysia,,171-834-6890
Renato,Dunkerly,Banjar Anyar,03/14/1964,Indonesia,rdunkerlyfx@youtube.com,223-513-5767
Peterus,Grigs,Changqing,07/22/1993,China,pgrigsfy@slideshare.net,184-695-1505
Moreen,Edgworth,Montes,03/09/1983,Portugal,medgworthfz@google.ru,234-154-7782
Gayleen,Andri,La Cuesta,07/07/1965,Peru,gandrig0@loc.gov,435-115-3846
Alejandrina,Birwhistle,Nanao,05/25/1977,Japan,abirwhistleg1@theatlantic.com,935-896-1534
Diena,Beauchop,Cihaurbeuti,09/26/1970,Indonesia,dbeauchopg2@chron.com,693-191-0402
Natasha,Kelley,Lokwabe,03/17/1956,Botswana,nkelleyg3@youtube.com,230-479-1016
Callean,Kasparski,,,,ckasparskig4@rediff.com,
Lolly,Gay,Cigeulis,01/21/1966,Indonesia,lgayg5@domainmarket.com,565-959-8241
Lorianne,Smitheram,Mengxi,10/20/1966,China,lsmitheramg6@pbs.org,619-825-4622
Celestyn,Schutze,Březová,03/05/1969,Czech Republic,cschutzeg7@intel.com,104-928-4526
Emanuele,Ondrak,Lamu,12/06/1967,Kenya,eondrakg8@diigo.com,715-173-9674
Tasha,Richford,Hüremt,05/10/1989,Mongolia,trichfordg9@gov.uk,157-947-1643
Horton,Limrick,Priiskovyy,03/12/1985,Russia,hlimrickga@altervista.org,754-995-2302
Nevin,Layne,Okakarara,01/13/1956,Namibia,nlaynegb@163.com,657-775-5841
Waiter,Cardew,Bankeryd,07/07/1981,Sweden,wcardewgc@reuters.com,542-201-5785
Marius,Dumbare,Victoria Falls,10/04/1988,Zimbabwe,mdumbaregd@dedecms.com,839-946-7975
Faber,Kingman,Ad Darbāsīyah,09/01/1965,Syria,,178-960-2718
Wilmar,Poston,Krajan Baru,08/03/1981,Indonesia,,719-703-4427
Rhett,Faircliff,Suwangi Utara,12/23/1968,Indonesia,rfaircliffgg@sfgate.com,331-490-6001
Pavel,Fidelli,Halmstad,03/18/1994,Sweden,pfidelligh@flickr.com,109-989-2648
Francois,Longmead,La Garenne-Colombes,01/31/1996,France,flongmeadgi@mail.ru,212-102-6251
Klement,Dallemore,,,,kdallemoregj@va.gov,
Robbert,Ellerbeck,Korfovskiy,03/01/1965,Russia,rellerbeckgk@linkedin.com,953-262-4291
Briana,Guidi,Champigny-sur-Marne,10/05/1994,France,bguidigl@amazon.com,507-296-9768
Jolene,Floweth,Nyazura,02/24/1968,Zimbabwe,jflowethgm@gnu.org,231-601-6159
Garold,Shimmings,Fushë-Bulqizë,10/28/1989,Albania,gshimmingsgn@csmonitor.com,607-427-1718
Brett,Samber,Andrushivka,10/04/1969,Ukraine,bsambergo@cdc.gov,805-525-2868
Inger,Slateford,Czarna Dąbrówka,07/18/1976,Poland,islatefordgp@bloglovin.com,722-167-2449
Sharline,MacBarron,Kromasan,04/06/1989,Indonesia,,756-516-8155
Tarah,Glason,,,,tglasongr@clickbank.net,
Westbrook,Shark,Heyin,10/18/1963,China,wsharkgs@hud.gov,401-561-6804
Bette-ann,Casetta,Liugong,03/11/1998,China,bcasettagt@geocities.jp,215-845-4830
Ilise,Branton,Esquina,02/22/1966,Argentina,,525-537-4272
Winny,Subhan,Inayauan,10/10/1957,Philippines,wsubhangv@multiply.com,473-983-1363
Lucias,Brandi,Baiquesi,10/09/1976,China,lbrandigw@cbsnews.com,250-755-1477
Gaynor,Gittins,Longquan,12/23/1979,China,ggittinsgx@chron.com,821-313-3677
Agnese,Pellingar,Cartagena,11/23/1979,Spain,apellingargy@comcast.net,153-841-3231
Marijo,Halwell,,,,mhalwellgz@jiathis.com,
Ardelis,Winny,Osekovo,02/03/1965,Croatia,awinnyh0@bravesites.com,826-146-8829
Estrellita,Jann,Guanabacoa,09/30/1965,Cuba,ejannh1@ow.ly,488-733-7574
Olga,Dominichelli,Huangji,01/24/1967,China,odominichellih2@unc.edu,891-184-5441
Prissie,O'Cullen,Hongmiao,03/05/1981,China,,519-908-5890
Nat,Yousef,Dianbu,06/02/1984,China,nyousefh4@wordpress.com,615-279-5658
Adelaide,Shiell,Cockburn Town,05/02/1991,Turks and Caicos Islands,ashiellh5@time.com,717-398-6268
Dorelle,Wadly,Gaojiabu,10/14/1998,China,dwadlyh6@altervista.org,393-471-6316
Suzanne,Lanfranchi,Lagunillas,02/24/1971,Venezuela,slanfranchih7@elpais.com,275-659-1347
Ara,Gavini,Versailles,10/29/1967,France,agavinih8@wordpress.com,817-594-5932
Ardyth,Wistance,Bensonville,09/27/1958,Liberia,awistanceh9@wisc.edu,489-958-7521
Patrica,Gilliam,Kotlovka,03/13/1950,Russia,,155-740-4646
Mycah,Heinemann,Götene,12/01/1969,Sweden,mheinemannhb@sohu.com,702-147-6106
Melina,Snugg,El Paso,07/01/1976,United States,msnugghc@wsj.com,915-782-3215
Guillaume,Cervantes,Fershampenuaz,03/23/1999,Russia,,343-799-0671
Karry,Fairchild,Kŭlob,10/29/1970,Tajikistan,kfairchildhe@ucoz.ru,549-892-5949
Ramsey,Bladon,Cilegi,11/28/1975,Indonesia,rbladonhf@dagondesign.com,473-116-0598
Roxie,Sivorn,Guanlu,04/06/1974,China,,496-377-4722
Matti,Kayes,,,,mkayeshh@so-net.ne.jp,
Cheslie,Douberday,Muhur,03/17/1991,China,,355-601-9150
Brody,Smalles,Vänersborg,03/06/1954,Sweden,bsmalleshj@cpanel.net,223-713-5182
Thalia,Culpan,Saint Louis,04/24/1953,United States,tculpanhk@booking.com,314-808-2145
Mike,Cambden,New Mīrpur,07/16/1952,Pakistan,mcambdenhl@wix.com,284-878-1043
Elberta,O'Geneay,Sulaco,10/19/1992,Honduras,eogeneayhm@gmpg.org,904-907-7726
Lishe,Gomm,Sukabumi,10/30/1996,Indonesia,,842-117-8295
Thebault,Ponten,Norman Wells,08/05/1982,Canada,tpontenho@cpanel.net,763-720-5216
Albertina,Martinovsky,Zhonghekou,01/10/1992,China,amartinovskyhp@tmall.com,483-529-0153
Teodor,Gledhall,Barmash,02/26/1985,Albania,tgledhallhq@wikispaces.com,298-443-0883
Vasilis,Yakovich,Lons-le-Saunier,06/22/1966,France,vyakovichhr@google.com,127-387-7965
Luella,Ygoe,,,,,
Sonny,Bloyes,Camachile,12/14/1984,Philippines,sbloyesht@whitehouse.gov,243-375-3400
Ganny,Gosnall,Emiliano Zapata,03/06/1976,Mexico,ggosnallhu@wikispaces.com,407-103-7239
Erinna,Landsborough,Thị Trấn Ngọc Lặc,10/22/1958,Vietnam,elandsboroughhv@paypal.com,606-542-5391
Joanna,Wittrington,Daduo,02/25/1988,China,jwittringtonhw@cnet.com,325-940-2715
Billie,Doylend,Pulau Pinang,11/21/1986,Malaysia,bdoylendhx@nydailynews.com,704-223-9928
Adolph,Waddie,,,,,
Lesya,Bandt,Costa de Rios Frios,03/26/1968,Portugal,lbandthz@sfgate.com,170-245-0112
Virgie,Capnor,Ostrówek,05/12/1976,Poland,vcapnori0@histats.com,640-288-7920
Barby,Hansed,Xiaocheng,05/23/1997,China,bhansedi1@noaa.gov,605-847-8064
Hanna,Marcos,Atsipópoulon,05/17/1958,Greece,hmarcosi2@google.de,513-587-3100
Cirillo,Meachem,Fray Bentos,09/20/1965,Uruguay,cmeachemi3@cloudflare.com,326-574-0192
Carrissa,Peter,Jendouba,06/22/1980,Tunisia,cpeteri4@free.fr,719-355-8814
Padraic,Boschmann,Yugang,10/28/1972,China,pboschmanni5@google.co.jp,945-896-1803
Conny,Huie,Visby,11/19/1953,Sweden,chuiei6@tmall.com,703-152-9744
Andree,Hempel,Mutā Khān,08/25/1989,Afghanistan,ahempeli7@google.ru,790-254-3393
Gran,Buxton,Johanneshov,12/05/1953,Sweden,gbuxtoni8@businessinsider.com,688-513-2260
Elton,Ruddom,Tyukalinsk,06/30/1970,Russia,eruddomi9@netlog.com,860-131-4032
Zebulon,Canby,Mengjia,02/12/1965,China,,631-181-4194
Vitia,Extil,Guane,12/03/1975,Cuba,vextilib@myspace.com,405-496-6692
Hermie,Lomasna,Miyakonojō,05/25/1993,Japan,hlomasnaic@harvard.edu,426-635-0775
Falkner,Southernwood,Benguela,10/12/1969,Angola,fsouthernwoodid@about.com,365-685-9230
Shanie,Parks,Birmingham,01/26/1970,United Kingdom,sparksie@wix.com,790-844-1175
Helyn,Gownge,Xin’e,10/09/1989,China,hgowngeif@dyndns.org,153-359-2084
Quint,Covelle,Santa Bárbara,07/05/1990,Guatemala,qcovelleig@google.es,372-723-2812
Jelene,Gawen,Vendargues,06/06/1975,France,jgawenih@yellowpages.com,375-311-7059
Ketti,Tabourin,Sarpsborg,11/06/1999,Norway,ktabourinii@multiply.com,516-266-2136
Mil,Betchley,Nuamuzi,06/21/1967,Indonesia,mbetchleyij@bloglines.com,727-853-0022
Raynor,Balchen,Atamanovka,07/14/1979,Russia,rbalchenik@spotify.com,718-935-7662
Eb,Fricke,Shazhouba,03/14/1966,China,efrickeil@qq.com,572-714-3390
Waldo,Pawlaczyk,Trancas,09/14/1979,Argentina,wpawlaczykim@netvibes.com,500-399-2492
Moll,Schule,Makata,03/24/1951,Malawi,mschulein@imdb.com,387-853-2193
Saraann,Sachno,Campos,01/15/1974,Brazil,,763-650-7747
Martica,Crumly,Martanesh,07/20/1963,Albania,mcrumlyip@hud.gov,493-509-6121
Catlee,Plews,Sơn Trà,11/27/1977,Vietnam,cplewsiq@indiegogo.com,461-922-1808
Daphne,Lanfere,Isabela,08/10/1973,Philippines,dlanfereir@sourceforge.net,800-328-6411
Micheline,Carradice,Tadabliro,12/13/1979,Indonesia,mcarradiceis@intel.com,687-375-9214
Skipper,Joll,Turija,09/01/1960,Serbia,sjollit@who.int,192-198-3915
Emmalynn,Wealleans,Hofors,11/24/1973,Sweden,ewealleansiu@nsw.gov.au,184-360-8738
Gibb,Waples,Araguaína,01/30/1986,Brazil,gwaplesiv@opensource.org,349-557-8612
Adrian,Lumby,Baharly,04/07/1992,Turkmenistan,alumbyiw@prweb.com,297-889-3225
Kelsey,Yansons,Point Pedro,04/30/1958,Sri Lanka,kyansonsix@java.com,837-282-9034
Babb,Canet,Tân Châu,05/10/1968,Vietnam,,716-367-8801
Eilis,Goshawke,Knin,02/28/1986,Croatia,egoshawkeiz@admin.ch,438-955-4302
Rae,Cunrado,Nakajah,03/09/1986,Indonesia,rcunradoj0@boston.com,288-545-3546
Simon,Pettigree,Paraty,11/28/1963,Brazil,spettigreej1@patch.com,221-343-4597
Rhetta,Turfrey,San Antonio,11/05/1972,Mexico,rturfreyj2@people.com.cn,275-853-0195
Garrard,Everington,Nine,11/06/1976,Portugal,,611-361-4890
Nettie,Milam,Agra,04/05/1987,Portugal,nmilamj4@bandcamp.com,534-928-3786
Shayne,Duckworth,Santa Maria do Souto,05/19/1988,Portugal,sduckworthj5@fc2.com,929-150-4147
Rubin,Sizey,Glugur Krajan,04/22/1999,Indonesia,,293-735-8831
Massimiliano,Hext,Moyogalpa,06/22/1984,Nicaragua,mhextj7@tinypic.com,550-637-6336
Kevan,Besque,San Rafael del Sur,01/27/1985,Nicaragua,kbesquej8@state.gov,404-295-7521
Cindy,Rudman,Diapaga,07/20/1999,Burkina Faso,crudmanj9@slate.com,865-739-1279
Cathy,Rowthorn,Bodzentyn,12/10/1960,Poland,crowthornja@creativecommons.org,469-828-0753
Roseanne,Job,Winong,02/10/1958,Indonesia,rjobjb@jugem.jp,358-656-0183
Konstantine,Tiptaft,Neob,07/15/1975,Indonesia,ktiptaftjc@msn.com,360-965-2713
Emily,Lynnitt,Umm Ruwaba,07/27/1996,Sudan,,731-412-1236
Brandon,Syddie,Quimperlé,11/18/1967,France,bsyddieje@studiopress.com,530-776-7259
Eyde,Struan,Peristerá,09/24/1974,Greece,,184-127-5528
Robb,Rougier,,,,rrougierjg@over-blog.com,
Hatti,Bagnold,Kłoczew,06/12/1977,Poland,hbagnoldjh@google.cn,923-398-6422
Ellen,Blaza,Accha,04/17/1953,Peru,eblazaji@angelfire.com,821-700-9730
Dee,Essberger,Tayabo,07/26/1950,Philippines,,598-309-5657
Ambur,Wither,,,,awitherjk@jalbum.net,
Reinold,Bramer,Tiền Hải,11/10/1980,Vietnam,,563-973-9693
Cletus,Schaumaker,Bosilovo,03/04/1959,Macedonia,cschaumakerjm@alibaba.com,322-477-9266
Genia,Feifer,Weicheng,06/15/1958,China,gfeiferjn@craigslist.org,523-684-3643
Monica,Liven,Campoverde,05/13/1962,Peru,mlivenjo@istockphoto.com,609-864-8659
Rosemarie,Newberry,Batangan,02/23/1982,Indonesia,rnewberryjp@cloudflare.com,583-918-4185
Weylin,Harburtson,Basel,01/28/1992,Switzerland,wharburtsonjq@jugem.jp,433-224-2658
Shandra,Redrup,Thị Trấn Ngải Giao,04/14/1989,Vietnam,sredrupjr@acquirethisname.com,375-462-5943
Pippa,Reddlesden,Mujães,04/14/1980,Portugal,preddlesdenjs@huffingtonpost.com,407-345-7016
Nero,Buske,Semambung,04/26/1985,Indonesia,,267-799-5170
Fanni,Jodrelle,Leskovec pri Krškem,06/20/1966,Slovenia,,724-843-9033
Loydie,Leonards,Valjevo,08/12/1988,Serbia,lleonardsjv@ifeng.com,246-140-3138
Myra,Madle,Tianhekou,11/04/1956,China,mmadlejw@hostgator.com,843-569-2842
Rhona,Coatts,Krynychky,06/11/1991,Ukraine,rcoattsjx@infoseek.co.jp,335-262-8305
Simona,Thacke,Trudobelikovskiy,02/20/1980,Russia,sthackejy@usgs.gov,374-882-1008
Lainey,Belcham,Raemude,09/22/1990,Indonesia,,366-396-1437
Nessa,Fattori,Obertyn,07/15/1969,Ukraine,,617-435-7035
Bastien,Penhallurick,Fangtian,08/23/1957,China,,767-667-9227
Danita,Caramuscia,Nancheng,12/13/1976,China,dcaramusciak2@disqus.com,631-374-6559
Rey,Boutell,,,,rboutellk3@stanford.edu,
Bibbye,Carlson,Nikolina Gora,02/17/1965,Russia,,472-130-6770
Bail,Sheerin,Janowiec,08/19/1972,Poland,,917-639-5688
Dasi,McMackin,Nakajah,01/20/1988,Indonesia,dmcmackink6@shop-pro.jp,237-577-9170
Shaine,Cargo,Autun,02/16/1993,France,scargok7@dropbox.com,587-286-3061
Shara,Bruntje,Guicheng,02/08/1995,China,,106-326-0621
Adamo,Rolph,Mberubu,04/14/1977,Nigeria,arolphk9@jimdo.com,446-817-7674
Marybeth,Undy,Guatraché,06/12/1964,Argentina,mundyka@digg.com,964-819-7503
Wendy,Christophers,Baozhu,01/04/1962,China,wchristopherskb@mlb.com,558-585-1851
Padriac,Guillain,Krajanbonjor,02/16/1968,Indonesia,,594-102-3911
Gottfried,Deeble,Puncaktugu,07/28/1963,Indonesia,gdeeblekd@blinklist.com,124-885-9392
Valina,Jirsa,Gampola,08/11/1959,Sri Lanka,vjirsake@ft.com,822-928-3291
Brigitte,Glencrash,Xuefeng,05/17/1989,China,bglencrashkf@usatoday.com,683-731-2508
Abran,Masseo,Kolomyya,07/09/1977,Ukraine,amasseokg@fda.gov,278-806-4340
Elberta,Darter,Abuyog,09/29/1962,Philippines,edarterkh@ft.com,383-963-1759
Irvine,Bartrum,Mawa,01/11/1980,Indonesia,ibartrumki@chron.com,455-225-9075
Armand,Hare,San Jacinto,03/14/1962,Peru,aharekj@vkontakte.ru,479-295-7815
Anny,Jude,Kembangkerang Lauk Timur,12/09/1978,Indonesia,ajudekk@narod.ru,398-420-9298
Priscilla,Matthai,Pehuajó,12/15/1970,Argentina,pmatthaikl@answers.com,357-757-1439
Terri,Giblett,Banjing,09/10/1969,China,tgiblettkm@hhs.gov,749-625-7689
Cissiee,Goady,Hexi,09/17/1965,China,cgoadykn@home.pl,735-649-2432
Camille,McCool,Antalaha,09/03/1992,Madagascar,cmccoolko@prlog.org,505-425-4451
Waverly,D'Oyly,Cervantes,12/04/1971,Philippines,wdoylykp@shop-pro.jp,715-414-3109
Jeralee,Woodrup,Lilla Edet,01/19/1959,Sweden,jwoodrupkq@salon.com,790-374-9625
Rosy,Papaminas,El Ksour,08/30/1976,Tunisia,,104-578-3630
Rosette,Roff,Jarry,12/05/1988,Guadeloupe,rroffks@sohu.com,518-241-7459
Angelina,Gallop,Créteil,09/12/1969,France,agallopkt@smugmug.com,263-322-6462
Marline,Lombardo,Qumudi,11/17/1957,China,mlombardoku@icq.com,661-468-4244
Bathsheba,Fiddyment,Boyarka,03/07/1974,Ukraine,bfiddymentkv@istockphoto.com,509-337-3509
Birgit,Reichert,Ljubešćica,04/20/1964,Croatia,breichertkw@icq.com,151-477-1013
Gipsy,Doddridge,Boafeo,11/28/1961,Indonesia,gdoddridgekx@bloomberg.com,488-223-8789
Virgie,Dumphries,Virojoki,03/12/1998,Finland,,399-982-9036
Blake,Coule,Hornówek,01/15/1968,Poland,bcoulekz@scribd.com,162-834-4444
Merralee,Leaman,Takahama,12/10/1983,Japan,mleamanl0@microsoft.com,548-959-1443
Monah,Chesnay,Alberton,08/17/1956,Canada,mchesnayl1@amazon.co.uk,726-290-0166
Leonerd,Brayshay,Czarnocin,06/08/1955,Poland,lbrayshayl2@friendfeed.com,518-301-3243
Tabor,Sheldrick,Balazar,07/27/1974,Portugal,tsheldrickl3@deliciousdays.com,650-634-0861
Tiffie,Webborn,Hualingang,04/12/1984,China,twebbornl4@booking.com,345-328-6581
Felic,Shane,Shangtuhai,08/11/1977,China,,592-817-1178
Rowena,Fairham,Qalqaman,03/24/1980,Kazakhstan,rfairhaml6@technorati.com,655-622-0967
Adorne,Glasscoe,Taquile,12/21/1971,Peru,aglasscoel7@surveymonkey.com,221-652-5344
Nappy,Naish,Cherëmushki,06/20/1962,Russia,nnaishl8@gizmodo.com,366-465-4274
Reed,Maha,Uruguaiana,03/18/1964,Brazil,rmahal9@lycos.com,124-351-1161
Vanny,Empleton,Duran,07/07/1956,Philippines,vempletonla@alexa.com,912-278-1742
Kennedy,Stockoe,Ghormach,06/28/1991,Afghanistan,kstockoelb@cisco.com,767-674-3925
Averell,Middiff,Kagay,11/25/1959,Philippines,,128-153-3366
Shayna,Donner,Santa Maria da Vitória,08/05/1985,Brazil,sdonnerld@tumblr.com,293-347-7690
Tadio,Boaler,Steblevë,12/14/1968,Albania,tboalerle@ucoz.com,690-565-0948
Brittan,MacAnespie,Gar,08/01/1955,China,bmacanespielf@mayoclinic.com,160-547-0979
Nicolai,Whetton,Nong Don,02/04/1996,Thailand,nwhettonlg@wired.com,272-368-7326
Daune,Leamon,Tegalgede,01/18/1951,Indonesia,dleamonlh@dropbox.com,395-114-5255
Marven,Lenard,Młynary,06/30/1971,Poland,mlenardli@paginegialle.it,100-935-6145
Hermine,McOwan,Pavia,01/12/1965,Portugal,hmcowanlj@altervista.org,502-205-4678
Joice,MacCarrick,Jeong,05/19/1983,Indonesia,jmaccarricklk@macromedia.com,198-332-2829
Wileen,Gosalvez,Wangyi Zhendian,06/11/1996,China,,224-556-8512
Margarethe,Wartnaby,Kutloanong,02/02/1959,South Africa,mwartnabylm@gravatar.com,963-249-1382
Anastasie,Abade,Oslo,09/03/1970,Norway,aabadeln@google.ru,771-263-6331
Clarinda,Grevile,Luleå,03/06/1972,Sweden,cgrevilelo@skype.com,120-657-9249
Marnia,Scutter,Capacho Nuevo,05/05/1956,Venezuela,,895-972-1642
Mechelle,Mouncher,Tielu,01/09/1952,China,mmouncherlq@cafepress.com,499-197-3500
Munroe,Fullylove,Greda,03/10/1978,Croatia,mfullylovelr@usnews.com,330-744-7919
Kalil,Hurch,Dongqiao,12/09/1976,China,khurchls@uol.com.br,648-319-1076
Clio,Pardie,Dobri Dol,11/14/1985,Macedonia,cpardielt@tamu.edu,815-796-3952
Auguste,Fallows,Al Hoceïma,06/18/1979,Morocco,afallowslu@networksolutions.com,397-163-4105
Portie,Grahame,Bharatpur,05/16/1987,Nepal,pgrahamelv@census.gov,780-850-8801
Andee,Labro,Arys,03/23/1982,Kazakhstan,alabrolw@wikispaces.com,912-341-7262
Wendeline,Petto,Butwāl,11/11/1962,Nepal,wpettolx@home.pl,179-365-7254
Chiarra,Echalie,Houten,04/18/1973,Netherlands,cechaliely@archive.org,783-429-4334
Stacy,Dalglish,Bogorodsk,06/26/1971,Russia,sdalglishlz@dedecms.com,615-911-0939
Heloise,Peracco,Emiliano Zapata,06/24/1968,Mexico,,731-825-0413
Rikki,Windybank,Monastir,06/24/1986,Tunisia,rwindybankm1@goo.ne.jp,794-226-5264
Pat,Moran,Ambanja,08/22/1988,Madagascar,pmoranm2@amazon.de,144-871-7270
Gilemette,Widdall,Montaigu,07/01/1953,France,gwiddallm3@upenn.edu,366-219-1515
Celene,Ornelas,Sansheng,02/03/1972,China,cornelasm4@google.co.uk,663-743-3109
Jemimah,Pina,Vila Fria,07/29/1968,Portugal,jpinam5@whitehouse.gov,765-393-6622
Kitti,Murrhaupt,Beringinjaya,03/01/1986,Indonesia,kmurrhauptm6@virginia.edu,141-531-3332
Adelind,Gerald,Calanogas,08/28/1984,Philippines,ageraldm7@t.co,613-452-3341
Abbot,Bompass,General Alvear,03/25/1950,Argentina,abompassm8@foxnews.com,465-933-4542
Malvina,Kochel,Pitogo,04/26/1994,Philippines,mkochelm9@free.fr,753-362-3897
Alleyn,Stroton,Xiaomenjia,03/07/1970,China,astrotonma@berkeley.edu,191-707-0381
Kin,Spurritt,Krajan,06/08/1981,Indonesia,kspurrittmb@comsenz.com,992-303-2589
Halli,Boyack,Marisgama,06/11/1991,Indonesia,hboyackmc@networkadvertising.org,393-730-9440
Valentino,Roskrug,Shizi,05/06/1951,China,vroskrugmd@icio.us,294-387-5801
Conrade,Grigoliis,Cortinhas,10/27/1983,Portugal,cgrigoliisme@upenn.edu,763-622-2006
Jennifer,Selley,La Guadalupe,01/19/1965,Mexico,jselleymf@theguardian.com,164-668-4160
Cyrill,Ragless,Kadugedong,07/29/1989,Indonesia,craglessmg@1688.com,200-267-5332
Euell,Ebbett,,,,eebbettmh@freewebs.com,
Audi,Welds,Solna,01/16/1997,Sweden,aweldsmi@nationalgeographic.com,697-805-3122
Lolita,Berndtsson,Saransk,01/21/1952,Russia,lberndtssonmj@skype.com,621-123-9247
Milzie,Petran,Houston,08/30/1978,United States,mpetranmk@samsung.com,713-550-1657
Ophelia,Limbourne,Höganäs,10/08/1953,Sweden,olimbourneml@mayoclinic.com,397-977-6172
Laraine,Wrathmell,La’ershan,12/25/1984,China,lwrathmellmm@addtoany.com,804-594-0969
Drucill,Surmeyers,Chiantla,07/21/1963,Guatemala,dsurmeyersmn@unicef.org,450-584-2404
Judye,Dashkov,Anseong,11/03/1957,South Korea,jdashkovmo@census.gov,223-690-6824
Kaitlyn,Hudghton,Palanit,03/14/1985,Philippines,khudghtonmp@wordpress.org,751-872-9629
Sawyer,McVaugh,Rathdrum,11/23/1975,Ireland,smcvaughmq@yolasite.com,722-970-3323
Melina,Gobel,Tortosendo,11/09/1971,Portugal,mgobelmr@xing.com,876-892-3764
Taite,Crimes,Benito Juarez,06/08/1974,Mexico,,869-968-2981
Matthieu,Ambroix,Canggetelo,07/31/1966,Indonesia,mambroixmt@jigsy.com,868-419-5651
Buiron,Menier,Jurovski Dol,08/04/1968,Slovenia,,134-240-7127
Celestia,Dobbings,São Sebastião do Caí,06/16/1992,Brazil,cdobbingsmv@weebly.com,661-977-8254
Catriona,Gowdie,Xuwei,10/17/1962,China,cgowdiemw@yandex.ru,614-596-5740
Heinrik,McLardie,Lomé,12/05/1978,Togo,hmclardiemx@omniture.com,626-761-0583
Candie,Stenet,Kosong,01/24/1956,South Korea,cstenetmy@usda.gov,343-159-6504
Arvie,Aubrun,Lakbok,10/09/1962,Indonesia,aaubrunmz@blogspot.com,153-583-8113
Berte,Tulley,Joševa,11/09/1979,Serbia,btulleyn0@apache.org,641-524-4412
Grover,Couttes,Aūa,11/16/1989,American Samoa,gcouttesn1@w3.org,657-415-6372
Laurianne,Goering,Moutas,01/27/1978,Portugal,lgoeringn2@php.net,141-742-8291
Mason,Vauls,Xibu,01/09/1976,China,mvaulsn3@miitbeian.gov.cn,673-863-6264
Carrol,Tubbles,Calibungan,01/08/1982,Philippines,ctubblesn4@ucoz.ru,719-602-4355
Chloe,Cliffe,Nelson,07/01/1995,New Zealand,ccliffen5@fema.gov,485-556-8321
Arnoldo,Rudman,Łobżenica,04/25/1990,Poland,arudmann6@telegraph.co.uk,963-575-9551
Jilli,Jallin,Al Burayqah,04/14/1962,Libya,jjallinn7@cargocollective.com,917-379-9344
Mirna,Screas,Barbosa,11/05/1983,Colombia,mscreasn8@linkedin.com,241-633-8644
Andee,Cummungs,Esplanada,06/18/1961,Brazil,acummungsn9@vistaprint.com,385-964-6910
Martynne,Poleykett,Kuleqi,10/05/1967,China,mpoleykettna@sakura.ne.jp,453-991-7698
Tobias,Dobbyn,Badu,06/06/1958,China,tdobbynnb@netscape.com,314-196-4572
Elihu,Bohey,Tacoma,06/30/1993,United States,,253-455-6905
Beatrice,Hallums,Granja,03/07/1992,Portugal,bhallumsnd@cmu.edu,823-864-0609
Dallis,Edowes,,,,dedowesne@time.com,
Sandro,Picard,Gò Dầu,06/01/1973,Vietnam,,672-941-3078
Alford,Fonte,Nîmes,12/01/1972,France,afonteng@webmd.com,702-519-6055
Caryl,Zorzin,Grzęska,02/02/1978,Poland,czorzinnh@sbwire.com,508-634-8528
Carmela,St. Quentin,Dikwa,11/25/1999,Nigeria,cstquentinni@deliciousdays.com,630-512-5125
Sal,Pigney,Melbourne,12/18/1965,Australia,,600-279-6609
Ardyce,Haggith,Kawangkoan,01/16/1999,Indonesia,ahaggithnk@booking.com,976-124-5500
Dorie,Cornau,Yakimovo,09/14/1991,Bulgaria,dcornaunl@ca.gov,692-852-2020
Roman,Parley,Karangnunggal,01/10/1986,Indonesia,rparleynm@opera.com,156-435-8602
Roanna,Hawthorn,Pomiechówek,10/15/1960,Poland,rhawthornnn@princeton.edu,117-250-9482
Martguerita,Broxap,Daja,07/29/1977,Indonesia,,881-471-1153
Rutherford,Evangelinos,Arnprior,12/14/1965,Canada,revangelinosnp@google.pl,750-165-5232
Nathalia,Stanmer,Santa María de Jesús,03/02/1959,Guatemala,nstanmernq@ycombinator.com,999-702-3653
Padraic,Cannan,Asker,07/19/1979,Norway,pcannannr@hao123.com,155-286-9261
Enid,Seacroft,Jamaica,01/19/1953,United States,eseacroftns@tamu.edu,212-688-2225
Wald,Keggin,Erba,10/20/1982,China,wkegginnt@discovery.com,380-692-3429
Ashli,Levinge,Krasni Okny,01/18/1988,Ukraine,,241-979-2515
Fernanda,Breawood,Gorzów Śląski,09/21/1982,Poland,,590-874-6731
Greggory,Cambden,Kinatakutan,01/02/1984,Philippines,gcambdennw@forbes.com,336-812-2901
Carver,Domengue,Malaya Purga,08/05/1975,Russia,cdomenguenx@virginia.edu,182-177-3444
Merell,Scholling,Kodamachō-kodamaminami,05/08/1986,Japan,mschollingny@ustream.tv,866-553-0700
Jorie,Symper,Karangbungur,03/25/1982,Indonesia,jsympernz@desdev.cn,198-789-4506
Benedikta,De Leek,Shal’skiy,06/18/1988,Russia,bdeleeko0@myspace.com,892-961-6281
Gaelan,Everill,Bayanbaraat,05/01/1975,Mongolia,geverillo1@163.com,944-848-3817
Odell,Booley,Tulihe,08/20/1983,China,obooleyo2@hexun.com,918-826-2862
Dietrich,Castaner,Zaporizhzhya,08/06/1963,Ukraine,dcastanero3@seattletimes.com,293-107-6335
Ive,Etherson,Sypniewo,06/26/1974,Poland,iethersono4@craigslist.org,859-791-0878
Larina,Sommerlin,Xinó Neró,01/27/1956,Greece,lsommerlino5@artisteer.com,610-722-0194
Chen,Longstaffe,Fubei,11/27/1979,China,clongstaffeo6@eepurl.com,627-989-5499
Derward,Kuna,Caldas Novas,02/24/1976,Brazil,dkunao7@scientificamerican.com,384-438-8504
Dee dee,Lampard,Vilhena,02/09/1987,Brazil,dlampardo8@netscape.com,757-842-6430
Elka,Pohl,Bom Despacho,05/04/1954,Brazil,epohlo9@businesswire.com,710-314-6524
Kyrstin,Tempest,Amboanjo,06/18/1988,Madagascar,ktempestoa@archive.org,297-633-8808
Tedra,Spyvye,Mpanda,02/24/1982,Tanzania,tspyvyeob@nature.com,616-411-4023
Colleen,Ledeker,Teruel,11/27/1970,Spain,cledekeroc@berkeley.edu,768-567-8084
Cornie,Turneaux,Kukulu,10/22/1980,Indonesia,cturneauxod@flickr.com,409-198-7103
Joceline,Goshawke,Guankou,10/21/1996,China,jgoshawkeoe@freewebs.com,178-922-5139
Lizzie,Sherbrooke,Anār,07/16/1987,Iran,lsherbrookeof@boston.com,614-323-6052
Eldredge,Phipps,Long’anqiao,04/27/1973,China,ephippsog@bloglovin.com,725-336-4793
Kris,O' Connell,,,,koconnelloh@163.com,
Melania,Gilliard,Birmingham,05/14/1963,United States,mgilliardoi@moonfruit.com,205-620-5279
Edgar,Licciardi,Mubende,03/14/1999,Uganda,elicciardioj@msu.edu,154-524-0477
Grenville,Huggen,Bafoussam,05/04/1969,Cameroon,ghuggenok@phoca.cz,582-746-2334
Jaymee,Breach,Lere,05/11/1966,Nigeria,jbreachol@over-blog.com,149-831-0427
Robbie,Cardenosa,Lafiagi,12/17/1988,Nigeria,rcardenosaom@canalblog.com,632-464-6426
Nikkie,Ascraft,,,,nascrafton@geocities.com,
Dale,Wenderott,Ust’-Ulagan,07/25/1964,Russia,dwenderottoo@fotki.com,136-845-9614
Meredith,Elmore,Toulouse,09/22/1998,France,,306-550-2133
Dav,Borit,Maintirano,11/08/1992,Madagascar,,847-474-2722
Thekla,Stimson,Roriz,01/14/1999,Portugal,tstimsonor@time.com,746-358-8830
Dorolice,Kenneway,,,,dkennewayos@wix.com,
Marcela,Ormerod,Saint-Péray,06/11/1971,France,mormerodot@unicef.org,107-908-2616
Carlota,Ovens,Kveda Chkhorots’q’u,06/18/1973,Georgia,covensou@goo.ne.jp,862-663-8026
Loella,Sconce,Tran,01/03/1970,Philippines,lsconceov@myspace.com,697-342-8487
Abbie,Longshaw,Lijiang,03/18/1959,China,alongshawow@blog.com,822-657-2660
Ulises,Gawkes,Jangheung,11/10/1990,South Korea,ugawkesox@exblog.jp,405-443-6946
Stu,Besantie,Ifo,12/19/1969,Nigeria,sbesantieoy@cbc.ca,317-962-3816
Elliot,Grantham,Tigbaw,02/18/1968,Philippines,,449-405-6527
Travers,Humes,Bihoro,09/26/1972,Japan,thumesp0@omniture.com,178-415-8750
Cate,Nunan,Ambanja,06/26/1963,Madagascar,cnunanp1@msn.com,721-388-1239
Pepi,Nibley,Vorontsovka,01/14/1994,Russia,pnibleyp2@google.com,940-330-1375
Theo,Kenlin,Koumra,06/22/1977,Chad,tkenlinp3@symantec.com,686-720-4647
Cathleen,Brucker,Viline,02/26/1961,Ukraine,cbruckerp4@printfriendly.com,627-649-9126
Mufi,Lequeux,Sainte-Anne-des-Monts,07/19/1991,Canada,mlequeuxp5@1und1.de,491-624-7183
Lyda,Antonin,Horodok,09/06/1971,Ukraine,lantoninp6@altervista.org,262-343-3124
Galvan,Fidgett,Szamotuły,09/15/1979,Poland,gfidgettp7@so-net.ne.jp,339-187-8349
Wye,Nayer,,,,wnayerp8@washington.edu,
Che,Lauder,Simao,06/13/1985,China,clauderp9@e-recht24.de,292-123-5910
Helge,Jadczak,Hedi,12/12/1962,China,hjadczakpa@bravesites.com,986-473-9858
Sherm,Lapsley,Loppi,09/22/1951,Finland,slapsleypb@statcounter.com,925-640-9356
Cal,Keelinge,Nōgata,01/29/1952,Japan,ckeelingepc@github.com,948-488-3134
Corey,Astbury,Indaial,02/10/1951,Brazil,castburypd@exblog.jp,656-123-2732
Davon,De Meis,Žlutava,04/04/1974,Czech Republic,ddemeispe@google.pl,743-645-8383
Tiphani,Postill,Kopidlno,05/20/1965,Czech Republic,,447-243-2156
Gerladina,Maycey,Chornukhy,06/18/1959,Ukraine,gmayceypg@wordpress.org,803-889-4386
Helaine,Chesters,Laocheng,10/07/1970,China,hchestersph@youtube.com,772-935-9256
Red,McLae,Montpellier,12/28/1959,France,rmclaepi@sohu.com,887-878-4647
Josh,Carnachen,Kälviä,01/14/1998,Finland,jcarnachenpj@i2i.jp,258-552-7272
Bald,Dedrick,Aranitas,03/26/1956,Albania,bdedrickpk@whitehouse.gov,175-574-2708
Mechelle,Jerzak,Palmira,05/31/1955,Colombia,,279-536-1284
Jackie,Ericsson,Mouriscas,05/10/1959,Portugal,jericssonpm@slideshare.net,690-512-9620
Lorna,Tackle,Shikārpur,12/23/1951,Pakistan,,451-779-4816
Madelaine,Woodington,Benger,04/18/1975,Indonesia,mwoodingtonpo@de.vu,710-610-2114
Aura,Stovin,Karangbungur,11/24/1956,Indonesia,astovinpp@php.net,370-323-3829
Garrot,De Michele,Mirpur Khas,10/06/1997,Pakistan,,846-235-7382
Worthington,Jennins,Kupiskis,10/10/1969,Lithuania,wjenninspr@time.com,754-647-5013
Orren,McGlaud,Goubangzi,07/02/1957,China,,929-773-9994
Charline,Robardey,Pentaplátano,12/27/1972,Greece,crobardeypt@blogspot.com,204-358-2693
Brittney,Foggarty,Granada,11/22/1957,Colombia,bfoggartypu@rediff.com,667-146-9624
Karen,Amer,Pagak Kulon,02/05/1988,Indonesia,kamerpv@nature.com,250-924-9569
Ardys,Kinner,Shimodate,01/29/1989,Japan,akinnerpw@wordpress.com,563-999-1738
Amerigo,Butland,Artur Nogueira,01/23/1957,Brazil,abutlandpx@mit.edu,833-932-9141
Scotty,Bucky,Anjō,12/26/1989,Japan,sbuckypy@comsenz.com,949-820-4686
Hirsch,Devons,Ključ,04/30/1994,Bosnia and Herzegovina,,274-769-9853
Kimmi,Morrowe,Huangshanguan,02/02/1950,China,kmorroweq0@constantcontact.com,560-600-6360
Gill,Cromer,Khomutovo,10/19/1958,Russia,gcromerq1@rediff.com,643-602-9245
Ruth,Rennock,Tuchoměřice,09/01/1981,Czech Republic,rrennockq2@kickstarter.com,716-498-3407
Emmey,Nasi,Fredrikstad,09/28/1991,Norway,enasiq3@amazon.com,106-375-1144
Kennith,Cornau,Dąbrowa,10/08/1999,Poland,kcornauq4@thetimes.co.uk,172-129-1865
Devinne,Saynor,Zhengji,07/09/1952,China,,173-867-1117
Issi,O'Brogane,Youxi,11/14/1984,China,,862-460-3287
Robbert,Jostan,Naivasha,04/17/1991,Kenya,,407-994-7324
Averil,Obern,Ban Selaphum,06/21/1977,Thailand,,727-787-3431
Dwayne,Pratley,Sucre,01/01/1972,Peru,dpratleyq9@simplemachines.org,875-114-3274
Flossie,Farmer,Pyhäsalmi,11/27/1958,Finland,ffarmerqa@zdnet.com,554-675-1574
Ruben,Burbidge,Valerianovsk,12/27/1990,Russia,rburbidgeqb@abc.net.au,611-487-5517
Ogdon,Horning,,,,ohorningqc@vimeo.com,
Velvet,Byfford,Gryfino,07/22/1958,Poland,vbyffordqd@shop-pro.jp,617-222-4504
Vanya,Mossom,Perre,06/11/1983,Portugal,vmossomqe@msu.edu,510-368-3191
Stanfield,Holson,Kumla,01/19/1994,Sweden,sholsonqf@spotify.com,101-216-8080
Nettle,Chartre,Niort,11/28/1950,France,,139-103-4684
Joy,Renault,Casablanca,05/28/1981,Morocco,jrenaultqh@imageshack.us,108-743-0486
Rod,Tubridy,San Matías,01/29/1971,Bolivia,rtubridyqi@google.cn,263-387-2520
Edmon,Collerd,,,,,
Goldarina,Willett,,,,gwillettqk@angelfire.com,
Cally,Cessford,Carmen,07/09/1960,Philippines,ccessfordql@networksolutions.com,905-429-1746
Elsa,Haskur,Liangwangzhuang,05/02/1994,China,ehaskurqm@webmd.com,391-615-6081
Anya,Kingsnorth,Pogorzyce,03/11/1953,Poland,akingsnorthqn@hhs.gov,386-646-4481
Thornton,Clemanceau,Dikou,05/02/1998,China,,563-682-3366
Lorrin,Firby,Shofirkon,09/25/1975,Uzbekistan,lfirbyqp@dailymotion.com,956-582-7905
Esma,Schieferstein,Zhentou,02/29/1952,China,eschiefersteinqq@utexas.edu,886-888-2279
Alonzo,Blanchard,Ciguna,08/25/1967,Indonesia,ablanchardqr@chronoengine.com,747-790-9348
Michelle,Sandham,Shanhou,03/01/1955,China,,976-722-0886
Alaster,Sate,Ainaži,07/04/1978,Latvia,asateqt@answers.com,948-683-5479
Belvia,Flowers,San Francisco,11/21/1980,United States,bflowersqu@oracle.com,415-103-7311
Tallie,Mugg,,,,tmuggqv@imageshack.us,
Mortimer,Dowda,Yunluo,07/16/1975,China,mdowdaqw@hao123.com,506-620-6608
Danni,Joscelyne,Secang Barat,10/07/1971,Indonesia,djoscelyneqx@istockphoto.com,888-706-7267
Florie,Hews,Jiangnan,12/04/1986,China,fhewsqy@newsvine.com,375-393-0148
Auria,Bacchus,Minuyan,10/17/1965,Philippines,abacchusqz@odnoklassniki.ru,281-310-6976
Tera,Leete,Libog,10/17/1981,Philippines,tleeter0@bluehost.com,997-466-1532
Cordell,Phizakarley,Aseri,06/30/1967,Estonia,cphizakarleyr1@behance.net,791-527-9736
Jelene,Thatcham,Béreldange,03/24/1951,Luxembourg,,763-415-1697
Karlee,Gudde,,,,kgudder3@freewebs.com,
Dosi,Darlington,Gongchang Zhen,04/12/1956,China,ddarlingtonr4@ameblo.jp,723-423-2236
Gail,Duffil,Heping,03/31/1963,China,,505-970-0381
Arnie,Nisco,Ugljan,11/26/1985,Croatia,aniscor6@mail.ru,545-208-6640
Claude,Spurman,Hanfeng,11/03/1997,China,cspurmanr7@symantec.com,489-254-0923
Madalyn,Hakeworth,Longsheng,09/08/1981,China,mhakeworthr8@miitbeian.gov.cn,396-562-8805
My,Kienl,,,,mkienlr9@w3.org,
Dannye,Eilers,Stobreč,01/12/1961,Croatia,,629-970-1266
Sebastian,Northey,E’zhou,08/22/1999,China,,531-334-6992
Kristian,Fishpool,Kalugmanan,03/17/1979,Philippines,kfishpoolrc@oracle.com,205-607-6900
Rozanne,Scanlan,Shigu,01/09/1986,China,rscanlanrd@ebay.com,275-449-2373
Roobbie,Ivamy,,,,rivamyre@sphinn.com,
Hugibert,Clemensen,Phitsanulok,02/26/1985,Thailand,,644-691-0805
Marabel,Drinkwater,Huanggexi,01/20/1997,China,,756-907-8765
Piggy,Briatt,Tokonou,03/20/1987,Guinea,pbriattrh@apple.com,191-209-0741
Fonsie,Peasegood,Badaogu,05/28/1959,China,fpeasegoodri@wsj.com,927-250-6126
Ninnetta,Iacavone,Osoyoos,06/28/1991,Canada,,492-492-7733
Stacie,Divina,Novyy Svit,01/07/1981,Ukraine,,486-497-2038
Maxie,Uwins,Hongjia,09/13/1978,China,muwinsrl@is.gd,626-544-7278
Sadella,Rhoddie,Madolenihm Municipality Government,10/19/1992,Micronesia,srhoddierm@blinklist.com,346-771-0859
Hilary,O' Neligan,San Pedro One,12/20/1987,Philippines,honeliganrn@cnbc.com,245-185-3781
Gabi,Vanichkov,Sandayong Sur,05/08/1963,Philippines,,632-592-1424
Marga,Vanes,Novi Itebej,03/01/1980,Serbia,,816-868-1625
Emyle,Firbanks,Bocowanti,09/07/1961,Indonesia,efirbanksrq@ustream.tv,492-978-4654
Mara,Kores,Armentières,06/30/1990,France,mkoresrr@vimeo.com,183-159-9680
