first_name,last_name,birth_place,birth_date,country_living_in,email,phone
Gregory,Aery,Maghār,04/03/1955,Israel,gaery0@ustream.tv,332-182-8169
Ellynn,Crighten,Montalvo,05/25/1981,Ecuador,ecrighten1@plala.or.jp,201-300-2190
Alden,Berndtssen,Ruihong,08/03/1967,China,aberndtssen2@baidu.com,920-708-0534
Felicdad,Sorensen,,,,fsorensen3@i2i.jp,
Dredi,Fussie,Kassala,01/25/1987,Sudan,dfussie4@reddit.com,760-935-3052
Kerr,Oxx,Tama,03/16/1957,Argentina,,494-386-3672
Wood,Bertelsen,,,,wbertelsen6@deliciousdays.com,
Mallory,Knibb,Blumenau,04/02/1959,Brazil,mknibb7@deviantart.com,426-391-0644
Tildie,Handes,Ordino,09/21/1990,Andorra,thandes8@cbsnews.com,609-553-6457
Lucina,Forsyde,Qiaoyi,08/08/1976,China,lforsyde9@dagondesign.com,833-311-3291
Ashlin,Lopes,Göteborg,10/19/1953,Sweden,alopesa@miibeian.gov.cn,259-480-1358
Barth,Ivantyev,Liyuan,04/08/1960,China,,848-689-1386
Tymon,Poon,Ostroróg,10/09/1954,Poland,tpoonc@de.vu,523-269-7469
Abe,Gallahar,Trasak,01/30/1998,Indonesia,agallahard@engadget.com,301-259-6668
Tori,Capponeer,Puqi,05/11/1992,China,tcapponeere@bing.com,449-791-3012
Sebastien,Brayford,Bailingnao,04/21/1957,China,,615-498-6126
Leona,Menichi,San Ramón,06/15/1955,Uruguay,lmenichig@cloudflare.com,967-528-8904
Elfreda,Wemm,Canoas,04/04/1958,Brazil,ewemmh@wired.com,647-716-3015
Lita,O'Loinn,Qo‘qon,12/03/1993,Uzbekistan,loloinni@ebay.com,629-644-3421
Rodrigo,Vasler,Junqueiro,01/29/1989,Portugal,rvaslerj@tripadvisor.com,770-165-7731
Sheri,Pinder,Aībak,01/16/1952,Afghanistan,spinderk@mysql.com,593-828-9891
Marcelle,O'Skehan,Tuodian,01/17/1969,China,moskehanl@amazon.com,509-917-7671
Jeanna,De la Yglesia,Ranao,03/25/1967,Philippines,jdelayglesiam@scientificamerican.com,361-832-0405
Gilberta,Rycroft,Shazi,01/05/1993,China,grycroftn@mashable.com,400-524-6926
Osborn,Neilly,Budapest,12/04/1970,Hungary,oneillyo@seesaa.net,790-792-7588
Alis,Hallock,Kahuripan,03/28/1983,Indonesia,ahallockp@naver.com,143-254-3391
Joana,Buer,Miguel Hidalgo,03/28/1964,Mexico,jbuerq@slate.com,126-730-8853
Theadora,Devoy,Pondokunyur,02/13/1968,Indonesia,tdevoyr@jalbum.net,718-920-9790
Lorettalorna,Frankland,Khon Buri,09/16/1981,Thailand,lfranklands@gmpg.org,967-981-3673
Kenyon,Toffel,,,,ktoffelt@angelfire.com,
Gustaf,Conningham,Ilhéus,01/07/1985,Brazil,gconninghamu@discovery.com,798-511-6709
Rand,Kimberly,Danzi,05/13/1984,China,rkimberlyv@drupal.org,519-853-3034
Fraze,Corke,Perivóli,09/08/1953,Greece,,445-383-4251
Berty,Flint,Miasteczko Śląskie,04/12/1993,Poland,bflintx@about.me,774-940-6597
Enrique,Stains,Aubenas,03/24/1963,France,estainsy@nba.com,198-740-4173
Sibylla,Gainsbury,Zhuxi,03/08/1952,China,sgainsburyz@dailymail.co.uk,567-401-1353
Lydia,Antowski,,,,lantowski10@delicious.com,
Berenice,Khadir,Nasavrky,02/07/1963,Czech Republic,bkhadir11@qq.com,153-277-6505
Annadiana,Batcheldor,Sukamaju,10/15/1990,Indonesia,abatcheldor12@webmd.com,380-825-2530
Malinde,Derill,Cosne-Cours-sur-Loire,03/30/1979,France,mderill13@time.com,285-307-0158
Kaila,Morkham,Novyy Urgal,06/25/1985,Russia,kmorkham14@moonfruit.com,648-675-6819
Stacee,Heugh,Glinojeck,07/28/1982,Poland,sheugh15@typepad.com,201-894-9465
Emlynn,Grogono,Matsushima,10/03/1994,Japan,egrogono16@de.vu,435-892-1151
Zarla,Kiggel,Onsŏng,06/06/1975,North Korea,,536-718-1331
Monique,Howick,Shangmofang,12/01/1986,China,mhowick18@amazon.co.uk,915-458-3805
Barry,Saladine,Tonoas Municipal Building,10/02/1963,Micronesia,bsaladine19@mayoclinic.com,607-180-4035
Mychal,Rasher,Ostrów Lubelski,04/21/1999,Poland,,418-894-8490
Felita,Mankor,Imbang,10/09/1994,Philippines,fmankor1b@soundcloud.com,333-734-6704
Amanda,Tarbox,Gabi,09/02/1954,Philippines,atarbox1c@ucoz.com,663-297-9209
Duff,Van der Merwe,Nijmegen,11/30/1989,Netherlands,dvandermerwe1d@narod.ru,367-417-1818
Gabey,Perschke,Kosiv,02/23/1993,Ukraine,gperschke1e@cbc.ca,665-140-2001
Clio,Volant,Awilega,06/14/1974,Indonesia,cvolant1f@tinypic.com,193-929-8596
Othilie,Seacroft,Shilong,04/23/1957,China,oseacroft1g@wikia.com,813-552-0356
Jacques,Sheward,Port Erin,01/23/1994,Isle of Man,jsheward1h@sourceforge.net,664-385-5324
Renault,Bissiker,Komsomolsk,07/29/1954,Ukraine,rbissiker1i@mit.edu,833-303-7969
Hieronymus,Washington,Chonghe,10/04/1951,China,,865-267-8393
Jarib,Ducker,Ozërsk,10/12/1951,Russia,jducker1k@sfgate.com,825-793-4887
Stu,Shirley,Sucre,08/07/1981,Peru,sshirley1l@hibu.com,692-740-9498
Ange,Cargenven,Dārayyā,11/12/1969,Syria,acargenven1m@globo.com,532-384-4323
Deeann,Myrie,Sidu,09/09/1962,China,dmyrie1n@etsy.com,465-884-7631
Cassaundra,Belbin,Modosinal,06/18/1963,Indonesia,cbelbin1o@fda.gov,956-310-7068
Robbyn,Petteford,,,,rpetteford1p@google.de,
Modesty,Haswall,Châlons-en-Champagne,07/09/1955,France,,565-642-5268
Alvina,Burman,Eman,10/11/1985,China,,322-329-1672
Romonda,Hrinishin,Londrina,05/16/1980,Brazil,rhrinishin1s@mit.edu,523-872-0840
Janeczka,Hatto,Wincrange,03/21/1996,Luxembourg,,718-735-2283
Eadie,Keary,Payao,04/27/1997,Philippines,ekeary1u@dmoz.org,435-600-9842
Moss,Prose,Bang Rakam,09/18/1972,Thailand,mprose1v@latimes.com,744-225-2945
Joan,Kubicka,Rozsypne,09/21/1954,Ukraine,jkubicka1w@tripod.com,840-896-9268
Yehudit,Skerme,Monywa,03/09/1985,Myanmar,,715-296-7936
Freeman,D'Acth,Rudolfov,02/02/1983,Czech Republic,fdacth1y@jiathis.com,575-657-1827
Thia,Borrel,Rennes,10/28/1978,France,tborrel1z@shinystat.com,391-539-0002
Carin,Woolstenholmes,Ailuk,10/06/1960,Marshall Islands,cwoolstenholmes20@google.com.au,753-160-0126
Enriqueta,La Batie,Alagoinhas,04/30/1996,Brazil,elabatie21@aboutads.info,743-847-5403
Lombard,Bore,Cahuac,10/18/1989,Peru,lbore22@sourceforge.net,686-434-9349
Kelsey,Gerber,Madala,02/07/1992,Nigeria,,816-184-0660
Tonya,Biever,Niugan,05/17/1955,Philippines,tbiever24@google.com.br,386-188-6771
Ninetta,Edrich,Chunghwa,06/20/1963,North Korea,nedrich25@nifty.com,744-418-3238
Melissa,Tytler,Krasnyy Klyuch,07/28/1962,Russia,mtytler26@guardian.co.uk,243-430-5438
Andrey,Longshaw,Zarumilla,08/11/1955,Peru,alongshaw27@fotki.com,627-122-6273
Cathryn,Blennerhassett,Nakkila,12/10/1984,Finland,cblennerhassett28@berkeley.edu,300-991-9312
Eleanore,Lummis,Tundagan,07/16/1996,Indonesia,elummis29@google.fr,597-927-2596
Jere,Alsobrook,,,,jalsobrook2a@chicagotribune.com,
Burke,Siggins,Skelleftehamn,07/24/1988,Sweden,bsiggins2b@bluehost.com,644-977-4519
Peirce,Barg,,,,,
Sonnie,Mitcham,Rosh Ha‘Ayin,04/25/1982,Israel,smitcham2d@blogspot.com,712-564-9610
Bertie,McNee,Divisoria,05/20/1991,Philippines,bmcnee2e@joomla.org,254-757-3421
Killy,Ferreras,Tangzi,09/27/1968,China,kferreras2f@jiathis.com,204-123-3119
Pembroke,Strathearn,Imbang,12/05/1953,Philippines,pstrathearn2g@sogou.com,269-289-7160
Benedick,Stapleton,Suay,02/19/1958,Philippines,bstapleton2h@cdc.gov,924-845-5298
Barbra,Dungey,Gunungkendeng,11/22/1987,Indonesia,bdungey2i@tmall.com,165-508-8474
Dana,Murtagh,Sandouping,02/29/1964,China,dmurtagh2j@digg.com,230-670-9531
Adrien,Corselles,Tianchi,01/16/1981,China,,877-147-8858
Desdemona,Bernardoni,Łapanów,10/02/1979,Poland,dbernardoni2l@oakley.com,801-738-5560
Cece,Comar,Busan,08/21/1963,South Korea,ccomar2m@archive.org,713-165-2802
Rustin,Durek,Zhangpu,07/15/1981,China,rdurek2n@google.de,421-325-6734
Nealson,Gudahy,Leipzig,12/26/1974,Germany,,791-912-4774
Edvard,Febvre,Clanwilliam,08/16/1993,South Africa,efebvre2p@elegantthemes.com,948-435-0287
Seth,Lorimer,Beima,02/10/1993,China,slorimer2q@nih.gov,910-124-0854
Darsie,de Castelain,Žatec,06/06/1986,Czech Republic,ddecastelain2r@linkedin.com,609-697-9217
Umberto,Whetson,Tanguiéta,06/27/1962,Benin,uwhetson2s@myspace.com,766-705-1700
Tamarra,Manhood,Wolong,04/30/1991,China,tmanhood2t@ow.ly,523-971-5599
Constantine,McCard,Bhāi Pheru,05/16/1952,Pakistan,cmccard2u@wufoo.com,493-438-8712
Ethe,Tester,Santa Anita,03/04/1973,Mexico,etester2v@google.pl,998-807-4951
Gaylord,Klasing,Pampas,11/28/1975,Peru,gklasing2w@scribd.com,637-436-9776
Ardelia,Rosenfelt,Colmar,11/10/1972,France,,548-278-3561
Web,Kenyon,Tagbacan Ibaba,05/12/1986,Philippines,,284-682-5267
Mort,McCumesky,Siquirres,03/27/1966,Costa Rica,mmccumesky2z@github.io,916-736-1791
Paolo,Schindler,Punākha,10/16/1997,Bhutan,pschindler30@comcast.net,242-530-5562
Elsi,Chartres,Taoyuan,10/27/1962,China,,449-381-2888
Beatrice,Hallut,Veselynove,06/26/1991,Ukraine,,591-337-0857
Kerry,Bilsborrow,Sinazongwe,02/27/1970,Zambia,kbilsborrow33@nih.gov,208-532-9165
Debra,Clash,Thành Phố Thái Bình,12/26/1998,Vietnam,dclash34@utexas.edu,220-985-2844
Ronny,Pearn,Kyzyl-Kyya,05/25/1977,Kyrgyzstan,rpearn35@jalbum.net,998-931-5123
Corey,Bennough,Cirangrang,06/20/1988,Indonesia,cbennough36@alexa.com,427-275-0696
Hercule,Rodliff,Camias,01/30/1997,Philippines,hrodliff37@cmu.edu,348-170-8629
Alejandrina,MacPeake,Cẩm Phả Mines,01/19/1959,Vietnam,amacpeake38@1688.com,701-891-8047
Emmerich,Skey,Xinjia,12/15/1973,China,eskey39@skyrock.com,368-671-5965
Bobbie,Hargrave,Los Santos,03/14/1982,Panama,,852-276-5749
Auguste,D'Alesco,Lisewo,03/23/1952,Poland,adalesco3b@youtube.com,316-234-7229
Katee,Munnings,Grigiškės,04/21/1974,Lithuania,kmunnings3c@ucoz.ru,525-724-9911
Bancroft,McEwen,Enköping,04/01/1967,Sweden,bmcewen3d@mozilla.com,674-996-0948
Leroi,Putland,Rząśnik,03/11/1994,Poland,lputland3e@t.co,341-827-7958
Farr,Netley,Władysławowo,09/27/1994,Poland,,919-519-6994
Kellen,Grunwall,Yilan,06/20/1974,Taiwan,,457-318-0170
Elsie,Pandie,Jaqué,07/23/1978,Panama,epandie3h@eepurl.com,785-166-2483
Melody,Frascone,Zhangjiahe,09/14/1992,China,mfrascone3i@comsenz.com,750-417-6537
Anjanette,Cope,Sanhui,10/02/1981,China,acope3j@ft.com,270-585-8390
Boone,Willman,Lueng Putu,05/03/1971,Indonesia,bwillman3k@phoca.cz,549-789-5332
Alejoa,Flacknoe,Changbao,07/09/1950,China,aflacknoe3l@mediafire.com,547-621-8264
Gay,Burcombe,Purral,04/04/1999,Costa Rica,gburcombe3m@google.ru,556-638-6667
Shayla,Bolderson,,,,sbolderson3n@phoca.cz,
Cosetta,Smales,Tawangrejo,04/08/1980,Indonesia,csmales3o@themeforest.net,145-628-8768
Augusto,Vellacott,Ronov nad Doubravou,05/05/1973,Czech Republic,avellacott3p@bing.com,334-183-3147
Yuma,Johnikin,Yucheng,06/27/1950,China,yjohnikin3q@trellian.com,875-248-1579
Raul,Twitching,,,,rtwitching3r@altervista.org,
Kippar,Gilstoun,Eauripik,03/13/1987,Micronesia,kgilstoun3s@forbes.com,991-575-7791
Bert,Ettery,,,,,
Effie,Ocklin,Kerkrade,03/23/1967,Netherlands,,254-776-0519
Rasia,Burnip,Liqiao,07/25/1969,China,rburnip3v@noaa.gov,624-894-9839
Rozanna,Dominy,Wangda,10/01/1991,China,,657-399-8821
Kristine,Dufty,San Juan,07/19/1997,Philippines,,139-902-7456
Zitella,Yakovlev,Compiègne,03/27/1962,France,,234-248-6819
Samuel,Kedslie,Huangmei,05/15/1963,China,skedslie3z@jalbum.net,717-359-9667
Claretta,Noakes,Elvas,10/09/1980,Portugal,cnoakes40@sbwire.com,781-309-9989
Correna,Vasyutkin,Bečej,04/20/1954,Serbia,cvasyutkin41@networkadvertising.org,969-683-1826
Normy,Beddoe,Bella Vista,09/21/1957,Argentina,,708-489-6023
Raff,Work,Qishn,01/19/1982,Yemen,rwork43@newyorker.com,672-223-6596
Nealson,Arter,Ditang,01/31/1955,China,,523-585-4220
Kile,Milbourne,Ciyu,05/30/1955,China,kmilbourne45@imdb.com,943-768-4063
Emmery,Krelle,Quanjiang,01/19/1982,China,ekrelle46@so-net.ne.jp,428-831-0823
Melina,Lincoln,Narsaq,10/20/1991,Greenland,mlincoln47@eepurl.com,641-713-3279
Hilde,Keatch,,,,hkeatch48@furl.net,
Florinda,Kneebone,La Goulette,04/03/1976,Tunisia,fkneebone49@163.com,947-718-9242
Mylo,Thynne,Shkotovo,10/09/1952,Russia,mthynne4a@hhs.gov,165-191-3703
Kesley,Boules,Amieira,10/10/1991,Portugal,kboules4b@oaic.gov.au,944-873-0549
Mahalia,Golsthorp,Blawi,09/27/1955,Indonesia,mgolsthorp4c@businessweek.com,245-944-5400
Tessa,Gilfoy,Salvacion,11/23/1959,Philippines,tgilfoy4d@bigcartel.com,910-668-7354
Marjory,Keam,Weishan,02/24/1975,China,mkeam4e@hc360.com,939-921-9401
Zorana,Tayloe,Darunban,03/29/1972,Indonesia,ztayloe4f@nydailynews.com,302-281-4867
Ingrim,Rollings,Khryashchevka,07/05/1999,Russia,irollings4g@google.de,718-634-1714
Agneta,Pigram,Vila Nova da Baronia,12/01/1989,Portugal,apigram4h@webnode.com,587-416-2206
Kendre,Slinn,,,,kslinn4i@webeden.co.uk,
Fernanda,Wackly,Guangli,06/25/1991,China,fwackly4j@unc.edu,253-632-4565
Nissie,Dechelle,Xincheng,10/23/1992,China,,655-233-6862
Abbe,Casebourne,Czernice Borowe,12/06/1993,Poland,acasebourne4l@t-online.de,638-185-3025
Tressa,Skelhorn,Inanwatan,11/28/1957,Indonesia,tskelhorn4m@gizmodo.com,263-108-2259
Iorgos,Niezen,Jinhui,12/09/1988,China,,142-301-8734
Murvyn,Sheasby,Messina,03/26/1999,Italy,msheasby4o@chron.com,964-254-9580
Jami,Meiningen,Jatinagara Kulon,08/26/1950,Indonesia,,384-971-7234
Codee,McClinton,Gengqing,01/06/1967,China,cmcclinton4q@tripod.com,193-516-4300
Meridith,Norcliff,Lâm Thao,09/18/1990,Vietnam,mnorcliff4r@ezinearticles.com,210-471-3016
Enoch,Byrth,Yubilyeyny,11/26/1986,Belarus,ebyrth4s@cmu.edu,231-294-1744
Filmer,Wadwell,MacArthur,11/19/1984,Philippines,fwadwell4t@cornell.edu,309-267-8605
Egbert,Figgess,Cordova,09/09/1997,Philippines,efiggess4u@gov.uk,901-172-6585
Breena,Borwick,Babice,02/04/1959,Poland,bborwick4v@ca.gov,868-269-2955
Chandler,Duchateau,Iracemápolis,12/02/1963,Brazil,cduchateau4w@topsy.com,873-499-9982
Crystie,Shreve,Pancheng,04/24/1999,China,,125-101-2188
Gordon,Queyeiro,Mont-Tremblant,02/13/1986,Canada,gqueyeiro4y@over-blog.com,615-445-4020
Bunny,Crigin,,,,bcrigin4z@meetup.com,
Brig,Jammes,,,,bjammes50@economist.com,
Nevile,Ubach,Xiangxiang,06/26/1977,China,nubach51@clickbank.net,748-648-9396
Richmound,Whittle,,,,rwhittle52@hugedomains.com,
Falkner,McLeod,Chegdomyn,09/12/1961,Russia,fmcleod53@japanpost.jp,443-723-9551
Brigg,Edinburgh,Gandara,11/18/1955,Portugal,bedinburgh54@oaic.gov.au,404-392-7031
Bryan,Oleszkiewicz,Kuantan,09/20/1965,Malaysia,boleszkiewicz55@qq.com,830-116-4020
L;urette,Guard,Qinggou,06/15/1989,China,lguard56@devhub.com,414-581-6348
Catina,Harber,Mykolayiv,06/30/1994,Ukraine,charber57@wp.com,377-149-3561
Milli,Rotham,San Miguel Ixtahuacán,07/24/1956,Guatemala,mrotham58@acquirethisname.com,314-390-9639
Ronda,Stopps,Itaberaba,04/26/1970,Brazil,rstopps59@seesaa.net,461-852-5554
Adey,McKenny,,,,amckenny5a@cnn.com,
Eda,Theunissen,Chaloem Phra Kiat,12/14/1982,Thailand,etheunissen5b@sciencedirect.com,171-733-4180
Toinette,Boscott,Governor’s Harbour,06/08/1962,Bahamas,tboscott5c@forbes.com,484-684-1974
Lurline,Vagges,Xinfengjie,07/06/1976,China,lvagges5d@meetup.com,704-591-0384
Kimberlee,Fitton,Wałcz,01/03/1956,Poland,kfitton5e@google.com.hk,741-217-2224
Farrand,Mallows,Lluchubamba,06/13/1982,Peru,fmallows5f@illinois.edu,410-546-2873
Welby,McCormick,Beidu,03/15/1992,China,wmccormick5g@xrea.com,668-719-4769
Crawford,Borgne,Kungshamn,03/22/1969,Sweden,cborgne5h@alibaba.com,371-388-2550
Adrianne,Espadero,Lishu,07/04/1979,China,,997-765-0632
Larisa,Cavill,Huyuan,03/28/1967,China,lcavill5j@about.com,320-249-3558
Nelly,Binnes,Naj‘ Ḩammādī,08/09/1998,Egypt,nbinnes5k@reverbnation.com,616-825-7352
Winni,Hamlett,Rifu,01/20/1980,Japan,whamlett5l@apple.com,749-173-6274
Abraham,Aaron,Jeruk,04/09/1991,Indonesia,aaaron5m@ezinearticles.com,956-839-4010
Sheff,Kubin,Damayan,03/15/1997,Philippines,skubin5n@360.cn,680-233-0491
Husein,I'anson,Kaltungo,07/19/1981,Nigeria,hianson5o@networksolutions.com,449-802-5557
Tracee,Billham,Armenia,06/30/1974,Philippines,tbillham5p@purevolume.com,841-512-9849
Lucius,O'Duggan,João Alfredo,08/16/1967,Brazil,loduggan5q@omniture.com,472-573-6191
Archy,Sallan,Křenovice,02/18/1951,Czech Republic,asallan5r@yale.edu,566-843-4811
Carlina,Pointer,Umpak,07/29/1958,Indonesia,,590-265-9502
Chrissie,Pill,,,,cpill5t@intel.com,
Euell,Taylot,Kolumbug,06/26/1993,Philippines,etaylot5u@dion.ne.jp,132-405-8248
Ted,Corner,Eira Nova,07/25/1958,Portugal,tcorner5v@globo.com,913-116-5943
Arthur,Kubicka,Qazax,07/09/1964,Azerbaijan,akubicka5w@reverbnation.com,175-859-3676
Esmaria,Grubb,,,,,
Rhody,Fanshaw,Dongjiao,08/09/1976,China,,544-964-1831
Nerty,Maddock,,,,nmaddock5z@comcast.net,
Wally,Dayton,Bonthe,03/15/1951,Sierra Leone,wdayton60@mail.ru,368-364-3837
Desmond,Lakey,Belogorsk,10/06/1964,Russia,dlakey61@shop-pro.jp,132-818-6579
Phaedra,Rubinov,Sison,05/05/1970,Philippines,prubinov62@devhub.com,763-551-6193
Nikolaus,Wilflinger,Fendou,08/07/1950,China,nwilflinger63@wiley.com,161-538-6577
Cosimo,Evett,Solna,05/30/1999,Sweden,cevett64@phpbb.com,970-937-6843
Cleon,Posen,Banjar Kelodan,12/01/1961,Indonesia,cposen65@youtube.com,203-835-4385
Milena,Wetherburn,Estreito,09/25/1999,Brazil,mwetherburn66@blogspot.com,379-943-0262
Sanson,Holdall,Telheira,11/20/1981,Portugal,sholdall67@timesonline.co.uk,668-350-0088
Lettie,Lerwill,Saguing,05/12/1992,Philippines,llerwill68@netvibes.com,196-344-7024
Theadora,Deere,Kafr ash Shaykh,01/17/1967,Egypt,tdeere69@theglobeandmail.com,257-309-5189
Druci,Pietzke,Grzęska,06/18/1998,Poland,dpietzke6a@qq.com,930-469-1932
Ronda,Batchellor,Pidvolochys’k,10/16/1978,Ukraine,rbatchellor6b@miitbeian.gov.cn,146-909-7829
Jerad,Blenkensop,Gedaliang,01/22/1964,China,jblenkensop6c@unesco.org,142-959-4531
Florri,Blodget,Xinchong,04/17/1955,China,,631-684-1293
Lynne,Pepperill,Sartrouville,10/22/1971,France,lpepperill6e@go.com,280-163-8372
Goober,Giacobini,Yuanyang,04/01/1965,China,ggiacobini6f@oaic.gov.au,179-374-1013
Noelani,Lealle,,,,,
Faustina,Andriesse,Pembroke,11/21/1990,Malta,fandriesse6h@phpbb.com,386-320-4472
Walsh,Ramshay,Hovås,09/24/1981,Sweden,wramshay6i@joomla.org,865-415-7739
Palmer,Doxey,Nagbalaye,09/19/1988,Philippines,pdoxey6j@mac.com,672-200-0583
Ker,Durram,Shagedu,11/29/1956,China,kdurram6k@timesonline.co.uk,237-996-9919
Kane,Marlor,San Jose,01/26/1976,Philippines,,402-282-8222
Gerry,Skeldon,Nymburk,02/24/1955,Czech Republic,,144-326-7851
Astrix,Clelle,Saint Cloud,12/17/1983,United States,aclelle6n@ucla.edu,320-914-9856
Hi,Lett,Bukhovo,03/05/1981,Bulgaria,hlett6o@msn.com,106-852-2281
Marleen,Sherland,Umm Kaddadah,05/06/1988,Sudan,msherland6p@bbc.co.uk,605-671-1084
Mohammed,Murch,Chita,06/24/1964,Russia,mmurch6q@a8.net,123-561-8011
Adria,Philippeaux,Sarreguemines,07/25/1984,France,aphilippeaux6r@loc.gov,131-917-9457
Annemarie,Pauli,Hefei,03/31/1967,China,apauli6s@ask.com,952-603-1947
Carrissa,Mendenhall,Lidun,10/23/1959,China,cmendenhall6t@opensource.org,729-490-9029
Aigneis,Rathke,Fukiage-fujimi,10/07/1959,Japan,arathke6u@hatena.ne.jp,217-366-9014
Eleanor,Bartozzi,Paris 07,05/24/1990,France,ebartozzi6v@fda.gov,436-540-4767
Anestassia,Staten,Gucun,01/25/1988,China,astaten6w@bbc.co.uk,835-796-7930
Olin,Poulton,Athabasca,11/02/1971,Canada,,330-944-4416
Casper,Swannell,Burrel,05/04/1961,Albania,,375-360-8482
Marcelle,Brennen,Radenković,01/26/1993,Serbia,mbrennen6z@howstuffworks.com,826-631-3359
Minni,Lindfors,Igang,05/09/1994,Philippines,mlindfors70@skyrock.com,671-754-2782
Hanan,Lathaye,Matwaḩ,01/05/1984,Yemen,hlathaye71@jalbum.net,886-813-2982
Keefer,Harvatt,Wuyang,03/10/1952,China,,414-112-5242
Isa,Boanas,Longxian,03/19/1990,China,iboanas73@ovh.net,760-349-1498
Kirby,Look,Tubli,07/22/1971,Philippines,klook74@163.com,336-347-4745
Zara,Christer,Al Qurayshīyah,03/08/1985,Yemen,zchrister75@infoseek.co.jp,720-247-2217
Gerianne,Bruck,San Isidro,09/13/1967,Mexico,,311-241-1755
Lyndsey,Utton,Pangushan,03/23/1954,China,lutton77@aol.com,409-119-0440
Willdon,Bordiss,Karlstad,10/01/1997,Sweden,wbordiss78@telegraph.co.uk,664-595-0646
Glenden,Gladdish,Tiniguiban,02/16/1953,Philippines,ggladdish79@blogs.com,175-664-7216
Derry,Schwartz,Anyar,02/20/1956,Indonesia,dschwartz7a@reddit.com,889-710-7074
Katharine,Blaine,Polešovice,05/19/1968,Czech Republic,kblaine7b@cyberchimps.com,987-674-1191
Cristabel,Bussey,Arosbaya,09/23/1993,Indonesia,cbussey7c@ca.gov,787-129-4885
Malory,McIlhatton,Värmdö,08/10/1968,Sweden,mmcilhatton7d@opensource.org,282-865-4255
Tandy,Burder,,,,tburder7e@mail.ru,
Agace,Scoggins,Kogon,06/20/1999,Uzbekistan,ascoggins7f@liveinternet.ru,214-922-3135
Gayelord,Sanday,Blahodatne,02/24/1993,Ukraine,gsanday7g@zimbio.com,303-767-0762
Gabbi,Tarrant,Lalmanirhat,07/30/1967,Bangladesh,gtarrant7h@dailymotion.com,989-445-0355
Prentice,Guilbert,Choisy-le-Roi,10/13/1991,France,pguilbert7i@shop-pro.jp,689-656-0181
Ferdinande,Angliss,Baixiang,04/14/1970,China,,351-910-6373
Arie,Blacksell,Kota Kinabalu,07/07/1979,Malaysia,ablacksell7k@yolasite.com,201-755-6371
Durant,Bushell,Yasothon,08/14/1997,Thailand,dbushell7l@wordpress.com,829-317-1608
Rolfe,Cominello,Andrushivka,10/06/1984,Ukraine,rcominello7m@quantcast.com,438-773-9461
Brandyn,Clutterbuck,Abakaliki,03/07/1969,Nigeria,bclutterbuck7n@apache.org,889-571-6847
Darya,Rosander,Trondheim,01/24/1979,Norway,drosander7o@wufoo.com,159-363-1089
Giffy,Belverstone,Unión,11/09/1958,Argentina,gbelverstone7p@msu.edu,333-971-0688
Nikita,Chaucer,Karangparwa,03/12/1994,Indonesia,nchaucer7q@latimes.com,818-238-4089
Chlo,Chesworth,Jiangkou,03/01/1960,China,cchesworth7r@google.pl,637-138-2780
Humfrid,Petrollo,Quitilipi,08/21/1963,Argentina,,869-630-6130
Oneida,Birdwhistle,Gouqi,06/26/1991,China,obirdwhistle7t@google.com,735-309-1080
Lay,Wycliff,Zhemtala,09/12/1978,Russia,lwycliff7u@artisteer.com,733-981-9465
Vania,Olennikov,Kvissleby,03/23/1965,Sweden,volennikov7v@foxnews.com,650-788-5705
Dari,Grenkov,Songgui,02/11/1978,China,dgrenkov7w@reddit.com,650-243-7409
Benedick,Moulton,Pokrovo-Prigorodnoye,04/05/1967,Russia,bmoulton7x@bloomberg.com,750-499-4854
Marlyn,Sheaber,Sofifi,11/20/1975,Indonesia,msheaber7y@google.com.au,229-878-8287
Philipa,Golda,Manta,02/02/1997,Ecuador,pgolda7z@cyberchimps.com,198-711-4278
Jilleen,Hurford,Benito Juarez,02/22/1977,Mexico,,987-153-0641
Ajay,Scadding,Larvik,09/07/1984,Norway,ascadding81@harvard.edu,712-367-9420
Lennard,Aingell,Girón,09/23/1957,Colombia,,594-140-1937
Garrott,Lortzing,Zhuanshui,11/30/1986,China,glortzing83@de.vu,698-932-4581
Jayson,Vinson,Tongbang,03/20/1962,Indonesia,jvinson84@mtv.com,640-483-9929
Merv,Isacke,Xinxu,07/15/1951,China,misacke85@ebay.co.uk,113-256-1742
Pansie,Gopsill,Piracuruca,01/21/1957,Brazil,,664-704-7651
Kiri,Goard,Mapinrea,08/13/1954,Indonesia,,844-490-5601
Owen,Salmons,Agía Foteiní,04/05/1994,Greece,osalmons88@feedburner.com,837-923-7132
Daryl,Janczewski,Hingatungan,07/06/1985,Philippines,djanczewski89@sun.com,820-547-8083
Mallissa,Dorr,,,,mdorr8a@adobe.com,
Dillie,Gudahy,Valada,07/05/1951,Portugal,dgudahy8b@abc.net.au,171-963-3353
Helen-elizabeth,Escott,Tabio,10/14/1956,Philippines,hescott8c@wiley.com,500-447-5199
Niles,Gelardi,Karangbenda,05/08/1997,Indonesia,ngelardi8d@independent.co.uk,257-942-3033
Berri,Sabey,Metz,09/23/1977,France,bsabey8e@huffingtonpost.com,297-701-6827
Niall,Bryce,Lamalewo,02/23/1995,Indonesia,nbryce8f@toplist.cz,939-880-6387
Maisie,Andriulis,Kura,01/08/1961,Nigeria,mandriulis8g@opera.com,312-581-2900
Anderea,Mizzen,Fenghuanglu,03/19/1962,China,amizzen8h@barnesandnoble.com,327-482-8650
Burty,Dunckley,Grande Prairie,10/13/1970,Canada,bdunckley8i@admin.ch,790-222-5065
Janetta,Nickoll,Birayang,04/22/1955,Indonesia,jnickoll8j@narod.ru,461-716-5901
Ginelle,Durrett,,,,gdurrett8k@ebay.co.uk,
Mort,Capstake,Uripa,08/22/1985,Peru,mcapstake8l@comsenz.com,932-575-8734
Cally,Nesbit,Smyków,09/30/1976,Poland,cnesbit8m@smugmug.com,289-788-8573
Luci,Woodson,Aksu,04/04/1977,Kazakhstan,lwoodson8n@sitemeter.com,374-493-0908
Cosette,Lapping,Kuhmo,03/28/1968,Finland,clapping8o@nsw.gov.au,636-565-3519
Kiley,Dallas,Laojiangjunjie,10/21/1980,China,kdallas8p@angelfire.com,623-861-0078
Lorelei,Ramshaw,Kolno,01/31/1996,Poland,lramshaw8q@oaic.gov.au,205-733-9982
Adler,St Clair,Aoyang,05/28/1996,China,astclair8r@delicious.com,422-691-0116
Charmion,Petschelt,Harrisburg,01/18/1970,United States,cpetschelt8s@topsy.com,717-707-8147
Ingelbert,Colquite,Perjuangan,10/17/1955,Indonesia,,114-925-7557
Mario,Ormrod,São Silvestre,06/30/1950,Portugal,mormrod8u@sakura.ne.jp,242-139-7639
Penny,O'Callaghan,Duhu,06/17/1991,China,pocallaghan8v@amazon.com,684-637-6922
Lelah,Port,,,,lport8w@newyorker.com,
Lila,Antonopoulos,Xincun,09/03/1950,China,lantonopoulos8x@blog.com,900-805-8108
Laurianne,Dallander,Ma Đa Gui,09/21/1963,Vietnam,,892-475-8082
Clerissa,Southern,,,,csouthern8z@vimeo.com,
Shanan,Berrisford,,,,sberrisford90@de.vu,
Vanya,Biernacki,Wenchang,10/22/1952,China,,594-732-1433
Jackson,Hazlewood,Providencia,07/25/1985,Peru,jhazlewood92@cdc.gov,542-443-3988
Cazzie,Barnwill,Vincennes,11/20/1967,France,cbarnwill93@google.com.br,974-457-1806
Trixi,Wynn,Mitrovicë,04/26/1957,Kosovo,twynn94@deliciousdays.com,153-694-4267
Iormina,Leppingwell,Totok,06/05/1983,Indonesia,ileppingwell95@technorati.com,863-907-4693
Lyndell,Claypoole,Marseille,08/14/1950,France,lclaypoole96@chicagotribune.com,552-567-6353
Andriana,Scurrah,Bucay,06/04/1962,Philippines,ascurrah97@goodreads.com,757-305-1144
Nat,Swalwel,Paarl,02/03/1988,South Africa,nswalwel98@1und1.de,424-829-2810
Yolanda,Kupisz,,,,ykupisz99@aol.com,
Ancell,Kornyshev,Yangxi,02/09/1994,China,akornyshev9a@si.edu,854-893-8367
Bobbye,Raff,Karangbayat,05/30/1960,Indonesia,,669-592-2584
Berta,Whitta,Matriz de Camaragibe,07/29/1997,Brazil,,839-850-0991
Jeannette,McAndie,Jamālpur,02/26/1953,Bangladesh,jmcandie9d@google.pl,873-732-0583
Cammy,Gager,El Limon,07/03/1960,Mexico,cgager9e@comcast.net,662-593-1092
Edeline,McLaren,Jayanca,12/12/1988,Peru,emclaren9f@wikipedia.org,257-262-8358
Cornelius,Heeley,Mbaké,03/04/1964,Senegal,,708-156-6017
Gib,Skoggings,Maricá,04/09/1989,Brazil,gskoggings9h@nature.com,676-459-1088
Marje,Crockatt,Ostaszewo,06/04/1996,Poland,mcrockatt9i@ox.ac.uk,832-223-6449
Lanny,Cruce,San Emilio,12/09/1980,Philippines,lcruce9j@google.es,171-879-5069
Salem,Wattinham,Gorodets,09/14/1985,Russia,,363-639-2167
Gayel,Berndtssen,Sarvābād,07/12/1977,Iran,gberndtssen9l@miitbeian.gov.cn,364-553-8758
Trude,Elvins,Saint Catherine,05/01/1984,Egypt,telvins9m@columbia.edu,357-793-7339
Anastasie,Wyld,Stockholm,07/21/1999,Sweden,awyld9n@hp.com,934-293-6897
Tammie,Biddle,Chanika,10/18/1950,Tanzania,tbiddle9o@freewebs.com,394-156-0940
Celia,Lynes,Karajeun,07/26/1979,Indonesia,,192-942-1279
Garfield,Flounders,Roza,08/02/1961,Russia,gflounders9q@so-net.ne.jp,855-839-0161
Gustaf,Roussell,Krasnaya Polyana,11/24/1965,Russia,,910-120-1149
Ardyth,Guilloud,Llacanora,08/20/1951,Peru,aguilloud9s@ca.gov,127-232-8558
Matthaeus,McCook,Pajannangger,01/23/1976,Indonesia,,198-403-6818
Adam,Hilhouse,Cibulakan,12/01/1980,Indonesia,ahilhouse9u@addtoany.com,351-362-6082
Felipe,Sherratt,Dakoutun,07/15/1952,China,,873-690-5531
Horatio,Whiteway,,,,hwhiteway9w@goo.gl,
Rheta,Shrimplin,Begejci,05/26/1955,Serbia,rshrimplin9x@stanford.edu,632-100-0804
Cly,Adamoli,Fushë-Bulqizë,08/21/1954,Albania,cadamoli9y@free.fr,447-653-6297
Jory,Kennford,Castelo,04/01/1954,Portugal,jkennford9z@apache.org,557-841-3410
Tillie,Gumly,Jiujiang,03/17/1999,China,tgumlya0@phoca.cz,135-105-0565
Marco,Dilland,Argasari,11/12/1977,Indonesia,mdillanda1@nymag.com,178-410-6404
Cindie,Andrin,Chişinău,11/06/1978,Moldova,candrina2@cam.ac.uk,974-969-4243
Natal,Honniebal,Saint-Louis,01/18/1953,France,,647-721-6932
Helga,Selborne,Nogliki,11/10/1978,Russia,hselbornea4@toplist.cz,914-238-5530
Isa,Bohin,Agago,08/07/1973,Uganda,ibohina5@wsj.com,263-678-4797
Joy,Brixham,Liuche,03/17/1955,China,jbrixhama6@cnet.com,571-693-4007
Eleanore,Keelan,Tacoma,03/14/1974,United States,ekeelana7@eepurl.com,253-830-7383
Rickie,Dungey,Koronganayam,06/08/1953,Indonesia,,940-808-2897
Amber,DeSousa,Strohonivka,09/15/1957,Ukraine,adesousaa9@usda.gov,353-813-2229
Dael,Cuerda,Realeza,08/22/1953,Brazil,dcuerdaaa@freewebs.com,962-916-7817
Karee,Sparway,Shuitou,06/22/1953,China,ksparwayab@360.cn,676-906-3383
Clarie,Oldis,Nanlang,06/21/1961,China,,311-110-2957
Rodolphe,Roebottom,Duoxiang,10/11/1996,China,rroebottomad@google.co.jp,496-972-8681
Teddie,Hambleton,Mirovka,11/22/1994,Ukraine,thambletonae@samsung.com,890-185-1200
Ed,Roberds,Cimaung Kidul,10/17/1952,Indonesia,,452-819-8745
Kiri,Williams,Buta Ranquil,04/30/1999,Argentina,kwilliamsag@oracle.com,345-267-2843
Ignazio,Imore,,,,iimoreah@vk.com,
Federico,Rayhill,Charqueadas,05/18/1960,Brazil,,239-388-2698
Felike,Dockrey,Lluka e Eperme,05/11/1979,Kosovo,fdockreyaj@spotify.com,854-273-1279
Paula,Raphael,Capira,12/02/1982,Panama,praphaelak@apache.org,319-729-0142
Kaila,Crichmere,Tola,11/13/1956,Nicaragua,kcrichmereal@geocities.com,660-320-0985
Dianemarie,Durdy,Haninge,03/21/1960,Sweden,ddurdyam@vistaprint.com,880-454-2225
Catrina,Eberz,Banqiao,05/12/1993,China,ceberzan@zdnet.com,622-445-2541
Bianka,Gossage,Baleal,02/27/1977,Portugal,bgossageao@google.cn,605-928-4768
Mackenzie,Bowcock,Święciechowa,05/21/1980,Poland,mbowcockap@jugem.jp,576-531-1359
Joanne,Crocken,Guangshan Chengguanzhen,09/07/1967,China,jcrockenaq@mapquest.com,628-751-5539
Fraser,Ruslinge,Sumuragung,12/06/1978,Indonesia,fruslingear@wikispaces.com,319-148-6448
Madonna,Diament,Shaoha,01/15/1959,China,mdiamentas@elpais.com,160-635-7532
Niles,Edginton,Hede,05/24/1978,China,,908-756-1155
Pancho,Paragreen,Brataj,06/23/1951,Albania,pparagreenau@wisc.edu,740-109-2024
Warren,Antill,,,,wantillav@tinypic.com,
Ross,Wallice,Storvik,04/09/1976,Sweden,rwalliceaw@yellowbook.com,322-953-9303
Trina,Frill,,,,,
Giacopo,Allderidge,Ryazanskiy,07/03/1971,Russia,gallderidgeay@ucsd.edu,657-385-3775
Rocky,Joiris,Pojan,12/25/1970,Albania,rjoirisaz@imgur.com,905-928-1822
Michele,Starr,Khorinsk,07/18/1985,Russia,mstarrb0@xinhuanet.com,583-229-7381
Orion,Leavey,Wilcza,03/26/1990,Poland,oleaveyb1@chronoengine.com,979-708-2949
Dee,Coaten,San Juan de Limay,07/22/1992,Nicaragua,dcoatenb2@networkadvertising.org,864-768-9746
Freeman,Castletine,Junbu,09/01/1998,China,fcastletineb3@bbc.co.uk,722-531-9399
Huey,Mateos,Metković,12/27/1984,Croatia,hmateosb4@topsy.com,256-907-3172
Briggs,Just,La Esperanza,01/06/1993,Colombia,bjustb5@barnesandnoble.com,511-229-2431
Griffy,Hemerijk,Szydłowo,01/20/1983,Poland,ghemerijkb6@booking.com,150-544-4984
Margaux,Ferrey,Pallanchacra,05/11/1986,Peru,mferreyb7@ifeng.com,512-413-8615
Laurella,Ondrich,Xiangxi,10/12/1983,China,londrichb8@soup.io,137-866-7845
Perl,Chasles,Akouda,07/27/1994,Tunisia,pchaslesb9@issuu.com,581-535-6572
Janene,Wharby,Cergy-Pontoise,10/16/1988,France,jwharbyba@upenn.edu,182-287-7042
Basilio,Jedrachowicz,Gualeguay,01/29/1982,Argentina,bjedrachowiczbb@nsw.gov.au,699-617-5094
Glenn,Ginsie,Lagyná,03/10/1979,Greece,,148-397-8645
Catlin,Marvell,Xianshui,12/29/1954,China,,311-658-1131
Janette,Houlden,Randusari,11/01/1968,Indonesia,jhouldenbe@narod.ru,663-747-9030
Reinaldo,Tatlock,Pysznica,01/18/1982,Poland,rtatlockbf@wikipedia.org,273-451-3759
Fionnula,Woodington,Lanxi,05/13/1989,China,fwoodingtonbg@cocolog-nifty.com,512-816-2383
Ortensia,Louche,San Martín,02/19/1989,Colombia,olouchebh@sciencedaily.com,763-530-1371
Sheela,Rugieri,,,,srugieribi@ifeng.com,
Karna,Alloisi,Novoalekseyevskaya,03/13/1993,Russia,kalloisibj@cdbaby.com,196-379-6230
Isabelle,Teale,Tambo,04/05/1963,Philippines,itealebk@prlog.org,577-213-3802
Fania,Leman,Retenggoma,02/15/1991,Indonesia,flemanbl@microsoft.com,635-491-8423
Cordelie,Torrijos,Jaquimeyes,05/09/1999,Dominican Republic,,648-791-0255
Mariya,Cutbush,San José de Cusmapa,02/20/1987,Nicaragua,mcutbushbn@360.cn,247-109-4331
Maisie,Pagden,,,,mpagdenbo@t.co,
Alfred,Sacco,,,,,
Fionnula,Maffioletti,Padang,12/10/1970,Indonesia,,454-592-1051
Gerta,Sands,La Estancia,02/09/1964,Honduras,gsandsbr@princeton.edu,395-133-1362
Kevin,Durden,Clones,10/01/1987,Ireland,kdurdenbs@cdc.gov,677-361-2294
Virgina,Bleacher,Argelia,02/19/1972,Colombia,vbleacherbt@bluehost.com,463-436-6455
Elonore,Beall,Lakateng,02/02/1979,Indonesia,ebeallbu@unesco.org,751-133-9452
Forster,Dreakin,Al Bājūr,11/24/1997,Egypt,fdreakinbv@geocities.com,440-530-8940
Keene,Philcox,Tongxing,08/06/1983,China,kphilcoxbw@statcounter.com,575-172-3712
Lilyan,Hamill,Qiulu,07/21/1982,China,lhamillbx@mozilla.org,958-713-3532
Stephana,Amberg,Edéa,10/23/1971,Cameroon,sambergby@instagram.com,593-709-3001
Yalonda,Penhaligon,Haixing,05/10/1998,China,ypenhaligonbz@merriam-webster.com,603-744-7338
Mikel,Wilce,,,,mwilcec0@telegraph.co.uk,
Maynard,Cranmer,Baikouquan,12/03/1962,China,,270-294-2419
Devi,Gretton,Usuki,03/21/1963,Japan,dgrettonc2@sbwire.com,104-234-5855
Miner,Alfonsetto,Lingyuan,11/14/1993,China,malfonsettoc3@wp.com,862-371-7974
Starr,Prevett,Sipeng,06/26/1966,China,,570-361-6740
Ode,Shevlin,Markham,02/11/1982,Canada,oshevlinc5@chicagotribune.com,297-467-6284
Aldrich,Blakeley,Luwan,06/05/1996,China,ablakeleyc6@google.com.br,662-785-2752
Lavina,Di Biaggi,,,,,
Lemmie,Brownill,Yangjiang,04/22/1956,China,,981-450-3662
Silvanus,Armiger,Vestmanna,05/08/1996,Faroe Islands,sarmigerc9@msn.com,693-212-1556
Albrecht,Khilkov,Bal Chirāgh,08/19/1969,Afghanistan,akhilkovca@wunderground.com,479-717-3488
Miltie,Rany,Trinidad,05/27/1994,Uruguay,mranycb@ibm.com,552-472-5046
Roberto,McGuggy,Quiñota,12/29/1956,Peru,rmcguggycc@about.com,656-821-5106
Arty,Earland,Gudja,05/06/1981,Malta,aearlandcd@nba.com,460-417-8367
Carmela,Winscomb,Roi Et,04/07/1991,Thailand,cwinscombce@freewebs.com,724-444-2199
Etta,Card,Changlu,12/25/1956,China,ecardcf@de.vu,893-137-6007
Lizbeth,Nyles,,,,lnylescg@google.com.au,
Rey,Barensky,,,,rbarenskych@uiuc.edu,
Hurlee,Surguine,Pale,08/25/1993,Bosnia and Herzegovina,hsurguineci@google.com.au,162-448-7726
Irving,Drei,Rizal,10/06/1964,Philippines,idreicj@google.com.br,785-590-6308
Agna,Dahlman,Kizlyar,12/19/1998,Russia,adahlmanck@dell.com,976-780-2929
Gates,Canaan,Rungkam,05/03/1991,Indonesia,gcanaancl@china.com.cn,621-869-5252
Cosimo,Slott,Nanling,02/27/1968,China,cslottcm@wufoo.com,138-841-1227
Hedwig,Challace,Suzdal’,12/26/1953,Russia,hchallacecn@hao123.com,673-913-5688
Renault,McGuinley,Yur’yev-Pol’skiy,10/09/1994,Russia,rmcguinleyco@sourceforge.net,997-583-2462
Jaime,Jane,Mata de São João,02/26/1976,Brazil,,439-959-5334
Brit,Gomersal,Ilići,03/30/1961,Bosnia and Herzegovina,,439-480-3100
Sabra,Scardafield,Mempawah,03/19/1985,Indonesia,sscardafieldcr@prnewswire.com,477-677-1876
Lorette,Eminson,Rzhev,07/21/1997,Russia,leminsoncs@clickbank.net,551-993-9011
Annis,Rosenboim,Gavrilov-Yam,08/17/1984,Russia,arosenboimct@instagram.com,610-388-0497
Kristofor,Breeds,Adelaide Mail Centre,12/03/1978,Australia,kbreedscu@spiegel.de,947-143-0758
Nerissa,Dowson,Shouchun,11/20/1971,China,ndowsoncv@cafepress.com,257-295-3211
Bette,Zollner,Dahe,11/28/1961,China,bzollnercw@nhs.uk,508-726-2243
Ronny,Krugmann,Gunziying,06/18/1977,China,rkrugmanncx@baidu.com,934-162-5974
Gan,Prazor,Nässjö,04/11/1987,Sweden,gprazorcy@youku.com,568-534-4310
Julio,Prophet,,,,jprophetcz@newsvine.com,
Valli,Minall,Yunmeng Chengguanzhen,06/28/1950,China,vminalld0@whitehouse.gov,691-581-6316
Solomon,Steptow,Foundiougne,09/16/1997,Senegal,ssteptowd1@bluehost.com,914-280-9534
Karine,Carlisi,Xiayang,01/28/1965,China,kcarlisid2@shareasale.com,876-404-2148
Chick,Skatcher,Huimin,10/17/1971,China,cskatcherd3@guardian.co.uk,889-593-5428
Marcile,Du Fray,Nepomuceno,05/10/1994,Brazil,mdufrayd4@a8.net,590-857-8615
Pammi,Eckly,5 de Mayo,11/18/1963,Mexico,,226-605-2406
Delores,Madoc-Jones,Ankaran,06/13/1966,Slovenia,dmadocjonesd6@storify.com,635-371-8210
Lissy,Summerskill,Ozerne,04/28/1974,Ukraine,,405-539-6514
Noah,Briddock,Staré Město,11/11/1957,Czech Republic,nbriddockd8@va.gov,607-970-9127
Gus,Glyn,Shalazhi,01/30/1985,Russia,gglynd9@e-recht24.de,541-120-0353
Jacynth,Wagnerin,Manalu,02/04/1953,Indonesia,,408-733-2704
Clint,Goldhawk,Goascorán,05/09/1969,Honduras,cgoldhawkdb@thetimes.co.uk,714-635-7555
Rodge,Vaney,Engel’s,01/18/1984,Russia,,547-505-6970
Ellery,Yea,Grande Rivière du Nord,12/29/1993,Haiti,,268-789-4044
Jephthah,Brunsden,Cincinnati,03/18/1980,United States,jbrunsdende@yahoo.com,513-884-7275
Welsh,Seeler,Mangunjaya,01/20/1963,Indonesia,wseelerdf@homestead.com,290-402-3417
Gordy,Savery,Espumoso,06/13/1965,Brazil,,679-800-2812
Horton,Goodlad,Uruguaiana,10/27/1985,Brazil,hgoodladdh@redcross.org,407-431-8136
Malinde,Chetwynd,Piuí,09/09/1997,Brazil,mchetwynddi@google.de,403-827-8335
Ninon,Dobrowlski,Marathon,05/25/1994,Canada,,432-748-1526
Aubree,Pavlata,Rifu,08/28/1960,Japan,apavlatadk@123-reg.co.uk,709-296-7761
Nannette,Mosdill,Montfavet,09/25/1954,France,nmosdilldl@whitehouse.gov,449-105-1321
Verene,Edmenson,Łęki,02/03/1950,Poland,vedmensondm@marriott.com,373-536-8517
Bryce,O'Hederscoll,Cát Bà,08/31/1968,Vietnam,bohederscolldn@hc360.com,866-160-6768
Pammie,Drain,Imsil,08/14/1990,South Korea,pdraindo@artisteer.com,959-682-8210
Rawley,Emmatt,Melaka,05/06/1970,Malaysia,,655-334-6807
Brodie,Crummy,Yulao,05/07/1975,China,bcrummydq@ameblo.jp,427-816-4883
Tiebout,Spiller,Llanera,10/12/1989,Philippines,tspillerdr@etsy.com,215-408-0030
Mavra,Paulucci,Utkivka,02/07/1985,Ukraine,mpauluccids@1688.com,607-969-2863
Bart,Richards,Río Colorado,12/07/1971,Argentina,brichardsdt@ocn.ne.jp,848-399-9016
Madelyn,Westrip,Le Perreux-sur-Marne,09/07/1961,France,mwestripdu@pinterest.com,415-154-2074
Rana,Rollings,Zhifang,07/24/1993,China,rrollingsdv@latimes.com,665-198-6948
Yorgos,Iglesia,Kilifi,11/25/1969,Kenya,yiglesiadw@hexun.com,319-313-0620
Winifred,Falconer-Taylor,Hanchang,08/01/1976,China,wfalconertaylordx@cnbc.com,975-432-4306
Marni,Vernazza,Ouégoa,02/23/1969,New Caledonia,mvernazzady@wisc.edu,786-217-2489
Caryl,Saltmarsh,Hongdu,12/29/1996,China,csaltmarshdz@goodreads.com,955-960-1169
Leela,Brackstone,,,,lbrackstonee0@friendfeed.com,
Markus,Vasile,Rudna Mała,10/10/1995,Poland,mvasilee1@omniture.com,518-964-1581
Bale,Ingley,Vitória da Conquista,10/15/1965,Brazil,bingleye2@last.fm,497-456-9113
Josepha,Titterrell,Dongyong,01/17/1957,China,jtitterrelle3@cmu.edu,443-183-6417
Pauly,Rizzillo,Dicun,01/23/1971,China,,939-626-0037
Gearard,Anglin,Daitou,03/15/1959,China,gangline5@friendfeed.com,312-385-5585
Delinda,Rydings,Ganquan,12/25/1969,China,drydingse6@forbes.com,232-366-0029
Rivalee,Banham,Fuan,11/05/1963,Indonesia,rbanhame7@1688.com,553-423-4556
Kettie,Syplus,Takeshiken,02/13/1953,China,ksypluse8@woothemes.com,300-704-9496
Kristien,Plaschke,Memaliaj,02/09/1974,Albania,,901-899-2890
Levey,Pheby,Wudabao,04/03/1970,China,lphebyea@i2i.jp,638-818-3337
Tilly,Davidou,Savonranta,07/25/1983,Finland,tdavidoueb@google.nl,976-138-9208
Harry,Kitley,Pangatikan,01/25/1991,Indonesia,hkitleyec@seattletimes.com,628-605-6482
Estrellita,Sellens,Tanahbeureum,07/02/1973,Indonesia,esellensed@ehow.com,514-910-9455
Andree,Smickle,San Carlos,05/16/1994,Argentina,asmickleee@odnoklassniki.ru,938-422-3776
Coral,Embery,Hongxi,01/28/1983,China,cemberyef@over-blog.com,268-548-1273
Adrianne,Sinson,São João da Boa Vista,04/14/1973,Brazil,asinsoneg@wikipedia.org,620-723-6662
Danna,Czapla,Vogar,01/09/1966,Iceland,dczaplaeh@cocolog-nifty.com,317-346-7059
Alain,Legister,Coaraci,08/06/1972,Brazil,alegisterei@independent.co.uk,771-599-6571
Donalt,Vardy,Kotawaikabubak,04/03/1953,Indonesia,dvardyej@usgs.gov,488-152-9080
Ewell,Haxbie,Merke,05/31/1964,Kazakhstan,ehaxbieek@salon.com,343-456-3851
Giacomo,Maffeo,Kołaczyce,01/31/1989,Poland,,736-249-8725
Pietra,Dear,Dmitriyevskoye,03/10/1975,Russia,,290-553-4641
Gus,Ivakin,Wałcz,02/05/1956,Poland,givakinen@altervista.org,701-891-8647
Ezri,Reedman,La‘l,08/05/1989,Afghanistan,,778-614-6849
Ardys,Eggleston,Tamanar,12/18/1981,Morocco,aegglestonep@blogspot.com,841-370-7916
Dalenna,Rispen,,,,drispeneq@histats.com,
Linn,Figgen,Kristinehamn,10/24/1967,Sweden,lfiggener@reuters.com,276-651-5818
Lee,Rowell,Khuan Don,12/18/1987,Thailand,lrowelles@cnn.com,600-574-8643
Margette,Sturridge,Paruro,01/10/1953,Peru,msturridgeet@umich.edu,267-142-7358
Luce,Cantwell,Ratchasan,02/12/1983,Thailand,lcantwelleu@photobucket.com,384-563-2940
Penny,Rambaut,Krasnyy Yar,04/02/1989,Russia,,130-443-3714
Timmy,Broome,Jiuhua,05/30/1977,China,tbroomeew@ameblo.jp,729-544-3072
Issy,Condliffe,Oulad Frej,12/10/1999,Morocco,,493-301-5330
Dorey,Court,Yuxi,03/10/1973,China,,896-394-4180
Rochell,Darkin,Marisol,07/22/1962,Portugal,,595-241-7608
Zola,Bashford,Bastos,07/09/1998,Brazil,zbashfordf0@craigslist.org,285-105-6622
Ashil,Chapelhow,Miaoshi,08/30/1977,China,,835-319-9079
Kimberlee,Bradford,Zbraslavice,12/06/1985,Czech Republic,kbradfordf2@myspace.com,548-516-5069
Axe,Geffen,Jablah,10/21/1977,Syria,ageffenf3@wired.com,993-103-0450
Kent,Gethen,Chuntai,10/17/1963,China,kgethenf4@springer.com,823-959-7052
Gaby,Stobbart,Hariang,01/16/1987,Indonesia,,533-894-4062
Steffen,Kent,Al Farwānīyah,06/02/1998,Kuwait,,874-248-2757
Isadore,Layhe,Kedungreja,06/02/1992,Indonesia,ilayhef7@kickstarter.com,405-903-6764
Dyane,Seyffert,Vitória do Mearim,09/08/1991,Brazil,,507-306-5315
Hortensia,Spirit,Ciranca Satu,10/10/1953,Indonesia,hspiritf9@auda.org.au,158-671-9542
Eziechiele,Fawlks,Yylanly,05/23/1984,Turkmenistan,efawlksfa@livejournal.com,230-578-1886
Marlo,Kohrs,Köln,09/20/1953,Germany,mkohrsfb@google.com.br,919-646-9861
Elias,Streets,La Paz Centro,04/02/1965,Nicaragua,estreetsfc@cnn.com,504-890-4653
Florencia,Towson,,,,ftowsonfd@de.vu,
Daisy,Hrihorovich,Katsina-Ala,09/29/1991,Nigeria,dhrihorovichfe@gravatar.com,106-490-3273
Kristofor,Crann,Belozërsk,11/04/1989,Russia,,841-780-1121
Spense,Lott,Pappadátes,07/26/1999,Greece,slottfg@shinystat.com,913-823-8206
Ferris,Skacel,Bahe,06/09/1963,China,fskacelfh@nifty.com,260-644-3586
Kori,Glaister,Tiantai Chengguanzhen,10/17/1958,China,kglaisterfi@ezinearticles.com,419-366-4653
Dorena,Spollen,Hyesan-dong,11/14/1968,North Korea,,564-745-2228
Ephraim,Frangione,Miejska Górka,10/20/1975,Poland,efrangionefk@vistaprint.com,526-419-5335
Lolly,Bullingham,Hidalgo,08/05/1988,Mexico,lbullinghamfl@mozilla.com,945-233-0028
Meryl,Rykert,San Carlos,06/26/1977,Colombia,,936-844-4119
Corina,Guidotti,Xiashan,03/10/1997,China,cguidottifn@upenn.edu,365-804-7686
Lind,Obispo,,,,lobispofo@narod.ru,
Bernardine,Thormann,Mili,01/23/1992,Marshall Islands,,815-197-7174
Xylina,Lean,Norfolk,08/08/1959,United States,xleanfq@reuters.com,757-251-2640
Derrick,Robardey,Suru,01/22/1976,Indonesia,drobardeyfr@state.gov,621-329-1553
Decca,Colley,Danchang,01/09/1952,China,dcolleyfs@soup.io,820-292-5032
Freeland,Flight,Vänersborg,04/11/1973,Sweden,fflightft@last.fm,952-721-7594
Kimmi,Howkins,Huachos,11/24/1970,Peru,,222-369-1414
Lucky,Swigg,Isla,12/14/1991,Philippines,lswiggfv@gmpg.org,292-536-7216
Ashia,Awin,Novo Hamburgo,09/02/1999,Brazil,,160-693-7215
Juliette,Barrat,Ilangay,07/31/1966,Philippines,jbarratfx@mozilla.com,754-796-7674
Ignacio,Apfelmann,Stockholm,06/01/1999,Sweden,iapfelmannfy@tinypic.com,239-210-1296
Rosanna,Menaul,Ágios Spyrídon,07/03/1978,Greece,rmenaulfz@ucsd.edu,107-161-6103
Sophi,Jahndel,Neyrīz,10/05/1982,Iran,sjahndelg0@amazon.de,908-603-2783
Arvy,Gannaway,Uppsala,09/05/1951,Sweden,agannawayg1@xrea.com,362-553-9354
Melodee,Newbatt,Bal Chirāgh,10/22/1977,Afghanistan,mnewbattg2@csmonitor.com,724-492-0979
Fritz,Case,Baibu,04/04/1954,China,fcaseg3@buzzfeed.com,483-850-2594
Peggy,Fedorchenko,Ghayl Bā Wazīr,03/30/1992,Yemen,pfedorchenkog4@nydailynews.com,470-787-0227
Danyette,Nichol,Poretskoye,10/11/1976,Russia,dnicholg5@privacy.gov.au,364-783-4151
Francisco,Taffarello,,,,,
Almeda,Schuh,Korfovskiy,07/04/1951,Russia,aschuhg7@blogger.com,578-143-7320
Newton,Tween,Santa Cruz do Rio Pardo,12/27/1995,Brazil,ntweeng8@ycombinator.com,649-542-9394
Zorah,Renihan,Dembéni,08/14/1954,Comoros,zrenihang9@weebly.com,154-876-1676
Douglas,Blais,,,,dblaisga@fotki.com,
Sammy,Daverin,Khorramdarreh,08/21/1950,Iran,sdaveringb@time.com,843-897-3817
Rosabel,Vertey,Stupsk,06/12/1956,Poland,,669-180-2339
Danita,Flannery,Pābna,03/14/1991,Bangladesh,dflannerygd@sbwire.com,152-697-2914
Kiele,Whitlock,Renchaoxi,02/23/1984,China,kwhitlockge@taobao.com,225-563-0604
Edie,Heugh,Storvreta,05/06/1981,Sweden,eheughgf@studiopress.com,399-521-1075
Kylynn,Malone,Zasip,06/04/1962,Slovenia,kmalonegg@twitpic.com,318-318-4078
Sylvester,Sygrove,Gulao,10/02/1996,China,ssygrovegh@smh.com.au,739-778-1809
Yul,Kehir,Privlaka,10/31/1980,Croatia,ykehirgi@wp.com,359-908-6878
Gelya,Whyard,Oibioin,07/13/1992,Indonesia,gwhyardgj@webmd.com,391-909-3524
Dennis,Monnelly,Olszówka,08/14/1994,Poland,dmonnellygk@mail.ru,773-313-3388
Brittany,Husthwaite,Pederneiras,08/21/1954,Brazil,,538-448-5101
Abagael,Pickersail,Larangan,04/16/1958,Indonesia,apickersailgm@myspace.com,632-179-8353
Deena,Pally,Paipa,02/03/1958,Colombia,dpallygn@columbia.edu,205-825-4420
Ryon,Cowton,,,,rcowtongo@csmonitor.com,
Dal,Lugg,Santa Nino,07/18/1998,Philippines,dlugggp@homestead.com,254-196-2471
Aluin,De Angelis,Santa Barbara,11/06/1968,Philippines,adeangelisgq@ft.com,587-416-4027
Dell,Hayton,Cavadas,08/05/1963,Portugal,,279-370-3370
Marcelle,Fonso,,,,mfonsogs@i2i.jp,
Clarance,Hubberstey,Káto Miliá,05/13/1961,Greece,chubbersteygt@fema.gov,556-291-6235
Gwennie,Sherlaw,Tumaco,03/31/1965,Colombia,gsherlawgu@google.com.hk,482-211-0257
Josy,Dignan,Ūdalah,03/26/1972,Palestinian Territory,jdignangv@kickstarter.com,947-963-2659
Melissa,Tarquinio,Cincinnati,12/14/1964,United States,mtarquiniogw@wired.com,513-130-4513
Neal,Tweedie,Dongqinggou,10/02/1992,China,ntweediegx@cornell.edu,464-531-1695
Alwyn,Kalvin,Káto Dhiminió,06/13/1973,Greece,akalvingy@networkadvertising.org,635-670-7085
Harmonia,Dymoke,Yinxi,05/01/1954,China,hdymokegz@vimeo.com,334-587-8347
Findley,MacQuist,Ajaccio,03/10/1961,France,,831-472-5948
Gris,Goodbar,Bīrganj,01/23/1986,Nepal,ggoodbarh1@pagesperso-orange.fr,474-113-5500
Franciska,Wonfor,Fabianki,03/12/1981,Poland,fwonforh2@amazon.co.uk,829-507-0514
Ichabod,Skune,Salawu,10/05/1968,Indonesia,iskuneh3@amazon.com,506-969-2595
Filberte,Eastcourt,Bålsta,03/03/1965,Sweden,feastcourth4@usda.gov,111-628-1351
Darnell,Moorhead,,,,dmoorheadh5@pcworld.com,
Akim,Duchesne,Loppi,09/21/1974,Finland,aduchesneh6@sakura.ne.jp,165-877-8691
Pavia,Ion,Suwangi Utara,06/13/1961,Indonesia,pionh7@gnu.org,170-773-5331
Rosalinda,Flippelli,Halmstad,06/02/1953,Sweden,rflippellih8@army.mil,386-817-2453
Cletus,De Maria,Hengxizhen,05/30/1997,China,cdemariah9@uiuc.edu,358-549-6737
Jasmine,Hemshall,Mobile,07/17/1983,United States,,251-591-1608
Pablo,Gillions,Kromy,10/20/1978,Russia,pgillionshb@paypal.com,570-769-2261
Octavius,Newberry,Thới Bình,10/30/1978,Vietnam,onewberryhc@fotki.com,695-723-8932
Sephira,Chatters,Winong,03/13/1984,Indonesia,schattershd@fda.gov,371-597-1384
Rayner,Brudenell,Sarmīn,07/16/1993,Syria,,241-847-6631
Brett,Shewery,Köping,11/23/1956,Sweden,bsheweryhf@sciencedirect.com,853-601-6094
Ben,Arnaez,Mancha Khiri,05/15/1970,Thailand,barnaezhg@blogspot.com,416-656-3015
Shelley,Birdall,Wuxing,10/17/1983,China,sbirdallhh@soundcloud.com,398-477-0125
Manon,Taunton.,Walagar,12/04/1963,Indonesia,mtauntonhi@multiply.com,340-294-4312
Lilas,Hesey,Villa Constitución,12/21/1986,Argentina,lheseyhj@blogtalkradio.com,428-890-3586
Ulrika,Robroe,,,,urobroehk@china.com.cn,
Amelie,Kunzler,Chak Two Hundred Forty-Nine TDA,09/22/1953,Pakistan,,371-423-7773
Kevina,Ebbens,Rtyně v Podkrkonoší,05/01/1970,Czech Republic,kebbenshm@dell.com,251-714-9623
Adriane,Sumpter,Campo de la Cruz,06/01/1993,Colombia,asumpterhn@mysql.com,493-513-8960
Ofilia,Donegan,Iksan,02/28/1971,South Korea,,558-672-5790
Rollin,Schleswig-Holstein,Jingcheng,05/23/1980,China,rschleswigholsteinhp@angelfire.com,778-235-1759
Justus,Pietruszewicz,Sumber,06/17/1953,Indonesia,jpietruszewiczhq@ebay.com,615-614-6900
Mathilde,Livard,Libacao,10/18/1996,Philippines,,724-465-6189
Adriena,Tuttle,Balayong,08/22/1986,Philippines,atuttlehs@patch.com,267-775-2636
Cathlene,Sharpless,Angered,02/05/1950,Sweden,,365-855-4131
Tommie,Zaniolini,Cabeço,10/10/1985,Portugal,tzaniolinihu@fotki.com,286-823-1897
Lolly,Dalligan,Kongkeshu,02/13/1999,China,ldalliganhv@soup.io,628-119-8084
Bert,Hefforde,Chwaszczyno,12/13/1951,Poland,bheffordehw@dot.gov,702-983-8100
Berton,Craggs,Tabor,02/19/1995,Slovenia,bcraggshx@t-online.de,692-235-8925
Willis,Janicki,Gopaan,12/25/1992,Indonesia,wjanickihy@alibaba.com,737-908-8315
Kirsten,Sandys,Yangmingbu,08/04/1970,China,ksandyshz@bizjournals.com,755-874-8448
Lydia,Gilbanks,Guocun,04/15/1973,China,lgilbanksi0@linkedin.com,286-356-8749
Job,Rittmeier,Karangsonojabon,07/01/1996,Indonesia,jrittmeieri1@si.edu,285-369-5950
Kerianne,Marnes,Revda,01/24/1987,Russia,kmarnesi2@usda.gov,680-225-9501
Maxy,Crownshaw,Liufeng,12/13/1973,China,,943-568-1669
Melonie,Pietesch,Sangba,09/13/1983,China,mpieteschi4@jigsy.com,361-961-7225
Catlee,Bard,Sokol,11/04/1972,Russia,,295-900-5040
Nikkie,Mawne,,,,nmawnei6@springer.com,
Adolph,Scriver,Tanqiao,01/10/1982,China,ascriveri7@slate.com,554-306-7616
Sigrid,Bontine,Nanlu,07/27/1959,China,sbontinei8@last.fm,410-960-3971
Onfre,Dubois,Kihangara,12/10/1970,Tanzania,oduboisi9@nyu.edu,917-968-3263
Hatty,Eslinger,Rokietnica,03/20/1990,Poland,heslingeria@w3.org,289-119-3401
Sarajane,Bleckly,Kamnica,09/28/1991,Slovenia,sblecklyib@last.fm,177-397-7839
Odelia,Siggin,Grenoble,04/27/1967,France,osigginic@wired.com,458-201-6308
Laurene,Brooksbank,Pervomayskiy,09/07/1961,Russia,lbrooksbankid@reference.com,502-300-2944
Jen,Oughton,Ivanovskoye,12/25/1958,Russia,joughtonie@ucoz.com,113-108-0337
Elane,Canny,Akriní,01/16/1983,Greece,ecannyif@psu.edu,599-647-3766
Alonzo,Paschke,Chinju,07/13/1960,South Korea,apaschkeig@stumbleupon.com,243-244-2964
Aguistin,Staniland,Samsan,09/26/1984,South Korea,astanilandih@netlog.com,721-794-7125
Nealy,Satch,Varadero,10/25/1957,Cuba,nsatchii@canalblog.com,610-602-0660
Alexander,Toland,Waterloo,12/26/1975,Canada,atolandij@kickstarter.com,395-219-6657
Bernadene,Creasey,Lālmohan,06/02/1985,Bangladesh,bcreaseyik@prlog.org,577-103-0342
Farand,Noweak,Ivry-sur-Seine,03/07/1962,France,fnoweakil@ftc.gov,949-470-9295
Virgil,Trunkfield,,,,vtrunkfieldim@google.pl,
Roxine,Joincey,Sabanagrande,11/25/1989,Colombia,rjoinceyin@marketwatch.com,166-480-2308
Pansy,Le Marquis,Lewoduli,07/15/1995,Indonesia,plemarquisio@forbes.com,901-117-0723
Joyce,Kurtis,Fentange,01/20/1974,Luxembourg,jkurtisip@un.org,588-446-2018
Shandra,Golborne,Dob,12/28/1956,Slovenia,sgolborneiq@un.org,833-745-5493
Brier,Pagon,Campelos,02/01/1978,Portugal,,552-925-8556
Aldus,Hariot,Shūsh,11/05/1958,Iran,ahariotis@shareasale.com,309-521-0144
Franni,Stanworth,Al Mayādīn,02/20/1954,Syria,fstanworthit@geocities.jp,900-236-1956
Corene,Catanheira,Špišić-Bukovica,08/17/1983,Croatia,ccatanheiraiu@google.ca,616-234-2358
Hetty,Doone,Sanhui,09/04/1991,China,hdooneiv@ebay.co.uk,568-905-0995
Town,Schruur,Danxi,12/12/1952,China,tschruuriw@opensource.org,125-282-9332
Ced,Crocetto,Tak,07/07/1967,Thailand,ccrocettoix@nps.gov,209-926-0577
Jemmy,Bockings,Balatun,07/05/1990,Bosnia and Herzegovina,jbockingsiy@loc.gov,368-198-3926
Roscoe,Theriot,Dazhou,06/24/1972,China,rtheriotiz@rakuten.co.jp,270-324-2147
Alexandros,Erett,Feikeng,08/31/1991,China,aerettj0@washington.edu,210-209-3796
Fleming,O'Collopy,Anjozorobe,10/18/1960,Madagascar,focollopyj1@pcworld.com,747-682-1265
Janey,Greenier,Grodków,02/04/1997,Poland,jgreenierj2@yale.edu,863-710-6916
Tybalt,Garralts,Hatsukaichi,04/24/1970,Japan,tgarraltsj3@etsy.com,115-548-3581
Penny,Madgwich,Igir-igir,06/07/1982,Indonesia,pmadgwichj4@constantcontact.com,654-396-6927
Baxie,Trowsdale,Nāṟay,12/01/1964,Afghanistan,btrowsdalej5@jiathis.com,882-775-8262
Tabbie,Claypoole,Lapachito,07/04/1999,Argentina,tclaypoolej6@ft.com,301-142-8557
Ferd,Sweeten,Tim,09/04/1952,Russia,fsweetenj7@aboutads.info,548-389-3420
Marysa,Slark,Huarong Chengguanzhen,07/06/1956,China,,493-876-9433
Justino,De Bernardis,Ongabelen,04/20/1950,Indonesia,jdebernardisj9@rambler.ru,730-157-5799
Aeriell,Scintsbury,Casal do Sapo,04/12/1997,Portugal,ascintsburyja@friendfeed.com,812-694-4279
Marjie,Dugall,Duluth,07/15/1960,United States,mdugalljb@pen.io,404-992-6635
Ebenezer,Rainy,Leninskiy,06/12/1989,Russia,erainyjc@sun.com,348-450-6427
Clemmie,Powlesland,Gulao,03/06/1984,China,cpowleslandjd@g.co,456-408-1653
Fernando,Willatt,Breves,02/28/1973,Brazil,fwillattje@simplemachines.org,649-600-6895
Lyn,Newart,Quimper,04/06/1967,France,lnewartjf@cnbc.com,949-139-5309
Farris,Yeeles,Saint-Quentin-en-Yvelines,09/13/1978,France,fyeelesjg@apple.com,758-704-5443
Kirsten,Hannabuss,Balaoang,03/05/1967,Philippines,khannabussjh@usda.gov,111-787-5957
Bail,Fantini,Belmopan,09/08/1950,Belize,,929-861-7234
Lin,Dennitts,Grazhdanskoye,11/05/1975,Russia,ldennittsjj@google.cn,451-231-8422
Fawn,Deddum,Santiago de Subrrifana,11/20/1967,Portugal,fdeddumjk@vk.com,941-157-7577
Temp,Ellerey,Oenaik,11/30/1986,Indonesia,tellereyjl@google.ru,623-196-0099
Brigg,Figgures,Kolape,07/12/1957,Philippines,bfigguresjm@purevolume.com,353-217-0692
Cherrita,Gateshill,Priekule,03/22/1951,Latvia,cgateshilljn@cnet.com,175-516-5335
Meade,Chesshyre,Kotri,05/16/1973,Pakistan,mchesshyrejo@unesco.org,709-544-1405
Glenna,Cain,Bungoma,06/30/1962,Kenya,gcainjp@sbwire.com,616-916-9119
Abbe,Cuseick,Lolayan,06/30/1969,Indonesia,,490-456-1068
Marylynne,January 1st,Changle,11/30/1959,China,mjanuarystjr@360.cn,441-589-6124
Andria,Cooper,Keli,04/07/1966,Indonesia,acooperjs@fema.gov,418-962-4804
Bobbee,Kamienski,Fulu,12/17/1987,China,bkamienskijt@china.com.cn,377-629-5146
Pearl,Chestle,Nagarakembang,05/14/1969,Indonesia,pchestleju@epa.gov,473-345-5056
Haleigh,Garrod,Rettikhovka,11/21/1957,Russia,hgarrodjv@auda.org.au,765-714-2807
Minne,Summers,Marang,03/30/1990,Indonesia,msummersjw@discovery.com,336-221-3829
Sunny,Storr,Podujeva,08/27/1974,Kosovo,sstorrjx@wired.com,609-490-3826
Weider,Merrill,Nicosia,03/18/1990,Cyprus,wmerrilljy@blogspot.com,959-373-8987
Sibel,Worgan,Jiangbei,09/17/1966,China,,682-629-2060
Shantee,Boyland,Kangle,05/28/1952,China,sboylandk0@ucla.edu,415-191-2948
Ezra,Atterbury,Mulhouse,09/21/1994,France,,293-305-5757
Opal,Mumbey,Kabalo,04/21/1987,Democratic Republic of the Congo,,341-475-5425
Gerry,Timblett,Toledo,09/16/1967,United States,gtimblettk3@trellian.com,419-344-6957
Sibilla,Dullingham,Taldom,04/22/1957,Russia,sdullinghamk4@oakley.com,600-394-1489
Monte,Trevillion,,,,mtrevillionk5@walmart.com,
Arleen,Buske,Waiholo,12/12/1982,Indonesia,,589-315-1408
Gussi,Scurr,Colcabamba,01/14/1975,Peru,,424-831-7987
Matilde,Pietrasik,Ouanaminthe,11/13/1969,Haiti,,585-939-7900
Kristan,Boyles,Lazaro Cardenas,07/06/1975,Mexico,kboylesk9@mashable.com,236-858-3120
Victor,Ede,Huo’erqi,12/25/1950,China,vedeka@technorati.com,535-868-3267
Gleda,Losselyong,Ferdinandovac,07/27/1969,Croatia,glosselyongkb@amazonaws.com,349-497-6744
Sandie,Tregunna,Radovitskiy,06/12/1999,Russia,stregunnakc@columbia.edu,831-430-5510
Neal,Cabrera,Dammarie-les-Lys,12/07/1977,France,ncabrerakd@histats.com,617-862-7123
Pepillo,Carous,Semarapura,08/24/1971,Indonesia,pcarouske@furl.net,879-834-5526
Aloysia,Dust,Ledok,06/28/1982,Indonesia,adustkf@ft.com,185-771-6651
Aurora,Batting,Birowo,06/22/1962,Indonesia,abattingkg@spotify.com,334-573-3551
Jenine,Hudless,Hetou,09/07/1983,China,jhudlesskh@latimes.com,638-946-7379
Arnold,MacCallam,Bobon,05/03/1986,Philippines,amaccallamki@blogspot.com,426-837-8862
Rossie,Gilmour,Tengjia,01/04/1998,China,rgilmourkj@addthis.com,486-717-4645
Drucie,Colpus,Terentang,07/06/1952,Indonesia,dcolpuskk@miitbeian.gov.cn,548-399-3812
Shauna,Gleadhell,Cherepovets,10/12/1951,Russia,sgleadhellkl@elegantthemes.com,947-884-4061
Devlin,Hamberstone,,,,,
Kennedy,Shireff,Xiage,04/12/1976,China,,483-438-2230
Hugibert,Guyer,Waihibar,04/29/1996,Indonesia,hguyerko@gravatar.com,382-187-2092
Brynn,McGettrick,La Habana Vieja,10/25/1981,Cuba,bmcgettrickkp@a8.net,310-988-9780
Rogers,Harbin,Gumawang,05/22/1958,Indonesia,rharbinkq@fema.gov,176-866-5262
Erny,Dargie,Taquari,01/14/1966,Brazil,edargiekr@linkedin.com,735-411-0349
Nikolai,Fullicks,Baikouquan,04/05/1990,China,nfullicksks@cyberchimps.com,369-878-4454
Laney,McFarland,Hyères,05/28/1998,France,,252-373-2812
Dal,Rougier,Sumberejo,04/04/1980,Indonesia,drougierku@usatoday.com,681-578-0989
Sharl,Burbudge,Maomiaoji,11/07/1951,China,sburbudgekv@blog.com,802-123-5226
Codie,Klisch,Farmington,04/18/1985,United States,cklischkw@privacy.gov.au,248-229-1160
Meg,Volette,Jabat,02/04/1963,Marshall Islands,mvolettekx@umich.edu,900-436-2236
Jakie,Wroughton,Thành Phố Uông Bí,01/31/1993,Vietnam,jwroughtonky@rediff.com,899-563-1216
Yelena,Dodshon,Saint-Gaudens,10/18/1967,France,ydodshonkz@sbwire.com,955-445-3512
Lind,Faherty,Alcala,12/26/1953,Philippines,lfahertyl0@answers.com,354-337-9221
Marge,Mouse,Gornje Živinice,08/27/1970,Bosnia and Herzegovina,mmousel1@weibo.com,195-519-8663
Meredithe,Ibberson,Tsibulev,11/18/1964,Ukraine,,271-657-5421
Iggie,Osant,Linglu,04/09/1969,China,iosantl3@bravesites.com,147-320-0720
Danell,Cleary,Rambatan,06/17/1958,Indonesia,dclearyl4@fastcompany.com,157-618-6079
Bent,Clementson,,,,bclementsonl5@cornell.edu,
Elka,Mordacai,Moste,11/27/1982,Slovenia,emordacail6@theatlantic.com,690-441-4112
Ranice,Fewlass,Kista,01/20/1965,Sweden,rfewlassl7@flavors.me,228-577-0678
Estrella,Feild,Ebene,04/29/1952,Mauritius,efeildl8@flickr.com,600-715-8801
Robena,Elloway,Sohbatpur,02/03/1971,Pakistan,rellowayl9@icio.us,140-124-3095
Yvor,Faill,Jieshui,10/11/1959,China,yfaillla@google.pl,194-629-6501
Jermain,Blackie,Jayanca,08/30/1991,Peru,jblackielb@360.cn,785-642-6005
Agnella,O'Gready,Besah,12/09/1963,Indonesia,aogreadylc@whitehouse.gov,488-783-1067
Josh,Bailie,Gondang,01/26/1963,Indonesia,jbailield@reference.com,168-457-0917
Maurits,Fleury,Honjō,12/14/1997,Japan,,707-839-8127
Kilian,Stormont,Manizales,06/02/1999,Colombia,kstormontlf@desdev.cn,966-911-0996
Norbie,Daubney,,,,ndaubneylg@sphinn.com,
Ashley,Yeiles,Ershilipu,01/12/1961,China,ayeileslh@telegraph.co.uk,152-167-5574
Mathe,Romagnosi,Changzheng,11/15/1991,China,mromagnosili@spotify.com,788-913-5907
Sashenka,Hardstaff,Kuantan,07/06/1983,Malaysia,,776-944-1331
Caroljean,Bracey,,,,cbraceylk@oakley.com,
Izzy,Hinstridge,Yanjiang,04/23/1990,China,ihinstridgell@csmonitor.com,804-126-5451
Alisander,Winsper,Paihia,02/24/1983,New Zealand,awinsperlm@home.pl,147-259-7694
Boigie,Paris,Xiaoyi,08/27/1983,China,bparisln@surveymonkey.com,958-125-8865
Kayle,Pietron,Białogard,11/28/1984,Poland,kpietronlo@sitemeter.com,204-886-6817
Mendy,Akid,Salamá,12/18/1982,Honduras,makidlp@harvard.edu,373-757-8533
Jerrie,Alu,Dobra,11/02/1962,Poland,jalulq@wikimedia.org,372-258-5860
Babette,Savell,Ruoqiang,01/25/1985,China,bsavelllr@cbslocal.com,723-986-6106
Quill,Dalinder,Rassvet,04/22/1965,Russia,qdalinderls@buzzfeed.com,985-372-3589
Darell,Mogra,Buea,03/01/1981,Cameroon,dmogralt@unblog.fr,489-393-5967
Catherina,Gagin,Karis,02/25/1989,Finland,cgaginlu@ucsd.edu,475-274-3657
Carrie,Andrasch,Vitry-le-François,04/13/1970,France,candraschlv@pbs.org,541-835-0602
Cacilia,Cayser,Jovellar,01/10/1952,Philippines,,316-404-1951
Estelle,Ruzek,Verkhn’odniprovs’k,12/08/1972,Ukraine,,608-410-1987
Patrizius,Spraggon,Shuimen,11/11/1982,China,,163-848-2118
Naomi,Brammall,,,,nbrammalllz@csmonitor.com,
Wilbert,Sturgess,Antigonish,05/07/1981,Canada,wsturgessm0@home.pl,476-682-8136
Durante,Grindle,Quimbaya,03/25/1992,Colombia,dgrindlem1@google.de,373-123-0995
Coretta,Birdwhistle,Bachok,08/25/1989,Malaysia,cbirdwhistlem2@theglobeandmail.com,418-399-1499
Garek,Longfield,Évreux,09/05/1952,France,glongfieldm3@chronoengine.com,671-264-2131
Alfons,Fielder,Paldiski,03/10/1998,Estonia,afielderm4@chicagotribune.com,701-853-6917
Karia,Harron,Krapivna,09/17/1983,Russia,,349-480-7744
Quinton,Molfino,Haputale,09/29/1962,Sri Lanka,qmolfinom6@examiner.com,190-204-9594
Tova,Full,Janja,11/01/1988,Bosnia and Herzegovina,tfullm7@adobe.com,670-372-6429
Brana,Gilli,Baiima,04/07/1992,Sierra Leone,bgillim8@cpanel.net,790-429-9102
Rossie,McVity,,,,rmcvitym9@sourceforge.net,
Duncan,Massimi,Mariatana,12/24/1965,Peru,dmassimima@spiegel.de,679-817-5457
Celle,Gipp,Boguchwała,05/29/1985,Poland,cgippmb@hugedomains.com,821-654-0473
Sabine,Petcher,Doom,07/09/1962,Indonesia,spetchermc@ycombinator.com,412-983-6089
Eleonore,Knill,,,,eknillmd@opensource.org,
Reynold,Heugh,,,,,
Eb,Rupke,Libertad,08/11/1986,Philippines,erupkemf@cmu.edu,872-890-6039
Tirrell,Bow,Butahai,06/19/1953,China,,191-500-1648
Fax,Dowry,Lyalichi,08/20/1978,Russia,,278-312-4707
Gerrie,Schimek,Rattanawapi,09/01/1988,Thailand,,267-459-9909
Lorrayne,Mackieson,Nankou,12/28/1980,China,lmackiesonmj@123-reg.co.uk,277-866-8305
Deidre,Mont,Khirbat Tīn Nūr,04/26/1966,Syria,dmontmk@nationalgeographic.com,782-230-9571
Laura,Soppit,Šoštanj,12/03/1998,Slovenia,lsoppitml@scientificamerican.com,551-427-3144
Kennie,Billington,Korop,03/12/1959,Ukraine,,101-735-2691
Row,Grigoryov,Nijmegen,04/26/1990,Netherlands,,909-263-0582
Bar,Kop,Zhongling,05/16/1977,China,bkopmo@jugem.jp,791-768-3883
Marquita,Roddell,Aldeia da Piedade,10/11/1970,Portugal,,681-580-1162
Mathilda,De la croix,Shiree,02/28/1952,Mongolia,mdelacroixmq@hud.gov,744-355-8175
Fredia,Hradsky,Asaita,06/26/1985,Ethiopia,fhradskymr@uiuc.edu,539-530-9894
Lyndsay,Works,Ambatondrazaka,02/10/1996,Madagascar,lworksms@trellian.com,398-867-4396
Pauline,Doley,Limon,02/28/1981,Philippines,pdoleymt@nature.com,345-116-2096
Martino,Wallace,Buyun,07/26/1982,China,mwallacemu@thetimes.co.uk,776-626-9828
Filide,Aucourte,La Ensenada,02/11/1987,Chile,faucourtemv@pbs.org,690-755-5224
Kathlin,Cacacie,Jenang Selatan,05/30/1972,Indonesia,kcacaciemw@goo.ne.jp,695-319-8053
Janos,Edson,Étampes,06/29/1972,France,jedsonmx@trellian.com,640-712-9883
Hyacinthie,Milward,Cagwait,06/19/1962,Philippines,hmilwardmy@sina.com.cn,637-265-2884
Ruthann,Willavoys,Valerianovsk,02/13/1955,Russia,rwillavoysmz@bloomberg.com,420-403-9083
Darcy,Letchford,Lišov,05/05/1984,Czech Republic,dletchfordn0@google.ca,955-936-3079
Travus,Slaight,,,,tslaightn1@yolasite.com,
Dorthea,Schonfeld,Enhe Hada,09/12/1958,China,dschonfeldn2@tripadvisor.com,937-768-6389
Tedmund,Blakes,Honoria,07/27/1976,Peru,,771-353-9271
Erek,Haskew,Lapuyan,09/18/1973,Philippines,ehaskewn4@geocities.jp,140-710-7796
Cassey,Neale,Vyerkhnyadzvinsk,12/15/1953,Belarus,,621-245-5700
Nicola,Brinklow,Didou,01/19/1965,China,nbrinklown6@sciencedirect.com,530-578-3958
Berton,Assandri,Trảng Bom,08/14/1954,Vietnam,bassandrin7@usa.gov,250-111-5901
Hertha,Kadwallider,Shenzhengqiao,02/12/1971,China,hkadwallidern8@moonfruit.com,726-475-1789
Lyda,McGettrick,Zhen’an,08/05/1992,China,lmcgettrickn9@clickbank.net,426-472-0788
Abigail,Lathy,Hujigou,10/13/1981,China,alathyna@wikipedia.org,118-682-0180
Tabitha,McKeaney,Erdao,03/26/1969,China,tmckeaneynb@desdev.cn,668-544-2239
Frederica,Wallice,Las Vegas,06/26/1966,United States,fwallicenc@bizjournals.com,702-957-5330
Nollie,Henrie,Kutamangu,12/06/1957,Indonesia,nhenriend@skype.com,188-308-0683
Archibold,Minter,Payabon,09/15/1974,Philippines,aminterne@patch.com,914-735-2305
Bobbe,Digginson,Nybro,09/09/1959,Sweden,bdigginsonnf@homestead.com,299-655-5044
Louise,Duckhouse,Kabo,07/20/1994,Central African Republic,lduckhouseng@moonfruit.com,483-573-4531
Luise,Malek,Milíkov,05/13/1967,Czech Republic,lmaleknh@bandcamp.com,685-565-3127
Celestia,Maddie,Floreşti,04/27/1990,Moldova,cmaddieni@youku.com,322-311-4219
Elvyn,Strafford,Ichinoseki,11/12/1980,Japan,estraffordnj@cornell.edu,547-146-7480
Cati,Beel,Pereval'noe,12/18/1961,Ukraine,cbeelnk@wikimedia.org,334-110-2673
Agretha,Levin,Örnsköldsvik,08/20/1967,Sweden,alevinnl@ibm.com,991-928-2256
Hilde,Sorrie,Cibolang,12/05/1983,Indonesia,,721-250-3513
Fiona,Pargetter,Acao,08/30/1991,Philippines,fpargetternn@msn.com,921-457-9474
Farrand,Upton,Dzyarzhynsk,09/11/1978,Belarus,,316-622-3350
Louella,Doggart,Strasbourg,05/16/1963,France,ldoggartnp@icio.us,605-777-7252
Shaylyn,Pountney,Ratnapura,12/03/1990,Sri Lanka,spountneynq@squidoo.com,922-866-5339
Celene,Kopecka,Wuluo,08/01/1958,China,ckopeckanr@lycos.com,562-339-0679
Cheryl,Inglesfield,Tabouda,06/15/1952,Morocco,cinglesfieldns@squarespace.com,974-948-1520
Elli,Josefovic,Ndewel,06/08/1966,Indonesia,ejosefovicnt@mayoclinic.com,234-538-3021
Hollyanne,Pieper,Laya,04/16/1957,Philippines,hpiepernu@ovh.net,338-452-9595
Andris,Duffit,Pawa,07/13/1963,Philippines,aduffitnv@usa.gov,351-159-9772
Lorianne,D' Angelo,Bukama,02/03/1992,Democratic Republic of the Congo,ldangelonw@list-manage.com,691-916-3937
Renell,Bampkin,,,,rbampkinnx@behance.net,
Payton,Jewers,Jianxincun,02/13/1959,China,pjewersny@soundcloud.com,249-574-8506
Michaelina,Van Velden,Bunobogu,02/20/1976,Indonesia,,168-838-6208
Bastien,Worpole,Sirib,05/29/1983,Philippines,bworpoleo0@examiner.com,918-965-1347
Aguste,Kedge,Rokoy,10/08/1996,Indonesia,akedgeo1@cdc.gov,726-447-9944
Thom,Longford,Chenda,05/15/1965,China,tlongfordo2@census.gov,788-568-3734
Ruthy,Fitzsymonds,Xiapu,06/15/1961,China,rfitzsymondso3@yahoo.com,416-612-9775
Julianna,Brawson,Xiangshun,05/14/1961,China,,665-408-8876
Giulio,McLanaghan,Kuantan,04/17/1978,Malaysia,gmclanaghano5@icio.us,221-224-2916
Casi,Gipson,Mosteiro,12/23/1961,Portugal,cgipsono6@latimes.com,414-338-0757
Elena,Ugoletti,Jami,07/21/1994,Indonesia,eugolettio7@imdb.com,327-570-8984
Dore,Cleveley,Trelew,09/06/1969,Argentina,dcleveleyo8@marketwatch.com,530-466-0639
Madelina,Stickells,Temryuk,12/16/1984,Russia,mstickellso9@friendfeed.com,853-924-8952
Yvette,Deehan,Onzaga,01/18/1974,Colombia,,273-149-3051
Carlina,Deverell,Kawm Umbū,06/03/1966,Egypt,cdeverellob@issuu.com,361-977-2196
Brandie,Rose,Loukhi,12/06/1999,Russia,broseoc@bloomberg.com,304-424-0568
Tulley,Pessel,Loma Bonita,08/23/1985,Mexico,,402-641-5027
Chadd,Batson,Dubai,08/01/1998,United Arab Emirates,cbatsonoe@ox.ac.uk,229-990-8047
Bartholomeus,Mercer,Voronezh,05/13/1992,Russia,,274-884-2239
Florida,Syddall,Kitimat,09/04/1995,Canada,fsyddallog@dedecms.com,669-739-0941
Antonetta,Meaders,Muan,05/21/1972,South Korea,ameadersoh@people.com.cn,828-142-8334
Welsh,Jirka,Fresno,11/11/1970,United States,wjirkaoi@mozilla.com,209-950-4387
Luther,Goldes,Oleksandriya,03/08/1961,Ukraine,lgoldesoj@squidoo.com,617-586-0893
Shelden,Margrie,Kae Dam,12/11/1997,Thailand,smargrieok@ocn.ne.jp,376-598-8621
Barclay,Peaddie,Tisco,02/21/1955,Peru,bpeaddieol@fc2.com,336-796-2067
Archibold,Cheverell,,,,,
Janene,Birchwood,Yanwo,06/08/1960,China,jbirchwoodon@irs.gov,115-106-7348
Keene,Tarpey,Krajan Timur Mlokorejo,03/06/1965,Indonesia,ktarpeyoo@ucoz.ru,818-407-9531
Gwendolen,Hallibone,Baizhang,07/03/1957,China,ghalliboneop@phpbb.com,862-874-0362
Arlyne,Phare,Bifeng,02/18/1995,China,aphareoq@zimbio.com,297-731-1251
Orion,Piff,Les Sables-d'Olonne,07/19/1975,France,opiffor@nasa.gov,115-157-3180
Matthaeus,Hamby,Semarang,10/21/1997,Indonesia,mhambyos@webeden.co.uk,414-947-2780
Candis,Tabner,Zhangfeng,07/18/1983,China,ctabnerot@g.co,284-648-2580
Elsie,Oxbrow,Aborlan,08/06/1982,Philippines,eoxbrowou@dailymotion.com,941-722-7300
Glen,Orcott,Guantouzui,03/14/1952,China,gorcottov@globo.com,241-715-5494
Britt,Chinge,Tuatuka,03/11/1965,Indonesia,bchingeow@zimbio.com,559-377-8780
Tuesday,Itzhayek,Chimoio,01/16/1997,Mozambique,titzhayekox@mediafire.com,223-679-2651
Shepherd,Aslen,Sanxi,03/12/1963,China,saslenoy@e-recht24.de,573-638-5362
Dorrie,Klimschak,Nozdrzec,10/25/1989,Poland,dklimschakoz@t.co,515-595-6316
Genia,Windrass,Tangtou,12/11/1982,China,gwindrassp0@histats.com,576-588-4725
Aileen,Birdwistle,Dalam,07/03/1993,Indonesia,abirdwistlep1@bravesites.com,400-987-6335
Lief,Rentelll,Trá Mhór,07/28/1987,Ireland,lrentelllp2@github.io,550-847-1818
Lancelot,Reames,Calheta,11/30/1964,Cape Verde,lreamesp3@symantec.com,462-908-7069
Mirna,Verling,Sāh,04/13/1986,Yemen,mverlingp4@e-recht24.de,823-908-9757
Elyssa,Tasker,Kopayhorod,10/20/1959,Ukraine,,947-122-7712
Shandeigh,Pedler,Ciénaga,08/05/1975,Colombia,,148-551-5196
Aldis,Brise,Dhī Nā‘im,01/22/1985,Yemen,,873-662-5977
Ivy,Lube,Pangnirtung,07/07/1986,Canada,ilubep8@constantcontact.com,755-525-2736
Clayborn,Habbijam,Araripina,10/30/1982,Brazil,chabbijamp9@ycombinator.com,730-627-9089
Thorin,Scathard,Bacem,11/21/1979,Indonesia,tscathardpa@bravesites.com,845-583-3148
Marin,Sowrah,Gonghe,07/13/1965,China,msowrahpb@google.es,711-766-5635
Alexia,Burdis,Čelopek,02/14/1958,Macedonia,aburdispc@discuz.net,816-622-6150
Gothart,Witty,,,,gwittypd@w3.org,
Hube,Bronger,Floirac,02/14/1983,France,hbrongerpe@nbcnews.com,586-378-4124
Candy,Caramuscia,Oodweyne,12/08/1970,Somalia,,443-303-3091
Hewett,Hammelberg,San Fernando de Atabapo,04/02/1951,Venezuela,,826-725-1157
Mary,Aslen,Gubat,09/21/1956,Philippines,maslenph@goodreads.com,223-962-3699
Dalli,Chamberlen,Yandun,03/30/1963,China,dchamberlenpi@forbes.com,856-332-3819
Leoline,Dorken,Panjir,09/08/1952,Indonesia,ldorkenpj@addthis.com,968-749-9984
Juline,Conre,Souto da Costa,04/25/1980,Portugal,jconrepk@desdev.cn,280-655-9430
Jaquelin,Thornthwaite,,,,jthornthwaitepl@go.com,
Thoma,Livoir,Lhokkruet,09/10/1968,Indonesia,tlivoirpm@drupal.org,961-635-9816
Sheba,Cambridge,Al ‘Āqir,06/04/1989,Yemen,scambridgepn@dot.gov,829-490-4715
Elva,Bwye,Baru,02/24/1966,Indonesia,ebwyepo@goodreads.com,558-428-8123
Susanna,Sawdon,Shaoguan,07/03/1964,China,ssawdonpp@posterous.com,445-505-9098
Charmion,Glasscock,Krajan Jabungcandi,09/18/1977,Indonesia,cglasscockpq@latimes.com,864-319-8325
Vic,Waud,Batan,10/15/1961,China,vwaudpr@cbc.ca,310-565-3184
Danielle,Markwelley,Sannois,09/16/1975,France,,555-131-8655
Murdock,Degli Antoni,Moss,02/01/1971,Norway,mdegliantonipt@upenn.edu,504-136-5940
Justinn,Coggan,Zhongyuanlu,01/31/1970,China,jcogganpu@dyndns.org,197-527-2785
Lotte,Auld,Güira de Melena,12/06/1951,Cuba,lauldpv@is.gd,640-705-5209
Mar,Brindley,,,,mbrindleypw@mayoclinic.com,
Ronica,Andersson,Shushicë,05/23/1985,Albania,randerssonpx@feedburner.com,603-367-0419
Coralyn,Lepope,Trenggulunan,07/15/1973,Indonesia,,761-348-0576
Nicolina,Belden,El Realejo,12/22/1987,Nicaragua,,767-687-2859
Nial,Kedge,Sumurgung,01/05/1990,Indonesia,,298-697-5171
Trueman,Cabel,Goúrnes,06/24/1976,Greece,tcabelq1@squidoo.com,808-730-1532
Caty,Naper,Borås,01/24/1981,Sweden,cnaperq2@csmonitor.com,843-865-1170
Allianora,Goodwyn,Lynn,11/13/1961,United States,agoodwynq3@arizona.edu,781-543-0115
Aland,Abbison,Rosais,04/30/1955,Portugal,aabbisonq4@sfgate.com,164-166-3823
Hyacinthe,Abramowsky,Damai,02/20/1982,China,habramowskyq5@webmd.com,547-396-1637
Charo,Arnaudot,Borlänge,01/19/1958,Sweden,carnaudotq6@scientificamerican.com,184-635-9709
Carlotta,Rizzillo,La Estancia,10/06/1952,Honduras,crizzilloq7@joomla.org,724-963-7651
Rockwell,M'cowis,Apaga,10/21/1969,Armenia,rmcowisq8@icio.us,949-177-3907
Vivyan,Carine,,,,vcarineq9@bizjournals.com,
Audry,Aaronson,La Seyne-sur-Mer,09/05/1975,France,aaaronsonqa@ebay.com,676-869-6326
Laurel,Parysowna,Beaumont,02/18/1959,United States,,409-167-2204
Lorne,Arnal,Liborina,05/14/1997,Colombia,,709-270-4086
Olivero,Yeell,Ambatofinandrahana,02/10/1956,Madagascar,oyeellqd@liveinternet.ru,933-890-8956
Ruthe,Rennicks,Londiani,03/23/1957,Kenya,,443-597-5625
Teena,Lochhead,Vikhorevka,11/23/1972,Russia,tlochheadqf@nsw.gov.au,367-519-0866
Jeddy,Leftbridge,Uyugan,02/18/1976,Philippines,jleftbridgeqg@sciencedaily.com,817-702-8035
Jobey,Jales,,,,,
Ramonda,Le Brum,Zárate,01/27/1966,Argentina,,685-239-7402
Belle,Klulik,Jūrmala,07/16/1985,Latvia,bklulikqj@bloglines.com,585-454-9970
Bibbye,Bigby,Liuji,09/01/1964,China,,992-157-1508
Marta,White,Tyszowce,08/10/1969,Poland,mwhiteql@google.com.br,284-313-6657
Xylina,Belch,Kitamilo,03/16/1970,Uganda,xbelchqm@squarespace.com,210-119-2391
Minna,Rushbrook,Rio Negrinho,01/01/1956,Brazil,mrushbrookqn@wufoo.com,173-126-4345
Erin,Della,Lintingkou,06/02/1965,China,edellaqo@whitehouse.gov,268-159-7302
Faydra,Hubach,Itajaí,06/03/1989,Brazil,fhubachqp@comsenz.com,870-973-0272
Bondy,Diggons,Shuangxiqiao,07/15/1965,China,bdiggonsqq@prweb.com,337-315-5620
Alejandra,Tregale,Wulijie,03/12/1957,China,atregaleqr@wikia.com,620-337-8496
Dorice,Doyley,Johogunung,03/21/1977,Indonesia,,353-117-4168
Alvinia,Gowen,Sezures,02/08/1961,Portugal,agowenqt@nyu.edu,445-746-8271
Tabby,Fullylove,Monterrey,09/25/1976,Honduras,tfullylovequ@ow.ly,483-120-6577
Gustave,Barzen,Wenxian Chengguanzhen,11/20/1973,China,gbarzenqv@va.gov,645-469-0746
Rozalie,Enticott,Hadyach,04/28/1997,Ukraine,renticottqw@alexa.com,217-391-3431
Loralie,Bangs,,,,lbangsqx@unblog.fr,
Cissy,Grinsdale,Seso,10/08/1996,Indonesia,cgrinsdaleqy@elpais.com,376-974-1552
Elwyn,Greggersen,Malishka,07/10/1979,Armenia,egreggersenqz@chronoengine.com,221-737-2653
Amelina,Etter,Siva,06/05/1959,Russia,,862-286-7315
Meryl,Merriott,Homeyo,03/16/1968,Indonesia,mmerriottr1@techcrunch.com,682-312-9476
Kittie,Spatig,Nuwaybi‘a,12/04/1981,Egypt,kspatigr2@google.com.hk,170-642-7376
Dalt,Caudrelier,Lũng Hồ,02/21/1982,Vietnam,,693-350-9982
Myron,Skoughman,Courbevoie,08/05/1994,France,mskoughmanr4@state.tx.us,192-814-3133
Kip,Winslett,Bel Air Rivière Sèche,05/26/1999,Mauritius,kwinslettr5@jigsy.com,795-193-2851
Ailina,Stryde,Benito Juarez,09/08/1995,Mexico,,504-488-4063
Cyrillus,Turmall,Saraktash,07/02/1951,Russia,,294-113-9532
Ninetta,Vasilyonok,Pasiraman,10/06/1961,Indonesia,,180-433-3927
Klement,Bunnell,Litvínov,12/02/1985,Czech Republic,kbunnellr9@wikispaces.com,628-627-9175
Isidoro,Casassa,Qingyun,10/07/1997,China,icasassara@accuweather.com,397-165-4730
Randie,Kemetz,Luga,03/20/1991,Russia,,246-153-5019
Misti,Heinl,Livorno,09/29/1982,Italy,mheinlrc@accuweather.com,410-417-0581
Vanda,Ryles,Ebene,02/03/1989,Mauritius,vrylesrd@omniture.com,803-463-8577
Olga,Imort,Keboireng,06/17/1987,Indonesia,oimortre@fotki.com,777-835-7258
Bobette,Murray,San Pedro de Lloc,12/22/1959,Peru,bmurrayrf@friendfeed.com,387-610-2996
Dana,Najara,Golema Rečica,11/19/1951,Macedonia,dnajararg@oakley.com,138-916-2339
Wally,Soffe,Daleman,08/06/1959,Indonesia,,292-683-9116
Alyse,Durkin,Kedungtulup,09/09/1990,Indonesia,,330-950-7112
Caitlin,Earngy,Gjinoc,01/18/1991,Kosovo,,368-752-9580
Gilburt,Sammons,Isnos,08/01/1987,Colombia,gsammonsrk@cisco.com,497-997-8405
Timmy,Dei,Weiyuankou,05/20/1951,China,tdeirl@clickbank.net,720-607-8341
Averil,Avent,Shaffa,11/30/1970,Nigeria,aaventrm@livejournal.com,904-127-7439
Morgan,Bonevant,Bela Vista do Paraíso,12/18/1950,Brazil,,384-256-0291
Evaleen,Crosby,Paris 15,09/04/1996,France,ecrosbyro@jigsy.com,648-692-9513
Karoline,Fantone,Lansing,03/12/1998,United States,kfantonerp@4shared.com,517-598-4683
Trever,Fernie,Cerklje na Gorenjskem,10/11/1985,Slovenia,tfernierq@soundcloud.com,528-643-1555
Ailbert,Ansty,Hetang,11/09/1975,China,aanstyrr@xing.com,483-396-9196
